id,timestamp,target_embedding,source_params,model,seed,input_dim,hidden_layers,pooling,norm,batch_size,num_layers,base_dim,activation,dropout_rate,optimizer,momentum_sgd,learning_rate,weight_decay,use_pca,pca_frac,norm_layers,dropout_layers,class_weights,label_smoothing,clip_grad_norm,train_loss,test_loss,accuracy,f1_macro,f1_per_class,epochs_trained,train_loss_best_state,test_loss_best_state,best_accuracy,best_f1,best_f1_per_class,best_epoch,training,duration_sec
1,20251218_135234,baseline_31steps_mean.csv,Preset_1,MLP,42,59,"[768, 512, 256]",mean,minmax,64,3,768,silu,0.4,Adam,,0.0002,1e-07,True,0.8,"[1, 2, 3]","[1, 2]",[0.68794326 2.1920904  0.91725768],0.02,1.0,0.10371,1.37496,0.63636,0.53584,"[0.66667, 0.16667, 0.77419]",512,0.1208,1.32092,0.68182,0.61551,"[0.68182, 0.4, 0.76471]",162,STOPPED,21.696
2,20251218_135234,gaitgl_64steps_mean.csv,Preset_1,MLP,42,65,"[768, 512, 256]",mean,minmax,64,3,768,silu,0.4,Adam,,0.0002,1e-07,True,0.8,"[1, 2, 3]","[1, 2]",[0.68794326 2.1920904  0.91725768],0.02,1.0,0.10434,1.97062,0.5,0.38095,"[0.57143, 0.0, 0.57143]",441,0.10776,1.9042,0.59091,0.44444,"[0.66667, 0.0, 0.66667]",341,STOPPED,19.907
3,20251218_135234,gaitpart_16steps_mean.csv,Preset_1,MLP,42,65,"[768, 512, 256]",mean,minmax,64,3,768,silu,0.4,Adam,,0.0002,1e-07,True,0.8,"[1, 2, 3]","[1, 2]",[0.68794326 2.1920904  0.91725768],0.02,1.0,0.10286,1.91189,0.52273,0.40404,"[0.66667, 0.0, 0.54545]",602,0.10665,1.8607,0.56818,0.46856,"[0.71111, 0.14286, 0.55172]",472,STOPPED,24.857
4,20251218_135234,gaitset_62steps_mean.csv,Preset_1,MLP,42,63,"[768, 512, 256]",mean,minmax,64,3,768,silu,0.4,Adam,,0.0002,1e-07,True,0.8,"[1, 2, 3]","[1, 2]",[0.68794326 2.1920904  0.91725768],0.02,1.0,0.10514,2.28811,0.43182,0.32725,"[0.55319, 0.0, 0.42857]",458,0.1105,2.15149,0.5,0.36957,"[0.6087, 0.0, 0.5]",207,STOPPED,18.748
5,20251218_135234,gln_93steps_mean.csv,Preset_1,MLP,42,50,"[768, 512, 256]",mean,minmax,64,3,768,silu,0.4,Adam,,0.0002,1e-07,True,0.8,"[1, 2, 3]","[1, 2]",[0.68794326 2.1920904  0.91725768],0.02,1.0,0.10377,2.18425,0.40909,0.29744,"[0.46809, 0.0, 0.42424]",561,0.2753,1.63809,0.52273,0.47766,"[0.58537, 0.33333, 0.51429]",49,STOPPED,23.198

6,20251218_135234,baseline_31steps_mean.csv,Preset_2,MLP,42,44,"[640, 640, 640, 640]",mean,,96,4,640,leakyrelu,0.45,AdamW,,0.0003,1e-05,True,0.75,"[1, 2, 3, 4]","[1, 2, 3]",[0.68794326 2.1920904  0.91725768],0.02,1.0,0.10357,1.60026,0.63636,0.532,"[0.68085, 0.18182, 0.73333]",706,0.11434,1.58529,0.68182,0.6063,"[0.69767, 0.33333, 0.78788]",584,STOPPED,25.274
7,20251218_135234,gaitgl_64steps_mean.csv,Preset_2,MLP,42,44,"[640, 640, 640, 640]",mean,,96,4,640,leakyrelu,0.45,AdamW,,0.0003,1e-05,True,0.75,"[1, 2, 3, 4]","[1, 2, 3]",[0.68794326 2.1920904  0.91725768],0.02,1.0,0.11776,2.18597,0.5,0.37494,"[0.6087, 0.0, 0.51613]",368,0.33138,2.193,0.54545,0.45437,"[0.625, 0.16667, 0.57143]",111,STOPPED,13.398
8,20251218_135234,gaitpart_16steps_mean.csv,Preset_2,MLP,42,49,"[640, 640, 640, 640]",mean,,96,4,640,leakyrelu,0.45,AdamW,,0.0003,1e-05,True,0.75,"[1, 2, 3, 4]","[1, 2, 3]",[0.68794326 2.1920904  0.91725768],0.02,1.0,0.10156,1.79876,0.56818,0.51884,"[0.60465, 0.36364, 0.58824]",652,0.14378,1.61282,0.63636,0.60556,"[0.65, 0.5, 0.66667]",506,STOPPED,23.485
9,20251218_135234,gaitset_62steps_mean.csv,Preset_2,MLP,42,47,"[640, 640, 640, 640]",mean,,96,4,640,leakyrelu,0.45,AdamW,,0.0003,1e-05,True,0.75,"[1, 2, 3, 4]","[1, 2, 3]",[0.68794326 2.1920904  0.91725768],0.02,1.0,0.11038,2.60327,0.43182,0.32361,"[0.53333, 0.0, 0.4375]",664,0.60347,1.94405,0.45455,0.41858,"[0.42424, 0.30769, 0.52381]",174,STOPPED,23.525
10,20251218_135234,gln_93steps_mean.csv,Preset_2,MLP,42,35,"[640, 640, 640, 640]",mean,,96,4,640,leakyrelu,0.45,AdamW,,0.0003,1e-05,True,0.75,"[1, 2, 3, 4]","[1, 2, 3]",[0.68794326 2.1920904  0.91725768],0.02,1.0,0.11056,2.59765,0.40909,0.35163,"[0.4878, 0.14286, 0.42424]",638,0.65768,1.31681,0.5,0.45869,"[0.55556, 0.30769, 0.51282]",135,STOPPED,22.624

11,20251218_135234,baseline_31steps_mean.csv,Preset_3,MLP,42,74,"[1280, 896, 512, 256]",mean,L2,64,4,1280,silu,0.5,Adam,,0.0001,1e-07,True,0.85,"[1, 2, 3, 4]","[1, 2]",[0.68794326 2.1920904  0.91725768],0.02,1.0,0.10157,1.64809,0.56818,0.44538,"[0.57143, 0.0, 0.76471]",668,0.10478,1.59547,0.61364,0.51757,"[0.63415, 0.15385, 0.76471]",518,STOPPED,33.274
12,20251218_135234,gaitgl_64steps_mean.csv,Preset_3,MLP,42,93,"[1280, 896, 512, 256]",mean,L2,64,4,1280,silu,0.5,Adam,,0.0001,1e-07,True,0.85,"[1, 2, 3, 4]","[1, 2]",[0.68794326 2.1920904  0.91725768],0.02,1.0,0.10133,2.61009,0.40909,0.34119,"[0.55814, 0.14286, 0.32258]",718,0.42839,2.04239,0.47727,0.40155,"[0.60465, 0.13333, 0.46667]",328,STOPPED,35.034
13,20251218_135234,gaitpart_16steps_mean.csv,Preset_3,MLP,42,83,"[1280, 896, 512, 256]",mean,L2,64,4,1280,silu,0.5,Adam,,0.0001,1e-07,True,0.85,"[1, 2, 3, 4]","[1, 2]",[0.68794326 2.1920904  0.91725768],0.02,1.0,0.10204,2.19056,0.52273,0.47637,"[0.55, 0.30769, 0.57143]",798,0.24709,1.98457,0.56818,0.50965,"[0.54054, 0.28571, 0.7027]",494,STOPPED,38.367
14,20251218_135234,gaitset_62steps_mean.csv,Preset_3,MLP,42,80,"[1280, 896, 512, 256]",mean,L2,64,4,1280,silu,0.5,Adam,,0.0001,1e-07,True,0.85,"[1, 2, 3, 4]","[1, 2]",[0.68794326 2.1920904  0.91725768],0.02,1.0,0.10187,2.13387,0.52273,0.37937,"[0.6087, 0.0, 0.52941]",725,0.11371,2.27471,0.54545,0.45879,"[0.6087, 0.22222, 0.54545]",531,STOPPED,35.022
15,20251218_135234,gln_93steps_mean.csv,Preset_3,MLP,42,64,"[1280, 896, 512, 256]",mean,L2,64,4,1280,silu,0.5,Adam,,0.0001,1e-07,True,0.85,"[1, 2, 3, 4]","[1, 2]",[0.68794326 2.1920904  0.91725768],0.02,1.0,0.10547,2.20592,0.5,0.43049,"[0.55814, 0.13333, 0.6]",656,0.45609,1.78614,0.52273,0.48492,"[0.61905, 0.35294, 0.48276]",166,STOPPED,33.708

16,20251218_135234,baseline_31steps_mean.csv,Preset_4,MLP,42,59,"[768, 768, 768, 768]",mean,minmax,128,4,768,gelu,0.4,AdamW,,0.00025,5e-06,True,0.8,"[1, 2, 3, 4]","[1, 3, 4]",[0.68794326 2.1920904  0.91725768],0.02,1.0,0.10431,1.18878,0.70455,0.62597,"[0.71429, 0.36364, 0.8]",320,0.11606,1.26061,0.75,0.7045,"[0.75556, 0.54545, 0.8125]",93,STOPPED,11.255
17,20251218_135234,gaitgl_64steps_mean.csv,Preset_4,MLP,42,65,"[768, 768, 768, 768]",mean,minmax,128,4,768,gelu,0.4,AdamW,,0.00025,5e-06,True,0.8,"[1, 2, 3, 4]","[1, 3, 4]",[0.68794326 2.1920904  0.91725768],0.02,1.0,0.10713,2.13315,0.5,0.37494,"[0.6087, 0.0, 0.51613]",373,0.1043,1.98742,0.56818,0.47635,"[0.62222, 0.18182, 0.625]",203,STOPPED,13.723
18,20251218_135234,gaitpart_16steps_mean.csv,Preset_4,MLP,42,65,"[768, 768, 768, 768]",mean,minmax,128,4,768,gelu,0.4,AdamW,,0.00025,5e-06,True,0.8,"[1, 2, 3, 4]","[1, 3, 4]",[0.68794326 2.1920904  0.91725768],0.02,1.0,0.10181,1.89339,0.56818,0.47557,"[0.65217, 0.15385, 0.62069]",382,0.10287,1.8295,0.61364,0.55683,"[0.7234, 0.42857, 0.51852]",282,STOPPED,15.4
19,20251218_135234,gaitset_62steps_mean.csv,Preset_4,MLP,42,63,"[768, 768, 768, 768]",mean,minmax,128,4,768,gelu,0.4,AdamW,,0.00025,5e-06,True,0.8,"[1, 2, 3, 4]","[1, 3, 4]",[0.68794326 2.1920904  0.91725768],0.02,1.0,0.1029,2.1094,0.47727,0.34498,"[0.58333, 0.0, 0.45161]",300,0.10587,1.96979,0.56818,0.4183,"[0.66667, 0.0, 0.58824]",183,STOPPED,10.889
20,20251218_135234,gln_93steps_mean.csv,Preset_4,MLP,42,50,"[768, 768, 768, 768]",mean,minmax,128,4,768,gelu,0.4,AdamW,,0.00025,5e-06,True,0.8,"[1, 2, 3, 4]","[1, 3, 4]",[0.68794326 2.1920904  0.91725768],0.02,1.0,0.10255,2.33393,0.36364,0.27396,"[0.43478, 0.0, 0.3871]",332,0.20898,1.86959,0.54545,0.53341,"[0.61538, 0.5, 0.48485]",41,STOPPED,12.12

21,20251218_135234,baseline_31steps_mean.csv,Preset_5,MLP,42,58,"[1024, 784, 512, 256]",mean,L2,64,4,1024,leakyrelu,0.5,Adam,,0.0002,1e-06,True,0.8,"[2, 3]","[1, 2, 3]",[0.68794326 2.1920904  0.91725768],0.02,1.0,0.1034,1.90796,0.56818,0.42458,"[0.65306, 0.0, 0.62069]",722,0.10332,1.68719,0.61364,0.51111,"[0.66667, 0.2, 0.66667]",525,STOPPED,37.423
22,20251218_135234,gaitgl_64steps_mean.csv,Preset_5,MLP,42,74,"[1024, 784, 512, 256]",mean,L2,64,4,1024,leakyrelu,0.5,Adam,,0.0002,1e-06,True,0.8,"[2, 3]","[1, 2, 3]",[0.68794326 2.1920904  0.91725768],0.02,1.0,0.10275,2.62105,0.40909,0.31111,"[0.47619, 0.0, 0.45714]",692,0.7059,1.45808,0.47727,0.43838,"[0.5, 0.28571, 0.52941]",120,STOPPED,35.799
23,20251218_135234,gaitpart_16steps_mean.csv,Preset_5,MLP,42,66,"[1024, 784, 512, 256]",mean,L2,64,4,1024,leakyrelu,0.5,Adam,,0.0002,1e-06,True,0.8,"[2, 3]","[1, 2, 3]",[0.68794326 2.1920904  0.91725768],0.02,1.0,0.10221,1.67306,0.59091,0.49449,"[0.6383, 0.2, 0.64516]",689,0.13156,1.61216,0.63636,0.53131,"[0.66667, 0.2, 0.72727]",402,STOPPED,35.622
24,20251218_135234,gaitset_62steps_mean.csv,Preset_5,MLP,42,63,"[1024, 784, 512, 256]",mean,L2,64,4,1024,leakyrelu,0.5,Adam,,0.0002,1e-06,True,0.8,"[2, 3]","[1, 2, 3]",[0.68794326 2.1920904  0.91725768],0.02,1.0,0.10713,2.75859,0.40909,0.2955,"[0.54167, 0.0, 0.34483]",722,0.61103,1.66944,0.43182,0.41706,"[0.41176, 0.35294, 0.48649]",118,STOPPED,37.243
25,20251218_135234,gln_93steps_mean.csv,Preset_5,MLP,42,48,"[1024, 784, 512, 256]",mean,L2,64,4,1024,leakyrelu,0.5,Adam,,0.0002,1e-06,True,0.8,"[2, 3]","[1, 2, 3]",[0.68794326 2.1920904  0.91725768],0.02,1.0,0.10772,2.26453,0.5,0.45408,"[0.60465, 0.33333, 0.42424]",584,0.39594,1.83321,0.54545,0.52037,"[0.65, 0.44444, 0.46667]",120,STOPPED,30.425

26,20251218_135234,baseline_31steps_mean.csv,Preset_6,MLP,42,74,"[1024, 1024, 512]",mean,L2,128,3,1024,silu,0.5,AdamW,,0.0002,5e-06,True,0.85,"[1, 3]",[2],[0.68794326 2.1920904  0.91725768],0.02,1.0,0.10136,1.74591,0.52273,0.40093,"[0.57778, 0.0, 0.625]",428,0.10383,1.79182,0.56818,0.47933,"[0.60465, 0.16667, 0.66667]",244,STOPPED,13.516
27,20251218_135234,gaitgl_64steps_mean.csv,Preset_6,MLP,42,93,"[1024, 1024, 512]",mean,L2,128,3,1024,silu,0.5,AdamW,,0.0002,5e-06,True,0.85,"[1, 3]",[2],[0.68794326 2.1920904  0.91725768],0.02,1.0,0.10104,2.37135,0.38636,0.31967,"[0.55814, 0.125, 0.27586]",550,0.64618,1.66524,0.45455,0.40591,"[0.56522, 0.30769, 0.34483]",123,STOPPED,17.507
28,20251218_135234,gaitpart_16steps_mean.csv,Preset_6,MLP,42,83,"[1024, 1024, 512]",mean,L2,128,3,1024,silu,0.5,AdamW,,0.0002,5e-06,True,0.85,"[1, 3]",[2],[0.68794326 2.1920904  0.91725768],0.02,1.0,0.10158,1.57165,0.54545,0.40212,"[0.57778, 0.0, 0.62857]",548,0.1438,1.93214,0.59091,0.54583,"[0.5625, 0.375, 0.7]",305,STOPPED,17.734
29,20251218_135234,gaitset_62steps_mean.csv,Preset_6,MLP,42,80,"[1024, 1024, 512]",mean,L2,128,3,1024,silu,0.5,AdamW,,0.0002,5e-06,True,0.85,"[1, 3]",[2],[0.68794326 2.1920904  0.91725768],0.02,1.0,0.10105,2.15962,0.47727,0.35536,"[0.58333, 0.0, 0.48276]",575,0.10185,2.0817,0.5,0.37222,"[0.58333, 0.0, 0.53333]",538,STOPPED,18.435
30,20251218_135234,gln_93steps_mean.csv,Preset_6,MLP,42,64,"[1024, 1024, 512]",mean,L2,128,3,1024,silu,0.5,AdamW,,0.0002,5e-06,True,0.85,"[1, 3]",[2],[0.68794326 2.1920904  0.91725768],0.02,1.0,0.10181,2.2119,0.43182,0.30431,"[0.5283, 0.0, 0.38462]",388,0.61719,1.60372,0.47727,0.46692,"[0.53333, 0.38095, 0.48649]",57,STOPPED,12.203

31,20251218_135234,baseline_31steps_mean.csv,Preset_7,MLP,42,256,"[1280, 896, 512, 256]",mean,,64,4,1280,silu,0.4,AdamW,,0.00018,5e-07,False,,"[1, 3]","[2, 3]",[0.68794326 2.1920904  0.91725768],0.02,1.0,0.10115,2.3879,0.45455,0.38801,"[0.51163, 0.18182, 0.47059]",271,0.10725,2.32074,0.5,0.47616,"[0.52381, 0.35294, 0.55172]",77,STOPPED,14.592
32,20251218_135234,gaitgl_64steps_mean.csv,Preset_7,MLP,42,256,"[1280, 896, 512, 256]",mean,,64,4,1280,silu,0.4,AdamW,,0.00018,5e-07,False,,"[1, 3]","[2, 3]",[0.68794326 2.1920904  0.91725768],0.02,1.0,0.3509,1.75894,0.5,0.362,"[0.54545, 0.0, 0.54054]",306,0.68453,1.754,0.40909,0.40733,"[0.45161, 0.37037, 0.4]",46,STOPPED,16.308
33,20251218_135234,gaitpart_16steps_mean.csv,Preset_7,MLP,42,256,"[1280, 896, 512, 256]",mean,,64,4,1280,silu,0.4,AdamW,,0.00018,5e-07,False,,"[1, 3]","[2, 3]",[0.68794326 2.1920904  0.91725768],0.02,1.0,0.10157,1.59971,0.52273,0.375,"[0.625, 0.0, 0.5]",381,0.13156,1.76808,0.63636,0.58685,"[0.69388, 0.4, 0.66667]",173,STOPPED,20.257
34,20251218_135234,gaitset_62steps_mean.csv,Preset_7,MLP,42,256,"[1280, 896, 512, 256]",mean,,64,4,1280,silu,0.4,AdamW,,0.00018,5e-07,False,,"[1, 3]","[2, 3]",[0.68794326 2.1920904  0.91725768],0.02,1.0,0.10216,2.45949,0.40909,0.31111,"[0.53333, 0.0, 0.4]",315,0.1589,2.34729,0.47727,0.43597,"[0.48649, 0.25, 0.57143]",114,STOPPED,16.68
35,20251218_135234,gln_93steps_mean.csv,Preset_7,MLP,42,256,"[1280, 896, 512, 256]",mean,,64,4,1280,silu,0.4,AdamW,,0.00018,5e-07,False,,"[1, 3]","[2, 3]",[0.68794326 2.1920904  0.91725768],0.02,1.0,0.10152,2.18698,0.40909,0.34205,"[0.52174, 0.18182, 0.32258]",298,0.5906,1.44056,0.5,0.46111,"[0.55, 0.33333, 0.5]",32,STOPPED,15.602

36,20251218_135234,baseline_31steps_mean.csv,Preset_8,MLP,42,59,"[1152, 768, 512]",mean,minmax,96,3,1152,silu,0.5,AdamW,,0.0002,5e-06,True,0.8,"[1, 2]","[1, 2]",[0.68794326 2.1920904  0.91725768],0.02,1.0,0.11232,1.19873,0.59091,0.49718,"[0.62222, 0.18182, 0.6875]",541,0.12971,1.15173,0.65909,0.59697,"[0.63415, 0.4, 0.75676]",223,STOPPED,19.634
37,20251218_135234,gaitgl_64steps_mean.csv,Preset_8,MLP,42,65,"[1152, 768, 512]",mean,minmax,96,3,1152,silu,0.5,AdamW,,0.0002,5e-06,True,0.8,"[1, 2]","[1, 2]",[0.68794326 2.1920904  0.91725768],0.02,1.0,0.10518,1.68931,0.47727,0.36045,"[0.56522, 0.0, 0.51613]",875,0.235,2.11379,0.56818,0.42572,"[0.65217, 0.0, 0.625]",86,STOPPED,31.553
38,20251218_135234,gaitpart_16steps_mean.csv,Preset_8,MLP,42,65,"[1152, 768, 512]",mean,minmax,96,3,1152,silu,0.5,AdamW,,0.0002,5e-06,True,0.8,"[1, 2]","[1, 2]",[0.68794326 2.1920904  0.91725768],0.02,1.0,0.11498,1.38043,0.56818,0.42992,"[0.72727, 0.0, 0.5625]",460,0.13932,1.39467,0.61364,0.54091,"[0.75, 0.26667, 0.60606]",166,STOPPED,16.732
39,20251218_135234,gaitset_62steps_mean.csv,Preset_8,MLP,42,63,"[1152, 768, 512]",mean,minmax,96,3,1152,silu,0.5,AdamW,,0.0002,5e-06,True,0.8,"[1, 2]","[1, 2]",[0.68794326 2.1920904  0.91725768],0.02,1.0,0.10977,1.77327,0.45455,0.33611,"[0.54167, 0.0, 0.46667]",540,0.42402,1.68352,0.47727,0.43444,"[0.55814, 0.30769, 0.4375]",33,STOPPED,19.296
40,20251218_135234,gln_93steps_mean.csv,Preset_8,MLP,42,50,"[1152, 768, 512]",mean,minmax,96,3,1152,silu,0.5,AdamW,,0.0002,5e-06,True,0.8,"[1, 2]","[1, 2]",[0.68794326 2.1920904  0.91725768],0.02,1.0,0.11777,1.75875,0.38636,0.28418,"[0.48889, 0.0, 0.36364]",525,0.32724,1.43955,0.47727,0.46639,"[0.5, 0.42857, 0.47059]",52,STOPPED,18.705

41,20251218_135234,baseline_31steps_mean.csv,Preset_9,MLP,42,35,"[512, 256, 128]",mean,L2,64,3,512,silu,0.5,Adam,,0.0001,0.0,True,0.7,[3],[3],[0.68794326 2.1920904  0.91725768],0.02,1.0,0.25135,1.12926,0.63636,0.57105,"[0.63158, 0.36364, 0.71795]",1649,0.53285,0.96765,0.70455,0.68608,"[0.7, 0.61538, 0.74286]",568,STOPPED,66.656
42,20251218_135234,gaitgl_64steps_mean.csv,Preset_9,MLP,42,47,"[512, 256, 128]",mean,L2,64,3,512,silu,0.5,Adam,,0.0001,0.0,True,0.7,[3],[3],[0.68794326 2.1920904  0.91725768],0.02,1.0,0.33882,2.05598,0.31818,0.30556,"[0.33333, 0.25, 0.33333]",1409,0.33867,1.80416,0.43182,0.39182,"[0.51064, 0.30769, 0.35714]",1255,STOPPED,52.958
43,20251218_135234,gaitpart_16steps_mean.csv,Preset_9,MLP,42,42,"[512, 256, 128]",mean,L2,64,3,512,silu,0.5,Adam,,0.0001,0.0,True,0.7,[3],[3],[0.68794326 2.1920904  0.91725768],0.02,1.0,0.27757,1.82172,0.43182,0.3627,"[0.55814, 0.14286, 0.3871]",2071,0.44057,1.52155,0.54545,0.51195,"[0.61538, 0.375, 0.54545]",1020,STOPPED,76.844
44,20251218_135234,gaitset_62steps_mean.csv,Preset_9,MLP,42,38,"[512, 256, 128]",mean,L2,64,3,512,silu,0.5,Adam,,0.0001,0.0,True,0.7,[3],[3],[0.68794326 2.1920904  0.91725768],0.02,1.0,0.32215,1.98666,0.40909,0.3489,"[0.34286, 0.15385, 0.55]",1559,0.43467,1.66078,0.45455,0.41722,"[0.44444, 0.26667, 0.54054]",946,STOPPED,58.592
45,20251218_135234,gln_93steps_mean.csv,Preset_9,MLP,42,28,"[512, 256, 128]",mean,L2,64,3,512,silu,0.5,Adam,,0.0001,0.0,True,0.7,[3],[3],[0.68794326 2.1920904  0.91725768],0.02,1.0,0.48472,1.28867,0.40909,0.42463,"[0.41026, 0.5, 0.36364]",778,0.74728,1.14831,0.52273,0.51896,"[0.57895, 0.52632, 0.45161]",246,STOPPED,29.147

46,20251218_135234,baseline_31steps_mean.csv,Preset_10,MLP,42,74,"[896, 896, 896]",mean,L2,96,3,896,silu,0.45,AdamW,,0.00015,1e-05,True,0.85,"[1, 2, 3]","[2, 3]",[0.68794326 2.1920904  0.91725768],0.02,1.0,0.10255,1.5506,0.56818,0.4211,"[0.6383, 0.0, 0.625]",505,0.11504,1.86287,0.56818,0.4817,"[0.58537, 0.15385, 0.70588]",196,STOPPED,17.069
47,20251218_135234,gaitgl_64steps_mean.csv,Preset_10,MLP,42,93,"[896, 896, 896]",mean,L2,96,3,896,silu,0.45,AdamW,,0.00015,1e-05,True,0.85,"[1, 2, 3]","[2, 3]",[0.68794326 2.1920904  0.91725768],0.02,1.0,0.10291,2.4881,0.40909,0.34245,"[0.57143, 0.13333, 0.32258]",574,0.28019,2.80302,0.52273,0.42139,"[0.65306, 0.16667, 0.44444]",184,STOPPED,19.156
48,20251218_135234,gaitpart_16steps_mean.csv,Preset_10,MLP,42,83,"[896, 896, 896]",mean,L2,96,3,896,silu,0.45,AdamW,,0.00015,1e-05,True,0.85,"[1, 2, 3]","[2, 3]",[0.68794326 2.1920904  0.91725768],0.02,1.0,0.10269,1.84534,0.59091,0.49426,"[0.63415, 0.2, 0.64865]",692,0.10387,1.73562,0.61364,0.55482,"[0.63415, 0.36364, 0.66667]",592,STOPPED,23.047
49,20251218_135234,gaitset_62steps_mean.csv,Preset_10,MLP,42,80,"[896, 896, 896]",mean,L2,96,3,896,silu,0.45,AdamW,,0.00015,1e-05,True,0.85,"[1, 2, 3]","[2, 3]",[0.68794326 2.1920904  0.91725768],0.02,1.0,0.10382,2.3378,0.43182,0.32233,"[0.55319, 0.0, 0.41379]",497,0.11308,2.61344,0.5,0.36649,"[0.58333, 0.0, 0.51613]",292,STOPPED,16.34
50,20251218_135234,gln_93steps_mean.csv,Preset_10,MLP,42,64,"[896, 896, 896]",mean,L2,96,3,896,silu,0.45,AdamW,,0.00015,1e-05,True,0.85,"[1, 2, 3]","[2, 3]",[0.68794326 2.1920904  0.91725768],0.02,1.0,0.10286,2.08567,0.43182,0.30431,"[0.5283, 0.0, 0.38462]",497,0.62971,1.39003,0.5,0.45869,"[0.55556, 0.30769, 0.51282]",41,STOPPED,16.17

51,20251218_135234,baseline_31steps_mean.csv,Preset_11,MLP,42,45,"[768, 512, 384, 256]",mean,L2,80,4,768,leakyrelu,0.45,Adam,,0.0002,0.0,True,0.75,"[2, 4]","[1, 3]",[0.68794326 2.1920904  0.91725768],0.02,1.0,0.11384,1.84755,0.56818,0.4211,"[0.6383, 0.0, 0.625]",547,0.39415,1.59661,0.59091,0.58285,"[0.55556, 0.52632, 0.66667]",142,STOPPED,17.595
52,20251218_135234,gaitgl_64steps_mean.csv,Preset_11,MLP,42,59,"[768, 512, 384, 256]",mean,L2,80,4,768,leakyrelu,0.45,Adam,,0.0002,0.0,True,0.75,"[2, 4]","[1, 3]",[0.68794326 2.1920904  0.91725768],0.02,1.0,0.10542,2.16856,0.52273,0.38608,"[0.59574, 0.0, 0.5625]",744,0.11164,2.21498,0.54545,0.41123,"[0.6087, 0.0, 0.625]",704,STOPPED,24.441
53,20251218_135234,gaitpart_16steps_mean.csv,Preset_11,MLP,42,52,"[768, 512, 384, 256]",mean,L2,80,4,768,leakyrelu,0.45,Adam,,0.0002,0.0,True,0.75,"[2, 4]","[1, 3]",[0.68794326 2.1920904  0.91725768],0.02,1.0,0.12315,1.81207,0.56818,0.50758,"[0.65, 0.26667, 0.60606]",942,0.1135,1.65376,0.63636,0.57629,"[0.68182, 0.4, 0.64706]",766,STOPPED,30.359
54,20251218_135234,gaitset_62steps_mean.csv,Preset_11,MLP,42,49,"[768, 512, 384, 256]",mean,L2,80,4,768,leakyrelu,0.45,Adam,,0.0002,0.0,True,0.75,"[2, 4]","[1, 3]",[0.68794326 2.1920904  0.91725768],0.02,1.0,0.10983,2.2269,0.45455,0.31951,"[0.57143, 0.0, 0.3871]",923,0.12055,2.12708,0.54545,0.45717,"[0.63415, 0.18182, 0.55556]",771,STOPPED,29.703
55,20251218_135234,gln_93steps_mean.csv,Preset_11,MLP,42,37,"[768, 512, 384, 256]",mean,L2,80,4,768,leakyrelu,0.45,Adam,,0.0002,0.0,True,0.75,"[2, 4]","[1, 3]",[0.68794326 2.1920904  0.91725768],0.02,1.0,0.10177,2.70804,0.40909,0.34058,"[0.52174, 0.16667, 0.33333]",867,0.38681,1.87613,0.5,0.49391,"[0.54054, 0.47059, 0.47059]",146,STOPPED,27.759

56,20251218_135234,baseline_31steps_mean.csv,Preset_12,MLP,42,46,"[1280, 960, 640, 320, 160]",max,L2,96,5,1280,gelu,0.3,Adam,,0.0001,1e-07,True,0.7,"[1, 2, 4]","[3, 4]",[0.68794326 2.1920904  0.91725768],0.02,1.0,0.10211,2.17625,0.47727,0.37798,"[0.57143, 0.0, 0.5625]",563,0.10296,1.82455,0.59091,0.49283,"[0.66667, 0.16667, 0.64516]",463,STOPPED,21.481
57,20251218_135234,gaitgl_64steps_mean.csv,Preset_12,MLP,42,66,"[1280, 960, 640, 320, 160]",max,L2,96,5,1280,gelu,0.3,Adam,,0.0001,1e-07,True,0.7,"[1, 2, 4]","[3, 4]",[0.68794326 2.1920904  0.91725768],0.02,1.0,0.10187,2.41328,0.38636,0.33132,"[0.46512, 0.15385, 0.375]",467,0.33765,2.09338,0.47727,0.40352,"[0.47059, 0.18182, 0.55814]",169,STOPPED,17.771
58,20251218_135234,gaitpart_16steps_mean.csv,Preset_12,MLP,42,38,"[1280, 960, 640, 320, 160]",max,L2,96,5,1280,gelu,0.3,Adam,,0.0001,1e-07,True,0.7,"[1, 2, 4]","[3, 4]",[0.68794326 2.1920904  0.91725768],0.02,1.0,0.10206,1.98314,0.52273,0.38414,"[0.68182, 0.0, 0.47059]",1131,0.28916,2.09294,0.54545,0.49708,"[0.63158, 0.33333, 0.52632]",526,STOPPED,42.551
59,20251218_135234,gaitset_62steps_mean.csv,Preset_12,MLP,42,39,"[1280, 960, 640, 320, 160]",max,L2,96,5,1280,gelu,0.3,Adam,,0.0001,1e-07,True,0.7,"[1, 2, 4]","[3, 4]",[0.68794326 2.1920904  0.91725768],0.02,1.0,0.10294,2.09945,0.5,0.42456,"[0.58537, 0.14286, 0.54545]",1203,0.10437,1.82394,0.63636,0.58834,"[0.71795, 0.4, 0.64706]",1094,STOPPED,47.497
60,20251218_135234,gln_93steps_mean.csv,Preset_12,MLP,42,28,"[1280, 960, 640, 320, 160]",max,L2,96,5,1280,gelu,0.3,Adam,,0.0001,1e-07,True,0.7,"[1, 2, 4]","[3, 4]",[0.68794326 2.1920904  0.91725768],0.02,1.0,0.10269,2.37815,0.38636,0.28788,"[0.5, 0.0, 0.36364]",705,0.42197,1.72092,0.54545,0.51493,"[0.61538, 0.4, 0.52941]",239,STOPPED,26.473

61,20251218_135234,baseline_31steps_mean.csv,Preset_13,MLP,42,256,"[1152, 1152, 1152]",mean,L2,128,3,1152,silu,0.5,AdamW,,0.0002,5e-06,False,,"[1, 2, 3]","[2, 3]",[0.68794326 2.1920904  0.91725768],0.02,1.0,0.10181,2.0877,0.43182,0.32089,"[0.47619, 0.0, 0.48649]",295,0.11338,2.1844,0.54545,0.53339,"[0.55814, 0.47059, 0.57143]",104,STOPPED,8.853
62,20251218_135234,gaitgl_64steps_mean.csv,Preset_13,MLP,42,256,"[1152, 1152, 1152]",mean,L2,128,3,1152,silu,0.5,AdamW,,0.0002,5e-06,False,,"[1, 2, 3]","[2, 3]",[0.68794326 2.1920904  0.91725768],0.02,1.0,0.10298,2.0089,0.43182,0.31849,"[0.54167, 0.0, 0.41379]",454,0.11933,2.75722,0.43182,0.38333,"[0.65, 0.25, 0.25]",217,STOPPED,13.478
63,20251218_135234,gaitpart_16steps_mean.csv,Preset_13,MLP,42,256,"[1152, 1152, 1152]",mean,L2,128,3,1152,silu,0.5,AdamW,,0.0002,5e-06,False,,"[1, 2, 3]","[2, 3]",[0.68794326 2.1920904  0.91725768],0.02,1.0,0.10342,1.98133,0.5,0.3753,"[0.54054, 0.0, 0.58537]",524,0.1315,1.72751,0.54545,0.5291,"[0.57143, 0.44444, 0.57143]",261,STOPPED,15.574
64,20251218_135234,gaitset_62steps_mean.csv,Preset_13,MLP,42,256,"[1152, 1152, 1152]",mean,L2,128,3,1152,silu,0.5,AdamW,,0.0002,5e-06,False,,"[1, 2, 3]","[2, 3]",[0.68794326 2.1920904  0.91725768],0.02,1.0,0.10192,1.97331,0.43182,0.32456,"[0.47368, 0.0, 0.5]",375,0.11162,2.05729,0.52273,0.44211,"[0.52632, 0.2, 0.6]",203,STOPPED,11.122
65,20251218_135234,gln_93steps_mean.csv,Preset_13,MLP,42,256,"[1152, 1152, 1152]",mean,L2,128,3,1152,silu,0.5,AdamW,,0.0002,5e-06,False,,"[1, 2, 3]","[2, 3]",[0.68794326 2.1920904  0.91725768],0.02,1.0,0.10201,2.16566,0.45455,0.37897,"[0.54167, 0.16667, 0.42857]",306,0.13385,2.18709,0.59091,0.49598,"[0.63415, 0.22222, 0.63158]",53,STOPPED,9.169

66,20251218_135234,baseline_31steps_mean.csv,Preset_14,MLP,42,256,"[160, 320, 640]",mean,L2,128,3,640,relu,0.2,AdamW,,0.0002,1e-07,False,,[2],"[1, 2]",[0.68794326 2.1920904  0.91725768],0.02,1.0,0.10507,1.57044,0.59091,0.52667,"[0.68, 0.4, 0.5]",718,0.52475,1.29549,0.61364,0.58757,"[0.63415, 0.5, 0.62857]",90,STOPPED,19.516
67,20251218_135234,gaitgl_64steps_mean.csv,Preset_14,MLP,42,256,"[160, 320, 640]",mean,L2,128,3,640,relu,0.2,AdamW,,0.0002,1e-07,False,,[2],"[1, 2]",[0.68794326 2.1920904  0.91725768],0.02,1.0,0.11439,2.19346,0.40909,0.31508,"[0.55814, 0.0, 0.3871]",1047,0.13308,2.22622,0.47727,0.39207,"[0.59574, 0.16667, 0.41379]",935,STOPPED,29.183
68,20251218_135234,gaitpart_16steps_mean.csv,Preset_14,MLP,42,256,"[160, 320, 640]",mean,L2,128,3,640,relu,0.2,AdamW,,0.0002,1e-07,False,,[2],"[1, 2]",[0.68794326 2.1920904  0.91725768],0.02,1.0,0.13577,1.71549,0.59091,0.49559,"[0.6383, 0.18182, 0.66667]",1039,0.24232,1.88111,0.63636,0.56463,"[0.69388, 0.30769, 0.69231]",591,STOPPED,28.83
69,20251218_135234,gaitset_62steps_mean.csv,Preset_14,MLP,42,256,"[160, 320, 640]",mean,L2,128,3,640,relu,0.2,AdamW,,0.0002,1e-07,False,,[2],"[1, 2]",[0.68794326 2.1920904  0.91725768],0.02,1.0,0.11317,2.02442,0.40909,0.31174,"[0.46154, 0.0, 0.47368]",1019,0.22111,2.55029,0.43182,0.41373,"[0.47059, 0.3, 0.47059]",425,STOPPED,28.156
70,20251218_135234,gln_93steps_mean.csv,Preset_14,MLP,42,256,"[160, 320, 640]",mean,L2,128,3,640,relu,0.2,AdamW,,0.0002,1e-07,False,,[2],"[1, 2]",[0.68794326 2.1920904  0.91725768],0.02,1.0,0.1036,1.82767,0.47727,0.41084,"[0.52381, 0.22222, 0.48649]",784,0.28114,1.60085,0.59091,0.53743,"[0.6, 0.36364, 0.64865]",120,STOPPED,22.34

71,20251218_135234,baseline_31steps_mean.csv,Preset_15,MLP,42,59,"[576, 384, 192]",mean,minmax,96,3,576,elu,0.5,RMSprop,,0.0002,5e-05,True,0.8,[2],"[1, 3]",[0.68794326 2.1920904  0.91725768],0.02,1.0,0.11811,1.211,0.65909,0.60799,"[0.71429, 0.4, 0.70968]",617,0.12706,1.42053,0.65909,0.63333,"[0.7, 0.53333, 0.66667]",358,STOPPED,19.783
72,20251218_135234,gaitgl_64steps_mean.csv,Preset_15,MLP,42,65,"[576, 384, 192]",mean,minmax,96,3,576,elu,0.5,RMSprop,,0.0002,5e-05,True,0.8,[2],"[1, 3]",[0.68794326 2.1920904  0.91725768],0.02,1.0,0.11031,1.52225,0.5,0.40787,"[0.65217, 0.14286, 0.42857]",895,0.11915,1.60516,0.59091,0.51618,"[0.71111, 0.28571, 0.55172]",607,STOPPED,27.52
73,20251218_135234,gaitpart_16steps_mean.csv,Preset_15,MLP,42,65,"[576, 384, 192]",mean,minmax,96,3,576,elu,0.5,RMSprop,,0.0002,5e-05,True,0.8,[2],"[1, 3]",[0.68794326 2.1920904  0.91725768],0.02,1.0,0.11484,1.64532,0.54545,0.46603,"[0.71795, 0.11765, 0.5625]",569,0.1557,1.76898,0.61364,0.56548,"[0.71795, 0.33333, 0.64516]",217,STOPPED,17.539
74,20251218_135234,gaitset_62steps_mean.csv,Preset_15,MLP,42,63,"[576, 384, 192]",mean,minmax,96,3,576,elu,0.5,RMSprop,,0.0002,5e-05,True,0.8,[2],"[1, 3]",[0.68794326 2.1920904  0.91725768],0.02,1.0,0.12028,1.91666,0.47727,0.42937,"[0.57143, 0.25, 0.46667]",685,0.11774,1.98648,0.54545,0.49034,"[0.60465, 0.28571, 0.58065]",585,STOPPED,20.916
75,20251218_135234,gln_93steps_mean.csv,Preset_15,MLP,42,50,"[576, 384, 192]",mean,minmax,96,3,576,elu,0.5,RMSprop,,0.0002,5e-05,True,0.8,[2],"[1, 3]",[0.68794326 2.1920904  0.91725768],0.02,1.0,0.11698,2.00985,0.36364,0.29675,"[0.39024, 0.0, 0.5]",855,0.12294,2.08993,0.45455,0.41978,"[0.46154, 0.23529, 0.5625]",525,STOPPED,25.794

76,20251218_135234,baseline_31steps_mean.csv,Preset_16,MLP,42,256,"[1408, 1024, 768, 512]",mean,L2,128,4,1408,silu,0.45,AdamW,,0.0002,5e-06,False,,"[1, 2, 3, 4]","[2, 3, 4]",[0.68794326 2.1920904  0.91725768],0.02,1.0,0.13739,2.88554,0.40909,0.35831,"[0.4375, 0.11111, 0.52632]",257,0.72279,1.3064,0.54545,0.49042,"[0.63415, 0.30769, 0.52941]",34,STOPPED,8.341
77,20251218_135234,gaitgl_64steps_mean.csv,Preset_16,MLP,42,256,"[1408, 1024, 768, 512]",mean,L2,128,4,1408,silu,0.45,AdamW,,0.0002,5e-06,False,,"[1, 2, 3, 4]","[2, 3, 4]",[0.68794326 2.1920904  0.91725768],0.02,1.0,0.14763,2.05707,0.56818,0.36667,"[0.7, 0.0, 0.4]",375,0.111,2.04104,0.54545,0.39111,"[0.64, 0.0, 0.53333]",222,STOPPED,12.228
78,20251218_135234,gaitpart_16steps_mean.csv,Preset_16,MLP,42,256,"[1408, 1024, 768, 512]",mean,L2,128,4,1408,silu,0.45,AdamW,,0.0002,5e-06,False,,"[1, 2, 3, 4]","[2, 3, 4]",[0.68794326 2.1920904  0.91725768],0.02,1.0,0.10487,1.57962,0.63636,0.46518,"[0.70588, 0.0, 0.68966]",492,0.49363,1.93686,0.61364,0.57497,"[0.65116, 0.42857, 0.64516]",371,STOPPED,16.585
79,20251218_135234,gaitset_62steps_mean.csv,Preset_16,MLP,42,256,"[1408, 1024, 768, 512]",mean,L2,128,4,1408,silu,0.45,AdamW,,0.0002,5e-06,False,,"[1, 2, 3, 4]","[2, 3, 4]",[0.68794326 2.1920904  0.91725768],0.02,1.0,0.10174,2.33106,0.45455,0.33843,"[0.55814, 0.0, 0.45714]",330,0.10605,2.63875,0.47727,0.40886,"[0.51429, 0.13333, 0.57895]",199,STOPPED,11.013
80,20251218_135234,gln_93steps_mean.csv,Preset_16,MLP,42,256,"[1408, 1024, 768, 512]",mean,L2,128,4,1408,silu,0.45,AdamW,,0.0002,5e-06,False,,"[1, 2, 3, 4]","[2, 3, 4]",[0.68794326 2.1920904  0.91725768],0.02,1.0,0.10491,2.32393,0.5,0.4458,"[0.60465, 0.25, 0.48276]",247,0.10383,2.07051,0.56818,0.47609,"[0.62222, 0.2, 0.60606]",113,STOPPED,8.381

81,20251218_135234,baseline_31steps_mean.csv,Preset_17,MLP,42,50,"[640, 384, 256]",max,,80,3,640,gelu,0.35,Adam,,0.0001,1e-06,True,0.75,[1],"[1, 2]",[0.68794326 2.1920904  0.91725768],0.02,1.0,0.11607,1.43377,0.52273,0.38472,"[0.6087, 0.0, 0.54545]",747,0.13096,1.73273,0.54545,0.45589,"[0.62222, 0.2, 0.54545]",377,STOPPED,23.291
82,20251218_135234,gaitgl_64steps_mean.csv,Preset_17,MLP,42,74,"[640, 384, 256]",max,,80,3,640,gelu,0.35,Adam,,0.0001,1e-06,True,0.75,[1],"[1, 2]",[0.68794326 2.1920904  0.91725768],0.02,1.0,0.11135,1.70638,0.40909,0.3088,"[0.48889, 0.0, 0.4375]",665,0.42579,1.43544,0.43182,0.3402,"[0.55, 0.0, 0.47059]",46,STOPPED,20.928
83,20251218_135234,gaitpart_16steps_mean.csv,Preset_17,MLP,42,38,"[640, 384, 256]",max,,80,3,640,gelu,0.35,Adam,,0.0001,1e-06,True,0.75,[1],"[1, 2]",[0.68794326 2.1920904  0.91725768],0.02,1.0,0.11337,1.83463,0.45455,0.31905,"[0.6, 0.0, 0.35714]",776,0.567,1.31179,0.52273,0.49331,"[0.55556, 0.35294, 0.57143]",95,STOPPED,24.06
84,20251218_135234,gaitset_62steps_mean.csv,Preset_17,MLP,42,40,"[640, 384, 256]",max,,80,3,640,gelu,0.35,Adam,,0.0001,1e-06,True,0.75,[1],"[1, 2]",[0.68794326 2.1920904  0.91725768],0.02,1.0,0.11424,1.57351,0.59091,0.53608,"[0.65, 0.36364, 0.59459]",882,0.68931,1.12848,0.61364,0.58715,"[0.61111, 0.44444, 0.70588]",70,STOPPED,27.269
85,20251218_135234,gln_93steps_mean.csv,Preset_17,MLP,42,25,"[640, 384, 256]",max,,80,3,640,gelu,0.35,Adam,,0.0001,1e-06,True,0.75,[1],"[1, 2]",[0.68794326 2.1920904  0.91725768],0.02,1.0,0.11418,1.62308,0.47727,0.45004,"[0.5, 0.36364, 0.48649]",1180,0.11719,1.67033,0.5,0.46223,"[0.51282, 0.33333, 0.54054]",1019,STOPPED,36.777

86,20251218_135234,baseline_31steps_mean.csv,Preset_18,MLP,42,37,"[896, 512, 256]",mean,minmax,64,3,896,silu,0.4,RMSprop,,8e-05,5e-05,True,0.7,"[1, 2]","[1, 2, 3]",[0.68794326 2.1920904  0.91725768],0.02,1.0,0.12135,1.2706,0.72727,0.67658,"[0.75556, 0.5, 0.77419]",780,0.12029,1.26823,0.77273,0.73953,"[0.7907, 0.61538, 0.8125]",639,STOPPED,30.695
87,20251218_135234,gaitgl_64steps_mean.csv,Preset_18,MLP,42,38,"[896, 512, 256]",mean,minmax,64,3,896,silu,0.4,RMSprop,,8e-05,5e-05,True,0.7,"[1, 2]","[1, 2, 3]",[0.68794326 2.1920904  0.91725768],0.02,1.0,0.11421,2.10147,0.47727,0.36364,"[0.54545, 0.0, 0.54545]",1279,0.36347,2.0536,0.54545,0.46422,"[0.60465, 0.14286, 0.64516]",144,STOPPED,49.167
88,20251218_135234,gaitpart_16steps_mean.csv,Preset_18,MLP,42,41,"[896, 512, 256]",mean,minmax,64,3,896,silu,0.4,RMSprop,,8e-05,5e-05,True,0.7,"[1, 2]","[1, 2, 3]",[0.68794326 2.1920904  0.91725768],0.02,1.0,0.12204,1.69999,0.45455,0.38997,"[0.53659, 0.13333, 0.5]",555,0.18257,1.82271,0.54545,0.48879,"[0.61905, 0.26667, 0.58065]",228,STOPPED,21.647
89,20251218_135234,gaitset_62steps_mean.csv,Preset_18,MLP,42,39,"[896, 512, 256]",mean,minmax,64,3,896,silu,0.4,RMSprop,,8e-05,5e-05,True,0.7,"[1, 2]","[1, 2, 3]",[0.68794326 2.1920904  0.91725768],0.02,1.0,0.11614,1.5966,0.47727,0.40827,"[0.55814, 0.22222, 0.44444]",874,0.15216,1.96439,0.56818,0.5066,"[0.66667, 0.30769, 0.54545]",318,STOPPED,33.685
90,20251218_135234,gln_93steps_mean.csv,Preset_18,MLP,42,30,"[896, 512, 256]",mean,minmax,64,3,896,silu,0.4,RMSprop,,8e-05,5e-05,True,0.7,"[1, 2]","[1, 2, 3]",[0.68794326 2.1920904  0.91725768],0.02,1.0,0.12488,1.58494,0.45455,0.37804,"[0.56522, 0.18182, 0.3871]",918,0.17993,1.80458,0.54545,0.52206,"[0.60465, 0.46154, 0.5]",368,STOPPED,35.577

91,20251218_135234,baseline_31steps_mean.csv,Preset_19,MLP,42,37,"[640, 448, 256]",mean,minmax,96,3,640,gelu,0.35,Adam,,0.00015,1e-06,True,0.7,[2],"[1, 2]",[0.68794326 2.1920904  0.91725768],0.02,1.0,0.11407,1.39791,0.65909,0.58744,"[0.69565, 0.33333, 0.73333]",857,0.1517,1.30374,0.75,0.71499,"[0.75, 0.57143, 0.82353]",297,STOPPED,27.957
92,20251218_135234,gaitgl_64steps_mean.csv,Preset_19,MLP,42,38,"[640, 448, 256]",mean,minmax,96,3,640,gelu,0.35,Adam,,0.00015,1e-06,True,0.7,[2],"[1, 2]",[0.68794326 2.1920904  0.91725768],0.02,1.0,0.11432,1.75159,0.54545,0.38889,"[0.66667, 0.0, 0.5]",944,0.18219,2.15062,0.54545,0.46117,"[0.60465, 0.15385, 0.625]",239,STOPPED,30.78
93,20251218_135234,gaitpart_16steps_mean.csv,Preset_19,MLP,42,41,"[640, 448, 256]",mean,minmax,96,3,640,gelu,0.35,Adam,,0.00015,1e-06,True,0.7,[2],"[1, 2]",[0.68794326 2.1920904  0.91725768],0.02,1.0,0.11359,1.72726,0.5,0.42063,"[0.61905, 0.14286, 0.5]",686,0.2771,1.62353,0.59091,0.54549,"[0.7, 0.31579, 0.62069]",86,STOPPED,22.4
94,20251218_135234,gaitset_62steps_mean.csv,Preset_19,MLP,42,39,"[640, 448, 256]",mean,minmax,96,3,640,gelu,0.35,Adam,,0.00015,1e-06,True,0.7,[2],"[1, 2]",[0.68794326 2.1920904  0.91725768],0.02,1.0,0.11469,1.52376,0.47727,0.40698,"[0.52632, 0.18182, 0.51282]",704,0.1182,1.56716,0.61364,0.57977,"[0.66667, 0.46154, 0.61111]",604,STOPPED,23.084
95,20251218_135234,gln_93steps_mean.csv,Preset_19,MLP,42,30,"[640, 448, 256]",mean,minmax,96,3,640,gelu,0.35,Adam,,0.00015,1e-06,True,0.7,[2],"[1, 2]",[0.68794326 2.1920904  0.91725768],0.02,1.0,0.12299,1.73758,0.40909,0.35143,"[0.47619, 0.15385, 0.42424]",805,0.55008,1.23941,0.52273,0.4883,"[0.63158, 0.33333, 0.5]",52,STOPPED,26.05

96,20251218_135234,baseline_31steps_mean.csv,Preset_20,MLP,42,256,"[384, 192, 96]",mean,L2,64,3,384,relu,0.35,RMSprop,,9e-05,5e-05,False,,[2],"[1, 2]",[0.68794326 2.1920904  0.91725768],0.02,1.0,0.10697,1.81589,0.5,0.37706,"[0.53659, 0.0, 0.59459]",752,0.68666,1.21724,0.59091,0.56645,"[0.58824, 0.44444, 0.66667]",91,STOPPED,28.341
97,20251218_135234,gaitgl_64steps_mean.csv,Preset_20,MLP,42,256,"[384, 192, 96]",mean,L2,64,3,384,relu,0.35,RMSprop,,9e-05,5e-05,False,,[2],"[1, 2]",[0.68794326 2.1920904  0.91725768],0.02,1.0,0.11453,1.79998,0.45455,0.34083,"[0.6087, 0.0, 0.41379]",1304,0.25945,1.71095,0.56818,0.42572,"[0.65217, 0.0, 0.625]",515,STOPPED,49.818
98,20251218_135234,gaitpart_16steps_mean.csv,Preset_20,MLP,42,256,"[384, 192, 96]",mean,L2,64,3,384,relu,0.35,RMSprop,,9e-05,5e-05,False,,[2],"[1, 2]",[0.68794326 2.1920904  0.91725768],0.02,1.0,0.12089,1.57999,0.59091,0.58912,"[0.57895, 0.52174, 0.66667]",1289,0.14234,1.24924,0.68182,0.65786,"[0.72727, 0.52632, 0.72]",1189,STOPPED,50.234
99,20251218_135234,gaitset_62steps_mean.csv,Preset_20,MLP,42,256,"[384, 192, 96]",mean,L2,64,3,384,relu,0.35,RMSprop,,9e-05,5e-05,False,,[2],"[1, 2]",[0.68794326 2.1920904  0.91725768],0.02,1.0,0.11575,1.93659,0.45455,0.32982,"[0.56522, 0.0, 0.42424]",1028,0.72951,1.43428,0.45455,0.41341,"[0.3871, 0.30769, 0.54545]",191,STOPPED,40.882
100,20251218_135234,gln_93steps_mean.csv,Preset_20,MLP,42,256,"[384, 192, 96]",mean,L2,64,3,384,relu,0.35,RMSprop,,9e-05,5e-05,False,,[2],"[1, 2]",[0.68794326 2.1920904  0.91725768],0.02,1.0,0.10462,1.60536,0.47727,0.40606,"[0.53333, 0.2, 0.48485]",692,0.49276,1.2217,0.54545,0.5291,"[0.57143, 0.44444, 0.57143]",121,STOPPED,31.262

101,20251218_135234,baseline_31steps_mean.csv,Preset_21,MLP,42,58,"[768, 512, 256]",mean,L2,88,3,768,silu,0.4,Adam,,0.0002,1e-07,True,0.8,"[1, 2, 3]","[1, 2]",[0.68794326 2.1920904  0.91725768],0.02,1.0,0.10459,1.66395,0.59091,0.45395,"[0.65217, 0.0, 0.70968]",433,0.11526,1.66567,0.63636,0.48501,"[0.68085, 0.0, 0.77419]",257,STOPPED,18.14
102,20251218_135234,gaitgl_64steps_mean.csv,Preset_21,MLP,42,74,"[768, 512, 256]",mean,L2,88,3,768,silu,0.4,Adam,,0.0002,1e-07,True,0.8,"[1, 2, 3]","[1, 2]",[0.68794326 2.1920904  0.91725768],0.02,1.0,0.10248,2.17111,0.43182,0.33052,"[0.57778, 0.0, 0.41379]",659,0.12227,2.23285,0.54545,0.45549,"[0.65217, 0.14286, 0.57143]",317,STOPPED,27.184
103,20251218_135234,gaitpart_16steps_mean.csv,Preset_21,MLP,42,66,"[768, 512, 256]",mean,L2,88,3,768,silu,0.4,Adam,,0.0002,1e-07,True,0.8,"[1, 2, 3]","[1, 2]",[0.68794326 2.1920904  0.91725768],0.02,1.0,0.10341,2.10337,0.5,0.45404,"[0.55, 0.26667, 0.54545]",741,0.10366,2.05814,0.54545,0.4928,"[0.5641, 0.28571, 0.62857]",543,STOPPED,29.289
104,20251218_135234,gaitset_62steps_mean.csv,Preset_21,MLP,42,63,"[768, 512, 256]",mean,L2,88,3,768,silu,0.4,Adam,,0.0002,1e-07,True,0.8,"[1, 2, 3]","[1, 2]",[0.68794326 2.1920904  0.91725768],0.02,1.0,0.10185,2.38602,0.5,0.37229,"[0.54545, 0.0, 0.57143]",675,0.71256,1.60193,0.40909,0.39913,"[0.4, 0.35294, 0.44444]",155,STOPPED,28.33
105,20251218_135234,gln_93steps_mean.csv,Preset_21,MLP,42,48,"[768, 512, 256]",mean,L2,88,3,768,silu,0.4,Adam,,0.0002,1e-07,True,0.8,"[1, 2, 3]","[1, 2]",[0.68794326 2.1920904  0.91725768],0.02,1.0,0.10574,2.04378,0.43182,0.3628,"[0.52174, 0.16667, 0.4]",719,0.11092,2.15763,0.47727,0.45539,"[0.52174, 0.4, 0.44444]",464,STOPPED,29.972

106,20251218_135234,baseline_31steps_mean.csv,Preset_22,MLP,42,59,"[1024, 768, 512, 256]",mean,minmax,64,4,1024,silu,0.4,Adam,,0.0001,1e-07,True,0.8,"[1, 2, 3, 4]","[1, 2, 3]",[0.68794326 2.1920904  0.91725768],0.02,1.0,0.10338,1.67974,0.54545,0.49162,"[0.59574, 0.30769, 0.57143]",474,0.10536,1.45584,0.68182,0.65478,"[0.69767, 0.53333, 0.73333]",293,STOPPED,25.129
107,20251218_135234,gaitgl_64steps_mean.csv,Preset_22,MLP,42,65,"[1024, 768, 512, 256]",mean,minmax,64,4,1024,silu,0.4,Adam,,0.0001,1e-07,True,0.8,"[1, 2, 3, 4]","[1, 2, 3]",[0.68794326 2.1920904  0.91725768],0.02,1.0,0.10298,2.17072,0.5,0.37494,"[0.6087, 0.0, 0.51613]",533,0.14194,2.18125,0.56818,0.47487,"[0.63636, 0.2, 0.58824]",200,STOPPED,29.378
108,20251218_135234,gaitpart_16steps_mean.csv,Preset_22,MLP,42,65,"[1024, 768, 512, 256]",mean,minmax,64,4,1024,silu,0.4,Adam,,0.0001,1e-07,True,0.8,"[1, 2, 3, 4]","[1, 2, 3]",[0.68794326 2.1920904  0.91725768],0.02,1.0,0.10696,2.03072,0.54545,0.41577,"[0.66667, 0.0, 0.58065]",405,0.18397,2.17339,0.56818,0.47463,"[0.65116, 0.16667, 0.60606]",82,STOPPED,22.892
109,20251218_135234,gaitset_62steps_mean.csv,Preset_22,MLP,42,63,"[1024, 768, 512, 256]",mean,minmax,64,4,1024,silu,0.4,Adam,,0.0001,1e-07,True,0.8,"[1, 2, 3, 4]","[1, 2, 3]",[0.68794326 2.1920904  0.91725768],0.02,1.0,0.10173,2.25761,0.45455,0.34058,"[0.52174, 0.0, 0.5]",545,0.53545,1.68825,0.45455,0.42307,"[0.51163, 0.33333, 0.42424]",29,STOPPED,30.036
110,20251218_135234,gln_93steps_mean.csv,Preset_22,MLP,42,50,"[1024, 768, 512, 256]",mean,minmax,64,4,1024,silu,0.4,Adam,,0.0001,1e-07,True,0.8,"[1, 2, 3, 4]","[1, 2, 3]",[0.68794326 2.1920904  0.91725768],0.02,1.0,0.10379,2.45601,0.45455,0.38321,"[0.54545, 0.16667, 0.4375]",488,0.67888,1.3343,0.5,0.48825,"[0.52941, 0.42105, 0.51429]",25,STOPPED,26.116

111,20251218_135234,baseline_31steps_mean.csv,Preset_23,MLP,42,59,"[1024, 768, 512, 256]",mean,minmax,96,4,1024,silu,0.45,Adam,,0.0001,1e-07,True,0.8,"[1, 2, 3, 4]","[1, 2]",[0.68794326 2.1920904  0.91725768],0.02,1.0,0.10492,1.40753,0.54545,0.49634,"[0.55814, 0.28571, 0.64516]",506,0.10387,1.24985,0.65909,0.61768,"[0.68182, 0.46154, 0.70968]",406,STOPPED,20.789
112,20251218_135234,gaitgl_64steps_mean.csv,Preset_23,MLP,42,65,"[1024, 768, 512, 256]",mean,minmax,96,4,1024,silu,0.45,Adam,,0.0001,1e-07,True,0.8,"[1, 2, 3, 4]","[1, 2]",[0.68794326 2.1920904  0.91725768],0.02,1.0,0.10748,1.86628,0.54545,0.40489,"[0.65217, 0.0, 0.5625]",485,0.14252,2.07603,0.56818,0.47784,"[0.60465, 0.18182, 0.64706]",207,STOPPED,20.484
113,20251218_135234,gaitpart_16steps_mean.csv,Preset_23,MLP,42,65,"[1024, 768, 512, 256]",mean,minmax,96,4,1024,silu,0.45,Adam,,0.0001,1e-07,True,0.8,"[1, 2, 3, 4]","[1, 2]",[0.68794326 2.1920904  0.91725768],0.02,1.0,0.1042,1.98264,0.5,0.38519,"[0.62222, 0.0, 0.53333]",510,0.12479,1.87493,0.59091,0.49251,"[0.74419, 0.13333, 0.6]",173,STOPPED,20.861
114,20251218_135234,gaitset_62steps_mean.csv,Preset_23,MLP,42,63,"[1024, 768, 512, 256]",mean,minmax,96,4,1024,silu,0.45,Adam,,0.0001,1e-07,True,0.8,"[1, 2, 3, 4]","[1, 2]",[0.68794326 2.1920904  0.91725768],0.02,1.0,0.10459,2.20487,0.47727,0.35926,"[0.57778, 0.0, 0.5]",455,0.10594,2.22219,0.5,0.42019,"[0.57778, 0.16667, 0.51613]",420,STOPPED,19.225
115,20251218_135234,gln_93steps_mean.csv,Preset_23,MLP,42,50,"[1024, 768, 512, 256]",mean,minmax,96,4,1024,silu,0.45,Adam,,0.0001,1e-07,True,0.8,"[1, 2, 3, 4]","[1, 2]",[0.68794326 2.1920904  0.91725768],0.02,1.0,0.10342,2.22309,0.43182,0.36435,"[0.51064, 0.15385, 0.42857]",526,0.10974,2.16714,0.56818,0.51766,"[0.6087, 0.36364, 0.58065]",307,STOPPED,21.142

116,20251218_135234,baseline_31steps_mean.csv,Preset_24,MLP,42,256,"[768, 512, 384, 256]",mean,,80,4,768,silu,0.5,Adam,,0.00025,1e-06,False,,"[1, 3]","[2, 3]",[0.68794326 2.1920904  0.91725768],0.02,1.0,0.10151,2.15655,0.47727,0.40664,"[0.52381, 0.18182, 0.51429]",320,0.69363,1.15158,0.59091,0.53157,"[0.63636, 0.33333, 0.625]",31,STOPPED,12.534
117,20251218_135234,gaitgl_64steps_mean.csv,Preset_24,MLP,42,256,"[768, 512, 384, 256]",mean,,80,4,768,silu,0.5,Adam,,0.00025,1e-06,False,,"[1, 3]","[2, 3]",[0.68794326 2.1920904  0.91725768],0.02,1.0,0.10147,2.12927,0.45455,0.32313,"[0.61224, 0.0, 0.35714]",383,0.13533,2.57305,0.47727,0.42413,"[0.66667, 0.28571, 0.32]",109,STOPPED,14.613
118,20251218_135234,gaitpart_16steps_mean.csv,Preset_24,MLP,42,256,"[768, 512, 384, 256]",mean,,80,4,768,silu,0.5,Adam,,0.00025,1e-06,False,,"[1, 3]","[2, 3]",[0.68794326 2.1920904  0.91725768],0.02,1.0,0.10196,1.70689,0.56818,0.47407,"[0.66667, 0.2, 0.55556]",490,0.18185,1.77446,0.63636,0.60227,"[0.68182, 0.5, 0.625]",132,STOPPED,19.006
119,20251218_135234,gaitset_62steps_mean.csv,Preset_24,MLP,42,256,"[768, 512, 384, 256]",mean,,80,4,768,silu,0.5,Adam,,0.00025,1e-06,False,,"[1, 3]","[2, 3]",[0.68794326 2.1920904  0.91725768],0.02,1.0,0.10138,2.52191,0.36364,0.2845,"[0.42105, 0.0, 0.43243]",399,0.10363,2.15241,0.5,0.37441,"[0.57778, 0.0, 0.54545]",277,STOPPED,15.829
120,20251218_135234,gln_93steps_mean.csv,Preset_24,MLP,42,256,"[768, 512, 384, 256]",mean,,80,4,768,silu,0.5,Adam,,0.00025,1e-06,False,,"[1, 3]","[2, 3]",[0.68794326 2.1920904  0.91725768],0.02,1.0,0.10136,2.03654,0.52273,0.43939,"[0.59091, 0.18182, 0.54545]",327,0.17808,1.99847,0.54545,0.51505,"[0.5641, 0.375, 0.60606]",57,STOPPED,11.965

121,20251218_135234,baseline_31steps_mean.csv,Preset_25,MLP,42,21,"[768, 384, 192, 96, 64, 64]",mean,L2,32,6,768,relu,0.3,RMSprop,,0.0002,1e-07,True,0.6,"[1, 3, 5]","[1, 3, 5]",[0.68794326 2.1920904  0.91725768],0.02,1.0,0.12953,2.04862,0.54545,0.39316,"[0.51282, 0.0, 0.66667]",613,0.11493,1.55624,0.65909,0.60566,"[0.66667, 0.44444, 0.70588]",485,STOPPED,65.15
122,20251218_135234,gaitgl_64steps_mean.csv,Preset_25,MLP,42,27,"[768, 384, 192, 96, 64, 64]",mean,L2,32,6,768,relu,0.3,RMSprop,,0.0002,1e-07,True,0.6,"[1, 3, 5]","[1, 3, 5]",[0.68794326 2.1920904  0.91725768],0.02,1.0,0.14008,2.32835,0.47727,0.35829,"[0.54545, 0.0, 0.52941]",798,0.18797,1.99045,0.56818,0.48407,"[0.6087, 0.15385, 0.68966]",517,STOPPED,84.879
123,20251218_135234,gaitpart_16steps_mean.csv,Preset_25,MLP,42,25,"[768, 384, 192, 96, 64, 64]",mean,L2,32,6,768,relu,0.3,RMSprop,,0.0002,1e-07,True,0.6,"[1, 3, 5]","[1, 3, 5]",[0.68794326 2.1920904  0.91725768],0.02,1.0,0.11178,1.79956,0.61364,0.5541,"[0.65, 0.36364, 0.64865]",987,0.20582,1.35413,0.70455,0.62895,"[0.75, 0.4, 0.73684]",643,STOPPED,104.229
124,20251218_135234,gaitset_62steps_mean.csv,Preset_25,MLP,42,22,"[768, 384, 192, 96, 64, 64]",mean,L2,32,6,768,relu,0.3,RMSprop,,0.0002,1e-07,True,0.6,"[1, 3, 5]","[1, 3, 5]",[0.68794326 2.1920904  0.91725768],0.02,1.0,0.11724,2.09967,0.54545,0.45589,"[0.62222, 0.2, 0.54545]",689,0.31928,1.74901,0.59091,0.49402,"[0.61538, 0.2, 0.66667]",362,STOPPED,73.112
125,20251218_135234,gln_93steps_mean.csv,Preset_25,MLP,42,16,"[768, 384, 192, 96, 64, 64]",mean,L2,32,6,768,relu,0.3,RMSprop,,0.0002,1e-07,True,0.6,"[1, 3, 5]","[1, 3, 5]",[0.68794326 2.1920904  0.91725768],0.02,1.0,0.13825,2.17842,0.52273,0.44003,"[0.59091, 0.16667, 0.5625]",563,0.23796,1.57239,0.63636,0.63127,"[0.64865, 0.6, 0.64516]",293,STOPPED,59.905

126,20251218_135234,baseline_31steps_mean.csv,Preset_26,MLP,42,59,"[896, 640, 320, 192]",mean,minmax,80,4,896,leakyrelu,0.5,Adam,,0.0002,2e-07,True,0.8,"[1, 2, 3]","[1, 2]",[0.68794326 2.1920904  0.91725768],0.02,1.0,0.1119,1.96387,0.54545,0.45715,"[0.625, 0.15385, 0.59259]",588,0.11162,1.48875,0.65909,0.58405,"[0.71111, 0.30769, 0.73333]",312,STOPPED,24.118
127,20251218_135234,gaitgl_64steps_mean.csv,Preset_26,MLP,42,65,"[896, 640, 320, 192]",mean,minmax,80,4,896,leakyrelu,0.5,Adam,,0.0002,2e-07,True,0.8,"[1, 2, 3]","[1, 2]",[0.68794326 2.1920904  0.91725768],0.02,1.0,0.10223,2.05653,0.56818,0.41479,"[0.6383, 0.0, 0.60606]",596,0.12071,2.01964,0.59091,0.44193,"[0.6383, 0.0, 0.6875]",258,STOPPED,23.538
128,20251218_135234,gaitpart_16steps_mean.csv,Preset_26,MLP,42,65,"[896, 640, 320, 192]",mean,minmax,80,4,896,leakyrelu,0.5,Adam,,0.0002,2e-07,True,0.8,"[1, 2, 3]","[1, 2]",[0.68794326 2.1920904  0.91725768],0.02,1.0,0.10201,1.90764,0.52273,0.38859,"[0.63636, 0.0, 0.52941]",459,0.12091,1.66995,0.61364,0.50174,"[0.7234, 0.18182, 0.6]",256,STOPPED,18.437
129,20251218_135234,gaitset_62steps_mean.csv,Preset_26,MLP,42,63,"[896, 640, 320, 192]",mean,minmax,80,4,896,leakyrelu,0.5,Adam,,0.0002,2e-07,True,0.8,"[1, 2, 3]","[1, 2]",[0.68794326 2.1920904  0.91725768],0.02,1.0,0.10581,2.54625,0.40909,0.28798,"[0.53061, 0.0, 0.33333]",356,0.74262,1.40381,0.43182,0.40008,"[0.57143, 0.35294, 0.27586]",22,STOPPED,13.599
130,20251218_135234,gln_93steps_mean.csv,Preset_26,MLP,42,50,"[896, 640, 320, 192]",mean,minmax,80,4,896,leakyrelu,0.5,Adam,,0.0002,2e-07,True,0.8,"[1, 2, 3]","[1, 2]",[0.68794326 2.1920904  0.91725768],0.02,1.0,0.10271,2.34528,0.5,0.42381,"[0.57143, 0.2, 0.5]",545,0.15959,2.17586,0.54545,0.49615,"[0.6087, 0.36364, 0.51613]",145,STOPPED,22.221

131,20251218_135234,baseline_31steps_mean.csv,Preset_27,MLP,42,74,"[896, 640, 384, 192]",mean,L2,64,4,896,silu,0.4,Adam,,0.0001,0.0,True,0.85,"[1, 2, 3]","[1, 2]",[0.68794326 2.1920904  0.91725768],0.02,1.0,0.10264,1.78628,0.56818,0.45155,"[0.60465, 0.0, 0.75]",612,0.13095,1.75266,0.63636,0.48217,"[0.68182, 0.0, 0.76471]",275,STOPPED,31.443
132,20251218_135234,gaitgl_64steps_mean.csv,Preset_27,MLP,42,93,"[896, 640, 384, 192]",mean,L2,64,4,896,silu,0.4,Adam,,0.0001,0.0,True,0.85,"[1, 2, 3]","[1, 2]",[0.68794326 2.1920904  0.91725768],0.02,1.0,0.10275,2.5816,0.38636,0.32738,"[0.52381, 0.125, 0.33333]",760,0.30454,2.88469,0.47727,0.40327,"[0.58537, 0.15385, 0.47059]",353,STOPPED,38.635
133,20251218_135234,gaitpart_16steps_mean.csv,Preset_27,MLP,42,83,"[896, 640, 384, 192]",mean,L2,64,4,896,silu,0.4,Adam,,0.0001,0.0,True,0.85,"[1, 2, 3]","[1, 2]",[0.68794326 2.1920904  0.91725768],0.02,1.0,0.10233,2.00927,0.5,0.42407,"[0.55, 0.16667, 0.55556]",860,0.30569,1.83252,0.56818,0.51184,"[0.5641, 0.28571, 0.68571]",432,STOPPED,43.354
134,20251218_135234,gaitset_62steps_mean.csv,Preset_27,MLP,42,80,"[896, 640, 384, 192]",mean,L2,64,4,896,silu,0.4,Adam,,0.0001,0.0,True,0.85,"[1, 2, 3]","[1, 2]",[0.68794326 2.1920904  0.91725768],0.02,1.0,0.10186,2.38544,0.38636,0.28502,"[0.52174, 0.0, 0.33333]",764,0.17234,2.67726,0.45455,0.38641,"[0.52174, 0.2, 0.4375]",354,STOPPED,38.831
135,20251218_135234,gln_93steps_mean.csv,Preset_27,MLP,42,64,"[896, 640, 384, 192]",mean,L2,64,4,896,silu,0.4,Adam,,0.0001,0.0,True,0.85,"[1, 2, 3]","[1, 2]",[0.68794326 2.1920904  0.91725768],0.02,1.0,0.10406,2.08996,0.40909,0.31184,"[0.52174, 0.0, 0.41379]",663,0.51901,1.83688,0.45455,0.43259,"[0.51282, 0.33333, 0.45161]",132,STOPPED,33.542

136,20251218_135234,baseline_31steps_mean.csv,Preset_28,MLP,42,35,"[768, 512, 384, 256]",mean,L2,64,4,768,silu,0.5,Adam,,0.0002,5e-07,True,0.7,"[1, 2]","[1, 2, 3]",[0.68794326 2.1920904  0.91725768],0.02,1.0,0.10864,1.39182,0.65909,0.61557,"[0.69767, 0.46154, 0.6875]",925,0.11078,1.3656,0.72727,0.69538,"[0.75, 0.57143, 0.76471]",911,STOPPED,47.55
137,20251218_135234,gaitgl_64steps_mean.csv,Preset_28,MLP,42,47,"[768, 512, 384, 256]",mean,L2,64,4,768,silu,0.5,Adam,,0.0002,5e-07,True,0.7,"[1, 2]","[1, 2, 3]",[0.68794326 2.1920904  0.91725768],0.02,1.0,0.1032,2.08329,0.47727,0.35859,"[0.59091, 0.0, 0.48485]",1136,0.65346,1.5275,0.47727,0.4482,"[0.52381, 0.36364, 0.45714]",282,STOPPED,59.29
138,20251218_135234,gaitpart_16steps_mean.csv,Preset_28,MLP,42,42,"[768, 512, 384, 256]",mean,L2,64,4,768,silu,0.5,Adam,,0.0002,5e-07,True,0.7,"[1, 2]","[1, 2, 3]",[0.68794326 2.1920904  0.91725768],0.02,1.0,0.10375,2.34795,0.47727,0.41146,"[0.51282, 0.13333, 0.58824]",1147,0.48503,2.1429,0.45455,0.43523,"[0.44444, 0.31579, 0.54545]",428,STOPPED,59.178
139,20251218_135234,gaitset_62steps_mean.csv,Preset_28,MLP,42,38,"[768, 512, 384, 256]",mean,L2,64,4,768,silu,0.5,Adam,,0.0002,5e-07,True,0.7,"[1, 2]","[1, 2, 3]",[0.68794326 2.1920904  0.91725768],0.02,1.0,0.11189,2.2908,0.5,0.37344,"[0.59091, 0.0, 0.52941]",925,0.33098,1.89057,0.52273,0.473,"[0.5641, 0.26667, 0.58824]",356,STOPPED,47.567
140,20251218_135234,gln_93steps_mean.csv,Preset_28,MLP,42,28,"[768, 512, 384, 256]",mean,L2,64,4,768,silu,0.5,Adam,,0.0002,5e-07,True,0.7,"[1, 2]","[1, 2, 3]",[0.68794326 2.1920904  0.91725768],0.02,1.0,0.10821,1.95005,0.47727,0.42917,"[0.6, 0.25, 0.4375]",1156,0.69319,1.34967,0.56818,0.5596,"[0.66667, 0.54545, 0.46667]",179,STOPPED,59.886

141,20251218_135234,baseline_31steps_mean.csv,Preset_29,MLP,42,20,"[1024, 512, 256, 128]",mean,,32,4,1024,gelu,0.2,AdamW,,0.0003,1e-05,True,0.6,"[2, 3, 4]","[1, 3]",[0.68794326 2.1920904  0.91725768],0.02,1.0,0.10692,1.59321,0.56818,0.50977,"[0.63415, 0.25, 0.64516]",540,0.10554,1.47853,0.68182,0.64165,"[0.69767, 0.5, 0.72727]",406,STOPPED,48.787
142,20251218_135234,gaitgl_64steps_mean.csv,Preset_29,MLP,42,13,"[1024, 512, 256, 128]",mean,,32,4,1024,gelu,0.2,AdamW,,0.0003,1e-05,True,0.6,"[2, 3, 4]","[1, 3]",[0.68794326 2.1920904  0.91725768],0.02,1.0,0.11706,1.97422,0.40909,0.31184,"[0.52174, 0.0, 0.41379]",488,0.10816,1.96952,0.52273,0.47158,"[0.59091, 0.30769, 0.51613]",388,STOPPED,43.579
143,20251218_135234,gaitpart_16steps_mean.csv,Preset_29,MLP,42,22,"[1024, 512, 256, 128]",mean,,32,4,1024,gelu,0.2,AdamW,,0.0003,1e-05,True,0.6,"[2, 3, 4]","[1, 3]",[0.68794326 2.1920904  0.91725768],0.02,1.0,0.1127,1.49797,0.56818,0.47552,"[0.66667, 0.15385, 0.60606]",469,0.74488,1.15716,0.59091,0.55235,"[0.63636, 0.4, 0.62069]",106,STOPPED,42.157
144,20251218_135234,gaitset_62steps_mean.csv,Preset_29,MLP,42,20,"[1024, 512, 256, 128]",mean,,32,4,1024,gelu,0.2,AdamW,,0.0003,1e-05,True,0.6,"[2, 3, 4]","[1, 3]",[0.68794326 2.1920904  0.91725768],0.02,1.0,0.10331,1.89552,0.45455,0.35476,"[0.55, 0.0, 0.51429]",705,0.73994,1.25725,0.52273,0.51426,"[0.54545, 0.41667, 0.58065]",213,STOPPED,63.229
145,20251218_135234,gln_93steps_mean.csv,Preset_29,MLP,42,15,"[1024, 512, 256, 128]",mean,,32,4,1024,gelu,0.2,AdamW,,0.0003,1e-05,True,0.6,"[2, 3, 4]","[1, 3]",[0.68794326 2.1920904  0.91725768],0.02,1.0,0.10183,2.02919,0.43182,0.36795,"[0.55, 0.15385, 0.4]",760,0.55858,1.25433,0.59091,0.55163,"[0.66667, 0.4, 0.58824]",177,STOPPED,68.554

146,20251218_135234,baseline_31steps_mean.csv,Preset_30,MLP,42,34,"[384, 384, 192]",mean,,48,3,384,silu,0.15,Adam,,0.0006,0.0,True,0.7,"[2, 3]","[1, 3]",[0.68794326 2.1920904  0.91725768],0.02,1.0,0.10327,1.57879,0.63636,0.59829,"[0.66667, 0.46154, 0.66667]",533,0.24926,1.17539,0.70455,0.68432,"[0.73171, 0.61538, 0.70588]",115,STOPPED,31.611
147,20251218_135234,gaitgl_64steps_mean.csv,Preset_30,MLP,42,31,"[384, 384, 192]",mean,,48,3,384,silu,0.15,Adam,,0.0006,0.0,True,0.7,"[2, 3]","[1, 3]",[0.68794326 2.1920904  0.91725768],0.02,1.0,0.114,1.99997,0.56818,0.41445,"[0.68085, 0.0, 0.5625]",363,0.28956,1.76372,0.59091,0.48889,"[0.66667, 0.2, 0.6]",41,STOPPED,21.219
148,20251218_135234,gaitpart_16steps_mean.csv,Preset_30,MLP,42,39,"[384, 384, 192]",mean,,48,3,384,silu,0.15,Adam,,0.0006,0.0,True,0.7,"[2, 3]","[1, 3]",[0.68794326 2.1920904  0.91725768],0.02,1.0,0.10313,1.75798,0.54545,0.46102,"[0.63415, 0.14286, 0.60606]",392,0.2104,2.04794,0.56818,0.53111,"[0.61538, 0.35294, 0.625]",128,STOPPED,22.737
149,20251218_135234,gaitset_62steps_mean.csv,Preset_30,MLP,42,36,"[384, 384, 192]",mean,,48,3,384,silu,0.15,Adam,,0.0006,0.0,True,0.7,"[2, 3]","[1, 3]",[0.68794326 2.1920904  0.91725768],0.02,1.0,0.1031,2.3576,0.40909,0.34906,"[0.47826, 0.18182, 0.3871]",606,0.59745,1.36546,0.43182,0.43004,"[0.4, 0.42857, 0.46154]",168,STOPPED,35.507
150,20251218_135234,gln_93steps_mean.csv,Preset_30,MLP,42,26,"[384, 384, 192]",mean,,48,3,384,silu,0.15,Adam,,0.0006,0.0,True,0.7,"[2, 3]","[1, 3]",[0.68794326 2.1920904  0.91725768],0.02,1.0,0.10479,2.08617,0.40909,0.39649,"[0.46154, 0.35294, 0.375]",461,0.57362,1.35168,0.56818,0.56899,"[0.57143, 0.57143, 0.5641]",120,STOPPED,27.156

151,20251218_135234,baseline_31steps_mean.csv,Preset_31,MLP,42,45,"[640, 640, 512]",mean,L2,96,3,640,silu,0.4,AdamW,,0.00015,1e-05,True,0.75,"[1, 2, 3]","[2, 3]",[0.68794326 2.1920904  0.91725768],0.02,1.0,0.1026,1.33717,0.61364,0.51408,"[0.63636, 0.2, 0.70588]",819,0.15335,1.44282,0.70455,0.64898,"[0.74419, 0.42857, 0.77419]",296,STOPPED,31.967
152,20251218_135234,gaitgl_64steps_mean.csv,Preset_31,MLP,42,59,"[640, 640, 512]",mean,L2,96,3,640,silu,0.4,AdamW,,0.00015,1e-05,True,0.75,"[1, 2, 3]","[2, 3]",[0.68794326 2.1920904  0.91725768],0.02,1.0,0.10593,2.04299,0.47727,0.37355,"[0.55814, 0.0, 0.5625]",707,0.14297,2.17674,0.54545,0.5079,"[0.61905, 0.35294, 0.55172]",419,STOPPED,27.605
153,20251218_135234,gaitpart_16steps_mean.csv,Preset_31,MLP,42,52,"[640, 640, 512]",mean,L2,96,3,640,silu,0.4,AdamW,,0.00015,1e-05,True,0.75,"[1, 2, 3]","[2, 3]",[0.68794326 2.1920904  0.91725768],0.02,1.0,0.10973,1.67032,0.52273,0.47151,"[0.58537, 0.26667, 0.5625]",796,0.11242,1.73704,0.56818,0.53846,"[0.61538, 0.42857, 0.57143]",593,STOPPED,32.568
154,20251218_135234,gaitset_62steps_mean.csv,Preset_31,MLP,42,49,"[640, 640, 512]",mean,L2,96,3,640,silu,0.4,AdamW,,0.00015,1e-05,True,0.75,"[1, 2, 3]","[2, 3]",[0.68794326 2.1920904  0.91725768],0.02,1.0,0.10388,2.09943,0.45455,0.38384,"[0.54545, 0.18182, 0.42424]",924,0.72017,1.48172,0.45455,0.44972,"[0.45, 0.42857, 0.47059]",129,STOPPED,38.742
155,20251218_135234,gln_93steps_mean.csv,Preset_31,MLP,42,37,"[640, 640, 512]",mean,L2,96,3,640,silu,0.4,AdamW,,0.00015,1e-05,True,0.75,"[1, 2, 3]","[2, 3]",[0.68794326 2.1920904  0.91725768],0.02,1.0,0.10646,2.06155,0.38636,0.33135,"[0.47619, 0.14286, 0.375]",701,0.56435,1.28731,0.54545,0.51299,"[0.68182, 0.5, 0.35714]",62,STOPPED,26.89

156,20251218_135234,baseline_31steps_mean.csv,Preset_32,MLP,42,58,"[768, 512, 256]",mean,L2,80,3,768,silu,0.4,Adam,,0.00015,2e-07,True,0.8,"[1, 2]","[1, 2]",[0.68794326 2.1920904  0.91725768],0.02,1.0,0.10811,1.51651,0.59091,0.49684,"[0.63636, 0.16667, 0.6875]",700,0.15175,1.68359,0.65909,0.55039,"[0.65116, 0.2, 0.8]",289,STOPPED,26.618
157,20251218_135234,gaitgl_64steps_mean.csv,Preset_32,MLP,42,74,"[768, 512, 256]",mean,L2,80,3,768,silu,0.4,Adam,,0.00015,2e-07,True,0.8,"[1, 2]","[1, 2]",[0.68794326 2.1920904  0.91725768],0.02,1.0,0.10587,1.99286,0.43182,0.37363,"[0.53659, 0.11765, 0.46667]",751,0.15778,2.44365,0.56818,0.46507,"[0.7234, 0.13333, 0.53846]",369,STOPPED,28.386
158,20251218_135234,gaitpart_16steps_mean.csv,Preset_32,MLP,42,66,"[768, 512, 256]",mean,L2,80,3,768,silu,0.4,Adam,,0.00015,2e-07,True,0.8,"[1, 2]","[1, 2]",[0.68794326 2.1920904  0.91725768],0.02,1.0,0.10263,1.76536,0.5,0.45899,"[0.52381, 0.30769, 0.54545]",1108,0.10409,1.64613,0.54545,0.4995,"[0.53659, 0.33333, 0.62857]",908,STOPPED,41.581
159,20251218_135234,gaitset_62steps_mean.csv,Preset_32,MLP,42,63,"[768, 512, 256]",mean,L2,80,3,768,silu,0.4,Adam,,0.00015,2e-07,True,0.8,"[1, 2]","[1, 2]",[0.68794326 2.1920904  0.91725768],0.02,1.0,0.1072,2.13689,0.45455,0.34766,"[0.55814, 0.0, 0.48485]",768,0.59109,1.64598,0.47727,0.43761,"[0.51282, 0.28571, 0.51429]",229,STOPPED,29.491
160,20251218_135234,gln_93steps_mean.csv,Preset_32,MLP,42,48,"[768, 512, 256]",mean,L2,80,3,768,silu,0.4,Adam,,0.00015,2e-07,True,0.8,"[1, 2]","[1, 2]",[0.68794326 2.1920904  0.91725768],0.02,1.0,0.10756,1.86536,0.47727,0.39394,"[0.57143, 0.18182, 0.42857]",999,0.26055,1.79755,0.52273,0.47535,"[0.59574, 0.36364, 0.46667]",219,STOPPED,37.245

161,20251218_135234,baseline_31steps_mean.csv,Preset_33,MLP,42,44,"[896, 896, 896, 896]",mean,,96,4,896,silu,0.45,AdamW,,0.00015,1e-05,True,0.75,"[1, 2, 3, 4]","[2, 3, 4]",[0.68794326 2.1920904  0.91725768],0.02,1.0,0.10454,1.62927,0.56818,0.54,"[0.58537, 0.42857, 0.60606]",662,0.12599,1.84361,0.65909,0.61197,"[0.69767, 0.42857, 0.70968]",397,STOPPED,29.7
162,20251218_135234,gaitgl_64steps_mean.csv,Preset_33,MLP,42,44,"[896, 896, 896, 896]",mean,,96,4,896,silu,0.45,AdamW,,0.00015,1e-05,True,0.75,"[1, 2, 3, 4]","[2, 3, 4]",[0.68794326 2.1920904  0.91725768],0.02,1.0,0.10283,2.18312,0.5,0.37407,"[0.62222, 0.0, 0.5]",345,0.19995,2.81606,0.54545,0.52137,"[0.5641, 0.42857, 0.57143]",80,STOPPED,15.985
163,20251218_135234,gaitpart_16steps_mean.csv,Preset_33,MLP,42,49,"[896, 896, 896, 896]",mean,,96,4,896,silu,0.45,AdamW,,0.00015,1e-05,True,0.75,"[1, 2, 3, 4]","[2, 3, 4]",[0.68794326 2.1920904  0.91725768],0.02,1.0,0.10181,2.14367,0.5,0.47776,"[0.51282, 0.375, 0.54545]",735,0.10245,2.02086,0.56818,0.54,"[0.58537, 0.42857, 0.60606]",625,STOPPED,32.99
164,20251218_135234,gaitset_62steps_mean.csv,Preset_33,MLP,42,47,"[896, 896, 896, 896]",mean,,96,4,896,silu,0.45,AdamW,,0.00015,1e-05,True,0.75,"[1, 2, 3, 4]","[2, 3, 4]",[0.68794326 2.1920904  0.91725768],0.02,1.0,0.10555,2.4976,0.45455,0.38959,"[0.4878, 0.16667, 0.51429]",1032,0.12412,2.41956,0.52273,0.44259,"[0.55, 0.16667, 0.61111]",816,STOPPED,45.959
165,20251218_135234,gln_93steps_mean.csv,Preset_33,MLP,42,35,"[896, 896, 896, 896]",mean,,96,4,896,silu,0.45,AdamW,,0.00015,1e-05,True,0.75,"[1, 2, 3, 4]","[2, 3, 4]",[0.68794326 2.1920904  0.91725768],0.02,1.0,0.10705,2.05114,0.47727,0.44389,"[0.57143, 0.31579, 0.44444]",938,0.63332,1.26164,0.56818,0.55617,"[0.61905, 0.53333, 0.51613]",254,STOPPED,42.615

166,20251218_135234,baseline_31steps_mean.csv,Preset_34,MLP,42,58,"[1024, 1024, 512]",mean,L2,128,3,1024,silu,0.4,Adam,,0.0002,0.0,True,0.8,"[1, 2, 3]","[2, 3]",[0.68794326 2.1920904  0.91725768],0.02,1.0,0.10321,1.61197,0.56818,0.4779,"[0.6087, 0.2, 0.625]",480,0.11738,1.62321,0.63636,0.59425,"[0.66667, 0.42857, 0.6875]",186,STOPPED,16.397
167,20251218_135234,gaitgl_64steps_mean.csv,Preset_34,MLP,42,74,"[1024, 1024, 512]",mean,L2,128,3,1024,silu,0.4,Adam,,0.0002,0.0,True,0.8,"[1, 2, 3]","[2, 3]",[0.68794326 2.1920904  0.91725768],0.02,1.0,0.10246,2.31523,0.43182,0.36914,"[0.53659, 0.13333, 0.4375]",633,0.10356,2.38655,0.47727,0.43333,"[0.55, 0.25, 0.5]",478,STOPPED,21.209
168,20251218_135234,gaitpart_16steps_mean.csv,Preset_34,MLP,42,66,"[1024, 1024, 512]",mean,L2,128,3,1024,silu,0.4,Adam,,0.0002,0.0,True,0.8,"[1, 2, 3]","[2, 3]",[0.68794326 2.1920904  0.91725768],0.02,1.0,0.10271,1.93347,0.47727,0.42983,"[0.57143, 0.23529, 0.48276]",713,0.16894,2.15068,0.5,0.47589,"[0.48649, 0.35294, 0.58824]",336,STOPPED,24.375
169,20251218_135234,gaitset_62steps_mean.csv,Preset_34,MLP,42,63,"[1024, 1024, 512]",mean,L2,128,3,1024,silu,0.4,Adam,,0.0002,0.0,True,0.8,"[1, 2, 3]","[2, 3]",[0.68794326 2.1920904  0.91725768],0.02,1.0,0.10219,2.21317,0.43182,0.31975,"[0.52174, 0.0, 0.4375]",564,0.71343,1.42297,0.45455,0.38866,"[0.51282, 0.16667, 0.48649]",112,STOPPED,18.944
170,20251218_135234,gln_93steps_mean.csv,Preset_34,MLP,42,48,"[1024, 1024, 512]",mean,L2,128,3,1024,silu,0.4,Adam,,0.0002,0.0,True,0.8,"[1, 2, 3]","[2, 3]",[0.68794326 2.1920904  0.91725768],0.02,1.0,0.1029,2.00179,0.43182,0.39269,"[0.5, 0.30769, 0.37037]",515,0.16818,1.91426,0.52273,0.49206,"[0.51429, 0.33333, 0.62857]",134,STOPPED,17.213

171,20251218_135234,baseline_31steps_mean.csv,Preset_35,MLP,42,74,"[1280, 896, 512, 256]",mean,L2,64,4,1280,silu,0.5,AdamW,,0.0002,1e-06,True,0.85,"[1, 3]","[1, 3]",[0.68794326 2.1920904  0.91725768],0.02,1.0,0.1014,1.65807,0.54545,0.41724,"[0.60465, 0.0, 0.64706]",605,0.10168,1.59302,0.61364,0.51503,"[0.65116, 0.16667, 0.72727]",505,STOPPED,31.884
172,20251218_135234,gaitgl_64steps_mean.csv,Preset_35,MLP,42,93,"[1280, 896, 512, 256]",mean,L2,64,4,1280,silu,0.5,AdamW,,0.0002,1e-06,True,0.85,"[1, 3]","[1, 3]",[0.68794326 2.1920904  0.91725768],0.02,1.0,0.10178,2.48194,0.38636,0.33555,"[0.46154, 0.13333, 0.41176]",583,0.25899,2.47838,0.5,0.40675,"[0.625, 0.16667, 0.42857]",221,STOPPED,30.993
173,20251218_135234,gaitpart_16steps_mean.csv,Preset_35,MLP,42,83,"[1280, 896, 512, 256]",mean,L2,64,4,1280,silu,0.5,AdamW,,0.0002,1e-06,True,0.85,"[1, 3]","[1, 3]",[0.68794326 2.1920904  0.91725768],0.02,1.0,0.10142,1.98592,0.47727,0.40585,"[0.53659, 0.16667, 0.51429]",606,0.10379,1.81655,0.59091,0.53315,"[0.61905, 0.33333, 0.64706]",506,STOPPED,32.11
174,20251218_135234,gaitset_62steps_mean.csv,Preset_35,MLP,42,80,"[1280, 896, 512, 256]",mean,L2,64,4,1280,silu,0.5,AdamW,,0.0002,1e-06,True,0.85,"[1, 3]","[1, 3]",[0.68794326 2.1920904  0.91725768],0.02,1.0,0.10142,2.21275,0.45455,0.33553,"[0.52174, 0.0, 0.48485]",546,0.10926,2.3233,0.52273,0.3804,"[0.59574, 0.0, 0.54545]",265,STOPPED,28.579
175,20251218_135234,gln_93steps_mean.csv,Preset_35,MLP,42,64,"[1280, 896, 512, 256]",mean,L2,64,4,1280,silu,0.5,AdamW,,0.0002,1e-06,True,0.85,"[1, 3]","[1, 3]",[0.68794326 2.1920904  0.91725768],0.02,1.0,0.10358,2.18676,0.38636,0.29296,"[0.52174, 0.0, 0.35714]",476,0.71798,1.30218,0.43182,0.42131,"[0.48649, 0.36364, 0.41379]",52,STOPPED,25.334

176,20251218_135234,baseline_31steps_mean.csv,Preset_36,MLP,42,98,"[512, 256]",mean,L2,64,2,512,silu,,RMSprop,,0.001,1e-07,True,0.9,[],[],[0.68794326 2.1920904  0.91725768],0.02,1.0,0.10204,3.99752,0.38636,0.37585,"[0.41176, 0.31579, 0.4]",1061,0.73118,1.32667,0.56818,0.51093,"[0.61905, 0.30769, 0.60606]",19,STOPPED,41.879
177,20251218_135234,gaitgl_64steps_mean.csv,Preset_36,MLP,42,117,"[512, 256]",mean,L2,64,2,512,silu,,RMSprop,,0.001,1e-07,True,0.9,[],[],[0.68794326 2.1920904  0.91725768],0.02,1.0,0.10307,2.21199,0.43182,0.41049,"[0.51163, 0.375, 0.34483]",1204,0.12891,2.41279,0.54545,0.51053,"[0.63636, 0.42857, 0.46667]",746,STOPPED,46.934
178,20251218_135234,gaitpart_16steps_mean.csv,Preset_36,MLP,42,105,"[512, 256]",mean,L2,64,2,512,silu,,RMSprop,,0.001,1e-07,True,0.9,[],[],[0.68794326 2.1920904  0.91725768],0.02,1.0,0.10475,3.41919,0.45455,0.38875,"[0.44444, 0.14286, 0.57895]",1444,0.63881,1.2231,0.59091,0.49796,"[0.63415, 0.15385, 0.70588]",101,STOPPED,56.354
179,20251218_135234,gaitset_62steps_mean.csv,Preset_36,MLP,42,104,"[512, 256]",mean,L2,64,2,512,silu,,RMSprop,,0.001,1e-07,True,0.9,[],[],[0.68794326 2.1920904  0.91725768],0.02,1.0,0.10285,3.25629,0.45455,0.39282,"[0.47368, 0.13333, 0.57143]",1154,0.11082,3.41597,0.45455,0.41667,"[0.5, 0.25, 0.5]",837,STOPPED,45.504
180,20251218_135234,gln_93steps_mean.csv,Preset_36,MLP,42,87,"[512, 256]",mean,L2,64,2,512,silu,,RMSprop,,0.001,1e-07,True,0.9,[],[],[0.68794326 2.1920904  0.91725768],0.02,1.0,0.10403,2.48865,0.45455,0.42712,"[0.48649, 0.33333, 0.46154]",901,0.10617,2.40292,0.5,0.46131,"[0.5641, 0.33333, 0.48649]",898,STOPPED,35.231

181,20251218_135234,baseline_31steps_mean.csv,Preset_37,MLP,42,59,"[512, 256]",mean,minmax,128,2,512,silu,0.3,Adam,,0.0001,1e-06,True,0.8,[1],[1],[0.68794326 2.1920904  0.91725768],0.02,1.0,0.11945,1.28629,0.56818,0.48407,"[0.6087, 0.15385, 0.68966]",1000,0.12348,1.28715,0.65909,0.61362,"[0.66667, 0.4, 0.77419]",878,STOPPED,29.083
182,20251218_135234,gaitgl_64steps_mean.csv,Preset_37,MLP,42,65,"[512, 256]",mean,minmax,128,2,512,silu,0.3,Adam,,0.0001,1e-06,True,0.8,[1],[1],[0.68794326 2.1920904  0.91725768],0.02,1.0,0.11805,1.87969,0.36364,0.2845,"[0.42105, 0.0, 0.43243]",979,0.12938,1.97832,0.5,0.38519,"[0.62222, 0.0, 0.53333]",671,STOPPED,28.73
183,20251218_135234,gaitpart_16steps_mean.csv,Preset_37,MLP,42,65,"[512, 256]",mean,minmax,128,2,512,silu,0.3,Adam,,0.0001,1e-06,True,0.8,[1],[1],[0.68794326 2.1920904  0.91725768],0.02,1.0,0.11916,1.37606,0.61364,0.57955,"[0.71795, 0.4, 0.62069]",900,0.1184,1.35572,0.63636,0.59895,"[0.73171, 0.44444, 0.62069]",873,STOPPED,26.184
184,20251218_135234,gaitset_62steps_mean.csv,Preset_37,MLP,42,63,"[512, 256]",mean,minmax,128,2,512,silu,0.3,Adam,,0.0001,1e-06,True,0.8,[1],[1],[0.68794326 2.1920904  0.91725768],0.02,1.0,0.12417,1.62415,0.43182,0.34832,"[0.51163, 0.0, 0.53333]",755,0.13037,1.62326,0.47727,0.43381,"[0.55, 0.23529, 0.51613]",598,STOPPED,22.03
185,20251218_135234,gln_93steps_mean.csv,Preset_37,MLP,42,50,"[512, 256]",mean,minmax,128,2,512,silu,0.3,Adam,,0.0001,1e-06,True,0.8,[1],[1],[0.68794326 2.1920904  0.91725768],0.02,1.0,0.12305,1.64482,0.45455,0.43409,"[0.48649, 0.31579, 0.5]",1055,0.18522,1.39086,0.52273,0.52273,"[0.55, 0.53333, 0.48485]",339,STOPPED,30.977

186,20251218_135234,baseline_31steps_mean.csv,Preset_38,MLP,42,256,"[1024, 768, 384, 192]",mean,minmax,80,4,1024,leakyrelu,0.55,SGD,0.9,0.002,1e-05,False,,[2],"[1, 3]",[0.68794326 2.1920904  0.91725768],0.02,1.0,0.11583,1.73702,0.47727,0.35904,"[0.53659, 0.0, 0.54054]",1192,0.22794,1.62155,0.59091,0.58655,"[0.6, 0.57143, 0.58824]",582,STOPPED,44.201
187,20251218_135234,gaitgl_64steps_mean.csv,Preset_38,MLP,42,256,"[1024, 768, 384, 192]",mean,minmax,80,4,1024,leakyrelu,0.55,SGD,0.9,0.002,1e-05,False,,[2],"[1, 3]",[0.68794326 2.1920904  0.91725768],0.02,1.0,0.12565,2.18552,0.45455,0.33016,"[0.53333, 0.0, 0.45714]",1026,0.29594,2.02433,0.47727,0.40476,"[0.57143, 0.14286, 0.5]",490,STOPPED,37.755
188,20251218_135234,gaitpart_16steps_mean.csv,Preset_38,MLP,42,256,"[1024, 768, 384, 192]",mean,minmax,80,4,1024,leakyrelu,0.55,SGD,0.9,0.002,1e-05,False,,[2],"[1, 3]",[0.68794326 2.1920904  0.91725768],0.02,1.0,0.11405,1.54548,0.52273,0.38472,"[0.6087, 0.0, 0.54545]",1076,0.12163,1.46958,0.65909,0.60978,"[0.71111, 0.42857, 0.68966]",885,STOPPED,40.024
189,20251218_135234,gaitset_62steps_mean.csv,Preset_38,MLP,42,256,"[1024, 768, 384, 192]",mean,minmax,80,4,1024,leakyrelu,0.55,SGD,0.9,0.002,1e-05,False,,[2],"[1, 3]",[0.68794326 2.1920904  0.91725768],0.02,1.0,0.12071,2.14557,0.45455,0.34286,"[0.57143, 0.0, 0.45714]",1083,0.12158,2.1747,0.54545,0.4943,"[0.5641, 0.30769, 0.61111]",983,STOPPED,39.951
190,20251218_135234,gln_93steps_mean.csv,Preset_38,MLP,42,256,"[1024, 768, 384, 192]",mean,minmax,80,4,1024,leakyrelu,0.55,SGD,0.9,0.002,1e-05,False,,[2],"[1, 3]",[0.68794326 2.1920904  0.91725768],0.02,1.0,0.11893,1.92075,0.5,0.40235,"[0.64, 0.22222, 0.34483]",1207,0.12448,1.78935,0.59091,0.49603,"[0.66667, 0.25, 0.57143]",871,STOPPED,44.446

191,20251218_135234,baseline_31steps_mean.csv,Preset_39,MLP,42,59,"[1280, 1024, 768, 512]",mean,minmax,64,4,1280,silu,0.5,AdamW,,0.00015,5e-06,True,0.8,"[1, 2, 3]","[2, 3]",[0.68794326 2.1920904  0.91725768],0.02,1.0,0.10169,1.5384,0.56818,0.47933,"[0.60465, 0.16667, 0.66667]",321,0.11036,1.46338,0.65909,0.58744,"[0.69565, 0.33333, 0.73333]",80,STOPPED,18.261
192,20251218_135234,gaitgl_64steps_mean.csv,Preset_39,MLP,42,65,"[1280, 1024, 768, 512]",mean,minmax,64,4,1280,silu,0.5,AdamW,,0.00015,5e-06,True,0.8,"[1, 2, 3]","[2, 3]",[0.68794326 2.1920904  0.91725768],0.02,1.0,0.1019,1.82598,0.52273,0.39305,"[0.59091, 0.0, 0.58824]",316,0.10392,1.7808,0.59091,0.43791,"[0.66667, 0.0, 0.64706]",162,STOPPED,18.142
193,20251218_135234,gaitpart_16steps_mean.csv,Preset_39,MLP,42,65,"[1280, 1024, 768, 512]",mean,minmax,64,4,1280,silu,0.5,AdamW,,0.00015,5e-06,True,0.8,"[1, 2, 3]","[2, 3]",[0.68794326 2.1920904  0.91725768],0.02,1.0,0.1013,1.69325,0.5,0.38519,"[0.62222, 0.0, 0.53333]",316,0.12252,1.78528,0.59091,0.52145,"[0.69767, 0.26667, 0.6]",38,STOPPED,18.004
194,20251218_135234,gaitset_62steps_mean.csv,Preset_39,MLP,42,63,"[1280, 1024, 768, 512]",mean,minmax,64,4,1280,silu,0.5,AdamW,,0.00015,5e-06,True,0.8,"[1, 2, 3]","[2, 3]",[0.68794326 2.1920904  0.91725768],0.02,1.0,0.10157,1.94421,0.45455,0.33493,"[0.55319, 0.0, 0.45161]",347,0.74777,1.23082,0.43182,0.40851,"[0.55, 0.35294, 0.32258]",7,STOPPED,19.486
195,20251218_135234,gln_93steps_mean.csv,Preset_39,MLP,42,50,"[1280, 1024, 768, 512]",mean,minmax,64,4,1280,silu,0.5,AdamW,,0.00015,5e-06,True,0.8,"[1, 2, 3]","[2, 3]",[0.68794326 2.1920904  0.91725768],0.02,1.0,0.10897,2.25616,0.36364,0.31618,"[0.43902, 0.16667, 0.34286]",399,0.7499,1.11682,0.5,0.48523,"[0.51429, 0.42857, 0.51282]",8,STOPPED,23.012

196,20251218_135234,baseline_31steps_mean.csv,Preset_40,MLP,42,256,"[896, 576, 288]",max,minmax,80,3,896,silu,0.45,AdamW,,0.001,5e-05,False,,"[1, 2, 3]","[1, 2]",[0.68794326 2.1920904  0.91725768],0.02,1.0,0.13071,1.82684,0.5,0.38195,"[0.56522, 0.0, 0.58065]",434,0.19085,2.00295,0.54545,0.46154,"[0.5641, 0.15385, 0.66667]",334,STOPPED,17.127
197,20251218_135234,gaitgl_64steps_mean.csv,Preset_40,MLP,42,256,"[896, 576, 288]",max,minmax,80,3,896,silu,0.45,AdamW,,0.001,5e-05,False,,"[1, 2, 3]","[1, 2]",[0.68794326 2.1920904  0.91725768],0.02,1.0,0.11896,2.93092,0.27273,0.20926,"[0.27778, 0.0, 0.35]",601,0.11224,2.57866,0.47727,0.44161,"[0.56522, 0.375, 0.38462]",459,STOPPED,23.633
198,20251218_135234,gaitpart_16steps_mean.csv,Preset_40,MLP,42,256,"[896, 576, 288]",max,minmax,80,3,896,silu,0.45,AdamW,,0.001,5e-05,False,,"[1, 2, 3]","[1, 2]",[0.68794326 2.1920904  0.91725768],0.02,1.0,0.14244,2.42062,0.43182,0.37033,"[0.45714, 0.15385, 0.5]",537,0.13287,1.95316,0.56818,0.52927,"[0.68182, 0.44444, 0.46154]",450,STOPPED,20.761
199,20251218_135234,gaitset_62steps_mean.csv,Preset_40,MLP,42,256,"[896, 576, 288]",max,minmax,80,3,896,silu,0.45,AdamW,,0.001,5e-05,False,,"[1, 2, 3]","[1, 2]",[0.68794326 2.1920904  0.91725768],0.02,1.0,0.1377,1.85366,0.54545,0.4078,"[0.7234, 0.0, 0.5]",414,0.36301,1.40442,0.61364,0.5638,"[0.71111, 0.42857, 0.55172]",184,STOPPED,16.485
200,20251218_135234,gln_93steps_mean.csv,Preset_40,MLP,42,256,"[896, 576, 288]",max,minmax,80,3,896,silu,0.45,AdamW,,0.001,5e-05,False,,"[1, 2, 3]","[1, 2]",[0.68794326 2.1920904  0.91725768],0.02,1.0,0.12245,2.29194,0.45455,0.34343,"[0.54545, 0.0, 0.48485]",503,0.13287,2.37072,0.5,0.45425,"[0.54054, 0.26667, 0.55556]",420,STOPPED,19.804

201,20251218_135234,baseline_31steps_mean.csv,Preset_41,MLP,42,37,"[1024, 768, 512]",mean,minmax,96,3,1024,gelu,0.4,AdamW,,0.0002,1e-05,True,0.7,"[1, 2, 3]","[2, 3]",[0.68794326 2.1920904  0.91725768],0.02,1.0,0.10233,1.41021,0.59091,0.49483,"[0.65116, 0.16667, 0.66667]",370,0.1404,1.21838,0.65909,0.63131,"[0.66667, 0.5, 0.72727]",24,STOPPED,14.174
202,20251218_135234,gaitgl_64steps_mean.csv,Preset_41,MLP,42,38,"[1024, 768, 512]",mean,minmax,96,3,1024,gelu,0.4,AdamW,,0.0002,1e-05,True,0.7,"[1, 2, 3]","[2, 3]",[0.68794326 2.1920904  0.91725768],0.02,1.0,0.1023,1.78569,0.54545,0.40408,"[0.61224, 0.0, 0.6]",381,0.10506,1.71667,0.59091,0.49449,"[0.6383, 0.2, 0.64516]",194,STOPPED,14.955
203,20251218_135234,gaitpart_16steps_mean.csv,Preset_41,MLP,42,41,"[1024, 768, 512]",mean,minmax,96,3,1024,gelu,0.4,AdamW,,0.0002,1e-05,True,0.7,"[1, 2, 3]","[2, 3]",[0.68794326 2.1920904  0.91725768],0.02,1.0,0.1025,1.42049,0.56818,0.53222,"[0.63415, 0.4, 0.5625]",376,0.11091,1.46321,0.61364,0.56667,"[0.7, 0.375, 0.625]",62,STOPPED,14.382
204,20251218_135234,gaitset_62steps_mean.csv,Preset_41,MLP,42,39,"[1024, 768, 512]",mean,minmax,96,3,1024,gelu,0.4,AdamW,,0.0002,1e-05,True,0.7,"[1, 2, 3]","[2, 3]",[0.68794326 2.1920904  0.91725768],0.02,1.0,0.10263,1.92691,0.5,0.41919,"[0.59091, 0.16667, 0.5]",340,0.11052,2.04268,0.54545,0.51266,"[0.60465, 0.4, 0.53333]",112,STOPPED,13.315
205,20251218_135234,gln_93steps_mean.csv,Preset_41,MLP,42,30,"[1024, 768, 512]",mean,minmax,96,3,1024,gelu,0.4,AdamW,,0.0002,1e-05,True,0.7,"[1, 2, 3]","[2, 3]",[0.68794326 2.1920904  0.91725768],0.02,1.0,0.1026,1.52972,0.56818,0.51717,"[0.66667, 0.4, 0.48485]",372,0.1041,1.44825,0.59091,0.56554,"[0.65116, 0.5, 0.54545]",251,STOPPED,14.758

206,20251218_135234,baseline_31steps_mean.csv,Preset_42,MLP,42,37,"[640, 448, 256]",mean,minmax,64,3,640,relu,0.35,RMSprop,,8e-05,5e-05,True,0.7,"[1, 2]","[1, 2, 3]",[0.68794326 2.1920904  0.91725768],0.02,1.0,0.11958,1.01644,0.70455,0.67871,"[0.7, 0.57143, 0.76471]",723,0.17811,1.05415,0.72727,0.72633,"[0.7, 0.71429, 0.76471]",259,STOPPED,34.852
207,20251218_135234,gaitgl_64steps_mean.csv,Preset_42,MLP,42,38,"[640, 448, 256]",mean,minmax,64,3,640,relu,0.35,RMSprop,,8e-05,5e-05,True,0.7,"[1, 2]","[1, 2, 3]",[0.68794326 2.1920904  0.91725768],0.02,1.0,0.12164,1.85147,0.54545,0.40188,"[0.625, 0.0, 0.58065]",736,0.24862,1.92975,0.56818,0.47601,"[0.63636, 0.16667, 0.625]",233,STOPPED,35.577
208,20251218_135234,gaitpart_16steps_mean.csv,Preset_42,MLP,42,41,"[640, 448, 256]",mean,minmax,64,3,640,relu,0.35,RMSprop,,8e-05,5e-05,True,0.7,"[1, 2]","[1, 2, 3]",[0.68794326 2.1920904  0.91725768],0.02,1.0,0.11035,1.4833,0.47727,0.36822,"[0.60465, 0.0, 0.5]",911,0.21491,1.75356,0.54545,0.4793,"[0.65217, 0.28571, 0.5]",174,STOPPED,43.994
209,20251218_135234,gaitset_62steps_mean.csv,Preset_42,MLP,42,39,"[640, 448, 256]",mean,minmax,64,3,640,relu,0.35,RMSprop,,8e-05,5e-05,True,0.7,"[1, 2]","[1, 2, 3]",[0.68794326 2.1920904  0.91725768],0.02,1.0,0.12169,1.71035,0.5,0.35979,"[0.62222, 0.0, 0.45714]",649,0.71323,1.18722,0.47727,0.45445,"[0.5641, 0.375, 0.42424]",41,STOPPED,31.531
210,20251218_135234,gln_93steps_mean.csv,Preset_42,MLP,42,30,"[640, 448, 256]",mean,minmax,64,3,640,relu,0.35,RMSprop,,8e-05,5e-05,True,0.7,"[1, 2]","[1, 2, 3]",[0.68794326 2.1920904  0.91725768],0.02,1.0,0.11965,1.66737,0.52273,0.47575,"[0.57778, 0.33333, 0.51613]",1105,0.11709,1.63489,0.54545,0.50396,"[0.59574, 0.4, 0.51613]",953,STOPPED,53.391

211,20251218_135234,baseline_31steps_mean.csv,Preset_43,MLP,42,59,"[2048, 1024, 512]",mean,minmax,64,3,2048,silu,0.45,AdamW,,0.0002,1e-06,True,0.8,"[1, 2, 3]",[2],[0.68794326 2.1920904  0.91725768],0.02,1.0,0.10166,1.38366,0.59091,0.4975,"[0.65116, 0.15385, 0.6875]",294,0.11506,1.3952,0.65909,0.61508,"[0.66667, 0.42857, 0.75]",30,STOPPED,15.844
212,20251218_135234,gaitgl_64steps_mean.csv,Preset_43,MLP,42,65,"[2048, 1024, 512]",mean,minmax,64,3,2048,silu,0.45,AdamW,,0.0002,1e-06,True,0.8,"[1, 2, 3]",[2],[0.68794326 2.1920904  0.91725768],0.02,1.0,0.10284,1.74645,0.54545,0.40613,"[0.66667, 0.0, 0.55172]",231,0.10232,1.76718,0.61364,0.46105,"[0.69565, 0.0, 0.6875]",131,STOPPED,12.34
213,20251218_135234,gaitpart_16steps_mean.csv,Preset_43,MLP,42,65,"[2048, 1024, 512]",mean,minmax,64,3,2048,silu,0.45,AdamW,,0.0002,1e-06,True,0.8,"[1, 2, 3]",[2],[0.68794326 2.1920904  0.91725768],0.02,1.0,0.10114,1.55991,0.54545,0.42424,"[0.66667, 0.0, 0.60606]",209,0.11147,1.59235,0.61364,0.57672,"[0.71429, 0.44444, 0.57143]",23,STOPPED,10.07
214,20251218_135234,gaitset_62steps_mean.csv,Preset_43,MLP,42,63,"[2048, 1024, 512]",mean,minmax,64,3,2048,silu,0.45,AdamW,,0.0002,1e-06,True,0.8,"[1, 2, 3]",[2],[0.68794326 2.1920904  0.91725768],0.02,1.0,0.10129,2.04012,0.45455,0.34444,"[0.53333, 0.0, 0.5]",216,0.10457,2.09331,0.47727,0.40404,"[0.54545, 0.16667, 0.5]",106,STOPPED,12.322
215,20251218_135234,gln_93steps_mean.csv,Preset_43,MLP,42,50,"[2048, 1024, 512]",mean,minmax,64,3,2048,silu,0.45,AdamW,,0.0002,1e-06,True,0.8,"[1, 2, 3]",[2],[0.68794326 2.1920904  0.91725768],0.02,1.0,0.10104,2.06652,0.40909,0.3826,"[0.46512, 0.30769, 0.375]",302,0.67338,1.22576,0.5,0.47311,"[0.54054, 0.33333, 0.54545]",4,STOPPED,16.976

216,20251218_135234,baseline_31steps_mean.csv,Preset_44,MLP,42,58,"[896, 640, 320, 192]",mean,L2,80,4,896,leakyrelu,0.5,Adam,,0.0002,1e-07,True,0.8,"[2, 3]","[2, 3]",[0.68794326 2.1920904  0.91725768],0.02,1.0,0.10323,1.69404,0.61364,0.51322,"[0.65217, 0.2, 0.6875]",291,0.10745,1.84055,0.63636,0.5726,"[0.66667, 0.36364, 0.6875]",146,STOPPED,11.269
217,20251218_135234,gaitgl_64steps_mean.csv,Preset_44,MLP,42,74,"[896, 640, 320, 192]",mean,L2,80,4,896,leakyrelu,0.5,Adam,,0.0002,1e-07,True,0.8,"[2, 3]","[2, 3]",[0.68794326 2.1920904  0.91725768],0.02,1.0,0.10392,2.23723,0.45455,0.3373,"[0.58333, 0.0, 0.42857]",348,0.42102,1.98824,0.43182,0.39746,"[0.48649, 0.23529, 0.47059]",99,STOPPED,13.295
218,20251218_135234,gaitpart_16steps_mean.csv,Preset_44,MLP,42,66,"[896, 640, 320, 192]",mean,L2,80,4,896,leakyrelu,0.5,Adam,,0.0002,1e-07,True,0.8,"[2, 3]","[2, 3]",[0.68794326 2.1920904  0.91725768],0.02,1.0,0.10255,1.65269,0.61364,0.54489,"[0.68182, 0.30769, 0.64516]",376,0.10473,1.61097,0.65909,0.58742,"[0.71111, 0.36364, 0.6875]",242,STOPPED,14.474
219,20251218_135234,gaitset_62steps_mean.csv,Preset_44,MLP,42,63,"[896, 640, 320, 192]",mean,L2,80,4,896,leakyrelu,0.5,Adam,,0.0002,1e-07,True,0.8,"[2, 3]","[2, 3]",[0.68794326 2.1920904  0.91725768],0.02,1.0,0.1029,2.416,0.47727,0.39879,"[0.59091, 0.15385, 0.45161]",394,0.13924,2.5674,0.5,0.45198,"[0.58537, 0.28571, 0.48485]",135,STOPPED,14.961
220,20251218_135234,gln_93steps_mean.csv,Preset_44,MLP,42,48,"[896, 640, 320, 192]",mean,L2,80,4,896,leakyrelu,0.5,Adam,,0.0002,1e-07,True,0.8,"[2, 3]","[2, 3]",[0.68794326 2.1920904  0.91725768],0.02,1.0,0.103,2.06448,0.47727,0.40923,"[0.6, 0.30769, 0.32]",359,0.16886,1.80204,0.54545,0.50917,"[0.65217, 0.46154, 0.41379]",91,STOPPED,13.773

221,20251218_135234,baseline_31steps_mean.csv,Preset_45,MLP,42,35,"[768, 512, 256]",mean,L2,64,3,768,silu,0.4,AdamW,,0.0002,1e-05,True,0.7,"[1, 2, 3]","[2, 3]",[0.68794326 2.1920904  0.91725768],0.02,1.0,0.10417,1.53206,0.59091,0.53315,"[0.61905, 0.33333, 0.64706]",525,0.11657,1.72782,0.68182,0.6591,"[0.7, 0.57143, 0.70588]",251,STOPPED,25.54
222,20251218_135234,gaitgl_64steps_mean.csv,Preset_45,MLP,42,47,"[768, 512, 256]",mean,L2,64,3,768,silu,0.4,AdamW,,0.0002,1e-05,True,0.7,"[1, 2, 3]","[2, 3]",[0.68794326 2.1920904  0.91725768],0.02,1.0,0.10263,2.2534,0.43182,0.31117,"[0.52174, 0.0, 0.41176]",659,0.66584,1.37255,0.47727,0.4581,"[0.4878, 0.4, 0.48649]",163,STOPPED,31.403
223,20251218_135234,gaitpart_16steps_mean.csv,Preset_45,MLP,42,42,"[768, 512, 256]",mean,L2,64,3,768,silu,0.4,AdamW,,0.0002,1e-05,True,0.7,"[1, 2, 3]","[2, 3]",[0.68794326 2.1920904  0.91725768],0.02,1.0,0.10201,1.65559,0.59091,0.52681,"[0.66667, 0.30769, 0.60606]",1111,0.10262,1.66693,0.63636,0.59474,"[0.69767, 0.46154, 0.625]",1011,STOPPED,53.195
224,20251218_135234,gaitset_62steps_mean.csv,Preset_45,MLP,42,38,"[768, 512, 256]",mean,L2,64,3,768,silu,0.4,AdamW,,0.0002,1e-05,True,0.7,"[1, 2, 3]","[2, 3]",[0.68794326 2.1920904  0.91725768],0.02,1.0,0.10352,2.27521,0.45455,0.33838,"[0.59091, 0.0, 0.42424]",674,0.23389,2.25815,0.47727,0.43607,"[0.54054, 0.22222, 0.54545]",251,STOPPED,32.297
225,20251218_135234,gln_93steps_mean.csv,Preset_45,MLP,42,28,"[768, 512, 256]",mean,L2,64,3,768,silu,0.4,AdamW,,0.0002,1e-05,True,0.7,"[1, 2, 3]","[2, 3]",[0.68794326 2.1920904  0.91725768],0.02,1.0,0.10405,2.08515,0.5,0.41579,"[0.59574, 0.2, 0.45161]",635,0.53912,1.40579,0.47727,0.47886,"[0.53659, 0.5, 0.4]",89,STOPPED,30.421

226,20251218_135234,baseline_31steps_mean.csv,Preset_46,MLP,42,45,"[640, 384, 256]",mean,L2,128,3,640,gelu,0.35,AdamW,,0.0002,1e-05,True,0.75,[1],"[1, 2]",[0.68794326 2.1920904  0.91725768],0.02,1.0,0.10459,1.27691,0.61364,0.51681,"[0.61905, 0.16667, 0.76471]",956,0.10687,1.27721,0.65909,0.58741,"[0.66667, 0.30769, 0.78788]",824,STOPPED,28.17
227,20251218_135234,gaitgl_64steps_mean.csv,Preset_46,MLP,42,59,"[640, 384, 256]",mean,L2,128,3,640,gelu,0.35,AdamW,,0.0002,1e-05,True,0.75,[1],"[1, 2]",[0.68794326 2.1920904  0.91725768],0.02,1.0,0.10649,1.63266,0.52273,0.40096,"[0.62222, 0.0, 0.58065]",746,0.11728,1.60908,0.59091,0.4894,"[0.68085, 0.16667, 0.62069]",482,STOPPED,21.82
228,20251218_135234,gaitpart_16steps_mean.csv,Preset_46,MLP,42,52,"[640, 384, 256]",mean,L2,128,3,640,gelu,0.35,AdamW,,0.0002,1e-05,True,0.75,[1],"[1, 2]",[0.68794326 2.1920904  0.91725768],0.02,1.0,0.10415,1.4973,0.47727,0.41081,"[0.53659, 0.13333, 0.5625]",917,0.13998,1.38184,0.54545,0.51667,"[0.55, 0.375, 0.625]",387,STOPPED,25.558
229,20251218_135234,gaitset_62steps_mean.csv,Preset_46,MLP,42,49,"[640, 384, 256]",mean,L2,128,3,640,gelu,0.35,AdamW,,0.0002,1e-05,True,0.75,[1],"[1, 2]",[0.68794326 2.1920904  0.91725768],0.02,1.0,0.10434,1.77359,0.40909,0.30278,"[0.53333, 0.0, 0.375]",1001,0.71643,1.28222,0.43182,0.43787,"[0.37838, 0.46154, 0.47368]",165,STOPPED,31.59
230,20251218_135234,gln_93steps_mean.csv,Preset_46,MLP,42,37,"[640, 384, 256]",mean,L2,128,3,640,gelu,0.35,AdamW,,0.0002,1e-05,True,0.75,[1],"[1, 2]",[0.68794326 2.1920904  0.91725768],0.02,1.0,0.10851,1.53817,0.43182,0.35848,"[0.53061, 0.2, 0.34483]",882,0.39592,1.30507,0.47727,0.47168,"[0.5, 0.44444, 0.47059]",163,STOPPED,29.187

231,20251218_135234,baseline_31steps_mean.csv,Preset_47,MLP,42,256,"[768, 512, 256]",mean,,96,3,768,silu,0.45,AdamW,,0.0002,1e-06,False,,"[1, 2]","[1, 2]",[0.68794326 2.1920904  0.91725768],0.02,1.0,0.1031,2.21122,0.45455,0.35238,"[0.45714, 0.0, 0.6]",521,0.14765,2.21281,0.54545,0.52245,"[0.55814, 0.42857, 0.58065]",215,STOPPED,18.769
232,20251218_135234,gaitgl_64steps_mean.csv,Preset_47,MLP,42,256,"[768, 512, 256]",mean,,96,3,768,silu,0.45,AdamW,,0.0002,1e-06,False,,"[1, 2]","[1, 2]",[0.68794326 2.1920904  0.91725768],0.02,1.0,0.13762,2.32243,0.45455,0.32628,"[0.65385, 0.125, 0.2]",657,0.68657,1.52175,0.43182,0.42182,"[0.54545, 0.32, 0.4]",98,STOPPED,24.42
233,20251218_135234,gaitpart_16steps_mean.csv,Preset_47,MLP,42,256,"[768, 512, 256]",mean,,96,3,768,silu,0.45,AdamW,,0.0002,1e-06,False,,"[1, 2]","[1, 2]",[0.68794326 2.1920904  0.91725768],0.02,1.0,0.11,1.64967,0.5,0.42783,"[0.55556, 0.13333, 0.59459]",1067,0.13516,1.43446,0.61364,0.59342,"[0.6, 0.47059, 0.70968]",596,STOPPED,38.798
234,20251218_135234,gaitset_62steps_mean.csv,Preset_47,MLP,42,256,"[768, 512, 256]",mean,,96,3,768,silu,0.45,AdamW,,0.0002,1e-06,False,,"[1, 2]","[1, 2]",[0.68794326 2.1920904  0.91725768],0.02,1.0,0.10402,2.38024,0.40909,0.35371,"[0.47619, 0.13333, 0.45161]",1059,0.10911,2.33852,0.5,0.44599,"[0.60465, 0.26667, 0.46667]",769,STOPPED,38.884
235,20251218_135234,gln_93steps_mean.csv,Preset_47,MLP,42,256,"[768, 512, 256]",mean,,96,3,768,silu,0.45,AdamW,,0.0002,1e-06,False,,"[1, 2]","[1, 2]",[0.68794326 2.1920904  0.91725768],0.02,1.0,0.10342,1.97199,0.47727,0.40289,"[0.57143, 0.16667, 0.47059]",526,0.12503,2.0751,0.52273,0.44197,"[0.58537, 0.2, 0.54054]",229,STOPPED,18.7

236,20251218_135234,baseline_31steps_mean.csv,Preset_48,MLP,42,256,"[512, 512, 768]",mean,L2,96,3,512,gelu,0.35,AdamW,,0.00018,1e-05,False,,[],[],[0.68794326 2.1920904  0.91725768],0.02,1.0,0.12753,5.39614,0.45455,0.41653,"[0.5, 0.23529, 0.51429]",1468,0.74842,1.18768,0.54545,0.522,"[0.52632, 0.42857, 0.61111]",80,STOPPED,46.143
237,20251218_135234,gaitgl_64steps_mean.csv,Preset_48,MLP,42,256,"[512, 512, 768]",mean,L2,96,3,512,gelu,0.35,AdamW,,0.00018,1e-05,False,,[],[],[0.68794326 2.1920904  0.91725768],0.02,1.0,0.1544,3.35018,0.45455,0.34222,"[0.68182, 0.0, 0.34483]",1311,0.18401,3.58224,0.52273,0.4447,"[0.72727, 0.22222, 0.38462]",1154,STOPPED,41.042
238,20251218_135234,gaitpart_16steps_mean.csv,Preset_48,MLP,42,256,"[512, 512, 768]",mean,L2,96,3,512,gelu,0.35,AdamW,,0.00018,1e-05,False,,[],[],[0.68794326 2.1920904  0.91725768],0.02,1.0,0.18881,2.82671,0.52273,0.44414,"[0.55, 0.15385, 0.62857]",1569,0.52765,1.31095,0.63636,0.55624,"[0.72, 0.33333, 0.61538]",291,STOPPED,49.453
239,20251218_135234,gaitset_62steps_mean.csv,Preset_48,MLP,42,256,"[512, 512, 768]",mean,L2,96,3,512,gelu,0.35,AdamW,,0.00018,1e-05,False,,[],[],[0.68794326 2.1920904  0.91725768],0.02,1.0,0.21195,6.0,0.31818,0.24279,"[0.35, 0.0, 0.37838]",1814,0.71059,1.46794,0.45455,0.45306,"[0.32258, 0.5, 0.53659]",130,STOPPED,57.472
240,20251218_135234,gln_93steps_mean.csv,Preset_48,MLP,42,256,"[512, 512, 768]",mean,L2,96,3,512,gelu,0.35,AdamW,,0.00018,1e-05,False,,[],[],[0.68794326 2.1920904  0.91725768],0.02,1.0,0.12703,3.29177,0.54545,0.49376,"[0.58537, 0.30769, 0.58824]",1296,0.26544,2.62425,0.56818,0.52751,"[0.57143, 0.4, 0.61111]",319,STOPPED,40.636

241,20251218_135234,baseline_31steps_mean.csv,Preset_49,MLP,42,256,"[896, 896, 640, 320]",mean,minmax,48,4,896,gelu,0.45,Adam,,0.00018,5e-07,False,,[1],"[2, 3]",[0.68794326 2.1920904  0.91725768],0.02,1.0,0.1013,1.46335,0.54545,0.49506,"[0.57143, 0.30769, 0.60606]",271,0.15321,1.47371,0.61364,0.5882,"[0.65116, 0.47059, 0.64286]",38,STOPPED,15.862
242,20251218_135234,gaitgl_64steps_mean.csv,Preset_49,MLP,42,256,"[896, 896, 640, 320]",mean,minmax,48,4,896,gelu,0.45,Adam,,0.00018,5e-07,False,,[1],"[2, 3]",[0.68794326 2.1920904  0.91725768],0.02,1.0,0.10135,2.02026,0.31818,0.22609,"[0.47826, 0.0, 0.2]",298,0.1131,1.95261,0.56818,0.37481,"[0.68966, 0.0, 0.43478]",90,STOPPED,18.387
243,20251218_135234,gaitpart_16steps_mean.csv,Preset_49,MLP,42,256,"[896, 896, 640, 320]",mean,minmax,48,4,896,gelu,0.45,Adam,,0.00018,5e-07,False,,[1],"[2, 3]",[0.68794326 2.1920904  0.91725768],0.02,1.0,0.10184,1.2312,0.54545,0.46227,"[0.61538, 0.14286, 0.62857]",498,0.11635,1.55616,0.63636,0.59811,"[0.58065, 0.44444, 0.76923]",398,STOPPED,29.781
244,20251218_135234,gaitset_62steps_mean.csv,Preset_49,MLP,42,256,"[896, 896, 640, 320]",mean,minmax,48,4,896,gelu,0.45,Adam,,0.00018,5e-07,False,,[1],"[2, 3]",[0.68794326 2.1920904  0.91725768],0.02,1.0,0.10166,1.81663,0.38636,0.35925,"[0.35294, 0.21053, 0.51429]",251,0.11293,1.54143,0.54545,0.49393,"[0.61905, 0.33333, 0.52941]",64,STOPPED,16.089
245,20251218_135234,gln_93steps_mean.csv,Preset_49,MLP,42,256,"[896, 896, 640, 320]",mean,minmax,48,4,896,gelu,0.45,Adam,,0.00018,5e-07,False,,[1],"[2, 3]",[0.68794326 2.1920904  0.91725768],0.02,1.0,0.10129,1.49613,0.45455,0.37935,"[0.59091, 0.13333, 0.41379]",282,0.14561,1.25988,0.61364,0.55,"[0.65, 0.33333, 0.66667]",39,STOPPED,16.39

246,20251218_135234,baseline_31steps_mean.csv,Preset_50,MLP,42,256,"[384, 256, 128]",mean,,48,3,384,leakyrelu,0.2,Adam,,0.0008,0.0,False,,[3],"[1, 2]",[0.68794326 2.1920904  0.91725768],0.02,1.0,0.13819,2.2956,0.45455,0.33676,"[0.47368, 0.0, 0.53659]",411,0.12323,1.86902,0.59091,0.5602,"[0.58537, 0.42857, 0.66667]",285,STOPPED,22.836
247,20251218_135234,gaitgl_64steps_mean.csv,Preset_50,MLP,42,256,"[384, 256, 128]",mean,,48,3,384,leakyrelu,0.2,Adam,,0.0008,0.0,False,,[3],"[1, 2]",[0.68794326 2.1920904  0.91725768],0.02,1.0,0.42169,1.94331,0.43182,0.33948,"[0.60465, 0.0, 0.41379]",541,0.55684,1.32587,0.54545,0.49392,"[0.63415, 0.33333, 0.51429]",224,STOPPED,29.468
248,20251218_135234,gaitpart_16steps_mean.csv,Preset_50,MLP,42,256,"[384, 256, 128]",mean,,48,3,384,leakyrelu,0.2,Adam,,0.0008,0.0,False,,[3],"[1, 2]",[0.68794326 2.1920904  0.91725768],0.02,1.0,0.54796,1.51821,0.40909,0.31951,"[0.3871, 0.0, 0.57143]",289,0.67962,1.20424,0.59091,0.52072,"[0.68, 0.36364, 0.51852]",162,STOPPED,15.518
249,20251218_135234,gaitset_62steps_mean.csv,Preset_50,MLP,42,256,"[384, 256, 128]",mean,,48,3,384,leakyrelu,0.2,Adam,,0.0008,0.0,False,,[3],"[1, 2]",[0.68794326 2.1920904  0.91725768],0.02,1.0,0.30532,2.74,0.34091,0.26063,"[0.34286, 0.0, 0.43902]",626,0.28121,2.30512,0.45455,0.4123,"[0.55, 0.23529, 0.45161]",453,STOPPED,34.962
250,20251218_135234,gln_93steps_mean.csv,Preset_50,MLP,42,256,"[384, 256, 128]",mean,,48,3,384,leakyrelu,0.2,Adam,,0.0008,0.0,False,,[3],"[1, 2]",[0.68794326 2.1920904  0.91725768],0.02,1.0,0.10199,2.65822,0.40909,0.34127,"[0.53333, 0.13333, 0.35714]",364,0.10392,1.93041,0.59091,0.49517,"[0.6383, 0.22222, 0.625]",222,STOPPED,18.392

251,20251218_135234,baseline_31steps_mean.csv,Preset_51,MLP,42,58,"[1280, 896, 512, 256]",mean,L2,64,4,1280,silu,0.45,Adam,,0.0002,2e-07,True,0.8,"[1, 2]","[1, 2, 3]",[0.68794326 2.1920904  0.91725768],0.02,1.0,0.10712,1.64135,0.56818,0.48091,"[0.62222, 0.15385, 0.66667]",484,0.11277,1.49679,0.68182,0.56589,"[0.69767, 0.2, 0.8]",271,STOPPED,25.529
252,20251218_135234,gaitgl_64steps_mean.csv,Preset_51,MLP,42,74,"[1280, 896, 512, 256]",mean,L2,64,4,1280,silu,0.45,Adam,,0.0002,2e-07,True,0.8,"[1, 2]","[1, 2, 3]",[0.68794326 2.1920904  0.91725768],0.02,1.0,0.10265,2.144,0.36364,0.30635,"[0.51163, 0.11111, 0.2963]",550,0.1188,2.22549,0.5,0.42121,"[0.60465, 0.14286, 0.51613]",279,STOPPED,28.936
253,20251218_135234,gaitpart_16steps_mean.csv,Preset_51,MLP,42,66,"[1280, 896, 512, 256]",mean,L2,64,4,1280,silu,0.45,Adam,,0.0002,2e-07,True,0.8,"[1, 2]","[1, 2, 3]",[0.68794326 2.1920904  0.91725768],0.02,1.0,0.1013,2.09954,0.5,0.45141,"[0.57143, 0.26667, 0.51613]",641,0.10204,2.13555,0.54545,0.49506,"[0.57143, 0.30769, 0.60606]",541,STOPPED,33.5
254,20251218_135234,gaitset_62steps_mean.csv,Preset_51,MLP,42,63,"[1280, 896, 512, 256]",mean,L2,64,4,1280,silu,0.45,Adam,,0.0002,2e-07,True,0.8,"[1, 2]","[1, 2, 3]",[0.68794326 2.1920904  0.91725768],0.02,1.0,0.10562,2.30981,0.40909,0.30725,"[0.52174, 0.0, 0.4]",503,0.71606,1.37821,0.45455,0.44364,"[0.44444, 0.4, 0.48649]",134,STOPPED,25.901
255,20251218_135234,gln_93steps_mean.csv,Preset_51,MLP,42,48,"[1280, 896, 512, 256]",mean,L2,64,4,1280,silu,0.45,Adam,,0.0002,2e-07,True,0.8,"[1, 2]","[1, 2, 3]",[0.68794326 2.1920904  0.91725768],0.02,1.0,0.10259,1.88538,0.52273,0.46731,"[0.6383, 0.36364, 0.4]",578,0.10795,1.83593,0.56818,0.54197,"[0.66667, 0.54545, 0.41379]",344,STOPPED,30.213

256,20251218_135234,baseline_31steps_mean.csv,Preset_52,MLP,42,36,"[512, 384, 256]",max,L2,128,3,512,silu,0.5,Adam,,0.0001,1e-06,True,0.65,[2],[3],[0.68794326 2.1920904  0.91725768],0.02,1.0,0.11519,1.88585,0.54545,0.40816,"[0.65306, 0.0, 0.57143]",1334,0.1368,2.04089,0.54545,0.48655,"[0.62222, 0.28571, 0.55172]",938,STOPPED,42.235
257,20251218_135234,gaitgl_64steps_mean.csv,Preset_52,MLP,42,55,"[512, 384, 256]",max,L2,128,3,512,silu,0.5,Adam,,0.0001,1e-06,True,0.65,[2],[3],[0.68794326 2.1920904  0.91725768],0.02,1.0,0.10802,2.17213,0.38636,0.33591,"[0.43243, 0.14286, 0.43243]",975,0.46354,1.4642,0.47727,0.43607,"[0.54054, 0.22222, 0.54545]",282,STOPPED,31.463
258,20251218_135234,gaitpart_16steps_mean.csv,Preset_52,MLP,42,30,"[512, 384, 256]",max,L2,128,3,512,silu,0.5,Adam,,0.0001,1e-06,True,0.65,[2],[3],[0.68794326 2.1920904  0.91725768],0.02,1.0,0.13,2.63536,0.47727,0.3727,"[0.64, 0.18182, 0.2963]",2541,0.13046,2.7382,0.5,0.47429,"[0.58537, 0.4, 0.4375]",2356,STOPPED,79.551
259,20251218_135234,gaitset_62steps_mean.csv,Preset_52,MLP,42,30,"[512, 384, 256]",max,L2,128,3,512,silu,0.5,Adam,,0.0001,1e-06,True,0.65,[2],[3],[0.68794326 2.1920904  0.91725768],0.02,1.0,0.13099,1.85678,0.59091,0.51317,"[0.7234, 0.33333, 0.48276]",2225,0.12649,1.7827,0.63636,0.56114,"[0.73913, 0.36364, 0.58065]",2110,STOPPED,70.108
260,20251218_135234,gln_93steps_mean.csv,Preset_52,MLP,42,20,"[512, 384, 256]",max,L2,128,3,512,silu,0.5,Adam,,0.0001,1e-06,True,0.65,[2],[3],[0.68794326 2.1920904  0.91725768],0.02,1.0,0.13546,2.49817,0.47727,0.40668,"[0.54054, 0.16667, 0.51282]",1889,0.51564,1.49099,0.59091,0.54791,"[0.68182, 0.42857, 0.53333]",689,STOPPED,59.14

261,20251218_135234,baseline_31steps_mean.csv,Preset_53,MLP,42,46,"[512, 384, 192]",max,L2,256,3,512,gelu,0.4,AdamW,,0.00025,5e-06,True,0.7,"[1, 3]",[2],[0.68794326 2.1920904  0.91725768],0.02,1.0,0.10322,1.97875,0.52273,0.39881,"[0.625, 0.0, 0.57143]",754,0.29818,1.56929,0.54545,0.45285,"[0.625, 0.18182, 0.55172]",302,STOPPED,15.719
262,20251218_135234,gaitgl_64steps_mean.csv,Preset_53,MLP,42,66,"[512, 384, 192]",max,L2,256,3,512,gelu,0.4,AdamW,,0.00025,5e-06,True,0.7,"[1, 3]",[2],[0.68794326 2.1920904  0.91725768],0.02,1.0,0.10241,2.18842,0.36364,0.27652,"[0.45455, 0.0, 0.375]",593,0.66985,1.52059,0.38636,0.35695,"[0.46154, 0.22222, 0.3871]",109,STOPPED,13.056
263,20251218_135234,gaitpart_16steps_mean.csv,Preset_53,MLP,42,38,"[512, 384, 192]",max,L2,256,3,512,gelu,0.4,AdamW,,0.00025,5e-06,True,0.7,"[1, 3]",[2],[0.68794326 2.1920904  0.91725768],0.02,1.0,0.10397,1.80679,0.54545,0.4026,"[0.63636, 0.0, 0.57143]",1672,0.10486,1.85064,0.59091,0.49002,"[0.68182, 0.2, 0.58824]",1543,STOPPED,36.528
264,20251218_135234,gaitset_62steps_mean.csv,Preset_53,MLP,42,39,"[512, 384, 192]",max,L2,256,3,512,gelu,0.4,AdamW,,0.00025,5e-06,True,0.7,"[1, 3]",[2],[0.68794326 2.1920904  0.91725768],0.02,1.0,0.10422,1.51198,0.54545,0.45842,"[0.65, 0.15385, 0.57143]",1587,0.40486,1.28963,0.61364,0.54627,"[0.73684, 0.23529, 0.66667]",490,STOPPED,34.139
265,20251218_135234,gln_93steps_mean.csv,Preset_53,MLP,42,28,"[512, 384, 192]",max,L2,256,3,512,gelu,0.4,AdamW,,0.00025,5e-06,True,0.7,"[1, 3]",[2],[0.68794326 2.1920904  0.91725768],0.02,1.0,0.10516,2.41946,0.34091,0.29915,"[0.41026, 0.15385, 0.33333]",1130,0.65243,1.2274,0.52273,0.44431,"[0.57895, 0.14286, 0.61111]",238,STOPPED,24.051

266,20251218_135234,baseline_31steps_mean.csv,Preset_54,MLP,42,59,"[768, 512, 256]",mean,minmax,128,3,768,silu,0.45,Adam,,0.00015,1e-06,True,0.8,"[1, 2]","[1, 2]",[0.68794326 2.1920904  0.91725768],0.02,1.0,0.11291,1.26582,0.61364,0.50963,"[0.68182, 0.2, 0.64706]",800,0.14599,1.3597,0.65909,0.58471,"[0.71111, 0.33333, 0.70968]",316,STOPPED,25.897
267,20251218_135234,gaitgl_64steps_mean.csv,Preset_54,MLP,42,65,"[768, 512, 256]",mean,minmax,128,3,768,silu,0.45,Adam,,0.00015,1e-06,True,0.8,"[1, 2]","[1, 2]",[0.68794326 2.1920904  0.91725768],0.02,1.0,0.10996,1.70829,0.54545,0.40631,"[0.6383, 0.0, 0.58065]",953,0.11487,1.76259,0.61364,0.45116,"[0.70833, 0.0, 0.64516]",853,STOPPED,31.245
268,20251218_135234,gaitpart_16steps_mean.csv,Preset_54,MLP,42,65,"[768, 512, 256]",mean,minmax,128,3,768,silu,0.45,Adam,,0.00015,1e-06,True,0.8,"[1, 2]","[1, 2]",[0.68794326 2.1920904  0.91725768],0.02,1.0,0.11269,1.42727,0.54545,0.41907,"[0.65116, 0.0, 0.60606]",655,0.15067,1.58087,0.56818,0.50496,"[0.66667, 0.28571, 0.5625]",173,STOPPED,21.29
269,20251218_135234,gaitset_62steps_mean.csv,Preset_54,MLP,42,63,"[768, 512, 256]",mean,minmax,128,3,768,silu,0.45,Adam,,0.00015,1e-06,True,0.8,"[1, 2]","[1, 2]",[0.68794326 2.1920904  0.91725768],0.02,1.0,0.11028,1.77881,0.47727,0.34441,"[0.59574, 0.0, 0.4375]",936,0.20344,2.04287,0.5,0.45643,"[0.54545, 0.30769, 0.51613]",131,STOPPED,30.144
270,20251218_135234,gln_93steps_mean.csv,Preset_54,MLP,42,50,"[768, 512, 256]",mean,minmax,128,3,768,silu,0.45,Adam,,0.00015,1e-06,True,0.8,"[1, 2]","[1, 2]",[0.68794326 2.1920904  0.91725768],0.02,1.0,0.11599,1.86524,0.47727,0.33631,"[0.57143, 0.0, 0.4375]",688,0.15201,1.90739,0.56818,0.48122,"[0.62222, 0.25, 0.57143]",258,STOPPED,22.709

271,20251218_135234,baseline_31steps_mean.csv,Preset_55,MLP,42,59,"[768, 512, 256]",mean,minmax,64,3,768,elu,0.55,RMSprop,,8e-05,5e-05,True,0.8,"[1, 3]","[1, 2]",[0.68794326 2.1920904  0.91725768],0.02,1.0,0.11186,1.32502,0.59091,0.49116,"[0.68182, 0.16667, 0.625]",1466,0.11231,1.32576,0.63636,0.56923,"[0.66667, 0.30769, 0.73333]",1348,STOPPED,70.191
272,20251218_135234,gaitgl_64steps_mean.csv,Preset_55,MLP,42,65,"[768, 512, 256]",mean,minmax,64,3,768,elu,0.55,RMSprop,,8e-05,5e-05,True,0.8,"[1, 3]","[1, 2]",[0.68794326 2.1920904  0.91725768],0.02,1.0,0.12848,1.80601,0.45455,0.34534,"[0.62222, 0.0, 0.41379]",1053,0.1955,1.98616,0.52273,0.39491,"[0.62222, 0.0, 0.5625]",596,STOPPED,52.162
273,20251218_135234,gaitpart_16steps_mean.csv,Preset_55,MLP,42,65,"[768, 512, 256]",mean,minmax,64,3,768,elu,0.55,RMSprop,,8e-05,5e-05,True,0.8,"[1, 3]","[1, 2]",[0.68794326 2.1920904  0.91725768],0.02,1.0,0.11575,1.80241,0.54545,0.46022,"[0.66667, 0.13333, 0.58065]",1139,0.17327,1.7965,0.61364,0.58148,"[0.7, 0.44444, 0.6]",507,STOPPED,54.619
274,20251218_135234,gaitset_62steps_mean.csv,Preset_55,MLP,42,63,"[768, 512, 256]",mean,minmax,64,3,768,elu,0.55,RMSprop,,8e-05,5e-05,True,0.8,"[1, 3]","[1, 2]",[0.68794326 2.1920904  0.91725768],0.02,1.0,0.13435,2.08435,0.5,0.45051,"[0.6, 0.26667, 0.48485]",783,0.14067,2.10422,0.52273,0.46824,"[0.63415, 0.28571, 0.48485]",774,STOPPED,37.823
275,20251218_135234,gln_93steps_mean.csv,Preset_55,MLP,42,50,"[768, 512, 256]",mean,minmax,64,3,768,elu,0.55,RMSprop,,8e-05,5e-05,True,0.8,"[1, 3]","[1, 2]",[0.68794326 2.1920904  0.91725768],0.02,1.0,0.13959,2.00855,0.40909,0.38299,"[0.43902, 0.28571, 0.42424]",1066,0.56297,1.3032,0.43182,0.41503,"[0.5, 0.33333, 0.41176]",189,STOPPED,51.321

276,20251218_135234,baseline_31steps_mean.csv,Preset_56,MLP,42,58,"[768, 512, 256]",mean,L2,128,3,768,leakyrelu,0.4,Adam,,0.00025,5e-06,True,0.8,"[1, 2, 3]",[],[0.68794326 2.1920904  0.91725768],0.02,1.0,0.10078,1.31197,0.56818,0.47846,"[0.63636, 0.15385, 0.64516]",223,0.10512,1.48294,0.56818,0.53375,"[0.54054, 0.375, 0.68571]",73,STOPPED,7.291
277,20251218_135234,gaitgl_64steps_mean.csv,Preset_56,MLP,42,74,"[768, 512, 256]",mean,L2,128,3,768,leakyrelu,0.4,Adam,,0.00025,5e-06,True,0.8,"[1, 2, 3]",[],[0.68794326 2.1920904  0.91725768],0.02,1.0,0.10083,1.56813,0.5,0.42284,"[0.61905, 0.13333, 0.51613]",287,0.1028,1.70913,0.54545,0.48333,"[0.66667, 0.25, 0.53333]",172,STOPPED,9.889
278,20251218_135234,gaitpart_16steps_mean.csv,Preset_56,MLP,42,66,"[768, 512, 256]",mean,L2,128,3,768,leakyrelu,0.4,Adam,,0.00025,5e-06,True,0.8,"[1, 2, 3]",[],[0.68794326 2.1920904  0.91725768],0.02,1.0,0.10055,1.32076,0.56818,0.50108,"[0.68182, 0.25, 0.57143]",387,0.10079,1.26499,0.63636,0.56216,"[0.71111, 0.28571, 0.68966]",230,STOPPED,12.754
279,20251218_135234,gaitset_62steps_mean.csv,Preset_56,MLP,42,63,"[768, 512, 256]",mean,L2,128,3,768,leakyrelu,0.4,Adam,,0.00025,5e-06,True,0.8,"[1, 2, 3]",[],[0.68794326 2.1920904  0.91725768],0.02,1.0,0.10062,1.96629,0.38636,0.29645,"[0.46512, 0.0, 0.42424]",246,0.11447,2.07528,0.47727,0.40061,"[0.56522, 0.15385, 0.48276]",100,STOPPED,8.459
280,20251218_135234,gln_93steps_mean.csv,Preset_56,MLP,42,48,"[768, 512, 256]",mean,L2,128,3,768,leakyrelu,0.4,Adam,,0.00025,5e-06,True,0.8,"[1, 2, 3]",[],[0.68794326 2.1920904  0.91725768],0.02,1.0,0.10064,1.68479,0.5,0.40833,"[0.625, 0.2, 0.4]",221,0.42711,1.22228,0.59091,0.54841,"[0.5625, 0.44444, 0.6383]",36,STOPPED,7.571

281,20251218_135234,baseline_31steps_mean.csv,Preset_57,MLP,42,256,"[768, 512, 256]",mean,L2,88,3,768,silu,0.4,Adam,,0.0002,1e-07,False,,"[1, 2, 3]","[1, 2]",[0.68794326 2.1920904  0.91725768],0.02,1.0,0.10236,2.34477,0.47727,0.43721,"[0.51163, 0.26667, 0.53333]",414,0.27673,1.71992,0.56818,0.54651,"[0.57143, 0.42105, 0.64706]",55,STOPPED,16.289
282,20251218_135234,gaitgl_64steps_mean.csv,Preset_57,MLP,42,256,"[768, 512, 256]",mean,L2,88,3,768,silu,0.4,Adam,,0.0002,1e-07,False,,"[1, 2, 3]","[1, 2]",[0.68794326 2.1920904  0.91725768],0.02,1.0,0.10819,2.87842,0.36364,0.25655,"[0.59574, 0.0, 0.17391]",538,0.1947,2.28216,0.47727,0.42316,"[0.59091, 0.25, 0.42857]",163,STOPPED,21.366
283,20251218_135234,gaitpart_16steps_mean.csv,Preset_57,MLP,42,256,"[768, 512, 256]",mean,L2,88,3,768,silu,0.4,Adam,,0.0002,1e-07,False,,"[1, 2, 3]","[1, 2]",[0.68794326 2.1920904  0.91725768],0.02,1.0,0.12081,1.89199,0.52273,0.51345,"[0.47368, 0.4, 0.66667]",518,0.33034,1.50052,0.63636,0.59203,"[0.68085, 0.42857, 0.66667]",180,STOPPED,20.143
284,20251218_135234,gaitset_62steps_mean.csv,Preset_57,MLP,42,256,"[768, 512, 256]",mean,L2,88,3,768,silu,0.4,Adam,,0.0002,1e-07,False,,"[1, 2, 3]","[1, 2]",[0.68794326 2.1920904  0.91725768],0.02,1.0,0.10685,2.31942,0.45455,0.33677,"[0.52381, 0.0, 0.48649]",559,0.11443,2.2616,0.52273,0.44233,"[0.57143, 0.2, 0.55556]",372,STOPPED,21.908
285,20251218_135234,gln_93steps_mean.csv,Preset_57,MLP,42,256,"[768, 512, 256]",mean,L2,88,3,768,silu,0.4,Adam,,0.0002,1e-07,False,,"[1, 2, 3]","[1, 2]",[0.68794326 2.1920904  0.91725768],0.02,1.0,0.10228,2.14632,0.45455,0.37313,"[0.54902, 0.2, 0.37037]",338,0.11408,2.0951,0.52273,0.50095,"[0.55814, 0.42857, 0.51613]",164,STOPPED,13.347

286,20251218_135234,baseline_31steps_mean.csv,Preset_58,MLP,42,58,"[896, 640, 320, 192]",mean,L2,64,4,896,leakyrelu,0.5,Adam,,0.0002,1e-07,True,0.8,"[1, 2, 3, 4]","[1, 2, 3]",[0.68794326 2.1920904  0.91725768],0.02,1.0,0.1069,1.99589,0.52273,0.38975,"[0.55814, 0.0, 0.61111]",399,0.12204,2.02432,0.61364,0.45982,"[0.65217, 0.0, 0.72727]",251,STOPPED,22.58
287,20251218_135234,gaitgl_64steps_mean.csv,Preset_58,MLP,42,74,"[896, 640, 320, 192]",mean,L2,64,4,896,leakyrelu,0.5,Adam,,0.0002,1e-07,True,0.8,"[1, 2, 3, 4]","[1, 2, 3]",[0.68794326 2.1920904  0.91725768],0.02,1.0,0.11048,2.70495,0.38636,0.30089,"[0.48889, 0.0, 0.41379]",513,0.74637,1.45881,0.43182,0.39925,"[0.4878, 0.28571, 0.42424]",102,STOPPED,28.808
288,20251218_135234,gaitpart_16steps_mean.csv,Preset_58,MLP,42,66,"[896, 640, 320, 192]",mean,L2,64,4,896,leakyrelu,0.5,Adam,,0.0002,1e-07,True,0.8,"[1, 2, 3, 4]","[1, 2, 3]",[0.68794326 2.1920904  0.91725768],0.02,1.0,0.11064,2.05331,0.54545,0.40027,"[0.6383, 0.0, 0.5625]",521,0.13466,2.02406,0.59091,0.5285,"[0.65217, 0.33333, 0.6]",295,STOPPED,29.403
289,20251218_135234,gaitset_62steps_mean.csv,Preset_58,MLP,42,63,"[896, 640, 320, 192]",mean,L2,64,4,896,leakyrelu,0.5,Adam,,0.0002,1e-07,True,0.8,"[1, 2, 3, 4]","[1, 2, 3]",[0.68794326 2.1920904  0.91725768],0.02,1.0,0.10801,2.73323,0.40909,0.30808,"[0.5, 0.0, 0.42424]",535,0.65795,1.67414,0.43182,0.40456,"[0.44444, 0.30769, 0.46154]",105,STOPPED,30.487
290,20251218_135234,gln_93steps_mean.csv,Preset_58,MLP,42,48,"[896, 640, 320, 192]",mean,L2,64,4,896,leakyrelu,0.5,Adam,,0.0002,1e-07,True,0.8,"[1, 2, 3, 4]","[1, 2, 3]",[0.68794326 2.1920904  0.91725768],0.02,1.0,0.10888,1.97865,0.54545,0.39763,"[0.61224, 0.0, 0.58065]",556,0.44569,1.544,0.61364,0.55441,"[0.68421, 0.36364, 0.61538]",112,STOPPED,31.518

291,20251218_135234,baseline_31steps_mean.csv,Preset_59,MLP,42,98,"[1024, 768, 384]",mean,L2,128,3,1024,silu,0.45,Adam,,0.0001,1e-05,True,0.9,"[1, 3]",[2],[0.68794326 2.1920904  0.91725768],0.02,1.0,0.10194,1.78503,0.45455,0.35417,"[0.5, 0.0, 0.5625]",596,0.73347,1.35136,0.56818,0.50864,"[0.63415, 0.28571, 0.60606]",38,STOPPED,19.568
292,20251218_135234,gaitgl_64steps_mean.csv,Preset_59,MLP,42,117,"[1024, 768, 384]",mean,L2,128,3,1024,silu,0.45,Adam,,0.0001,1e-05,True,0.9,"[1, 3]",[2],[0.68794326 2.1920904  0.91725768],0.02,1.0,0.10384,2.38602,0.38636,0.31795,"[0.53333, 0.15385, 0.26667]",758,0.10636,2.46297,0.5,0.39696,"[0.66667, 0.15385, 0.37037]",578,STOPPED,24.371
293,20251218_135234,gaitpart_16steps_mean.csv,Preset_59,MLP,42,105,"[1024, 768, 384]",mean,L2,128,3,1024,silu,0.45,Adam,,0.0001,1e-05,True,0.9,"[1, 3]",[2],[0.68794326 2.1920904  0.91725768],0.02,1.0,0.10509,1.72857,0.54545,0.51645,"[0.60465, 0.42857, 0.51613]",939,0.18219,1.40778,0.68182,0.66597,"[0.7, 0.58824, 0.70968]",451,STOPPED,30.459
294,20251218_135234,gaitset_62steps_mean.csv,Preset_59,MLP,42,104,"[1024, 768, 384]",mean,L2,128,3,1024,silu,0.45,Adam,,0.0001,1e-05,True,0.9,"[1, 3]",[2],[0.68794326 2.1920904  0.91725768],0.02,1.0,0.10464,2.18805,0.34091,0.2697,"[0.40909, 0.0, 0.4]",627,0.12299,2.43972,0.43182,0.4019,"[0.41026, 0.25, 0.54545]",341,STOPPED,20.196
295,20251218_135234,gln_93steps_mean.csv,Preset_59,MLP,42,87,"[1024, 768, 384]",mean,L2,128,3,1024,silu,0.45,Adam,,0.0001,1e-05,True,0.9,"[1, 3]",[2],[0.68794326 2.1920904  0.91725768],0.02,1.0,0.10245,1.71457,0.45455,0.34396,"[0.56522, 0.0, 0.46667]",588,0.10423,1.78243,0.56818,0.53323,"[0.61905, 0.4, 0.58065]",393,STOPPED,19.205

296,20251218_135234,baseline_31steps_mean.csv,Preset_60,MLP,42,46,"[896, 896, 896]",mean,minmax,96,3,896,silu,0.45,AdamW,,0.00015,1e-05,True,0.75,"[1, 2, 3]","[2, 3]",[0.68794326 2.1920904  0.91725768],0.02,1.0,0.1024,1.16324,0.68182,0.56633,"[0.71111, 0.2, 0.78788]",511,0.11698,1.28357,0.70455,0.66493,"[0.75, 0.47059, 0.77419]",64,STOPPED,20.354
297,20251218_135234,gaitgl_64steps_mean.csv,Preset_60,MLP,42,50,"[896, 896, 896]",mean,minmax,96,3,896,silu,0.45,AdamW,,0.00015,1e-05,True,0.75,"[1, 2, 3]","[2, 3]",[0.68794326 2.1920904  0.91725768],0.02,1.0,0.10348,1.9391,0.52273,0.38608,"[0.59574, 0.0, 0.5625]",456,0.1374,2.29067,0.61364,0.51369,"[0.65217, 0.22222, 0.66667]",47,STOPPED,18.301
298,20251218_135234,gaitpart_16steps_mean.csv,Preset_60,MLP,42,52,"[896, 896, 896]",mean,minmax,96,3,896,silu,0.45,AdamW,,0.00015,1e-05,True,0.75,"[1, 2, 3]","[2, 3]",[0.68794326 2.1920904  0.91725768],0.02,1.0,0.10343,1.8776,0.5,0.4066,"[0.65217, 0.15385, 0.41379]",374,0.10714,1.79108,0.59091,0.49361,"[0.68182, 0.15385, 0.64516]",163,STOPPED,15.14
299,20251218_135234,gaitset_62steps_mean.csv,Preset_60,MLP,42,50,"[896, 896, 896]",mean,minmax,96,3,896,silu,0.45,AdamW,,0.00015,1e-05,True,0.75,"[1, 2, 3]","[2, 3]",[0.68794326 2.1920904  0.91725768],0.02,1.0,0.10297,1.72179,0.54545,0.45515,"[0.65116, 0.2, 0.51429]",418,0.10944,1.807,0.59091,0.53093,"[0.66667, 0.36364, 0.5625]",133,STOPPED,16.741
300,20251218_135234,gln_93steps_mean.csv,Preset_60,MLP,42,38,"[896, 896, 896]",mean,minmax,96,3,896,silu,0.45,AdamW,,0.00015,1e-05,True,0.75,"[1, 2, 3]","[2, 3]",[0.68794326 2.1920904  0.91725768],0.02,1.0,0.10562,1.72424,0.40909,0.3172,"[0.5, 0.0, 0.45161]",336,0.60044,1.16126,0.52273,0.52698,"[0.54054, 0.55556, 0.48485]",12,STOPPED,13.754

301,20251218_135234,baseline_31steps_mean.csv,Preset_61,MLP,42,57,"[896, 640, 448, 320, 160]",max,L2,96,5,896,gelu,0.4,Adam,,0.00015,1e-06,True,0.75,"[2, 4]","[1, 3]",[0.68794326 2.1920904  0.91725768],0.02,1.0,0.10334,1.72791,0.61364,0.57077,"[0.75676, 0.4, 0.55556]",1117,0.10881,1.72624,0.65909,0.61264,"[0.77778, 0.42857, 0.63158]",1017,STOPPED,48.096
302,20251218_135234,gaitgl_64steps_mean.csv,Preset_61,MLP,42,78,"[896, 640, 448, 320, 160]",max,L2,96,5,896,gelu,0.4,Adam,,0.00015,1e-06,True,0.75,"[2, 4]","[1, 3]",[0.68794326 2.1920904  0.91725768],0.02,1.0,0.10554,2.70403,0.38636,0.31111,"[0.48889, 0.0, 0.44444]",964,0.73578,1.45879,0.40909,0.37817,"[0.4375, 0.21053, 0.48649]",207,STOPPED,40.883
303,20251218_135234,gaitpart_16steps_mean.csv,Preset_61,MLP,42,49,"[896, 640, 448, 320, 160]",max,L2,96,5,896,gelu,0.4,Adam,,0.00015,1e-06,True,0.75,"[2, 4]","[1, 3]",[0.68794326 2.1920904  0.91725768],0.02,1.0,0.10379,2.49968,0.40909,0.37931,"[0.46512, 0.28571, 0.3871]",1678,0.11606,2.45427,0.47727,0.43878,"[0.52381, 0.30769, 0.48485]",1342,STOPPED,71.105
304,20251218_135234,gaitset_62steps_mean.csv,Preset_61,MLP,42,49,"[896, 640, 448, 320, 160]",max,L2,96,5,896,gelu,0.4,Adam,,0.00015,1e-06,True,0.75,"[2, 4]","[1, 3]",[0.68794326 2.1920904  0.91725768],0.02,1.0,0.10308,2.33143,0.47727,0.42302,"[0.61905, 0.25, 0.4]",1821,0.2916,1.85699,0.61364,0.57093,"[0.68421, 0.4, 0.62857]",1120,STOPPED,77.479
305,20251218_135234,gln_93steps_mean.csv,Preset_61,MLP,42,37,"[896, 640, 448, 320, 160]",max,L2,96,5,896,gelu,0.4,Adam,,0.00015,1e-06,True,0.75,"[2, 4]","[1, 3]",[0.68794326 2.1920904  0.91725768],0.02,1.0,0.10625,2.37025,0.43182,0.298,"[0.57143, 0.0, 0.32258]",1148,0.38391,1.92878,0.54545,0.54023,"[0.60465, 0.54545, 0.47059]",528,STOPPED,49.273

306,20251218_135234,baseline_31steps_mean.csv,Preset_62,MLP,42,57,"[576, 384, 192]",max,minmax,96,3,576,elu,0.45,RMSprop,,0.0002,5e-05,True,0.75,[2],"[1, 3]",[0.68794326 2.1920904  0.91725768],0.02,1.0,0.10862,1.31348,0.63636,0.53131,"[0.66667, 0.2, 0.72727]",970,0.11139,1.2967,0.70455,0.62306,"[0.75556, 0.36364, 0.75]",870,STOPPED,34.716
307,20251218_135234,gaitgl_64steps_mean.csv,Preset_62,MLP,42,83,"[576, 384, 192]",max,minmax,96,3,576,elu,0.45,RMSprop,,0.0002,5e-05,True,0.75,[2],"[1, 3]",[0.68794326 2.1920904  0.91725768],0.02,1.0,0.11467,2.20512,0.34091,0.24167,"[0.45833, 0.0, 0.26667]",551,0.11407,2.27971,0.45455,0.41063,"[0.56522, 0.33333, 0.33333]",420,STOPPED,20.279
308,20251218_135234,gaitpart_16steps_mean.csv,Preset_62,MLP,42,46,"[576, 384, 192]",max,minmax,96,3,576,elu,0.45,RMSprop,,0.0002,5e-05,True,0.75,[2],"[1, 3]",[0.68794326 2.1920904  0.91725768],0.02,1.0,0.11227,1.89689,0.5,0.41401,"[0.6087, 0.16667, 0.46667]",865,0.73108,1.26847,0.5,0.47225,"[0.48485, 0.35294, 0.57895]",50,STOPPED,30.585
309,20251218_135234,gaitset_62steps_mean.csv,Preset_62,MLP,42,47,"[576, 384, 192]",max,minmax,96,3,576,elu,0.45,RMSprop,,0.0002,5e-05,True,0.75,[2],"[1, 3]",[0.68794326 2.1920904  0.91725768],0.02,1.0,0.11581,1.59199,0.59091,0.52707,"[0.71795, 0.30769, 0.55556]",807,0.16218,1.65953,0.68182,0.63225,"[0.7907, 0.5, 0.60606]",274,STOPPED,29.726
310,20251218_135234,gln_93steps_mean.csv,Preset_62,MLP,42,35,"[576, 384, 192]",max,minmax,96,3,576,elu,0.45,RMSprop,,0.0002,5e-05,True,0.75,[2],"[1, 3]",[0.68794326 2.1920904  0.91725768],0.02,1.0,0.11866,1.61972,0.54545,0.45604,"[0.7, 0.15385, 0.51429]",982,0.20274,1.83779,0.61364,0.5503,"[0.73171, 0.36364, 0.55556]",286,STOPPED,35.553

311,20251218_135234,baseline_31steps_mean.csv,Preset_63,MLP,42,45,"[1280, 896, 512]",mean,L2,96,3,1280,silu,0.45,Adam,,0.00015,0.0,True,0.75,"[1, 2, 3]","[1, 3]",[0.68794326 2.1920904  0.91725768],0.02,1.0,0.10474,1.36633,0.68182,0.63313,"[0.68293, 0.42857, 0.78788]",772,0.15136,1.52961,0.72727,0.697,"[0.73171, 0.57143, 0.78788]",290,STOPPED,30.661
312,20251218_135234,gaitgl_64steps_mean.csv,Preset_63,MLP,42,59,"[1280, 896, 512]",mean,L2,96,3,1280,silu,0.45,Adam,,0.00015,0.0,True,0.75,"[1, 2, 3]","[1, 3]",[0.68794326 2.1920904  0.91725768],0.02,1.0,0.10379,1.87457,0.45455,0.41403,"[0.52381, 0.26667, 0.45161]",913,0.11346,2.01236,0.59091,0.52251,"[0.68182, 0.28571, 0.6]",603,STOPPED,36.776
313,20251218_135234,gaitpart_16steps_mean.csv,Preset_63,MLP,42,52,"[1280, 896, 512]",mean,L2,96,3,1280,silu,0.45,Adam,,0.00015,0.0,True,0.75,"[1, 2, 3]","[1, 3]",[0.68794326 2.1920904  0.91725768],0.02,1.0,0.10793,1.78156,0.5,0.4749,"[0.52632, 0.35294, 0.54545]",975,0.10569,1.68747,0.54545,0.51596,"[0.58537, 0.4, 0.5625]",949,STOPPED,38.897
314,20251218_135234,gaitset_62steps_mean.csv,Preset_63,MLP,42,49,"[1280, 896, 512]",mean,L2,96,3,1280,silu,0.45,Adam,,0.00015,0.0,True,0.75,"[1, 2, 3]","[1, 3]",[0.68794326 2.1920904  0.91725768],0.02,1.0,0.10531,2.22228,0.43182,0.32361,"[0.53333, 0.0, 0.4375]",826,0.66131,1.37918,0.5,0.50069,"[0.46154, 0.5, 0.54054]",264,STOPPED,33.094
315,20251218_135234,gln_93steps_mean.csv,Preset_63,MLP,42,37,"[1280, 896, 512]",mean,L2,96,3,1280,silu,0.45,Adam,,0.00015,0.0,True,0.75,"[1, 2, 3]","[1, 3]",[0.68794326 2.1920904  0.91725768],0.02,1.0,0.10804,1.99746,0.40909,0.34722,"[0.52381, 0.14286, 0.375]",799,0.29268,1.82483,0.52273,0.51146,"[0.57895, 0.47059, 0.48485]",202,STOPPED,31.503

316,20251218_135234,baseline_31steps_mean.csv,Preset_64,MLP,42,44,"[1024, 768, 512, 256]",mean,,96,4,1024,gelu,0.45,AdamW,,0.00018,5e-06,True,0.75,"[1, 2, 3]","[1, 2]",[0.68794326 2.1920904  0.91725768],0.02,1.0,0.10337,1.65571,0.56818,0.47856,"[0.6087, 0.18182, 0.64516]",735,0.21329,1.85316,0.61364,0.56944,"[0.66667, 0.375, 0.66667]",319,STOPPED,30.665
317,20251218_135234,gaitgl_64steps_mean.csv,Preset_64,MLP,42,44,"[1024, 768, 512, 256]",mean,,96,4,1024,gelu,0.45,AdamW,,0.00018,5e-06,True,0.75,"[1, 2, 3]","[1, 2]",[0.68794326 2.1920904  0.91725768],0.02,1.0,0.10722,1.96363,0.54545,0.41481,"[0.57778, 0.0, 0.66667]",609,0.32652,2.32924,0.56818,0.47635,"[0.62222, 0.18182, 0.625]",84,STOPPED,25.456
318,20251218_135234,gaitpart_16steps_mean.csv,Preset_64,MLP,42,49,"[1024, 768, 512, 256]",mean,,96,4,1024,gelu,0.45,AdamW,,0.00018,5e-06,True,0.75,"[1, 2, 3]","[1, 2]",[0.68794326 2.1920904  0.91725768],0.02,1.0,0.10121,2.13647,0.45455,0.43186,"[0.51282, 0.3, 0.48276]",737,0.1038,1.78337,0.56818,0.52596,"[0.65116, 0.375, 0.55172]",637,STOPPED,30.525
319,20251218_135234,gaitset_62steps_mean.csv,Preset_64,MLP,42,47,"[1024, 768, 512, 256]",mean,,96,4,1024,gelu,0.45,AdamW,,0.00018,5e-06,True,0.75,"[1, 2, 3]","[1, 2]",[0.68794326 2.1920904  0.91725768],0.02,1.0,0.10213,2.14567,0.52273,0.44476,"[0.58537, 0.14286, 0.60606]",1016,0.23841,2.01503,0.56818,0.51176,"[0.57895, 0.30769, 0.64865]",559,STOPPED,42.45
320,20251218_135234,gln_93steps_mean.csv,Preset_64,MLP,42,35,"[1024, 768, 512, 256]",mean,,96,4,1024,gelu,0.45,AdamW,,0.00018,5e-06,True,0.75,"[1, 2, 3]","[1, 2]",[0.68794326 2.1920904  0.91725768],0.02,1.0,0.10305,2.11838,0.5,0.44058,"[0.62222, 0.28571, 0.41379]",961,0.2482,1.87666,0.61364,0.56264,"[0.71429, 0.35294, 0.62069]",405,STOPPED,39.462

321,20251218_135234,baseline_31steps_mean.csv,Preset_65,MLP,42,59,"[1408, 1024, 640, 320]",mean,minmax,64,4,1408,silu,0.45,Adam,,0.00015,1e-06,True,0.8,"[1, 2, 3]","[2, 3]",[0.68794326 2.1920904  0.91725768],0.02,1.0,0.10168,1.54365,0.59091,0.49745,"[0.60465, 0.18182, 0.70588]",327,0.11896,1.50134,0.63636,0.57038,"[0.68085, 0.36364, 0.66667]",35,STOPPED,19.108
322,20251218_135234,gaitgl_64steps_mean.csv,Preset_65,MLP,42,65,"[1408, 1024, 640, 320]",mean,minmax,64,4,1408,silu,0.45,Adam,,0.00015,1e-06,True,0.8,"[1, 2, 3]","[2, 3]",[0.68794326 2.1920904  0.91725768],0.02,1.0,0.10141,1.71613,0.5,0.37066,"[0.57143, 0.0, 0.54054]",338,0.15606,2.30998,0.54545,0.46209,"[0.58537, 0.15385, 0.64706]",24,STOPPED,19.393
323,20251218_135234,gaitpart_16steps_mean.csv,Preset_65,MLP,42,65,"[1408, 1024, 640, 320]",mean,minmax,64,4,1408,silu,0.45,Adam,,0.00015,1e-06,True,0.8,"[1, 2, 3]","[2, 3]",[0.68794326 2.1920904  0.91725768],0.02,1.0,0.10154,1.66653,0.52273,0.40613,"[0.66667, 0.0, 0.55172]",294,0.12624,1.7215,0.56818,0.50531,"[0.7, 0.23529, 0.58065]",22,STOPPED,16.879
324,20251218_135234,gaitset_62steps_mean.csv,Preset_65,MLP,42,63,"[1408, 1024, 640, 320]",mean,minmax,64,4,1408,silu,0.45,Adam,,0.00015,1e-06,True,0.8,"[1, 2, 3]","[2, 3]",[0.68794326 2.1920904  0.91725768],0.02,1.0,0.10204,2.13781,0.40909,0.30355,"[0.51064, 0.0, 0.4]",291,0.70786,1.23736,0.43182,0.41139,"[0.53659, 0.375, 0.32258]",7,STOPPED,16.583
325,20251218_135234,gln_93steps_mean.csv,Preset_65,MLP,42,50,"[1408, 1024, 640, 320]",mean,minmax,64,4,1408,silu,0.45,Adam,,0.00015,1e-06,True,0.8,"[1, 2, 3]","[2, 3]",[0.68794326 2.1920904  0.91725768],0.02,1.0,0.10175,2.09501,0.43182,0.35611,"[0.55319, 0.18182, 0.33333]",297,0.56973,1.22524,0.5,0.47277,"[0.52941, 0.33333, 0.55556]",10,STOPPED,17.125

326,20251218_135234,baseline_31steps_mean.csv,Preset_66,MLP,42,59,"[1024, 768, 512, 256]",mean,minmax,64,4,1024,silu,0.4,Adam,,0.0002,1e-07,True,0.8,"[1, 2, 3]","[1, 2]",[0.68794326 2.1920904  0.91725768],0.02,1.0,0.10533,1.72175,0.52273,0.44444,"[0.5, 0.16667, 0.66667]",366,0.14138,1.38925,0.65909,0.58744,"[0.69565, 0.33333, 0.73333]",74,STOPPED,20.336
327,20251218_135234,gaitgl_64steps_mean.csv,Preset_66,MLP,42,65,"[1024, 768, 512, 256]",mean,minmax,64,4,1024,silu,0.4,Adam,,0.0002,1e-07,True,0.8,"[1, 2, 3]","[1, 2]",[0.68794326 2.1920904  0.91725768],0.02,1.0,0.10298,2.09671,0.47727,0.35507,"[0.56522, 0.0, 0.5]",406,0.25298,2.27375,0.61364,0.51111,"[0.66667, 0.2, 0.66667]",38,STOPPED,22.117
328,20251218_135234,gaitpart_16steps_mean.csv,Preset_66,MLP,42,65,"[1024, 768, 512, 256]",mean,minmax,64,4,1024,silu,0.4,Adam,,0.0002,1e-07,True,0.8,"[1, 2, 3]","[1, 2]",[0.68794326 2.1920904  0.91725768],0.02,1.0,0.1069,1.91352,0.56818,0.47457,"[0.72727, 0.125, 0.57143]",379,0.12071,1.97464,0.59091,0.53968,"[0.71429, 0.33333, 0.57143]",279,STOPPED,20.345
329,20251218_135234,gaitset_62steps_mean.csv,Preset_66,MLP,42,63,"[1024, 768, 512, 256]",mean,minmax,64,4,1024,silu,0.4,Adam,,0.0002,1e-07,True,0.8,"[1, 2, 3]","[1, 2]",[0.68794326 2.1920904  0.91725768],0.02,1.0,0.10343,2.35048,0.43182,0.32341,"[0.54167, 0.0, 0.42857]",378,0.712,1.49439,0.40909,0.37931,"[0.46512, 0.28571, 0.3871]",9,STOPPED,21.101
330,20251218_135234,gln_93steps_mean.csv,Preset_66,MLP,42,50,"[1024, 768, 512, 256]",mean,minmax,64,4,1024,silu,0.4,Adam,,0.0002,1e-07,True,0.8,"[1, 2, 3]","[1, 2]",[0.68794326 2.1920904  0.91725768],0.02,1.0,0.10382,1.97238,0.43182,0.37273,"[0.5, 0.13333, 0.48485]",437,0.29276,1.62467,0.56818,0.5249,"[0.63415, 0.4, 0.54054]",33,STOPPED,23.835
