id,timestamp,target_embedding,top_variant,source_params,model,seed,input_dim,hidden_layers,pooling,norm,batch_size,num_layers,base_dim,activation,dropout_rate,optimizer,momentum_sgd,learning_rate,weight_decay,use_pca,pca_frac,norm_layers,dropout_layers,class_weights,label_smoothing,clip_grad_norm,train_loss,test_loss,accuracy,f1_macro,f1_per_class,epochs_trained,train_loss_best_state,test_loss_best_state,best_accuracy,best_f1,best_f1_per_class,best_epoch,training,duration_sec
1,20251231_122055,baseline_CASIAB_TOP70.csv,70%,Preset_1,MLP,42,44,"[768, 512, 256]",mean,minmax,64,3,768,silu,0.4,Adam,,0.0002,1e-07,True,0.8,"[1, 2, 3]","[1, 2]",[0.68794326 2.1920904  0.91725768],0.02,1.0,0.12651,1.74125,0.56818,0.50386,"[0.65217, 0.30769, 0.55172]",166,0.14994,1.82617,0.65909,0.58586,"[0.72727, 0.36364, 0.66667]",129,COMPLETED,9.215
2,20251231_122055,baseline_OUMVLP_TOP70.csv,70%,Preset_1,MLP,42,44,"[768, 512, 256]",mean,minmax,64,3,768,silu,0.4,Adam,,0.0002,1e-07,True,0.8,"[1, 2, 3]","[1, 2]",[0.68794326 2.1920904  0.91725768],0.02,1.0,0.12292,1.76535,0.61364,0.61254,"[0.55556, 0.61538, 0.66667]",168,0.15278,1.65734,0.63636,0.6182,"[0.61538, 0.53333, 0.70588]",120,COMPLETED,10.022
3,20251231_122055,gaitgl_GREW_BNNeck_TOP70.csv,70%,Preset_1,MLP,42,59,"[768, 512, 256]",mean,minmax,64,3,768,silu,0.4,Adam,,0.0002,1e-07,True,0.8,"[1, 2, 3]","[1, 2]",[0.68794326 2.1920904  0.91725768],0.02,1.0,0.126,1.98816,0.5,0.37494,"[0.6087, 0.0, 0.51613]",145,0.48107,1.48382,0.52273,0.49784,"[0.5641, 0.4, 0.52941]",26,COMPLETED,7.721
4,20251231_122055,gaitgl_GREW_TOP70.csv,70%,Preset_1,MLP,42,74,"[768, 512, 256]",mean,minmax,64,3,768,silu,0.4,Adam,,0.0002,1e-07,True,0.8,"[1, 2, 3]","[1, 2]",[0.68794326 2.1920904  0.91725768],0.02,1.0,0.12263,1.96863,0.52273,0.50918,"[0.53659, 0.46154, 0.52941]",122,0.12263,1.96863,0.52273,0.50918,"[0.53659, 0.46154, 0.52941]",122,COMPLETED,5.501
5,20251231_122055,gaitgl_OUMVLP_TOP70.csv,70%,Preset_1,MLP,42,43,"[768, 512, 256]",mean,minmax,64,3,768,silu,0.4,Adam,,0.0002,1e-07,True,0.8,"[1, 2, 3]","[1, 2]",[0.68794326 2.1920904  0.91725768],0.02,1.0,0.121,2.26762,0.52273,0.43434,"[0.63636, 0.16667, 0.5]",241,0.15648,2.27504,0.59091,0.54791,"[0.68182, 0.42857, 0.53333]",167,COMPLETED,11.18
6,20251231_122055,gaitgl_TOP70.csv,70%,Preset_1,MLP,42,37,"[768, 512, 256]",mean,minmax,64,3,768,silu,0.4,Adam,,0.0002,1e-07,True,0.8,"[1, 2, 3]","[1, 2]",[0.68794326 2.1920904  0.91725768],0.02,1.0,0.11848,2.40982,0.43182,0.31481,"[0.5, 0.0, 0.44444]",231,0.603,1.51175,0.47727,0.46986,"[0.52381, 0.46154, 0.42424]",35,COMPLETED,10.408
7,20251231_122055,gaitpart_GREW_TOP70.csv,70%,Preset_1,MLP,42,67,"[768, 512, 256]",mean,minmax,64,3,768,silu,0.4,Adam,,0.0002,1e-07,True,0.8,"[1, 2, 3]","[1, 2]",[0.68794326 2.1920904  0.91725768],0.02,1.0,0.1232,2.14861,0.5,0.41394,"[0.63636, 0.15385, 0.45161]",111,0.32896,1.76264,0.56818,0.52153,"[0.68182, 0.4, 0.48276]",33,COMPLETED,5.358
8,20251231_122055,gaitpart_OUMVLP_TOP70.csv,70%,Preset_1,MLP,42,55,"[768, 512, 256]",mean,minmax,64,3,768,silu,0.4,Adam,,0.0002,1e-07,True,0.8,"[1, 2, 3]","[1, 2]",[0.68794326 2.1920904  0.91725768],0.02,1.0,0.11915,1.54889,0.54545,0.45455,"[0.63636, 0.18182, 0.54545]",133,0.63272,1.13263,0.56818,0.54503,"[0.57895, 0.46154, 0.59459]",15,COMPLETED,6.798
9,20251231_122055,gaitset_GREW_TOP70.csv,70%,Preset_1,MLP,42,69,"[768, 512, 256]",mean,minmax,64,3,768,silu,0.4,Adam,,0.0002,1e-07,True,0.8,"[1, 2, 3]","[1, 2]",[0.68794326 2.1920904  0.91725768],0.02,1.0,0.12653,1.5253,0.59091,0.48717,"[0.68085, 0.2, 0.58065]",110,0.1443,1.80419,0.63636,0.56119,"[0.74419, 0.33333, 0.60606]",69,COMPLETED,5.562
10,20251231_122055,gaitset_OUMVLP_TOP70.csv,70%,Preset_1,MLP,42,54,"[768, 512, 256]",mean,minmax,64,3,768,silu,0.4,Adam,,0.0002,1e-07,True,0.8,"[1, 2, 3]","[1, 2]",[0.68794326 2.1920904  0.91725768],0.02,1.0,0.12,1.74191,0.54545,0.41414,"[0.63636, 0.0, 0.60606]",134,0.21362,1.79444,0.56818,0.53894,"[0.6, 0.42857, 0.58824]",62,COMPLETED,6.493
11,20251231_122055,gaitset_TOP70.csv,70%,Preset_1,MLP,42,36,"[768, 512, 256]",mean,minmax,64,3,768,silu,0.4,Adam,,0.0002,1e-07,True,0.8,"[1, 2, 3]","[1, 2]",[0.68794326 2.1920904  0.91725768],0.02,1.0,0.12211,2.40742,0.43182,0.39471,"[0.48889, 0.26667, 0.42857]",217,0.16184,2.32072,0.5,0.45271,"[0.55814, 0.26667, 0.53333]",136,COMPLETED,13.168
12,20251231_122055,gln_phase1_TOP70.csv,70%,Preset_1,MLP,42,50,"[768, 512, 256]",mean,minmax,64,3,768,silu,0.4,Adam,,0.0002,1e-07,True,0.8,"[1, 2, 3]","[1, 2]",[0.68794326 2.1920904  0.91725768],0.02,1.0,0.12676,1.883,0.54545,0.45734,"[0.66667, 0.14286, 0.5625]",153,0.40629,1.29112,0.61364,0.58374,"[0.7, 0.47059, 0.58065]",32,COMPLETED,8.99
13,20251231_122055,gln_phase2_TOP70.csv,70%,Preset_1,MLP,42,54,"[768, 512, 256]",mean,minmax,64,3,768,silu,0.4,Adam,,0.0002,1e-07,True,0.8,"[1, 2, 3]","[1, 2]",[0.68794326 2.1920904  0.91725768],0.02,1.0,0.12689,2.04902,0.45455,0.38574,"[0.54545, 0.2, 0.41176]",128,0.20149,1.69255,0.56818,0.58877,"[0.58537, 0.66667, 0.51429]",56,COMPLETED,8.0

14,20251231_122055,baseline_CASIAB_TOP70.csv,70%,Preset_2,MLP,42,32,"[640, 640, 640, 640]",mean,,96,4,640,leakyrelu,0.45,AdamW,,0.0003,1e-05,True,0.75,"[1, 2, 3, 4]","[1, 2, 3]",[0.68794326 2.1920904  0.91725768],0.02,1.0,0.12692,2.28977,0.45455,0.44246,"[0.52381, 0.42857, 0.375]",409,0.13291,2.07051,0.56818,0.51778,"[0.63415, 0.36364, 0.55556]",377,COMPLETED,16.911
15,20251231_122055,baseline_OUMVLP_TOP70.csv,70%,Preset_2,MLP,42,31,"[640, 640, 640, 640]",mean,,96,4,640,leakyrelu,0.45,AdamW,,0.0003,1e-05,True,0.75,"[1, 2, 3, 4]","[1, 2, 3]",[0.68794326 2.1920904  0.91725768],0.02,1.0,0.12476,1.97261,0.54545,0.45919,"[0.59574, 0.18182, 0.6]",390,0.28388,1.6859,0.63636,0.59496,"[0.66667, 0.42857, 0.68966]",168,COMPLETED,17.024
16,20251231_122055,gaitgl_GREW_BNNeck_TOP70.csv,70%,Preset_2,MLP,42,45,"[640, 640, 640, 640]",mean,,96,4,640,leakyrelu,0.45,AdamW,,0.0003,1e-05,True,0.75,"[1, 2, 3, 4]","[1, 2, 3]",[0.68794326 2.1920904  0.91725768],0.02,1.0,0.12124,2.45367,0.45455,0.29321,"[0.62963, 0.0, 0.25]",561,0.52725,1.47342,0.5,0.42679,"[0.55814, 0.22222, 0.5]",245,COMPLETED,23.912
17,20251231_122055,gaitgl_GREW_TOP70.csv,70%,Preset_2,MLP,42,54,"[640, 640, 640, 640]",mean,,96,4,640,leakyrelu,0.45,AdamW,,0.0003,1e-05,True,0.75,"[1, 2, 3, 4]","[1, 2, 3]",[0.68794326 2.1920904  0.91725768],0.02,1.0,0.12797,2.83678,0.38636,0.29206,"[0.47619, 0.0, 0.4]",237,0.57634,2.12304,0.45455,0.40122,"[0.61905, 0.2, 0.38462]",44,COMPLETED,10.398
18,20251231_122055,gaitgl_OUMVLP_TOP70.csv,70%,Preset_2,MLP,42,23,"[640, 640, 640, 640]",mean,,96,4,640,leakyrelu,0.45,AdamW,,0.0003,1e-05,True,0.75,"[1, 2, 3, 4]","[1, 2, 3]",[0.68794326 2.1920904  0.91725768],0.02,1.0,0.12768,2.34073,0.45455,0.34313,"[0.57778, 0.0, 0.45161]",688,0.30479,1.88679,0.52273,0.42832,"[0.66667, 0.16667, 0.45161]",230,COMPLETED,29.708
19,20251231_122055,gaitgl_TOP70.csv,70%,Preset_2,MLP,42,24,"[640, 640, 640, 640]",mean,,96,4,640,leakyrelu,0.45,AdamW,,0.0003,1e-05,True,0.75,"[1, 2, 3, 4]","[1, 2, 3]",[0.68794326 2.1920904  0.91725768],0.02,1.0,0.1235,2.88633,0.34091,0.24664,"[0.38095, 0.0, 0.35897]",507,0.60444,1.77574,0.45455,0.42262,"[0.48649, 0.30769, 0.47368]",87,COMPLETED,21.431
20,20251231_122055,gaitpart_GREW_TOP70.csv,70%,Preset_2,MLP,42,53,"[640, 640, 640, 640]",mean,,96,4,640,leakyrelu,0.45,AdamW,,0.0003,1e-05,True,0.75,"[1, 2, 3, 4]","[1, 2, 3]",[0.68794326 2.1920904  0.91725768],0.02,1.0,0.11696,2.04402,0.52273,0.38745,"[0.59091, 0.0, 0.57143]",257,0.13595,2.3199,0.56818,0.53846,"[0.61538, 0.42857, 0.57143]",208,COMPLETED,10.943
21,20251231_122055,gaitpart_OUMVLP_TOP70.csv,70%,Preset_2,MLP,42,41,"[640, 640, 640, 640]",mean,,96,4,640,leakyrelu,0.45,AdamW,,0.0003,1e-05,True,0.75,"[1, 2, 3, 4]","[1, 2, 3]",[0.68794326 2.1920904  0.91725768],0.02,1.0,0.11859,1.81984,0.54545,0.46152,"[0.59091, 0.22222, 0.57143]",261,0.14902,1.89952,0.65909,0.63272,"[0.65, 0.54545, 0.7027]",166,COMPLETED,11.228
22,20251231_122055,gaitset_GREW_TOP70.csv,70%,Preset_2,MLP,42,54,"[640, 640, 640, 640]",mean,,96,4,640,leakyrelu,0.45,AdamW,,0.0003,1e-05,True,0.75,"[1, 2, 3, 4]","[1, 2, 3]",[0.68794326 2.1920904  0.91725768],0.02,1.0,0.12345,1.71592,0.59091,0.47217,"[0.73469, 0.18182, 0.5]",336,0.13,1.78829,0.61364,0.54806,"[0.77273, 0.35294, 0.51852]",332,COMPLETED,14.964
23,20251231_122055,gaitset_OUMVLP_TOP70.csv,70%,Preset_2,MLP,42,39,"[640, 640, 640, 640]",mean,,96,4,640,leakyrelu,0.45,AdamW,,0.0003,1e-05,True,0.75,"[1, 2, 3, 4]","[1, 2, 3]",[0.68794326 2.1920904  0.91725768],0.02,1.0,0.12483,2.30376,0.47727,0.33679,"[0.64, 0.0, 0.37037]",372,0.13341,2.17113,0.54545,0.39079,"[0.65385, 0.0, 0.51852]",305,COMPLETED,15.542
24,20251231_122055,gaitset_TOP70.csv,70%,Preset_2,MLP,42,24,"[640, 640, 640, 640]",mean,,96,4,640,leakyrelu,0.45,AdamW,,0.0003,1e-05,True,0.75,"[1, 2, 3, 4]","[1, 2, 3]",[0.68794326 2.1920904  0.91725768],0.02,1.0,0.11494,2.00561,0.5,0.42278,"[0.55319, 0.18182, 0.53333]",758,0.14374,1.93024,0.56818,0.48235,"[0.57778, 0.22222, 0.64706]",652,COMPLETED,31.932
25,20251231_122055,gln_phase1_TOP70.csv,70%,Preset_2,MLP,42,36,"[640, 640, 640, 640]",mean,,96,4,640,leakyrelu,0.45,AdamW,,0.0003,1e-05,True,0.75,"[1, 2, 3, 4]","[1, 2, 3]",[0.68794326 2.1920904  0.91725768],0.02,1.0,0.11733,2.14307,0.54545,0.49923,"[0.60465, 0.36364, 0.52941]",415,0.1589,1.65864,0.68182,0.64557,"[0.74419, 0.54545, 0.64706]",294,COMPLETED,18.103
26,20251231_122055,gln_phase2_TOP70.csv,70%,Preset_2,MLP,42,40,"[640, 640, 640, 640]",mean,,96,4,640,leakyrelu,0.45,AdamW,,0.0003,1e-05,True,0.75,"[1, 2, 3, 4]","[1, 2, 3]",[0.68794326 2.1920904  0.91725768],0.02,1.0,0.12975,2.33323,0.5,0.42496,"[0.54545, 0.2, 0.52941]",374,0.3097,1.78096,0.59091,0.56909,"[0.61905, 0.5, 0.58824]",161,COMPLETED,16.41

27,20251231_122055,baseline_CASIAB_TOP70.csv,70%,Preset_3,MLP,42,59,"[1280, 896, 512, 256]",mean,L2,64,4,1280,silu,0.5,Adam,,0.0001,1e-07,True,0.85,"[1, 2, 3, 4]","[1, 2]",[0.68794326 2.1920904  0.91725768],0.02,1.0,0.12115,2.00921,0.52273,0.4623,"[0.625, 0.33333, 0.42857]",374,0.12378,1.96804,0.59091,0.52072,"[0.68, 0.36364, 0.51852]",368,COMPLETED,22.332
28,20251231_122055,baseline_OUMVLP_TOP70.csv,70%,Preset_3,MLP,42,57,"[1280, 896, 512, 256]",mean,L2,64,4,1280,silu,0.5,Adam,,0.0001,1e-07,True,0.85,"[1, 2, 3, 4]","[1, 2]",[0.68794326 2.1920904  0.91725768],0.02,1.0,0.12094,1.90159,0.56818,0.47661,"[0.63158, 0.16667, 0.63158]",475,0.55105,1.39628,0.56818,0.53169,"[0.57143, 0.375, 0.64865]",243,COMPLETED,26.952
29,20251231_122055,gaitgl_GREW_BNNeck_TOP70.csv,70%,Preset_3,MLP,42,75,"[1280, 896, 512, 256]",mean,L2,64,4,1280,silu,0.5,Adam,,0.0001,1e-07,True,0.85,"[1, 2, 3, 4]","[1, 2]",[0.68794326 2.1920904  0.91725768],0.02,1.0,0.11843,2.50161,0.40909,0.28543,"[0.56, 0.0, 0.2963]",308,0.23247,2.22636,0.52273,0.42866,"[0.66667, 0.18182, 0.4375]",191,COMPLETED,17.805
30,20251231_122055,gaitgl_GREW_TOP70.csv,70%,Preset_3,MLP,42,102,"[1280, 896, 512, 256]",mean,L2,64,4,1280,silu,0.5,Adam,,0.0001,1e-07,True,0.85,"[1, 2, 3, 4]","[1, 2]",[0.68794326 2.1920904  0.91725768],0.02,1.0,0.12683,2.2968,0.40909,0.37931,"[0.46512, 0.28571, 0.3871]",333,0.6064,1.43999,0.45455,0.43289,"[0.53659, 0.375, 0.3871]",163,COMPLETED,19.514
31,20251231_122055,gaitgl_OUMVLP_TOP70.csv,70%,Preset_3,MLP,42,73,"[1280, 896, 512, 256]",mean,L2,64,4,1280,silu,0.5,Adam,,0.0001,1e-07,True,0.85,"[1, 2, 3, 4]","[1, 2]",[0.68794326 2.1920904  0.91725768],0.02,1.0,0.1223,2.70707,0.40909,0.36855,"[0.5, 0.23529, 0.37037]",860,0.22485,2.41358,0.5,0.45525,"[0.53659, 0.26667, 0.5625]",726,COMPLETED,50.355
32,20251231_122055,gaitgl_TOP70.csv,70%,Preset_3,MLP,42,53,"[1280, 896, 512, 256]",mean,L2,64,4,1280,silu,0.5,Adam,,0.0001,1e-07,True,0.85,"[1, 2, 3, 4]","[1, 2]",[0.68794326 2.1920904  0.91725768],0.02,1.0,0.12493,3.03796,0.31818,0.24773,"[0.39024, 0.0, 0.35294]",386,0.52209,1.63016,0.45455,0.45584,"[0.46154, 0.46154, 0.44444]",125,COMPLETED,22.603
33,20251231_122055,gaitpart_GREW_TOP70.csv,70%,Preset_3,MLP,42,82,"[1280, 896, 512, 256]",mean,L2,64,4,1280,silu,0.5,Adam,,0.0001,1e-07,True,0.85,"[1, 2, 3, 4]","[1, 2]",[0.68794326 2.1920904  0.91725768],0.02,1.0,0.12924,1.99382,0.54545,0.435,"[0.69388, 0.16667, 0.44444]",355,0.24344,1.82947,0.59091,0.48297,"[0.77273, 0.14286, 0.53333]",267,COMPLETED,21.124
34,20251231_122055,gaitpart_OUMVLP_TOP70.csv,70%,Preset_3,MLP,42,72,"[1280, 896, 512, 256]",mean,L2,64,4,1280,silu,0.5,Adam,,0.0001,1e-07,True,0.85,"[1, 2, 3, 4]","[1, 2]",[0.68794326 2.1920904  0.91725768],0.02,1.0,0.12093,2.54365,0.47727,0.43651,"[0.52381, 0.28571, 0.5]",760,0.73521,1.25661,0.54545,0.51529,"[0.51429, 0.4, 0.63158]",276,COMPLETED,43.633
35,20251231_122055,gaitset_GREW_TOP70.csv,70%,Preset_3,MLP,42,87,"[1280, 896, 512, 256]",mean,L2,64,4,1280,silu,0.5,Adam,,0.0001,1e-07,True,0.85,"[1, 2, 3, 4]","[1, 2]",[0.68794326 2.1920904  0.91725768],0.02,1.0,0.11754,2.33802,0.5,0.41964,"[0.65116, 0.125, 0.48276]",299,0.14434,2.35603,0.54545,0.46286,"[0.68293, 0.125, 0.58065]",262,COMPLETED,17.584
36,20251231_122055,gaitset_OUMVLP_TOP70.csv,70%,Preset_3,MLP,42,70,"[1280, 896, 512, 256]",mean,L2,64,4,1280,silu,0.5,Adam,,0.0001,1e-07,True,0.85,"[1, 2, 3, 4]","[1, 2]",[0.68794326 2.1920904  0.91725768],0.02,1.0,0.12801,2.59614,0.47727,0.36797,"[0.61905, 0.0, 0.48485]",686,0.54824,1.74647,0.5,0.45008,"[0.61538, 0.25, 0.48485]",411,COMPLETED,40.504
37,20251231_122055,gaitset_TOP70.csv,70%,Preset_3,MLP,42,47,"[1280, 896, 512, 256]",mean,L2,64,4,1280,silu,0.5,Adam,,0.0001,1e-07,True,0.85,"[1, 2, 3, 4]","[1, 2]",[0.68794326 2.1920904  0.91725768],0.02,1.0,0.11886,2.31619,0.43182,0.39564,"[0.5, 0.23529, 0.45161]",427,0.16616,2.26979,0.47727,0.45937,"[0.47368, 0.375, 0.52941]",307,COMPLETED,24.251
38,20251231_122055,gln_phase1_TOP70.csv,70%,Preset_3,MLP,42,65,"[1280, 896, 512, 256]",mean,L2,64,4,1280,silu,0.5,Adam,,0.0001,1e-07,True,0.85,"[1, 2, 3, 4]","[1, 2]",[0.68794326 2.1920904  0.91725768],0.02,1.0,0.1116,2.2227,0.5,0.45424,"[0.57778, 0.33333, 0.45161]",352,0.69933,1.21323,0.54545,0.55013,"[0.57895, 0.57143, 0.5]",104,COMPLETED,20.558
39,20251231_122055,gln_phase2_TOP70.csv,70%,Preset_3,MLP,42,70,"[1280, 896, 512, 256]",mean,L2,64,4,1280,silu,0.5,Adam,,0.0001,1e-07,True,0.85,"[1, 2, 3, 4]","[1, 2]",[0.68794326 2.1920904  0.91725768],0.02,1.0,0.11516,2.16876,0.52273,0.38186,"[0.61224, 0.0, 0.53333]",324,0.61526,1.28606,0.56818,0.55361,"[0.61538, 0.5, 0.54545]",119,COMPLETED,18.292

40,20251231_122055,baseline_CASIAB_TOP70.csv,70%,Preset_4,MLP,42,44,"[768, 768, 768, 768]",mean,minmax,128,4,768,gelu,0.4,AdamW,,0.00025,5e-06,True,0.8,"[1, 2, 3, 4]","[1, 3, 4]",[0.68794326 2.1920904  0.91725768],0.02,1.0,0.11962,1.72571,0.59091,0.51084,"[0.70833, 0.28571, 0.53846]",96,0.1291,1.51079,0.70455,0.60544,"[0.81633, 0.30769, 0.69231]",93,COMPLETED,3.578
41,20251231_122055,baseline_OUMVLP_TOP70.csv,70%,Preset_4,MLP,42,44,"[768, 768, 768, 768]",mean,minmax,128,4,768,gelu,0.4,AdamW,,0.00025,5e-06,True,0.8,"[1, 2, 3, 4]","[1, 3, 4]",[0.68794326 2.1920904  0.91725768],0.02,1.0,0.11548,1.70691,0.63636,0.58884,"[0.63636, 0.44444, 0.68571]",99,0.33965,1.22896,0.65909,0.63261,"[0.66667, 0.54545, 0.68571]",26,COMPLETED,3.434
42,20251231_122055,gaitgl_GREW_BNNeck_TOP70.csv,70%,Preset_4,MLP,42,59,"[768, 768, 768, 768]",mean,minmax,128,4,768,gelu,0.4,AdamW,,0.00025,5e-06,True,0.8,"[1, 2, 3, 4]","[1, 3, 4]",[0.68794326 2.1920904  0.91725768],0.02,1.0,0.11625,2.11993,0.5,0.38765,"[0.66667, 0.2, 0.2963]",82,0.14753,2.23726,0.47727,0.41998,"[0.6, 0.36364, 0.2963]",63,COMPLETED,3.385
43,20251231_122055,gaitgl_GREW_TOP70.csv,70%,Preset_4,MLP,42,74,"[768, 768, 768, 768]",mean,minmax,128,4,768,gelu,0.4,AdamW,,0.00025,5e-06,True,0.8,"[1, 2, 3, 4]","[1, 3, 4]",[0.68794326 2.1920904  0.91725768],0.02,1.0,0.12353,2.34211,0.5,0.37184,"[0.53659, 0.0, 0.57895]",83,0.13521,2.35591,0.54545,0.50637,"[0.63636, 0.4, 0.48276]",61,COMPLETED,3.307
44,20251231_122055,gaitgl_OUMVLP_TOP70.csv,70%,Preset_4,MLP,42,43,"[768, 768, 768, 768]",mean,minmax,128,4,768,gelu,0.4,AdamW,,0.00025,5e-06,True,0.8,"[1, 2, 3, 4]","[1, 3, 4]",[0.68794326 2.1920904  0.91725768],0.02,1.0,0.12529,2.45902,0.47727,0.43037,"[0.63158, 0.23529, 0.42424]",124,0.15472,2.14862,0.56818,0.49319,"[0.71111, 0.28571, 0.48276]",97,COMPLETED,4.562
45,20251231_122055,gaitgl_TOP70.csv,70%,Preset_4,MLP,42,37,"[768, 768, 768, 768]",mean,minmax,128,4,768,gelu,0.4,AdamW,,0.00025,5e-06,True,0.8,"[1, 2, 3, 4]","[1, 3, 4]",[0.68794326 2.1920904  0.91725768],0.02,1.0,0.12468,2.74948,0.43182,0.41328,"[0.4, 0.36364, 0.47619]",129,0.66777,1.50059,0.5,0.47544,"[0.52632, 0.4, 0.5]",19,COMPLETED,5.116
46,20251231_122055,gaitpart_GREW_TOP70.csv,70%,Preset_4,MLP,42,67,"[768, 768, 768, 768]",mean,minmax,128,4,768,gelu,0.4,AdamW,,0.00025,5e-06,True,0.8,"[1, 2, 3, 4]","[1, 3, 4]",[0.68794326 2.1920904  0.91725768],0.02,1.0,0.12153,2.18368,0.47727,0.3386,"[0.65217, 0.0, 0.36364]",71,0.18351,2.22169,0.54545,0.46998,"[0.69565, 0.28571, 0.42857]",37,COMPLETED,2.572
47,20251231_122055,gaitpart_OUMVLP_TOP70.csv,70%,Preset_4,MLP,42,55,"[768, 768, 768, 768]",mean,minmax,128,4,768,gelu,0.4,AdamW,,0.00025,5e-06,True,0.8,"[1, 2, 3, 4]","[1, 3, 4]",[0.68794326 2.1920904  0.91725768],0.02,1.0,0.11646,1.80756,0.5,0.41919,"[0.59091, 0.18182, 0.48485]",77,0.12564,1.97151,0.59091,0.53333,"[0.66667, 0.4, 0.53333]",60,COMPLETED,2.798
48,20251231_122055,gaitset_GREW_TOP70.csv,70%,Preset_4,MLP,42,69,"[768, 768, 768, 768]",mean,minmax,128,4,768,gelu,0.4,AdamW,,0.00025,5e-06,True,0.8,"[1, 2, 3, 4]","[1, 3, 4]",[0.68794326 2.1920904  0.91725768],0.02,1.0,0.11905,1.65003,0.63636,0.56114,"[0.73913, 0.36364, 0.58065]",63,0.11905,1.65003,0.63636,0.56114,"[0.73913, 0.36364, 0.58065]",63,COMPLETED,2.43
49,20251231_122055,gaitset_OUMVLP_TOP70.csv,70%,Preset_4,MLP,42,54,"[768, 768, 768, 768]",mean,minmax,128,4,768,gelu,0.4,AdamW,,0.00025,5e-06,True,0.8,"[1, 2, 3, 4]","[1, 3, 4]",[0.68794326 2.1920904  0.91725768],0.02,1.0,0.11142,1.9298,0.56818,0.40613,"[0.66667, 0.0, 0.55172]",89,0.34357,1.84968,0.59091,0.57143,"[0.66667, 0.47619, 0.57143]",22,COMPLETED,3.375
50,20251231_122055,gaitset_TOP70.csv,70%,Preset_4,MLP,42,36,"[768, 768, 768, 768]",mean,minmax,128,4,768,gelu,0.4,AdamW,,0.00025,5e-06,True,0.8,"[1, 2, 3, 4]","[1, 3, 4]",[0.68794326 2.1920904  0.91725768],0.02,1.0,0.12845,2.32653,0.45455,0.38889,"[0.5, 0.16667, 0.5]",108,0.13018,2.4503,0.56818,0.53903,"[0.62222, 0.46154, 0.53333]",88,COMPLETED,3.877
51,20251231_122055,gln_phase1_TOP70.csv,70%,Preset_4,MLP,42,50,"[768, 768, 768, 768]",mean,minmax,128,4,768,gelu,0.4,AdamW,,0.00025,5e-06,True,0.8,"[1, 2, 3, 4]","[1, 3, 4]",[0.68794326 2.1920904  0.91725768],0.02,1.0,0.12718,2.10147,0.54545,0.49448,"[0.60465, 0.33333, 0.54545]",89,0.13578,2.05107,0.65909,0.61742,"[0.72727, 0.5, 0.625]",82,COMPLETED,3.465
52,20251231_122055,gln_phase2_TOP70.csv,70%,Preset_4,MLP,42,54,"[768, 768, 768, 768]",mean,minmax,128,4,768,gelu,0.4,AdamW,,0.00025,5e-06,True,0.8,"[1, 2, 3, 4]","[1, 3, 4]",[0.68794326 2.1920904  0.91725768],0.02,1.0,0.12165,2.41031,0.40909,0.29891,"[0.52174, 0.0, 0.375]",84,0.49688,1.48602,0.52273,0.49651,"[0.53659, 0.35294, 0.6]",16,COMPLETED,2.93

53,20251231_122055,baseline_CASIAB_TOP70.csv,70%,Preset_5,MLP,42,45,"[1024, 784, 512, 256]",mean,L2,64,4,1024,leakyrelu,0.5,Adam,,0.0002,1e-06,True,0.8,"[2, 3]","[1, 2, 3]",[0.68794326 2.1920904  0.91725768],0.02,1.0,0.12773,2.20646,0.52273,0.41282,"[0.65385, 0.2, 0.38462]",319,0.32387,1.90916,0.56818,0.50538,"[0.66667, 0.33333, 0.51613]",141,COMPLETED,17.073
54,20251231_122055,baseline_OUMVLP_TOP70.csv,70%,Preset_5,MLP,42,43,"[1024, 784, 512, 256]",mean,L2,64,4,1024,leakyrelu,0.5,Adam,,0.0002,1e-06,True,0.8,"[2, 3]","[1, 2, 3]",[0.68794326 2.1920904  0.91725768],0.02,1.0,0.12617,1.71541,0.59091,0.49553,"[0.61905, 0.18182, 0.68571]",469,0.19135,1.63232,0.68182,0.56304,"[0.73913, 0.2, 0.75]",303,COMPLETED,24.672
55,20251231_122055,gaitgl_GREW_BNNeck_TOP70.csv,70%,Preset_5,MLP,42,59,"[1024, 784, 512, 256]",mean,L2,64,4,1024,leakyrelu,0.5,Adam,,0.0002,1e-06,True,0.8,"[2, 3]","[1, 2, 3]",[0.68794326 2.1920904  0.91725768],0.02,1.0,0.12752,2.42844,0.5,0.35126,"[0.64, 0.0, 0.41379]",257,0.16543,2.38967,0.52273,0.42608,"[0.62745, 0.22222, 0.42857]",204,COMPLETED,13.89
56,20251231_122055,gaitgl_GREW_TOP70.csv,70%,Preset_5,MLP,42,84,"[1024, 784, 512, 256]",mean,L2,64,4,1024,leakyrelu,0.5,Adam,,0.0002,1e-06,True,0.8,"[2, 3]","[1, 2, 3]",[0.68794326 2.1920904  0.91725768],0.02,1.0,0.12846,2.33618,0.47727,0.3372,"[0.56, 0.0, 0.45161]",263,0.12844,2.52273,0.47727,0.41217,"[0.5, 0.22222, 0.51429]",245,COMPLETED,13.976
57,20251231_122055,gaitgl_OUMVLP_TOP70.csv,70%,Preset_5,MLP,42,55,"[1024, 784, 512, 256]",mean,L2,64,4,1024,leakyrelu,0.5,Adam,,0.0002,1e-06,True,0.8,"[2, 3]","[1, 2, 3]",[0.68794326 2.1920904  0.91725768],0.02,1.0,0.12656,2.11113,0.52273,0.46815,"[0.61224, 0.36364, 0.42857]",678,0.38823,1.58716,0.59091,0.58687,"[0.59459, 0.57143, 0.59459]",354,COMPLETED,35.422
58,20251231_122055,gaitgl_TOP70.csv,70%,Preset_5,MLP,42,43,"[1024, 784, 512, 256]",mean,L2,64,4,1024,leakyrelu,0.5,Adam,,0.0002,1e-06,True,0.8,"[2, 3]","[1, 2, 3]",[0.68794326 2.1920904  0.91725768],0.02,1.0,0.12592,2.73468,0.31818,0.21563,"[0.44, 0.0, 0.2069]",379,0.74823,1.55792,0.43182,0.40456,"[0.46154, 0.30769, 0.44444]",66,COMPLETED,19.85
59,20251231_122055,gaitpart_GREW_TOP70.csv,70%,Preset_5,MLP,42,67,"[1024, 784, 512, 256]",mean,L2,64,4,1024,leakyrelu,0.5,Adam,,0.0002,1e-06,True,0.8,"[2, 3]","[1, 2, 3]",[0.68794326 2.1920904  0.91725768],0.02,1.0,0.11648,2.03269,0.54545,0.4456,"[0.72727, 0.14286, 0.46667]",313,0.31988,2.15893,0.56818,0.51073,"[0.69565, 0.375, 0.46154]",153,COMPLETED,17.783
60,20251231_122055,gaitpart_OUMVLP_TOP70.csv,70%,Preset_5,MLP,42,57,"[1024, 784, 512, 256]",mean,L2,64,4,1024,leakyrelu,0.5,Adam,,0.0002,1e-06,True,0.8,"[2, 3]","[1, 2, 3]",[0.68794326 2.1920904  0.91725768],0.02,1.0,0.11943,2.11363,0.5,0.38384,"[0.54545, 0.0, 0.60606]",563,0.66501,1.48212,0.56818,0.54455,"[0.54054, 0.46154, 0.63158]",162,COMPLETED,29.522
61,20251231_122055,gaitset_GREW_TOP70.csv,70%,Preset_5,MLP,42,70,"[1024, 784, 512, 256]",mean,L2,64,4,1024,leakyrelu,0.5,Adam,,0.0002,1e-06,True,0.8,"[2, 3]","[1, 2, 3]",[0.68794326 2.1920904  0.91725768],0.02,1.0,0.11866,1.93677,0.5,0.39577,"[0.62963, 0.25, 0.30769]",242,0.31241,1.91144,0.61364,0.49451,"[0.75, 0.18182, 0.55172]",105,COMPLETED,12.851
62,20251231_122055,gaitset_OUMVLP_TOP70.csv,70%,Preset_5,MLP,42,54,"[1024, 784, 512, 256]",mean,L2,64,4,1024,leakyrelu,0.5,Adam,,0.0002,1e-06,True,0.8,"[2, 3]","[1, 2, 3]",[0.68794326 2.1920904  0.91725768],0.02,1.0,0.1265,2.24886,0.45455,0.33894,"[0.56522, 0.0, 0.45161]",542,0.13268,2.09037,0.52273,0.42893,"[0.6383, 0.18182, 0.46667]",496,COMPLETED,28.84
63,20251231_122055,gaitset_TOP70.csv,70%,Preset_5,MLP,42,34,"[1024, 784, 512, 256]",mean,L2,64,4,1024,leakyrelu,0.5,Adam,,0.0002,1e-06,True,0.8,"[2, 3]","[1, 2, 3]",[0.68794326 2.1920904  0.91725768],0.02,1.0,0.12049,2.4004,0.47727,0.45646,"[0.51163, 0.375, 0.48276]",453,0.16349,2.30374,0.54545,0.51936,"[0.57778, 0.42857, 0.55172]",378,COMPLETED,23.138
64,20251231_122055,gln_phase1_TOP70.csv,70%,Preset_5,MLP,42,49,"[1024, 784, 512, 256]",mean,L2,64,4,1024,leakyrelu,0.5,Adam,,0.0002,1e-06,True,0.8,"[2, 3]","[1, 2, 3]",[0.68794326 2.1920904  0.91725768],0.02,1.0,0.1232,1.78345,0.59091,0.53188,"[0.69565, 0.4, 0.5]",336,0.15793,1.82141,0.65909,0.61675,"[0.74419, 0.5, 0.60606]",254,COMPLETED,18.154
65,20251231_122055,gln_phase2_TOP70.csv,70%,Preset_5,MLP,42,54,"[1024, 784, 512, 256]",mean,L2,64,4,1024,leakyrelu,0.5,Adam,,0.0002,1e-06,True,0.8,"[2, 3]","[1, 2, 3]",[0.68794326 2.1920904  0.91725768],0.02,1.0,0.12902,2.66075,0.40909,0.28828,"[0.52, 0.0, 0.34483]",264,0.37216,1.94221,0.54545,0.45983,"[0.61538, 0.2, 0.5641]",107,COMPLETED,14.497

66,20251231_122055,baseline_CASIAB_TOP70.csv,70%,Preset_6,MLP,42,59,"[1024, 1024, 512]",mean,L2,128,3,1024,silu,0.5,AdamW,,0.0002,5e-06,True,0.85,"[1, 3]",[2],[0.68794326 2.1920904  0.91725768],0.02,1.0,0.12911,2.11722,0.5,0.43435,"[0.625, 0.30769, 0.37037]",155,0.16945,2.08234,0.52273,0.46815,"[0.61224, 0.36364, 0.42857]",135,COMPLETED,4.663
67,20251231_122055,baseline_OUMVLP_TOP70.csv,70%,Preset_6,MLP,42,57,"[1024, 1024, 512]",mean,L2,128,3,1024,silu,0.5,AdamW,,0.0002,5e-06,True,0.85,"[1, 3]",[2],[0.68794326 2.1920904  0.91725768],0.02,1.0,0.12946,1.97943,0.47727,0.4069,"[0.52632, 0.15385, 0.54054]",214,0.70589,1.20322,0.56818,0.52994,"[0.58824, 0.35294, 0.64865]",90,COMPLETED,6.529
68,20251231_122055,gaitgl_GREW_BNNeck_TOP70.csv,70%,Preset_6,MLP,42,75,"[1024, 1024, 512]",mean,L2,128,3,1024,silu,0.5,AdamW,,0.0002,5e-06,True,0.85,"[1, 3]",[2],[0.68794326 2.1920904  0.91725768],0.02,1.0,0.12637,2.45302,0.47727,0.40133,"[0.61905, 0.13333, 0.45161]",115,0.14534,2.56774,0.59091,0.47248,"[0.73469, 0.2, 0.48276]",98,COMPLETED,3.678
69,20251231_122055,gaitgl_GREW_TOP70.csv,70%,Preset_6,MLP,42,102,"[1024, 1024, 512]",mean,L2,128,3,1024,silu,0.5,AdamW,,0.0002,5e-06,True,0.85,"[1, 3]",[2],[0.68794326 2.1920904  0.91725768],0.02,1.0,0.11154,2.42397,0.40909,0.35576,"[0.42857, 0.15385, 0.48485]",192,0.12283,2.34372,0.47727,0.46266,"[0.47368, 0.4, 0.51429]",179,COMPLETED,6.503
70,20251231_122055,gaitgl_OUMVLP_TOP70.csv,70%,Preset_6,MLP,42,73,"[1024, 1024, 512]",mean,L2,128,3,1024,silu,0.5,AdamW,,0.0002,5e-06,True,0.85,"[1, 3]",[2],[0.68794326 2.1920904  0.91725768],0.02,1.0,0.12494,2.1317,0.38636,0.31722,"[0.51064, 0.13333, 0.30769]",421,0.65408,1.6326,0.45455,0.41357,"[0.41176, 0.25, 0.57895]",250,COMPLETED,13.201
71,20251231_122055,gaitgl_TOP70.csv,70%,Preset_6,MLP,42,53,"[1024, 1024, 512]",mean,L2,128,3,1024,silu,0.5,AdamW,,0.0002,5e-06,True,0.85,"[1, 3]",[2],[0.68794326 2.1920904  0.91725768],0.02,1.0,0.11848,3.1135,0.38636,0.31715,"[0.52174, 0.15385, 0.27586]",169,0.50535,1.82022,0.45455,0.42901,"[0.51163, 0.36364, 0.41176]",56,COMPLETED,5.563
72,20251231_122055,gaitpart_GREW_TOP70.csv,70%,Preset_6,MLP,42,82,"[1024, 1024, 512]",mean,L2,128,3,1024,silu,0.5,AdamW,,0.0002,5e-06,True,0.85,"[1, 3]",[2],[0.68794326 2.1920904  0.91725768],0.02,1.0,0.11993,1.95719,0.56818,0.49984,"[0.69767, 0.28571, 0.51613]",175,0.30493,1.81117,0.59091,0.51473,"[0.74419, 0.26667, 0.53333]",138,COMPLETED,5.52
73,20251231_122055,gaitpart_OUMVLP_TOP70.csv,70%,Preset_6,MLP,42,72,"[1024, 1024, 512]",mean,L2,128,3,1024,silu,0.5,AdamW,,0.0002,5e-06,True,0.85,"[1, 3]",[2],[0.68794326 2.1920904  0.91725768],0.02,1.0,0.12503,2.6111,0.40909,0.35371,"[0.47619, 0.13333, 0.45161]",423,0.7338,1.29411,0.56818,0.53857,"[0.55556, 0.42857, 0.63158]",157,COMPLETED,12.649
74,20251231_122055,gaitset_GREW_TOP70.csv,70%,Preset_6,MLP,42,87,"[1024, 1024, 512]",mean,L2,128,3,1024,silu,0.5,AdamW,,0.0002,5e-06,True,0.85,"[1, 3]",[2],[0.68794326 2.1920904  0.91725768],0.02,1.0,0.11822,2.34701,0.45455,0.39308,"[0.58537, 0.11111, 0.48276]",141,0.69161,1.60438,0.59091,0.42778,"[0.75, 0.0, 0.53333]",72,COMPLETED,4.789
75,20251231_122055,gaitset_OUMVLP_TOP70.csv,70%,Preset_6,MLP,42,70,"[1024, 1024, 512]",mean,L2,128,3,1024,silu,0.5,AdamW,,0.0002,5e-06,True,0.85,"[1, 3]",[2],[0.68794326 2.1920904  0.91725768],0.02,1.0,0.12034,2.13462,0.43182,0.33238,"[0.58537, 0.0, 0.41176]",378,0.47829,1.95629,0.5,0.47037,"[0.61111, 0.3, 0.5]",244,COMPLETED,11.971
76,20251231_122055,gaitset_TOP70.csv,70%,Preset_6,MLP,42,47,"[1024, 1024, 512]",mean,L2,128,3,1024,silu,0.5,AdamW,,0.0002,5e-06,True,0.85,"[1, 3]",[2],[0.68794326 2.1920904  0.91725768],0.02,1.0,0.12113,2.95141,0.43182,0.36959,"[0.52381, 0.13333, 0.45161]",187,0.14522,2.93305,0.45455,0.41499,"[0.51163, 0.26667, 0.46667]",167,COMPLETED,5.826
77,20251231_122055,gln_phase1_TOP70.csv,70%,Preset_6,MLP,42,65,"[1024, 1024, 512]",mean,L2,128,3,1024,silu,0.5,AdamW,,0.0002,5e-06,True,0.85,"[1, 3]",[2],[0.68794326 2.1920904  0.91725768],0.02,1.0,0.12507,1.98723,0.52273,0.50973,"[0.61538, 0.5, 0.41379]",145,0.42334,1.31141,0.54545,0.55251,"[0.60465, 0.61538, 0.4375]",74,COMPLETED,4.978
78,20251231_122055,gln_phase2_TOP70.csv,70%,Preset_6,MLP,42,70,"[1024, 1024, 512]",mean,L2,128,3,1024,silu,0.5,AdamW,,0.0002,5e-06,True,0.85,"[1, 3]",[2],[0.68794326 2.1920904  0.91725768],0.02,1.0,0.11398,2.00536,0.43182,0.34254,"[0.46512, 0.0, 0.5625]",153,0.59041,1.41497,0.45455,0.43492,"[0.52381, 0.38095, 0.4]",56,COMPLETED,4.536

79,20251231_122055,baseline_CASIAB_TOP70.csv,70%,Preset_7,MLP,42,256,"[1280, 896, 512, 256]",mean,,64,4,1280,silu,0.4,AdamW,,0.00018,5e-07,False,,"[1, 3]","[2, 3]",[0.68794326 2.1920904  0.91725768],0.02,1.0,0.11326,2.2953,0.56818,0.44975,"[0.70588, 0.18182, 0.46154]",51,0.69576,1.39205,0.5,0.46595,"[0.61538, 0.31579, 0.46667]",21,COMPLETED,2.676
80,20251231_122055,baseline_OUMVLP_TOP70.csv,70%,Preset_7,MLP,42,256,"[1280, 896, 512, 256]",mean,,64,4,1280,silu,0.4,AdamW,,0.00018,5e-07,False,,"[1, 3]","[2, 3]",[0.68794326 2.1920904  0.91725768],0.02,1.0,0.12749,1.90734,0.43182,0.37371,"[0.4878, 0.13333, 0.5]",59,0.26769,1.47933,0.56818,0.47715,"[0.52632, 0.22222, 0.68293]",39,COMPLETED,3.098
81,20251231_122055,gaitgl_GREW_BNNeck_TOP70.csv,70%,Preset_7,MLP,42,256,"[1280, 896, 512, 256]",mean,,64,4,1280,silu,0.4,AdamW,,0.00018,5e-07,False,,"[1, 3]","[2, 3]",[0.68794326 2.1920904  0.91725768],0.02,1.0,0.11281,2.54554,0.43182,0.33333,"[0.53333, 0.0, 0.46667]",94,0.60785,1.59447,0.43182,0.35636,"[0.53061, 0.15385, 0.38462]",45,COMPLETED,4.584
82,20251231_122055,gaitgl_GREW_TOP70.csv,70%,Preset_7,MLP,42,256,"[1280, 896, 512, 256]",mean,,64,4,1280,silu,0.4,AdamW,,0.00018,5e-07,False,,"[1, 3]","[2, 3]",[0.68794326 2.1920904  0.91725768],0.02,1.0,0.12147,1.92305,0.47727,0.43554,"[0.52381, 0.26667, 0.51613]",58,0.15944,1.88286,0.59091,0.49667,"[0.64, 0.25, 0.6]",48,COMPLETED,3.409
83,20251231_122055,gaitgl_OUMVLP_TOP70.csv,70%,Preset_7,MLP,42,256,"[1280, 896, 512, 256]",mean,,64,4,1280,silu,0.4,AdamW,,0.00018,5e-07,False,,"[1, 3]","[2, 3]",[0.68794326 2.1920904  0.91725768],0.02,1.0,0.11175,2.10302,0.52273,0.46999,"[0.59091, 0.28571, 0.53333]",233,0.40388,1.40247,0.54545,0.53125,"[0.57143, 0.47059, 0.55172]",94,COMPLETED,12.431
84,20251231_122055,gaitgl_TOP70.csv,70%,Preset_7,MLP,42,128,"[1280, 896, 512, 256]",mean,,64,4,1280,silu,0.4,AdamW,,0.00018,5e-07,False,,"[1, 3]","[2, 3]",[0.68794326 2.1920904  0.91725768],0.02,1.0,0.11296,2.33506,0.47727,0.3543,"[0.53659, 0.0, 0.52632]",45,0.1572,2.3585,0.52273,0.47806,"[0.57143, 0.33333, 0.52941]",32,COMPLETED,2.519
85,20251231_122055,gaitpart_GREW_TOP70.csv,70%,Preset_7,MLP,42,256,"[1280, 896, 512, 256]",mean,,64,4,1280,silu,0.4,AdamW,,0.00018,5e-07,False,,"[1, 3]","[2, 3]",[0.68794326 2.1920904  0.91725768],0.02,1.0,0.11983,2.44774,0.5,0.47548,"[0.63158, 0.33333, 0.46154]",62,0.18757,1.75744,0.61364,0.54569,"[0.69767, 0.33333, 0.60606]",48,COMPLETED,3.315
86,20251231_122055,gaitpart_OUMVLP_TOP70.csv,70%,Preset_7,MLP,42,256,"[1280, 896, 512, 256]",mean,,64,4,1280,silu,0.4,AdamW,,0.00018,5e-07,False,,"[1, 3]","[2, 3]",[0.68794326 2.1920904  0.91725768],0.02,1.0,0.10537,1.51318,0.56818,0.47133,"[0.66667, 0.16667, 0.58065]",219,0.67259,1.15113,0.54545,0.54219,"[0.51429, 0.53333, 0.57895]",62,COMPLETED,12.394
87,20251231_122055,gaitset_GREW_TOP70.csv,70%,Preset_7,MLP,42,256,"[1280, 896, 512, 256]",mean,,64,4,1280,silu,0.4,AdamW,,0.00018,5e-07,False,,"[1, 3]","[2, 3]",[0.68794326 2.1920904  0.91725768],0.02,1.0,0.11125,2.09394,0.5,0.4812,"[0.58537, 0.44444, 0.41379]",73,0.11149,2.03437,0.52273,0.50602,"[0.55556, 0.4, 0.5625]",72,COMPLETED,3.984
88,20251231_122055,gaitset_OUMVLP_TOP70.csv,70%,Preset_7,MLP,42,256,"[1280, 896, 512, 256]",mean,,64,4,1280,silu,0.4,AdamW,,0.00018,5e-07,False,,"[1, 3]","[2, 3]",[0.68794326 2.1920904  0.91725768],0.02,1.0,0.11912,2.51903,0.43182,0.33421,"[0.61224, 0.11765, 0.27273]",140,0.1099,2.05811,0.47727,0.37232,"[0.62745, 0.18182, 0.30769]",136,COMPLETED,7.452
89,20251231_122055,gaitset_TOP70.csv,70%,Preset_7,MLP,42,256,"[1280, 896, 512, 256]",mean,,64,4,1280,silu,0.4,AdamW,,0.00018,5e-07,False,,"[1, 3]","[2, 3]",[0.68794326 2.1920904  0.91725768],0.02,1.0,0.11358,2.87715,0.31818,0.24747,"[0.40909, 0.0, 0.33333]",60,0.11251,3.07927,0.36364,0.34941,"[0.4186, 0.33333, 0.2963]",59,COMPLETED,3.531
90,20251231_122055,gln_phase1_TOP70.csv,70%,Preset_7,MLP,42,256,"[1280, 896, 512, 256]",mean,,64,4,1280,silu,0.4,AdamW,,0.00018,5e-07,False,,"[1, 3]","[2, 3]",[0.68794326 2.1920904  0.91725768],0.02,1.0,0.11041,1.80842,0.54545,0.50681,"[0.63415, 0.35294, 0.53333]",56,0.60539,1.14792,0.59091,0.58859,"[0.52941, 0.6, 0.63636]",25,COMPLETED,3.179
91,20251231_122055,gln_phase2_TOP70.csv,70%,Preset_7,MLP,42,256,"[1280, 896, 512, 256]",mean,,64,4,1280,silu,0.4,AdamW,,0.00018,5e-07,False,,"[1, 3]","[2, 3]",[0.68794326 2.1920904  0.91725768],0.02,1.0,0.11278,2.31991,0.34091,0.29992,"[0.34286, 0.16667, 0.39024]",53,0.14437,2.1333,0.47727,0.44389,"[0.57143, 0.31579, 0.44444]",45,COMPLETED,2.899

92,20251231_122055,baseline_CASIAB_TOP70.csv,70%,Preset_8,MLP,42,44,"[1152, 768, 512]",mean,minmax,96,3,1152,silu,0.5,AdamW,,0.0002,5e-06,True,0.8,"[1, 2]","[1, 2]",[0.68794326 2.1920904  0.91725768],0.02,1.0,0.12296,1.72688,0.54545,0.45445,"[0.625, 0.22222, 0.51613]",328,0.21753,1.97989,0.63636,0.56946,"[0.69767, 0.36364, 0.64706]",100,COMPLETED,11.93
93,20251231_122055,baseline_OUMVLP_TOP70.csv,70%,Preset_8,MLP,42,44,"[1152, 768, 512]",mean,minmax,96,3,1152,silu,0.5,AdamW,,0.0002,5e-06,True,0.8,"[1, 2]","[1, 2]",[0.68794326 2.1920904  0.91725768],0.02,1.0,0.12315,1.59506,0.59091,0.4963,"[0.6, 0.22222, 0.66667]",295,0.27806,1.6316,0.63636,0.59412,"[0.63158, 0.42857, 0.72222]",68,COMPLETED,11.338
94,20251231_122055,gaitgl_GREW_BNNeck_TOP70.csv,70%,Preset_8,MLP,42,59,"[1152, 768, 512]",mean,minmax,96,3,1152,silu,0.5,AdamW,,0.0002,5e-06,True,0.8,"[1, 2]","[1, 2]",[0.68794326 2.1920904  0.91725768],0.02,1.0,0.12885,1.60106,0.56818,0.40334,"[0.69388, 0.0, 0.51613]",244,0.17611,1.93721,0.54545,0.4848,"[0.6383, 0.33333, 0.48276]",115,COMPLETED,8.984
95,20251231_122055,gaitgl_GREW_TOP70.csv,70%,Preset_8,MLP,42,74,"[1152, 768, 512]",mean,minmax,96,3,1152,silu,0.5,AdamW,,0.0002,5e-06,True,0.8,"[1, 2]","[1, 2]",[0.68794326 2.1920904  0.91725768],0.02,1.0,0.12661,1.99122,0.43182,0.3998,"[0.47619, 0.28571, 0.4375]",203,0.14467,2.15293,0.52273,0.48629,"[0.52381, 0.36364, 0.57143]",150,COMPLETED,7.972
96,20251231_122055,gaitgl_OUMVLP_TOP70.csv,70%,Preset_8,MLP,42,43,"[1152, 768, 512]",mean,minmax,96,3,1152,silu,0.5,AdamW,,0.0002,5e-06,True,0.8,"[1, 2]","[1, 2]",[0.68794326 2.1920904  0.91725768],0.02,1.0,0.12907,1.47913,0.61364,0.56964,"[0.69565, 0.46154, 0.55172]",393,0.18352,1.61226,0.65909,0.6411,"[0.72727, 0.61538, 0.58065]",215,COMPLETED,14.071
97,20251231_122055,gaitgl_TOP70.csv,70%,Preset_8,MLP,42,37,"[1152, 768, 512]",mean,minmax,96,3,1152,silu,0.5,AdamW,,0.0002,5e-06,True,0.8,"[1, 2]","[1, 2]",[0.68794326 2.1920904  0.91725768],0.02,1.0,0.1293,2.43509,0.36364,0.26243,"[0.44444, 0.0, 0.34286]",382,0.72746,1.43249,0.5,0.47436,"[0.48649, 0.4, 0.53659]",31,COMPLETED,14.471
98,20251231_122055,gaitpart_GREW_TOP70.csv,70%,Preset_8,MLP,42,67,"[1152, 768, 512]",mean,minmax,96,3,1152,silu,0.5,AdamW,,0.0002,5e-06,True,0.8,"[1, 2]","[1, 2]",[0.68794326 2.1920904  0.91725768],0.02,1.0,0.12569,1.62345,0.52273,0.42929,"[0.68182, 0.18182, 0.42424]",177,0.14879,1.74553,0.59091,0.52831,"[0.7234, 0.4, 0.46154]",119,COMPLETED,6.359
99,20251231_122055,gaitpart_OUMVLP_TOP70.csv,70%,Preset_8,MLP,42,55,"[1152, 768, 512]",mean,minmax,96,3,1152,silu,0.5,AdamW,,0.0002,5e-06,True,0.8,"[1, 2]","[1, 2]",[0.68794326 2.1920904  0.91725768],0.02,1.0,0.12584,1.623,0.52273,0.43071,"[0.6383, 0.15385, 0.5]",227,0.62735,1.17743,0.54545,0.51596,"[0.58537, 0.4, 0.5625]",18,COMPLETED,8.819
100,20251231_122055,gaitset_GREW_TOP70.csv,70%,Preset_8,MLP,42,69,"[1152, 768, 512]",mean,minmax,96,3,1152,silu,0.5,AdamW,,0.0002,5e-06,True,0.8,"[1, 2]","[1, 2]",[0.68794326 2.1920904  0.91725768],0.02,1.0,0.12961,1.49309,0.59091,0.47952,"[0.7234, 0.18182, 0.53333]",193,0.22574,1.75257,0.65909,0.54134,"[0.7907, 0.16667, 0.66667]",68,COMPLETED,7.785
101,20251231_122055,gaitset_OUMVLP_TOP70.csv,70%,Preset_8,MLP,42,54,"[1152, 768, 512]",mean,minmax,96,3,1152,silu,0.5,AdamW,,0.0002,5e-06,True,0.8,"[1, 2]","[1, 2]",[0.68794326 2.1920904  0.91725768],0.02,1.0,0.12767,1.46722,0.52273,0.44003,"[0.59091, 0.16667, 0.5625]",231,0.26171,1.96119,0.56818,0.55417,"[0.6, 0.5, 0.5625]",73,COMPLETED,8.112
102,20251231_122055,gaitset_TOP70.csv,70%,Preset_8,MLP,42,36,"[1152, 768, 512]",mean,minmax,96,3,1152,silu,0.5,AdamW,,0.0002,5e-06,True,0.8,"[1, 2]","[1, 2]",[0.68794326 2.1920904  0.91725768],0.02,1.0,0.12864,1.97044,0.43182,0.36984,"[0.5, 0.14286, 0.46667]",369,0.3517,1.85823,0.47727,0.45317,"[0.52381, 0.35294, 0.48276]",92,COMPLETED,13.9
103,20251231_122055,gln_phase1_TOP70.csv,70%,Preset_8,MLP,42,50,"[1152, 768, 512]",mean,minmax,96,3,1152,silu,0.5,AdamW,,0.0002,5e-06,True,0.8,"[1, 2]","[1, 2]",[0.68794326 2.1920904  0.91725768],0.02,1.0,0.12566,1.59705,0.54545,0.44343,"[0.68085, 0.16667, 0.48276]",262,0.2842,1.48694,0.56818,0.54464,"[0.65116, 0.5, 0.48276]",60,COMPLETED,9.645
104,20251231_122055,gln_phase2_TOP70.csv,70%,Preset_8,MLP,42,54,"[1152, 768, 512]",mean,minmax,96,3,1152,silu,0.5,AdamW,,0.0002,5e-06,True,0.8,"[1, 2]","[1, 2]",[0.68794326 2.1920904  0.91725768],0.02,1.0,0.12838,1.88732,0.40909,0.3078,"[0.51163, 0.0, 0.41176]",233,0.69888,1.10929,0.52273,0.51348,"[0.51429, 0.47059, 0.55556]",17,COMPLETED,9.146

105,20251231_122055,baseline_CASIAB_TOP70.csv,70%,Preset_9,MLP,42,27,"[512, 256, 128]",mean,L2,64,3,512,silu,0.5,Adam,,0.0001,0.0,True,0.7,[3],[3],[0.68794326 2.1920904  0.91725768],0.02,1.0,0.48495,1.51975,0.38636,0.3631,"[0.42857, 0.28571, 0.375]",821,0.55659,1.37877,0.5,0.444,"[0.59574, 0.30769, 0.42857]",629,STOPPED,36.636
106,20251231_122055,baseline_OUMVLP_TOP70.csv,70%,Preset_9,MLP,42,24,"[512, 256, 128]",mean,L2,64,3,512,silu,0.5,Adam,,0.0001,0.0,True,0.7,[3],[3],[0.68794326 2.1920904  0.91725768],0.02,1.0,0.4344,1.32392,0.52273,0.4775,"[0.53659, 0.30769, 0.58824]",1613,0.46931,1.29103,0.59091,0.56304,"[0.57895, 0.46154, 0.64865]",1460,STOPPED,73.298
107,20251231_122055,gaitgl_GREW_BNNeck_TOP70.csv,70%,Preset_9,MLP,42,37,"[512, 256, 128]",mean,L2,64,3,512,silu,0.5,Adam,,0.0001,0.0,True,0.7,[3],[3],[0.68794326 2.1920904  0.91725768],0.02,1.0,0.23639,1.82262,0.45455,0.34115,"[0.63636, 0.0, 0.3871]",1737,0.50497,1.15675,0.59091,0.55491,"[0.68182, 0.44444, 0.53846]",433,STOPPED,78.721
108,20251231_122055,gaitgl_GREW_TOP70.csv,70%,Preset_9,MLP,42,57,"[512, 256, 128]",mean,L2,64,3,512,silu,0.5,Adam,,0.0001,0.0,True,0.7,[3],[3],[0.68794326 2.1920904  0.91725768],0.02,1.0,0.20557,2.95217,0.38636,0.36081,"[0.43243, 0.25, 0.4]",1655,0.21445,2.72467,0.45455,0.43259,"[0.51282, 0.33333, 0.45161]",1459,STOPPED,74.538
109,20251231_122055,gaitgl_OUMVLP_TOP70.csv,70%,Preset_9,MLP,42,30,"[512, 256, 128]",mean,L2,64,3,512,silu,0.5,Adam,,0.0001,0.0,True,0.7,[3],[3],[0.68794326 2.1920904  0.91725768],0.02,1.0,0.53171,1.44942,0.45455,0.43294,"[0.52381, 0.375, 0.4]",2240,0.52489,1.35527,0.52273,0.50266,"[0.55, 0.42857, 0.52941]",1985,STOPPED,100.055
110,20251231_122055,gaitgl_TOP70.csv,70%,Preset_9,MLP,42,27,"[512, 256, 128]",mean,L2,64,3,512,silu,0.5,Adam,,0.0001,0.0,True,0.7,[3],[3],[0.68794326 2.1920904  0.91725768],0.02,1.0,0.36459,1.825,0.34091,0.3002,"[0.37838, 0.13333, 0.38889]",1215,0.69377,1.29321,0.40909,0.35472,"[0.47368, 0.13333, 0.45714]",286,STOPPED,53.777
111,20251231_122055,gaitpart_GREW_TOP70.csv,70%,Preset_9,MLP,42,44,"[512, 256, 128]",mean,L2,64,3,512,silu,0.5,Adam,,0.0001,0.0,True,0.7,[3],[3],[0.68794326 2.1920904  0.91725768],0.02,1.0,0.22348,1.72658,0.45455,0.41692,"[0.51429, 0.25, 0.48649]",1774,0.61848,1.1964,0.54545,0.53704,"[0.55556, 0.5, 0.55556]",383,STOPPED,78.739
112,20251231_122055,gaitpart_OUMVLP_TOP70.csv,70%,Preset_9,MLP,42,36,"[512, 256, 128]",mean,L2,64,3,512,silu,0.5,Adam,,0.0001,0.0,True,0.7,[3],[3],[0.68794326 2.1920904  0.91725768],0.02,1.0,0.26895,2.13638,0.5,0.45589,"[0.52632, 0.23529, 0.60606]",2382,0.58557,1.38926,0.56818,0.52487,"[0.55556, 0.4, 0.61905]",1068,STOPPED,105.533
113,20251231_122055,gaitset_GREW_TOP70.csv,70%,Preset_9,MLP,42,46,"[512, 256, 128]",mean,L2,64,3,512,silu,0.5,Adam,,0.0001,0.0,True,0.7,[3],[3],[0.68794326 2.1920904  0.91725768],0.02,1.0,0.22191,1.81731,0.40909,0.37859,"[0.46154, 0.25, 0.42424]",1546,0.55194,1.13283,0.59091,0.54746,"[0.69767, 0.42857, 0.51613]",340,STOPPED,68.913
114,20251231_122055,gaitset_OUMVLP_TOP70.csv,70%,Preset_9,MLP,42,32,"[512, 256, 128]",mean,L2,64,3,512,silu,0.5,Adam,,0.0001,0.0,True,0.7,[3],[3],[0.68794326 2.1920904  0.91725768],0.02,1.0,0.33441,2.01373,0.34091,0.28538,"[0.53659, 0.10526, 0.21429]",1840,0.57272,1.5199,0.40909,0.36392,"[0.48649, 0.10526, 0.5]",938,STOPPED,83.844
115,20251231_122055,gaitset_TOP70.csv,70%,Preset_9,MLP,42,19,"[512, 256, 128]",mean,L2,64,3,512,silu,0.5,Adam,,0.0001,0.0,True,0.7,[3],[3],[0.68794326 2.1920904  0.91725768],0.02,1.0,0.63005,1.51727,0.31818,0.29621,"[0.38095, 0.2, 0.30769]",943,0.66363,1.46606,0.40909,0.38333,"[0.4, 0.25, 0.5]",812,STOPPED,42.001
116,20251231_122055,gln_phase1_TOP70.csv,70%,Preset_9,MLP,42,28,"[512, 256, 128]",mean,L2,64,3,512,silu,0.5,Adam,,0.0001,0.0,True,0.7,[3],[3],[0.68794326 2.1920904  0.91725768],0.02,1.0,0.27019,1.68788,0.5,0.48394,"[0.5641, 0.42105, 0.46667]",2314,0.35005,1.44871,0.59091,0.58321,"[0.63158, 0.55556, 0.5625]",1436,STOPPED,101.999
117,20251231_122055,gln_phase2_TOP70.csv,70%,Preset_9,MLP,42,32,"[512, 256, 128]",mean,L2,64,3,512,silu,0.5,Adam,,0.0001,0.0,True,0.7,[3],[3],[0.68794326 2.1920904  0.91725768],0.02,1.0,0.3106,1.45949,0.40909,0.40551,"[0.47368, 0.4, 0.34286]",1432,0.52479,1.18154,0.54545,0.54314,"[0.54054, 0.53333, 0.55556]",460,STOPPED,63.63

118,20251231_122055,baseline_CASIAB_TOP70.csv,70%,Preset_10,MLP,42,59,"[896, 896, 896]",mean,L2,96,3,896,silu,0.45,AdamW,,0.00015,1e-05,True,0.85,"[1, 2, 3]","[2, 3]",[0.68794326 2.1920904  0.91725768],0.02,1.0,0.12263,2.06074,0.52273,0.42509,"[0.65306, 0.22222, 0.4]",180,0.15238,2.24133,0.56818,0.48531,"[0.69231, 0.36364, 0.4]",158,COMPLETED,7.026
119,20251231_122055,baseline_OUMVLP_TOP70.csv,70%,Preset_10,MLP,42,57,"[896, 896, 896]",mean,L2,96,3,896,silu,0.45,AdamW,,0.00015,1e-05,True,0.85,"[1, 2, 3]","[2, 3]",[0.68794326 2.1920904  0.91725768],0.02,1.0,0.12849,2.33999,0.52273,0.48894,"[0.48485, 0.33333, 0.64865]",215,0.25744,1.63356,0.61364,0.55613,"[0.61905, 0.36364, 0.68571]",140,COMPLETED,8.596
120,20251231_122055,gaitgl_GREW_BNNeck_TOP70.csv,70%,Preset_10,MLP,42,75,"[896, 896, 896]",mean,L2,96,3,896,silu,0.45,AdamW,,0.00015,1e-05,True,0.85,"[1, 2, 3]","[2, 3]",[0.68794326 2.1920904  0.91725768],0.02,1.0,0.12204,2.33132,0.47727,0.34626,"[0.625, 0.0, 0.41379]",118,0.1283,2.32759,0.54545,0.50297,"[0.65116, 0.375, 0.48276]",108,COMPLETED,4.756
121,20251231_122055,gaitgl_GREW_TOP70.csv,70%,Preset_10,MLP,42,102,"[896, 896, 896]",mean,L2,96,3,896,silu,0.45,AdamW,,0.00015,1e-05,True,0.85,"[1, 2, 3]","[2, 3]",[0.68794326 2.1920904  0.91725768],0.02,1.0,0.12365,2.45438,0.40909,0.41345,"[0.4, 0.42857, 0.41176]",175,0.23089,2.19429,0.47727,0.44273,"[0.55319, 0.375, 0.4]",117,COMPLETED,6.736
122,20251231_122055,gaitgl_OUMVLP_TOP70.csv,70%,Preset_10,MLP,42,73,"[896, 896, 896]",mean,L2,96,3,896,silu,0.45,AdamW,,0.00015,1e-05,True,0.85,"[1, 2, 3]","[2, 3]",[0.68794326 2.1920904  0.91725768],0.02,1.0,0.12856,2.46558,0.36364,0.30465,"[0.5, 0.11765, 0.2963]",483,0.4835,1.72661,0.5,0.45525,"[0.53659, 0.26667, 0.5625]",313,COMPLETED,19.464
123,20251231_122055,gaitgl_TOP70.csv,70%,Preset_10,MLP,42,53,"[896, 896, 896]",mean,L2,96,3,896,silu,0.45,AdamW,,0.00015,1e-05,True,0.85,"[1, 2, 3]","[2, 3]",[0.68794326 2.1920904  0.91725768],0.02,1.0,0.12369,2.95803,0.34091,0.2899,"[0.47619, 0.11765, 0.27586]",160,0.6432,1.52136,0.43182,0.41071,"[0.5, 0.375, 0.35714]",31,COMPLETED,6.377
124,20251231_122055,gaitpart_GREW_TOP70.csv,70%,Preset_10,MLP,42,82,"[896, 896, 896]",mean,L2,96,3,896,silu,0.45,AdamW,,0.00015,1e-05,True,0.85,"[1, 2, 3]","[2, 3]",[0.68794326 2.1920904  0.91725768],0.02,1.0,0.12521,2.03468,0.45455,0.34667,"[0.66667, 0.13333, 0.24]",163,0.40783,1.91209,0.56818,0.51651,"[0.69767, 0.33333, 0.51852]",111,COMPLETED,6.673
125,20251231_122055,gaitpart_OUMVLP_TOP70.csv,70%,Preset_10,MLP,42,72,"[896, 896, 896]",mean,L2,96,3,896,silu,0.45,AdamW,,0.00015,1e-05,True,0.85,"[1, 2, 3]","[2, 3]",[0.68794326 2.1920904  0.91725768],0.02,1.0,0.12769,2.6401,0.43182,0.3687,"[0.51163, 0.14286, 0.45161]",442,0.7474,1.25229,0.56818,0.54416,"[0.55556, 0.46154, 0.61538]",144,COMPLETED,17.657
126,20251231_122055,gaitset_GREW_TOP70.csv,70%,Preset_10,MLP,42,87,"[896, 896, 896]",mean,L2,96,3,896,silu,0.45,AdamW,,0.00015,1e-05,True,0.85,"[1, 2, 3]","[2, 3]",[0.68794326 2.1920904  0.91725768],0.02,1.0,0.12201,1.97316,0.52273,0.43168,"[0.65217, 0.14286, 0.5]",135,0.4822,1.52115,0.61364,0.50719,"[0.71111, 0.22222, 0.58824]",66,COMPLETED,5.512
127,20251231_122055,gaitset_OUMVLP_TOP70.csv,70%,Preset_10,MLP,42,70,"[896, 896, 896]",mean,L2,96,3,896,silu,0.45,AdamW,,0.00015,1e-05,True,0.85,"[1, 2, 3]","[2, 3]",[0.68794326 2.1920904  0.91725768],0.02,1.0,0.12264,2.62341,0.38636,0.30386,"[0.53659, 0.0, 0.375]",371,0.15676,2.6407,0.5,0.45039,"[0.65116, 0.3, 0.4]",344,COMPLETED,14.699
128,20251231_122055,gaitset_TOP70.csv,70%,Preset_10,MLP,42,47,"[896, 896, 896]",mean,L2,96,3,896,silu,0.45,AdamW,,0.00015,1e-05,True,0.85,"[1, 2, 3]","[2, 3]",[0.68794326 2.1920904  0.91725768],0.02,1.0,0.11886,2.40185,0.5,0.42769,"[0.51163, 0.2, 0.57143]",176,0.14098,2.52897,0.52273,0.50354,"[0.53659, 0.42857, 0.54545]",142,COMPLETED,7.212
129,20251231_122055,gln_phase1_TOP70.csv,70%,Preset_10,MLP,42,65,"[896, 896, 896]",mean,L2,96,3,896,silu,0.45,AdamW,,0.00015,1e-05,True,0.85,"[1, 2, 3]","[2, 3]",[0.68794326 2.1920904  0.91725768],0.02,1.0,0.1226,1.79496,0.47727,0.44444,"[0.57143, 0.33333, 0.42857]",156,0.23952,1.56526,0.61364,0.59722,"[0.66667, 0.5, 0.625]",82,COMPLETED,6.22
130,20251231_122055,gln_phase2_TOP70.csv,70%,Preset_10,MLP,42,70,"[896, 896, 896]",mean,L2,96,3,896,silu,0.45,AdamW,,0.00015,1e-05,True,0.85,"[1, 2, 3]","[2, 3]",[0.68794326 2.1920904  0.91725768],0.02,1.0,0.12455,2.21521,0.45455,0.35169,"[0.52174, 0.0, 0.53333]",139,0.52529,1.34702,0.52273,0.51233,"[0.58537, 0.5, 0.45161]",41,COMPLETED,5.537

131,20251231_122055,baseline_CASIAB_TOP70.csv,70%,Preset_11,MLP,42,35,"[768, 512, 384, 256]",mean,L2,80,4,768,leakyrelu,0.45,Adam,,0.0002,0.0,True,0.75,"[2, 4]","[1, 3]",[0.68794326 2.1920904  0.91725768],0.02,1.0,0.12732,1.78077,0.61364,0.48316,"[0.72727, 0.22222, 0.5]",509,0.18132,1.75729,0.61364,0.54272,"[0.7037, 0.44444, 0.48]",353,COMPLETED,20.559
132,20251231_122055,baseline_OUMVLP_TOP70.csv,70%,Preset_11,MLP,42,32,"[768, 512, 384, 256]",mean,L2,80,4,768,leakyrelu,0.45,Adam,,0.0002,0.0,True,0.75,"[2, 4]","[1, 3]",[0.68794326 2.1920904  0.91725768],0.02,1.0,0.11478,2.20694,0.47727,0.35904,"[0.48889, 0.0, 0.58824]",858,0.51752,1.54429,0.56818,0.48545,"[0.57778, 0.25, 0.62857]",165,COMPLETED,33.274
133,20251231_122055,gaitgl_GREW_BNNeck_TOP70.csv,70%,Preset_11,MLP,42,47,"[768, 512, 384, 256]",mean,L2,80,4,768,leakyrelu,0.45,Adam,,0.0002,0.0,True,0.75,"[2, 4]","[1, 3]",[0.68794326 2.1920904  0.91725768],0.02,1.0,0.1166,2.10443,0.47727,0.34,"[0.59574, 0.0, 0.42424]",349,0.1512,1.88639,0.59091,0.48852,"[0.68085, 0.22222, 0.5625]",268,COMPLETED,13.685
134,20251231_122055,gaitgl_GREW_TOP70.csv,70%,Preset_11,MLP,42,70,"[768, 512, 384, 256]",mean,L2,80,4,768,leakyrelu,0.45,Adam,,0.0002,0.0,True,0.75,"[2, 4]","[1, 3]",[0.68794326 2.1920904  0.91725768],0.02,1.0,0.12539,2.7531,0.38636,0.31715,"[0.52174, 0.15385, 0.27586]",344,0.28923,2.31424,0.5,0.46683,"[0.62222, 0.47059, 0.30769]",145,COMPLETED,13.466
135,20251231_122055,gaitgl_OUMVLP_TOP70.csv,70%,Preset_11,MLP,42,41,"[768, 512, 384, 256]",mean,L2,80,4,768,leakyrelu,0.45,Adam,,0.0002,0.0,True,0.75,"[2, 4]","[1, 3]",[0.68794326 2.1920904  0.91725768],0.02,1.0,0.11909,2.594,0.43182,0.35833,"[0.54167, 0.2, 0.33333]",1273,0.34372,1.72333,0.5,0.48279,"[0.53333, 0.44444, 0.47059]",583,COMPLETED,49.643
136,20251231_122055,gaitgl_TOP70.csv,70%,Preset_11,MLP,42,34,"[768, 512, 384, 256]",mean,L2,80,4,768,leakyrelu,0.45,Adam,,0.0002,0.0,True,0.75,"[2, 4]","[1, 3]",[0.68794326 2.1920904  0.91725768],0.02,1.0,0.12742,3.02875,0.36364,0.26915,"[0.43902, 0.0, 0.36842]",441,0.6361,1.56753,0.47727,0.41084,"[0.48649, 0.22222, 0.52381]",75,COMPLETED,18.943
137,20251231_122055,gaitpart_GREW_TOP70.csv,70%,Preset_11,MLP,42,54,"[768, 512, 384, 256]",mean,L2,80,4,768,leakyrelu,0.45,Adam,,0.0002,0.0,True,0.75,"[2, 4]","[1, 3]",[0.68794326 2.1920904  0.91725768],0.02,1.0,0.12094,2.15476,0.5,0.35881,"[0.65217, 0.0, 0.42424]",442,0.51085,1.83259,0.52273,0.48445,"[0.61905, 0.31579, 0.51852]",106,COMPLETED,16.678
138,20251231_122055,gaitpart_OUMVLP_TOP70.csv,70%,Preset_11,MLP,42,45,"[768, 512, 384, 256]",mean,L2,80,4,768,leakyrelu,0.45,Adam,,0.0002,0.0,True,0.75,"[2, 4]","[1, 3]",[0.68794326 2.1920904  0.91725768],0.02,1.0,0.11186,2.26458,0.52273,0.44156,"[0.57143, 0.18182, 0.57143]",800,0.72839,1.26604,0.52273,0.49239,"[0.47059, 0.375, 0.63158]",150,COMPLETED,31.407
139,20251231_122055,gaitset_GREW_TOP70.csv,70%,Preset_11,MLP,42,56,"[768, 512, 384, 256]",mean,L2,80,4,768,leakyrelu,0.45,Adam,,0.0002,0.0,True,0.75,"[2, 4]","[1, 3]",[0.68794326 2.1920904  0.91725768],0.02,1.0,0.12805,1.76677,0.56818,0.47071,"[0.66667, 0.2, 0.54545]",351,0.29177,1.77156,0.65909,0.54167,"[0.75, 0.25, 0.625]",132,COMPLETED,13.65
140,20251231_122055,gaitset_OUMVLP_TOP70.csv,70%,Preset_11,MLP,42,42,"[768, 512, 384, 256]",mean,L2,80,4,768,leakyrelu,0.45,Adam,,0.0002,0.0,True,0.75,"[2, 4]","[1, 3]",[0.68794326 2.1920904  0.91725768],0.02,1.0,0.12561,2.56219,0.45455,0.36382,"[0.55814, 0.0, 0.53333]",882,0.41577,2.19966,0.43182,0.39555,"[0.45161, 0.22222, 0.51282]",248,COMPLETED,34.306
141,20251231_122055,gaitset_TOP70.csv,70%,Preset_11,MLP,42,25,"[768, 512, 384, 256]",mean,L2,80,4,768,leakyrelu,0.45,Adam,,0.0002,0.0,True,0.75,"[2, 4]","[1, 3]",[0.68794326 2.1920904  0.91725768],0.02,1.0,0.11291,2.22165,0.45455,0.33439,"[0.48889, 0.0, 0.51429]",665,0.17787,1.96155,0.56818,0.54734,"[0.6087, 0.5, 0.53333]",397,COMPLETED,25.989
142,20251231_122055,gln_phase1_TOP70.csv,70%,Preset_11,MLP,42,37,"[768, 512, 384, 256]",mean,L2,80,4,768,leakyrelu,0.45,Adam,,0.0002,0.0,True,0.75,"[2, 4]","[1, 3]",[0.68794326 2.1920904  0.91725768],0.02,1.0,0.1159,2.12973,0.54545,0.49056,"[0.62222, 0.33333, 0.51613]",433,0.52418,1.26036,0.63636,0.62222,"[0.66667, 0.57143, 0.62857]",108,COMPLETED,16.888
143,20251231_122055,gln_phase2_TOP70.csv,70%,Preset_11,MLP,42,41,"[768, 512, 384, 256]",mean,L2,80,4,768,leakyrelu,0.45,Adam,,0.0002,0.0,True,0.75,"[2, 4]","[1, 3]",[0.68794326 2.1920904  0.91725768],0.02,1.0,0.12858,1.87296,0.54545,0.45879,"[0.6087, 0.22222, 0.54545]",403,0.6877,1.30511,0.54545,0.51645,"[0.60465, 0.42857, 0.51613]",77,COMPLETED,15.588

144,20251231_122055,baseline_CASIAB_TOP70.csv,70%,Preset_12,MLP,42,33,"[1280, 960, 640, 320, 160]",max,L2,96,5,1280,gelu,0.3,Adam,,0.0001,1e-07,True,0.7,"[1, 2, 4]","[3, 4]",[0.68794326 2.1920904  0.91725768],0.02,1.0,0.12347,1.88104,0.54545,0.4596,"[0.59091, 0.18182, 0.60606]",302,0.12733,2.1096,0.56818,0.53488,"[0.60465, 0.4, 0.6]",296,COMPLETED,13.95
145,20251231_122055,baseline_OUMVLP_TOP70.csv,70%,Preset_12,MLP,42,34,"[1280, 960, 640, 320, 160]",max,L2,96,5,1280,gelu,0.3,Adam,,0.0001,1e-07,True,0.7,"[1, 2, 4]","[3, 4]",[0.68794326 2.1920904  0.91725768],0.02,1.0,0.12126,2.49239,0.5,0.42088,"[0.57778, 0.2, 0.48485]",331,0.13161,2.53683,0.54545,0.45869,"[0.60465, 0.2, 0.57143]",295,COMPLETED,15.455
146,20251231_122055,gaitgl_GREW_BNNeck_TOP70.csv,70%,Preset_12,MLP,42,51,"[1280, 960, 640, 320, 160]",max,L2,96,5,1280,gelu,0.3,Adam,,0.0001,1e-07,True,0.7,"[1, 2, 4]","[3, 4]",[0.68794326 2.1920904  0.91725768],0.02,1.0,0.1175,2.17982,0.52273,0.42997,"[0.6383, 0.2, 0.45161]",184,0.11221,2.19459,0.54545,0.51677,"[0.65116, 0.47059, 0.42857]",182,COMPLETED,7.836
147,20251231_122055,gaitgl_GREW_TOP70.csv,70%,Preset_12,MLP,42,69,"[1280, 960, 640, 320, 160]",max,L2,96,5,1280,gelu,0.3,Adam,,0.0001,1e-07,True,0.7,"[1, 2, 4]","[3, 4]",[0.68794326 2.1920904  0.91725768],0.02,1.0,0.10829,2.13695,0.45455,0.51615,"[0.47619, 0.76923, 0.30303]",158,0.58964,1.11148,0.52273,0.54455,"[0.55319, 0.66667, 0.41379]",76,COMPLETED,7.469
148,20251231_122055,gaitgl_OUMVLP_TOP70.csv,70%,Preset_12,MLP,42,24,"[1280, 960, 640, 320, 160]",max,L2,96,5,1280,gelu,0.3,Adam,,0.0001,1e-07,True,0.7,"[1, 2, 4]","[3, 4]",[0.68794326 2.1920904  0.91725768],0.02,1.0,0.11966,2.62811,0.34091,0.26075,"[0.4186, 0.0, 0.36364]",769,0.30365,1.68424,0.5,0.47661,"[0.54054, 0.375, 0.51429]",495,COMPLETED,30.273
149,20251231_122055,gaitgl_TOP70.csv,70%,Preset_12,MLP,42,48,"[1280, 960, 640, 320, 160]",max,L2,96,5,1280,gelu,0.3,Adam,,0.0001,1e-07,True,0.7,"[1, 2, 4]","[3, 4]",[0.68794326 2.1920904  0.91725768],0.02,1.0,0.1212,2.49154,0.40909,0.34722,"[0.54167, 0.4, 0.1]",170,0.24317,1.64338,0.52273,0.47769,"[0.625, 0.44444, 0.36364]",130,COMPLETED,6.783
150,20251231_122055,gaitpart_GREW_TOP70.csv,70%,Preset_12,MLP,42,51,"[1280, 960, 640, 320, 160]",max,L2,96,5,1280,gelu,0.3,Adam,,0.0001,1e-07,True,0.7,"[1, 2, 4]","[3, 4]",[0.68794326 2.1920904  0.91725768],0.02,1.0,0.11807,2.37242,0.45455,0.38641,"[0.52174, 0.2, 0.4375]",339,0.69989,1.34867,0.47727,0.47253,"[0.51282, 0.47619, 0.42857]",179,COMPLETED,13.376
151,20251231_122055,gaitpart_OUMVLP_TOP70.csv,70%,Preset_12,MLP,42,31,"[1280, 960, 640, 320, 160]",max,L2,96,5,1280,gelu,0.3,Adam,,0.0001,1e-07,True,0.7,"[1, 2, 4]","[3, 4]",[0.68794326 2.1920904  0.91725768],0.02,1.0,0.12587,2.50085,0.43182,0.37115,"[0.5, 0.14286, 0.47059]",902,0.6684,1.45749,0.5,0.47225,"[0.48485, 0.35294, 0.57895]",495,COMPLETED,36.229
152,20251231_122055,gaitset_GREW_TOP70.csv,70%,Preset_12,MLP,42,53,"[1280, 960, 640, 320, 160]",max,L2,96,5,1280,gelu,0.3,Adam,,0.0001,1e-07,True,0.7,"[1, 2, 4]","[3, 4]",[0.68794326 2.1920904  0.91725768],0.02,1.0,0.11274,2.11124,0.43182,0.31145,"[0.54545, 0.0, 0.38889]",333,0.15139,1.87391,0.61364,0.53615,"[0.7234, 0.33333, 0.55172]",299,COMPLETED,13.354
153,20251231_122055,gaitset_OUMVLP_TOP70.csv,70%,Preset_12,MLP,42,30,"[1280, 960, 640, 320, 160]",max,L2,96,5,1280,gelu,0.3,Adam,,0.0001,1e-07,True,0.7,"[1, 2, 4]","[3, 4]",[0.68794326 2.1920904  0.91725768],0.02,1.0,0.12512,1.99466,0.43182,0.36277,"[0.54545, 0.14286, 0.4]",1052,0.6424,1.16168,0.59091,0.57968,"[0.59459, 0.53333, 0.61111]",555,COMPLETED,42.196
154,20251231_122055,gaitset_TOP70.csv,70%,Preset_12,MLP,42,33,"[1280, 960, 640, 320, 160]",max,L2,96,5,1280,gelu,0.3,Adam,,0.0001,1e-07,True,0.7,"[1, 2, 4]","[3, 4]",[0.68794326 2.1920904  0.91725768],0.02,1.0,0.11245,2.19037,0.5,0.44197,"[0.59574, 0.28571, 0.44444]",289,0.12197,1.88108,0.56818,0.51073,"[0.63636, 0.33333, 0.5625]",275,COMPLETED,11.57
155,20251231_122055,gln_phase1_TOP70.csv,70%,Preset_12,MLP,42,32,"[1280, 960, 640, 320, 160]",max,L2,96,5,1280,gelu,0.3,Adam,,0.0001,1e-07,True,0.7,"[1, 2, 4]","[3, 4]",[0.68794326 2.1920904  0.91725768],0.02,1.0,0.1282,1.92182,0.47727,0.40798,"[0.54054, 0.14286, 0.54054]",326,0.3045,1.41262,0.61364,0.55383,"[0.68085, 0.4, 0.58065]",211,COMPLETED,12.899
156,20251231_122055,gln_phase2_TOP70.csv,70%,Preset_12,MLP,42,31,"[1280, 960, 640, 320, 160]",max,L2,96,5,1280,gelu,0.3,Adam,,0.0001,1e-07,True,0.7,"[1, 2, 4]","[3, 4]",[0.68794326 2.1920904  0.91725768],0.02,1.0,0.12579,2.47985,0.43182,0.41044,"[0.375, 0.31579, 0.54054]",353,0.48914,1.41778,0.59091,0.52941,"[0.58824, 0.33333, 0.66667]",180,COMPLETED,13.974

157,20251231_122055,baseline_CASIAB_TOP70.csv,70%,Preset_13,MLP,42,256,"[1152, 1152, 1152]",mean,L2,128,3,1152,silu,0.5,AdamW,,0.0002,5e-06,False,,"[1, 2, 3]","[2, 3]",[0.68794326 2.1920904  0.91725768],0.02,1.0,0.12217,2.57618,0.52273,0.45443,"[0.65217, 0.26667, 0.44444]",73,0.12217,2.57618,0.52273,0.45443,"[0.65217, 0.26667, 0.44444]",73,COMPLETED,2.313
158,20251231_122055,baseline_OUMVLP_TOP70.csv,70%,Preset_13,MLP,42,256,"[1152, 1152, 1152]",mean,L2,128,3,1152,silu,0.5,AdamW,,0.0002,5e-06,False,,"[1, 2, 3]","[2, 3]",[0.68794326 2.1920904  0.91725768],0.02,1.0,0.1153,2.06947,0.45455,0.39766,"[0.51282, 0.11765, 0.5625]",98,0.11946,1.77894,0.59091,0.4963,"[0.6, 0.22222, 0.66667]",97,COMPLETED,3.12
159,20251231_122055,gaitgl_GREW_BNNeck_TOP70.csv,70%,Preset_13,MLP,42,256,"[1152, 1152, 1152]",mean,L2,128,3,1152,silu,0.5,AdamW,,0.0002,5e-06,False,,"[1, 2, 3]","[2, 3]",[0.68794326 2.1920904  0.91725768],0.02,1.0,0.11532,2.17314,0.45455,0.39257,"[0.53659, 0.125, 0.51613]",62,0.12172,2.37648,0.52273,0.47934,"[0.62222, 0.31579, 0.5]",53,COMPLETED,2.024
160,20251231_122055,gaitgl_GREW_TOP70.csv,70%,Preset_13,MLP,42,256,"[1152, 1152, 1152]",mean,L2,128,3,1152,silu,0.5,AdamW,,0.0002,5e-06,False,,"[1, 2, 3]","[2, 3]",[0.68794326 2.1920904  0.91725768],0.02,1.0,0.11987,1.88781,0.52273,0.47738,"[0.63636, 0.31579, 0.48]",110,0.30301,1.90732,0.63636,0.56514,"[0.7451, 0.42857, 0.52174]",77,COMPLETED,3.54
161,20251231_122055,gaitgl_OUMVLP_TOP70.csv,70%,Preset_13,MLP,42,256,"[1152, 1152, 1152]",mean,L2,128,3,1152,silu,0.5,AdamW,,0.0002,5e-06,False,,"[1, 2, 3]","[2, 3]",[0.68794326 2.1920904  0.91725768],0.02,1.0,0.11036,2.30436,0.54545,0.49405,"[0.57143, 0.28571, 0.625]",462,0.3077,1.94638,0.56818,0.5537,"[0.55, 0.44444, 0.66667]",261,COMPLETED,14.319
162,20251231_122055,gaitgl_TOP70.csv,70%,Preset_13,MLP,42,128,"[1152, 1152, 1152]",mean,L2,128,3,1152,silu,0.5,AdamW,,0.0002,5e-06,False,,"[1, 2, 3]","[2, 3]",[0.68794326 2.1920904  0.91725768],0.02,1.0,0.12235,2.37325,0.52273,0.43623,"[0.6087, 0.2, 0.5]",71,0.12324,2.42225,0.52273,0.48717,"[0.59091, 0.4, 0.47059]",67,COMPLETED,2.304
163,20251231_122055,gaitpart_GREW_TOP70.csv,70%,Preset_13,MLP,42,256,"[1152, 1152, 1152]",mean,L2,128,3,1152,silu,0.5,AdamW,,0.0002,5e-06,False,,"[1, 2, 3]","[2, 3]",[0.68794326 2.1920904  0.91725768],0.02,1.0,0.12641,2.1336,0.52273,0.49201,"[0.66667, 0.34783, 0.46154]",92,0.37524,1.4805,0.61364,0.543,"[0.69565, 0.33333, 0.6]",58,COMPLETED,2.872
164,20251231_122055,gaitpart_OUMVLP_TOP70.csv,70%,Preset_13,MLP,42,256,"[1152, 1152, 1152]",mean,L2,128,3,1152,silu,0.5,AdamW,,0.0002,5e-06,False,,"[1, 2, 3]","[2, 3]",[0.68794326 2.1920904  0.91725768],0.02,1.0,0.11759,2.35602,0.47727,0.4461,"[0.4, 0.35294, 0.58537]",366,0.73777,1.06202,0.59091,0.57236,"[0.6383, 0.54545, 0.53333]",90,COMPLETED,11.19
165,20251231_122055,gaitset_GREW_TOP70.csv,70%,Preset_13,MLP,42,256,"[1152, 1152, 1152]",mean,L2,128,3,1152,silu,0.5,AdamW,,0.0002,5e-06,False,,"[1, 2, 3]","[2, 3]",[0.68794326 2.1920904  0.91725768],0.02,1.0,0.11182,1.88004,0.47727,0.37037,"[0.57778, 0.0, 0.53333]",80,0.24664,2.20543,0.56818,0.52917,"[0.5625, 0.375, 0.65]",67,COMPLETED,2.64
166,20251231_122055,gaitset_OUMVLP_TOP70.csv,70%,Preset_13,MLP,42,256,"[1152, 1152, 1152]",mean,L2,128,3,1152,silu,0.5,AdamW,,0.0002,5e-06,False,,"[1, 2, 3]","[2, 3]",[0.68794326 2.1920904  0.91725768],0.02,1.0,0.11938,2.16574,0.40909,0.3596,"[0.54545, 0.2, 0.33333]",252,0.11419,2.25721,0.45455,0.41739,"[0.57895, 0.19048, 0.48276]",243,COMPLETED,7.922
167,20251231_122055,gaitset_TOP70.csv,70%,Preset_13,MLP,42,256,"[1152, 1152, 1152]",mean,L2,128,3,1152,silu,0.5,AdamW,,0.0002,5e-06,False,,"[1, 2, 3]","[2, 3]",[0.68794326 2.1920904  0.91725768],0.02,1.0,0.11664,2.50138,0.40909,0.34058,"[0.52174, 0.16667, 0.33333]",74,0.68027,1.80343,0.40909,0.39238,"[0.47619, 0.38095, 0.32]",24,COMPLETED,2.341
168,20251231_122055,gln_phase1_TOP70.csv,70%,Preset_13,MLP,42,256,"[1152, 1152, 1152]",mean,L2,128,3,1152,silu,0.5,AdamW,,0.0002,5e-06,False,,"[1, 2, 3]","[2, 3]",[0.68794326 2.1920904  0.91725768],0.02,1.0,0.11334,1.79759,0.5,0.4614,"[0.51429, 0.33333, 0.53659]",78,0.13215,1.64302,0.59091,0.56909,"[0.58824, 0.5, 0.61905]",61,COMPLETED,2.495
169,20251231_122055,gln_phase2_TOP70.csv,70%,Preset_13,MLP,42,256,"[1152, 1152, 1152]",mean,L2,128,3,1152,silu,0.5,AdamW,,0.0002,5e-06,False,,"[1, 2, 3]","[2, 3]",[0.68794326 2.1920904  0.91725768],0.02,1.0,0.11435,2.28215,0.43182,0.43386,"[0.4, 0.44444, 0.45714]",73,0.11435,2.28215,0.43182,0.43386,"[0.4, 0.44444, 0.45714]",73,COMPLETED,2.385

170,20251231_122055,baseline_CASIAB_TOP70.csv,70%,Preset_14,MLP,42,256,"[160, 320, 640]",mean,L2,128,3,640,relu,0.2,AdamW,,0.0002,1e-07,False,,[2],"[1, 2]",[0.68794326 2.1920904  0.91725768],0.02,1.0,0.12606,2.14021,0.45455,0.37222,"[0.58333, 0.2, 0.33333]",300,0.19509,2.35048,0.56818,0.53162,"[0.66667, 0.46154, 0.46667]",169,COMPLETED,8.347
171,20251231_122055,baseline_OUMVLP_TOP70.csv,70%,Preset_14,MLP,42,256,"[160, 320, 640]",mean,L2,128,3,640,relu,0.2,AdamW,,0.0002,1e-07,False,,[2],"[1, 2]",[0.68794326 2.1920904  0.91725768],0.02,1.0,0.12185,1.57202,0.45455,0.33862,"[0.57143, 0.0, 0.44444]",416,0.59114,1.30644,0.56818,0.52596,"[0.65116, 0.375, 0.55172]",87,COMPLETED,12.097
172,20251231_122055,gaitgl_GREW_BNNeck_TOP70.csv,70%,Preset_14,MLP,42,256,"[160, 320, 640]",mean,L2,128,3,640,relu,0.2,AdamW,,0.0002,1e-07,False,,[2],"[1, 2]",[0.68794326 2.1920904  0.91725768],0.02,1.0,0.12191,2.21604,0.45455,0.33761,"[0.5, 0.0, 0.51282]",190,0.33393,1.65935,0.5,0.41089,"[0.58824, 0.2, 0.44444]",73,COMPLETED,5.727
173,20251231_122055,gaitgl_GREW_TOP70.csv,70%,Preset_14,MLP,42,256,"[160, 320, 640]",mean,L2,128,3,640,relu,0.2,AdamW,,0.0002,1e-07,False,,[2],"[1, 2]",[0.68794326 2.1920904  0.91725768],0.02,1.0,0.12926,1.86659,0.54545,0.4627,"[0.6087, 0.25, 0.52941]",469,0.15451,1.81165,0.59091,0.49457,"[0.65306, 0.25, 0.58065]",431,COMPLETED,13.837
174,20251231_122055,gaitgl_OUMVLP_TOP70.csv,70%,Preset_14,MLP,42,256,"[160, 320, 640]",mean,L2,128,3,640,relu,0.2,AdamW,,0.0002,1e-07,False,,[2],"[1, 2]",[0.68794326 2.1920904  0.91725768],0.02,1.0,0.2129,2.28696,0.54545,0.51505,"[0.5641, 0.375, 0.60606]",1278,0.56245,1.53884,0.59091,0.57406,"[0.5641, 0.47059, 0.6875]",473,STOPPED,37.399
175,20251231_122055,gaitgl_TOP70.csv,70%,Preset_14,MLP,42,128,"[160, 320, 640]",mean,L2,128,3,640,relu,0.2,AdamW,,0.0002,1e-07,False,,[2],"[1, 2]",[0.68794326 2.1920904  0.91725768],0.02,1.0,0.12585,1.78523,0.47727,0.36321,"[0.61905, 0.0, 0.47059]",260,0.17699,1.98799,0.47727,0.43349,"[0.59459, 0.23529, 0.47059]",172,COMPLETED,7.537
176,20251231_122055,gaitpart_GREW_TOP70.csv,70%,Preset_14,MLP,42,256,"[160, 320, 640]",mean,L2,128,3,640,relu,0.2,AdamW,,0.0002,1e-07,False,,[2],"[1, 2]",[0.68794326 2.1920904  0.91725768],0.02,1.0,0.12938,1.8248,0.56818,0.46039,"[0.75556, 0.14286, 0.48276]",400,0.1641,2.04841,0.61364,0.55107,"[0.76596, 0.47059, 0.41667]",338,COMPLETED,11.799
177,20251231_122055,gaitpart_OUMVLP_TOP70.csv,70%,Preset_14,MLP,42,256,"[160, 320, 640]",mean,L2,128,3,640,relu,0.2,AdamW,,0.0002,1e-07,False,,[2],"[1, 2]",[0.68794326 2.1920904  0.91725768],0.02,1.0,0.23523,2.00154,0.47727,0.44878,"[0.57895, 0.31579, 0.45161]",1150,0.72473,1.05301,0.59091,0.56852,"[0.63415, 0.5, 0.57143]",236,STOPPED,33.527
178,20251231_122055,gaitset_GREW_TOP70.csv,70%,Preset_14,MLP,42,256,"[160, 320, 640]",mean,L2,128,3,640,relu,0.2,AdamW,,0.0002,1e-07,False,,[2],"[1, 2]",[0.68794326 2.1920904  0.91725768],0.02,1.0,0.12937,1.59165,0.5,0.36925,"[0.625, 0.0, 0.48276]",357,0.49406,1.20842,0.56818,0.49984,"[0.69767, 0.28571, 0.51613]",104,COMPLETED,10.471
179,20251231_122055,gaitset_OUMVLP_TOP70.csv,70%,Preset_14,MLP,42,256,"[160, 320, 640]",mean,L2,128,3,640,relu,0.2,AdamW,,0.0002,1e-07,False,,[2],"[1, 2]",[0.68794326 2.1920904  0.91725768],0.02,1.0,0.12215,2.02702,0.47727,0.3497,"[0.60465, 0.0, 0.44444]",973,0.5997,1.95527,0.47727,0.44479,"[0.64865, 0.4, 0.28571]",248,COMPLETED,28.449
180,20251231_122055,gaitset_TOP70.csv,70%,Preset_14,MLP,42,256,"[160, 320, 640]",mean,L2,128,3,640,relu,0.2,AdamW,,0.0002,1e-07,False,,[2],"[1, 2]",[0.68794326 2.1920904  0.91725768],0.02,1.0,0.12664,2.52887,0.45455,0.37043,"[0.56, 0.16667, 0.38462]",255,0.34401,2.04712,0.45455,0.37999,"[0.54167, 0.15385, 0.44444]",92,COMPLETED,7.536
181,20251231_122055,gln_phase1_TOP70.csv,70%,Preset_14,MLP,42,256,"[160, 320, 640]",mean,L2,128,3,640,relu,0.2,AdamW,,0.0002,1e-07,False,,[2],"[1, 2]",[0.68794326 2.1920904  0.91725768],0.02,1.0,0.12145,1.37675,0.56818,0.47298,"[0.6383, 0.2, 0.58065]",297,0.66958,0.95645,0.63636,0.63187,"[0.64865, 0.61538, 0.63158]",61,COMPLETED,8.66
182,20251231_122055,gln_phase2_TOP70.csv,70%,Preset_14,MLP,42,256,"[160, 320, 640]",mean,L2,128,3,640,relu,0.2,AdamW,,0.0002,1e-07,False,,[2],"[1, 2]",[0.68794326 2.1920904  0.91725768],0.02,1.0,0.12578,1.76869,0.40909,0.38299,"[0.43902, 0.28571, 0.42424]",264,0.71366,1.11209,0.52273,0.51348,"[0.55556, 0.47059, 0.51429]",53,COMPLETED,7.665

183,20251231_122055,baseline_CASIAB_TOP70.csv,70%,Preset_15,MLP,42,44,"[576, 384, 192]",mean,minmax,96,3,576,elu,0.5,RMSprop,,0.0002,5e-05,True,0.8,[2],"[1, 3]",[0.68794326 2.1920904  0.91725768],0.02,1.0,0.12959,2.21965,0.47727,0.4125,"[0.55, 0.125, 0.5625]",505,0.37056,1.70333,0.54545,0.49376,"[0.58537, 0.30769, 0.58824]",152,COMPLETED,16.169
184,20251231_122055,baseline_OUMVLP_TOP70.csv,70%,Preset_15,MLP,42,44,"[576, 384, 192]",mean,minmax,96,3,576,elu,0.5,RMSprop,,0.0002,5e-05,True,0.8,[2],"[1, 3]",[0.68794326 2.1920904  0.91725768],0.02,1.0,0.12666,1.38736,0.52273,0.49565,"[0.42424, 0.42857, 0.63415]",517,0.22284,1.18218,0.65909,0.64174,"[0.63158, 0.57143, 0.72222]",241,COMPLETED,16.7
185,20251231_122055,gaitgl_GREW_BNNeck_TOP70.csv,70%,Preset_15,MLP,42,59,"[576, 384, 192]",mean,minmax,96,3,576,elu,0.5,RMSprop,,0.0002,5e-05,True,0.8,[2],"[1, 3]",[0.68794326 2.1920904  0.91725768],0.02,1.0,0.12563,1.6664,0.5,0.4153,"[0.63636, 0.14286, 0.46667]",391,0.1474,1.70632,0.61364,0.53854,"[0.72727, 0.30769, 0.58065]",283,COMPLETED,12.691
186,20251231_122055,gaitgl_GREW_TOP70.csv,70%,Preset_15,MLP,42,74,"[576, 384, 192]",mean,minmax,96,3,576,elu,0.5,RMSprop,,0.0002,5e-05,True,0.8,[2],"[1, 3]",[0.68794326 2.1920904  0.91725768],0.02,1.0,0.12586,2.32911,0.36364,0.31993,"[0.47368, 0.11111, 0.375]",350,0.14101,2.45931,0.43182,0.39276,"[0.51163, 0.26667, 0.4]",278,COMPLETED,11.287
187,20251231_122055,gaitgl_OUMVLP_TOP70.csv,70%,Preset_15,MLP,42,43,"[576, 384, 192]",mean,minmax,96,3,576,elu,0.5,RMSprop,,0.0002,5e-05,True,0.8,[2],"[1, 3]",[0.68794326 2.1920904  0.91725768],0.02,1.0,0.12713,2.00901,0.45455,0.41273,"[0.53659, 0.25, 0.45161]",681,0.30562,1.47049,0.61364,0.57753,"[0.68085, 0.5, 0.55172]",245,COMPLETED,21.791
188,20251231_122055,gaitgl_TOP70.csv,70%,Preset_15,MLP,42,37,"[576, 384, 192]",mean,minmax,96,3,576,elu,0.5,RMSprop,,0.0002,5e-05,True,0.8,[2],"[1, 3]",[0.68794326 2.1920904  0.91725768],0.02,1.0,0.12663,2.58897,0.40909,0.35366,"[0.47368, 0.14286, 0.44444]",741,0.71356,1.33629,0.45455,0.44364,"[0.48649, 0.4, 0.44444]",102,COMPLETED,23.274
189,20251231_122055,gaitpart_GREW_TOP70.csv,70%,Preset_15,MLP,42,67,"[576, 384, 192]",mean,minmax,96,3,576,elu,0.5,RMSprop,,0.0002,5e-05,True,0.8,[2],"[1, 3]",[0.68794326 2.1920904  0.91725768],0.02,1.0,0.12432,1.74652,0.52273,0.46667,"[0.65, 0.25, 0.5]",329,0.13031,1.7386,0.56818,0.54344,"[0.63415, 0.44444, 0.55172]",284,COMPLETED,10.753
190,20251231_122055,gaitpart_OUMVLP_TOP70.csv,70%,Preset_15,MLP,42,55,"[576, 384, 192]",mean,minmax,96,3,576,elu,0.5,RMSprop,,0.0002,5e-05,True,0.8,[2],"[1, 3]",[0.68794326 2.1920904  0.91725768],0.02,1.0,0.1288,1.89751,0.45455,0.41397,"[0.57143, 0.19048, 0.48]",374,0.62172,1.16843,0.56818,0.53584,"[0.57895, 0.4, 0.62857]",60,COMPLETED,11.897
191,20251231_122055,gaitset_GREW_TOP70.csv,70%,Preset_15,MLP,42,69,"[576, 384, 192]",mean,minmax,96,3,576,elu,0.5,RMSprop,,0.0002,5e-05,True,0.8,[2],"[1, 3]",[0.68794326 2.1920904  0.91725768],0.02,1.0,0.12507,1.57701,0.54545,0.47727,"[0.68182, 0.25, 0.5]",303,0.12846,1.75416,0.56818,0.52469,"[0.68293, 0.375, 0.51613]",286,COMPLETED,9.912
192,20251231_122055,gaitset_OUMVLP_TOP70.csv,70%,Preset_15,MLP,42,54,"[576, 384, 192]",mean,minmax,96,3,576,elu,0.5,RMSprop,,0.0002,5e-05,True,0.8,[2],"[1, 3]",[0.68794326 2.1920904  0.91725768],0.02,1.0,0.12738,1.36029,0.52273,0.44434,"[0.61905, 0.13333, 0.58065]",409,0.14171,1.47752,0.63636,0.56004,"[0.72727, 0.30769, 0.64516]",286,COMPLETED,13.159
193,20251231_122055,gaitset_TOP70.csv,70%,Preset_15,MLP,42,36,"[576, 384, 192]",mean,minmax,96,3,576,elu,0.5,RMSprop,,0.0002,5e-05,True,0.8,[2],"[1, 3]",[0.68794326 2.1920904  0.91725768],0.02,1.0,0.12707,2.2765,0.45455,0.45063,"[0.47368, 0.41667, 0.46154]",739,0.16838,2.16441,0.5,0.49321,"[0.52632, 0.43478, 0.51852]",454,COMPLETED,23.451
194,20251231_122055,gln_phase1_TOP70.csv,70%,Preset_15,MLP,42,50,"[576, 384, 192]",mean,minmax,96,3,576,elu,0.5,RMSprop,,0.0002,5e-05,True,0.8,[2],"[1, 3]",[0.68794326 2.1920904  0.91725768],0.02,1.0,0.12775,1.87193,0.52273,0.46925,"[0.69767, 0.35294, 0.35714]",422,0.71337,1.17055,0.56818,0.55051,"[0.66667, 0.5, 0.48485]",56,COMPLETED,13.626
195,20251231_122055,gln_phase2_TOP70.csv,70%,Preset_15,MLP,42,54,"[576, 384, 192]",mean,minmax,96,3,576,elu,0.5,RMSprop,,0.0002,5e-05,True,0.8,[2],"[1, 3]",[0.68794326 2.1920904  0.91725768],0.02,1.0,0.12641,2.14538,0.43182,0.36457,"[0.58537, 0.13333, 0.375]",439,0.39301,1.45242,0.52273,0.47293,"[0.57778, 0.30769, 0.53333]",129,COMPLETED,14.44

196,20251231_122055,baseline_CASIAB_TOP70.csv,70%,Preset_16,MLP,42,256,"[1408, 1024, 768, 512]",mean,L2,128,4,1408,silu,0.45,AdamW,,0.0002,5e-06,False,,"[1, 2, 3, 4]","[2, 3, 4]",[0.68794326 2.1920904  0.91725768],0.02,1.0,0.11915,2.24817,0.54545,0.37037,"[0.66667, 0.0, 0.44444]",73,0.15718,2.68748,0.54545,0.51649,"[0.65, 0.38095, 0.51852]",57,COMPLETED,2.728
197,20251231_122055,baseline_OUMVLP_TOP70.csv,70%,Preset_16,MLP,42,256,"[1408, 1024, 768, 512]",mean,L2,128,4,1408,silu,0.45,AdamW,,0.0002,5e-06,False,,"[1, 2, 3, 4]","[2, 3, 4]",[0.68794326 2.1920904  0.91725768],0.02,1.0,0.12392,2.34382,0.47727,0.42559,"[0.56522, 0.25, 0.46154]",98,0.48835,1.47918,0.56818,0.51337,"[0.58537, 0.30769, 0.64706]",55,COMPLETED,3.396
198,20251231_122055,gaitgl_GREW_BNNeck_TOP70.csv,70%,Preset_16,MLP,42,256,"[1408, 1024, 768, 512]",mean,L2,128,4,1408,silu,0.45,AdamW,,0.0002,5e-06,False,,"[1, 2, 3, 4]","[2, 3, 4]",[0.68794326 2.1920904  0.91725768],0.02,1.0,0.12104,2.6674,0.43182,0.31163,"[0.51064, 0.0, 0.42424]",57,0.25019,2.4806,0.43182,0.3698,"[0.48889, 0.15385, 0.46667]",43,COMPLETED,2.005
199,20251231_122055,gaitgl_GREW_TOP70.csv,70%,Preset_16,MLP,42,256,"[1408, 1024, 768, 512]",mean,L2,128,4,1408,silu,0.45,AdamW,,0.0002,5e-06,False,,"[1, 2, 3, 4]","[2, 3, 4]",[0.68794326 2.1920904  0.91725768],0.02,1.0,0.12034,2.73873,0.47727,0.41083,"[0.47368, 0.22222, 0.53659]",114,0.24448,1.89555,0.59091,0.50026,"[0.62222, 0.25, 0.62857]",72,COMPLETED,4.006
200,20251231_122055,gaitgl_OUMVLP_TOP70.csv,70%,Preset_16,MLP,42,256,"[1408, 1024, 768, 512]",mean,L2,128,4,1408,silu,0.45,AdamW,,0.0002,5e-06,False,,"[1, 2, 3, 4]","[2, 3, 4]",[0.68794326 2.1920904  0.91725768],0.02,1.0,0.10575,2.22066,0.47727,0.35507,"[0.56522, 0.0, 0.5]",468,0.42514,1.69648,0.59091,0.57382,"[0.61538, 0.5, 0.60606]",287,COMPLETED,15.971
201,20251231_122055,gaitgl_TOP70.csv,70%,Preset_16,MLP,42,128,"[1408, 1024, 768, 512]",mean,L2,128,4,1408,silu,0.45,AdamW,,0.0002,5e-06,False,,"[1, 2, 3, 4]","[2, 3, 4]",[0.68794326 2.1920904  0.91725768],0.02,1.0,0.11345,2.77468,0.43182,0.37277,"[0.48649, 0.18182, 0.45]",77,0.20355,2.63202,0.52273,0.43932,"[0.59574, 0.22222, 0.5]",53,COMPLETED,2.707
202,20251231_122055,gaitpart_GREW_TOP70.csv,70%,Preset_16,MLP,42,256,"[1408, 1024, 768, 512]",mean,L2,128,4,1408,silu,0.45,AdamW,,0.0002,5e-06,False,,"[1, 2, 3, 4]","[2, 3, 4]",[0.68794326 2.1920904  0.91725768],0.02,1.0,0.12658,2.63944,0.5,0.46594,"[0.65, 0.34783, 0.4]",90,0.27536,1.58877,0.65909,0.54507,"[0.72727, 0.22222, 0.68571]",73,COMPLETED,3.115
203,20251231_122055,gaitpart_OUMVLP_TOP70.csv,70%,Preset_16,MLP,42,256,"[1408, 1024, 768, 512]",mean,L2,128,4,1408,silu,0.45,AdamW,,0.0002,5e-06,False,,"[1, 2, 3, 4]","[2, 3, 4]",[0.68794326 2.1920904  0.91725768],0.02,1.0,0.12034,2.98054,0.40909,0.38911,"[0.52632, 0.30769, 0.33333]",419,0.25903,1.80165,0.63636,0.61989,"[0.7, 0.57143, 0.58824]",380,COMPLETED,14.24
204,20251231_122055,gaitset_GREW_TOP70.csv,70%,Preset_16,MLP,42,256,"[1408, 1024, 768, 512]",mean,L2,128,4,1408,silu,0.45,AdamW,,0.0002,5e-06,False,,"[1, 2, 3, 4]","[2, 3, 4]",[0.68794326 2.1920904  0.91725768],0.02,1.0,0.11955,2.45294,0.47727,0.34286,"[0.6, 0.0, 0.42857]",83,0.39386,1.76251,0.56818,0.525,"[0.66667, 0.375, 0.53333]",55,COMPLETED,2.933
205,20251231_122055,gaitset_OUMVLP_TOP70.csv,70%,Preset_16,MLP,42,256,"[1408, 1024, 768, 512]",mean,L2,128,4,1408,silu,0.45,AdamW,,0.0002,5e-06,False,,"[1, 2, 3, 4]","[2, 3, 4]",[0.68794326 2.1920904  0.91725768],0.02,1.0,0.10947,2.83205,0.38636,0.35797,"[0.5, 0.17391, 0.4]",243,0.60903,1.65582,0.43182,0.41517,"[0.54054, 0.34783, 0.35714]",99,COMPLETED,8.252
206,20251231_122055,gaitset_TOP70.csv,70%,Preset_16,MLP,42,256,"[1408, 1024, 768, 512]",mean,L2,128,4,1408,silu,0.45,AdamW,,0.0002,5e-06,False,,"[1, 2, 3, 4]","[2, 3, 4]",[0.68794326 2.1920904  0.91725768],0.02,1.0,0.11338,3.11862,0.31818,0.22787,"[0.42553, 0.0, 0.25806]",71,0.12946,3.17652,0.40909,0.38745,"[0.47619, 0.31579, 0.37037]",61,COMPLETED,2.522
207,20251231_122055,gln_phase1_TOP70.csv,70%,Preset_16,MLP,42,256,"[1408, 1024, 768, 512]",mean,L2,128,4,1408,silu,0.45,AdamW,,0.0002,5e-06,False,,"[1, 2, 3, 4]","[2, 3, 4]",[0.68794326 2.1920904  0.91725768],0.02,1.0,0.12137,2.25733,0.47727,0.43012,"[0.58537, 0.22222, 0.48276]",64,0.36928,1.53825,0.59091,0.57327,"[0.63158, 0.5, 0.58824]",42,COMPLETED,2.237
208,20251231_122055,gln_phase2_TOP70.csv,70%,Preset_16,MLP,42,256,"[1408, 1024, 768, 512]",mean,L2,128,4,1408,silu,0.45,AdamW,,0.0002,5e-06,False,,"[1, 2, 3, 4]","[2, 3, 4]",[0.68794326 2.1920904  0.91725768],0.02,1.0,0.11853,2.11477,0.47727,0.4289,"[0.56522, 0.30769, 0.41379]",68,0.1436,2.17976,0.47727,0.4694,"[0.52381, 0.47059, 0.41379]",56,COMPLETED,2.399

209,20251231_122055,baseline_CASIAB_TOP70.csv,70%,Preset_17,MLP,42,27,"[640, 384, 256]",max,,80,3,640,gelu,0.35,Adam,,0.0001,1e-06,True,0.75,[1],"[1, 2]",[0.68794326 2.1920904  0.91725768],0.02,1.0,0.1296,1.44372,0.52273,0.43932,"[0.59574, 0.22222, 0.5]",704,0.20047,1.44941,0.61364,0.55792,"[0.65306, 0.4, 0.62069]",333,COMPLETED,23.322
210,20251231_122055,baseline_OUMVLP_TOP70.csv,70%,Preset_17,MLP,42,40,"[640, 384, 256]",max,,80,3,640,gelu,0.35,Adam,,0.0001,1e-06,True,0.75,[1],"[1, 2]",[0.68794326 2.1920904  0.91725768],0.02,1.0,0.12335,1.64131,0.47727,0.34935,"[0.59091, 0.0, 0.45714]",375,0.13884,1.67371,0.54545,0.39921,"[0.65217, 0.0, 0.54545]",334,COMPLETED,12.542
211,20251231_122055,gaitgl_GREW_BNNeck_TOP70.csv,70%,Preset_17,MLP,42,57,"[640, 384, 256]",max,,80,3,640,gelu,0.35,Adam,,0.0001,1e-06,True,0.75,[1],"[1, 2]",[0.68794326 2.1920904  0.91725768],0.02,1.0,0.12704,1.97184,0.5,0.41506,"[0.59574, 0.16667, 0.48276]",330,0.17345,2.00245,0.54545,0.482,"[0.6383, 0.30769, 0.5]",169,COMPLETED,11.25
212,20251231_122055,gaitgl_GREW_TOP70.csv,70%,Preset_17,MLP,42,76,"[640, 384, 256]",max,,80,3,640,gelu,0.35,Adam,,0.0001,1e-06,True,0.75,[1],"[1, 2]",[0.68794326 2.1920904  0.91725768],0.02,1.0,0.12463,1.6717,0.47727,0.44862,"[0.51163, 0.36364, 0.47059]",248,0.50405,1.20045,0.47727,0.48344,"[0.52174, 0.57143, 0.35714]",39,COMPLETED,8.367
213,20251231_122055,gaitgl_OUMVLP_TOP70.csv,70%,Preset_17,MLP,42,17,"[640, 384, 256]",max,,80,3,640,gelu,0.35,Adam,,0.0001,1e-06,True,0.75,[1],"[1, 2]",[0.68794326 2.1920904  0.91725768],0.02,1.0,0.12844,2.18621,0.36364,0.33865,"[0.4878, 0.28571, 0.24242]",1114,0.14482,2.18919,0.40909,0.39553,"[0.53659, 0.4, 0.25]",976,COMPLETED,36.904
214,20251231_122055,gaitgl_TOP70.csv,70%,Preset_17,MLP,42,49,"[640, 384, 256]",max,,80,3,640,gelu,0.35,Adam,,0.0001,1e-06,True,0.75,[1],"[1, 2]",[0.68794326 2.1920904  0.91725768],0.02,1.0,0.1253,1.68018,0.54545,0.53567,"[0.59091, 0.53333, 0.48276]",323,0.16577,1.7522,0.59091,0.56708,"[0.65, 0.47059, 0.58065]",155,COMPLETED,10.874
215,20251231_122055,gaitpart_GREW_TOP70.csv,70%,Preset_17,MLP,42,59,"[640, 384, 256]",max,,80,3,640,gelu,0.35,Adam,,0.0001,1e-06,True,0.75,[1],"[1, 2]",[0.68794326 2.1920904  0.91725768],0.02,1.0,0.12858,1.30167,0.61364,0.50373,"[0.70833, 0.22222, 0.58065]",311,0.17134,1.39298,0.65909,0.58742,"[0.71111, 0.36364, 0.6875]",169,COMPLETED,10.635
216,20251231_122055,gaitpart_OUMVLP_TOP70.csv,70%,Preset_17,MLP,42,28,"[640, 384, 256]",max,,80,3,640,gelu,0.35,Adam,,0.0001,1e-06,True,0.75,[1],"[1, 2]",[0.68794326 2.1920904  0.91725768],0.02,1.0,0.12512,1.75967,0.5,0.36925,"[0.625, 0.0, 0.48276]",592,0.51865,1.28034,0.47727,0.43182,"[0.54545, 0.25, 0.5]",97,COMPLETED,21.78
217,20251231_122055,gaitset_GREW_TOP70.csv,70%,Preset_17,MLP,42,48,"[640, 384, 256]",max,,80,3,640,gelu,0.35,Adam,,0.0001,1e-06,True,0.75,[1],"[1, 2]",[0.68794326 2.1920904  0.91725768],0.02,1.0,0.12731,1.60048,0.54545,0.45518,"[0.63636, 0.16667, 0.5625]",385,0.13589,1.57297,0.59091,0.49006,"[0.69565, 0.15385, 0.62069]",324,COMPLETED,13.631
218,20251231_122055,gaitset_OUMVLP_TOP70.csv,70%,Preset_17,MLP,42,24,"[640, 384, 256]",max,,80,3,640,gelu,0.35,Adam,,0.0001,1e-06,True,0.75,[1],"[1, 2]",[0.68794326 2.1920904  0.91725768],0.02,1.0,0.12719,2.01276,0.40909,0.34808,"[0.52381, 0.13333, 0.3871]",731,0.13283,2.00179,0.45455,0.38702,"[0.52381, 0.16667, 0.47059]",683,COMPLETED,24.368
219,20251231_122055,gaitset_TOP70.csv,70%,Preset_17,MLP,42,34,"[640, 384, 256]",max,,80,3,640,gelu,0.35,Adam,,0.0001,1e-06,True,0.75,[1],"[1, 2]",[0.68794326 2.1920904  0.91725768],0.02,1.0,0.12561,1.66376,0.47727,0.43261,"[0.54545, 0.28571, 0.46667]",558,0.13184,1.64021,0.52273,0.47293,"[0.57778, 0.30769, 0.53333]",550,COMPLETED,18.575
220,20251231_122055,gln_phase1_TOP70.csv,70%,Preset_17,MLP,42,32,"[640, 384, 256]",max,,80,3,640,gelu,0.35,Adam,,0.0001,1e-06,True,0.75,[1],"[1, 2]",[0.68794326 2.1920904  0.91725768],0.02,1.0,0.12674,1.57174,0.43182,0.33907,"[0.4878, 0.0, 0.52941]",498,0.20447,1.47746,0.56818,0.48122,"[0.63415, 0.14286, 0.66667]",223,COMPLETED,16.794
221,20251231_122055,gln_phase2_TOP70.csv,70%,Preset_17,MLP,42,29,"[640, 384, 256]",max,,80,3,640,gelu,0.35,Adam,,0.0001,1e-06,True,0.75,[1],"[1, 2]",[0.68794326 2.1920904  0.91725768],0.02,1.0,0.12887,1.6253,0.47727,0.40643,"[0.48649, 0.15385, 0.57895]",578,0.26475,1.54603,0.54545,0.49232,"[0.59459, 0.23529, 0.64706]",211,COMPLETED,19.278

222,20251231_122055,baseline_CASIAB_TOP70.csv,70%,Preset_18,MLP,42,27,"[896, 512, 256]",mean,minmax,64,3,896,silu,0.4,RMSprop,,8e-05,5e-05,True,0.7,"[1, 2]","[1, 2, 3]",[0.68794326 2.1920904  0.91725768],0.02,1.0,0.14484,2.05986,0.52273,0.45549,"[0.65217, 0.28571, 0.42857]",788,0.17701,2.18279,0.59091,0.53965,"[0.6383, 0.4, 0.58065]",452,STOPPED,33.143
223,20251231_122055,baseline_OUMVLP_TOP70.csv,70%,Preset_18,MLP,42,26,"[896, 512, 256]",mean,minmax,64,3,896,silu,0.4,RMSprop,,8e-05,5e-05,True,0.7,"[1, 2]","[1, 2, 3]",[0.68794326 2.1920904  0.91725768],0.02,1.0,0.12949,1.99237,0.54545,0.4664,"[0.57778, 0.25, 0.57143]",806,0.2537,1.89662,0.54545,0.50965,"[0.55, 0.4, 0.57895]",222,COMPLETED,33.484
224,20251231_122055,gaitgl_GREW_BNNeck_TOP70.csv,70%,Preset_18,MLP,42,37,"[896, 512, 256]",mean,minmax,64,3,896,silu,0.4,RMSprop,,8e-05,5e-05,True,0.7,"[1, 2]","[1, 2, 3]",[0.68794326 2.1920904  0.91725768],0.02,1.0,0.12628,2.33756,0.43182,0.31157,"[0.62222, 0.0, 0.3125]",611,0.18836,2.57555,0.5,0.37908,"[0.66667, 0.0, 0.47059]",251,COMPLETED,25.688
225,20251231_122055,gaitgl_GREW_TOP70.csv,70%,Preset_18,MLP,42,47,"[896, 512, 256]",mean,minmax,64,3,896,silu,0.4,RMSprop,,8e-05,5e-05,True,0.7,"[1, 2]","[1, 2, 3]",[0.68794326 2.1920904  0.91725768],0.02,1.0,0.12771,2.05632,0.52273,0.43863,"[0.60465, 0.18182, 0.52941]",507,0.16084,2.17901,0.54545,0.45888,"[0.61538, 0.16667, 0.59459]",317,COMPLETED,21.426
226,20251231_122055,gaitgl_OUMVLP_TOP70.csv,70%,Preset_18,MLP,42,20,"[896, 512, 256]",mean,minmax,64,3,896,silu,0.4,RMSprop,,8e-05,5e-05,True,0.7,"[1, 2]","[1, 2, 3]",[0.68794326 2.1920904  0.91725768],0.02,1.0,0.13729,2.25009,0.40909,0.34253,"[0.54545, 0.125, 0.35714]",1524,0.31587,2.18948,0.54545,0.50379,"[0.63636, 0.375, 0.5]",438,STOPPED,63.133
227,20251231_122055,gaitgl_TOP70.csv,70%,Preset_18,MLP,42,22,"[896, 512, 256]",mean,minmax,64,3,896,silu,0.4,RMSprop,,8e-05,5e-05,True,0.7,"[1, 2]","[1, 2, 3]",[0.68794326 2.1920904  0.91725768],0.02,1.0,0.12729,2.56682,0.36364,0.266,"[0.35897, 0.0, 0.43902]",1180,0.65471,1.55747,0.43182,0.42475,"[0.42424, 0.4, 0.45]",114,STOPPED,48.528
228,20251231_122055,gaitpart_GREW_TOP70.csv,70%,Preset_18,MLP,42,44,"[896, 512, 256]",mean,minmax,64,3,896,silu,0.4,RMSprop,,8e-05,5e-05,True,0.7,"[1, 2]","[1, 2, 3]",[0.68794326 2.1920904  0.91725768],0.02,1.0,0.12965,1.62668,0.47727,0.42783,"[0.63415, 0.28571, 0.36364]",416,0.12925,1.55451,0.52273,0.49565,"[0.63415, 0.42857, 0.42424]",413,COMPLETED,17.422
229,20251231_122055,gaitpart_OUMVLP_TOP70.csv,70%,Preset_18,MLP,42,35,"[896, 512, 256]",mean,minmax,64,3,896,silu,0.4,RMSprop,,8e-05,5e-05,True,0.7,"[1, 2]","[1, 2, 3]",[0.68794326 2.1920904  0.91725768],0.02,1.0,0.12598,1.71754,0.5,0.40868,"[0.61224, 0.2, 0.41379]",571,0.61076,1.21239,0.59091,0.54386,"[0.6, 0.4, 0.63158]",54,COMPLETED,23.525
230,20251231_122055,gaitset_GREW_TOP70.csv,70%,Preset_18,MLP,42,45,"[896, 512, 256]",mean,minmax,64,3,896,silu,0.4,RMSprop,,8e-05,5e-05,True,0.7,"[1, 2]","[1, 2, 3]",[0.68794326 2.1920904  0.91725768],0.02,1.0,0.12758,1.45253,0.56818,0.46782,"[0.72727, 0.14286, 0.53333]",411,0.1843,1.57693,0.61364,0.56264,"[0.71429, 0.35294, 0.62069]",194,COMPLETED,17.435
231,20251231_122055,gaitset_OUMVLP_TOP70.csv,70%,Preset_18,MLP,42,33,"[896, 512, 256]",mean,minmax,64,3,896,silu,0.4,RMSprop,,8e-05,5e-05,True,0.7,"[1, 2]","[1, 2, 3]",[0.68794326 2.1920904  0.91725768],0.02,1.0,0.12705,1.8,0.5,0.3951,"[0.60465, 0.0, 0.58065]",611,0.15354,2.01797,0.5,0.42237,"[0.59091, 0.14286, 0.53333]",378,COMPLETED,25.865
232,20251231_122055,gaitset_TOP70.csv,70%,Preset_18,MLP,42,21,"[896, 512, 256]",mean,minmax,64,3,896,silu,0.4,RMSprop,,8e-05,5e-05,True,0.7,"[1, 2]","[1, 2, 3]",[0.68794326 2.1920904  0.91725768],0.02,1.0,0.13836,2.28524,0.40909,0.3125,"[0.5, 0.0, 0.4375]",910,0.22398,2.35792,0.45455,0.41285,"[0.53659, 0.23529, 0.46667]",424,STOPPED,39.489
233,20251231_122055,gln_phase1_TOP70.csv,70%,Preset_18,MLP,42,30,"[896, 512, 256]",mean,minmax,64,3,896,silu,0.4,RMSprop,,8e-05,5e-05,True,0.7,"[1, 2]","[1, 2, 3]",[0.68794326 2.1920904  0.91725768],0.02,1.0,0.12495,1.58769,0.59091,0.54081,"[0.71111, 0.42857, 0.48276]",697,0.26272,1.47131,0.65909,0.6403,"[0.74419, 0.625, 0.55172]",216,STOPPED,30.162
234,20251231_122055,gln_phase2_TOP70.csv,70%,Preset_18,MLP,42,33,"[896, 512, 256]",mean,minmax,64,3,896,silu,0.4,RMSprop,,8e-05,5e-05,True,0.7,"[1, 2]","[1, 2, 3]",[0.68794326 2.1920904  0.91725768],0.02,1.0,0.12543,1.55659,0.54545,0.48629,"[0.65116, 0.30769, 0.5]",647,0.22019,1.71004,0.59091,0.53687,"[0.61538, 0.36364, 0.63158]",221,COMPLETED,27.961

235,20251231_122055,baseline_CASIAB_TOP70.csv,70%,Preset_19,MLP,42,27,"[640, 448, 256]",mean,minmax,96,3,640,gelu,0.35,Adam,,0.00015,1e-06,True,0.7,[2],"[1, 2]",[0.68794326 2.1920904  0.91725768],0.02,1.0,0.12844,1.95199,0.45455,0.41977,"[0.5, 0.30769, 0.45161]",676,0.16154,2.20372,0.54545,0.49615,"[0.6087, 0.36364, 0.51613]",324,COMPLETED,22.119
236,20251231_122055,baseline_OUMVLP_TOP70.csv,70%,Preset_19,MLP,42,26,"[640, 448, 256]",mean,minmax,96,3,640,gelu,0.35,Adam,,0.00015,1e-06,True,0.7,[2],"[1, 2]",[0.68794326 2.1920904  0.91725768],0.02,1.0,0.13457,1.76867,0.56818,0.53682,"[0.57143, 0.44444, 0.59459]",569,0.23028,1.80348,0.61364,0.58242,"[0.6, 0.46154, 0.68571]",171,STOPPED,18.702
237,20251231_122055,gaitgl_GREW_BNNeck_TOP70.csv,70%,Preset_19,MLP,42,37,"[640, 448, 256]",mean,minmax,96,3,640,gelu,0.35,Adam,,0.00015,1e-06,True,0.7,[2],"[1, 2]",[0.68794326 2.1920904  0.91725768],0.02,1.0,0.12562,2.26183,0.45455,0.33241,"[0.62222, 0.0, 0.375]",470,0.13652,2.38753,0.5,0.35881,"[0.65217, 0.0, 0.42424]",349,COMPLETED,15.474
238,20251231_122055,gaitgl_GREW_TOP70.csv,70%,Preset_19,MLP,42,47,"[640, 448, 256]",mean,minmax,96,3,640,gelu,0.35,Adam,,0.00015,1e-06,True,0.7,[2],"[1, 2]",[0.68794326 2.1920904  0.91725768],0.02,1.0,0.12777,1.84506,0.47727,0.36759,"[0.65116, 0.0, 0.45161]",384,0.15749,1.91124,0.56818,0.47134,"[0.69767, 0.15385, 0.5625]",258,COMPLETED,12.736
239,20251231_122055,gaitgl_OUMVLP_TOP70.csv,70%,Preset_19,MLP,42,20,"[640, 448, 256]",mean,minmax,96,3,640,gelu,0.35,Adam,,0.00015,1e-06,True,0.7,[2],"[1, 2]",[0.68794326 2.1920904  0.91725768],0.02,1.0,0.12792,2.18009,0.43182,0.37978,"[0.57778, 0.28571, 0.27586]",970,0.30762,1.90472,0.52273,0.49216,"[0.58537, 0.375, 0.51613]",265,COMPLETED,31.536
240,20251231_122055,gaitgl_TOP70.csv,70%,Preset_19,MLP,42,22,"[640, 448, 256]",mean,minmax,96,3,640,gelu,0.35,Adam,,0.00015,1e-06,True,0.7,[2],"[1, 2]",[0.68794326 2.1920904  0.91725768],0.02,1.0,0.1263,2.63957,0.38636,0.33913,"[0.37838, 0.2, 0.43902]",841,0.33839,2.0885,0.45455,0.44008,"[0.43243, 0.4, 0.4878]",214,COMPLETED,27.434
241,20251231_122055,gaitpart_GREW_TOP70.csv,70%,Preset_19,MLP,42,44,"[640, 448, 256]",mean,minmax,96,3,640,gelu,0.35,Adam,,0.00015,1e-06,True,0.7,[2],"[1, 2]",[0.68794326 2.1920904  0.91725768],0.02,1.0,0.12522,1.52709,0.45455,0.41551,"[0.53659, 0.28571, 0.42424]",341,0.335,1.21121,0.59091,0.57327,"[0.63158, 0.5, 0.58824]",65,COMPLETED,11.306
242,20251231_122055,gaitpart_OUMVLP_TOP70.csv,70%,Preset_19,MLP,42,35,"[640, 448, 256]",mean,minmax,96,3,640,gelu,0.35,Adam,,0.00015,1e-06,True,0.7,[2],"[1, 2]",[0.68794326 2.1920904  0.91725768],0.02,1.0,0.12901,1.79784,0.47727,0.3956,"[0.57143, 0.15385, 0.46154]",453,0.62378,1.15008,0.59091,0.53216,"[0.57895, 0.33333, 0.68421]",42,COMPLETED,14.808
243,20251231_122055,gaitset_GREW_TOP70.csv,70%,Preset_19,MLP,42,45,"[640, 448, 256]",mean,minmax,96,3,640,gelu,0.35,Adam,,0.00015,1e-06,True,0.7,[2],"[1, 2]",[0.68794326 2.1920904  0.91725768],0.02,1.0,0.12968,1.46348,0.54545,0.43897,"[0.73913, 0.13333, 0.44444]",302,0.16659,1.64322,0.61364,0.53972,"[0.78261, 0.375, 0.46154]",143,COMPLETED,11.102
244,20251231_122055,gaitset_OUMVLP_TOP70.csv,70%,Preset_19,MLP,42,33,"[640, 448, 256]",mean,minmax,96,3,640,gelu,0.35,Adam,,0.00015,1e-06,True,0.7,[2],"[1, 2]",[0.68794326 2.1920904  0.91725768],0.02,1.0,0.12285,1.65377,0.45455,0.35209,"[0.60465, 0.0, 0.45161]",480,0.17737,1.80528,0.52273,0.48889,"[0.6, 0.33333, 0.53333]",195,COMPLETED,15.842
245,20251231_122055,gaitset_TOP70.csv,70%,Preset_19,MLP,42,21,"[640, 448, 256]",mean,minmax,96,3,640,gelu,0.35,Adam,,0.00015,1e-06,True,0.7,[2],"[1, 2]",[0.68794326 2.1920904  0.91725768],0.02,1.0,0.1259,2.02791,0.45455,0.38997,"[0.53659, 0.13333, 0.5]",786,0.13979,2.14175,0.54545,0.45874,"[0.63415, 0.15385, 0.58824]",656,COMPLETED,25.828
246,20251231_122055,gln_phase1_TOP70.csv,70%,Preset_19,MLP,42,30,"[640, 448, 256]",mean,minmax,96,3,640,gelu,0.35,Adam,,0.00015,1e-06,True,0.7,[2],"[1, 2]",[0.68794326 2.1920904  0.91725768],0.02,1.0,0.12755,1.58889,0.61364,0.5576,"[0.72727, 0.35294, 0.59259]",545,0.158,1.58778,0.68182,0.64805,"[0.77273, 0.57143, 0.6]",305,COMPLETED,17.826
247,20251231_122055,gln_phase2_TOP70.csv,70%,Preset_19,MLP,42,33,"[640, 448, 256]",mean,minmax,96,3,640,gelu,0.35,Adam,,0.00015,1e-06,True,0.7,[2],"[1, 2]",[0.68794326 2.1920904  0.91725768],0.02,1.0,0.12929,1.66478,0.43182,0.37225,"[0.51282, 0.13333, 0.47059]",527,0.47116,1.34036,0.52273,0.49391,"[0.54054, 0.35294, 0.58824]",55,COMPLETED,17.196

248,20251231_122055,baseline_CASIAB_TOP70.csv,70%,Preset_20,MLP,42,256,"[384, 192, 96]",mean,L2,64,3,384,relu,0.35,RMSprop,,9e-05,5e-05,False,,[2],"[1, 2]",[0.68794326 2.1920904  0.91725768],0.02,1.0,0.12536,1.86994,0.52273,0.475,"[0.625, 0.4, 0.4]",304,0.13383,1.79489,0.61364,0.54012,"[0.7234, 0.36364, 0.53333]",262,COMPLETED,12.766
249,20251231_122055,baseline_OUMVLP_TOP70.csv,70%,Preset_20,MLP,42,256,"[384, 192, 96]",mean,L2,64,3,384,relu,0.35,RMSprop,,9e-05,5e-05,False,,[2],"[1, 2]",[0.68794326 2.1920904  0.91725768],0.02,1.0,0.12137,1.62707,0.56818,0.41774,"[0.55556, 0.0, 0.69767]",452,0.12792,1.4299,0.63636,0.52844,"[0.66667, 0.18182, 0.73684]",445,COMPLETED,18.78
250,20251231_122055,gaitgl_GREW_BNNeck_TOP70.csv,70%,Preset_20,MLP,42,256,"[384, 192, 96]",mean,L2,64,3,384,relu,0.35,RMSprop,,9e-05,5e-05,False,,[2],"[1, 2]",[0.68794326 2.1920904  0.91725768],0.02,1.0,0.12517,1.9818,0.45455,0.34603,"[0.52381, 0.0, 0.51429]",216,0.33216,1.55149,0.45455,0.41358,"[0.53659, 0.26667, 0.4375]",115,COMPLETED,9.047
251,20251231_122055,gaitgl_GREW_TOP70.csv,70%,Preset_20,MLP,42,256,"[384, 192, 96]",mean,L2,64,3,384,relu,0.35,RMSprop,,9e-05,5e-05,False,,[2],"[1, 2]",[0.68794326 2.1920904  0.91725768],0.02,1.0,0.12601,1.82339,0.5,0.42358,"[0.57143, 0.15385, 0.54545]",551,0.13714,1.75001,0.59091,0.51999,"[0.68085, 0.30769, 0.57143]",535,COMPLETED,22.739
252,20251231_122055,gaitgl_OUMVLP_TOP70.csv,70%,Preset_20,MLP,42,256,"[384, 192, 96]",mean,L2,64,3,384,relu,0.35,RMSprop,,9e-05,5e-05,False,,[2],"[1, 2]",[0.68794326 2.1920904  0.91725768],0.02,1.0,0.15397,1.60692,0.5,0.4236,"[0.56522, 0.15385, 0.55172]",1502,0.21502,1.46853,0.61364,0.5878,"[0.54545, 0.5, 0.71795]",1111,STOPPED,62.253
253,20251231_122055,gaitgl_TOP70.csv,70%,Preset_20,MLP,42,128,"[384, 192, 96]",mean,L2,64,3,384,relu,0.35,RMSprop,,9e-05,5e-05,False,,[2],"[1, 2]",[0.68794326 2.1920904  0.91725768],0.02,1.0,0.12149,1.78251,0.47727,0.34074,"[0.57778, 0.0, 0.44444]",310,0.69587,1.09891,0.47727,0.45031,"[0.56522, 0.42857, 0.35714]",74,COMPLETED,13.189
254,20251231_122055,gaitpart_GREW_TOP70.csv,70%,Preset_20,MLP,42,256,"[384, 192, 96]",mean,L2,64,3,384,relu,0.35,RMSprop,,9e-05,5e-05,False,,[2],"[1, 2]",[0.68794326 2.1920904  0.91725768],0.02,1.0,0.12258,1.85369,0.54545,0.38759,"[0.68, 0.0, 0.48276]",465,0.16311,1.85907,0.61364,0.50373,"[0.70833, 0.22222, 0.58065]",382,COMPLETED,19.351
255,20251231_122055,gaitpart_OUMVLP_TOP70.csv,70%,Preset_20,MLP,42,256,"[384, 192, 96]",mean,L2,64,3,384,relu,0.35,RMSprop,,9e-05,5e-05,False,,[2],"[1, 2]",[0.68794326 2.1920904  0.91725768],0.02,1.0,0.11651,1.60187,0.52273,0.50357,"[0.59459, 0.4, 0.51613]",1647,0.14487,1.3247,0.65909,0.6329,"[0.72727, 0.57143, 0.6]",1218,STOPPED,68.076
256,20251231_122055,gaitset_GREW_TOP70.csv,70%,Preset_20,MLP,42,256,"[384, 192, 96]",mean,L2,64,3,384,relu,0.35,RMSprop,,9e-05,5e-05,False,,[2],"[1, 2]",[0.68794326 2.1920904  0.91725768],0.02,1.0,0.11847,1.86979,0.47727,0.3779,"[0.60377, 0.22222, 0.30769]",366,0.57378,1.31382,0.56818,0.52994,"[0.64865, 0.35294, 0.58824]",127,COMPLETED,15.181
257,20251231_122055,gaitset_OUMVLP_TOP70.csv,70%,Preset_20,MLP,42,256,"[384, 192, 96]",mean,L2,64,3,384,relu,0.35,RMSprop,,9e-05,5e-05,False,,[2],"[1, 2]",[0.68794326 2.1920904  0.91725768],0.02,1.0,0.13754,2.02835,0.34091,0.25974,"[0.47619, 0.0, 0.30303]",1059,0.47937,1.99177,0.45455,0.43319,"[0.59459, 0.35714, 0.34783]",394,STOPPED,43.521
258,20251231_122055,gaitset_TOP70.csv,70%,Preset_20,MLP,42,256,"[384, 192, 96]",mean,L2,64,3,384,relu,0.35,RMSprop,,9e-05,5e-05,False,,[2],"[1, 2]",[0.68794326 2.1920904  0.91725768],0.02,1.0,0.11625,2.31065,0.36364,0.26397,"[0.48889, 0.0, 0.30303]",284,0.66547,1.41154,0.36364,0.36257,"[0.42105, 0.4, 0.26667]",73,COMPLETED,11.732
259,20251231_122055,gln_phase1_TOP70.csv,70%,Preset_20,MLP,42,256,"[384, 192, 96]",mean,L2,64,3,384,relu,0.35,RMSprop,,9e-05,5e-05,False,,[2],"[1, 2]",[0.68794326 2.1920904  0.91725768],0.02,1.0,0.12334,1.20064,0.56818,0.55004,"[0.60465, 0.5, 0.54545]",298,0.21199,1.08341,0.65909,0.63211,"[0.66667, 0.54545, 0.68421]",191,COMPLETED,12.368
260,20251231_122055,gln_phase2_TOP70.csv,70%,Preset_20,MLP,42,256,"[384, 192, 96]",mean,L2,64,3,384,relu,0.35,RMSprop,,9e-05,5e-05,False,,[2],"[1, 2]",[0.68794326 2.1920904  0.91725768],0.02,1.0,0.12244,2.06248,0.43182,0.37271,"[0.45, 0.15385, 0.51429]",304,0.63855,1.12801,0.47727,0.41128,"[0.51163, 0.22222, 0.5]",91,COMPLETED,12.559

261,20251231_122055,baseline_CASIAB_TOP70.csv,70%,Preset_21,MLP,42,45,"[768, 512, 256]",mean,L2,88,3,768,silu,0.4,Adam,,0.0002,1e-07,True,0.8,"[1, 2, 3]","[1, 2]",[0.68794326 2.1920904  0.91725768],0.02,1.0,0.12788,2.27839,0.43182,0.3882,"[0.52174, 0.28571, 0.35714]",295,0.65686,1.37843,0.45455,0.4489,"[0.44444, 0.42857, 0.47368]",108,COMPLETED,10.566
262,20251231_122055,baseline_OUMVLP_TOP70.csv,70%,Preset_21,MLP,42,43,"[768, 512, 256]",mean,L2,88,3,768,silu,0.4,Adam,,0.0002,1e-07,True,0.8,"[1, 2, 3]","[1, 2]",[0.68794326 2.1920904  0.91725768],0.02,1.0,0.12004,1.62921,0.63636,0.52992,"[0.68182, 0.22222, 0.68571]",332,0.20082,1.71039,0.65909,0.59091,"[0.68182, 0.36364, 0.72727]",241,COMPLETED,12.017
263,20251231_122055,gaitgl_GREW_BNNeck_TOP70.csv,70%,Preset_21,MLP,42,59,"[768, 512, 256]",mean,L2,88,3,768,silu,0.4,Adam,,0.0002,1e-07,True,0.8,"[1, 2, 3]","[1, 2]",[0.68794326 2.1920904  0.91725768],0.02,1.0,0.12337,2.49853,0.40909,0.34055,"[0.54545, 0.14286, 0.33333]",223,0.1777,2.39886,0.5,0.47148,"[0.59574, 0.46154, 0.35714]",159,COMPLETED,8.181
264,20251231_122055,gaitgl_GREW_TOP70.csv,70%,Preset_21,MLP,42,84,"[768, 512, 256]",mean,L2,88,3,768,silu,0.4,Adam,,0.0002,1e-07,True,0.8,"[1, 2, 3]","[1, 2]",[0.68794326 2.1920904  0.91725768],0.02,1.0,0.11795,2.69551,0.40909,0.37314,"[0.48889, 0.28571, 0.34483]",219,0.26774,2.38931,0.43182,0.41003,"[0.41026, 0.33333, 0.48649]",161,COMPLETED,8.029
265,20251231_122055,gaitgl_OUMVLP_TOP70.csv,70%,Preset_21,MLP,42,55,"[768, 512, 256]",mean,L2,88,3,768,silu,0.4,Adam,,0.0002,1e-07,True,0.8,"[1, 2, 3]","[1, 2]",[0.68794326 2.1920904  0.91725768],0.02,1.0,0.12364,2.33964,0.47727,0.41789,"[0.58333, 0.28571, 0.38462]",541,0.28393,1.92919,0.52273,0.49259,"[0.57778, 0.4, 0.5]",432,COMPLETED,19.334
266,20251231_122055,gaitgl_TOP70.csv,70%,Preset_21,MLP,42,43,"[768, 512, 256]",mean,L2,88,3,768,silu,0.4,Adam,,0.0002,1e-07,True,0.8,"[1, 2, 3]","[1, 2]",[0.68794326 2.1920904  0.91725768],0.02,1.0,0.12321,2.79768,0.40909,0.31075,"[0.4878, 0.0, 0.44444]",296,0.2403,2.87168,0.43182,0.37033,"[0.5, 0.15385, 0.45714]",176,COMPLETED,10.491
267,20251231_122055,gaitpart_GREW_TOP70.csv,70%,Preset_21,MLP,42,67,"[768, 512, 256]",mean,L2,88,3,768,silu,0.4,Adam,,0.0002,1e-07,True,0.8,"[1, 2, 3]","[1, 2]",[0.68794326 2.1920904  0.91725768],0.02,1.0,0.12466,2.10035,0.5,0.44069,"[0.63636, 0.28571, 0.4]",240,0.28071,1.78187,0.59091,0.53965,"[0.71429, 0.35294, 0.55172]",174,COMPLETED,8.592
268,20251231_122055,gaitpart_OUMVLP_TOP70.csv,70%,Preset_21,MLP,42,57,"[768, 512, 256]",mean,L2,88,3,768,silu,0.4,Adam,,0.0002,1e-07,True,0.8,"[1, 2, 3]","[1, 2]",[0.68794326 2.1920904  0.91725768],0.02,1.0,0.12786,2.27759,0.5,0.4195,"[0.60465, 0.15385, 0.5]",480,0.65289,1.32581,0.52273,0.4982,"[0.5, 0.4, 0.59459]",317,COMPLETED,17.07
269,20251231_122055,gaitset_GREW_TOP70.csv,70%,Preset_21,MLP,42,70,"[768, 512, 256]",mean,L2,88,3,768,silu,0.4,Adam,,0.0002,1e-07,True,0.8,"[1, 2, 3]","[1, 2]",[0.68794326 2.1920904  0.91725768],0.02,1.0,0.12259,2.37717,0.52273,0.47179,"[0.61538, 0.28571, 0.51429]",202,0.56663,1.75936,0.59091,0.54583,"[0.7, 0.375, 0.5625]",111,COMPLETED,7.359
270,20251231_122055,gaitset_OUMVLP_TOP70.csv,70%,Preset_21,MLP,42,54,"[768, 512, 256]",mean,L2,88,3,768,silu,0.4,Adam,,0.0002,1e-07,True,0.8,"[1, 2, 3]","[1, 2]",[0.68794326 2.1920904  0.91725768],0.02,1.0,0.1247,2.07146,0.5,0.38519,"[0.62222, 0.0, 0.53333]",442,0.15452,2.06825,0.52273,0.4,"[0.66667, 0.0, 0.53333]",408,COMPLETED,15.742
271,20251231_122055,gaitset_TOP70.csv,70%,Preset_21,MLP,42,34,"[768, 512, 256]",mean,L2,88,3,768,silu,0.4,Adam,,0.0002,1e-07,True,0.8,"[1, 2, 3]","[1, 2]",[0.68794326 2.1920904  0.91725768],0.02,1.0,0.12706,2.47984,0.38636,0.38001,"[0.4, 0.35294, 0.3871]",362,0.14737,2.25449,0.47727,0.45964,"[0.4878, 0.375, 0.51613]",334,COMPLETED,12.908
272,20251231_122055,gln_phase1_TOP70.csv,70%,Preset_21,MLP,42,49,"[768, 512, 256]",mean,L2,88,3,768,silu,0.4,Adam,,0.0002,1e-07,True,0.8,"[1, 2, 3]","[1, 2]",[0.68794326 2.1920904  0.91725768],0.02,1.0,0.12259,2.11475,0.52273,0.47053,"[0.61905, 0.30769, 0.48485]",246,0.12359,1.90744,0.59091,0.55385,"[0.66667, 0.46154, 0.53333]",222,COMPLETED,8.761
273,20251231_122055,gln_phase2_TOP70.csv,70%,Preset_21,MLP,42,54,"[768, 512, 256]",mean,L2,88,3,768,silu,0.4,Adam,,0.0002,1e-07,True,0.8,"[1, 2, 3]","[1, 2]",[0.68794326 2.1920904  0.91725768],0.02,1.0,0.11812,2.09213,0.43182,0.36869,"[0.5, 0.18182, 0.42424]",245,0.40294,1.58787,0.59091,0.58291,"[0.66667, 0.61538, 0.46667]",126,COMPLETED,8.926

274,20251231_122055,baseline_CASIAB_TOP70.csv,70%,Preset_22,MLP,42,44,"[1024, 768, 512, 256]",mean,minmax,64,4,1024,silu,0.4,Adam,,0.0001,1e-07,True,0.8,"[1, 2, 3, 4]","[1, 2, 3]",[0.68794326 2.1920904  0.91725768],0.02,1.0,0.12579,2.04875,0.52273,0.46748,"[0.625, 0.36364, 0.41379]",223,0.13782,2.0423,0.61364,0.54672,"[0.68182, 0.33333, 0.625]",168,COMPLETED,11.829
275,20251231_122055,baseline_OUMVLP_TOP70.csv,70%,Preset_22,MLP,42,44,"[1024, 768, 512, 256]",mean,minmax,64,4,1024,silu,0.4,Adam,,0.0001,1e-07,True,0.8,"[1, 2, 3, 4]","[1, 2, 3]",[0.68794326 2.1920904  0.91725768],0.02,1.0,0.12111,1.99604,0.52273,0.4784,"[0.48649, 0.33333, 0.61538]",243,0.42594,1.5906,0.61364,0.60373,"[0.55556, 0.57143, 0.68421]",60,COMPLETED,12.756
276,20251231_122055,gaitgl_GREW_BNNeck_TOP70.csv,70%,Preset_22,MLP,42,59,"[1024, 768, 512, 256]",mean,minmax,64,4,1024,silu,0.4,Adam,,0.0001,1e-07,True,0.8,"[1, 2, 3, 4]","[1, 2, 3]",[0.68794326 2.1920904  0.91725768],0.02,1.0,0.12505,1.95131,0.56818,0.50557,"[0.65306, 0.36364, 0.5]",204,0.11427,1.92995,0.61364,0.54853,"[0.69388, 0.4, 0.55172]",202,COMPLETED,10.833
277,20251231_122055,gaitgl_GREW_TOP70.csv,70%,Preset_22,MLP,42,74,"[1024, 768, 512, 256]",mean,minmax,64,4,1024,silu,0.4,Adam,,0.0001,1e-07,True,0.8,"[1, 2, 3, 4]","[1, 2, 3]",[0.68794326 2.1920904  0.91725768],0.02,1.0,0.12647,2.54849,0.45455,0.41039,"[0.54545, 0.28571, 0.4]",176,0.11892,2.14734,0.52273,0.47575,"[0.57778, 0.33333, 0.51613]",164,COMPLETED,9.335
278,20251231_122055,gaitgl_OUMVLP_TOP70.csv,70%,Preset_22,MLP,42,43,"[1024, 768, 512, 256]",mean,minmax,64,4,1024,silu,0.4,Adam,,0.0001,1e-07,True,0.8,"[1, 2, 3, 4]","[1, 2, 3]",[0.68794326 2.1920904  0.91725768],0.02,1.0,0.12295,2.51838,0.47727,0.40289,"[0.57143, 0.16667, 0.47059]",309,0.1775,2.40609,0.56818,0.53195,"[0.65116, 0.42857, 0.51613]",178,COMPLETED,16.232
279,20251231_122055,gaitgl_TOP70.csv,70%,Preset_22,MLP,42,37,"[1024, 768, 512, 256]",mean,minmax,64,4,1024,silu,0.4,Adam,,0.0001,1e-07,True,0.8,"[1, 2, 3, 4]","[1, 2, 3]",[0.68794326 2.1920904  0.91725768],0.02,1.0,0.12131,3.05376,0.38636,0.28669,"[0.43902, 0.0, 0.42105]",296,0.25484,2.65743,0.45455,0.42262,"[0.47368, 0.30769, 0.48649]",122,COMPLETED,15.509
280,20251231_122055,gaitpart_GREW_TOP70.csv,70%,Preset_22,MLP,42,67,"[1024, 768, 512, 256]",mean,minmax,64,4,1024,silu,0.4,Adam,,0.0001,1e-07,True,0.8,"[1, 2, 3, 4]","[1, 2, 3]",[0.68794326 2.1920904  0.91725768],0.02,1.0,0.11811,2.08341,0.54545,0.48037,"[0.68182, 0.30769, 0.45161]",155,0.12845,2.2689,0.54545,0.48927,"[0.66667, 0.36364, 0.4375]",145,COMPLETED,8.24
281,20251231_122055,gaitpart_OUMVLP_TOP70.csv,70%,Preset_22,MLP,42,55,"[1024, 768, 512, 256]",mean,minmax,64,4,1024,silu,0.4,Adam,,0.0001,1e-07,True,0.8,"[1, 2, 3, 4]","[1, 2, 3]",[0.68794326 2.1920904  0.91725768],0.02,1.0,0.12628,1.78862,0.54545,0.45551,"[0.62222, 0.18182, 0.5625]",182,0.18826,1.71658,0.61364,0.54839,"[0.66667, 0.33333, 0.64516]",128,COMPLETED,9.491
282,20251231_122055,gaitset_GREW_TOP70.csv,70%,Preset_22,MLP,42,69,"[1024, 768, 512, 256]",mean,minmax,64,4,1024,silu,0.4,Adam,,0.0001,1e-07,True,0.8,"[1, 2, 3, 4]","[1, 2, 3]",[0.68794326 2.1920904  0.91725768],0.02,1.0,0.12061,2.22111,0.5,0.41705,"[0.65116, 0.13333, 0.46667]",144,0.1944,2.0544,0.63636,0.55791,"[0.7619, 0.26667, 0.64516]",77,COMPLETED,7.644
283,20251231_122055,gaitset_OUMVLP_TOP70.csv,70%,Preset_22,MLP,42,54,"[1024, 768, 512, 256]",mean,minmax,64,4,1024,silu,0.4,Adam,,0.0001,1e-07,True,0.8,"[1, 2, 3, 4]","[1, 2, 3]",[0.68794326 2.1920904  0.91725768],0.02,1.0,0.12349,2.04511,0.52273,0.38608,"[0.59574, 0.0, 0.5625]",203,0.15711,2.08711,0.61364,0.55033,"[0.66667, 0.36364, 0.62069]",121,COMPLETED,10.807
284,20251231_122055,gaitset_TOP70.csv,70%,Preset_22,MLP,42,36,"[1024, 768, 512, 256]",mean,minmax,64,4,1024,silu,0.4,Adam,,0.0001,1e-07,True,0.8,"[1, 2, 3, 4]","[1, 2, 3]",[0.68794326 2.1920904  0.91725768],0.02,1.0,0.11334,2.37968,0.45455,0.38502,"[0.52174, 0.16667, 0.46667]",304,0.13146,2.30447,0.52273,0.47293,"[0.57778, 0.30769, 0.53333]",280,COMPLETED,15.921
285,20251231_122055,gln_phase1_TOP70.csv,70%,Preset_22,MLP,42,50,"[1024, 768, 512, 256]",mean,minmax,64,4,1024,silu,0.4,Adam,,0.0001,1e-07,True,0.8,"[1, 2, 3, 4]","[1, 2, 3]",[0.68794326 2.1920904  0.91725768],0.02,1.0,0.11945,2.29229,0.52273,0.43945,"[0.61905, 0.15385, 0.54545]",194,0.38987,1.69801,0.56818,0.54306,"[0.66667, 0.4, 0.5625]",49,COMPLETED,10.091
286,20251231_122055,gln_phase2_TOP70.csv,70%,Preset_22,MLP,42,54,"[1024, 768, 512, 256]",mean,minmax,64,4,1024,silu,0.4,Adam,,0.0001,1e-07,True,0.8,"[1, 2, 3, 4]","[1, 2, 3]",[0.68794326 2.1920904  0.91725768],0.02,1.0,0.12582,2.48513,0.38636,0.32639,"[0.5, 0.16667, 0.3125]",185,0.71223,1.26838,0.5,0.49129,"[0.5, 0.44444, 0.52941]",22,COMPLETED,9.65

287,20251231_122055,baseline_CASIAB_TOP70.csv,70%,Preset_23,MLP,42,44,"[1024, 768, 512, 256]",mean,minmax,96,4,1024,silu,0.45,Adam,,0.0001,1e-07,True,0.8,"[1, 2, 3, 4]","[1, 2]",[0.68794326 2.1920904  0.91725768],0.02,1.0,0.12436,1.60488,0.59091,0.52688,"[0.66667, 0.33333, 0.58065]",258,0.18145,1.79149,0.63636,0.59474,"[0.69767, 0.46154, 0.625]",140,COMPLETED,10.243
288,20251231_122055,baseline_OUMVLP_TOP70.csv,70%,Preset_23,MLP,42,44,"[1024, 768, 512, 256]",mean,minmax,96,4,1024,silu,0.45,Adam,,0.0001,1e-07,True,0.8,"[1, 2, 3, 4]","[1, 2]",[0.68794326 2.1920904  0.91725768],0.02,1.0,0.12242,1.74895,0.59091,0.53338,"[0.5641, 0.33333, 0.7027]",249,0.15229,1.69062,0.63636,0.61502,"[0.61538, 0.54545, 0.68421]",176,COMPLETED,10.087
289,20251231_122055,gaitgl_GREW_BNNeck_TOP70.csv,70%,Preset_23,MLP,42,59,"[1024, 768, 512, 256]",mean,minmax,96,4,1024,silu,0.45,Adam,,0.0001,1e-07,True,0.8,"[1, 2, 3, 4]","[1, 2]",[0.68794326 2.1920904  0.91725768],0.02,1.0,0.12517,1.97257,0.47727,0.34127,"[0.66667, 0.0, 0.35714]",216,0.1941,1.90152,0.54545,0.47695,"[0.65306, 0.33333, 0.44444]",112,COMPLETED,8.682
290,20251231_122055,gaitgl_GREW_TOP70.csv,70%,Preset_23,MLP,42,74,"[1024, 768, 512, 256]",mean,minmax,96,4,1024,silu,0.45,Adam,,0.0001,1e-07,True,0.8,"[1, 2, 3, 4]","[1, 2]",[0.68794326 2.1920904  0.91725768],0.02,1.0,0.12138,2.22676,0.45455,0.38317,"[0.57143, 0.15385, 0.42424]",200,0.19225,2.14975,0.54545,0.52614,"[0.57143, 0.46154, 0.54545]",123,COMPLETED,8.134
291,20251231_122055,gaitgl_OUMVLP_TOP70.csv,70%,Preset_23,MLP,42,43,"[1024, 768, 512, 256]",mean,minmax,96,4,1024,silu,0.45,Adam,,0.0001,1e-07,True,0.8,"[1, 2, 3, 4]","[1, 2]",[0.68794326 2.1920904  0.91725768],0.02,1.0,0.12703,2.27632,0.47727,0.40322,"[0.55814, 0.16667, 0.48485]",346,0.1643,2.20243,0.54545,0.52326,"[0.61538, 0.42105, 0.53333]",191,COMPLETED,13.848
292,20251231_122055,gaitgl_TOP70.csv,70%,Preset_23,MLP,42,37,"[1024, 768, 512, 256]",mean,minmax,96,4,1024,silu,0.45,Adam,,0.0001,1e-07,True,0.8,"[1, 2, 3, 4]","[1, 2]",[0.68794326 2.1920904  0.91725768],0.02,1.0,0.12476,2.39604,0.36364,0.27249,"[0.42857, 0.0, 0.38889]",326,0.73223,1.44881,0.52273,0.55532,"[0.48649, 0.66667, 0.51282]",36,COMPLETED,12.791
293,20251231_122055,gaitpart_GREW_TOP70.csv,70%,Preset_23,MLP,42,67,"[1024, 768, 512, 256]",mean,minmax,96,4,1024,silu,0.45,Adam,,0.0001,1e-07,True,0.8,"[1, 2, 3, 4]","[1, 2]",[0.68794326 2.1920904  0.91725768],0.02,1.0,0.12286,1.83022,0.54545,0.48406,"[0.65217, 0.33333, 0.46667]",188,0.15045,1.98992,0.54545,0.48528,"[0.68085, 0.375, 0.4]",108,COMPLETED,7.645
294,20251231_122055,gaitpart_OUMVLP_TOP70.csv,70%,Preset_23,MLP,42,55,"[1024, 768, 512, 256]",mean,minmax,96,4,1024,silu,0.45,Adam,,0.0001,1e-07,True,0.8,"[1, 2, 3, 4]","[1, 2]",[0.68794326 2.1920904  0.91725768],0.02,1.0,0.12243,1.62389,0.59091,0.48289,"[0.7234, 0.15385, 0.57143]",201,0.16903,1.71519,0.59091,0.52339,"[0.68182, 0.30769, 0.58065]",110,COMPLETED,8.028
295,20251231_122055,gaitset_GREW_TOP70.csv,70%,Preset_23,MLP,42,69,"[1024, 768, 512, 256]",mean,minmax,96,4,1024,silu,0.45,Adam,,0.0001,1e-07,True,0.8,"[1, 2, 3, 4]","[1, 2]",[0.68794326 2.1920904  0.91725768],0.02,1.0,0.12784,1.69706,0.56818,0.50179,"[0.69767, 0.30769, 0.5]",171,0.48011,1.29894,0.61364,0.56245,"[0.73171, 0.375, 0.58065]",36,COMPLETED,6.8
296,20251231_122055,gaitset_OUMVLP_TOP70.csv,70%,Preset_23,MLP,42,54,"[1024, 768, 512, 256]",mean,minmax,96,4,1024,silu,0.45,Adam,,0.0001,1e-07,True,0.8,"[1, 2, 3, 4]","[1, 2]",[0.68794326 2.1920904  0.91725768],0.02,1.0,0.11414,1.78062,0.47727,0.36364,"[0.54545, 0.0, 0.54545]",219,0.17045,1.91556,0.56818,0.47635,"[0.62222, 0.18182, 0.625]",132,COMPLETED,8.741
297,20251231_122055,gaitset_TOP70.csv,70%,Preset_23,MLP,42,36,"[1024, 768, 512, 256]",mean,minmax,96,4,1024,silu,0.45,Adam,,0.0001,1e-07,True,0.8,"[1, 2, 3, 4]","[1, 2]",[0.68794326 2.1920904  0.91725768],0.02,1.0,0.12224,2.64977,0.40909,0.35595,"[0.47619, 0.125, 0.46667]",295,0.14311,2.51636,0.43182,0.41667,"[0.45, 0.33333, 0.46667]",211,COMPLETED,11.78
298,20251231_122055,gln_phase1_TOP70.csv,70%,Preset_23,MLP,42,50,"[1024, 768, 512, 256]",mean,minmax,96,4,1024,silu,0.45,Adam,,0.0001,1e-07,True,0.8,"[1, 2, 3, 4]","[1, 2]",[0.68794326 2.1920904  0.91725768],0.02,1.0,0.12669,1.74648,0.5,0.4195,"[0.60465, 0.15385, 0.5]",227,0.48089,1.1767,0.61364,0.60484,"[0.68293, 0.63158, 0.5]",42,COMPLETED,9.094
299,20251231_122055,gln_phase2_TOP70.csv,70%,Preset_23,MLP,42,54,"[1024, 768, 512, 256]",mean,minmax,96,4,1024,silu,0.45,Adam,,0.0001,1e-07,True,0.8,"[1, 2, 3, 4]","[1, 2]",[0.68794326 2.1920904  0.91725768],0.02,1.0,0.12378,2.35757,0.45455,0.34144,"[0.59574, 0.0, 0.42857]",224,0.15954,2.21311,0.52273,0.47475,"[0.59091, 0.33333, 0.5]",148,COMPLETED,8.967

300,20251231_122055,baseline_CASIAB_TOP70.csv,70%,Preset_24,MLP,42,256,"[768, 512, 384, 256]",mean,,80,4,768,silu,0.5,Adam,,0.00025,1e-06,False,,"[1, 3]","[2, 3]",[0.68794326 2.1920904  0.91725768],0.02,1.0,0.11544,2.3676,0.54545,0.44982,"[0.66667, 0.16667, 0.51613]",65,0.15727,2.38453,0.56818,0.50505,"[0.68182, 0.33333, 0.5]",47,COMPLETED,2.371
301,20251231_122055,baseline_OUMVLP_TOP70.csv,70%,Preset_24,MLP,42,256,"[768, 512, 384, 256]",mean,,80,4,768,silu,0.5,Adam,,0.00025,1e-06,False,,"[1, 3]","[2, 3]",[0.68794326 2.1920904  0.91725768],0.02,1.0,0.11616,1.97845,0.5,0.4455,"[0.58824, 0.36364, 0.38462]",81,0.18559,1.72731,0.56818,0.50997,"[0.55556, 0.30769, 0.66667]",52,COMPLETED,3.001
302,20251231_122055,gaitgl_GREW_BNNeck_TOP70.csv,70%,Preset_24,MLP,42,256,"[768, 512, 384, 256]",mean,,80,4,768,silu,0.5,Adam,,0.00025,1e-06,False,,"[1, 3]","[2, 3]",[0.68794326 2.1920904  0.91725768],0.02,1.0,0.12313,2.50993,0.40909,0.31818,"[0.45455, 0.0, 0.5]",103,0.64435,1.5665,0.43182,0.4127,"[0.48649, 0.3, 0.45161]",55,COMPLETED,3.764
303,20251231_122055,gaitgl_GREW_TOP70.csv,70%,Preset_24,MLP,42,256,"[768, 512, 384, 256]",mean,,80,4,768,silu,0.5,Adam,,0.00025,1e-06,False,,"[1, 3]","[2, 3]",[0.68794326 2.1920904  0.91725768],0.02,1.0,0.12156,2.28744,0.47727,0.40827,"[0.45714, 0.22222, 0.54545]",66,0.16336,2.1326,0.59091,0.48333,"[0.66667, 0.2, 0.58333]",58,COMPLETED,2.541
304,20251231_122055,gaitgl_OUMVLP_TOP70.csv,70%,Preset_24,MLP,42,256,"[768, 512, 384, 256]",mean,,80,4,768,silu,0.5,Adam,,0.00025,1e-06,False,,"[1, 3]","[2, 3]",[0.68794326 2.1920904  0.91725768],0.02,1.0,0.12221,2.50638,0.5,0.45692,"[0.53333, 0.28571, 0.55172]",297,0.12663,2.24086,0.56818,0.55323,"[0.5641, 0.47059, 0.625]",245,COMPLETED,11.128
305,20251231_122055,gaitgl_TOP70.csv,70%,Preset_24,MLP,42,128,"[768, 512, 384, 256]",mean,,80,4,768,silu,0.5,Adam,,0.00025,1e-06,False,,"[1, 3]","[2, 3]",[0.68794326 2.1920904  0.91725768],0.02,1.0,0.12018,2.85975,0.38636,0.32599,"[0.51163, 0.15385, 0.3125]",52,0.70679,1.37024,0.47727,0.46496,"[0.53333, 0.46154, 0.4]",16,COMPLETED,1.911
306,20251231_122055,gaitpart_GREW_TOP70.csv,70%,Preset_24,MLP,42,256,"[768, 512, 384, 256]",mean,,80,4,768,silu,0.5,Adam,,0.00025,1e-06,False,,"[1, 3]","[2, 3]",[0.68794326 2.1920904  0.91725768],0.02,1.0,0.11513,2.26564,0.40909,0.3392,"[0.60465, 0.10526, 0.30769]",87,0.35416,1.4664,0.61364,0.50598,"[0.71111, 0.18182, 0.625]",44,COMPLETED,3.173
307,20251231_122055,gaitpart_OUMVLP_TOP70.csv,70%,Preset_24,MLP,42,256,"[768, 512, 384, 256]",mean,,80,4,768,silu,0.5,Adam,,0.00025,1e-06,False,,"[1, 3]","[2, 3]",[0.68794326 2.1920904  0.91725768],0.02,1.0,0.12241,2.03452,0.52273,0.37846,"[0.58537, 0.0, 0.55]",274,0.65844,1.15211,0.59091,0.58687,"[0.59459, 0.57143, 0.59459]",68,COMPLETED,9.781
308,20251231_122055,gaitset_GREW_TOP70.csv,70%,Preset_24,MLP,42,256,"[768, 512, 384, 256]",mean,,80,4,768,silu,0.5,Adam,,0.00025,1e-06,False,,"[1, 3]","[2, 3]",[0.68794326 2.1920904  0.91725768],0.02,1.0,0.11194,2.66993,0.36364,0.33316,"[0.51282, 0.16667, 0.32]",86,0.11927,2.32865,0.47727,0.43333,"[0.5, 0.25, 0.55]",75,COMPLETED,3.188
309,20251231_122055,gaitset_OUMVLP_TOP70.csv,70%,Preset_24,MLP,42,256,"[768, 512, 384, 256]",mean,,80,4,768,silu,0.5,Adam,,0.00025,1e-06,False,,"[1, 3]","[2, 3]",[0.68794326 2.1920904  0.91725768],0.02,1.0,0.11686,2.32213,0.40909,0.28571,"[0.57143, 0.0, 0.28571]",170,0.33182,2.10223,0.40909,0.38889,"[0.5, 0.25, 0.41667]",91,COMPLETED,6.218
310,20251231_122055,gaitset_TOP70.csv,70%,Preset_24,MLP,42,256,"[768, 512, 384, 256]",mean,,80,4,768,silu,0.5,Adam,,0.00025,1e-06,False,,"[1, 3]","[2, 3]",[0.68794326 2.1920904  0.91725768],0.02,1.0,0.1131,2.96862,0.34091,0.26111,"[0.45, 0.0, 0.33333]",69,0.13647,2.98829,0.38636,0.35257,"[0.46512, 0.22222, 0.37037]",58,COMPLETED,2.557
311,20251231_122055,gln_phase1_TOP70.csv,70%,Preset_24,MLP,42,256,"[768, 512, 384, 256]",mean,,80,4,768,silu,0.5,Adam,,0.00025,1e-06,False,,"[1, 3]","[2, 3]",[0.68794326 2.1920904  0.91725768],0.02,1.0,0.12624,1.93191,0.47727,0.43384,"[0.48485, 0.26667, 0.55]",62,0.46243,1.09589,0.59091,0.59332,"[0.59459, 0.6, 0.58537]",35,COMPLETED,2.352
312,20251231_122055,gln_phase2_TOP70.csv,70%,Preset_24,MLP,42,256,"[768, 512, 384, 256]",mean,,80,4,768,silu,0.5,Adam,,0.00025,1e-06,False,,"[1, 3]","[2, 3]",[0.68794326 2.1920904  0.91725768],0.02,1.0,0.11288,2.09503,0.52273,0.50199,"[0.57778, 0.46154, 0.46667]",69,0.11288,2.09503,0.52273,0.50199,"[0.57778, 0.46154, 0.46667]",69,COMPLETED,2.541

313,20251231_122055,baseline_CASIAB_TOP70.csv,70%,Preset_25,MLP,42,16,"[768, 384, 192, 96, 64, 64]",mean,L2,32,6,768,relu,0.3,RMSprop,,0.0002,1e-07,True,0.6,"[1, 3, 5]","[1, 3, 5]",[0.68794326 2.1920904  0.91725768],0.02,1.0,0.12886,2.26409,0.52273,0.46957,"[0.6087, 0.33333, 0.46667]",609,0.49189,1.50342,0.52273,0.50594,"[0.48485, 0.46154, 0.57143]",204,COMPLETED,57.366
314,20251231_122055,baseline_OUMVLP_TOP70.csv,70%,Preset_25,MLP,42,14,"[768, 384, 192, 96, 64, 64]",mean,L2,32,6,768,relu,0.3,RMSprop,,0.0002,1e-07,True,0.6,"[1, 3, 5]","[1, 3, 5]",[0.68794326 2.1920904  0.91725768],0.02,1.0,0.11483,2.40112,0.45455,0.38506,"[0.52174, 0.18182, 0.45161]",691,0.19527,2.25516,0.54545,0.49162,"[0.59574, 0.30769, 0.57143]",528,COMPLETED,65.02
315,20251231_122055,gaitgl_GREW_BNNeck_TOP70.csv,70%,Preset_25,MLP,42,22,"[768, 384, 192, 96, 64, 64]",mean,L2,32,6,768,relu,0.3,RMSprop,,0.0002,1e-07,True,0.6,"[1, 3, 5]","[1, 3, 5]",[0.68794326 2.1920904  0.91725768],0.02,1.0,0.1275,2.73999,0.43182,0.40317,"[0.52381, 0.28571, 0.4]",429,0.36884,1.46107,0.56818,0.52538,"[0.65306, 0.46154, 0.46154]",159,COMPLETED,40.671
316,20251231_122055,gaitgl_GREW_TOP70.csv,70%,Preset_25,MLP,42,38,"[768, 384, 192, 96, 64, 64]",mean,L2,32,6,768,relu,0.3,RMSprop,,0.0002,1e-07,True,0.6,"[1, 3, 5]","[1, 3, 5]",[0.68794326 2.1920904  0.91725768],0.02,1.0,0.12073,3.22612,0.34091,0.26626,"[0.47619, 0.0, 0.32258]",469,0.26835,2.35021,0.5,0.46689,"[0.66667, 0.37037, 0.36364]",242,COMPLETED,44.251
317,20251231_122055,gaitgl_OUMVLP_TOP70.csv,70%,Preset_25,MLP,42,15,"[768, 384, 192, 96, 64, 64]",mean,L2,32,6,768,relu,0.3,RMSprop,,0.0002,1e-07,True,0.6,"[1, 3, 5]","[1, 3, 5]",[0.68794326 2.1920904  0.91725768],0.02,1.0,0.11969,2.14756,0.5,0.44052,"[0.58824, 0.33333, 0.4]",1537,0.16832,1.90864,0.56818,0.53417,"[0.62222, 0.42857, 0.55172]",1346,COMPLETED,144.258
318,20251231_122055,gaitgl_TOP70.csv,70%,Preset_25,MLP,42,15,"[768, 384, 192, 96, 64, 64]",mean,L2,32,6,768,relu,0.3,RMSprop,,0.0002,1e-07,True,0.6,"[1, 3, 5]","[1, 3, 5]",[0.68794326 2.1920904  0.91725768],0.02,1.0,0.12334,2.49394,0.45455,0.33401,"[0.57778, 0.0, 0.42424]",609,0.56029,1.72237,0.5,0.49073,"[0.55, 0.47059, 0.45161]",138,COMPLETED,57.29
319,20251231_122055,gaitpart_GREW_TOP70.csv,70%,Preset_25,MLP,42,28,"[768, 384, 192, 96, 64, 64]",mean,L2,32,6,768,relu,0.3,RMSprop,,0.0002,1e-07,True,0.6,"[1, 3, 5]","[1, 3, 5]",[0.68794326 2.1920904  0.91725768],0.02,1.0,0.12528,2.13055,0.52273,0.49458,"[0.56522, 0.4, 0.51852]",423,0.2091,1.64116,0.61364,0.58998,"[0.65306, 0.54545, 0.57143]",263,COMPLETED,39.959
320,20251231_122055,gaitpart_OUMVLP_TOP70.csv,70%,Preset_25,MLP,42,22,"[768, 384, 192, 96, 64, 64]",mean,L2,32,6,768,relu,0.3,RMSprop,,0.0002,1e-07,True,0.6,"[1, 3, 5]","[1, 3, 5]",[0.68794326 2.1920904  0.91725768],0.02,1.0,0.11419,2.44391,0.43182,0.37163,"[0.47619, 0.15385, 0.48485]",1083,0.51006,1.30228,0.59091,0.56956,"[0.66667, 0.47059, 0.57143]",448,COMPLETED,102.516
321,20251231_122055,gaitset_GREW_TOP70.csv,70%,Preset_25,MLP,42,29,"[768, 384, 192, 96, 64, 64]",mean,L2,32,6,768,relu,0.3,RMSprop,,0.0002,1e-07,True,0.6,"[1, 3, 5]","[1, 3, 5]",[0.68794326 2.1920904  0.91725768],0.02,1.0,0.11547,2.19016,0.5,0.39777,"[0.66667, 0.18182, 0.34483]",481,0.12925,2.15596,0.59091,0.57948,"[0.66667, 0.52632, 0.54545]",397,COMPLETED,45.344
322,20251231_122055,gaitset_OUMVLP_TOP70.csv,70%,Preset_25,MLP,42,19,"[768, 384, 192, 96, 64, 64]",mean,L2,32,6,768,relu,0.3,RMSprop,,0.0002,1e-07,True,0.6,"[1, 3, 5]","[1, 3, 5]",[0.68794326 2.1920904  0.91725768],0.02,1.0,0.14689,2.32501,0.5,0.41204,"[0.66667, 0.125, 0.44444]",983,0.18641,1.95487,0.56818,0.46667,"[0.66667, 0.2, 0.53333]",851,STOPPED,92.219
323,20251231_122055,gaitset_TOP70.csv,70%,Preset_25,MLP,42,11,"[768, 384, 192, 96, 64, 64]",mean,L2,32,6,768,relu,0.3,RMSprop,,0.0002,1e-07,True,0.6,"[1, 3, 5]","[1, 3, 5]",[0.68794326 2.1920904  0.91725768],0.02,1.0,0.1268,2.28622,0.52273,0.44396,"[0.56522, 0.16667, 0.6]",607,0.16909,2.06579,0.56818,0.47817,"[0.625, 0.16667, 0.64286]",495,COMPLETED,57.173
324,20251231_122055,gln_phase1_TOP70.csv,70%,Preset_25,MLP,42,16,"[768, 384, 192, 96, 64, 64]",mean,L2,32,6,768,relu,0.3,RMSprop,,0.0002,1e-07,True,0.6,"[1, 3, 5]","[1, 3, 5]",[0.68794326 2.1920904  0.91725768],0.02,1.0,0.12555,2.14117,0.47727,0.40476,"[0.57143, 0.14286, 0.5]",454,0.60328,1.10949,0.63636,0.61316,"[0.68293, 0.54545, 0.61111]",156,COMPLETED,43.008
325,20251231_122055,gln_phase2_TOP70.csv,70%,Preset_25,MLP,42,18,"[768, 384, 192, 96, 64, 64]",mean,L2,32,6,768,relu,0.3,RMSprop,,0.0002,1e-07,True,0.6,"[1, 3, 5]","[1, 3, 5]",[0.68794326 2.1920904  0.91725768],0.02,1.0,0.1258,2.49133,0.47727,0.40575,"[0.48649, 0.16667, 0.5641]",517,0.17972,2.0524,0.56818,0.53473,"[0.55556, 0.4, 0.64865]",316,COMPLETED,48.605

326,20251231_122055,baseline_CASIAB_TOP70.csv,70%,Preset_26,MLP,42,44,"[896, 640, 320, 192]",mean,minmax,80,4,896,leakyrelu,0.5,Adam,,0.0002,2e-07,True,0.8,"[1, 2, 3]","[1, 2]",[0.68794326 2.1920904  0.91725768],0.02,1.0,0.12423,1.78644,0.54545,0.45148,"[0.6383, 0.2, 0.51613]",314,0.15911,1.7467,0.63636,0.56658,"[0.71111, 0.36364, 0.625]",197,COMPLETED,13.302
327,20251231_122055,baseline_OUMVLP_TOP70.csv,70%,Preset_26,MLP,42,44,"[896, 640, 320, 192]",mean,minmax,80,4,896,leakyrelu,0.5,Adam,,0.0002,2e-07,True,0.8,"[1, 2, 3]","[1, 2]",[0.68794326 2.1920904  0.91725768],0.02,1.0,0.12224,2.01417,0.54545,0.3923,"[0.54054, 0.0, 0.63636]",289,0.16857,1.62605,0.68182,0.56282,"[0.73171, 0.2, 0.75676]",159,COMPLETED,11.069
328,20251231_122055,gaitgl_GREW_BNNeck_TOP70.csv,70%,Preset_26,MLP,42,59,"[896, 640, 320, 192]",mean,minmax,80,4,896,leakyrelu,0.5,Adam,,0.0002,2e-07,True,0.8,"[1, 2, 3]","[1, 2]",[0.68794326 2.1920904  0.91725768],0.02,1.0,0.11994,2.13432,0.45455,0.31494,"[0.6, 0.0, 0.34483]",228,0.42261,1.91849,0.47727,0.43829,"[0.53659, 0.30769, 0.47059]",51,COMPLETED,8.632
329,20251231_122055,gaitgl_GREW_TOP70.csv,70%,Preset_26,MLP,42,74,"[896, 640, 320, 192]",mean,minmax,80,4,896,leakyrelu,0.5,Adam,,0.0002,2e-07,True,0.8,"[1, 2, 3]","[1, 2]",[0.68794326 2.1920904  0.91725768],0.02,1.0,0.11397,2.4011,0.43182,0.31919,"[0.53333, 0.0, 0.42424]",191,0.11816,2.28081,0.52273,0.46957,"[0.6087, 0.33333, 0.46667]",164,COMPLETED,7.347
330,20251231_122055,gaitgl_OUMVLP_TOP70.csv,70%,Preset_26,MLP,42,43,"[896, 640, 320, 192]",mean,minmax,80,4,896,leakyrelu,0.5,Adam,,0.0002,2e-07,True,0.8,"[1, 2, 3]","[1, 2]",[0.68794326 2.1920904  0.91725768],0.02,1.0,0.12475,2.01553,0.54545,0.48673,"[0.63636, 0.30769, 0.51613]",331,0.28672,1.90714,0.59091,0.54848,"[0.68293, 0.4, 0.5625]",143,COMPLETED,12.548
331,20251231_122055,gaitgl_TOP70.csv,70%,Preset_26,MLP,42,37,"[896, 640, 320, 192]",mean,minmax,80,4,896,leakyrelu,0.5,Adam,,0.0002,2e-07,True,0.8,"[1, 2, 3]","[1, 2]",[0.68794326 2.1920904  0.91725768],0.02,1.0,0.12353,2.58461,0.38636,0.28116,"[0.46512, 0.0, 0.37838]",382,0.4419,1.77795,0.52273,0.49211,"[0.55, 0.4, 0.52632]",77,COMPLETED,14.518
332,20251231_122055,gaitpart_GREW_TOP70.csv,70%,Preset_26,MLP,42,67,"[896, 640, 320, 192]",mean,minmax,80,4,896,leakyrelu,0.5,Adam,,0.0002,2e-07,True,0.8,"[1, 2, 3]","[1, 2]",[0.68794326 2.1920904  0.91725768],0.02,1.0,0.11852,2.16825,0.54545,0.46256,"[0.68, 0.30769, 0.4]",192,0.13121,2.20076,0.63636,0.56888,"[0.7451, 0.46154, 0.5]",180,COMPLETED,7.525
333,20251231_122055,gaitpart_OUMVLP_TOP70.csv,70%,Preset_26,MLP,42,55,"[896, 640, 320, 192]",mean,minmax,80,4,896,leakyrelu,0.5,Adam,,0.0002,2e-07,True,0.8,"[1, 2, 3]","[1, 2]",[0.68794326 2.1920904  0.91725768],0.02,1.0,0.1177,1.99167,0.52273,0.43468,"[0.62222, 0.18182, 0.5]",213,0.67655,1.26164,0.56818,0.54432,"[0.6, 0.46154, 0.57143]",26,COMPLETED,7.973
334,20251231_122055,gaitset_GREW_TOP70.csv,70%,Preset_26,MLP,42,69,"[896, 640, 320, 192]",mean,minmax,80,4,896,leakyrelu,0.5,Adam,,0.0002,2e-07,True,0.8,"[1, 2, 3]","[1, 2]",[0.68794326 2.1920904  0.91725768],0.02,1.0,0.12519,1.77254,0.56818,0.46453,"[0.69565, 0.18182, 0.51613]",193,0.14459,1.96856,0.61364,0.50823,"[0.71429, 0.18182, 0.62857]",125,COMPLETED,7.492
335,20251231_122055,gaitset_OUMVLP_TOP70.csv,70%,Preset_26,MLP,42,54,"[896, 640, 320, 192]",mean,minmax,80,4,896,leakyrelu,0.5,Adam,,0.0002,2e-07,True,0.8,"[1, 2, 3]","[1, 2]",[0.68794326 2.1920904  0.91725768],0.02,1.0,0.11677,2.33996,0.45455,0.34848,"[0.54545, 0.0, 0.5]",203,0.35675,2.17525,0.5,0.45483,"[0.54545, 0.28571, 0.53333]",63,COMPLETED,7.684
336,20251231_122055,gaitset_TOP70.csv,70%,Preset_26,MLP,42,36,"[896, 640, 320, 192]",mean,minmax,80,4,896,leakyrelu,0.5,Adam,,0.0002,2e-07,True,0.8,"[1, 2, 3]","[1, 2]",[0.68794326 2.1920904  0.91725768],0.02,1.0,0.12642,2.34846,0.52273,0.43889,"[0.58333, 0.2, 0.53333]",352,0.18026,2.41926,0.54545,0.49725,"[0.57778, 0.33333, 0.58065]",232,COMPLETED,13.4
337,20251231_122055,gln_phase1_TOP70.csv,70%,Preset_26,MLP,42,50,"[896, 640, 320, 192]",mean,minmax,80,4,896,leakyrelu,0.5,Adam,,0.0002,2e-07,True,0.8,"[1, 2, 3]","[1, 2]",[0.68794326 2.1920904  0.91725768],0.02,1.0,0.1183,1.79659,0.54545,0.45072,"[0.65217, 0.2, 0.5]",241,0.11776,1.80603,0.56818,0.5098,"[0.66667, 0.33333, 0.52941]",234,COMPLETED,9.174
338,20251231_122055,gln_phase2_TOP70.csv,70%,Preset_26,MLP,42,54,"[896, 640, 320, 192]",mean,minmax,80,4,896,leakyrelu,0.5,Adam,,0.0002,2e-07,True,0.8,"[1, 2, 3]","[1, 2]",[0.68794326 2.1920904  0.91725768],0.02,1.0,0.12666,2.27701,0.5,0.42251,"[0.57143, 0.18182, 0.51429]",216,0.59879,1.31149,0.52273,0.51858,"[0.52632, 0.5, 0.52941]",34,COMPLETED,8.177

339,20251231_122055,baseline_CASIAB_TOP70.csv,70%,Preset_27,MLP,42,59,"[896, 640, 384, 192]",mean,L2,64,4,896,silu,0.4,Adam,,0.0001,0.0,True,0.85,"[1, 2, 3]","[1, 2]",[0.68794326 2.1920904  0.91725768],0.02,1.0,0.12426,1.80454,0.5,0.45359,"[0.58333, 0.36364, 0.41379]",367,0.17736,2.28435,0.54545,0.50779,"[0.61224, 0.44444, 0.46667]",260,COMPLETED,17.885
340,20251231_122055,baseline_OUMVLP_TOP70.csv,70%,Preset_27,MLP,42,57,"[896, 640, 384, 192]",mean,L2,64,4,896,silu,0.4,Adam,,0.0001,0.0,True,0.85,"[1, 2, 3]","[1, 2]",[0.68794326 2.1920904  0.91725768],0.02,1.0,0.12519,1.87214,0.52273,0.47277,"[0.54054, 0.26667, 0.61111]",436,0.12143,1.85313,0.56818,0.51044,"[0.57895, 0.28571, 0.66667]",433,COMPLETED,21.027
341,20251231_122055,gaitgl_GREW_BNNeck_TOP70.csv,70%,Preset_27,MLP,42,75,"[896, 640, 384, 192]",mean,L2,64,4,896,silu,0.4,Adam,,0.0001,0.0,True,0.85,"[1, 2, 3]","[1, 2]",[0.68794326 2.1920904  0.91725768],0.02,1.0,0.12596,2.52446,0.40909,0.3122,"[0.53659, 0.0, 0.4]",259,0.59658,1.96463,0.5,0.43148,"[0.65, 0.11111, 0.53333]",93,COMPLETED,12.609
342,20251231_122055,gaitgl_GREW_TOP70.csv,70%,Preset_27,MLP,42,102,"[896, 640, 384, 192]",mean,L2,64,4,896,silu,0.4,Adam,,0.0001,0.0,True,0.85,"[1, 2, 3]","[1, 2]",[0.68794326 2.1920904  0.91725768],0.02,1.0,0.12991,2.41145,0.45455,0.41894,"[0.51163, 0.30769, 0.4375]",307,0.12334,2.51671,0.5,0.46823,"[0.51163, 0.36364, 0.52941]",298,COMPLETED,14.98
343,20251231_122055,gaitgl_OUMVLP_TOP70.csv,70%,Preset_27,MLP,42,73,"[896, 640, 384, 192]",mean,L2,64,4,896,silu,0.4,Adam,,0.0001,0.0,True,0.85,"[1, 2, 3]","[1, 2]",[0.68794326 2.1920904  0.91725768],0.02,1.0,0.12729,3.32904,0.36364,0.31059,"[0.46512, 0.13333, 0.33333]",847,0.41529,2.40359,0.43182,0.3952,"[0.51282, 0.23529, 0.4375]",613,COMPLETED,40.683
344,20251231_122055,gaitgl_TOP70.csv,70%,Preset_27,MLP,42,53,"[896, 640, 384, 192]",mean,L2,64,4,896,silu,0.4,Adam,,0.0001,0.0,True,0.85,"[1, 2, 3]","[1, 2]",[0.68794326 2.1920904  0.91725768],0.02,1.0,0.12485,3.36825,0.34091,0.26998,"[0.42105, 0.0, 0.38889]",352,0.61788,1.62755,0.5,0.47521,"[0.51282, 0.4, 0.51282]",87,COMPLETED,16.983
345,20251231_122055,gaitpart_GREW_TOP70.csv,70%,Preset_27,MLP,42,82,"[896, 640, 384, 192]",mean,L2,64,4,896,silu,0.4,Adam,,0.0001,0.0,True,0.85,"[1, 2, 3]","[1, 2]",[0.68794326 2.1920904  0.91725768],0.02,1.0,0.12285,2.00254,0.56818,0.46782,"[0.72727, 0.14286, 0.53333]",315,0.31098,2.20471,0.59091,0.48909,"[0.7619, 0.14286, 0.5625]",233,COMPLETED,15.26
346,20251231_122055,gaitpart_OUMVLP_TOP70.csv,70%,Preset_27,MLP,42,72,"[896, 640, 384, 192]",mean,L2,64,4,896,silu,0.4,Adam,,0.0001,0.0,True,0.85,"[1, 2, 3]","[1, 2]",[0.68794326 2.1920904  0.91725768],0.02,1.0,0.12193,2.4952,0.52273,0.44273,"[0.55814, 0.18182, 0.58824]",688,0.59097,1.80741,0.56818,0.53272,"[0.59459, 0.375, 0.62857]",423,COMPLETED,33.102
347,20251231_122055,gaitset_GREW_TOP70.csv,70%,Preset_27,MLP,42,87,"[896, 640, 384, 192]",mean,L2,64,4,896,silu,0.4,Adam,,0.0001,0.0,True,0.85,"[1, 2, 3]","[1, 2]",[0.68794326 2.1920904  0.91725768],0.02,1.0,0.12211,1.94961,0.56818,0.4735,"[0.66667, 0.15385, 0.6]",258,0.73066,1.58375,0.54545,0.51145,"[0.64865, 0.28571, 0.6]",96,COMPLETED,12.408
348,20251231_122055,gaitset_OUMVLP_TOP70.csv,70%,Preset_27,MLP,42,70,"[896, 640, 384, 192]",mean,L2,64,4,896,silu,0.4,Adam,,0.0001,0.0,True,0.85,"[1, 2, 3]","[1, 2]",[0.68794326 2.1920904  0.91725768],0.02,1.0,0.1225,2.52356,0.40909,0.34266,"[0.55814, 0.125, 0.34483]",641,0.41167,2.31962,0.52273,0.4875,"[0.65, 0.375, 0.4375]",427,COMPLETED,35.427
349,20251231_122055,gaitset_TOP70.csv,70%,Preset_27,MLP,42,47,"[896, 640, 384, 192]",mean,L2,64,4,896,silu,0.4,Adam,,0.0001,0.0,True,0.85,"[1, 2, 3]","[1, 2]",[0.68794326 2.1920904  0.91725768],0.02,1.0,0.1273,2.56048,0.45455,0.39076,"[0.5, 0.14286, 0.52941]",406,0.12696,2.50811,0.5,0.45592,"[0.53659, 0.28571, 0.54545]",405,COMPLETED,19.811
350,20251231_122055,gln_phase1_TOP70.csv,70%,Preset_27,MLP,42,65,"[896, 640, 384, 192]",mean,L2,64,4,896,silu,0.4,Adam,,0.0001,0.0,True,0.85,"[1, 2, 3]","[1, 2]",[0.68794326 2.1920904  0.91725768],0.02,1.0,0.1222,1.97397,0.54545,0.43704,"[0.66667, 0.2, 0.44444]",326,0.66321,1.32742,0.54545,0.54264,"[0.59459, 0.53333, 0.5]",104,COMPLETED,15.783
351,20251231_122055,gln_phase2_TOP70.csv,70%,Preset_27,MLP,42,70,"[896, 640, 384, 192]",mean,L2,64,4,896,silu,0.4,Adam,,0.0001,0.0,True,0.85,"[1, 2, 3]","[1, 2]",[0.68794326 2.1920904  0.91725768],0.02,1.0,0.12259,2.20988,0.47727,0.40538,"[0.53333, 0.16667, 0.51613]",317,0.74891,1.3212,0.5,0.48543,"[0.48485, 0.4, 0.57143]",87,COMPLETED,15.232

352,20251231_122055,baseline_CASIAB_TOP70.csv,70%,Preset_28,MLP,42,27,"[768, 512, 384, 256]",mean,L2,64,4,768,silu,0.5,Adam,,0.0002,5e-07,True,0.7,"[1, 2]","[1, 2, 3]",[0.68794326 2.1920904  0.91725768],0.02,1.0,0.12663,2.19731,0.47727,0.43074,"[0.57143, 0.36364, 0.35714]",704,0.14351,2.16107,0.54545,0.46667,"[0.66667, 0.33333, 0.4]",689,COMPLETED,33.316
353,20251231_122055,baseline_OUMVLP_TOP70.csv,70%,Preset_28,MLP,42,24,"[768, 512, 384, 256]",mean,L2,64,4,768,silu,0.5,Adam,,0.0002,5e-07,True,0.7,"[1, 2]","[1, 2, 3]",[0.68794326 2.1920904  0.91725768],0.02,1.0,0.12808,1.99935,0.52273,0.48043,"[0.54545, 0.33333, 0.5625]",917,0.12334,1.93869,0.54545,0.50317,"[0.56522, 0.36364, 0.58065]",869,COMPLETED,43.369
354,20251231_122055,gaitgl_GREW_BNNeck_TOP70.csv,70%,Preset_28,MLP,42,37,"[768, 512, 384, 256]",mean,L2,64,4,768,silu,0.5,Adam,,0.0002,5e-07,True,0.7,"[1, 2]","[1, 2, 3]",[0.68794326 2.1920904  0.91725768],0.02,1.0,0.12528,2.01586,0.52273,0.35875,"[0.70588, 0.0, 0.37037]",522,0.40463,1.75366,0.5,0.43968,"[0.62222, 0.23529, 0.46154]",199,COMPLETED,24.884
355,20251231_122055,gaitgl_GREW_TOP70.csv,70%,Preset_28,MLP,42,57,"[768, 512, 384, 256]",mean,L2,64,4,768,silu,0.5,Adam,,0.0002,5e-07,True,0.7,"[1, 2]","[1, 2, 3]",[0.68794326 2.1920904  0.91725768],0.02,1.0,0.12376,2.52248,0.40909,0.35253,"[0.5, 0.13333, 0.42424]",389,0.12571,2.55284,0.45455,0.43128,"[0.54054, 0.31579, 0.4375]",359,COMPLETED,18.863
356,20251231_122055,gaitgl_OUMVLP_TOP70.csv,70%,Preset_28,MLP,42,30,"[768, 512, 384, 256]",mean,L2,64,4,768,silu,0.5,Adam,,0.0002,5e-07,True,0.7,"[1, 2]","[1, 2, 3]",[0.68794326 2.1920904  0.91725768],0.02,1.0,0.12671,2.06332,0.56818,0.55322,"[0.57143, 0.5, 0.58824]",1284,0.1367,2.03324,0.59091,0.59762,"[0.57143, 0.61538, 0.60606]",1132,COMPLETED,60.985
357,20251231_122055,gaitgl_TOP70.csv,70%,Preset_28,MLP,42,27,"[768, 512, 384, 256]",mean,L2,64,4,768,silu,0.5,Adam,,0.0002,5e-07,True,0.7,"[1, 2]","[1, 2, 3]",[0.68794326 2.1920904  0.91725768],0.02,1.0,0.12479,2.33875,0.38636,0.29891,"[0.41026, 0.0, 0.48649]",709,0.13181,2.26404,0.5,0.37137,"[0.55, 0.0, 0.5641]",646,COMPLETED,33.772
358,20251231_122055,gaitpart_GREW_TOP70.csv,70%,Preset_28,MLP,42,44,"[768, 512, 384, 256]",mean,L2,64,4,768,silu,0.5,Adam,,0.0002,5e-07,True,0.7,"[1, 2]","[1, 2, 3]",[0.68794326 2.1920904  0.91725768],0.02,1.0,0.12983,1.87226,0.52273,0.49232,"[0.59459, 0.35294, 0.52941]",451,0.64656,1.44049,0.59091,0.57609,"[0.62857, 0.45455, 0.64516]",184,COMPLETED,21.366
359,20251231_122055,gaitpart_OUMVLP_TOP70.csv,70%,Preset_28,MLP,42,36,"[768, 512, 384, 256]",mean,L2,64,4,768,silu,0.5,Adam,,0.0002,5e-07,True,0.7,"[1, 2]","[1, 2, 3]",[0.68794326 2.1920904  0.91725768],0.02,1.0,0.12921,2.09121,0.52273,0.48312,"[0.57143, 0.36364, 0.51429]",841,0.14423,2.38631,0.59091,0.53687,"[0.63158, 0.36364, 0.61538]",697,COMPLETED,39.684
360,20251231_122055,gaitset_GREW_TOP70.csv,70%,Preset_28,MLP,42,46,"[768, 512, 384, 256]",mean,L2,64,4,768,silu,0.5,Adam,,0.0002,5e-07,True,0.7,"[1, 2]","[1, 2, 3]",[0.68794326 2.1920904  0.91725768],0.02,1.0,0.12407,1.75718,0.56818,0.47012,"[0.71429, 0.16667, 0.52941]",362,0.17055,1.98979,0.61364,0.55917,"[0.74419, 0.4, 0.53333]",247,COMPLETED,17.445
361,20251231_122055,gaitset_OUMVLP_TOP70.csv,70%,Preset_28,MLP,42,32,"[768, 512, 384, 256]",mean,L2,64,4,768,silu,0.5,Adam,,0.0002,5e-07,True,0.7,"[1, 2]","[1, 2, 3]",[0.68794326 2.1920904  0.91725768],0.02,1.0,0.12465,2.29086,0.43182,0.3349,"[0.59091, 0.0, 0.41379]",838,0.43825,1.89144,0.47727,0.38384,"[0.66667, 0.0, 0.48485]",481,COMPLETED,39.608
362,20251231_122055,gaitset_TOP70.csv,70%,Preset_28,MLP,42,19,"[768, 512, 384, 256]",mean,L2,64,4,768,silu,0.5,Adam,,0.0002,5e-07,True,0.7,"[1, 2]","[1, 2, 3]",[0.68794326 2.1920904  0.91725768],0.02,1.0,0.12127,2.39014,0.45455,0.41296,"[0.55, 0.22222, 0.46667]",1125,0.14833,2.39001,0.52273,0.48969,"[0.6, 0.35294, 0.51613]",876,COMPLETED,53.537
363,20251231_122055,gln_phase1_TOP70.csv,70%,Preset_28,MLP,42,28,"[768, 512, 384, 256]",mean,L2,64,4,768,silu,0.5,Adam,,0.0002,5e-07,True,0.7,"[1, 2]","[1, 2, 3]",[0.68794326 2.1920904  0.91725768],0.02,1.0,0.12317,1.79531,0.59091,0.5556,"[0.65, 0.42857, 0.58824]",644,0.15686,1.67071,0.65909,0.62045,"[0.71429, 0.5, 0.64706]",537,COMPLETED,30.783
364,20251231_122055,gln_phase2_TOP70.csv,70%,Preset_28,MLP,42,32,"[768, 512, 384, 256]",mean,L2,64,4,768,silu,0.5,Adam,,0.0002,5e-07,True,0.7,"[1, 2]","[1, 2, 3]",[0.68794326 2.1920904  0.91725768],0.02,1.0,0.12808,2.04312,0.52273,0.47053,"[0.61905, 0.30769, 0.48485]",553,0.16756,1.81497,0.56818,0.50998,"[0.65116, 0.33333, 0.54545]",400,COMPLETED,26.385

365,20251231_122055,baseline_CASIAB_TOP70.csv,70%,Preset_29,MLP,42,14,"[1024, 512, 256, 128]",mean,,32,4,1024,gelu,0.2,AdamW,,0.0003,1e-05,True,0.6,"[2, 3, 4]","[1, 3]",[0.68794326 2.1920904  0.91725768],0.02,1.0,0.12164,1.9798,0.47727,0.42559,"[0.56522, 0.25, 0.46154]",190,0.28845,1.70509,0.56818,0.54423,"[0.61905, 0.42105, 0.59259]",115,COMPLETED,15.913
366,20251231_122055,baseline_OUMVLP_TOP70.csv,70%,Preset_29,MLP,42,14,"[1024, 512, 256, 128]",mean,,32,4,1024,gelu,0.2,AdamW,,0.0003,1e-05,True,0.6,"[2, 3, 4]","[1, 3]",[0.68794326 2.1920904  0.91725768],0.02,1.0,0.12502,2.45959,0.40909,0.38706,"[0.43243, 0.30769, 0.42105]",179,0.31917,1.55361,0.52273,0.5153,"[0.51282, 0.47059, 0.5625]",97,COMPLETED,15.39
367,20251231_122055,gaitgl_GREW_BNNeck_TOP70.csv,70%,Preset_29,MLP,42,21,"[1024, 512, 256, 128]",mean,,32,4,1024,gelu,0.2,AdamW,,0.0003,1e-05,True,0.6,"[2, 3, 4]","[1, 3]",[0.68794326 2.1920904  0.91725768],0.02,1.0,0.12062,2.33256,0.31818,0.25149,"[0.4878, 0.0, 0.26667]",407,0.66201,1.29252,0.47727,0.44994,"[0.5641, 0.28571, 0.5]",231,COMPLETED,33.853
368,20251231_122055,gaitgl_GREW_TOP70.csv,70%,Preset_29,MLP,42,21,"[1024, 512, 256, 128]",mean,,32,4,1024,gelu,0.2,AdamW,,0.0003,1e-05,True,0.6,"[2, 3, 4]","[1, 3]",[0.68794326 2.1920904  0.91725768],0.02,1.0,0.12276,1.85065,0.52273,0.44003,"[0.59091, 0.16667, 0.5625]",61,0.12505,1.86113,0.56818,0.4735,"[0.66667, 0.15385, 0.6]",54,COMPLETED,5.231
369,20251231_122055,gaitgl_OUMVLP_TOP70.csv,70%,Preset_29,MLP,42,5,"[1024, 512, 256, 128]",mean,,32,4,1024,gelu,0.2,AdamW,,0.0003,1e-05,True,0.6,"[2, 3, 4]","[1, 3]",[0.68794326 2.1920904  0.91725768],0.02,1.0,0.12405,3.08519,0.31818,0.27318,"[0.4186, 0.14286, 0.25806]",518,0.45323,1.89344,0.43182,0.36959,"[0.52381, 0.13333, 0.45161]",114,COMPLETED,43.076
370,20251231_122055,gaitgl_TOP70.csv,70%,Preset_29,MLP,42,6,"[1024, 512, 256, 128]",mean,,32,4,1024,gelu,0.2,AdamW,,0.0003,1e-05,True,0.6,"[2, 3, 4]","[1, 3]",[0.68794326 2.1920904  0.91725768],0.02,1.0,0.12657,2.62715,0.25,0.20635,"[0.33333, 0.0, 0.28571]",315,0.70221,1.37944,0.40909,0.38606,"[0.4878, 0.3, 0.37037]",38,COMPLETED,26.233
371,20251231_122055,gaitpart_GREW_TOP70.csv,70%,Preset_29,MLP,42,27,"[1024, 512, 256, 128]",mean,,32,4,1024,gelu,0.2,AdamW,,0.0003,1e-05,True,0.6,"[2, 3, 4]","[1, 3]",[0.68794326 2.1920904  0.91725768],0.02,1.0,0.11635,1.74391,0.45455,0.4123,"[0.55, 0.23529, 0.45161]",199,0.14102,1.95721,0.56818,0.5273,"[0.63636, 0.35294, 0.59259]",189,COMPLETED,16.572
372,20251231_122055,gaitpart_OUMVLP_TOP70.csv,70%,Preset_29,MLP,42,18,"[1024, 512, 256, 128]",mean,,32,4,1024,gelu,0.2,AdamW,,0.0003,1e-05,True,0.6,"[2, 3, 4]","[1, 3]",[0.68794326 2.1920904  0.91725768],0.02,1.0,0.11712,1.92082,0.56818,0.48091,"[0.62222, 0.15385, 0.66667]",150,0.45138,1.41591,0.59091,0.4987,"[0.57143, 0.18182, 0.74286]",67,COMPLETED,12.626
373,20251231_122055,gaitset_GREW_TOP70.csv,70%,Preset_29,MLP,42,27,"[1024, 512, 256, 128]",mean,,32,4,1024,gelu,0.2,AdamW,,0.0003,1e-05,True,0.6,"[2, 3, 4]","[1, 3]",[0.68794326 2.1920904  0.91725768],0.02,1.0,0.12595,1.9306,0.5,0.43849,"[0.625, 0.33333, 0.35714]",279,0.43485,1.14177,0.61364,0.59356,"[0.71795, 0.53333, 0.52941]",188,COMPLETED,23.252
374,20251231_122055,gaitset_OUMVLP_TOP70.csv,70%,Preset_29,MLP,42,16,"[1024, 512, 256, 128]",mean,,32,4,1024,gelu,0.2,AdamW,,0.0003,1e-05,True,0.6,"[2, 3, 4]","[1, 3]",[0.68794326 2.1920904  0.91725768],0.02,1.0,0.1196,2.23158,0.47727,0.4183,"[0.58824, 0.11111, 0.55556]",232,0.18364,2.08537,0.54545,0.51243,"[0.57895, 0.33333, 0.625]",175,COMPLETED,19.523
375,20251231_122055,gaitset_TOP70.csv,70%,Preset_29,MLP,42,10,"[1024, 512, 256, 128]",mean,,32,4,1024,gelu,0.2,AdamW,,0.0003,1e-05,True,0.6,"[2, 3, 4]","[1, 3]",[0.68794326 2.1920904  0.91725768],0.02,1.0,0.11781,1.78775,0.45455,0.35106,"[0.55319, 0.0, 0.5]",332,0.3005,1.55542,0.54545,0.49161,"[0.60465, 0.30769, 0.5625]",207,COMPLETED,27.916
376,20251231_122055,gln_phase1_TOP70.csv,70%,Preset_29,MLP,42,15,"[1024, 512, 256, 128]",mean,,32,4,1024,gelu,0.2,AdamW,,0.0003,1e-05,True,0.6,"[2, 3, 4]","[1, 3]",[0.68794326 2.1920904  0.91725768],0.02,1.0,0.11748,1.83817,0.56818,0.51297,"[0.63415, 0.33333, 0.57143]",250,0.5492,0.9761,0.65909,0.64602,"[0.69767, 0.61538, 0.625]",124,COMPLETED,20.676
377,20251231_122055,gln_phase2_TOP70.csv,70%,Preset_29,MLP,42,17,"[1024, 512, 256, 128]",mean,,32,4,1024,gelu,0.2,AdamW,,0.0003,1e-05,True,0.6,"[2, 3, 4]","[1, 3]",[0.68794326 2.1920904  0.91725768],0.02,1.0,0.11977,2.06543,0.40909,0.3825,"[0.41026, 0.26667, 0.47059]",237,0.52707,1.2802,0.59091,0.57407,"[0.55556, 0.5, 0.66667]",124,COMPLETED,19.785

378,20251231_122055,baseline_CASIAB_TOP70.csv,70%,Preset_30,MLP,42,24,"[384, 384, 192]",mean,,48,3,384,silu,0.15,Adam,,0.0006,0.0,True,0.7,"[2, 3]","[1, 3]",[0.68794326 2.1920904  0.91725768],0.02,1.0,0.12421,1.75781,0.45455,0.44211,"[0.52632, 0.4, 0.4]",160,0.20379,1.46529,0.61364,0.5825,"[0.69565, 0.53333, 0.51852]",113,COMPLETED,8.791
379,20251231_122055,baseline_OUMVLP_TOP70.csv,70%,Preset_30,MLP,42,24,"[384, 384, 192]",mean,,48,3,384,silu,0.15,Adam,,0.0006,0.0,True,0.7,"[2, 3]","[1, 3]",[0.68794326 2.1920904  0.91725768],0.02,1.0,0.11889,1.84795,0.54545,0.4602,"[0.58537, 0.16667, 0.62857]",144,0.14484,1.91135,0.59091,0.52486,"[0.68293, 0.26667, 0.625]",116,COMPLETED,7.854
380,20251231_122055,gaitgl_GREW_BNNeck_TOP70.csv,70%,Preset_30,MLP,42,35,"[384, 384, 192]",mean,,48,3,384,silu,0.15,Adam,,0.0006,0.0,True,0.7,"[2, 3]","[1, 3]",[0.68794326 2.1920904  0.91725768],0.02,1.0,0.12116,2.24439,0.5,0.4433,"[0.62222, 0.30769, 0.4]",300,0.14037,2.39082,0.5,0.44583,"[0.65, 0.25, 0.4375]",290,COMPLETED,16.037
381,20251231_122055,gaitgl_GREW_TOP70.csv,70%,Preset_30,MLP,42,41,"[384, 384, 192]",mean,,48,3,384,silu,0.15,Adam,,0.0006,0.0,True,0.7,"[2, 3]","[1, 3]",[0.68794326 2.1920904  0.91725768],0.02,1.0,0.11628,2.32679,0.38636,0.30833,"[0.55, 0.0, 0.375]",48,0.15268,2.25148,0.5,0.45456,"[0.57895, 0.22222, 0.5625]",29,COMPLETED,2.762
382,20251231_122055,gaitgl_OUMVLP_TOP70.csv,70%,Preset_30,MLP,42,14,"[384, 384, 192]",mean,,48,3,384,silu,0.15,Adam,,0.0006,0.0,True,0.7,"[2, 3]","[1, 3]",[0.68794326 2.1920904  0.91725768],0.02,1.0,0.12453,2.30432,0.40909,0.37401,"[0.52381, 0.28571, 0.3125]",192,0.41375,1.66866,0.47727,0.46906,"[0.53659, 0.47059, 0.4]",60,COMPLETED,10.358
383,20251231_122055,gaitgl_TOP70.csv,70%,Preset_30,MLP,42,17,"[384, 384, 192]",mean,,48,3,384,silu,0.15,Adam,,0.0006,0.0,True,0.7,"[2, 3]","[1, 3]",[0.68794326 2.1920904  0.91725768],0.02,1.0,0.11879,2.22469,0.34091,0.25401,"[0.40909, 0.0, 0.35294]",124,0.15918,2.2799,0.45455,0.41856,"[0.51282, 0.28571, 0.45714]",81,COMPLETED,6.678
384,20251231_122055,gaitpart_GREW_TOP70.csv,70%,Preset_30,MLP,42,42,"[384, 384, 192]",mean,,48,3,384,silu,0.15,Adam,,0.0006,0.0,True,0.7,"[2, 3]","[1, 3]",[0.68794326 2.1920904  0.91725768],0.02,1.0,0.11918,2.26363,0.43182,0.38525,"[0.58537, 0.2, 0.37037]",138,0.14083,1.75866,0.59091,0.52991,"[0.61538, 0.30769, 0.66667]",132,COMPLETED,7.404
385,20251231_122055,gaitpart_OUMVLP_TOP70.csv,70%,Preset_30,MLP,42,32,"[384, 384, 192]",mean,,48,3,384,silu,0.15,Adam,,0.0006,0.0,True,0.7,"[2, 3]","[1, 3]",[0.68794326 2.1920904  0.91725768],0.02,1.0,0.12157,1.86751,0.52273,0.44259,"[0.55, 0.16667, 0.61111]",97,0.13073,1.83638,0.59091,0.53202,"[0.63415, 0.33333, 0.62857]",88,COMPLETED,5.333
386,20251231_122055,gaitset_GREW_TOP70.csv,70%,Preset_30,MLP,42,43,"[384, 384, 192]",mean,,48,3,384,silu,0.15,Adam,,0.0006,0.0,True,0.7,"[2, 3]","[1, 3]",[0.68794326 2.1920904  0.91725768],0.02,1.0,0.12043,1.87554,0.34091,0.29563,"[0.42857, 0.125, 0.33333]",190,0.32544,1.88391,0.5,0.45053,"[0.59091, 0.22222, 0.53846]",129,COMPLETED,10.281
387,20251231_122055,gaitset_OUMVLP_TOP70.csv,70%,Preset_30,MLP,42,29,"[384, 384, 192]",mean,,48,3,384,silu,0.15,Adam,,0.0006,0.0,True,0.7,"[2, 3]","[1, 3]",[0.68794326 2.1920904  0.91725768],0.02,1.0,0.12052,2.01114,0.47727,0.3652,"[0.68182, 0.0, 0.41379]",179,0.48975,1.5282,0.54545,0.41351,"[0.7, 0.0, 0.54054]",92,COMPLETED,9.67
388,20251231_122055,gaitset_TOP70.csv,70%,Preset_30,MLP,42,18,"[384, 384, 192]",mean,,48,3,384,silu,0.15,Adam,,0.0006,0.0,True,0.7,"[2, 3]","[1, 3]",[0.68794326 2.1920904  0.91725768],0.02,1.0,0.12488,2.48577,0.43182,0.35631,"[0.56522, 0.13333, 0.37037]",259,0.36509,1.63108,0.52273,0.51027,"[0.52381, 0.46154, 0.54545]",159,COMPLETED,14.077
389,20251231_122055,gln_phase1_TOP70.csv,70%,Preset_30,MLP,42,27,"[384, 384, 192]",mean,,48,3,384,silu,0.15,Adam,,0.0006,0.0,True,0.7,"[2, 3]","[1, 3]",[0.68794326 2.1920904  0.91725768],0.02,1.0,0.1189,1.84842,0.52273,0.52273,"[0.55, 0.53333, 0.48485]",186,0.43142,1.30971,0.63636,0.63699,"[0.68182, 0.66667, 0.5625]",98,COMPLETED,10.022
390,20251231_122055,gln_phase2_TOP70.csv,70%,Preset_30,MLP,42,30,"[384, 384, 192]",mean,,48,3,384,silu,0.15,Adam,,0.0006,0.0,True,0.7,"[2, 3]","[1, 3]",[0.68794326 2.1920904  0.91725768],0.02,1.0,0.12179,1.93471,0.54545,0.49238,"[0.58537, 0.28571, 0.60606]",172,0.19421,1.86532,0.54545,0.49923,"[0.60465, 0.36364, 0.52941]",134,COMPLETED,9.21

391,20251231_122055,baseline_CASIAB_TOP70.csv,70%,Preset_31,MLP,42,35,"[640, 640, 512]",mean,L2,96,3,640,silu,0.4,AdamW,,0.00015,1e-05,True,0.75,"[1, 2, 3]","[2, 3]",[0.68794326 2.1920904  0.91725768],0.02,1.0,0.12472,1.99139,0.45455,0.38422,"[0.53333, 0.18182, 0.4375]",323,0.13001,2.0013,0.61364,0.54272,"[0.7037, 0.44444, 0.48]",306,COMPLETED,11.455
392,20251231_122055,baseline_OUMVLP_TOP70.csv,70%,Preset_31,MLP,42,32,"[640, 640, 512]",mean,L2,96,3,640,silu,0.4,AdamW,,0.00015,1e-05,True,0.75,"[1, 2, 3]","[2, 3]",[0.68794326 2.1920904  0.91725768],0.02,1.0,0.12905,2.41358,0.5,0.42665,"[0.54545, 0.15385, 0.58065]",443,0.4741,1.44508,0.63636,0.57516,"[0.65217, 0.36364, 0.70968]",126,COMPLETED,15.57
393,20251231_122055,gaitgl_GREW_BNNeck_TOP70.csv,70%,Preset_31,MLP,42,47,"[640, 640, 512]",mean,L2,96,3,640,silu,0.4,AdamW,,0.00015,1e-05,True,0.75,"[1, 2, 3]","[2, 3]",[0.68794326 2.1920904  0.91725768],0.02,1.0,0.12236,2.176,0.36364,0.26973,"[0.53333, 0.0, 0.27586]",187,0.17526,2.15316,0.5,0.42033,"[0.62745, 0.28571, 0.34783]",121,COMPLETED,6.736
394,20251231_122055,gaitgl_GREW_TOP70.csv,70%,Preset_31,MLP,42,70,"[640, 640, 512]",mean,L2,96,3,640,silu,0.4,AdamW,,0.00015,1e-05,True,0.75,"[1, 2, 3]","[2, 3]",[0.68794326 2.1920904  0.91725768],0.02,1.0,0.12987,2.6596,0.36364,0.35439,"[0.47059, 0.37037, 0.22222]",254,0.40997,1.89674,0.5,0.42916,"[0.65217, 0.23529, 0.4]",112,COMPLETED,9.086
395,20251231_122055,gaitgl_OUMVLP_TOP70.csv,70%,Preset_31,MLP,42,41,"[640, 640, 512]",mean,L2,96,3,640,silu,0.4,AdamW,,0.00015,1e-05,True,0.75,"[1, 2, 3]","[2, 3]",[0.68794326 2.1920904  0.91725768],0.02,1.0,0.12259,2.33083,0.40909,0.34755,"[0.48889, 0.16667, 0.3871]",978,0.20862,2.14763,0.52273,0.50317,"[0.56522, 0.46154, 0.48276]",703,COMPLETED,34.334
396,20251231_122055,gaitgl_TOP70.csv,70%,Preset_31,MLP,42,34,"[640, 640, 512]",mean,L2,96,3,640,silu,0.4,AdamW,,0.00015,1e-05,True,0.75,"[1, 2, 3]","[2, 3]",[0.68794326 2.1920904  0.91725768],0.02,1.0,0.12473,2.51414,0.34091,0.26288,"[0.37838, 0.0, 0.41026]",252,0.13638,2.43121,0.47727,0.38374,"[0.61224, 0.18182, 0.35714]",213,COMPLETED,9.061
397,20251231_122055,gaitpart_GREW_TOP70.csv,70%,Preset_31,MLP,42,54,"[640, 640, 512]",mean,L2,96,3,640,silu,0.4,AdamW,,0.00015,1e-05,True,0.75,"[1, 2, 3]","[2, 3]",[0.68794326 2.1920904  0.91725768],0.02,1.0,0.12399,2.01303,0.52273,0.43129,"[0.69388, 0.26667, 0.33333]",254,0.22846,1.92499,0.54545,0.48299,"[0.68085, 0.33333, 0.43478]",152,COMPLETED,9.103
398,20251231_122055,gaitpart_OUMVLP_TOP70.csv,70%,Preset_31,MLP,42,45,"[640, 640, 512]",mean,L2,96,3,640,silu,0.4,AdamW,,0.00015,1e-05,True,0.75,"[1, 2, 3]","[2, 3]",[0.68794326 2.1920904  0.91725768],0.02,1.0,0.12774,2.30984,0.36364,0.31548,"[0.42857, 0.14286, 0.375]",691,0.74921,1.383,0.61364,0.58709,"[0.59459, 0.5, 0.66667]",304,COMPLETED,24.208
399,20251231_122055,gaitset_GREW_TOP70.csv,70%,Preset_31,MLP,42,56,"[640, 640, 512]",mean,L2,96,3,640,silu,0.4,AdamW,,0.00015,1e-05,True,0.75,"[1, 2, 3]","[2, 3]",[0.68794326 2.1920904  0.91725768],0.02,1.0,0.12423,1.98852,0.47727,0.40212,"[0.66667, 0.11111, 0.42857]",200,0.54301,1.35462,0.61364,0.54575,"[0.71111, 0.36364, 0.5625]",67,COMPLETED,7.104
400,20251231_122055,gaitset_OUMVLP_TOP70.csv,70%,Preset_31,MLP,42,42,"[640, 640, 512]",mean,L2,96,3,640,silu,0.4,AdamW,,0.00015,1e-05,True,0.75,"[1, 2, 3]","[2, 3]",[0.68794326 2.1920904  0.91725768],0.02,1.0,0.1215,1.94377,0.54545,0.40895,"[0.70833, 0.0, 0.51852]",617,0.13479,2.05875,0.56818,0.49983,"[0.68085, 0.23529, 0.58333]",572,COMPLETED,21.951
401,20251231_122055,gaitset_TOP70.csv,70%,Preset_31,MLP,42,25,"[640, 640, 512]",mean,L2,96,3,640,silu,0.4,AdamW,,0.00015,1e-05,True,0.75,"[1, 2, 3]","[2, 3]",[0.68794326 2.1920904  0.91725768],0.02,1.0,0.1275,1.99143,0.52273,0.49495,"[0.60465, 0.42857, 0.45161]",376,0.15874,1.94408,0.59091,0.55857,"[0.68085, 0.53333, 0.46154]",259,COMPLETED,13.498
402,20251231_122055,gln_phase1_TOP70.csv,70%,Preset_31,MLP,42,37,"[640, 640, 512]",mean,L2,96,3,640,silu,0.4,AdamW,,0.00015,1e-05,True,0.75,"[1, 2, 3]","[2, 3]",[0.68794326 2.1920904  0.91725768],0.02,1.0,0.12996,2.34119,0.47727,0.43965,"[0.60465, 0.38095, 0.33333]",273,0.19684,1.90046,0.63636,0.62782,"[0.66667, 0.58824, 0.62857]",152,COMPLETED,10.291
403,20251231_122055,gln_phase2_TOP70.csv,70%,Preset_31,MLP,42,41,"[640, 640, 512]",mean,L2,96,3,640,silu,0.4,AdamW,,0.00015,1e-05,True,0.75,"[1, 2, 3]","[2, 3]",[0.68794326 2.1920904  0.91725768],0.02,1.0,0.12801,2.00891,0.43182,0.40936,"[0.42105, 0.33333, 0.47368]",244,0.65757,1.13143,0.56818,0.53454,"[0.58824, 0.4, 0.61538]",48,COMPLETED,8.6

404,20251231_122055,baseline_CASIAB_TOP70.csv,70%,Preset_32,MLP,42,45,"[768, 512, 256]",mean,L2,80,3,768,silu,0.4,Adam,,0.00015,2e-07,True,0.8,"[1, 2]","[1, 2]",[0.68794326 2.1920904  0.91725768],0.02,1.0,0.12189,1.98359,0.5,0.40754,"[0.61224, 0.18182, 0.42857]",421,0.61509,1.42271,0.54545,0.51933,"[0.6, 0.42857, 0.52941]",144,COMPLETED,14.434
405,20251231_122055,baseline_OUMVLP_TOP70.csv,70%,Preset_32,MLP,42,43,"[768, 512, 256]",mean,L2,80,3,768,silu,0.4,Adam,,0.00015,2e-07,True,0.8,"[1, 2]","[1, 2]",[0.68794326 2.1920904  0.91725768],0.02,1.0,0.12471,1.61789,0.54545,0.46203,"[0.54054, 0.14286, 0.7027]",513,0.13131,1.81388,0.59091,0.55093,"[0.55556, 0.375, 0.72222]",490,COMPLETED,17.74
406,20251231_122055,gaitgl_GREW_BNNeck_TOP70.csv,70%,Preset_32,MLP,42,59,"[768, 512, 256]",mean,L2,80,3,768,silu,0.4,Adam,,0.00015,2e-07,True,0.8,"[1, 2]","[1, 2]",[0.68794326 2.1920904  0.91725768],0.02,1.0,0.12809,2.11033,0.5,0.44467,"[0.6, 0.36364, 0.37037]",307,0.16125,2.39499,0.52273,0.47535,"[0.61224, 0.4, 0.41379]",221,COMPLETED,10.654
407,20251231_122055,gaitgl_GREW_TOP70.csv,70%,Preset_32,MLP,42,84,"[768, 512, 256]",mean,L2,80,3,768,silu,0.4,Adam,,0.00015,2e-07,True,0.8,"[1, 2]","[1, 2]",[0.68794326 2.1920904  0.91725768],0.02,1.0,0.12495,2.47415,0.43182,0.3882,"[0.52174, 0.28571, 0.35714]",269,0.20785,2.58528,0.45455,0.41977,"[0.5, 0.30769, 0.45161]",210,COMPLETED,9.469
408,20251231_122055,gaitgl_OUMVLP_TOP70.csv,70%,Preset_32,MLP,42,55,"[768, 512, 256]",mean,L2,80,3,768,silu,0.4,Adam,,0.00015,2e-07,True,0.8,"[1, 2]","[1, 2]",[0.68794326 2.1920904  0.91725768],0.02,1.0,0.1234,2.44403,0.47727,0.45729,"[0.55319, 0.46154, 0.35714]",752,0.29788,2.31673,0.5,0.47338,"[0.57778, 0.42857, 0.41379]",581,COMPLETED,25.731
409,20251231_122055,gaitgl_TOP70.csv,70%,Preset_32,MLP,42,43,"[768, 512, 256]",mean,L2,80,3,768,silu,0.4,Adam,,0.00015,2e-07,True,0.8,"[1, 2]","[1, 2]",[0.68794326 2.1920904  0.91725768],0.02,1.0,0.12621,2.59253,0.34091,0.26765,"[0.45, 0.0, 0.35294]",450,0.58087,1.75355,0.34091,0.3356,"[0.36842, 0.31579, 0.32258]",108,COMPLETED,15.361
410,20251231_122055,gaitpart_GREW_TOP70.csv,70%,Preset_32,MLP,42,67,"[768, 512, 256]",mean,L2,80,3,768,silu,0.4,Adam,,0.00015,2e-07,True,0.8,"[1, 2]","[1, 2]",[0.68794326 2.1920904  0.91725768],0.02,1.0,0.12279,1.75451,0.56818,0.46532,"[0.71111, 0.2, 0.48485]",308,0.1506,1.95954,0.59091,0.54081,"[0.71111, 0.42857, 0.48276]",260,COMPLETED,10.826
411,20251231_122055,gaitpart_OUMVLP_TOP70.csv,70%,Preset_32,MLP,42,57,"[768, 512, 256]",mean,L2,80,3,768,silu,0.4,Adam,,0.00015,2e-07,True,0.8,"[1, 2]","[1, 2]",[0.68794326 2.1920904  0.91725768],0.02,1.0,0.12753,2.35781,0.5,0.42358,"[0.57143, 0.15385, 0.54545]",616,0.63546,1.60831,0.52273,0.49652,"[0.52632, 0.375, 0.58824]",435,COMPLETED,21.034
412,20251231_122055,gaitset_GREW_TOP70.csv,70%,Preset_32,MLP,42,70,"[768, 512, 256]",mean,L2,80,3,768,silu,0.4,Adam,,0.00015,2e-07,True,0.8,"[1, 2]","[1, 2]",[0.68794326 2.1920904  0.91725768],0.02,1.0,0.12216,2.0154,0.5,0.41351,"[0.63636, 0.16667, 0.4375]",263,0.63953,1.7451,0.5,0.46605,"[0.61538, 0.3, 0.48276]",120,COMPLETED,9.005
413,20251231_122055,gaitset_OUMVLP_TOP70.csv,70%,Preset_32,MLP,42,54,"[768, 512, 256]",mean,L2,80,3,768,silu,0.4,Adam,,0.00015,2e-07,True,0.8,"[1, 2]","[1, 2]",[0.68794326 2.1920904  0.91725768],0.02,1.0,0.12987,1.65223,0.47727,0.37407,"[0.62222, 0.0, 0.5]",575,0.14185,1.72783,0.54545,0.41743,"[0.68085, 0.0, 0.57143]",525,COMPLETED,19.828
414,20251231_122055,gaitset_TOP70.csv,70%,Preset_32,MLP,42,34,"[768, 512, 256]",mean,L2,80,3,768,silu,0.4,Adam,,0.00015,2e-07,True,0.8,"[1, 2]","[1, 2]",[0.68794326 2.1920904  0.91725768],0.02,1.0,0.12359,1.82739,0.56818,0.5276,"[0.63636, 0.375, 0.57143]",627,0.16025,2.08824,0.56818,0.53122,"[0.62222, 0.4, 0.57143]",412,COMPLETED,21.735
415,20251231_122055,gln_phase1_TOP70.csv,70%,Preset_32,MLP,42,49,"[768, 512, 256]",mean,L2,80,3,768,silu,0.4,Adam,,0.00015,2e-07,True,0.8,"[1, 2]","[1, 2]",[0.68794326 2.1920904  0.91725768],0.02,1.0,0.12541,1.80908,0.54545,0.52206,"[0.60465, 0.46154, 0.5]",367,0.35762,1.551,0.65909,0.62192,"[0.75, 0.47059, 0.64516]",178,COMPLETED,12.634
416,20251231_122055,gln_phase2_TOP70.csv,70%,Preset_32,MLP,42,54,"[768, 512, 256]",mean,L2,80,3,768,silu,0.4,Adam,,0.00015,2e-07,True,0.8,"[1, 2]","[1, 2]",[0.68794326 2.1920904  0.91725768],0.02,1.0,0.12347,2.01101,0.40909,0.3119,"[0.46512, 0.0, 0.47059]",349,0.64534,1.34954,0.5,0.47691,"[0.52632, 0.375, 0.52941]",111,COMPLETED,12.001

417,20251231_122055,baseline_CASIAB_TOP70.csv,70%,Preset_33,MLP,42,32,"[896, 896, 896, 896]",mean,,96,4,896,silu,0.45,AdamW,,0.00015,1e-05,True,0.75,"[1, 2, 3, 4]","[2, 3, 4]",[0.68794326 2.1920904  0.91725768],0.02,1.0,0.1224,2.11992,0.47727,0.44102,"[0.59091, 0.375, 0.35714]",350,0.17595,2.20959,0.61364,0.57071,"[0.61905, 0.44444, 0.64865]",251,COMPLETED,14.487
418,20251231_122055,baseline_OUMVLP_TOP70.csv,70%,Preset_33,MLP,42,31,"[896, 896, 896, 896]",mean,,96,4,896,silu,0.45,AdamW,,0.00015,1e-05,True,0.75,"[1, 2, 3, 4]","[2, 3, 4]",[0.68794326 2.1920904  0.91725768],0.02,1.0,0.12486,2.30181,0.54545,0.51936,"[0.57778, 0.42857, 0.55172]",325,0.15126,2.30507,0.65909,0.61849,"[0.66667, 0.46154, 0.72727]",291,COMPLETED,13.485
419,20251231_122055,gaitgl_GREW_BNNeck_TOP70.csv,70%,Preset_33,MLP,42,45,"[896, 896, 896, 896]",mean,,96,4,896,silu,0.45,AdamW,,0.00015,1e-05,True,0.75,"[1, 2, 3, 4]","[2, 3, 4]",[0.68794326 2.1920904  0.91725768],0.02,1.0,0.12987,2.43904,0.43182,0.39123,"[0.53659, 0.25, 0.3871]",795,0.3821,1.81016,0.52273,0.50623,"[0.6, 0.46154, 0.45714]",551,COMPLETED,32.751
420,20251231_122055,gaitgl_GREW_TOP70.csv,70%,Preset_33,MLP,42,54,"[896, 896, 896, 896]",mean,,96,4,896,silu,0.45,AdamW,,0.00015,1e-05,True,0.75,"[1, 2, 3, 4]","[2, 3, 4]",[0.68794326 2.1920904  0.91725768],0.02,1.0,0.12628,2.7473,0.54545,0.5094,"[0.5641, 0.4, 0.5641]",66,0.12628,2.7473,0.54545,0.5094,"[0.5641, 0.4, 0.5641]",66,COMPLETED,2.833
421,20251231_122055,gaitgl_OUMVLP_TOP70.csv,70%,Preset_33,MLP,42,23,"[896, 896, 896, 896]",mean,,96,4,896,silu,0.45,AdamW,,0.00015,1e-05,True,0.75,"[1, 2, 3, 4]","[2, 3, 4]",[0.68794326 2.1920904  0.91725768],0.02,1.0,0.12281,2.39484,0.5,0.38539,"[0.66667, 0.18182, 0.30769]",240,0.15602,2.42067,0.56818,0.53155,"[0.68085, 0.5, 0.41379]",191,COMPLETED,10.129
422,20251231_122055,gaitgl_TOP70.csv,70%,Preset_33,MLP,42,24,"[896, 896, 896, 896]",mean,,96,4,896,silu,0.45,AdamW,,0.00015,1e-05,True,0.75,"[1, 2, 3, 4]","[2, 3, 4]",[0.68794326 2.1920904  0.91725768],0.02,1.0,0.12873,3.41396,0.34091,0.24747,"[0.33333, 0.0, 0.40909]",178,0.72236,1.82795,0.36364,0.35539,"[0.32258, 0.33333, 0.41026]",26,COMPLETED,7.321
423,20251231_122055,gaitpart_GREW_TOP70.csv,70%,Preset_33,MLP,42,53,"[896, 896, 896, 896]",mean,,96,4,896,silu,0.45,AdamW,,0.00015,1e-05,True,0.75,"[1, 2, 3, 4]","[2, 3, 4]",[0.68794326 2.1920904  0.91725768],0.02,1.0,0.12496,2.11885,0.47727,0.40436,"[0.58537, 0.14286, 0.48485]",305,0.12091,2.51548,0.52273,0.4952,"[0.60465, 0.38095, 0.5]",304,COMPLETED,13.083
424,20251231_122055,gaitpart_OUMVLP_TOP70.csv,70%,Preset_33,MLP,42,41,"[896, 896, 896, 896]",mean,,96,4,896,silu,0.45,AdamW,,0.00015,1e-05,True,0.75,"[1, 2, 3, 4]","[2, 3, 4]",[0.68794326 2.1920904  0.91725768],0.02,1.0,0.12226,1.96197,0.52273,0.47375,"[0.5641, 0.28571, 0.57143]",211,0.13111,1.80124,0.56818,0.52004,"[0.58537, 0.36364, 0.61111]",205,COMPLETED,9.108
425,20251231_122055,gaitset_GREW_TOP70.csv,70%,Preset_33,MLP,42,54,"[896, 896, 896, 896]",mean,,96,4,896,silu,0.45,AdamW,,0.00015,1e-05,True,0.75,"[1, 2, 3, 4]","[2, 3, 4]",[0.68794326 2.1920904  0.91725768],0.02,1.0,0.11511,1.74598,0.52273,0.46553,"[0.62222, 0.30769, 0.46667]",393,0.14044,1.75186,0.61364,0.55296,"[0.66667, 0.36364, 0.62857]",350,COMPLETED,17.181
426,20251231_122055,gaitset_OUMVLP_TOP70.csv,70%,Preset_33,MLP,42,39,"[896, 896, 896, 896]",mean,,96,4,896,silu,0.45,AdamW,,0.00015,1e-05,True,0.75,"[1, 2, 3, 4]","[2, 3, 4]",[0.68794326 2.1920904  0.91725768],0.02,1.0,0.12393,2.57424,0.5,0.36508,"[0.66667, 0.0, 0.42857]",349,0.69283,1.55237,0.47727,0.46557,"[0.5625, 0.36364, 0.47059]",139,COMPLETED,14.393
427,20251231_122055,gaitset_TOP70.csv,70%,Preset_33,MLP,42,24,"[896, 896, 896, 896]",mean,,96,4,896,silu,0.45,AdamW,,0.00015,1e-05,True,0.75,"[1, 2, 3, 4]","[2, 3, 4]",[0.68794326 2.1920904  0.91725768],0.02,1.0,0.12429,2.16689,0.56818,0.48196,"[0.63636, 0.14286, 0.66667]",632,0.13435,2.30576,0.59091,0.55357,"[0.61905, 0.375, 0.66667]",588,COMPLETED,26.167
428,20251231_122055,gln_phase1_TOP70.csv,70%,Preset_33,MLP,42,36,"[896, 896, 896, 896]",mean,,96,4,896,silu,0.45,AdamW,,0.00015,1e-05,True,0.75,"[1, 2, 3, 4]","[2, 3, 4]",[0.68794326 2.1920904  0.91725768],0.02,1.0,0.12777,2.22761,0.52273,0.47756,"[0.65116, 0.35294, 0.42857]",412,0.22165,1.925,0.61364,0.57529,"[0.64865, 0.42857, 0.64865]",288,COMPLETED,16.996
429,20251231_122055,gln_phase2_TOP70.csv,70%,Preset_33,MLP,42,40,"[896, 896, 896, 896]",mean,,96,4,896,silu,0.45,AdamW,,0.00015,1e-05,True,0.75,"[1, 2, 3, 4]","[2, 3, 4]",[0.68794326 2.1920904  0.91725768],0.02,1.0,0.12313,2.2153,0.52273,0.46357,"[0.62222, 0.28571, 0.48276]",340,0.17342,2.15989,0.59091,0.54899,"[0.66667, 0.42857, 0.55172]",269,COMPLETED,14.003

430,20251231_122055,baseline_CASIAB_TOP70.csv,70%,Preset_34,MLP,42,45,"[1024, 1024, 512]",mean,L2,128,3,1024,silu,0.4,Adam,,0.0002,0.0,True,0.8,"[1, 2, 3]","[2, 3]",[0.68794326 2.1920904  0.91725768],0.02,1.0,0.12048,2.17482,0.5,0.46468,"[0.61905, 0.375, 0.4]",186,0.16076,1.914,0.54545,0.51786,"[0.625, 0.5, 0.42857]",133,COMPLETED,5.819
431,20251231_122055,baseline_OUMVLP_TOP70.csv,70%,Preset_34,MLP,42,43,"[1024, 1024, 512]",mean,L2,128,3,1024,silu,0.4,Adam,,0.0002,0.0,True,0.8,"[1, 2, 3]","[2, 3]",[0.68794326 2.1920904  0.91725768],0.02,1.0,0.1195,1.66531,0.59091,0.44489,"[0.625, 0.0, 0.70968]",272,0.71738,1.41396,0.56818,0.52302,"[0.51613, 0.35294, 0.7]",81,COMPLETED,8.276
432,20251231_122055,gaitgl_GREW_BNNeck_TOP70.csv,70%,Preset_34,MLP,42,59,"[1024, 1024, 512]",mean,L2,128,3,1024,silu,0.4,Adam,,0.0002,0.0,True,0.8,"[1, 2, 3]","[2, 3]",[0.68794326 2.1920904  0.91725768],0.02,1.0,0.12439,1.99539,0.52273,0.48458,"[0.63415, 0.35294, 0.46667]",117,0.26665,1.49555,0.59091,0.53668,"[0.72727, 0.4, 0.48276]",64,COMPLETED,3.746
433,20251231_122055,gaitgl_GREW_TOP70.csv,70%,Preset_34,MLP,42,84,"[1024, 1024, 512]",mean,L2,128,3,1024,silu,0.4,Adam,,0.0002,0.0,True,0.8,"[1, 2, 3]","[2, 3]",[0.68794326 2.1920904  0.91725768],0.02,1.0,0.11349,2.56142,0.5,0.48715,"[0.55556, 0.42105, 0.48485]",213,0.11349,2.56142,0.5,0.48715,"[0.55556, 0.42105, 0.48485]",213,COMPLETED,6.675
434,20251231_122055,gaitgl_OUMVLP_TOP70.csv,70%,Preset_34,MLP,42,55,"[1024, 1024, 512]",mean,L2,128,3,1024,silu,0.4,Adam,,0.0002,0.0,True,0.8,"[1, 2, 3]","[2, 3]",[0.68794326 2.1920904  0.91725768],0.02,1.0,0.12709,2.38158,0.40909,0.36167,"[0.51064, 0.26667, 0.30769]",541,0.16507,2.31232,0.5,0.51401,"[0.5, 0.57143, 0.47059]",491,COMPLETED,16.715
435,20251231_122055,gaitgl_TOP70.csv,70%,Preset_34,MLP,42,43,"[1024, 1024, 512]",mean,L2,128,3,1024,silu,0.4,Adam,,0.0002,0.0,True,0.8,"[1, 2, 3]","[2, 3]",[0.68794326 2.1920904  0.91725768],0.02,1.0,0.12938,2.84169,0.36364,0.27689,"[0.4878, 0.0, 0.34286]",143,0.13527,2.76881,0.43182,0.36237,"[0.53333, 0.16667, 0.3871]",133,COMPLETED,4.488
436,20251231_122055,gaitpart_GREW_TOP70.csv,70%,Preset_34,MLP,42,67,"[1024, 1024, 512]",mean,L2,128,3,1024,silu,0.4,Adam,,0.0002,0.0,True,0.8,"[1, 2, 3]","[2, 3]",[0.68794326 2.1920904  0.91725768],0.02,1.0,0.12177,2.00727,0.47727,0.40166,"[0.63415, 0.13333, 0.4375]",188,0.16138,2.10843,0.56818,0.51323,"[0.71111, 0.4, 0.42857]",161,COMPLETED,5.834
437,20251231_122055,gaitpart_OUMVLP_TOP70.csv,70%,Preset_34,MLP,42,57,"[1024, 1024, 512]",mean,L2,128,3,1024,silu,0.4,Adam,,0.0002,0.0,True,0.8,"[1, 2, 3]","[2, 3]",[0.68794326 2.1920904  0.91725768],0.02,1.0,0.1168,2.46413,0.5,0.38841,"[0.56522, 0.0, 0.6]",472,0.69495,1.40575,0.52273,0.49848,"[0.55, 0.4, 0.54545]",244,COMPLETED,14.503
438,20251231_122055,gaitset_GREW_TOP70.csv,70%,Preset_34,MLP,42,70,"[1024, 1024, 512]",mean,L2,128,3,1024,silu,0.4,Adam,,0.0002,0.0,True,0.8,"[1, 2, 3]","[2, 3]",[0.68794326 2.1920904  0.91725768],0.02,1.0,0.12321,2.12474,0.5,0.40921,"[0.61224, 0.15385, 0.46154]",144,0.12892,2.23599,0.54545,0.48758,"[0.66667, 0.26667, 0.52941]",143,COMPLETED,4.587
439,20251231_122055,gaitset_OUMVLP_TOP70.csv,70%,Preset_34,MLP,42,54,"[1024, 1024, 512]",mean,L2,128,3,1024,silu,0.4,Adam,,0.0002,0.0,True,0.8,"[1, 2, 3]","[2, 3]",[0.68794326 2.1920904  0.91725768],0.02,1.0,0.12234,1.86297,0.45455,0.34259,"[0.58333, 0.0, 0.44444]",395,0.12597,1.83987,0.54545,0.43276,"[0.67925, 0.14286, 0.47619]",386,COMPLETED,12.222
440,20251231_122055,gaitset_TOP70.csv,70%,Preset_34,MLP,42,34,"[1024, 1024, 512]",mean,L2,128,3,1024,silu,0.4,Adam,,0.0002,0.0,True,0.8,"[1, 2, 3]","[2, 3]",[0.68794326 2.1920904  0.91725768],0.02,1.0,0.12097,2.46745,0.43182,0.4389,"[0.38889, 0.47619, 0.45161]",215,0.17691,2.13862,0.52273,0.49785,"[0.60465, 0.44444, 0.44444]",179,COMPLETED,6.717
441,20251231_122055,gln_phase1_TOP70.csv,70%,Preset_34,MLP,42,49,"[1024, 1024, 512]",mean,L2,128,3,1024,silu,0.4,Adam,,0.0002,0.0,True,0.8,"[1, 2, 3]","[2, 3]",[0.68794326 2.1920904  0.91725768],0.02,1.0,0.12206,1.76609,0.56818,0.53846,"[0.61538, 0.42857, 0.57143]",163,0.1807,1.73807,0.59091,0.57032,"[0.61538, 0.47059, 0.625]",123,COMPLETED,5.192
442,20251231_122055,gln_phase2_TOP70.csv,70%,Preset_34,MLP,42,54,"[1024, 1024, 512]",mean,L2,128,3,1024,silu,0.4,Adam,,0.0002,0.0,True,0.8,"[1, 2, 3]","[2, 3]",[0.68794326 2.1920904  0.91725768],0.02,1.0,0.12473,2.00494,0.43182,0.42083,"[0.45, 0.375, 0.4375]",149,0.23439,1.60678,0.54545,0.48914,"[0.65217, 0.36364, 0.45161]",111,COMPLETED,4.653

443,20251231_122055,baseline_CASIAB_TOP70.csv,70%,Preset_35,MLP,42,59,"[1280, 896, 512, 256]",mean,L2,64,4,1280,silu,0.5,AdamW,,0.0002,1e-06,True,0.85,"[1, 3]","[1, 3]",[0.68794326 2.1920904  0.91725768],0.02,1.0,0.11368,1.7373,0.52273,0.43056,"[0.625, 0.2, 0.46667]",212,0.11921,1.62771,0.61364,0.54,"[0.72, 0.4, 0.5]",191,COMPLETED,10.65
444,20251231_122055,baseline_OUMVLP_TOP70.csv,70%,Preset_35,MLP,42,57,"[1280, 896, 512, 256]",mean,L2,64,4,1280,silu,0.5,AdamW,,0.0002,1e-06,True,0.85,"[1, 3]","[1, 3]",[0.68794326 2.1920904  0.91725768],0.02,1.0,0.12282,1.81519,0.45455,0.41877,"[0.5, 0.28571, 0.47059]",248,0.64244,1.18534,0.56818,0.5451,"[0.58824, 0.4, 0.64706]",101,COMPLETED,12.127
445,20251231_122055,gaitgl_GREW_BNNeck_TOP70.csv,70%,Preset_35,MLP,42,75,"[1280, 896, 512, 256]",mean,L2,64,4,1280,silu,0.5,AdamW,,0.0002,1e-06,True,0.85,"[1, 3]","[1, 3]",[0.68794326 2.1920904  0.91725768],0.02,1.0,0.12441,2.02968,0.54545,0.39703,"[0.70833, 0.0, 0.48276]",149,0.14518,1.81236,0.56818,0.47134,"[0.69767, 0.15385, 0.5625]",125,COMPLETED,7.493
446,20251231_122055,gaitgl_GREW_TOP70.csv,70%,Preset_35,MLP,42,102,"[1280, 896, 512, 256]",mean,L2,64,4,1280,silu,0.5,AdamW,,0.0002,1e-06,True,0.85,"[1, 3]","[1, 3]",[0.68794326 2.1920904  0.91725768],0.02,1.0,0.12498,2.15507,0.43182,0.40577,"[0.43902, 0.30769, 0.47059]",168,0.64548,1.35708,0.47727,0.46996,"[0.41176, 0.46154, 0.53659]",76,COMPLETED,8.391
447,20251231_122055,gaitgl_OUMVLP_TOP70.csv,70%,Preset_35,MLP,42,73,"[1280, 896, 512, 256]",mean,L2,64,4,1280,silu,0.5,AdamW,,0.0002,1e-06,True,0.85,"[1, 3]","[1, 3]",[0.68794326 2.1920904  0.91725768],0.02,1.0,0.12483,2.84191,0.40909,0.40037,"[0.43902, 0.375, 0.3871]",427,0.27143,2.43802,0.47727,0.47738,"[0.46154, 0.47059, 0.5]",355,COMPLETED,20.821
448,20251231_122055,gaitgl_TOP70.csv,70%,Preset_35,MLP,42,53,"[1280, 896, 512, 256]",mean,L2,64,4,1280,silu,0.5,AdamW,,0.0002,1e-06,True,0.85,"[1, 3]","[1, 3]",[0.68794326 2.1920904  0.91725768],0.02,1.0,0.12995,2.82995,0.34091,0.26695,"[0.36842, 0.0, 0.43243]",195,0.47652,1.75709,0.47727,0.47289,"[0.5, 0.46154, 0.45714]",69,COMPLETED,9.593
449,20251231_122055,gaitpart_GREW_TOP70.csv,70%,Preset_35,MLP,42,82,"[1280, 896, 512, 256]",mean,L2,64,4,1280,silu,0.5,AdamW,,0.0002,1e-06,True,0.85,"[1, 3]","[1, 3]",[0.68794326 2.1920904  0.91725768],0.02,1.0,0.12688,1.56931,0.56818,0.45761,"[0.7234, 0.16667, 0.48276]",177,0.13865,1.55042,0.65909,0.53587,"[0.78261, 0.2, 0.625]",172,COMPLETED,8.707
450,20251231_122055,gaitpart_OUMVLP_TOP70.csv,70%,Preset_35,MLP,42,72,"[1280, 896, 512, 256]",mean,L2,64,4,1280,silu,0.5,AdamW,,0.0002,1e-06,True,0.85,"[1, 3]","[1, 3]",[0.68794326 2.1920904  0.91725768],0.02,1.0,0.12259,2.44666,0.5,0.42424,"[0.54545, 0.18182, 0.54545]",358,0.71956,1.21918,0.54545,0.51529,"[0.51429, 0.4, 0.63158]",141,COMPLETED,17.369
451,20251231_122055,gaitset_GREW_TOP70.csv,70%,Preset_35,MLP,42,87,"[1280, 896, 512, 256]",mean,L2,64,4,1280,silu,0.5,AdamW,,0.0002,1e-06,True,0.85,"[1, 3]","[1, 3]",[0.68794326 2.1920904  0.91725768],0.02,1.0,0.11782,2.04579,0.52273,0.44082,"[0.63415, 0.14286, 0.54545]",153,0.13189,1.8564,0.54545,0.44982,"[0.66667, 0.16667, 0.51613]",147,COMPLETED,7.682
452,20251231_122055,gaitset_OUMVLP_TOP70.csv,70%,Preset_35,MLP,42,70,"[1280, 896, 512, 256]",mean,L2,64,4,1280,silu,0.5,AdamW,,0.0002,1e-06,True,0.85,"[1, 3]","[1, 3]",[0.68794326 2.1920904  0.91725768],0.02,1.0,0.12739,2.73166,0.36364,0.31432,"[0.51282, 0.11765, 0.3125]",349,0.53162,1.84573,0.47727,0.45017,"[0.61111, 0.27273, 0.46667]",200,COMPLETED,17.096
453,20251231_122055,gaitset_TOP70.csv,70%,Preset_35,MLP,42,47,"[1280, 896, 512, 256]",mean,L2,64,4,1280,silu,0.5,AdamW,,0.0002,1e-06,True,0.85,"[1, 3]","[1, 3]",[0.68794326 2.1920904  0.91725768],0.02,1.0,0.11459,2.26417,0.38636,0.3365,"[0.4186, 0.16667, 0.42424]",220,0.12427,2.48453,0.43182,0.40577,"[0.43902, 0.30769, 0.47059]",203,COMPLETED,10.751
454,20251231_122055,gln_phase1_TOP70.csv,70%,Preset_35,MLP,42,65,"[1280, 896, 512, 256]",mean,L2,64,4,1280,silu,0.5,AdamW,,0.0002,1e-06,True,0.85,"[1, 3]","[1, 3]",[0.68794326 2.1920904  0.91725768],0.02,1.0,0.12226,1.87178,0.45455,0.37834,"[0.55319, 0.18182, 0.4]",174,0.69672,1.16445,0.52273,0.52464,"[0.51429, 0.53333, 0.52632]",51,COMPLETED,8.478
455,20251231_122055,gln_phase2_TOP70.csv,70%,Preset_35,MLP,42,70,"[1280, 896, 512, 256]",mean,L2,64,4,1280,silu,0.5,AdamW,,0.0002,1e-06,True,0.85,"[1, 3]","[1, 3]",[0.68794326 2.1920904  0.91725768],0.02,1.0,0.11653,1.90826,0.47727,0.43977,"[0.51163, 0.30769, 0.5]",177,0.12329,1.70818,0.54545,0.49179,"[0.6087, 0.33333, 0.53333]",157,COMPLETED,8.736

456,20251231_122055,baseline_CASIAB_TOP70.csv,70%,Preset_36,MLP,42,78,"[512, 256]",mean,L2,64,2,512,silu,,RMSprop,,0.001,1e-07,True,0.9,[],[],[0.68794326 2.1920904  0.91725768],0.02,1.0,0.1279,3.26602,0.45455,0.41418,"[0.41176, 0.26667, 0.5641]",603,0.20196,3.28609,0.47727,0.43935,"[0.55556, 0.2, 0.5625]",393,COMPLETED,21.294
457,20251231_122055,baseline_OUMVLP_TOP70.csv,70%,Preset_36,MLP,42,77,"[512, 256]",mean,L2,64,2,512,silu,,RMSprop,,0.001,1e-07,True,0.9,[],[],[0.68794326 2.1920904  0.91725768],0.02,1.0,0.12788,2.98471,0.43182,0.36825,"[0.6, 0.11765, 0.3871]",686,0.51369,1.49719,0.52273,0.47389,"[0.64865, 0.21053, 0.5625]",264,COMPLETED,24.339
458,20251231_122055,gaitgl_GREW_BNNeck_TOP70.csv,70%,Preset_36,MLP,42,98,"[512, 256]",mean,L2,64,2,512,silu,,RMSprop,,0.001,1e-07,True,0.9,[],[],[0.68794326 2.1920904  0.91725768],0.02,1.0,0.12597,4.05074,0.36364,0.34818,"[0.25806, 0.3, 0.48649]",407,0.71056,1.4385,0.47727,0.45005,"[0.51282, 0.36364, 0.47368]",30,COMPLETED,14.62
459,20251231_122055,gaitgl_GREW_TOP70.csv,70%,Preset_36,MLP,42,125,"[512, 256]",mean,L2,64,2,512,silu,,RMSprop,,0.001,1e-07,True,0.9,[],[],[0.68794326 2.1920904  0.91725768],0.02,1.0,0.12795,3.49626,0.40909,0.35648,"[0.44444, 0.125, 0.5]",518,0.23302,3.22714,0.56818,0.4792,"[0.61538, 0.22222, 0.6]",307,COMPLETED,18.599
460,20251231_122055,gaitgl_OUMVLP_TOP70.csv,70%,Preset_36,MLP,42,98,"[512, 256]",mean,L2,64,2,512,silu,,RMSprop,,0.001,1e-07,True,0.9,[],[],[0.68794326 2.1920904  0.91725768],0.02,1.0,0.12747,3.18574,0.52273,0.51969,"[0.55, 0.52632, 0.48276]",1043,0.24339,2.97207,0.59091,0.56833,"[0.61538, 0.44444, 0.64516]",633,COMPLETED,37.114
461,20251231_122055,gaitgl_TOP70.csv,70%,Preset_36,MLP,42,67,"[512, 256]",mean,L2,64,2,512,silu,,RMSprop,,0.001,1e-07,True,0.9,[],[],[0.68794326 2.1920904  0.91725768],0.02,1.0,0.12845,5.2577,0.27273,0.22532,"[0.39024, 0.0, 0.28571]",511,0.66756,1.56191,0.45455,0.44153,"[0.51282, 0.4, 0.41176]",159,COMPLETED,18.124
462,20251231_122055,gaitpart_GREW_TOP70.csv,70%,Preset_36,MLP,42,104,"[512, 256]",mean,L2,64,2,512,silu,,RMSprop,,0.001,1e-07,True,0.9,[],[],[0.68794326 2.1920904  0.91725768],0.02,1.0,0.12992,3.02529,0.5,0.45426,"[0.71795, 0.3, 0.34483]",495,0.27576,2.88155,0.59091,0.53968,"[0.71429, 0.33333, 0.57143]",289,COMPLETED,17.74
463,20251231_122055,gaitpart_OUMVLP_TOP70.csv,70%,Preset_36,MLP,42,92,"[512, 256]",mean,L2,64,2,512,silu,,RMSprop,,0.001,1e-07,True,0.9,[],[],[0.68794326 2.1920904  0.91725768],0.02,1.0,0.12776,2.13043,0.52273,0.46881,"[0.68421, 0.22222, 0.5]",847,0.1438,2.33657,0.61364,0.54553,"[0.68421, 0.28571, 0.66667]",742,COMPLETED,30.054
464,20251231_122055,gaitset_GREW_TOP70.csv,70%,Preset_36,MLP,42,110,"[512, 256]",mean,L2,64,2,512,silu,,RMSprop,,0.001,1e-07,True,0.9,[],[],[0.68794326 2.1920904  0.91725768],0.02,1.0,0.12619,3.9317,0.29545,0.29298,"[0.29412, 0.24, 0.34483]",477,0.23014,3.6143,0.45455,0.43959,"[0.48649, 0.26087, 0.57143]",279,COMPLETED,16.865
465,20251231_122055,gaitset_OUMVLP_TOP70.csv,70%,Preset_36,MLP,42,92,"[512, 256]",mean,L2,64,2,512,silu,,RMSprop,,0.001,1e-07,True,0.9,[],[],[0.68794326 2.1920904  0.91725768],0.02,1.0,0.12687,2.92653,0.36364,0.33427,"[0.51282, 0.25, 0.24]",899,0.13636,2.98358,0.5,0.45515,"[0.65116, 0.38095, 0.33333]",832,COMPLETED,31.993
466,20251231_122055,gaitset_TOP70.csv,70%,Preset_36,MLP,42,65,"[512, 256]",mean,L2,64,2,512,silu,,RMSprop,,0.001,1e-07,True,0.9,[],[],[0.68794326 2.1920904  0.91725768],0.02,1.0,0.12828,4.05125,0.31818,0.30196,"[0.35294, 0.2, 0.35294]",578,0.17435,4.30463,0.45455,0.41618,"[0.52632, 0.22222, 0.5]",412,COMPLETED,20.516
467,20251231_122055,gln_phase1_TOP70.csv,70%,Preset_36,MLP,42,87,"[512, 256]",mean,L2,64,2,512,silu,,RMSprop,,0.001,1e-07,True,0.9,[],[],[0.68794326 2.1920904  0.91725768],0.02,1.0,0.12887,3.76721,0.45455,0.416,"[0.45714, 0.23529, 0.55556]",527,0.2313,2.08379,0.61364,0.58004,"[0.65, 0.46154, 0.62857]",310,COMPLETED,18.896
468,20251231_122055,gln_phase2_TOP70.csv,70%,Preset_36,MLP,42,93,"[512, 256]",mean,L2,64,2,512,silu,,RMSprop,,0.001,1e-07,True,0.9,[],[],[0.68794326 2.1920904  0.91725768],0.02,1.0,0.12634,4.04509,0.43182,0.41696,"[0.47368, 0.35294, 0.42424]",482,0.1323,4.02118,0.47727,0.4544,"[0.53659, 0.375, 0.45161]",465,COMPLETED,17.299

469,20251231_122055,baseline_CASIAB_TOP70.csv,70%,Preset_37,MLP,42,44,"[512, 256]",mean,minmax,128,2,512,silu,0.3,Adam,,0.0001,1e-06,True,0.8,[1],[1],[0.68794326 2.1920904  0.91725768],0.02,1.0,0.12708,1.77375,0.59091,0.52817,"[0.65116, 0.26667, 0.66667]",1014,0.13071,1.74798,0.61364,0.54489,"[0.68182, 0.30769, 0.64516]",887,COMPLETED,26.719
470,20251231_122055,baseline_OUMVLP_TOP70.csv,70%,Preset_37,MLP,42,44,"[512, 256]",mean,minmax,128,2,512,silu,0.3,Adam,,0.0001,1e-06,True,0.8,[1],[1],[0.68794326 2.1920904  0.91725768],0.02,1.0,0.12667,1.49011,0.54545,0.51389,"[0.5, 0.375, 0.66667]",938,0.12697,1.5493,0.61364,0.59259,"[0.55556, 0.5, 0.72222]",922,COMPLETED,24.697
471,20251231_122055,gaitgl_GREW_BNNeck_TOP70.csv,70%,Preset_37,MLP,42,59,"[512, 256]",mean,minmax,128,2,512,silu,0.3,Adam,,0.0001,1e-06,True,0.8,[1],[1],[0.68794326 2.1920904  0.91725768],0.02,1.0,0.12619,1.83549,0.47727,0.38406,"[0.65217, 0.14286, 0.35714]",755,0.12998,1.84089,0.5,0.40625,"[0.6383, 0.16667, 0.41379]",710,COMPLETED,20.058
472,20251231_122055,gaitgl_GREW_TOP70.csv,70%,Preset_37,MLP,42,74,"[512, 256]",mean,minmax,128,2,512,silu,0.3,Adam,,0.0001,1e-06,True,0.8,[1],[1],[0.68794326 2.1920904  0.91725768],0.02,1.0,0.12677,1.98376,0.36364,0.34329,"[0.41026, 0.26667, 0.35294]",576,0.1304,2.01364,0.43182,0.42475,"[0.45, 0.4, 0.42424]",531,COMPLETED,15.248
473,20251231_122055,gaitgl_OUMVLP_TOP70.csv,70%,Preset_37,MLP,42,43,"[512, 256]",mean,minmax,128,2,512,silu,0.3,Adam,,0.0001,1e-06,True,0.8,[1],[1],[0.68794326 2.1920904  0.91725768],0.02,1.0,0.12756,1.64557,0.54545,0.51173,"[0.61905, 0.4, 0.51613]",1080,0.25679,1.24807,0.59091,0.57204,"[0.66667, 0.53333, 0.51613]",340,COMPLETED,28.521
474,20251231_122055,gaitgl_TOP70.csv,70%,Preset_37,MLP,42,37,"[512, 256]",mean,minmax,128,2,512,silu,0.3,Adam,,0.0001,1e-06,True,0.8,[1],[1],[0.68794326 2.1920904  0.91725768],0.02,1.0,0.14188,2.10071,0.38636,0.33673,"[0.45, 0.18182, 0.37838]",1028,0.74841,1.15851,0.5,0.50026,"[0.48649, 0.5, 0.51429]",110,STOPPED,27.086
475,20251231_122055,gaitpart_GREW_TOP70.csv,70%,Preset_37,MLP,42,67,"[512, 256]",mean,minmax,128,2,512,silu,0.3,Adam,,0.0001,1e-06,True,0.8,[1],[1],[0.68794326 2.1920904  0.91725768],0.02,1.0,0.1269,1.5728,0.52273,0.48339,"[0.63636, 0.4, 0.41379]",565,0.12779,1.57561,0.54545,0.49841,"[0.66667, 0.4, 0.42857]",563,COMPLETED,14.863
476,20251231_122055,gaitpart_OUMVLP_TOP70.csv,70%,Preset_37,MLP,42,55,"[512, 256]",mean,minmax,128,2,512,silu,0.3,Adam,,0.0001,1e-06,True,0.8,[1],[1],[0.68794326 2.1920904  0.91725768],0.02,1.0,0.12632,1.36811,0.59091,0.5318,"[0.61905, 0.26667, 0.70968]",702,0.13488,1.36167,0.65909,0.58405,"[0.71111, 0.30769, 0.73333]",654,COMPLETED,18.495
477,20251231_122055,gaitset_GREW_TOP70.csv,70%,Preset_37,MLP,42,69,"[512, 256]",mean,minmax,128,2,512,silu,0.3,Adam,,0.0001,1e-06,True,0.8,[1],[1],[0.68794326 2.1920904  0.91725768],0.02,1.0,0.12883,1.55722,0.52273,0.47033,"[0.63158, 0.25, 0.52941]",570,0.13847,1.61804,0.61364,0.54112,"[0.73171, 0.26667, 0.625]",372,COMPLETED,15.259
478,20251231_122055,gaitset_OUMVLP_TOP70.csv,70%,Preset_37,MLP,42,54,"[512, 256]",mean,minmax,128,2,512,silu,0.3,Adam,,0.0001,1e-06,True,0.8,[1],[1],[0.68794326 2.1920904  0.91725768],0.02,1.0,0.13215,1.46851,0.5,0.45525,"[0.53659, 0.26667, 0.5625]",678,0.23246,1.59491,0.5,0.475,"[0.55, 0.375, 0.5]",225,STOPPED,17.842
479,20251231_122055,gaitset_TOP70.csv,70%,Preset_37,MLP,42,36,"[512, 256]",mean,minmax,128,2,512,silu,0.3,Adam,,0.0001,1e-06,True,0.8,[1],[1],[0.68794326 2.1920904  0.91725768],0.02,1.0,0.12579,2.19667,0.31818,0.28041,"[0.39024, 0.11765, 0.33333]",1058,0.45088,1.45855,0.38636,0.3724,"[0.43902, 0.33333, 0.34483]",208,COMPLETED,28.211
480,20251231_122055,gln_phase1_TOP70.csv,70%,Preset_37,MLP,42,50,"[512, 256]",mean,minmax,128,2,512,silu,0.3,Adam,,0.0001,1e-06,True,0.8,[1],[1],[0.68794326 2.1920904  0.91725768],0.02,1.0,0.13014,1.41906,0.52273,0.43945,"[0.61905, 0.15385, 0.54545]",764,0.49606,1.04013,0.59091,0.57626,"[0.65, 0.53333, 0.54545]",122,STOPPED,20.145
481,20251231_122055,gln_phase2_TOP70.csv,70%,Preset_37,MLP,42,54,"[512, 256]",mean,minmax,128,2,512,silu,0.3,Adam,,0.0001,1e-06,True,0.8,[1],[1],[0.68794326 2.1920904  0.91725768],0.02,1.0,0.12933,1.747,0.38636,0.3333,"[0.4878, 0.125, 0.3871]",788,0.48934,1.09966,0.52273,0.49848,"[0.55, 0.4, 0.54545]",127,COMPLETED,20.711

482,20251231_122055,baseline_CASIAB_TOP70.csv,70%,Preset_38,MLP,42,256,"[1024, 768, 384, 192]",mean,minmax,80,4,1024,leakyrelu,0.55,SGD,0.9,0.002,1e-05,False,,[2],"[1, 3]",[0.68794326 2.1920904  0.91725768],0.02,1.0,0.12198,2.23606,0.5,0.34708,"[0.62745, 0.0, 0.41379]",970,0.74869,1.27508,0.5,0.47898,"[0.57143, 0.42105, 0.44444]",297,COMPLETED,32.282
483,20251231_122055,baseline_OUMVLP_TOP70.csv,70%,Preset_38,MLP,42,256,"[1024, 768, 384, 192]",mean,minmax,80,4,1024,leakyrelu,0.55,SGD,0.9,0.002,1e-05,False,,[2],"[1, 3]",[0.68794326 2.1920904  0.91725768],0.02,1.0,0.12893,1.62723,0.54545,0.40455,"[0.61905, 0.0, 0.59459]",933,0.13026,1.67144,0.61364,0.51111,"[0.66667, 0.2, 0.66667]",901,COMPLETED,31.234
484,20251231_122055,gaitgl_GREW_BNNeck_TOP70.csv,70%,Preset_38,MLP,42,256,"[1024, 768, 384, 192]",mean,minmax,80,4,1024,leakyrelu,0.55,SGD,0.9,0.002,1e-05,False,,[2],"[1, 3]",[0.68794326 2.1920904  0.91725768],0.02,1.0,0.12981,2.19823,0.47727,0.36252,"[0.55814, 0.0, 0.52941]",884,0.20875,2.23066,0.54545,0.46117,"[0.60465, 0.15385, 0.625]",567,COMPLETED,29.713
485,20251231_122055,gaitgl_GREW_TOP70.csv,70%,Preset_38,MLP,42,256,"[1024, 768, 384, 192]",mean,minmax,80,4,1024,leakyrelu,0.55,SGD,0.9,0.002,1e-05,False,,[2],"[1, 3]",[0.68794326 2.1920904  0.91725768],0.02,1.0,0.12435,1.9223,0.54545,0.38538,"[0.64, 0.0, 0.51613]",850,0.15849,1.87027,0.56818,0.52536,"[0.60465, 0.4, 0.57143]",695,COMPLETED,28.571
486,20251231_122055,gaitgl_OUMVLP_TOP70.csv,70%,Preset_38,MLP,42,256,"[1024, 768, 384, 192]",mean,minmax,80,4,1024,leakyrelu,0.55,SGD,0.9,0.002,1e-05,False,,[2],"[1, 3]",[0.68794326 2.1920904  0.91725768],0.02,1.0,0.12932,2.07834,0.47727,0.39507,"[0.57143, 0.2, 0.41379]",1085,0.13152,2.05966,0.54545,0.48421,"[0.62745, 0.36364, 0.46154]",1030,COMPLETED,36.395
487,20251231_122055,gaitgl_TOP70.csv,70%,Preset_38,MLP,42,128,"[1024, 768, 384, 192]",mean,minmax,80,4,1024,leakyrelu,0.55,SGD,0.9,0.002,1e-05,False,,[2],"[1, 3]",[0.68794326 2.1920904  0.91725768],0.02,1.0,0.13634,2.49723,0.38636,0.28486,"[0.47619, 0.0, 0.37838]",1416,0.74561,1.43913,0.43182,0.45794,"[0.37838, 0.54545, 0.45]",439,STOPPED,47.395
488,20251231_122055,gaitpart_GREW_TOP70.csv,70%,Preset_38,MLP,42,256,"[1024, 768, 384, 192]",mean,minmax,80,4,1024,leakyrelu,0.55,SGD,0.9,0.002,1e-05,False,,[2],"[1, 3]",[0.68794326 2.1920904  0.91725768],0.02,1.0,0.12048,1.81152,0.54545,0.44343,"[0.68085, 0.16667, 0.48276]",903,0.13613,1.8419,0.63636,0.56004,"[0.72727, 0.30769, 0.64516]",892,COMPLETED,30.257
489,20251231_122055,gaitpart_OUMVLP_TOP70.csv,70%,Preset_38,MLP,42,256,"[1024, 768, 384, 192]",mean,minmax,80,4,1024,leakyrelu,0.55,SGD,0.9,0.002,1e-05,False,,[2],"[1, 3]",[0.68794326 2.1920904  0.91725768],0.02,1.0,0.12523,1.8407,0.40909,0.35264,"[0.51282, 0.13333, 0.41176]",857,0.12643,1.71518,0.59091,0.49259,"[0.66667, 0.2, 0.61111]",822,COMPLETED,28.734
490,20251231_122055,gaitset_GREW_TOP70.csv,70%,Preset_38,MLP,42,256,"[1024, 768, 384, 192]",mean,minmax,80,4,1024,leakyrelu,0.55,SGD,0.9,0.002,1e-05,False,,[2],"[1, 3]",[0.68794326 2.1920904  0.91725768],0.02,1.0,0.12507,1.90532,0.45455,0.33838,"[0.59091, 0.0, 0.42424]",875,0.45722,1.54591,0.54545,0.45443,"[0.65116, 0.16667, 0.54545]",396,COMPLETED,29.445
491,20251231_122055,gaitset_OUMVLP_TOP70.csv,70%,Preset_38,MLP,42,256,"[1024, 768, 384, 192]",mean,minmax,80,4,1024,leakyrelu,0.55,SGD,0.9,0.002,1e-05,False,,[2],"[1, 3]",[0.68794326 2.1920904  0.91725768],0.02,1.0,0.12617,2.27975,0.40909,0.30022,"[0.48889, 0.0, 0.41176]",903,0.17211,2.29946,0.47727,0.3595,"[0.59574, 0.0, 0.48276]",605,COMPLETED,30.465
492,20251231_122055,gaitset_TOP70.csv,70%,Preset_38,MLP,42,256,"[1024, 768, 384, 192]",mean,minmax,80,4,1024,leakyrelu,0.55,SGD,0.9,0.002,1e-05,False,,[2],"[1, 3]",[0.68794326 2.1920904  0.91725768],0.02,1.0,0.12562,2.66428,0.45455,0.32952,"[0.56, 0.0, 0.42857]",1061,0.1335,2.62689,0.47727,0.39394,"[0.57143, 0.18182, 0.42857]",998,COMPLETED,35.565
493,20251231_122055,gln_phase1_TOP70.csv,70%,Preset_38,MLP,42,256,"[1024, 768, 384, 192]",mean,minmax,80,4,1024,leakyrelu,0.55,SGD,0.9,0.002,1e-05,False,,[2],"[1, 3]",[0.68794326 2.1920904  0.91725768],0.02,1.0,0.12407,1.40107,0.56818,0.4772,"[0.65217, 0.25, 0.52941]",904,0.72786,0.95115,0.65909,0.66066,"[0.64865, 0.66667, 0.66667]",274,COMPLETED,30.221
494,20251231_122055,gln_phase2_TOP70.csv,70%,Preset_38,MLP,42,256,"[1024, 768, 384, 192]",mean,minmax,80,4,1024,leakyrelu,0.55,SGD,0.9,0.002,1e-05,False,,[2],"[1, 3]",[0.68794326 2.1920904  0.91725768],0.02,1.0,0.12293,1.65114,0.52273,0.42534,"[0.64, 0.22222, 0.41379]",887,0.19031,1.54107,0.54545,0.53652,"[0.5641, 0.5, 0.54545]",576,COMPLETED,29.897

495,20251231_122055,baseline_CASIAB_TOP70.csv,70%,Preset_39,MLP,42,44,"[1280, 1024, 768, 512]",mean,minmax,64,4,1280,silu,0.5,AdamW,,0.00015,5e-06,True,0.8,"[1, 2, 3]","[2, 3]",[0.68794326 2.1920904  0.91725768],0.02,1.0,0.12237,2.07359,0.52273,0.43623,"[0.6087, 0.2, 0.5]",56,0.17941,2.30967,0.56818,0.51093,"[0.61905, 0.30769, 0.60606]",25,COMPLETED,3.008
496,20251231_122055,baseline_OUMVLP_TOP70.csv,70%,Preset_39,MLP,42,44,"[1280, 1024, 768, 512]",mean,minmax,64,4,1280,silu,0.5,AdamW,,0.00015,5e-06,True,0.8,"[1, 2, 3]","[2, 3]",[0.68794326 2.1920904  0.91725768],0.02,1.0,0.11999,1.5644,0.5,0.42498,"[0.46154, 0.18182, 0.63158]",56,0.12922,1.62477,0.65909,0.5896,"[0.68293, 0.36364, 0.72222]",53,COMPLETED,3.104
497,20251231_122055,gaitgl_GREW_BNNeck_TOP70.csv,70%,Preset_39,MLP,42,59,"[1280, 1024, 768, 512]",mean,minmax,64,4,1280,silu,0.5,AdamW,,0.00015,5e-06,True,0.8,"[1, 2, 3]","[2, 3]",[0.68794326 2.1920904  0.91725768],0.02,1.0,0.12621,2.02393,0.52273,0.38674,"[0.60465, 0.0, 0.55556]",40,0.30353,1.72723,0.5,0.45504,"[0.55, 0.28571, 0.52941]",16,COMPLETED,2.226
498,20251231_122055,gaitgl_GREW_TOP70.csv,70%,Preset_39,MLP,42,74,"[1280, 1024, 768, 512]",mean,minmax,64,4,1280,silu,0.5,AdamW,,0.00015,5e-06,True,0.8,"[1, 2, 3]","[2, 3]",[0.68794326 2.1920904  0.91725768],0.02,1.0,0.12168,2.21099,0.5,0.42312,"[0.55814, 0.18182, 0.52941]",40,0.19613,2.03804,0.47727,0.42554,"[0.59091, 0.28571, 0.4]",19,COMPLETED,2.229
499,20251231_122055,gaitgl_OUMVLP_TOP70.csv,70%,Preset_39,MLP,42,43,"[1280, 1024, 768, 512]",mean,minmax,64,4,1280,silu,0.5,AdamW,,0.00015,5e-06,True,0.8,"[1, 2, 3]","[2, 3]",[0.68794326 2.1920904  0.91725768],0.02,1.0,0.12455,2.08164,0.56818,0.49898,"[0.68085, 0.33333, 0.48276]",78,0.16465,1.83709,0.63636,0.62014,"[0.68293, 0.57143, 0.60606]",48,COMPLETED,4.234
500,20251231_122055,gaitgl_TOP70.csv,70%,Preset_39,MLP,42,37,"[1280, 1024, 768, 512]",mean,minmax,64,4,1280,silu,0.5,AdamW,,0.00015,5e-06,True,0.8,"[1, 2, 3]","[2, 3]",[0.68794326 2.1920904  0.91725768],0.02,1.0,0.12403,2.67391,0.47727,0.40794,"[0.52381, 0.2, 0.5]",87,0.62277,1.48147,0.47727,0.45789,"[0.47368, 0.4, 0.5]",16,COMPLETED,4.606
501,20251231_122055,gaitpart_GREW_TOP70.csv,70%,Preset_39,MLP,42,67,"[1280, 1024, 768, 512]",mean,minmax,64,4,1280,silu,0.5,AdamW,,0.00015,5e-06,True,0.8,"[1, 2, 3]","[2, 3]",[0.68794326 2.1920904  0.91725768],0.02,1.0,0.11854,2.21001,0.34091,0.30564,"[0.4878, 0.22222, 0.2069]",37,0.13085,2.43152,0.5,0.46448,"[0.60465, 0.375, 0.41379]",32,COMPLETED,2.024
502,20251231_122055,gaitpart_OUMVLP_TOP70.csv,70%,Preset_39,MLP,42,55,"[1280, 1024, 768, 512]",mean,minmax,64,4,1280,silu,0.5,AdamW,,0.00015,5e-06,True,0.8,"[1, 2, 3]","[2, 3]",[0.68794326 2.1920904  0.91725768],0.02,1.0,0.12132,1.69729,0.5,0.41718,"[0.6087, 0.14286, 0.5]",38,0.14584,1.56271,0.61364,0.5677,"[0.68293, 0.375, 0.64516]",23,COMPLETED,2.104
503,20251231_122055,gaitset_GREW_TOP70.csv,70%,Preset_39,MLP,42,69,"[1280, 1024, 768, 512]",mean,minmax,64,4,1280,silu,0.5,AdamW,,0.00015,5e-06,True,0.8,"[1, 2, 3]","[2, 3]",[0.68794326 2.1920904  0.91725768],0.02,1.0,0.12132,1.86429,0.45455,0.37792,"[0.59091, 0.14286, 0.4]",32,0.12623,1.9336,0.56818,0.47078,"[0.72727, 0.13333, 0.55172]",28,COMPLETED,1.792
504,20251231_122055,gaitset_OUMVLP_TOP70.csv,70%,Preset_39,MLP,42,54,"[1280, 1024, 768, 512]",mean,minmax,64,4,1280,silu,0.5,AdamW,,0.00015,5e-06,True,0.8,"[1, 2, 3]","[2, 3]",[0.68794326 2.1920904  0.91725768],0.02,1.0,0.12003,1.59147,0.52273,0.37582,"[0.62745, 0.0, 0.5]",42,0.14352,1.84584,0.56818,0.52559,"[0.6383, 0.4, 0.53846]",28,COMPLETED,2.322
505,20251231_122055,gaitset_TOP70.csv,70%,Preset_39,MLP,42,36,"[1280, 1024, 768, 512]",mean,minmax,64,4,1280,silu,0.5,AdamW,,0.00015,5e-06,True,0.8,"[1, 2, 3]","[2, 3]",[0.68794326 2.1920904  0.91725768],0.02,1.0,0.12567,2.41294,0.43182,0.39349,"[0.5, 0.26667, 0.41379]",67,0.25396,1.81672,0.47727,0.4631,"[0.52381, 0.42105, 0.44444]",24,COMPLETED,3.611
506,20251231_122055,gln_phase1_TOP70.csv,70%,Preset_39,MLP,42,50,"[1280, 1024, 768, 512]",mean,minmax,64,4,1280,silu,0.5,AdamW,,0.00015,5e-06,True,0.8,"[1, 2, 3]","[2, 3]",[0.68794326 2.1920904  0.91725768],0.02,1.0,0.12088,2.00818,0.45455,0.38499,"[0.54545, 0.14286, 0.46667]",42,0.1367,2.10589,0.52273,0.47275,"[0.61538, 0.22222, 0.58065]",34,COMPLETED,2.317
507,20251231_122055,gln_phase2_TOP70.csv,70%,Preset_39,MLP,42,54,"[1280, 1024, 768, 512]",mean,minmax,64,4,1280,silu,0.5,AdamW,,0.00015,5e-06,True,0.8,"[1, 2, 3]","[2, 3]",[0.68794326 2.1920904  0.91725768],0.02,1.0,0.11993,2.15687,0.45455,0.33401,"[0.57778, 0.0, 0.42424]",44,0.52454,1.13841,0.54545,0.51745,"[0.5641, 0.4, 0.58824]",11,COMPLETED,2.395

508,20251231_122055,baseline_CASIAB_TOP70.csv,70%,Preset_40,MLP,42,256,"[896, 576, 288]",max,minmax,80,3,896,silu,0.45,AdamW,,0.001,5e-05,False,,"[1, 2, 3]","[1, 2]",[0.68794326 2.1920904  0.91725768],0.02,1.0,0.12421,2.51421,0.43182,0.36419,"[0.54545, 0.13333, 0.41379]",305,0.2281,2.11259,0.52273,0.44074,"[0.6, 0.16667, 0.55556]",135,COMPLETED,10.751
509,20251231_122055,baseline_OUMVLP_TOP70.csv,70%,Preset_40,MLP,42,256,"[896, 576, 288]",max,minmax,80,3,896,silu,0.45,AdamW,,0.001,5e-05,False,,"[1, 2, 3]","[1, 2]",[0.68794326 2.1920904  0.91725768],0.02,1.0,0.12098,1.82343,0.59091,0.41689,"[0.67925, 0.0, 0.57143]",351,0.1364,1.8144,0.54545,0.44343,"[0.68085, 0.16667, 0.48276]",308,COMPLETED,12.52
510,20251231_122055,gaitgl_GREW_BNNeck_TOP70.csv,70%,Preset_40,MLP,42,256,"[896, 576, 288]",max,minmax,80,3,896,silu,0.45,AdamW,,0.001,5e-05,False,,"[1, 2, 3]","[1, 2]",[0.68794326 2.1920904  0.91725768],0.02,1.0,0.11706,1.64489,0.52273,0.41221,"[0.7234, 0.14286, 0.37037]",205,0.23572,1.3947,0.65909,0.53993,"[0.77273, 0.2, 0.64706]",92,COMPLETED,7.313
511,20251231_122055,gaitgl_GREW_TOP70.csv,70%,Preset_40,MLP,42,256,"[896, 576, 288]",max,minmax,80,3,896,silu,0.45,AdamW,,0.001,5e-05,False,,"[1, 2, 3]","[1, 2]",[0.68794326 2.1920904  0.91725768],0.02,1.0,0.11573,2.7369,0.36364,0.3458,"[0.35897, 0.26667, 0.41176]",207,0.45103,1.57098,0.56818,0.5037,"[0.66667, 0.4, 0.44444]",53,COMPLETED,7.431
512,20251231_122055,gaitgl_OUMVLP_TOP70.csv,70%,Preset_40,MLP,42,256,"[896, 576, 288]",max,minmax,80,3,896,silu,0.45,AdamW,,0.001,5e-05,False,,"[1, 2, 3]","[1, 2]",[0.68794326 2.1920904  0.91725768],0.02,1.0,0.11543,1.85707,0.54545,0.48927,"[0.66667, 0.36364, 0.4375]",513,0.30909,1.77938,0.61364,0.59465,"[0.68293, 0.54545, 0.55556]",282,COMPLETED,18.185
513,20251231_122055,gaitgl_TOP70.csv,70%,Preset_40,MLP,42,128,"[896, 576, 288]",max,minmax,80,3,896,silu,0.45,AdamW,,0.001,5e-05,False,,"[1, 2, 3]","[1, 2]",[0.68794326 2.1920904  0.91725768],0.02,1.0,0.1133,1.83514,0.45455,0.38967,"[0.53659, 0.2, 0.43243]",207,0.28049,1.70243,0.56818,0.52692,"[0.65217, 0.42857, 0.5]",61,COMPLETED,7.309
514,20251231_122055,gaitpart_GREW_TOP70.csv,70%,Preset_40,MLP,42,256,"[896, 576, 288]",max,minmax,80,3,896,silu,0.45,AdamW,,0.001,5e-05,False,,"[1, 2, 3]","[1, 2]",[0.68794326 2.1920904  0.91725768],0.02,1.0,0.12085,2.54735,0.43182,0.36297,"[0.57143, 0.15385, 0.36364]",262,0.13299,2.24518,0.5,0.44369,"[0.68182, 0.35294, 0.2963]",203,COMPLETED,9.336
515,20251231_122055,gaitpart_OUMVLP_TOP70.csv,70%,Preset_40,MLP,42,256,"[896, 576, 288]",max,minmax,80,3,896,silu,0.45,AdamW,,0.001,5e-05,False,,"[1, 2, 3]","[1, 2]",[0.68794326 2.1920904  0.91725768],0.02,1.0,0.11513,1.87193,0.5,0.41506,"[0.59574, 0.16667, 0.48276]",539,0.31369,1.34463,0.63636,0.57629,"[0.68182, 0.4, 0.64706]",178,COMPLETED,18.915
516,20251231_122055,gaitset_GREW_TOP70.csv,70%,Preset_40,MLP,42,256,"[896, 576, 288]",max,minmax,80,3,896,silu,0.45,AdamW,,0.001,5e-05,False,,"[1, 2, 3]","[1, 2]",[0.68794326 2.1920904  0.91725768],0.02,1.0,0.12031,2.39418,0.40909,0.34899,"[0.55, 0.13333, 0.36364]",325,0.34483,2.22774,0.52273,0.46837,"[0.65217, 0.35294, 0.4]",195,COMPLETED,13.155
517,20251231_122055,gaitset_OUMVLP_TOP70.csv,70%,Preset_40,MLP,42,256,"[896, 576, 288]",max,minmax,80,3,896,silu,0.45,AdamW,,0.001,5e-05,False,,"[1, 2, 3]","[1, 2]",[0.68794326 2.1920904  0.91725768],0.02,1.0,0.12742,1.93121,0.45455,0.38624,"[0.61905, 0.11111, 0.42857]",601,0.3016,1.60122,0.61364,0.5159,"[0.76, 0.30769, 0.48]",332,STOPPED,24.127
518,20251231_122055,gaitset_TOP70.csv,70%,Preset_40,MLP,42,256,"[896, 576, 288]",max,minmax,80,3,896,silu,0.45,AdamW,,0.001,5e-05,False,,"[1, 2, 3]","[1, 2]",[0.68794326 2.1920904  0.91725768],0.02,1.0,0.11289,2.86461,0.34091,0.30218,"[0.38889, 0.11765, 0.4]",249,0.14205,2.45591,0.47727,0.41168,"[0.5, 0.22222, 0.51282]",167,COMPLETED,9.26
519,20251231_122055,gln_phase1_TOP70.csv,70%,Preset_40,MLP,42,256,"[896, 576, 288]",max,minmax,80,3,896,silu,0.45,AdamW,,0.001,5e-05,False,,"[1, 2, 3]","[1, 2]",[0.68794326 2.1920904  0.91725768],0.02,1.0,0.12814,1.70451,0.54545,0.38314,"[0.66667, 0.0, 0.48276]",295,0.15504,1.53806,0.61364,0.44444,"[0.70833, 0.0, 0.625]",189,COMPLETED,10.775
520,20251231_122055,gln_phase2_TOP70.csv,70%,Preset_40,MLP,42,256,"[896, 576, 288]",max,minmax,80,3,896,silu,0.45,AdamW,,0.001,5e-05,False,,"[1, 2, 3]","[1, 2]",[0.68794326 2.1920904  0.91725768],0.02,1.0,0.12854,2.08653,0.56818,0.4877,"[0.69388, 0.30769, 0.46154]",339,0.15129,1.82925,0.59091,0.55375,"[0.66667, 0.4, 0.59459]",240,COMPLETED,12.921

521,20251231_122055,baseline_CASIAB_TOP70.csv,70%,Preset_41,MLP,42,27,"[1024, 768, 512]",mean,minmax,96,3,1024,gelu,0.4,AdamW,,0.0002,1e-05,True,0.7,"[1, 2, 3]","[2, 3]",[0.68794326 2.1920904  0.91725768],0.02,1.0,0.12026,2.2409,0.5,0.41404,"[0.6087, 0.18182, 0.45161]",47,0.15272,1.89381,0.54545,0.45445,"[0.625, 0.22222, 0.51613]",31,COMPLETED,1.98
522,20251231_122055,baseline_OUMVLP_TOP70.csv,70%,Preset_41,MLP,42,26,"[1024, 768, 512]",mean,minmax,96,3,1024,gelu,0.4,AdamW,,0.0002,1e-05,True,0.7,"[1, 2, 3]","[2, 3]",[0.68794326 2.1920904  0.91725768],0.02,1.0,0.12025,1.95569,0.52273,0.50656,"[0.55814, 0.46154, 0.5]",50,0.12293,1.89463,0.52273,0.51667,"[0.55, 0.5, 0.5]",41,COMPLETED,1.885
523,20251231_122055,gaitgl_GREW_BNNeck_TOP70.csv,70%,Preset_41,MLP,42,37,"[1024, 768, 512]",mean,minmax,96,3,1024,gelu,0.4,AdamW,,0.0002,1e-05,True,0.7,"[1, 2, 3]","[2, 3]",[0.68794326 2.1920904  0.91725768],0.02,1.0,0.12333,2.4972,0.34091,0.23184,"[0.54167, 0.0, 0.15385]",34,0.14552,2.11066,0.5,0.43889,"[0.62222, 0.25, 0.44444]",25,COMPLETED,1.325
524,20251231_122055,gaitgl_GREW_TOP70.csv,70%,Preset_41,MLP,42,47,"[1024, 768, 512]",mean,minmax,96,3,1024,gelu,0.4,AdamW,,0.0002,1e-05,True,0.7,"[1, 2, 3]","[2, 3]",[0.68794326 2.1920904  0.91725768],0.02,1.0,0.12558,1.80129,0.5,0.45733,"[0.55, 0.30769, 0.51429]",31,0.15276,1.56999,0.61364,0.58102,"[0.63636, 0.46154, 0.64516]",23,COMPLETED,1.508
525,20251231_122055,gaitgl_OUMVLP_TOP70.csv,70%,Preset_41,MLP,42,20,"[1024, 768, 512]",mean,minmax,96,3,1024,gelu,0.4,AdamW,,0.0002,1e-05,True,0.7,"[1, 2, 3]","[2, 3]",[0.68794326 2.1920904  0.91725768],0.02,1.0,0.12606,2.29087,0.45455,0.36891,"[0.59574, 0.15385, 0.35714]",95,0.15468,2.32092,0.54545,0.49388,"[0.65306, 0.42857, 0.4]",65,COMPLETED,4.044
526,20251231_122055,gaitgl_TOP70.csv,70%,Preset_41,MLP,42,22,"[1024, 768, 512]",mean,minmax,96,3,1024,gelu,0.4,AdamW,,0.0002,1e-05,True,0.7,"[1, 2, 3]","[2, 3]",[0.68794326 2.1920904  0.91725768],0.02,1.0,0.12145,2.86114,0.29545,0.22477,"[0.35, 0.0, 0.32432]",75,0.55515,1.54566,0.38636,0.36257,"[0.4, 0.26667, 0.42105]",17,COMPLETED,3.327
527,20251231_122055,gaitpart_GREW_TOP70.csv,70%,Preset_41,MLP,42,44,"[1024, 768, 512]",mean,minmax,96,3,1024,gelu,0.4,AdamW,,0.0002,1e-05,True,0.7,"[1, 2, 3]","[2, 3]",[0.68794326 2.1920904  0.91725768],0.02,1.0,0.12354,1.58652,0.56818,0.55676,"[0.6087, 0.54545, 0.51613]",30,0.31397,1.10849,0.63636,0.5966,"[0.70588, 0.54545, 0.53846]",14,COMPLETED,1.202
528,20251231_122055,gaitpart_OUMVLP_TOP70.csv,70%,Preset_41,MLP,42,35,"[1024, 768, 512]",mean,minmax,96,3,1024,gelu,0.4,AdamW,,0.0002,1e-05,True,0.7,"[1, 2, 3]","[2, 3]",[0.68794326 2.1920904  0.91725768],0.02,1.0,0.11979,1.70036,0.56818,0.51207,"[0.62222, 0.33333, 0.58065]",32,0.13935,1.53989,0.63636,0.59272,"[0.68293, 0.42857, 0.66667]",25,COMPLETED,1.252
529,20251231_122055,gaitset_GREW_TOP70.csv,70%,Preset_41,MLP,42,45,"[1024, 768, 512]",mean,minmax,96,3,1024,gelu,0.4,AdamW,,0.0002,1e-05,True,0.7,"[1, 2, 3]","[2, 3]",[0.68794326 2.1920904  0.91725768],0.02,1.0,0.12016,1.68012,0.52273,0.45346,"[0.68182, 0.25, 0.42857]",28,0.42624,1.12723,0.61364,0.53963,"[0.73913, 0.36364, 0.51613]",11,COMPLETED,1.215
530,20251231_122055,gaitset_OUMVLP_TOP70.csv,70%,Preset_41,MLP,42,33,"[1024, 768, 512]",mean,minmax,96,3,1024,gelu,0.4,AdamW,,0.0002,1e-05,True,0.7,"[1, 2, 3]","[2, 3]",[0.68794326 2.1920904  0.91725768],0.02,1.0,0.12466,2.02203,0.45455,0.37989,"[0.57778, 0.13333, 0.42857]",35,0.13666,2.11303,0.5,0.43276,"[0.6, 0.11765, 0.58065]",30,COMPLETED,1.804
531,20251231_122055,gaitset_TOP70.csv,70%,Preset_41,MLP,42,21,"[1024, 768, 512]",mean,minmax,96,3,1024,gelu,0.4,AdamW,,0.0002,1e-05,True,0.7,"[1, 2, 3]","[2, 3]",[0.68794326 2.1920904  0.91725768],0.02,1.0,0.12047,2.3764,0.5,0.36832,"[0.6383, 0.0, 0.46667]",63,0.13373,2.21713,0.52273,0.39517,"[0.65217, 0.0, 0.53333]",46,COMPLETED,2.957
532,20251231_122055,gln_phase1_TOP70.csv,70%,Preset_41,MLP,42,30,"[1024, 768, 512]",mean,minmax,96,3,1024,gelu,0.4,AdamW,,0.0002,1e-05,True,0.7,"[1, 2, 3]","[2, 3]",[0.68794326 2.1920904  0.91725768],0.02,1.0,0.12099,1.6641,0.5,0.44524,"[0.61905, 0.25, 0.46667]",42,0.14973,1.49001,0.63636,0.60918,"[0.73171, 0.53333, 0.5625]",27,COMPLETED,1.968
533,20251231_122055,gln_phase2_TOP70.csv,70%,Preset_41,MLP,42,33,"[1024, 768, 512]",mean,minmax,96,3,1024,gelu,0.4,AdamW,,0.0002,1e-05,True,0.7,"[1, 2, 3]","[2, 3]",[0.68794326 2.1920904  0.91725768],0.02,1.0,0.12259,1.85229,0.45455,0.41604,"[0.51282, 0.23529, 0.5]",40,0.47633,1.15713,0.56818,0.5596,"[0.6, 0.53333, 0.54545]",12,COMPLETED,1.905

534,20251231_122055,baseline_CASIAB_TOP70.csv,70%,Preset_42,MLP,42,27,"[640, 448, 256]",mean,minmax,64,3,640,relu,0.35,RMSprop,,8e-05,5e-05,True,0.7,"[1, 2]","[1, 2, 3]",[0.68794326 2.1920904  0.91725768],0.02,1.0,0.12531,1.9071,0.54545,0.42564,"[0.69231, 0.2, 0.38462]",742,0.18585,2.16167,0.54545,0.47293,"[0.66667, 0.30769, 0.44444]",338,COMPLETED,35.728
535,20251231_122055,baseline_OUMVLP_TOP70.csv,70%,Preset_42,MLP,42,26,"[640, 448, 256]",mean,minmax,64,3,640,relu,0.35,RMSprop,,8e-05,5e-05,True,0.7,"[1, 2]","[1, 2, 3]",[0.68794326 2.1920904  0.91725768],0.02,1.0,0.12919,1.92055,0.45455,0.32741,"[0.53061, 0.0, 0.45161]",743,0.24717,1.89479,0.59091,0.5534,"[0.60465, 0.44444, 0.61111]",277,COMPLETED,32.724
536,20251231_122055,gaitgl_GREW_BNNeck_TOP70.csv,70%,Preset_42,MLP,42,37,"[640, 448, 256]",mean,minmax,64,3,640,relu,0.35,RMSprop,,8e-05,5e-05,True,0.7,"[1, 2]","[1, 2, 3]",[0.68794326 2.1920904  0.91725768],0.02,1.0,0.12368,1.98354,0.5,0.35125,"[0.66667, 0.0, 0.3871]",545,0.24123,2.1765,0.52273,0.37944,"[0.69388, 0.0, 0.44444]",207,COMPLETED,23.435
537,20251231_122055,gaitgl_GREW_TOP70.csv,70%,Preset_42,MLP,42,47,"[640, 448, 256]",mean,minmax,64,3,640,relu,0.35,RMSprop,,8e-05,5e-05,True,0.7,"[1, 2]","[1, 2, 3]",[0.68794326 2.1920904  0.91725768],0.02,1.0,0.12297,1.77224,0.47727,0.35393,"[0.60465, 0.0, 0.45714]",464,0.18662,1.89093,0.59091,0.50921,"[0.7234, 0.28571, 0.51852]",235,COMPLETED,20.06
538,20251231_122055,gaitgl_OUMVLP_TOP70.csv,70%,Preset_42,MLP,42,20,"[640, 448, 256]",mean,minmax,64,3,640,relu,0.35,RMSprop,,8e-05,5e-05,True,0.7,"[1, 2]","[1, 2, 3]",[0.68794326 2.1920904  0.91725768],0.02,1.0,0.12832,2.14536,0.5,0.4561,"[0.6087, 0.375, 0.38462]",1286,0.14735,2.1897,0.56818,0.52596,"[0.65116, 0.375, 0.55172]",890,COMPLETED,55.423
539,20251231_122055,gaitgl_TOP70.csv,70%,Preset_42,MLP,42,22,"[640, 448, 256]",mean,minmax,64,3,640,relu,0.35,RMSprop,,8e-05,5e-05,True,0.7,"[1, 2]","[1, 2, 3]",[0.68794326 2.1920904  0.91725768],0.02,1.0,0.13103,2.39491,0.36364,0.26301,"[0.35, 0.0, 0.43902]",993,0.65434,1.45139,0.40909,0.4105,"[0.35294, 0.42857, 0.45]",110,STOPPED,42.301
540,20251231_122055,gaitpart_GREW_TOP70.csv,70%,Preset_42,MLP,42,44,"[640, 448, 256]",mean,minmax,64,3,640,relu,0.35,RMSprop,,8e-05,5e-05,True,0.7,"[1, 2]","[1, 2, 3]",[0.68794326 2.1920904  0.91725768],0.02,1.0,0.12905,1.64957,0.52273,0.50123,"[0.60465, 0.46154, 0.4375]",392,0.15449,1.68263,0.59091,0.5933,"[0.61905, 0.61538, 0.54545]",299,COMPLETED,17.005
541,20251231_122055,gaitpart_OUMVLP_TOP70.csv,70%,Preset_42,MLP,42,35,"[640, 448, 256]",mean,minmax,64,3,640,relu,0.35,RMSprop,,8e-05,5e-05,True,0.7,"[1, 2]","[1, 2, 3]",[0.68794326 2.1920904  0.91725768],0.02,1.0,0.12503,1.61368,0.52273,0.43932,"[0.59574, 0.22222, 0.5]",526,0.50564,1.22584,0.61364,0.59596,"[0.63636, 0.54545, 0.60606]",85,COMPLETED,22.351
542,20251231_122055,gaitset_GREW_TOP70.csv,70%,Preset_42,MLP,42,45,"[640, 448, 256]",mean,minmax,64,3,640,relu,0.35,RMSprop,,8e-05,5e-05,True,0.7,"[1, 2]","[1, 2, 3]",[0.68794326 2.1920904  0.91725768],0.02,1.0,0.123,1.36529,0.65909,0.52952,"[0.82609, 0.18182, 0.58065]",388,0.35416,1.31461,0.65909,0.59997,"[0.7907, 0.42857, 0.58065]",92,COMPLETED,16.727
543,20251231_122055,gaitset_OUMVLP_TOP70.csv,70%,Preset_42,MLP,42,33,"[640, 448, 256]",mean,minmax,64,3,640,relu,0.35,RMSprop,,8e-05,5e-05,True,0.7,"[1, 2]","[1, 2, 3]",[0.68794326 2.1920904  0.91725768],0.02,1.0,0.12647,1.75809,0.45455,0.34343,"[0.54545, 0.0, 0.48485]",559,0.73605,1.38434,0.45455,0.43915,"[0.55556, 0.33333, 0.42857]",42,COMPLETED,23.61
544,20251231_122055,gaitset_TOP70.csv,70%,Preset_42,MLP,42,21,"[640, 448, 256]",mean,minmax,64,3,640,relu,0.35,RMSprop,,8e-05,5e-05,True,0.7,"[1, 2]","[1, 2, 3]",[0.68794326 2.1920904  0.91725768],0.02,1.0,0.13273,2.2933,0.40909,0.29521,"[0.51064, 0.0, 0.375]",873,0.20941,2.18123,0.47727,0.34912,"[0.59574, 0.0, 0.45161]",366,STOPPED,38.628
545,20251231_122055,gln_phase1_TOP70.csv,70%,Preset_42,MLP,42,30,"[640, 448, 256]",mean,minmax,64,3,640,relu,0.35,RMSprop,,8e-05,5e-05,True,0.7,"[1, 2]","[1, 2, 3]",[0.68794326 2.1920904  0.91725768],0.02,1.0,0.12404,1.69894,0.56818,0.47033,"[0.68182, 0.16667, 0.5625]",617,0.26265,1.62242,0.63636,0.63799,"[0.66667, 0.66667, 0.58065]",212,COMPLETED,29.09
546,20251231_122055,gln_phase2_TOP70.csv,70%,Preset_42,MLP,42,33,"[640, 448, 256]",mean,minmax,64,3,640,relu,0.35,RMSprop,,8e-05,5e-05,True,0.7,"[1, 2]","[1, 2, 3]",[0.68794326 2.1920904  0.91725768],0.02,1.0,0.12496,1.62388,0.59091,0.53019,"[0.65116, 0.33333, 0.60606]",561,0.17134,1.74062,0.61364,0.54346,"[0.69767, 0.30769, 0.625]",328,COMPLETED,28.261

547,20251231_122055,baseline_CASIAB_TOP70.csv,70%,Preset_43,MLP,42,44,"[2048, 1024, 512]",mean,minmax,64,3,2048,silu,0.45,AdamW,,0.0002,1e-06,True,0.8,"[1, 2, 3]",[2],[0.68794326 2.1920904  0.91725768],0.02,1.0,0.12006,1.87711,0.63636,0.56944,"[0.70833, 0.4, 0.6]",30,0.12006,1.87711,0.63636,0.56944,"[0.70833, 0.4, 0.6]",30,COMPLETED,1.673
548,20251231_122055,baseline_OUMVLP_TOP70.csv,70%,Preset_43,MLP,42,44,"[2048, 1024, 512]",mean,minmax,64,3,2048,silu,0.45,AdamW,,0.0002,1e-06,True,0.8,"[1, 2, 3]",[2],[0.68794326 2.1920904  0.91725768],0.02,1.0,0.12393,1.64377,0.59091,0.55409,"[0.57895, 0.33333, 0.75]",26,0.15149,1.60663,0.63636,0.61111,"[0.61111, 0.5, 0.72222]",19,COMPLETED,1.417
549,20251231_122055,gaitgl_GREW_BNNeck_TOP70.csv,70%,Preset_43,MLP,42,59,"[2048, 1024, 512]",mean,minmax,64,3,2048,silu,0.45,AdamW,,0.0002,1e-06,True,0.8,"[1, 2, 3]",[2],[0.68794326 2.1920904  0.91725768],0.02,1.0,0.12215,1.87076,0.43182,0.35499,"[0.57778, 0.15385, 0.33333]",25,0.12591,2.16356,0.54545,0.44414,"[0.65385, 0.25, 0.42857]",24,COMPLETED,1.493
550,20251231_122055,gaitgl_GREW_TOP70.csv,70%,Preset_43,MLP,42,74,"[2048, 1024, 512]",mean,minmax,64,3,2048,silu,0.45,AdamW,,0.0002,1e-06,True,0.8,"[1, 2, 3]",[2],[0.68794326 2.1920904  0.91725768],0.02,1.0,0.12233,2.51029,0.36364,0.33999,"[0.42105, 0.23529, 0.36364]",23,0.12499,2.33347,0.54545,0.49841,"[0.66667, 0.4, 0.42857]",22,COMPLETED,1.282
551,20251231_122055,gaitgl_OUMVLP_TOP70.csv,70%,Preset_43,MLP,42,43,"[2048, 1024, 512]",mean,minmax,64,3,2048,silu,0.45,AdamW,,0.0002,1e-06,True,0.8,"[1, 2, 3]",[2],[0.68794326 2.1920904  0.91725768],0.02,1.0,0.11531,1.90056,0.47727,0.43425,"[0.57895, 0.26667, 0.45714]",55,0.23642,1.68205,0.59091,0.55796,"[0.68293, 0.46154, 0.52941]",19,COMPLETED,2.968
552,20251231_122055,gaitgl_TOP70.csv,70%,Preset_43,MLP,42,37,"[2048, 1024, 512]",mean,minmax,64,3,2048,silu,0.45,AdamW,,0.0002,1e-06,True,0.8,"[1, 2, 3]",[2],[0.68794326 2.1920904  0.91725768],0.02,1.0,0.12061,2.49727,0.40909,0.2963,"[0.48889, 0.0, 0.4]",52,0.60524,1.45945,0.47727,0.46313,"[0.42424, 0.42857, 0.53659]",9,COMPLETED,2.884
553,20251231_122055,gaitpart_GREW_TOP70.csv,70%,Preset_43,MLP,42,67,"[2048, 1024, 512]",mean,minmax,64,3,2048,silu,0.45,AdamW,,0.0002,1e-06,True,0.8,"[1, 2, 3]",[2],[0.68794326 2.1920904  0.91725768],0.02,1.0,0.12025,2.05734,0.47727,0.43807,"[0.59091, 0.35294, 0.37037]",22,0.11545,1.83344,0.56818,0.53541,"[0.66667, 0.42105, 0.51852]",20,COMPLETED,1.273
554,20251231_122055,gaitpart_OUMVLP_TOP70.csv,70%,Preset_43,MLP,42,55,"[2048, 1024, 512]",mean,minmax,64,3,2048,silu,0.45,AdamW,,0.0002,1e-06,True,0.8,"[1, 2, 3]",[2],[0.68794326 2.1920904  0.91725768],0.02,1.0,0.119,1.62173,0.5,0.41443,"[0.6383, 0.125, 0.48]",21,0.16534,1.4061,0.54545,0.5079,"[0.61905, 0.35294, 0.55172]",13,COMPLETED,1.251
555,20251231_122055,gaitset_GREW_TOP70.csv,70%,Preset_43,MLP,42,69,"[2048, 1024, 512]",mean,minmax,64,3,2048,silu,0.45,AdamW,,0.0002,1e-06,True,0.8,"[1, 2, 3]",[2],[0.68794326 2.1920904  0.91725768],0.02,1.0,0.12197,2.0737,0.47727,0.40886,"[0.57895, 0.13333, 0.51429]",19,0.13512,1.68068,0.54545,0.4784,"[0.66667, 0.25, 0.51852]",13,COMPLETED,1.1
556,20251231_122055,gaitset_OUMVLP_TOP70.csv,70%,Preset_43,MLP,42,54,"[2048, 1024, 512]",mean,minmax,64,3,2048,silu,0.45,AdamW,,0.0002,1e-06,True,0.8,"[1, 2, 3]",[2],[0.68794326 2.1920904  0.91725768],0.02,1.0,0.11955,1.71959,0.47727,0.43333,"[0.55, 0.25, 0.5]",21,0.11955,1.78879,0.52273,0.50538,"[0.57895, 0.42105, 0.51613]",19,COMPLETED,1.183
557,20251231_122055,gaitset_TOP70.csv,70%,Preset_43,MLP,42,36,"[2048, 1024, 512]",mean,minmax,64,3,2048,silu,0.45,AdamW,,0.0002,1e-06,True,0.8,"[1, 2, 3]",[2],[0.68794326 2.1920904  0.91725768],0.02,1.0,0.12188,2.53026,0.40909,0.37509,"[0.47619, 0.23529, 0.41379]",40,0.13291,2.75374,0.5,0.50185,"[0.55, 0.55556, 0.4]",35,COMPLETED,2.189
558,20251231_122055,gln_phase1_TOP70.csv,70%,Preset_43,MLP,42,50,"[2048, 1024, 512]",mean,minmax,64,3,2048,silu,0.45,AdamW,,0.0002,1e-06,True,0.8,"[1, 2, 3]",[2],[0.68794326 2.1920904  0.91725768],0.02,1.0,0.12001,1.88243,0.47727,0.40604,"[0.55, 0.15385, 0.51429]",27,0.17004,1.74527,0.59091,0.57143,"[0.66667, 0.47619, 0.57143]",14,COMPLETED,1.479
559,20251231_122055,gln_phase2_TOP70.csv,70%,Preset_43,MLP,42,54,"[2048, 1024, 512]",mean,minmax,64,3,2048,silu,0.45,AdamW,,0.0002,1e-06,True,0.8,"[1, 2, 3]",[2],[0.68794326 2.1920904  0.91725768],0.02,1.0,0.11836,2.06264,0.45455,0.37814,"[0.57778, 0.14286, 0.41379]",24,0.48327,1.29088,0.59091,0.56099,"[0.57143, 0.46154, 0.65]",6,COMPLETED,1.346

560,20251231_122055,baseline_CASIAB_TOP70.csv,70%,Preset_44,MLP,42,45,"[896, 640, 320, 192]",mean,L2,80,4,896,leakyrelu,0.5,Adam,,0.0002,1e-07,True,0.8,"[2, 3]","[2, 3]",[0.68794326 2.1920904  0.91725768],0.02,1.0,0.12583,2.28782,0.40909,0.3078,"[0.51163, 0.0, 0.41176]",118,0.15418,2.19142,0.52273,0.45265,"[0.64, 0.33333, 0.38462]",103,COMPLETED,5.173
561,20251231_122055,baseline_OUMVLP_TOP70.csv,70%,Preset_44,MLP,42,43,"[896, 640, 320, 192]",mean,L2,80,4,896,leakyrelu,0.5,Adam,,0.0002,1e-07,True,0.8,"[2, 3]","[2, 3]",[0.68794326 2.1920904  0.91725768],0.02,1.0,0.1296,2.37868,0.5,0.43343,"[0.43243, 0.125, 0.74286]",152,0.20327,1.87044,0.59091,0.50723,"[0.60465, 0.14286, 0.77419]",110,COMPLETED,5.974
562,20251231_122055,gaitgl_GREW_BNNeck_TOP70.csv,70%,Preset_44,MLP,42,59,"[896, 640, 320, 192]",mean,L2,80,4,896,leakyrelu,0.5,Adam,,0.0002,1e-07,True,0.8,"[2, 3]","[2, 3]",[0.68794326 2.1920904  0.91725768],0.02,1.0,0.12614,2.28702,0.5,0.35562,"[0.65306, 0.0, 0.41379]",86,0.1504,2.13429,0.52273,0.46111,"[0.66667, 0.25, 0.46667]",75,COMPLETED,3.24
563,20251231_122055,gaitgl_GREW_TOP70.csv,70%,Preset_44,MLP,42,84,"[896, 640, 320, 192]",mean,L2,80,4,896,leakyrelu,0.5,Adam,,0.0002,1e-07,True,0.8,"[2, 3]","[2, 3]",[0.68794326 2.1920904  0.91725768],0.02,1.0,0.12063,2.7821,0.40909,0.29744,"[0.46809, 0.0, 0.42424]",119,0.1244,2.67325,0.5,0.47612,"[0.4878, 0.4, 0.54054]",107,COMPLETED,4.447
564,20251231_122055,gaitgl_OUMVLP_TOP70.csv,70%,Preset_44,MLP,42,55,"[896, 640, 320, 192]",mean,L2,80,4,896,leakyrelu,0.5,Adam,,0.0002,1e-07,True,0.8,"[2, 3]","[2, 3]",[0.68794326 2.1920904  0.91725768],0.02,1.0,0.12841,2.42255,0.52273,0.50199,"[0.57778, 0.46154, 0.46667]",312,0.17664,1.9301,0.54545,0.54314,"[0.55556, 0.53333, 0.54054]",278,COMPLETED,11.3
565,20251231_122055,gaitgl_TOP70.csv,70%,Preset_44,MLP,42,43,"[896, 640, 320, 192]",mean,L2,80,4,896,leakyrelu,0.5,Adam,,0.0002,1e-07,True,0.8,"[2, 3]","[2, 3]",[0.68794326 2.1920904  0.91725768],0.02,1.0,0.12947,2.65606,0.36364,0.27249,"[0.42857, 0.0, 0.38889]",117,0.53842,1.66012,0.43182,0.40354,"[0.55, 0.31579, 0.34483]",48,COMPLETED,4.306
566,20251231_122055,gaitpart_GREW_TOP70.csv,70%,Preset_44,MLP,42,67,"[896, 640, 320, 192]",mean,L2,80,4,896,leakyrelu,0.5,Adam,,0.0002,1e-07,True,0.8,"[2, 3]","[2, 3]",[0.68794326 2.1920904  0.91725768],0.02,1.0,0.12417,2.66055,0.47727,0.42522,"[0.68293, 0.27273, 0.32]",103,0.3933,1.53444,0.54545,0.48889,"[0.66667, 0.28571, 0.51429]",69,COMPLETED,3.774
567,20251231_122055,gaitpart_OUMVLP_TOP70.csv,70%,Preset_44,MLP,42,57,"[896, 640, 320, 192]",mean,L2,80,4,896,leakyrelu,0.5,Adam,,0.0002,1e-07,True,0.8,"[2, 3]","[2, 3]",[0.68794326 2.1920904  0.91725768],0.02,1.0,0.12503,2.16615,0.5,0.42105,"[0.56522, 0.18182, 0.51613]",227,0.40868,1.55618,0.59091,0.56304,"[0.57895, 0.46154, 0.64865]",150,COMPLETED,8.257
568,20251231_122055,gaitset_GREW_TOP70.csv,70%,Preset_44,MLP,42,70,"[896, 640, 320, 192]",mean,L2,80,4,896,leakyrelu,0.5,Adam,,0.0002,1e-07,True,0.8,"[2, 3]","[2, 3]",[0.68794326 2.1920904  0.91725768],0.02,1.0,0.11516,2.34072,0.47727,0.40327,"[0.58537, 0.15385, 0.47059]",93,0.1359,2.38848,0.5,0.42398,"[0.57895, 0.16667, 0.52632]",79,COMPLETED,3.578
569,20251231_122055,gaitset_OUMVLP_TOP70.csv,70%,Preset_44,MLP,42,54,"[896, 640, 320, 192]",mean,L2,80,4,896,leakyrelu,0.5,Adam,,0.0002,1e-07,True,0.8,"[2, 3]","[2, 3]",[0.68794326 2.1920904  0.91725768],0.02,1.0,0.11678,2.55707,0.43182,0.34444,"[0.5, 0.0, 0.53333]",228,0.15188,2.42885,0.47727,0.36618,"[0.56522, 0.0, 0.53333]",206,COMPLETED,8.073
570,20251231_122055,gaitset_TOP70.csv,70%,Preset_44,MLP,42,34,"[896, 640, 320, 192]",mean,L2,80,4,896,leakyrelu,0.5,Adam,,0.0002,1e-07,True,0.8,"[2, 3]","[2, 3]",[0.68794326 2.1920904  0.91725768],0.02,1.0,0.1243,2.86263,0.36364,0.32,"[0.42857, 0.11765, 0.41379]",153,0.70484,1.54615,0.40909,0.39649,"[0.46154, 0.35294, 0.375]",51,COMPLETED,5.474
571,20251231_122055,gln_phase1_TOP70.csv,70%,Preset_44,MLP,42,49,"[896, 640, 320, 192]",mean,L2,80,4,896,leakyrelu,0.5,Adam,,0.0002,1e-07,True,0.8,"[2, 3]","[2, 3]",[0.68794326 2.1920904  0.91725768],0.02,1.0,0.11744,1.99076,0.52273,0.47465,"[0.6087, 0.36364, 0.45161]",117,0.14088,1.89248,0.61364,0.58497,"[0.66667, 0.5, 0.58824]",100,COMPLETED,4.366
572,20251231_122055,gln_phase2_TOP70.csv,70%,Preset_44,MLP,42,54,"[896, 640, 320, 192]",mean,L2,80,4,896,leakyrelu,0.5,Adam,,0.0002,1e-07,True,0.8,"[2, 3]","[2, 3]",[0.68794326 2.1920904  0.91725768],0.02,1.0,0.12393,2.47594,0.43182,0.38626,"[0.52174, 0.26667, 0.37037]",100,0.33685,1.61966,0.52273,0.53095,"[0.53659, 0.57143, 0.48485]",61,COMPLETED,3.711

573,20251231_122055,baseline_CASIAB_TOP70.csv,70%,Preset_45,MLP,42,27,"[768, 512, 256]",mean,L2,64,3,768,silu,0.4,AdamW,,0.0002,1e-05,True,0.7,"[1, 2, 3]","[2, 3]",[0.68794326 2.1920904  0.91725768],0.02,1.0,0.12932,2.43958,0.47727,0.43444,"[0.58333, 0.4, 0.32]",272,0.44751,1.50171,0.52273,0.49062,"[0.48649, 0.4, 0.58537]",112,COMPLETED,12.335
574,20251231_122055,baseline_OUMVLP_TOP70.csv,70%,Preset_45,MLP,42,24,"[768, 512, 256]",mean,L2,64,3,768,silu,0.4,AdamW,,0.0002,1e-05,True,0.7,"[1, 2, 3]","[2, 3]",[0.68794326 2.1920904  0.91725768],0.02,1.0,0.1246,1.83527,0.59091,0.55754,"[0.61905, 0.42857, 0.625]",405,0.2138,1.83911,0.65909,0.61813,"[0.65, 0.46154, 0.74286]",301,COMPLETED,18.644
575,20251231_122055,gaitgl_GREW_BNNeck_TOP70.csv,70%,Preset_45,MLP,42,37,"[768, 512, 256]",mean,L2,64,3,768,silu,0.4,AdamW,,0.0002,1e-05,True,0.7,"[1, 2, 3]","[2, 3]",[0.68794326 2.1920904  0.91725768],0.02,1.0,0.12422,2.19513,0.52273,0.36922,"[0.69388, 0.0, 0.41379]",172,0.51167,1.17641,0.59091,0.43388,"[0.73913, 0.0, 0.5625]",59,COMPLETED,7.958
576,20251231_122055,gaitgl_GREW_TOP70.csv,70%,Preset_45,MLP,42,57,"[768, 512, 256]",mean,L2,64,3,768,silu,0.4,AdamW,,0.0002,1e-05,True,0.7,"[1, 2, 3]","[2, 3]",[0.68794326 2.1920904  0.91725768],0.02,1.0,0.12624,2.55306,0.31818,0.25098,"[0.4, 0.0, 0.35294]",205,0.53588,1.78696,0.40909,0.3854,"[0.52632, 0.27273, 0.35714]",99,COMPLETED,9.448
577,20251231_122055,gaitgl_OUMVLP_TOP70.csv,70%,Preset_45,MLP,42,30,"[768, 512, 256]",mean,L2,64,3,768,silu,0.4,AdamW,,0.0002,1e-05,True,0.7,"[1, 2, 3]","[2, 3]",[0.68794326 2.1920904  0.91725768],0.02,1.0,0.12505,1.87187,0.56818,0.5429,"[0.60465, 0.46154, 0.5625]",727,0.12771,1.63733,0.61364,0.58655,"[0.68085, 0.54545, 0.53333]",719,COMPLETED,32.979
578,20251231_122055,gaitgl_TOP70.csv,70%,Preset_45,MLP,42,27,"[768, 512, 256]",mean,L2,64,3,768,silu,0.4,AdamW,,0.0002,1e-05,True,0.7,"[1, 2, 3]","[2, 3]",[0.68794326 2.1920904  0.91725768],0.02,1.0,0.1237,2.41893,0.40909,0.30278,"[0.53333, 0.0, 0.375]",247,0.15302,2.6777,0.43182,0.36277,"[0.54545, 0.14286, 0.4]",204,COMPLETED,11.265
579,20251231_122055,gaitpart_GREW_TOP70.csv,70%,Preset_45,MLP,42,44,"[768, 512, 256]",mean,L2,64,3,768,silu,0.4,AdamW,,0.0002,1e-05,True,0.7,"[1, 2, 3]","[2, 3]",[0.68794326 2.1920904  0.91725768],0.02,1.0,0.1213,1.89022,0.54545,0.50146,"[0.66667, 0.42105, 0.41667]",192,0.27426,1.50249,0.59091,0.5649,"[0.64865, 0.42105, 0.625]",126,COMPLETED,8.588
580,20251231_122055,gaitpart_OUMVLP_TOP70.csv,70%,Preset_45,MLP,42,36,"[768, 512, 256]",mean,L2,64,3,768,silu,0.4,AdamW,,0.0002,1e-05,True,0.7,"[1, 2, 3]","[2, 3]",[0.68794326 2.1920904  0.91725768],0.02,1.0,0.12995,2.22817,0.52273,0.44473,"[0.57143, 0.22222, 0.54054]",610,0.68424,1.21858,0.56818,0.54432,"[0.57143, 0.46154, 0.6]",264,COMPLETED,27.448
581,20251231_122055,gaitset_GREW_TOP70.csv,70%,Preset_45,MLP,42,46,"[768, 512, 256]",mean,L2,64,3,768,silu,0.4,AdamW,,0.0002,1e-05,True,0.7,"[1, 2, 3]","[2, 3]",[0.68794326 2.1920904  0.91725768],0.02,1.0,0.12657,1.98431,0.47727,0.41036,"[0.57143, 0.13333, 0.52632]",166,0.36788,1.33648,0.68182,0.62648,"[0.77273, 0.46154, 0.64516]",91,COMPLETED,7.739
582,20251231_122055,gaitset_OUMVLP_TOP70.csv,70%,Preset_45,MLP,42,32,"[768, 512, 256]",mean,L2,64,3,768,silu,0.4,AdamW,,0.0002,1e-05,True,0.7,"[1, 2, 3]","[2, 3]",[0.68794326 2.1920904  0.91725768],0.02,1.0,0.12458,2.36828,0.40909,0.3363,"[0.57778, 0.11111, 0.32]",521,0.15014,2.3732,0.52273,0.4759,"[0.61111, 0.21053, 0.60606]",516,COMPLETED,23.893
583,20251231_122055,gaitset_TOP70.csv,70%,Preset_45,MLP,42,19,"[768, 512, 256]",mean,L2,64,3,768,silu,0.4,AdamW,,0.0002,1e-05,True,0.7,"[1, 2, 3]","[2, 3]",[0.68794326 2.1920904  0.91725768],0.02,1.0,0.12886,2.68719,0.38636,0.33038,"[0.48889, 0.11765, 0.38462]",373,0.13571,2.80727,0.5,0.45417,"[0.55, 0.25, 0.5625]",339,COMPLETED,17.051
584,20251231_122055,gln_phase1_TOP70.csv,70%,Preset_45,MLP,42,28,"[768, 512, 256]",mean,L2,64,3,768,silu,0.4,AdamW,,0.0002,1e-05,True,0.7,"[1, 2, 3]","[2, 3]",[0.68794326 2.1920904  0.91725768],0.02,1.0,0.1246,2.29752,0.52273,0.47998,"[0.63636, 0.375, 0.42857]",255,0.2574,1.69151,0.59091,0.56999,"[0.61538, 0.5, 0.59459]",133,COMPLETED,11.733
585,20251231_122055,gln_phase2_TOP70.csv,70%,Preset_45,MLP,42,32,"[768, 512, 256]",mean,L2,64,3,768,silu,0.4,AdamW,,0.0002,1e-05,True,0.7,"[1, 2, 3]","[2, 3]",[0.68794326 2.1920904  0.91725768],0.02,1.0,0.12464,2.25758,0.43182,0.3988,"[0.46154, 0.25, 0.48485]",217,0.39928,1.46598,0.54545,0.51493,"[0.61538, 0.4, 0.52941]",90,COMPLETED,10.057

586,20251231_122055,baseline_CASIAB_TOP70.csv,70%,Preset_46,MLP,42,35,"[640, 384, 256]",mean,L2,128,3,640,gelu,0.35,AdamW,,0.0002,1e-05,True,0.75,[1],"[1, 2]",[0.68794326 2.1920904  0.91725768],0.02,1.0,0.12843,1.581,0.54545,0.49833,"[0.61224, 0.4, 0.48276]",408,0.17151,1.73832,0.61364,0.55176,"[0.69231, 0.44444, 0.51852]",287,COMPLETED,13.255
587,20251231_122055,baseline_OUMVLP_TOP70.csv,70%,Preset_46,MLP,42,32,"[640, 384, 256]",mean,L2,128,3,640,gelu,0.35,AdamW,,0.0002,1e-05,True,0.75,[1],"[1, 2]",[0.68794326 2.1920904  0.91725768],0.02,1.0,0.1257,1.887,0.54545,0.49918,"[0.55814, 0.33333, 0.60606]",506,0.25565,1.83927,0.59091,0.5602,"[0.58537, 0.42857, 0.66667]",318,COMPLETED,15.62
588,20251231_122055,gaitgl_GREW_BNNeck_TOP70.csv,70%,Preset_46,MLP,42,47,"[640, 384, 256]",mean,L2,128,3,640,gelu,0.35,AdamW,,0.0002,1e-05,True,0.75,[1],"[1, 2]",[0.68794326 2.1920904  0.91725768],0.02,1.0,0.12391,1.86323,0.43182,0.29877,"[0.6, 0.0, 0.2963]",298,0.51355,1.26787,0.45455,0.40952,"[0.53333, 0.26667, 0.42857]",100,COMPLETED,9.285
589,20251231_122055,gaitgl_GREW_TOP70.csv,70%,Preset_46,MLP,42,70,"[640, 384, 256]",mean,L2,128,3,640,gelu,0.35,AdamW,,0.0002,1e-05,True,0.75,[1],"[1, 2]",[0.68794326 2.1920904  0.91725768],0.02,1.0,0.12937,1.98979,0.40909,0.31085,"[0.54545, 0.0, 0.3871]",253,0.25016,1.95487,0.40909,0.36798,"[0.52381, 0.23529, 0.34483]",174,COMPLETED,7.891
590,20251231_122055,gaitgl_OUMVLP_TOP70.csv,70%,Preset_46,MLP,42,41,"[640, 384, 256]",mean,L2,128,3,640,gelu,0.35,AdamW,,0.0002,1e-05,True,0.75,[1],"[1, 2]",[0.68794326 2.1920904  0.91725768],0.02,1.0,0.12686,1.95372,0.45455,0.3801,"[0.55319, 0.2, 0.3871]",783,0.14364,1.94447,0.47727,0.48165,"[0.51163, 0.53333, 0.4]",710,COMPLETED,24.088
591,20251231_122055,gaitgl_TOP70.csv,70%,Preset_46,MLP,42,34,"[640, 384, 256]",mean,L2,128,3,640,gelu,0.35,AdamW,,0.0002,1e-05,True,0.75,[1],"[1, 2]",[0.68794326 2.1920904  0.91725768],0.02,1.0,0.12732,2.39207,0.36364,0.27287,"[0.4186, 0.0, 0.4]",494,0.49018,1.7732,0.36364,0.31766,"[0.41026, 0.15385, 0.38889]",128,COMPLETED,15.66
592,20251231_122055,gaitpart_GREW_TOP70.csv,70%,Preset_46,MLP,42,54,"[640, 384, 256]",mean,L2,128,3,640,gelu,0.35,AdamW,,0.0002,1e-05,True,0.75,[1],"[1, 2]",[0.68794326 2.1920904  0.91725768],0.02,1.0,0.12995,1.47722,0.59091,0.48614,"[0.71111, 0.16667, 0.58065]",291,0.13976,1.53349,0.61364,0.50934,"[0.71429, 0.16667, 0.64706]",263,COMPLETED,10.049
593,20251231_122055,gaitpart_OUMVLP_TOP70.csv,70%,Preset_46,MLP,42,45,"[640, 384, 256]",mean,L2,128,3,640,gelu,0.35,AdamW,,0.0002,1e-05,True,0.75,[1],"[1, 2]",[0.68794326 2.1920904  0.91725768],0.02,1.0,0.12686,1.61393,0.45455,0.3907,"[0.47368, 0.14286, 0.55556]",546,0.61349,1.18711,0.56818,0.53925,"[0.54054, 0.42857, 0.64865]",325,COMPLETED,16.695
594,20251231_122055,gaitset_GREW_TOP70.csv,70%,Preset_46,MLP,42,56,"[640, 384, 256]",mean,L2,128,3,640,gelu,0.35,AdamW,,0.0002,1e-05,True,0.75,[1],"[1, 2]",[0.68794326 2.1920904  0.91725768],0.02,1.0,0.12617,1.41308,0.56818,0.47386,"[0.66667, 0.16667, 0.58824]",245,0.37273,1.37585,0.63636,0.58557,"[0.73171, 0.4, 0.625]",128,COMPLETED,7.395
595,20251231_122055,gaitset_OUMVLP_TOP70.csv,70%,Preset_46,MLP,42,42,"[640, 384, 256]",mean,L2,128,3,640,gelu,0.35,AdamW,,0.0002,1e-05,True,0.75,[1],"[1, 2]",[0.68794326 2.1920904  0.91725768],0.02,1.0,0.1268,1.78929,0.43182,0.32174,"[0.56522, 0.0, 0.4]",534,0.57112,1.4967,0.45455,0.41772,"[0.48649, 0.26667, 0.5]",283,COMPLETED,16.411
596,20251231_122055,gaitset_TOP70.csv,70%,Preset_46,MLP,42,25,"[640, 384, 256]",mean,L2,128,3,640,gelu,0.35,AdamW,,0.0002,1e-05,True,0.75,[1],"[1, 2]",[0.68794326 2.1920904  0.91725768],0.02,1.0,0.1277,1.63694,0.54545,0.49034,"[0.60465, 0.28571, 0.58065]",653,0.22894,1.82141,0.56818,0.53417,"[0.62222, 0.42857, 0.55172]",355,COMPLETED,21.276
597,20251231_122055,gln_phase1_TOP70.csv,70%,Preset_46,MLP,42,37,"[640, 384, 256]",mean,L2,128,3,640,gelu,0.35,AdamW,,0.0002,1e-05,True,0.75,[1],"[1, 2]",[0.68794326 2.1920904  0.91725768],0.02,1.0,0.12836,1.6038,0.59091,0.56061,"[0.68182, 0.5, 0.5]",358,0.4884,1.19105,0.61364,0.59253,"[0.71795, 0.52632, 0.53333]",143,COMPLETED,11.454
598,20251231_122055,gln_phase2_TOP70.csv,70%,Preset_46,MLP,42,41,"[640, 384, 256]",mean,L2,128,3,640,gelu,0.35,AdamW,,0.0002,1e-05,True,0.75,[1],"[1, 2]",[0.68794326 2.1920904  0.91725768],0.02,1.0,0.12343,1.48014,0.52273,0.44108,"[0.57778, 0.2, 0.54545]",365,0.45681,1.21361,0.52273,0.50348,"[0.52632, 0.42857, 0.55556]",124,COMPLETED,11.443

599,20251231_122055,baseline_CASIAB_TOP70.csv,70%,Preset_47,MLP,42,256,"[768, 512, 256]",mean,,96,3,768,silu,0.45,AdamW,,0.0002,1e-06,False,,"[1, 2]","[1, 2]",[0.68794326 2.1920904  0.91725768],0.02,1.0,0.12006,2.2804,0.45455,0.30002,"[0.60377, 0.0, 0.2963]",184,0.31066,2.08465,0.56818,0.54655,"[0.68421, 0.47059, 0.48485]",66,COMPLETED,6.508
600,20251231_122055,baseline_OUMVLP_TOP70.csv,70%,Preset_47,MLP,42,256,"[768, 512, 256]",mean,,96,3,768,silu,0.45,AdamW,,0.0002,1e-06,False,,"[1, 2]","[1, 2]",[0.68794326 2.1920904  0.91725768],0.02,1.0,0.12002,1.56444,0.63636,0.52979,"[0.68293, 0.22222, 0.68421]",249,0.16426,1.76409,0.63636,0.53363,"[0.66667, 0.25, 0.68421]",158,COMPLETED,8.896
601,20251231_122055,gaitgl_GREW_BNNeck_TOP70.csv,70%,Preset_47,MLP,42,256,"[768, 512, 256]",mean,,96,3,768,silu,0.45,AdamW,,0.0002,1e-06,False,,"[1, 2]","[1, 2]",[0.68794326 2.1920904  0.91725768],0.02,1.0,0.12145,2.40964,0.36364,0.28407,"[0.46512, 0.0, 0.3871]",226,0.14042,2.64486,0.47727,0.40604,"[0.55, 0.15385, 0.51429]",184,COMPLETED,8.045
602,20251231_122055,gaitgl_GREW_TOP70.csv,70%,Preset_47,MLP,42,256,"[768, 512, 256]",mean,,96,3,768,silu,0.45,AdamW,,0.0002,1e-06,False,,"[1, 2]","[1, 2]",[0.68794326 2.1920904  0.91725768],0.02,1.0,0.12814,1.8498,0.56818,0.47844,"[0.63415, 0.22222, 0.57895]",224,0.16121,1.7693,0.63636,0.53222,"[0.68, 0.25, 0.66667]",169,COMPLETED,8.339
603,20251231_122055,gaitgl_OUMVLP_TOP70.csv,70%,Preset_47,MLP,42,256,"[768, 512, 256]",mean,,96,3,768,silu,0.45,AdamW,,0.0002,1e-06,False,,"[1, 2]","[1, 2]",[0.68794326 2.1920904  0.91725768],0.02,1.0,0.13846,2.06008,0.54545,0.49234,"[0.58537, 0.26667, 0.625]",819,0.21703,2.38198,0.59091,0.5703,"[0.57895, 0.44444, 0.6875]",539,STOPPED,29.193
604,20251231_122055,gaitgl_TOP70.csv,70%,Preset_47,MLP,42,128,"[768, 512, 256]",mean,,96,3,768,silu,0.45,AdamW,,0.0002,1e-06,False,,"[1, 2]","[1, 2]",[0.68794326 2.1920904  0.91725768],0.02,1.0,0.12095,2.16638,0.47727,0.36321,"[0.61905, 0.0, 0.47059]",178,0.14279,2.22765,0.52273,0.44259,"[0.61905, 0.22222, 0.48649]",121,COMPLETED,6.548
605,20251231_122055,gaitpart_GREW_TOP70.csv,70%,Preset_47,MLP,42,256,"[768, 512, 256]",mean,,96,3,768,silu,0.45,AdamW,,0.0002,1e-06,False,,"[1, 2]","[1, 2]",[0.68794326 2.1920904  0.91725768],0.02,1.0,0.12021,1.9829,0.52273,0.3928,"[0.69565, 0.0, 0.48276]",217,0.13846,1.89705,0.61364,0.53766,"[0.72727, 0.28571, 0.6]",212,COMPLETED,7.335
606,20251231_122055,gaitpart_OUMVLP_TOP70.csv,70%,Preset_47,MLP,42,256,"[768, 512, 256]",mean,,96,3,768,silu,0.45,AdamW,,0.0002,1e-06,False,,"[1, 2]","[1, 2]",[0.68794326 2.1920904  0.91725768],0.02,1.0,0.13715,1.73982,0.5,0.37094,"[0.6, 0.0, 0.51282]",710,0.42695,1.43942,0.65909,0.59184,"[0.77551, 0.46154, 0.53846]",320,STOPPED,23.646
607,20251231_122055,gaitset_GREW_TOP70.csv,70%,Preset_47,MLP,42,256,"[768, 512, 256]",mean,,96,3,768,silu,0.45,AdamW,,0.0002,1e-06,False,,"[1, 2]","[1, 2]",[0.68794326 2.1920904  0.91725768],0.02,1.0,0.12361,1.79743,0.5,0.41852,"[0.62222, 0.13333, 0.5]",237,0.12244,1.94153,0.52273,0.49918,"[0.61538, 0.36364, 0.51852]",226,COMPLETED,8.06
608,20251231_122055,gaitset_OUMVLP_TOP70.csv,70%,Preset_47,MLP,42,256,"[768, 512, 256]",mean,,96,3,768,silu,0.45,AdamW,,0.0002,1e-06,False,,"[1, 2]","[1, 2]",[0.68794326 2.1920904  0.91725768],0.02,1.0,0.12958,2.15197,0.40909,0.3045,"[0.59091, 0.0, 0.32258]",457,0.15386,1.8665,0.56818,0.39621,"[0.70588, 0.0, 0.48276]",393,COMPLETED,16.237
609,20251231_122055,gaitset_TOP70.csv,70%,Preset_47,MLP,42,256,"[768, 512, 256]",mean,,96,3,768,silu,0.45,AdamW,,0.0002,1e-06,False,,"[1, 2]","[1, 2]",[0.68794326 2.1920904  0.91725768],0.02,1.0,0.12202,2.7694,0.36364,0.25524,"[0.48, 0.0, 0.28571]",197,0.15501,2.91985,0.38636,0.33169,"[0.46512, 0.14286, 0.3871]",155,COMPLETED,7.065
610,20251231_122055,gln_phase1_TOP70.csv,70%,Preset_47,MLP,42,256,"[768, 512, 256]",mean,,96,3,768,silu,0.45,AdamW,,0.0002,1e-06,False,,"[1, 2]","[1, 2]",[0.68794326 2.1920904  0.91725768],0.02,1.0,0.12333,1.58417,0.5,0.46111,"[0.55, 0.33333, 0.5]",176,0.13614,1.64191,0.63636,0.59813,"[0.68421, 0.46154, 0.64865]",141,COMPLETED,6.439
611,20251231_122055,gln_phase2_TOP70.csv,70%,Preset_47,MLP,42,256,"[768, 512, 256]",mean,,96,3,768,silu,0.45,AdamW,,0.0002,1e-06,False,,"[1, 2]","[1, 2]",[0.68794326 2.1920904  0.91725768],0.02,1.0,0.12703,2.05669,0.38636,0.31746,"[0.5, 0.16667, 0.28571]",165,0.59849,1.19658,0.54545,0.4899,"[0.5, 0.33333, 0.63636]",43,COMPLETED,5.518

612,20251231_122055,baseline_CASIAB_TOP70.csv,70%,Preset_48,MLP,42,256,"[512, 512, 768]",mean,L2,96,3,512,gelu,0.35,AdamW,,0.00018,1e-05,False,,[],[],[0.68794326 2.1920904  0.91725768],0.02,1.0,0.12829,4.65373,0.45455,0.38462,"[0.53333, 0.15385, 0.46667]",1289,0.51146,1.8745,0.52273,0.45615,"[0.6383, 0.28571, 0.44444]",133,COMPLETED,39.099
613,20251231_122055,baseline_OUMVLP_TOP70.csv,70%,Preset_48,MLP,42,256,"[512, 512, 768]",mean,L2,96,3,512,gelu,0.35,AdamW,,0.00018,1e-05,False,,[],[],[0.68794326 2.1920904  0.91725768],0.02,1.0,0.12783,4.07494,0.47727,0.40476,"[0.57143, 0.14286, 0.5]",1695,0.74254,1.27433,0.5,0.47345,"[0.51429, 0.3, 0.60606]",111,COMPLETED,51.765
614,20251231_122055,gaitgl_GREW_BNNeck_TOP70.csv,70%,Preset_48,MLP,42,256,"[512, 512, 768]",mean,L2,96,3,512,gelu,0.35,AdamW,,0.00018,1e-05,False,,[],[],[0.68794326 2.1920904  0.91725768],0.02,1.0,0.12818,5.78471,0.38636,0.29957,"[0.51163, 0.0, 0.3871]",837,0.4924,1.73258,0.43182,0.39785,"[0.48649, 0.22222, 0.48485]",96,COMPLETED,25.056
615,20251231_122055,gaitgl_GREW_TOP70.csv,70%,Preset_48,MLP,42,256,"[512, 512, 768]",mean,L2,96,3,512,gelu,0.35,AdamW,,0.00018,1e-05,False,,[],[],[0.68794326 2.1920904  0.91725768],0.02,1.0,0.13441,3.42927,0.47727,0.40762,"[0.51163, 0.18182, 0.52941]",980,0.27088,1.90195,0.54545,0.50126,"[0.54545, 0.33333, 0.625]",248,STOPPED,28.795
616,20251231_122055,gaitgl_OUMVLP_TOP70.csv,70%,Preset_48,MLP,42,256,"[512, 512, 768]",mean,L2,96,3,512,gelu,0.35,AdamW,,0.00018,1e-05,False,,[],[],[0.68794326 2.1920904  0.91725768],0.02,1.0,0.38388,3.13517,0.47727,0.34423,"[0.58824, 0.0, 0.44444]",1302,0.69873,1.22844,0.59091,0.5642,"[0.54545, 0.44444, 0.7027]",249,STOPPED,39.713
617,20251231_122055,gaitgl_TOP70.csv,70%,Preset_48,MLP,42,128,"[512, 512, 768]",mean,L2,96,3,512,gelu,0.35,AdamW,,0.00018,1e-05,False,,[],[],[0.68794326 2.1920904  0.91725768],0.02,1.0,0.12599,3.79594,0.45455,0.39352,"[0.5, 0.125, 0.55556]",1606,0.15423,4.07923,0.52273,0.47171,"[0.6, 0.28571, 0.52941]",1317,COMPLETED,48.056
618,20251231_122055,gaitpart_GREW_TOP70.csv,70%,Preset_48,MLP,42,256,"[512, 512, 768]",mean,L2,96,3,512,gelu,0.35,AdamW,,0.00018,1e-05,False,,[],[],[0.68794326 2.1920904  0.91725768],0.02,1.0,0.13055,5.34461,0.5,0.47029,"[0.57895, 0.31579, 0.51613]",1415,0.14201,4.50714,0.59091,0.54924,"[0.66667, 0.375, 0.60606]",975,STOPPED,43.091
619,20251231_122055,gaitpart_OUMVLP_TOP70.csv,70%,Preset_48,MLP,42,256,"[512, 512, 768]",mean,L2,96,3,512,gelu,0.35,AdamW,,0.00018,1e-05,False,,[],[],[0.68794326 2.1920904  0.91725768],0.02,1.0,0.25148,2.577,0.45455,0.34751,"[0.59091, 0.0, 0.45161]",1737,0.72208,1.07353,0.59091,0.57968,"[0.61111, 0.53333, 0.59459]",226,STOPPED,52.094
620,20251231_122055,gaitset_GREW_TOP70.csv,70%,Preset_48,MLP,42,256,"[512, 512, 768]",mean,L2,96,3,512,gelu,0.35,AdamW,,0.00018,1e-05,False,,[],[],[0.68794326 2.1920904  0.91725768],0.02,1.0,0.12743,4.00619,0.38636,0.30877,"[0.52632, 0.0, 0.4]",1020,0.74463,1.19207,0.52273,0.49247,"[0.55556, 0.31579, 0.60606]",90,COMPLETED,30.28
621,20251231_122055,gaitset_OUMVLP_TOP70.csv,70%,Preset_48,MLP,42,256,"[512, 512, 768]",mean,L2,96,3,512,gelu,0.35,AdamW,,0.00018,1e-05,False,,[],[],[0.68794326 2.1920904  0.91725768],0.02,1.0,0.21629,3.69855,0.34091,0.24534,"[0.52174, 0.0, 0.21429]",1466,0.49488,2.06606,0.43182,0.37888,"[0.56522, 0.28571, 0.28571]",318,STOPPED,43.488
622,20251231_122055,gaitset_TOP70.csv,70%,Preset_48,MLP,42,256,"[512, 512, 768]",mean,L2,96,3,512,gelu,0.35,AdamW,,0.00018,1e-05,False,,[],[],[0.68794326 2.1920904  0.91725768],0.02,1.0,0.17257,5.14007,0.38636,0.31795,"[0.53333, 0.15385, 0.26667]",821,0.17645,5.1109,0.43182,0.35654,"[0.56522, 0.18182, 0.32258]",749,STOPPED,24.459
623,20251231_122055,gln_phase1_TOP70.csv,70%,Preset_48,MLP,42,256,"[512, 512, 768]",mean,L2,96,3,512,gelu,0.35,AdamW,,0.00018,1e-05,False,,[],[],[0.68794326 2.1920904  0.91725768],0.02,1.0,0.12846,3.92222,0.54545,0.4582,"[0.61905, 0.2, 0.55556]",993,0.70379,0.94443,0.61364,0.6002,"[0.66667, 0.57143, 0.5625]",84,COMPLETED,29.234
624,20251231_122055,gln_phase2_TOP70.csv,70%,Preset_48,MLP,42,256,"[512, 512, 768]",mean,L2,96,3,512,gelu,0.35,AdamW,,0.00018,1e-05,False,,[],[],[0.68794326 2.1920904  0.91725768],0.02,1.0,0.12488,3.60143,0.43182,0.40128,"[0.47368, 0.28571, 0.44444]",859,0.12885,3.52335,0.5,0.46759,"[0.51282, 0.36364, 0.52632]",845,COMPLETED,25.66

625,20251231_122055,baseline_CASIAB_TOP70.csv,70%,Preset_49,MLP,42,256,"[896, 896, 640, 320]",mean,minmax,48,4,896,gelu,0.45,Adam,,0.00018,5e-07,False,,[1],"[2, 3]",[0.68794326 2.1920904  0.91725768],0.02,1.0,0.12709,1.98873,0.47727,0.34154,"[0.64, 0.0, 0.38462]",73,0.13053,1.84567,0.54545,0.47807,"[0.68182, 0.28571, 0.46667]",64,COMPLETED,4.359
626,20251231_122055,baseline_OUMVLP_TOP70.csv,70%,Preset_49,MLP,42,256,"[896, 896, 640, 320]",mean,minmax,48,4,896,gelu,0.45,Adam,,0.00018,5e-07,False,,[1],"[2, 3]",[0.68794326 2.1920904  0.91725768],0.02,1.0,0.11785,1.47086,0.52273,0.43623,"[0.6087, 0.2, 0.5]",62,0.24932,1.72866,0.54545,0.46154,"[0.5641, 0.15385, 0.66667]",32,COMPLETED,3.552
627,20251231_122055,gaitgl_GREW_BNNeck_TOP70.csv,70%,Preset_49,MLP,42,256,"[896, 896, 640, 320]",mean,minmax,48,4,896,gelu,0.45,Adam,,0.00018,5e-07,False,,[1],"[2, 3]",[0.68794326 2.1920904  0.91725768],0.02,1.0,0.12784,1.84129,0.56818,0.41124,"[0.65306, 0.0, 0.58065]",60,0.13708,1.81393,0.54545,0.46108,"[0.6087, 0.15385, 0.62069]",46,COMPLETED,3.423
628,20251231_122055,gaitgl_GREW_TOP70.csv,70%,Preset_49,MLP,42,256,"[896, 896, 640, 320]",mean,minmax,48,4,896,gelu,0.45,Adam,,0.00018,5e-07,False,,[1],"[2, 3]",[0.68794326 2.1920904  0.91725768],0.02,1.0,0.11785,1.37639,0.52273,0.44956,"[0.55814, 0.25, 0.54054]",66,0.2097,1.63602,0.5,0.48494,"[0.54054, 0.38095, 0.53333]",35,COMPLETED,3.754
629,20251231_122055,gaitgl_OUMVLP_TOP70.csv,70%,Preset_49,MLP,42,256,"[896, 896, 640, 320]",mean,minmax,48,4,896,gelu,0.45,Adam,,0.00018,5e-07,False,,[1],"[2, 3]",[0.68794326 2.1920904  0.91725768],0.02,1.0,0.11433,1.75699,0.54545,0.4741,"[0.65306, 0.30769, 0.46154]",85,0.11748,1.67076,0.54545,0.50152,"[0.58537, 0.36364, 0.55556]",77,COMPLETED,4.967
630,20251231_122055,gaitgl_TOP70.csv,70%,Preset_49,MLP,42,128,"[896, 896, 640, 320]",mean,minmax,48,4,896,gelu,0.45,Adam,,0.00018,5e-07,False,,[1],"[2, 3]",[0.68794326 2.1920904  0.91725768],0.02,1.0,0.1273,2.05207,0.47727,0.39457,"[0.6087, 0.2, 0.375]",56,0.12592,2.06488,0.5,0.42453,"[0.57895, 0.18182, 0.51282]",55,COMPLETED,3.156
631,20251231_122055,gaitpart_GREW_TOP70.csv,70%,Preset_49,MLP,42,256,"[896, 896, 640, 320]",mean,minmax,48,4,896,gelu,0.45,Adam,,0.00018,5e-07,False,,[1],"[2, 3]",[0.68794326 2.1920904  0.91725768],0.02,1.0,0.1145,1.64068,0.52273,0.45615,"[0.6383, 0.28571, 0.44444]",57,0.20042,1.76761,0.63636,0.56487,"[0.68421, 0.30769, 0.7027]",34,COMPLETED,3.199
632,20251231_122055,gaitpart_OUMVLP_TOP70.csv,70%,Preset_49,MLP,42,256,"[896, 896, 640, 320]",mean,minmax,48,4,896,gelu,0.45,Adam,,0.00018,5e-07,False,,[1],"[2, 3]",[0.68794326 2.1920904  0.91725768],0.02,1.0,0.12028,1.61554,0.56818,0.45128,"[0.72, 0.15385, 0.48]",61,0.16114,1.43714,0.59091,0.52688,"[0.66667, 0.33333, 0.58065]",34,COMPLETED,3.451
633,20251231_122055,gaitset_GREW_TOP70.csv,70%,Preset_49,MLP,42,256,"[896, 896, 640, 320]",mean,minmax,48,4,896,gelu,0.45,Adam,,0.00018,5e-07,False,,[1],"[2, 3]",[0.68794326 2.1920904  0.91725768],0.02,1.0,0.1114,1.27967,0.56818,0.42042,"[0.66667, 0.0, 0.59459]",59,0.11616,1.17164,0.56818,0.4742,"[0.65116, 0.2, 0.57143]",51,COMPLETED,3.433
634,20251231_122055,gaitset_OUMVLP_TOP70.csv,70%,Preset_49,MLP,42,256,"[896, 896, 640, 320]",mean,minmax,48,4,896,gelu,0.45,Adam,,0.00018,5e-07,False,,[1],"[2, 3]",[0.68794326 2.1920904  0.91725768],0.02,1.0,0.12024,1.71857,0.52273,0.35317,"[0.64286, 0.0, 0.41667]",69,0.14283,1.77251,0.52273,0.41103,"[0.66667, 0.18182, 0.38462]",45,COMPLETED,3.933
635,20251231_122055,gaitset_TOP70.csv,70%,Preset_49,MLP,42,256,"[896, 896, 640, 320]",mean,minmax,48,4,896,gelu,0.45,Adam,,0.00018,5e-07,False,,[1],"[2, 3]",[0.68794326 2.1920904  0.91725768],0.02,1.0,0.12832,1.96861,0.36364,0.35091,"[0.44444, 0.28571, 0.32258]",69,0.66912,1.56429,0.47727,0.4083,"[0.65217, 0.3, 0.27273]",20,COMPLETED,3.845
636,20251231_122055,gln_phase1_TOP70.csv,70%,Preset_49,MLP,42,256,"[896, 896, 640, 320]",mean,minmax,48,4,896,gelu,0.45,Adam,,0.00018,5e-07,False,,[1],"[2, 3]",[0.68794326 2.1920904  0.91725768],0.02,1.0,0.1127,1.19433,0.52273,0.47475,"[0.63636, 0.36364, 0.42424]",58,0.12256,1.25842,0.68182,0.61217,"[0.72222, 0.4, 0.71429]",51,COMPLETED,3.382
637,20251231_122055,gln_phase2_TOP70.csv,70%,Preset_49,MLP,42,256,"[896, 896, 640, 320]",mean,minmax,48,4,896,gelu,0.45,Adam,,0.00018,5e-07,False,,[1],"[2, 3]",[0.68794326 2.1920904  0.91725768],0.02,1.0,0.12195,1.52068,0.45455,0.36966,"[0.59574, 0.14286, 0.37037]",54,0.18935,1.86641,0.59091,0.4899,"[0.60606, 0.18182, 0.68182]",36,COMPLETED,3.083

638,20251231_122055,baseline_CASIAB_TOP70.csv,70%,Preset_50,MLP,42,256,"[384, 256, 128]",mean,,48,3,384,leakyrelu,0.2,Adam,,0.0008,0.0,False,,[3],"[1, 2]",[0.68794326 2.1920904  0.91725768],0.02,1.0,0.11486,1.88932,0.54545,0.45455,"[0.63636, 0.18182, 0.54545]",177,0.12771,2.09858,0.54545,0.51183,"[0.61111, 0.35294, 0.57143]",168,COMPLETED,8.862
639,20251231_122055,baseline_OUMVLP_TOP70.csv,70%,Preset_50,MLP,42,256,"[384, 256, 128]",mean,,48,3,384,leakyrelu,0.2,Adam,,0.0008,0.0,False,,[3],"[1, 2]",[0.68794326 2.1920904  0.91725768],0.02,1.0,0.12122,1.97203,0.45455,0.38972,"[0.5, 0.14286, 0.52632]",355,0.16518,1.40111,0.56818,0.53345,"[0.60465, 0.375, 0.62069]",138,STOPPED,17.916
640,20251231_122055,gaitgl_GREW_BNNeck_TOP70.csv,70%,Preset_50,MLP,42,256,"[384, 256, 128]",mean,,48,3,384,leakyrelu,0.2,Adam,,0.0008,0.0,False,,[3],"[1, 2]",[0.68794326 2.1920904  0.91725768],0.02,1.0,0.10951,2.1066,0.45455,0.32941,"[0.58824, 0.0, 0.4]",119,0.13229,2.23371,0.47727,0.42983,"[0.57143, 0.23529, 0.48276]",111,COMPLETED,6.084
641,20251231_122055,gaitgl_GREW_TOP70.csv,70%,Preset_50,MLP,42,256,"[384, 256, 128]",mean,,48,3,384,leakyrelu,0.2,Adam,,0.0008,0.0,False,,[3],"[1, 2]",[0.68794326 2.1920904  0.91725768],0.02,1.0,0.35926,1.95949,0.52273,0.44123,"[0.47368, 0.2, 0.65]",331,0.22736,1.60811,0.63636,0.57807,"[0.65, 0.4, 0.68421]",231,STOPPED,16.766
642,20251231_122055,gaitgl_OUMVLP_TOP70.csv,70%,Preset_50,MLP,42,256,"[384, 256, 128]",mean,,48,3,384,leakyrelu,0.2,Adam,,0.0008,0.0,False,,[3],"[1, 2]",[0.68794326 2.1920904  0.91725768],0.02,1.0,0.64518,1.36505,0.43182,0.36673,"[0.4898, 0.18182, 0.42857]",407,0.67577,1.15934,0.52273,0.52456,"[0.47368, 0.5, 0.6]",307,STOPPED,20.434
643,20251231_122055,gaitgl_TOP70.csv,70%,Preset_50,MLP,42,128,"[384, 256, 128]",mean,,48,3,384,leakyrelu,0.2,Adam,,0.0008,0.0,False,,[3],"[1, 2]",[0.68794326 2.1920904  0.91725768],0.02,1.0,0.11234,2.64608,0.36364,0.27987,"[0.53659, 0.0, 0.30303]",47,0.12011,2.00966,0.52273,0.43452,"[0.65116, 0.18182, 0.47059]",45,COMPLETED,2.569
644,20251231_122055,gaitpart_GREW_TOP70.csv,70%,Preset_50,MLP,42,256,"[384, 256, 128]",mean,,48,3,384,leakyrelu,0.2,Adam,,0.0008,0.0,False,,[3],"[1, 2]",[0.68794326 2.1920904  0.91725768],0.02,1.0,0.21231,2.29007,0.38636,0.37827,"[0.44444, 0.37037, 0.32]",258,0.1822,1.45823,0.65909,0.54525,"[0.73171, 0.18182, 0.72222]",127,STOPPED,13.086
645,20251231_122055,gaitpart_OUMVLP_TOP70.csv,70%,Preset_50,MLP,42,256,"[384, 256, 128]",mean,,48,3,384,leakyrelu,0.2,Adam,,0.0008,0.0,False,,[3],"[1, 2]",[0.68794326 2.1920904  0.91725768],0.02,1.0,0.72514,1.22876,0.47727,0.46329,"[0.4375, 0.38095, 0.57143]",420,0.61698,1.1096,0.65909,0.65926,"[0.7, 0.66667, 0.61111]",287,STOPPED,21.246
646,20251231_122055,gaitset_GREW_TOP70.csv,70%,Preset_50,MLP,42,256,"[384, 256, 128]",mean,,48,3,384,leakyrelu,0.2,Adam,,0.0008,0.0,False,,[3],"[1, 2]",[0.68794326 2.1920904  0.91725768],0.02,1.0,0.12327,2.08558,0.45455,0.37909,"[0.54167, 0.18182, 0.41379]",294,0.24812,1.53203,0.59091,0.56754,"[0.61111, 0.44444, 0.64706]",79,COMPLETED,16.214
647,20251231_122055,gaitset_OUMVLP_TOP70.csv,70%,Preset_50,MLP,42,256,"[384, 256, 128]",mean,,48,3,384,leakyrelu,0.2,Adam,,0.0008,0.0,False,,[3],"[1, 2]",[0.68794326 2.1920904  0.91725768],0.02,1.0,0.42384,1.97165,0.40909,0.31946,"[0.4878, 0.0, 0.47059]",460,0.40073,1.56165,0.47727,0.42937,"[0.57143, 0.25, 0.46667]",360,STOPPED,26.599
648,20251231_122055,gaitset_TOP70.csv,70%,Preset_50,MLP,42,256,"[384, 256, 128]",mean,,48,3,384,leakyrelu,0.2,Adam,,0.0008,0.0,False,,[3],"[1, 2]",[0.68794326 2.1920904  0.91725768],0.02,1.0,0.12118,2.77333,0.34091,0.26263,"[0.45455, 0.0, 0.33333]",101,0.21036,2.55177,0.45455,0.42027,"[0.57143, 0.27273, 0.41667]",73,COMPLETED,5.631
649,20251231_122055,gln_phase1_TOP70.csv,70%,Preset_50,MLP,42,256,"[384, 256, 128]",mean,,48,3,384,leakyrelu,0.2,Adam,,0.0008,0.0,False,,[3],"[1, 2]",[0.68794326 2.1920904  0.91725768],0.02,1.0,0.12599,1.68135,0.59091,0.54265,"[0.68085, 0.42857, 0.51852]",156,0.55258,1.1254,0.59091,0.5816,"[0.57143, 0.52632, 0.64706]",35,COMPLETED,8.586
650,20251231_122055,gln_phase2_TOP70.csv,70%,Preset_50,MLP,42,256,"[384, 256, 128]",mean,,48,3,384,leakyrelu,0.2,Adam,,0.0008,0.0,False,,[3],"[1, 2]",[0.68794326 2.1920904  0.91725768],0.02,1.0,0.1097,2.16416,0.45455,0.37043,"[0.56, 0.16667, 0.38462]",121,0.27198,2.12853,0.52273,0.50602,"[0.55556, 0.4, 0.5625]",86,COMPLETED,7.441

651,20251231_122055,baseline_CASIAB_TOP70.csv,70%,Preset_51,MLP,42,45,"[1280, 896, 512, 256]",mean,L2,64,4,1280,silu,0.45,Adam,,0.0002,2e-07,True,0.8,"[1, 2]","[1, 2, 3]",[0.68794326 2.1920904  0.91725768],0.02,1.0,0.11924,1.77997,0.54545,0.4848,"[0.6383, 0.33333, 0.48276]",271,0.35004,1.59951,0.59091,0.54451,"[0.68182, 0.4, 0.55172]",147,COMPLETED,14.638
652,20251231_122055,baseline_OUMVLP_TOP70.csv,70%,Preset_51,MLP,42,43,"[1280, 896, 512, 256]",mean,L2,64,4,1280,silu,0.45,Adam,,0.0002,2e-07,True,0.8,"[1, 2]","[1, 2, 3]",[0.68794326 2.1920904  0.91725768],0.02,1.0,0.12316,1.97643,0.5,0.42593,"[0.5, 0.16667, 0.61111]",307,0.63364,1.27209,0.54545,0.50585,"[0.5, 0.33333, 0.68421]",135,COMPLETED,17.115
653,20251231_122055,gaitgl_GREW_BNNeck_TOP70.csv,70%,Preset_51,MLP,42,59,"[1280, 896, 512, 256]",mean,L2,64,4,1280,silu,0.45,Adam,,0.0002,2e-07,True,0.8,"[1, 2]","[1, 2, 3]",[0.68794326 2.1920904  0.91725768],0.02,1.0,0.1244,2.1471,0.45455,0.32754,"[0.61224, 0.0, 0.37037]",191,0.25121,1.96746,0.52273,0.48747,"[0.60465, 0.375, 0.48276]",112,COMPLETED,10.376
654,20251231_122055,gaitgl_GREW_TOP70.csv,70%,Preset_51,MLP,42,84,"[1280, 896, 512, 256]",mean,L2,64,4,1280,silu,0.45,Adam,,0.0002,2e-07,True,0.8,"[1, 2]","[1, 2, 3]",[0.68794326 2.1920904  0.91725768],0.02,1.0,0.1222,2.48416,0.45455,0.38849,"[0.51163, 0.15385, 0.5]",188,0.13395,2.55209,0.47727,0.44164,"[0.4878, 0.30769, 0.52941]",181,COMPLETED,11.119
655,20251231_122055,gaitgl_OUMVLP_TOP70.csv,70%,Preset_51,MLP,42,55,"[1280, 896, 512, 256]",mean,L2,64,4,1280,silu,0.45,Adam,,0.0002,2e-07,True,0.8,"[1, 2]","[1, 2, 3]",[0.68794326 2.1920904  0.91725768],0.02,1.0,0.12919,2.9181,0.40909,0.40455,"[0.45, 0.4, 0.36364]",470,0.1358,2.94766,0.43182,0.42667,"[0.4878, 0.42857, 0.36364]",454,COMPLETED,26.67
656,20251231_122055,gaitgl_TOP70.csv,70%,Preset_51,MLP,42,43,"[1280, 896, 512, 256]",mean,L2,64,4,1280,silu,0.45,Adam,,0.0002,2e-07,True,0.8,"[1, 2]","[1, 2, 3]",[0.68794326 2.1920904  0.91725768],0.02,1.0,0.126,2.72166,0.43182,0.32301,"[0.53659, 0.0, 0.43243]",298,0.25559,2.5297,0.43182,0.37064,"[0.51282, 0.16667, 0.43243]",162,COMPLETED,14.237
657,20251231_122055,gaitpart_GREW_TOP70.csv,70%,Preset_51,MLP,42,67,"[1280, 896, 512, 256]",mean,L2,64,4,1280,silu,0.45,Adam,,0.0002,2e-07,True,0.8,"[1, 2]","[1, 2, 3]",[0.68794326 2.1920904  0.91725768],0.02,1.0,0.12685,1.99114,0.56818,0.50363,"[0.69565, 0.36364, 0.45161]",196,0.14053,2.0396,0.61364,0.53963,"[0.73913, 0.36364, 0.51613]",182,COMPLETED,8.818
658,20251231_122055,gaitpart_OUMVLP_TOP70.csv,70%,Preset_51,MLP,42,57,"[1280, 896, 512, 256]",mean,L2,64,4,1280,silu,0.45,Adam,,0.0002,2e-07,True,0.8,"[1, 2]","[1, 2, 3]",[0.68794326 2.1920904  0.91725768],0.02,1.0,0.12883,2.36289,0.47727,0.35271,"[0.55814, 0.0, 0.5]",402,0.66343,1.71294,0.5,0.48696,"[0.4375, 0.44444, 0.57895]",264,COMPLETED,18.121
659,20251231_122055,gaitset_GREW_TOP70.csv,70%,Preset_51,MLP,42,70,"[1280, 896, 512, 256]",mean,L2,64,4,1280,silu,0.45,Adam,,0.0002,2e-07,True,0.8,"[1, 2]","[1, 2, 3]",[0.68794326 2.1920904  0.91725768],0.02,1.0,0.12524,1.9666,0.5,0.41402,"[0.65116, 0.16667, 0.42424]",171,0.18205,2.0786,0.54545,0.45734,"[0.66667, 0.14286, 0.5625]",136,COMPLETED,8.946
660,20251231_122055,gaitset_OUMVLP_TOP70.csv,70%,Preset_51,MLP,42,54,"[1280, 896, 512, 256]",mean,L2,64,4,1280,silu,0.45,Adam,,0.0002,2e-07,True,0.8,"[1, 2]","[1, 2, 3]",[0.68794326 2.1920904  0.91725768],0.02,1.0,0.1215,1.94008,0.45455,0.37151,"[0.63636, 0.13333, 0.34483]",417,0.12247,2.02062,0.52273,0.45346,"[0.68182, 0.25, 0.42857]",413,COMPLETED,19.203
661,20251231_122055,gaitset_TOP70.csv,70%,Preset_51,MLP,42,34,"[1280, 896, 512, 256]",mean,L2,64,4,1280,silu,0.45,Adam,,0.0002,2e-07,True,0.8,"[1, 2]","[1, 2, 3]",[0.68794326 2.1920904  0.91725768],0.02,1.0,0.12585,2.17625,0.47727,0.43968,"[0.5, 0.28571, 0.53333]",339,0.13027,2.09044,0.54545,0.53492,"[0.57143, 0.5, 0.53333]",306,COMPLETED,15.581
662,20251231_122055,gln_phase1_TOP70.csv,70%,Preset_51,MLP,42,49,"[1280, 896, 512, 256]",mean,L2,64,4,1280,silu,0.45,Adam,,0.0002,2e-07,True,0.8,"[1, 2]","[1, 2, 3]",[0.68794326 2.1920904  0.91725768],0.02,1.0,0.11836,1.63034,0.54545,0.52206,"[0.60465, 0.46154, 0.5]",234,0.22188,1.73923,0.59091,0.56131,"[0.63415, 0.46154, 0.58824]",156,COMPLETED,10.931
663,20251231_122055,gln_phase2_TOP70.csv,70%,Preset_51,MLP,42,54,"[1280, 896, 512, 256]",mean,L2,64,4,1280,silu,0.45,Adam,,0.0002,2e-07,True,0.8,"[1, 2]","[1, 2, 3]",[0.68794326 2.1920904  0.91725768],0.02,1.0,0.12279,2.00856,0.5,0.44467,"[0.6, 0.36364, 0.37037]",211,0.35519,1.69577,0.59091,0.56173,"[0.66667, 0.5, 0.51852]",116,COMPLETED,9.51

664,20251231_122055,baseline_CASIAB_TOP70.csv,70%,Preset_52,MLP,42,26,"[512, 384, 256]",max,L2,128,3,512,silu,0.5,Adam,,0.0001,1e-06,True,0.65,[2],[3],[0.68794326 2.1920904  0.91725768],0.02,1.0,0.12757,2.07879,0.47727,0.38307,"[0.625, 0.15385, 0.37037]",1351,0.58685,1.10826,0.56818,0.51176,"[0.6383, 0.36364, 0.53333]",282,COMPLETED,36.297
665,20251231_122055,baseline_OUMVLP_TOP70.csv,70%,Preset_52,MLP,42,27,"[512, 384, 256]",max,L2,128,3,512,silu,0.5,Adam,,0.0001,1e-06,True,0.65,[2],[3],[0.68794326 2.1920904  0.91725768],0.02,1.0,0.17922,2.4467,0.36364,0.3177,"[0.41026, 0.14286, 0.4]",1217,0.55265,1.43649,0.43182,0.39697,"[0.5, 0.26667, 0.42424]",429,STOPPED,32.931
666,20251231_122055,gaitgl_GREW_BNNeck_TOP70.csv,70%,Preset_52,MLP,42,42,"[512, 384, 256]",max,L2,128,3,512,silu,0.5,Adam,,0.0001,1e-06,True,0.65,[2],[3],[0.68794326 2.1920904  0.91725768],0.02,1.0,0.12458,2.54175,0.47727,0.38478,"[0.66667, 0.14286, 0.34483]",622,0.12365,2.54274,0.54545,0.47833,"[0.69767, 0.28571, 0.45161]",621,COMPLETED,17.316
667,20251231_122055,gaitgl_GREW_TOP70.csv,70%,Preset_52,MLP,42,58,"[512, 384, 256]",max,L2,128,3,512,silu,0.5,Adam,,0.0001,1e-06,True,0.65,[2],[3],[0.68794326 2.1920904  0.91725768],0.02,1.0,0.12712,1.7501,0.5,0.53418,"[0.51163, 0.66667, 0.42424]",478,0.49552,1.25462,0.56818,0.56389,"[0.62222, 0.625, 0.44444]",212,COMPLETED,13.191
668,20251231_122055,gaitgl_OUMVLP_TOP70.csv,70%,Preset_52,MLP,42,17,"[512, 384, 256]",max,L2,128,3,512,silu,0.5,Adam,,0.0001,1e-06,True,0.65,[2],[3],[0.68794326 2.1920904  0.91725768],0.02,1.0,0.16085,2.64929,0.36364,0.36466,"[0.38889, 0.36364, 0.34146]",3311,0.182,2.5248,0.5,0.51065,"[0.51282, 0.54545, 0.47368]",2905,STOPPED,89.717
669,20251231_122055,gaitgl_TOP70.csv,70%,Preset_52,MLP,42,42,"[512, 384, 256]",max,L2,128,3,512,silu,0.5,Adam,,0.0001,1e-06,True,0.65,[2],[3],[0.68794326 2.1920904  0.91725768],0.02,1.0,0.12307,1.84873,0.43182,0.41687,"[0.43243, 0.33333, 0.48485]",609,0.58985,1.27031,0.52273,0.49014,"[0.58537, 0.33333, 0.55172]",199,COMPLETED,16.581
670,20251231_122055,gaitpart_GREW_TOP70.csv,70%,Preset_52,MLP,42,41,"[512, 384, 256]",max,L2,128,3,512,silu,0.5,Adam,,0.0001,1e-06,True,0.65,[2],[3],[0.68794326 2.1920904  0.91725768],0.02,1.0,0.1249,2.00922,0.45455,0.36151,"[0.58824, 0.2, 0.2963]",983,0.29529,1.6784,0.56818,0.5433,"[0.64, 0.54545, 0.44444]",572,COMPLETED,27.179
671,20251231_122055,gaitpart_OUMVLP_TOP70.csv,70%,Preset_52,MLP,42,24,"[512, 384, 256]",max,L2,128,3,512,silu,0.5,Adam,,0.0001,1e-06,True,0.65,[2],[3],[0.68794326 2.1920904  0.91725768],0.02,1.0,0.12864,2.61224,0.36364,0.29526,"[0.46154, 0.0, 0.42424]",2537,0.31509,2.2875,0.5,0.4151,"[0.6087, 0.15385, 0.48276]",1483,COMPLETED,68.017
672,20251231_122055,gaitset_GREW_TOP70.csv,70%,Preset_52,MLP,42,43,"[512, 384, 256]",max,L2,128,3,512,silu,0.5,Adam,,0.0001,1e-06,True,0.65,[2],[3],[0.68794326 2.1920904  0.91725768],0.02,1.0,0.1289,1.83977,0.43182,0.3643,"[0.55814, 0.18182, 0.35294]",943,0.21622,1.93601,0.56818,0.50147,"[0.67925, 0.46154, 0.36364]",720,COMPLETED,25.933
673,20251231_122055,gaitset_OUMVLP_TOP70.csv,70%,Preset_52,MLP,42,23,"[512, 384, 256]",max,L2,128,3,512,silu,0.5,Adam,,0.0001,1e-06,True,0.65,[2],[3],[0.68794326 2.1920904  0.91725768],0.02,1.0,0.13862,1.99256,0.45455,0.38208,"[0.63415, 0.125, 0.3871]",3215,0.4529,1.48092,0.59091,0.49426,"[0.64865, 0.2, 0.63415]",1630,STOPPED,86.782
674,20251231_122055,gaitset_TOP70.csv,70%,Preset_52,MLP,42,25,"[512, 384, 256]",max,L2,128,3,512,silu,0.5,Adam,,0.0001,1e-06,True,0.65,[2],[3],[0.68794326 2.1920904  0.91725768],0.02,1.0,0.12597,2.70611,0.38636,0.38025,"[0.44444, 0.2963, 0.4]",1256,0.49256,1.21313,0.56818,0.53559,"[0.59091, 0.44444, 0.57143]",340,COMPLETED,34.052
675,20251231_122055,gln_phase1_TOP70.csv,70%,Preset_52,MLP,42,25,"[512, 384, 256]",max,L2,128,3,512,silu,0.5,Adam,,0.0001,1e-06,True,0.65,[2],[3],[0.68794326 2.1920904  0.91725768],0.02,1.0,0.12287,1.89512,0.56818,0.41886,"[0.71111, 0.0, 0.54545]",1460,0.19707,1.77528,0.63636,0.56882,"[0.73171, 0.36364, 0.61111]",1182,COMPLETED,39.934
676,20251231_122055,gln_phase2_TOP70.csv,70%,Preset_52,MLP,42,24,"[512, 384, 256]",max,L2,128,3,512,silu,0.5,Adam,,0.0001,1e-06,True,0.65,[2],[3],[0.68794326 2.1920904  0.91725768],0.02,1.0,0.12586,1.87641,0.47727,0.43598,"[0.45714, 0.22222, 0.62857]",1602,0.65132,1.12139,0.59091,0.56304,"[0.57895, 0.46154, 0.64865]",332,COMPLETED,43.578

677,20251231_122055,baseline_CASIAB_TOP70.csv,70%,Preset_53,MLP,42,33,"[512, 384, 192]",max,L2,256,3,512,gelu,0.4,AdamW,,0.00025,5e-06,True,0.7,"[1, 3]",[2],[0.68794326 2.1920904  0.91725768],0.02,1.0,0.12245,1.88593,0.5,0.42732,"[0.54545, 0.22222, 0.51429]",500,0.4537,1.08759,0.59091,0.54467,"[0.58537, 0.4, 0.64865]",235,COMPLETED,9.533
678,20251231_122055,baseline_OUMVLP_TOP70.csv,70%,Preset_53,MLP,42,34,"[512, 384, 192]",max,L2,256,3,512,gelu,0.4,AdamW,,0.00025,5e-06,True,0.7,"[1, 3]",[2],[0.68794326 2.1920904  0.91725768],0.02,1.0,0.1287,2.23895,0.47727,0.46313,"[0.53659, 0.42857, 0.42424]",579,0.1335,2.18082,0.5,0.47828,"[0.55, 0.4, 0.48485]",549,COMPLETED,11.044
679,20251231_122055,gaitgl_GREW_BNNeck_TOP70.csv,70%,Preset_53,MLP,42,51,"[512, 384, 192]",max,L2,256,3,512,gelu,0.4,AdamW,,0.00025,5e-06,True,0.7,"[1, 3]",[2],[0.68794326 2.1920904  0.91725768],0.02,1.0,0.12239,2.30454,0.5,0.43293,"[0.62745, 0.36364, 0.30769]",278,0.46634,1.54766,0.54545,0.48838,"[0.65, 0.28571, 0.52941]",146,COMPLETED,5.38
680,20251231_122055,gaitgl_GREW_TOP70.csv,70%,Preset_53,MLP,42,69,"[512, 384, 192]",max,L2,256,3,512,gelu,0.4,AdamW,,0.00025,5e-06,True,0.7,"[1, 3]",[2],[0.68794326 2.1920904  0.91725768],0.02,1.0,0.1256,2.07777,0.38636,0.40666,"[0.42857, 0.53333, 0.25806]",222,0.63844,1.23941,0.47727,0.49005,"[0.51163, 0.57143, 0.3871]",92,COMPLETED,4.305
681,20251231_122055,gaitgl_OUMVLP_TOP70.csv,70%,Preset_53,MLP,42,24,"[512, 384, 192]",max,L2,256,3,512,gelu,0.4,AdamW,,0.00025,5e-06,True,0.7,"[1, 3]",[2],[0.68794326 2.1920904  0.91725768],0.02,1.0,0.12508,1.87534,0.5,0.44762,"[0.59574, 0.33333, 0.41379]",1270,0.24767,1.51868,0.61364,0.59495,"[0.65116, 0.54545, 0.58824]",955,COMPLETED,23.632
682,20251231_122055,gaitgl_TOP70.csv,70%,Preset_53,MLP,42,48,"[512, 384, 192]",max,L2,256,3,512,gelu,0.4,AdamW,,0.00025,5e-06,True,0.7,"[1, 3]",[2],[0.68794326 2.1920904  0.91725768],0.02,1.0,0.12108,2.30346,0.40909,0.40926,"[0.45, 0.44444, 0.33333]",295,0.56631,1.30423,0.54545,0.52083,"[0.57143, 0.42857, 0.5625]",136,COMPLETED,5.666
683,20251231_122055,gaitpart_GREW_TOP70.csv,70%,Preset_53,MLP,42,51,"[512, 384, 192]",max,L2,256,3,512,gelu,0.4,AdamW,,0.00025,5e-06,True,0.7,"[1, 3]",[2],[0.68794326 2.1920904  0.91725768],0.02,1.0,0.12164,2.18455,0.52273,0.43499,"[0.6, 0.22222, 0.48276]",414,0.73002,1.3623,0.5,0.47619,"[0.6, 0.4, 0.42857]",168,COMPLETED,7.682
684,20251231_122055,gaitpart_OUMVLP_TOP70.csv,70%,Preset_53,MLP,42,31,"[512, 384, 192]",max,L2,256,3,512,gelu,0.4,AdamW,,0.00025,5e-06,True,0.7,"[1, 3]",[2],[0.68794326 2.1920904  0.91725768],0.02,1.0,0.12603,2.20601,0.47727,0.40661,"[0.53659, 0.15385, 0.52941]",1293,0.73225,1.31862,0.52273,0.49566,"[0.54054, 0.375, 0.57143]",477,COMPLETED,23.822
685,20251231_122055,gaitset_GREW_TOP70.csv,70%,Preset_53,MLP,42,53,"[512, 384, 192]",max,L2,256,3,512,gelu,0.4,AdamW,,0.00025,5e-06,True,0.7,"[1, 3]",[2],[0.68794326 2.1920904  0.91725768],0.02,1.0,0.12262,1.62565,0.45455,0.41285,"[0.53659, 0.23529, 0.46667]",435,0.16457,1.55373,0.59091,0.51972,"[0.68085, 0.28571, 0.59259]",395,COMPLETED,8.501
686,20251231_122055,gaitset_OUMVLP_TOP70.csv,70%,Preset_53,MLP,42,30,"[512, 384, 192]",max,L2,256,3,512,gelu,0.4,AdamW,,0.00025,5e-06,True,0.7,"[1, 3]",[2],[0.68794326 2.1920904  0.91725768],0.02,1.0,0.12887,2.32226,0.43182,0.39191,"[0.54545, 0.30769, 0.32258]",1575,0.44512,1.38252,0.52273,0.46907,"[0.63636, 0.33333, 0.4375]",808,COMPLETED,29.191
687,20251231_122055,gaitset_TOP70.csv,70%,Preset_53,MLP,42,33,"[512, 384, 192]",max,L2,256,3,512,gelu,0.4,AdamW,,0.00025,5e-06,True,0.7,"[1, 3]",[2],[0.68794326 2.1920904  0.91725768],0.02,1.0,0.12678,2.23926,0.5,0.45976,"[0.61905, 0.31579, 0.44444]",451,0.1463,2.14281,0.5,0.46276,"[0.59091, 0.35294, 0.44444]",413,COMPLETED,8.555
688,20251231_122055,gln_phase1_TOP70.csv,70%,Preset_53,MLP,42,32,"[512, 384, 192]",max,L2,256,3,512,gelu,0.4,AdamW,,0.00025,5e-06,True,0.7,"[1, 3]",[2],[0.68794326 2.1920904  0.91725768],0.02,1.0,0.12617,2.0592,0.54545,0.44375,"[0.66667, 0.18182, 0.48276]",557,0.13388,1.79847,0.59091,0.48604,"[0.69565, 0.18182, 0.58065]",529,COMPLETED,10.701
689,20251231_122055,gln_phase2_TOP70.csv,70%,Preset_53,MLP,42,31,"[512, 384, 192]",max,L2,256,3,512,gelu,0.4,AdamW,,0.00025,5e-06,True,0.7,"[1, 3]",[2],[0.68794326 2.1920904  0.91725768],0.02,1.0,0.12455,1.74374,0.54545,0.5147,"[0.54054, 0.375, 0.62857]",606,0.17531,1.49883,0.61364,0.5812,"[0.61538, 0.46154, 0.66667]",485,COMPLETED,11.62

690,20251231_122055,baseline_CASIAB_TOP70.csv,70%,Preset_54,MLP,42,44,"[768, 512, 256]",mean,minmax,128,3,768,silu,0.45,Adam,,0.00015,1e-06,True,0.8,"[1, 2]","[1, 2]",[0.68794326 2.1920904  0.91725768],0.02,1.0,0.12867,1.67901,0.54545,0.45707,"[0.6087, 0.2, 0.5625]",515,0.28575,1.81482,0.59091,0.53093,"[0.66667, 0.36364, 0.5625]",143,COMPLETED,15.059
691,20251231_122055,baseline_OUMVLP_TOP70.csv,70%,Preset_54,MLP,42,44,"[768, 512, 256]",mean,minmax,128,3,768,silu,0.45,Adam,,0.00015,1e-06,True,0.8,"[1, 2]","[1, 2]",[0.68794326 2.1920904  0.91725768],0.02,1.0,0.12974,1.41681,0.52273,0.44207,"[0.51282, 0.18182, 0.63158]",536,0.13068,1.40239,0.63636,0.56685,"[0.65, 0.30769, 0.74286]",462,COMPLETED,15.255
692,20251231_122055,gaitgl_GREW_BNNeck_TOP70.csv,70%,Preset_54,MLP,42,59,"[768, 512, 256]",mean,minmax,128,3,768,silu,0.45,Adam,,0.00015,1e-06,True,0.8,"[1, 2]","[1, 2]",[0.68794326 2.1920904  0.91725768],0.02,1.0,0.12592,1.6731,0.43182,0.29877,"[0.6, 0.0, 0.2963]",424,0.35358,1.52158,0.47727,0.43274,"[0.57778, 0.33333, 0.3871]",75,COMPLETED,11.83
693,20251231_122055,gaitgl_GREW_TOP70.csv,70%,Preset_54,MLP,42,74,"[768, 512, 256]",mean,minmax,128,3,768,silu,0.45,Adam,,0.00015,1e-06,True,0.8,"[1, 2]","[1, 2]",[0.68794326 2.1920904  0.91725768],0.02,1.0,0.12746,2.02313,0.38636,0.33135,"[0.47619, 0.14286, 0.375]",321,0.14939,2.05706,0.47727,0.46162,"[0.5, 0.4, 0.48485]",246,COMPLETED,9.393
694,20251231_122055,gaitgl_OUMVLP_TOP70.csv,70%,Preset_54,MLP,42,43,"[768, 512, 256]",mean,minmax,128,3,768,silu,0.45,Adam,,0.00015,1e-06,True,0.8,"[1, 2]","[1, 2]",[0.68794326 2.1920904  0.91725768],0.02,1.0,0.12294,1.73501,0.54545,0.48514,"[0.63636, 0.28571, 0.53333]",694,0.17768,1.69793,0.59091,0.55258,"[0.66667, 0.42857, 0.5625]",320,COMPLETED,19.405
695,20251231_122055,gaitgl_TOP70.csv,70%,Preset_54,MLP,42,37,"[768, 512, 256]",mean,minmax,128,3,768,silu,0.45,Adam,,0.00015,1e-06,True,0.8,"[1, 2]","[1, 2]",[0.68794326 2.1920904  0.91725768],0.02,1.0,0.12687,2.27339,0.43182,0.31111,"[0.53333, 0.0, 0.4]",707,0.74776,1.28723,0.52273,0.52513,"[0.48649, 0.53333, 0.55556]",51,COMPLETED,19.265
696,20251231_122055,gaitpart_GREW_TOP70.csv,70%,Preset_54,MLP,42,67,"[768, 512, 256]",mean,minmax,128,3,768,silu,0.45,Adam,,0.00015,1e-06,True,0.8,"[1, 2]","[1, 2]",[0.68794326 2.1920904  0.91725768],0.02,1.0,0.12793,1.49631,0.52273,0.41095,"[0.69388, 0.18182, 0.35714]",341,0.26481,1.64896,0.54545,0.50594,"[0.65116, 0.4, 0.46667]",86,COMPLETED,9.021
697,20251231_122055,gaitpart_OUMVLP_TOP70.csv,70%,Preset_54,MLP,42,55,"[768, 512, 256]",mean,minmax,128,3,768,silu,0.45,Adam,,0.00015,1e-06,True,0.8,"[1, 2]","[1, 2]",[0.68794326 2.1920904  0.91725768],0.02,1.0,0.12904,1.62407,0.47727,0.39207,"[0.59574, 0.16667, 0.41379]",358,0.74387,1.10591,0.52273,0.49848,"[0.55, 0.4, 0.54545]",25,COMPLETED,9.553
698,20251231_122055,gaitset_GREW_TOP70.csv,70%,Preset_54,MLP,42,69,"[768, 512, 256]",mean,minmax,128,3,768,silu,0.45,Adam,,0.00015,1e-06,True,0.8,"[1, 2]","[1, 2]",[0.68794326 2.1920904  0.91725768],0.02,1.0,0.12791,1.52161,0.56818,0.47033,"[0.66667, 0.18182, 0.5625]",305,0.37932,1.53344,0.56818,0.50007,"[0.68182, 0.26667, 0.55172]",62,COMPLETED,8.515
699,20251231_122055,gaitset_OUMVLP_TOP70.csv,70%,Preset_54,MLP,42,54,"[768, 512, 256]",mean,minmax,128,3,768,silu,0.45,Adam,,0.00015,1e-06,True,0.8,"[1, 2]","[1, 2]",[0.68794326 2.1920904  0.91725768],0.02,1.0,0.12876,1.34685,0.5,0.41474,"[0.59574, 0.18182, 0.46667]",412,0.25701,1.71297,0.52273,0.49585,"[0.57143, 0.4, 0.51613]",114,COMPLETED,11.023
700,20251231_122055,gaitset_TOP70.csv,70%,Preset_54,MLP,42,36,"[768, 512, 256]",mean,minmax,128,3,768,silu,0.45,Adam,,0.00015,1e-06,True,0.8,"[1, 2]","[1, 2]",[0.68794326 2.1920904  0.91725768],0.02,1.0,0.12986,2.2167,0.38636,0.33784,"[0.42857, 0.13333, 0.45161]",675,0.43648,1.75073,0.45455,0.43463,"[0.4878, 0.33333, 0.48276]",101,COMPLETED,19.245
701,20251231_122055,gln_phase1_TOP70.csv,70%,Preset_54,MLP,42,50,"[768, 512, 256]",mean,minmax,128,3,768,silu,0.45,Adam,,0.00015,1e-06,True,0.8,"[1, 2]","[1, 2]",[0.68794326 2.1920904  0.91725768],0.02,1.0,0.12824,1.60573,0.54545,0.44982,"[0.66667, 0.16667, 0.51613]",405,0.19234,1.77625,0.61364,0.58896,"[0.68182, 0.53333, 0.55172]",152,COMPLETED,11.33
702,20251231_122055,gln_phase2_TOP70.csv,70%,Preset_54,MLP,42,54,"[768, 512, 256]",mean,minmax,128,3,768,silu,0.45,Adam,,0.00015,1e-06,True,0.8,"[1, 2]","[1, 2]",[0.68794326 2.1920904  0.91725768],0.02,1.0,0.12696,1.90049,0.45455,0.34291,"[0.55814, 0.0, 0.47059]",393,0.69192,1.14555,0.5,0.48413,"[0.5, 0.38095, 0.57143]",33,COMPLETED,10.788

703,20251231_122055,baseline_CASIAB_TOP70.csv,70%,Preset_55,MLP,42,44,"[768, 512, 256]",mean,minmax,64,3,768,elu,0.55,RMSprop,,8e-05,5e-05,True,0.8,"[1, 3]","[1, 2]",[0.68794326 2.1920904  0.91725768],0.02,1.0,0.12856,1.86042,0.5,0.45592,"[0.53659, 0.28571, 0.54545]",1238,0.28136,1.83804,0.59091,0.5285,"[0.65217, 0.33333, 0.6]",502,COMPLETED,51.538
704,20251231_122055,baseline_OUMVLP_TOP70.csv,70%,Preset_55,MLP,42,44,"[768, 512, 256]",mean,minmax,64,3,768,elu,0.55,RMSprop,,8e-05,5e-05,True,0.8,"[1, 3]","[1, 2]",[0.68794326 2.1920904  0.91725768],0.02,1.0,0.12782,1.60194,0.61364,0.58772,"[0.57895, 0.5, 0.68421]",1269,0.3298,1.3544,0.63636,0.60603,"[0.61538, 0.5, 0.7027]",423,COMPLETED,52.805
705,20251231_122055,gaitgl_GREW_BNNeck_TOP70.csv,70%,Preset_55,MLP,42,59,"[768, 512, 256]",mean,minmax,64,3,768,elu,0.55,RMSprop,,8e-05,5e-05,True,0.8,"[1, 3]","[1, 2]",[0.68794326 2.1920904  0.91725768],0.02,1.0,0.12874,1.9903,0.47727,0.3831,"[0.6383, 0.15385, 0.35714]",990,0.74067,1.47664,0.5,0.46818,"[0.6, 0.35294, 0.45161]",108,COMPLETED,40.5
706,20251231_122055,gaitgl_GREW_TOP70.csv,70%,Preset_55,MLP,42,74,"[768, 512, 256]",mean,minmax,64,3,768,elu,0.55,RMSprop,,8e-05,5e-05,True,0.8,"[1, 3]","[1, 2]",[0.68794326 2.1920904  0.91725768],0.02,1.0,0.12688,2.31436,0.36364,0.3125,"[0.5, 0.125, 0.3125]",909,0.13612,2.394,0.43182,0.37094,"[0.51282, 0.14286, 0.45714]",852,COMPLETED,36.916
707,20251231_122055,gaitgl_OUMVLP_TOP70.csv,70%,Preset_55,MLP,42,43,"[768, 512, 256]",mean,minmax,64,3,768,elu,0.55,RMSprop,,8e-05,5e-05,True,0.8,"[1, 3]","[1, 2]",[0.68794326 2.1920904  0.91725768],0.02,1.0,0.12992,2.08449,0.52273,0.49055,"[0.58537, 0.35294, 0.53333]",1436,0.34404,1.44079,0.61364,0.57923,"[0.65116, 0.46154, 0.625]",497,COMPLETED,58.225
708,20251231_122055,gaitgl_TOP70.csv,70%,Preset_55,MLP,42,37,"[768, 512, 256]",mean,minmax,64,3,768,elu,0.55,RMSprop,,8e-05,5e-05,True,0.8,"[1, 3]","[1, 2]",[0.68794326 2.1920904  0.91725768],0.02,1.0,0.12814,2.47785,0.38636,0.2963,"[0.5, 0.0, 0.38889]",1415,0.13306,2.51068,0.5,0.45926,"[0.6, 0.33333, 0.44444]",1318,COMPLETED,55.977
709,20251231_122055,gaitpart_GREW_TOP70.csv,70%,Preset_55,MLP,42,67,"[768, 512, 256]",mean,minmax,64,3,768,elu,0.55,RMSprop,,8e-05,5e-05,True,0.8,"[1, 3]","[1, 2]",[0.68794326 2.1920904  0.91725768],0.02,1.0,0.12446,1.78684,0.45455,0.34776,"[0.61905, 0.0, 0.42424]",849,0.13222,1.80671,0.52273,0.46329,"[0.66667, 0.28571, 0.4375]",770,COMPLETED,33.491
710,20251231_122055,gaitpart_OUMVLP_TOP70.csv,70%,Preset_55,MLP,42,55,"[768, 512, 256]",mean,minmax,64,3,768,elu,0.55,RMSprop,,8e-05,5e-05,True,0.8,"[1, 3]","[1, 2]",[0.68794326 2.1920904  0.91725768],0.02,1.0,0.1263,1.63992,0.47727,0.43381,"[0.55, 0.23529, 0.51613]",959,0.18134,1.55896,0.56818,0.52993,"[0.63415, 0.375, 0.58065]",565,COMPLETED,37.954
711,20251231_122055,gaitset_GREW_TOP70.csv,70%,Preset_55,MLP,42,69,"[768, 512, 256]",mean,minmax,64,3,768,elu,0.55,RMSprop,,8e-05,5e-05,True,0.8,"[1, 3]","[1, 2]",[0.68794326 2.1920904  0.91725768],0.02,1.0,0.12111,1.69137,0.61364,0.5254,"[0.75, 0.30769, 0.51852]",887,0.14272,1.85219,0.65909,0.56398,"[0.79167, 0.30769, 0.59259]",729,COMPLETED,35.207
712,20251231_122055,gaitset_OUMVLP_TOP70.csv,70%,Preset_55,MLP,42,54,"[768, 512, 256]",mean,minmax,64,3,768,elu,0.55,RMSprop,,8e-05,5e-05,True,0.8,"[1, 3]","[1, 2]",[0.68794326 2.1920904  0.91725768],0.02,1.0,0.12749,1.49285,0.54545,0.45258,"[0.65217, 0.15385, 0.55172]",1030,0.13735,1.46141,0.61364,0.5438,"[0.68085, 0.30769, 0.64286]",878,COMPLETED,41.107
713,20251231_122055,gaitset_TOP70.csv,70%,Preset_55,MLP,42,36,"[768, 512, 256]",mean,minmax,64,3,768,elu,0.55,RMSprop,,8e-05,5e-05,True,0.8,"[1, 3]","[1, 2]",[0.68794326 2.1920904  0.91725768],0.02,1.0,0.13596,2.33791,0.34091,0.31962,"[0.39024, 0.23529, 0.33333]",1228,0.69385,1.54352,0.43182,0.41667,"[0.45, 0.33333, 0.46667]",178,STOPPED,48.297
714,20251231_122055,gln_phase1_TOP70.csv,70%,Preset_55,MLP,42,50,"[768, 512, 256]",mean,minmax,64,3,768,elu,0.55,RMSprop,,8e-05,5e-05,True,0.8,"[1, 3]","[1, 2]",[0.68794326 2.1920904  0.91725768],0.02,1.0,0.12306,1.76891,0.47727,0.42377,"[0.60465, 0.26667, 0.4]",1088,0.73879,1.09339,0.61364,0.61064,"[0.68421, 0.63158, 0.51613]",84,COMPLETED,43.241
715,20251231_122055,gln_phase2_TOP70.csv,70%,Preset_55,MLP,42,54,"[768, 512, 256]",mean,minmax,64,3,768,elu,0.55,RMSprop,,8e-05,5e-05,True,0.8,"[1, 3]","[1, 2]",[0.68794326 2.1920904  0.91725768],0.02,1.0,0.12672,2.25713,0.43182,0.39484,"[0.52381, 0.28571, 0.375]",1056,0.69196,1.28154,0.56818,0.5316,"[0.63158, 0.375, 0.58824]",109,COMPLETED,41.797

716,20251231_122055,baseline_CASIAB_TOP70.csv,70%,Preset_56,MLP,42,45,"[768, 512, 256]",mean,L2,128,3,768,leakyrelu,0.4,Adam,,0.00025,5e-06,True,0.8,"[1, 2, 3]",[],[0.68794326 2.1920904  0.91725768],0.02,1.0,0.10884,1.52184,0.5,0.41805,"[0.62963, 0.36364, 0.26087]",63,0.11687,1.37699,0.56818,0.53961,"[0.65217, 0.5, 0.46667]",60,COMPLETED,1.895
717,20251231_122055,baseline_OUMVLP_TOP70.csv,70%,Preset_56,MLP,42,43,"[768, 512, 256]",mean,L2,128,3,768,leakyrelu,0.4,Adam,,0.00025,5e-06,True,0.8,"[1, 2, 3]",[],[0.68794326 2.1920904  0.91725768],0.02,1.0,0.11342,1.6175,0.47727,0.38172,"[0.5, 0.0, 0.64516]",99,0.14723,1.53673,0.52273,0.45,"[0.55, 0.13333, 0.66667]",82,COMPLETED,2.866
718,20251231_122055,gaitgl_GREW_BNNeck_TOP70.csv,70%,Preset_56,MLP,42,59,"[768, 512, 256]",mean,L2,128,3,768,leakyrelu,0.4,Adam,,0.00025,5e-06,True,0.8,"[1, 2, 3]",[],[0.68794326 2.1920904  0.91725768],0.02,1.0,0.11214,1.57394,0.47727,0.42284,"[0.60465, 0.23529, 0.42857]",42,0.60911,1.12207,0.54545,0.50274,"[0.55, 0.36364, 0.59459]",12,COMPLETED,1.257
719,20251231_122055,gaitgl_GREW_TOP70.csv,70%,Preset_56,MLP,42,84,"[768, 512, 256]",mean,L2,128,3,768,leakyrelu,0.4,Adam,,0.00025,5e-06,True,0.8,"[1, 2, 3]",[],[0.68794326 2.1920904  0.91725768],0.02,1.0,0.11396,1.9612,0.43182,0.36277,"[0.54545, 0.14286, 0.4]",76,0.15155,1.76185,0.5,0.48496,"[0.52632, 0.42857, 0.5]",62,COMPLETED,2.297
720,20251231_122055,gaitgl_OUMVLP_TOP70.csv,70%,Preset_56,MLP,42,55,"[768, 512, 256]",mean,L2,128,3,768,leakyrelu,0.4,Adam,,0.00025,5e-06,True,0.8,"[1, 2, 3]",[],[0.68794326 2.1920904  0.91725768],0.02,1.0,0.11854,1.85171,0.43182,0.37251,"[0.46512, 0.18182, 0.47059]",222,0.69566,1.3773,0.56818,0.52373,"[0.5625, 0.4, 0.6087]",93,COMPLETED,6.136
721,20251231_122055,gaitgl_TOP70.csv,70%,Preset_56,MLP,42,43,"[768, 512, 256]",mean,L2,128,3,768,leakyrelu,0.4,Adam,,0.00025,5e-06,True,0.8,"[1, 2, 3]",[],[0.68794326 2.1920904  0.91725768],0.02,1.0,0.10813,2.14804,0.25,0.24644,"[0.27778, 0.30769, 0.15385]",55,0.13924,1.87182,0.36364,0.37718,"[0.34286, 0.47619, 0.3125]",41,COMPLETED,1.627
722,20251231_122055,gaitpart_GREW_TOP70.csv,70%,Preset_56,MLP,42,67,"[768, 512, 256]",mean,L2,128,3,768,leakyrelu,0.4,Adam,,0.00025,5e-06,True,0.8,"[1, 2, 3]",[],[0.68794326 2.1920904  0.91725768],0.02,1.0,0.11123,1.48838,0.5,0.45039,"[0.65116, 0.3, 0.4]",67,0.51722,1.28717,0.56818,0.47434,"[0.5625, 0.22222, 0.6383]",32,COMPLETED,1.892
723,20251231_122055,gaitpart_OUMVLP_TOP70.csv,70%,Preset_56,MLP,42,57,"[768, 512, 256]",mean,L2,128,3,768,leakyrelu,0.4,Adam,,0.00025,5e-06,True,0.8,"[1, 2, 3]",[],[0.68794326 2.1920904  0.91725768],0.02,1.0,0.11299,1.74028,0.5,0.44099,"[0.6087, 0.28571, 0.42857]",172,0.5614,1.30429,0.59091,0.56907,"[0.54054, 0.5, 0.66667]",81,COMPLETED,4.836
724,20251231_122055,gaitset_GREW_TOP70.csv,70%,Preset_56,MLP,42,70,"[768, 512, 256]",mean,L2,128,3,768,leakyrelu,0.4,Adam,,0.00025,5e-06,True,0.8,"[1, 2, 3]",[],[0.68794326 2.1920904  0.91725768],0.02,1.0,0.10836,1.59452,0.56818,0.47033,"[0.66667, 0.18182, 0.5625]",60,0.2797,1.32185,0.56818,0.4721,"[0.68182, 0.15385, 0.58065]",35,COMPLETED,1.767
725,20251231_122055,gaitset_OUMVLP_TOP70.csv,70%,Preset_56,MLP,42,54,"[768, 512, 256]",mean,L2,128,3,768,leakyrelu,0.4,Adam,,0.00025,5e-06,True,0.8,"[1, 2, 3]",[],[0.68794326 2.1920904  0.91725768],0.02,1.0,0.12052,1.96889,0.5,0.3586,"[0.6383, 0.0, 0.4375]",168,0.12052,1.96889,0.5,0.3586,"[0.6383, 0.0, 0.4375]",168,COMPLETED,4.799
726,20251231_122055,gaitset_TOP70.csv,70%,Preset_56,MLP,42,34,"[768, 512, 256]",mean,L2,128,3,768,leakyrelu,0.4,Adam,,0.00025,5e-06,True,0.8,"[1, 2, 3]",[],[0.68794326 2.1920904  0.91725768],0.02,1.0,0.11506,1.70715,0.43182,0.41405,"[0.47368, 0.28571, 0.48276]",58,0.21953,1.62071,0.45455,0.42728,"[0.3871, 0.31579, 0.57895]",40,COMPLETED,1.781
727,20251231_122055,gln_phase1_TOP70.csv,70%,Preset_56,MLP,42,49,"[768, 512, 256]",mean,L2,128,3,768,leakyrelu,0.4,Adam,,0.00025,5e-06,True,0.8,"[1, 2, 3]",[],[0.68794326 2.1920904  0.91725768],0.02,1.0,0.11001,1.55374,0.56818,0.5451,"[0.64706, 0.4, 0.58824]",58,0.12239,1.49175,0.56818,0.5451,"[0.64706, 0.4, 0.58824]",49,COMPLETED,1.824
728,20251231_122055,gln_phase2_TOP70.csv,70%,Preset_56,MLP,42,54,"[768, 512, 256]",mean,L2,128,3,768,leakyrelu,0.4,Adam,,0.00025,5e-06,True,0.8,"[1, 2, 3]",[],[0.68794326 2.1920904  0.91725768],0.02,1.0,0.11467,1.64811,0.36364,0.25949,"[0.42553, 0.0, 0.35294]",55,0.68659,0.99733,0.63636,0.65751,"[0.61111, 0.72727, 0.63415]",15,COMPLETED,1.599

729,20251231_122055,baseline_CASIAB_TOP70.csv,70%,Preset_57,MLP,42,256,"[768, 512, 256]",mean,L2,88,3,768,silu,0.4,Adam,,0.0002,1e-07,False,,"[1, 2, 3]","[1, 2]",[0.68794326 2.1920904  0.91725768],0.02,1.0,0.11885,2.32128,0.52273,0.37007,"[0.62745, 0.0, 0.48276]",128,0.29261,1.77737,0.59091,0.52667,"[0.68, 0.4, 0.5]",52,COMPLETED,4.268
730,20251231_122055,baseline_OUMVLP_TOP70.csv,70%,Preset_57,MLP,42,256,"[768, 512, 256]",mean,L2,88,3,768,silu,0.4,Adam,,0.0002,1e-07,False,,"[1, 2, 3]","[1, 2]",[0.68794326 2.1920904  0.91725768],0.02,1.0,0.12115,2.42891,0.52273,0.47304,"[0.54054, 0.25, 0.62857]",180,0.12825,2.12248,0.54545,0.49208,"[0.54054, 0.25, 0.68571]",131,COMPLETED,5.988
731,20251231_122055,gaitgl_GREW_BNNeck_TOP70.csv,70%,Preset_57,MLP,42,256,"[768, 512, 256]",mean,L2,88,3,768,silu,0.4,Adam,,0.0002,1e-07,False,,"[1, 2, 3]","[1, 2]",[0.68794326 2.1920904  0.91725768],0.02,1.0,0.12598,1.95982,0.5,0.34717,"[0.64151, 0.0, 0.4]",90,0.35697,1.72246,0.5,0.42707,"[0.58537, 0.13333, 0.5625]",39,COMPLETED,3.0
732,20251231_122055,gaitgl_GREW_TOP70.csv,70%,Preset_57,MLP,42,256,"[768, 512, 256]",mean,L2,88,3,768,silu,0.4,Adam,,0.0002,1e-07,False,,"[1, 2, 3]","[1, 2]",[0.68794326 2.1920904  0.91725768],0.02,1.0,0.12697,2.13638,0.45455,0.39076,"[0.47619, 0.18182, 0.51429]",179,0.16867,1.94391,0.63636,0.57429,"[0.68, 0.4, 0.64286]",118,COMPLETED,6.032
733,20251231_122055,gaitgl_OUMVLP_TOP70.csv,70%,Preset_57,MLP,42,256,"[768, 512, 256]",mean,L2,88,3,768,silu,0.4,Adam,,0.0002,1e-07,False,,"[1, 2, 3]","[1, 2]",[0.68794326 2.1920904  0.91725768],0.02,1.0,0.24405,2.32488,0.45455,0.41822,"[0.43243, 0.26667, 0.55556]",659,0.34532,1.79506,0.61364,0.59402,"[0.61538, 0.5, 0.66667]",277,STOPPED,21.501
734,20251231_122055,gaitgl_TOP70.csv,70%,Preset_57,MLP,42,128,"[768, 512, 256]",mean,L2,88,3,768,silu,0.4,Adam,,0.0002,1e-07,False,,"[1, 2, 3]","[1, 2]",[0.68794326 2.1920904  0.91725768],0.02,1.0,0.12125,2.61424,0.40909,0.31601,"[0.46154, 0.0, 0.48649]",119,0.67823,1.50256,0.5,0.47828,"[0.55, 0.4, 0.48485]",30,COMPLETED,3.896
735,20251231_122055,gaitpart_GREW_TOP70.csv,70%,Preset_57,MLP,42,256,"[768, 512, 256]",mean,L2,88,3,768,silu,0.4,Adam,,0.0002,1e-07,False,,"[1, 2, 3]","[1, 2]",[0.68794326 2.1920904  0.91725768],0.02,1.0,0.12614,1.66335,0.61364,0.50688,"[0.69565, 0.2, 0.625]",151,0.14486,1.76525,0.61364,0.54839,"[0.66667, 0.33333, 0.64516]",119,COMPLETED,5.112
736,20251231_122055,gaitpart_OUMVLP_TOP70.csv,70%,Preset_57,MLP,42,256,"[768, 512, 256]",mean,L2,88,3,768,silu,0.4,Adam,,0.0002,1e-07,False,,"[1, 2, 3]","[1, 2]",[0.68794326 2.1920904  0.91725768],0.02,1.0,0.12524,1.87169,0.54545,0.39921,"[0.65217, 0.0, 0.54545]",582,0.37515,1.57752,0.59091,0.5534,"[0.61111, 0.44444, 0.60465]",205,COMPLETED,18.844
737,20251231_122055,gaitset_GREW_TOP70.csv,70%,Preset_57,MLP,42,256,"[768, 512, 256]",mean,L2,88,3,768,silu,0.4,Adam,,0.0002,1e-07,False,,"[1, 2, 3]","[1, 2]",[0.68794326 2.1920904  0.91725768],0.02,1.0,0.11857,2.02507,0.5,0.42564,"[0.51282, 0.2, 0.5641]",128,0.36948,1.52443,0.56818,0.50758,"[0.65, 0.26667, 0.60606]",54,COMPLETED,4.292
738,20251231_122055,gaitset_OUMVLP_TOP70.csv,70%,Preset_57,MLP,42,256,"[768, 512, 256]",mean,L2,88,3,768,silu,0.4,Adam,,0.0002,1e-07,False,,"[1, 2, 3]","[1, 2]",[0.68794326 2.1920904  0.91725768],0.02,1.0,0.12509,2.18699,0.40909,0.3125,"[0.5, 0.0, 0.4375]",377,0.20054,2.8337,0.43182,0.40945,"[0.52381, 0.25, 0.45455]",293,COMPLETED,12.294
739,20251231_122055,gaitset_TOP70.csv,70%,Preset_57,MLP,42,256,"[768, 512, 256]",mean,L2,88,3,768,silu,0.4,Adam,,0.0002,1e-07,False,,"[1, 2, 3]","[1, 2]",[0.68794326 2.1920904  0.91725768],0.02,1.0,0.11271,3.1372,0.36364,0.30266,"[0.47826, 0.15385, 0.27586]",120,0.12919,3.15337,0.43182,0.375,"[0.54167, 0.25, 0.33333]",105,COMPLETED,4.121
740,20251231_122055,gln_phase1_TOP70.csv,70%,Preset_57,MLP,42,256,"[768, 512, 256]",mean,L2,88,3,768,silu,0.4,Adam,,0.0002,1e-07,False,,"[1, 2, 3]","[1, 2]",[0.68794326 2.1920904  0.91725768],0.02,1.0,0.126,2.0105,0.45455,0.38329,"[0.57143, 0.16667, 0.41176]",109,0.70745,1.13146,0.52273,0.49512,"[0.58537, 0.4, 0.5]",30,COMPLETED,3.622
741,20251231_122055,gln_phase2_TOP70.csv,70%,Preset_57,MLP,42,256,"[768, 512, 256]",mean,L2,88,3,768,silu,0.4,Adam,,0.0002,1e-07,False,,"[1, 2, 3]","[1, 2]",[0.68794326 2.1920904  0.91725768],0.02,1.0,0.12126,2.26392,0.36364,0.31032,"[0.45455, 0.15385, 0.32258]",125,0.47851,1.54902,0.45455,0.43068,"[0.375, 0.35294, 0.5641]",35,COMPLETED,4.135

742,20251231_122055,baseline_CASIAB_TOP70.csv,70%,Preset_58,MLP,42,45,"[896, 640, 320, 192]",mean,L2,64,4,896,leakyrelu,0.5,Adam,,0.0002,1e-07,True,0.8,"[1, 2, 3, 4]","[1, 2, 3]",[0.68794326 2.1920904  0.91725768],0.02,1.0,0.12568,2.38987,0.5,0.41734,"[0.58824, 0.25, 0.41379]",297,0.11364,2.09071,0.59091,0.55163,"[0.62222, 0.44444, 0.58824]",296,COMPLETED,14.277
743,20251231_122055,baseline_OUMVLP_TOP70.csv,70%,Preset_58,MLP,42,43,"[896, 640, 320, 192]",mean,L2,64,4,896,leakyrelu,0.5,Adam,,0.0002,1e-07,True,0.8,"[1, 2, 3, 4]","[1, 2, 3]",[0.68794326 2.1920904  0.91725768],0.02,1.0,0.12995,1.80576,0.63636,0.53268,"[0.66667, 0.16667, 0.76471]",355,0.16064,1.78371,0.65909,0.54807,"[0.69767, 0.18182, 0.76471]",340,COMPLETED,17.803
744,20251231_122055,gaitgl_GREW_BNNeck_TOP70.csv,70%,Preset_58,MLP,42,59,"[896, 640, 320, 192]",mean,L2,64,4,896,leakyrelu,0.5,Adam,,0.0002,1e-07,True,0.8,"[1, 2, 3, 4]","[1, 2, 3]",[0.68794326 2.1920904  0.91725768],0.02,1.0,0.12269,2.05785,0.56818,0.44952,"[0.72, 0.2, 0.42857]",237,0.19971,1.97433,0.61364,0.50054,"[0.73913, 0.2, 0.5625]",133,COMPLETED,11.568
745,20251231_122055,gaitgl_GREW_TOP70.csv,70%,Preset_58,MLP,42,84,"[896, 640, 320, 192]",mean,L2,64,4,896,leakyrelu,0.5,Adam,,0.0002,1e-07,True,0.8,"[1, 2, 3, 4]","[1, 2, 3]",[0.68794326 2.1920904  0.91725768],0.02,1.0,0.11998,2.65791,0.43182,0.30161,"[0.56, 0.0, 0.34483]",219,0.70677,1.51549,0.38636,0.35833,"[0.375, 0.25, 0.45]",77,COMPLETED,10.439
746,20251231_122055,gaitgl_OUMVLP_TOP70.csv,70%,Preset_58,MLP,42,55,"[896, 640, 320, 192]",mean,L2,64,4,896,leakyrelu,0.5,Adam,,0.0002,1e-07,True,0.8,"[1, 2, 3, 4]","[1, 2, 3]",[0.68794326 2.1920904  0.91725768],0.02,1.0,0.11736,2.22951,0.54545,0.5189,"[0.61224, 0.5, 0.44444]",525,0.3813,1.58689,0.54545,0.54574,"[0.51282, 0.54545, 0.57895]",279,COMPLETED,24.72
747,20251231_122055,gaitgl_TOP70.csv,70%,Preset_58,MLP,42,43,"[896, 640, 320, 192]",mean,L2,64,4,896,leakyrelu,0.5,Adam,,0.0002,1e-07,True,0.8,"[1, 2, 3, 4]","[1, 2, 3]",[0.68794326 2.1920904  0.91725768],0.02,1.0,0.12698,2.99743,0.31818,0.20323,"[0.46154, 0.0, 0.14815]",366,0.63242,1.84667,0.38636,0.37491,"[0.35897, 0.33333, 0.43243]",96,COMPLETED,17.758
748,20251231_122055,gaitpart_GREW_TOP70.csv,70%,Preset_58,MLP,42,67,"[896, 640, 320, 192]",mean,L2,64,4,896,leakyrelu,0.5,Adam,,0.0002,1e-07,True,0.8,"[1, 2, 3, 4]","[1, 2, 3]",[0.68794326 2.1920904  0.91725768],0.02,1.0,0.11099,2.12366,0.61364,0.5638,"[0.71111, 0.42857, 0.55172]",238,0.16744,1.75936,0.65909,0.61132,"[0.72727, 0.46154, 0.64516]",204,COMPLETED,11.668
749,20251231_122055,gaitpart_OUMVLP_TOP70.csv,70%,Preset_58,MLP,42,57,"[896, 640, 320, 192]",mean,L2,64,4,896,leakyrelu,0.5,Adam,,0.0002,1e-07,True,0.8,"[1, 2, 3, 4]","[1, 2, 3]",[0.68794326 2.1920904  0.91725768],0.02,1.0,0.12241,2.11201,0.56818,0.47635,"[0.62222, 0.18182, 0.625]",475,0.13925,1.92455,0.61364,0.51353,"[0.63415, 0.22222, 0.68421]",403,COMPLETED,22.821
750,20251231_122055,gaitset_GREW_TOP70.csv,70%,Preset_58,MLP,42,70,"[896, 640, 320, 192]",mean,L2,64,4,896,leakyrelu,0.5,Adam,,0.0002,1e-07,True,0.8,"[1, 2, 3, 4]","[1, 2, 3]",[0.68794326 2.1920904  0.91725768],0.02,1.0,0.11593,2.32609,0.54545,0.47698,"[0.71429, 0.25, 0.46667]",208,0.12022,2.10062,0.56818,0.5066,"[0.66667, 0.30769, 0.54545]",187,COMPLETED,10.04
751,20251231_122055,gaitset_OUMVLP_TOP70.csv,70%,Preset_58,MLP,42,54,"[896, 640, 320, 192]",mean,L2,64,4,896,leakyrelu,0.5,Adam,,0.0002,1e-07,True,0.8,"[1, 2, 3, 4]","[1, 2, 3]",[0.68794326 2.1920904  0.91725768],0.02,1.0,0.12583,2.88276,0.40909,0.30814,"[0.51064, 0.0, 0.41379]",418,0.10995,2.71181,0.47727,0.40571,"[0.55814, 0.14286, 0.51613]",401,COMPLETED,20.347
752,20251231_122055,gaitset_TOP70.csv,70%,Preset_58,MLP,42,34,"[896, 640, 320, 192]",mean,L2,64,4,896,leakyrelu,0.5,Adam,,0.0002,1e-07,True,0.8,"[1, 2, 3, 4]","[1, 2, 3]",[0.68794326 2.1920904  0.91725768],0.02,1.0,0.12265,2.4727,0.47727,0.34393,"[0.54902, 0.0, 0.48276]",483,0.11026,2.33827,0.52273,0.51063,"[0.56522, 0.5, 0.46667]",453,COMPLETED,23.039
753,20251231_122055,gln_phase1_TOP70.csv,70%,Preset_58,MLP,42,49,"[896, 640, 320, 192]",mean,L2,64,4,896,leakyrelu,0.5,Adam,,0.0002,1e-07,True,0.8,"[1, 2, 3, 4]","[1, 2, 3]",[0.68794326 2.1920904  0.91725768],0.02,1.0,0.11324,2.11356,0.54545,0.45869,"[0.66667, 0.15385, 0.55556]",254,0.14662,2.10324,0.59091,0.52588,"[0.68182, 0.33333, 0.5625]",204,COMPLETED,12.398
754,20251231_122055,gln_phase2_TOP70.csv,70%,Preset_58,MLP,42,54,"[896, 640, 320, 192]",mean,L2,64,4,896,leakyrelu,0.5,Adam,,0.0002,1e-07,True,0.8,"[1, 2, 3, 4]","[1, 2, 3]",[0.68794326 2.1920904  0.91725768],0.02,1.0,0.1191,2.49457,0.43182,0.39471,"[0.48889, 0.26667, 0.42857]",251,0.58583,1.55748,0.52273,0.49566,"[0.54054, 0.375, 0.57143]",87,COMPLETED,11.981

755,20251231_122055,baseline_CASIAB_TOP70.csv,70%,Preset_59,MLP,42,78,"[1024, 768, 384]",mean,L2,128,3,1024,silu,0.45,Adam,,0.0001,1e-05,True,0.9,"[1, 3]",[2],[0.68794326 2.1920904  0.91725768],0.02,1.0,0.12027,1.87876,0.52273,0.47158,"[0.59091, 0.30769, 0.51613]",201,0.13665,1.8609,0.56818,0.51612,"[0.62222, 0.36364, 0.5625]",185,COMPLETED,5.479
756,20251231_122055,baseline_OUMVLP_TOP70.csv,70%,Preset_59,MLP,42,77,"[1024, 768, 384]",mean,L2,128,3,1024,silu,0.45,Adam,,0.0001,1e-05,True,0.9,"[1, 3]",[2],[0.68794326 2.1920904  0.91725768],0.02,1.0,0.12711,1.574,0.47727,0.39286,"[0.58333, 0.16667, 0.42857]",302,0.13077,1.40789,0.65909,0.55029,"[0.68293, 0.25, 0.71795]",277,COMPLETED,8.301
757,20251231_122055,gaitgl_GREW_BNNeck_TOP70.csv,70%,Preset_59,MLP,42,98,"[1024, 768, 384]",mean,L2,128,3,1024,silu,0.45,Adam,,0.0001,1e-05,True,0.9,"[1, 3]",[2],[0.68794326 2.1920904  0.91725768],0.02,1.0,0.12357,1.97726,0.54545,0.43778,"[0.66667, 0.16667, 0.48]",139,0.17645,1.82969,0.59091,0.54351,"[0.68182, 0.33333, 0.61538]",106,COMPLETED,3.892
758,20251231_122055,gaitgl_GREW_TOP70.csv,70%,Preset_59,MLP,42,125,"[1024, 768, 384]",mean,L2,128,3,1024,silu,0.45,Adam,,0.0001,1e-05,True,0.9,"[1, 3]",[2],[0.68794326 2.1920904  0.91725768],0.02,1.0,0.12012,2.16031,0.43182,0.39925,"[0.4878, 0.28571, 0.42424]",265,0.17366,2.1866,0.5,0.47764,"[0.48649, 0.375, 0.57143]",211,COMPLETED,7.446
759,20251231_122055,gaitgl_OUMVLP_TOP70.csv,70%,Preset_59,MLP,42,98,"[1024, 768, 384]",mean,L2,128,3,1024,silu,0.45,Adam,,0.0001,1e-05,True,0.9,"[1, 3]",[2],[0.68794326 2.1920904  0.91725768],0.02,1.0,0.12753,2.1389,0.52273,0.46638,"[0.6087, 0.30769, 0.48276]",758,0.15053,2.17378,0.54545,0.51645,"[0.60465, 0.42857, 0.51613]",677,COMPLETED,20.529
760,20251231_122055,gaitgl_TOP70.csv,70%,Preset_59,MLP,42,67,"[1024, 768, 384]",mean,L2,128,3,1024,silu,0.45,Adam,,0.0001,1e-05,True,0.9,"[1, 3]",[2],[0.68794326 2.1920904  0.91725768],0.02,1.0,0.1187,2.47708,0.34091,0.27377,"[0.43243, 0.0, 0.38889]",207,0.67061,1.38858,0.45455,0.42593,"[0.5, 0.33333, 0.44444]",36,COMPLETED,5.504
761,20251231_122055,gaitpart_GREW_TOP70.csv,70%,Preset_59,MLP,42,104,"[1024, 768, 384]",mean,L2,128,3,1024,silu,0.45,Adam,,0.0001,1e-05,True,0.9,"[1, 3]",[2],[0.68794326 2.1920904  0.91725768],0.02,1.0,0.1235,1.67966,0.5,0.42284,"[0.61905, 0.13333, 0.51613]",247,0.47362,1.3048,0.59091,0.49414,"[0.7, 0.15385, 0.62857]",92,COMPLETED,6.672
762,20251231_122055,gaitpart_OUMVLP_TOP70.csv,70%,Preset_59,MLP,42,92,"[1024, 768, 384]",mean,L2,128,3,1024,silu,0.45,Adam,,0.0001,1e-05,True,0.9,"[1, 3]",[2],[0.68794326 2.1920904  0.91725768],0.02,1.0,0.122,2.1332,0.47727,0.44874,"[0.59459, 0.3, 0.45161]",692,0.71185,1.30964,0.56818,0.53954,"[0.61111, 0.42857, 0.57895]",118,COMPLETED,18.219
763,20251231_122055,gaitset_GREW_TOP70.csv,70%,Preset_59,MLP,42,110,"[1024, 768, 384]",mean,L2,128,3,1024,silu,0.45,Adam,,0.0001,1e-05,True,0.9,"[1, 3]",[2],[0.68794326 2.1920904  0.91725768],0.02,1.0,0.11747,1.95032,0.5,0.42287,"[0.58537, 0.15385, 0.52941]",187,0.38698,1.52965,0.59091,0.52778,"[0.66667, 0.25, 0.66667]",83,COMPLETED,5.123
764,20251231_122055,gaitset_OUMVLP_TOP70.csv,70%,Preset_59,MLP,42,92,"[1024, 768, 384]",mean,L2,128,3,1024,silu,0.45,Adam,,0.0001,1e-05,True,0.9,"[1, 3]",[2],[0.68794326 2.1920904  0.91725768],0.02,1.0,0.12181,1.95191,0.45455,0.41547,"[0.54054, 0.23529, 0.47059]",543,0.13899,2.10138,0.47727,0.46804,"[0.55556, 0.43478, 0.41379]",503,COMPLETED,14.681
765,20251231_122055,gaitset_TOP70.csv,70%,Preset_59,MLP,42,65,"[1024, 768, 384]",mean,L2,128,3,1024,silu,0.45,Adam,,0.0001,1e-05,True,0.9,"[1, 3]",[2],[0.68794326 2.1920904  0.91725768],0.02,1.0,0.1228,2.52916,0.40909,0.34762,"[0.5, 0.14286, 0.4]",226,0.27527,2.02125,0.43182,0.41509,"[0.51282, 0.34783, 0.38462]",125,COMPLETED,6.164
766,20251231_122055,gln_phase1_TOP70.csv,70%,Preset_59,MLP,42,87,"[1024, 768, 384]",mean,L2,128,3,1024,silu,0.45,Adam,,0.0001,1e-05,True,0.9,"[1, 3]",[2],[0.68794326 2.1920904  0.91725768],0.02,1.0,0.11789,1.66697,0.5,0.42544,"[0.55, 0.2, 0.52632]",190,0.12679,1.57658,0.56818,0.57835,"[0.5641, 0.61538, 0.55556]",167,COMPLETED,5.192
767,20251231_122055,gln_phase2_TOP70.csv,70%,Preset_59,MLP,42,93,"[1024, 768, 384]",mean,L2,128,3,1024,silu,0.45,Adam,,0.0001,1e-05,True,0.9,"[1, 3]",[2],[0.68794326 2.1920904  0.91725768],0.02,1.0,0.12461,2.02952,0.54545,0.52254,"[0.60465, 0.44444, 0.51852]",168,0.17376,1.90767,0.56818,0.54536,"[0.61538, 0.4, 0.62069]",129,COMPLETED,4.858

768,20251231_122055,baseline_CASIAB_TOP70.csv,70%,Preset_60,MLP,42,34,"[896, 896, 896]",mean,minmax,96,3,896,silu,0.45,AdamW,,0.00015,1e-05,True,0.75,"[1, 2, 3]","[2, 3]",[0.68794326 2.1920904  0.91725768],0.02,1.0,0.12626,2.0025,0.52273,0.44365,"[0.69565, 0.23529, 0.4]",61,0.13259,1.82936,0.59091,0.51836,"[0.69565, 0.30769, 0.55172]",53,COMPLETED,2.248
769,20251231_122055,baseline_OUMVLP_TOP70.csv,70%,Preset_60,MLP,42,34,"[896, 896, 896]",mean,minmax,96,3,896,silu,0.45,AdamW,,0.00015,1e-05,True,0.75,"[1, 2, 3]","[2, 3]",[0.68794326 2.1920904  0.91725768],0.02,1.0,0.12524,1.70259,0.54545,0.4928,"[0.48649, 0.30769, 0.68421]",70,0.14442,1.7893,0.63636,0.57576,"[0.63636, 0.36364, 0.72727]",58,COMPLETED,2.535
770,20251231_122055,gaitgl_GREW_BNNeck_TOP70.csv,70%,Preset_60,MLP,42,47,"[896, 896, 896]",mean,minmax,96,3,896,silu,0.45,AdamW,,0.00015,1e-05,True,0.75,"[1, 2, 3]","[2, 3]",[0.68794326 2.1920904  0.91725768],0.02,1.0,0.12528,2.34972,0.47727,0.42407,"[0.57778, 0.25, 0.44444]",45,0.12673,2.3941,0.54545,0.48176,"[0.65306, 0.36364, 0.42857]",44,COMPLETED,1.672
771,20251231_122055,gaitgl_GREW_TOP70.csv,70%,Preset_60,MLP,42,59,"[896, 896, 896]",mean,minmax,96,3,896,silu,0.45,AdamW,,0.00015,1e-05,True,0.75,"[1, 2, 3]","[2, 3]",[0.68794326 2.1920904  0.91725768],0.02,1.0,0.12441,2.47449,0.38636,0.37462,"[0.44444, 0.31579, 0.36364]",47,0.13529,2.39361,0.45455,0.42663,"[0.5641, 0.31579, 0.4]",37,COMPLETED,1.711
772,20251231_122055,gaitgl_OUMVLP_TOP70.csv,70%,Preset_60,MLP,42,30,"[896, 896, 896]",mean,minmax,96,3,896,silu,0.45,AdamW,,0.00015,1e-05,True,0.75,"[1, 2, 3]","[2, 3]",[0.68794326 2.1920904  0.91725768],0.02,1.0,0.12373,2.29895,0.5,0.4859,"[0.6, 0.47059, 0.3871]",100,0.13049,2.1269,0.54545,0.49854,"[0.68182, 0.4, 0.41379]",92,COMPLETED,3.515
773,20251231_122055,gaitgl_TOP70.csv,70%,Preset_60,MLP,42,29,"[896, 896, 896]",mean,minmax,96,3,896,silu,0.45,AdamW,,0.00015,1e-05,True,0.75,"[1, 2, 3]","[2, 3]",[0.68794326 2.1920904  0.91725768],0.02,1.0,0.12557,3.22941,0.20455,0.18485,"[0.12121, 0.13333, 0.3]",101,0.72322,1.37081,0.43182,0.43834,"[0.4, 0.47059, 0.44444]",15,COMPLETED,3.393
774,20251231_122055,gaitpart_GREW_TOP70.csv,70%,Preset_60,MLP,42,54,"[896, 896, 896]",mean,minmax,96,3,896,silu,0.45,AdamW,,0.00015,1e-05,True,0.75,"[1, 2, 3]","[2, 3]",[0.68794326 2.1920904  0.91725768],0.02,1.0,0.12425,1.92715,0.47727,0.40133,"[0.61905, 0.13333, 0.45161]",40,0.18072,1.58182,0.56818,0.51776,"[0.68182, 0.35294, 0.51852]",25,COMPLETED,1.54
775,20251231_122055,gaitpart_OUMVLP_TOP70.csv,70%,Preset_60,MLP,42,44,"[896, 896, 896]",mean,minmax,96,3,896,silu,0.45,AdamW,,0.00015,1e-05,True,0.75,"[1, 2, 3]","[2, 3]",[0.68794326 2.1920904  0.91725768],0.02,1.0,0.12101,1.57879,0.5,0.45502,"[0.48649, 0.25, 0.62857]",48,0.73722,1.09418,0.56818,0.53454,"[0.61538, 0.4, 0.58824]",7,COMPLETED,1.657
776,20251231_122055,gaitset_GREW_TOP70.csv,70%,Preset_60,MLP,42,56,"[896, 896, 896]",mean,minmax,96,3,896,silu,0.45,AdamW,,0.00015,1e-05,True,0.75,"[1, 2, 3]","[2, 3]",[0.68794326 2.1920904  0.91725768],0.02,1.0,0.12003,1.96707,0.5,0.41985,"[0.68293, 0.125, 0.45161]",38,0.13175,2.1354,0.59091,0.53302,"[0.72727, 0.33333, 0.53846]",33,COMPLETED,1.407
777,20251231_122055,gaitset_OUMVLP_TOP70.csv,70%,Preset_60,MLP,42,42,"[896, 896, 896]",mean,minmax,96,3,896,silu,0.45,AdamW,,0.00015,1e-05,True,0.75,"[1, 2, 3]","[2, 3]",[0.68794326 2.1920904  0.91725768],0.02,1.0,0.13,1.65463,0.47727,0.42434,"[0.57778, 0.26667, 0.42857]",46,0.14801,1.88507,0.47727,0.45089,"[0.53659, 0.33333, 0.48276]",33,COMPLETED,1.664
778,20251231_122055,gaitset_TOP70.csv,70%,Preset_60,MLP,42,27,"[896, 896, 896]",mean,minmax,96,3,896,silu,0.45,AdamW,,0.00015,1e-05,True,0.75,"[1, 2, 3]","[2, 3]",[0.68794326 2.1920904  0.91725768],0.02,1.0,0.12645,2.60658,0.38636,0.33537,"[0.43902, 0.14286, 0.42424]",96,0.29569,1.60599,0.47727,0.43694,"[0.52381, 0.23529, 0.55172]",31,COMPLETED,3.354
779,20251231_122055,gln_phase1_TOP70.csv,70%,Preset_60,MLP,42,39,"[896, 896, 896]",mean,minmax,96,3,896,silu,0.45,AdamW,,0.00015,1e-05,True,0.75,"[1, 2, 3]","[2, 3]",[0.68794326 2.1920904  0.91725768],0.02,1.0,0.1257,1.72996,0.61364,0.59646,"[0.65, 0.53333, 0.60606]",51,0.12751,1.56125,0.63636,0.60936,"[0.68293, 0.5, 0.64516]",47,COMPLETED,1.844
780,20251231_122055,gln_phase2_TOP70.csv,70%,Preset_60,MLP,42,42,"[896, 896, 896]",mean,minmax,96,3,896,silu,0.45,AdamW,,0.00015,1e-05,True,0.75,"[1, 2, 3]","[2, 3]",[0.68794326 2.1920904  0.91725768],0.02,1.0,0.12848,2.3273,0.43182,0.36355,"[0.52174, 0.18182, 0.3871]",49,0.52847,1.372,0.47727,0.47436,"[0.46154, 0.46154, 0.5]",13,COMPLETED,1.76

781,20251231_122055,baseline_CASIAB_TOP70.csv,70%,Preset_61,MLP,42,43,"[896, 640, 448, 320, 160]",max,L2,96,5,896,gelu,0.4,Adam,,0.00015,1e-06,True,0.75,"[2, 4]","[1, 3]",[0.68794326 2.1920904  0.91725768],0.02,1.0,0.12422,2.44346,0.45455,0.42203,"[0.4878, 0.30769, 0.47059]",770,0.31365,1.84289,0.5,0.48305,"[0.55, 0.42857, 0.47059]",532,COMPLETED,27.367
782,20251231_122055,baseline_OUMVLP_TOP70.csv,70%,Preset_61,MLP,42,43,"[896, 640, 448, 320, 160]",max,L2,96,5,896,gelu,0.4,Adam,,0.00015,1e-06,True,0.75,"[2, 4]","[1, 3]",[0.68794326 2.1920904  0.91725768],0.02,1.0,0.125,2.73977,0.36364,0.34622,"[0.4, 0.28571, 0.35294]",875,0.22972,2.37927,0.43182,0.46046,"[0.42105, 0.57143, 0.38889]",724,COMPLETED,30.983
783,20251231_122055,gaitgl_GREW_BNNeck_TOP70.csv,70%,Preset_61,MLP,42,63,"[896, 640, 448, 320, 160]",max,L2,96,5,896,gelu,0.4,Adam,,0.00015,1e-06,True,0.75,"[2, 4]","[1, 3]",[0.68794326 2.1920904  0.91725768],0.02,1.0,0.11566,2.54727,0.45455,0.38317,"[0.57143, 0.15385, 0.42424]",624,0.12019,2.73967,0.5,0.41877,"[0.61905, 0.16667, 0.47059]",591,COMPLETED,22.13
784,20251231_122055,gaitgl_GREW_TOP70.csv,70%,Preset_61,MLP,42,82,"[896, 640, 448, 320, 160]",max,L2,96,5,896,gelu,0.4,Adam,,0.00015,1e-06,True,0.75,"[2, 4]","[1, 3]",[0.68794326 2.1920904  0.91725768],0.02,1.0,0.12475,2.08303,0.43182,0.41971,"[0.52174, 0.46154, 0.27586]",534,0.14167,1.87614,0.59091,0.55663,"[0.68, 0.54545, 0.44444]",507,COMPLETED,19.73
785,20251231_122055,gaitgl_OUMVLP_TOP70.csv,70%,Preset_61,MLP,42,35,"[896, 640, 448, 320, 160]",max,L2,96,5,896,gelu,0.4,Adam,,0.00015,1e-06,True,0.75,"[2, 4]","[1, 3]",[0.68794326 2.1920904  0.91725768],0.02,1.0,0.12596,1.98357,0.47727,0.40698,"[0.51282, 0.18182, 0.52632]",1379,0.24584,1.77155,0.54545,0.50139,"[0.6, 0.36364, 0.54054]",1091,COMPLETED,48.645
786,20251231_122055,gaitgl_TOP70.csv,70%,Preset_61,MLP,42,56,"[896, 640, 448, 320, 160]",max,L2,96,5,896,gelu,0.4,Adam,,0.00015,1e-06,True,0.75,"[2, 4]","[1, 3]",[0.68794326 2.1920904  0.91725768],0.02,1.0,0.12266,2.81637,0.40909,0.32143,"[0.45, 0.0, 0.51429]",594,0.66178,1.59498,0.5,0.4725,"[0.55, 0.31579, 0.55172]",269,COMPLETED,21.125
787,20251231_122055,gaitpart_GREW_TOP70.csv,70%,Preset_61,MLP,42,62,"[896, 640, 448, 320, 160]",max,L2,96,5,896,gelu,0.4,Adam,,0.00015,1e-06,True,0.75,"[2, 4]","[1, 3]",[0.68794326 2.1920904  0.91725768],0.02,1.0,0.12567,2.18026,0.43182,0.36591,"[0.51064, 0.2, 0.3871]",878,0.47808,1.74624,0.47727,0.47862,"[0.51163, 0.5, 0.42424]",518,COMPLETED,31.141
788,20251231_122055,gaitpart_OUMVLP_TOP70.csv,70%,Preset_61,MLP,42,39,"[896, 640, 448, 320, 160]",max,L2,96,5,896,gelu,0.4,Adam,,0.00015,1e-06,True,0.75,"[2, 4]","[1, 3]",[0.68794326 2.1920904  0.91725768],0.02,1.0,0.12132,2.98051,0.31818,0.28311,"[0.32432, 0.125, 0.4]",1474,0.74299,1.45095,0.47727,0.45294,"[0.52941, 0.3, 0.52941]",715,COMPLETED,51.859
789,20251231_122055,gaitset_GREW_TOP70.csv,70%,Preset_61,MLP,42,65,"[896, 640, 448, 320, 160]",max,L2,96,5,896,gelu,0.4,Adam,,0.00015,1e-06,True,0.75,"[2, 4]","[1, 3]",[0.68794326 2.1920904  0.91725768],0.02,1.0,0.12425,2.17335,0.5,0.44069,"[0.63636, 0.28571, 0.4]",832,0.18433,1.7853,0.59091,0.51544,"[0.72727, 0.28571, 0.53333]",765,COMPLETED,29.953
790,20251231_122055,gaitset_OUMVLP_TOP70.csv,70%,Preset_61,MLP,42,39,"[896, 640, 448, 320, 160]",max,L2,96,5,896,gelu,0.4,Adam,,0.00015,1e-06,True,0.75,"[2, 4]","[1, 3]",[0.68794326 2.1920904  0.91725768],0.02,1.0,0.12951,2.32578,0.45455,0.38384,"[0.54545, 0.18182, 0.42424]",1635,0.73863,1.27835,0.5,0.47225,"[0.48485, 0.35294, 0.57895]",825,COMPLETED,57.448
791,20251231_122055,gaitset_TOP70.csv,70%,Preset_61,MLP,42,43,"[896, 640, 448, 320, 160]",max,L2,96,5,896,gelu,0.4,Adam,,0.00015,1e-06,True,0.75,"[2, 4]","[1, 3]",[0.68794326 2.1920904  0.91725768],0.02,1.0,0.12777,2.98322,0.36364,0.3249,"[0.44898, 0.28571, 0.24]",728,0.14503,2.86233,0.45455,0.45238,"[0.5, 0.5, 0.35714]",700,COMPLETED,25.905
792,20251231_122055,gln_phase1_TOP70.csv,70%,Preset_61,MLP,42,42,"[896, 640, 448, 320, 160]",max,L2,96,5,896,gelu,0.4,Adam,,0.00015,1e-06,True,0.75,"[2, 4]","[1, 3]",[0.68794326 2.1920904  0.91725768],0.02,1.0,0.11996,1.91253,0.5,0.3753,"[0.54054, 0.0, 0.58537]",802,0.12492,1.76729,0.56818,0.47661,"[0.57895, 0.16667, 0.68421]",791,COMPLETED,28.764
793,20251231_122055,gln_phase2_TOP70.csv,70%,Preset_61,MLP,42,41,"[896, 640, 448, 320, 160]",max,L2,96,5,896,gelu,0.4,Adam,,0.00015,1e-06,True,0.75,"[2, 4]","[1, 3]",[0.68794326 2.1920904  0.91725768],0.02,1.0,0.12223,2.02347,0.52273,0.47575,"[0.57778, 0.33333, 0.51613]",845,0.26322,1.72688,0.61364,0.63636,"[0.63636, 0.72727, 0.54545]",679,COMPLETED,29.866

794,20251231_122055,baseline_CASIAB_TOP70.csv,70%,Preset_62,MLP,42,37,"[576, 384, 192]",max,minmax,96,3,576,elu,0.45,RMSprop,,0.0002,5e-05,True,0.75,[2],"[1, 3]",[0.68794326 2.1920904  0.91725768],0.02,1.0,0.12577,2.05481,0.45455,0.34815,"[0.57778, 0.0, 0.46667]",653,0.12761,1.86985,0.56818,0.50736,"[0.63636, 0.28571, 0.6]",638,COMPLETED,19.801
795,20251231_122055,baseline_OUMVLP_TOP70.csv,70%,Preset_62,MLP,42,45,"[576, 384, 192]",max,minmax,96,3,576,elu,0.45,RMSprop,,0.0002,5e-05,True,0.75,[2],"[1, 3]",[0.68794326 2.1920904  0.91725768],0.02,1.0,0.12469,1.76914,0.45455,0.4375,"[0.5, 0.375, 0.4375]",441,0.13984,1.71832,0.52273,0.51961,"[0.47059, 0.5, 0.58824]",324,COMPLETED,13.26
796,20251231_122055,gaitgl_GREW_BNNeck_TOP70.csv,70%,Preset_62,MLP,42,65,"[576, 384, 192]",max,minmax,96,3,576,elu,0.45,RMSprop,,0.0002,5e-05,True,0.75,[2],"[1, 3]",[0.68794326 2.1920904  0.91725768],0.02,1.0,0.1244,2.00719,0.52273,0.48717,"[0.59091, 0.4, 0.47059]",265,0.73304,1.19082,0.61364,0.54346,"[0.69767, 0.30769, 0.625]",38,COMPLETED,7.801
797,20251231_122055,gaitgl_GREW_TOP70.csv,70%,Preset_62,MLP,42,84,"[576, 384, 192]",max,minmax,96,3,576,elu,0.45,RMSprop,,0.0002,5e-05,True,0.75,[2],"[1, 3]",[0.68794326 2.1920904  0.91725768],0.02,1.0,0.1272,2.32444,0.31818,0.28947,"[0.3, 0.2, 0.36842]",197,0.67834,1.33694,0.47727,0.45803,"[0.53659, 0.4, 0.4375]",29,COMPLETED,5.876
798,20251231_122055,gaitgl_OUMVLP_TOP70.csv,70%,Preset_62,MLP,42,31,"[576, 384, 192]",max,minmax,96,3,576,elu,0.45,RMSprop,,0.0002,5e-05,True,0.75,[2],"[1, 3]",[0.68794326 2.1920904  0.91725768],0.02,1.0,0.1291,2.52179,0.36364,0.31025,"[0.45455, 0.14286, 0.33333]",969,0.13791,2.8093,0.5,0.45007,"[0.59091, 0.30769, 0.45161]",788,COMPLETED,28.814
799,20251231_122055,gaitgl_TOP70.csv,70%,Preset_62,MLP,42,50,"[576, 384, 192]",max,minmax,96,3,576,elu,0.45,RMSprop,,0.0002,5e-05,True,0.75,[2],"[1, 3]",[0.68794326 2.1920904  0.91725768],0.02,1.0,0.12802,2.43348,0.40909,0.37096,"[0.47826, 0.25, 0.38462]",341,0.57967,1.17904,0.56818,0.53804,"[0.65116, 0.44444, 0.51852]",87,COMPLETED,10.239
800,20251231_122055,gaitpart_GREW_TOP70.csv,70%,Preset_62,MLP,42,64,"[576, 384, 192]",max,minmax,96,3,576,elu,0.45,RMSprop,,0.0002,5e-05,True,0.75,[2],"[1, 3]",[0.68794326 2.1920904  0.91725768],0.02,1.0,0.12508,1.61638,0.52273,0.45549,"[0.65217, 0.28571, 0.42857]",255,0.14543,1.79878,0.59091,0.54899,"[0.66667, 0.42857, 0.55172]",197,COMPLETED,7.835
801,20251231_122055,gaitpart_OUMVLP_TOP70.csv,70%,Preset_62,MLP,42,35,"[576, 384, 192]",max,minmax,96,3,576,elu,0.45,RMSprop,,0.0002,5e-05,True,0.75,[2],"[1, 3]",[0.68794326 2.1920904  0.91725768],0.02,1.0,0.12757,2.62452,0.38636,0.28516,"[0.51064, 0.0, 0.34483]",568,0.17238,2.64939,0.52273,0.44108,"[0.57778, 0.2, 0.54545]",297,COMPLETED,16.967
802,20251231_122055,gaitset_GREW_TOP70.csv,70%,Preset_62,MLP,42,55,"[576, 384, 192]",max,minmax,96,3,576,elu,0.45,RMSprop,,0.0002,5e-05,True,0.75,[2],"[1, 3]",[0.68794326 2.1920904  0.91725768],0.02,1.0,0.12689,1.6995,0.56818,0.5066,"[0.66667, 0.30769, 0.54545]",374,0.1406,1.88481,0.61364,0.5739,"[0.69767, 0.46154, 0.5625]",308,COMPLETED,11.33
803,20251231_122055,gaitset_OUMVLP_TOP70.csv,70%,Preset_62,MLP,42,30,"[576, 384, 192]",max,minmax,96,3,576,elu,0.45,RMSprop,,0.0002,5e-05,True,0.75,[2],"[1, 3]",[0.68794326 2.1920904  0.91725768],0.02,1.0,0.12929,2.19682,0.45455,0.43259,"[0.53333, 0.44444, 0.32]",783,0.24781,1.71788,0.52273,0.45789,"[0.65217, 0.30769, 0.41379]",343,COMPLETED,23.179
804,20251231_122055,gaitset_TOP70.csv,70%,Preset_62,MLP,42,42,"[576, 384, 192]",max,minmax,96,3,576,elu,0.45,RMSprop,,0.0002,5e-05,True,0.75,[2],"[1, 3]",[0.68794326 2.1920904  0.91725768],0.02,1.0,0.12223,2.58284,0.34091,0.26309,"[0.44444, 0.0, 0.34483]",526,0.43162,1.58396,0.45455,0.42701,"[0.53659, 0.3, 0.44444]",136,COMPLETED,15.822
805,20251231_122055,gln_phase1_TOP70.csv,70%,Preset_62,MLP,42,40,"[576, 384, 192]",max,minmax,96,3,576,elu,0.45,RMSprop,,0.0002,5e-05,True,0.75,[2],"[1, 3]",[0.68794326 2.1920904  0.91725768],0.02,1.0,0.12226,1.81263,0.45455,0.3842,"[0.55814, 0.14286, 0.45161]",519,0.736,1.13029,0.63636,0.5202,"[0.77273, 0.18182, 0.60606]",55,COMPLETED,15.251
806,20251231_122055,gln_phase2_TOP70.csv,70%,Preset_62,MLP,42,40,"[576, 384, 192]",max,minmax,96,3,576,elu,0.45,RMSprop,,0.0002,5e-05,True,0.75,[2],"[1, 3]",[0.68794326 2.1920904  0.91725768],0.02,1.0,0.12756,1.71594,0.40909,0.32194,"[0.41026, 0.0, 0.55556]",529,0.69406,1.1955,0.5,0.45534,"[0.55556, 0.22222, 0.58824]",66,COMPLETED,15.732

807,20251231_122055,baseline_CASIAB_TOP70.csv,70%,Preset_63,MLP,42,35,"[1280, 896, 512]",mean,L2,96,3,1280,silu,0.45,Adam,,0.00015,0.0,True,0.75,"[1, 2, 3]","[1, 3]",[0.68794326 2.1920904  0.91725768],0.02,1.0,0.12352,2.01927,0.5,0.43865,"[0.61224, 0.33333, 0.37037]",364,0.48712,1.5909,0.54545,0.49328,"[0.66667, 0.42857, 0.38462]",169,COMPLETED,12.235
808,20251231_122055,baseline_OUMVLP_TOP70.csv,70%,Preset_63,MLP,42,32,"[1280, 896, 512]",mean,L2,96,3,1280,silu,0.45,Adam,,0.00015,0.0,True,0.75,"[1, 2, 3]","[1, 3]",[0.68794326 2.1920904  0.91725768],0.02,1.0,0.12692,2.18677,0.54545,0.49711,"[0.53659, 0.30769, 0.64706]",494,0.12753,2.13253,0.59091,0.5641,"[0.5641, 0.46154, 0.66667]",490,COMPLETED,16.593
809,20251231_122055,gaitgl_GREW_BNNeck_TOP70.csv,70%,Preset_63,MLP,42,47,"[1280, 896, 512]",mean,L2,96,3,1280,silu,0.45,Adam,,0.00015,0.0,True,0.75,"[1, 2, 3]","[1, 3]",[0.68794326 2.1920904  0.91725768],0.02,1.0,0.12844,2.02082,0.45455,0.41095,"[0.53333, 0.28571, 0.41379]",256,0.31836,1.65148,0.52273,0.50594,"[0.57143, 0.46154, 0.48485]",146,COMPLETED,8.678
810,20251231_122055,gaitgl_GREW_TOP70.csv,70%,Preset_63,MLP,42,70,"[1280, 896, 512]",mean,L2,96,3,1280,silu,0.45,Adam,,0.00015,0.0,True,0.75,"[1, 2, 3]","[1, 3]",[0.68794326 2.1920904  0.91725768],0.02,1.0,0.12783,2.69447,0.34091,0.2629,"[0.47619, 0.0, 0.3125]",337,0.29571,2.39298,0.40909,0.40476,"[0.48485, 0.38462, 0.34483]",242,COMPLETED,11.446
811,20251231_122055,gaitgl_OUMVLP_TOP70.csv,70%,Preset_63,MLP,42,41,"[1280, 896, 512]",mean,L2,96,3,1280,silu,0.45,Adam,,0.00015,0.0,True,0.75,"[1, 2, 3]","[1, 3]",[0.68794326 2.1920904  0.91725768],0.02,1.0,0.12396,2.19151,0.45455,0.4307,"[0.52174, 0.4, 0.37037]",983,0.1488,2.23535,0.54545,0.53721,"[0.59574, 0.57143, 0.44444]",912,COMPLETED,33.016
812,20251231_122055,gaitgl_TOP70.csv,70%,Preset_63,MLP,42,34,"[1280, 896, 512]",mean,L2,96,3,1280,silu,0.45,Adam,,0.00015,0.0,True,0.75,"[1, 2, 3]","[1, 3]",[0.68794326 2.1920904  0.91725768],0.02,1.0,0.12905,2.53829,0.40909,0.31075,"[0.4878, 0.0, 0.44444]",335,0.12984,2.41118,0.45455,0.33843,"[0.55814, 0.0, 0.45714]",328,COMPLETED,11.352
813,20251231_122055,gaitpart_GREW_TOP70.csv,70%,Preset_63,MLP,42,54,"[1280, 896, 512]",mean,L2,96,3,1280,silu,0.45,Adam,,0.00015,0.0,True,0.75,"[1, 2, 3]","[1, 3]",[0.68794326 2.1920904  0.91725768],0.02,1.0,0.12374,1.96259,0.5,0.39888,"[0.63415, 0.0, 0.5625]",336,0.13218,2.00231,0.56818,0.50403,"[0.68293, 0.26667, 0.5625]",314,COMPLETED,11.472
814,20251231_122055,gaitpart_OUMVLP_TOP70.csv,70%,Preset_63,MLP,42,45,"[1280, 896, 512]",mean,L2,96,3,1280,silu,0.45,Adam,,0.00015,0.0,True,0.75,"[1, 2, 3]","[1, 3]",[0.68794326 2.1920904  0.91725768],0.02,1.0,0.12497,2.3017,0.38636,0.33868,"[0.36842, 0.13333, 0.51429]",826,0.74632,1.44435,0.54545,0.52994,"[0.47059, 0.47059, 0.64865]",427,COMPLETED,27.485
815,20251231_122055,gaitset_GREW_TOP70.csv,70%,Preset_63,MLP,42,56,"[1280, 896, 512]",mean,L2,96,3,1280,silu,0.45,Adam,,0.00015,0.0,True,0.75,"[1, 2, 3]","[1, 3]",[0.68794326 2.1920904  0.91725768],0.02,1.0,0.12816,1.96121,0.56818,0.50417,"[0.7, 0.25, 0.5625]",275,0.13572,2.16896,0.59091,0.54529,"[0.68293, 0.35294, 0.6]",250,COMPLETED,9.363
816,20251231_122055,gaitset_OUMVLP_TOP70.csv,70%,Preset_63,MLP,42,42,"[1280, 896, 512]",mean,L2,96,3,1280,silu,0.45,Adam,,0.00015,0.0,True,0.75,"[1, 2, 3]","[1, 3]",[0.68794326 2.1920904  0.91725768],0.02,1.0,0.12405,1.86829,0.54545,0.45452,"[0.6383, 0.15385, 0.57143]",684,0.61638,1.42244,0.54545,0.51648,"[0.66667, 0.4, 0.48276]",413,COMPLETED,22.965
817,20251231_122055,gaitset_TOP70.csv,70%,Preset_63,MLP,42,25,"[1280, 896, 512]",mean,L2,96,3,1280,silu,0.45,Adam,,0.00015,0.0,True,0.75,"[1, 2, 3]","[1, 3]",[0.68794326 2.1920904  0.91725768],0.02,1.0,0.12532,2.26204,0.47727,0.4299,"[0.57143, 0.26667, 0.45161]",419,0.39545,1.81591,0.54545,0.50741,"[0.62222, 0.4, 0.5]",208,COMPLETED,14.427
818,20251231_122055,gln_phase1_TOP70.csv,70%,Preset_63,MLP,42,37,"[1280, 896, 512]",mean,L2,96,3,1280,silu,0.45,Adam,,0.00015,0.0,True,0.75,"[1, 2, 3]","[1, 3]",[0.68794326 2.1920904  0.91725768],0.02,1.0,0.1252,2.021,0.54545,0.49513,"[0.68182, 0.375, 0.42857]",344,0.54291,1.23118,0.63636,0.60412,"[0.73171, 0.5, 0.58065]",128,COMPLETED,11.665
819,20251231_122055,gln_phase2_TOP70.csv,70%,Preset_63,MLP,42,41,"[1280, 896, 512]",mean,L2,96,3,1280,silu,0.45,Adam,,0.00015,0.0,True,0.75,"[1, 2, 3]","[1, 3]",[0.68794326 2.1920904  0.91725768],0.02,1.0,0.12094,2.0459,0.47727,0.42467,"[0.61905, 0.21053, 0.44444]",316,0.45184,1.60758,0.54545,0.53166,"[0.57895, 0.47059, 0.54545]",153,COMPLETED,10.73

820,20251231_122055,baseline_CASIAB_TOP70.csv,70%,Preset_64,MLP,42,32,"[1024, 768, 512, 256]",mean,,96,4,1024,gelu,0.45,AdamW,,0.00018,5e-06,True,0.75,"[1, 2, 3]","[1, 2]",[0.68794326 2.1920904  0.91725768],0.02,1.0,0.1214,2.13694,0.47727,0.4246,"[0.58333, 0.33333, 0.35714]",399,0.14982,2.20468,0.52273,0.48608,"[0.6, 0.44444, 0.41379]",349,COMPLETED,14.059
821,20251231_122055,baseline_OUMVLP_TOP70.csv,70%,Preset_64,MLP,42,31,"[1024, 768, 512, 256]",mean,,96,4,1024,gelu,0.45,AdamW,,0.00018,5e-06,True,0.75,"[1, 2, 3]","[1, 2]",[0.68794326 2.1920904  0.91725768],0.02,1.0,0.12104,2.49853,0.5,0.42624,"[0.52381, 0.16667, 0.58824]",379,0.15646,2.288,0.54545,0.49725,"[0.57778, 0.33333, 0.58065]",333,COMPLETED,13.234
822,20251231_122055,gaitgl_GREW_BNNeck_TOP70.csv,70%,Preset_64,MLP,42,45,"[1024, 768, 512, 256]",mean,,96,4,1024,gelu,0.45,AdamW,,0.00018,5e-06,True,0.75,"[1, 2, 3]","[1, 2]",[0.68794326 2.1920904  0.91725768],0.02,1.0,0.12978,2.23065,0.45455,0.37729,"[0.56522, 0.16667, 0.4]",728,0.6465,1.4245,0.52273,0.50649,"[0.59091, 0.5, 0.42857]",452,COMPLETED,25.221
823,20251231_122055,gaitgl_GREW_TOP70.csv,70%,Preset_64,MLP,42,54,"[1024, 768, 512, 256]",mean,,96,4,1024,gelu,0.45,AdamW,,0.00018,5e-06,True,0.75,"[1, 2, 3]","[1, 2]",[0.68794326 2.1920904  0.91725768],0.02,1.0,0.1269,2.4723,0.45455,0.41692,"[0.48649, 0.25, 0.51429]",165,0.18926,2.47902,0.54545,0.48413,"[0.66667, 0.28571, 0.5]",83,COMPLETED,5.873
824,20251231_122055,gaitgl_OUMVLP_TOP70.csv,70%,Preset_64,MLP,42,23,"[1024, 768, 512, 256]",mean,,96,4,1024,gelu,0.45,AdamW,,0.00018,5e-06,True,0.75,"[1, 2, 3]","[1, 2]",[0.68794326 2.1920904  0.91725768],0.02,1.0,0.12543,2.53236,0.43182,0.31401,"[0.6087, 0.0, 0.33333]",428,0.2634,2.23335,0.5,0.44733,"[0.60465, 0.28571, 0.45161]",196,COMPLETED,14.794
825,20251231_122055,gaitgl_TOP70.csv,70%,Preset_64,MLP,42,24,"[1024, 768, 512, 256]",mean,,96,4,1024,gelu,0.45,AdamW,,0.00018,5e-06,True,0.75,"[1, 2, 3]","[1, 2]",[0.68794326 2.1920904  0.91725768],0.02,1.0,0.12133,3.1853,0.38636,0.28571,"[0.52381, 0.0, 0.33333]",343,0.12721,3.24166,0.47727,0.40653,"[0.5641, 0.18182, 0.47368]",295,COMPLETED,11.851
826,20251231_122055,gaitpart_GREW_TOP70.csv,70%,Preset_64,MLP,42,53,"[1024, 768, 512, 256]",mean,,96,4,1024,gelu,0.45,AdamW,,0.00018,5e-06,True,0.75,"[1, 2, 3]","[1, 2]",[0.68794326 2.1920904  0.91725768],0.02,1.0,0.12976,2.35039,0.47727,0.40981,"[0.54054, 0.13333, 0.55556]",308,0.57288,2.0271,0.45455,0.44406,"[0.52941, 0.32, 0.48276]",160,COMPLETED,10.781
827,20251231_122055,gaitpart_OUMVLP_TOP70.csv,70%,Preset_64,MLP,42,41,"[1024, 768, 512, 256]",mean,,96,4,1024,gelu,0.45,AdamW,,0.00018,5e-06,True,0.75,"[1, 2, 3]","[1, 2]",[0.68794326 2.1920904  0.91725768],0.02,1.0,0.11451,2.16109,0.47727,0.40661,"[0.53659, 0.15385, 0.52941]",279,0.74918,1.23907,0.5,0.48622,"[0.41176, 0.46154, 0.58537]",75,COMPLETED,9.647
828,20251231_122055,gaitset_GREW_TOP70.csv,70%,Preset_64,MLP,42,54,"[1024, 768, 512, 256]",mean,,96,4,1024,gelu,0.45,AdamW,,0.00018,5e-06,True,0.75,"[1, 2, 3]","[1, 2]",[0.68794326 2.1920904  0.91725768],0.02,1.0,0.12925,2.09435,0.56818,0.47166,"[0.73171, 0.15385, 0.52941]",412,0.13356,2.10831,0.61364,0.54254,"[0.73171, 0.30769, 0.58824]",407,COMPLETED,14.612
829,20251231_122055,gaitset_OUMVLP_TOP70.csv,70%,Preset_64,MLP,42,39,"[1024, 768, 512, 256]",mean,,96,4,1024,gelu,0.45,AdamW,,0.00018,5e-06,True,0.75,"[1, 2, 3]","[1, 2]",[0.68794326 2.1920904  0.91725768],0.02,1.0,0.12742,2.49166,0.40909,0.3208,"[0.57778, 0.0, 0.38462]",431,0.63523,1.68064,0.45455,0.43102,"[0.55556, 0.3, 0.4375]",180,COMPLETED,14.948
830,20251231_122055,gaitset_TOP70.csv,70%,Preset_64,MLP,42,24,"[1024, 768, 512, 256]",mean,,96,4,1024,gelu,0.45,AdamW,,0.00018,5e-06,True,0.75,"[1, 2, 3]","[1, 2]",[0.68794326 2.1920904  0.91725768],0.02,1.0,0.12693,1.99557,0.52273,0.40455,"[0.65116, 0.0, 0.5625]",611,0.21151,2.13005,0.52273,0.4524,"[0.52632, 0.125, 0.70588]",441,COMPLETED,21.216
831,20251231_122055,gln_phase1_TOP70.csv,70%,Preset_64,MLP,42,36,"[1024, 768, 512, 256]",mean,,96,4,1024,gelu,0.45,AdamW,,0.00018,5e-06,True,0.75,"[1, 2, 3]","[1, 2]",[0.68794326 2.1920904  0.91725768],0.02,1.0,0.12379,2.19547,0.52273,0.4869,"[0.61905, 0.375, 0.46667]",440,0.74657,1.30247,0.59091,0.57878,"[0.63158, 0.53333, 0.57143]",170,COMPLETED,15.256
832,20251231_122055,gln_phase2_TOP70.csv,70%,Preset_64,MLP,42,40,"[1024, 768, 512, 256]",mean,,96,4,1024,gelu,0.45,AdamW,,0.00018,5e-06,True,0.75,"[1, 2, 3]","[1, 2]",[0.68794326 2.1920904  0.91725768],0.02,1.0,0.12916,1.84798,0.5,0.45007,"[0.59091, 0.30769, 0.45161]",399,0.21821,1.89215,0.56818,0.54432,"[0.6, 0.46154, 0.57143]",297,COMPLETED,13.938

833,20251231_122055,baseline_CASIAB_TOP70.csv,70%,Preset_65,MLP,42,44,"[1408, 1024, 640, 320]",mean,minmax,64,4,1408,silu,0.45,Adam,,0.00015,1e-06,True,0.8,"[1, 2, 3]","[2, 3]",[0.68794326 2.1920904  0.91725768],0.02,1.0,0.1262,1.91025,0.5,0.44776,"[0.59091, 0.28571, 0.46667]",39,0.14915,1.99877,0.61364,0.54672,"[0.68182, 0.33333, 0.625]",25,COMPLETED,2.056
834,20251231_122055,baseline_OUMVLP_TOP70.csv,70%,Preset_65,MLP,42,44,"[1408, 1024, 640, 320]",mean,minmax,64,4,1408,silu,0.45,Adam,,0.00015,1e-06,True,0.8,"[1, 2, 3]","[2, 3]",[0.68794326 2.1920904  0.91725768],0.02,1.0,0.12708,1.82109,0.52273,0.46877,"[0.47059, 0.28571, 0.65]",40,0.3139,1.15144,0.63636,0.60603,"[0.61538, 0.5, 0.7027]",15,COMPLETED,2.027
835,20251231_122055,gaitgl_GREW_BNNeck_TOP70.csv,70%,Preset_65,MLP,42,59,"[1408, 1024, 640, 320]",mean,minmax,64,4,1408,silu,0.45,Adam,,0.00015,1e-06,True,0.8,"[1, 2, 3]","[2, 3]",[0.68794326 2.1920904  0.91725768],0.02,1.0,0.11974,2.10618,0.56818,0.46104,"[0.7234, 0.22222, 0.4375]",34,0.13435,2.16414,0.56818,0.4719,"[0.68085, 0.25, 0.48485]",29,COMPLETED,1.812
836,20251231_122055,gaitgl_GREW_TOP70.csv,70%,Preset_65,MLP,42,74,"[1408, 1024, 640, 320]",mean,minmax,64,4,1408,silu,0.45,Adam,,0.00015,1e-06,True,0.8,"[1, 2, 3]","[2, 3]",[0.68794326 2.1920904  0.91725768],0.02,1.0,0.12056,2.34109,0.38636,0.35262,"[0.5, 0.23529, 0.32258]",32,0.24294,1.78743,0.47727,0.44605,"[0.57143, 0.35294, 0.41379]",15,COMPLETED,1.636
837,20251231_122055,gaitgl_OUMVLP_TOP70.csv,70%,Preset_65,MLP,42,43,"[1408, 1024, 640, 320]",mean,minmax,64,4,1408,silu,0.45,Adam,,0.00015,1e-06,True,0.8,"[1, 2, 3]","[2, 3]",[0.68794326 2.1920904  0.91725768],0.02,1.0,0.12889,2.08928,0.54545,0.50079,"[0.66667, 0.35294, 0.48276]",57,0.19574,1.9482,0.61364,0.55185,"[0.75556, 0.4, 0.5]",39,COMPLETED,2.918
838,20251231_122055,gaitgl_TOP70.csv,70%,Preset_65,MLP,42,37,"[1408, 1024, 640, 320]",mean,minmax,64,4,1408,silu,0.45,Adam,,0.00015,1e-06,True,0.8,"[1, 2, 3]","[2, 3]",[0.68794326 2.1920904  0.91725768],0.02,1.0,0.12412,2.82736,0.43182,0.31117,"[0.52174, 0.0, 0.41176]",66,0.40985,1.69061,0.47727,0.4633,"[0.54545, 0.44444, 0.4]",19,COMPLETED,3.273
839,20251231_122055,gaitpart_GREW_TOP70.csv,70%,Preset_65,MLP,42,67,"[1408, 1024, 640, 320]",mean,minmax,64,4,1408,silu,0.45,Adam,,0.00015,1e-06,True,0.8,"[1, 2, 3]","[2, 3]",[0.68794326 2.1920904  0.91725768],0.02,1.0,0.11811,2.15839,0.45455,0.36418,"[0.68182, 0.125, 0.28571]",29,0.33744,1.60963,0.47727,0.43894,"[0.61905, 0.35294, 0.34483]",12,COMPLETED,1.528
840,20251231_122055,gaitpart_OUMVLP_TOP70.csv,70%,Preset_65,MLP,42,55,"[1408, 1024, 640, 320]",mean,minmax,64,4,1408,silu,0.45,Adam,,0.00015,1e-06,True,0.8,"[1, 2, 3]","[2, 3]",[0.68794326 2.1920904  0.91725768],0.02,1.0,0.12021,1.53611,0.52273,0.4418,"[0.59091, 0.15385, 0.58065]",30,0.50473,1.13174,0.59091,0.55626,"[0.63415, 0.42857, 0.60606]",10,COMPLETED,1.587
841,20251231_122055,gaitset_GREW_TOP70.csv,70%,Preset_65,MLP,42,69,"[1408, 1024, 640, 320]",mean,minmax,64,4,1408,silu,0.45,Adam,,0.00015,1e-06,True,0.8,"[1, 2, 3]","[2, 3]",[0.68794326 2.1920904  0.91725768],0.02,1.0,0.1245,1.94889,0.54545,0.48815,"[0.66667, 0.23529, 0.5625]",25,0.51977,1.29922,0.59091,0.53238,"[0.74419, 0.35294, 0.5]",10,COMPLETED,1.317
842,20251231_122055,gaitset_OUMVLP_TOP70.csv,70%,Preset_65,MLP,42,54,"[1408, 1024, 640, 320]",mean,minmax,64,4,1408,silu,0.45,Adam,,0.00015,1e-06,True,0.8,"[1, 2, 3]","[2, 3]",[0.68794326 2.1920904  0.91725768],0.02,1.0,0.1214,2.22174,0.54545,0.49044,"[0.60465, 0.26667, 0.6]",31,0.12333,2.29089,0.54545,0.52326,"[0.61538, 0.42105, 0.53333]",27,COMPLETED,1.667
843,20251231_122055,gaitset_TOP70.csv,70%,Preset_65,MLP,42,36,"[1408, 1024, 640, 320]",mean,minmax,64,4,1408,silu,0.45,Adam,,0.00015,1e-06,True,0.8,"[1, 2, 3]","[2, 3]",[0.68794326 2.1920904  0.91725768],0.02,1.0,0.11654,2.60722,0.40909,0.40119,"[0.42857, 0.375, 0.4]",65,0.12752,2.51367,0.45455,0.45352,"[0.47619, 0.47059, 0.41379]",51,COMPLETED,3.309
844,20251231_122055,gln_phase1_TOP70.csv,70%,Preset_65,MLP,42,50,"[1408, 1024, 640, 320]",mean,minmax,64,4,1408,silu,0.45,Adam,,0.00015,1e-06,True,0.8,"[1, 2, 3]","[2, 3]",[0.68794326 2.1920904  0.91725768],0.02,1.0,0.12651,1.77019,0.5,0.45489,"[0.57895, 0.28571, 0.5]",36,0.22579,1.32795,0.61364,0.60076,"[0.68421, 0.55556, 0.5625]",17,COMPLETED,1.877
845,20251231_122055,gln_phase2_TOP70.csv,70%,Preset_65,MLP,42,54,"[1408, 1024, 640, 320]",mean,minmax,64,4,1408,silu,0.45,Adam,,0.00015,1e-06,True,0.8,"[1, 2, 3]","[2, 3]",[0.68794326 2.1920904  0.91725768],0.02,1.0,0.1281,2.13524,0.52273,0.47535,"[0.59574, 0.36364, 0.46667]",30,0.73403,1.06066,0.54545,0.52832,"[0.52941, 0.44444, 0.61111]",7,COMPLETED,1.504

846,20251231_122055,baseline_CASIAB_TOP70.csv,70%,Preset_66,MLP,42,44,"[1024, 768, 512, 256]",mean,minmax,64,4,1024,silu,0.4,Adam,,0.0002,1e-07,True,0.8,"[1, 2, 3]","[1, 2]",[0.68794326 2.1920904  0.91725768],0.02,1.0,0.12952,1.97928,0.5,0.444,"[0.59574, 0.30769, 0.42857]",134,0.31378,2.01275,0.56818,0.50823,"[0.63636, 0.30769, 0.58065]",38,COMPLETED,6.39
847,20251231_122055,baseline_OUMVLP_TOP70.csv,70%,Preset_66,MLP,42,44,"[1024, 768, 512, 256]",mean,minmax,64,4,1024,silu,0.4,Adam,,0.0002,1e-07,True,0.8,"[1, 2, 3]","[1, 2]",[0.68794326 2.1920904  0.91725768],0.02,1.0,0.12015,1.67077,0.59091,0.42805,"[0.63415, 0.0, 0.65]",129,0.18691,1.52351,0.61364,0.5812,"[0.61538, 0.46154, 0.66667]",60,COMPLETED,6.077
848,20251231_122055,gaitgl_GREW_BNNeck_TOP70.csv,70%,Preset_66,MLP,42,59,"[1024, 768, 512, 256]",mean,minmax,64,4,1024,silu,0.4,Adam,,0.0002,1e-07,True,0.8,"[1, 2, 3]","[1, 2]",[0.68794326 2.1920904  0.91725768],0.02,1.0,0.12082,1.99136,0.47727,0.3282,"[0.62745, 0.0, 0.35714]",112,0.39853,1.8947,0.5,0.44069,"[0.63636, 0.28571, 0.4]",21,COMPLETED,5.336
849,20251231_122055,gaitgl_GREW_TOP70.csv,70%,Preset_66,MLP,42,74,"[1024, 768, 512, 256]",mean,minmax,64,4,1024,silu,0.4,Adam,,0.0002,1e-07,True,0.8,"[1, 2, 3]","[1, 2]",[0.68794326 2.1920904  0.91725768],0.02,1.0,0.12311,2.52253,0.45455,0.41877,"[0.5, 0.28571, 0.47059]",104,0.12902,2.21309,0.54545,0.48673,"[0.63636, 0.30769, 0.51613]",102,COMPLETED,4.997
850,20251231_122055,gaitgl_OUMVLP_TOP70.csv,70%,Preset_66,MLP,42,43,"[1024, 768, 512, 256]",mean,minmax,64,4,1024,silu,0.4,Adam,,0.0002,1e-07,True,0.8,"[1, 2, 3]","[1, 2]",[0.68794326 2.1920904  0.91725768],0.02,1.0,0.12778,1.91884,0.54545,0.4506,"[0.68182, 0.15385, 0.51613]",170,0.12589,1.90789,0.59091,0.54147,"[0.69767, 0.375, 0.55172]",169,COMPLETED,8.302
851,20251231_122055,gaitgl_TOP70.csv,70%,Preset_66,MLP,42,37,"[1024, 768, 512, 256]",mean,minmax,64,4,1024,silu,0.4,Adam,,0.0002,1e-07,True,0.8,"[1, 2, 3]","[1, 2]",[0.68794326 2.1920904  0.91725768],0.02,1.0,0.11406,2.3764,0.40909,0.30319,"[0.46512, 0.0, 0.44444]",172,0.74034,1.47728,0.47727,0.45626,"[0.45714, 0.4, 0.51163]",17,COMPLETED,7.951
852,20251231_122055,gaitpart_GREW_TOP70.csv,70%,Preset_66,MLP,42,67,"[1024, 768, 512, 256]",mean,minmax,64,4,1024,silu,0.4,Adam,,0.0002,1e-07,True,0.8,"[1, 2, 3]","[1, 2]",[0.68794326 2.1920904  0.91725768],0.02,1.0,0.11977,1.92948,0.52273,0.45397,"[0.66667, 0.26667, 0.42857]",88,0.19315,2.27244,0.54545,0.46878,"[0.71111, 0.26667, 0.42857]",35,COMPLETED,4.275
853,20251231_122055,gaitpart_OUMVLP_TOP70.csv,70%,Preset_66,MLP,42,55,"[1024, 768, 512, 256]",mean,minmax,64,4,1024,silu,0.4,Adam,,0.0002,1e-07,True,0.8,"[1, 2, 3]","[1, 2]",[0.68794326 2.1920904  0.91725768],0.02,1.0,0.1272,1.88779,0.5,0.4556,"[0.48649, 0.28571, 0.59459]",96,0.38293,1.3851,0.61364,0.56979,"[0.64865, 0.375, 0.68571]",22,COMPLETED,4.633
854,20251231_122055,gaitset_GREW_TOP70.csv,70%,Preset_66,MLP,42,69,"[1024, 768, 512, 256]",mean,minmax,64,4,1024,silu,0.4,Adam,,0.0002,1e-07,True,0.8,"[1, 2, 3]","[1, 2]",[0.68794326 2.1920904  0.91725768],0.02,1.0,0.12917,2.0863,0.5,0.42062,"[0.63415, 0.14286, 0.48485]",86,0.1404,1.84678,0.63636,0.52525,"[0.72727, 0.18182, 0.66667]",73,COMPLETED,4.127
855,20251231_122055,gaitset_OUMVLP_TOP70.csv,70%,Preset_66,MLP,42,54,"[1024, 768, 512, 256]",mean,minmax,64,4,1024,silu,0.4,Adam,,0.0002,1e-07,True,0.8,"[1, 2, 3]","[1, 2]",[0.68794326 2.1920904  0.91725768],0.02,1.0,0.12132,1.76622,0.5,0.37441,"[0.57778, 0.0, 0.54545]",109,0.16032,1.84547,0.56818,0.50954,"[0.62222, 0.28571, 0.62069]",94,COMPLETED,5.267
856,20251231_122055,gaitset_TOP70.csv,70%,Preset_66,MLP,42,36,"[1024, 768, 512, 256]",mean,minmax,64,4,1024,silu,0.4,Adam,,0.0002,1e-07,True,0.8,"[1, 2, 3]","[1, 2]",[0.68794326 2.1920904  0.91725768],0.02,1.0,0.12881,2.46684,0.43182,0.36439,"[0.52174, 0.14286, 0.42857]",147,0.1796,2.48064,0.47727,0.45398,"[0.51282, 0.31579, 0.53333]",87,COMPLETED,7.044
857,20251231_122055,gln_phase1_TOP70.csv,70%,Preset_66,MLP,42,50,"[1024, 768, 512, 256]",mean,minmax,64,4,1024,silu,0.4,Adam,,0.0002,1e-07,True,0.8,"[1, 2, 3]","[1, 2]",[0.68794326 2.1920904  0.91725768],0.02,1.0,0.1228,1.82587,0.59091,0.56222,"[0.61905, 0.46154, 0.60606]",116,0.14084,1.7298,0.68182,0.65512,"[0.72727, 0.57143, 0.66667]",108,COMPLETED,5.524
858,20251231_122055,gln_phase2_TOP70.csv,70%,Preset_66,MLP,42,54,"[1024, 768, 512, 256]",mean,minmax,64,4,1024,silu,0.4,Adam,,0.0002,1e-07,True,0.8,"[1, 2, 3]","[1, 2]",[0.68794326 2.1920904  0.91725768],0.02,1.0,0.12472,2.3435,0.45455,0.37788,"[0.55319, 0.16667, 0.41379]",105,0.24377,1.78475,0.54545,0.51933,"[0.6, 0.42857, 0.52941]",31,COMPLETED,4.971
