id,timestamp,target_embedding,source_params,model,seed,input_dim,hidden_layers,pooling,norm,batch_size,num_layers,base_dim,activation,dropout_rate,optimizer,momentum_sgd,learning_rate,weight_decay,use_pca,pca_frac,norm_layers,dropout_layers,class_weights,label_smoothing,clip_grad_norm,train_loss,test_loss,accuracy,f1_macro,f1_per_class,epochs_trained,train_loss_best_state,test_loss_best_state,best_accuracy,best_f1,best_f1_per_class,best_epoch,training,duration_sec
1,20251222_211050,GREW_concat.csv,Preset_1,MLP,42,121,"[768, 512, 256]",mean,minmax,64,3,768,silu,0.4,Adam,,0.0002,1e-07,True,0.8,"[1, 2, 3]","[1, 2]",[0.68794326 2.1920904  0.91725768],0.02,1.0,0.10868,2.15495,0.47727,0.34626,"[0.625, 0.0, 0.41379]",125,0.167,2.3631,0.5,0.41521,"[0.65116, 0.14286, 0.45161]",41,COMPLETED,6.037
2,20251222_211050,GREW_mean.csv,Preset_1,MLP,42,69,"[768, 512, 256]",mean,minmax,64,3,768,silu,0.4,Adam,,0.0002,1e-07,True,0.8,"[1, 2, 3]","[1, 2]",[0.68794326 2.1920904  0.91725768],0.02,1.0,0.10709,2.07919,0.5,0.38282,"[0.61905, 0.0, 0.52941]",250,0.11606,2.38181,0.5,0.42409,"[0.6, 0.14286, 0.52941]",153,COMPLETED,11.721
3,20251222_211050,OUMVLP_concat.csv,Preset_1,MLP,42,98,"[768, 512, 256]",mean,minmax,64,3,768,silu,0.4,Adam,,0.0002,1e-07,True,0.8,"[1, 2, 3]","[1, 2]",[0.68794326 2.1920904  0.91725768],0.02,1.0,0.10739,1.31603,0.61364,0.44444,"[0.70833, 0.0, 0.625]",186,0.11811,1.3212,0.70455,0.62778,"[0.75, 0.4, 0.73333]",94,COMPLETED,9.256
4,20251222_211050,OUMVLP_mean.csv,Preset_1,MLP,42,46,"[768, 512, 256]",mean,minmax,64,3,768,silu,0.4,Adam,,0.0002,1e-07,True,0.8,"[1, 2, 3]","[1, 2]",[0.68794326 2.1920904  0.91725768],0.02,1.0,0.10776,1.6538,0.61364,0.55086,"[0.73913, 0.375, 0.53846]",398,0.24874,1.56243,0.63636,0.61195,"[0.68182, 0.53333, 0.62069]",84,COMPLETED,20.293

5,20251222_211050,GREW_concat.csv,Preset_2,MLP,42,47,"[640, 640, 640, 640]",mean,,96,4,640,leakyrelu,0.45,AdamW,,0.0003,1e-05,True,0.75,"[1, 2, 3, 4]","[1, 2, 3]",[0.68794326 2.1920904  0.91725768],0.02,1.0,0.10655,1.99778,0.56818,0.42512,"[0.6087, 0.0, 0.66667]",429,0.26858,1.95765,0.59091,0.43961,"[0.65217, 0.0, 0.66667]",134,COMPLETED,17.102
6,20251222_211050,GREW_mean.csv,Preset_2,MLP,42,47,"[640, 640, 640, 640]",mean,,96,4,640,leakyrelu,0.45,AdamW,,0.0003,1e-05,True,0.75,"[1, 2, 3, 4]","[1, 2, 3]",[0.68794326 2.1920904  0.91725768],0.02,1.0,0.10909,2.09949,0.52273,0.3804,"[0.59574, 0.0, 0.54545]",464,0.48635,1.79499,0.52273,0.43939,"[0.59091, 0.18182, 0.54545]",78,COMPLETED,19.746
7,20251222_211050,OUMVLP_concat.csv,Preset_2,MLP,42,27,"[640, 640, 640, 640]",mean,,96,4,640,leakyrelu,0.45,AdamW,,0.0003,1e-05,True,0.75,"[1, 2, 3, 4]","[1, 2, 3]",[0.68794326 2.1920904  0.91725768],0.02,1.0,0.12617,2.12894,0.47727,0.40067,"[0.57778, 0.2, 0.42424]",614,0.14515,1.93932,0.56818,0.4733,"[0.66667, 0.18182, 0.57143]",486,STOPPED,26.225
8,20251222_211050,OUMVLP_mean.csv,Preset_2,MLP,42,23,"[640, 640, 640, 640]",mean,,96,4,640,leakyrelu,0.45,AdamW,,0.0003,1e-05,True,0.75,"[1, 2, 3, 4]","[1, 2, 3]",[0.68794326 2.1920904  0.91725768],0.02,1.0,0.11812,1.96627,0.54545,0.44343,"[0.68085, 0.16667, 0.48276]",971,0.13623,1.99252,0.56818,0.50538,"[0.66667, 0.33333, 0.51613]",778,STOPPED,40.373

9,20251222_211050,GREW_concat.csv,Preset_3,MLP,42,103,"[1280, 896, 512, 256]",mean,L2,64,4,1280,silu,0.5,Adam,,0.0001,1e-07,True,0.85,"[1, 2, 3, 4]","[1, 2]",[0.68794326 2.1920904  0.91725768],0.02,1.0,0.10618,2.25588,0.38636,0.30686,"[0.45, 0.0, 0.47059]",429,0.32142,1.76594,0.5,0.4579,"[0.53659, 0.30769, 0.52941]",277,COMPLETED,25.271
10,20251222_211050,GREW_mean.csv,Preset_3,MLP,42,102,"[1280, 896, 512, 256]",mean,L2,64,4,1280,silu,0.5,Adam,,0.0001,1e-07,True,0.85,"[1, 2, 3, 4]","[1, 2]",[0.68794326 2.1920904  0.91725768],0.02,1.0,0.10833,2.53632,0.38636,0.30623,"[0.46154, 0.0, 0.45714]",429,0.21164,2.22584,0.45455,0.37989,"[0.57778, 0.13333, 0.42857]",324,COMPLETED,23.993
11,20251222_211050,OUMVLP_concat.csv,Preset_3,MLP,42,100,"[1280, 896, 512, 256]",mean,L2,64,4,1280,silu,0.5,Adam,,0.0001,1e-07,True,0.85,"[1, 2, 3, 4]","[1, 2]",[0.68794326 2.1920904  0.91725768],0.02,1.0,0.10514,2.45938,0.47727,0.39879,"[0.59091, 0.15385, 0.45161]",905,0.18304,2.41649,0.52273,0.43512,"[0.66667, 0.15385, 0.48485]",703,COMPLETED,50.254
12,20251222_211050,OUMVLP_mean.csv,Preset_3,MLP,42,77,"[1280, 896, 512, 256]",mean,L2,64,4,1280,silu,0.5,Adam,,0.0001,1e-07,True,0.85,"[1, 2, 3, 4]","[1, 2]",[0.68794326 2.1920904  0.91725768],0.02,1.0,0.1074,2.39789,0.45455,0.39564,"[0.47368, 0.125, 0.58824]",1039,0.17006,2.52402,0.5,0.4548,"[0.52632, 0.26667, 0.57143]",839,COMPLETED,55.858

13,20251222_211050,GREW_concat.csv,Preset_4,MLP,42,121,"[768, 768, 768, 768]",mean,minmax,128,4,768,gelu,0.4,AdamW,,0.00025,5e-06,True,0.8,"[1, 2, 3, 4]","[1, 3, 4]",[0.68794326 2.1920904  0.91725768],0.02,1.0,0.10768,2.08873,0.47727,0.35344,"[0.6087, 0.0, 0.45161]",97,0.11971,1.79204,0.56818,0.42543,"[0.69565, 0.0, 0.58065]",71,COMPLETED,3.381
14,20251222_211050,GREW_mean.csv,Preset_4,MLP,42,69,"[768, 768, 768, 768]",mean,minmax,128,4,768,gelu,0.4,AdamW,,0.00025,5e-06,True,0.8,"[1, 2, 3, 4]","[1, 3, 4]",[0.68794326 2.1920904  0.91725768],0.02,1.0,0.10668,1.99424,0.56818,0.47374,"[0.65116, 0.18182, 0.58824]",169,0.10721,1.95253,0.56818,0.47374,"[0.65116, 0.18182, 0.58824]",168,COMPLETED,5.716
15,20251222_211050,OUMVLP_concat.csv,Preset_4,MLP,42,98,"[768, 768, 768, 768]",mean,minmax,128,4,768,gelu,0.4,AdamW,,0.00025,5e-06,True,0.8,"[1, 2, 3, 4]","[1, 3, 4]",[0.68794326 2.1920904  0.91725768],0.02,1.0,0.10629,1.40249,0.61364,0.51087,"[0.68182, 0.22222, 0.62857]",115,0.11343,1.38297,0.65909,0.58155,"[0.72727, 0.30769, 0.70968]",101,COMPLETED,4.58
16,20251222_211050,OUMVLP_mean.csv,Preset_4,MLP,42,46,"[768, 768, 768, 768]",mean,minmax,128,4,768,gelu,0.4,AdamW,,0.00025,5e-06,True,0.8,"[1, 2, 3, 4]","[1, 3, 4]",[0.68794326 2.1920904  0.91725768],0.02,1.0,0.10831,1.94437,0.54545,0.50379,"[0.63636, 0.375, 0.5]",162,0.11295,1.67413,0.61364,0.56522,"[0.69565, 0.42857, 0.57143]",134,COMPLETED,5.821

17,20251222_211050,GREW_concat.csv,Preset_5,MLP,42,84,"[1024, 784, 512, 256]",mean,L2,64,4,1024,leakyrelu,0.5,Adam,,0.0002,1e-06,True,0.8,"[2, 3]","[1, 2, 3]",[0.68794326 2.1920904  0.91725768],0.02,1.0,0.10858,2.91897,0.36364,0.28055,"[0.45455, 0.0, 0.3871]",388,0.55983,2.05468,0.43182,0.39746,"[0.48649, 0.23529, 0.47059]",102,COMPLETED,20.115
18,20251222_211050,GREW_mean.csv,Preset_5,MLP,42,84,"[1024, 784, 512, 256]",mean,L2,64,4,1024,leakyrelu,0.5,Adam,,0.0002,1e-06,True,0.8,"[2, 3]","[1, 2, 3]",[0.68794326 2.1920904  0.91725768],0.02,1.0,0.10763,2.66501,0.40909,0.30814,"[0.51064, 0.0, 0.41379]",410,0.52483,1.83281,0.43182,0.40226,"[0.42105, 0.28571, 0.5]",104,COMPLETED,20.432
19,20251222_211050,OUMVLP_concat.csv,Preset_5,MLP,42,74,"[1024, 784, 512, 256]",mean,L2,64,4,1024,leakyrelu,0.5,Adam,,0.0002,1e-06,True,0.8,"[2, 3]","[1, 2, 3]",[0.68794326 2.1920904  0.91725768],0.02,1.0,0.10985,1.44344,0.65909,0.5754,"[0.75, 0.33333, 0.64286]",749,0.14835,1.65385,0.68182,0.64806,"[0.74419, 0.53333, 0.66667]",497,COMPLETED,38.927
20,20251222_211050,OUMVLP_mean.csv,Preset_5,MLP,42,58,"[1024, 784, 512, 256]",mean,L2,64,4,1024,leakyrelu,0.5,Adam,,0.0002,1e-06,True,0.8,"[2, 3]","[1, 2, 3]",[0.68794326 2.1920904  0.91725768],0.02,1.0,0.10949,1.81961,0.61364,0.58374,"[0.7, 0.47059, 0.58065]",922,0.11596,1.85286,0.61364,0.58786,"[0.68293, 0.5, 0.58065]",822,STOPPED,45.929

21,20251222_211050,GREW_concat.csv,Preset_6,MLP,42,103,"[1024, 1024, 512]",mean,L2,128,3,1024,silu,0.5,AdamW,,0.0002,5e-06,True,0.85,"[1, 3]",[2],[0.68794326 2.1920904  0.91725768],0.02,1.0,0.1071,2.3032,0.38636,0.28783,"[0.57778, 0.0, 0.28571]",203,0.63482,1.4322,0.5,0.45141,"[0.57143, 0.26667, 0.51613]",93,COMPLETED,6.289
22,20251222_211050,GREW_mean.csv,Preset_6,MLP,42,102,"[1024, 1024, 512]",mean,L2,128,3,1024,silu,0.5,AdamW,,0.0002,5e-06,True,0.85,"[1, 3]",[2],[0.68794326 2.1920904  0.91725768],0.02,1.0,0.10723,2.80283,0.38636,0.27964,"[0.55319, 0.0, 0.28571]",212,0.5249,1.81667,0.45455,0.41856,"[0.51282, 0.28571, 0.45714]",102,COMPLETED,6.149
23,20251222_211050,OUMVLP_concat.csv,Preset_6,MLP,42,100,"[1024, 1024, 512]",mean,L2,128,3,1024,silu,0.5,AdamW,,0.0002,5e-06,True,0.85,"[1, 3]",[2],[0.68794326 2.1920904  0.91725768],0.02,1.0,0.10935,2.35701,0.45455,0.39076,"[0.47619, 0.18182, 0.51429]",524,0.34579,1.67418,0.52273,0.44373,"[0.53659, 0.2, 0.59459]",318,COMPLETED,16.401
24,20251222_211050,OUMVLP_mean.csv,Preset_6,MLP,42,77,"[1024, 1024, 512]",mean,L2,128,3,1024,silu,0.5,AdamW,,0.0002,5e-06,True,0.85,"[1, 3]",[2],[0.68794326 2.1920904  0.91725768],0.02,1.0,0.10859,2.55601,0.47727,0.41463,"[0.51282, 0.125, 0.60606]",663,0.12148,2.80501,0.5,0.45589,"[0.52632, 0.23529, 0.60606]",594,COMPLETED,20.475

25,20251222_211050,GREW_concat.csv,Preset_7,MLP,42,768,"[1280, 896, 512, 256]",mean,,64,4,1280,silu,0.4,AdamW,,0.00018,5e-07,False,,"[1, 3]","[2, 3]",[0.68794326 2.1920904  0.91725768],0.02,1.0,0.1056,2.55839,0.40909,0.31946,"[0.47059, 0.0, 0.4878]",82,0.2499,2.56404,0.43182,0.37681,"[0.63415, 0.2963, 0.2]",63,COMPLETED,4.119
26,20251222_211050,GREW_mean.csv,Preset_7,MLP,42,256,"[1280, 896, 512, 256]",mean,,64,4,1280,silu,0.4,AdamW,,0.00018,5e-07,False,,"[1, 3]","[2, 3]",[0.68794326 2.1920904  0.91725768],0.02,1.0,0.10504,2.2458,0.45455,0.35514,"[0.48649, 0.0, 0.57895]",92,0.12553,1.75529,0.52273,0.3881,"[0.58537, 0.0, 0.57895]",73,COMPLETED,4.413
27,20251222_211050,OUMVLP_concat.csv,Preset_7,MLP,42,1024,"[1280, 896, 512, 256]",mean,,64,4,1280,silu,0.4,AdamW,,0.00018,5e-07,False,,"[1, 3]","[2, 3]",[0.68794326 2.1920904  0.91725768],0.02,1.0,0.10843,2.33447,0.47727,0.45375,"[0.5, 0.31579, 0.54545]",269,0.64283,1.68473,0.52273,0.49785,"[0.60465, 0.44444, 0.44444]",120,COMPLETED,14.505
28,20251222_211050,OUMVLP_mean.csv,Preset_7,MLP,42,256,"[1280, 896, 512, 256]",mean,,64,4,1280,silu,0.4,AdamW,,0.00018,5e-07,False,,"[1, 3]","[2, 3]",[0.68794326 2.1920904  0.91725768],0.02,1.0,0.10369,2.18174,0.5,0.3684,"[0.59091, 0.0, 0.51429]",326,0.10575,1.94432,0.54545,0.49448,"[0.60465, 0.33333, 0.54545]",322,COMPLETED,15.924

29,20251222_211050,GREW_concat.csv,Preset_8,MLP,42,121,"[1152, 768, 512]",mean,minmax,96,3,1152,silu,0.5,AdamW,,0.0002,5e-06,True,0.8,"[1, 2]","[1, 2]",[0.68794326 2.1920904  0.91725768],0.02,1.0,0.10863,1.58004,0.5,0.34615,"[0.65385, 0.0, 0.38462]",320,0.17771,2.04502,0.54545,0.39796,"[0.69388, 0.0, 0.5]",48,COMPLETED,11.948
30,20251222_211050,GREW_mean.csv,Preset_8,MLP,42,69,"[1152, 768, 512]",mean,minmax,96,3,1152,silu,0.5,AdamW,,0.0002,5e-06,True,0.8,"[1, 2]","[1, 2]",[0.68794326 2.1920904  0.91725768],0.02,1.0,0.10935,1.78921,0.47727,0.36695,"[0.57143, 0.0, 0.52941]",491,0.12798,1.80702,0.59091,0.4368,"[0.68182, 0.0, 0.62857]",243,COMPLETED,17.162
31,20251222_211050,OUMVLP_concat.csv,Preset_8,MLP,42,98,"[1152, 768, 512]",mean,minmax,96,3,1152,silu,0.5,AdamW,,0.0002,5e-06,True,0.8,"[1, 2]","[1, 2]",[0.68794326 2.1920904  0.91725768],0.02,1.0,0.1088,1.27141,0.61364,0.50936,"[0.68085, 0.22222, 0.625]",410,0.11942,1.21203,0.72727,0.59757,"[0.78261, 0.22222, 0.78788]",209,COMPLETED,14.21
32,20251222_211050,OUMVLP_mean.csv,Preset_8,MLP,42,46,"[1152, 768, 512]",mean,minmax,96,3,1152,silu,0.5,AdamW,,0.0002,5e-06,True,0.8,"[1, 2]","[1, 2]",[0.68794326 2.1920904  0.91725768],0.02,1.0,0.11169,1.38476,0.61364,0.5377,"[0.70833, 0.33333, 0.57143]",748,0.11097,1.32412,0.65909,0.61012,"[0.71429, 0.42857, 0.6875]",648,STOPPED,26.433

33,20251222_211050,GREW_concat.csv,Preset_9,MLP,42,57,"[512, 256, 128]",mean,L2,64,3,512,silu,0.5,Adam,,0.0001,0.0,True,0.7,[3],[3],[0.68794326 2.1920904  0.91725768],0.02,1.0,0.20768,2.43059,0.31818,0.29537,"[0.41026, 0.2, 0.27586]",1844,0.45952,1.52146,0.43182,0.41765,"[0.4, 0.35294, 0.5]",585,STOPPED,78.734
34,20251222_211050,GREW_mean.csv,Preset_9,MLP,42,57,"[512, 256, 128]",mean,L2,64,3,512,silu,0.5,Adam,,0.0001,0.0,True,0.7,[3],[3],[0.68794326 2.1920904  0.91725768],0.02,1.0,0.21244,1.99402,0.5,0.4153,"[0.63636, 0.14286, 0.46667]",1698,0.22002,2.02149,0.5,0.46618,"[0.6, 0.31579, 0.48276]",1559,STOPPED,75.844
35,20251222_211050,OUMVLP_concat.csv,Preset_9,MLP,42,39,"[512, 256, 128]",mean,L2,64,3,512,silu,0.5,Adam,,0.0001,0.0,True,0.7,[3],[3],[0.68794326 2.1920904  0.91725768],0.02,1.0,0.41368,1.88504,0.40909,0.38731,"[0.51282, 0.31579, 0.33333]",1989,0.46209,1.63722,0.5,0.47271,"[0.59459, 0.35294, 0.47059]",1645,STOPPED,86.117
36,20251222_211050,OUMVLP_mean.csv,Preset_9,MLP,42,32,"[512, 256, 128]",mean,L2,64,3,512,silu,0.5,Adam,,0.0001,0.0,True,0.7,[3],[3],[0.68794326 2.1920904  0.91725768],0.02,1.0,0.58812,1.44027,0.43182,0.41533,"[0.45714, 0.27273, 0.51613]",1322,0.66059,1.30446,0.5,0.47386,"[0.5, 0.33333, 0.58824]",1011,STOPPED,46.358

37,20251222_211050,GREW_concat.csv,Preset_10,MLP,42,103,"[896, 896, 896]",mean,L2,96,3,896,silu,0.45,AdamW,,0.00015,1e-05,True,0.85,"[1, 2, 3]","[2, 3]",[0.68794326 2.1920904  0.91725768],0.02,1.0,0.10778,2.31138,0.36364,0.33095,"[0.47619, 0.25, 0.26667]",275,0.25034,2.13026,0.52273,0.46638,"[0.6087, 0.30769, 0.48276]",149,COMPLETED,8.64
38,20251222_211050,GREW_mean.csv,Preset_10,MLP,42,102,"[896, 896, 896]",mean,L2,96,3,896,silu,0.45,AdamW,,0.00015,1e-05,True,0.85,"[1, 2, 3]","[2, 3]",[0.68794326 2.1920904  0.91725768],0.02,1.0,0.10642,2.68455,0.36364,0.3107,"[0.47619, 0.13333, 0.32258]",272,0.37551,2.26486,0.45455,0.41856,"[0.51282, 0.28571, 0.45714]",119,COMPLETED,8.617
39,20251222_211050,OUMVLP_concat.csv,Preset_10,MLP,42,100,"[896, 896, 896]",mean,L2,96,3,896,silu,0.45,AdamW,,0.00015,1e-05,True,0.85,"[1, 2, 3]","[2, 3]",[0.68794326 2.1920904  0.91725768],0.02,1.0,0.10907,2.40177,0.40909,0.34857,"[0.48889, 0.18182, 0.375]",570,0.22321,2.21869,0.52273,0.43729,"[0.59574, 0.2, 0.51613]",375,COMPLETED,17.534
40,20251222_211050,OUMVLP_mean.csv,Preset_10,MLP,42,77,"[896, 896, 896]",mean,L2,96,3,896,silu,0.45,AdamW,,0.00015,1e-05,True,0.85,"[1, 2, 3]","[2, 3]",[0.68794326 2.1920904  0.91725768],0.02,1.0,0.10991,2.24202,0.47727,0.41463,"[0.51282, 0.125, 0.60606]",664,0.16133,2.32474,0.59091,0.49006,"[0.69565, 0.15385, 0.62069]",526,COMPLETED,21.811

41,20251222_211050,GREW_concat.csv,Preset_11,MLP,42,70,"[768, 512, 384, 256]",mean,L2,80,4,768,leakyrelu,0.45,Adam,,0.0002,0.0,True,0.75,"[2, 4]","[1, 3]",[0.68794326 2.1920904  0.91725768],0.02,1.0,0.11338,2.55909,0.40909,0.31638,"[0.51163, 0.0, 0.4375]",616,0.30788,2.1885,0.52273,0.43809,"[0.6087, 0.15385, 0.55172]",164,STOPPED,18.715
42,20251222_211050,GREW_mean.csv,Preset_11,MLP,42,69,"[768, 512, 384, 256]",mean,L2,80,4,768,leakyrelu,0.45,Adam,,0.0002,0.0,True,0.75,"[2, 4]","[1, 3]",[0.68794326 2.1920904  0.91725768],0.02,1.0,0.11525,2.27124,0.47727,0.32946,"[0.60377, 0.0, 0.38462]",589,0.12212,2.35278,0.54545,0.48385,"[0.68293, 0.23529, 0.53333]",425,STOPPED,20.601
43,20251222_211050,OUMVLP_concat.csv,Preset_11,MLP,42,55,"[768, 512, 384, 256]",mean,L2,80,4,768,leakyrelu,0.45,Adam,,0.0002,0.0,True,0.75,"[2, 4]","[1, 3]",[0.68794326 2.1920904  0.91725768],0.02,1.0,0.13453,2.08166,0.47727,0.40091,"[0.56522, 0.2, 0.4375]",1241,0.14208,1.96535,0.59091,0.52072,"[0.68, 0.36364, 0.51852]",1141,STOPPED,43.076
44,20251222_211050,OUMVLP_mean.csv,Preset_11,MLP,42,44,"[768, 512, 384, 256]",mean,L2,80,4,768,leakyrelu,0.45,Adam,,0.0002,0.0,True,0.75,"[2, 4]","[1, 3]",[0.68794326 2.1920904  0.91725768],0.02,1.0,0.1323,1.66354,0.54545,0.49734,"[0.5641, 0.33333, 0.59459]",1480,0.21313,1.51638,0.63636,0.6147,"[0.65, 0.54545, 0.64865]",804,STOPPED,45.088

45,20251222_211050,GREW_concat.csv,Preset_12,MLP,42,74,"[1280, 960, 640, 320, 160]",max,L2,96,5,1280,gelu,0.3,Adam,,0.0001,1e-07,True,0.7,"[1, 2, 4]","[3, 4]",[0.68794326 2.1920904  0.91725768],0.02,1.0,0.10662,2.03882,0.47727,0.36395,"[0.62963, 0.22222, 0.24]",152,0.33611,1.38464,0.61364,0.50373,"[0.70833, 0.22222, 0.58065]",69,COMPLETED,5.526
46,20251222_211050,GREW_mean.csv,Preset_12,MLP,42,73,"[1280, 960, 640, 320, 160]",max,L2,96,5,1280,gelu,0.3,Adam,,0.0001,1e-07,True,0.7,"[1, 2, 4]","[3, 4]",[0.68794326 2.1920904  0.91725768],0.02,1.0,0.10755,2.01576,0.5,0.34495,"[0.61818, 0.0, 0.41667]",150,0.15924,1.44739,0.54545,0.48968,"[0.61905, 0.25, 0.6]",107,COMPLETED,5.643
47,20251222_211050,OUMVLP_concat.csv,Preset_12,MLP,42,50,"[1280, 960, 640, 320, 160]",max,L2,96,5,1280,gelu,0.3,Adam,,0.0001,1e-07,True,0.7,"[1, 2, 4]","[3, 4]",[0.68794326 2.1920904  0.91725768],0.02,1.0,0.10509,2.25486,0.45455,0.37834,"[0.55319, 0.18182, 0.4]",614,0.29257,2.02697,0.54545,0.50694,"[0.61224, 0.42857, 0.48]",388,COMPLETED,22.084
48,20251222_211050,OUMVLP_mean.csv,Preset_12,MLP,42,45,"[1280, 960, 640, 320, 160]",max,L2,96,5,1280,gelu,0.3,Adam,,0.0001,1e-07,True,0.7,"[1, 2, 4]","[3, 4]",[0.68794326 2.1920904  0.91725768],0.02,1.0,0.10765,2.3933,0.45455,0.38771,"[0.51163, 0.16667, 0.48485]",583,0.12006,2.29721,0.5,0.45333,"[0.55814, 0.28571, 0.51613]",569,COMPLETED,20.954

49,20251222_211050,GREW_concat.csv,Preset_13,MLP,42,768,"[1152, 1152, 1152]",mean,L2,128,3,1152,silu,0.5,AdamW,,0.0002,5e-06,False,,"[1, 2, 3]","[2, 3]",[0.68794326 2.1920904  0.91725768],0.02,1.0,0.10533,2.11406,0.38636,0.30794,"[0.52381, 0.0, 0.4]",190,0.21222,2.51541,0.47727,0.43844,"[0.63415, 0.33333, 0.34783]",152,COMPLETED,5.676
50,20251222_211050,GREW_mean.csv,Preset_13,MLP,42,256,"[1152, 1152, 1152]",mean,L2,128,3,1152,silu,0.5,AdamW,,0.0002,5e-06,False,,"[1, 2, 3]","[2, 3]",[0.68794326 2.1920904  0.91725768],0.02,1.0,0.10473,2.26056,0.40909,0.30525,"[0.47826, 0.0, 0.4375]",207,0.38381,2.44455,0.47727,0.42407,"[0.44444, 0.25, 0.57778]",84,COMPLETED,5.747
51,20251222_211050,OUMVLP_concat.csv,Preset_13,MLP,42,1024,"[1152, 1152, 1152]",mean,L2,128,3,1152,silu,0.5,AdamW,,0.0002,5e-06,False,,"[1, 2, 3]","[2, 3]",[0.68794326 2.1920904  0.91725768],0.02,1.0,0.10792,2.1111,0.47727,0.40233,"[0.59091, 0.13333, 0.48276]",561,0.6455,2.1663,0.5,0.49499,"[0.51429, 0.45455, 0.51613]",248,COMPLETED,15.954
52,20251222_211050,OUMVLP_mean.csv,Preset_13,MLP,42,256,"[1152, 1152, 1152]",mean,L2,128,3,1152,silu,0.5,AdamW,,0.0002,5e-06,False,,"[1, 2, 3]","[2, 3]",[0.68794326 2.1920904  0.91725768],0.02,1.0,0.10575,1.74266,0.52273,0.37007,"[0.62745, 0.0, 0.48276]",589,0.24486,1.90149,0.54545,0.50965,"[0.57895, 0.4, 0.55]",533,COMPLETED,16.21

53,20251222_211050,GREW_concat.csv,Preset_14,MLP,42,768,"[160, 320, 640]",mean,L2,128,3,640,relu,0.2,AdamW,,0.0002,1e-07,False,,[2],"[1, 2]",[0.68794326 2.1920904  0.91725768],0.02,1.0,0.10563,2.10094,0.40909,0.30789,"[0.45, 0.0, 0.47368]",642,0.12235,2.39548,0.47727,0.43122,"[0.57143, 0.22222, 0.5]",515,COMPLETED,16.855
54,20251222_211050,GREW_mean.csv,Preset_14,MLP,42,256,"[160, 320, 640]",mean,L2,128,3,640,relu,0.2,AdamW,,0.0002,1e-07,False,,[2],"[1, 2]",[0.68794326 2.1920904  0.91725768],0.02,1.0,0.10763,2.2481,0.38636,0.2957,"[0.5, 0.0, 0.3871]",854,0.66953,1.37161,0.52273,0.4762,"[0.52632, 0.30769, 0.59459]",120,COMPLETED,22.258
55,20251222_211050,OUMVLP_concat.csv,Preset_14,MLP,42,1024,"[160, 320, 640]",mean,L2,128,3,640,relu,0.2,AdamW,,0.0002,1e-07,False,,[2],"[1, 2]",[0.68794326 2.1920904  0.91725768],0.02,1.0,0.2162,1.86538,0.47727,0.40322,"[0.55814, 0.16667, 0.48485]",804,0.54937,1.20621,0.54545,0.53623,"[0.6087, 0.57143, 0.42857]",236,STOPPED,22.44
56,20251222_211050,OUMVLP_mean.csv,Preset_14,MLP,42,256,"[160, 320, 640]",mean,L2,128,3,640,relu,0.2,AdamW,,0.0002,1e-07,False,,[2],"[1, 2]",[0.68794326 2.1920904  0.91725768],0.02,1.0,0.27598,2.25134,0.45455,0.34123,"[0.55, 0.0, 0.47368]",1245,0.57136,1.40392,0.54545,0.52748,"[0.59459, 0.46154, 0.52632]",491,STOPPED,32.297

57,20251222_211050,GREW_concat.csv,Preset_15,MLP,42,121,"[576, 384, 192]",mean,minmax,96,3,576,elu,0.5,RMSprop,,0.0002,5e-05,True,0.8,[2],"[1, 3]",[0.68794326 2.1920904  0.91725768],0.02,1.0,0.11114,1.53401,0.56818,0.47133,"[0.66667, 0.16667, 0.58065]",576,0.11575,1.4,0.59091,0.48447,"[0.73913, 0.14286, 0.57143]",365,STOPPED,16.794
58,20251222_211050,GREW_mean.csv,Preset_15,MLP,42,69,"[576, 384, 192]",mean,minmax,96,3,576,elu,0.5,RMSprop,,0.0002,5e-05,True,0.8,[2],"[1, 3]",[0.68794326 2.1920904  0.91725768],0.02,1.0,0.11257,1.74791,0.47727,0.40922,"[0.61111, 0.14286, 0.47368]",761,0.12744,2.3075,0.52273,0.47177,"[0.64865, 0.26667, 0.5]",360,STOPPED,21.861
59,20251222_211050,OUMVLP_concat.csv,Preset_15,MLP,42,98,"[576, 384, 192]",mean,minmax,96,3,576,elu,0.5,RMSprop,,0.0002,5e-05,True,0.8,[2],"[1, 3]",[0.68794326 2.1920904  0.91725768],0.02,1.0,0.10941,1.13941,0.54545,0.42577,"[0.57143, 0.0, 0.70588]",718,0.13489,1.35155,0.65909,0.62545,"[0.66667, 0.5, 0.70968]",237,COMPLETED,21.925
60,20251222_211050,OUMVLP_mean.csv,Preset_15,MLP,42,46,"[576, 384, 192]",mean,minmax,96,3,576,elu,0.5,RMSprop,,0.0002,5e-05,True,0.8,[2],"[1, 3]",[0.68794326 2.1920904  0.91725768],0.02,1.0,0.1223,1.8519,0.52273,0.47235,"[0.57895, 0.26667, 0.57143]",678,0.67191,1.03749,0.56818,0.53111,"[0.61538, 0.35294, 0.625]",98,STOPPED,18.897

61,20251222_211050,GREW_concat.csv,Preset_16,MLP,42,768,"[1408, 1024, 768, 512]",mean,L2,128,4,1408,silu,0.45,AdamW,,0.0002,5e-06,False,,"[1, 2, 3, 4]","[2, 3, 4]",[0.68794326 2.1920904  0.91725768],0.02,1.0,0.10689,2.90337,0.34091,0.28824,"[0.52381, 0.09091, 0.25]",202,0.54774,1.79537,0.45455,0.44795,"[0.54545, 0.38462, 0.41379]",73,COMPLETED,6.532
62,20251222_211050,GREW_mean.csv,Preset_16,MLP,42,256,"[1408, 1024, 768, 512]",mean,L2,128,4,1408,silu,0.45,AdamW,,0.0002,5e-06,False,,"[1, 2, 3, 4]","[2, 3, 4]",[0.68794326 2.1920904  0.91725768],0.02,1.0,0.10717,2.76851,0.43182,0.33258,"[0.6, 0.125, 0.27273]",162,0.1072,2.7291,0.45455,0.41551,"[0.42424, 0.28571, 0.53659]",156,COMPLETED,5.192
63,20251222_211050,OUMVLP_concat.csv,Preset_16,MLP,42,1024,"[1408, 1024, 768, 512]",mean,L2,128,4,1408,silu,0.45,AdamW,,0.0002,5e-06,False,,"[1, 2, 3, 4]","[2, 3, 4]",[0.68794326 2.1920904  0.91725768],0.02,1.0,0.10305,2.68995,0.43182,0.41696,"[0.42424, 0.35294, 0.47368]",562,0.63479,2.47464,0.52273,0.51402,"[0.55556, 0.43478, 0.55172]",538,COMPLETED,18.078
64,20251222_211050,OUMVLP_mean.csv,Preset_16,MLP,42,256,"[1408, 1024, 768, 512]",mean,L2,128,4,1408,silu,0.45,AdamW,,0.0002,5e-06,False,,"[1, 2, 3, 4]","[2, 3, 4]",[0.68794326 2.1920904  0.91725768],0.02,1.0,0.10471,2.52297,0.45455,0.34291,"[0.55814, 0.0, 0.47059]",638,0.62483,1.73883,0.45455,0.44872,"[0.5, 0.38462, 0.46154]",206,COMPLETED,19.446

65,20251222_211050,GREW_concat.csv,Preset_17,MLP,42,86,"[640, 384, 256]",max,,80,3,640,gelu,0.35,Adam,,0.0001,1e-06,True,0.75,[1],"[1, 2]",[0.68794326 2.1920904  0.91725768],0.02,1.0,0.10939,1.41289,0.45455,0.38586,"[0.53333, 0.2, 0.42424]",592,0.44029,1.38477,0.47727,0.40824,"[0.52632, 0.14286, 0.55556]",43,COMPLETED,17.417
66,20251222_211050,GREW_mean.csv,Preset_17,MLP,42,84,"[640, 384, 256]",max,,80,3,640,gelu,0.35,Adam,,0.0001,1e-06,True,0.75,[1],"[1, 2]",[0.68794326 2.1920904  0.91725768],0.02,1.0,0.1115,1.42778,0.40909,0.29966,"[0.45455, 0.0, 0.44444]",463,0.13644,1.6998,0.5,0.42732,"[0.54545, 0.22222, 0.51429]",148,STOPPED,14.028
67,20251222_211050,OUMVLP_concat.csv,Preset_17,MLP,42,49,"[640, 384, 256]",max,,80,3,640,gelu,0.35,Adam,,0.0001,1e-06,True,0.75,[1],"[1, 2]",[0.68794326 2.1920904  0.91725768],0.02,1.0,0.10923,1.60685,0.5,0.36957,"[0.6087, 0.0, 0.5]",973,0.1602,1.90223,0.52273,0.48045,"[0.53659, 0.33333, 0.57143]",276,STOPPED,28.83
68,20251222_211050,OUMVLP_mean.csv,Preset_17,MLP,42,41,"[640, 384, 256]",max,,80,3,640,gelu,0.35,Adam,,0.0001,1e-06,True,0.75,[1],"[1, 2]",[0.68794326 2.1920904  0.91725768],0.02,1.0,0.1093,1.50837,0.52273,0.42986,"[0.625, 0.18182, 0.48276]",1127,0.10975,1.5233,0.59091,0.52381,"[0.66667, 0.33333, 0.57143]",989,COMPLETED,32.936

69,20251222_211050,GREW_concat.csv,Preset_18,MLP,42,78,"[896, 512, 256]",mean,minmax,64,3,896,silu,0.4,RMSprop,,8e-05,5e-05,True,0.7,"[1, 2]","[1, 2, 3]",[0.68794326 2.1920904  0.91725768],0.02,1.0,0.11395,1.56519,0.52273,0.36768,"[0.64151, 0.0, 0.46154]",623,0.20915,1.64726,0.56818,0.51345,"[0.625, 0.36364, 0.55172]",107,STOPPED,23.627
70,20251222_211050,GREW_mean.csv,Preset_18,MLP,42,43,"[896, 512, 256]",mean,minmax,64,3,896,silu,0.4,RMSprop,,8e-05,5e-05,True,0.7,"[1, 2]","[1, 2, 3]",[0.68794326 2.1920904  0.91725768],0.02,1.0,0.11513,1.79743,0.47727,0.36662,"[0.51163, 0.0, 0.58824]",986,0.25928,2.23068,0.47727,0.41036,"[0.52632, 0.13333, 0.57143]",191,STOPPED,36.778
71,20251222_211050,OUMVLP_concat.csv,Preset_18,MLP,42,55,"[896, 512, 256]",mean,minmax,64,3,896,silu,0.4,RMSprop,,8e-05,5e-05,True,0.7,"[1, 2]","[1, 2, 3]",[0.68794326 2.1920904  0.91725768],0.02,1.0,0.11639,1.25692,0.63636,0.57038,"[0.68085, 0.36364, 0.66667]",782,0.12069,1.17965,0.75,0.72077,"[0.77273, 0.61538, 0.77419]",631,STOPPED,29.393
72,20251222_211050,OUMVLP_mean.csv,Preset_18,MLP,42,22,"[896, 512, 256]",mean,minmax,64,3,896,silu,0.4,RMSprop,,8e-05,5e-05,True,0.7,"[1, 2]","[1, 2, 3]",[0.68794326 2.1920904  0.91725768],0.02,1.0,0.1273,1.97738,0.54545,0.52544,"[0.58537, 0.46154, 0.52941]",1543,0.13908,2.14575,0.59091,0.54746,"[0.68085, 0.46154, 0.5]",1076,STOPPED,57.099

73,20251222_211050,GREW_concat.csv,Preset_19,MLP,42,78,"[640, 448, 256]",mean,minmax,96,3,640,gelu,0.35,Adam,,0.00015,1e-06,True,0.7,[2],"[1, 2]",[0.68794326 2.1920904  0.91725768],0.02,1.0,0.10944,1.63658,0.43182,0.29107,"[0.57692, 0.0, 0.2963]",622,0.18377,1.63969,0.56818,0.46173,"[0.66667, 0.2, 0.51852]",84,COMPLETED,19.141
74,20251222_211050,GREW_mean.csv,Preset_19,MLP,42,43,"[640, 448, 256]",mean,minmax,96,3,640,gelu,0.35,Adam,,0.00015,1e-06,True,0.7,[2],"[1, 2]",[0.68794326 2.1920904  0.91725768],0.02,1.0,0.11449,1.74013,0.52273,0.40096,"[0.62222, 0.0, 0.58065]",859,0.2479,2.01796,0.54545,0.46777,"[0.5641, 0.13333, 0.70588]",111,STOPPED,26.125
75,20251222_211050,OUMVLP_concat.csv,Preset_19,MLP,42,55,"[640, 448, 256]",mean,minmax,96,3,640,gelu,0.35,Adam,,0.00015,1e-06,True,0.7,[2],"[1, 2]",[0.68794326 2.1920904  0.91725768],0.02,1.0,0.10954,1.08579,0.68182,0.64026,"[0.71111, 0.5, 0.70968]",775,0.11127,1.10066,0.75,0.72754,"[0.78261, 0.66667, 0.73333]",705,COMPLETED,24.094
76,20251222_211050,OUMVLP_mean.csv,Preset_19,MLP,42,22,"[640, 448, 256]",mean,minmax,96,3,640,gelu,0.35,Adam,,0.00015,1e-06,True,0.7,[2],"[1, 2]",[0.68794326 2.1920904  0.91725768],0.02,1.0,0.1215,1.92688,0.56818,0.55039,"[0.65116, 0.53333, 0.46667]",989,0.12489,1.99231,0.59091,0.56597,"[0.68182, 0.53333, 0.48276]",934,STOPPED,30.003

77,20251222_211050,GREW_concat.csv,Preset_20,MLP,42,768,"[384, 192, 96]",mean,L2,64,3,384,relu,0.35,RMSprop,,9e-05,5e-05,False,,[2],"[1, 2]",[0.68794326 2.1920904  0.91725768],0.02,1.0,0.11555,2.15815,0.38636,0.29815,"[0.45, 0.0, 0.44444]",744,0.15357,2.1785,0.43182,0.41451,"[0.47059, 0.31579, 0.45714]",457,STOPPED,28.23
78,20251222_211050,GREW_mean.csv,Preset_20,MLP,42,256,"[384, 192, 96]",mean,L2,64,3,384,relu,0.35,RMSprop,,9e-05,5e-05,False,,[2],"[1, 2]",[0.68794326 2.1920904  0.91725768],0.02,1.0,0.10631,1.95528,0.45455,0.33868,"[0.54545, 0.0, 0.47059]",876,0.11067,2.02811,0.45455,0.41441,"[0.52174, 0.30769, 0.41379]",825,COMPLETED,32.552
79,20251222_211050,OUMVLP_concat.csv,Preset_20,MLP,42,1024,"[384, 192, 96]",mean,L2,64,3,384,relu,0.35,RMSprop,,9e-05,5e-05,False,,[2],"[1, 2]",[0.68794326 2.1920904  0.91725768],0.02,1.0,0.13125,1.83952,0.47727,0.40089,"[0.41176, 0.2, 0.59091]",1719,0.5671,1.24983,0.52273,0.51696,"[0.53659, 0.5, 0.51429]",451,STOPPED,67.756
80,20251222_211050,OUMVLP_mean.csv,Preset_20,MLP,42,256,"[384, 192, 96]",mean,L2,64,3,384,relu,0.35,RMSprop,,9e-05,5e-05,False,,[2],"[1, 2]",[0.68794326 2.1920904  0.91725768],0.02,1.0,0.15587,1.93706,0.52273,0.46291,"[0.63636, 0.28571, 0.46667]",1950,0.15244,2.00786,0.54545,0.51367,"[0.59459, 0.375, 0.57143]",1821,STOPPED,71.642

81,20251222_211050,GREW_concat.csv,Preset_21,MLP,42,84,"[768, 512, 256]",mean,L2,88,3,768,silu,0.4,Adam,,0.0002,1e-07,True,0.8,"[1, 2, 3]","[1, 2]",[0.68794326 2.1920904  0.91725768],0.02,1.0,0.10731,2.65683,0.38636,0.29957,"[0.51163, 0.0, 0.3871]",290,0.69554,1.81741,0.34091,0.32102,"[0.38889, 0.21053, 0.36364]",106,COMPLETED,9.086
82,20251222_211050,GREW_mean.csv,Preset_21,MLP,42,84,"[768, 512, 256]",mean,L2,88,3,768,silu,0.4,Adam,,0.0002,1e-07,True,0.8,"[1, 2, 3]","[1, 2]",[0.68794326 2.1920904  0.91725768],0.02,1.0,0.1074,2.71524,0.36364,0.29163,"[0.4878, 0.0, 0.3871]",269,0.7048,1.65007,0.36364,0.34087,"[0.34286, 0.23529, 0.44444]",113,COMPLETED,8.469
83,20251222_211050,OUMVLP_concat.csv,Preset_21,MLP,42,74,"[768, 512, 256]",mean,L2,88,3,768,silu,0.4,Adam,,0.0002,1e-07,True,0.8,"[1, 2, 3]","[1, 2]",[0.68794326 2.1920904  0.91725768],0.02,1.0,0.10646,1.4878,0.63636,0.58265,"[0.72727, 0.4, 0.62069]",618,0.12858,1.57909,0.70455,0.67361,"[0.7619, 0.57143, 0.6875]",529,COMPLETED,19.826
84,20251222_211050,OUMVLP_mean.csv,Preset_21,MLP,42,58,"[768, 512, 256]",mean,L2,88,3,768,silu,0.4,Adam,,0.0002,1e-07,True,0.8,"[1, 2, 3]","[1, 2]",[0.68794326 2.1920904  0.91725768],0.02,1.0,0.10625,1.77263,0.59091,0.55,"[0.65, 0.375, 0.625]",761,0.15879,2.02258,0.61364,0.56944,"[0.66667, 0.375, 0.66667]",579,COMPLETED,24.3

85,20251222_211050,GREW_concat.csv,Preset_22,MLP,42,121,"[1024, 768, 512, 256]",mean,minmax,64,4,1024,silu,0.4,Adam,,0.0001,1e-07,True,0.8,"[1, 2, 3, 4]","[1, 2, 3]",[0.68794326 2.1920904  0.91725768],0.02,1.0,0.10819,2.16733,0.5,0.39796,"[0.62745, 0.18182, 0.38462]",173,0.11303,2.14342,0.56818,0.45085,"[0.70588, 0.16667, 0.48]",117,COMPLETED,8.324
86,20251222_211050,GREW_mean.csv,Preset_22,MLP,42,69,"[1024, 768, 512, 256]",mean,minmax,64,4,1024,silu,0.4,Adam,,0.0001,1e-07,True,0.8,"[1, 2, 3, 4]","[1, 2, 3]",[0.68794326 2.1920904  0.91725768],0.02,1.0,0.1045,2.12305,0.5,0.38416,"[0.63636, 0.0, 0.51613]",315,0.43473,1.79111,0.56818,0.47648,"[0.61905, 0.18182, 0.62857]",52,COMPLETED,14.846
87,20251222_211050,OUMVLP_concat.csv,Preset_22,MLP,42,98,"[1024, 768, 512, 256]",mean,minmax,64,4,1024,silu,0.4,Adam,,0.0001,1e-07,True,0.8,"[1, 2, 3, 4]","[1, 2, 3]",[0.68794326 2.1920904  0.91725768],0.02,1.0,0.10456,1.43891,0.63636,0.46336,"[0.7234, 0.0, 0.66667]",211,0.11535,1.27701,0.72727,0.64672,"[0.76596, 0.4, 0.77419]",156,COMPLETED,10.295
88,20251222_211050,OUMVLP_mean.csv,Preset_22,MLP,42,46,"[1024, 768, 512, 256]",mean,minmax,64,4,1024,silu,0.4,Adam,,0.0001,1e-07,True,0.8,"[1, 2, 3, 4]","[1, 2, 3]",[0.68794326 2.1920904  0.91725768],0.02,1.0,0.10736,1.86781,0.59091,0.5176,"[0.69565, 0.28571, 0.57143]",444,0.1086,1.72608,0.61364,0.56522,"[0.69565, 0.42857, 0.57143]",438,COMPLETED,20.908

89,20251222_211050,GREW_concat.csv,Preset_23,MLP,42,121,"[1024, 768, 512, 256]",mean,minmax,96,4,1024,silu,0.45,Adam,,0.0001,1e-07,True,0.8,"[1, 2, 3, 4]","[1, 2]",[0.68794326 2.1920904  0.91725768],0.02,1.0,0.10993,1.8711,0.54545,0.39546,"[0.65306, 0.0, 0.53333]",228,0.10847,1.88795,0.56818,0.46173,"[0.66667, 0.2, 0.51852]",224,COMPLETED,8.597
90,20251222_211050,GREW_mean.csv,Preset_23,MLP,42,69,"[1024, 768, 512, 256]",mean,minmax,96,4,1024,silu,0.45,Adam,,0.0001,1e-07,True,0.8,"[1, 2, 3, 4]","[1, 2]",[0.68794326 2.1920904  0.91725768],0.02,1.0,0.1082,2.00553,0.5,0.42063,"[0.61905, 0.14286, 0.5]",408,0.10932,1.94736,0.52273,0.43945,"[0.61905, 0.15385, 0.54545]",402,COMPLETED,14.934
91,20251222_211050,OUMVLP_concat.csv,Preset_23,MLP,42,98,"[1024, 768, 512, 256]",mean,minmax,96,4,1024,silu,0.45,Adam,,0.0001,1e-07,True,0.8,"[1, 2, 3, 4]","[1, 2]",[0.68794326 2.1920904  0.91725768],0.02,1.0,0.10925,1.41156,0.59091,0.49258,"[0.65306, 0.18182, 0.64286]",300,0.11701,1.40018,0.70455,0.63137,"[0.76, 0.44444, 0.68966]",179,COMPLETED,10.971
92,20251222_211050,OUMVLP_mean.csv,Preset_23,MLP,42,46,"[1024, 768, 512, 256]",mean,minmax,96,4,1024,silu,0.45,Adam,,0.0001,1e-07,True,0.8,"[1, 2, 3, 4]","[1, 2]",[0.68794326 2.1920904  0.91725768],0.02,1.0,0.10793,1.67607,0.59091,0.5176,"[0.69565, 0.28571, 0.57143]",527,0.17052,1.89065,0.63636,0.58679,"[0.71111, 0.42857, 0.62069]",179,COMPLETED,18.845

93,20251222_211050,GREW_concat.csv,Preset_24,MLP,42,768,"[768, 512, 384, 256]",mean,,80,4,768,silu,0.5,Adam,,0.00025,1e-06,False,,"[1, 3]","[2, 3]",[0.68794326 2.1920904  0.91725768],0.02,1.0,0.10701,1.90114,0.47727,0.35,"[0.58333, 0.0, 0.46667]",118,0.11043,1.74568,0.59091,0.44563,"[0.65116, 0.0, 0.68571]",108,COMPLETED,3.959
94,20251222_211050,GREW_mean.csv,Preset_24,MLP,42,256,"[768, 512, 384, 256]",mean,,80,4,768,silu,0.5,Adam,,0.00025,1e-06,False,,"[1, 3]","[2, 3]",[0.68794326 2.1920904  0.91725768],0.02,1.0,0.10539,2.36618,0.40909,0.31174,"[0.46154, 0.0, 0.47368]",118,0.15431,3.04662,0.40909,0.39194,"[0.42857, 0.28571, 0.46154]",78,COMPLETED,3.991
95,20251222_211050,OUMVLP_concat.csv,Preset_24,MLP,42,1024,"[768, 512, 384, 256]",mean,,80,4,768,silu,0.5,Adam,,0.00025,1e-06,False,,"[1, 3]","[2, 3]",[0.68794326 2.1920904  0.91725768],0.02,1.0,0.10659,2.6678,0.47727,0.45291,"[0.48485, 0.33333, 0.54054]",308,0.46936,1.50405,0.54545,0.51335,"[0.65116, 0.44444, 0.44444]",105,COMPLETED,10.36
96,20251222_211050,OUMVLP_mean.csv,Preset_24,MLP,42,256,"[768, 512, 384, 256]",mean,,80,4,768,silu,0.5,Adam,,0.00025,1e-06,False,,"[1, 3]","[2, 3]",[0.68794326 2.1920904  0.91725768],0.02,1.0,0.10565,2.53283,0.40909,0.32332,"[0.51282, 0.0, 0.45714]",468,0.23071,2.43958,0.45455,0.43355,"[0.5, 0.31579, 0.48485]",255,COMPLETED,15.079

97,20251222_211050,GREW_concat.csv,Preset_25,MLP,42,38,"[768, 384, 192, 96, 64, 64]",mean,L2,32,6,768,relu,0.3,RMSprop,,0.0002,1e-07,True,0.6,"[1, 3, 5]","[1, 3, 5]",[0.68794326 2.1920904  0.91725768],0.02,1.0,0.10357,2.4924,0.43182,0.31983,"[0.48889, 0.0, 0.47059]",694,0.15465,2.01684,0.54545,0.45278,"[0.625, 0.2, 0.53333]",364,COMPLETED,58.946
98,20251222_211050,GREW_mean.csv,Preset_25,MLP,42,37,"[768, 384, 192, 96, 64, 64]",mean,L2,32,6,768,relu,0.3,RMSprop,,0.0002,1e-07,True,0.6,"[1, 3, 5]","[1, 3, 5]",[0.68794326 2.1920904  0.91725768],0.02,1.0,0.11697,2.51217,0.43182,0.32341,"[0.54167, 0.0, 0.42857]",644,0.33709,2.48883,0.40909,0.37915,"[0.52381, 0.25, 0.36364]",212,STOPPED,54.534
99,20251222_211050,OUMVLP_concat.csv,Preset_25,MLP,42,18,"[768, 384, 192, 96, 64, 64]",mean,L2,32,6,768,relu,0.3,RMSprop,,0.0002,1e-07,True,0.6,"[1, 3, 5]","[1, 3, 5]",[0.68794326 2.1920904  0.91725768],0.02,1.0,0.14248,2.30322,0.52273,0.46572,"[0.6087, 0.25, 0.53846]",1510,0.34854,1.90386,0.54545,0.50794,"[0.61905, 0.33333, 0.57143]",960,STOPPED,127.583
100,20251222_211050,OUMVLP_mean.csv,Preset_25,MLP,42,16,"[768, 384, 192, 96, 64, 64]",mean,L2,32,6,768,relu,0.3,RMSprop,,0.0002,1e-07,True,0.6,"[1, 3, 5]","[1, 3, 5]",[0.68794326 2.1920904  0.91725768],0.02,1.0,0.12213,2.55314,0.43182,0.37104,"[0.48889, 0.2, 0.42424]",1607,0.63605,1.22216,0.54545,0.49495,"[0.63636, 0.36364, 0.48485]",771,STOPPED,135.982

101,20251222_211050,GREW_concat.csv,Preset_26,MLP,42,121,"[896, 640, 320, 192]",mean,minmax,80,4,896,leakyrelu,0.5,Adam,,0.0002,2e-07,True,0.8,"[1, 2, 3]","[1, 2]",[0.68794326 2.1920904  0.91725768],0.02,1.0,0.10844,2.31713,0.45455,0.30382,"[0.60377, 0.0, 0.30769]",189,0.20499,2.53951,0.5,0.38555,"[0.64151, 0.18182, 0.33333]",51,COMPLETED,6.479
102,20251222_211050,GREW_mean.csv,Preset_26,MLP,42,69,"[896, 640, 320, 192]",mean,minmax,80,4,896,leakyrelu,0.5,Adam,,0.0002,2e-07,True,0.8,"[1, 2, 3]","[1, 2]",[0.68794326 2.1920904  0.91725768],0.02,1.0,0.10421,2.44438,0.47727,0.36786,"[0.55814, 0.0, 0.54545]",344,0.18378,2.50633,0.54545,0.40489,"[0.65217, 0.0, 0.5625]",98,COMPLETED,11.693
103,20251222_211050,OUMVLP_concat.csv,Preset_26,MLP,42,98,"[896, 640, 320, 192]",mean,minmax,80,4,896,leakyrelu,0.5,Adam,,0.0002,2e-07,True,0.8,"[1, 2, 3]","[1, 2]",[0.68794326 2.1920904  0.91725768],0.02,1.0,0.10761,1.41116,0.65909,0.54438,"[0.7234, 0.22222, 0.6875]",235,0.10874,1.44556,0.70455,0.58108,"[0.76596, 0.25, 0.72727]",231,COMPLETED,8.342
104,20251222_211050,OUMVLP_mean.csv,Preset_26,MLP,42,46,"[896, 640, 320, 192]",mean,minmax,80,4,896,leakyrelu,0.5,Adam,,0.0002,2e-07,True,0.8,"[1, 2, 3]","[1, 2]",[0.68794326 2.1920904  0.91725768],0.02,1.0,0.1046,1.76388,0.61364,0.54664,"[0.69565, 0.36364, 0.58065]",499,0.35618,1.31067,0.65909,0.58788,"[0.71429, 0.36364, 0.68571]",84,COMPLETED,16.956

105,20251222_211050,GREW_concat.csv,Preset_27,MLP,42,103,"[896, 640, 384, 192]",mean,L2,64,4,896,silu,0.4,Adam,,0.0001,0.0,True,0.85,"[1, 2, 3]","[1, 2]",[0.68794326 2.1920904  0.91725768],0.02,1.0,0.10841,2.46453,0.38636,0.35185,"[0.5, 0.22222, 0.33333]",406,0.41581,1.89674,0.52273,0.47486,"[0.57143, 0.30769, 0.54545]",218,COMPLETED,17.608
106,20251222_211050,GREW_mean.csv,Preset_27,MLP,42,102,"[896, 640, 384, 192]",mean,L2,64,4,896,silu,0.4,Adam,,0.0001,0.0,True,0.85,"[1, 2, 3]","[1, 2]",[0.68794326 2.1920904  0.91725768],0.02,1.0,0.10736,2.87932,0.29545,0.21711,"[0.44444, 0.0, 0.2069]",407,0.62352,1.88223,0.43182,0.39916,"[0.5, 0.28571, 0.41176]",158,COMPLETED,17.66
107,20251222_211050,OUMVLP_concat.csv,Preset_27,MLP,42,100,"[896, 640, 384, 192]",mean,L2,64,4,896,silu,0.4,Adam,,0.0001,0.0,True,0.85,"[1, 2, 3]","[1, 2]",[0.68794326 2.1920904  0.91725768],0.02,1.0,0.10977,2.36437,0.40909,0.35084,"[0.48889, 0.2, 0.36364]",760,0.62065,1.89274,0.45455,0.41669,"[0.51282, 0.26667, 0.47059]",268,COMPLETED,32.604
108,20251222_211050,OUMVLP_mean.csv,Preset_27,MLP,42,77,"[896, 640, 384, 192]",mean,L2,64,4,896,silu,0.4,Adam,,0.0001,0.0,True,0.85,"[1, 2, 3]","[1, 2]",[0.68794326 2.1920904  0.91725768],0.02,1.0,0.10826,2.18267,0.47727,0.4125,"[0.55, 0.125, 0.5625]",1002,0.21586,2.49846,0.5,0.45319,"[0.5641, 0.25, 0.54545]",739,COMPLETED,43.115

109,20251222_211050,GREW_concat.csv,Preset_28,MLP,42,57,"[768, 512, 384, 256]",mean,L2,64,4,768,silu,0.5,Adam,,0.0002,5e-07,True,0.7,"[1, 2]","[1, 2, 3]",[0.68794326 2.1920904  0.91725768],0.02,1.0,0.10824,2.38309,0.40909,0.35464,"[0.42105, 0.14286, 0.5]",590,0.1386,2.51701,0.47727,0.43761,"[0.51282, 0.28571, 0.51429]",392,COMPLETED,25.51
110,20251222_211050,GREW_mean.csv,Preset_28,MLP,42,57,"[768, 512, 384, 256]",mean,L2,64,4,768,silu,0.5,Adam,,0.0002,5e-07,True,0.7,"[1, 2]","[1, 2, 3]",[0.68794326 2.1920904  0.91725768],0.02,1.0,0.10512,2.5414,0.38636,0.36094,"[0.42105, 0.25, 0.41176]",564,0.13148,2.47368,0.47727,0.43761,"[0.51282, 0.28571, 0.51429]",337,COMPLETED,24.962
111,20251222_211050,OUMVLP_concat.csv,Preset_28,MLP,42,39,"[768, 512, 384, 256]",mean,L2,64,4,768,silu,0.5,Adam,,0.0002,5e-07,True,0.7,"[1, 2]","[1, 2, 3]",[0.68794326 2.1920904  0.91725768],0.02,1.0,0.10601,1.82273,0.5,0.47169,"[0.6087, 0.46154, 0.34483]",1382,0.12532,1.81184,0.61364,0.57575,"[0.71111, 0.5, 0.51613]",1000,COMPLETED,58.432
112,20251222_211050,OUMVLP_mean.csv,Preset_28,MLP,42,32,"[768, 512, 384, 256]",mean,L2,64,4,768,silu,0.5,Adam,,0.0002,5e-07,True,0.7,"[1, 2]","[1, 2, 3]",[0.68794326 2.1920904  0.91725768],0.02,1.0,0.10834,1.88878,0.54545,0.52413,"[0.61905, 0.47059, 0.48276]",1548,0.13902,1.8756,0.59091,0.56763,"[0.65116, 0.5, 0.55172]",1214,COMPLETED,65.163

113,20251222_211050,GREW_concat.csv,Preset_29,MLP,42,15,"[1024, 512, 256, 128]",mean,,32,4,1024,gelu,0.2,AdamW,,0.0003,1e-05,True,0.6,"[2, 3, 4]","[1, 3]",[0.68794326 2.1920904  0.91725768],0.02,1.0,0.10642,2.63557,0.40909,0.33116,"[0.53061, 0.14286, 0.32]",177,0.68235,1.21875,0.54545,0.48374,"[0.625, 0.30769, 0.51852]",13,COMPLETED,13.005
114,20251222_211050,GREW_mean.csv,Preset_29,MLP,42,15,"[1024, 512, 256, 128]",mean,,32,4,1024,gelu,0.2,AdamW,,0.0003,1e-05,True,0.6,"[2, 3, 4]","[1, 3]",[0.68794326 2.1920904  0.91725768],0.02,1.0,0.10782,2.48746,0.43182,0.3652,"[0.5, 0.18182, 0.41379]",218,0.2548,2.06142,0.5,0.48413,"[0.52381, 0.42857, 0.5]",80,COMPLETED,16.172
115,20251222_211050,OUMVLP_concat.csv,Preset_29,MLP,42,5,"[1024, 512, 256, 128]",mean,,32,4,1024,gelu,0.2,AdamW,,0.0003,1e-05,True,0.6,"[2, 3, 4]","[1, 3]",[0.68794326 2.1920904  0.91725768],0.02,1.0,0.11161,3.10545,0.22727,0.2037,"[0.3, 0.11111, 0.2]",886,0.42308,1.95239,0.43182,0.40172,"[0.43902, 0.25, 0.51613]",137,STOPPED,65.176
116,20251222_211050,OUMVLP_mean.csv,Preset_29,MLP,42,5,"[1024, 512, 256, 128]",mean,,32,4,1024,gelu,0.2,AdamW,,0.0003,1e-05,True,0.6,"[2, 3, 4]","[1, 3]",[0.68794326 2.1920904  0.91725768],0.02,1.0,0.11006,2.76807,0.31818,0.25341,"[0.31579, 0.0, 0.44444]",1240,0.11497,2.79304,0.38636,0.33624,"[0.38889, 0.13333, 0.48649]",1194,STOPPED,91.05

117,20251222_211050,GREW_concat.csv,Preset_30,MLP,42,34,"[384, 384, 192]",mean,,48,3,384,silu,0.15,Adam,,0.0006,0.0,True,0.7,"[2, 3]","[1, 3]",[0.68794326 2.1920904  0.91725768],0.02,1.0,0.10786,1.99091,0.43182,0.37302,"[0.47619, 0.14286, 0.5]",97,0.13845,1.85521,0.56818,0.50594,"[0.65116, 0.26667, 0.6]",54,COMPLETED,4.697
118,20251222_211050,GREW_mean.csv,Preset_30,MLP,42,34,"[384, 384, 192]",mean,,48,3,384,silu,0.15,Adam,,0.0006,0.0,True,0.7,"[2, 3]","[1, 3]",[0.68794326 2.1920904  0.91725768],0.02,1.0,0.1087,2.11598,0.5,0.42622,"[0.53659, 0.15385, 0.58824]",130,0.13882,2.08089,0.52273,0.47465,"[0.55, 0.28571, 0.58824]",65,COMPLETED,6.444
119,20251222_211050,OUMVLP_concat.csv,Preset_30,MLP,42,15,"[384, 384, 192]",mean,,48,3,384,silu,0.15,Adam,,0.0006,0.0,True,0.7,"[2, 3]","[1, 3]",[0.68794326 2.1920904  0.91725768],0.02,1.0,0.10933,2.19634,0.38636,0.30918,"[0.57778, 0.14286, 0.2069]",453,0.13937,2.33924,0.45455,0.39153,"[0.62222, 0.26667, 0.28571]",158,COMPLETED,21.513
120,20251222_211050,OUMVLP_mean.csv,Preset_30,MLP,42,14,"[384, 384, 192]",mean,,48,3,384,silu,0.15,Adam,,0.0006,0.0,True,0.7,"[2, 3]","[1, 3]",[0.68794326 2.1920904  0.91725768],0.02,1.0,0.10987,2.05481,0.38636,0.29163,"[0.58333, 0.11765, 0.17391]",538,0.56464,1.42093,0.5,0.44055,"[0.66667, 0.21053, 0.44444]",128,COMPLETED,25.385

121,20251222_211050,GREW_concat.csv,Preset_31,MLP,42,70,"[640, 640, 512]",mean,L2,96,3,640,silu,0.4,AdamW,,0.00015,1e-05,True,0.75,"[1, 2, 3]","[2, 3]",[0.68794326 2.1920904  0.91725768],0.02,1.0,0.10895,2.22557,0.43182,0.33737,"[0.54545, 0.0, 0.46667]",394,0.15507,2.43358,0.5,0.45159,"[0.57143, 0.25, 0.53333]",205,COMPLETED,12.47
122,20251222_211050,GREW_mean.csv,Preset_31,MLP,42,69,"[640, 640, 512]",mean,L2,96,3,640,silu,0.4,AdamW,,0.00015,1e-05,True,0.75,"[1, 2, 3]","[2, 3]",[0.68794326 2.1920904  0.91725768],0.02,1.0,0.10919,2.04344,0.45455,0.3877,"[0.57143, 0.125, 0.46667]",435,0.1707,2.17708,0.54545,0.47032,"[0.69565, 0.23529, 0.48]",267,COMPLETED,13.814
123,20251222_211050,OUMVLP_concat.csv,Preset_31,MLP,42,55,"[640, 640, 512]",mean,L2,96,3,640,silu,0.4,AdamW,,0.00015,1e-05,True,0.75,"[1, 2, 3]","[2, 3]",[0.68794326 2.1920904  0.91725768],0.02,1.0,0.10899,1.66858,0.52273,0.49785,"[0.60465, 0.44444, 0.44444]",1037,0.1321,1.86994,0.61364,0.57804,"[0.69565, 0.5, 0.53846]",694,COMPLETED,32.309
124,20251222_211050,OUMVLP_mean.csv,Preset_31,MLP,42,44,"[640, 640, 512]",mean,L2,96,3,640,silu,0.4,AdamW,,0.00015,1e-05,True,0.75,"[1, 2, 3]","[2, 3]",[0.68794326 2.1920904  0.91725768],0.02,1.0,0.10953,1.94613,0.54545,0.52976,"[0.58537, 0.47059, 0.53333]",1175,0.15334,1.92419,0.63636,0.59682,"[0.72727, 0.47059, 0.59259]",770,COMPLETED,36.733

125,20251222_211050,GREW_concat.csv,Preset_32,MLP,42,84,"[768, 512, 256]",mean,L2,80,3,768,silu,0.4,Adam,,0.00015,2e-07,True,0.8,"[1, 2]","[1, 2]",[0.68794326 2.1920904  0.91725768],0.02,1.0,0.10787,2.41105,0.40909,0.31085,"[0.54545, 0.0, 0.3871]",443,0.31417,2.82725,0.38636,0.33515,"[0.4878, 0.11765, 0.4]",219,COMPLETED,13.411
126,20251222_211050,GREW_mean.csv,Preset_32,MLP,42,84,"[768, 512, 256]",mean,L2,80,3,768,silu,0.4,Adam,,0.00015,2e-07,True,0.8,"[1, 2]","[1, 2]",[0.68794326 2.1920904  0.91725768],0.02,1.0,0.10911,2.39723,0.38636,0.30014,"[0.47619, 0.0, 0.42424]",418,0.71759,1.74127,0.38636,0.36044,"[0.38889, 0.23529, 0.45714]",118,COMPLETED,12.563
127,20251222_211050,OUMVLP_concat.csv,Preset_32,MLP,42,74,"[768, 512, 256]",mean,L2,80,3,768,silu,0.4,Adam,,0.00015,2e-07,True,0.8,"[1, 2]","[1, 2]",[0.68794326 2.1920904  0.91725768],0.02,1.0,0.10939,1.4114,0.68182,0.64805,"[0.77273, 0.57143, 0.6]",806,0.10798,1.46916,0.70455,0.68669,"[0.77273, 0.66667, 0.62069]",789,COMPLETED,25.005
128,20251222_211050,OUMVLP_mean.csv,Preset_32,MLP,42,58,"[768, 512, 256]",mean,L2,80,3,768,silu,0.4,Adam,,0.00015,2e-07,True,0.8,"[1, 2]","[1, 2]",[0.68794326 2.1920904  0.91725768],0.02,1.0,0.10871,1.87883,0.52273,0.4883,"[0.63158, 0.3, 0.53333]",1003,0.20128,2.10343,0.61364,0.58347,"[0.68421, 0.42105, 0.64516]",633,COMPLETED,30.548

129,20251222_211050,GREW_concat.csv,Preset_33,MLP,42,47,"[896, 896, 896, 896]",mean,,96,4,896,silu,0.45,AdamW,,0.00015,1e-05,True,0.75,"[1, 2, 3, 4]","[2, 3, 4]",[0.68794326 2.1920904  0.91725768],0.02,1.0,0.1079,2.16305,0.56818,0.43135,"[0.68293, 0.0, 0.61111]",130,0.11927,2.3064,0.61364,0.51047,"[0.68293, 0.18182, 0.66667]",88,COMPLETED,5.046
130,20251222_211050,GREW_mean.csv,Preset_33,MLP,42,47,"[896, 896, 896, 896]",mean,,96,4,896,silu,0.45,AdamW,,0.00015,1e-05,True,0.75,"[1, 2, 3, 4]","[2, 3, 4]",[0.68794326 2.1920904  0.91725768],0.02,1.0,0.10789,2.27889,0.47727,0.39869,"[0.57778, 0.16667, 0.45161]",165,0.12549,2.37036,0.56818,0.47632,"[0.65, 0.2, 0.57895]",120,COMPLETED,6.435
131,20251222_211050,OUMVLP_concat.csv,Preset_33,MLP,42,27,"[896, 896, 896, 896]",mean,,96,4,896,silu,0.45,AdamW,,0.00015,1e-05,True,0.75,"[1, 2, 3, 4]","[2, 3, 4]",[0.68794326 2.1920904  0.91725768],0.02,1.0,0.10632,2.02665,0.52273,0.37324,"[0.65306, 0.0, 0.46667]",332,0.11768,2.16576,0.56818,0.51848,"[0.69767, 0.375, 0.48276]",273,COMPLETED,12.747
132,20251222_211050,OUMVLP_mean.csv,Preset_33,MLP,42,23,"[896, 896, 896, 896]",mean,,96,4,896,silu,0.45,AdamW,,0.00015,1e-05,True,0.75,"[1, 2, 3, 4]","[2, 3, 4]",[0.68794326 2.1920904  0.91725768],0.02,1.0,0.10695,1.89673,0.47727,0.4544,"[0.53659, 0.375, 0.45161]",947,0.11814,2.07962,0.59091,0.5584,"[0.65116, 0.46154, 0.5625]",624,COMPLETED,35.889

133,20251222_211050,GREW_concat.csv,Preset_34,MLP,42,84,"[1024, 1024, 512]",mean,L2,128,3,1024,silu,0.4,Adam,,0.0002,0.0,True,0.8,"[1, 2, 3]","[2, 3]",[0.68794326 2.1920904  0.91725768],0.02,1.0,0.10866,2.46844,0.34091,0.26765,"[0.45, 0.0, 0.35294]",263,0.49491,1.86183,0.45455,0.40048,"[0.59091, 0.21053, 0.4]",125,COMPLETED,7.286
134,20251222_211050,GREW_mean.csv,Preset_34,MLP,42,84,"[1024, 1024, 512]",mean,L2,128,3,1024,silu,0.4,Adam,,0.0002,0.0,True,0.8,"[1, 2, 3]","[2, 3]",[0.68794326 2.1920904  0.91725768],0.02,1.0,0.10847,2.55307,0.31818,0.2381,"[0.5, 0.0, 0.21429]",261,0.74433,1.47156,0.40909,0.35385,"[0.46154, 0.14286, 0.45714]",77,COMPLETED,7.187
135,20251222_211050,OUMVLP_concat.csv,Preset_34,MLP,42,74,"[1024, 1024, 512]",mean,L2,128,3,1024,silu,0.4,Adam,,0.0002,0.0,True,0.8,"[1, 2, 3]","[2, 3]",[0.68794326 2.1920904  0.91725768],0.02,1.0,0.10993,1.75585,0.63636,0.60227,"[0.68182, 0.5, 0.625]",646,0.13669,2.02514,0.65909,0.64034,"[0.68293, 0.57143, 0.66667]",518,COMPLETED,17.889
136,20251222_211050,OUMVLP_mean.csv,Preset_34,MLP,42,58,"[1024, 1024, 512]",mean,L2,128,3,1024,silu,0.4,Adam,,0.0002,0.0,True,0.8,"[1, 2, 3]","[2, 3]",[0.68794326 2.1920904  0.91725768],0.02,1.0,0.10925,2.06788,0.5,0.47493,"[0.57143, 0.27273, 0.58065]",684,0.15668,2.16143,0.61364,0.56904,"[0.66667, 0.35294, 0.6875]",527,COMPLETED,18.694

137,20251222_211050,GREW_concat.csv,Preset_35,MLP,42,103,"[1280, 896, 512, 256]",mean,L2,64,4,1280,silu,0.5,AdamW,,0.0002,1e-06,True,0.85,"[1, 3]","[1, 3]",[0.68794326 2.1920904  0.91725768],0.02,1.0,0.10682,2.42524,0.36364,0.3372,"[0.43902, 0.25, 0.32258]",231,0.41556,1.65776,0.5,0.4579,"[0.53659, 0.30769, 0.52941]",123,COMPLETED,10.404
138,20251222_211050,GREW_mean.csv,Preset_35,MLP,42,102,"[1280, 896, 512, 256]",mean,L2,64,4,1280,silu,0.5,AdamW,,0.0002,1e-06,True,0.85,"[1, 3]","[1, 3]",[0.68794326 2.1920904  0.91725768],0.02,1.0,0.10665,2.50811,0.38636,0.2957,"[0.5, 0.0, 0.3871]",234,0.58867,1.5216,0.43182,0.40128,"[0.44444, 0.28571, 0.47368]",99,COMPLETED,10.388
139,20251222_211050,OUMVLP_concat.csv,Preset_35,MLP,42,100,"[1280, 896, 512, 256]",mean,L2,64,4,1280,silu,0.5,AdamW,,0.0002,1e-06,True,0.85,"[1, 3]","[1, 3]",[0.68794326 2.1920904  0.91725768],0.02,1.0,0.10716,2.34969,0.43182,0.3719,"[0.51282, 0.18182, 0.42105]",444,0.24756,2.2979,0.5,0.42062,"[0.63415, 0.14286, 0.48485]",322,COMPLETED,19.547
140,20251222_211050,OUMVLP_mean.csv,Preset_35,MLP,42,77,"[1280, 896, 512, 256]",mean,L2,64,4,1280,silu,0.5,AdamW,,0.0002,1e-06,True,0.85,"[1, 3]","[1, 3]",[0.68794326 2.1920904  0.91725768],0.02,1.0,0.10779,2.26263,0.5,0.42707,"[0.58537, 0.13333, 0.5625]",517,0.16733,2.52373,0.54545,0.45965,"[0.61905, 0.15385, 0.60606]",411,COMPLETED,22.733

141,20251222_211050,GREW_concat.csv,Preset_36,MLP,42,126,"[512, 256]",mean,L2,64,2,512,silu,,RMSprop,,0.001,1e-07,True,0.9,[],[],[0.68794326 2.1920904  0.91725768],0.02,1.0,0.10926,3.57734,0.36364,0.37695,"[0.25, 0.47059, 0.41026]",831,0.56788,1.72957,0.5,0.47011,"[0.60465, 0.42105, 0.38462]",75,COMPLETED,26.01
142,20251222_211050,GREW_mean.csv,Preset_36,MLP,42,125,"[512, 256]",mean,L2,64,2,512,silu,,RMSprop,,0.001,1e-07,True,0.9,[],[],[0.68794326 2.1920904  0.91725768],0.02,1.0,0.10992,4.43075,0.34091,0.29884,"[0.35294, 0.13333, 0.41026]",802,0.58576,1.69438,0.47727,0.45847,"[0.55, 0.38095, 0.44444]",45,COMPLETED,25.272
143,20251222_211050,OUMVLP_concat.csv,Preset_36,MLP,42,137,"[512, 256]",mean,L2,64,2,512,silu,,RMSprop,,0.001,1e-07,True,0.9,[],[],[0.68794326 2.1920904  0.91725768],0.02,1.0,0.10814,3.28155,0.43182,0.40495,"[0.45714, 0.30769, 0.45]",1086,0.10872,3.45415,0.52273,0.53284,"[0.51282, 0.57143, 0.51429]",1062,COMPLETED,34.349
144,20251222_211050,OUMVLP_mean.csv,Preset_36,MLP,42,102,"[512, 256]",mean,L2,64,2,512,silu,,RMSprop,,0.001,1e-07,True,0.9,[],[],[0.68794326 2.1920904  0.91725768],0.02,1.0,0.10967,4.24406,0.40909,0.37102,"[0.52381, 0.26667, 0.32258]",1355,0.41971,2.58571,0.43182,0.42731,"[0.44444, 0.4, 0.4375]",472,COMPLETED,42.538

145,20251222_211050,GREW_concat.csv,Preset_37,MLP,42,121,"[512, 256]",mean,minmax,128,2,512,silu,0.3,Adam,,0.0001,1e-06,True,0.8,[1],[1],[0.68794326 2.1920904  0.91725768],0.02,1.0,0.11259,1.26204,0.54545,0.40278,"[0.70833, 0.0, 0.5]",763,0.11295,1.35924,0.56818,0.45969,"[0.69388, 0.16667, 0.51852]",595,STOPPED,17.916
146,20251222_211050,GREW_mean.csv,Preset_37,MLP,42,69,"[512, 256]",mean,minmax,128,2,512,silu,0.3,Adam,,0.0001,1e-06,True,0.8,[1],[1],[0.68794326 2.1920904  0.91725768],0.02,1.0,0.11742,1.8858,0.43182,0.34553,"[0.53659, 0.0, 0.5]",1034,0.36063,1.55876,0.40909,0.35417,"[0.5, 0.125, 0.4375]",148,STOPPED,23.716
147,20251222_211050,OUMVLP_concat.csv,Preset_37,MLP,42,98,"[512, 256]",mean,minmax,128,2,512,silu,0.3,Adam,,0.0001,1e-06,True,0.8,[1],[1],[0.68794326 2.1920904  0.91725768],0.02,1.0,0.11215,1.12965,0.63636,0.52681,"[0.71111, 0.18182, 0.6875]",976,0.32645,1.13937,0.61364,0.55482,"[0.63415, 0.36364, 0.66667]",103,STOPPED,22.43
148,20251222_211050,OUMVLP_mean.csv,Preset_37,MLP,42,46,"[512, 256]",mean,minmax,128,2,512,silu,0.3,Adam,,0.0001,1e-06,True,0.8,[1],[1],[0.68794326 2.1920904  0.91725768],0.02,1.0,0.12034,1.37177,0.54545,0.50681,"[0.63415, 0.35294, 0.53333]",1296,0.12316,1.38515,0.59091,0.54068,"[0.69767, 0.35294, 0.57143]",1196,STOPPED,29.834

149,20251222_211050,GREW_concat.csv,Preset_38,MLP,42,768,"[1024, 768, 384, 192]",mean,minmax,80,4,1024,leakyrelu,0.55,SGD,0.9,0.002,1e-05,False,,[2],"[1, 3]",[0.68794326 2.1920904  0.91725768],0.02,1.0,0.10869,1.5777,0.52273,0.36508,"[0.66667, 0.0, 0.42857]",1039,0.11125,1.67184,0.52273,0.42286,"[0.64, 0.2, 0.42857]",959,COMPLETED,31.758
150,20251222_211050,GREW_mean.csv,Preset_38,MLP,42,256,"[1024, 768, 384, 192]",mean,minmax,80,4,1024,leakyrelu,0.55,SGD,0.9,0.002,1e-05,False,,[2],"[1, 3]",[0.68794326 2.1920904  0.91725768],0.02,1.0,0.1156,2.0231,0.43182,0.31628,"[0.47826, 0.0, 0.47059]",1241,0.18625,2.05918,0.47727,0.44862,"[0.51163, 0.36364, 0.47059]",583,STOPPED,36.782
151,20251222_211050,OUMVLP_concat.csv,Preset_38,MLP,42,1024,"[1024, 768, 384, 192]",mean,minmax,80,4,1024,leakyrelu,0.55,SGD,0.9,0.002,1e-05,False,,[2],"[1, 3]",[0.68794326 2.1920904  0.91725768],0.02,1.0,0.1153,1.56069,0.52273,0.37901,"[0.65217, 0.0, 0.48485]",910,0.117,1.59792,0.59091,0.57037,"[0.6, 0.5, 0.61111]",652,STOPPED,27.9
152,20251222_211050,OUMVLP_mean.csv,Preset_38,MLP,42,256,"[1024, 768, 384, 192]",mean,minmax,80,4,1024,leakyrelu,0.55,SGD,0.9,0.002,1e-05,False,,[2],"[1, 3]",[0.68794326 2.1920904  0.91725768],0.02,1.0,0.11981,2.0486,0.45455,0.33422,"[0.59091, 0.0, 0.41176]",1272,0.17405,2.00099,0.54545,0.52544,"[0.58537, 0.46154, 0.52941]",811,STOPPED,37.829

153,20251222_211050,GREW_concat.csv,Preset_39,MLP,42,121,"[1280, 1024, 768, 512]",mean,minmax,64,4,1280,silu,0.5,AdamW,,0.00015,5e-06,True,0.8,"[1, 2, 3]","[2, 3]",[0.68794326 2.1920904  0.91725768],0.02,1.0,0.10772,1.68732,0.5,0.36389,"[0.625, 0.0, 0.46667]",45,0.13372,2.26781,0.56818,0.50164,"[0.65306, 0.33333, 0.51852]",18,COMPLETED,2.265
154,20251222_211050,GREW_mean.csv,Preset_39,MLP,42,69,"[1280, 1024, 768, 512]",mean,minmax,64,4,1280,silu,0.5,AdamW,,0.00015,5e-06,True,0.8,"[1, 2, 3]","[2, 3]",[0.68794326 2.1920904  0.91725768],0.02,1.0,0.10823,2.12152,0.43182,0.3376,"[0.48649, 0.0, 0.52632]",81,0.11254,1.9231,0.56818,0.42658,"[0.65116, 0.0, 0.62857]",70,COMPLETED,4.107
155,20251222_211050,OUMVLP_concat.csv,Preset_39,MLP,42,98,"[1280, 1024, 768, 512]",mean,minmax,64,4,1280,silu,0.5,AdamW,,0.00015,5e-06,True,0.8,"[1, 2, 3]","[2, 3]",[0.68794326 2.1920904  0.91725768],0.02,1.0,0.10939,1.30194,0.63636,0.52772,"[0.69565, 0.2, 0.6875]",53,0.14825,1.53628,0.70455,0.62108,"[0.75556, 0.30769, 0.8]",21,COMPLETED,2.66
156,20251222_211050,OUMVLP_mean.csv,Preset_39,MLP,42,46,"[1280, 1024, 768, 512]",mean,minmax,64,4,1280,silu,0.5,AdamW,,0.00015,5e-06,True,0.8,"[1, 2, 3]","[2, 3]",[0.68794326 2.1920904  0.91725768],0.02,1.0,0.10863,1.50669,0.59091,0.56629,"[0.63636, 0.5, 0.5625]",124,0.11833,1.54662,0.63636,0.62595,"[0.68182, 0.61538, 0.58065]",78,COMPLETED,6.158

157,20251222_211050,GREW_concat.csv,Preset_40,MLP,42,768,"[896, 576, 288]",max,minmax,80,3,896,silu,0.45,AdamW,,0.001,5e-05,False,,"[1, 2, 3]","[1, 2]",[0.68794326 2.1920904  0.91725768],0.02,1.0,0.10842,2.62691,0.43182,0.33903,"[0.46154, 0.0, 0.55556]",177,0.13063,2.16056,0.5,0.36252,"[0.57143, 0.0, 0.51613]",127,COMPLETED,5.799
158,20251222_211050,GREW_mean.csv,Preset_40,MLP,42,256,"[896, 576, 288]",max,minmax,80,3,896,silu,0.45,AdamW,,0.001,5e-05,False,,"[1, 2, 3]","[1, 2]",[0.68794326 2.1920904  0.91725768],0.02,1.0,0.10309,3.18388,0.29545,0.24583,"[0.3, 0.0, 0.4375]",292,0.48778,1.86159,0.47727,0.36216,"[0.48649, 0.0, 0.6]",67,COMPLETED,9.096
159,20251222_211050,OUMVLP_concat.csv,Preset_40,MLP,42,1024,"[896, 576, 288]",max,minmax,80,3,896,silu,0.45,AdamW,,0.001,5e-05,False,,"[1, 2, 3]","[1, 2]",[0.68794326 2.1920904  0.91725768],0.02,1.0,0.13251,2.36509,0.38636,0.31111,"[0.53333, 0.0, 0.4]",397,0.12382,1.78911,0.59091,0.45235,"[0.65116, 0.0, 0.70588]",225,STOPPED,13.171
160,20251222_211050,OUMVLP_mean.csv,Preset_40,MLP,42,256,"[896, 576, 288]",max,minmax,80,3,896,silu,0.45,AdamW,,0.001,5e-05,False,,"[1, 2, 3]","[1, 2]",[0.68794326 2.1920904  0.91725768],0.02,1.0,0.11471,2.298,0.45455,0.35514,"[0.57895, 0.0, 0.48649]",592,0.41589,2.02386,0.5,0.48728,"[0.54545, 0.42857, 0.4878]",159,STOPPED,18.382

161,20251222_211050,GREW_concat.csv,Preset_41,MLP,42,78,"[1024, 768, 512]",mean,minmax,96,3,1024,gelu,0.4,AdamW,,0.0002,1e-05,True,0.7,"[1, 2, 3]","[2, 3]",[0.68794326 2.1920904  0.91725768],0.02,1.0,0.10682,1.47424,0.54545,0.38462,"[0.65385, 0.0, 0.5]",61,0.11015,1.51662,0.59091,0.47104,"[0.69091, 0.22222, 0.5]",50,COMPLETED,2.136
162,20251222_211050,GREW_mean.csv,Preset_41,MLP,42,43,"[1024, 768, 512]",mean,minmax,96,3,1024,gelu,0.4,AdamW,,0.0002,1e-05,True,0.7,"[1, 2, 3]","[2, 3]",[0.68794326 2.1920904  0.91725768],0.02,1.0,0.10878,1.69559,0.52273,0.39461,"[0.57778, 0.0, 0.60606]",81,0.11125,1.95879,0.52273,0.40616,"[0.57143, 0.0, 0.64706]",69,COMPLETED,2.773
163,20251222_211050,OUMVLP_concat.csv,Preset_41,MLP,42,55,"[1024, 768, 512]",mean,minmax,96,3,1024,gelu,0.4,AdamW,,0.0002,1e-05,True,0.7,"[1, 2, 3]","[2, 3]",[0.68794326 2.1920904  0.91725768],0.02,1.0,0.10836,1.26283,0.70455,0.65749,"[0.73913, 0.5, 0.73333]",70,0.11089,1.21801,0.70455,0.65909,"[0.72727, 0.5, 0.75]",50,COMPLETED,2.413
164,20251222_211050,OUMVLP_mean.csv,Preset_41,MLP,42,22,"[1024, 768, 512]",mean,minmax,96,3,1024,gelu,0.4,AdamW,,0.0002,1e-05,True,0.7,"[1, 2, 3]","[2, 3]",[0.68794326 2.1920904  0.91725768],0.02,1.0,0.10813,1.79167,0.54545,0.5029,"[0.6087, 0.4, 0.5]",149,0.14444,1.99398,0.59091,0.52734,"[0.66667, 0.36364, 0.55172]",66,COMPLETED,4.914

165,20251222_211050,GREW_concat.csv,Preset_42,MLP,42,78,"[640, 448, 256]",mean,minmax,64,3,640,relu,0.35,RMSprop,,8e-05,5e-05,True,0.7,"[1, 2]","[1, 2, 3]",[0.68794326 2.1920904  0.91725768],0.02,1.0,0.11024,1.52608,0.52273,0.36768,"[0.64151, 0.0, 0.46154]",619,0.16816,1.53268,0.56818,0.50435,"[0.66667, 0.36364, 0.48276]",153,STOPPED,24.178
166,20251222_211050,GREW_mean.csv,Preset_42,MLP,42,43,"[640, 448, 256]",mean,minmax,64,3,640,relu,0.35,RMSprop,,8e-05,5e-05,True,0.7,"[1, 2]","[1, 2, 3]",[0.68794326 2.1920904  0.91725768],0.02,1.0,0.11941,2.02399,0.5,0.3779,"[0.54545, 0.0, 0.58824]",806,0.22305,2.26979,0.56818,0.47784,"[0.60465, 0.18182, 0.64706]",241,STOPPED,31.352
167,20251222_211050,OUMVLP_concat.csv,Preset_42,MLP,42,55,"[640, 448, 256]",mean,minmax,64,3,640,relu,0.35,RMSprop,,8e-05,5e-05,True,0.7,"[1, 2]","[1, 2, 3]",[0.68794326 2.1920904  0.91725768],0.02,1.0,0.10995,1.01191,0.65909,0.62077,"[0.69565, 0.5, 0.66667]",853,0.1503,1.2175,0.70455,0.66475,"[0.73913, 0.54545, 0.70968]",270,STOPPED,33.364
168,20251222_211050,OUMVLP_mean.csv,Preset_42,MLP,42,22,"[640, 448, 256]",mean,minmax,64,3,640,relu,0.35,RMSprop,,8e-05,5e-05,True,0.7,"[1, 2]","[1, 2, 3]",[0.68794326 2.1920904  0.91725768],0.02,1.0,0.12481,1.89095,0.47727,0.39428,"[0.59574, 0.2, 0.3871]",1241,0.21272,1.70544,0.61364,0.55383,"[0.68085, 0.4, 0.58065]",528,STOPPED,48.328

169,20251222_211050,GREW_concat.csv,Preset_43,MLP,42,121,"[2048, 1024, 512]",mean,minmax,64,3,2048,silu,0.45,AdamW,,0.0002,1e-06,True,0.8,"[1, 2, 3]",[2],[0.68794326 2.1920904  0.91725768],0.02,1.0,0.1061,1.73161,0.52273,0.38251,"[0.68085, 0.0, 0.46667]",25,0.11667,1.7463,0.54545,0.44617,"[0.69565, 0.14286, 0.5]",15,COMPLETED,1.39
170,20251222_211050,GREW_mean.csv,Preset_43,MLP,42,69,"[2048, 1024, 512]",mean,minmax,64,3,2048,silu,0.45,AdamW,,0.0002,1e-06,True,0.8,"[1, 2, 3]",[2],[0.68794326 2.1920904  0.91725768],0.02,1.0,0.10671,2.03935,0.5,0.39385,"[0.61905, 0.0, 0.5625]",47,0.37947,1.90496,0.52273,0.43167,"[0.61224, 0.2, 0.48276]",9,COMPLETED,2.207
171,20251222_211050,OUMVLP_concat.csv,Preset_43,MLP,42,98,"[2048, 1024, 512]",mean,minmax,64,3,2048,silu,0.45,AdamW,,0.0002,1e-06,True,0.8,"[1, 2, 3]",[2],[0.68794326 2.1920904  0.91725768],0.02,1.0,0.10667,1.42369,0.59091,0.53202,"[0.63415, 0.33333, 0.62857]",32,0.32224,1.23631,0.63636,0.59855,"[0.69565, 0.5, 0.6]",6,COMPLETED,1.535
172,20251222_211050,OUMVLP_mean.csv,Preset_43,MLP,42,46,"[2048, 1024, 512]",mean,minmax,64,3,2048,silu,0.45,AdamW,,0.0002,1e-06,True,0.8,"[1, 2, 3]",[2],[0.68794326 2.1920904  0.91725768],0.02,1.0,0.10937,1.63706,0.59091,0.50951,"[0.7234, 0.26667, 0.53846]",70,0.13575,1.69709,0.61364,0.57672,"[0.71429, 0.44444, 0.57143]",31,COMPLETED,3.325

173,20251222_211050,GREW_concat.csv,Preset_44,MLP,42,84,"[896, 640, 320, 192]",mean,L2,80,4,896,leakyrelu,0.5,Adam,,0.0002,1e-07,True,0.8,"[2, 3]","[2, 3]",[0.68794326 2.1920904  0.91725768],0.02,1.0,0.10868,3.12356,0.36364,0.26533,"[0.56522, 0.0, 0.23077]",148,0.52498,1.85203,0.38636,0.35983,"[0.41176, 0.23529, 0.43243]",67,COMPLETED,4.875
174,20251222_211050,GREW_mean.csv,Preset_44,MLP,42,84,"[896, 640, 320, 192]",mean,L2,80,4,896,leakyrelu,0.5,Adam,,0.0002,1e-07,True,0.8,"[2, 3]","[2, 3]",[0.68794326 2.1920904  0.91725768],0.02,1.0,0.10865,2.48521,0.45455,0.38506,"[0.52174, 0.18182, 0.45161]",148,0.10966,2.39741,0.47727,0.40056,"[0.55319, 0.18182, 0.46667]",140,COMPLETED,4.991
175,20251222_211050,OUMVLP_concat.csv,Preset_44,MLP,42,74,"[896, 640, 320, 192]",mean,L2,80,4,896,leakyrelu,0.5,Adam,,0.0002,1e-07,True,0.8,"[2, 3]","[2, 3]",[0.68794326 2.1920904  0.91725768],0.02,1.0,0.10967,1.75727,0.61364,0.59608,"[0.66667, 0.53333, 0.58824]",355,0.10958,1.6712,0.65909,0.63001,"[0.73171, 0.53333, 0.625]",342,COMPLETED,11.881
176,20251222_211050,OUMVLP_mean.csv,Preset_44,MLP,42,58,"[896, 640, 320, 192]",mean,L2,80,4,896,leakyrelu,0.5,Adam,,0.0002,1e-07,True,0.8,"[2, 3]","[2, 3]",[0.68794326 2.1920904  0.91725768],0.02,1.0,0.10911,2.50105,0.47727,0.45833,"[0.5, 0.375, 0.5]",393,0.19128,1.95659,0.61364,0.57341,"[0.66667, 0.42857, 0.625]",284,COMPLETED,12.871

177,20251222_211050,GREW_concat.csv,Preset_45,MLP,42,57,"[768, 512, 256]",mean,L2,64,3,768,silu,0.4,AdamW,,0.0002,1e-05,True,0.7,"[1, 2, 3]","[2, 3]",[0.68794326 2.1920904  0.91725768],0.02,1.0,0.10934,2.70604,0.38636,0.33693,"[0.46154, 0.125, 0.42424]",276,0.21407,2.2245,0.47727,0.40741,"[0.51282, 0.15385, 0.55556]",173,COMPLETED,11.165
178,20251222_211050,GREW_mean.csv,Preset_45,MLP,42,57,"[768, 512, 256]",mean,L2,64,3,768,silu,0.4,AdamW,,0.0002,1e-05,True,0.7,"[1, 2, 3]","[2, 3]",[0.68794326 2.1920904  0.91725768],0.02,1.0,0.10744,2.20967,0.40909,0.32422,"[0.4878, 0.0, 0.48485]",279,0.27335,1.96947,0.5,0.4749,"[0.52632, 0.35294, 0.54545]",169,COMPLETED,11.481
179,20251222_211050,OUMVLP_concat.csv,Preset_45,MLP,42,39,"[768, 512, 256]",mean,L2,64,3,768,silu,0.4,AdamW,,0.0002,1e-05,True,0.7,"[1, 2, 3]","[2, 3]",[0.68794326 2.1920904  0.91725768],0.02,1.0,0.10688,2.31257,0.43182,0.37611,"[0.54167, 0.26667, 0.32]",875,0.15787,2.20614,0.54545,0.51515,"[0.6, 0.4, 0.54545]",602,COMPLETED,35.434
180,20251222_211050,OUMVLP_mean.csv,Preset_45,MLP,42,32,"[768, 512, 256]",mean,L2,64,3,768,silu,0.4,AdamW,,0.0002,1e-05,True,0.7,"[1, 2, 3]","[2, 3]",[0.68794326 2.1920904  0.91725768],0.02,1.0,0.10721,2.04766,0.43182,0.39127,"[0.52381, 0.25, 0.4]",930,0.19661,1.94572,0.54545,0.501,"[0.65116, 0.33333, 0.51852]",580,COMPLETED,37.153

181,20251222_211050,GREW_concat.csv,Preset_46,MLP,42,70,"[640, 384, 256]",mean,L2,128,3,640,gelu,0.35,AdamW,,0.0002,1e-05,True,0.75,[1],"[1, 2]",[0.68794326 2.1920904  0.91725768],0.02,1.0,0.10988,1.58084,0.47727,0.36364,"[0.59091, 0.0, 0.5]",477,0.20623,1.84319,0.52273,0.4545,"[0.66667, 0.23529, 0.46154]",209,COMPLETED,11.939
182,20251222_211050,GREW_mean.csv,Preset_46,MLP,42,69,"[640, 384, 256]",mean,L2,128,3,640,gelu,0.35,AdamW,,0.0002,1e-05,True,0.75,[1],"[1, 2]",[0.68794326 2.1920904  0.91725768],0.02,1.0,0.10882,1.62644,0.5,0.37075,"[0.61224, 0.0, 0.5]",472,0.22207,1.88505,0.5,0.42165,"[0.57778, 0.15385, 0.53333]",203,COMPLETED,11.808
183,20251222_211050,OUMVLP_concat.csv,Preset_46,MLP,42,55,"[640, 384, 256]",mean,L2,128,3,640,gelu,0.35,AdamW,,0.0002,1e-05,True,0.75,[1],"[1, 2]",[0.68794326 2.1920904  0.91725768],0.02,1.0,0.10996,1.38958,0.52273,0.42063,"[0.66667, 0.16667, 0.42857]",819,0.16064,1.63365,0.56818,0.5316,"[0.63158, 0.375, 0.58824]",518,COMPLETED,20.356
184,20251222_211050,OUMVLP_mean.csv,Preset_46,MLP,42,44,"[640, 384, 256]",mean,L2,128,3,640,gelu,0.35,AdamW,,0.0002,1e-05,True,0.75,[1],"[1, 2]",[0.68794326 2.1920904  0.91725768],0.02,1.0,0.10886,1.45335,0.52273,0.50409,"[0.57895, 0.4, 0.53333]",890,0.12347,1.52964,0.59091,0.56701,"[0.63158, 0.44444, 0.625]",751,COMPLETED,22.099

185,20251222_211050,GREW_concat.csv,Preset_47,MLP,42,768,"[768, 512, 256]",mean,,96,3,768,silu,0.45,AdamW,,0.0002,1e-06,False,,"[1, 2]","[1, 2]",[0.68794326 2.1920904  0.91725768],0.02,1.0,0.10685,2.07605,0.40909,0.31196,"[0.42424, 0.0, 0.51163]",345,0.16325,2.6207,0.43182,0.41667,"[0.5625, 0.25, 0.4375]",174,COMPLETED,10.796
186,20251222_211050,GREW_mean.csv,Preset_47,MLP,42,256,"[768, 512, 256]",mean,,96,3,768,silu,0.45,AdamW,,0.0002,1e-06,False,,"[1, 2]","[1, 2]",[0.68794326 2.1920904  0.91725768],0.02,1.0,0.10983,2.36398,0.31818,0.28586,"[0.5, 0.09091, 0.26667]",457,0.12945,1.72434,0.52273,0.38307,"[0.57778, 0.0, 0.57143]",311,COMPLETED,13.583
187,20251222_211050,OUMVLP_concat.csv,Preset_47,MLP,42,1024,"[768, 512, 256]",mean,,96,3,768,silu,0.45,AdamW,,0.0002,1e-06,False,,"[1, 2]","[1, 2]",[0.68794326 2.1920904  0.91725768],0.02,1.0,0.20362,2.77267,0.43182,0.41769,"[0.34483, 0.32, 0.58824]",899,0.15497,2.40236,0.54545,0.51785,"[0.63415, 0.38095, 0.53846]",767,STOPPED,27.471
188,20251222_211050,OUMVLP_mean.csv,Preset_47,MLP,42,256,"[768, 512, 256]",mean,,96,3,768,silu,0.45,AdamW,,0.0002,1e-06,False,,"[1, 2]","[1, 2]",[0.68794326 2.1920904  0.91725768],0.02,1.0,0.1191,1.85442,0.54545,0.38924,"[0.6383, 0.0, 0.52941]",1201,0.12314,1.87754,0.54545,0.51587,"[0.61905, 0.42857, 0.5]",1042,STOPPED,35.802

189,20251222_211050,GREW_concat.csv,Preset_48,MLP,42,768,"[512, 512, 768]",mean,L2,96,3,512,gelu,0.35,AdamW,,0.00018,1e-05,False,,[],[],[0.68794326 2.1920904  0.91725768],0.02,1.0,0.10761,2.01455,0.45455,0.36789,"[0.56522, 0.0, 0.53846]",850,0.166,2.11767,0.52273,0.43809,"[0.6087, 0.15385, 0.55172]",410,COMPLETED,23.034
190,20251222_211050,GREW_mean.csv,Preset_48,MLP,42,256,"[512, 512, 768]",mean,L2,96,3,512,gelu,0.35,AdamW,,0.00018,1e-05,False,,[],[],[0.68794326 2.1920904  0.91725768],0.02,1.0,0.1596,3.78404,0.38636,0.30087,"[0.46512, 0.0, 0.4375]",1156,0.18887,2.91199,0.5,0.45778,"[0.54545, 0.23529, 0.59259]",589,STOPPED,30.664
191,20251222_211050,OUMVLP_concat.csv,Preset_48,MLP,42,1024,"[512, 512, 768]",mean,L2,96,3,512,gelu,0.35,AdamW,,0.00018,1e-05,False,,[],[],[0.68794326 2.1920904  0.91725768],0.02,1.0,0.10943,1.91998,0.43182,0.36899,"[0.4, 0.14286, 0.5641]",1100,0.60163,1.45338,0.52273,0.49495,"[0.48485, 0.4, 0.6]",232,COMPLETED,30.097
192,20251222_211050,OUMVLP_mean.csv,Preset_48,MLP,42,256,"[512, 512, 768]",mean,L2,96,3,512,gelu,0.35,AdamW,,0.00018,1e-05,False,,[],[],[0.68794326 2.1920904  0.91725768],0.02,1.0,0.34541,3.4868,0.40909,0.34719,"[0.51163, 0.14286, 0.3871]",1588,0.71927,1.19023,0.56818,0.55834,"[0.61538, 0.52632, 0.53333]",279,STOPPED,42.115

193,20251222_211050,GREW_concat.csv,Preset_49,MLP,42,768,"[896, 896, 640, 320]",mean,minmax,48,4,896,gelu,0.45,Adam,,0.00018,5e-07,False,,[1],"[2, 3]",[0.68794326 2.1920904  0.91725768],0.02,1.0,0.10531,1.56682,0.40909,0.28968,"[0.58333, 0.0, 0.28571]",80,0.3541,1.67294,0.5,0.42963,"[0.66667, 0.22222, 0.4]",49,COMPLETED,4.473
194,20251222_211050,GREW_mean.csv,Preset_49,MLP,42,256,"[896, 896, 640, 320]",mean,minmax,48,4,896,gelu,0.45,Adam,,0.00018,5e-07,False,,[1],"[2, 3]",[0.68794326 2.1920904  0.91725768],0.02,1.0,0.10838,1.87668,0.40909,0.30745,"[0.56522, 0.0, 0.35714]",101,0.11068,1.81501,0.47727,0.39619,"[0.56, 0.2, 0.42857]",92,COMPLETED,5.709
195,20251222_211050,OUMVLP_concat.csv,Preset_49,MLP,42,1024,"[896, 896, 640, 320]",mean,minmax,48,4,896,gelu,0.45,Adam,,0.00018,5e-07,False,,[1],"[2, 3]",[0.68794326 2.1920904  0.91725768],0.02,1.0,0.1047,1.49034,0.43182,0.36415,"[0.51064, 0.18182, 0.4]",103,0.15873,1.76213,0.56818,0.51129,"[0.59459, 0.30769, 0.63158]",60,COMPLETED,5.793
196,20251222_211050,OUMVLP_mean.csv,Preset_49,MLP,42,256,"[896, 896, 640, 320]",mean,minmax,48,4,896,gelu,0.45,Adam,,0.00018,5e-07,False,,[1],"[2, 3]",[0.68794326 2.1920904  0.91725768],0.02,1.0,0.10924,1.40536,0.54545,0.44311,"[0.68085, 0.18182, 0.46667]",106,0.39319,1.19451,0.52273,0.51192,"[0.59459, 0.47059, 0.47059]",27,COMPLETED,5.693

197,20251222_211050,GREW_concat.csv,Preset_50,MLP,42,768,"[384, 256, 128]",mean,,48,3,384,leakyrelu,0.2,Adam,,0.0008,0.0,False,,[3],"[1, 2]",[0.68794326 2.1920904  0.91725768],0.02,1.0,0.36717,1.93028,0.43182,0.37289,"[0.51429, 0.14286, 0.46154]",537,0.42399,1.86065,0.5,0.47691,"[0.52941, 0.375, 0.52632]",286,STOPPED,25.274
198,20251222_211050,GREW_mean.csv,Preset_50,MLP,42,256,"[384, 256, 128]",mean,,48,3,384,leakyrelu,0.2,Adam,,0.0008,0.0,False,,[3],"[1, 2]",[0.68794326 2.1920904  0.91725768],0.02,1.0,0.28796,1.79305,0.5,0.35099,"[0.61818, 0.0, 0.43478]",657,0.24831,1.51024,0.59091,0.52262,"[0.5625, 0.30769, 0.69767]",458,STOPPED,30.517
199,20251222_211050,OUMVLP_concat.csv,Preset_50,MLP,42,1024,"[384, 256, 128]",mean,,48,3,384,leakyrelu,0.2,Adam,,0.0008,0.0,False,,[3],"[1, 2]",[0.68794326 2.1920904  0.91725768],0.02,1.0,0.87084,1.1483,0.47727,0.45417,"[0.55, 0.375, 0.4375]",562,0.66106,1.28688,0.54545,0.543,"[0.59091, 0.57143, 0.46667]",173,STOPPED,25.911
200,20251222_211050,OUMVLP_mean.csv,Preset_50,MLP,42,256,"[384, 256, 128]",mean,,48,3,384,leakyrelu,0.2,Adam,,0.0008,0.0,False,,[3],"[1, 2]",[0.68794326 2.1920904  0.91725768],0.02,1.0,0.80508,1.34008,0.29545,0.26944,"[0.375, 0.1, 0.33333]",466,0.718,1.23402,0.40909,0.40784,"[0.41176, 0.4, 0.41176]",259,STOPPED,21.619

201,20251222_211050,GREW_concat.csv,Preset_51,MLP,42,84,"[1280, 896, 512, 256]",mean,L2,64,4,1280,silu,0.45,Adam,,0.0002,2e-07,True,0.8,"[1, 2]","[1, 2, 3]",[0.68794326 2.1920904  0.91725768],0.02,1.0,0.10564,2.56601,0.29545,0.22888,"[0.42857, 0.0, 0.25806]",254,0.65692,1.61265,0.40909,0.34808,"[0.52381, 0.13333, 0.3871]",104,COMPLETED,11.425
202,20251222_211050,GREW_mean.csv,Preset_51,MLP,42,84,"[1280, 896, 512, 256]",mean,L2,64,4,1280,silu,0.45,Adam,,0.0002,2e-07,True,0.8,"[1, 2]","[1, 2, 3]",[0.68794326 2.1920904  0.91725768],0.02,1.0,0.10889,2.44718,0.36364,0.28055,"[0.45455, 0.0, 0.3871]",256,0.71538,1.42318,0.38636,0.33704,"[0.4, 0.16667, 0.44444]",77,COMPLETED,11.45
203,20251222_211050,OUMVLP_concat.csv,Preset_51,MLP,42,74,"[1280, 896, 512, 256]",mean,L2,64,4,1280,silu,0.45,Adam,,0.0002,2e-07,True,0.8,"[1, 2]","[1, 2, 3]",[0.68794326 2.1920904  0.91725768],0.02,1.0,0.10804,1.56799,0.59091,0.54446,"[0.71795, 0.35294, 0.5625]",557,0.12034,1.63749,0.65909,0.60556,"[0.75, 0.4, 0.66667]",499,COMPLETED,25.036
204,20251222_211050,OUMVLP_mean.csv,Preset_51,MLP,42,58,"[1280, 896, 512, 256]",mean,L2,64,4,1280,silu,0.45,Adam,,0.0002,2e-07,True,0.8,"[1, 2]","[1, 2, 3]",[0.68794326 2.1920904  0.91725768],0.02,1.0,0.10723,1.88678,0.56818,0.53169,"[0.64865, 0.375, 0.57143]",650,0.26618,1.93383,0.61364,0.59082,"[0.68421, 0.5, 0.58824]",445,COMPLETED,29.252

205,20251222_211050,GREW_concat.csv,Preset_52,MLP,42,63,"[512, 384, 256]",max,L2,128,3,512,silu,0.5,Adam,,0.0001,1e-06,True,0.65,[2],[3],[0.68794326 2.1920904  0.91725768],0.02,1.0,0.10944,1.3594,0.43182,0.36338,"[0.53333, 0.18182, 0.375]",585,0.16155,1.46337,0.54545,0.45999,"[0.59459, 0.2, 0.58537]",330,COMPLETED,17.572
206,20251222_211050,GREW_mean.csv,Preset_52,MLP,42,62,"[512, 384, 256]",max,L2,128,3,512,silu,0.5,Adam,,0.0001,1e-06,True,0.65,[2],[3],[0.68794326 2.1920904  0.91725768],0.02,1.0,0.10871,1.75781,0.36364,0.29179,"[0.38889, 0.0, 0.48649]",589,0.13373,1.73234,0.52273,0.4143,"[0.62222, 0.0, 0.62069]",387,COMPLETED,16.353
207,20251222_211050,OUMVLP_concat.csv,Preset_52,MLP,42,37,"[512, 384, 256]",max,L2,128,3,512,silu,0.5,Adam,,0.0001,1e-06,True,0.65,[2],[3],[0.68794326 2.1920904  0.91725768],0.02,1.0,0.13627,2.3974,0.45455,0.39586,"[0.53659, 0.11765, 0.53333]",1461,0.13926,2.25046,0.54545,0.49442,"[0.57143, 0.26667, 0.64516]",1270,STOPPED,44.46
208,20251222_211050,OUMVLP_mean.csv,Preset_52,MLP,42,35,"[512, 384, 256]",max,L2,128,3,512,silu,0.5,Adam,,0.0001,1e-06,True,0.65,[2],[3],[0.68794326 2.1920904  0.91725768],0.02,1.0,0.11871,2.38374,0.45455,0.38889,"[0.5, 0.16667, 0.5]",1903,0.35249,1.70777,0.59091,0.49652,"[0.65, 0.15385, 0.68571]",802,STOPPED,56.538

209,20251222_211050,GREW_concat.csv,Preset_53,MLP,42,74,"[512, 384, 192]",max,L2,256,3,512,gelu,0.4,AdamW,,0.00025,5e-06,True,0.7,"[1, 3]",[2],[0.68794326 2.1920904  0.91725768],0.02,1.0,0.1087,1.89566,0.43182,0.3627,"[0.55814, 0.14286, 0.3871]",232,0.31332,1.47463,0.54545,0.46081,"[0.60465, 0.22222, 0.55556]",134,COMPLETED,4.822
210,20251222_211050,GREW_mean.csv,Preset_53,MLP,42,73,"[512, 384, 192]",max,L2,256,3,512,gelu,0.4,AdamW,,0.00025,5e-06,True,0.7,"[1, 3]",[2],[0.68794326 2.1920904  0.91725768],0.02,1.0,0.10814,1.99434,0.38636,0.2734,"[0.24242, 0.0, 0.57778]",221,0.51197,1.31538,0.56818,0.47862,"[0.61905, 0.22222, 0.59459]",95,COMPLETED,4.611
211,20251222_211050,OUMVLP_concat.csv,Preset_53,MLP,42,50,"[512, 384, 192]",max,L2,256,3,512,gelu,0.4,AdamW,,0.00025,5e-06,True,0.7,"[1, 3]",[2],[0.68794326 2.1920904  0.91725768],0.02,1.0,0.10855,1.8786,0.56818,0.50381,"[0.65217, 0.26667, 0.59259]",824,0.11278,1.90993,0.61364,0.54816,"[0.68085, 0.36364, 0.6]",776,COMPLETED,16.711
212,20251222_211050,OUMVLP_mean.csv,Preset_53,MLP,42,45,"[512, 384, 192]",max,L2,256,3,512,gelu,0.4,AdamW,,0.00025,5e-06,True,0.7,"[1, 3]",[2],[0.68794326 2.1920904  0.91725768],0.02,1.0,0.10953,2.43724,0.45455,0.3842,"[0.55814, 0.14286, 0.45161]",873,0.15915,2.14774,0.5,0.42358,"[0.57143, 0.15385, 0.54545]",618,COMPLETED,17.123

213,20251222_211050,GREW_concat.csv,Preset_54,MLP,42,121,"[768, 512, 256]",mean,minmax,128,3,768,silu,0.45,Adam,,0.00015,1e-06,True,0.8,"[1, 2]","[1, 2]",[0.68794326 2.1920904  0.91725768],0.02,1.0,0.10861,1.52837,0.54545,0.39796,"[0.69388, 0.0, 0.5]",492,0.17411,2.11128,0.54545,0.4078,"[0.7234, 0.0, 0.5]",91,COMPLETED,14.793
214,20251222_211050,GREW_mean.csv,Preset_54,MLP,42,69,"[768, 512, 256]",mean,minmax,128,3,768,silu,0.45,Adam,,0.00015,1e-06,True,0.8,"[1, 2]","[1, 2]",[0.68794326 2.1920904  0.91725768],0.02,1.0,0.10895,1.82182,0.47727,0.35841,"[0.60465, 0.0, 0.47059]",1032,0.1132,1.86416,0.56818,0.47552,"[0.66667, 0.15385, 0.60606]",895,COMPLETED,33.688
215,20251222_211050,OUMVLP_concat.csv,Preset_54,MLP,42,98,"[768, 512, 256]",mean,minmax,128,3,768,silu,0.45,Adam,,0.00015,1e-06,True,0.8,"[1, 2]","[1, 2]",[0.68794326 2.1920904  0.91725768],0.02,1.0,0.10918,1.13448,0.59091,0.4368,"[0.68182, 0.0, 0.62857]",647,0.13185,1.32185,0.65909,0.58952,"[0.7234, 0.4, 0.64516]",235,STOPPED,19.999
216,20251222_211050,OUMVLP_mean.csv,Preset_54,MLP,42,46,"[768, 512, 256]",mean,minmax,128,3,768,silu,0.45,Adam,,0.00015,1e-06,True,0.8,"[1, 2]","[1, 2]",[0.68794326 2.1920904  0.91725768],0.02,1.0,0.11313,1.41163,0.59091,0.50951,"[0.7234, 0.26667, 0.53846]",1179,0.12155,1.34083,0.70455,0.62306,"[0.75556, 0.36364, 0.75]",706,STOPPED,39.76

217,20251222_211050,GREW_concat.csv,Preset_55,MLP,42,121,"[768, 512, 256]",mean,minmax,64,3,768,elu,0.55,RMSprop,,8e-05,5e-05,True,0.8,"[1, 3]","[1, 2]",[0.68794326 2.1920904  0.91725768],0.02,1.0,0.10814,2.25276,0.52273,0.37944,"[0.69388, 0.0, 0.44444]",911,0.14678,2.36868,0.56818,0.46023,"[0.70833, 0.15385, 0.51852]",486,COMPLETED,43.422
218,20251222_211050,GREW_mean.csv,Preset_55,MLP,42,69,"[768, 512, 256]",mean,minmax,64,3,768,elu,0.55,RMSprop,,8e-05,5e-05,True,0.8,"[1, 3]","[1, 2]",[0.68794326 2.1920904  0.91725768],0.02,1.0,0.13549,2.57139,0.45455,0.36291,"[0.63158, 0.0, 0.45714]",916,0.20738,2.38227,0.45455,0.36291,"[0.63158, 0.0, 0.45714]",602,STOPPED,44.271
219,20251222_211050,OUMVLP_concat.csv,Preset_55,MLP,42,98,"[768, 512, 256]",mean,minmax,64,3,768,elu,0.55,RMSprop,,8e-05,5e-05,True,0.8,"[1, 3]","[1, 2]",[0.68794326 2.1920904  0.91725768],0.02,1.0,0.11227,1.3443,0.63636,0.52992,"[0.68182, 0.22222, 0.68571]",901,0.2526,1.60289,0.68182,0.60411,"[0.71429, 0.33333, 0.76471]",358,STOPPED,43.827
220,20251222_211050,OUMVLP_mean.csv,Preset_55,MLP,42,46,"[768, 512, 256]",mean,minmax,64,3,768,elu,0.55,RMSprop,,8e-05,5e-05,True,0.8,"[1, 3]","[1, 2]",[0.68794326 2.1920904  0.91725768],0.02,1.0,0.11624,1.84631,0.52273,0.46759,"[0.63415, 0.23529, 0.53333]",1641,0.2921,1.53985,0.61364,0.56667,"[0.7, 0.375, 0.625]",505,STOPPED,82.56

221,20251222_211050,GREW_concat.csv,Preset_56,MLP,42,84,"[768, 512, 256]",mean,L2,128,3,768,leakyrelu,0.4,Adam,,0.00025,5e-06,True,0.8,"[1, 2, 3]",[],[0.68794326 2.1920904  0.91725768],0.02,1.0,0.10282,1.91711,0.5,0.35556,"[0.66667, 0.0, 0.4]",107,0.1168,2.0616,0.43182,0.40294,"[0.57895, 0.27273, 0.35714]",87,COMPLETED,4.146
222,20251222_211050,GREW_mean.csv,Preset_56,MLP,42,84,"[768, 512, 256]",mean,L2,128,3,768,leakyrelu,0.4,Adam,,0.00025,5e-06,True,0.8,"[1, 2, 3]",[],[0.68794326 2.1920904  0.91725768],0.02,1.0,0.10332,1.89748,0.52273,0.38472,"[0.6087, 0.0, 0.54545]",117,0.10722,2.10843,0.47727,0.45322,"[0.52632, 0.33333, 0.5]",114,COMPLETED,4.154
223,20251222_211050,OUMVLP_concat.csv,Preset_56,MLP,42,74,"[768, 512, 256]",mean,L2,128,3,768,leakyrelu,0.4,Adam,,0.00025,5e-06,True,0.8,"[1, 2, 3]",[],[0.68794326 2.1920904  0.91725768],0.02,1.0,0.10622,1.73826,0.56818,0.47463,"[0.65116, 0.16667, 0.60606]",197,0.49049,1.16675,0.59091,0.58321,"[0.63158, 0.55556, 0.5625]",95,COMPLETED,6.19
224,20251222_211050,OUMVLP_mean.csv,Preset_56,MLP,42,58,"[768, 512, 256]",mean,L2,128,3,768,leakyrelu,0.4,Adam,,0.00025,5e-06,True,0.8,"[1, 2, 3]",[],[0.68794326 2.1920904  0.91725768],0.02,1.0,0.10337,1.80264,0.52273,0.4956,"[0.57143, 0.3, 0.61538]",301,0.10336,1.53117,0.61364,0.51271,"[0.66667, 0.18182, 0.68966]",300,COMPLETED,10.941

225,20251222_211050,GREW_concat.csv,Preset_57,MLP,42,768,"[768, 512, 256]",mean,L2,88,3,768,silu,0.4,Adam,,0.0002,1e-07,False,,"[1, 2, 3]","[1, 2]",[0.68794326 2.1920904  0.91725768],0.02,1.0,0.10759,2.30662,0.43182,0.32476,"[0.4878, 0.0, 0.48649]",318,0.13352,1.96545,0.56818,0.41714,"[0.68, 0.0, 0.57143]",220,COMPLETED,11.444
226,20251222_211050,GREW_mean.csv,Preset_57,MLP,42,256,"[768, 512, 256]",mean,L2,88,3,768,silu,0.4,Adam,,0.0002,1e-07,False,,"[1, 2, 3]","[1, 2]",[0.68794326 2.1920904  0.91725768],0.02,1.0,0.10459,2.62663,0.38636,0.30623,"[0.46154, 0.0, 0.45714]",340,0.60442,1.50306,0.47727,0.40352,"[0.47059, 0.18182, 0.55814]",57,COMPLETED,13.99
227,20251222_211050,OUMVLP_concat.csv,Preset_57,MLP,42,1024,"[768, 512, 256]",mean,L2,88,3,768,silu,0.4,Adam,,0.0002,1e-07,False,,"[1, 2, 3]","[1, 2]",[0.68794326 2.1920904  0.91725768],0.02,1.0,0.17352,2.31552,0.52273,0.47239,"[0.57895, 0.25, 0.58824]",847,0.49566,1.50444,0.56818,0.53704,"[0.66667, 0.5, 0.44444]",148,STOPPED,31.594
228,20251222_211050,OUMVLP_mean.csv,Preset_57,MLP,42,256,"[768, 512, 256]",mean,L2,88,3,768,silu,0.4,Adam,,0.0002,1e-07,False,,"[1, 2, 3]","[1, 2]",[0.68794326 2.1920904  0.91725768],0.02,1.0,0.18991,2.38408,0.43182,0.39528,"[0.52632, 0.23529, 0.42424]",1072,0.12401,1.73639,0.56818,0.54432,"[0.6, 0.46154, 0.57143]",972,STOPPED,40.353

229,20251222_211050,GREW_concat.csv,Preset_58,MLP,42,84,"[896, 640, 320, 192]",mean,L2,64,4,896,leakyrelu,0.5,Adam,,0.0002,1e-07,True,0.8,"[1, 2, 3, 4]","[1, 2, 3]",[0.68794326 2.1920904  0.91725768],0.02,1.0,0.10388,2.82925,0.38636,0.32552,"[0.48889, 0.14286, 0.34483]",303,0.11225,2.50446,0.5,0.40779,"[0.61224, 0.16667, 0.44444]",274,COMPLETED,15.384
230,20251222_211050,GREW_mean.csv,Preset_58,MLP,42,84,"[896, 640, 320, 192]",mean,L2,64,4,896,leakyrelu,0.5,Adam,,0.0002,1e-07,True,0.8,"[1, 2, 3, 4]","[1, 2, 3]",[0.68794326 2.1920904  0.91725768],0.02,1.0,0.10856,2.97141,0.43182,0.36849,"[0.5, 0.15385, 0.45161]",290,0.64815,1.59943,0.5,0.42791,"[0.52381, 0.15385, 0.60606]",90,COMPLETED,15.285
231,20251222_211050,OUMVLP_concat.csv,Preset_58,MLP,42,74,"[896, 640, 320, 192]",mean,L2,64,4,896,leakyrelu,0.5,Adam,,0.0002,1e-07,True,0.8,"[1, 2, 3, 4]","[1, 2, 3]",[0.68794326 2.1920904  0.91725768],0.02,1.0,0.10741,2.00368,0.59091,0.57945,"[0.60465, 0.54545, 0.58824]",553,0.17211,1.55865,0.68182,0.64802,"[0.71111, 0.54545, 0.6875]",377,STOPPED,28.566
232,20251222_211050,OUMVLP_mean.csv,Preset_58,MLP,42,58,"[896, 640, 320, 192]",mean,L2,64,4,896,leakyrelu,0.5,Adam,,0.0002,1e-07,True,0.8,"[1, 2, 3, 4]","[1, 2, 3]",[0.68794326 2.1920904  0.91725768],0.02,1.0,0.10261,1.60976,0.65909,0.54684,"[0.69767, 0.2, 0.74286]",787,0.12049,1.6309,0.68182,0.65836,"[0.71795, 0.57143, 0.68571]",657,COMPLETED,41.347

233,20251222_211050,GREW_concat.csv,Preset_59,MLP,42,126,"[1024, 768, 384]",mean,L2,128,3,1024,silu,0.45,Adam,,0.0001,1e-05,True,0.9,"[1, 3]",[2],[0.68794326 2.1920904  0.91725768],0.02,1.0,0.10939,2.66135,0.40909,0.34762,"[0.5, 0.14286, 0.4]",353,0.57054,1.78229,0.45455,0.43333,"[0.5, 0.33333, 0.46667]",75,COMPLETED,11.112
234,20251222_211050,GREW_mean.csv,Preset_59,MLP,42,125,"[1024, 768, 384]",mean,L2,128,3,1024,silu,0.45,Adam,,0.0001,1e-05,True,0.9,"[1, 3]",[2],[0.68794326 2.1920904  0.91725768],0.02,1.0,0.10918,2.73335,0.40909,0.33437,"[0.57778, 0.11765, 0.30769]",358,0.47476,1.69878,0.52273,0.43468,"[0.62222, 0.18182, 0.5]",110,COMPLETED,10.249
235,20251222_211050,OUMVLP_concat.csv,Preset_59,MLP,42,137,"[1024, 768, 384]",mean,L2,128,3,1024,silu,0.45,Adam,,0.0001,1e-05,True,0.9,"[1, 3]",[2],[0.68794326 2.1920904  0.91725768],0.02,1.0,0.10863,2.77797,0.36364,0.31576,"[0.43478, 0.2, 0.3125]",961,0.70923,1.35024,0.47727,0.44993,"[0.4375, 0.33333, 0.57895]",92,COMPLETED,28.509
236,20251222_211050,OUMVLP_mean.csv,Preset_59,MLP,42,102,"[1024, 768, 384]",mean,L2,128,3,1024,silu,0.45,Adam,,0.0001,1e-05,True,0.9,"[1, 3]",[2],[0.68794326 2.1920904  0.91725768],0.02,1.0,0.10962,3.28841,0.36364,0.3109,"[0.45455, 0.13333, 0.34483]",991,0.73699,1.4422,0.43182,0.4127,"[0.48649, 0.3, 0.45161]",105,COMPLETED,29.995

237,20251222_211050,GREW_concat.csv,Preset_60,MLP,42,97,"[896, 896, 896]",mean,minmax,96,3,896,silu,0.45,AdamW,,0.00015,1e-05,True,0.75,"[1, 2, 3]","[2, 3]",[0.68794326 2.1920904  0.91725768],0.02,1.0,0.10954,1.62602,0.5,0.40628,"[0.65217, 0.16667, 0.4]",86,0.11383,1.83346,0.56818,0.49984,"[0.69767, 0.28571, 0.51613]",46,COMPLETED,3.245
238,20251222_211050,GREW_mean.csv,Preset_60,MLP,42,55,"[896, 896, 896]",mean,minmax,96,3,896,silu,0.45,AdamW,,0.00015,1e-05,True,0.75,"[1, 2, 3]","[2, 3]",[0.68794326 2.1920904  0.91725768],0.02,1.0,0.10999,2.01602,0.47727,0.36364,"[0.59091, 0.0, 0.5]",145,0.12214,2.14244,0.56818,0.47071,"[0.66667, 0.2, 0.54545]",61,COMPLETED,5.125
239,20251222_211050,OUMVLP_concat.csv,Preset_60,MLP,42,73,"[896, 896, 896]",mean,minmax,96,3,896,silu,0.45,AdamW,,0.00015,1e-05,True,0.75,"[1, 2, 3]","[2, 3]",[0.68794326 2.1920904  0.91725768],0.02,1.0,0.10966,1.19636,0.72727,0.6671,"[0.77273, 0.42857, 0.8]",97,0.16299,1.28051,0.72727,0.67198,"[0.78261, 0.5, 0.73333]",24,COMPLETED,3.438
240,20251222_211050,OUMVLP_mean.csv,Preset_60,MLP,42,32,"[896, 896, 896]",mean,minmax,96,3,896,silu,0.45,AdamW,,0.00015,1e-05,True,0.75,"[1, 2, 3]","[2, 3]",[0.68794326 2.1920904  0.91725768],0.02,1.0,0.10749,1.90379,0.52273,0.43555,"[0.6087, 0.18182, 0.51613]",236,0.12467,2.04001,0.61364,0.56522,"[0.69565, 0.42857, 0.57143]",109,COMPLETED,9.355

241,20251222_211050,GREW_concat.csv,Preset_61,MLP,42,87,"[896, 640, 448, 320, 160]",max,L2,96,5,896,gelu,0.4,Adam,,0.00015,1e-06,True,0.75,"[2, 4]","[1, 3]",[0.68794326 2.1920904  0.91725768],0.02,1.0,0.109,2.47895,0.45455,0.40714,"[0.57143, 0.25, 0.4]",538,0.15298,2.57872,0.52273,0.47341,"[0.57895, 0.28571, 0.55556]",401,COMPLETED,20.671
242,20251222_211050,GREW_mean.csv,Preset_61,MLP,42,85,"[896, 640, 448, 320, 160]",max,L2,96,5,896,gelu,0.4,Adam,,0.00015,1e-06,True,0.75,"[2, 4]","[1, 3]",[0.68794326 2.1920904  0.91725768],0.02,1.0,0.1087,2.37523,0.38636,0.33207,"[0.45455, 0.16667, 0.375]",552,0.46974,1.29715,0.59091,0.54339,"[0.61905, 0.4, 0.61111]",281,COMPLETED,21.685
243,20251222_211050,OUMVLP_concat.csv,Preset_61,MLP,42,67,"[896, 640, 448, 320, 160]",max,L2,96,5,896,gelu,0.4,Adam,,0.00015,1e-06,True,0.75,"[2, 4]","[1, 3]",[0.68794326 2.1920904  0.91725768],0.02,1.0,0.10626,2.80115,0.36364,0.34226,"[0.42857, 0.28571, 0.3125]",1105,0.19907,2.70195,0.47727,0.43572,"[0.53659, 0.28571, 0.48485]",784,COMPLETED,43.654
244,20251222_211050,OUMVLP_mean.csv,Preset_61,MLP,42,57,"[896, 640, 448, 320, 160]",max,L2,96,5,896,gelu,0.4,Adam,,0.00015,1e-06,True,0.75,"[2, 4]","[1, 3]",[0.68794326 2.1920904  0.91725768],0.02,1.0,0.10651,2.56893,0.43182,0.37527,"[0.42105, 0.13333, 0.57143]",1214,0.13417,2.87717,0.5,0.42808,"[0.51282, 0.14286, 0.62857]",1126,COMPLETED,48.011

245,20251222_211050,GREW_concat.csv,Preset_62,MLP,42,122,"[576, 384, 192]",max,minmax,96,3,576,elu,0.45,RMSprop,,0.0002,5e-05,True,0.75,[2],"[1, 3]",[0.68794326 2.1920904  0.91725768],0.02,1.0,0.10932,2.15895,0.40909,0.29925,"[0.51064, 0.0, 0.3871]",488,0.11518,2.28329,0.47727,0.40404,"[0.54545, 0.18182, 0.48485]",279,COMPLETED,16.522
246,20251222_211050,GREW_mean.csv,Preset_62,MLP,42,87,"[576, 384, 192]",max,minmax,96,3,576,elu,0.45,RMSprop,,0.0002,5e-05,True,0.75,[2],"[1, 3]",[0.68794326 2.1920904  0.91725768],0.02,1.0,0.1093,1.74377,0.47727,0.35,"[0.5, 0.0, 0.55]",613,0.16369,1.88232,0.59091,0.49386,"[0.65, 0.2, 0.63158]",132,STOPPED,21.001
247,20251222_211050,OUMVLP_concat.csv,Preset_62,MLP,42,78,"[576, 384, 192]",max,minmax,96,3,576,elu,0.45,RMSprop,,0.0002,5e-05,True,0.75,[2],"[1, 3]",[0.68794326 2.1920904  0.91725768],0.02,1.0,0.10886,1.70715,0.47727,0.40827,"[0.55814, 0.13333, 0.53333]",737,0.14319,1.93231,0.61364,0.54839,"[0.66667, 0.33333, 0.64516]",198,COMPLETED,25.495
248,20251222_211050,OUMVLP_mean.csv,Preset_62,MLP,42,50,"[576, 384, 192]",max,minmax,96,3,576,elu,0.45,RMSprop,,0.0002,5e-05,True,0.75,[2],"[1, 3]",[0.68794326 2.1920904  0.91725768],0.02,1.0,0.11173,2.01616,0.45455,0.3842,"[0.55814, 0.14286, 0.45161]",957,0.1138,2.09586,0.52273,0.48828,"[0.61538, 0.33333, 0.51613]",814,STOPPED,33.114

249,20251222_211050,GREW_concat.csv,Preset_63,MLP,42,70,"[1280, 896, 512]",mean,L2,96,3,1280,silu,0.45,Adam,,0.00015,0.0,True,0.75,"[1, 2, 3]","[1, 3]",[0.68794326 2.1920904  0.91725768],0.02,1.0,0.10905,2.28373,0.47727,0.36901,"[0.59091, 0.0, 0.51613]",450,0.14502,2.67352,0.47727,0.39722,"[0.62222, 0.125, 0.44444]",350,COMPLETED,15.987
250,20251222_211050,GREW_mean.csv,Preset_63,MLP,42,69,"[1280, 896, 512]",mean,L2,96,3,1280,silu,0.45,Adam,,0.00015,0.0,True,0.75,"[1, 2, 3]","[1, 3]",[0.68794326 2.1920904  0.91725768],0.02,1.0,0.10975,2.32586,0.40909,0.31571,"[0.53333, 0.0, 0.41379]",470,0.72862,1.32442,0.45455,0.42161,"[0.5, 0.30769, 0.45714]",149,COMPLETED,17.838
251,20251222_211050,OUMVLP_concat.csv,Preset_63,MLP,42,55,"[1280, 896, 512]",mean,L2,96,3,1280,silu,0.45,Adam,,0.00015,0.0,True,0.75,"[1, 2, 3]","[1, 3]",[0.68794326 2.1920904  0.91725768],0.02,1.0,0.1095,1.63785,0.59091,0.54451,"[0.68182, 0.4, 0.55172]",1087,0.11239,1.75987,0.63636,0.60185,"[0.71429, 0.47059, 0.62069]",1023,COMPLETED,40.672
252,20251222_211050,OUMVLP_mean.csv,Preset_63,MLP,42,44,"[1280, 896, 512]",mean,L2,96,3,1280,silu,0.45,Adam,,0.00015,0.0,True,0.75,"[1, 2, 3]","[1, 3]",[0.68794326 2.1920904  0.91725768],0.02,1.0,0.1096,1.70622,0.54545,0.52164,"[0.63158, 0.4, 0.53333]",1377,0.15567,1.80957,0.65909,0.63598,"[0.73171, 0.55556, 0.62069]",1009,COMPLETED,50.496

253,20251222_211050,GREW_concat.csv,Preset_64,MLP,42,47,"[1024, 768, 512, 256]",mean,,96,4,1024,gelu,0.45,AdamW,,0.00018,5e-06,True,0.75,"[1, 2, 3]","[1, 2]",[0.68794326 2.1920904  0.91725768],0.02,1.0,0.1093,2.35737,0.40909,0.32927,"[0.4878, 0.0, 0.5]",330,0.21556,2.24302,0.56818,0.47648,"[0.61905, 0.18182, 0.62857]",106,COMPLETED,12.204
254,20251222_211050,GREW_mean.csv,Preset_64,MLP,42,47,"[1024, 768, 512, 256]",mean,,96,4,1024,gelu,0.45,AdamW,,0.00018,5e-06,True,0.75,"[1, 2, 3]","[1, 2]",[0.68794326 2.1920904  0.91725768],0.02,1.0,0.10758,2.20124,0.5,0.42019,"[0.57778, 0.16667, 0.51613]",377,0.11123,2.18533,0.54545,0.49238,"[0.58537, 0.28571, 0.60606]",372,COMPLETED,14.925
255,20251222_211050,OUMVLP_concat.csv,Preset_64,MLP,42,27,"[1024, 768, 512, 256]",mean,,96,4,1024,gelu,0.45,AdamW,,0.00018,5e-06,True,0.75,"[1, 2, 3]","[1, 2]",[0.68794326 2.1920904  0.91725768],0.02,1.0,0.10865,2.29175,0.43182,0.39252,"[0.52381, 0.26667, 0.3871]",611,0.33599,1.85342,0.59091,0.52613,"[0.7234, 0.375, 0.48]",155,COMPLETED,23.349
256,20251222_211050,OUMVLP_mean.csv,Preset_64,MLP,42,23,"[1024, 768, 512, 256]",mean,,96,4,1024,gelu,0.45,AdamW,,0.00018,5e-06,True,0.75,"[1, 2, 3]","[1, 2]",[0.68794326 2.1920904  0.91725768],0.02,1.0,0.10949,1.91162,0.52273,0.42906,"[0.66667, 0.15385, 0.46667]",957,0.13181,2.04577,0.56818,0.46641,"[0.68085, 0.16667, 0.55172]",688,COMPLETED,36.363

257,20251222_211050,GREW_concat.csv,Preset_65,MLP,42,121,"[1408, 1024, 640, 320]",mean,minmax,64,4,1408,silu,0.45,Adam,,0.00015,1e-06,True,0.8,"[1, 2, 3]","[2, 3]",[0.68794326 2.1920904  0.91725768],0.02,1.0,0.10764,1.64967,0.52273,0.42924,"[0.6383, 0.16667, 0.48276]",40,0.12168,2.21942,0.54545,0.44444,"[0.66667, 0.16667, 0.5]",19,COMPLETED,2.221
258,20251222_211050,GREW_mean.csv,Preset_65,MLP,42,69,"[1408, 1024, 640, 320]",mean,minmax,64,4,1408,silu,0.45,Adam,,0.00015,1e-06,True,0.8,"[1, 2, 3]","[2, 3]",[0.68794326 2.1920904  0.91725768],0.02,1.0,0.10857,2.06131,0.45455,0.35253,"[0.59091, 0.0, 0.46667]",64,0.11261,2.20268,0.52273,0.43945,"[0.61905, 0.15385, 0.54545]",54,COMPLETED,3.367
259,20251222_211050,OUMVLP_concat.csv,Preset_65,MLP,42,98,"[1408, 1024, 640, 320]",mean,minmax,64,4,1408,silu,0.45,Adam,,0.00015,1e-06,True,0.8,"[1, 2, 3]","[2, 3]",[0.68794326 2.1920904  0.91725768],0.02,1.0,0.10799,1.2758,0.61364,0.5166,"[0.65116, 0.25, 0.64865]",44,0.11325,1.27806,0.70455,0.63819,"[0.72727, 0.44444, 0.74286]",30,COMPLETED,2.425
260,20251222_211050,OUMVLP_mean.csv,Preset_65,MLP,42,46,"[1408, 1024, 640, 320]",mean,minmax,64,4,1408,silu,0.45,Adam,,0.00015,1e-06,True,0.8,"[1, 2, 3]","[2, 3]",[0.68794326 2.1920904  0.91725768],0.02,1.0,0.10973,1.69706,0.52273,0.47078,"[0.60465, 0.30769, 0.5]",102,0.11791,1.85522,0.56818,0.55079,"[0.61905, 0.5, 0.53333]",64,COMPLETED,5.499

261,20251222_211050,GREW_concat.csv,Preset_66,MLP,42,121,"[1024, 768, 512, 256]",mean,minmax,64,4,1024,silu,0.4,Adam,,0.0002,1e-07,True,0.8,"[1, 2, 3]","[1, 2]",[0.68794326 2.1920904  0.91725768],0.02,1.0,0.10908,2.15005,0.52273,0.41103,"[0.66667, 0.18182, 0.38462]",101,0.12929,2.16455,0.56818,0.46533,"[0.68085, 0.18182, 0.53333]",52,COMPLETED,4.984
262,20251222_211050,GREW_mean.csv,Preset_66,MLP,42,69,"[1024, 768, 512, 256]",mean,minmax,64,4,1024,silu,0.4,Adam,,0.0002,1e-07,True,0.8,"[1, 2, 3]","[1, 2]",[0.68794326 2.1920904  0.91725768],0.02,1.0,0.10965,2.18387,0.47727,0.36822,"[0.60465, 0.0, 0.5]",190,0.11788,2.18377,0.52273,0.44003,"[0.59091, 0.16667, 0.5625]",104,COMPLETED,9.315
263,20251222_211050,OUMVLP_concat.csv,Preset_66,MLP,42,98,"[1024, 768, 512, 256]",mean,minmax,64,4,1024,silu,0.4,Adam,,0.0002,1e-07,True,0.8,"[1, 2, 3]","[1, 2]",[0.68794326 2.1920904  0.91725768],0.02,1.0,0.10976,1.28494,0.68182,0.56521,"[0.7234, 0.22222, 0.75]",137,0.11701,1.39507,0.70455,0.62971,"[0.73913, 0.4, 0.75]",91,COMPLETED,7.242
264,20251222_211050,OUMVLP_mean.csv,Preset_66,MLP,42,46,"[1024, 768, 512, 256]",mean,minmax,64,4,1024,silu,0.4,Adam,,0.0002,1e-07,True,0.8,"[1, 2, 3]","[1, 2]",[0.68794326 2.1920904  0.91725768],0.02,1.0,0.10778,1.63684,0.59091,0.55491,"[0.68182, 0.44444, 0.53846]",279,0.11662,1.52572,0.68182,0.64461,"[0.74419, 0.5, 0.68966]",192,COMPLETED,13.498



265,20260105_012548,GREW_concat.csv,Preset_1,MLP,42,78,"[640, 512, 256]",mean,minmax,80,3,768,gelu,0.35,Adam,,0.00015,1e-06,True,0.7,"[1, 2]","[1, 2]",[0.68794326 2.1920904  0.91725768],0.02,1.0,0.11442,1.48747,0.45455,0.33481,"[0.56, 0.0, 0.44444]",190,0.12654,1.56122,0.54545,0.44017,"[0.65385, 0.16667, 0.5]",175,COMPLETED,7.571
266,20260105_012548,GREW_mean.csv,Preset_1,MLP,42,43,"[640, 512, 256]",mean,minmax,80,3,768,gelu,0.35,Adam,,0.00015,1e-06,True,0.7,"[1, 2]","[1, 2]",[0.68794326 2.1920904  0.91725768],0.02,1.0,0.11914,1.70653,0.52273,0.39305,"[0.59091, 0.0, 0.58824]",352,0.13023,1.76321,0.56818,0.42782,"[0.6383, 0.0, 0.64516]",253,COMPLETED,14.212
267,20260105_012548,OUMVLP_concat.csv,Preset_1,MLP,42,55,"[640, 512, 256]",mean,minmax,80,3,768,gelu,0.35,Adam,,0.00015,1e-06,True,0.7,"[1, 2]","[1, 2]",[0.68794326 2.1920904  0.91725768],0.02,1.0,0.11753,1.1644,0.63636,0.5726,"[0.66667, 0.36364, 0.6875]",260,0.15976,1.53201,0.70455,0.6531,"[0.73913, 0.46154, 0.75862]",95,COMPLETED,9.763
268,20260105_012548,OUMVLP_mean.csv,Preset_1,MLP,42,22,"[640, 512, 256]",mean,minmax,80,3,768,gelu,0.35,Adam,,0.00015,1e-06,True,0.7,"[1, 2]","[1, 2]",[0.68794326 2.1920904  0.91725768],0.02,1.0,0.11675,1.89788,0.52273,0.4623,"[0.625, 0.33333, 0.42857]",653,0.12316,1.98421,0.54545,0.4848,"[0.6383, 0.33333, 0.48276]",422,COMPLETED,25.353

269,20260105_012548,GREW_concat.csv,Preset_2,MLP,42,57,"[800, 512, 256]",mean,L2,80,3,768,silu,0.35,Adam,,0.00012,1e-06,True,0.7,[2],"[1, 2]",[0.68794326 2.1920904  0.91725768],0.02,1.0,0.11953,2.54143,0.45455,0.39076,"[0.5, 0.14286, 0.52941]",1145,0.13127,2.7785,0.52273,0.44156,"[0.57143, 0.18182, 0.57143]",986,COMPLETED,43.551
270,20260105_012548,GREW_mean.csv,Preset_2,MLP,42,57,"[800, 512, 256]",mean,L2,80,3,768,silu,0.35,Adam,,0.00012,1e-06,True,0.7,[2],"[1, 2]",[0.68794326 2.1920904  0.91725768],0.02,1.0,0.11715,2.17734,0.43182,0.39788,"[0.48649, 0.25, 0.45714]",1090,0.13121,2.37739,0.5,0.45504,"[0.55, 0.28571, 0.52941]",975,COMPLETED,39.081
271,20260105_012548,OUMVLP_concat.csv,Preset_2,MLP,42,39,"[800, 512, 256]",mean,L2,80,3,768,silu,0.35,Adam,,0.00012,1e-06,True,0.7,[2],"[1, 2]",[0.68794326 2.1920904  0.91725768],0.02,1.0,0.11985,2.50195,0.40909,0.37512,"[0.55814, 0.35294, 0.21429]",2122,0.26314,2.13806,0.52273,0.48056,"[0.66667, 0.375, 0.4]",1422,COMPLETED,65.161
272,20260105_012548,OUMVLP_mean.csv,Preset_2,MLP,42,32,"[800, 512, 256]",mean,L2,80,3,768,silu,0.35,Adam,,0.00012,1e-06,True,0.7,[2],"[1, 2]",[0.68794326 2.1920904  0.91725768],0.02,1.0,0.11786,2.15047,0.47727,0.43599,"[0.5641, 0.21053, 0.53333]",2193,0.12686,2.17464,0.52273,0.49298,"[0.57895, 0.3, 0.6]",2020,COMPLETED,60.375

273,20260105_012548,GREW_concat.csv,Preset_3,MLP,42,213,"[768, 512, 384]",max,minmax,64,3,768,silu,0.4,AdamW,,0.00012,1e-06,True,0.9,"[1, 2]","[1, 2]",[0.68794326 2.1920904  0.91725768],0.02,1.0,0.11548,2.50979,0.34091,0.25479,"[0.46809, 0.0, 0.2963]",94,0.73288,1.15803,0.34091,0.29545,"[0.45, 0.13333, 0.30303]",12,COMPLETED,3.465
274,20260105_012548,GREW_mean.csv,Preset_3,MLP,42,140,"[768, 512, 384]",max,minmax,64,3,768,silu,0.4,AdamW,,0.00012,1e-06,True,0.9,"[1, 2]","[1, 2]",[0.68794326 2.1920904  0.91725768],0.02,1.0,0.11453,1.82182,0.43182,0.33016,"[0.47619, 0.0, 0.51429]",153,0.1775,2.18552,0.47727,0.40798,"[0.48649, 0.14286, 0.59459]",50,COMPLETED,5.725
275,20260105_012548,OUMVLP_concat.csv,Preset_3,MLP,42,178,"[768, 512, 384]",max,minmax,64,3,768,silu,0.4,AdamW,,0.00012,1e-06,True,0.9,"[1, 2]","[1, 2]",[0.68794326 2.1920904  0.91725768],0.02,1.0,0.11913,1.90319,0.45455,0.33868,"[0.54545, 0.0, 0.47059]",113,0.67122,1.20619,0.47727,0.46639,"[0.5, 0.42857, 0.47059]",14,COMPLETED,4.292
276,20260105_012548,OUMVLP_mean.csv,Preset_3,MLP,42,107,"[768, 512, 384]",max,minmax,64,3,768,silu,0.4,AdamW,,0.00012,1e-06,True,0.9,"[1, 2]","[1, 2]",[0.68794326 2.1920904  0.91725768],0.02,1.0,0.11654,1.84908,0.47727,0.39244,"[0.63636, 0.15385, 0.3871]",218,0.1253,1.94561,0.52273,0.43076,"[0.66667, 0.14286, 0.48276]",137,COMPLETED,8.237

277,20260105_012548,GREW_concat.csv,Preset_4,MLP,42,84,"[896, 640, 384]",mean,L2,64,3,896,gelu,0.35,RMSprop,,0.0001,1e-06,True,0.8,[2],"[1, 2]",[0.68794326 2.1920904  0.91725768],0.02,1.0,0.11855,2.68609,0.36364,0.31992,"[0.46154, 0.11111, 0.3871]",676,0.13574,2.78976,0.45455,0.38149,"[0.59091, 0.125, 0.42857]",596,COMPLETED,23.589
278,20260105_012548,GREW_mean.csv,Preset_4,MLP,42,84,"[896, 640, 384]",mean,L2,64,3,896,gelu,0.35,RMSprop,,0.0001,1e-06,True,0.8,[2],"[1, 2]",[0.68794326 2.1920904  0.91725768],0.02,1.0,0.11881,2.48893,0.36364,0.2957,"[0.5, 0.0, 0.3871]",661,0.62106,1.68825,0.38636,0.37462,"[0.36364, 0.31579, 0.44444]",269,COMPLETED,23.096
279,20260105_012548,OUMVLP_concat.csv,Preset_4,MLP,42,74,"[896, 640, 384]",mean,L2,64,3,896,gelu,0.35,RMSprop,,0.0001,1e-06,True,0.8,[2],"[1, 2]",[0.68794326 2.1920904  0.91725768],0.02,1.0,0.11796,1.88333,0.52273,0.48969,"[0.6, 0.35294, 0.51613]",1172,0.15848,2.02796,0.63636,0.59717,"[0.68293, 0.46154, 0.64706]",1003,COMPLETED,40.947
280,20260105_012548,OUMVLP_mean.csv,Preset_4,MLP,42,58,"[896, 640, 384]",mean,L2,64,3,896,gelu,0.35,RMSprop,,0.0001,1e-06,True,0.8,[2],"[1, 2]",[0.68794326 2.1920904  0.91725768],0.02,1.0,0.11788,2.17194,0.52273,0.48828,"[0.61538, 0.33333, 0.51613]",1285,0.20708,2.29438,0.59091,0.56638,"[0.64865, 0.44444, 0.60606]",1013,COMPLETED,44.964

281,20260105_012548,GREW_concat.csv,Preset_5,MLP,42,121,"[1024, 768, 512]",mean,minmax,48,3,1024,gelu,0.3,AdamW,,0.0001,1e-06,True,0.8,[2],[2],[0.68794326 2.1920904  0.91725768],0.02,1.0,0.11295,1.33998,0.47727,0.39202,"[0.62222, 0.15385, 0.4]",24,0.11464,1.35065,0.52273,0.42139,"[0.65306, 0.16667, 0.44444]",22,COMPLETED,1.129
282,20260105_012548,GREW_mean.csv,Preset_5,MLP,42,69,"[1024, 768, 512]",mean,minmax,48,3,1024,gelu,0.3,AdamW,,0.0001,1e-06,True,0.8,[2],[2],[0.68794326 2.1920904  0.91725768],0.02,1.0,0.11306,1.61617,0.38636,0.30808,"[0.5, 0.0, 0.42424]",37,0.12448,1.58535,0.45455,0.38939,"[0.55, 0.13333, 0.48485]",28,COMPLETED,1.784
283,20260105_012548,OUMVLP_concat.csv,Preset_5,MLP,42,98,"[1024, 768, 512]",mean,minmax,48,3,1024,gelu,0.3,AdamW,,0.0001,1e-06,True,0.8,[2],[2],[0.68794326 2.1920904  0.91725768],0.02,1.0,0.11258,1.33246,0.56818,0.51499,"[0.6, 0.23529, 0.70968]",27,0.12835,1.21875,0.65909,0.61197,"[0.69767, 0.42857, 0.70968]",19,COMPLETED,1.364
284,20260105_012548,OUMVLP_mean.csv,Preset_5,MLP,42,46,"[1024, 768, 512]",mean,minmax,48,3,1024,gelu,0.3,AdamW,,0.0001,1e-06,True,0.8,[2],[2],[0.68794326 2.1920904  0.91725768],0.02,1.0,0.11643,1.41837,0.59091,0.54722,"[0.66667, 0.375, 0.6]",51,0.11643,1.41837,0.59091,0.54722,"[0.66667, 0.375, 0.6]",51,COMPLETED,2.75

285,20260105_012548,GREW_concat.csv,Preset_6,MLP,42,78,"[640, 512, 384, 256]",mean,minmax,64,4,768,gelu,0.35,Adam,,0.0001,1e-06,True,0.7,"[2, 4]","[1, 2, 3]",[0.68794326 2.1920904  0.91725768],0.02,1.0,0.11857,2.09683,0.5,0.34568,"[0.66667, 0.0, 0.37037]",236,0.27517,1.91854,0.56818,0.45969,"[0.69388, 0.16667, 0.51852]",71,COMPLETED,9.74
286,20260105_012548,GREW_mean.csv,Preset_6,MLP,42,43,"[640, 512, 384, 256]",mean,minmax,64,4,768,gelu,0.35,Adam,,0.0001,1e-06,True,0.7,"[2, 4]","[1, 2, 3]",[0.68794326 2.1920904  0.91725768],0.02,1.0,0.11329,1.96433,0.54545,0.40943,"[0.62222, 0.0, 0.60606]",422,0.12091,1.80799,0.63636,0.52593,"[0.71111, 0.2, 0.66667]",394,COMPLETED,17.597
287,20260105_012548,OUMVLP_concat.csv,Preset_6,MLP,42,55,"[640, 512, 384, 256]",mean,minmax,64,4,768,gelu,0.35,Adam,,0.0001,1e-06,True,0.7,"[2, 4]","[1, 2, 3]",[0.68794326 2.1920904  0.91725768],0.02,1.0,0.11801,1.39574,0.68182,0.60679,"[0.7234, 0.36364, 0.73333]",272,0.18112,1.49322,0.72727,0.6952,"[0.75556, 0.57143, 0.75862]",124,COMPLETED,11.444
288,20260105_012548,OUMVLP_mean.csv,Preset_6,MLP,42,22,"[640, 512, 384, 256]",mean,minmax,64,4,768,gelu,0.35,Adam,,0.0001,1e-06,True,0.7,"[2, 4]","[1, 2, 3]",[0.68794326 2.1920904  0.91725768],0.02,1.0,0.11617,2.48055,0.54545,0.50947,"[0.6383, 0.46154, 0.42857]",679,0.13822,2.40135,0.56818,0.53276,"[0.63636, 0.42857, 0.53333]",607,COMPLETED,27.706

289,20260105_012548,GREW_concat.csv,Preset_7,MLP,42,57,"[768, 640, 448, 256]",mean,L2,48,4,768,gelu,0.4,AdamW,,0.0001,5e-06,True,0.7,[2],"[1, 2, 3]",[0.68794326 2.1920904  0.91725768],0.02,1.0,0.11852,2.10338,0.47727,0.43381,"[0.55, 0.23529, 0.51613]",944,0.18681,2.86439,0.47727,0.43609,"[0.51282, 0.25, 0.54545]",716,COMPLETED,45.265
290,20260105_012548,GREW_mean.csv,Preset_7,MLP,42,57,"[768, 640, 448, 256]",mean,L2,48,4,768,gelu,0.4,AdamW,,0.0001,5e-06,True,0.7,[2],"[1, 2, 3]",[0.68794326 2.1920904  0.91725768],0.02,1.0,0.1171,2.76919,0.40909,0.37983,"[0.43243, 0.22222, 0.48485]",944,0.40135,2.39318,0.45455,0.41822,"[0.43243, 0.26667, 0.55556]",560,COMPLETED,45.227
291,20260105_012548,OUMVLP_concat.csv,Preset_7,MLP,42,39,"[768, 640, 448, 256]",mean,L2,48,4,768,gelu,0.4,AdamW,,0.0001,5e-06,True,0.7,[2],"[1, 2, 3]",[0.68794326 2.1920904  0.91725768],0.02,1.0,0.11926,2.08284,0.45455,0.42226,"[0.59091, 0.4, 0.27586]",1824,0.68428,1.08267,0.54545,0.54676,"[0.58537, 0.58824, 0.46667]",860,COMPLETED,86.604
292,20260105_012548,OUMVLP_mean.csv,Preset_7,MLP,42,32,"[768, 640, 448, 256]",mean,L2,48,4,768,gelu,0.4,AdamW,,0.0001,5e-06,True,0.7,[2],"[1, 2, 3]",[0.68794326 2.1920904  0.91725768],0.02,1.0,0.1113,1.8,0.5,0.42271,"[0.6, 0.15385, 0.51429]",2042,0.74205,1.16731,0.59091,0.56391,"[0.65, 0.42105, 0.62069]",899,COMPLETED,97.425

293,20260105_012548,GREW_concat.csv,Preset_8,MLP,42,146,"[896, 768, 512, 256]",max,minmax,48,4,896,gelu,0.35,AdamW,,8e-05,1e-05,True,0.8,"[2, 3]","[1, 2, 3]",[0.68794326 2.1920904  0.91725768],0.02,1.0,0.11837,2.78034,0.45455,0.34343,"[0.54545, 0.0, 0.48485]",101,0.13078,3.00111,0.47727,0.40327,"[0.58537, 0.15385, 0.47059]",69,COMPLETED,5.243
294,20260105_012548,GREW_mean.csv,Preset_8,MLP,42,101,"[896, 768, 512, 256]",max,minmax,48,4,896,gelu,0.35,AdamW,,8e-05,1e-05,True,0.8,"[2, 3]","[1, 2, 3]",[0.68794326 2.1920904  0.91725768],0.02,1.0,0.11982,1.98088,0.47727,0.34837,"[0.47368, 0.0, 0.57143]",138,0.18418,2.03522,0.54545,0.45556,"[0.5, 0.2, 0.66667]",56,COMPLETED,7.264
295,20260105_012548,OUMVLP_concat.csv,Preset_8,MLP,42,103,"[896, 768, 512, 256]",max,minmax,48,4,896,gelu,0.35,AdamW,,8e-05,1e-05,True,0.8,"[2, 3]","[1, 2, 3]",[0.68794326 2.1920904  0.91725768],0.02,1.0,0.11949,2.20405,0.47727,0.36464,"[0.57778, 0.0, 0.51613]",154,0.17583,2.42967,0.54545,0.45869,"[0.62222, 0.15385, 0.6]",53,COMPLETED,8.012
296,20260105_012548,OUMVLP_mean.csv,Preset_8,MLP,42,65,"[896, 768, 512, 256]",max,minmax,48,4,896,gelu,0.35,AdamW,,8e-05,1e-05,True,0.8,"[2, 3]","[1, 2, 3]",[0.68794326 2.1920904  0.91725768],0.02,1.0,0.1191,2.14862,0.5,0.42284,"[0.61905, 0.13333, 0.51613]",209,0.11501,2.17496,0.54545,0.46102,"[0.63415, 0.14286, 0.60606]",208,COMPLETED,10.679

297,20260105_012548,GREW_concat.csv,Preset_9,MLP,42,768,[256],mean,minmax,128,1,256,gelu,0.2,Adam,,0.0002,1e-06,False,0.0,[1],[1],[0.68794326 2.1920904  0.91725768],0.02,1.0,0.11455,1.23562,0.45455,0.39167,"[0.55, 0.125, 0.5]",166,0.13604,1.19419,0.56818,0.47033,"[0.66667, 0.18182, 0.5625]",150,COMPLETED,3.79
298,20260105_012548,GREW_mean.csv,Preset_9,MLP,42,256,[256],mean,minmax,128,1,256,gelu,0.2,Adam,,0.0002,1e-06,False,0.0,[1],[1],[0.68794326 2.1920904  0.91725768],0.02,1.0,0.11775,1.39372,0.47727,0.35904,"[0.53659, 0.0, 0.54054]",300,0.22773,1.21369,0.52273,0.4418,"[0.59091, 0.15385, 0.58065]",152,COMPLETED,7.13
299,20260105_012548,OUMVLP_concat.csv,Preset_9,MLP,42,1024,[256],mean,minmax,128,1,256,gelu,0.2,Adam,,0.0002,1e-06,False,0.0,[1],[1],[0.68794326 2.1920904  0.91725768],0.02,1.0,0.11952,1.1299,0.52273,0.40173,"[0.55814, 0.0, 0.64706]",214,0.41516,1.05919,0.56818,0.53283,"[0.51429, 0.4, 0.68421]",86,COMPLETED,5.147
300,20260105_012548,OUMVLP_mean.csv,Preset_9,MLP,42,256,[256],mean,minmax,128,1,256,gelu,0.2,Adam,,0.0002,1e-06,False,0.0,[1],[1],[0.68794326 2.1920904  0.91725768],0.02,1.0,0.11642,1.5216,0.47727,0.40346,"[0.57143, 0.18182, 0.45714]",417,0.12405,1.45875,0.5,0.47485,"[0.57895, 0.375, 0.47059]",370,COMPLETED,9.654

301,20260105_012548,GREW_concat.csv,Preset_10,MLP,42,213,[512],max,minmax,96,1,512,silu,0.3,RMSprop,,0.0001,1e-06,True,0.9,[1],[1],[0.68794326 2.1920904  0.91725768],0.02,1.0,0.11881,2.12733,0.27273,0.19518,"[0.42553, 0.0, 0.16]",161,0.72679,1.16703,0.40909,0.34129,"[0.51064, 0.14286, 0.37037]",9,COMPLETED,3.893
302,20260105_012548,GREW_mean.csv,Preset_10,MLP,42,140,[512],max,minmax,96,1,512,silu,0.3,RMSprop,,0.0001,1e-06,True,0.9,[1],[1],[0.68794326 2.1920904  0.91725768],0.02,1.0,0.11901,1.7223,0.40909,0.31216,"[0.45, 0.0, 0.48649]",281,0.20361,1.55668,0.47727,0.36216,"[0.48649, 0.0, 0.6]",132,COMPLETED,6.663
303,20260105_012548,OUMVLP_concat.csv,Preset_10,MLP,42,178,[512],max,minmax,96,1,512,silu,0.3,RMSprop,,0.0001,1e-06,True,0.9,[1],[1],[0.68794326 2.1920904  0.91725768],0.02,1.0,0.11833,1.29153,0.52273,0.39645,"[0.6087, 0.0, 0.58065]",230,0.72132,1.11016,0.47727,0.46162,"[0.5, 0.4, 0.48485]",14,COMPLETED,6.061
304,20260105_012548,OUMVLP_mean.csv,Preset_10,MLP,42,107,[512],max,minmax,96,1,512,silu,0.3,RMSprop,,0.0001,1e-06,True,0.9,[1],[1],[0.68794326 2.1920904  0.91725768],0.02,1.0,0.11854,1.5838,0.52273,0.43752,"[0.63636, 0.14286, 0.53333]",405,0.1194,1.58438,0.52273,0.43752,"[0.63636, 0.14286, 0.53333]",404,COMPLETED,9.814

305,20260105_012548,GREW_concat.csv,Preset_11,MLP,42,189,"[384, 192]",mean,minmax,80,2,512,elu,0.3,AdamW,,0.0002,5e-06,True,0.9,"[1, 2]",[1],[0.68794326 2.1920904  0.91725768],0.02,1.0,0.11786,2.28892,0.45455,0.35795,"[0.6, 0.15385, 0.32]",169,0.20898,2.16283,0.47727,0.38376,"[0.6, 0.16667, 0.38462]",41,COMPLETED,4.878
306,20260105_012548,GREW_mean.csv,Preset_11,MLP,42,112,"[384, 192]",mean,minmax,80,2,512,elu,0.3,AdamW,,0.0002,5e-06,True,0.9,"[1, 2]",[1],[0.68794326 2.1920904  0.91725768],0.02,1.0,0.11843,2.55422,0.31818,0.2404,"[0.45455, 0.0, 0.26667]",313,0.56501,1.67104,0.38636,0.34583,"[0.51163, 0.25, 0.27586]",30,COMPLETED,8.644
307,20260105_012548,OUMVLP_concat.csv,Preset_11,MLP,42,171,"[384, 192]",mean,minmax,80,2,512,elu,0.3,AdamW,,0.0002,5e-06,True,0.9,"[1, 2]",[1],[0.68794326 2.1920904  0.91725768],0.02,1.0,0.11682,1.91145,0.45455,0.41881,"[0.4878, 0.23529, 0.53333]",166,0.51985,1.1735,0.56818,0.53535,"[0.6, 0.4, 0.60606]",16,COMPLETED,4.78
308,20260105_012548,OUMVLP_mean.csv,Preset_11,MLP,42,88,"[384, 192]",mean,minmax,80,2,512,elu,0.3,AdamW,,0.0002,5e-06,True,0.9,"[1, 2]",[1],[0.68794326 2.1920904  0.91725768],0.02,1.0,0.11978,1.51375,0.5,0.46193,"[0.61905, 0.35294, 0.41379]",353,0.17918,1.52098,0.59091,0.54746,"[0.69767, 0.42857, 0.51613]",165,COMPLETED,9.817

309,20260105_012548,GREW_concat.csv,Preset_12,MLP,42,102,"[512, 256]",max,L2,64,2,512,gelu,0.2,AdamW,,0.0002,1e-05,True,0.8,[2],"[1, 2]",[0.68794326 2.1920904  0.91725768],0.02,1.0,0.11867,1.72211,0.52273,0.47438,"[0.52632, 0.28571, 0.61111]",284,0.11721,1.68876,0.56818,0.51481,"[0.6, 0.33333, 0.61111]",283,COMPLETED,9.986
310,20260105_012548,GREW_mean.csv,Preset_12,MLP,42,100,"[512, 256]",max,L2,64,2,512,gelu,0.2,AdamW,,0.0002,1e-05,True,0.8,[2],"[1, 2]",[0.68794326 2.1920904  0.91725768],0.02,1.0,0.11876,1.94846,0.40909,0.35622,"[0.42105, 0.13333, 0.51429]",306,0.26896,1.67747,0.5,0.42456,"[0.47368, 0.2, 0.6]",191,COMPLETED,10.461
311,20260105_012548,OUMVLP_concat.csv,Preset_12,MLP,42,88,"[512, 256]",max,L2,64,2,512,gelu,0.2,AdamW,,0.0002,1e-05,True,0.8,[2],"[1, 2]",[0.68794326 2.1920904  0.91725768],0.02,1.0,0.11762,2.03282,0.40909,0.35906,"[0.53333, 0.21053, 0.33333]",697,0.34148,1.35367,0.56818,0.50311,"[0.65217, 0.28571, 0.57143]",403,COMPLETED,24.174
312,20260105_012548,OUMVLP_mean.csv,Preset_12,MLP,42,71,"[512, 256]",max,L2,64,2,512,gelu,0.2,AdamW,,0.0002,1e-05,True,0.8,[2],"[1, 2]",[0.68794326 2.1920904  0.91725768],0.02,1.0,0.11862,2.07724,0.47727,0.42544,"[0.56522, 0.26667, 0.44444]",793,0.12481,2.07823,0.54545,0.51938,"[0.55814, 0.4, 0.6]",724,COMPLETED,27.287

313,20260105_012548,GREW_concat.csv,Preset_13,MLP,42,78,"[768, 256]",mean,minmax,64,2,768,silu,0.15,Adam,,0.00015,1e-06,True,0.7,[1],[1],[0.68794326 2.1920904  0.91725768],0.02,1.0,0.11777,1.49587,0.5,0.45013,"[0.56522, 0.26667, 0.51852]",141,0.12184,1.47162,0.56818,0.50581,"[0.6383, 0.30769, 0.57143]",123,COMPLETED,5.175
314,20260105_012548,GREW_mean.csv,Preset_13,MLP,42,43,"[768, 256]",mean,minmax,64,2,768,silu,0.15,Adam,,0.00015,1e-06,True,0.7,[1],[1],[0.68794326 2.1920904  0.91725768],0.02,1.0,0.11943,2.08983,0.45455,0.36142,"[0.51282, 0.0, 0.57143]",323,0.23217,1.86382,0.47727,0.37662,"[0.52381, 0.0, 0.60606]",96,COMPLETED,10.776
315,20260105_012548,OUMVLP_concat.csv,Preset_13,MLP,42,55,"[768, 256]",mean,minmax,64,2,768,silu,0.15,Adam,,0.00015,1e-06,True,0.7,[1],[1],[0.68794326 2.1920904  0.91725768],0.02,1.0,0.11943,1.25842,0.63636,0.61111,"[0.66667, 0.5, 0.66667]",248,0.13551,1.32723,0.65909,0.63997,"[0.68182, 0.57143, 0.66667]",128,COMPLETED,9.681
316,20260105_012548,OUMVLP_mean.csv,Preset_13,MLP,42,22,"[768, 256]",mean,minmax,64,2,768,silu,0.15,Adam,,0.00015,1e-06,True,0.7,[1],[1],[0.68794326 2.1920904  0.91725768],0.02,1.0,0.11998,2.03882,0.43182,0.41358,"[0.4878, 0.35294, 0.4]",573,0.61762,1.08582,0.54545,0.52508,"[0.60465, 0.47059, 0.5]",78,COMPLETED,18.803

317,20260105_012548,GREW_concat.csv,Preset_14,MLP,42,84,"[512, 512, 256]",mean,L2,64,3,768,relu,0.25,RMSprop,,0.0003,1e-06,True,0.8,"[1, 3]",[2],[0.68794326 2.1920904  0.91725768],0.02,1.0,0.10446,2.45055,0.36364,0.28718,"[0.46154, 0.0, 0.4]",58,0.21229,2.1047,0.45455,0.34444,"[0.53333, 0.0, 0.5]",38,COMPLETED,2.588
318,20260105_012548,GREW_mean.csv,Preset_14,MLP,42,84,"[512, 512, 256]",mean,L2,64,3,768,relu,0.25,RMSprop,,0.0003,1e-06,True,0.8,"[1, 3]",[2],[0.68794326 2.1920904  0.91725768],0.02,1.0,0.11508,2.37729,0.45455,0.32778,"[0.58333, 0.0, 0.4]",67,0.16949,2.91774,0.36364,0.35091,"[0.44444, 0.28571, 0.32258]",52,COMPLETED,2.772
319,20260105_012548,OUMVLP_concat.csv,Preset_14,MLP,42,74,"[512, 512, 256]",mean,L2,64,3,768,relu,0.25,RMSprop,,0.0003,1e-06,True,0.8,"[1, 3]",[2],[0.68794326 2.1920904  0.91725768],0.02,1.0,0.10576,1.60483,0.5,0.48168,"[0.5641, 0.38095, 0.5]",162,0.11625,1.58787,0.63636,0.5882,"[0.75556, 0.47059, 0.53846]",160,COMPLETED,6.67
320,20260105_012548,OUMVLP_mean.csv,Preset_14,MLP,42,58,"[512, 512, 256]",mean,L2,64,3,768,relu,0.25,RMSprop,,0.0003,1e-06,True,0.8,"[1, 3]",[2],[0.68794326 2.1920904  0.91725768],0.02,1.0,0.11539,2.08465,0.52273,0.496,"[0.59459, 0.27273, 0.62069]",226,0.15108,1.64195,0.61364,0.5541,"[0.64865, 0.36364, 0.65]",190,COMPLETED,9.05

321,20260105_012548,GREW_concat.csv,Preset_15,MLP,42,189,"[1024, 256, 128]",mean,minmax,48,3,1024,gelu,0.4,AdamW,,0.0001,5e-06,True,0.9,[2],"[1, 3]",[0.68794326 2.1920904  0.91725768],0.02,1.0,0.11775,1.82129,0.52273,0.42274,"[0.64, 0.16667, 0.46154]",97,0.13005,2.03266,0.54545,0.44608,"[0.65306, 0.16667, 0.51852]",62,COMPLETED,4.999
322,20260105_012548,GREW_mean.csv,Preset_15,MLP,42,112,"[1024, 256, 128]",mean,minmax,48,3,1024,gelu,0.4,AdamW,,0.0001,5e-06,True,0.9,[2],"[1, 3]",[0.68794326 2.1920904  0.91725768],0.02,1.0,0.1181,2.41649,0.40909,0.31638,"[0.51163, 0.0, 0.4375]",151,0.34978,1.86751,0.45455,0.37729,"[0.56522, 0.16667, 0.4]",50,COMPLETED,7.249
323,20260105_012548,OUMVLP_concat.csv,Preset_15,MLP,42,171,"[1024, 256, 128]",mean,minmax,48,3,1024,gelu,0.4,AdamW,,0.0001,5e-06,True,0.9,[2],"[1, 3]",[0.68794326 2.1920904  0.91725768],0.02,1.0,0.11805,1.43325,0.5,0.42483,"[0.55814, 0.15385, 0.5625]",108,0.14234,1.60016,0.54545,0.51505,"[0.5641, 0.375, 0.60606]",61,COMPLETED,5.461
324,20260105_012548,OUMVLP_mean.csv,Preset_15,MLP,42,88,"[1024, 256, 128]",mean,minmax,48,3,1024,gelu,0.4,AdamW,,0.0001,5e-06,True,0.9,[2],"[1, 3]",[0.68794326 2.1920904  0.91725768],0.02,1.0,0.11917,1.50184,0.56818,0.5276,"[0.66667, 0.4, 0.51613]",173,0.11801,1.48329,0.61364,0.56306,"[0.72727, 0.42857, 0.53333]",171,COMPLETED,8.404

325,20260105_012548,GREW_concat.csv,Preset_16,MLP,42,143,"[320, 160, 80]",max,L2,96,3,512,tanh,0.3,Adam,,0.0002,0.0,True,0.9,"[1, 2, 3]","[1, 2, 3]",[0.68794326 2.1920904  0.91725768],0.02,1.0,0.11492,2.44767,0.43182,0.3747,"[0.46512, 0.14286, 0.51613]",384,0.17413,2.37759,0.5,0.42808,"[0.51282, 0.14286, 0.62857]",267,COMPLETED,12.031
326,20260105_012548,GREW_mean.csv,Preset_16,MLP,42,139,"[320, 160, 80]",max,L2,96,3,512,tanh,0.3,Adam,,0.0002,0.0,True,0.9,"[1, 2, 3]","[1, 2, 3]",[0.68794326 2.1920904  0.91725768],0.02,1.0,0.11653,2.34794,0.43182,0.37163,"[0.47619, 0.15385, 0.48485]",382,0.58024,1.58602,0.52273,0.44086,"[0.54054, 0.16667, 0.61538]",91,COMPLETED,11.863
327,20260105_012548,OUMVLP_concat.csv,Preset_16,MLP,42,153,"[320, 160, 80]",max,L2,96,3,512,tanh,0.3,Adam,,0.0002,0.0,True,0.9,"[1, 2, 3]","[1, 2, 3]",[0.68794326 2.1920904  0.91725768],0.02,1.0,0.11979,2.58501,0.43182,0.39048,"[0.5, 0.1, 0.57143]",510,0.36584,1.9968,0.52273,0.47609,"[0.58537, 0.22222, 0.62069]",213,COMPLETED,15.811
328,20260105_012548,OUMVLP_mean.csv,Preset_16,MLP,42,114,"[320, 160, 80]",max,L2,96,3,512,tanh,0.3,Adam,,0.0002,0.0,True,0.9,"[1, 2, 3]","[1, 2, 3]",[0.68794326 2.1920904  0.91725768],0.02,1.0,0.11467,2.38444,0.5,0.3856,"[0.58537, 0.0, 0.57143]",738,0.1943,2.43362,0.5,0.42626,"[0.6, 0.13333, 0.54545]",518,COMPLETED,22.501

329,20260105_012548,GREW_concat.csv,Preset_17,MLP,42,189,"[1024, 512, 256, 128]",mean,minmax,48,4,1024,gelu,0.3,AdamW,,8e-05,1e-05,True,0.9,"[2, 4]","[1, 2, 3]",[0.68794326 2.1920904  0.91725768],0.02,1.0,0.11128,2.06616,0.56818,0.45085,"[0.70588, 0.16667, 0.48]",63,0.11346,2.03743,0.56818,0.45138,"[0.69231, 0.18182, 0.48]",62,COMPLETED,3.328
330,20260105_012548,GREW_mean.csv,Preset_17,MLP,42,112,"[1024, 512, 256, 128]",mean,minmax,48,4,1024,gelu,0.3,AdamW,,8e-05,1e-05,True,0.9,"[2, 4]","[1, 2, 3]",[0.68794326 2.1920904  0.91725768],0.02,1.0,0.10935,2.81202,0.43182,0.32361,"[0.53333, 0.0, 0.4375]",114,0.48504,1.54374,0.40909,0.38616,"[0.43902, 0.30769, 0.41176]",29,COMPLETED,5.61
331,20260105_012548,OUMVLP_concat.csv,Preset_17,MLP,42,171,"[1024, 512, 256, 128]",mean,minmax,48,4,1024,gelu,0.3,AdamW,,8e-05,1e-05,True,0.9,"[2, 4]","[1, 2, 3]",[0.68794326 2.1920904  0.91725768],0.02,1.0,0.11388,1.41103,0.52273,0.47612,"[0.53659, 0.28571, 0.60606]",68,0.14956,1.18912,0.63636,0.60227,"[0.68182, 0.5, 0.625]",47,COMPLETED,3.676
332,20260105_012548,OUMVLP_mean.csv,Preset_17,MLP,42,88,"[1024, 512, 256, 128]",mean,minmax,48,4,1024,gelu,0.3,AdamW,,8e-05,1e-05,True,0.9,"[2, 4]","[1, 2, 3]",[0.68794326 2.1920904  0.91725768],0.02,1.0,0.11614,1.95481,0.54545,0.48673,"[0.63636, 0.30769, 0.51613]",135,0.12931,1.84298,0.61364,0.57213,"[0.72727, 0.47059, 0.51852]",121,COMPLETED,7.028

333,20260105_012548,GREW_concat.csv,Preset_18,MLP,42,121,"[1536, 1024, 512]",mean,minmax,32,3,1024,silu,0.35,AdamW,,8e-05,1e-06,True,0.8,[2],"[1, 2]",[0.68794326 2.1920904  0.91725768],0.02,1.0,0.11665,1.47457,0.5,0.40687,"[0.625, 0.18182, 0.41379]",87,0.1247,1.64878,0.54545,0.47237,"[0.68085, 0.30769, 0.42857]",70,COMPLETED,6.046
334,20260105_012548,GREW_mean.csv,Preset_18,MLP,42,69,"[1536, 1024, 512]",mean,minmax,32,3,1024,silu,0.35,AdamW,,8e-05,1e-06,True,0.8,[2],"[1, 2]",[0.68794326 2.1920904  0.91725768],0.02,1.0,0.11953,1.79389,0.52273,0.43913,"[0.63415, 0.15385, 0.52941]",189,0.12701,1.93836,0.54545,0.45869,"[0.66667, 0.15385, 0.55556]",123,COMPLETED,12.324
335,20260105_012548,OUMVLP_concat.csv,Preset_18,MLP,42,98,"[1536, 1024, 512]",mean,minmax,32,3,1024,silu,0.35,AdamW,,8e-05,1e-06,True,0.8,[2],"[1, 2]",[0.68794326 2.1920904  0.91725768],0.02,1.0,0.11863,1.12291,0.59091,0.52974,"[0.63636, 0.30769, 0.64516]",114,0.12791,1.25292,0.68182,0.60193,"[0.73913, 0.33333, 0.73333]",84,COMPLETED,7.489
336,20260105_012548,OUMVLP_mean.csv,Preset_18,MLP,42,46,"[1536, 1024, 512]",mean,minmax,32,3,1024,silu,0.35,AdamW,,8e-05,1e-06,True,0.8,[2],"[1, 2]",[0.68794326 2.1920904  0.91725768],0.02,1.0,0.11814,1.5186,0.54545,0.49238,"[0.58537, 0.28571, 0.60606]",312,0.15086,1.79049,0.59091,0.55975,"[0.68293, 0.38095, 0.61538]",154,COMPLETED,19.825

337,20260105_123949,GREW_concat.csv,Preset_1,MLP,42,84,"[512, 384, 256, 192, 128]",mean,L2,64,5,768,leakyrelu,0.2,Adam,,0.00015,5e-06,True,0.8,"[2, 4]","[1, 3, 5]",[0.68794326 2.1920904  0.91725768],0.02,1.0,0.10486,2.26425,0.47727,0.35648,"[0.625, 0.0, 0.44444]",290,0.1401,2.50794,0.5,0.45417,"[0.55, 0.25, 0.5625]",197,COMPLETED,16.537
338,20260105_123949,GREW_mean.csv,Preset_1,MLP,42,84,"[512, 384, 256, 192, 128]",mean,L2,64,5,768,leakyrelu,0.2,Adam,,0.00015,5e-06,True,0.8,"[2, 4]","[1, 3, 5]",[0.68794326 2.1920904  0.91725768],0.02,1.0,0.11432,2.81136,0.38636,0.33802,"[0.39024, 0.16667, 0.45714]",317,0.20636,2.07267,0.52273,0.42608,"[0.62745, 0.22222, 0.42857]",163,COMPLETED,18.671
339,20260105_123949,OUMVLP_concat.csv,Preset_1,MLP,42,74,"[512, 384, 256, 192, 128]",mean,L2,64,5,768,leakyrelu,0.2,Adam,,0.00015,5e-06,True,0.8,"[2, 4]","[1, 3, 5]",[0.68794326 2.1920904  0.91725768],0.02,1.0,0.11503,1.92159,0.52273,0.42959,"[0.65217, 0.15385, 0.48276]",895,0.2278,1.97352,0.63636,0.5834,"[0.7907, 0.42105, 0.53846]",538,STOPPED,50.24
340,20260105_123949,OUMVLP_mean.csv,Preset_1,MLP,42,58,"[512, 384, 256, 192, 128]",mean,L2,64,5,768,leakyrelu,0.2,Adam,,0.00015,5e-06,True,0.8,"[2, 4]","[1, 3, 5]",[0.68794326 2.1920904  0.91725768],0.02,1.0,0.12139,1.75769,0.56818,0.50496,"[0.66667, 0.28571, 0.5625]",865,0.20022,1.79241,0.63636,0.58532,"[0.71429, 0.375, 0.66667]",611,STOPPED,49.255

341,20260105_123949,GREW_concat.csv,Preset_2,MLP,42,213,"[256, 256, 256, 256]",max,minmax,80,4,512,elu,0.4,AdamW,,0.0002,1e-06,True,0.9,"[1, 2, 3, 4]","[1, 2, 3, 4]",[0.68794326 2.1920904  0.91725768],0.02,1.0,0.11724,3.70227,0.31818,0.21795,"[0.5, 0.0, 0.15385]",200,0.74658,1.52632,0.40909,0.35175,"[0.52381, 0.11765, 0.41379]",20,COMPLETED,9.254
342,20260105_123949,GREW_mean.csv,Preset_2,MLP,42,140,"[256, 256, 256, 256]",max,minmax,80,4,512,elu,0.4,AdamW,,0.0002,1e-06,True,0.9,"[1, 2, 3, 4]","[1, 2, 3, 4]",[0.68794326 2.1920904  0.91725768],0.02,1.0,0.11337,2.57985,0.36364,0.27718,"[0.44444, 0.0, 0.3871]",484,0.13577,2.38028,0.45455,0.38938,"[0.5, 0.15385, 0.51429]",404,COMPLETED,19.668
343,20260105_123949,OUMVLP_concat.csv,Preset_2,MLP,42,178,"[256, 256, 256, 256]",max,minmax,80,4,512,elu,0.4,AdamW,,0.0002,1e-06,True,0.9,"[1, 2, 3, 4]","[1, 2, 3, 4]",[0.68794326 2.1920904  0.91725768],0.02,1.0,0.11852,1.9757,0.52273,0.39491,"[0.62222, 0.0, 0.5625]",294,0.19349,1.79909,0.5,0.42342,"[0.55814, 0.16667, 0.54545]",140,COMPLETED,13.213
344,20260105_123949,OUMVLP_mean.csv,Preset_2,MLP,42,107,"[256, 256, 256, 256]",max,minmax,80,4,512,elu,0.4,AdamW,,0.0002,1e-06,True,0.9,"[1, 2, 3, 4]","[1, 2, 3, 4]",[0.68794326 2.1920904  0.91725768],0.02,1.0,0.11915,2.40823,0.40909,0.34261,"[0.55814, 0.16667, 0.30303]",649,0.15841,2.59333,0.47727,0.39899,"[0.59091, 0.18182, 0.42424]",334,COMPLETED,27.553

345,20260105_123949,GREW_concat.csv,Preset_3,MLP,42,146,"[2048, 1024, 512, 256]",max,minmax,24,4,1024,gelu,0.2,AdamW,,5e-05,1e-05,True,0.8,[2],"[1, 2]",[0.68794326 2.1920904  0.91725768],0.02,1.0,0.11281,2.35373,0.40909,0.34698,"[0.5, 0.15385, 0.3871]",26,0.11916,2.32972,0.43182,0.36806,"[0.5, 0.16667, 0.4375]",23,COMPLETED,3.085
346,20260105_123949,GREW_mean.csv,Preset_3,MLP,42,101,"[2048, 1024, 512, 256]",max,minmax,24,4,1024,gelu,0.2,AdamW,,5e-05,1e-05,True,0.8,[2],"[1, 2]",[0.68794326 2.1920904  0.91725768],0.02,1.0,0.1129,1.62964,0.43182,0.32544,"[0.45, 0.0, 0.52632]",32,0.15398,1.71773,0.47727,0.4037,"[0.44444, 0.16667, 0.6]",19,COMPLETED,3.678
347,20260105_123949,OUMVLP_concat.csv,Preset_3,MLP,42,103,"[2048, 1024, 512, 256]",max,minmax,24,4,1024,gelu,0.2,AdamW,,5e-05,1e-05,True,0.8,[2],"[1, 2]",[0.68794326 2.1920904  0.91725768],0.02,1.0,0.11704,1.60008,0.47727,0.39952,"[0.56522, 0.16667, 0.46667]",35,0.11412,1.63041,0.54545,0.49376,"[0.58537, 0.30769, 0.58824]",34,COMPLETED,4.332
348,20260105_123949,OUMVLP_mean.csv,Preset_3,MLP,42,65,"[2048, 1024, 512, 256]",max,minmax,24,4,1024,gelu,0.2,AdamW,,5e-05,1e-05,True,0.8,[2],"[1, 2]",[0.68794326 2.1920904  0.91725768],0.02,1.0,0.1195,1.97097,0.43182,0.37682,"[0.51282, 0.11765, 0.5]",51,0.70278,1.27782,0.43182,0.3988,"[0.46154, 0.25, 0.48485]",9,COMPLETED,6.227

349,20260105_123949,GREW_concat.csv,Preset_4,MLP,42,768,"[256, 128, 64]",mean,L2,192,3,256,leakyrelu,0.25,SGD,0.9,0.0006,0.0,False,0.0,"[1, 2]","[1, 2]",[0.68794326 2.1920904  0.91725768],0.02,1.0,0.25339,1.4296,0.40909,0.3119,"[0.46512, 0.0, 0.47059]",2449,0.69816,1.12201,0.5,0.43994,"[0.6087, 0.26667, 0.44444]",1034,STOPPED,65.439
350,20260105_123949,GREW_mean.csv,Preset_4,MLP,42,256,"[256, 128, 64]",mean,L2,192,3,256,leakyrelu,0.25,SGD,0.9,0.0006,0.0,False,0.0,"[1, 2]","[1, 2]",[0.68794326 2.1920904  0.91725768],0.02,1.0,1.10261,1.08109,0.45455,0.20833,"[0.625, 0.0, 0.0]",284,1.10261,1.08109,0.45455,0.20833,"[0.625, 0.0, 0.0]",284,STOPPED,7.721
351,20260105_123949,OUMVLP_concat.csv,Preset_4,MLP,42,1024,"[256, 128, 64]",mean,L2,192,3,256,leakyrelu,0.25,SGD,0.9,0.0006,0.0,False,0.0,"[1, 2]","[1, 2]",[0.68794326 2.1920904  0.91725768],0.02,1.0,1.10797,1.09362,0.54545,0.34583,"[0.68966, 0.0, 0.34783]",340,1.10797,1.09362,0.54545,0.34583,"[0.68966, 0.0, 0.34783]",340,STOPPED,8.412
352,20260105_123949,OUMVLP_mean.csv,Preset_4,MLP,42,256,"[256, 128, 64]",mean,L2,192,3,256,leakyrelu,0.25,SGD,0.9,0.0006,0.0,False,0.0,"[1, 2]","[1, 2]",[0.68794326 2.1920904  0.91725768],0.02,1.0,1.10633,1.08219,0.47727,0.21538,"[0.64615, 0.0, 0.0]",220,1.10633,1.08219,0.47727,0.21538,"[0.64615, 0.0, 0.0]",220,STOPPED,6.15

353,20260105_123949,GREW_concat.csv,Preset_5,MLP,42,175,"[384, 384, 192]",max,minmax,96,3,512,gelu,0.3,SGD,0.0,0.00018,1e-06,True,0.85,[2],"[1, 2]",[0.68794326 2.1920904  0.91725768],0.02,1.0,1.09921,1.11365,0.29545,0.29159,"[0.34483, 0.14286, 0.3871]",370,1.09921,1.11365,0.29545,0.29159,"[0.34483, 0.14286, 0.3871]",370,STOPPED,13.082
354,20260105_123949,GREW_mean.csv,Preset_5,MLP,42,118,"[384, 384, 192]",max,minmax,96,3,512,gelu,0.3,SGD,0.0,0.00018,1e-06,True,0.85,[2],"[1, 2]",[0.68794326 2.1920904  0.91725768],0.02,1.0,1.10119,1.11633,0.31818,0.29477,"[0.48485, 0.08696, 0.3125]",382,1.10119,1.11633,0.31818,0.29477,"[0.48485, 0.08696, 0.3125]",382,STOPPED,13.575
355,20260105_123949,OUMVLP_concat.csv,Preset_5,MLP,42,135,"[384, 384, 192]",max,minmax,96,3,512,gelu,0.3,SGD,0.0,0.00018,1e-06,True,0.85,[2],"[1, 2]",[0.68794326 2.1920904  0.91725768],0.02,1.0,1.08596,1.0992,0.40909,0.31508,"[0.43243, 0.0, 0.51282]",544,1.08596,1.0992,0.40909,0.31508,"[0.43243, 0.0, 0.51282]",544,STOPPED,17.89
356,20260105_123949,OUMVLP_mean.csv,Preset_5,MLP,42,83,"[384, 384, 192]",max,minmax,96,3,512,gelu,0.3,SGD,0.0,0.00018,1e-06,True,0.85,[2],"[1, 2]",[0.68794326 2.1920904  0.91725768],0.02,1.0,1.09758,1.09162,0.34091,0.32409,"[0.35294, 0.18182, 0.4375]",384,1.09758,1.09162,0.34091,0.32409,"[0.35294, 0.18182, 0.4375]",384,STOPPED,13.685

357,20260105_123949,GREW_concat.csv,Preset_6,MLP,42,103,"[512, 256, 256]",mean,L2,96,3,512,silu,0.35,AdamW,,0.00012,5e-06,True,0.85,"[1, 3]",[2],[0.68794326 2.1920904  0.91725768],0.02,1.0,0.11522,2.26599,0.29545,0.26338,"[0.37838, 0.11765, 0.29412]",304,0.68027,1.28758,0.5,0.42029,"[0.59091, 0.15385, 0.51613]",58,COMPLETED,10.545
358,20260105_123949,GREW_mean.csv,Preset_6,MLP,42,102,"[512, 256, 256]",mean,L2,96,3,512,silu,0.35,AdamW,,0.00012,5e-06,True,0.85,"[1, 3]",[2],[0.68794326 2.1920904  0.91725768],0.02,1.0,0.11516,2.72823,0.29545,0.26073,"[0.41026, 0.10526, 0.26667]",301,0.282,2.08828,0.43182,0.38605,"[0.55814, 0.26667, 0.33333]",185,COMPLETED,10.669
359,20260105_123949,OUMVLP_concat.csv,Preset_6,MLP,42,100,"[512, 256, 256]",mean,L2,96,3,512,silu,0.35,AdamW,,0.00012,5e-06,True,0.85,"[1, 3]",[2],[0.68794326 2.1920904  0.91725768],0.02,1.0,0.1167,2.33914,0.47727,0.41217,"[0.5, 0.22222, 0.51429]",713,0.35655,1.7282,0.56818,0.46641,"[0.68085, 0.16667, 0.55172]",404,COMPLETED,26.074
360,20260105_123949,OUMVLP_mean.csv,Preset_6,MLP,42,77,"[512, 256, 256]",mean,L2,96,3,512,silu,0.35,AdamW,,0.00012,5e-06,True,0.85,"[1, 3]",[2],[0.68794326 2.1920904  0.91725768],0.02,1.0,0.11932,2.11752,0.38636,0.35932,"[0.47368, 0.19048, 0.41379]",824,0.26296,1.53724,0.54545,0.46346,"[0.63636, 0.13333, 0.62069]",466,COMPLETED,28.643

361,20260105_123949,GREW_concat.csv,Preset_7,MLP,42,151,"[896, 448]",mean,minmax,64,2,896,gelu,0.3,AdamW,,0.0001,1e-06,True,0.85,[1],[1],[0.68794326 2.1920904  0.91725768],0.02,1.0,0.1165,1.46633,0.54545,0.45267,"[0.68182, 0.14286, 0.53333]",107,0.12165,1.62728,0.54545,0.46969,"[0.68085, 0.26667, 0.46154]",81,COMPLETED,4.487
362,20260105_123949,GREW_mean.csv,Preset_7,MLP,42,88,"[896, 448]",mean,minmax,64,2,896,gelu,0.3,AdamW,,0.0001,1e-06,True,0.85,[1],[1],[0.68794326 2.1920904  0.91725768],0.02,1.0,0.11893,1.77281,0.45455,0.34734,"[0.57143, 0.0, 0.47059]",208,0.12689,1.8441,0.47727,0.40436,"[0.58537, 0.14286, 0.48485]",151,COMPLETED,9.789
363,20260105_123949,OUMVLP_concat.csv,Preset_7,MLP,42,129,"[896, 448]",mean,minmax,64,2,896,gelu,0.3,AdamW,,0.0001,1e-06,True,0.85,[1],[1],[0.68794326 2.1920904  0.91725768],0.02,1.0,0.11879,1.30112,0.5,0.4616,"[0.5641, 0.2, 0.62069]",129,0.12123,1.31118,0.52273,0.49493,"[0.5641, 0.3, 0.62069]",97,COMPLETED,4.974
364,20260105_123949,OUMVLP_mean.csv,Preset_7,MLP,42,63,"[896, 448]",mean,minmax,64,2,896,gelu,0.3,AdamW,,0.0001,1e-06,True,0.85,[1],[1],[0.68794326 2.1920904  0.91725768],0.02,1.0,0.11957,1.20216,0.56818,0.52381,"[0.7, 0.3, 0.57143]",309,0.13393,1.11685,0.63636,0.58515,"[0.75, 0.31579, 0.68966]",171,COMPLETED,11.719

365,20260105_123949,GREW_concat.csv,Preset_8,MLP,42,151,"[768, 384]",mean,minmax,64,2,768,elu,0.45,RMSprop,,0.00012,1e-06,True,0.85,"[1, 2]","[1, 2]",[0.68794326 2.1920904  0.91725768],0.02,1.0,0.1198,1.97676,0.5,0.40787,"[0.65217, 0.14286, 0.42857]",415,0.2798,2.0499,0.52273,0.42959,"[0.65217, 0.15385, 0.48276]",67,COMPLETED,19.318
366,20260105_123949,GREW_mean.csv,Preset_8,MLP,42,88,"[768, 384]",mean,minmax,64,2,768,elu,0.45,RMSprop,,0.00012,1e-06,True,0.85,"[1, 2]","[1, 2]",[0.68794326 2.1920904  0.91725768],0.02,1.0,0.11868,2.21809,0.38636,0.29986,"[0.4878, 0.0, 0.41176]",983,0.58939,1.58841,0.47727,0.4069,"[0.52632, 0.15385, 0.54054]",66,STOPPED,43.394
367,20260105_123949,OUMVLP_concat.csv,Preset_8,MLP,42,129,"[768, 384]",mean,minmax,64,2,768,elu,0.45,RMSprop,,0.00012,1e-06,True,0.85,"[1, 2]","[1, 2]",[0.68794326 2.1920904  0.91725768],0.02,1.0,0.11938,1.34593,0.59091,0.45139,"[0.66667, 0.0, 0.6875]",543,0.1511,1.52812,0.68182,0.63826,"[0.72727, 0.5, 0.6875]",260,COMPLETED,24.553
368,20260105_123949,OUMVLP_mean.csv,Preset_8,MLP,42,63,"[768, 384]",mean,minmax,64,2,768,elu,0.45,RMSprop,,0.00012,1e-06,True,0.85,"[1, 2]","[1, 2]",[0.68794326 2.1920904  0.91725768],0.02,1.0,0.14023,1.37874,0.54545,0.50137,"[0.65116, 0.35294, 0.5]",795,0.41401,1.09894,0.63636,0.58929,"[0.71429, 0.42857, 0.625]",211,STOPPED,34.628

369,20260105_123949,GREW_concat.csv,Preset_9,MLP,42,151,"[512, 320, 192, 128]",mean,minmax,96,4,512,gelu,0.3,Adam,,0.0002,1e-06,True,0.85,"[2, 3]","[1, 2, 3]",[0.68794326 2.1920904  0.91725768],0.02,1.0,0.11636,2.26798,0.45455,0.36957,"[0.6087, 0.16667, 0.33333]",113,0.13556,2.38785,0.5,0.41351,"[0.63636, 0.16667, 0.4375]",77,COMPLETED,4.222
370,20260105_123949,GREW_mean.csv,Preset_9,MLP,42,88,"[512, 320, 192, 128]",mean,minmax,96,4,512,gelu,0.3,Adam,,0.0002,1e-06,True,0.85,"[2, 3]","[1, 2, 3]",[0.68794326 2.1920904  0.91725768],0.02,1.0,0.118,2.77802,0.45455,0.38782,"[0.55, 0.14286, 0.47059]",201,0.45457,1.82814,0.47727,0.43572,"[0.53659, 0.28571, 0.48485]",42,COMPLETED,8.441
371,20260105_123949,OUMVLP_concat.csv,Preset_9,MLP,42,129,"[512, 320, 192, 128]",mean,minmax,96,4,512,gelu,0.3,Adam,,0.0002,1e-06,True,0.85,"[2, 3]","[1, 2, 3]",[0.68794326 2.1920904  0.91725768],0.02,1.0,0.1195,1.51628,0.61364,0.5101,"[0.68182, 0.18182, 0.66667]",123,0.25361,1.12847,0.72727,0.67925,"[0.78261, 0.54545, 0.70968]",38,COMPLETED,4.927
372,20260105_123949,OUMVLP_mean.csv,Preset_9,MLP,42,63,"[512, 320, 192, 128]",mean,minmax,96,4,512,gelu,0.3,Adam,,0.0002,1e-06,True,0.85,"[2, 3]","[1, 2, 3]",[0.68794326 2.1920904  0.91725768],0.02,1.0,0.11175,1.59245,0.59091,0.55039,"[0.65116, 0.4, 0.6]",286,0.21317,1.46673,0.65909,0.61681,"[0.66667, 0.46154, 0.72222]",103,COMPLETED,11.429

373,20260105_123949,GREW_concat.csv,Preset_10,MLP,42,120,"[640, 320, 160]",max,L2,96,3,768,silu,0.25,Adam,,0.00022,1e-06,True,0.85,[2],"[1, 2]",[0.68794326 2.1920904  0.91725768],0.02,1.0,0.1195,2.16262,0.45455,0.38959,"[0.51163, 0.2, 0.45714]",320,0.13847,2.50121,0.5,0.42571,"[0.53659, 0.2, 0.54054]",252,COMPLETED,11.736
374,20260105_123949,GREW_mean.csv,Preset_10,MLP,42,117,"[640, 320, 160]",max,L2,96,3,768,silu,0.25,Adam,,0.00022,1e-06,True,0.85,[2],"[1, 2]",[0.68794326 2.1920904  0.91725768],0.02,1.0,0.11654,2.24532,0.38636,0.33932,"[0.39024, 0.14286, 0.48485]",347,0.54003,1.85343,0.47727,0.43524,"[0.44444, 0.26667, 0.59459]",131,COMPLETED,11.629
375,20260105_123949,OUMVLP_concat.csv,Preset_10,MLP,42,115,"[640, 320, 160]",max,L2,96,3,768,silu,0.25,Adam,,0.00022,1e-06,True,0.85,[2],"[1, 2]",[0.68794326 2.1920904  0.91725768],0.02,1.0,0.11654,2.16802,0.52273,0.46165,"[0.66667, 0.26667, 0.45161]",600,0.15377,2.77511,0.54545,0.50912,"[0.68293, 0.4, 0.44444]",497,COMPLETED,21.548
376,20260105_123949,OUMVLP_mean.csv,Preset_10,MLP,42,90,"[640, 320, 160]",max,L2,96,3,768,silu,0.25,Adam,,0.00022,1e-06,True,0.85,[2],"[1, 2]",[0.68794326 2.1920904  0.91725768],0.02,1.0,0.11923,2.67611,0.36364,0.31786,"[0.42857, 0.125, 0.4]",748,0.49381,2.4046,0.43182,0.37631,"[0.4878, 0.125, 0.51613]",384,COMPLETED,26.265

377,20260105_123949,GREW_concat.csv,Preset_11,MLP,42,151,"[896, 512, 256]",mean,minmax,48,3,896,leakyrelu,0.4,AdamW,,9e-05,5e-06,True,0.85,[2],"[1, 2]",[0.68794326 2.1920904  0.91725768],0.02,1.0,0.11625,1.86454,0.47727,0.35795,"[0.63636, 0.0, 0.4375]",125,0.13283,1.94575,0.52273,0.42109,"[0.68085, 0.15385, 0.42857]",106,COMPLETED,7.468
378,20260105_123949,GREW_mean.csv,Preset_11,MLP,42,88,"[896, 512, 256]",mean,minmax,48,3,896,leakyrelu,0.4,AdamW,,9e-05,5e-06,True,0.85,[2],"[1, 2]",[0.68794326 2.1920904  0.91725768],0.02,1.0,0.11864,2.41693,0.43182,0.31919,"[0.53333, 0.0, 0.42424]",219,0.73355,1.31041,0.45455,0.41604,"[0.51282, 0.23529, 0.5]",26,COMPLETED,11.542
379,20260105_123949,OUMVLP_concat.csv,Preset_11,MLP,42,129,"[896, 512, 256]",mean,minmax,48,3,896,leakyrelu,0.4,AdamW,,9e-05,5e-06,True,0.85,[2],"[1, 2]",[0.68794326 2.1920904  0.91725768],0.02,1.0,0.11883,1.3148,0.63636,0.52818,"[0.69565, 0.22222, 0.66667]",152,0.12319,1.31268,0.70455,0.62761,"[0.75556, 0.4, 0.72727]",126,COMPLETED,8.138
380,20260105_123949,OUMVLP_mean.csv,Preset_11,MLP,42,63,"[896, 512, 256]",mean,minmax,48,3,896,leakyrelu,0.4,AdamW,,9e-05,5e-06,True,0.85,[2],"[1, 2]",[0.68794326 2.1920904  0.91725768],0.02,1.0,0.1167,1.32752,0.54545,0.49615,"[0.6087, 0.36364, 0.51613]",336,0.12441,1.27036,0.63636,0.56815,"[0.69565, 0.36364, 0.64516]",271,COMPLETED,17.614

381,20260105_123949,GREW_concat.csv,Preset_12,MLP,42,768,"[192, 192, 192]",mean,L2,192,3,256,relu,0.2,AdamW,,0.00025,0.0,False,0.0,"[1, 2, 3]","[1, 2, 3]",[0.68794326 2.1920904  0.91725768],0.02,1.0,0.11247,1.66725,0.56818,0.41333,"[0.64, 0.0, 0.6]",483,0.14484,2.32358,0.5,0.48518,"[0.5625, 0.36364, 0.52941]",388,COMPLETED,13.911
382,20260105_123949,GREW_mean.csv,Preset_12,MLP,42,256,"[192, 192, 192]",mean,L2,192,3,256,relu,0.2,AdamW,,0.00025,0.0,False,0.0,"[1, 2, 3]","[1, 2, 3]",[0.68794326 2.1920904  0.91725768],0.02,1.0,0.11755,2.03761,0.5,0.36126,"[0.60377, 0.0, 0.48]",418,0.35048,1.4093,0.54545,0.49516,"[0.57778, 0.30769, 0.6]",126,COMPLETED,11.065
383,20260105_123949,OUMVLP_concat.csv,Preset_12,MLP,42,1024,"[192, 192, 192]",mean,L2,192,3,256,relu,0.2,AdamW,,0.00025,0.0,False,0.0,"[1, 2, 3]","[1, 2, 3]",[0.68794326 2.1920904  0.91725768],0.02,1.0,0.15086,2.13799,0.47727,0.44389,"[0.57143, 0.31579, 0.44444]",1365,0.2597,1.85159,0.54545,0.52326,"[0.61538, 0.42105, 0.53333]",616,STOPPED,40.22
384,20260105_123949,OUMVLP_mean.csv,Preset_12,MLP,42,256,"[192, 192, 192]",mean,L2,192,3,256,relu,0.2,AdamW,,0.00025,0.0,False,0.0,"[1, 2, 3]","[1, 2, 3]",[0.68794326 2.1920904  0.91725768],0.02,1.0,0.28479,2.03248,0.36364,0.33639,"[0.46154, 0.19048, 0.35714]",901,0.62392,1.18081,0.5,0.48496,"[0.52632, 0.42857, 0.5]",423,STOPPED,25.789

385,20260105_123949,GREW_concat.csv,Preset_13,MLP,42,121,"[1024, 1024, 512, 256]",mean,minmax,32,4,1024,gelu,0.25,AdamW,,7e-05,1e-05,True,0.8,"[2, 4]","[1, 2, 3]",[0.68794326 2.1920904  0.91725768],0.02,1.0,0.11244,2.17496,0.52273,0.37481,"[0.68, 0.0, 0.44444]",44,0.15272,2.01569,0.54545,0.46892,"[0.69565, 0.26667, 0.44444]",25,COMPLETED,3.99
386,20260105_123949,GREW_mean.csv,Preset_13,MLP,42,69,"[1024, 1024, 512, 256]",mean,minmax,32,4,1024,gelu,0.25,AdamW,,7e-05,1e-05,True,0.8,"[2, 4]","[1, 2, 3]",[0.68794326 2.1920904  0.91725768],0.02,1.0,0.11591,2.13139,0.54545,0.41907,"[0.65116, 0.0, 0.60606]",85,0.11453,1.98054,0.61364,0.46032,"[0.71429, 0.0, 0.66667]",79,COMPLETED,7.325
387,20260105_123949,OUMVLP_concat.csv,Preset_13,MLP,42,98,"[1024, 1024, 512, 256]",mean,minmax,32,4,1024,gelu,0.25,AdamW,,7e-05,1e-05,True,0.8,"[2, 4]","[1, 2, 3]",[0.68794326 2.1920904  0.91725768],0.02,1.0,0.11658,1.51414,0.59091,0.49447,"[0.63636, 0.2, 0.64706]",53,0.14337,1.39552,0.72727,0.63797,"[0.79167, 0.36364, 0.75862]",39,COMPLETED,4.784
388,20260105_123949,OUMVLP_mean.csv,Preset_13,MLP,42,46,"[1024, 1024, 512, 256]",mean,minmax,32,4,1024,gelu,0.25,AdamW,,7e-05,1e-05,True,0.8,"[2, 4]","[1, 2, 3]",[0.68794326 2.1920904  0.91725768],0.02,1.0,0.11659,1.66052,0.59091,0.50921,"[0.7234, 0.28571, 0.51852]",113,0.13065,1.59377,0.65909,0.60352,"[0.73913, 0.42857, 0.64286]",94,COMPLETED,9.005

389,20260105_123949,GREW_concat.csv,Preset_14,MLP,42,97,"[768, 768, 384, 192]",mean,minmax,48,4,768,gelu,0.35,Adam,,9e-05,1e-06,True,0.75,"[2, 3]","[1, 2, 3]",[0.68794326 2.1920904  0.91725768],0.02,1.0,0.1156,1.85193,0.5,0.34615,"[0.65385, 0.0, 0.38462]",142,0.17062,1.82062,0.54545,0.45278,"[0.625, 0.2, 0.53333]",71,COMPLETED,7.939
390,20260105_123949,GREW_mean.csv,Preset_14,MLP,42,55,"[768, 768, 384, 192]",mean,minmax,48,4,768,gelu,0.35,Adam,,9e-05,1e-06,True,0.75,"[2, 3]","[1, 2, 3]",[0.68794326 2.1920904  0.91725768],0.02,1.0,0.11782,1.95299,0.56818,0.4336,"[0.63415, 0.0, 0.66667]",274,0.13486,2.02866,0.63636,0.52854,"[0.68293, 0.2, 0.7027]",182,COMPLETED,16.3
391,20260105_123949,OUMVLP_concat.csv,Preset_14,MLP,42,73,"[768, 768, 384, 192]",mean,minmax,48,4,768,gelu,0.35,Adam,,9e-05,1e-06,True,0.75,"[2, 3]","[1, 2, 3]",[0.68794326 2.1920904  0.91725768],0.02,1.0,0.11575,1.29845,0.68182,0.63533,"[0.71111, 0.46154, 0.73333]",190,0.12643,1.36798,0.72727,0.68158,"[0.76596, 0.54545, 0.73333]",144,COMPLETED,11.388
392,20260105_123949,OUMVLP_mean.csv,Preset_14,MLP,42,32,"[768, 768, 384, 192]",mean,minmax,48,4,768,gelu,0.35,Adam,,9e-05,1e-06,True,0.75,"[2, 3]","[1, 2, 3]",[0.68794326 2.1920904  0.91725768],0.02,1.0,0.117,1.72784,0.54545,0.46892,"[0.69565, 0.26667, 0.44444]",480,0.12397,1.73118,0.61364,0.53766,"[0.72727, 0.28571, 0.6]",417,COMPLETED,28.317

393,20260105_123949,GREW_concat.csv,Preset_15,MLP,42,143,"[384, 256, 128]",max,L2,128,3,512,tanh,0.25,Adam,,0.00022,0.0,True,0.9,"[1, 2]","[1, 2]",[0.68794326 2.1920904  0.91725768],0.02,1.0,0.11539,2.38647,0.45455,0.39293,"[0.5, 0.13333, 0.54545]",274,0.12476,2.40044,0.47727,0.41036,"[0.5, 0.14286, 0.58824]",238,COMPLETED,8.591
394,20260105_123949,GREW_mean.csv,Preset_15,MLP,42,139,"[384, 256, 128]",max,L2,128,3,512,tanh,0.25,Adam,,0.00022,0.0,True,0.9,"[1, 2]","[1, 2]",[0.68794326 2.1920904  0.91725768],0.02,1.0,0.11523,1.85129,0.54545,0.45981,"[0.5641, 0.16667, 0.64865]",281,0.17406,2.12381,0.59091,0.49259,"[0.61111, 0.16667, 0.7]",197,COMPLETED,8.798
395,20260105_123949,OUMVLP_concat.csv,Preset_15,MLP,42,153,"[384, 256, 128]",max,L2,128,3,512,tanh,0.25,Adam,,0.00022,0.0,True,0.9,"[1, 2]","[1, 2]",[0.68794326 2.1920904  0.91725768],0.02,1.0,0.11707,2.71005,0.40909,0.38889,"[0.5, 0.16667, 0.5]",470,0.39407,2.39877,0.52273,0.47609,"[0.58537, 0.22222, 0.62069]",176,COMPLETED,15.741
396,20260105_123949,OUMVLP_mean.csv,Preset_15,MLP,42,114,"[384, 256, 128]",max,L2,128,3,512,tanh,0.25,Adam,,0.00022,0.0,True,0.9,"[1, 2]","[1, 2]",[0.68794326 2.1920904  0.91725768],0.02,1.0,0.11687,2.34937,0.40909,0.32044,"[0.52381, 0.0, 0.4375]",546,0.33175,2.31837,0.47727,0.41152,"[0.5641, 0.125, 0.54545]",367,COMPLETED,18.511

397,20260105_123949,GREW_concat.csv,Preset_16,MLP,42,189,"[512, 256, 128]",mean,minmax,96,3,512,leakyrelu,0.45,RMSprop,,0.00014,1e-06,True,0.9,[2],"[1, 2]",[0.68794326 2.1920904  0.91725768],0.02,1.0,0.1195,1.78621,0.52273,0.38611,"[0.625, 0.0, 0.53333]",136,0.14104,1.90756,0.54545,0.45285,"[0.625, 0.18182, 0.55172]",89,COMPLETED,4.499
398,20260105_123949,GREW_mean.csv,Preset_16,MLP,42,112,"[512, 256, 128]",mean,minmax,96,3,512,leakyrelu,0.45,RMSprop,,0.00014,1e-06,True,0.9,[2],"[1, 2]",[0.68794326 2.1920904  0.91725768],0.02,1.0,0.11983,2.41163,0.38636,0.28442,"[0.47826, 0.0, 0.375]",287,0.728,1.36516,0.40909,0.35288,"[0.4878, 0.13333, 0.4375]",28,COMPLETED,9.659
399,20260105_123949,OUMVLP_concat.csv,Preset_16,MLP,42,171,"[512, 256, 128]",mean,minmax,96,3,512,leakyrelu,0.45,RMSprop,,0.00014,1e-06,True,0.9,[2],"[1, 2]",[0.68794326 2.1920904  0.91725768],0.02,1.0,0.11878,1.54556,0.54545,0.48953,"[0.6383, 0.36364, 0.46667]",161,0.15338,1.5782,0.59091,0.58038,"[0.63636, 0.57143, 0.53333]",70,COMPLETED,6.088
400,20260105_123949,OUMVLP_mean.csv,Preset_16,MLP,42,88,"[512, 256, 128]",mean,minmax,96,3,512,leakyrelu,0.45,RMSprop,,0.00014,1e-06,True,0.9,[2],"[1, 2]",[0.68794326 2.1920904  0.91725768],0.02,1.0,0.11839,1.62703,0.56818,0.41057,"[0.68, 0.0, 0.55172]",363,0.12322,1.71709,0.59091,0.53434,"[0.65116, 0.36364, 0.58824]",295,COMPLETED,12.799
