id,timestamp,target_embedding,source_params,model,seed,input_dim,hidden_layers,pooling,norm,batch_size,num_layers,base_dim,activation,dropout_rate,optimizer,momentum_sgd,learning_rate,weight_decay,use_pca,pca_frac,norm_layer,do_layer,train_loss,accuracy,epochs_trained,f1_macro,best_f1,best_epoch,best_state_loss,training
170,20250827_193601,baseline_CASIAB.csv,Personalizado,MLP,42,31,"[512, 256, 128]",mean,L2,64,3,512,silu,0.5,Adam,,0.0001,0.0,True,0.7,[3],[3],0.09507,0.59091,5000,0.5584,0.62584,4581,0.14313,STOPPED
171,20250827_193601,baseline_OUMVLP.csv,Personalizado,MLP,42,26,"[512, 256, 128]",mean,L2,64,3,512,silu,0.5,Adam,,0.0001,0.0,True,0.7,[3],[3],0.19694,0.54545,5000,0.49308,0.57497,4573,0.18388,STOPPED
172,20250827_193601,gaitgl.csv,Personalizado,MLP,42,26,"[512, 256, 128]",mean,L2,64,3,512,silu,0.5,Adam,,0.0001,0.0,True,0.7,[3],[3],0.13722,0.29545,5000,0.23115,0.32741,3947,0.1936,STOPPED
173,20250827_193601,gaitgl_GREW.csv,Personalizado,MLP,42,57,"[512, 256, 128]",mean,L2,64,3,512,silu,0.5,Adam,,0.0001,0.0,True,0.7,[3],[3],0.02276,0.45455,5000,0.38866,0.45717,2806,0.12843,STOPPED
174,20250827_193601,gaitgl_GREW_BNNeck.csv,Personalizado,MLP,42,40,"[512, 256, 128]",mean,L2,64,3,512,silu,0.5,Adam,,0.0001,0.0,True,0.7,[3],[3],0.02238,0.43182,5000,0.37203,0.45285,4261,0.07133,STOPPED
175,20250827_193601,gaitgl_OUMVLP.csv,Personalizado,MLP,42,28,"[512, 256, 128]",mean,L2,64,3,512,silu,0.5,Adam,,0.0001,0.0,True,0.7,[3],[3],0.43763,0.40909,5000,0.39959,0.39959,5000,0.43763,STOPPED
176,20250827_193601,gaitpart_GREW.csv,Personalizado,MLP,42,47,"[512, 256, 128]",mean,L2,64,3,512,silu,0.5,Adam,,0.0001,0.0,True,0.7,[3],[3],0.04356,0.40909,5000,0.41041,0.57867,1900,0.19259,STOPPED
177,20250827_193601,gaitpart_OUMVLP.csv,Personalizado,MLP,42,39,"[512, 256, 128]",mean,L2,64,3,512,silu,0.5,Adam,,0.0001,0.0,True,0.7,[3],[3],0.17033,0.45455,5000,0.41821,0.48074,4811,0.19014,STOPPED
178,20250827_193601,gaitset.csv,Personalizado,MLP,42,22,"[512, 256, 128]",mean,L2,64,3,512,silu,0.5,Adam,,0.0001,0.0,True,0.7,[3],[3],0.28065,0.54545,5000,0.45845,0.45845,5000,0.28065,STOPPED
179,20250827_193601,gaitset_GREW.csv,Personalizado,MLP,42,49,"[512, 256, 128]",mean,L2,64,3,512,silu,0.5,Adam,,0.0001,0.0,True,0.7,[3],[3],0.02211,0.5,5000,0.48305,0.62283,3340,0.0688,STOPPED
180,20250827_193601,gaitset_OUMVLP.csv,Personalizado,MLP,42,34,"[512, 256, 128]",mean,L2,64,3,512,silu,0.5,Adam,,0.0001,0.0,True,0.7,[3],[3],0.21307,0.34091,5000,0.23389,0.33894,4693,0.18004,STOPPED
181,20250827_193601,gln_phase1.csv,Personalizado,MLP,42,30,"[512, 256, 128]",mean,L2,64,3,512,silu,0.5,Adam,,0.0001,0.0,True,0.7,[3],[3],0.1061,0.43182,5000,0.41071,0.49716,3874,0.16757,STOPPED
182,20250827_193601,gln_phase2.csv,Personalizado,MLP,42,33,"[512, 256, 128]",mean,L2,64,3,512,silu,0.5,Adam,,0.0001,0.0,True,0.7,[3],[3],0.08091,0.40909,5000,0.37054,0.42667,3237,0.17375,STOPPED

183,20250827_203929,baseline_CASIAB.csv,Personalizado,MLP,42,31,"[512, 256, 128]",mean,L2,64,3,512,elu,0.4,Adam,,0.0001,0.0,True,0.7,[2],[3],0.004,0.45455,964,0.39496,0.56941,589,0.07505,COMPLETED
184,20250827_203929,baseline_OUMVLP.csv,Personalizado,MLP,42,26,"[512, 256, 128]",mean,L2,64,3,512,elu,0.4,Adam,,0.0001,0.0,True,0.7,[2],[3],0.00445,0.5,1488,0.41919,0.47569,1454,0.09146,COMPLETED
185,20250827_203929,gaitgl.csv,Personalizado,MLP,42,26,"[512, 256, 128]",mean,L2,64,3,512,elu,0.4,Adam,,0.0001,0.0,True,0.7,[2],[3],0.0048,0.27273,1274,0.2037,0.31951,698,0.18966,COMPLETED
186,20250827_203929,gaitgl_GREW.csv,Personalizado,MLP,42,57,"[512, 256, 128]",mean,L2,64,3,512,elu,0.4,Adam,,0.0001,0.0,True,0.7,[2],[3],0.00425,0.31818,922,0.25387,0.37194,526,0.17061,COMPLETED
187,20250827_203929,gaitgl_GREW_BNNeck.csv,Personalizado,MLP,42,40,"[512, 256, 128]",mean,L2,64,3,512,elu,0.4,Adam,,0.0001,0.0,True,0.7,[2],[3],0.00431,0.43182,753,0.3287,0.43135,340,0.19287,COMPLETED
188,20250827_203929,gaitgl_OUMVLP.csv,Personalizado,MLP,42,28,"[512, 256, 128]",mean,L2,64,3,512,elu,0.4,Adam,,0.0001,0.0,True,0.7,[2],[3],0.00492,0.47727,4658,0.48597,0.58543,3635,0.07855,COMPLETED
189,20250827_203929,gaitpart_GREW.csv,Personalizado,MLP,42,47,"[512, 256, 128]",mean,L2,64,3,512,elu,0.4,Adam,,0.0001,0.0,True,0.7,[2],[3],0.00435,0.45455,839,0.3945,0.5265,728,0.01515,COMPLETED
190,20250827_203929,gaitpart_OUMVLP.csv,Personalizado,MLP,42,39,"[512, 256, 128]",mean,L2,64,3,512,elu,0.4,Adam,,0.0001,0.0,True,0.7,[2],[3],0.00477,0.47727,2135,0.35393,0.49393,1314,0.15603,COMPLETED
191,20250827_203929,gaitset.csv,Personalizado,MLP,42,22,"[512, 256, 128]",mean,L2,64,3,512,elu,0.4,Adam,,0.0001,0.0,True,0.7,[2],[3],0.00407,0.40909,1696,0.3261,0.44854,1587,0.16762,COMPLETED
192,20250827_203929,gaitset_GREW.csv,Personalizado,MLP,42,49,"[512, 256, 128]",mean,L2,64,3,512,elu,0.4,Adam,,0.0001,0.0,True,0.7,[2],[3],0.00466,0.38636,702,0.31026,0.51493,355,0.15723,COMPLETED
193,20250827_203929,gaitset_OUMVLP.csv,Personalizado,MLP,42,34,"[512, 256, 128]",mean,L2,64,3,512,elu,0.4,Adam,,0.0001,0.0,True,0.7,[2],[3],0.0037,0.45455,1900,0.34144,0.48815,1225,0.17862,COMPLETED
194,20250827_203929,gln_phase1.csv,Personalizado,MLP,42,30,"[512, 256, 128]",mean,L2,64,3,512,elu,0.4,Adam,,0.0001,0.0,True,0.7,[2],[3],0.00429,0.52273,1007,0.50635,0.56703,666,0.06387,COMPLETED
195,20250827_203929,gln_phase2.csv,Personalizado,MLP,42,33,"[512, 256, 128]",mean,L2,64,3,512,elu,0.4,Adam,,0.0001,0.0,True,0.7,[2],[3],0.00415,0.38636,924,0.33488,0.44339,425,0.19231,COMPLETED

196,20250828_151722,baseline_CASIAB.csv,Personalizado,MLP,42,49,"[512, 256, 128]",mean,minmax,128,3,512,leakyrelu,0.5,Adam,,0.001,1e-05,True,0.8,[1],[2],0.00378,0.52273,119,0.47465,0.53037,72,0.05782,COMPLETED
197,20250828_151722,baseline_OUMVLP.csv,Personalizado,MLP,42,47,"[512, 256, 128]",mean,minmax,128,3,512,leakyrelu,0.5,Adam,,0.001,1e-05,True,0.8,[1],[2],0.00445,0.52273,141,0.47919,0.56923,59,0.17531,COMPLETED
198,20250828_151722,gaitgl.csv,Personalizado,MLP,42,34,"[512, 256, 128]",mean,minmax,128,3,512,leakyrelu,0.5,Adam,,0.001,1e-05,True,0.8,[1],[2],0.00352,0.5,210,0.46714,0.55307,107,0.05912,COMPLETED
199,20250828_151722,gaitgl_GREW.csv,Personalizado,MLP,42,69,"[512, 256, 128]",mean,minmax,128,3,512,leakyrelu,0.5,Adam,,0.001,1e-05,True,0.8,[1],[2],0.00419,0.5,86,0.37879,0.39491,74,0.0141,COMPLETED
200,20250828_151722,gaitgl_GREW_BNNeck.csv,Personalizado,MLP,42,63,"[512, 256, 128]",mean,minmax,128,3,512,leakyrelu,0.5,Adam,,0.001,1e-05,True,0.8,[1],[2],0.00246,0.43182,97,0.32593,0.50051,71,0.01458,COMPLETED
201,20250828_151722,gaitgl_OUMVLP.csv,Personalizado,MLP,42,37,"[512, 256, 128]",mean,minmax,128,3,512,leakyrelu,0.5,Adam,,0.001,1e-05,True,0.8,[1],[2],0.00298,0.59091,199,0.55385,0.61573,95,0.10442,COMPLETED
202,20250828_151722,gaitpart_GREW.csv,Personalizado,MLP,42,70,"[512, 256, 128]",mean,minmax,128,3,512,leakyrelu,0.5,Adam,,0.001,1e-05,True,0.8,[1],[2],0.00469,0.47727,81,0.38478,0.48384,45,0.05632,COMPLETED
203,20250828_151722,gaitpart_OUMVLP.csv,Personalizado,MLP,42,58,"[512, 256, 128]",mean,minmax,128,3,512,leakyrelu,0.5,Adam,,0.001,1e-05,True,0.8,[1],[2],0.00349,0.59091,77,0.43728,0.54346,34,0.16985,COMPLETED
204,20250828_151722,gaitset.csv,Personalizado,MLP,42,40,"[512, 256, 128]",mean,minmax,128,3,512,leakyrelu,0.5,Adam,,0.001,1e-05,True,0.8,[1],[2],0.00246,0.43182,150,0.37642,0.42405,128,0.00475,COMPLETED
205,20250828_151722,gaitset_GREW.csv,Personalizado,MLP,42,72,"[512, 256, 128]",mean,minmax,128,3,512,leakyrelu,0.5,Adam,,0.001,1e-05,True,0.8,[1],[2],0.00448,0.47727,79,0.35,0.46877,37,0.09305,COMPLETED
206,20250828_151722,gaitset_OUMVLP.csv,Personalizado,MLP,42,55,"[512, 256, 128]",mean,minmax,128,3,512,leakyrelu,0.5,Adam,,0.001,1e-05,True,0.8,[1],[2],0.00361,0.47727,134,0.45833,0.4743,118,0.00418,COMPLETED
207,20250828_151722,gln_phase1.csv,Personalizado,MLP,42,52,"[512, 256, 128]",mean,minmax,128,3,512,leakyrelu,0.5,Adam,,0.001,1e-05,True,0.8,[1],[2],0.00257,0.45455,101,0.37834,0.52076,60,0.03563,COMPLETED
208,20250828_151722,gln_phase2.csv,Personalizado,MLP,42,56,"[512, 256, 128]",mean,minmax,128,3,512,leakyrelu,0.5,Adam,,0.001,1e-05,True,0.8,[1],[2],0.00248,0.36364,94,0.30266,0.4205,42,0.13377,COMPLETED

209,20250828_151907,baseline_CASIAB.csv,Personalizado,MLP,42,84,"[256, 128]",mean,minmax,64,2,256,leakyrelu,0.5,Adam,,0.001,1e-05,True,0.9,[1],[2],0.00352,0.43182,68,0.31533,0.44314,44,0.01642,COMPLETED
210,20250828_151907,baseline_OUMVLP.csv,Personalizado,MLP,42,82,"[256, 128]",mean,minmax,64,2,256,leakyrelu,0.5,Adam,,0.001,1e-05,True,0.9,[1],[2],0.00372,0.52273,67,0.44147,0.56931,49,0.00872,COMPLETED
211,20250828_151907,gaitgl.csv,Personalizado,MLP,42,59,"[256, 128]",mean,minmax,64,2,256,leakyrelu,0.5,Adam,,0.001,1e-05,True,0.9,[1],[2],0.00287,0.5,79,0.36424,0.44335,72,0.00499,COMPLETED
212,20250828_151907,gaitgl_GREW.csv,Personalizado,MLP,42,112,"[256, 128]",mean,minmax,64,2,256,leakyrelu,0.5,Adam,,0.001,1e-05,True,0.9,[1],[2],0.00365,0.34091,57,0.24164,0.30313,22,0.09035,COMPLETED
213,20250828_151907,gaitgl_GREW_BNNeck.csv,Personalizado,MLP,42,103,"[256, 128]",mean,minmax,64,2,256,leakyrelu,0.5,Adam,,0.001,1e-05,True,0.9,[1],[2],0.00343,0.45455,52,0.32841,0.34286,25,0.06801,COMPLETED
214,20250828_151907,gaitgl_OUMVLP.csv,Personalizado,MLP,42,78,"[256, 128]",mean,minmax,64,2,256,leakyrelu,0.5,Adam,,0.001,1e-05,True,0.9,[1],[2],0.00444,0.5,74,0.46407,0.60504,33,0.06426,COMPLETED
215,20250828_151907,gaitpart_GREW.csv,Personalizado,MLP,42,108,"[256, 128]",mean,minmax,64,2,256,leakyrelu,0.5,Adam,,0.001,1e-05,True,0.9,[1],[2],0.00233,0.52273,51,0.45397,0.52053,26,0.02386,COMPLETED
216,20250828_151907,gaitpart_OUMVLP.csv,Personalizado,MLP,42,95,"[256, 128]",mean,minmax,64,2,256,leakyrelu,0.5,Adam,,0.001,1e-05,True,0.9,[1],[2],0.0036,0.61364,50,0.45752,0.48356,37,0.0101,COMPLETED
217,20250828_151907,gaitset.csv,Personalizado,MLP,42,72,"[256, 128]",mean,minmax,64,2,256,leakyrelu,0.5,Adam,,0.001,1e-05,True,0.9,[1],[2],0.00326,0.43182,80,0.31849,0.46725,42,0.05004,COMPLETED
218,20250828_151907,gaitset_GREW.csv,Personalizado,MLP,42,112,"[256, 128]",mean,minmax,64,2,256,leakyrelu,0.5,Adam,,0.001,1e-05,True,0.9,[1],[2],0.00366,0.40909,51,0.3088,0.38617,36,0.01134,COMPLETED
219,20250828_151907,gaitset_OUMVLP.csv,Personalizado,MLP,42,93,"[256, 128]",mean,minmax,64,2,256,leakyrelu,0.5,Adam,,0.001,1e-05,True,0.9,[1],[2],0.0044,0.36364,60,0.27049,0.2986,32,0.03395,COMPLETED
220,20250828_151907,gln_phase1.csv,Personalizado,MLP,42,90,"[256, 128]",mean,minmax,64,2,256,leakyrelu,0.5,Adam,,0.001,1e-05,True,0.9,[1],[2],0.00326,0.52273,57,0.38481,0.5,34,0.01531,COMPLETED
221,20250828_151907,gln_phase2.csv,Personalizado,MLP,42,96,"[256, 128]",mean,minmax,64,2,256,leakyrelu,0.5,Adam,,0.001,1e-05,True,0.9,[1],[2],0.00375,0.45455,62,0.41403,0.43651,24,0.09378,COMPLETED

222,20250828_154348,baseline_CASIAB.csv,Personalizado,MLP,42,40,"[512, 256, 128]",mean,L2,96,3,512,leakyrelu,0.5,Adam,,0.0001,1e-07,True,0.75,[3],[3],0.00491,0.40909,735,0.33389,0.42605,306,0.07516,COMPLETED
223,20250828_154348,baseline_OUMVLP.csv,Personalizado,MLP,42,34,"[512, 256, 128]",mean,L2,96,3,512,leakyrelu,0.5,Adam,,0.0001,1e-07,True,0.75,[3],[3],0.00461,0.54545,827,0.49506,0.59756,375,0.13438,COMPLETED
224,20250828_154348,gaitgl.csv,Personalizado,MLP,42,34,"[512, 256, 128]",mean,L2,96,3,512,leakyrelu,0.5,Adam,,0.0001,1e-07,True,0.75,[3],[3],0.00452,0.38636,741,0.37222,0.41396,255,0.1825,COMPLETED
225,20250828_154348,gaitgl_GREW.csv,Personalizado,MLP,42,69,"[512, 256, 128]",mean,L2,96,3,512,leakyrelu,0.5,Adam,,0.0001,1e-07,True,0.75,[3],[3],0.00409,0.54545,783,0.39427,0.45995,512,0.01651,COMPLETED
226,20250828_154348,gaitgl_GREW_BNNeck.csv,Personalizado,MLP,42,50,"[512, 256, 128]",mean,L2,96,3,512,leakyrelu,0.5,Adam,,0.0001,1e-07,True,0.75,[3],[3],0.00358,0.45455,589,0.45014,0.52876,245,0.05105,COMPLETED
227,20250828_154348,gaitgl_OUMVLP.csv,Personalizado,MLP,42,39,"[512, 256, 128]",mean,L2,96,3,512,leakyrelu,0.5,Adam,,0.0001,1e-07,True,0.75,[3],[3],0.00423,0.43182,1846,0.41326,0.45803,1272,0.15532,COMPLETED
228,20250828_154348,gaitpart_GREW.csv,Personalizado,MLP,42,57,"[512, 256, 128]",mean,L2,96,3,512,leakyrelu,0.5,Adam,,0.0001,1e-07,True,0.75,[3],[3],0.00497,0.5,679,0.36427,0.45359,452,0.02082,COMPLETED
229,20250828_154348,gaitpart_OUMVLP.csv,Personalizado,MLP,42,48,"[512, 256, 128]",mean,L2,96,3,512,leakyrelu,0.5,Adam,,0.0001,1e-07,True,0.75,[3],[3],0.00365,0.52273,1260,0.38038,0.45455,883,0.07121,COMPLETED
230,20250828_154348,gaitset.csv,Personalizado,MLP,42,29,"[512, 256, 128]",mean,L2,96,3,512,leakyrelu,0.5,Adam,,0.0001,1e-07,True,0.75,[3],[3],0.00422,0.5,723,0.42847,0.46879,317,0.0743,COMPLETED
231,20250828_154348,gaitset_GREW.csv,Personalizado,MLP,42,60,"[512, 256, 128]",mean,L2,96,3,512,leakyrelu,0.5,Adam,,0.0001,1e-07,True,0.75,[3],[3],0.00459,0.56818,612,0.51612,0.56815,235,0.09867,COMPLETED
232,20250828_154348,gaitset_OUMVLP.csv,Personalizado,MLP,42,43,"[512, 256, 128]",mean,L2,96,3,512,leakyrelu,0.5,Adam,,0.0001,1e-07,True,0.75,[3],[3],0.00449,0.45455,1437,0.38366,0.50114,757,0.09992,COMPLETED
233,20250828_154348,gln_phase1.csv,Personalizado,MLP,42,39,"[512, 256, 128]",mean,L2,96,3,512,leakyrelu,0.5,Adam,,0.0001,1e-07,True,0.75,[3],[3],0.00469,0.40909,688,0.29925,0.44735,244,0.16597,COMPLETED
234,20250828_154348,gln_phase2.csv,Personalizado,MLP,42,43,"[512, 256, 128]",mean,L2,96,3,512,leakyrelu,0.5,Adam,,0.0001,1e-07,True,0.75,[3],[3],0.00396,0.47727,673,0.40056,0.48245,227,0.1435,COMPLETED

235,20250829_182909,baseline_CASIAB.csv,Personalizado,MLP,42,51,"[512, 384, 256, 128]",mean,L2,64,4,512,leakyrelu,0.5,Adam,,0.0002,0.0,True,0.8,[2],[3],0.00402,0.38636,96,0.32755,0.41411,83,0.01042,COMPLETED
236,20250829_182909,baseline_OUMVLP.csv,Personalizado,MLP,42,45,"[512, 384, 256, 128]",mean,L2,64,4,512,leakyrelu,0.5,Adam,,0.0002,0.0,True,0.8,[2],[3],0.00414,0.5,121,0.48718,0.56061,112,0.0061,COMPLETED
237,20250829_182909,gaitgl.csv,Personalizado,MLP,42,42,"[512, 384, 256, 128]",mean,L2,64,4,512,leakyrelu,0.5,Adam,,0.0002,0.0,True,0.8,[2],[3],0.00169,0.34091,136,0.25289,0.3631,79,0.11055,COMPLETED
238,20250829_182909,gaitgl_GREW.csv,Personalizado,MLP,42,84,"[512, 384, 256, 128]",mean,L2,64,4,512,leakyrelu,0.5,Adam,,0.0002,0.0,True,0.8,[2],[3],0.00301,0.38636,112,0.29167,0.37179,76,0.1542,COMPLETED
239,20250829_182909,gaitgl_GREW_BNNeck.csv,Personalizado,MLP,42,63,"[512, 384, 256, 128]",mean,L2,64,4,512,leakyrelu,0.5,Adam,,0.0002,0.0,True,0.8,[2],[3],0.00369,0.63636,69,0.56923,0.57429,68,0.00439,COMPLETED
240,20250829_182909,gaitgl_OUMVLP.csv,Personalizado,MLP,42,53,"[512, 384, 256, 128]",mean,L2,64,4,512,leakyrelu,0.5,Adam,,0.0002,0.0,True,0.8,[2],[3],0.00345,0.5,428,0.46904,0.50354,342,0.11733,COMPLETED
241,20250829_182909,gaitpart_GREW.csv,Personalizado,MLP,42,70,"[512, 384, 256, 128]",mean,L2,64,4,512,leakyrelu,0.5,Adam,,0.0002,0.0,True,0.8,[2],[3],0.00362,0.5,108,0.36092,0.44424,87,0.03829,COMPLETED
242,20250829_182909,gaitpart_OUMVLP.csv,Personalizado,MLP,42,61,"[512, 384, 256, 128]",mean,L2,64,4,512,leakyrelu,0.5,Adam,,0.0002,0.0,True,0.8,[2],[3],0.00299,0.56818,229,0.42695,0.60371,154,0.17239,COMPLETED
243,20250829_182909,gaitset.csv,Personalizado,MLP,42,39,"[512, 384, 256, 128]",mean,L2,64,4,512,leakyrelu,0.5,Adam,,0.0002,0.0,True,0.8,[2],[3],0.00376,0.38636,103,0.29986,0.39697,84,0.00983,COMPLETED
244,20250829_182909,gaitset_GREW.csv,Personalizado,MLP,42,74,"[512, 384, 256, 128]",mean,L2,64,4,512,leakyrelu,0.5,Adam,,0.0002,0.0,True,0.8,[2],[3],0.00284,0.59091,79,0.51836,0.51836,79,0.00284,COMPLETED
245,20250829_182909,gaitset_OUMVLP.csv,Personalizado,MLP,42,55,"[512, 384, 256, 128]",mean,L2,64,4,512,leakyrelu,0.5,Adam,,0.0002,0.0,True,0.8,[2],[3],0.00437,0.5,217,0.46715,0.50637,166,0.10229,COMPLETED
246,20250829_182909,gln_phase1.csv,Personalizado,MLP,42,51,"[512, 384, 256, 128]",mean,L2,64,4,512,leakyrelu,0.5,Adam,,0.0002,0.0,True,0.8,[2],[3],0.00328,0.54545,111,0.53596,0.60597,69,0.08858,COMPLETED
247,20250829_182909,gln_phase2.csv,Personalizado,MLP,42,55,"[512, 384, 256, 128]",mean,L2,64,4,512,leakyrelu,0.5,Adam,,0.0002,0.0,True,0.8,[2],[3],0.00297,0.38636,106,0.32738,0.45455,69,0.06729,COMPLETED

248,20250831_120344,baseline_CASIAB.csv,Personalizado,MLP,42,63,"[768, 512, 256]",mean,minmax,96,3,768,silu,0.4,Adam,,0.00025,5e-07,True,0.85,[2],[1],0.00253,0.52273,314,0.4407,0.49558,84,0.19591,COMPLETED
249,20250831_120344,baseline_OUMVLP.csv,Personalizado,MLP,42,61,"[768, 512, 256]",mean,minmax,96,3,768,silu,0.4,Adam,,0.00025,5e-07,True,0.85,[2],[1],0.00485,0.65909,294,0.61197,0.61557,269,0.00514,COMPLETED
250,20250831_120344,gaitgl.csv,Personalizado,MLP,42,45,"[768, 512, 256]",mean,minmax,96,3,768,silu,0.4,Adam,,0.00025,5e-07,True,0.85,[2],[1],0.00343,0.5,473,0.42465,0.47806,289,0.01403,COMPLETED
251,20250831_120344,gaitgl_GREW.csv,Personalizado,MLP,42,87,"[768, 512, 256]",mean,minmax,96,3,768,silu,0.4,Adam,,0.00025,5e-07,True,0.85,[2],[1],0.00312,0.43182,274,0.33725,0.37179,135,0.13281,COMPLETED
252,20250831_120344,gaitgl_GREW_BNNeck.csv,Personalizado,MLP,42,80,"[768, 512, 256]",mean,minmax,96,3,768,silu,0.4,Adam,,0.00025,5e-07,True,0.85,[2],[1],0.00495,0.43182,259,0.3743,0.458,81,0.10887,COMPLETED
253,20250831_120344,gaitgl_OUMVLP.csv,Personalizado,MLP,42,54,"[768, 512, 256]",mean,minmax,96,3,768,silu,0.4,Adam,,0.00025,5e-07,True,0.85,[2],[1],0.00428,0.45455,431,0.46825,0.5744,376,0.04731,COMPLETED
254,20250831_120344,gaitpart_GREW.csv,Personalizado,MLP,42,86,"[768, 512, 256]",mean,minmax,96,3,768,silu,0.4,Adam,,0.00025,5e-07,True,0.85,[2],[1],0.00265,0.5,238,0.37311,0.5559,152,0.02398,COMPLETED
255,20250831_120344,gaitpart_OUMVLP.csv,Personalizado,MLP,42,74,"[768, 512, 256]",mean,minmax,96,3,768,silu,0.4,Adam,,0.00025,5e-07,True,0.85,[2],[1],0.00325,0.5,208,0.38447,0.49447,69,0.13596,COMPLETED
256,20250831_120344,gaitset.csv,Personalizado,MLP,42,53,"[768, 512, 256]",mean,minmax,96,3,768,silu,0.4,Adam,,0.00025,5e-07,True,0.85,[2],[1],0.00444,0.47727,374,0.38462,0.50885,212,0.03614,COMPLETED
257,20250831_120344,gaitset_GREW.csv,Personalizado,MLP,42,89,"[768, 512, 256]",mean,minmax,96,3,768,silu,0.4,Adam,,0.00025,5e-07,True,0.85,[2],[1],0.00424,0.5,165,0.36275,0.43261,70,0.10374,COMPLETED
258,20250831_120344,gaitset_OUMVLP.csv,Personalizado,MLP,42,71,"[768, 512, 256]",mean,minmax,96,3,768,silu,0.4,Adam,,0.00025,5e-07,True,0.85,[2],[1],0.00232,0.47727,247,0.34912,0.49444,103,0.12092,COMPLETED
259,20250831_120344,gln_phase1.csv,Personalizado,MLP,42,68,"[768, 512, 256]",mean,minmax,96,3,768,silu,0.4,Adam,,0.00025,5e-07,True,0.85,[2],[1],0.00357,0.5,275,0.44841,0.55072,126,0.09864,COMPLETED
260,20250831_120344,gln_phase2.csv,Personalizado,MLP,42,73,"[768, 512, 256]",mean,minmax,96,3,768,silu,0.4,Adam,,0.00025,5e-07,True,0.85,[2],[1],0.00382,0.43182,271,0.32323,0.44011,81,0.14887,COMPLETED

261,20250831_121214,baseline_CASIAB.csv,Personalizado,MLP,42,38,"[512, 384, 256, 128, 64]",mean,minmax,64,5,512,leakyrelu,0.35,Adam,,0.0001,0.0,True,0.75,[3],[2],0.00336,0.52273,118,0.43499,0.51532,76,0.01554,COMPLETED
262,20250831_121214,baseline_OUMVLP.csv,Personalizado,MLP,42,36,"[512, 384, 256, 128, 64]",mean,minmax,64,5,512,leakyrelu,0.35,Adam,,0.0001,0.0,True,0.75,[3],[2],0.00292,0.52273,109,0.47898,0.59829,86,0.0068,COMPLETED
263,20250831_121214,gaitgl.csv,Personalizado,MLP,42,26,"[512, 384, 256, 128, 64]",mean,minmax,64,5,512,leakyrelu,0.35,Adam,,0.0001,0.0,True,0.75,[3],[2],0.00269,0.5,178,0.36825,0.46373,95,0.08766,COMPLETED
264,20250831_121214,gaitgl_GREW.csv,Personalizado,MLP,42,54,"[512, 384, 256, 128, 64]",mean,minmax,64,5,512,leakyrelu,0.35,Adam,,0.0001,0.0,True,0.75,[3],[2],0.00463,0.52273,95,0.38307,0.40067,89,0.00432,COMPLETED
265,20250831_121214,gaitgl_GREW_BNNeck.csv,Personalizado,MLP,42,51,"[512, 384, 256, 128, 64]",mean,minmax,64,5,512,leakyrelu,0.35,Adam,,0.0001,0.0,True,0.75,[3],[2],0.00483,0.43182,98,0.29524,0.43295,51,0.06289,COMPLETED
266,20250831_121214,gaitgl_OUMVLP.csv,Personalizado,MLP,42,25,"[512, 384, 256, 128, 64]",mean,minmax,64,5,512,leakyrelu,0.35,Adam,,0.0001,0.0,True,0.75,[3],[2],0.00248,0.5,193,0.3974,0.46834,149,0.05175,COMPLETED
267,20250831_121214,gaitpart_GREW.csv,Personalizado,MLP,42,58,"[512, 384, 256, 128, 64]",mean,minmax,64,5,512,leakyrelu,0.35,Adam,,0.0001,0.0,True,0.75,[3],[2],0.00441,0.61364,88,0.56185,0.59608,44,0.11095,COMPLETED
268,20250831_121214,gaitpart_OUMVLP.csv,Personalizado,MLP,42,47,"[512, 384, 256, 128, 64]",mean,minmax,64,5,512,leakyrelu,0.35,Adam,,0.0001,0.0,True,0.75,[3],[2],0.00266,0.59091,96,0.42602,0.49667,73,0.00844,COMPLETED
269,20250831_121214,gaitset.csv,Personalizado,MLP,42,31,"[512, 384, 256, 128, 64]",mean,minmax,64,5,512,leakyrelu,0.35,Adam,,0.0001,0.0,True,0.75,[3],[2],0.00332,0.45455,118,0.33481,0.49308,116,0.00349,COMPLETED
270,20250831_121214,gaitset_GREW.csv,Personalizado,MLP,42,59,"[512, 384, 256, 128, 64]",mean,minmax,64,5,512,leakyrelu,0.35,Adam,,0.0001,0.0,True,0.75,[3],[2],0.00299,0.47727,91,0.39444,0.46309,46,0.05539,COMPLETED
271,20250831_121214,gaitset_OUMVLP.csv,Personalizado,MLP,42,43,"[512, 384, 256, 128, 64]",mean,minmax,64,5,512,leakyrelu,0.35,Adam,,0.0001,0.0,True,0.75,[3],[2],0.00284,0.43182,115,0.32174,0.37861,56,0.06234,COMPLETED
272,20250831_121214,gln_phase1.csv,Personalizado,MLP,42,40,"[512, 384, 256, 128, 64]",mean,minmax,64,5,512,leakyrelu,0.35,Adam,,0.0001,0.0,True,0.75,[3],[2],0.0032,0.59091,96,0.56852,0.58497,66,0.01721,COMPLETED
273,20250831_121214,gln_phase2.csv,Personalizado,MLP,42,44,"[512, 384, 256, 128, 64]",mean,minmax,64,5,512,leakyrelu,0.35,Adam,,0.0001,0.0,True,0.75,[3],[2],0.00479,0.5,97,0.41849,0.49615,57,0.03239,COMPLETED

274,20250831_124046,baseline_CASIAB.csv,Personalizado,MLP,42,75,"[640, 320, 160, 80]",max,L2,48,4,640,silu,0.45,Adam,,0.0001,1e-06,True,0.85,[1],[3],0.00461,0.59091,440,0.41879,0.45328,319,0.14274,COMPLETED
275,20250831_124046,baseline_OUMVLP.csv,Personalizado,MLP,42,71,"[640, 320, 160, 80]",max,L2,48,4,640,silu,0.45,Adam,,0.0001,1e-06,True,0.85,[1],[3],0.00429,0.5,531,0.36,0.39385,428,0.05004,COMPLETED
276,20250831_124046,gaitgl.csv,Personalizado,MLP,42,75,"[640, 320, 160, 80]",max,L2,48,4,640,silu,0.45,Adam,,0.0001,1e-06,True,0.85,[1],[3],0.00271,0.47727,361,0.49005,0.56566,266,0.19,COMPLETED
277,20250831_124046,gaitgl_GREW.csv,Personalizado,MLP,42,114,"[640, 320, 160, 80]",max,L2,48,4,640,silu,0.45,Adam,,0.0001,1e-06,True,0.85,[1],[3],0.00224,0.40909,302,0.24269,0.40678,188,0.15758,COMPLETED
278,20250831_124046,gaitgl_GREW_BNNeck.csv,Personalizado,MLP,42,96,"[640, 320, 160, 80]",max,L2,48,4,640,silu,0.45,Adam,,0.0001,1e-06,True,0.85,[1],[3],0.00305,0.5,286,0.44762,0.48673,283,0.0048,COMPLETED
279,20250831_124046,gaitgl_OUMVLP.csv,Personalizado,MLP,42,64,"[640, 320, 160, 80]",max,L2,48,4,640,silu,0.45,Adam,,0.0001,1e-06,True,0.85,[1],[3],0.00285,0.34091,1406,0.24667,0.44444,911,0.19444,COMPLETED
280,20250831_124046,gaitpart_GREW.csv,Personalizado,MLP,42,95,"[640, 320, 160, 80]",max,L2,48,4,640,silu,0.45,Adam,,0.0001,1e-06,True,0.85,[1],[3],0.00297,0.40909,419,0.3327,0.41071,380,0.02728,COMPLETED
281,20250831_124046,gaitpart_OUMVLP.csv,Personalizado,MLP,42,66,"[640, 320, 160, 80]",max,L2,48,4,640,silu,0.45,Adam,,0.0001,1e-06,True,0.85,[1],[3],0.00438,0.47727,1464,0.40269,0.48087,1225,0.06196,COMPLETED
282,20250831_124046,gaitset.csv,Personalizado,MLP,42,75,"[640, 320, 160, 80]",max,L2,48,4,640,silu,0.45,Adam,,0.0001,1e-06,True,0.85,[1],[3],0.00315,0.47727,369,0.35223,0.41653,293,0.13144,COMPLETED
283,20250831_124046,gaitset_GREW.csv,Personalizado,MLP,42,99,"[640, 320, 160, 80]",max,L2,48,4,640,silu,0.45,Adam,,0.0001,1e-06,True,0.85,[1],[3],0.00374,0.43182,464,0.30707,0.32862,446,0.00797,COMPLETED
284,20250831_124046,gaitset_OUMVLP.csv,Personalizado,MLP,42,68,"[640, 320, 160, 80]",max,L2,48,4,640,silu,0.45,Adam,,0.0001,1e-06,True,0.85,[1],[3],0.0033,0.36364,2408,0.3177,0.375,1659,0.14326,COMPLETED
285,20250831_124046,gln_phase1.csv,Personalizado,MLP,42,71,"[640, 320, 160, 80]",max,L2,48,4,640,silu,0.45,Adam,,0.0001,1e-06,True,0.85,[1],[3],0.00255,0.45455,549,0.33464,0.34935,415,0.0566,COMPLETED
286,20250831_124046,gln_phase2.csv,Personalizado,MLP,42,72,"[640, 320, 160, 80]",max,L2,48,4,640,silu,0.45,Adam,,0.0001,1e-06,True,0.85,[1],[3],0.00473,0.45455,524,0.41368,0.48047,436,0.03354,COMPLETED

287,20250831_145647,baseline_CASIAB.csv,Personalizado,MLP,42,40,"[512, 512, 384, 256]",mean,L2,64,4,512,silu,0.5,Adam,,0.0002,1e-07,True,0.75,"[1, 2, 3]","[1, 2, 3]",0.00739,0.56818,1392,0.45011,0.51667,755,0.04817,STOPPED
288,20250831_145647,baseline_OUMVLP.csv,Personalizado,MLP,42,34,"[512, 512, 384, 256]",mean,L2,64,4,512,silu,0.5,Adam,,0.0002,1e-07,True,0.75,"[1, 2, 3]","[1, 2, 3]",0.00533,0.52273,1499,0.47475,0.60394,1256,0.02393,STOPPED
289,20250831_145647,gaitgl.csv,Personalizado,MLP,42,34,"[512, 512, 384, 256]",mean,L2,64,4,512,silu,0.5,Adam,,0.0002,1e-07,True,0.75,"[1, 2, 3]","[1, 2, 3]",0.00945,0.27273,1606,0.20851,0.32828,828,0.06359,STOPPED
290,20250831_145647,gaitgl_GREW.csv,Personalizado,MLP,42,69,"[512, 512, 384, 256]",mean,L2,64,4,512,silu,0.5,Adam,,0.0002,1e-07,True,0.75,"[1, 2, 3]","[1, 2, 3]",0.00447,0.47727,888,0.36266,0.48614,573,0.04048,COMPLETED
291,20250831_145647,gaitgl_GREW_BNNeck.csv,Personalizado,MLP,42,50,"[512, 512, 384, 256]",mean,L2,64,4,512,silu,0.5,Adam,,0.0002,1e-07,True,0.75,"[1, 2, 3]","[1, 2, 3]",0.00391,0.43182,1200,0.3822,0.47901,545,0.05474,COMPLETED
292,20250831_145647,gaitgl_OUMVLP.csv,Personalizado,MLP,42,39,"[512, 512, 384, 256]",mean,L2,64,4,512,silu,0.5,Adam,,0.0002,1e-07,True,0.75,"[1, 2, 3]","[1, 2, 3]",0.00862,0.47727,2243,0.45308,0.55114,2203,0.11034,STOPPED
293,20250831_145647,gaitpart_GREW.csv,Personalizado,MLP,42,57,"[512, 512, 384, 256]",mean,L2,64,4,512,silu,0.5,Adam,,0.0002,1e-07,True,0.75,"[1, 2, 3]","[1, 2, 3]",0.00731,0.59091,835,0.42361,0.55383,781,0.05427,STOPPED
294,20250831_145647,gaitpart_OUMVLP.csv,Personalizado,MLP,42,48,"[512, 512, 384, 256]",mean,L2,64,4,512,silu,0.5,Adam,,0.0002,1e-07,True,0.75,"[1, 2, 3]","[1, 2, 3]",0.00979,0.47727,1269,0.39286,0.51524,875,0.07694,STOPPED
295,20250831_145647,gaitset.csv,Personalizado,MLP,42,29,"[512, 512, 384, 256]",mean,L2,64,4,512,silu,0.5,Adam,,0.0002,1e-07,True,0.75,"[1, 2, 3]","[1, 2, 3]",0.00818,0.47727,1706,0.38088,0.50137,1301,0.03387,STOPPED
296,20250831_145647,gaitset_GREW.csv,Personalizado,MLP,42,60,"[512, 512, 384, 256]",mean,L2,64,4,512,silu,0.5,Adam,,0.0002,1e-07,True,0.75,"[1, 2, 3]","[1, 2, 3]",0.00725,0.54545,925,0.45869,0.57542,543,0.04353,STOPPED
297,20250831_145647,gaitset_OUMVLP.csv,Personalizado,MLP,42,43,"[512, 512, 384, 256]",mean,L2,64,4,512,silu,0.5,Adam,,0.0002,1e-07,True,0.75,"[1, 2, 3]","[1, 2, 3]",0.00557,0.47727,1348,0.40448,0.52222,1267,0.05402,STOPPED
298,20250831_145647,gln_phase1.csv,Personalizado,MLP,42,39,"[512, 512, 384, 256]",mean,L2,64,4,512,silu,0.5,Adam,,0.0002,1e-07,True,0.75,"[1, 2, 3]","[1, 2, 3]",0.00616,0.5,1152,0.44755,0.59725,455,0.11923,STOPPED
299,20250831_145647,gln_phase2.csv,Personalizado,MLP,42,43,"[512, 512, 384, 256]",mean,L2,64,4,512,silu,0.5,Adam,,0.0002,1e-07,True,0.75,"[1, 2, 3]","[1, 2, 3]",0.00771,0.45455,1324,0.3782,0.43267,1308,0.02118,STOPPED

300,20250831_172254,baseline_CASIAB.csv,Personalizado,MLP,42,51,"[1024, 784, 512, 256]",mean,L2,64,4,1024,leakyrelu,0.5,Adam,,0.0002,1e-06,True,0.8,"[2, 3]","[1, 2, 3]",0.00449,0.40909,652,0.29167,0.4452,228,0.19333,COMPLETED
301,20250831_172254,baseline_OUMVLP.csv,Personalizado,MLP,42,45,"[1024, 784, 512, 256]",mean,L2,64,4,1024,leakyrelu,0.5,Adam,,0.0002,1e-06,True,0.8,"[2, 3]","[1, 2, 3]",0.0093,0.54545,862,0.53704,0.59916,318,0.18514,STOPPED
302,20250831_172254,gaitgl.csv,Personalizado,MLP,42,42,"[1024, 784, 512, 256]",mean,L2,64,4,1024,leakyrelu,0.5,Adam,,0.0002,1e-06,True,0.8,"[2, 3]","[1, 2, 3]",0.00952,0.43182,753,0.37703,0.45,293,0.12371,STOPPED
303,20250831_172254,gaitgl_GREW.csv,Personalizado,MLP,42,84,"[1024, 784, 512, 256]",mean,L2,64,4,1024,leakyrelu,0.5,Adam,,0.0002,1e-06,True,0.8,"[2, 3]","[1, 2, 3]",0.00389,0.45455,619,0.3373,0.39709,207,0.12098,COMPLETED
304,20250831_172254,gaitgl_GREW_BNNeck.csv,Personalizado,MLP,42,63,"[1024, 784, 512, 256]",mean,L2,64,4,1024,leakyrelu,0.5,Adam,,0.0002,1e-06,True,0.8,"[2, 3]","[1, 2, 3]",0.0009,0.5,720,0.47494,0.65156,214,0.14721,COMPLETED
305,20250831_172254,gaitgl_OUMVLP.csv,Personalizado,MLP,42,53,"[1024, 784, 512, 256]",mean,L2,64,4,1024,leakyrelu,0.5,Adam,,0.0002,1e-06,True,0.8,"[2, 3]","[1, 2, 3]",0.00486,0.45455,1305,0.47429,0.56318,720,0.08941,COMPLETED
306,20250831_172254,gaitpart_GREW.csv,Personalizado,MLP,42,70,"[1024, 784, 512, 256]",mean,L2,64,4,1024,leakyrelu,0.5,Adam,,0.0002,1e-06,True,0.8,"[2, 3]","[1, 2, 3]",0.00258,0.47727,770,0.35125,0.50966,419,0.03355,COMPLETED
307,20250831_172254,gaitpart_OUMVLP.csv,Personalizado,MLP,42,61,"[1024, 784, 512, 256]",mean,L2,64,4,1024,leakyrelu,0.5,Adam,,0.0002,1e-06,True,0.8,"[2, 3]","[1, 2, 3]",0.0074,0.59091,867,0.44444,0.63001,487,0.06648,STOPPED
308,20250831_172254,gaitset.csv,Personalizado,MLP,42,39,"[1024, 784, 512, 256]",mean,L2,64,4,1024,leakyrelu,0.5,Adam,,0.0002,1e-06,True,0.8,"[2, 3]","[1, 2, 3]",0.0041,0.43182,888,0.3687,0.46879,850,0.01239,COMPLETED
309,20250831_172254,gaitset_GREW.csv,Personalizado,MLP,42,74,"[1024, 784, 512, 256]",mean,L2,64,4,1024,leakyrelu,0.5,Adam,,0.0002,1e-06,True,0.8,"[2, 3]","[1, 2, 3]",0.00277,0.54545,634,0.48514,0.57108,343,0.05883,COMPLETED
310,20250831_172254,gaitset_OUMVLP.csv,Personalizado,MLP,42,55,"[1024, 784, 512, 256]",mean,L2,64,4,1024,leakyrelu,0.5,Adam,,0.0002,1e-06,True,0.8,"[2, 3]","[1, 2, 3]",0.00686,0.45455,843,0.38975,0.47013,527,0.03696,STOPPED
311,20250831_172254,gln_phase1.csv,Personalizado,MLP,42,51,"[1024, 784, 512, 256]",mean,L2,64,4,1024,leakyrelu,0.5,Adam,,0.0002,1e-06,True,0.8,"[2, 3]","[1, 2, 3]",0.00224,0.54545,823,0.49196,0.60108,509,0.00619,COMPLETED
312,20250831_172254,gln_phase2.csv,Personalizado,MLP,42,55,"[1024, 784, 512, 256]",mean,L2,64,4,1024,leakyrelu,0.5,Adam,,0.0002,1e-06,True,0.8,"[2, 3]","[1, 2, 3]",0.00813,0.45455,524,0.34396,0.49767,220,0.09295,STOPPED

313,20250831_173400,baseline_CASIAB.csv,Personalizado,MLP,42,63,"[512, 384, 256]",mean,minmax,72,3,512,elu,0.5,Adam,,0.0002,1e-07,True,0.85,"[1, 2]","[1, 2, 3]",0.0075,0.52273,1296,0.44955,0.48096,850,0.04468,STOPPED
314,20250831_173400,baseline_OUMVLP.csv,Personalizado,MLP,42,61,"[512, 384, 256]",mean,minmax,72,3,512,elu,0.5,Adam,,0.0002,1e-07,True,0.85,"[1, 2]","[1, 2, 3]",0.00995,0.56818,989,0.5097,0.54902,285,0.19229,STOPPED
315,20250831_173400,gaitgl.csv,Personalizado,MLP,42,45,"[512, 384, 256]",mean,minmax,72,3,512,elu,0.5,Adam,,0.0002,1e-07,True,0.85,"[1, 2]","[1, 2, 3]",0.00843,0.47727,1664,0.35325,0.40525,422,0.18779,STOPPED
316,20250831_173400,gaitgl_GREW.csv,Personalizado,MLP,42,87,"[512, 384, 256]",mean,minmax,72,3,512,elu,0.5,Adam,,0.0002,1e-07,True,0.85,"[1, 2]","[1, 2, 3]",0.00832,0.36364,867,0.27207,0.38704,716,0.02459,STOPPED
317,20250831_173400,gaitgl_GREW_BNNeck.csv,Personalizado,MLP,42,80,"[512, 384, 256]",mean,minmax,72,3,512,elu,0.5,Adam,,0.0002,1e-07,True,0.85,"[1, 2]","[1, 2, 3]",0.00258,0.38636,1373,0.34832,0.46016,564,0.04117,COMPLETED
318,20250831_173400,gaitgl_OUMVLP.csv,Personalizado,MLP,42,54,"[512, 384, 256]",mean,minmax,72,3,512,elu,0.5,Adam,,0.0002,1e-07,True,0.85,"[1, 2]","[1, 2, 3]",0.0086,0.47727,1201,0.49008,0.55784,1019,0.01863,STOPPED
319,20250831_173400,gaitpart_GREW.csv,Personalizado,MLP,42,86,"[512, 384, 256]",mean,minmax,72,3,512,elu,0.5,Adam,,0.0002,1e-07,True,0.85,"[1, 2]","[1, 2, 3]",0.00649,0.45455,909,0.38951,0.46213,194,0.15181,STOPPED
320,20250831_173400,gaitpart_OUMVLP.csv,Personalizado,MLP,42,74,"[512, 384, 256]",mean,minmax,72,3,512,elu,0.5,Adam,,0.0002,1e-07,True,0.85,"[1, 2]","[1, 2, 3]",0.00459,0.5,1112,0.4285,0.51295,505,0.04298,COMPLETED
321,20250831_173400,gaitset.csv,Personalizado,MLP,42,53,"[512, 384, 256]",mean,minmax,72,3,512,elu,0.5,Adam,,0.0002,1e-07,True,0.85,"[1, 2]","[1, 2, 3]",0.00739,0.54545,1511,0.4741,0.54123,1492,0.00604,STOPPED
322,20250831_173400,gaitset_GREW.csv,Personalizado,MLP,42,89,"[512, 384, 256]",mean,minmax,72,3,512,elu,0.5,Adam,,0.0002,1e-07,True,0.85,"[1, 2]","[1, 2, 3]",0.00524,0.47727,1010,0.34286,0.49537,846,0.00839,STOPPED
323,20250831_173400,gaitset_OUMVLP.csv,Personalizado,MLP,42,71,"[512, 384, 256]",mean,minmax,72,3,512,elu,0.5,Adam,,0.0002,1e-07,True,0.85,"[1, 2]","[1, 2, 3]",0.00918,0.45455,1175,0.3854,0.46825,1115,0.01878,STOPPED
324,20250831_173400,gln_phase1.csv,Personalizado,MLP,42,68,"[512, 384, 256]",mean,minmax,72,3,512,elu,0.5,Adam,,0.0002,1e-07,True,0.85,"[1, 2]","[1, 2, 3]",0.00815,0.47727,938,0.34946,0.50486,322,0.14401,STOPPED
325,20250831_173400,gln_phase2.csv,Personalizado,MLP,42,73,"[512, 384, 256]",mean,minmax,72,3,512,elu,0.5,Adam,,0.0002,1e-07,True,0.85,"[1, 2]","[1, 2, 3]",0.0051,0.40909,1104,0.34956,0.42409,680,0.04168,STOPPED

326,20250831_174001,baseline_CASIAB.csv,Personalizado,MLP,42,51,"[768, 512, 256]",mean,L2,80,3,768,silu,0.4,Adam,,0.00015,2e-07,True,0.8,"[1, 2]","[1, 2]",0.00324,0.54545,588,0.4534,0.46795,525,0.00569,COMPLETED
327,20250831_174001,baseline_OUMVLP.csv,Personalizado,MLP,42,45,"[768, 512, 256]",mean,L2,80,3,768,silu,0.4,Adam,,0.00015,2e-07,True,0.8,"[1, 2]","[1, 2]",0.00414,0.59091,652,0.57024,0.63394,361,0.01779,COMPLETED
328,20250831_174001,gaitgl.csv,Personalizado,MLP,42,42,"[768, 512, 256]",mean,L2,80,3,768,silu,0.4,Adam,,0.00015,2e-07,True,0.8,"[1, 2]","[1, 2]",0.00303,0.5,795,0.46714,0.4849,264,0.15487,COMPLETED
329,20250831_174001,gaitgl_GREW.csv,Personalizado,MLP,42,84,"[768, 512, 256]",mean,L2,80,3,768,silu,0.4,Adam,,0.00015,2e-07,True,0.8,"[1, 2]","[1, 2]",0.00107,0.31818,411,0.27445,0.35793,308,0.00519,COMPLETED
330,20250831_174001,gaitgl_GREW_BNNeck.csv,Personalizado,MLP,42,63,"[768, 512, 256]",mean,L2,80,3,768,silu,0.4,Adam,,0.00015,2e-07,True,0.8,"[1, 2]","[1, 2]",0.00368,0.56818,405,0.54612,0.56334,195,0.023,COMPLETED
331,20250831_174001,gaitgl_OUMVLP.csv,Personalizado,MLP,42,53,"[768, 512, 256]",mean,L2,80,3,768,silu,0.4,Adam,,0.00015,2e-07,True,0.8,"[1, 2]","[1, 2]",0.00317,0.5,1192,0.48622,0.4944,1174,0.00949,COMPLETED
332,20250831_174001,gaitpart_GREW.csv,Personalizado,MLP,42,70,"[768, 512, 256]",mean,L2,80,3,768,silu,0.4,Adam,,0.00015,2e-07,True,0.8,"[1, 2]","[1, 2]",0.00132,0.54545,373,0.44343,0.51524,202,0.0538,COMPLETED
333,20250831_174001,gaitpart_OUMVLP.csv,Personalizado,MLP,42,61,"[768, 512, 256]",mean,L2,80,3,768,silu,0.4,Adam,,0.00015,2e-07,True,0.8,"[1, 2]","[1, 2]",0.00205,0.54545,690,0.49161,0.49161,563,0.02177,COMPLETED
334,20250831_174001,gaitset.csv,Personalizado,MLP,42,39,"[768, 512, 256]",mean,L2,80,3,768,silu,0.4,Adam,,0.00015,2e-07,True,0.8,"[1, 2]","[1, 2]",0.00281,0.47727,796,0.40476,0.501,411,0.02112,COMPLETED
335,20250831_174001,gaitset_GREW.csv,Personalizado,MLP,42,74,"[768, 512, 256]",mean,L2,80,3,768,silu,0.4,Adam,,0.00015,2e-07,True,0.8,"[1, 2]","[1, 2]",0.00222,0.5,347,0.365,0.43555,273,0.00575,COMPLETED
336,20250831_174001,gaitset_OUMVLP.csv,Personalizado,MLP,42,55,"[768, 512, 256]",mean,L2,80,3,768,silu,0.4,Adam,,0.00015,2e-07,True,0.8,"[1, 2]","[1, 2]",0.00213,0.52273,822,0.47399,0.62014,456,0.11241,COMPLETED
337,20250831_174001,gln_phase1.csv,Personalizado,MLP,42,51,"[768, 512, 256]",mean,L2,80,3,768,silu,0.4,Adam,,0.00015,2e-07,True,0.8,"[1, 2]","[1, 2]",0.00388,0.54545,610,0.50377,0.59474,455,0.00825,COMPLETED
338,20250831_174001,gln_phase2.csv,Personalizado,MLP,42,55,"[768, 512, 256]",mean,L2,80,3,768,silu,0.4,Adam,,0.00015,2e-07,True,0.8,"[1, 2]","[1, 2]",0.00109,0.45455,532,0.37721,0.43863,175,0.10568,COMPLETED

339,20250831_174414,baseline_CASIAB.csv,Personalizado,MLP,42,66,"[896, 640, 384, 192]",mean,L2,64,4,896,silu,0.4,Adam,,0.0001,0.0,True,0.85,"[1, 2, 3]","[1, 2]",0.00292,0.47727,701,0.44058,0.5134,314,0.08738,COMPLETED
340,20250831_174414,baseline_OUMVLP.csv,Personalizado,MLP,42,59,"[896, 640, 384, 192]",mean,L2,64,4,896,silu,0.4,Adam,,0.0001,0.0,True,0.85,"[1, 2, 3]","[1, 2]",0.00301,0.59091,890,0.58182,0.67603,734,0.00535,COMPLETED
341,20250831_174414,gaitgl.csv,Personalizado,MLP,42,53,"[896, 640, 384, 192]",mean,L2,64,4,896,silu,0.4,Adam,,0.0001,0.0,True,0.85,"[1, 2, 3]","[1, 2]",0.00924,0.40909,961,0.35874,0.51852,437,0.13059,STOPPED
342,20250831_174414,gaitgl_GREW.csv,Personalizado,MLP,42,102,"[896, 640, 384, 192]",mean,L2,64,4,896,silu,0.4,Adam,,0.0001,0.0,True,0.85,"[1, 2, 3]","[1, 2]",0.00341,0.45455,601,0.38321,0.46638,511,0.00426,COMPLETED
343,20250831_174414,gaitgl_GREW_BNNeck.csv,Personalizado,MLP,42,80,"[896, 640, 384, 192]",mean,L2,64,4,896,silu,0.4,Adam,,0.0001,0.0,True,0.85,"[1, 2, 3]","[1, 2]",0.00358,0.45455,533,0.36949,0.46815,492,0.01528,COMPLETED
344,20250831_174414,gaitgl_OUMVLP.csv,Personalizado,MLP,42,71,"[896, 640, 384, 192]",mean,L2,64,4,896,silu,0.4,Adam,,0.0001,0.0,True,0.85,"[1, 2, 3]","[1, 2]",0.00272,0.38636,1665,0.28063,0.45939,1124,0.1195,COMPLETED
345,20250831_174414,gaitpart_GREW.csv,Personalizado,MLP,42,87,"[896, 640, 384, 192]",mean,L2,64,4,896,silu,0.4,Adam,,0.0001,0.0,True,0.85,"[1, 2, 3]","[1, 2]",0.00161,0.56818,560,0.48452,0.55034,369,0.05721,COMPLETED
346,20250831_174414,gaitpart_OUMVLP.csv,Personalizado,MLP,42,76,"[896, 640, 384, 192]",mean,L2,64,4,896,silu,0.4,Adam,,0.0001,0.0,True,0.85,"[1, 2, 3]","[1, 2]",0.00427,0.52273,1037,0.3904,0.48775,805,0.06446,COMPLETED
347,20250831_174414,gaitset.csv,Personalizado,MLP,42,52,"[896, 640, 384, 192]",mean,L2,64,4,896,silu,0.4,Adam,,0.0001,0.0,True,0.85,"[1, 2, 3]","[1, 2]",0.00127,0.5,837,0.37037,0.49307,488,0.07287,COMPLETED
348,20250831_174414,gaitset_GREW.csv,Personalizado,MLP,42,91,"[896, 640, 384, 192]",mean,L2,64,4,896,silu,0.4,Adam,,0.0001,0.0,True,0.85,"[1, 2, 3]","[1, 2]",0.00465,0.52273,471,0.43468,0.53323,398,0.00743,COMPLETED
349,20250831_174414,gaitset_OUMVLP.csv,Personalizado,MLP,42,72,"[896, 640, 384, 192]",mean,L2,64,4,896,silu,0.4,Adam,,0.0001,0.0,True,0.85,"[1, 2, 3]","[1, 2]",0.00432,0.45455,1123,0.38422,0.45589,652,0.19127,COMPLETED
350,20250831_174414,gln_phase1.csv,Personalizado,MLP,42,67,"[896, 640, 384, 192]",mean,L2,64,4,896,silu,0.4,Adam,,0.0001,0.0,True,0.85,"[1, 2, 3]","[1, 2]",0.00348,0.5,701,0.41775,0.49955,243,0.19622,COMPLETED
351,20250831_174414,gln_phase2.csv,Personalizado,MLP,42,72,"[896, 640, 384, 192]",mean,L2,64,4,896,silu,0.4,Adam,,0.0001,0.0,True,0.85,"[1, 2, 3]","[1, 2]",0.00429,0.54545,609,0.39921,0.435,397,0.06882,COMPLETED

352,20250831_175027,baseline_CASIAB.csv,Personalizado,MLP,42,66,"[768, 512, 384, 256]",mean,L2,64,4,768,leakyrelu,0.4,Adam,,0.0002,5e-07,True,0.85,"[1, 2, 3]","[1, 2]",0.00374,0.52273,328,0.36605,0.49196,243,0.02575,COMPLETED
353,20250831_175027,baseline_OUMVLP.csv,Personalizado,MLP,42,59,"[768, 512, 384, 256]",mean,L2,64,4,768,leakyrelu,0.4,Adam,,0.0002,5e-07,True,0.85,"[1, 2, 3]","[1, 2]",0.00469,0.52273,576,0.5056,0.6016,298,0.01034,COMPLETED
354,20250831_175027,gaitgl.csv,Personalizado,MLP,42,53,"[768, 512, 384, 256]",mean,L2,64,4,768,leakyrelu,0.4,Adam,,0.0002,5e-07,True,0.85,"[1, 2, 3]","[1, 2]",0.00524,0.52273,533,0.50293,0.56015,240,0.08743,STOPPED
355,20250831_175027,gaitgl_GREW.csv,Personalizado,MLP,42,102,"[768, 512, 384, 256]",mean,L2,64,4,768,leakyrelu,0.4,Adam,,0.0002,5e-07,True,0.85,"[1, 2, 3]","[1, 2]",0.00087,0.47727,362,0.35414,0.40404,138,0.03595,COMPLETED
356,20250831_175027,gaitgl_GREW_BNNeck.csv,Personalizado,MLP,42,80,"[768, 512, 384, 256]",mean,L2,64,4,768,leakyrelu,0.4,Adam,,0.0002,5e-07,True,0.85,"[1, 2, 3]","[1, 2]",0.00137,0.45455,309,0.38422,0.46878,156,0.01722,COMPLETED
357,20250831_175027,gaitgl_OUMVLP.csv,Personalizado,MLP,42,71,"[768, 512, 384, 256]",mean,L2,64,4,768,leakyrelu,0.4,Adam,,0.0002,5e-07,True,0.85,"[1, 2, 3]","[1, 2]",0.00303,0.59091,556,0.57209,0.64052,498,0.00952,COMPLETED
358,20250831_175027,gaitpart_GREW.csv,Personalizado,MLP,42,87,"[768, 512, 384, 256]",mean,L2,64,4,768,leakyrelu,0.4,Adam,,0.0002,5e-07,True,0.85,"[1, 2, 3]","[1, 2]",0.00335,0.52273,318,0.47028,0.58519,140,0.08094,COMPLETED
359,20250831_175027,gaitpart_OUMVLP.csv,Personalizado,MLP,42,76,"[768, 512, 384, 256]",mean,L2,64,4,768,leakyrelu,0.4,Adam,,0.0002,5e-07,True,0.85,"[1, 2, 3]","[1, 2]",0.00321,0.5,457,0.40687,0.59446,295,0.02653,COMPLETED
360,20250831_175027,gaitset.csv,Personalizado,MLP,42,52,"[768, 512, 384, 256]",mean,L2,64,4,768,leakyrelu,0.4,Adam,,0.0002,5e-07,True,0.85,"[1, 2, 3]","[1, 2]",0.00162,0.45455,548,0.31237,0.44626,174,0.08556,COMPLETED
361,20250831_175027,gaitset_GREW.csv,Personalizado,MLP,42,91,"[768, 512, 384, 256]",mean,L2,64,4,768,leakyrelu,0.4,Adam,,0.0002,5e-07,True,0.85,"[1, 2, 3]","[1, 2]",0.00252,0.52273,269,0.42462,0.55846,95,0.12428,COMPLETED
362,20250831_175027,gaitset_OUMVLP.csv,Personalizado,MLP,42,72,"[768, 512, 384, 256]",mean,L2,64,4,768,leakyrelu,0.4,Adam,,0.0002,5e-07,True,0.85,"[1, 2, 3]","[1, 2]",0.00387,0.43182,495,0.36333,0.47637,425,0.03041,COMPLETED
363,20250831_175027,gln_phase1.csv,Personalizado,MLP,42,67,"[768, 512, 384, 256]",mean,L2,64,4,768,leakyrelu,0.4,Adam,,0.0002,5e-07,True,0.85,"[1, 2, 3]","[1, 2]",0.00839,0.47727,422,0.34354,0.49161,100,0.10501,STOPPED
364,20250831_175027,gln_phase2.csv,Personalizado,MLP,42,72,"[768, 512, 384, 256]",mean,L2,64,4,768,leakyrelu,0.4,Adam,,0.0002,5e-07,True,0.85,"[1, 2, 3]","[1, 2]",0.0096,0.43182,296,0.34691,0.43425,101,0.13059,STOPPED

365,20250831_175307,baseline_CASIAB.csv,Personalizado,MLP,42,31,"[768, 512, 384, 256]",mean,L2,64,4,768,silu,0.5,Adam,,0.0002,5e-07,True,0.7,"[1, 2]","[1, 2, 3]",0.00836,0.45455,1323,0.42476,0.49817,1069,0.01803,STOPPED
366,20250831_175307,baseline_OUMVLP.csv,Personalizado,MLP,42,26,"[768, 512, 384, 256]",mean,L2,64,4,768,silu,0.5,Adam,,0.0002,5e-07,True,0.7,"[1, 2]","[1, 2, 3]",0.00863,0.63636,1425,0.56589,0.56589,1425,0.00863,STOPPED
367,20250831_175307,gaitgl.csv,Personalizado,MLP,42,26,"[768, 512, 384, 256]",mean,L2,64,4,768,silu,0.5,Adam,,0.0002,5e-07,True,0.7,"[1, 2]","[1, 2, 3]",0.00826,0.40909,1509,0.30688,0.4505,893,0.07973,STOPPED
368,20250831_175307,gaitgl_GREW.csv,Personalizado,MLP,42,57,"[768, 512, 384, 256]",mean,L2,64,4,768,silu,0.5,Adam,,0.0002,5e-07,True,0.7,"[1, 2]","[1, 2, 3]",0.00299,0.47727,680,0.40798,0.51536,416,0.06336,COMPLETED
369,20250831_175307,gaitgl_GREW_BNNeck.csv,Personalizado,MLP,42,40,"[768, 512, 384, 256]",mean,L2,64,4,768,silu,0.5,Adam,,0.0002,5e-07,True,0.7,"[1, 2]","[1, 2, 3]",0.0087,0.47727,885,0.3205,0.44633,333,0.18254,STOPPED
370,20250831_175307,gaitgl_OUMVLP.csv,Personalizado,MLP,42,28,"[768, 512, 384, 256]",mean,L2,64,4,768,silu,0.5,Adam,,0.0002,5e-07,True,0.7,"[1, 2]","[1, 2, 3]",0.00948,0.45455,2507,0.42637,0.51903,1580,0.1941,STOPPED
371,20250831_175307,gaitpart_GREW.csv,Personalizado,MLP,42,47,"[768, 512, 384, 256]",mean,L2,64,4,768,silu,0.5,Adam,,0.0002,5e-07,True,0.7,"[1, 2]","[1, 2, 3]",0.00643,0.59091,858,0.57534,0.65471,452,0.0509,STOPPED
372,20250831_175307,gaitpart_OUMVLP.csv,Personalizado,MLP,42,39,"[768, 512, 384, 256]",mean,L2,64,4,768,silu,0.5,Adam,,0.0002,5e-07,True,0.7,"[1, 2]","[1, 2, 3]",0.00688,0.61364,1176,0.57227,0.61575,926,0.03152,STOPPED
373,20250831_175307,gaitset.csv,Personalizado,MLP,42,22,"[768, 512, 384, 256]",mean,L2,64,4,768,silu,0.5,Adam,,0.0002,5e-07,True,0.7,"[1, 2]","[1, 2, 3]",0.00717,0.47727,1880,0.40571,0.52381,1255,0.02976,STOPPED
374,20250831_175307,gaitset_GREW.csv,Personalizado,MLP,42,49,"[768, 512, 384, 256]",mean,L2,64,4,768,silu,0.5,Adam,,0.0002,5e-07,True,0.7,"[1, 2]","[1, 2, 3]",0.00912,0.56818,910,0.47033,0.57497,778,0.00648,STOPPED
375,20250831_175307,gaitset_OUMVLP.csv,Personalizado,MLP,42,34,"[768, 512, 384, 256]",mean,L2,64,4,768,silu,0.5,Adam,,0.0002,5e-07,True,0.7,"[1, 2]","[1, 2, 3]",0.00995,0.5,1397,0.43928,0.54265,717,0.18565,STOPPED
376,20250831_175307,gln_phase1.csv,Personalizado,MLP,42,30,"[768, 512, 384, 256]",mean,L2,64,4,768,silu,0.5,Adam,,0.0002,5e-07,True,0.7,"[1, 2]","[1, 2, 3]",0.00965,0.59091,1014,0.56975,0.62421,645,0.07571,STOPPED
377,20250831_175307,gln_phase2.csv,Personalizado,MLP,42,33,"[768, 512, 384, 256]",mean,L2,64,4,768,silu,0.5,Adam,,0.0002,5e-07,True,0.7,"[1, 2]","[1, 2, 3]",0.00737,0.43182,930,0.35507,0.46907,536,0.08253,STOPPED

378,20250831_181912,baseline_CASIAB.csv,Personalizado,MLP,42,49,"[1024, 768, 512, 256]",mean,minmax,96,4,1024,silu,0.45,Adam,,0.0001,1e-07,True,0.8,"[1, 2, 3, 4]","[1, 2]",0.00467,0.56818,900,0.41347,0.57355,431,0.03133,COMPLETED
379,20250831_181912,baseline_OUMVLP.csv,Personalizado,MLP,42,47,"[1024, 768, 512, 256]",mean,minmax,96,4,1024,silu,0.45,Adam,,0.0001,1e-07,True,0.8,"[1, 2, 3, 4]","[1, 2]",0.00922,0.54545,876,0.51603,0.57837,620,0.00744,STOPPED
380,20250831_181912,gaitgl.csv,Personalizado,MLP,42,34,"[1024, 768, 512, 256]",mean,minmax,96,4,1024,silu,0.45,Adam,,0.0001,1e-07,True,0.8,"[1, 2, 3, 4]","[1, 2]",0.00872,0.45455,1334,0.34127,0.53215,749,0.07196,STOPPED
381,20250831_181912,gaitgl_GREW.csv,Personalizado,MLP,42,69,"[1024, 768, 512, 256]",mean,minmax,96,4,1024,silu,0.45,Adam,,0.0001,1e-07,True,0.8,"[1, 2, 3, 4]","[1, 2]",0.00722,0.56818,789,0.41886,0.49259,281,0.08942,STOPPED
382,20250831_181912,gaitgl_GREW_BNNeck.csv,Personalizado,MLP,42,63,"[1024, 768, 512, 256]",mean,minmax,96,4,1024,silu,0.45,Adam,,0.0001,1e-07,True,0.8,"[1, 2, 3, 4]","[1, 2]",0.00836,0.47727,655,0.39207,0.45833,578,0.03603,STOPPED
383,20250831_181912,gaitgl_OUMVLP.csv,Personalizado,MLP,42,37,"[1024, 768, 512, 256]",mean,minmax,96,4,1024,silu,0.45,Adam,,0.0001,1e-07,True,0.8,"[1, 2, 3, 4]","[1, 2]",0.00765,0.56818,1077,0.5409,0.60445,737,0.03039,STOPPED
384,20250831_181912,gaitpart_GREW.csv,Personalizado,MLP,42,70,"[1024, 768, 512, 256]",mean,minmax,96,4,1024,silu,0.45,Adam,,0.0001,1e-07,True,0.8,"[1, 2, 3, 4]","[1, 2]",0.00346,0.59091,781,0.52077,0.57944,594,0.01224,COMPLETED
385,20250831_181912,gaitpart_OUMVLP.csv,Personalizado,MLP,42,58,"[1024, 768, 512, 256]",mean,minmax,96,4,1024,silu,0.45,Adam,,0.0001,1e-07,True,0.8,"[1, 2, 3, 4]","[1, 2]",0.00819,0.54545,649,0.40408,0.54641,116,0.19327,STOPPED
386,20250831_181912,gaitset.csv,Personalizado,MLP,42,40,"[1024, 768, 512, 256]",mean,minmax,96,4,1024,silu,0.45,Adam,,0.0001,1e-07,True,0.8,"[1, 2, 3, 4]","[1, 2]",0.00451,0.47727,967,0.35344,0.42162,791,0.02933,COMPLETED
387,20250831_181912,gaitset_GREW.csv,Personalizado,MLP,42,72,"[1024, 768, 512, 256]",mean,minmax,96,4,1024,silu,0.45,Adam,,0.0001,1e-07,True,0.8,"[1, 2, 3, 4]","[1, 2]",0.00593,0.47727,755,0.4289,0.51345,690,0.05387,STOPPED
388,20250831_181912,gaitset_OUMVLP.csv,Personalizado,MLP,42,55,"[1024, 768, 512, 256]",mean,minmax,96,4,1024,silu,0.45,Adam,,0.0001,1e-07,True,0.8,"[1, 2, 3, 4]","[1, 2]",0.009,0.5,983,0.36902,0.46313,814,0.02053,STOPPED
389,20250831_181912,gln_phase1.csv,Personalizado,MLP,42,52,"[1024, 768, 512, 256]",mean,minmax,96,4,1024,silu,0.45,Adam,,0.0001,1e-07,True,0.8,"[1, 2, 3, 4]","[1, 2]",0.0022,0.52273,965,0.48245,0.6108,363,0.03487,COMPLETED
390,20250831_181912,gln_phase2.csv,Personalizado,MLP,42,56,"[1024, 768, 512, 256]",mean,minmax,96,4,1024,silu,0.45,Adam,,0.0001,1e-07,True,0.8,"[1, 2, 3, 4]","[1, 2]",0.002,0.52273,828,0.3804,0.53822,370,0.0606,COMPLETED

391,20250831_182701,baseline_CASIAB.csv,Personalizado,MLP,42,51,"[1280, 896, 512, 256]",mean,L2,64,4,1280,silu,0.45,Adam,,0.0002,2e-07,True,0.8,"[1, 2]","[1, 2, 3]",0.00191,0.52273,585,0.42209,0.50728,545,0.06038,COMPLETED
392,20250831_182701,baseline_OUMVLP.csv,Personalizado,MLP,42,45,"[1280, 896, 512, 256]",mean,L2,64,4,1280,silu,0.45,Adam,,0.0002,2e-07,True,0.8,"[1, 2]","[1, 2, 3]",0.00235,0.54545,686,0.53735,0.62577,439,0.01487,COMPLETED
393,20250831_182701,gaitgl.csv,Personalizado,MLP,42,42,"[1280, 896, 512, 256]",mean,L2,64,4,1280,silu,0.45,Adam,,0.0002,2e-07,True,0.8,"[1, 2]","[1, 2, 3]",0.00112,0.45455,776,0.43202,0.52487,466,0.0691,COMPLETED
394,20250831_182701,gaitgl_GREW.csv,Personalizado,MLP,42,84,"[1280, 896, 512, 256]",mean,L2,64,4,1280,silu,0.45,Adam,,0.0002,2e-07,True,0.8,"[1, 2]","[1, 2, 3]",0.00367,0.40909,338,0.31196,0.34313,323,0.01879,COMPLETED
395,20250831_182701,gaitgl_GREW_BNNeck.csv,Personalizado,MLP,42,63,"[1280, 896, 512, 256]",mean,L2,64,4,1280,silu,0.45,Adam,,0.0002,2e-07,True,0.8,"[1, 2]","[1, 2, 3]",0.0038,0.47727,532,0.43492,0.57388,248,0.0348,COMPLETED
396,20250831_182701,gaitgl_OUMVLP.csv,Personalizado,MLP,42,53,"[1280, 896, 512, 256]",mean,L2,64,4,1280,silu,0.45,Adam,,0.0002,2e-07,True,0.8,"[1, 2]","[1, 2, 3]",0.00284,0.38636,1413,0.37944,0.45617,962,0.04502,COMPLETED
397,20250831_182701,gaitpart_GREW.csv,Personalizado,MLP,42,70,"[1280, 896, 512, 256]",mean,L2,64,4,1280,silu,0.45,Adam,,0.0002,2e-07,True,0.8,"[1, 2]","[1, 2, 3]",0.00393,0.56818,361,0.49537,0.53233,314,0.03141,COMPLETED
398,20250831_182701,gaitpart_OUMVLP.csv,Personalizado,MLP,42,61,"[1280, 896, 512, 256]",mean,L2,64,4,1280,silu,0.45,Adam,,0.0002,2e-07,True,0.8,"[1, 2]","[1, 2, 3]",0.00236,0.5,685,0.44875,0.47575,483,0.09973,COMPLETED
399,20250831_182701,gaitset.csv,Personalizado,MLP,42,39,"[1280, 896, 512, 256]",mean,L2,64,4,1280,silu,0.45,Adam,,0.0002,2e-07,True,0.8,"[1, 2]","[1, 2, 3]",0.00232,0.56818,681,0.42659,0.50456,671,0.00195,COMPLETED
400,20250831_182701,gaitset_GREW.csv,Personalizado,MLP,42,74,"[1280, 896, 512, 256]",mean,L2,64,4,1280,silu,0.45,Adam,,0.0002,2e-07,True,0.8,"[1, 2]","[1, 2, 3]",0.00094,0.52273,291,0.35545,0.482,179,0.04754,COMPLETED
401,20250831_182701,gaitset_OUMVLP.csv,Personalizado,MLP,42,55,"[1280, 896, 512, 256]",mean,L2,64,4,1280,silu,0.45,Adam,,0.0002,2e-07,True,0.8,"[1, 2]","[1, 2, 3]",0.00395,0.59091,735,0.52579,0.57497,647,0.01775,COMPLETED
402,20250831_182701,gln_phase1.csv,Personalizado,MLP,42,51,"[1280, 896, 512, 256]",mean,L2,64,4,1280,silu,0.45,Adam,,0.0002,2e-07,True,0.8,"[1, 2]","[1, 2, 3]",0.00498,0.54545,460,0.49558,0.57566,180,0.12426,COMPLETED
403,20250831_182701,gln_phase2.csv,Personalizado,MLP,42,55,"[1280, 896, 512, 256]",mean,L2,64,4,1280,silu,0.45,Adam,,0.0002,2e-07,True,0.8,"[1, 2]","[1, 2, 3]",0.00274,0.47727,485,0.39971,0.45842,195,0.13349,COMPLETED

404,20250901_114259,baseline_CASIAB.csv,Personalizado,MLP,42,40,"[768, 512, 384, 256]",mean,L2,80,4,768,elu,0.45,Adam,,0.0002,0.0,True,0.75,"[2, 4]","[1, 3]",0.00263,0.52273,906,0.38251,0.49073,389,0.1323,COMPLETED
405,20250901_114259,baseline_OUMVLP.csv,Personalizado,MLP,42,34,"[768, 512, 384, 256]",mean,L2,80,4,768,elu,0.45,Adam,,0.0002,0.0,True,0.75,"[2, 4]","[1, 3]",0.00378,0.5,1173,0.41919,0.51804,747,0.02718,COMPLETED
406,20250901_114259,gaitgl.csv,Personalizado,MLP,42,34,"[768, 512, 384, 256]",mean,L2,80,4,768,elu,0.45,Adam,,0.0002,0.0,True,0.75,"[2, 4]","[1, 3]",0.00976,0.31818,944,0.23347,0.33626,921,0.01915,STOPPED
407,20250901_114259,gaitgl_GREW.csv,Personalizado,MLP,42,69,"[768, 512, 384, 256]",mean,L2,80,4,768,elu,0.45,Adam,,0.0002,0.0,True,0.75,"[2, 4]","[1, 3]",0.00282,0.45455,1014,0.34343,0.39491,954,0.00878,COMPLETED
408,20250901_114259,gaitgl_GREW_BNNeck.csv,Personalizado,MLP,42,50,"[768, 512, 384, 256]",mean,L2,80,4,768,elu,0.45,Adam,,0.0002,0.0,True,0.75,"[2, 4]","[1, 3]",0.00266,0.45455,717,0.36908,0.47535,606,0.01966,COMPLETED
409,20250901_114259,gaitgl_OUMVLP.csv,Personalizado,MLP,42,39,"[768, 512, 384, 256]",mean,L2,80,4,768,elu,0.45,Adam,,0.0002,0.0,True,0.75,"[2, 4]","[1, 3]",0.00535,0.40909,1866,0.4001,0.47766,1758,0.01936,STOPPED
410,20250901_114259,gaitpart_GREW.csv,Personalizado,MLP,42,57,"[768, 512, 384, 256]",mean,L2,80,4,768,elu,0.45,Adam,,0.0002,0.0,True,0.75,"[2, 4]","[1, 3]",0.00281,0.52273,876,0.46907,0.49855,544,0.04638,COMPLETED
411,20250901_114259,gaitpart_OUMVLP.csv,Personalizado,MLP,42,48,"[768, 512, 384, 256]",mean,L2,80,4,768,elu,0.45,Adam,,0.0002,0.0,True,0.75,"[2, 4]","[1, 3]",0.00843,0.47727,1365,0.39207,0.51796,805,0.07454,STOPPED
412,20250901_114259,gaitset.csv,Personalizado,MLP,42,29,"[768, 512, 384, 256]",mean,L2,80,4,768,elu,0.45,Adam,,0.0002,0.0,True,0.75,"[2, 4]","[1, 3]",0.00781,0.45455,988,0.39109,0.50977,941,0.01182,STOPPED
413,20250901_114259,gaitset_GREW.csv,Personalizado,MLP,42,60,"[768, 512, 384, 256]",mean,L2,80,4,768,elu,0.45,Adam,,0.0002,0.0,True,0.75,"[2, 4]","[1, 3]",0.00414,0.54545,728,0.45004,0.50637,372,0.0556,COMPLETED
414,20250901_114259,gaitset_OUMVLP.csv,Personalizado,MLP,42,43,"[768, 512, 384, 256]",mean,L2,80,4,768,elu,0.45,Adam,,0.0002,0.0,True,0.75,"[2, 4]","[1, 3]",0.00356,0.52273,1484,0.42866,0.48485,740,0.15891,COMPLETED
415,20250901_114259,gln_phase1.csv,Personalizado,MLP,42,39,"[768, 512, 384, 256]",mean,L2,80,4,768,elu,0.45,Adam,,0.0002,0.0,True,0.75,"[2, 4]","[1, 3]",0.00382,0.40909,1010,0.38588,0.50232,356,0.13128,COMPLETED
416,20250901_114259,gln_phase2.csv,Personalizado,MLP,42,43,"[768, 512, 384, 256]",mean,L2,80,4,768,elu,0.45,Adam,,0.0002,0.0,True,0.75,"[2, 4]","[1, 3]",0.00305,0.40909,1047,0.30725,0.44034,476,0.04199,COMPLETED

417,20250901_114909,baseline_CASIAB.csv,Personalizado,MLP,42,40,"[768, 512, 384, 256]",mean,L2,80,4,768,leakyrelu,0.45,Adam,,0.0002,0.0,True,0.75,"[2, 4]","[1, 3]",0.00235,0.52273,767,0.44033,0.53093,212,0.09928,COMPLETED
418,20250901_114909,baseline_OUMVLP.csv,Personalizado,MLP,42,34,"[768, 512, 384, 256]",mean,L2,80,4,768,leakyrelu,0.45,Adam,,0.0002,0.0,True,0.75,"[2, 4]","[1, 3]",0.00967,0.59091,931,0.54167,0.65152,418,0.09608,STOPPED
419,20250901_114909,gaitgl.csv,Personalizado,MLP,42,34,"[768, 512, 384, 256]",mean,L2,80,4,768,leakyrelu,0.45,Adam,,0.0002,0.0,True,0.75,"[2, 4]","[1, 3]",0.00575,0.29545,845,0.22537,0.32178,206,0.18806,STOPPED
420,20250901_114909,gaitgl_GREW.csv,Personalizado,MLP,42,69,"[768, 512, 384, 256]",mean,L2,80,4,768,leakyrelu,0.45,Adam,,0.0002,0.0,True,0.75,"[2, 4]","[1, 3]",0.00227,0.45455,783,0.3246,0.40714,584,0.02881,COMPLETED
421,20250901_114909,gaitgl_GREW_BNNeck.csv,Personalizado,MLP,42,50,"[768, 512, 384, 256]",mean,L2,80,4,768,leakyrelu,0.45,Adam,,0.0002,0.0,True,0.75,"[2, 4]","[1, 3]",0.00512,0.43182,770,0.39683,0.52617,597,0.01034,STOPPED
422,20250901_114909,gaitgl_OUMVLP.csv,Personalizado,MLP,42,39,"[768, 512, 384, 256]",mean,L2,80,4,768,leakyrelu,0.45,Adam,,0.0002,0.0,True,0.75,"[2, 4]","[1, 3]",0.0064,0.47727,1467,0.43825,0.56667,666,0.15682,STOPPED
423,20250901_114909,gaitpart_GREW.csv,Personalizado,MLP,42,57,"[768, 512, 384, 256]",mean,L2,80,4,768,leakyrelu,0.45,Adam,,0.0002,0.0,True,0.75,"[2, 4]","[1, 3]",0.00368,0.59091,737,0.42897,0.5268,401,0.02698,COMPLETED
424,20250901_114909,gaitpart_OUMVLP.csv,Personalizado,MLP,42,48,"[768, 512, 384, 256]",mean,L2,80,4,768,leakyrelu,0.45,Adam,,0.0002,0.0,True,0.75,"[2, 4]","[1, 3]",0.00575,0.59091,1326,0.43906,0.55369,1303,0.0268,STOPPED
425,20250901_114909,gaitset.csv,Personalizado,MLP,42,29,"[768, 512, 384, 256]",mean,L2,80,4,768,leakyrelu,0.45,Adam,,0.0002,0.0,True,0.75,"[2, 4]","[1, 3]",0.0064,0.54545,942,0.45516,0.46717,303,0.14778,STOPPED
426,20250901_114909,gaitset_GREW.csv,Personalizado,MLP,42,60,"[768, 512, 384, 256]",mean,L2,80,4,768,leakyrelu,0.45,Adam,,0.0002,0.0,True,0.75,"[2, 4]","[1, 3]",0.00827,0.52273,457,0.44247,0.52594,310,0.04479,STOPPED
427,20250901_114909,gaitset_OUMVLP.csv,Personalizado,MLP,42,43,"[768, 512, 384, 256]",mean,L2,80,4,768,leakyrelu,0.45,Adam,,0.0002,0.0,True,0.75,"[2, 4]","[1, 3]",0.00567,0.52273,1030,0.38406,0.50584,537,0.11971,STOPPED
428,20250901_114909,gln_phase1.csv,Personalizado,MLP,42,39,"[768, 512, 384, 256]",mean,L2,80,4,768,leakyrelu,0.45,Adam,,0.0002,0.0,True,0.75,"[2, 4]","[1, 3]",0.00462,0.56818,914,0.49898,0.62295,632,0.02359,COMPLETED
429,20250901_114909,gln_phase2.csv,Personalizado,MLP,42,43,"[768, 512, 384, 256]",mean,L2,80,4,768,leakyrelu,0.45,Adam,,0.0002,0.0,True,0.75,"[2, 4]","[1, 3]",0.00948,0.47727,537,0.39943,0.48704,165,0.1216,STOPPED

430,20250901_121007,baseline_CASIAB.csv,Personalizado,MLP,42,66,"[768, 384, 512, 256]",mean,L2,80,4,768,leakyrelu,0.5,Adam,,0.0002,0.0,True,0.85,"[1, 3]","[2, 4]",0.00211,0.52273,203,0.48166,0.53714,119,0.01858,COMPLETED
431,20250901_121007,baseline_OUMVLP.csv,Personalizado,MLP,42,59,"[768, 384, 512, 256]",mean,L2,80,4,768,leakyrelu,0.5,Adam,,0.0002,0.0,True,0.85,"[1, 3]","[2, 4]",0.0007,0.5,403,0.42665,0.643,254,0.01978,COMPLETED
432,20250901_121007,gaitgl.csv,Personalizado,MLP,42,53,"[768, 384, 512, 256]",mean,L2,80,4,768,leakyrelu,0.5,Adam,,0.0002,0.0,True,0.85,"[1, 3]","[2, 4]",0.0043,0.5,384,0.42571,0.49977,173,0.05846,COMPLETED
433,20250901_121007,gaitgl_GREW.csv,Personalizado,MLP,42,102,"[768, 384, 512, 256]",mean,L2,80,4,768,leakyrelu,0.5,Adam,,0.0002,0.0,True,0.85,"[1, 3]","[2, 4]",0.00119,0.36364,196,0.31821,0.46011,59,0.12493,COMPLETED
434,20250901_121007,gaitgl_GREW_BNNeck.csv,Personalizado,MLP,42,80,"[768, 384, 512, 256]",mean,L2,80,4,768,leakyrelu,0.5,Adam,,0.0002,0.0,True,0.85,"[1, 3]","[2, 4]",0.0011,0.45455,213,0.37313,0.49122,113,0.00575,COMPLETED
435,20250901_121007,gaitgl_OUMVLP.csv,Personalizado,MLP,42,71,"[768, 384, 512, 256]",mean,L2,80,4,768,leakyrelu,0.5,Adam,,0.0002,0.0,True,0.85,"[1, 3]","[2, 4]",0.00546,0.43182,540,0.40988,0.56535,399,0.06562,STOPPED
436,20250901_121007,gaitpart_GREW.csv,Personalizado,MLP,42,87,"[768, 384, 512, 256]",mean,L2,80,4,768,leakyrelu,0.5,Adam,,0.0002,0.0,True,0.85,"[1, 3]","[2, 4]",0.00239,0.5,216,0.40691,0.51703,102,0.02853,COMPLETED
437,20250901_121007,gaitpart_OUMVLP.csv,Personalizado,MLP,42,76,"[768, 384, 512, 256]",mean,L2,80,4,768,leakyrelu,0.5,Adam,,0.0002,0.0,True,0.85,"[1, 3]","[2, 4]",0.00283,0.47727,522,0.42937,0.53846,448,0.00388,COMPLETED
438,20250901_121007,gaitset.csv,Personalizado,MLP,42,52,"[768, 384, 512, 256]",mean,L2,80,4,768,leakyrelu,0.5,Adam,,0.0002,0.0,True,0.85,"[1, 3]","[2, 4]",0.00154,0.43182,277,0.36435,0.42576,158,0.0362,COMPLETED
439,20250901_121007,gaitset_GREW.csv,Personalizado,MLP,42,91,"[768, 384, 512, 256]",mean,L2,80,4,768,leakyrelu,0.5,Adam,,0.0002,0.0,True,0.85,"[1, 3]","[2, 4]",0.00108,0.52273,180,0.47998,0.5491,179,0.00088,COMPLETED
440,20250901_121007,gaitset_OUMVLP.csv,Personalizado,MLP,42,72,"[768, 384, 512, 256]",mean,L2,80,4,768,leakyrelu,0.5,Adam,,0.0002,0.0,True,0.85,"[1, 3]","[2, 4]",0.00107,0.47727,447,0.42554,0.48272,335,0.04465,COMPLETED
441,20250901_121007,gln_phase1.csv,Personalizado,MLP,42,67,"[768, 384, 512, 256]",mean,L2,80,4,768,leakyrelu,0.5,Adam,,0.0002,0.0,True,0.85,"[1, 3]","[2, 4]",0.00238,0.43182,262,0.3064,0.48045,187,0.02679,COMPLETED
442,20250901_121007,gln_phase2.csv,Personalizado,MLP,42,72,"[768, 384, 512, 256]",mean,L2,80,4,768,leakyrelu,0.5,Adam,,0.0002,0.0,True,0.85,"[1, 3]","[2, 4]",0.00143,0.5,169,0.38009,0.49132,77,0.03254,COMPLETED

443,20250901_121420,baseline_CASIAB.csv,Personalizado,MLP,42,63,"[512, 384, 384, 512]",mean,minmax,80,4,768,leakyrelu,0.5,Adam,,0.0002,1e-07,True,0.85,"[2, 4]","[1, 3]",0.00199,0.52273,478,0.45159,0.51322,108,0.10732,COMPLETED
444,20250901_121420,baseline_OUMVLP.csv,Personalizado,MLP,42,61,"[512, 384, 384, 512]",mean,minmax,80,4,768,leakyrelu,0.5,Adam,,0.0002,1e-07,True,0.85,"[2, 4]","[1, 3]",0.00235,0.61364,584,0.55177,0.60051,223,0.02324,COMPLETED
445,20250901_121420,gaitgl.csv,Personalizado,MLP,42,45,"[512, 384, 384, 512]",mean,minmax,80,4,768,leakyrelu,0.5,Adam,,0.0002,1e-07,True,0.85,"[2, 4]","[1, 3]",0.00193,0.52273,717,0.38173,0.55984,151,0.1225,COMPLETED
446,20250901_121420,gaitgl_GREW.csv,Personalizado,MLP,42,87,"[512, 384, 384, 512]",mean,minmax,80,4,768,leakyrelu,0.5,Adam,,0.0002,1e-07,True,0.85,"[2, 4]","[1, 3]",0.00178,0.47727,372,0.35507,0.40476,248,0.01916,COMPLETED
447,20250901_121420,gaitgl_GREW_BNNeck.csv,Personalizado,MLP,42,80,"[512, 384, 384, 512]",mean,minmax,80,4,768,leakyrelu,0.5,Adam,,0.0002,1e-07,True,0.85,"[2, 4]","[1, 3]",0.00459,0.47727,502,0.45786,0.53718,181,0.02927,COMPLETED
448,20250901_121420,gaitgl_OUMVLP.csv,Personalizado,MLP,42,54,"[512, 384, 384, 512]",mean,minmax,80,4,768,leakyrelu,0.5,Adam,,0.0002,1e-07,True,0.85,"[2, 4]","[1, 3]",0.00428,0.40909,669,0.34058,0.49048,216,0.04562,COMPLETED
449,20250901_121420,gaitpart_GREW.csv,Personalizado,MLP,42,86,"[512, 384, 384, 512]",mean,minmax,80,4,768,leakyrelu,0.5,Adam,,0.0002,1e-07,True,0.85,"[2, 4]","[1, 3]",0.00392,0.54545,361,0.44949,0.52549,239,0.01801,COMPLETED
450,20250901_121420,gaitpart_OUMVLP.csv,Personalizado,MLP,42,74,"[512, 384, 384, 512]",mean,minmax,80,4,768,leakyrelu,0.5,Adam,,0.0002,1e-07,True,0.85,"[2, 4]","[1, 3]",0.00297,0.54545,541,0.45128,0.51641,77,0.08886,COMPLETED
451,20250901_121420,gaitset.csv,Personalizado,MLP,42,53,"[512, 384, 384, 512]",mean,minmax,80,4,768,leakyrelu,0.5,Adam,,0.0002,1e-07,True,0.85,"[2, 4]","[1, 3]",0.00692,0.38636,411,0.33122,0.51093,357,0.01227,STOPPED
452,20250901_121420,gaitset_GREW.csv,Personalizado,MLP,42,89,"[512, 384, 384, 512]",mean,minmax,80,4,768,leakyrelu,0.5,Adam,,0.0002,1e-07,True,0.85,"[2, 4]","[1, 3]",0.00409,0.5,496,0.36667,0.49974,449,0.01245,COMPLETED
453,20250901_121420,gaitset_OUMVLP.csv,Personalizado,MLP,42,71,"[512, 384, 384, 512]",mean,minmax,80,4,768,leakyrelu,0.5,Adam,,0.0002,1e-07,True,0.85,"[2, 4]","[1, 3]",0.00346,0.45455,482,0.35533,0.45518,263,0.02101,COMPLETED
454,20250901_121420,gln_phase1.csv,Personalizado,MLP,42,68,"[512, 384, 384, 512]",mean,minmax,80,4,768,leakyrelu,0.5,Adam,,0.0002,1e-07,True,0.85,"[2, 4]","[1, 3]",0.00284,0.5,561,0.36649,0.51093,432,0.00233,COMPLETED
455,20250901_121420,gln_phase2.csv,Personalizado,MLP,42,73,"[512, 384, 384, 512]",mean,minmax,80,4,768,leakyrelu,0.5,Adam,,0.0002,1e-07,True,0.85,"[2, 4]","[1, 3]",0.00345,0.47727,356,0.34154,0.44949,103,0.07282,COMPLETED

456,20250901_121851,baseline_CASIAB.csv,Personalizado,MLP,42,66,"[1280, 896, 512, 256]",mean,L2,64,4,1280,silu,0.5,Adam,,0.0001,1e-07,True,0.85,"[1, 2, 3, 4]","[1, 2]",0.00407,0.52273,824,0.44247,0.50631,402,0.05455,COMPLETED
457,20250901_121851,baseline_OUMVLP.csv,Personalizado,MLP,42,59,"[1280, 896, 512, 256]",mean,L2,64,4,1280,silu,0.5,Adam,,0.0001,1e-07,True,0.85,"[1, 2, 3, 4]","[1, 2]",0.00873,0.61364,779,0.59905,0.67298,763,0.03438,STOPPED
458,20250901_121851,gaitgl.csv,Personalizado,MLP,42,53,"[1280, 896, 512, 256]",mean,L2,64,4,1280,silu,0.5,Adam,,0.0001,1e-07,True,0.85,"[1, 2, 3, 4]","[1, 2]",0.00998,0.40909,1047,0.35284,0.5363,972,0.00737,STOPPED
459,20250901_121851,gaitgl_GREW.csv,Personalizado,MLP,42,102,"[1280, 896, 512, 256]",mean,L2,64,4,1280,silu,0.5,Adam,,0.0001,1e-07,True,0.85,"[1, 2, 3, 4]","[1, 2]",0.00224,0.5,725,0.42121,0.46641,580,0.02916,COMPLETED
460,20250901_121851,gaitgl_GREW_BNNeck.csv,Personalizado,MLP,42,80,"[1280, 896, 512, 256]",mean,L2,64,4,1280,silu,0.5,Adam,,0.0001,1e-07,True,0.85,"[1, 2, 3, 4]","[1, 2]",0.00248,0.43182,708,0.34524,0.51875,399,0.03201,COMPLETED
461,20250901_121851,gaitgl_OUMVLP.csv,Personalizado,MLP,42,71,"[1280, 896, 512, 256]",mean,L2,64,4,1280,silu,0.5,Adam,,0.0001,1e-07,True,0.85,"[1, 2, 3, 4]","[1, 2]",0.00309,0.40909,1988,0.3705,0.42388,1672,0.06436,COMPLETED
462,20250901_121851,gaitpart_GREW.csv,Personalizado,MLP,42,87,"[1280, 896, 512, 256]",mean,L2,64,4,1280,silu,0.5,Adam,,0.0001,1e-07,True,0.85,"[1, 2, 3, 4]","[1, 2]",0.0036,0.54545,759,0.48413,0.54734,400,0.11422,COMPLETED
463,20250901_121851,gaitpart_OUMVLP.csv,Personalizado,MLP,42,76,"[1280, 896, 512, 256]",mean,L2,64,4,1280,silu,0.5,Adam,,0.0001,1e-07,True,0.85,"[1, 2, 3, 4]","[1, 2]",0.00378,0.5,1318,0.40952,0.45351,822,0.16731,COMPLETED
464,20250901_121851,gaitset.csv,Personalizado,MLP,42,52,"[1280, 896, 512, 256]",mean,L2,64,4,1280,silu,0.5,Adam,,0.0001,1e-07,True,0.85,"[1, 2, 3, 4]","[1, 2]",0.00285,0.47727,1018,0.40571,0.52993,675,0.00696,COMPLETED
465,20250901_121851,gaitset_GREW.csv,Personalizado,MLP,42,91,"[1280, 896, 512, 256]",mean,L2,64,4,1280,silu,0.5,Adam,,0.0001,1e-07,True,0.85,"[1, 2, 3, 4]","[1, 2]",0.00285,0.5,613,0.40691,0.4763,355,0.06082,COMPLETED
466,20250901_121851,gaitset_OUMVLP.csv,Personalizado,MLP,42,72,"[1280, 896, 512, 256]",mean,L2,64,4,1280,silu,0.5,Adam,,0.0001,1e-07,True,0.85,"[1, 2, 3, 4]","[1, 2]",0.00332,0.47727,1275,0.39955,0.47648,749,0.19982,COMPLETED
467,20250901_121851,gln_phase1.csv,Personalizado,MLP,42,67,"[1280, 896, 512, 256]",mean,L2,64,4,1280,silu,0.5,Adam,,0.0001,1e-07,True,0.85,"[1, 2, 3, 4]","[1, 2]",0.00197,0.5,729,0.36252,0.48166,561,0.02018,COMPLETED
468,20250901_121851,gln_phase2.csv,Personalizado,MLP,42,72,"[1280, 896, 512, 256]",mean,L2,64,4,1280,silu,0.5,Adam,,0.0001,1e-07,True,0.85,"[1, 2, 3, 4]","[1, 2]",0.00398,0.52273,781,0.37861,0.4285,560,0.01768,COMPLETED

469,20250902_181950,baseline_CASIAB.csv,Personalizado,MLP,42,58,"[768, 512, 256]",max,L2,64,3,768,silu,0.5,Adam,,0.0002,1e-07,True,0.8,"[1, 2, 3]","[1, 2]",0.00913,0.47727,863,0.33631,0.48333,470,0.06991,STOPPED
470,20250902_181950,baseline_OUMVLP.csv,Personalizado,MLP,42,56,"[768, 512, 256]",max,L2,64,3,768,silu,0.5,Adam,,0.0002,1e-07,True,0.8,"[1, 2, 3]","[1, 2]",0.00769,0.52273,928,0.43892,0.50021,584,0.07044,STOPPED
471,20250902_181950,gaitgl.csv,Personalizado,MLP,42,65,"[768, 512, 256]",max,L2,64,3,768,silu,0.5,Adam,,0.0002,1e-07,True,0.8,"[1, 2, 3]","[1, 2]",0.00543,0.47727,704,0.44451,0.52461,374,0.0691,STOPPED
472,20250902_181950,gaitgl_GREW.csv,Personalizado,MLP,42,96,"[768, 512, 256]",max,L2,64,3,768,silu,0.5,Adam,,0.0002,1e-07,True,0.8,"[1, 2, 3]","[1, 2]",0.00237,0.40909,439,0.34615,0.40035,338,0.00822,COMPLETED
473,20250902_181950,gaitgl_GREW_BNNeck.csv,Personalizado,MLP,42,79,"[768, 512, 256]",max,L2,64,3,768,silu,0.5,Adam,,0.0002,1e-07,True,0.8,"[1, 2, 3]","[1, 2]",0.00292,0.47727,577,0.39788,0.51373,276,0.11626,COMPLETED
474,20250902_181950,gaitgl_OUMVLP.csv,Personalizado,MLP,42,46,"[768, 512, 256]",max,L2,64,3,768,silu,0.5,Adam,,0.0002,1e-07,True,0.8,"[1, 2, 3]","[1, 2]",0.00769,0.47727,1471,0.3461,0.46878,1030,0.11909,STOPPED
475,20250902_181950,gaitpart_GREW.csv,Personalizado,MLP,42,78,"[768, 512, 256]",max,L2,64,3,768,silu,0.5,Adam,,0.0002,1e-07,True,0.8,"[1, 2, 3]","[1, 2]",0.00106,0.45455,796,0.37858,0.4746,776,0.01711,COMPLETED
476,20250902_181950,gaitpart_OUMVLP.csv,Personalizado,MLP,42,51,"[768, 512, 256]",max,L2,64,3,768,silu,0.5,Adam,,0.0002,1e-07,True,0.8,"[1, 2, 3]","[1, 2]",0.00472,0.47727,1470,0.43163,0.53219,1152,0.02415,COMPLETED
477,20250902_181950,gaitset.csv,Personalizado,MLP,42,57,"[768, 512, 256]",max,L2,64,3,768,silu,0.5,Adam,,0.0002,1e-07,True,0.8,"[1, 2, 3]","[1, 2]",0.00605,0.43182,983,0.37611,0.42256,832,0.01304,STOPPED
478,20250902_181950,gaitset_GREW.csv,Personalizado,MLP,42,81,"[768, 512, 256]",max,L2,64,3,768,silu,0.5,Adam,,0.0002,1e-07,True,0.8,"[1, 2, 3]","[1, 2]",0.00313,0.54545,671,0.38462,0.40413,649,0.00678,COMPLETED
479,20250902_181950,gaitset_OUMVLP.csv,Personalizado,MLP,42,52,"[768, 512, 256]",max,L2,64,3,768,silu,0.5,Adam,,0.0002,1e-07,True,0.8,"[1, 2, 3]","[1, 2]",0.00482,0.5,1573,0.37298,0.4899,1033,0.12622,COMPLETED
480,20250902_181950,gln_phase1.csv,Personalizado,MLP,42,54,"[768, 512, 256]",max,L2,64,3,768,silu,0.5,Adam,,0.0002,1e-07,True,0.8,"[1, 2, 3]","[1, 2]",0.00377,0.47727,1012,0.35859,0.38481,601,0.02021,COMPLETED
481,20250902_181950,gln_phase2.csv,Personalizado,MLP,42,55,"[768, 512, 256]",max,L2,64,3,768,silu,0.5,Adam,,0.0002,1e-07,True,0.8,"[1, 2, 3]","[1, 2]",0.00962,0.52273,1057,0.38038,0.49923,1009,0.03785,STOPPED

482,20250902_182557,baseline_CASIAB.csv,Personalizado,MLP,42,256,"[768, 512, 256]",mean,L2,88,3,768,silu,0.4,Adam,,0.0002,1e-07,False,,"[1, 2, 3]","[1, 2]",0.00342,0.5,193,0.35606,0.46648,89,0.02089,COMPLETED
483,20250902_182557,baseline_OUMVLP.csv,Personalizado,MLP,42,256,"[768, 512, 256]",mean,L2,88,3,768,silu,0.4,Adam,,0.0002,1e-07,False,,"[1, 2, 3]","[1, 2]",0.00193,0.45455,335,0.42291,0.57867,185,0.01936,COMPLETED
484,20250902_182557,gaitgl.csv,Personalizado,MLP,42,128,"[768, 512, 256]",mean,L2,88,3,768,silu,0.4,Adam,,0.0002,1e-07,False,,"[1, 2, 3]","[1, 2]",0.00432,0.52273,420,0.49238,0.51909,288,0.02127,COMPLETED
485,20250902_182557,gaitgl_GREW.csv,Personalizado,MLP,42,256,"[768, 512, 256]",mean,L2,88,3,768,silu,0.4,Adam,,0.0002,1e-07,False,,"[1, 2, 3]","[1, 2]",0.00108,0.43182,439,0.32741,0.40556,214,0.02705,COMPLETED
486,20250902_182557,gaitgl_GREW_BNNeck.csv,Personalizado,MLP,42,256,"[768, 512, 256]",mean,L2,88,3,768,silu,0.4,Adam,,0.0002,1e-07,False,,"[1, 2, 3]","[1, 2]",0.00231,0.36364,268,0.31124,0.3924,198,0.02263,COMPLETED
487,20250902_182557,gaitgl_OUMVLP.csv,Personalizado,MLP,42,256,"[768, 512, 256]",mean,L2,88,3,768,silu,0.4,Adam,,0.0002,1e-07,False,,"[1, 2, 3]","[1, 2]",0.00594,0.47727,889,0.44655,0.60108,616,0.0985,STOPPED
488,20250902_182557,gaitpart_GREW.csv,Personalizado,MLP,42,256,"[768, 512, 256]",mean,L2,88,3,768,silu,0.4,Adam,,0.0002,1e-07,False,,"[1, 2, 3]","[1, 2]",0.00247,0.45455,265,0.37728,0.49195,86,0.06518,COMPLETED
489,20250902_182557,gaitpart_OUMVLP.csv,Personalizado,MLP,42,256,"[768, 512, 256]",mean,L2,88,3,768,silu,0.4,Adam,,0.0002,1e-07,False,,"[1, 2, 3]","[1, 2]",0.00803,0.54545,554,0.45651,0.60594,316,0.02449,STOPPED
490,20250902_182557,gaitset.csv,Personalizado,MLP,42,256,"[768, 512, 256]",mean,L2,88,3,768,silu,0.4,Adam,,0.0002,1e-07,False,,"[1, 2, 3]","[1, 2]",0.00161,0.43182,275,0.35529,0.42778,148,0.01865,COMPLETED
491,20250902_182557,gaitset_GREW.csv,Personalizado,MLP,42,256,"[768, 512, 256]",mean,L2,88,3,768,silu,0.4,Adam,,0.0002,1e-07,False,,"[1, 2, 3]","[1, 2]",0.00269,0.52273,236,0.42986,0.48991,128,0.01723,COMPLETED
492,20250902_182557,gaitset_OUMVLP.csv,Personalizado,MLP,42,256,"[768, 512, 256]",mean,L2,88,3,768,silu,0.4,Adam,,0.0002,1e-07,False,,"[1, 2, 3]","[1, 2]",0.00162,0.47727,529,0.40366,0.53182,512,0.01208,COMPLETED
493,20250902_182557,gln_phase1.csv,Personalizado,MLP,42,256,"[768, 512, 256]",mean,L2,88,3,768,silu,0.4,Adam,,0.0002,1e-07,False,,"[1, 2, 3]","[1, 2]",0.00481,0.5,229,0.42414,0.52857,120,0.0512,COMPLETED
494,20250902_182557,gln_phase2.csv,Personalizado,MLP,42,256,"[768, 512, 256]",mean,L2,88,3,768,silu,0.4,Adam,,0.0002,1e-07,False,,"[1, 2, 3]","[1, 2]",0.00416,0.5,205,0.4195,0.4792,183,0.01146,COMPLETED

495,20250902_183936,baseline_CASIAB.csv,Personalizado,MLP,42,51,"[768, 512, 256]",mean,L2,88,3,768,silu,0.4,Adam,,0.0002,1e-07,True,0.8,"[1, 2, 3]","[1, 2]",0.0033,0.54545,529,0.45798,0.48937,372,0.00893,COMPLETED
496,20250902_183936,baseline_OUMVLP.csv,Personalizado,MLP,42,45,"[768, 512, 256]",mean,L2,88,3,768,silu,0.4,Adam,,0.0002,1e-07,True,0.8,"[1, 2, 3]","[1, 2]",0.00385,0.52273,649,0.50287,0.61674,249,0.0794,COMPLETED
497,20250902_183936,gaitgl.csv,Personalizado,MLP,42,42,"[768, 512, 256]",mean,L2,88,3,768,silu,0.4,Adam,,0.0002,1e-07,True,0.8,"[1, 2, 3]","[1, 2]",0.00232,0.47727,683,0.44235,0.46671,239,0.08741,COMPLETED
498,20250902_183936,gaitgl_GREW.csv,Personalizado,MLP,42,84,"[768, 512, 256]",mean,L2,88,3,768,silu,0.4,Adam,,0.0002,1e-07,True,0.8,"[1, 2, 3]","[1, 2]",0.00242,0.36364,341,0.27994,0.34719,298,0.00819,COMPLETED
499,20250902_183936,gaitgl_GREW_BNNeck.csv,Personalizado,MLP,42,63,"[768, 512, 256]",mean,L2,88,3,768,silu,0.4,Adam,,0.0002,1e-07,True,0.8,"[1, 2, 3]","[1, 2]",0.00442,0.5,381,0.40075,0.52422,117,0.16053,COMPLETED
500,20250902_183936,gaitgl_OUMVLP.csv,Personalizado,MLP,42,53,"[768, 512, 256]",mean,L2,88,3,768,silu,0.4,Adam,,0.0002,1e-07,True,0.8,"[1, 2, 3]","[1, 2]",0.00365,0.5,828,0.50253,0.58885,778,0.00793,COMPLETED
501,20250902_183936,gaitpart_GREW.csv,Personalizado,MLP,42,70,"[768, 512, 256]",mean,L2,88,3,768,silu,0.4,Adam,,0.0002,1e-07,True,0.8,"[1, 2, 3]","[1, 2]",0.0014,0.56818,401,0.45761,0.51703,368,0.0024,COMPLETED
502,20250902_183936,gaitpart_OUMVLP.csv,Personalizado,MLP,42,61,"[768, 512, 256]",mean,L2,88,3,768,silu,0.4,Adam,,0.0002,1e-07,True,0.8,"[1, 2, 3]","[1, 2]",0.00203,0.52273,613,0.43939,0.49448,430,0.0424,COMPLETED
503,20250902_183936,gaitset.csv,Personalizado,MLP,42,39,"[768, 512, 256]",mean,L2,88,3,768,silu,0.4,Adam,,0.0002,1e-07,True,0.8,"[1, 2, 3]","[1, 2]",0.00469,0.5,729,0.46832,0.54583,675,0.00514,COMPLETED
504,20250902_183936,gaitset_GREW.csv,Personalizado,MLP,42,74,"[768, 512, 256]",mean,L2,88,3,768,silu,0.4,Adam,,0.0002,1e-07,True,0.8,"[1, 2, 3]","[1, 2]",0.00476,0.52273,336,0.43333,0.53993,134,0.10593,COMPLETED
505,20250902_183936,gaitset_OUMVLP.csv,Personalizado,MLP,42,55,"[768, 512, 256]",mean,L2,88,3,768,silu,0.4,Adam,,0.0002,1e-07,True,0.8,"[1, 2, 3]","[1, 2]",0.00293,0.52273,603,0.47151,0.59483,353,0.15648,COMPLETED
506,20250902_183936,gln_phase1.csv,Personalizado,MLP,42,51,"[768, 512, 256]",mean,L2,88,3,768,silu,0.4,Adam,,0.0002,1e-07,True,0.8,"[1, 2, 3]","[1, 2]",0.00285,0.56818,475,0.54035,0.59154,397,0.01134,COMPLETED
507,20250902_183936,gln_phase2.csv,Personalizado,MLP,42,55,"[768, 512, 256]",mean,L2,88,3,768,silu,0.4,Adam,,0.0002,1e-07,True,0.8,"[1, 2, 3]","[1, 2]",0.00321,0.45455,505,0.35674,0.47374,228,0.0357,COMPLETED

508,20250902_184302,baseline_CASIAB.csv,Personalizado,MLP,42,49,"[768, 512, 256]",mean,minmax,64,3,768,silu,0.4,Adam,,0.0002,1e-07,True,0.8,"[1, 2, 3]","[1, 2]",0.00157,0.61364,666,0.56085,0.63049,99,0.14732,COMPLETED
509,20250902_184302,baseline_OUMVLP.csv,Personalizado,MLP,42,47,"[768, 512, 256]",mean,minmax,64,3,768,silu,0.4,Adam,,0.0002,1e-07,True,0.8,"[1, 2, 3]","[1, 2]",0.00411,0.54545,599,0.51548,0.6615,528,0.03752,COMPLETED
510,20250902_184302,gaitgl.csv,Personalizado,MLP,42,34,"[768, 512, 256]",mean,minmax,64,3,768,silu,0.4,Adam,,0.0002,1e-07,True,0.8,"[1, 2, 3]","[1, 2]",0.00758,0.45455,628,0.33939,0.48122,153,0.1702,STOPPED
511,20250902_184302,gaitgl_GREW.csv,Personalizado,MLP,42,69,"[768, 512, 256]",mean,minmax,64,3,768,silu,0.4,Adam,,0.0002,1e-07,True,0.8,"[1, 2, 3]","[1, 2]",0.00798,0.47727,453,0.35873,0.40155,182,0.03732,STOPPED
512,20250902_184302,gaitgl_GREW_BNNeck.csv,Personalizado,MLP,42,63,"[768, 512, 256]",mean,minmax,64,3,768,silu,0.4,Adam,,0.0002,1e-07,True,0.8,"[1, 2, 3]","[1, 2]",0.00438,0.5,467,0.36957,0.55102,255,0.00776,COMPLETED
513,20250902_184302,gaitgl_OUMVLP.csv,Personalizado,MLP,42,37,"[768, 512, 256]",mean,minmax,64,3,768,silu,0.4,Adam,,0.0002,1e-07,True,0.8,"[1, 2, 3]","[1, 2]",0.0022,0.56818,899,0.52222,0.60073,666,0.01338,COMPLETED
514,20250902_184302,gaitpart_GREW.csv,Personalizado,MLP,42,70,"[768, 512, 256]",mean,minmax,64,3,768,silu,0.4,Adam,,0.0002,1e-07,True,0.8,"[1, 2, 3]","[1, 2]",0.00255,0.56818,327,0.47071,0.51409,308,0.0153,COMPLETED
515,20250902_184302,gaitpart_OUMVLP.csv,Personalizado,MLP,42,58,"[768, 512, 256]",mean,minmax,64,3,768,silu,0.4,Adam,,0.0002,1e-07,True,0.8,"[1, 2, 3]","[1, 2]",0.00195,0.63636,399,0.46528,0.56479,236,0.02227,COMPLETED
516,20250902_184302,gaitset.csv,Personalizado,MLP,42,40,"[768, 512, 256]",mean,minmax,64,3,768,silu,0.4,Adam,,0.0002,1e-07,True,0.8,"[1, 2, 3]","[1, 2]",0.00742,0.38636,529,0.30014,0.47076,215,0.06379,STOPPED
517,20250902_184302,gaitset_GREW.csv,Personalizado,MLP,42,72,"[768, 512, 256]",mean,minmax,64,3,768,silu,0.4,Adam,,0.0002,1e-07,True,0.8,"[1, 2, 3]","[1, 2]",0.00455,0.54545,351,0.45445,0.53493,339,0.00553,COMPLETED
518,20250902_184302,gaitset_OUMVLP.csv,Personalizado,MLP,42,55,"[768, 512, 256]",mean,minmax,64,3,768,silu,0.4,Adam,,0.0002,1e-07,True,0.8,"[1, 2, 3]","[1, 2]",0.00297,0.43182,456,0.37111,0.49374,417,0.00391,COMPLETED
519,20250902_184302,gln_phase1.csv,Personalizado,MLP,42,52,"[768, 512, 256]",mean,minmax,64,3,768,silu,0.4,Adam,,0.0002,1e-07,True,0.8,"[1, 2, 3]","[1, 2]",0.00263,0.54545,522,0.5,0.64268,512,0.00434,COMPLETED
520,20250902_184302,gln_phase2.csv,Personalizado,MLP,42,56,"[768, 512, 256]",mean,minmax,64,3,768,silu,0.4,Adam,,0.0002,1e-07,True,0.8,"[1, 2, 3]","[1, 2]",0.00343,0.52273,493,0.38943,0.49044,178,0.02853,COMPLETED

521,20250903_132433,baseline_CASIAB.csv,Personalizado,MLP,42,49,"[1024, 768, 512, 256]",mean,minmax,64,4,1024,silu,0.4,Adam,,0.0001,1e-07,True,0.8,"[1, 2, 3, 4]","[1, 2, 3]",0.00656,0.52273,680,0.4443,0.58542,299,0.03016,STOPPED
522,20250903_132433,baseline_OUMVLP.csv,Personalizado,MLP,42,47,"[1024, 768, 512, 256]",mean,minmax,64,4,1024,silu,0.4,Adam,,0.0001,1e-07,True,0.8,"[1, 2, 3, 4]","[1, 2, 3]",0.00808,0.54545,506,0.49694,0.64244,418,0.01397,STOPPED
523,20250903_132433,gaitgl.csv,Personalizado,MLP,42,34,"[1024, 768, 512, 256]",mean,minmax,64,4,1024,silu,0.4,Adam,,0.0001,1e-07,True,0.8,"[1, 2, 3, 4]","[1, 2, 3]",0.00442,0.47727,816,0.39211,0.5202,263,0.15872,COMPLETED
524,20250903_132433,gaitgl_GREW.csv,Personalizado,MLP,42,69,"[1024, 768, 512, 256]",mean,minmax,64,4,1024,silu,0.4,Adam,,0.0001,1e-07,True,0.8,"[1, 2, 3, 4]","[1, 2, 3]",0.00148,0.52273,669,0.40243,0.44902,170,0.10868,COMPLETED
525,20250903_132433,gaitgl_GREW_BNNeck.csv,Personalizado,MLP,42,63,"[1024, 768, 512, 256]",mean,minmax,64,4,1024,silu,0.4,Adam,,0.0001,1e-07,True,0.8,"[1, 2, 3, 4]","[1, 2, 3]",0.00473,0.47727,686,0.38406,0.49618,109,0.17436,COMPLETED
526,20250903_132433,gaitgl_OUMVLP.csv,Personalizado,MLP,42,37,"[1024, 768, 512, 256]",mean,minmax,64,4,1024,silu,0.4,Adam,,0.0001,1e-07,True,0.8,"[1, 2, 3, 4]","[1, 2, 3]",0.00752,0.59091,968,0.54051,0.62092,457,0.05183,STOPPED
527,20250903_132433,gaitpart_GREW.csv,Personalizado,MLP,42,70,"[1024, 768, 512, 256]",mean,minmax,64,4,1024,silu,0.4,Adam,,0.0001,1e-07,True,0.8,"[1, 2, 3, 4]","[1, 2, 3]",0.00502,0.54545,617,0.45308,0.52514,587,0.0083,STOPPED
528,20250903_132433,gaitpart_OUMVLP.csv,Personalizado,MLP,42,58,"[1024, 768, 512, 256]",mean,minmax,64,4,1024,silu,0.4,Adam,,0.0001,1e-07,True,0.8,"[1, 2, 3, 4]","[1, 2, 3]",0.00372,0.59091,609,0.4848,0.56795,427,0.00846,COMPLETED
529,20250903_132433,gaitset.csv,Personalizado,MLP,42,40,"[1024, 768, 512, 256]",mean,minmax,64,4,1024,silu,0.4,Adam,,0.0001,1e-07,True,0.8,"[1, 2, 3, 4]","[1, 2, 3]",0.00483,0.45455,1039,0.38149,0.49495,905,0.01213,COMPLETED
530,20250903_132433,gaitset_GREW.csv,Personalizado,MLP,42,72,"[1024, 768, 512, 256]",mean,minmax,64,4,1024,silu,0.4,Adam,,0.0001,1e-07,True,0.8,"[1, 2, 3, 4]","[1, 2, 3]",0.00471,0.52273,527,0.37861,0.51917,107,0.08831,COMPLETED
531,20250903_132433,gaitset_OUMVLP.csv,Personalizado,MLP,42,55,"[1024, 768, 512, 256]",mean,minmax,64,4,1024,silu,0.4,Adam,,0.0001,1e-07,True,0.8,"[1, 2, 3, 4]","[1, 2, 3]",0.00615,0.56818,599,0.5047,0.52849,465,0.01081,STOPPED
532,20250903_132433,gln_phase1.csv,Personalizado,MLP,42,52,"[1024, 768, 512, 256]",mean,minmax,64,4,1024,silu,0.4,Adam,,0.0001,1e-07,True,0.8,"[1, 2, 3, 4]","[1, 2, 3]",0.00257,0.54545,652,0.53704,0.63052,138,0.12747,COMPLETED
533,20250903_132433,gln_phase2.csv,Personalizado,MLP,42,56,"[1024, 768, 512, 256]",mean,minmax,64,4,1024,silu,0.4,Adam,,0.0001,1e-07,True,0.8,"[1, 2, 3, 4]","[1, 2, 3]",0.0049,0.47727,603,0.36746,0.4437,165,0.07645,COMPLETED

534,20250903_133132,baseline_CASIAB.csv,Personalizado,MLP,42,40,"[896, 640, 320, 192]",mean,L2,96,4,896,silu,0.4,Adam,,0.0002,1e-07,True,0.75,"[1, 2, 3, 4]","[1, 2, 3]",0.00342,0.52273,1103,0.43468,0.52594,840,0.05422,COMPLETED
535,20250903_133132,baseline_OUMVLP.csv,Personalizado,MLP,42,34,"[896, 640, 320, 192]",mean,L2,96,4,896,silu,0.4,Adam,,0.0002,1e-07,True,0.75,"[1, 2, 3, 4]","[1, 2, 3]",0.00318,0.59091,1335,0.53019,0.62311,641,0.11414,COMPLETED
536,20250903_133132,gaitgl.csv,Personalizado,MLP,42,34,"[896, 640, 320, 192]",mean,L2,96,4,896,silu,0.4,Adam,,0.0002,1e-07,True,0.75,"[1, 2, 3, 4]","[1, 2, 3]",0.00791,0.38636,1115,0.28431,0.37661,579,0.15631,STOPPED
537,20250903_133132,gaitgl_GREW.csv,Personalizado,MLP,42,69,"[896, 640, 320, 192]",mean,L2,96,4,896,silu,0.4,Adam,,0.0002,1e-07,True,0.75,"[1, 2, 3, 4]","[1, 2, 3]",0.00274,0.36364,733,0.28549,0.37612,648,0.02775,COMPLETED
538,20250903_133132,gaitgl_GREW_BNNeck.csv,Personalizado,MLP,42,50,"[896, 640, 320, 192]",mean,L2,96,4,896,silu,0.4,Adam,,0.0002,1e-07,True,0.75,"[1, 2, 3, 4]","[1, 2, 3]",0.00576,0.36364,850,0.30354,0.49645,417,0.08503,STOPPED
539,20250903_133132,gaitgl_OUMVLP.csv,Personalizado,MLP,42,39,"[896, 640, 320, 192]",mean,L2,96,4,896,silu,0.4,Adam,,0.0002,1e-07,True,0.75,"[1, 2, 3, 4]","[1, 2, 3]",0.00994,0.5,2243,0.48018,0.60753,1684,0.06936,STOPPED
540,20250903_133132,gaitpart_GREW.csv,Personalizado,MLP,42,57,"[896, 640, 320, 192]",mean,L2,96,4,896,silu,0.4,Adam,,0.0002,1e-07,True,0.75,"[1, 2, 3, 4]","[1, 2, 3]",0.00327,0.61364,718,0.56645,0.59292,456,0.06853,COMPLETED
541,20250903_133132,gaitpart_OUMVLP.csv,Personalizado,MLP,42,48,"[896, 640, 320, 192]",mean,L2,96,4,896,silu,0.4,Adam,,0.0002,1e-07,True,0.75,"[1, 2, 3, 4]","[1, 2, 3]",0.0037,0.56818,1515,0.49055,0.52514,1187,0.04345,COMPLETED
542,20250903_133132,gaitset.csv,Personalizado,MLP,42,29,"[896, 640, 320, 192]",mean,L2,96,4,896,silu,0.4,Adam,,0.0002,1e-07,True,0.75,"[1, 2, 3, 4]","[1, 2, 3]",0.00988,0.45455,1367,0.39257,0.47609,772,0.06461,STOPPED
543,20250903_133132,gaitset_GREW.csv,Personalizado,MLP,42,60,"[896, 640, 320, 192]",mean,L2,96,4,896,silu,0.4,Adam,,0.0002,1e-07,True,0.75,"[1, 2, 3, 4]","[1, 2, 3]",0.00622,0.56818,646,0.51176,0.55177,584,0.03196,STOPPED
544,20250903_133132,gaitset_OUMVLP.csv,Personalizado,MLP,42,43,"[896, 640, 320, 192]",mean,L2,96,4,896,silu,0.4,Adam,,0.0002,1e-07,True,0.75,"[1, 2, 3, 4]","[1, 2, 3]",0.00862,0.52273,1306,0.43913,0.50798,924,0.15893,STOPPED
545,20250903_133132,gln_phase1.csv,Personalizado,MLP,42,39,"[896, 640, 320, 192]",mean,L2,96,4,896,silu,0.4,Adam,,0.0002,1e-07,True,0.75,"[1, 2, 3, 4]","[1, 2, 3]",0.00659,0.45455,1036,0.41032,0.53898,784,0.02386,STOPPED
546,20250903_133132,gln_phase2.csv,Personalizado,MLP,42,43,"[896, 640, 320, 192]",mean,L2,96,4,896,silu,0.4,Adam,,0.0002,1e-07,True,0.75,"[1, 2, 3, 4]","[1, 2, 3]",0.00812,0.45455,784,0.37935,0.44949,408,0.11652,STOPPED

547,20250903_150131,baseline_CASIAB.csv,Personalizado,MLP,42,51,"[896, 640, 320, 192]",mean,L2,64,4,896,leakyrelu,0.5,Adam,,0.0002,1e-07,True,0.8,"[1, 2, 3, 4]","[1, 2, 3]",0.00905,0.34091,510,0.2516,0.44676,193,0.17051,STOPPED
548,20250903_150131,baseline_OUMVLP.csv,Personalizado,MLP,42,45,"[896, 640, 320, 192]",mean,L2,64,4,896,leakyrelu,0.5,Adam,,0.0002,1e-07,True,0.8,"[1, 2, 3, 4]","[1, 2, 3]",0.00666,0.52273,743,0.44832,0.642,313,0.09187,STOPPED
549,20250903_150131,gaitgl.csv,Personalizado,MLP,42,42,"[896, 640, 320, 192]",mean,L2,64,4,896,leakyrelu,0.5,Adam,,0.0002,1e-07,True,0.8,"[1, 2, 3, 4]","[1, 2, 3]",0.00915,0.47727,892,0.4633,0.50285,807,0.02383,STOPPED
550,20250903_150131,gaitgl_GREW.csv,Personalizado,MLP,42,84,"[896, 640, 320, 192]",mean,L2,64,4,896,leakyrelu,0.5,Adam,,0.0002,1e-07,True,0.8,"[1, 2, 3, 4]","[1, 2, 3]",0.00467,0.38636,664,0.33221,0.39732,571,0.00112,COMPLETED
551,20250903_150131,gaitgl_GREW_BNNeck.csv,Personalizado,MLP,42,63,"[896, 640, 320, 192]",mean,L2,64,4,896,leakyrelu,0.5,Adam,,0.0002,1e-07,True,0.8,"[1, 2, 3, 4]","[1, 2, 3]",0.00948,0.52273,596,0.48174,0.54065,308,0.07054,STOPPED
552,20250903_150131,gaitgl_OUMVLP.csv,Personalizado,MLP,42,53,"[896, 640, 320, 192]",mean,L2,64,4,896,leakyrelu,0.5,Adam,,0.0002,1e-07,True,0.8,"[1, 2, 3, 4]","[1, 2, 3]",0.0029,0.45455,1101,0.43815,0.56503,922,0.04073,COMPLETED
553,20250903_150131,gaitpart_GREW.csv,Personalizado,MLP,42,70,"[896, 640, 320, 192]",mean,L2,64,4,896,leakyrelu,0.5,Adam,,0.0002,1e-07,True,0.8,"[1, 2, 3, 4]","[1, 2, 3]",0.00336,0.47727,525,0.39244,0.48471,319,0.02082,COMPLETED
554,20250903_150131,gaitpart_OUMVLP.csv,Personalizado,MLP,42,61,"[896, 640, 320, 192]",mean,L2,64,4,896,leakyrelu,0.5,Adam,,0.0002,1e-07,True,0.8,"[1, 2, 3, 4]","[1, 2, 3]",0.00222,0.63636,752,0.52681,0.64373,416,0.08542,COMPLETED
555,20250903_150131,gaitset.csv,Personalizado,MLP,42,39,"[896, 640, 320, 192]",mean,L2,64,4,896,leakyrelu,0.5,Adam,,0.0002,1e-07,True,0.8,"[1, 2, 3, 4]","[1, 2, 3]",0.00279,0.40909,1011,0.31795,0.50913,736,0.03902,COMPLETED
556,20250903_150131,gaitset_GREW.csv,Personalizado,MLP,42,74,"[896, 640, 320, 192]",mean,L2,64,4,896,leakyrelu,0.5,Adam,,0.0002,1e-07,True,0.8,"[1, 2, 3, 4]","[1, 2, 3]",0.00194,0.52273,657,0.44257,0.58606,381,0.01402,COMPLETED
557,20250903_150131,gaitset_OUMVLP.csv,Personalizado,MLP,42,55,"[896, 640, 320, 192]",mean,L2,64,4,896,leakyrelu,0.5,Adam,,0.0002,1e-07,True,0.8,"[1, 2, 3, 4]","[1, 2, 3]",0.00724,0.47727,878,0.39971,0.50261,440,0.14973,STOPPED
558,20250903_150131,gln_phase1.csv,Personalizado,MLP,42,51,"[896, 640, 320, 192]",mean,L2,64,4,896,leakyrelu,0.5,Adam,,0.0002,1e-07,True,0.8,"[1, 2, 3, 4]","[1, 2, 3]",0.00723,0.52273,814,0.43889,0.58574,612,0.00327,STOPPED
559,20250903_150131,gln_phase2.csv,Personalizado,MLP,42,55,"[896, 640, 320, 192]",mean,L2,64,4,896,leakyrelu,0.5,Adam,,0.0002,1e-07,True,0.8,"[1, 2, 3, 4]","[1, 2, 3]",0.002,0.43182,742,0.36591,0.4461,169,0.19129,COMPLETED

560,20250903_150932,baseline_CASIAB.csv,Personalizado,MLP,42,51,"[896, 640, 320, 192]",mean,L2,80,4,896,leakyrelu,0.5,Adam,,0.0002,1e-07,True,0.8,"[2, 3]","[2, 3]",0.00264,0.47727,129,0.35536,0.46781,84,0.05047,COMPLETED
561,20250903_150932,baseline_OUMVLP.csv,Personalizado,MLP,42,45,"[896, 640, 320, 192]",mean,L2,80,4,896,leakyrelu,0.5,Adam,,0.0002,1e-07,True,0.8,"[2, 3]","[2, 3]",0.00309,0.5,167,0.48373,0.50388,162,0.00555,COMPLETED
562,20250903_150932,gaitgl.csv,Personalizado,MLP,42,42,"[896, 640, 320, 192]",mean,L2,80,4,896,leakyrelu,0.5,Adam,,0.0002,1e-07,True,0.8,"[2, 3]","[2, 3]",0.00317,0.38636,170,0.33329,0.38773,84,0.13615,COMPLETED
563,20250903_150932,gaitgl_GREW.csv,Personalizado,MLP,42,84,"[896, 640, 320, 192]",mean,L2,80,4,896,leakyrelu,0.5,Adam,,0.0002,1e-07,True,0.8,"[2, 3]","[2, 3]",0.00173,0.43182,149,0.35608,0.43124,114,0.06755,COMPLETED
564,20250903_150932,gaitgl_GREW_BNNeck.csv,Personalizado,MLP,42,63,"[896, 640, 320, 192]",mean,L2,80,4,896,leakyrelu,0.5,Adam,,0.0002,1e-07,True,0.8,"[2, 3]","[2, 3]",0.00241,0.54545,102,0.49179,0.54361,63,0.05084,COMPLETED
565,20250903_150932,gaitgl_OUMVLP.csv,Personalizado,MLP,42,53,"[896, 640, 320, 192]",mean,L2,80,4,896,leakyrelu,0.5,Adam,,0.0002,1e-07,True,0.8,"[2, 3]","[2, 3]",0.00163,0.40909,380,0.37314,0.44177,341,0.01347,COMPLETED
566,20250903_150932,gaitpart_GREW.csv,Personalizado,MLP,42,70,"[896, 640, 320, 192]",mean,L2,80,4,896,leakyrelu,0.5,Adam,,0.0002,1e-07,True,0.8,"[2, 3]","[2, 3]",0.00249,0.43182,166,0.3764,0.48376,79,0.14577,COMPLETED
567,20250903_150932,gaitpart_OUMVLP.csv,Personalizado,MLP,42,61,"[896, 640, 320, 192]",mean,L2,80,4,896,leakyrelu,0.5,Adam,,0.0002,1e-07,True,0.8,"[2, 3]","[2, 3]",0.00308,0.5,281,0.38655,0.5977,158,0.16329,COMPLETED
568,20250903_150932,gaitset.csv,Personalizado,MLP,42,39,"[896, 640, 320, 192]",mean,L2,80,4,896,leakyrelu,0.5,Adam,,0.0002,1e-07,True,0.8,"[2, 3]","[2, 3]",0.00484,0.38636,187,0.32536,0.46172,185,0.00335,COMPLETED
569,20250903_150932,gaitset_GREW.csv,Personalizado,MLP,42,74,"[896, 640, 320, 192]",mean,L2,80,4,896,leakyrelu,0.5,Adam,,0.0002,1e-07,True,0.8,"[2, 3]","[2, 3]",0.00309,0.59091,98,0.52734,0.53493,86,0.00784,COMPLETED
570,20250903_150932,gaitset_OUMVLP.csv,Personalizado,MLP,42,55,"[896, 640, 320, 192]",mean,L2,80,4,896,leakyrelu,0.5,Adam,,0.0002,1e-07,True,0.8,"[2, 3]","[2, 3]",0.003,0.43182,221,0.37474,0.45531,205,0.01226,COMPLETED
571,20250903_150932,gln_phase1.csv,Personalizado,MLP,42,51,"[896, 640, 320, 192]",mean,L2,80,4,896,leakyrelu,0.5,Adam,,0.0002,1e-07,True,0.8,"[2, 3]","[2, 3]",0.00092,0.54545,189,0.5176,0.64268,86,0.0475,COMPLETED
572,20250903_150932,gln_phase2.csv,Personalizado,MLP,42,55,"[896, 640, 320, 192]",mean,L2,80,4,896,leakyrelu,0.5,Adam,,0.0002,1e-07,True,0.8,"[2, 3]","[2, 3]",0.00274,0.52273,116,0.43423,0.4899,83,0.0294,COMPLETED

573,20250903_151612,baseline_CASIAB.csv,Personalizado,MLP,42,49,"[768, 512, 256]",mean,minmax,64,3,768,silu,0.4,Adam,,0.0002,1e-07,True,0.8,"[1, 2, 3]","[2, 3]",0.00483,0.5,138,0.41301,0.41806,68,0.03445,COMPLETED
574,20250903_151612,baseline_OUMVLP.csv,Personalizado,MLP,42,47,"[768, 512, 256]",mean,minmax,64,3,768,silu,0.4,Adam,,0.0002,1e-07,True,0.8,"[1, 2, 3]","[2, 3]",0.00464,0.63636,142,0.61674,0.67818,40,0.12607,COMPLETED
575,20250903_151612,gaitgl.csv,Personalizado,MLP,42,34,"[768, 512, 256]",mean,minmax,64,3,768,silu,0.4,Adam,,0.0002,1e-07,True,0.8,"[1, 2, 3]","[2, 3]",0.0042,0.43182,227,0.36741,0.48468,64,0.16625,COMPLETED
576,20250903_151612,gaitgl_GREW.csv,Personalizado,MLP,42,69,"[768, 512, 256]",mean,minmax,64,3,768,silu,0.4,Adam,,0.0002,1e-07,True,0.8,"[1, 2, 3]","[2, 3]",0.00366,0.45455,133,0.34603,0.3619,101,0.00761,COMPLETED
577,20250903_151612,gaitgl_GREW_BNNeck.csv,Personalizado,MLP,42,63,"[768, 512, 256]",mean,minmax,64,3,768,silu,0.4,Adam,,0.0002,1e-07,True,0.8,"[1, 2, 3]","[2, 3]",0.0043,0.5,131,0.35619,0.45905,47,0.04564,COMPLETED
578,20250903_151612,gaitgl_OUMVLP.csv,Personalizado,MLP,42,37,"[768, 512, 256]",mean,minmax,64,3,768,silu,0.4,Adam,,0.0002,1e-07,True,0.8,"[1, 2, 3]","[2, 3]",0.00484,0.52273,191,0.48056,0.57633,73,0.11636,COMPLETED
579,20250903_151612,gaitpart_GREW.csv,Personalizado,MLP,42,70,"[768, 512, 256]",mean,minmax,64,3,768,silu,0.4,Adam,,0.0002,1e-07,True,0.8,"[1, 2, 3]","[2, 3]",0.00432,0.43182,115,0.31852,0.3998,27,0.17137,COMPLETED
580,20250903_151612,gaitpart_OUMVLP.csv,Personalizado,MLP,42,58,"[768, 512, 256]",mean,minmax,64,3,768,silu,0.4,Adam,,0.0002,1e-07,True,0.8,"[1, 2, 3]","[2, 3]",0.00302,0.59091,123,0.44656,0.55399,56,0.02599,COMPLETED
581,20250903_151612,gaitset.csv,Personalizado,MLP,42,40,"[768, 512, 256]",mean,minmax,64,3,768,silu,0.4,Adam,,0.0002,1e-07,True,0.8,"[1, 2, 3]","[2, 3]",0.00449,0.43182,179,0.32593,0.4386,54,0.14752,COMPLETED
582,20250903_151612,gaitset_GREW.csv,Personalizado,MLP,42,72,"[768, 512, 256]",mean,minmax,64,3,768,silu,0.4,Adam,,0.0002,1e-07,True,0.8,"[1, 2, 3]","[2, 3]",0.00422,0.54545,109,0.40489,0.42897,61,0.02182,COMPLETED
583,20250903_151612,gaitset_OUMVLP.csv,Personalizado,MLP,42,55,"[768, 512, 256]",mean,minmax,64,3,768,silu,0.4,Adam,,0.0002,1e-07,True,0.8,"[1, 2, 3]","[2, 3]",0.004,0.40909,115,0.32353,0.45869,68,0.02966,COMPLETED
584,20250903_151612,gln_phase1.csv,Personalizado,MLP,42,52,"[768, 512, 256]",mean,minmax,64,3,768,silu,0.4,Adam,,0.0002,1e-07,True,0.8,"[1, 2, 3]","[2, 3]",0.00407,0.5,139,0.45964,0.51266,35,0.14547,COMPLETED
585,20250903_151612,gln_phase2.csv,Personalizado,MLP,42,56,"[768, 512, 256]",mean,minmax,64,3,768,silu,0.4,Adam,,0.0002,1e-07,True,0.8,"[1, 2, 3]","[2, 3]",0.0034,0.43182,134,0.33151,0.42837,34,0.15499,COMPLETED

586,20250903_192419,baseline_CASIAB.csv,Personalizado,MLP,42,49,"[1024, 768, 512, 256]",mean,minmax,64,4,1024,silu,0.4,Adam,,0.0002,1e-07,True,0.8,"[1, 2, 3]","[1, 2]",0.00049,0.52273,366,0.44233,0.55307,159,0.05012,COMPLETED
587,20250903_192419,baseline_OUMVLP.csv,Personalizado,MLP,42,47,"[1024, 768, 512, 256]",mean,minmax,64,4,1024,silu,0.4,Adam,,0.0002,1e-07,True,0.8,"[1, 2, 3]","[1, 2]",0.00387,0.56818,442,0.51447,0.64394,204,0.02614,COMPLETED
588,20250903_192419,gaitgl.csv,Personalizado,MLP,42,34,"[1024, 768, 512, 256]",mean,minmax,64,4,1024,silu,0.4,Adam,,0.0002,1e-07,True,0.8,"[1, 2, 3]","[1, 2]",0.0034,0.54545,513,0.40489,0.51111,229,0.02643,COMPLETED
589,20250903_192419,gaitgl_GREW.csv,Personalizado,MLP,42,69,"[1024, 768, 512, 256]",mean,minmax,64,4,1024,silu,0.4,Adam,,0.0002,1e-07,True,0.8,"[1, 2, 3]","[1, 2]",0.00439,0.45455,423,0.3502,0.44656,243,0.01112,COMPLETED
590,20250903_192419,gaitgl_GREW_BNNeck.csv,Personalizado,MLP,42,63,"[1024, 768, 512, 256]",mean,minmax,64,4,1024,silu,0.4,Adam,,0.0002,1e-07,True,0.8,"[1, 2, 3]","[1, 2]",0.00718,0.45455,326,0.37729,0.52422,70,0.1203,STOPPED
591,20250903_192419,gaitgl_OUMVLP.csv,Personalizado,MLP,42,37,"[1024, 768, 512, 256]",mean,minmax,64,4,1024,silu,0.4,Adam,,0.0002,1e-07,True,0.8,"[1, 2, 3]","[1, 2]",0.00997,0.59091,443,0.53281,0.59466,299,0.02806,STOPPED
592,20250903_192419,gaitpart_GREW.csv,Personalizado,MLP,42,70,"[1024, 768, 512, 256]",mean,minmax,64,4,1024,silu,0.4,Adam,,0.0002,1e-07,True,0.8,"[1, 2, 3]","[1, 2]",0.00151,0.59091,328,0.50074,0.56882,54,0.11773,COMPLETED
593,20250903_192419,gaitpart_OUMVLP.csv,Personalizado,MLP,42,58,"[1024, 768, 512, 256]",mean,minmax,64,4,1024,silu,0.4,Adam,,0.0002,1e-07,True,0.8,"[1, 2, 3]","[1, 2]",0.00077,0.56818,326,0.42377,0.63695,52,0.08492,COMPLETED
594,20250903_192419,gaitset.csv,Personalizado,MLP,42,40,"[1024, 768, 512, 256]",mean,minmax,64,4,1024,silu,0.4,Adam,,0.0002,1e-07,True,0.8,"[1, 2, 3]","[1, 2]",0.00696,0.52273,436,0.43647,0.5491,235,0.04189,STOPPED
595,20250903_192419,gaitset_GREW.csv,Personalizado,MLP,42,72,"[1024, 768, 512, 256]",mean,minmax,64,4,1024,silu,0.4,Adam,,0.0002,1e-07,True,0.8,"[1, 2, 3]","[1, 2]",0.00488,0.5,267,0.41401,0.53621,74,0.08981,COMPLETED
596,20250903_192419,gaitset_OUMVLP.csv,Personalizado,MLP,42,55,"[1024, 768, 512, 256]",mean,minmax,64,4,1024,silu,0.4,Adam,,0.0002,1e-07,True,0.8,"[1, 2, 3]","[1, 2]",0.00187,0.45455,333,0.35,0.47692,186,0.06423,COMPLETED
597,20250903_192419,gln_phase1.csv,Personalizado,MLP,42,52,"[1024, 768, 512, 256]",mean,minmax,64,4,1024,silu,0.4,Adam,,0.0002,1e-07,True,0.8,"[1, 2, 3]","[1, 2]",0.00288,0.56818,388,0.54065,0.62942,134,0.05469,COMPLETED
598,20250903_192419,gln_phase2.csv,Personalizado,MLP,42,56,"[1024, 768, 512, 256]",mean,minmax,64,4,1024,silu,0.4,Adam,,0.0002,1e-07,True,0.8,"[1, 2, 3]","[1, 2]",0.00215,0.47727,376,0.35536,0.475,347,0.00474,COMPLETED

599,20251016_201355,baseline_CASIAB.csv,Preset_1,MLP,42,31,"[768, 512, 256]",mean,L2,64,3,768,silu,0.4,AdamW,,0.0002,1e-05,True,0.7,"[1, 2, 3]","[2, 3]",0.04002,0.47727,256,0.39903,0.52181,187,0.17918,COMPLETED
600,20251016_201355,baseline_OUMVLP.csv,Preset_1,MLP,42,26,"[768, 512, 256]",mean,L2,64,3,768,silu,0.4,AdamW,,0.0002,1e-05,True,0.7,"[1, 2, 3]","[2, 3]",0.03869,0.54545,397,0.49542,0.58742,375,0.05046,COMPLETED
601,20251016_201355,gaitgl.csv,Preset_1,MLP,42,26,"[768, 512, 256]",mean,L2,64,3,768,silu,0.4,AdamW,,0.0002,1e-05,True,0.7,"[1, 2, 3]","[2, 3]",0.03604,0.31818,375,0.24762,0.3709,338,0.09326,COMPLETED
602,20251016_201355,gaitgl_GREW.csv,Preset_1,MLP,42,57,"[768, 512, 256]",mean,L2,64,3,768,silu,0.4,AdamW,,0.0002,1e-05,True,0.7,"[1, 2, 3]","[2, 3]",0.04009,0.56818,273,0.47672,0.51576,246,0.11515,COMPLETED
603,20251016_201355,gaitgl_GREW_BNNeck.csv,Preset_1,MLP,42,40,"[768, 512, 256]",mean,L2,64,3,768,silu,0.4,AdamW,,0.0002,1e-05,True,0.7,"[1, 2, 3]","[2, 3]",0.03925,0.45455,182,0.32564,0.40923,120,0.31644,COMPLETED
604,20251016_201355,gaitgl_OUMVLP.csv,Preset_1,MLP,42,28,"[768, 512, 256]",mean,L2,64,3,768,silu,0.4,AdamW,,0.0002,1e-05,True,0.7,"[1, 2, 3]","[2, 3]",0.03611,0.5,1101,0.48622,0.55264,1058,0.11493,COMPLETED
605,20251016_201355,gaitpart_GREW.csv,Preset_1,MLP,42,47,"[768, 512, 256]",mean,L2,64,3,768,silu,0.4,AdamW,,0.0002,1e-05,True,0.7,"[1, 2, 3]","[2, 3]",0.0308,0.59091,241,0.55556,0.63131,219,0.10843,COMPLETED
606,20251016_201355,gaitpart_OUMVLP.csv,Preset_1,MLP,42,39,"[768, 512, 256]",mean,L2,64,3,768,silu,0.4,AdamW,,0.0002,1e-05,True,0.7,"[1, 2, 3]","[2, 3]",0.03463,0.52273,612,0.43863,0.54664,503,0.23392,COMPLETED
607,20251016_201355,gaitset.csv,Preset_1,MLP,42,22,"[768, 512, 256]",mean,L2,64,3,768,silu,0.4,AdamW,,0.0002,1e-05,True,0.7,"[1, 2, 3]","[2, 3]",0.04623,0.52273,381,0.46869,0.48937,330,0.07499,COMPLETED
608,20251016_201355,gaitset_GREW.csv,Preset_1,MLP,42,49,"[768, 512, 256]",mean,L2,64,3,768,silu,0.4,AdamW,,0.0002,1e-05,True,0.7,"[1, 2, 3]","[2, 3]",0.03309,0.45455,182,0.37753,0.47465,154,0.23753,COMPLETED
609,20251016_201355,gaitset_OUMVLP.csv,Preset_1,MLP,42,34,"[768, 512, 256]",mean,L2,64,3,768,silu,0.4,AdamW,,0.0002,1e-05,True,0.7,"[1, 2, 3]","[2, 3]",0.04555,0.5,711,0.41474,0.45455,614,0.13116,COMPLETED
610,20251016_201355,gln_phase1.csv,Preset_1,MLP,42,30,"[768, 512, 256]",mean,L2,64,3,768,silu,0.4,AdamW,,0.0002,1e-05,True,0.7,"[1, 2, 3]","[2, 3]",0.04162,0.47727,257,0.45765,0.56522,163,0.2852,COMPLETED
611,20251016_201355,gln_phase2.csv,Preset_1,MLP,42,33,"[768, 512, 256]",mean,L2,64,3,768,silu,0.4,AdamW,,0.0002,1e-05,True,0.7,"[1, 2, 3]","[2, 3]",0.02877,0.5,263,0.41425,0.5303,186,0.33718,COMPLETED

612,20251016_201355,baseline_CASIAB.csv,Preset_2,MLP,42,67,"[896, 640, 384, 192]",max,minmax,80,4,896,leakyrelu,0.45,AdamW,,0.0001,5e-05,True,0.85,"[1, 2, 3]","[1, 2]",0.04637,0.54545,220,0.46152,0.48465,156,0.08707,COMPLETED
613,20251016_201355,baseline_OUMVLP.csv,Preset_2,MLP,42,76,"[896, 640, 384, 192]",max,minmax,80,4,896,leakyrelu,0.45,AdamW,,0.0001,5e-05,True,0.85,"[1, 2, 3]","[1, 2]",0.0419,0.5,157,0.4433,0.44339,155,0.02855,COMPLETED
614,20251016_201355,gaitgl.csv,Preset_2,MLP,42,70,"[896, 640, 384, 192]",max,minmax,80,4,896,leakyrelu,0.45,AdamW,,0.0001,5e-05,True,0.85,"[1, 2, 3]","[1, 2]",0.04531,0.52273,156,0.4361,0.5101,101,0.11791,COMPLETED
615,20251016_201355,gaitgl_GREW.csv,Preset_2,MLP,42,115,"[896, 640, 384, 192]",max,minmax,80,4,896,leakyrelu,0.45,AdamW,,0.0001,5e-05,True,0.85,"[1, 2, 3]","[1, 2]",0.04362,0.31818,101,0.22778,0.31576,41,0.30207,COMPLETED
616,20251016_201355,gaitgl_GREW_BNNeck.csv,Preset_2,MLP,42,98,"[896, 640, 384, 192]",max,minmax,80,4,896,leakyrelu,0.45,AdamW,,0.0001,5e-05,True,0.85,"[1, 2, 3]","[1, 2]",0.03863,0.54545,139,0.43452,0.45833,50,0.28868,COMPLETED
617,20251016_201355,gaitgl_OUMVLP.csv,Preset_2,MLP,42,59,"[896, 640, 384, 192]",max,minmax,80,4,896,leakyrelu,0.45,AdamW,,0.0001,5e-05,True,0.85,"[1, 2, 3]","[1, 2]",0.04721,0.45455,297,0.37804,0.44011,157,0.13826,COMPLETED
618,20251016_201355,gaitpart_GREW.csv,Preset_2,MLP,42,96,"[896, 640, 384, 192]",max,minmax,80,4,896,leakyrelu,0.45,AdamW,,0.0001,5e-05,True,0.85,"[1, 2, 3]","[1, 2]",0.04888,0.47727,127,0.42982,0.50354,44,0.30164,COMPLETED
619,20251016_201355,gaitpart_OUMVLP.csv,Preset_2,MLP,42,61,"[896, 640, 384, 192]",max,minmax,80,4,896,leakyrelu,0.45,AdamW,,0.0001,5e-05,True,0.85,"[1, 2, 3]","[1, 2]",0.04786,0.52273,185,0.39043,0.43226,137,0.04722,COMPLETED
620,20251016_201355,gaitset.csv,Preset_2,MLP,42,74,"[896, 640, 384, 192]",max,minmax,80,4,896,leakyrelu,0.45,AdamW,,0.0001,5e-05,True,0.85,"[1, 2, 3]","[1, 2]",0.03908,0.40909,183,0.32054,0.42174,101,0.14508,COMPLETED
621,20251016_201355,gaitset_GREW.csv,Preset_2,MLP,42,87,"[896, 640, 384, 192]",max,minmax,80,4,896,leakyrelu,0.45,AdamW,,0.0001,5e-05,True,0.85,"[1, 2, 3]","[1, 2]",0.03946,0.43182,148,0.31341,0.36902,90,0.09594,COMPLETED
622,20251016_201355,gaitset_OUMVLP.csv,Preset_2,MLP,42,55,"[896, 640, 384, 192]",max,minmax,80,4,896,leakyrelu,0.45,AdamW,,0.0001,5e-05,True,0.85,"[1, 2, 3]","[1, 2]",0.04232,0.5,235,0.46674,0.50864,203,0.13122,COMPLETED
623,20251016_201355,gln_phase1.csv,Preset_2,MLP,42,69,"[896, 640, 384, 192]",max,minmax,80,4,896,leakyrelu,0.45,AdamW,,0.0001,5e-05,True,0.85,"[1, 2, 3]","[1, 2]",0.03591,0.5,198,0.35528,0.44349,80,0.20308,COMPLETED
624,20251016_201355,gln_phase2.csv,Preset_2,MLP,42,69,"[896, 640, 384, 192]",max,minmax,80,4,896,leakyrelu,0.45,AdamW,,0.0001,5e-05,True,0.85,"[1, 2, 3]","[1, 2]",0.02638,0.56818,210,0.42781,0.42897,205,0.08373,COMPLETED

625,20251016_201355,baseline_CASIAB.csv,Preset_3,MLP,42,75,"[1024, 768, 512, 256]",max,L2,96,4,1024,gelu,0.5,RMSprop,,0.0001,1e-05,True,0.85,"[2, 3]","[1, 3]",0.03388,0.45455,1590,0.41589,0.4614,1194,0.29253,COMPLETED
626,20251016_201355,baseline_OUMVLP.csv,Preset_3,MLP,42,71,"[1024, 768, 512, 256]",max,L2,96,4,1024,gelu,0.5,RMSprop,,0.0001,1e-05,True,0.85,"[2, 3]","[1, 3]",0.02686,0.40909,1933,0.40152,0.52083,1819,0.06334,COMPLETED
627,20251016_201355,gaitgl.csv,Preset_3,MLP,42,75,"[1024, 768, 512, 256]",max,L2,96,4,1024,gelu,0.5,RMSprop,,0.0001,1e-05,True,0.85,"[2, 3]","[1, 3]",0.03587,0.43182,1531,0.41071,0.50563,1252,0.21696,COMPLETED
628,20251016_201355,gaitgl_GREW.csv,Preset_3,MLP,42,114,"[1024, 768, 512, 256]",max,L2,96,4,1024,gelu,0.5,RMSprop,,0.0001,1e-05,True,0.85,"[2, 3]","[1, 3]",0.03778,0.43182,1095,0.3561,0.51065,929,0.14823,COMPLETED
629,20251016_201355,gaitgl_GREW_BNNeck.csv,Preset_3,MLP,42,96,"[1024, 768, 512, 256]",max,L2,96,4,1024,gelu,0.5,RMSprop,,0.0001,1e-05,True,0.85,"[2, 3]","[1, 3]",0.03481,0.45455,1198,0.37085,0.51894,889,0.27937,COMPLETED
630,20251016_201355,gaitgl_OUMVLP.csv,Preset_3,MLP,42,64,"[1024, 768, 512, 256]",max,L2,96,4,1024,gelu,0.5,RMSprop,,0.0001,1e-05,True,0.85,"[2, 3]","[1, 3]",0.80641,0.47727,850,0.33584,0.33584,850,0.80641,STOPPED
631,20251016_201355,gaitpart_GREW.csv,Preset_3,MLP,42,95,"[1024, 768, 512, 256]",max,L2,96,4,1024,gelu,0.5,RMSprop,,0.0001,1e-05,True,0.85,"[2, 3]","[1, 3]",0.03768,0.43182,1674,0.36355,0.44108,1227,0.30209,COMPLETED
632,20251016_201355,gaitpart_OUMVLP.csv,Preset_3,MLP,42,66,"[1024, 768, 512, 256]",max,L2,96,4,1024,gelu,0.5,RMSprop,,0.0001,1e-05,True,0.85,"[2, 3]","[1, 3]",1.00027,0.47727,114,0.21538,0.21538,114,1.00027,STOPPED
633,20251016_201355,gaitset.csv,Preset_3,MLP,42,75,"[1024, 768, 512, 256]",max,L2,96,4,1024,gelu,0.5,RMSprop,,0.0001,1e-05,True,0.85,"[2, 3]","[1, 3]",0.03697,0.5,1598,0.42377,0.54322,1386,0.17255,COMPLETED
634,20251016_201355,gaitset_GREW.csv,Preset_3,MLP,42,99,"[1024, 768, 512, 256]",max,L2,96,4,1024,gelu,0.5,RMSprop,,0.0001,1e-05,True,0.85,"[2, 3]","[1, 3]",0.02122,0.54545,1650,0.38889,0.46667,1615,0.13714,COMPLETED
635,20251016_201355,gaitset_OUMVLP.csv,Preset_3,MLP,42,68,"[1024, 768, 512, 256]",max,L2,96,4,1024,gelu,0.5,RMSprop,,0.0001,1e-05,True,0.85,"[2, 3]","[1, 3]",1.01453,0.47727,151,0.21538,0.21538,151,1.01453,STOPPED
636,20251016_201355,gln_phase1.csv,Preset_3,MLP,42,71,"[1024, 768, 512, 256]",max,L2,96,4,1024,gelu,0.5,RMSprop,,0.0001,1e-05,True,0.85,"[2, 3]","[1, 3]",0.04131,0.40909,1737,0.31498,0.49206,1716,0.07837,COMPLETED
637,20251016_201355,gln_phase2.csv,Preset_3,MLP,42,72,"[1024, 768, 512, 256]",max,L2,96,4,1024,gelu,0.5,RMSprop,,0.0001,1e-05,True,0.85,"[2, 3]","[1, 3]",0.04848,0.47727,1746,0.43308,0.5101,1425,0.2334,COMPLETED

638,20251016_201355,baseline_CASIAB.csv,Preset_4,MLP,42,30,"[640, 448, 256]",mean,minmax,64,3,640,relu,0.35,RMSprop,,8e-05,5e-05,True,0.7,"[1, 2]","[1, 2, 3]",0.04515,0.52273,565,0.42534,0.50152,370,0.13103,COMPLETED
639,20251016_201355,baseline_OUMVLP.csv,Preset_4,MLP,42,28,"[640, 448, 256]",mean,minmax,64,3,640,relu,0.35,RMSprop,,8e-05,5e-05,True,0.7,"[1, 2]","[1, 2, 3]",0.03154,0.52273,582,0.43939,0.47792,566,0.10278,COMPLETED
640,20251016_201355,gaitgl.csv,Preset_4,MLP,42,19,"[640, 448, 256]",mean,minmax,64,3,640,relu,0.35,RMSprop,,8e-05,5e-05,True,0.7,"[1, 2]","[1, 2, 3]",0.04636,0.36364,1078,0.26306,0.49298,449,0.23802,COMPLETED
641,20251016_201355,gaitgl_GREW.csv,Preset_4,MLP,42,42,"[640, 448, 256]",mean,minmax,64,3,640,relu,0.35,RMSprop,,8e-05,5e-05,True,0.7,"[1, 2]","[1, 2, 3]",0.04949,0.5,487,0.37636,0.41574,305,0.12805,COMPLETED
642,20251016_201355,gaitgl_GREW_BNNeck.csv,Preset_4,MLP,42,40,"[640, 448, 256]",mean,minmax,64,3,640,relu,0.35,RMSprop,,8e-05,5e-05,True,0.7,"[1, 2]","[1, 2, 3]",0.04149,0.38636,454,0.25943,0.38611,170,0.31031,COMPLETED
643,20251016_201355,gaitgl_OUMVLP.csv,Preset_4,MLP,42,16,"[640, 448, 256]",mean,minmax,64,3,640,relu,0.35,RMSprop,,8e-05,5e-05,True,0.7,"[1, 2]","[1, 2, 3]",0.16431,0.38636,901,0.32605,0.40875,833,0.1969,STOPPED
644,20251016_201355,gaitpart_GREW.csv,Preset_4,MLP,42,47,"[640, 448, 256]",mean,minmax,64,3,640,relu,0.35,RMSprop,,8e-05,5e-05,True,0.7,"[1, 2]","[1, 2, 3]",0.03574,0.56818,361,0.5317,0.59221,187,0.15273,COMPLETED
645,20251016_201355,gaitpart_OUMVLP.csv,Preset_4,MLP,42,37,"[640, 448, 256]",mean,minmax,64,3,640,relu,0.35,RMSprop,,8e-05,5e-05,True,0.7,"[1, 2]","[1, 2, 3]",0.04297,0.54545,403,0.40489,0.56288,230,0.13307,COMPLETED
646,20251016_201355,gaitset.csv,Preset_4,MLP,42,23,"[640, 448, 256]",mean,minmax,64,3,640,relu,0.35,RMSprop,,8e-05,5e-05,True,0.7,"[1, 2]","[1, 2, 3]",0.04373,0.38636,760,0.28926,0.40172,521,0.1412,COMPLETED
647,20251016_201355,gaitset_GREW.csv,Preset_4,MLP,42,48,"[640, 448, 256]",mean,minmax,64,3,640,relu,0.35,RMSprop,,8e-05,5e-05,True,0.7,"[1, 2]","[1, 2, 3]",0.03834,0.54545,315,0.4534,0.56891,138,0.26533,COMPLETED
648,20251016_201355,gaitset_OUMVLP.csv,Preset_4,MLP,42,34,"[640, 448, 256]",mean,minmax,64,3,640,relu,0.35,RMSprop,,8e-05,5e-05,True,0.7,"[1, 2]","[1, 2, 3]",0.03981,0.43182,487,0.32832,0.38817,433,0.04848,COMPLETED
649,20251016_201355,gln_phase1.csv,Preset_4,MLP,42,31,"[640, 448, 256]",mean,minmax,64,3,640,relu,0.35,RMSprop,,8e-05,5e-05,True,0.7,"[1, 2]","[1, 2, 3]",0.03563,0.5,504,0.49064,0.6642,162,0.34781,COMPLETED
650,20251016_201355,gln_phase2.csv,Preset_4,MLP,42,34,"[640, 448, 256]",mean,minmax,64,3,640,relu,0.35,RMSprop,,8e-05,5e-05,True,0.7,"[1, 2]","[1, 2, 3]",0.04519,0.54545,495,0.48914,0.51736,373,0.06979,COMPLETED

651,20251016_201355,baseline_CASIAB.csv,Preset_5,MLP,42,45,"[512, 384, 256]",max,L2,80,3,512,silu,0.55,SGD,0.9,0.003,1e-05,True,0.75,"[1, 2, 3]","[2, 3]",0.04035,0.52273,781,0.42286,0.61105,726,0.14275,COMPLETED
652,20251016_201355,baseline_OUMVLP.csv,Preset_5,MLP,42,44,"[512, 384, 256]",max,L2,80,3,512,silu,0.55,SGD,0.9,0.003,1e-05,True,0.75,"[1, 2, 3]","[2, 3]",0.02471,0.45455,995,0.37728,0.50823,937,0.14786,COMPLETED
653,20251016_201355,gaitgl.csv,Preset_5,MLP,42,56,"[512, 384, 256]",max,L2,80,3,512,silu,0.55,SGD,0.9,0.003,1e-05,True,0.75,"[1, 2, 3]","[2, 3]",1.00823,0.47727,126,0.21538,0.21538,126,1.00823,STOPPED
654,20251016_201355,gaitgl_GREW.csv,Preset_5,MLP,42,81,"[512, 384, 256]",max,L2,80,3,512,silu,0.55,SGD,0.9,0.003,1e-05,True,0.75,"[1, 2, 3]","[2, 3]",0.04511,0.40909,481,0.27487,0.41465,411,0.10011,COMPLETED
655,20251016_201355,gaitgl_GREW_BNNeck.csv,Preset_5,MLP,42,65,"[512, 384, 256]",max,L2,80,3,512,silu,0.55,SGD,0.9,0.003,1e-05,True,0.75,"[1, 2, 3]","[2, 3]",0.02125,0.52273,541,0.48708,0.53737,311,0.29348,COMPLETED
656,20251016_201355,gaitgl_OUMVLP.csv,Preset_5,MLP,42,33,"[512, 384, 256]",max,L2,80,3,512,silu,0.55,SGD,0.9,0.003,1e-05,True,0.75,"[1, 2, 3]","[2, 3]",0.98553,0.45455,352,0.26349,0.26349,352,0.98553,STOPPED
657,20251016_201355,gaitpart_GREW.csv,Preset_5,MLP,42,64,"[512, 384, 256]",max,L2,80,3,512,silu,0.55,SGD,0.9,0.003,1e-05,True,0.75,"[1, 2, 3]","[2, 3]",0.03479,0.52273,1008,0.36889,0.54746,744,0.27329,COMPLETED
658,20251016_201355,gaitpart_OUMVLP.csv,Preset_5,MLP,42,40,"[512, 384, 256]",max,L2,80,3,512,silu,0.55,SGD,0.9,0.003,1e-05,True,0.75,"[1, 2, 3]","[2, 3]",1.01871,0.47727,181,0.21538,0.21538,181,1.01871,STOPPED
659,20251016_201355,gaitset.csv,Preset_5,MLP,42,44,"[512, 384, 256]",max,L2,80,3,512,silu,0.55,SGD,0.9,0.003,1e-05,True,0.75,"[1, 2, 3]","[2, 3]",0.04053,0.47727,705,0.42778,0.50779,486,0.20894,COMPLETED
660,20251016_201355,gaitset_GREW.csv,Preset_5,MLP,42,67,"[512, 384, 256]",max,L2,80,3,512,silu,0.55,SGD,0.9,0.003,1e-05,True,0.75,"[1, 2, 3]","[2, 3]",1.00647,0.47727,127,0.21538,0.21538,127,1.00647,STOPPED
661,20251016_201355,gaitset_OUMVLP.csv,Preset_5,MLP,42,40,"[512, 384, 256]",max,L2,80,3,512,silu,0.55,SGD,0.9,0.003,1e-05,True,0.75,"[1, 2, 3]","[2, 3]",1.01012,0.47727,165,0.21538,0.21538,165,1.01012,STOPPED
662,20251016_201355,gln_phase1.csv,Preset_5,MLP,42,42,"[512, 384, 256]",max,L2,80,3,512,silu,0.55,SGD,0.9,0.003,1e-05,True,0.75,"[1, 2, 3]","[2, 3]",0.03978,0.45455,877,0.33109,0.47374,840,0.08359,COMPLETED
663,20251016_201355,gln_phase2.csv,Preset_5,MLP,42,42,"[512, 384, 256]",max,L2,80,3,512,silu,0.55,SGD,0.9,0.003,1e-05,True,0.75,"[1, 2, 3]","[2, 3]",0.03422,0.5,1180,0.37652,0.60556,1151,0.12254,COMPLETED

664,20251016_201355,baseline_CASIAB.csv,Preset_6,MLP,42,50,"[1280, 896, 512, 256]",max,minmax,96,4,1280,silu,0.4,SGD,0.95,0.005,0.0,True,0.8,"[1, 3]","[1, 2]",0.01973,0.5,224,0.38614,0.52968,85,0.30169,COMPLETED
665,20251016_201355,baseline_OUMVLP.csv,Preset_6,MLP,42,59,"[1280, 896, 512, 256]",max,minmax,96,4,1280,silu,0.4,SGD,0.95,0.005,0.0,True,0.8,"[1, 3]","[1, 2]",0.0188,0.40909,147,0.29181,0.4521,129,0.13825,COMPLETED
666,20251016_201355,gaitgl.csv,Preset_6,MLP,42,60,"[1280, 896, 512, 256]",max,minmax,96,4,1280,silu,0.4,SGD,0.95,0.005,0.0,True,0.8,"[1, 3]","[1, 2]",0.02393,0.47727,119,0.45756,0.58859,94,0.22761,COMPLETED
667,20251016_201355,gaitgl_GREW.csv,Preset_6,MLP,42,98,"[1280, 896, 512, 256]",max,minmax,96,4,1280,silu,0.4,SGD,0.95,0.005,0.0,True,0.8,"[1, 3]","[1, 2]",0.02862,0.40909,91,0.2957,0.37407,51,0.32277,COMPLETED
668,20251016_201355,gaitgl_GREW_BNNeck.csv,Preset_6,MLP,42,80,"[1280, 896, 512, 256]",max,minmax,96,4,1280,silu,0.4,SGD,0.95,0.005,0.0,True,0.8,"[1, 3]","[1, 2]",0.03833,0.45455,125,0.37143,0.49145,72,0.3025,COMPLETED
669,20251016_201355,gaitgl_OUMVLP.csv,Preset_6,MLP,42,42,"[1280, 896, 512, 256]",max,minmax,96,4,1280,silu,0.4,SGD,0.95,0.005,0.0,True,0.8,"[1, 3]","[1, 2]",0.03191,0.47727,218,0.34912,0.4241,168,0.22513,COMPLETED
670,20251016_201355,gaitpart_GREW.csv,Preset_6,MLP,42,79,"[1280, 896, 512, 256]",max,minmax,96,4,1280,silu,0.4,SGD,0.95,0.005,0.0,True,0.8,"[1, 3]","[1, 2]",0.02052,0.43182,118,0.35608,0.47695,82,0.27145,COMPLETED
671,20251016_201355,gaitpart_OUMVLP.csv,Preset_6,MLP,42,46,"[1280, 896, 512, 256]",max,minmax,96,4,1280,silu,0.4,SGD,0.95,0.005,0.0,True,0.8,"[1, 3]","[1, 2]",0.02144,0.47727,177,0.36528,0.47337,76,0.33597,COMPLETED
672,20251016_201355,gaitset.csv,Preset_6,MLP,42,57,"[1280, 896, 512, 256]",max,minmax,96,4,1280,silu,0.4,SGD,0.95,0.005,0.0,True,0.8,"[1, 3]","[1, 2]",0.04209,0.36364,144,0.31731,0.47488,94,0.34472,COMPLETED
673,20251016_201355,gaitset_GREW.csv,Preset_6,MLP,42,69,"[1280, 896, 512, 256]",max,minmax,96,4,1280,silu,0.4,SGD,0.95,0.005,0.0,True,0.8,"[1, 3]","[1, 2]",0.02523,0.47727,159,0.40289,0.46217,104,0.23689,COMPLETED
674,20251016_201355,gaitset_OUMVLP.csv,Preset_6,MLP,42,40,"[1280, 896, 512, 256]",max,minmax,96,4,1280,silu,0.4,SGD,0.95,0.005,0.0,True,0.8,"[1, 3]","[1, 2]",0.02926,0.5,187,0.42211,0.53153,122,0.28254,COMPLETED
675,20251016_201355,gln_phase1.csv,Preset_6,MLP,42,53,"[1280, 896, 512, 256]",max,minmax,96,4,1280,silu,0.4,SGD,0.95,0.005,0.0,True,0.8,"[1, 3]","[1, 2]",0.04712,0.5,146,0.36925,0.48187,99,0.19715,COMPLETED
676,20251016_201355,gln_phase2.csv,Preset_6,MLP,42,52,"[1280, 896, 512, 256]",max,minmax,96,4,1280,silu,0.4,SGD,0.95,0.005,0.0,True,0.8,"[1, 3]","[1, 2]",0.03412,0.5,158,0.36906,0.51034,133,0.06269,COMPLETED

677,20251016_201355,baseline_CASIAB.csv,Preset_7,MLP,42,66,"[896, 512, 256]",mean,L2,64,3,896,leakyrelu,0.45,AdamW,,0.0002,1e-05,True,0.85,"[2, 3]","[1, 3]",0.04782,0.45455,197,0.42609,0.51462,121,0.19352,COMPLETED
678,20251016_201355,baseline_OUMVLP.csv,Preset_7,MLP,42,59,"[896, 512, 256]",mean,L2,64,3,896,leakyrelu,0.45,AdamW,,0.0002,1e-05,True,0.85,"[2, 3]","[1, 3]",0.03733,0.56818,320,0.51727,0.57613,273,0.12811,COMPLETED
679,20251016_201355,gaitgl.csv,Preset_7,MLP,42,53,"[896, 512, 256]",mean,L2,64,3,896,leakyrelu,0.45,AdamW,,0.0002,1e-05,True,0.85,"[2, 3]","[1, 3]",0.04697,0.43182,261,0.37436,0.53559,162,0.1874,COMPLETED
680,20251016_201355,gaitgl_GREW.csv,Preset_7,MLP,42,102,"[896, 512, 256]",mean,L2,64,3,896,leakyrelu,0.45,AdamW,,0.0002,1e-05,True,0.85,"[2, 3]","[1, 3]",0.04908,0.36364,199,0.31566,0.39428,132,0.12119,COMPLETED
681,20251016_201355,gaitgl_GREW_BNNeck.csv,Preset_7,MLP,42,80,"[896, 512, 256]",mean,L2,64,3,896,leakyrelu,0.45,AdamW,,0.0002,1e-05,True,0.85,"[2, 3]","[1, 3]",0.02785,0.45455,143,0.38801,0.41836,81,0.15159,COMPLETED
682,20251016_201355,gaitgl_OUMVLP.csv,Preset_7,MLP,42,71,"[896, 512, 256]",mean,L2,64,3,896,leakyrelu,0.45,AdamW,,0.0002,1e-05,True,0.85,"[2, 3]","[1, 3]",0.03562,0.54545,570,0.52983,0.54545,562,0.04593,COMPLETED
683,20251016_201355,gaitpart_GREW.csv,Preset_7,MLP,42,87,"[896, 512, 256]",mean,L2,64,3,896,leakyrelu,0.45,AdamW,,0.0002,1e-05,True,0.85,"[2, 3]","[1, 3]",0.04559,0.45455,167,0.40815,0.50556,120,0.08773,COMPLETED
684,20251016_201355,gaitpart_OUMVLP.csv,Preset_7,MLP,42,76,"[896, 512, 256]",mean,L2,64,3,896,leakyrelu,0.45,AdamW,,0.0002,1e-05,True,0.85,"[2, 3]","[1, 3]",0.04832,0.54545,334,0.45743,0.59813,188,0.32048,COMPLETED
685,20251016_201355,gaitset.csv,Preset_7,MLP,42,52,"[896, 512, 256]",mean,L2,64,3,896,leakyrelu,0.45,AdamW,,0.0002,1e-05,True,0.85,"[2, 3]","[1, 3]",0.03304,0.5,246,0.357,0.51532,238,0.05878,COMPLETED
686,20251016_201355,gaitset_GREW.csv,Preset_7,MLP,42,91,"[896, 512, 256]",mean,L2,64,3,896,leakyrelu,0.45,AdamW,,0.0002,1e-05,True,0.85,"[2, 3]","[1, 3]",0.04082,0.45455,158,0.31339,0.46357,129,0.11299,COMPLETED
687,20251016_201355,gaitset_OUMVLP.csv,Preset_7,MLP,42,72,"[896, 512, 256]",mean,L2,64,3,896,leakyrelu,0.45,AdamW,,0.0002,1e-05,True,0.85,"[2, 3]","[1, 3]",0.04684,0.45455,373,0.37729,0.49288,275,0.09304,COMPLETED
688,20251016_201355,gln_phase1.csv,Preset_7,MLP,42,67,"[896, 512, 256]",mean,L2,64,3,896,leakyrelu,0.45,AdamW,,0.0002,1e-05,True,0.85,"[2, 3]","[1, 3]",0.0436,0.47727,181,0.3514,0.52267,79,0.34399,COMPLETED
689,20251016_201355,gln_phase2.csv,Preset_7,MLP,42,72,"[896, 512, 256]",mean,L2,64,3,896,leakyrelu,0.45,AdamW,,0.0002,1e-05,True,0.85,"[2, 3]","[1, 3]",0.03351,0.45455,185,0.33238,0.43844,120,0.21377,COMPLETED

690,20251016_201355,baseline_CASIAB.csv,Preset_8,MLP,42,28,"[768, 384, 256]",max,minmax,80,3,768,gelu,0.5,AdamW,,0.0001,5e-05,True,0.7,"[1, 2]","[1, 2, 3]",0.07326,0.5,583,0.41902,0.48308,548,0.08885,STOPPED
691,20251016_201355,baseline_OUMVLP.csv,Preset_8,MLP,42,37,"[768, 384, 256]",max,minmax,80,3,768,gelu,0.5,AdamW,,0.0001,5e-05,True,0.7,"[1, 2]","[1, 2, 3]",0.02948,0.45455,480,0.37762,0.4623,425,0.05026,COMPLETED
692,20251016_201355,gaitgl.csv,Preset_8,MLP,42,43,"[768, 384, 256]",max,minmax,80,3,768,gelu,0.5,AdamW,,0.0001,5e-05,True,0.7,"[1, 2]","[1, 2, 3]",0.03995,0.45455,377,0.3782,0.4596,244,0.10369,COMPLETED
693,20251016_201355,gaitgl_GREW.csv,Preset_8,MLP,42,71,"[768, 384, 256]",max,minmax,80,3,768,gelu,0.5,AdamW,,0.0001,5e-05,True,0.7,"[1, 2]","[1, 2, 3]",0.02501,0.43182,236,0.375,0.40972,157,0.10999,COMPLETED
694,20251016_201355,gaitgl_GREW_BNNeck.csv,Preset_8,MLP,42,54,"[768, 384, 256]",max,minmax,80,3,768,gelu,0.5,AdamW,,0.0001,5e-05,True,0.7,"[1, 2]","[1, 2, 3]",0.04346,0.5,329,0.41667,0.45971,124,0.32776,COMPLETED
695,20251016_201355,gaitgl_OUMVLP.csv,Preset_8,MLP,42,19,"[768, 384, 256]",max,minmax,80,3,768,gelu,0.5,AdamW,,0.0001,5e-05,True,0.7,"[1, 2]","[1, 2, 3]",0.0766,0.36364,1123,0.31527,0.39252,460,0.3261,STOPPED
696,20251016_201355,gaitpart_GREW.csv,Preset_8,MLP,42,54,"[768, 384, 256]",max,minmax,80,3,768,gelu,0.5,AdamW,,0.0001,5e-05,True,0.7,"[1, 2]","[1, 2, 3]",0.03324,0.40909,299,0.30814,0.50095,105,0.34821,COMPLETED
697,20251016_201355,gaitpart_OUMVLP.csv,Preset_8,MLP,42,27,"[768, 384, 256]",max,minmax,80,3,768,gelu,0.5,AdamW,,0.0001,5e-05,True,0.7,"[1, 2]","[1, 2, 3]",0.0285,0.45455,688,0.33333,0.39858,443,0.10318,COMPLETED
698,20251016_201355,gaitset.csv,Preset_8,MLP,42,33,"[768, 384, 256]",max,minmax,80,3,768,gelu,0.5,AdamW,,0.0001,5e-05,True,0.7,"[1, 2]","[1, 2, 3]",0.03702,0.43182,587,0.39332,0.47535,551,0.0603,COMPLETED
699,20251016_201355,gaitset_GREW.csv,Preset_8,MLP,42,43,"[768, 384, 256]",max,minmax,80,3,768,gelu,0.5,AdamW,,0.0001,5e-05,True,0.7,"[1, 2]","[1, 2, 3]",0.03312,0.47727,468,0.33777,0.40877,158,0.33049,COMPLETED
700,20251016_201355,gaitset_OUMVLP.csv,Preset_8,MLP,42,20,"[768, 384, 256]",max,minmax,80,3,768,gelu,0.5,AdamW,,0.0001,5e-05,True,0.7,"[1, 2]","[1, 2, 3]",0.09514,0.40909,798,0.31111,0.43298,343,0.29851,STOPPED
701,20251016_201355,gln_phase1.csv,Preset_8,MLP,42,30,"[768, 384, 256]",max,minmax,80,3,768,gelu,0.5,AdamW,,0.0001,5e-05,True,0.7,"[1, 2]","[1, 2, 3]",0.0233,0.45455,604,0.35107,0.53019,194,0.31424,COMPLETED
702,20251016_201355,gln_phase2.csv,Preset_8,MLP,42,29,"[768, 384, 256]",max,minmax,80,3,768,gelu,0.5,AdamW,,0.0001,5e-05,True,0.7,"[1, 2]","[1, 2, 3]",0.04488,0.45455,681,0.33804,0.42309,240,0.30451,COMPLETED

703,20251016_201355,baseline_CASIAB.csv,Preset_9,MLP,42,45,"[1024, 640, 320]",max,L2,96,3,1024,relu,0.35,RMSprop,,0.0001,1e-05,True,0.75,"[1, 2, 3]","[2, 3]",0.02452,0.56818,520,0.46826,0.4928,430,0.15124,COMPLETED
704,20251016_201355,baseline_OUMVLP.csv,Preset_9,MLP,42,44,"[1024, 640, 320]",max,L2,96,3,1024,relu,0.35,RMSprop,,0.0001,1e-05,True,0.75,"[1, 2, 3]","[2, 3]",0.02673,0.36364,745,0.34343,0.42778,613,0.2614,COMPLETED
705,20251016_201355,gaitgl.csv,Preset_9,MLP,42,56,"[1024, 640, 320]",max,L2,96,3,1024,relu,0.35,RMSprop,,0.0001,1e-05,True,0.75,"[1, 2, 3]","[2, 3]",0.04727,0.43182,385,0.36895,0.48961,384,0.03252,COMPLETED
706,20251016_201355,gaitgl_GREW.csv,Preset_9,MLP,42,81,"[1024, 640, 320]",max,L2,96,3,1024,relu,0.35,RMSprop,,0.0001,1e-05,True,0.75,"[1, 2, 3]","[2, 3]",0.02831,0.34091,302,0.2962,0.41111,237,0.24216,COMPLETED
707,20251016_201355,gaitgl_GREW_BNNeck.csv,Preset_9,MLP,42,65,"[1024, 640, 320]",max,L2,96,3,1024,relu,0.35,RMSprop,,0.0001,1e-05,True,0.75,"[1, 2, 3]","[2, 3]",0.02366,0.47727,332,0.42464,0.52758,241,0.25999,COMPLETED
708,20251016_201355,gaitgl_OUMVLP.csv,Preset_9,MLP,42,33,"[1024, 640, 320]",max,L2,96,3,1024,relu,0.35,RMSprop,,0.0001,1e-05,True,0.75,"[1, 2, 3]","[2, 3]",0.0349,0.52273,1841,0.47179,0.50232,1607,0.16895,COMPLETED
709,20251016_201355,gaitpart_GREW.csv,Preset_9,MLP,42,64,"[1024, 640, 320]",max,L2,96,3,1024,relu,0.35,RMSprop,,0.0001,1e-05,True,0.75,"[1, 2, 3]","[2, 3]",0.04264,0.45455,542,0.4205,0.52462,365,0.3337,COMPLETED
710,20251016_201355,gaitpart_OUMVLP.csv,Preset_9,MLP,42,40,"[1024, 640, 320]",max,L2,96,3,1024,relu,0.35,RMSprop,,0.0001,1e-05,True,0.75,"[1, 2, 3]","[2, 3]",0.04957,0.43182,1521,0.40211,0.52756,1250,0.2652,COMPLETED
711,20251016_201355,gaitset.csv,Preset_9,MLP,42,44,"[1024, 640, 320]",max,L2,96,3,1024,relu,0.35,RMSprop,,0.0001,1e-05,True,0.75,"[1, 2, 3]","[2, 3]",0.04469,0.5,611,0.41163,0.44706,573,0.21628,COMPLETED
712,20251016_201355,gaitset_GREW.csv,Preset_9,MLP,42,67,"[1024, 640, 320]",max,L2,96,3,1024,relu,0.35,RMSprop,,0.0001,1e-05,True,0.75,"[1, 2, 3]","[2, 3]",0.03561,0.43182,506,0.32275,0.43945,486,0.08661,COMPLETED
713,20251016_201355,gaitset_OUMVLP.csv,Preset_9,MLP,42,40,"[1024, 640, 320]",max,L2,96,3,1024,relu,0.35,RMSprop,,0.0001,1e-05,True,0.75,"[1, 2, 3]","[2, 3]",0.04047,0.52273,1897,0.49022,0.55556,1784,0.12876,COMPLETED
714,20251016_201355,gln_phase1.csv,Preset_9,MLP,42,42,"[1024, 640, 320]",max,L2,96,3,1024,relu,0.35,RMSprop,,0.0001,1e-05,True,0.75,"[1, 2, 3]","[2, 3]",0.03433,0.52273,672,0.37943,0.4275,519,0.27944,COMPLETED
715,20251016_201355,gln_phase2.csv,Preset_9,MLP,42,42,"[1024, 640, 320]",max,L2,96,3,1024,relu,0.35,RMSprop,,0.0001,1e-05,True,0.75,"[1, 2, 3]","[2, 3]",0.03198,0.52273,647,0.43555,0.54291,495,0.34485,COMPLETED

716,20251016_201355,baseline_CASIAB.csv,Preset_10,MLP,42,49,"[768, 512, 256]",mean,minmax,64,3,768,elu,0.55,RMSprop,,8e-05,5e-05,True,0.8,"[1, 3]","[1, 2]",0.05763,0.59091,1227,0.42222,0.52839,811,0.19388,STOPPED
717,20251016_201355,baseline_OUMVLP.csv,Preset_10,MLP,42,47,"[768, 512, 256]",mean,minmax,64,3,768,elu,0.55,RMSprop,,8e-05,5e-05,True,0.8,"[1, 3]","[1, 2]",0.04385,0.56818,1195,0.5377,0.6209,557,0.26618,COMPLETED
718,20251016_201355,gaitgl.csv,Preset_10,MLP,42,34,"[768, 512, 256]",mean,minmax,64,3,768,elu,0.55,RMSprop,,8e-05,5e-05,True,0.8,"[1, 3]","[1, 2]",0.06208,0.40909,1691,0.3085,0.38987,1249,0.13544,STOPPED
719,20251016_201355,gaitgl_GREW.csv,Preset_10,MLP,42,69,"[768, 512, 256]",mean,minmax,64,3,768,elu,0.55,RMSprop,,8e-05,5e-05,True,0.8,"[1, 3]","[1, 2]",0.04173,0.47727,1075,0.36667,0.40958,549,0.24587,COMPLETED
720,20251016_201355,gaitgl_GREW_BNNeck.csv,Preset_10,MLP,42,63,"[768, 512, 256]",mean,minmax,64,3,768,elu,0.55,RMSprop,,8e-05,5e-05,True,0.8,"[1, 3]","[1, 2]",0.04768,0.54545,1025,0.49757,0.51345,954,0.06942,COMPLETED
721,20251016_201355,gaitgl_OUMVLP.csv,Preset_10,MLP,42,37,"[768, 512, 256]",mean,minmax,64,3,768,elu,0.55,RMSprop,,8e-05,5e-05,True,0.8,"[1, 3]","[1, 2]",0.1251,0.59091,1325,0.56184,0.57753,1320,0.12088,STOPPED
722,20251016_201355,gaitpart_GREW.csv,Preset_10,MLP,42,70,"[768, 512, 256]",mean,minmax,64,3,768,elu,0.55,RMSprop,,8e-05,5e-05,True,0.8,"[1, 3]","[1, 2]",0.03409,0.56818,859,0.45795,0.53963,535,0.1791,COMPLETED
723,20251016_201355,gaitpart_OUMVLP.csv,Preset_10,MLP,42,58,"[768, 512, 256]",mean,minmax,64,3,768,elu,0.55,RMSprop,,8e-05,5e-05,True,0.8,"[1, 3]","[1, 2]",0.04086,0.61364,906,0.45351,0.52905,378,0.31298,COMPLETED
724,20251016_201355,gaitset.csv,Preset_10,MLP,42,40,"[768, 512, 256]",mean,minmax,64,3,768,elu,0.55,RMSprop,,8e-05,5e-05,True,0.8,"[1, 3]","[1, 2]",0.04732,0.52273,1517,0.43076,0.47838,1205,0.08428,STOPPED
725,20251016_201355,gaitset_GREW.csv,Preset_10,MLP,42,72,"[768, 512, 256]",mean,minmax,64,3,768,elu,0.55,RMSprop,,8e-05,5e-05,True,0.8,"[1, 3]","[1, 2]",0.03953,0.52273,894,0.37612,0.44635,642,0.13525,COMPLETED
726,20251016_201355,gaitset_OUMVLP.csv,Preset_10,MLP,42,55,"[768, 512, 256]",mean,minmax,64,3,768,elu,0.55,RMSprop,,8e-05,5e-05,True,0.8,"[1, 3]","[1, 2]",0.06725,0.47727,873,0.40436,0.44949,850,0.10073,STOPPED
727,20251016_201355,gln_phase1.csv,Preset_10,MLP,42,52,"[768, 512, 256]",mean,minmax,64,3,768,elu,0.55,RMSprop,,8e-05,5e-05,True,0.8,"[1, 3]","[1, 2]",0.04754,0.52273,1105,0.483,0.55637,507,0.27027,COMPLETED
728,20251016_201355,gln_phase2.csv,Preset_10,MLP,42,56,"[768, 512, 256]",mean,minmax,64,3,768,elu,0.55,RMSprop,,8e-05,5e-05,True,0.8,"[1, 3]","[1, 2]",0.03963,0.45455,1082,0.33401,0.45795,886,0.09323,COMPLETED

729,20251016_201355,baseline_CASIAB.csv,Preset_11,MLP,42,75,"[896, 640, 384, 192]",max,L2,80,4,896,silu,0.4,SGD,0.9,0.003,1e-05,True,0.85,"[2, 3]","[1, 3]",0.0199,0.54545,1258,0.45589,0.54816,1039,0.10938,COMPLETED
730,20251016_201355,baseline_OUMVLP.csv,Preset_11,MLP,42,71,"[896, 640, 384, 192]",max,L2,80,4,896,silu,0.4,SGD,0.9,0.003,1e-05,True,0.85,"[2, 3]","[1, 3]",0.18742,0.43182,1511,0.36419,0.48381,1307,0.21567,STOPPED
731,20251016_201355,gaitgl.csv,Preset_11,MLP,42,75,"[896, 640, 384, 192]",max,L2,80,4,896,silu,0.4,SGD,0.9,0.003,1e-05,True,0.85,"[2, 3]","[1, 3]",0.0369,0.52273,1025,0.47486,0.53623,827,0.22782,COMPLETED
732,20251016_201355,gaitgl_GREW.csv,Preset_11,MLP,42,114,"[896, 640, 384, 192]",max,L2,80,4,896,silu,0.4,SGD,0.9,0.003,1e-05,True,0.85,"[2, 3]","[1, 3]",0.03863,0.40909,1206,0.36137,0.46496,1135,0.11843,COMPLETED
733,20251016_201355,gaitgl_GREW_BNNeck.csv,Preset_11,MLP,42,96,"[896, 640, 384, 192]",max,L2,80,4,896,silu,0.4,SGD,0.9,0.003,1e-05,True,0.85,"[2, 3]","[1, 3]",0.02389,0.54545,1042,0.47034,0.50781,983,0.08949,COMPLETED
734,20251016_201355,gaitgl_OUMVLP.csv,Preset_11,MLP,42,64,"[896, 640, 384, 192]",max,L2,80,4,896,silu,0.4,SGD,0.9,0.003,1e-05,True,0.85,"[2, 3]","[1, 3]",0.80905,0.5,1456,0.35979,0.35979,1456,0.80905,STOPPED
735,20251016_201355,gaitpart_GREW.csv,Preset_11,MLP,42,95,"[896, 640, 384, 192]",max,L2,80,4,896,silu,0.4,SGD,0.9,0.003,1e-05,True,0.85,"[2, 3]","[1, 3]",0.70548,0.47727,872,0.41128,0.41128,872,0.70548,STOPPED
736,20251016_201355,gaitpart_OUMVLP.csv,Preset_11,MLP,42,66,"[896, 640, 384, 192]",max,L2,80,4,896,silu,0.4,SGD,0.9,0.003,1e-05,True,0.85,"[2, 3]","[1, 3]",1.0102,0.47727,110,0.21538,0.21538,110,1.0102,STOPPED
737,20251016_201355,gaitset.csv,Preset_11,MLP,42,75,"[896, 640, 384, 192]",max,L2,80,4,896,silu,0.4,SGD,0.9,0.003,1e-05,True,0.85,"[2, 3]","[1, 3]",0.03583,0.54545,1087,0.44343,0.49034,946,0.20082,COMPLETED
738,20251016_201355,gaitset_GREW.csv,Preset_11,MLP,42,99,"[896, 640, 384, 192]",max,L2,80,4,896,silu,0.4,SGD,0.9,0.003,1e-05,True,0.85,"[2, 3]","[1, 3]",0.72537,0.47727,1450,0.24868,0.24868,1450,0.72537,STOPPED
739,20251016_201355,gaitset_OUMVLP.csv,Preset_11,MLP,42,68,"[896, 640, 384, 192]",max,L2,80,4,896,silu,0.4,SGD,0.9,0.003,1e-05,True,0.85,"[2, 3]","[1, 3]",1.0037,0.47727,196,0.21538,0.21538,196,1.0037,STOPPED
740,20251016_201355,gln_phase1.csv,Preset_11,MLP,42,71,"[896, 640, 384, 192]",max,L2,80,4,896,silu,0.4,SGD,0.9,0.003,1e-05,True,0.85,"[2, 3]","[1, 3]",0.11199,0.43182,1483,0.32698,0.44197,1356,0.06846,STOPPED
741,20251016_201355,gln_phase2.csv,Preset_11,MLP,42,72,"[896, 640, 384, 192]",max,L2,80,4,896,silu,0.4,SGD,0.9,0.003,1e-05,True,0.85,"[2, 3]","[1, 3]",0.13107,0.5,1400,0.40227,0.55385,1080,0.32482,STOPPED

742,20251016_201355,baseline_CASIAB.csv,Preset_12,MLP,42,28,"[1024, 768, 512, 256]",max,minmax,96,4,1024,leakyrelu,0.45,SGD,0.95,0.005,0.0,True,0.7,"[1, 2]","[1, 2, 3]",0.14428,0.52273,616,0.38186,0.50274,578,0.12178,STOPPED
743,20251016_201355,baseline_OUMVLP.csv,Preset_12,MLP,42,37,"[1024, 768, 512, 256]",max,minmax,96,4,1024,leakyrelu,0.45,SGD,0.95,0.005,0.0,True,0.7,"[1, 2]","[1, 2, 3]",0.03031,0.45455,367,0.41095,0.4391,239,0.26633,COMPLETED
744,20251016_201355,gaitgl.csv,Preset_12,MLP,42,43,"[1024, 768, 512, 256]",max,minmax,96,4,1024,leakyrelu,0.45,SGD,0.95,0.005,0.0,True,0.7,"[1, 2]","[1, 2, 3]",0.04386,0.5,422,0.42966,0.56347,293,0.20534,COMPLETED
745,20251016_201355,gaitgl_GREW.csv,Preset_12,MLP,42,71,"[1024, 768, 512, 256]",max,minmax,96,4,1024,leakyrelu,0.45,SGD,0.95,0.005,0.0,True,0.7,"[1, 2]","[1, 2, 3]",0.02535,0.43182,248,0.37429,0.4862,154,0.25762,COMPLETED
746,20251016_201355,gaitgl_GREW_BNNeck.csv,Preset_12,MLP,42,54,"[1024, 768, 512, 256]",max,minmax,96,4,1024,leakyrelu,0.45,SGD,0.95,0.005,0.0,True,0.7,"[1, 2]","[1, 2, 3]",0.02588,0.54545,286,0.48673,0.54746,206,0.33212,COMPLETED
747,20251016_201355,gaitgl_OUMVLP.csv,Preset_12,MLP,42,19,"[1024, 768, 512, 256]",max,minmax,96,4,1024,leakyrelu,0.45,SGD,0.95,0.005,0.0,True,0.7,"[1, 2]","[1, 2, 3]",0.14414,0.45455,1000,0.40714,0.42576,926,0.18545,STOPPED
748,20251016_201355,gaitpart_GREW.csv,Preset_12,MLP,42,54,"[1024, 768, 512, 256]",max,minmax,96,4,1024,leakyrelu,0.45,SGD,0.95,0.005,0.0,True,0.7,"[1, 2]","[1, 2, 3]",0.04862,0.47727,278,0.45801,0.54197,201,0.12708,COMPLETED
749,20251016_201355,gaitpart_OUMVLP.csv,Preset_12,MLP,42,27,"[1024, 768, 512, 256]",max,minmax,96,4,1024,leakyrelu,0.45,SGD,0.95,0.005,0.0,True,0.7,"[1, 2]","[1, 2, 3]",0.16561,0.43182,570,0.33761,0.44257,405,0.0976,STOPPED
750,20251016_201355,gaitset.csv,Preset_12,MLP,42,33,"[1024, 768, 512, 256]",max,minmax,96,4,1024,leakyrelu,0.45,SGD,0.95,0.005,0.0,True,0.7,"[1, 2]","[1, 2, 3]",0.0423,0.43182,483,0.36923,0.56999,278,0.23892,COMPLETED
751,20251016_201355,gaitset_GREW.csv,Preset_12,MLP,42,43,"[1024, 768, 512, 256]",max,minmax,96,4,1024,leakyrelu,0.45,SGD,0.95,0.005,0.0,True,0.7,"[1, 2]","[1, 2, 3]",0.34228,0.45455,394,0.39563,0.50131,303,0.28734,STOPPED
752,20251016_201355,gaitset_OUMVLP.csv,Preset_12,MLP,42,20,"[1024, 768, 512, 256]",max,minmax,96,4,1024,leakyrelu,0.45,SGD,0.95,0.005,0.0,True,0.7,"[1, 2]","[1, 2, 3]",0.10431,0.47727,758,0.36822,0.48413,389,0.28924,STOPPED
753,20251016_201355,gln_phase1.csv,Preset_12,MLP,42,30,"[1024, 768, 512, 256]",max,minmax,96,4,1024,leakyrelu,0.45,SGD,0.95,0.005,0.0,True,0.7,"[1, 2]","[1, 2, 3]",0.07434,0.54545,524,0.39506,0.50755,442,0.20071,STOPPED
754,20251016_201355,gln_phase2.csv,Preset_12,MLP,42,29,"[1024, 768, 512, 256]",max,minmax,96,4,1024,leakyrelu,0.45,SGD,0.95,0.005,0.0,True,0.7,"[1, 2]","[1, 2, 3]",0.13171,0.47727,532,0.35325,0.58632,510,0.20919,STOPPED

755,20251016_201355,baseline_CASIAB.csv,Preset_13,MLP,42,40,"[640, 448, 256]",mean,L2,64,3,640,gelu,0.5,AdamW,,0.0002,1e-05,True,0.75,"[1, 2, 3]","[2, 3]",0.03526,0.5,187,0.41667,0.48914,127,0.34391,COMPLETED
756,20251016_201355,baseline_OUMVLP.csv,Preset_13,MLP,42,34,"[640, 448, 256]",mean,L2,64,3,640,gelu,0.5,AdamW,,0.0002,1e-05,True,0.75,"[1, 2, 3]","[2, 3]",0.02985,0.61364,266,0.55039,0.59829,240,0.15562,COMPLETED
757,20251016_201355,gaitgl.csv,Preset_13,MLP,42,34,"[640, 448, 256]",mean,L2,64,3,640,gelu,0.5,AdamW,,0.0002,1e-05,True,0.75,"[1, 2, 3]","[2, 3]",0.02928,0.36364,254,0.26615,0.38,140,0.27649,COMPLETED
758,20251016_201355,gaitgl_GREW.csv,Preset_13,MLP,42,69,"[640, 448, 256]",mean,L2,64,3,640,gelu,0.5,AdamW,,0.0002,1e-05,True,0.75,"[1, 2, 3]","[2, 3]",0.02733,0.45455,212,0.34848,0.41123,192,0.12646,COMPLETED
759,20251016_201355,gaitgl_GREW_BNNeck.csv,Preset_13,MLP,42,50,"[640, 448, 256]",mean,L2,64,3,640,gelu,0.5,AdamW,,0.0002,1e-05,True,0.75,"[1, 2, 3]","[2, 3]",0.04689,0.43182,148,0.36571,0.46815,141,0.05661,COMPLETED
760,20251016_201355,gaitgl_OUMVLP.csv,Preset_13,MLP,42,39,"[640, 448, 256]",mean,L2,64,3,640,gelu,0.5,AdamW,,0.0002,1e-05,True,0.75,"[1, 2, 3]","[2, 3]",0.03648,0.43182,693,0.42273,0.49753,691,0.04059,COMPLETED
761,20251016_201355,gaitpart_GREW.csv,Preset_13,MLP,42,57,"[640, 448, 256]",mean,L2,64,3,640,gelu,0.5,AdamW,,0.0002,1e-05,True,0.75,"[1, 2, 3]","[2, 3]",0.02974,0.59091,186,0.48056,0.56235,184,0.03749,COMPLETED
762,20251016_201355,gaitpart_OUMVLP.csv,Preset_13,MLP,42,48,"[640, 448, 256]",mean,L2,64,3,640,gelu,0.5,AdamW,,0.0002,1e-05,True,0.75,"[1, 2, 3]","[2, 3]",0.04652,0.56818,423,0.50823,0.53157,369,0.18761,COMPLETED
763,20251016_201355,gaitset.csv,Preset_13,MLP,42,29,"[640, 448, 256]",mean,L2,64,3,640,gelu,0.5,AdamW,,0.0002,1e-05,True,0.75,"[1, 2, 3]","[2, 3]",0.02937,0.43182,241,0.34665,0.39996,166,0.31752,COMPLETED
764,20251016_201355,gaitset_GREW.csv,Preset_13,MLP,42,60,"[640, 448, 256]",mean,L2,64,3,640,gelu,0.5,AdamW,,0.0002,1e-05,True,0.75,"[1, 2, 3]","[2, 3]",0.03766,0.61364,148,0.55556,0.57071,128,0.11972,COMPLETED
765,20251016_201355,gaitset_OUMVLP.csv,Preset_13,MLP,42,43,"[640, 448, 256]",mean,L2,64,3,640,gelu,0.5,AdamW,,0.0002,1e-05,True,0.75,"[1, 2, 3]","[2, 3]",0.03079,0.54545,437,0.40188,0.48655,402,0.16248,COMPLETED
766,20251016_201355,gln_phase1.csv,Preset_13,MLP,42,39,"[640, 448, 256]",mean,L2,64,3,640,gelu,0.5,AdamW,,0.0002,1e-05,True,0.75,"[1, 2, 3]","[2, 3]",0.03956,0.5,198,0.4521,0.54665,121,0.33144,COMPLETED
767,20251016_201355,gln_phase2.csv,Preset_13,MLP,42,43,"[640, 448, 256]",mean,L2,64,3,640,gelu,0.5,AdamW,,0.0002,1e-05,True,0.75,"[1, 2, 3]","[2, 3]",0.04607,0.43182,173,0.39127,0.46734,130,0.20999,COMPLETED

768,20251016_201355,baseline_CASIAB.csv,Preset_14,MLP,42,50,"[512, 384, 256]",max,minmax,80,3,512,relu,0.35,AdamW,,0.0001,5e-05,True,0.8,"[1, 3]","[1, 2]",0.04841,0.54545,241,0.39898,0.41667,226,0.07305,COMPLETED
769,20251016_201355,baseline_OUMVLP.csv,Preset_14,MLP,42,59,"[512, 384, 256]",max,minmax,80,3,512,relu,0.35,AdamW,,0.0001,5e-05,True,0.8,"[1, 3]","[1, 2]",0.04085,0.52273,194,0.42115,0.4848,145,0.1124,COMPLETED
770,20251016_201355,gaitgl.csv,Preset_14,MLP,42,60,"[512, 384, 256]",max,minmax,80,3,512,relu,0.35,AdamW,,0.0001,5e-05,True,0.8,"[1, 3]","[1, 2]",0.04741,0.45455,188,0.4265,0.48829,158,0.07487,COMPLETED
771,20251016_201355,gaitgl_GREW.csv,Preset_14,MLP,42,98,"[512, 384, 256]",max,minmax,80,3,512,relu,0.35,AdamW,,0.0001,5e-05,True,0.8,"[1, 3]","[1, 2]",0.04246,0.34091,137,0.2399,0.29275,56,0.32518,COMPLETED
772,20251016_201355,gaitgl_GREW_BNNeck.csv,Preset_14,MLP,42,80,"[512, 384, 256]",max,minmax,80,3,512,relu,0.35,AdamW,,0.0001,5e-05,True,0.8,"[1, 3]","[1, 2]",0.04777,0.56818,168,0.45128,0.53599,92,0.16498,COMPLETED
773,20251016_201355,gaitgl_OUMVLP.csv,Preset_14,MLP,42,42,"[512, 384, 256]",max,minmax,80,3,512,relu,0.35,AdamW,,0.0001,5e-05,True,0.8,"[1, 3]","[1, 2]",0.03665,0.43182,361,0.38689,0.42582,175,0.16881,COMPLETED
774,20251016_201355,gaitpart_GREW.csv,Preset_14,MLP,42,79,"[512, 384, 256]",max,minmax,80,3,512,relu,0.35,AdamW,,0.0001,5e-05,True,0.8,"[1, 3]","[1, 2]",0.02678,0.43182,156,0.34479,0.40754,133,0.04409,COMPLETED
775,20251016_201355,gaitpart_OUMVLP.csv,Preset_14,MLP,42,46,"[512, 384, 256]",max,minmax,80,3,512,relu,0.35,AdamW,,0.0001,5e-05,True,0.8,"[1, 3]","[1, 2]",0.04443,0.56818,213,0.42458,0.44444,186,0.08013,COMPLETED
776,20251016_201355,gaitset.csv,Preset_14,MLP,42,57,"[512, 384, 256]",max,minmax,80,3,512,relu,0.35,AdamW,,0.0001,5e-05,True,0.8,"[1, 3]","[1, 2]",0.04499,0.45455,232,0.43001,0.43347,139,0.12523,COMPLETED
777,20251016_201355,gaitset_GREW.csv,Preset_14,MLP,42,69,"[512, 384, 256]",max,minmax,80,3,512,relu,0.35,AdamW,,0.0001,5e-05,True,0.8,"[1, 3]","[1, 2]",0.04311,0.47727,177,0.36252,0.41919,127,0.10189,COMPLETED
778,20251016_201355,gaitset_OUMVLP.csv,Preset_14,MLP,42,40,"[512, 384, 256]",max,minmax,80,3,512,relu,0.35,AdamW,,0.0001,5e-05,True,0.8,"[1, 3]","[1, 2]",0.04861,0.56818,283,0.5101,0.53488,114,0.25186,COMPLETED
779,20251016_201355,gln_phase1.csv,Preset_14,MLP,42,53,"[512, 384, 256]",max,minmax,80,3,512,relu,0.35,AdamW,,0.0001,5e-05,True,0.8,"[1, 3]","[1, 2]",0.0452,0.47727,211,0.34912,0.37438,75,0.34885,COMPLETED
780,20251016_201355,gln_phase2.csv,Preset_14,MLP,42,52,"[512, 384, 256]",max,minmax,80,3,512,relu,0.35,AdamW,,0.0001,5e-05,True,0.8,"[1, 3]","[1, 2]",0.04358,0.5,237,0.36027,0.47972,125,0.17644,COMPLETED

781,20251016_201355,baseline_CASIAB.csv,Preset_15,MLP,42,75,"[1280, 896, 512, 256]",max,L2,96,4,1280,leakyrelu,0.55,RMSprop,,0.0001,1e-05,True,0.85,"[2, 3]","[1, 3]",0.03515,0.47727,1220,0.38605,0.49622,744,0.16553,COMPLETED
782,20251016_201355,baseline_OUMVLP.csv,Preset_15,MLP,42,71,"[1280, 896, 512, 256]",max,L2,96,4,1280,leakyrelu,0.55,RMSprop,,0.0001,1e-05,True,0.85,"[2, 3]","[1, 3]",0.04567,0.47727,1444,0.43844,0.49746,1316,0.14858,STOPPED
783,20251016_201355,gaitgl.csv,Preset_15,MLP,42,75,"[1280, 896, 512, 256]",max,L2,96,4,1280,leakyrelu,0.55,RMSprop,,0.0001,1e-05,True,0.85,"[2, 3]","[1, 3]",0.0474,0.52273,1037,0.52449,0.57778,691,0.16988,COMPLETED
784,20251016_201355,gaitgl_GREW.csv,Preset_15,MLP,42,114,"[1280, 896, 512, 256]",max,L2,96,4,1280,leakyrelu,0.55,RMSprop,,0.0001,1e-05,True,0.85,"[2, 3]","[1, 3]",0.03178,0.29545,572,0.22601,0.46365,417,0.13483,COMPLETED
785,20251016_201355,gaitgl_GREW_BNNeck.csv,Preset_15,MLP,42,96,"[1280, 896, 512, 256]",max,L2,96,4,1280,leakyrelu,0.55,RMSprop,,0.0001,1e-05,True,0.85,"[2, 3]","[1, 3]",0.03775,0.45455,777,0.40778,0.46508,373,0.33682,COMPLETED
786,20251016_201355,gaitgl_OUMVLP.csv,Preset_15,MLP,42,64,"[1280, 896, 512, 256]",max,L2,96,4,1280,leakyrelu,0.55,RMSprop,,0.0001,1e-05,True,0.85,"[2, 3]","[1, 3]",1.00548,0.47727,162,0.21538,0.21538,162,1.00548,STOPPED
787,20251016_201355,gaitpart_GREW.csv,Preset_15,MLP,42,95,"[1280, 896, 512, 256]",max,L2,96,4,1280,leakyrelu,0.55,RMSprop,,0.0001,1e-05,True,0.85,"[2, 3]","[1, 3]",0.01794,0.45455,1094,0.39905,0.58064,1070,0.06127,COMPLETED
788,20251016_201355,gaitpart_OUMVLP.csv,Preset_15,MLP,42,66,"[1280, 896, 512, 256]",max,L2,96,4,1280,leakyrelu,0.55,RMSprop,,0.0001,1e-05,True,0.85,"[2, 3]","[1, 3]",1.00625,0.47727,132,0.21538,0.21538,132,1.00625,STOPPED
789,20251016_201355,gaitset.csv,Preset_15,MLP,42,75,"[1280, 896, 512, 256]",max,L2,96,4,1280,leakyrelu,0.55,RMSprop,,0.0001,1e-05,True,0.85,"[2, 3]","[1, 3]",0.04271,0.38636,1126,0.33227,0.4588,664,0.25875,STOPPED
790,20251016_201355,gaitset_GREW.csv,Preset_15,MLP,42,99,"[1280, 896, 512, 256]",max,L2,96,4,1280,leakyrelu,0.55,RMSprop,,0.0001,1e-05,True,0.85,"[2, 3]","[1, 3]",0.02882,0.36364,1223,0.30388,0.3908,995,0.19835,COMPLETED
791,20251016_201355,gaitset_OUMVLP.csv,Preset_15,MLP,42,68,"[1280, 896, 512, 256]",max,L2,96,4,1280,leakyrelu,0.55,RMSprop,,0.0001,1e-05,True,0.85,"[2, 3]","[1, 3]",1.00287,0.47727,238,0.21538,0.21538,238,1.00287,STOPPED
792,20251016_201355,gln_phase1.csv,Preset_15,MLP,42,71,"[1280, 896, 512, 256]",max,L2,96,4,1280,leakyrelu,0.55,RMSprop,,0.0001,1e-05,True,0.85,"[2, 3]","[1, 3]",0.05856,0.45455,1236,0.38321,0.42997,858,0.1684,STOPPED
793,20251016_201355,gln_phase2.csv,Preset_15,MLP,42,72,"[1280, 896, 512, 256]",max,L2,96,4,1280,leakyrelu,0.55,RMSprop,,0.0001,1e-05,True,0.85,"[2, 3]","[1, 3]",0.066,0.52273,1331,0.46184,0.56891,1056,0.1662,STOPPED

794,20251016_201355,baseline_CASIAB.csv,Preset_16,MLP,42,30,"[896, 512, 256]",mean,minmax,64,3,896,silu,0.4,RMSprop,,8e-05,5e-05,True,0.7,"[1, 2]","[1, 2, 3]",0.03202,0.54545,599,0.44667,0.52251,187,0.32412,COMPLETED
795,20251016_201355,baseline_OUMVLP.csv,Preset_16,MLP,42,28,"[896, 512, 256]",mean,minmax,64,3,896,silu,0.4,RMSprop,,8e-05,5e-05,True,0.7,"[1, 2]","[1, 2, 3]",0.04055,0.47727,615,0.35421,0.48879,258,0.23125,COMPLETED
796,20251016_201355,gaitgl.csv,Preset_16,MLP,42,19,"[896, 512, 256]",mean,minmax,64,3,896,silu,0.4,RMSprop,,8e-05,5e-05,True,0.7,"[1, 2]","[1, 2, 3]",0.04524,0.38636,1399,0.28845,0.37115,1392,0.03822,COMPLETED
797,20251016_201355,gaitgl_GREW.csv,Preset_16,MLP,42,42,"[896, 512, 256]",mean,minmax,64,3,896,silu,0.4,RMSprop,,8e-05,5e-05,True,0.7,"[1, 2]","[1, 2, 3]",0.0484,0.56818,511,0.41693,0.44917,417,0.09405,COMPLETED
798,20251016_201355,gaitgl_GREW_BNNeck.csv,Preset_16,MLP,42,40,"[896, 512, 256]",mean,minmax,64,3,896,silu,0.4,RMSprop,,8e-05,5e-05,True,0.7,"[1, 2]","[1, 2, 3]",0.04197,0.45455,446,0.3604,0.46746,281,0.08855,COMPLETED
799,20251016_201355,gaitgl_OUMVLP.csv,Preset_16,MLP,42,16,"[896, 512, 256]",mean,minmax,64,3,896,silu,0.4,RMSprop,,8e-05,5e-05,True,0.7,"[1, 2]","[1, 2, 3]",0.12317,0.45455,1566,0.38499,0.43805,1114,0.19125,STOPPED
800,20251016_201355,gaitpart_GREW.csv,Preset_16,MLP,42,47,"[896, 512, 256]",mean,minmax,64,3,896,silu,0.4,RMSprop,,8e-05,5e-05,True,0.7,"[1, 2]","[1, 2, 3]",0.04599,0.54545,314,0.51673,0.61318,162,0.21718,COMPLETED
801,20251016_201355,gaitpart_OUMVLP.csv,Preset_16,MLP,42,37,"[896, 512, 256]",mean,minmax,64,3,896,silu,0.4,RMSprop,,8e-05,5e-05,True,0.7,"[1, 2]","[1, 2, 3]",0.03996,0.5,428,0.3925,0.52593,134,0.3075,COMPLETED
802,20251016_201355,gaitset.csv,Preset_16,MLP,42,23,"[896, 512, 256]",mean,minmax,64,3,896,silu,0.4,RMSprop,,8e-05,5e-05,True,0.7,"[1, 2]","[1, 2, 3]",0.04353,0.45455,879,0.37888,0.51215,553,0.12283,COMPLETED
803,20251016_201355,gaitset_GREW.csv,Preset_16,MLP,42,48,"[896, 512, 256]",mean,minmax,64,3,896,silu,0.4,RMSprop,,8e-05,5e-05,True,0.7,"[1, 2]","[1, 2, 3]",0.03352,0.47727,296,0.39202,0.47428,107,0.34455,COMPLETED
804,20251016_201355,gaitset_OUMVLP.csv,Preset_16,MLP,42,34,"[896, 512, 256]",mean,minmax,64,3,896,silu,0.4,RMSprop,,8e-05,5e-05,True,0.7,"[1, 2]","[1, 2, 3]",0.03698,0.54545,456,0.41313,0.43906,430,0.05875,COMPLETED
805,20251016_201355,gln_phase1.csv,Preset_16,MLP,42,31,"[896, 512, 256]",mean,minmax,64,3,896,silu,0.4,RMSprop,,8e-05,5e-05,True,0.7,"[1, 2]","[1, 2, 3]",0.04337,0.56818,563,0.5417,0.64077,402,0.10088,COMPLETED
806,20251016_201355,gln_phase2.csv,Preset_16,MLP,42,34,"[896, 512, 256]",mean,minmax,64,3,896,silu,0.4,RMSprop,,8e-05,5e-05,True,0.7,"[1, 2]","[1, 2, 3]",0.04031,0.47727,505,0.39207,0.51651,312,0.15197,COMPLETED

807,20251016_201355,baseline_CASIAB.csv,Preset_17,MLP,42,45,"[768, 384, 256]",max,L2,80,3,768,leakyrelu,0.45,SGD,0.9,0.003,1e-05,True,0.75,"[1, 2, 3]","[2, 3]",0.04773,0.5,753,0.42544,0.58481,730,0.11879,COMPLETED
808,20251016_201355,baseline_OUMVLP.csv,Preset_17,MLP,42,44,"[768, 384, 256]",max,L2,80,3,768,leakyrelu,0.45,SGD,0.9,0.003,1e-05,True,0.75,"[1, 2, 3]","[2, 3]",0.03879,0.45455,983,0.32982,0.50628,890,0.09157,COMPLETED
809,20251016_201355,gaitgl.csv,Preset_17,MLP,42,56,"[768, 384, 256]",max,L2,80,3,768,leakyrelu,0.45,SGD,0.9,0.003,1e-05,True,0.75,"[1, 2, 3]","[2, 3]",0.02602,0.45455,640,0.46118,0.54202,523,0.19024,COMPLETED
810,20251016_201355,gaitgl_GREW.csv,Preset_17,MLP,42,81,"[768, 384, 256]",max,L2,80,3,768,leakyrelu,0.45,SGD,0.9,0.003,1e-05,True,0.75,"[1, 2, 3]","[2, 3]",0.04055,0.34091,496,0.27993,0.4025,370,0.22194,COMPLETED
811,20251016_201355,gaitgl_GREW_BNNeck.csv,Preset_17,MLP,42,65,"[768, 384, 256]",max,L2,80,3,768,leakyrelu,0.45,SGD,0.9,0.003,1e-05,True,0.75,"[1, 2, 3]","[2, 3]",0.02484,0.43182,548,0.36977,0.50505,462,0.1135,COMPLETED
812,20251016_201355,gaitgl_OUMVLP.csv,Preset_17,MLP,42,33,"[768, 384, 256]",max,L2,80,3,768,leakyrelu,0.45,SGD,0.9,0.003,1e-05,True,0.75,"[1, 2, 3]","[2, 3]",1.0126,0.47727,211,0.21538,0.21538,211,1.0126,STOPPED
813,20251016_201355,gaitpart_GREW.csv,Preset_17,MLP,42,64,"[768, 384, 256]",max,L2,80,3,768,leakyrelu,0.45,SGD,0.9,0.003,1e-05,True,0.75,"[1, 2, 3]","[2, 3]",1.01217,0.47727,231,0.21538,0.21538,231,1.01217,STOPPED
814,20251016_201355,gaitpart_OUMVLP.csv,Preset_17,MLP,42,40,"[768, 384, 256]",max,L2,80,3,768,leakyrelu,0.45,SGD,0.9,0.003,1e-05,True,0.75,"[1, 2, 3]","[2, 3]",1.01263,0.47727,322,0.21538,0.21538,322,1.01263,STOPPED
815,20251016_201355,gaitset.csv,Preset_17,MLP,42,44,"[768, 384, 256]",max,L2,80,3,768,leakyrelu,0.45,SGD,0.9,0.003,1e-05,True,0.75,"[1, 2, 3]","[2, 3]",0.03212,0.47727,673,0.38926,0.55048,502,0.22418,COMPLETED
816,20251016_201355,gaitset_GREW.csv,Preset_17,MLP,42,67,"[768, 384, 256]",max,L2,80,3,768,leakyrelu,0.45,SGD,0.9,0.003,1e-05,True,0.75,"[1, 2, 3]","[2, 3]",0.15492,0.52273,1258,0.37433,0.61789,1128,0.10464,STOPPED
817,20251016_201355,gaitset_OUMVLP.csv,Preset_17,MLP,42,40,"[768, 384, 256]",max,L2,80,3,768,leakyrelu,0.45,SGD,0.9,0.003,1e-05,True,0.75,"[1, 2, 3]","[2, 3]",1.01214,0.47727,142,0.21538,0.21538,142,1.01214,STOPPED
818,20251016_201355,gln_phase1.csv,Preset_17,MLP,42,42,"[768, 384, 256]",max,L2,80,3,768,leakyrelu,0.45,SGD,0.9,0.003,1e-05,True,0.75,"[1, 2, 3]","[2, 3]",0.03841,0.47727,923,0.33586,0.45762,712,0.13317,COMPLETED
819,20251016_201355,gln_phase2.csv,Preset_17,MLP,42,42,"[768, 384, 256]",max,L2,80,3,768,leakyrelu,0.45,SGD,0.9,0.003,1e-05,True,0.75,"[1, 2, 3]","[2, 3]",0.04446,0.5,1101,0.42174,0.61457,985,0.05614,COMPLETED

820,20251017_161636,baseline_CASIAB.csv,Preset_1,MLP,42,256,"[896, 576, 288]",max,minmax,80,3,896,silu,0.45,AdamW,,0.001,5e-05,False,,"[1, 2, 3]","[1, 2]",0.04952,0.52273,231,0.41317,0.48063,129,0.22859,COMPLETED
821,20251017_161636,baseline_OUMVLP.csv,Preset_1,MLP,42,256,"[896, 576, 288]",max,minmax,80,3,896,silu,0.45,AdamW,,0.001,5e-05,False,,"[1, 2, 3]","[1, 2]",0.02236,0.31818,229,0.24053,0.37843,210,0.15258,COMPLETED
822,20251017_161636,gaitgl.csv,Preset_1,MLP,42,128,"[896, 576, 288]",max,minmax,80,3,896,silu,0.45,AdamW,,0.001,5e-05,False,,"[1, 2, 3]","[1, 2]",0.03527,0.56818,132,0.54035,0.61456,112,0.06113,COMPLETED
823,20251017_161636,gaitgl_GREW.csv,Preset_1,MLP,42,256,"[896, 576, 288]",max,minmax,80,3,896,silu,0.45,AdamW,,0.001,5e-05,False,,"[1, 2, 3]","[1, 2]",0.01299,0.36364,139,0.30534,0.34028,130,0.09211,COMPLETED
824,20251017_161636,gaitgl_GREW_BNNeck.csv,Preset_1,MLP,42,256,"[896, 576, 288]",max,minmax,80,3,896,silu,0.45,AdamW,,0.001,5e-05,False,,"[1, 2, 3]","[1, 2]",0.01313,0.52273,159,0.44485,0.5612,129,0.0772,COMPLETED
825,20251017_161636,gaitgl_OUMVLP.csv,Preset_1,MLP,42,256,"[896, 576, 288]",max,minmax,80,3,896,silu,0.45,AdamW,,0.001,5e-05,False,,"[1, 2, 3]","[1, 2]",0.04519,0.45455,507,0.34291,0.50585,350,0.19224,COMPLETED
826,20251017_161636,gaitpart_GREW.csv,Preset_1,MLP,42,256,"[896, 576, 288]",max,minmax,80,3,896,silu,0.45,AdamW,,0.001,5e-05,False,,"[1, 2, 3]","[1, 2]",0.00834,0.36364,194,0.35226,0.45079,107,0.29899,COMPLETED
827,20251017_161636,gaitpart_OUMVLP.csv,Preset_1,MLP,42,256,"[896, 576, 288]",max,minmax,80,3,896,silu,0.45,AdamW,,0.001,5e-05,False,,"[1, 2, 3]","[1, 2]",0.03888,0.52273,343,0.4418,0.55556,183,0.30462,COMPLETED
828,20251017_161636,gaitset.csv,Preset_1,MLP,42,256,"[896, 576, 288]",max,minmax,80,3,896,silu,0.45,AdamW,,0.001,5e-05,False,,"[1, 2, 3]","[1, 2]",0.02962,0.40909,151,0.36905,0.47806,146,0.05887,COMPLETED
829,20251017_161636,gaitset_GREW.csv,Preset_1,MLP,42,256,"[896, 576, 288]",max,minmax,80,3,896,silu,0.45,AdamW,,0.001,5e-05,False,,"[1, 2, 3]","[1, 2]",0.01058,0.38636,230,0.28718,0.40741,227,0.03631,COMPLETED
830,20251017_161636,gaitset_OUMVLP.csv,Preset_1,MLP,42,256,"[896, 576, 288]",max,minmax,80,3,896,silu,0.45,AdamW,,0.001,5e-05,False,,"[1, 2, 3]","[1, 2]",0.04309,0.45455,543,0.3619,0.52188,446,0.18388,COMPLETED
831,20251017_161636,gln_phase1.csv,Preset_1,MLP,42,256,"[896, 576, 288]",max,minmax,80,3,896,silu,0.45,AdamW,,0.001,5e-05,False,,"[1, 2, 3]","[1, 2]",0.00731,0.54545,264,0.39546,0.42484,175,0.05257,COMPLETED
832,20251017_161636,gln_phase2.csv,Preset_1,MLP,42,256,"[896, 576, 288]",max,minmax,80,3,896,silu,0.45,AdamW,,0.001,5e-05,False,,"[1, 2, 3]","[1, 2]",0.03143,0.47727,276,0.4098,0.44758,178,0.16546,COMPLETED

833,20251017_161636,baseline_CASIAB.csv,Preset_2,MLP,42,45,"[640, 512]",max,L2,64,2,640,leakyrelu,0.35,RMSprop,,0.0001,1e-06,True,0.75,"[1, 2]",[1],0.04045,0.47727,739,0.40871,0.5465,432,0.29028,COMPLETED
834,20251017_161636,baseline_OUMVLP.csv,Preset_2,MLP,42,44,"[640, 512]",max,L2,64,2,640,leakyrelu,0.35,RMSprop,,0.0001,1e-06,True,0.75,"[1, 2]",[1],0.04529,0.52273,876,0.43896,0.4936,856,0.08057,COMPLETED
835,20251017_161636,gaitgl.csv,Preset_2,MLP,42,56,"[640, 512]",max,L2,64,2,640,leakyrelu,0.35,RMSprop,,0.0001,1e-06,True,0.75,"[1, 2]",[1],0.03461,0.43182,556,0.367,0.48658,308,0.33816,COMPLETED
836,20251017_161636,gaitgl_GREW.csv,Preset_2,MLP,42,81,"[640, 512]",max,L2,64,2,640,leakyrelu,0.35,RMSprop,,0.0001,1e-06,True,0.75,"[1, 2]",[1],0.04599,0.36364,349,0.3354,0.38988,260,0.13813,COMPLETED
837,20251017_161636,gaitgl_GREW_BNNeck.csv,Preset_2,MLP,42,65,"[640, 512]",max,L2,64,2,640,leakyrelu,0.35,RMSprop,,0.0001,1e-06,True,0.75,"[1, 2]",[1],0.0355,0.52273,481,0.44229,0.51053,389,0.09722,COMPLETED
838,20251017_161636,gaitgl_OUMVLP.csv,Preset_2,MLP,42,33,"[640, 512]",max,L2,64,2,640,leakyrelu,0.35,RMSprop,,0.0001,1e-06,True,0.75,"[1, 2]",[1],0.0302,0.52273,2247,0.44229,0.55328,2155,0.09544,COMPLETED
839,20251017_161636,gaitpart_GREW.csv,Preset_2,MLP,42,64,"[640, 512]",max,L2,64,2,640,leakyrelu,0.35,RMSprop,,0.0001,1e-06,True,0.75,"[1, 2]",[1],0.03626,0.47727,599,0.38159,0.55597,439,0.18937,COMPLETED
840,20251017_161636,gaitpart_OUMVLP.csv,Preset_2,MLP,42,40,"[640, 512]",max,L2,64,2,640,leakyrelu,0.35,RMSprop,,0.0001,1e-06,True,0.75,"[1, 2]",[1],0.03579,0.45455,1608,0.38889,0.51389,1136,0.2023,COMPLETED
841,20251017_161636,gaitset.csv,Preset_2,MLP,42,44,"[640, 512]",max,L2,64,2,640,leakyrelu,0.35,RMSprop,,0.0001,1e-06,True,0.75,"[1, 2]",[1],0.03966,0.45455,765,0.4279,0.55663,653,0.0558,COMPLETED
842,20251017_161636,gaitset_GREW.csv,Preset_2,MLP,42,67,"[640, 512]",max,L2,64,2,640,leakyrelu,0.35,RMSprop,,0.0001,1e-06,True,0.75,"[1, 2]",[1],0.04594,0.45455,614,0.37792,0.43913,439,0.1872,COMPLETED
843,20251017_161636,gaitset_OUMVLP.csv,Preset_2,MLP,42,40,"[640, 512]",max,L2,64,2,640,leakyrelu,0.35,RMSprop,,0.0001,1e-06,True,0.75,"[1, 2]",[1],0.02238,0.59091,1770,0.54275,0.60636,1718,0.06827,COMPLETED
844,20251017_161636,gln_phase1.csv,Preset_2,MLP,42,42,"[640, 512]",max,L2,64,2,640,leakyrelu,0.35,RMSprop,,0.0001,1e-06,True,0.75,"[1, 2]",[1],0.03316,0.52273,905,0.375,0.41529,591,0.16744,COMPLETED
845,20251017_161636,gln_phase2.csv,Preset_2,MLP,42,42,"[640, 512]",max,L2,64,2,640,leakyrelu,0.35,RMSprop,,0.0001,1e-06,True,0.75,"[1, 2]",[1],0.03885,0.45455,1018,0.33424,0.50931,671,0.20345,COMPLETED

846,20251017_161636,baseline_CASIAB.csv,Preset_3,MLP,42,49,"[576, 384, 192]",mean,minmax,96,3,576,elu,0.5,RMSprop,,0.0002,5e-05,True,0.8,[2],"[1, 3]",0.03144,0.59091,633,0.53077,0.55792,338,0.28549,COMPLETED
847,20251017_161636,baseline_OUMVLP.csv,Preset_3,MLP,42,47,"[576, 384, 192]",mean,minmax,96,3,576,elu,0.5,RMSprop,,0.0002,5e-05,True,0.8,[2],"[1, 3]",0.04723,0.59091,592,0.5641,0.62615,369,0.23447,COMPLETED
848,20251017_161636,gaitgl.csv,Preset_3,MLP,42,34,"[576, 384, 192]",mean,minmax,96,3,576,elu,0.5,RMSprop,,0.0002,5e-05,True,0.8,[2],"[1, 3]",0.04423,0.43182,1067,0.37136,0.49145,851,0.13087,COMPLETED
849,20251017_161636,gaitgl_GREW.csv,Preset_3,MLP,42,69,"[576, 384, 192]",mean,minmax,96,3,576,elu,0.5,RMSprop,,0.0002,5e-05,True,0.8,[2],"[1, 3]",0.04981,0.47727,537,0.36842,0.41031,531,0.06534,COMPLETED
850,20251017_161636,gaitgl_GREW_BNNeck.csv,Preset_3,MLP,42,63,"[576, 384, 192]",mean,minmax,96,3,576,elu,0.5,RMSprop,,0.0002,5e-05,True,0.8,[2],"[1, 3]",0.04048,0.5,525,0.40687,0.50694,458,0.07835,COMPLETED
851,20251017_161636,gaitgl_OUMVLP.csv,Preset_3,MLP,42,37,"[576, 384, 192]",mean,minmax,96,3,576,elu,0.5,RMSprop,,0.0002,5e-05,True,0.8,[2],"[1, 3]",0.04575,0.61364,1087,0.55683,0.59466,922,0.09491,COMPLETED
852,20251017_161636,gaitpart_GREW.csv,Preset_3,MLP,42,70,"[576, 384, 192]",mean,minmax,96,3,576,elu,0.5,RMSprop,,0.0002,5e-05,True,0.8,[2],"[1, 3]",0.03806,0.52273,425,0.46906,0.52366,320,0.12116,COMPLETED
853,20251017_161636,gaitpart_OUMVLP.csv,Preset_3,MLP,42,58,"[576, 384, 192]",mean,minmax,96,3,576,elu,0.5,RMSprop,,0.0002,5e-05,True,0.8,[2],"[1, 3]",0.04346,0.59091,450,0.43528,0.6075,248,0.29664,COMPLETED
854,20251017_161636,gaitset.csv,Preset_3,MLP,42,40,"[576, 384, 192]",mean,minmax,96,3,576,elu,0.5,RMSprop,,0.0002,5e-05,True,0.8,[2],"[1, 3]",0.04969,0.52273,818,0.50419,0.53804,665,0.08131,COMPLETED
855,20251017_161636,gaitset_GREW.csv,Preset_3,MLP,42,72,"[576, 384, 192]",mean,minmax,96,3,576,elu,0.5,RMSprop,,0.0002,5e-05,True,0.8,[2],"[1, 3]",0.03834,0.5,434,0.40875,0.46346,249,0.27949,COMPLETED
856,20251017_161636,gaitset_OUMVLP.csv,Preset_3,MLP,42,55,"[576, 384, 192]",mean,minmax,96,3,576,elu,0.5,RMSprop,,0.0002,5e-05,True,0.8,[2],"[1, 3]",0.0443,0.43182,538,0.36667,0.46861,323,0.19818,COMPLETED
857,20251017_161636,gln_phase1.csv,Preset_3,MLP,42,52,"[576, 384, 192]",mean,minmax,96,3,576,elu,0.5,RMSprop,,0.0002,5e-05,True,0.8,[2],"[1, 3]",0.03207,0.43182,567,0.36216,0.51637,291,0.33782,COMPLETED
858,20251017_161636,gln_phase2.csv,Preset_3,MLP,42,56,"[576, 384, 192]",mean,minmax,96,3,576,elu,0.5,RMSprop,,0.0002,5e-05,True,0.8,[2],"[1, 3]",0.04907,0.5,559,0.45643,0.49449,354,0.21394,COMPLETED

859,20251017_161636,baseline_CASIAB.csv,Preset_4,MLP,42,58,"[1024, 896, 512, 256]",max,L2,88,4,1024,relu,0.5,SGD,0.8,0.0002,1e-06,True,0.8,"[1, 3]","[2, 4]",1.00146,0.47727,186,0.21538,0.21538,186,1.00146,STOPPED
860,20251017_161636,baseline_OUMVLP.csv,Preset_4,MLP,42,56,"[1024, 896, 512, 256]",max,L2,88,4,1024,relu,0.5,SGD,0.8,0.0002,1e-06,True,0.8,"[1, 3]","[2, 4]",1.01246,0.47727,176,0.21538,0.21538,176,1.01246,STOPPED
861,20251017_161636,gaitgl.csv,Preset_4,MLP,42,65,"[1024, 896, 512, 256]",max,L2,88,4,1024,relu,0.5,SGD,0.8,0.0002,1e-06,True,0.8,"[1, 3]","[2, 4]",1.00324,0.47727,308,0.21538,0.21538,308,1.00324,STOPPED
862,20251017_161636,gaitgl_GREW.csv,Preset_4,MLP,42,96,"[1024, 896, 512, 256]",max,L2,88,4,1024,relu,0.5,SGD,0.8,0.0002,1e-06,True,0.8,"[1, 3]","[2, 4]",1.01293,0.47727,154,0.21538,0.21538,154,1.01293,STOPPED
863,20251017_161636,gaitgl_GREW_BNNeck.csv,Preset_4,MLP,42,79,"[1024, 896, 512, 256]",max,L2,88,4,1024,relu,0.5,SGD,0.8,0.0002,1e-06,True,0.8,"[1, 3]","[2, 4]",1.0008,0.47727,330,0.21538,0.21538,330,1.0008,STOPPED
864,20251017_161636,gaitgl_OUMVLP.csv,Preset_4,MLP,42,46,"[1024, 896, 512, 256]",max,L2,88,4,1024,relu,0.5,SGD,0.8,0.0002,1e-06,True,0.8,"[1, 3]","[2, 4]",1.00848,0.47727,195,0.21538,0.21538,195,1.00848,STOPPED
865,20251017_161636,gaitpart_GREW.csv,Preset_4,MLP,42,78,"[1024, 896, 512, 256]",max,L2,88,4,1024,relu,0.5,SGD,0.8,0.0002,1e-06,True,0.8,"[1, 3]","[2, 4]",1.02065,0.47727,146,0.21538,0.21538,146,1.02065,STOPPED
866,20251017_161636,gaitpart_OUMVLP.csv,Preset_4,MLP,42,51,"[1024, 896, 512, 256]",max,L2,88,4,1024,relu,0.5,SGD,0.8,0.0002,1e-06,True,0.8,"[1, 3]","[2, 4]",1.0177,0.47727,253,0.21538,0.21538,253,1.0177,STOPPED
867,20251017_161636,gaitset.csv,Preset_4,MLP,42,57,"[1024, 896, 512, 256]",max,L2,88,4,1024,relu,0.5,SGD,0.8,0.0002,1e-06,True,0.8,"[1, 3]","[2, 4]",1.0102,0.47727,145,0.21538,0.21538,145,1.0102,STOPPED
868,20251017_161636,gaitset_GREW.csv,Preset_4,MLP,42,81,"[1024, 896, 512, 256]",max,L2,88,4,1024,relu,0.5,SGD,0.8,0.0002,1e-06,True,0.8,"[1, 3]","[2, 4]",1.00469,0.47727,228,0.21538,0.21538,228,1.00469,STOPPED
869,20251017_161636,gaitset_OUMVLP.csv,Preset_4,MLP,42,52,"[1024, 896, 512, 256]",max,L2,88,4,1024,relu,0.5,SGD,0.8,0.0002,1e-06,True,0.8,"[1, 3]","[2, 4]",1.00685,0.47727,293,0.21538,0.21538,293,1.00685,STOPPED
870,20251017_161636,gln_phase1.csv,Preset_4,MLP,42,54,"[1024, 896, 512, 256]",max,L2,88,4,1024,relu,0.5,SGD,0.8,0.0002,1e-06,True,0.8,"[1, 3]","[2, 4]",0.99464,0.47727,315,0.21538,0.21538,315,0.99464,STOPPED
871,20251017_161636,gln_phase2.csv,Preset_4,MLP,42,55,"[1024, 896, 512, 256]",max,L2,88,4,1024,relu,0.5,SGD,0.8,0.0002,1e-06,True,0.8,"[1, 3]","[2, 4]",1.01925,0.47727,138,0.21538,0.21538,138,1.01925,STOPPED

872,20251017_161636,baseline_CASIAB.csv,Preset_5,MLP,42,256,"[960, 640, 320, 160]",mean,minmax,64,4,960,gelu,0.45,AdamW,,0.001,0.0,False,,"[2, 4]","[1, 3]",0.03511,0.5,728,0.35887,0.51194,488,0.2944,COMPLETED
873,20251017_161636,baseline_OUMVLP.csv,Preset_5,MLP,42,256,"[960, 640, 320, 160]",mean,minmax,64,4,960,gelu,0.45,AdamW,,0.001,0.0,False,,"[2, 4]","[1, 3]",0.10203,0.56818,801,0.51536,0.59438,537,0.32077,STOPPED
874,20251017_161636,gaitgl.csv,Preset_5,MLP,42,128,"[960, 640, 320, 160]",mean,minmax,64,4,960,gelu,0.45,AdamW,,0.001,0.0,False,,"[2, 4]","[1, 3]",0.0428,0.5,868,0.42671,0.48726,676,0.27508,COMPLETED
875,20251017_161636,gaitgl_GREW.csv,Preset_5,MLP,42,256,"[960, 640, 320, 160]",mean,minmax,64,4,960,gelu,0.45,AdamW,,0.001,0.0,False,,"[2, 4]","[1, 3]",0.03895,0.40909,713,0.29551,0.40025,596,0.25897,COMPLETED
876,20251017_161636,gaitgl_GREW_BNNeck.csv,Preset_5,MLP,42,256,"[960, 640, 320, 160]",mean,minmax,64,4,960,gelu,0.45,AdamW,,0.001,0.0,False,,"[2, 4]","[1, 3]",0.04973,0.31818,900,0.2227,0.42662,574,0.31329,STOPPED
877,20251017_161636,gaitgl_OUMVLP.csv,Preset_5,MLP,42,256,"[960, 640, 320, 160]",mean,minmax,64,4,960,gelu,0.45,AdamW,,0.001,0.0,False,,"[2, 4]","[1, 3]",0.95654,0.47727,498,0.32903,0.32903,498,0.95654,STOPPED
878,20251017_161636,gaitpart_GREW.csv,Preset_5,MLP,42,256,"[960, 640, 320, 160]",mean,minmax,64,4,960,gelu,0.45,AdamW,,0.001,0.0,False,,"[2, 4]","[1, 3]",0.03101,0.5,784,0.41705,0.51703,771,0.15346,COMPLETED
879,20251017_161636,gaitpart_OUMVLP.csv,Preset_5,MLP,42,256,"[960, 640, 320, 160]",mean,minmax,64,4,960,gelu,0.45,AdamW,,0.001,0.0,False,,"[2, 4]","[1, 3]",0.04608,0.43182,818,0.35587,0.53157,511,0.24223,COMPLETED
880,20251017_161636,gaitset.csv,Preset_5,MLP,42,256,"[960, 640, 320, 160]",mean,minmax,64,4,960,gelu,0.45,AdamW,,0.001,0.0,False,,"[2, 4]","[1, 3]",0.03769,0.47727,864,0.42316,0.48056,696,0.17939,COMPLETED
881,20251017_161636,gaitset_GREW.csv,Preset_5,MLP,42,256,"[960, 640, 320, 160]",mean,minmax,64,4,960,gelu,0.45,AdamW,,0.001,0.0,False,,"[2, 4]","[1, 3]",0.01531,0.5,843,0.42407,0.4521,693,0.12032,COMPLETED
882,20251017_161636,gaitset_OUMVLP.csv,Preset_5,MLP,42,256,"[960, 640, 320, 160]",mean,minmax,64,4,960,gelu,0.45,AdamW,,0.001,0.0,False,,"[2, 4]","[1, 3]",0.02801,0.38636,672,0.29707,0.37657,647,0.06848,COMPLETED
883,20251017_161636,gln_phase1.csv,Preset_5,MLP,42,256,"[960, 640, 320, 160]",mean,minmax,64,4,960,gelu,0.45,AdamW,,0.001,0.0,False,,"[2, 4]","[1, 3]",0.03367,0.52273,706,0.44298,0.56277,693,0.07955,COMPLETED
884,20251017_161636,gln_phase2.csv,Preset_5,MLP,42,256,"[960, 640, 320, 160]",mean,minmax,64,4,960,gelu,0.45,AdamW,,0.001,0.0,False,,"[2, 4]","[1, 3]",0.03831,0.5,947,0.41417,0.47984,938,0.03023,COMPLETED

885,20251017_161636,baseline_CASIAB.csv,Preset_6,MLP,42,45,"[832, 576, 384, 192]",max,L2,72,4,832,leakyrelu,0.4,RMSprop,,0.0001,1e-05,True,0.75,"[1, 2, 4]","[2, 3]",0.03191,0.54545,315,0.50396,0.51345,243,0.15819,COMPLETED
886,20251017_161636,baseline_OUMVLP.csv,Preset_6,MLP,42,44,"[832, 576, 384, 192]",max,L2,72,4,832,leakyrelu,0.4,RMSprop,,0.0001,1e-05,True,0.75,"[1, 2, 4]","[2, 3]",0.03504,0.52273,385,0.43248,0.49763,354,0.0958,COMPLETED
887,20251017_161636,gaitgl.csv,Preset_6,MLP,42,56,"[832, 576, 384, 192]",max,L2,72,4,832,leakyrelu,0.4,RMSprop,,0.0001,1e-05,True,0.75,"[1, 2, 4]","[2, 3]",0.03853,0.45455,201,0.43929,0.5119,174,0.10904,COMPLETED
888,20251017_161636,gaitgl_GREW.csv,Preset_6,MLP,42,81,"[832, 576, 384, 192]",max,L2,72,4,832,leakyrelu,0.4,RMSprop,,0.0001,1e-05,True,0.75,"[1, 2, 4]","[2, 3]",0.0397,0.34091,168,0.28055,0.3559,149,0.16678,COMPLETED
889,20251017_161636,gaitgl_GREW_BNNeck.csv,Preset_6,MLP,42,65,"[832, 576, 384, 192]",max,L2,72,4,832,leakyrelu,0.4,RMSprop,,0.0001,1e-05,True,0.75,"[1, 2, 4]","[2, 3]",0.03245,0.52273,196,0.4976,0.51419,181,0.05389,COMPLETED
890,20251017_161636,gaitgl_OUMVLP.csv,Preset_6,MLP,42,33,"[832, 576, 384, 192]",max,L2,72,4,832,leakyrelu,0.4,RMSprop,,0.0001,1e-05,True,0.75,"[1, 2, 4]","[2, 3]",0.03739,0.52273,1091,0.43521,0.48978,971,0.10074,COMPLETED
891,20251017_161636,gaitpart_GREW.csv,Preset_6,MLP,42,64,"[832, 576, 384, 192]",max,L2,72,4,832,leakyrelu,0.4,RMSprop,,0.0001,1e-05,True,0.75,"[1, 2, 4]","[2, 3]",0.03715,0.52273,298,0.44258,0.56944,283,0.05943,COMPLETED
892,20251017_161636,gaitpart_OUMVLP.csv,Preset_6,MLP,42,40,"[832, 576, 384, 192]",max,L2,72,4,832,leakyrelu,0.4,RMSprop,,0.0001,1e-05,True,0.75,"[1, 2, 4]","[2, 3]",0.03708,0.52273,1012,0.50538,0.522,925,0.07822,COMPLETED
893,20251017_161636,gaitset.csv,Preset_6,MLP,42,44,"[832, 576, 384, 192]",max,L2,72,4,832,leakyrelu,0.4,RMSprop,,0.0001,1e-05,True,0.75,"[1, 2, 4]","[2, 3]",0.02834,0.43182,337,0.34705,0.43122,249,0.14373,COMPLETED
894,20251017_161636,gaitset_GREW.csv,Preset_6,MLP,42,67,"[832, 576, 384, 192]",max,L2,72,4,832,leakyrelu,0.4,RMSprop,,0.0001,1e-05,True,0.75,"[1, 2, 4]","[2, 3]",0.04118,0.45455,364,0.38546,0.44333,329,0.12965,COMPLETED
895,20251017_161636,gaitset_OUMVLP.csv,Preset_6,MLP,42,40,"[832, 576, 384, 192]",max,L2,72,4,832,leakyrelu,0.4,RMSprop,,0.0001,1e-05,True,0.75,"[1, 2, 4]","[2, 3]",0.04772,0.59091,1013,0.5491,0.56085,995,0.04284,COMPLETED
896,20251017_161636,gln_phase1.csv,Preset_6,MLP,42,42,"[832, 576, 384, 192]",max,L2,72,4,832,leakyrelu,0.4,RMSprop,,0.0001,1e-05,True,0.75,"[1, 2, 4]","[2, 3]",0.04342,0.43182,334,0.32353,0.39788,219,0.29826,COMPLETED
897,20251017_161636,gln_phase2.csv,Preset_6,MLP,42,42,"[832, 576, 384, 192]",max,L2,72,4,832,leakyrelu,0.4,RMSprop,,0.0001,1e-05,True,0.75,"[1, 2, 4]","[2, 3]",0.04863,0.5,463,0.35054,0.58481,307,0.33827,COMPLETED

898,20251017_161636,baseline_CASIAB.csv,Preset_7,MLP,42,58,"[736, 512, 256]",max,L2,80,3,736,silu,0.5,SGD,0.9,0.003,1e-05,True,0.8,"[1, 2]","[2, 3]",0.04231,0.52273,504,0.35669,0.58497,421,0.08671,COMPLETED
899,20251017_161636,baseline_OUMVLP.csv,Preset_7,MLP,42,56,"[736, 512, 256]",max,L2,80,3,736,silu,0.5,SGD,0.9,0.003,1e-05,True,0.8,"[1, 2]","[2, 3]",0.02557,0.5,659,0.42251,0.47806,573,0.1325,COMPLETED
900,20251017_161636,gaitgl.csv,Preset_7,MLP,42,65,"[736, 512, 256]",max,L2,80,3,736,silu,0.5,SGD,0.9,0.003,1e-05,True,0.8,"[1, 2]","[2, 3]",0.03467,0.47727,372,0.46313,0.56668,304,0.22017,COMPLETED
901,20251017_161636,gaitgl_GREW.csv,Preset_7,MLP,42,96,"[736, 512, 256]",max,L2,80,3,736,silu,0.5,SGD,0.9,0.003,1e-05,True,0.8,"[1, 2]","[2, 3]",0.03685,0.34091,316,0.26875,0.46394,234,0.31177,COMPLETED
902,20251017_161636,gaitgl_GREW_BNNeck.csv,Preset_7,MLP,42,79,"[736, 512, 256]",max,L2,80,3,736,silu,0.5,SGD,0.9,0.003,1e-05,True,0.8,"[1, 2]","[2, 3]",0.02614,0.47727,356,0.4016,0.52904,281,0.11917,COMPLETED
903,20251017_161636,gaitgl_OUMVLP.csv,Preset_7,MLP,42,46,"[736, 512, 256]",max,L2,80,3,736,silu,0.5,SGD,0.9,0.003,1e-05,True,0.8,"[1, 2]","[2, 3]",0.52269,0.52273,1135,0.45819,0.45819,1135,0.52269,STOPPED
904,20251017_161636,gaitpart_GREW.csv,Preset_7,MLP,42,78,"[736, 512, 256]",max,L2,80,3,736,silu,0.5,SGD,0.9,0.003,1e-05,True,0.8,"[1, 2]","[2, 3]",0.03179,0.47727,602,0.41718,0.51586,448,0.15477,COMPLETED
905,20251017_161636,gaitpart_OUMVLP.csv,Preset_7,MLP,42,51,"[736, 512, 256]",max,L2,80,3,736,silu,0.5,SGD,0.9,0.003,1e-05,True,0.8,"[1, 2]","[2, 3]",0.31607,0.47727,1486,0.37037,0.43651,1462,0.3248,STOPPED
906,20251017_161636,gaitset.csv,Preset_7,MLP,42,57,"[736, 512, 256]",max,L2,80,3,736,silu,0.5,SGD,0.9,0.003,1e-05,True,0.8,"[1, 2]","[2, 3]",0.0209,0.54545,483,0.43704,0.46818,468,0.12294,COMPLETED
907,20251017_161636,gaitset_GREW.csv,Preset_7,MLP,42,81,"[736, 512, 256]",max,L2,80,3,736,silu,0.5,SGD,0.9,0.003,1e-05,True,0.8,"[1, 2]","[2, 3]",0.02805,0.52273,747,0.37749,0.50505,643,0.15873,COMPLETED
908,20251017_161636,gaitset_OUMVLP.csv,Preset_7,MLP,42,52,"[736, 512, 256]",max,L2,80,3,736,silu,0.5,SGD,0.9,0.003,1e-05,True,0.8,"[1, 2]","[2, 3]",1.00292,0.47727,112,0.21538,0.21538,112,1.00292,STOPPED
909,20251017_161636,gln_phase1.csv,Preset_7,MLP,42,54,"[736, 512, 256]",max,L2,80,3,736,silu,0.5,SGD,0.9,0.003,1e-05,True,0.8,"[1, 2]","[2, 3]",0.03667,0.43182,539,0.31343,0.41347,474,0.15895,COMPLETED
910,20251017_161636,gln_phase2.csv,Preset_7,MLP,42,55,"[736, 512, 256]",max,L2,80,3,736,silu,0.5,SGD,0.9,0.003,1e-05,True,0.8,"[1, 2]","[2, 3]",0.03316,0.52273,595,0.44378,0.57629,579,0.25152,COMPLETED

911,20251017_161636,baseline_CASIAB.csv,Preset_8,MLP,42,256,"[512, 256]",max,minmax,64,2,512,silu,0.3,RMSprop,,0.0002,1e-05,False,,[1],[2],0.03489,0.54545,183,0.43607,0.45596,144,0.10108,COMPLETED
912,20251017_161636,baseline_OUMVLP.csv,Preset_8,MLP,42,256,"[512, 256]",max,minmax,64,2,512,silu,0.3,RMSprop,,0.0002,1e-05,False,,[1],[2],0.03796,0.38636,176,0.29229,0.33922,150,0.14126,COMPLETED
913,20251017_161636,gaitgl.csv,Preset_8,MLP,42,128,"[512, 256]",max,minmax,64,2,512,silu,0.3,RMSprop,,0.0002,1e-05,False,,[1],[2],0.03799,0.45455,146,0.44153,0.57673,87,0.25537,COMPLETED
914,20251017_161636,gaitgl_GREW.csv,Preset_8,MLP,42,256,"[512, 256]",max,minmax,64,2,512,silu,0.3,RMSprop,,0.0002,1e-05,False,,[1],[2],0.0297,0.38636,117,0.33375,0.36176,83,0.11743,COMPLETED
915,20251017_161636,gaitgl_GREW_BNNeck.csv,Preset_8,MLP,42,256,"[512, 256]",max,minmax,64,2,512,silu,0.3,RMSprop,,0.0002,1e-05,False,,[1],[2],0.02834,0.54545,138,0.43452,0.52963,108,0.21096,COMPLETED
916,20251017_161636,gaitgl_OUMVLP.csv,Preset_8,MLP,42,256,"[512, 256]",max,minmax,64,2,512,silu,0.3,RMSprop,,0.0002,1e-05,False,,[1],[2],0.04034,0.54545,291,0.40349,0.42939,288,0.03149,COMPLETED
917,20251017_161636,gaitpart_GREW.csv,Preset_8,MLP,42,256,"[512, 256]",max,minmax,64,2,512,silu,0.3,RMSprop,,0.0002,1e-05,False,,[1],[2],0.02645,0.40909,152,0.37676,0.43865,130,0.11031,COMPLETED
918,20251017_161636,gaitpart_OUMVLP.csv,Preset_8,MLP,42,256,"[512, 256]",max,minmax,64,2,512,silu,0.3,RMSprop,,0.0002,1e-05,False,,[1],[2],0.03272,0.38636,256,0.34822,0.42692,179,0.1654,COMPLETED
919,20251017_161636,gaitset.csv,Preset_8,MLP,42,256,"[512, 256]",max,minmax,64,2,512,silu,0.3,RMSprop,,0.0002,1e-05,False,,[1],[2],0.02357,0.45455,165,0.3868,0.39619,111,0.13651,COMPLETED
920,20251017_161636,gaitset_GREW.csv,Preset_8,MLP,42,256,"[512, 256]",max,minmax,64,2,512,silu,0.3,RMSprop,,0.0002,1e-05,False,,[1],[2],0.0285,0.43182,172,0.40216,0.41459,141,0.07947,COMPLETED
921,20251017_161636,gaitset_OUMVLP.csv,Preset_8,MLP,42,256,"[512, 256]",max,minmax,64,2,512,silu,0.3,RMSprop,,0.0002,1e-05,False,,[1],[2],0.02919,0.43182,316,0.36355,0.42637,224,0.2867,COMPLETED
922,20251017_161636,gln_phase1.csv,Preset_8,MLP,42,256,"[512, 256]",max,minmax,64,2,512,silu,0.3,RMSprop,,0.0002,1e-05,False,,[1],[2],0.02172,0.52273,190,0.34343,0.41103,93,0.25409,COMPLETED
923,20251017_161636,gln_phase2.csv,Preset_8,MLP,42,256,"[512, 256]",max,minmax,64,2,512,silu,0.3,RMSprop,,0.0002,1e-05,False,,[1],[2],0.02622,0.45455,191,0.31161,0.46152,150,0.11244,COMPLETED

924,20251017_161636,baseline_CASIAB.csv,Preset_9,MLP,42,75,"[896, 512, 256]",max,L2,96,3,896,leakyrelu,0.5,RMSprop,,0.0001,5e-05,True,0.85,"[1, 3]","[1, 2, 3]",0.03764,0.59091,1089,0.49483,0.56852,727,0.23817,COMPLETED
925,20251017_161636,baseline_OUMVLP.csv,Preset_9,MLP,42,71,"[896, 512, 256]",max,L2,96,3,896,leakyrelu,0.5,RMSprop,,0.0001,5e-05,True,0.85,"[1, 3]","[1, 2, 3]",0.05622,0.43182,1511,0.3842,0.42434,1006,0.27688,STOPPED
926,20251017_161636,gaitgl.csv,Preset_9,MLP,42,75,"[896, 512, 256]",max,L2,96,3,896,leakyrelu,0.5,RMSprop,,0.0001,5e-05,True,0.85,"[1, 3]","[1, 2, 3]",0.04422,0.5,1046,0.48439,0.54895,661,0.29674,COMPLETED
927,20251017_161636,gaitgl_GREW.csv,Preset_9,MLP,42,114,"[896, 512, 256]",max,L2,96,3,896,leakyrelu,0.5,RMSprop,,0.0001,5e-05,True,0.85,"[1, 3]","[1, 2, 3]",0.03196,0.34091,630,0.35101,0.45185,562,0.08824,COMPLETED
928,20251017_161636,gaitgl_GREW_BNNeck.csv,Preset_9,MLP,42,96,"[896, 512, 256]",max,L2,96,3,896,leakyrelu,0.5,RMSprop,,0.0001,5e-05,True,0.85,"[1, 3]","[1, 2, 3]",0.04819,0.47727,835,0.31273,0.49603,525,0.3359,COMPLETED
929,20251017_161636,gaitgl_OUMVLP.csv,Preset_9,MLP,42,64,"[896, 512, 256]",max,L2,96,3,896,leakyrelu,0.5,RMSprop,,0.0001,5e-05,True,0.85,"[1, 3]","[1, 2, 3]",1.01517,0.47727,197,0.21538,0.21538,197,1.01517,STOPPED
930,20251017_161636,gaitpart_GREW.csv,Preset_9,MLP,42,95,"[896, 512, 256]",max,L2,96,3,896,leakyrelu,0.5,RMSprop,,0.0001,5e-05,True,0.85,"[1, 3]","[1, 2, 3]",0.03471,0.40909,1000,0.33085,0.48496,655,0.30873,COMPLETED
931,20251017_161636,gaitpart_OUMVLP.csv,Preset_9,MLP,42,66,"[896, 512, 256]",max,L2,96,3,896,leakyrelu,0.5,RMSprop,,0.0001,5e-05,True,0.85,"[1, 3]","[1, 2, 3]",1.00592,0.47727,176,0.21538,0.21538,176,1.00592,STOPPED
932,20251017_161636,gaitset.csv,Preset_9,MLP,42,75,"[896, 512, 256]",max,L2,96,3,896,leakyrelu,0.5,RMSprop,,0.0001,5e-05,True,0.85,"[1, 3]","[1, 2, 3]",0.04072,0.43182,1263,0.33628,0.51505,821,0.31145,COMPLETED
933,20251017_161636,gaitset_GREW.csv,Preset_9,MLP,42,99,"[896, 512, 256]",max,L2,96,3,896,leakyrelu,0.5,RMSprop,,0.0001,5e-05,True,0.85,"[1, 3]","[1, 2, 3]",0.03894,0.43182,1104,0.36395,0.39879,889,0.14116,COMPLETED
934,20251017_161636,gaitset_OUMVLP.csv,Preset_9,MLP,42,68,"[896, 512, 256]",max,L2,96,3,896,leakyrelu,0.5,RMSprop,,0.0001,5e-05,True,0.85,"[1, 3]","[1, 2, 3]",1.00338,0.47727,156,0.21538,0.21538,156,1.00338,STOPPED
935,20251017_161636,gln_phase1.csv,Preset_9,MLP,42,71,"[896, 512, 256]",max,L2,96,3,896,leakyrelu,0.5,RMSprop,,0.0001,5e-05,True,0.85,"[1, 3]","[1, 2, 3]",0.02058,0.54545,1250,0.39788,0.47277,762,0.32655,COMPLETED
936,20251017_161636,gln_phase2.csv,Preset_9,MLP,42,72,"[896, 512, 256]",max,L2,96,3,896,leakyrelu,0.5,RMSprop,,0.0001,5e-05,True,0.85,"[1, 3]","[1, 2, 3]",0.03496,0.54545,1491,0.50609,0.54274,1195,0.12096,COMPLETED

937,20251017_161636,baseline_CASIAB.csv,Preset_10,MLP,42,49,"[768, 384, 256]",mean,minmax,80,3,768,relu,0.4,SGD,0.9,0.005,1e-05,True,0.8,"[1, 2]",[2],0.02298,0.56818,49,0.50779,0.51176,31,0.16329,COMPLETED
938,20251017_161636,baseline_OUMVLP.csv,Preset_10,MLP,42,47,"[768, 384, 256]",mean,minmax,80,3,768,relu,0.4,SGD,0.9,0.005,1e-05,True,0.8,"[1, 2]",[2],0.03049,0.59091,48,0.5404,0.5641,39,0.08792,COMPLETED
939,20251017_161636,gaitgl.csv,Preset_10,MLP,42,34,"[768, 384, 256]",mean,minmax,80,3,768,relu,0.4,SGD,0.9,0.005,1e-05,True,0.8,"[1, 2]",[2],0.03935,0.43182,68,0.3719,0.42564,66,0.03579,COMPLETED
940,20251017_161636,gaitgl_GREW.csv,Preset_10,MLP,42,69,"[768, 384, 256]",mean,minmax,80,3,768,relu,0.4,SGD,0.9,0.005,1e-05,True,0.8,"[1, 2]",[2],0.03543,0.47727,45,0.40613,0.46223,38,0.06959,COMPLETED
941,20251017_161636,gaitgl_GREW_BNNeck.csv,Preset_10,MLP,42,63,"[768, 384, 256]",mean,minmax,80,3,768,relu,0.4,SGD,0.9,0.005,1e-05,True,0.8,"[1, 2]",[2],0.03039,0.5,44,0.40754,0.43285,30,0.18653,COMPLETED
942,20251017_161636,gaitgl_OUMVLP.csv,Preset_10,MLP,42,37,"[768, 384, 256]",mean,minmax,80,3,768,relu,0.4,SGD,0.9,0.005,1e-05,True,0.8,"[1, 2]",[2],0.02858,0.52273,68,0.45549,0.47034,49,0.09111,COMPLETED
943,20251017_161636,gaitpart_GREW.csv,Preset_10,MLP,42,70,"[768, 384, 256]",mean,minmax,80,3,768,relu,0.4,SGD,0.9,0.005,1e-05,True,0.8,"[1, 2]",[2],0.03225,0.52273,40,0.42906,0.4506,35,0.05654,COMPLETED
944,20251017_161636,gaitpart_OUMVLP.csv,Preset_10,MLP,42,58,"[768, 384, 256]",mean,minmax,80,3,768,relu,0.4,SGD,0.9,0.005,1e-05,True,0.8,"[1, 2]",[2],0.02524,0.61364,43,0.50278,0.58586,37,0.04758,COMPLETED
945,20251017_161636,gaitset.csv,Preset_10,MLP,42,40,"[768, 384, 256]",mean,minmax,80,3,768,relu,0.4,SGD,0.9,0.005,1e-05,True,0.8,"[1, 2]",[2],0.0299,0.45455,51,0.34313,0.37372,46,0.06382,COMPLETED
946,20251017_161636,gaitset_GREW.csv,Preset_10,MLP,42,72,"[768, 384, 256]",mean,minmax,80,3,768,relu,0.4,SGD,0.9,0.005,1e-05,True,0.8,"[1, 2]",[2],0.02814,0.52273,40,0.42853,0.46769,25,0.27658,COMPLETED
947,20251017_161636,gaitset_OUMVLP.csv,Preset_10,MLP,42,55,"[768, 384, 256]",mean,minmax,80,3,768,relu,0.4,SGD,0.9,0.005,1e-05,True,0.8,"[1, 2]",[2],0.03451,0.45455,42,0.34576,0.40972,29,0.16357,COMPLETED
948,20251017_161636,gln_phase1.csv,Preset_10,MLP,42,52,"[768, 384, 256]",mean,minmax,80,3,768,relu,0.4,SGD,0.9,0.005,1e-05,True,0.8,"[1, 2]",[2],0.03215,0.56818,47,0.47667,0.57864,33,0.13647,COMPLETED
949,20251017_161636,gln_phase2.csv,Preset_10,MLP,42,56,"[768, 384, 256]",mean,minmax,80,3,768,relu,0.4,SGD,0.9,0.005,1e-05,True,0.8,"[1, 2]",[2],0.03291,0.36364,44,0.27407,0.41039,25,0.32239,COMPLETED

950,20251017_161636,baseline_CASIAB.csv,Preset_11,MLP,42,58,"[1280, 960, 640, 320]",max,L2,64,4,1280,silu,0.45,AdamW,,0.00015,1e-06,True,0.8,"[1, 2, 4]","[2, 3]",0.03726,0.45455,374,0.37718,0.5037,342,0.18151,COMPLETED
951,20251017_161636,baseline_OUMVLP.csv,Preset_11,MLP,42,56,"[1280, 960, 640, 320]",max,L2,64,4,1280,silu,0.45,AdamW,,0.00015,1e-06,True,0.8,"[1, 2, 4]","[2, 3]",0.03031,0.45455,455,0.40689,0.5037,377,0.31969,COMPLETED
952,20251017_161636,gaitgl.csv,Preset_11,MLP,42,65,"[1280, 960, 640, 320]",max,L2,64,4,1280,silu,0.45,AdamW,,0.00015,1e-06,True,0.8,"[1, 2, 4]","[2, 3]",0.03918,0.56818,320,0.53961,0.54657,296,0.11438,COMPLETED
953,20251017_161636,gaitgl_GREW.csv,Preset_11,MLP,42,96,"[1280, 960, 640, 320]",max,L2,64,4,1280,silu,0.45,AdamW,,0.00015,1e-06,True,0.8,"[1, 2, 4]","[2, 3]",0.03698,0.45455,234,0.40078,0.44444,219,0.0694,COMPLETED
954,20251017_161636,gaitgl_GREW_BNNeck.csv,Preset_11,MLP,42,79,"[1280, 960, 640, 320]",max,L2,64,4,1280,silu,0.45,AdamW,,0.00015,1e-06,True,0.8,"[1, 2, 4]","[2, 3]",0.03495,0.45455,248,0.42915,0.5101,211,0.31316,COMPLETED
955,20251017_161636,gaitgl_OUMVLP.csv,Preset_11,MLP,42,46,"[1280, 960, 640, 320]",max,L2,64,4,1280,silu,0.45,AdamW,,0.00015,1e-06,True,0.8,"[1, 2, 4]","[2, 3]",0.02797,0.40909,943,0.33503,0.46907,730,0.30194,COMPLETED
956,20251017_161636,gaitpart_GREW.csv,Preset_11,MLP,42,78,"[1280, 960, 640, 320]",max,L2,64,4,1280,silu,0.45,AdamW,,0.00015,1e-06,True,0.8,"[1, 2, 4]","[2, 3]",0.03653,0.45455,361,0.39577,0.50152,319,0.19074,COMPLETED
957,20251017_161636,gaitpart_OUMVLP.csv,Preset_11,MLP,42,51,"[1280, 960, 640, 320]",max,L2,64,4,1280,silu,0.45,AdamW,,0.00015,1e-06,True,0.8,"[1, 2, 4]","[2, 3]",0.04057,0.54545,1354,0.40212,0.52076,1162,0.2281,COMPLETED
958,20251017_161636,gaitset.csv,Preset_11,MLP,42,57,"[1280, 960, 640, 320]",max,L2,64,4,1280,silu,0.45,AdamW,,0.00015,1e-06,True,0.8,"[1, 2, 4]","[2, 3]",0.04105,0.43182,378,0.3715,0.40278,355,0.1284,COMPLETED
959,20251017_161636,gaitset_GREW.csv,Preset_11,MLP,42,81,"[1280, 960, 640, 320]",max,L2,64,4,1280,silu,0.45,AdamW,,0.00015,1e-06,True,0.8,"[1, 2, 4]","[2, 3]",0.03797,0.47727,412,0.3831,0.42109,331,0.20479,COMPLETED
960,20251017_161636,gaitset_OUMVLP.csv,Preset_11,MLP,42,52,"[1280, 960, 640, 320]",max,L2,64,4,1280,silu,0.45,AdamW,,0.00015,1e-06,True,0.8,"[1, 2, 4]","[2, 3]",0.04052,0.5,1050,0.42239,0.56304,1008,0.14732,COMPLETED
961,20251017_161636,gln_phase1.csv,Preset_11,MLP,42,54,"[1280, 960, 640, 320]",max,L2,64,4,1280,silu,0.45,AdamW,,0.00015,1e-06,True,0.8,"[1, 2, 4]","[2, 3]",0.02864,0.38636,489,0.30199,0.35366,451,0.1477,COMPLETED
962,20251017_161636,gln_phase2.csv,Preset_11,MLP,42,55,"[1280, 960, 640, 320]",max,L2,64,4,1280,silu,0.45,AdamW,,0.00015,1e-06,True,0.8,"[1, 2, 4]","[2, 3]",0.04837,0.5,439,0.46002,0.52134,420,0.13923,COMPLETED

963,20251112_230533,baseline_CASIAB.csv,Preset_1,MLP,42,256,"[512, 256]",mean,,64,2,512,gelu,0.1,AdamW,,0.0008,1e-05,False,,[2],[1],0.02971,0.5,98,0.41579,0.43438,71,0.24678,COMPLETED
964,20251112_230533,baseline_OUMVLP.csv,Preset_1,MLP,42,256,"[512, 256]",mean,,64,2,512,gelu,0.1,AdamW,,0.0008,1e-05,False,,[2],[1],0.02382,0.56818,140,0.51515,0.5527,120,0.10269,COMPLETED
965,20251112_230533,gaitgl.csv,Preset_1,MLP,42,128,"[512, 256]",mean,,64,2,512,gelu,0.1,AdamW,,0.0008,1e-05,False,,[2],[1],0.0294,0.45455,64,0.39996,0.43333,34,0.39157,COMPLETED
966,20251112_230533,gaitgl_GREW.csv,Preset_1,MLP,42,256,"[512, 256]",mean,,64,2,512,gelu,0.1,AdamW,,0.0008,1e-05,False,,[2],[1],0.02741,0.47727,162,0.35325,0.44864,109,0.27703,COMPLETED
967,20251112_230533,gaitgl_GREW_BNNeck.csv,Preset_1,MLP,42,256,"[512, 256]",mean,,64,2,512,gelu,0.1,AdamW,,0.0008,1e-05,False,,[2],[1],0.03307,0.34091,150,0.26734,0.36129,139,0.16968,COMPLETED
968,20251112_230533,gaitgl_OUMVLP.csv,Preset_1,MLP,42,256,"[512, 256]",mean,,64,2,512,gelu,0.1,AdamW,,0.0008,1e-05,False,,[2],[1],0.0334,0.5,1062,0.48523,0.56999,1019,0.30339,COMPLETED
969,20251112_230533,gaitpart_GREW.csv,Preset_1,MLP,42,256,"[512, 256]",mean,,64,2,512,gelu,0.1,AdamW,,0.0008,1e-05,False,,[2],[1],0.02793,0.43182,138,0.35768,0.49293,91,0.37276,COMPLETED
970,20251112_230533,gaitpart_OUMVLP.csv,Preset_1,MLP,42,256,"[512, 256]",mean,,64,2,512,gelu,0.1,AdamW,,0.0008,1e-05,False,,[2],[1],0.03895,0.5,728,0.45329,0.51576,414,0.41579,COMPLETED
971,20251112_230533,gaitset.csv,Preset_1,MLP,42,256,"[512, 256]",mean,,64,2,512,gelu,0.1,AdamW,,0.0008,1e-05,False,,[2],[1],0.03028,0.40909,106,0.36905,0.44968,77,0.21398,COMPLETED
972,20251112_230533,gaitset_GREW.csv,Preset_1,MLP,42,256,"[512, 256]",mean,,64,2,512,gelu,0.1,AdamW,,0.0008,1e-05,False,,[2],[1],0.0495,0.47727,200,0.34946,0.44211,161,0.41846,COMPLETED
973,20251112_230533,gaitset_OUMVLP.csv,Preset_1,MLP,42,256,"[512, 256]",mean,,64,2,512,gelu,0.1,AdamW,,0.0008,1e-05,False,,[2],[1],0.03914,0.47727,467,0.42783,0.58456,252,0.48048,COMPLETED
974,20251112_230533,gln_phase1.csv,Preset_1,MLP,42,256,"[512, 256]",mean,,64,2,512,gelu,0.1,AdamW,,0.0008,1e-05,False,,[2],[1],0.03098,0.47727,118,0.43758,0.52701,45,0.49157,COMPLETED
975,20251112_230533,gln_phase2.csv,Preset_1,MLP,42,256,"[512, 256]",mean,,64,2,512,gelu,0.1,AdamW,,0.0008,1e-05,False,,[2],[1],0.03652,0.47727,92,0.40741,0.42469,90,0.04662,COMPLETED

976,20251112_230533,baseline_CASIAB.csv,Preset_2,MLP,42,27,"[384, 384, 192]",mean,,48,3,384,silu,0.15,Adam,,0.0006,0.0,True,0.7,"[2, 3]","[1, 3]",0.02878,0.54545,190,0.49304,0.55009,141,0.27062,COMPLETED
977,20251112_230533,baseline_OUMVLP.csv,Preset_2,MLP,42,25,"[384, 384, 192]",mean,,48,3,384,silu,0.15,Adam,,0.0006,0.0,True,0.7,"[2, 3]","[1, 3]",0.0399,0.45455,172,0.36275,0.51999,115,0.4157,COMPLETED
978,20251112_230533,gaitgl.csv,Preset_2,MLP,42,12,"[384, 384, 192]",mean,,48,3,384,silu,0.15,Adam,,0.0006,0.0,True,0.7,"[2, 3]","[1, 3]",0.03425,0.40909,233,0.30022,0.44862,104,0.31395,COMPLETED
979,20251112_230533,gaitgl_GREW.csv,Preset_2,MLP,42,34,"[384, 384, 192]",mean,,48,3,384,silu,0.15,Adam,,0.0006,0.0,True,0.7,"[2, 3]","[1, 3]",0.02824,0.43182,73,0.37409,0.47639,22,0.48638,COMPLETED
980,20251112_230533,gaitgl_GREW_BNNeck.csv,Preset_2,MLP,42,38,"[384, 384, 192]",mean,,48,3,384,silu,0.15,Adam,,0.0006,0.0,True,0.7,"[2, 3]","[1, 3]",0.0298,0.38636,407,0.30098,0.38605,366,0.08448,COMPLETED
981,20251112_230533,gaitgl_OUMVLP.csv,Preset_2,MLP,42,7,"[384, 384, 192]",mean,,48,3,384,silu,0.15,Adam,,0.0006,0.0,True,0.7,"[2, 3]","[1, 3]",0.03181,0.34091,549,0.2899,0.41547,291,0.34174,COMPLETED
982,20251112_230533,gaitpart_GREW.csv,Preset_2,MLP,42,46,"[384, 384, 192]",mean,,48,3,384,silu,0.15,Adam,,0.0006,0.0,True,0.7,"[2, 3]","[1, 3]",0.0332,0.52273,202,0.4784,0.63655,142,0.38113,COMPLETED
983,20251112_230533,gaitpart_OUMVLP.csv,Preset_2,MLP,42,34,"[384, 384, 192]",mean,,48,3,384,silu,0.15,Adam,,0.0006,0.0,True,0.7,"[2, 3]","[1, 3]",0.03177,0.56818,141,0.50712,0.60457,93,0.36543,COMPLETED
984,20251112_230533,gaitset.csv,Preset_2,MLP,42,20,"[384, 384, 192]",mean,,48,3,384,silu,0.15,Adam,,0.0006,0.0,True,0.7,"[2, 3]","[1, 3]",0.03632,0.43182,307,0.33126,0.44617,258,0.15364,COMPLETED
985,20251112_230533,gaitset_GREW.csv,Preset_2,MLP,42,46,"[384, 384, 192]",mean,,48,3,384,silu,0.15,Adam,,0.0006,0.0,True,0.7,"[2, 3]","[1, 3]",0.03229,0.52273,247,0.45615,0.62255,224,0.3024,COMPLETED
986,20251112_230533,gaitset_OUMVLP.csv,Preset_2,MLP,42,30,"[384, 384, 192]",mean,,48,3,384,silu,0.15,Adam,,0.0006,0.0,True,0.7,"[2, 3]","[1, 3]",0.04242,0.45455,226,0.35944,0.51726,164,0.25574,COMPLETED
987,20251112_230533,gln_phase1.csv,Preset_2,MLP,42,29,"[384, 384, 192]",mean,,48,3,384,silu,0.15,Adam,,0.0006,0.0,True,0.7,"[2, 3]","[1, 3]",0.02261,0.5,239,0.49413,0.59517,152,0.45346,COMPLETED
988,20251112_230533,gln_phase2.csv,Preset_2,MLP,42,31,"[384, 384, 192]",mean,,48,3,384,silu,0.15,Adam,,0.0006,0.0,True,0.7,"[2, 3]","[1, 3]",0.03163,0.47727,223,0.42899,0.51233,137,0.49031,COMPLETED

989,20251112_231048,baseline_CASIAB.csv,Preset_1,MLP,42,256,"[768, 384, 192]",mean,,32,3,768,silu,0.2,AdamW,,0.0005,1e-06,False,,"[1, 2]",[2],0.00596,0.54545,32,0.39337,0.40389,19,0.38843,COMPLETED
990,20251112_231048,baseline_OUMVLP.csv,Preset_1,MLP,42,256,"[768, 384, 192]",mean,,32,3,768,silu,0.2,AdamW,,0.0005,1e-06,False,,"[1, 2]",[2],0.00787,0.59091,54,0.55415,0.55415,54,0.00787,COMPLETED
991,20251112_231048,gaitgl.csv,Preset_1,MLP,42,128,"[768, 384, 192]",mean,,32,3,768,silu,0.2,AdamW,,0.0005,1e-06,False,,"[1, 2]",[2],0.00418,0.47727,24,0.40877,0.43834,23,0.0059,COMPLETED
992,20251112_231048,gaitgl_GREW.csv,Preset_1,MLP,42,256,"[768, 384, 192]",mean,,32,3,768,silu,0.2,AdamW,,0.0005,1e-06,False,,"[1, 2]",[2],0.02046,0.36364,74,0.26923,0.37582,67,0.21868,COMPLETED
993,20251112_231048,gaitgl_GREW_BNNeck.csv,Preset_1,MLP,42,256,"[768, 384, 192]",mean,,32,3,768,silu,0.2,AdamW,,0.0005,1e-06,False,,"[1, 2]",[2],0.01474,0.43182,55,0.31533,0.34689,32,0.48408,COMPLETED
994,20251112_231048,gaitgl_OUMVLP.csv,Preset_1,MLP,42,256,"[768, 384, 192]",mean,,32,3,768,silu,0.2,AdamW,,0.0005,1e-06,False,,"[1, 2]",[2],0.00878,0.52273,598,0.46957,0.57666,493,0.36072,COMPLETED
995,20251112_231048,gaitpart_GREW.csv,Preset_1,MLP,42,256,"[768, 384, 192]",mean,,32,3,768,silu,0.2,AdamW,,0.0005,1e-06,False,,"[1, 2]",[2],0.00281,0.52273,61,0.4437,0.46102,42,0.14656,COMPLETED
996,20251112_231048,gaitpart_OUMVLP.csv,Preset_1,MLP,42,256,"[768, 384, 192]",mean,,32,3,768,silu,0.2,AdamW,,0.0005,1e-06,False,,"[1, 2]",[2],0.01291,0.56818,368,0.53796,0.58285,361,0.26339,COMPLETED
997,20251112_231048,gaitset.csv,Preset_1,MLP,42,256,"[768, 384, 192]",mean,,32,3,768,silu,0.2,AdamW,,0.0005,1e-06,False,,"[1, 2]",[2],0.00408,0.34091,43,0.28973,0.40726,33,0.10126,COMPLETED
998,20251112_231048,gaitset_GREW.csv,Preset_1,MLP,42,256,"[768, 384, 192]",mean,,32,3,768,silu,0.2,AdamW,,0.0005,1e-06,False,,"[1, 2]",[2],0.00341,0.54545,59,0.5404,0.5404,59,0.00341,COMPLETED
999,20251112_231048,gaitset_OUMVLP.csv,Preset_1,MLP,42,256,"[768, 384, 192]",mean,,32,3,768,silu,0.2,AdamW,,0.0005,1e-06,False,,"[1, 2]",[2],0.00446,0.40909,202,0.35,0.4746,116,0.48323,COMPLETED
1000,20251112_231048,gln_phase1.csv,Preset_1,MLP,42,256,"[768, 384, 192]",mean,,32,3,768,silu,0.2,AdamW,,0.0005,1e-06,False,,"[1, 2]",[2],0.00321,0.43182,36,0.36237,0.49048,22,0.15155,COMPLETED
1001,20251112_231048,gln_phase2.csv,Preset_1,MLP,42,256,"[768, 384, 192]",mean,,32,3,768,silu,0.2,AdamW,,0.0005,1e-06,False,,"[1, 2]",[2],0.00176,0.45455,40,0.38316,0.43922,19,0.46767,COMPLETED

1002,20251112_231048,baseline_CASIAB.csv,Preset_2,MLP,42,16,"[1024, 512, 256, 128]",mean,,32,4,1024,gelu,0.2,AdamW,,0.0003,1e-05,True,0.6,"[2, 3, 4]","[1, 3]",0.04656,0.5,210,0.42483,0.51884,157,0.14008,COMPLETED
1003,20251112_231048,baseline_OUMVLP.csv,Preset_2,MLP,42,15,"[1024, 512, 256, 128]",mean,,32,4,1024,gelu,0.2,AdamW,,0.0003,1e-05,True,0.6,"[2, 3, 4]","[1, 3]",0.03604,0.47727,200,0.41036,0.4936,139,0.24788,COMPLETED
1004,20251112_231048,gaitgl.csv,Preset_2,MLP,42,3,"[1024, 512, 256, 128]",mean,,32,4,1024,gelu,0.2,AdamW,,0.0003,1e-05,True,0.6,"[2, 3, 4]","[1, 3]",0.08498,0.45455,1506,0.38316,0.51884,957,0.19984,STOPPED
1005,20251112_231048,gaitgl_GREW.csv,Preset_2,MLP,42,15,"[1024, 512, 256, 128]",mean,,32,4,1024,gelu,0.2,AdamW,,0.0003,1e-05,True,0.6,"[2, 3, 4]","[1, 3]",0.02812,0.43182,96,0.37053,0.46347,89,0.11329,COMPLETED
1006,20251112_231048,gaitgl_GREW_BNNeck.csv,Preset_2,MLP,42,23,"[1024, 512, 256, 128]",mean,,32,4,1024,gelu,0.2,AdamW,,0.0003,1e-05,True,0.6,"[2, 3, 4]","[1, 3]",0.03598,0.34091,506,0.2563,0.34709,504,0.03266,COMPLETED
1007,20251112_231048,gaitgl_OUMVLP.csv,Preset_2,MLP,42,3,"[1024, 512, 256, 128]",mean,,32,4,1024,gelu,0.2,AdamW,,0.0003,1e-05,True,0.6,"[2, 3, 4]","[1, 3]",0.19635,0.40909,1112,0.3078,0.41414,962,0.22685,STOPPED
1008,20251112_231048,gaitpart_GREW.csv,Preset_2,MLP,42,29,"[1024, 512, 256, 128]",mean,,32,4,1024,gelu,0.2,AdamW,,0.0003,1e-05,True,0.6,"[2, 3, 4]","[1, 3]",0.03264,0.52273,212,0.4798,0.61111,207,0.0546,COMPLETED
1009,20251112_231048,gaitpart_OUMVLP.csv,Preset_2,MLP,42,20,"[1024, 512, 256, 128]",mean,,32,4,1024,gelu,0.2,AdamW,,0.0003,1e-05,True,0.6,"[2, 3, 4]","[1, 3]",0.02098,0.43182,161,0.37302,0.54276,98,0.37996,COMPLETED
1010,20251112_231048,gaitset.csv,Preset_2,MLP,42,12,"[1024, 512, 256, 128]",mean,,32,4,1024,gelu,0.2,AdamW,,0.0003,1e-05,True,0.6,"[2, 3, 4]","[1, 3]",0.02802,0.54545,382,0.41414,0.49006,316,0.14354,COMPLETED
1011,20251112_231048,gaitset_GREW.csv,Preset_2,MLP,42,29,"[1024, 512, 256, 128]",mean,,32,4,1024,gelu,0.2,AdamW,,0.0003,1e-05,True,0.6,"[2, 3, 4]","[1, 3]",0.03246,0.47727,353,0.34912,0.44259,315,0.15884,COMPLETED
1012,20251112_231048,gaitset_OUMVLP.csv,Preset_2,MLP,42,17,"[1024, 512, 256, 128]",mean,,32,4,1024,gelu,0.2,AdamW,,0.0003,1e-05,True,0.6,"[2, 3, 4]","[1, 3]",0.04514,0.43182,308,0.34556,0.50278,161,0.49403,COMPLETED
1013,20251112_231048,gln_phase1.csv,Preset_2,MLP,42,16,"[1024, 512, 256, 128]",mean,,32,4,1024,gelu,0.2,AdamW,,0.0003,1e-05,True,0.6,"[2, 3, 4]","[1, 3]",0.04227,0.45455,317,0.34414,0.45845,233,0.27264,COMPLETED
1014,20251112_231048,gln_phase2.csv,Preset_2,MLP,42,18,"[1024, 512, 256, 128]",mean,,32,4,1024,gelu,0.2,AdamW,,0.0003,1e-05,True,0.6,"[2, 3, 4]","[1, 3]",0.03529,0.45455,306,0.41039,0.55952,226,0.33634,COMPLETED

1015,20251112_231048,baseline_CASIAB.csv,Preset_3,MLP,42,256,"[256, 256, 256]",mean,,64,3,256,relu,0.1,Adam,,0.001,0.0,False,,[],[2],0.03246,0.5,120,0.41872,0.42997,91,0.15666,COMPLETED
1016,20251112_231048,baseline_OUMVLP.csv,Preset_3,MLP,42,256,"[256, 256, 256]",mean,,64,3,256,relu,0.1,Adam,,0.001,0.0,False,,[],[2],0.04017,0.47727,171,0.45937,0.55556,112,0.33785,COMPLETED
1017,20251112_231048,gaitgl.csv,Preset_3,MLP,42,128,"[256, 256, 256]",mean,,64,3,256,relu,0.1,Adam,,0.001,0.0,False,,[],[2],0.01626,0.45455,60,0.38369,0.41344,54,0.10349,COMPLETED
1018,20251112_231048,gaitgl_GREW.csv,Preset_3,MLP,42,256,"[256, 256, 256]",mean,,64,3,256,relu,0.1,Adam,,0.001,0.0,False,,[],[2],0.03649,0.40909,228,0.3538,0.45574,167,0.44439,COMPLETED
1019,20251112_231048,gaitgl_GREW_BNNeck.csv,Preset_3,MLP,42,256,"[256, 256, 256]",mean,,64,3,256,relu,0.1,Adam,,0.001,0.0,False,,[],[2],0.03329,0.43182,162,0.37354,0.38586,128,0.21263,COMPLETED
1020,20251112_231048,gaitgl_OUMVLP.csv,Preset_3,MLP,42,256,"[256, 256, 256]",mean,,64,3,256,relu,0.1,Adam,,0.001,0.0,False,,[],[2],1.00595,0.47727,657,0.21538,0.21538,657,1.00595,STOPPED
1021,20251112_231048,gaitpart_GREW.csv,Preset_3,MLP,42,256,"[256, 256, 256]",mean,,64,3,256,relu,0.1,Adam,,0.001,0.0,False,,[],[2],0.02721,0.52273,188,0.45411,0.48456,187,0.0276,COMPLETED
1022,20251112_231048,gaitpart_OUMVLP.csv,Preset_3,MLP,42,256,"[256, 256, 256]",mean,,64,3,256,relu,0.1,Adam,,0.001,0.0,False,,[],[2],0.84856,0.59091,959,0.40979,0.56465,403,0.46313,STOPPED
1023,20251112_231048,gaitset.csv,Preset_3,MLP,42,256,"[256, 256, 256]",mean,,64,3,256,relu,0.1,Adam,,0.001,0.0,False,,[],[2],0.04214,0.38636,141,0.31772,0.3974,107,0.19603,COMPLETED
1024,20251112_231048,gaitset_GREW.csv,Preset_3,MLP,42,256,"[256, 256, 256]",mean,,64,3,256,relu,0.1,Adam,,0.001,0.0,False,,[],[2],0.03257,0.47727,225,0.34046,0.40613,162,0.23032,COMPLETED
1025,20251112_231048,gaitset_OUMVLP.csv,Preset_3,MLP,42,256,"[256, 256, 256]",mean,,64,3,256,relu,0.1,Adam,,0.001,0.0,False,,[],[2],0.23843,0.47727,738,0.42167,0.51736,429,0.41843,STOPPED
1026,20251112_231048,gln_phase1.csv,Preset_3,MLP,42,256,"[256, 256, 256]",mean,,64,3,256,relu,0.1,Adam,,0.001,0.0,False,,[],[2],0.02487,0.52273,151,0.43965,0.47573,126,0.17206,COMPLETED
1027,20251112_231048,gln_phase2.csv,Preset_3,MLP,42,256,"[256, 256, 256]",mean,,64,3,256,relu,0.1,Adam,,0.001,0.0,False,,[],[2],0.02922,0.40909,108,0.34682,0.38316,70,0.37878,COMPLETED

1028,20251112_231048,baseline_CASIAB.csv,Preset_4,MLP,42,256,"[640, 320]",mean,,64,2,640,silu,0.05,AdamW,,0.0007,1e-06,False,,[1],[],0.00884,0.47727,58,0.39955,0.40091,56,0.01882,COMPLETED
1029,20251112_231048,baseline_OUMVLP.csv,Preset_4,MLP,42,256,"[640, 320]",mean,,64,2,640,silu,0.05,AdamW,,0.0007,1e-06,False,,[1],[],0.02957,0.47727,66,0.44714,0.50529,65,0.02965,COMPLETED
1030,20251112_231048,gaitgl.csv,Preset_4,MLP,42,128,"[640, 320]",mean,,64,2,640,silu,0.05,AdamW,,0.0007,1e-06,False,,[1],[],0.0222,0.36364,47,0.28431,0.40871,31,0.18169,COMPLETED
1031,20251112_231048,gaitgl_GREW.csv,Preset_4,MLP,42,256,"[640, 320]",mean,,64,2,640,silu,0.05,AdamW,,0.0007,1e-06,False,,[1],[],0.0417,0.36364,95,0.28788,0.38407,73,0.17706,COMPLETED
1032,20251112_231048,gaitgl_GREW_BNNeck.csv,Preset_4,MLP,42,256,"[640, 320]",mean,,64,2,640,silu,0.05,AdamW,,0.0007,1e-06,False,,[1],[],0.0088,0.34091,77,0.26075,0.34022,54,0.47087,COMPLETED
1033,20251112_231048,gaitgl_OUMVLP.csv,Preset_4,MLP,42,256,"[640, 320]",mean,,64,2,640,silu,0.05,AdamW,,0.0007,1e-06,False,,[1],[],0.02803,0.47727,866,0.45808,0.52527,860,0.07218,COMPLETED
1034,20251112_231048,gaitpart_GREW.csv,Preset_4,MLP,42,256,"[640, 320]",mean,,64,2,640,silu,0.05,AdamW,,0.0007,1e-06,False,,[1],[],0.01639,0.45455,93,0.40741,0.47475,77,0.11053,COMPLETED
1035,20251112_231048,gaitpart_OUMVLP.csv,Preset_4,MLP,42,256,"[640, 320]",mean,,64,2,640,silu,0.05,AdamW,,0.0007,1e-06,False,,[1],[],0.0169,0.5,346,0.42721,0.51895,234,0.46828,COMPLETED
1036,20251112_231048,gaitset.csv,Preset_4,MLP,42,256,"[640, 320]",mean,,64,2,640,silu,0.05,AdamW,,0.0007,1e-06,False,,[1],[],0.0221,0.36364,50,0.25862,0.37611,41,0.10942,COMPLETED
1037,20251112_231048,gaitset_GREW.csv,Preset_4,MLP,42,256,"[640, 320]",mean,,64,2,640,silu,0.05,AdamW,,0.0007,1e-06,False,,[1],[],0.00549,0.47727,83,0.34603,0.49073,52,0.42044,COMPLETED
1038,20251112_231048,gaitset_OUMVLP.csv,Preset_4,MLP,42,256,"[640, 320]",mean,,64,2,640,silu,0.05,AdamW,,0.0007,1e-06,False,,[1],[],0.01789,0.45455,377,0.40591,0.4944,287,0.47735,COMPLETED
1039,20251112_231048,gln_phase1.csv,Preset_4,MLP,42,256,"[640, 320]",mean,,64,2,640,silu,0.05,AdamW,,0.0007,1e-06,False,,[1],[],0.02045,0.56818,63,0.47487,0.57037,49,0.20271,COMPLETED
1040,20251112_231048,gln_phase2.csv,Preset_4,MLP,42,256,"[640, 320]",mean,,64,2,640,silu,0.05,AdamW,,0.0007,1e-06,False,,[1],[],0.01425,0.45455,50,0.38889,0.47196,27,0.48029,COMPLETED

1041,20251112_231048,baseline_CASIAB.csv,Preset_5,MLP,42,36,"[512, 512, 256]",mean,,48,3,512,gelu,0.25,AdamW,,0.0004,5e-06,True,0.75,"[1, 3]","[2, 3]",0.0168,0.52273,97,0.38186,0.51726,85,0.07894,COMPLETED
1042,20251112_231048,baseline_OUMVLP.csv,Preset_5,MLP,42,33,"[512, 512, 256]",mean,,48,3,512,gelu,0.25,AdamW,,0.0004,5e-06,True,0.75,"[1, 3]","[2, 3]",0.01704,0.47727,96,0.43782,0.51176,78,0.14931,COMPLETED
1043,20251112_231048,gaitgl.csv,Preset_5,MLP,42,19,"[512, 512, 256]",mean,,48,3,512,gelu,0.25,AdamW,,0.0004,5e-06,True,0.75,"[1, 3]","[2, 3]",0.02414,0.52273,76,0.50086,0.55904,55,0.10836,COMPLETED
1044,20251112_231048,gaitgl_GREW.csv,Preset_5,MLP,42,47,"[512, 512, 256]",mean,,48,3,512,gelu,0.25,AdamW,,0.0004,5e-06,True,0.75,"[1, 3]","[2, 3]",0.01863,0.54545,36,0.41107,0.45981,29,0.0617,COMPLETED
1045,20251112_231048,gaitgl_GREW_BNNeck.csv,Preset_5,MLP,42,48,"[512, 512, 256]",mean,,48,3,512,gelu,0.25,AdamW,,0.0004,5e-06,True,0.75,"[1, 3]","[2, 3]",0.0144,0.34091,189,0.26721,0.40352,183,0.09007,COMPLETED
1046,20251112_231048,gaitgl_OUMVLP.csv,Preset_5,MLP,42,13,"[512, 512, 256]",mean,,48,3,512,gelu,0.25,AdamW,,0.0004,5e-06,True,0.75,"[1, 3]","[2, 3]",0.02919,0.36364,140,0.31159,0.37371,135,0.05796,COMPLETED
1047,20251112_231048,gaitpart_GREW.csv,Preset_5,MLP,42,56,"[512, 512, 256]",mean,,48,3,512,gelu,0.25,AdamW,,0.0004,5e-06,True,0.75,"[1, 3]","[2, 3]",0.0182,0.52273,72,0.36963,0.50435,66,0.07342,COMPLETED
1048,20251112_231048,gaitpart_OUMVLP.csv,Preset_5,MLP,42,44,"[512, 512, 256]",mean,,48,3,512,gelu,0.25,AdamW,,0.0004,5e-06,True,0.75,"[1, 3]","[2, 3]",0.0207,0.52273,67,0.44248,0.54955,41,0.47147,COMPLETED
1049,20251112_231048,gaitset.csv,Preset_5,MLP,42,28,"[512, 512, 256]",mean,,48,3,512,gelu,0.25,AdamW,,0.0004,5e-06,True,0.75,"[1, 3]","[2, 3]",0.02096,0.54545,156,0.49293,0.49293,156,0.02096,COMPLETED
1050,20251112_231048,gaitset_GREW.csv,Preset_5,MLP,42,58,"[512, 512, 256]",mean,,48,3,512,gelu,0.25,AdamW,,0.0004,5e-06,True,0.75,"[1, 3]","[2, 3]",0.01334,0.5,115,0.41919,0.4615,94,0.4915,COMPLETED
1051,20251112_231048,gaitset_OUMVLP.csv,Preset_5,MLP,42,40,"[512, 512, 256]",mean,,48,3,512,gelu,0.25,AdamW,,0.0004,5e-06,True,0.75,"[1, 3]","[2, 3]",0.01822,0.45455,115,0.33419,0.40749,105,0.09039,COMPLETED
1052,20251112_231048,gln_phase1.csv,Preset_5,MLP,42,38,"[512, 512, 256]",mean,,48,3,512,gelu,0.25,AdamW,,0.0004,5e-06,True,0.75,"[1, 3]","[2, 3]",0.01587,0.52273,128,0.49746,0.57439,122,0.06916,COMPLETED
1053,20251112_231048,gln_phase2.csv,Preset_5,MLP,42,41,"[512, 512, 256]",mean,,48,3,512,gelu,0.25,AdamW,,0.0004,5e-06,True,0.75,"[1, 3]","[2, 3]",0.02553,0.43182,110,0.36854,0.49161,85,0.3462,COMPLETED

1054,20251112_231048,baseline_CASIAB.csv,Preset_6,MLP,42,256,"[768, 512]",mean,,64,2,768,leakyrelu,0.1,Adam,,0.0009,0.0,False,,[2],[1],0.01048,0.45455,61,0.33553,0.43379,32,0.43315,COMPLETED
1055,20251112_231048,baseline_OUMVLP.csv,Preset_6,MLP,42,256,"[768, 512]",mean,,64,2,768,leakyrelu,0.1,Adam,,0.0009,0.0,False,,[2],[1],0.01984,0.54545,122,0.52748,0.54634,114,0.041,COMPLETED
1056,20251112_231048,gaitgl.csv,Preset_6,MLP,42,128,"[768, 512]",mean,,64,2,768,leakyrelu,0.1,Adam,,0.0009,0.0,False,,[2],[1],0.00808,0.45455,45,0.38369,0.38369,45,0.00808,COMPLETED
1057,20251112_231048,gaitgl_GREW.csv,Preset_6,MLP,42,256,"[768, 512]",mean,,64,2,768,leakyrelu,0.1,Adam,,0.0009,0.0,False,,[2],[1],0.11285,0.52273,359,0.38307,0.47277,233,0.10732,STOPPED
1058,20251112_231048,gaitgl_GREW_BNNeck.csv,Preset_6,MLP,42,256,"[768, 512]",mean,,64,2,768,leakyrelu,0.1,Adam,,0.0009,0.0,False,,[2],[1],0.01679,0.43182,85,0.3628,0.41095,59,0.36241,COMPLETED
1059,20251112_231048,gaitgl_OUMVLP.csv,Preset_6,MLP,42,256,"[768, 512]",mean,,64,2,768,leakyrelu,0.1,Adam,,0.0009,0.0,False,,[2],[1],0.70185,0.40909,844,0.35471,0.35471,844,0.70185,STOPPED
1060,20251112_231048,gaitpart_GREW.csv,Preset_6,MLP,42,256,"[768, 512]",mean,,64,2,768,leakyrelu,0.1,Adam,,0.0009,0.0,False,,[2],[1],0.01074,0.52273,139,0.4615,0.50188,136,0.02038,COMPLETED
1061,20251112_231048,gaitpart_OUMVLP.csv,Preset_6,MLP,42,256,"[768, 512]",mean,,64,2,768,leakyrelu,0.1,Adam,,0.0009,0.0,False,,[2],[1],0.49201,0.56818,398,0.41693,0.5183,351,0.48852,STOPPED
1062,20251112_231048,gaitset.csv,Preset_6,MLP,42,256,"[768, 512]",mean,,64,2,768,leakyrelu,0.1,Adam,,0.0009,0.0,False,,[2],[1],0.01522,0.38636,67,0.31671,0.41111,63,0.04232,COMPLETED
1063,20251112_231048,gaitset_GREW.csv,Preset_6,MLP,42,256,"[768, 512]",mean,,64,2,768,leakyrelu,0.1,Adam,,0.0009,0.0,False,,[2],[1],0.03267,0.45455,121,0.38007,0.50907,113,0.04262,COMPLETED
1064,20251112_231048,gaitset_OUMVLP.csv,Preset_6,MLP,42,256,"[768, 512]",mean,,64,2,768,leakyrelu,0.1,Adam,,0.0009,0.0,False,,[2],[1],0.51097,0.38636,518,0.33244,0.50877,343,0.4887,STOPPED
1065,20251112_231048,gln_phase1.csv,Preset_6,MLP,42,256,"[768, 512]",mean,,64,2,768,leakyrelu,0.1,Adam,,0.0009,0.0,False,,[2],[1],0.00811,0.54545,66,0.4582,0.54602,39,0.48458,COMPLETED
1066,20251112_231048,gln_phase2.csv,Preset_6,MLP,42,256,"[768, 512]",mean,,64,2,768,leakyrelu,0.1,Adam,,0.0009,0.0,False,,[2],[1],0.00838,0.43182,95,0.36237,0.45279,59,0.11565,COMPLETED

1067,20251112_231048,baseline_CASIAB.csv,Preset_7,MLP,42,36,"[896, 448, 224]",mean,,32,3,896,silu,0.15,AdamW,,0.0005,1e-05,True,0.75,"[1, 2]",[2],0.01325,0.52273,69,0.43135,0.54891,47,0.35667,COMPLETED
1068,20251112_231048,baseline_OUMVLP.csv,Preset_7,MLP,42,33,"[896, 448, 224]",mean,,32,3,896,silu,0.15,AdamW,,0.0005,1e-05,True,0.75,"[1, 2]",[2],0.01298,0.54545,57,0.49161,0.51766,52,0.0615,COMPLETED
1069,20251112_231048,gaitgl.csv,Preset_7,MLP,42,19,"[896, 448, 224]",mean,,32,3,896,silu,0.15,AdamW,,0.0005,1e-05,True,0.75,"[1, 2]",[2],0.01936,0.43182,58,0.37792,0.39021,44,0.18553,COMPLETED
1070,20251112_231048,gaitgl_GREW.csv,Preset_7,MLP,42,47,"[896, 448, 224]",mean,,32,3,896,silu,0.15,AdamW,,0.0005,1e-05,True,0.75,"[1, 2]",[2],0.00511,0.5,27,0.37591,0.47784,22,0.06385,COMPLETED
1071,20251112_231048,gaitgl_GREW_BNNeck.csv,Preset_7,MLP,42,48,"[896, 448, 224]",mean,,32,3,896,silu,0.15,AdamW,,0.0005,1e-05,True,0.75,"[1, 2]",[2],0.04865,0.34091,109,0.26583,0.37104,88,0.38849,COMPLETED
1072,20251112_231048,gaitgl_OUMVLP.csv,Preset_7,MLP,42,13,"[896, 448, 224]",mean,,32,3,896,silu,0.15,AdamW,,0.0005,1e-05,True,0.75,"[1, 2]",[2],0.02906,0.36364,97,0.30283,0.37043,83,0.10316,COMPLETED
1073,20251112_231048,gaitpart_GREW.csv,Preset_7,MLP,42,56,"[896, 448, 224]",mean,,32,3,896,silu,0.15,AdamW,,0.0005,1e-05,True,0.75,"[1, 2]",[2],0.00248,0.56818,53,0.46769,0.49055,48,0.09469,COMPLETED
1074,20251112_231048,gaitpart_OUMVLP.csv,Preset_7,MLP,42,44,"[896, 448, 224]",mean,,32,3,896,silu,0.15,AdamW,,0.0005,1e-05,True,0.75,"[1, 2]",[2],0.00546,0.59091,44,0.52875,0.56946,31,0.37305,COMPLETED
1075,20251112_231048,gaitset.csv,Preset_7,MLP,42,28,"[896, 448, 224]",mean,,32,3,896,silu,0.15,AdamW,,0.0005,1e-05,True,0.75,"[1, 2]",[2],0.01953,0.5,98,0.4531,0.46142,76,0.44941,COMPLETED
1076,20251112_231048,gaitset_GREW.csv,Preset_7,MLP,42,58,"[896, 448, 224]",mean,,32,3,896,silu,0.15,AdamW,,0.0005,1e-05,True,0.75,"[1, 2]",[2],0.01208,0.5,73,0.44099,0.50466,67,0.08408,COMPLETED
1077,20251112_231048,gaitset_OUMVLP.csv,Preset_7,MLP,42,40,"[896, 448, 224]",mean,,32,3,896,silu,0.15,AdamW,,0.0005,1e-05,True,0.75,"[1, 2]",[2],0.00965,0.40909,65,0.32035,0.39167,58,0.08796,COMPLETED
1078,20251112_231048,gln_phase1.csv,Preset_7,MLP,42,38,"[896, 448, 224]",mean,,32,3,896,silu,0.15,AdamW,,0.0005,1e-05,True,0.75,"[1, 2]",[2],0.01833,0.5,74,0.46823,0.58631,57,0.25122,COMPLETED
1079,20251112_231048,gln_phase2.csv,Preset_7,MLP,42,41,"[896, 448, 224]",mean,,32,3,896,silu,0.15,AdamW,,0.0005,1e-05,True,0.75,"[1, 2]",[2],0.03396,0.38636,69,0.32433,0.37749,48,0.47159,COMPLETED

1080,20251112_231048,baseline_CASIAB.csv,Preset_8,MLP,42,256,"[384, 256, 128]",mean,,48,3,384,leakyrelu,0.2,Adam,,0.0008,0.0,False,,[3],"[1, 2]",0.01805,0.59091,88,0.48778,0.52373,51,0.33386,COMPLETED
1081,20251112_231048,baseline_OUMVLP.csv,Preset_8,MLP,42,256,"[384, 256, 128]",mean,,48,3,384,leakyrelu,0.2,Adam,,0.0008,0.0,False,,[3],"[1, 2]",0.17221,0.5,322,0.47944,0.63131,171,0.13757,STOPPED
1082,20251112_231048,gaitgl.csv,Preset_8,MLP,42,128,"[384, 256, 128]",mean,,48,3,384,leakyrelu,0.2,Adam,,0.0008,0.0,False,,[3],"[1, 2]",0.03884,0.5,64,0.41667,0.44697,51,0.18152,COMPLETED
1083,20251112_231048,gaitgl_GREW.csv,Preset_8,MLP,42,256,"[384, 256, 128]",mean,,48,3,384,leakyrelu,0.2,Adam,,0.0008,0.0,False,,[3],"[1, 2]",0.59193,0.40909,411,0.29181,0.50738,302,0.31192,STOPPED
1084,20251112_231048,gaitgl_GREW_BNNeck.csv,Preset_8,MLP,42,256,"[384, 256, 128]",mean,,48,3,384,leakyrelu,0.2,Adam,,0.0008,0.0,False,,[3],"[1, 2]",0.01637,0.38636,116,0.28132,0.36619,51,0.48741,COMPLETED
1085,20251112_231048,gaitgl_OUMVLP.csv,Preset_8,MLP,42,256,"[384, 256, 128]",mean,,48,3,384,leakyrelu,0.2,Adam,,0.0008,0.0,False,,[3],"[1, 2]",1.00769,0.47727,540,0.21538,0.21538,540,1.00769,STOPPED
1086,20251112_231048,gaitpart_GREW.csv,Preset_8,MLP,42,256,"[384, 256, 128]",mean,,48,3,384,leakyrelu,0.2,Adam,,0.0008,0.0,False,,[3],"[1, 2]",0.24041,0.43182,307,0.37361,0.49161,175,0.14678,STOPPED
1087,20251112_231048,gaitpart_OUMVLP.csv,Preset_8,MLP,42,256,"[384, 256, 128]",mean,,48,3,384,leakyrelu,0.2,Adam,,0.0008,0.0,False,,[3],"[1, 2]",0.79976,0.45455,439,0.32629,0.32629,439,0.79976,STOPPED
1088,20251112_231048,gaitset.csv,Preset_8,MLP,42,256,"[384, 256, 128]",mean,,48,3,384,leakyrelu,0.2,Adam,,0.0008,0.0,False,,[3],"[1, 2]",0.04653,0.40909,78,0.34181,0.37298,77,0.04255,COMPLETED
1089,20251112_231048,gaitset_GREW.csv,Preset_8,MLP,42,256,"[384, 256, 128]",mean,,48,3,384,leakyrelu,0.2,Adam,,0.0008,0.0,False,,[3],"[1, 2]",0.03708,0.5,237,0.42579,0.47456,152,0.4026,COMPLETED
1090,20251112_231048,gaitset_OUMVLP.csv,Preset_8,MLP,42,256,"[384, 256, 128]",mean,,48,3,384,leakyrelu,0.2,Adam,,0.0008,0.0,False,,[3],"[1, 2]",0.64035,0.5,340,0.49716,0.49716,340,0.64035,STOPPED
1091,20251112_231048,gln_phase1.csv,Preset_8,MLP,42,256,"[384, 256, 128]",mean,,48,3,384,leakyrelu,0.2,Adam,,0.0008,0.0,False,,[3],"[1, 2]",0.02442,0.47727,94,0.40322,0.5429,66,0.23223,COMPLETED
1092,20251112_231048,gln_phase2.csv,Preset_8,MLP,42,256,"[384, 256, 128]",mean,,48,3,384,leakyrelu,0.2,Adam,,0.0008,0.0,False,,[3],"[1, 2]",0.01812,0.40909,134,0.35262,0.44011,124,0.19061,COMPLETED

1093,20251112_231048,baseline_CASIAB.csv,Preset_9,MLP,42,256,"[512, 512]",mean,L2,32,2,512,gelu,0.12,AdamW,,0.0003,1e-06,False,,[2],"[1, 2]",0.03506,0.54545,54,0.50677,0.54241,40,0.14673,COMPLETED
1094,20251112_231048,baseline_OUMVLP.csv,Preset_9,MLP,42,256,"[512, 512]",mean,L2,32,2,512,gelu,0.12,AdamW,,0.0003,1e-06,False,,[2],"[1, 2]",0.03327,0.52273,76,0.47483,0.54,66,0.07715,COMPLETED
1095,20251112_231048,gaitgl.csv,Preset_9,MLP,42,128,"[512, 512]",mean,L2,32,2,512,gelu,0.12,AdamW,,0.0003,1e-06,False,,[2],"[1, 2]",0.03348,0.5,60,0.46448,0.50079,55,0.05311,COMPLETED
1096,20251112_231048,gaitgl_GREW.csv,Preset_9,MLP,42,256,"[512, 512]",mean,L2,32,2,512,gelu,0.12,AdamW,,0.0003,1e-06,False,,[2],"[1, 2]",0.02773,0.52273,112,0.38472,0.41769,102,0.0762,COMPLETED
1097,20251112_231048,gaitgl_GREW_BNNeck.csv,Preset_9,MLP,42,256,"[512, 512]",mean,L2,32,2,512,gelu,0.12,AdamW,,0.0003,1e-06,False,,[2],"[1, 2]",0.03137,0.34091,47,0.25568,0.38938,22,0.41702,COMPLETED
1098,20251112_231048,gaitgl_OUMVLP.csv,Preset_9,MLP,42,256,"[512, 512]",mean,L2,32,2,512,gelu,0.12,AdamW,,0.0003,1e-06,False,,[2],"[1, 2]",0.03279,0.40909,564,0.39449,0.53166,424,0.36428,COMPLETED
1099,20251112_231048,gaitpart_GREW.csv,Preset_9,MLP,42,256,"[512, 512]",mean,L2,32,2,512,gelu,0.12,AdamW,,0.0003,1e-06,False,,[2],"[1, 2]",0.02994,0.47727,75,0.40833,0.45741,37,0.49032,COMPLETED
1100,20251112_231048,gaitpart_OUMVLP.csv,Preset_9,MLP,42,256,"[512, 512]",mean,L2,32,2,512,gelu,0.12,AdamW,,0.0003,1e-06,False,,[2],"[1, 2]",0.02509,0.5,282,0.45704,0.51727,169,0.42218,COMPLETED
1101,20251112_231048,gaitset.csv,Preset_9,MLP,42,256,"[512, 512]",mean,L2,32,2,512,gelu,0.12,AdamW,,0.0003,1e-06,False,,[2],"[1, 2]",0.03327,0.38636,56,0.3499,0.41667,34,0.32278,COMPLETED
1102,20251112_231048,gaitset_GREW.csv,Preset_9,MLP,42,256,"[512, 512]",mean,L2,32,2,512,gelu,0.12,AdamW,,0.0003,1e-06,False,,[2],"[1, 2]",0.03355,0.45455,62,0.31951,0.43672,49,0.16724,COMPLETED
1103,20251112_231048,gaitset_OUMVLP.csv,Preset_9,MLP,42,256,"[512, 512]",mean,L2,32,2,512,gelu,0.12,AdamW,,0.0003,1e-06,False,,[2],"[1, 2]",0.02503,0.45455,244,0.38746,0.50084,221,0.1307,COMPLETED
1104,20251112_231048,gln_phase1.csv,Preset_9,MLP,42,256,"[512, 512]",mean,L2,32,2,512,gelu,0.12,AdamW,,0.0003,1e-06,False,,[2],"[1, 2]",0.03227,0.54545,53,0.50635,0.57807,37,0.15123,COMPLETED
1105,20251112_231048,gln_phase2.csv,Preset_9,MLP,42,256,"[512, 512]",mean,L2,32,2,512,gelu,0.12,AdamW,,0.0003,1e-06,False,,[2],"[1, 2]",0.02649,0.52273,58,0.44162,0.47806,38,0.14804,COMPLETED

1106,20251112_231048,baseline_CASIAB.csv,Preset_10,MLP,42,47,"[320, 320, 160, 80]",mean,minmax,64,4,320,silu,0.18,AdamW,,0.0006,5e-06,True,0.8,"[1, 3, 4]","[2, 4]",0.03104,0.47727,90,0.42125,0.47196,73,0.2404,COMPLETED
1107,20251112_231048,baseline_OUMVLP.csv,Preset_10,MLP,42,44,"[320, 320, 160, 80]",mean,minmax,64,4,320,silu,0.18,AdamW,,0.0006,5e-06,True,0.8,"[1, 3, 4]","[2, 4]",0.03555,0.45455,95,0.42232,0.52719,58,0.49175,COMPLETED
1108,20251112_231048,gaitgl.csv,Preset_10,MLP,42,28,"[320, 320, 160, 80]",mean,minmax,64,4,320,silu,0.18,AdamW,,0.0006,5e-06,True,0.8,"[1, 3, 4]","[2, 4]",0.02384,0.43182,74,0.3709,0.4297,59,0.08035,COMPLETED
1109,20251112_231048,gaitgl_GREW.csv,Preset_10,MLP,42,62,"[320, 320, 160, 80]",mean,minmax,64,4,320,silu,0.18,AdamW,,0.0006,5e-06,True,0.8,"[1, 3, 4]","[2, 4]",0.02715,0.38636,38,0.2854,0.40056,12,0.43443,COMPLETED
1110,20251112_231048,gaitgl_GREW_BNNeck.csv,Preset_10,MLP,42,61,"[320, 320, 160, 80]",mean,minmax,64,4,320,silu,0.18,AdamW,,0.0006,5e-06,True,0.8,"[1, 3, 4]","[2, 4]",0.0219,0.36364,277,0.31871,0.43337,195,0.49433,COMPLETED
1111,20251112_231048,gaitgl_OUMVLP.csv,Preset_10,MLP,42,25,"[320, 320, 160, 80]",mean,minmax,64,4,320,silu,0.18,AdamW,,0.0006,5e-06,True,0.8,"[1, 3, 4]","[2, 4]",0.0371,0.5,117,0.48019,0.49637,93,0.26274,COMPLETED
1112,20251112_231048,gaitpart_GREW.csv,Preset_10,MLP,42,69,"[320, 320, 160, 80]",mean,minmax,64,4,320,silu,0.18,AdamW,,0.0006,5e-06,True,0.8,"[1, 3, 4]","[2, 4]",0.03581,0.5,99,0.39745,0.5101,78,0.33161,COMPLETED
1113,20251112_231048,gaitpart_OUMVLP.csv,Preset_10,MLP,42,56,"[320, 320, 160, 80]",mean,minmax,64,4,320,silu,0.18,AdamW,,0.0006,5e-06,True,0.8,"[1, 3, 4]","[2, 4]",0.03752,0.54545,76,0.44949,0.58963,59,0.13666,COMPLETED
1114,20251112_231048,gaitset.csv,Preset_10,MLP,42,37,"[320, 320, 160, 80]",mean,minmax,64,4,320,silu,0.18,AdamW,,0.0006,5e-06,True,0.8,"[1, 3, 4]","[2, 4]",0.02538,0.5,164,0.44697,0.46296,138,0.08164,COMPLETED
1115,20251112_231048,gaitset_GREW.csv,Preset_10,MLP,42,71,"[320, 320, 160, 80]",mean,minmax,64,4,320,silu,0.18,AdamW,,0.0006,5e-06,True,0.8,"[1, 3, 4]","[2, 4]",0.04345,0.54545,125,0.44634,0.51836,94,0.28671,COMPLETED
1116,20251112_231048,gaitset_OUMVLP.csv,Preset_10,MLP,42,52,"[320, 320, 160, 80]",mean,minmax,64,4,320,silu,0.18,AdamW,,0.0006,5e-06,True,0.8,"[1, 3, 4]","[2, 4]",0.03665,0.5,100,0.47076,0.52381,90,0.10312,COMPLETED
1117,20251112_231048,gln_phase1.csv,Preset_10,MLP,42,50,"[320, 320, 160, 80]",mean,minmax,64,4,320,silu,0.18,AdamW,,0.0006,5e-06,True,0.8,"[1, 3, 4]","[2, 4]",0.02786,0.52273,126,0.46877,0.55556,87,0.25474,COMPLETED
1118,20251112_231048,gln_phase2.csv,Preset_10,MLP,42,54,"[320, 320, 160, 80]",mean,minmax,64,4,320,silu,0.18,AdamW,,0.0006,5e-06,True,0.8,"[1, 3, 4]","[2, 4]",0.03102,0.5,123,0.41351,0.50256,82,0.40483,COMPLETED

1119,20251118_024424,baseline_CASIAB.csv,Preset_1,MLP,42,87,"[1280, 1024, 768, 512]",mean,L2,96,4,1280,leakyrelu,0.35,AdamW,,0.0003,5e-06,True,0.9,"[1, 2, 3, 4]","[1, 3, 4]",0.04523,0.31818,82,0.31518,0.41714,80,0.03268,COMPLETED
1120,20251118_024424,baseline_OUMVLP.csv,Preset_1,MLP,42,81,"[1280, 1024, 768, 512]",mean,L2,96,4,1280,leakyrelu,0.35,AdamW,,0.0003,5e-06,True,0.9,"[1, 2, 3, 4]","[1, 3, 4]",0.03339,0.45455,103,0.43359,0.59908,81,0.19332,COMPLETED
1121,20251118_024424,gaitgl.csv,Preset_1,MLP,42,67,"[1280, 1024, 768, 512]",mean,L2,96,4,1280,leakyrelu,0.35,AdamW,,0.0003,5e-06,True,0.9,"[1, 2, 3, 4]","[1, 3, 4]",0.04136,0.34091,133,0.28788,0.41071,86,0.09041,COMPLETED
1122,20251118_024424,gaitgl_GREW.csv,Preset_1,MLP,42,125,"[1280, 1024, 768, 512]",mean,L2,96,4,1280,leakyrelu,0.35,AdamW,,0.0003,5e-06,True,0.9,"[1, 2, 3, 4]","[1, 3, 4]",0.03094,0.45455,100,0.35642,0.52381,72,0.42368,COMPLETED
1123,20251118_024424,gaitgl_GREW_BNNeck.csv,Preset_1,MLP,42,103,"[1280, 1024, 768, 512]",mean,L2,96,4,1280,leakyrelu,0.35,AdamW,,0.0003,5e-06,True,0.9,"[1, 2, 3, 4]","[1, 3, 4]",0.0155,0.36364,63,0.27826,0.32965,49,0.16749,COMPLETED
1124,20251118_024424,gaitgl_OUMVLP.csv,Preset_1,MLP,42,96,"[1280, 1024, 768, 512]",mean,L2,96,4,1280,leakyrelu,0.35,AdamW,,0.0003,5e-06,True,0.9,"[1, 2, 3, 4]","[1, 3, 4]",0.03653,0.5,311,0.49362,0.54762,218,0.34394,COMPLETED
1125,20251118_024424,gaitpart_GREW.csv,Preset_1,MLP,42,109,"[1280, 1024, 768, 512]",mean,L2,96,4,1280,leakyrelu,0.35,AdamW,,0.0003,5e-06,True,0.9,"[1, 2, 3, 4]","[1, 3, 4]",0.02122,0.5,75,0.43894,0.52648,59,0.19966,COMPLETED
1126,20251118_024424,gaitpart_OUMVLP.csv,Preset_1,MLP,42,98,"[1280, 1024, 768, 512]",mean,L2,96,4,1280,leakyrelu,0.35,AdamW,,0.0003,5e-06,True,0.9,"[1, 2, 3, 4]","[1, 3, 4]",0.03938,0.56818,162,0.47328,0.58704,107,0.40309,COMPLETED
1127,20251118_024424,gaitset.csv,Preset_1,MLP,42,72,"[1280, 1024, 768, 512]",mean,L2,96,4,1280,leakyrelu,0.35,AdamW,,0.0003,5e-06,True,0.9,"[1, 2, 3, 4]","[1, 3, 4]",0.02121,0.34091,101,0.28837,0.3842,54,0.47671,COMPLETED
1128,20251118_024424,gaitset_GREW.csv,Preset_1,MLP,42,114,"[1280, 1024, 768, 512]",mean,L2,96,4,1280,leakyrelu,0.35,AdamW,,0.0003,5e-06,True,0.9,"[1, 2, 3, 4]","[1, 3, 4]",0.04387,0.56818,74,0.52883,0.54971,65,0.11307,COMPLETED
1129,20251118_024424,gaitset_OUMVLP.csv,Preset_1,MLP,42,94,"[1280, 1024, 768, 512]",mean,L2,96,4,1280,leakyrelu,0.35,AdamW,,0.0003,5e-06,True,0.9,"[1, 2, 3, 4]","[1, 3, 4]",0.03644,0.38636,198,0.35786,0.51091,133,0.22037,COMPLETED
1130,20251118_024424,gln_phase1.csv,Preset_1,MLP,42,89,"[1280, 1024, 768, 512]",mean,L2,96,4,1280,leakyrelu,0.35,AdamW,,0.0003,5e-06,True,0.9,"[1, 2, 3, 4]","[1, 3, 4]",0.02441,0.47727,101,0.44132,0.5537,89,0.06076,COMPLETED
1131,20251118_024424,gln_phase2.csv,Preset_1,MLP,42,96,"[1280, 1024, 768, 512]",mean,L2,96,4,1280,leakyrelu,0.35,AdamW,,0.0003,5e-06,True,0.9,"[1, 2, 3, 4]","[1, 3, 4]",0.03181,0.47727,73,0.42377,0.4836,70,0.04497,COMPLETED

1132,20251118_024424,baseline_CASIAB.csv,Preset_2,MLP,42,256,"[960, 960, 960, 960]",mean,L2,128,4,960,silu,0.5,AdamW,,0.0002,1e-06,False,,"[1, 2, 3, 4]","[1, 2, 3, 4]",0.02861,0.52273,381,0.48747,0.4968,346,0.04121,COMPLETED
1133,20251118_024424,baseline_OUMVLP.csv,Preset_2,MLP,42,256,"[960, 960, 960, 960]",mean,L2,128,4,960,silu,0.5,AdamW,,0.0002,1e-06,False,,"[1, 2, 3, 4]","[1, 2, 3, 4]",0.03058,0.5,661,0.4759,0.5491,544,0.13519,COMPLETED
1134,20251118_024424,gaitgl.csv,Preset_2,MLP,42,128,"[960, 960, 960, 960]",mean,L2,128,4,960,silu,0.5,AdamW,,0.0002,1e-06,False,,"[1, 2, 3, 4]","[1, 2, 3, 4]",0.0216,0.43182,479,0.37368,0.48536,377,0.1623,COMPLETED
1135,20251118_024424,gaitgl_GREW.csv,Preset_2,MLP,42,256,"[960, 960, 960, 960]",mean,L2,128,4,960,silu,0.5,AdamW,,0.0002,1e-06,False,,"[1, 2, 3, 4]","[1, 2, 3, 4]",0.25779,0.40909,797,0.31174,0.43298,640,0.44464,STOPPED
1136,20251118_024424,gaitgl_GREW_BNNeck.csv,Preset_2,MLP,42,256,"[960, 960, 960, 960]",mean,L2,128,4,960,silu,0.5,AdamW,,0.0002,1e-06,False,,"[1, 2, 3, 4]","[1, 2, 3, 4]",0.03779,0.40909,314,0.34141,0.40235,221,0.25894,COMPLETED
1137,20251118_024424,gaitgl_OUMVLP.csv,Preset_2,MLP,42,256,"[960, 960, 960, 960]",mean,L2,128,4,960,silu,0.5,AdamW,,0.0002,1e-06,False,,"[1, 2, 3, 4]","[1, 2, 3, 4]",1.00942,0.47727,231,0.21538,0.21538,231,1.00942,STOPPED
1138,20251118_024424,gaitpart_GREW.csv,Preset_2,MLP,42,256,"[960, 960, 960, 960]",mean,L2,128,4,960,silu,0.5,AdamW,,0.0002,1e-06,False,,"[1, 2, 3, 4]","[1, 2, 3, 4]",0.04536,0.45455,672,0.39669,0.52134,512,0.27953,COMPLETED
1139,20251118_024424,gaitpart_OUMVLP.csv,Preset_2,MLP,42,256,"[960, 960, 960, 960]",mean,L2,128,4,960,silu,0.5,AdamW,,0.0002,1e-06,False,,"[1, 2, 3, 4]","[1, 2, 3, 4]",1.02453,0.47727,182,0.21538,0.21538,182,1.02453,STOPPED
1140,20251118_024424,gaitset.csv,Preset_2,MLP,42,256,"[960, 960, 960, 960]",mean,L2,128,4,960,silu,0.5,AdamW,,0.0002,1e-06,False,,"[1, 2, 3, 4]","[1, 2, 3, 4]",0.04251,0.34091,445,0.28791,0.43444,422,0.08622,COMPLETED
1141,20251118_024424,gaitset_GREW.csv,Preset_2,MLP,42,256,"[960, 960, 960, 960]",mean,L2,128,4,960,silu,0.5,AdamW,,0.0002,1e-06,False,,"[1, 2, 3, 4]","[1, 2, 3, 4]",0.03538,0.5,500,0.3602,0.50403,395,0.39061,COMPLETED
1142,20251118_024424,gaitset_OUMVLP.csv,Preset_2,MLP,42,256,"[960, 960, 960, 960]",mean,L2,128,4,960,silu,0.5,AdamW,,0.0002,1e-06,False,,"[1, 2, 3, 4]","[1, 2, 3, 4]",1.01503,0.47727,267,0.21538,0.21538,267,1.01503,STOPPED
1143,20251118_024424,gln_phase1.csv,Preset_2,MLP,42,256,"[960, 960, 960, 960]",mean,L2,128,4,960,silu,0.5,AdamW,,0.0002,1e-06,False,,"[1, 2, 3, 4]","[1, 2, 3, 4]",0.0193,0.54545,391,0.45833,0.60753,193,0.42802,COMPLETED
1144,20251118_024424,gln_phase2.csv,Preset_2,MLP,42,256,"[960, 960, 960, 960]",mean,L2,128,4,960,silu,0.5,AdamW,,0.0002,1e-06,False,,"[1, 2, 3, 4]","[1, 2, 3, 4]",0.01549,0.45455,370,0.37854,0.4648,204,0.32509,COMPLETED

1145,20251118_024424,baseline_CASIAB.csv,Preset_3,MLP,42,256,"[1152, 1152, 1152]",mean,L2,128,3,1152,silu,0.5,AdamW,,0.0002,5e-06,False,,"[1, 2, 3]","[2, 3]",0.01859,0.40909,110,0.30344,0.41792,108,0.028,COMPLETED
1146,20251118_024424,baseline_OUMVLP.csv,Preset_3,MLP,42,256,"[1152, 1152, 1152]",mean,L2,128,3,1152,silu,0.5,AdamW,,0.0002,5e-06,False,,"[1, 2, 3]","[2, 3]",0.02515,0.52273,162,0.4762,0.55285,126,0.32924,COMPLETED
1147,20251118_024424,gaitgl.csv,Preset_3,MLP,42,128,"[1152, 1152, 1152]",mean,L2,128,3,1152,silu,0.5,AdamW,,0.0002,5e-06,False,,"[1, 2, 3]","[2, 3]",0.04265,0.34091,137,0.2986,0.41083,114,0.09658,COMPLETED
1148,20251118_024424,gaitgl_GREW.csv,Preset_3,MLP,42,256,"[1152, 1152, 1152]",mean,L2,128,3,1152,silu,0.5,AdamW,,0.0002,5e-06,False,,"[1, 2, 3]","[2, 3]",0.02711,0.40909,236,0.31638,0.39687,198,0.25994,COMPLETED
1149,20251118_024424,gaitgl_GREW_BNNeck.csv,Preset_3,MLP,42,256,"[1152, 1152, 1152]",mean,L2,128,3,1152,silu,0.5,AdamW,,0.0002,5e-06,False,,"[1, 2, 3]","[2, 3]",0.01481,0.45455,96,0.38742,0.40581,81,0.2461,COMPLETED
1150,20251118_024424,gaitgl_OUMVLP.csv,Preset_3,MLP,42,256,"[1152, 1152, 1152]",mean,L2,128,3,1152,silu,0.5,AdamW,,0.0002,5e-06,False,,"[1, 2, 3]","[2, 3]",1.01133,0.47727,256,0.21538,0.21538,256,1.01133,STOPPED
1151,20251118_024424,gaitpart_GREW.csv,Preset_3,MLP,42,256,"[1152, 1152, 1152]",mean,L2,128,3,1152,silu,0.5,AdamW,,0.0002,5e-06,False,,"[1, 2, 3]","[2, 3]",0.01838,0.52273,175,0.46212,0.57071,149,0.35631,COMPLETED
1152,20251118_024424,gaitpart_OUMVLP.csv,Preset_3,MLP,42,256,"[1152, 1152, 1152]",mean,L2,128,3,1152,silu,0.5,AdamW,,0.0002,5e-06,False,,"[1, 2, 3]","[2, 3]",0.0146,0.54545,658,0.49506,0.60458,485,0.44745,COMPLETED
1153,20251118_024424,gaitset.csv,Preset_3,MLP,42,256,"[1152, 1152, 1152]",mean,L2,128,3,1152,silu,0.5,AdamW,,0.0002,5e-06,False,,"[1, 2, 3]","[2, 3]",0.04516,0.43182,86,0.29107,0.37013,67,0.30788,COMPLETED
1154,20251118_024424,gaitset_GREW.csv,Preset_3,MLP,42,256,"[1152, 1152, 1152]",mean,L2,128,3,1152,silu,0.5,AdamW,,0.0002,5e-06,False,,"[1, 2, 3]","[2, 3]",0.02329,0.43182,144,0.31343,0.42569,136,0.11124,COMPLETED
1155,20251118_024424,gaitset_OUMVLP.csv,Preset_3,MLP,42,256,"[1152, 1152, 1152]",mean,L2,128,3,1152,silu,0.5,AdamW,,0.0002,5e-06,False,,"[1, 2, 3]","[2, 3]",0.01891,0.38636,581,0.37318,0.50759,432,0.37865,COMPLETED
1156,20251118_024424,gln_phase1.csv,Preset_3,MLP,42,256,"[1152, 1152, 1152]",mean,L2,128,3,1152,silu,0.5,AdamW,,0.0002,5e-06,False,,"[1, 2, 3]","[2, 3]",0.0209,0.54545,102,0.49529,0.58574,93,0.07594,COMPLETED
1157,20251118_024424,gln_phase2.csv,Preset_3,MLP,42,256,"[1152, 1152, 1152]",mean,L2,128,3,1152,silu,0.5,AdamW,,0.0002,5e-06,False,,"[1, 2, 3]","[2, 3]",0.02224,0.43182,100,0.39647,0.49734,74,0.38884,COMPLETED

1158,20251118_024424,baseline_CASIAB.csv,Preset_4,MLP,42,30,"[1024, 768, 512]",mean,minmax,96,3,1024,gelu,0.4,AdamW,,0.0002,1e-05,True,0.7,"[1, 2, 3]","[2, 3]",0.03685,0.47727,70,0.39869,0.49974,25,0.37407,COMPLETED
1159,20251118_024424,baseline_OUMVLP.csv,Preset_4,MLP,42,28,"[1024, 768, 512]",mean,minmax,96,3,1024,gelu,0.4,AdamW,,0.0002,1e-05,True,0.7,"[1, 2, 3]","[2, 3]",0.04137,0.52273,65,0.37612,0.47756,43,0.12382,COMPLETED
1160,20251118_024424,gaitgl.csv,Preset_4,MLP,42,19,"[1024, 768, 512]",mean,minmax,96,3,1024,gelu,0.4,AdamW,,0.0002,1e-05,True,0.7,"[1, 2, 3]","[2, 3]",0.03241,0.40909,171,0.30438,0.38987,165,0.05076,COMPLETED
1161,20251118_024424,gaitgl_GREW.csv,Preset_4,MLP,42,42,"[1024, 768, 512]",mean,minmax,96,3,1024,gelu,0.4,AdamW,,0.0002,1e-05,True,0.7,"[1, 2, 3]","[2, 3]",0.03591,0.52273,57,0.38608,0.41769,50,0.06631,COMPLETED
1162,20251118_024424,gaitgl_GREW_BNNeck.csv,Preset_4,MLP,42,40,"[1024, 768, 512]",mean,minmax,96,3,1024,gelu,0.4,AdamW,,0.0002,1e-05,True,0.7,"[1, 2, 3]","[2, 3]",0.04436,0.43182,50,0.29107,0.41064,25,0.27488,COMPLETED
1163,20251118_024424,gaitgl_OUMVLP.csv,Preset_4,MLP,42,16,"[1024, 768, 512]",mean,minmax,96,3,1024,gelu,0.4,AdamW,,0.0002,1e-05,True,0.7,"[1, 2, 3]","[2, 3]",0.04113,0.47727,218,0.40091,0.43939,210,0.04784,COMPLETED
1164,20251118_024424,gaitpart_GREW.csv,Preset_4,MLP,42,47,"[1024, 768, 512]",mean,minmax,96,3,1024,gelu,0.4,AdamW,,0.0002,1e-05,True,0.7,"[1, 2, 3]","[2, 3]",0.0431,0.61364,46,0.59085,0.65759,38,0.05921,COMPLETED
1165,20251118_024424,gaitpart_OUMVLP.csv,Preset_4,MLP,42,37,"[1024, 768, 512]",mean,minmax,96,3,1024,gelu,0.4,AdamW,,0.0002,1e-05,True,0.7,"[1, 2, 3]","[2, 3]",0.03152,0.59091,54,0.48756,0.55758,15,0.45466,COMPLETED
1166,20251118_024424,gaitset.csv,Preset_4,MLP,42,23,"[1024, 768, 512]",mean,minmax,96,3,1024,gelu,0.4,AdamW,,0.0002,1e-05,True,0.7,"[1, 2, 3]","[2, 3]",0.04894,0.5,73,0.35328,0.47524,30,0.38837,COMPLETED
1167,20251118_024424,gaitset_GREW.csv,Preset_4,MLP,42,48,"[1024, 768, 512]",mean,minmax,96,3,1024,gelu,0.4,AdamW,,0.0002,1e-05,True,0.7,"[1, 2, 3]","[2, 3]",0.03158,0.56818,43,0.4733,0.51431,35,0.06386,COMPLETED
1168,20251118_024424,gaitset_OUMVLP.csv,Preset_4,MLP,42,34,"[1024, 768, 512]",mean,minmax,96,3,1024,gelu,0.4,AdamW,,0.0002,1e-05,True,0.7,"[1, 2, 3]","[2, 3]",0.0349,0.5,59,0.38807,0.46382,23,0.34647,COMPLETED
1169,20251118_024424,gln_phase1.csv,Preset_4,MLP,42,31,"[1024, 768, 512]",mean,minmax,96,3,1024,gelu,0.4,AdamW,,0.0002,1e-05,True,0.7,"[1, 2, 3]","[2, 3]",0.03791,0.54545,60,0.49495,0.58401,35,0.22875,COMPLETED
1170,20251118_024424,gln_phase2.csv,Preset_4,MLP,42,34,"[1024, 768, 512]",mean,minmax,96,3,1024,gelu,0.4,AdamW,,0.0002,1e-05,True,0.7,"[1, 2, 3]","[2, 3]",0.03221,0.47727,63,0.39207,0.53525,50,0.07918,COMPLETED

1171,20251118_024424,baseline_CASIAB.csv,Preset_5,MLP,42,36,"[640, 640, 640, 640]",mean,nan,96,4,640,leakyrelu,0.45,AdamW,,0.0003,1e-05,True,0.75,"[1, 2, 3, 4]","[1, 2, 3]",0.03514,0.56818,535,0.46826,0.56184,504,0.06258,COMPLETED
1172,20251118_024424,baseline_OUMVLP.csv,Preset_5,MLP,42,33,"[640, 640, 640, 640]",mean,nan,96,4,640,leakyrelu,0.45,AdamW,,0.0003,1e-05,True,0.75,"[1, 2, 3, 4]","[1, 2, 3]",0.0401,0.5,573,0.42747,0.5815,210,0.48452,COMPLETED
1173,20251118_024424,gaitgl.csv,Preset_5,MLP,42,19,"[640, 640, 640, 640]",mean,nan,96,4,640,leakyrelu,0.45,AdamW,,0.0003,1e-05,True,0.75,"[1, 2, 3, 4]","[1, 2, 3]",0.07698,0.38636,1124,0.28154,0.45238,310,0.42943,STOPPED
1174,20251118_024424,gaitgl_GREW.csv,Preset_5,MLP,42,47,"[640, 640, 640, 640]",mean,nan,96,4,640,leakyrelu,0.45,AdamW,,0.0003,1e-05,True,0.75,"[1, 2, 3, 4]","[1, 2, 3]",0.03195,0.54545,477,0.45823,0.51354,116,0.47864,COMPLETED
1175,20251118_024424,gaitgl_GREW_BNNeck.csv,Preset_5,MLP,42,48,"[640, 640, 640, 640]",mean,nan,96,4,640,leakyrelu,0.45,AdamW,,0.0003,1e-05,True,0.75,"[1, 2, 3, 4]","[1, 2, 3]",0.02457,0.40909,712,0.31915,0.44908,617,0.09717,COMPLETED
1176,20251118_024424,gaitgl_OUMVLP.csv,Preset_5,MLP,42,13,"[640, 640, 640, 640]",mean,nan,96,4,640,leakyrelu,0.45,AdamW,,0.0003,1e-05,True,0.75,"[1, 2, 3, 4]","[1, 2, 3]",0.27475,0.40909,895,0.34831,0.39418,580,0.42267,STOPPED
1177,20251118_024424,gaitpart_GREW.csv,Preset_5,MLP,42,56,"[640, 640, 640, 640]",mean,nan,96,4,640,leakyrelu,0.45,AdamW,,0.0003,1e-05,True,0.75,"[1, 2, 3, 4]","[1, 2, 3]",0.03167,0.47727,364,0.38406,0.51431,177,0.42961,COMPLETED
1178,20251118_024424,gaitpart_OUMVLP.csv,Preset_5,MLP,42,44,"[640, 640, 640, 640]",mean,nan,96,4,640,leakyrelu,0.45,AdamW,,0.0003,1e-05,True,0.75,"[1, 2, 3, 4]","[1, 2, 3]",0.03549,0.59091,313,0.54275,0.61311,238,0.08898,COMPLETED
1179,20251118_024424,gaitset.csv,Preset_5,MLP,42,28,"[640, 640, 640, 640]",mean,nan,96,4,640,leakyrelu,0.45,AdamW,,0.0003,1e-05,True,0.75,"[1, 2, 3, 4]","[1, 2, 3]",0.06794,0.45455,901,0.34478,0.42424,807,0.13772,STOPPED
1180,20251118_024424,gaitset_GREW.csv,Preset_5,MLP,42,58,"[640, 640, 640, 640]",mean,nan,96,4,640,leakyrelu,0.45,AdamW,,0.0003,1e-05,True,0.75,"[1, 2, 3, 4]","[1, 2, 3]",0.04608,0.56818,530,0.47033,0.49603,499,0.03388,COMPLETED
1181,20251118_024424,gaitset_OUMVLP.csv,Preset_5,MLP,42,40,"[640, 640, 640, 640]",mean,nan,96,4,640,leakyrelu,0.45,AdamW,,0.0003,1e-05,True,0.75,"[1, 2, 3, 4]","[1, 2, 3]",0.03536,0.43182,505,0.33255,0.49445,301,0.28253,COMPLETED
1182,20251118_024424,gln_phase1.csv,Preset_5,MLP,42,38,"[640, 640, 640, 640]",mean,nan,96,4,640,leakyrelu,0.45,AdamW,,0.0003,1e-05,True,0.75,"[1, 2, 3, 4]","[1, 2, 3]",0.03972,0.5,554,0.41653,0.61416,290,0.2912,COMPLETED
1183,20251118_024424,gln_phase2.csv,Preset_5,MLP,42,41,"[640, 640, 640, 640]",mean,nan,96,4,640,leakyrelu,0.45,AdamW,,0.0003,1e-05,True,0.75,"[1, 2, 3, 4]","[1, 2, 3]",0.02545,0.47727,592,0.39252,0.55226,259,0.4165,COMPLETED

1184,20251118_024424,baseline_CASIAB.csv,Preset_6,MLP,42,51,"[1024, 1024, 512]",mean,L2,128,3,1024,silu,0.4,Adam,,0.0002,0.0,True,0.8,"[1, 2, 3]","[2, 3]",0.03815,0.43182,286,0.36338,0.46483,256,0.16596,COMPLETED
1185,20251118_024424,baseline_OUMVLP.csv,Preset_6,MLP,42,45,"[1024, 1024, 512]",mean,L2,128,3,1024,silu,0.4,Adam,,0.0002,0.0,True,0.8,"[1, 2, 3]","[2, 3]",0.02338,0.56818,433,0.54839,0.64444,366,0.19583,COMPLETED
1186,20251118_024424,gaitgl.csv,Preset_6,MLP,42,42,"[1024, 1024, 512]",mean,L2,128,3,1024,silu,0.4,Adam,,0.0002,0.0,True,0.8,"[1, 2, 3]","[2, 3]",0.04415,0.5,388,0.48575,0.53625,260,0.32947,COMPLETED
1187,20251118_024424,gaitgl_GREW.csv,Preset_6,MLP,42,84,"[1024, 1024, 512]",mean,L2,128,3,1024,silu,0.4,Adam,,0.0002,0.0,True,0.8,"[1, 2, 3]","[2, 3]",0.03063,0.43182,312,0.32174,0.38889,264,0.32067,COMPLETED
1188,20251118_024424,gaitgl_GREW_BNNeck.csv,Preset_6,MLP,42,63,"[1024, 1024, 512]",mean,L2,128,3,1024,silu,0.4,Adam,,0.0002,0.0,True,0.8,"[1, 2, 3]","[2, 3]",0.04308,0.5,222,0.47253,0.53188,165,0.27449,COMPLETED
1189,20251118_024424,gaitgl_OUMVLP.csv,Preset_6,MLP,42,53,"[1024, 1024, 512]",mean,L2,128,3,1024,silu,0.4,Adam,,0.0002,0.0,True,0.8,"[1, 2, 3]","[2, 3]",0.04018,0.45455,1222,0.43134,0.56283,1050,0.23744,COMPLETED
1190,20251118_024424,gaitpart_GREW.csv,Preset_6,MLP,42,70,"[1024, 1024, 512]",mean,L2,128,3,1024,silu,0.4,Adam,,0.0002,0.0,True,0.8,"[1, 2, 3]","[2, 3]",0.02781,0.47727,308,0.39905,0.5159,298,0.09289,COMPLETED
1191,20251118_024424,gaitpart_OUMVLP.csv,Preset_6,MLP,42,61,"[1024, 1024, 512]",mean,L2,128,3,1024,silu,0.4,Adam,,0.0002,0.0,True,0.8,"[1, 2, 3]","[2, 3]",0.04406,0.5,841,0.42019,0.5478,696,0.27624,COMPLETED
1192,20251118_024424,gaitset.csv,Preset_6,MLP,42,39,"[1024, 1024, 512]",mean,L2,128,3,1024,silu,0.4,Adam,,0.0002,0.0,True,0.8,"[1, 2, 3]","[2, 3]",0.03043,0.5,394,0.46618,0.46618,393,0.03271,COMPLETED
1193,20251118_024424,gaitset_GREW.csv,Preset_6,MLP,42,74,"[1024, 1024, 512]",mean,L2,128,3,1024,silu,0.4,Adam,,0.0002,0.0,True,0.8,"[1, 2, 3]","[2, 3]",0.03973,0.52273,234,0.46212,0.52667,222,0.09717,COMPLETED
1194,20251118_024424,gaitset_OUMVLP.csv,Preset_6,MLP,42,55,"[1024, 1024, 512]",mean,L2,128,3,1024,silu,0.4,Adam,,0.0002,0.0,True,0.8,"[1, 2, 3]","[2, 3]",0.03518,0.52273,830,0.44176,0.51005,788,0.159,COMPLETED
1195,20251118_024424,gln_phase1.csv,Preset_6,MLP,42,51,"[1024, 1024, 512]",mean,L2,128,3,1024,silu,0.4,Adam,,0.0002,0.0,True,0.8,"[1, 2, 3]","[2, 3]",0.04369,0.54545,296,0.4848,0.58,266,0.12569,COMPLETED
1196,20251118_024424,gln_phase2.csv,Preset_6,MLP,42,55,"[1024, 1024, 512]",mean,L2,128,3,1024,silu,0.4,Adam,,0.0002,0.0,True,0.8,"[1, 2, 3]","[2, 3]",0.03996,0.47727,295,0.34498,0.49259,226,0.20741,COMPLETED

1197,20251118_024424,baseline_CASIAB.csv,Preset_7,MLP,42,40,"[1280, 896, 512]",mean,L2,96,3,1280,silu,0.45,Adam,,0.00015,0.0,True,0.75,"[1, 2, 3]","[1, 3]",0.03756,0.47727,554,0.35841,0.48629,335,0.34896,COMPLETED
1198,20251118_024424,baseline_OUMVLP.csv,Preset_7,MLP,42,34,"[1280, 896, 512]",mean,L2,96,3,1280,silu,0.45,Adam,,0.00015,0.0,True,0.75,"[1, 2, 3]","[1, 3]",0.04129,0.54545,773,0.49694,0.65152,515,0.39858,COMPLETED
1199,20251118_024424,gaitgl.csv,Preset_7,MLP,42,34,"[1280, 896, 512]",mean,L2,96,3,1280,silu,0.45,Adam,,0.00015,0.0,True,0.75,"[1, 2, 3]","[1, 3]",0.04717,0.31818,659,0.28267,0.40235,269,0.49093,COMPLETED
1200,20251118_024424,gaitgl_GREW.csv,Preset_7,MLP,42,69,"[1280, 896, 512]",mean,L2,96,3,1280,silu,0.45,Adam,,0.00015,0.0,True,0.75,"[1, 2, 3]","[1, 3]",0.02594,0.40909,603,0.31938,0.39333,577,0.13586,COMPLETED
1201,20251118_024424,gaitgl_GREW_BNNeck.csv,Preset_7,MLP,42,50,"[1280, 896, 512]",mean,L2,96,3,1280,silu,0.45,Adam,,0.00015,0.0,True,0.75,"[1, 2, 3]","[1, 3]",0.04151,0.43182,418,0.3882,0.51073,225,0.45374,COMPLETED
1202,20251118_024424,gaitgl_OUMVLP.csv,Preset_7,MLP,42,39,"[1280, 896, 512]",mean,L2,96,3,1280,silu,0.45,Adam,,0.00015,0.0,True,0.75,"[1, 2, 3]","[1, 3]",0.80102,0.47727,945,0.45241,0.45241,945,0.80102,STOPPED
1203,20251118_024424,gaitpart_GREW.csv,Preset_7,MLP,42,57,"[1280, 896, 512]",mean,L2,96,3,1280,silu,0.45,Adam,,0.00015,0.0,True,0.75,"[1, 2, 3]","[1, 3]",0.04193,0.56818,561,0.50538,0.58704,544,0.06103,COMPLETED
1204,20251118_024424,gaitpart_OUMVLP.csv,Preset_7,MLP,42,48,"[1280, 896, 512]",mean,L2,96,3,1280,silu,0.45,Adam,,0.00015,0.0,True,0.75,"[1, 2, 3]","[1, 3]",0.03254,0.5,1459,0.47338,0.59908,1117,0.38052,COMPLETED
1205,20251118_024424,gaitset.csv,Preset_7,MLP,42,29,"[1280, 896, 512]",mean,L2,96,3,1280,silu,0.45,Adam,,0.00015,0.0,True,0.75,"[1, 2, 3]","[1, 3]",0.0347,0.47727,644,0.38546,0.50556,405,0.29774,COMPLETED
1206,20251118_024424,gaitset_GREW.csv,Preset_7,MLP,42,60,"[1280, 896, 512]",mean,L2,96,3,1280,silu,0.45,Adam,,0.00015,0.0,True,0.75,"[1, 2, 3]","[1, 3]",0.02195,0.52273,412,0.42986,0.51481,274,0.46097,COMPLETED
1207,20251118_024424,gaitset_OUMVLP.csv,Preset_7,MLP,42,43,"[1280, 896, 512]",mean,L2,96,3,1280,silu,0.45,Adam,,0.00015,0.0,True,0.75,"[1, 2, 3]","[1, 3]",0.03735,0.52273,1329,0.43423,0.51612,1117,0.19941,COMPLETED
1208,20251118_024424,gln_phase1.csv,Preset_7,MLP,42,39,"[1280, 896, 512]",mean,L2,96,3,1280,silu,0.45,Adam,,0.00015,0.0,True,0.75,"[1, 2, 3]","[1, 3]",0.0362,0.52273,559,0.50135,0.60968,413,0.18032,COMPLETED
1209,20251118_024424,gln_phase2.csv,Preset_7,MLP,42,43,"[1280, 896, 512]",mean,L2,96,3,1280,silu,0.45,Adam,,0.00015,0.0,True,0.75,"[1, 2, 3]","[1, 3]",0.02718,0.47727,499,0.40404,0.49073,372,0.20248,COMPLETED

1210,20251118_024424,baseline_CASIAB.csv,Preset_8,MLP,42,38,"[896, 896, 896]",mean,minmax,96,3,896,silu,0.45,AdamW,,0.00015,1e-05,True,0.75,"[1, 2, 3]","[2, 3]",0.03539,0.52273,107,0.37612,0.56422,64,0.14048,COMPLETED
1211,20251118_024424,baseline_OUMVLP.csv,Preset_8,MLP,42,36,"[896, 896, 896]",mean,minmax,96,3,896,silu,0.45,AdamW,,0.00015,1e-05,True,0.75,"[1, 2, 3]","[2, 3]",0.04045,0.59091,105,0.55711,0.62615,72,0.10127,COMPLETED
1212,20251118_024424,gaitgl.csv,Preset_8,MLP,42,26,"[896, 896, 896]",mean,minmax,96,3,896,silu,0.45,AdamW,,0.00015,1e-05,True,0.75,"[1, 2, 3]","[2, 3]",0.0428,0.5,171,0.4753,0.6082,153,0.06084,COMPLETED
1213,20251118_024424,gaitgl_GREW.csv,Preset_8,MLP,42,54,"[896, 896, 896]",mean,minmax,96,3,896,silu,0.45,AdamW,,0.00015,1e-05,True,0.75,"[1, 2, 3]","[2, 3]",0.02739,0.52273,100,0.39203,0.53709,32,0.38182,COMPLETED
1214,20251118_024424,gaitgl_GREW_BNNeck.csv,Preset_8,MLP,42,51,"[896, 896, 896]",mean,minmax,96,3,896,silu,0.45,AdamW,,0.00015,1e-05,True,0.75,"[1, 2, 3]","[2, 3]",0.03486,0.45455,77,0.39668,0.41667,60,0.10239,COMPLETED
1215,20251118_024424,gaitgl_OUMVLP.csv,Preset_8,MLP,42,25,"[896, 896, 896]",mean,minmax,96,3,896,silu,0.45,AdamW,,0.00015,1e-05,True,0.75,"[1, 2, 3]","[2, 3]",0.03666,0.52273,228,0.4285,0.48717,179,0.1897,COMPLETED
1216,20251118_024424,gaitpart_GREW.csv,Preset_8,MLP,42,58,"[896, 896, 896]",mean,minmax,96,3,896,silu,0.45,AdamW,,0.00015,1e-05,True,0.75,"[1, 2, 3]","[2, 3]",0.02938,0.61364,71,0.55051,0.55758,59,0.05869,COMPLETED
1217,20251118_024424,gaitpart_OUMVLP.csv,Preset_8,MLP,42,47,"[896, 896, 896]",mean,minmax,96,3,896,silu,0.45,AdamW,,0.00015,1e-05,True,0.75,"[1, 2, 3]","[2, 3]",0.02729,0.63636,72,0.5182,0.56502,71,0.03238,COMPLETED
1218,20251118_024424,gaitset.csv,Preset_8,MLP,42,31,"[896, 896, 896]",mean,minmax,96,3,896,silu,0.45,AdamW,,0.00015,1e-05,True,0.75,"[1, 2, 3]","[2, 3]",0.04442,0.52273,123,0.40837,0.44949,120,0.04409,COMPLETED
1219,20251118_024424,gaitset_GREW.csv,Preset_8,MLP,42,59,"[896, 896, 896]",mean,minmax,96,3,896,silu,0.45,AdamW,,0.00015,1e-05,True,0.75,"[1, 2, 3]","[2, 3]",0.03167,0.52273,60,0.43434,0.50936,29,0.23995,COMPLETED
1220,20251118_024424,gaitset_OUMVLP.csv,Preset_8,MLP,42,43,"[896, 896, 896]",mean,minmax,96,3,896,silu,0.45,AdamW,,0.00015,1e-05,True,0.75,"[1, 2, 3]","[2, 3]",0.03596,0.47727,80,0.35344,0.45872,37,0.26505,COMPLETED
1221,20251118_024424,gln_phase1.csv,Preset_8,MLP,42,40,"[896, 896, 896]",mean,minmax,96,3,896,silu,0.45,AdamW,,0.00015,1e-05,True,0.75,"[1, 2, 3]","[2, 3]",0.0368,0.59091,82,0.57957,0.60513,47,0.19423,COMPLETED
1222,20251118_024424,gln_phase2.csv,Preset_8,MLP,42,44,"[896, 896, 896]",mean,minmax,96,3,896,silu,0.45,AdamW,,0.00015,1e-05,True,0.75,"[1, 2, 3]","[2, 3]",0.03692,0.43182,82,0.35833,0.49313,30,0.3217,COMPLETED

1223,20251118_024424,baseline_CASIAB.csv,Preset_9,MLP,42,49,"[768, 768, 768, 768]",mean,minmax,128,4,768,gelu,0.4,AdamW,,0.00025,5e-06,True,0.8,"[1, 2, 3, 4]","[1, 3, 4]",0.03953,0.52273,148,0.43729,0.51123,127,0.06588,COMPLETED
1224,20251118_024424,baseline_OUMVLP.csv,Preset_9,MLP,42,47,"[768, 768, 768, 768]",mean,minmax,128,4,768,gelu,0.4,AdamW,,0.00025,5e-06,True,0.8,"[1, 2, 3, 4]","[1, 3, 4]",0.03602,0.54545,128,0.48492,0.54455,41,0.41374,COMPLETED
1225,20251118_024424,gaitgl.csv,Preset_9,MLP,42,34,"[768, 768, 768, 768]",mean,minmax,128,4,768,gelu,0.4,AdamW,,0.00025,5e-06,True,0.8,"[1, 2, 3, 4]","[1, 3, 4]",0.03587,0.45455,290,0.34848,0.54386,176,0.1521,COMPLETED
1226,20251118_024424,gaitgl_GREW.csv,Preset_9,MLP,42,69,"[768, 768, 768, 768]",mean,minmax,128,4,768,gelu,0.4,AdamW,,0.00025,5e-06,True,0.8,"[1, 2, 3, 4]","[1, 3, 4]",0.03262,0.5,184,0.37778,0.47971,165,0.07017,COMPLETED
1227,20251118_024424,gaitgl_GREW_BNNeck.csv,Preset_9,MLP,42,63,"[768, 768, 768, 768]",mean,minmax,128,4,768,gelu,0.4,AdamW,,0.00025,5e-06,True,0.8,"[1, 2, 3, 4]","[1, 3, 4]",0.03361,0.5,150,0.42503,0.47428,68,0.17841,COMPLETED
1228,20251118_024424,gaitgl_OUMVLP.csv,Preset_9,MLP,42,37,"[768, 768, 768, 768]",mean,minmax,128,4,768,gelu,0.4,AdamW,,0.00025,5e-06,True,0.8,"[1, 2, 3, 4]","[1, 3, 4]",0.02853,0.59091,286,0.53415,0.55411,201,0.21187,COMPLETED
1229,20251118_024424,gaitpart_GREW.csv,Preset_9,MLP,42,70,"[768, 768, 768, 768]",mean,minmax,128,4,768,gelu,0.4,AdamW,,0.00025,5e-06,True,0.8,"[1, 2, 3, 4]","[1, 3, 4]",0.0345,0.54545,126,0.48315,0.61573,82,0.12044,COMPLETED
1230,20251118_024424,gaitpart_OUMVLP.csv,Preset_9,MLP,42,58,"[768, 768, 768, 768]",mean,minmax,128,4,768,gelu,0.4,AdamW,,0.00025,5e-06,True,0.8,"[1, 2, 3, 4]","[1, 3, 4]",0.0273,0.56818,122,0.47298,0.58952,107,0.06623,COMPLETED
1231,20251118_024424,gaitset.csv,Preset_9,MLP,42,40,"[768, 768, 768, 768]",mean,minmax,128,4,768,gelu,0.4,AdamW,,0.00025,5e-06,True,0.8,"[1, 2, 3, 4]","[1, 3, 4]",0.02126,0.43182,174,0.41326,0.53804,158,0.0438,COMPLETED
1232,20251118_024424,gaitset_GREW.csv,Preset_9,MLP,42,72,"[768, 768, 768, 768]",mean,minmax,128,4,768,gelu,0.4,AdamW,,0.00025,5e-06,True,0.8,"[1, 2, 3, 4]","[1, 3, 4]",0.02475,0.47727,130,0.39955,0.54201,72,0.08715,COMPLETED
1233,20251118_024424,gaitset_OUMVLP.csv,Preset_9,MLP,42,55,"[768, 768, 768, 768]",mean,minmax,128,4,768,gelu,0.4,AdamW,,0.00025,5e-06,True,0.8,"[1, 2, 3, 4]","[1, 3, 4]",0.0315,0.38636,146,0.292,0.44079,119,0.05497,COMPLETED
1234,20251118_024424,gln_phase1.csv,Preset_9,MLP,42,52,"[768, 768, 768, 768]",mean,minmax,128,4,768,gelu,0.4,AdamW,,0.00025,5e-06,True,0.8,"[1, 2, 3, 4]","[1, 3, 4]",0.03889,0.54545,129,0.51681,0.64091,63,0.24587,COMPLETED
1235,20251118_024424,gln_phase2.csv,Preset_9,MLP,42,56,"[768, 768, 768, 768]",mean,minmax,128,4,768,gelu,0.4,AdamW,,0.00025,5e-06,True,0.8,"[1, 2, 3, 4]","[1, 3, 4]",0.02986,0.47727,151,0.35926,0.53195,40,0.33364,COMPLETED

1236,20251118_024424,baseline_CASIAB.csv,Preset_10,MLP,42,47,"[1024, 1024, 1024]",mean,nan,128,3,1024,silu,0.4,AdamW,,0.0002,5e-06,True,0.8,"[1, 2, 3]","[2, 3]",0.04076,0.52273,443,0.47061,0.56334,395,0.14797,COMPLETED
1237,20251118_024424,baseline_OUMVLP.csv,Preset_10,MLP,42,44,"[1024, 1024, 1024]",mean,nan,128,3,1024,silu,0.4,AdamW,,0.0002,5e-06,True,0.8,"[1, 2, 3]","[2, 3]",0.03527,0.5,414,0.50185,0.61426,371,0.1378,COMPLETED
1238,20251118_024424,gaitgl.csv,Preset_10,MLP,42,28,"[1024, 1024, 1024]",mean,nan,128,3,1024,silu,0.4,AdamW,,0.0002,5e-06,True,0.8,"[1, 2, 3]","[2, 3]",0.04184,0.43182,274,0.32051,0.52544,93,0.48577,COMPLETED
1239,20251118_024424,gaitgl_GREW.csv,Preset_10,MLP,42,62,"[1024, 1024, 1024]",mean,nan,128,3,1024,silu,0.4,AdamW,,0.0002,5e-06,True,0.8,"[1, 2, 3]","[2, 3]",0.02655,0.43182,112,0.33147,0.4225,66,0.12563,COMPLETED
1240,20251118_024424,gaitgl_GREW_BNNeck.csv,Preset_10,MLP,42,61,"[1024, 1024, 1024]",mean,nan,128,3,1024,silu,0.4,AdamW,,0.0002,5e-06,True,0.8,"[1, 2, 3]","[2, 3]",0.04411,0.54545,1163,0.50965,0.56283,1130,0.06605,COMPLETED
1241,20251118_024424,gaitgl_OUMVLP.csv,Preset_10,MLP,42,25,"[1024, 1024, 1024]",mean,nan,128,3,1024,silu,0.4,AdamW,,0.0002,5e-06,True,0.8,"[1, 2, 3]","[2, 3]",0.03971,0.40909,431,0.37748,0.45789,375,0.06847,COMPLETED
1242,20251118_024424,gaitpart_GREW.csv,Preset_10,MLP,42,69,"[1024, 1024, 1024]",mean,nan,128,3,1024,silu,0.4,AdamW,,0.0002,5e-06,True,0.8,"[1, 2, 3]","[2, 3]",0.03126,0.5,384,0.41351,0.49536,377,0.06526,COMPLETED
1243,20251118_024424,gaitpart_OUMVLP.csv,Preset_10,MLP,42,56,"[1024, 1024, 1024]",mean,nan,128,3,1024,silu,0.4,AdamW,,0.0002,5e-06,True,0.8,"[1, 2, 3]","[2, 3]",0.03358,0.56818,303,0.47463,0.5309,236,0.47858,COMPLETED
1244,20251118_024424,gaitset.csv,Preset_10,MLP,42,37,"[1024, 1024, 1024]",mean,nan,128,3,1024,silu,0.4,AdamW,,0.0002,5e-06,True,0.8,"[1, 2, 3]","[2, 3]",0.04221,0.47727,763,0.36957,0.44709,747,0.06727,COMPLETED
1245,20251118_024424,gaitset_GREW.csv,Preset_10,MLP,42,71,"[1024, 1024, 1024]",mean,nan,128,3,1024,silu,0.4,AdamW,,0.0002,5e-06,True,0.8,"[1, 2, 3]","[2, 3]",0.02175,0.54545,552,0.45869,0.56163,520,0.19668,COMPLETED
1246,20251118_024424,gaitset_OUMVLP.csv,Preset_10,MLP,42,52,"[1024, 1024, 1024]",mean,nan,128,3,1024,silu,0.4,AdamW,,0.0002,5e-06,True,0.8,"[1, 2, 3]","[2, 3]",0.0233,0.45455,524,0.38782,0.50357,448,0.27573,COMPLETED
1247,20251118_024424,gln_phase1.csv,Preset_10,MLP,42,50,"[1024, 1024, 1024]",mean,nan,128,3,1024,silu,0.4,AdamW,,0.0002,5e-06,True,0.8,"[1, 2, 3]","[2, 3]",0.0395,0.47727,598,0.45801,0.58575,481,0.38072,COMPLETED
1248,20251118_024424,gln_phase2.csv,Preset_10,MLP,42,54,"[1024, 1024, 1024]",mean,nan,128,3,1024,silu,0.4,AdamW,,0.0002,5e-06,True,0.8,"[1, 2, 3]","[2, 3]",0.03817,0.47727,539,0.36252,0.55417,451,0.36628,COMPLETED

1249,20251118_024424,baseline_CASIAB.csv,Preset_11,MLP,42,36,"[896, 896, 896, 896]",mean,nan,96,4,896,silu,0.45,AdamW,,0.00015,1e-05,True,0.75,"[1, 2, 3, 4]","[2, 3, 4]",0.04004,0.56818,644,0.53903,0.58749,617,0.09755,COMPLETED
1250,20251118_024424,baseline_OUMVLP.csv,Preset_11,MLP,42,33,"[896, 896, 896, 896]",mean,nan,96,4,896,silu,0.45,AdamW,,0.00015,1e-05,True,0.75,"[1, 2, 3, 4]","[2, 3, 4]",0.04728,0.52273,647,0.51198,0.59942,517,0.12297,COMPLETED
1251,20251118_024424,gaitgl.csv,Preset_11,MLP,42,19,"[896, 896, 896, 896]",mean,nan,96,4,896,silu,0.45,AdamW,,0.00015,1e-05,True,0.75,"[1, 2, 3, 4]","[2, 3, 4]",0.03112,0.38636,465,0.33193,0.50388,359,0.21384,COMPLETED
1252,20251118_024424,gaitgl_GREW.csv,Preset_11,MLP,42,47,"[896, 896, 896, 896]",mean,nan,96,4,896,silu,0.45,AdamW,,0.00015,1e-05,True,0.75,"[1, 2, 3, 4]","[2, 3, 4]",0.04734,0.5,128,0.39455,0.43434,101,0.08855,COMPLETED
1253,20251118_024424,gaitgl_GREW_BNNeck.csv,Preset_11,MLP,42,48,"[896, 896, 896, 896]",mean,nan,96,4,896,silu,0.45,AdamW,,0.00015,1e-05,True,0.75,"[1, 2, 3, 4]","[2, 3, 4]",1.01421,0.47727,239,0.21538,0.21538,239,1.01421,STOPPED
1254,20251118_024424,gaitgl_OUMVLP.csv,Preset_11,MLP,42,13,"[896, 896, 896, 896]",mean,nan,96,4,896,silu,0.45,AdamW,,0.00015,1e-05,True,0.75,"[1, 2, 3, 4]","[2, 3, 4]",0.03492,0.31818,951,0.27329,0.3652,621,0.24285,COMPLETED
1255,20251118_024424,gaitpart_GREW.csv,Preset_11,MLP,42,56,"[896, 896, 896, 896]",mean,nan,96,4,896,silu,0.45,AdamW,,0.00015,1e-05,True,0.75,"[1, 2, 3, 4]","[2, 3, 4]",0.04563,0.5,534,0.36142,0.56645,435,0.48251,COMPLETED
1256,20251118_024424,gaitpart_OUMVLP.csv,Preset_11,MLP,42,44,"[896, 896, 896, 896]",mean,nan,96,4,896,silu,0.45,AdamW,,0.00015,1e-05,True,0.75,"[1, 2, 3, 4]","[2, 3, 4]",0.02857,0.54545,384,0.45874,0.59365,288,0.362,COMPLETED
1257,20251118_024424,gaitset.csv,Preset_11,MLP,42,28,"[896, 896, 896, 896]",mean,nan,96,4,896,silu,0.45,AdamW,,0.00015,1e-05,True,0.75,"[1, 2, 3, 4]","[2, 3, 4]",0.04066,0.43182,1235,0.39864,0.48413,1116,0.11084,COMPLETED
1258,20251118_024424,gaitset_GREW.csv,Preset_11,MLP,42,58,"[896, 896, 896, 896]",mean,nan,96,4,896,silu,0.45,AdamW,,0.00015,1e-05,True,0.75,"[1, 2, 3, 4]","[2, 3, 4]",0.03061,0.54545,877,0.49624,0.53216,790,0.20036,COMPLETED
1259,20251118_024424,gaitset_OUMVLP.csv,Preset_11,MLP,42,40,"[896, 896, 896, 896]",mean,nan,96,4,896,silu,0.45,AdamW,,0.00015,1e-05,True,0.75,"[1, 2, 3, 4]","[2, 3, 4]",0.03247,0.47727,676,0.36364,0.47774,616,0.1014,COMPLETED
1260,20251118_024424,gln_phase1.csv,Preset_11,MLP,42,38,"[896, 896, 896, 896]",mean,nan,96,4,896,silu,0.45,AdamW,,0.00015,1e-05,True,0.75,"[1, 2, 3, 4]","[2, 3, 4]",0.04107,0.56818,771,0.55054,0.62519,573,0.38345,COMPLETED
1261,20251118_024424,gln_phase2.csv,Preset_11,MLP,42,41,"[896, 896, 896, 896]",mean,nan,96,4,896,silu,0.45,AdamW,,0.00015,1e-05,True,0.75,"[1, 2, 3, 4]","[2, 3, 4]",0.04326,0.40909,782,0.33285,0.47148,534,0.48141,COMPLETED

1262,20251118_024424,baseline_CASIAB.csv,Preset_12,MLP,42,51,"[1024, 1024, 768, 512]",mean,L2,64,4,1024,silu,0.45,AdamW,,0.0002,5e-06,True,0.8,"[1, 2, 3, 4]","[2, 3, 4]",0.03428,0.38636,162,0.29524,0.43929,126,0.2457,COMPLETED
1263,20251118_024424,baseline_OUMVLP.csv,Preset_12,MLP,42,45,"[1024, 1024, 768, 512]",mean,L2,64,4,1024,silu,0.45,AdamW,,0.0002,5e-06,True,0.8,"[1, 2, 3, 4]","[2, 3, 4]",0.03403,0.47727,235,0.43876,0.57018,177,0.3353,COMPLETED
1264,20251118_024424,gaitgl.csv,Preset_12,MLP,42,42,"[1024, 1024, 768, 512]",mean,L2,64,4,1024,silu,0.45,AdamW,,0.0002,5e-06,True,0.8,"[1, 2, 3, 4]","[2, 3, 4]",0.04987,0.40909,225,0.4173,0.52867,204,0.17531,COMPLETED
1265,20251118_024424,gaitgl_GREW.csv,Preset_12,MLP,42,84,"[1024, 1024, 768, 512]",mean,L2,64,4,1024,silu,0.45,AdamW,,0.0002,5e-06,True,0.8,"[1, 2, 3, 4]","[2, 3, 4]",0.03367,0.34091,188,0.27218,0.32479,175,0.11163,COMPLETED
1266,20251118_024424,gaitgl_GREW_BNNeck.csv,Preset_12,MLP,42,63,"[1024, 1024, 768, 512]",mean,L2,64,4,1024,silu,0.45,AdamW,,0.0002,5e-06,True,0.8,"[1, 2, 3, 4]","[2, 3, 4]",0.03301,0.56818,135,0.50256,0.52941,127,0.05316,COMPLETED
1267,20251118_024424,gaitgl_OUMVLP.csv,Preset_12,MLP,42,53,"[1024, 1024, 768, 512]",mean,L2,64,4,1024,silu,0.45,AdamW,,0.0002,5e-06,True,0.8,"[1, 2, 3, 4]","[2, 3, 4]",0.03409,0.43182,737,0.43136,0.58655,564,0.33132,COMPLETED
1268,20251118_024424,gaitpart_GREW.csv,Preset_12,MLP,42,70,"[1024, 1024, 768, 512]",mean,L2,64,4,1024,silu,0.45,AdamW,,0.0002,5e-06,True,0.8,"[1, 2, 3, 4]","[2, 3, 4]",0.03172,0.5,161,0.36982,0.469,152,0.06578,COMPLETED
1269,20251118_024424,gaitpart_OUMVLP.csv,Preset_12,MLP,42,61,"[1024, 1024, 768, 512]",mean,L2,64,4,1024,silu,0.45,AdamW,,0.0002,5e-06,True,0.8,"[1, 2, 3, 4]","[2, 3, 4]",0.04499,0.61364,448,0.543,0.5632,434,0.0993,COMPLETED
1270,20251118_024424,gaitset.csv,Preset_12,MLP,42,39,"[1024, 1024, 768, 512]",mean,L2,64,4,1024,silu,0.45,AdamW,,0.0002,5e-06,True,0.8,"[1, 2, 3, 4]","[2, 3, 4]",0.03299,0.38636,189,0.3333,0.41349,182,0.03928,COMPLETED
1271,20251118_024424,gaitset_GREW.csv,Preset_12,MLP,42,74,"[1024, 1024, 768, 512]",mean,L2,64,4,1024,silu,0.45,AdamW,,0.0002,5e-06,True,0.8,"[1, 2, 3, 4]","[2, 3, 4]",0.02522,0.52273,125,0.43056,0.50628,119,0.07054,COMPLETED
1272,20251118_024424,gaitset_OUMVLP.csv,Preset_12,MLP,42,55,"[1024, 1024, 768, 512]",mean,L2,64,4,1024,silu,0.45,AdamW,,0.0002,5e-06,True,0.8,"[1, 2, 3, 4]","[2, 3, 4]",0.02322,0.47727,322,0.40895,0.49178,315,0.11737,COMPLETED
1273,20251118_024424,gln_phase1.csv,Preset_12,MLP,42,51,"[1024, 1024, 768, 512]",mean,L2,64,4,1024,silu,0.45,AdamW,,0.0002,5e-06,True,0.8,"[1, 2, 3, 4]","[2, 3, 4]",0.02361,0.54545,167,0.51766,0.58038,113,0.29725,COMPLETED
1274,20251118_024424,gln_phase2.csv,Preset_12,MLP,42,55,"[1024, 1024, 768, 512]",mean,L2,64,4,1024,silu,0.45,AdamW,,0.0002,5e-06,True,0.8,"[1, 2, 3, 4]","[2, 3, 4]",0.01713,0.47727,174,0.39867,0.52941,131,0.24468,COMPLETED

1275,20251118_024424,baseline_CASIAB.csv,Preset_13,MLP,42,40,"[640, 640, 512]",mean,L2,96,3,640,silu,0.4,AdamW,,0.00015,1e-05,True,0.75,"[1, 2, 3]","[2, 3]",0.03055,0.47727,380,0.34946,0.50016,203,0.44452,COMPLETED
1276,20251118_024424,baseline_OUMVLP.csv,Preset_13,MLP,42,34,"[640, 640, 512]",mean,L2,96,3,640,silu,0.4,AdamW,,0.00015,1e-05,True,0.75,"[1, 2, 3]","[2, 3]",0.04964,0.56818,528,0.51447,0.64394,372,0.23728,COMPLETED
1277,20251118_024424,gaitgl.csv,Preset_13,MLP,42,34,"[640, 640, 512]",mean,L2,96,3,640,silu,0.4,AdamW,,0.00015,1e-05,True,0.75,"[1, 2, 3]","[2, 3]",0.04,0.34091,446,0.25911,0.41212,414,0.20933,COMPLETED
1278,20251118_024424,gaitgl_GREW.csv,Preset_13,MLP,42,69,"[640, 640, 512]",mean,L2,96,3,640,silu,0.4,AdamW,,0.00015,1e-05,True,0.75,"[1, 2, 3]","[2, 3]",0.02847,0.56818,453,0.41124,0.46171,409,0.11285,COMPLETED
1279,20251118_024424,gaitgl_GREW_BNNeck.csv,Preset_13,MLP,42,50,"[640, 640, 512]",mean,L2,96,3,640,silu,0.4,AdamW,,0.00015,1e-05,True,0.75,"[1, 2, 3]","[2, 3]",0.04104,0.5,231,0.45488,0.51795,185,0.20738,COMPLETED
1280,20251118_024424,gaitgl_OUMVLP.csv,Preset_13,MLP,42,39,"[640, 640, 512]",mean,L2,96,3,640,silu,0.4,AdamW,,0.00015,1e-05,True,0.75,"[1, 2, 3]","[2, 3]",0.0458,0.56818,1857,0.57508,0.58608,1484,0.25108,COMPLETED
1281,20251118_024424,gaitpart_GREW.csv,Preset_13,MLP,42,57,"[640, 640, 512]",mean,L2,96,3,640,silu,0.4,AdamW,,0.00015,1e-05,True,0.75,"[1, 2, 3]","[2, 3]",0.03393,0.54545,359,0.40436,0.55659,319,0.19018,COMPLETED
1282,20251118_024424,gaitpart_OUMVLP.csv,Preset_13,MLP,42,48,"[640, 640, 512]",mean,L2,96,3,640,silu,0.4,AdamW,,0.00015,1e-05,True,0.75,"[1, 2, 3]","[2, 3]",0.04436,0.56818,1085,0.53276,0.55346,1069,0.04499,COMPLETED
1283,20251118_024424,gaitset.csv,Preset_13,MLP,42,29,"[640, 640, 512]",mean,L2,96,3,640,silu,0.4,AdamW,,0.00015,1e-05,True,0.75,"[1, 2, 3]","[2, 3]",0.04636,0.5,436,0.39132,0.50712,380,0.11582,COMPLETED
1284,20251118_024424,gaitset_GREW.csv,Preset_13,MLP,42,60,"[640, 640, 512]",mean,L2,96,3,640,silu,0.4,AdamW,,0.00015,1e-05,True,0.75,"[1, 2, 3]","[2, 3]",0.03502,0.52273,270,0.4418,0.51727,196,0.23158,COMPLETED
1285,20251118_024424,gaitset_OUMVLP.csv,Preset_13,MLP,42,43,"[640, 640, 512]",mean,L2,96,3,640,silu,0.4,AdamW,,0.00015,1e-05,True,0.75,"[1, 2, 3]","[2, 3]",0.03691,0.5,912,0.41579,0.53328,852,0.06618,COMPLETED
1286,20251118_024424,gln_phase1.csv,Preset_13,MLP,42,39,"[640, 640, 512]",mean,L2,96,3,640,silu,0.4,AdamW,,0.00015,1e-05,True,0.75,"[1, 2, 3]","[2, 3]",0.03808,0.45455,355,0.40277,0.61433,170,0.42664,COMPLETED
1287,20251118_024424,gln_phase2.csv,Preset_13,MLP,42,43,"[640, 640, 512]",mean,L2,96,3,640,silu,0.4,AdamW,,0.00015,1e-05,True,0.75,"[1, 2, 3]","[2, 3]",0.0398,0.40909,294,0.34071,0.54545,153,0.46597,COMPLETED

1288,20251118_024424,baseline_CASIAB.csv,Preset_14,MLP,42,82,"[512, 512, 512, 512]",mean,nan,128,4,512,silu,0.45,AdamW,,0.0002,5e-06,True,0.9,"[1, 2, 3, 4]","[2, 3, 4]",0.04578,0.45455,362,0.34314,0.43337,297,0.2024,COMPLETED
1289,20251118_024424,baseline_OUMVLP.csv,Preset_14,MLP,42,79,"[512, 512, 512, 512]",mean,nan,128,4,512,silu,0.45,AdamW,,0.0002,5e-06,True,0.9,"[1, 2, 3, 4]","[2, 3, 4]",0.02708,0.54545,309,0.51243,0.55338,245,0.29335,COMPLETED
1290,20251118_024424,gaitgl.csv,Preset_14,MLP,42,56,"[512, 512, 512, 512]",mean,nan,128,4,512,silu,0.45,AdamW,,0.0002,5e-06,True,0.9,"[1, 2, 3, 4]","[2, 3, 4]",0.04471,0.38636,193,0.32749,0.43038,96,0.33925,COMPLETED
1291,20251118_024424,gaitgl_GREW.csv,Preset_14,MLP,42,108,"[512, 512, 512, 512]",mean,nan,128,4,512,silu,0.45,AdamW,,0.0002,5e-06,True,0.9,"[1, 2, 3, 4]","[2, 3, 4]",0.03988,0.36364,103,0.27083,0.40688,48,0.38032,COMPLETED
1292,20251118_024424,gaitgl_GREW_BNNeck.csv,Preset_14,MLP,42,101,"[512, 512, 512, 512]",mean,nan,128,4,512,silu,0.45,AdamW,,0.0002,5e-06,True,0.9,"[1, 2, 3, 4]","[2, 3, 4]",0.03656,0.45455,781,0.38422,0.48166,713,0.15675,COMPLETED
1293,20251118_024424,gaitgl_OUMVLP.csv,Preset_14,MLP,42,70,"[512, 512, 512, 512]",mean,nan,128,4,512,silu,0.45,AdamW,,0.0002,5e-06,True,0.9,"[1, 2, 3, 4]","[2, 3, 4]",0.02764,0.40909,218,0.34698,0.47218,188,0.08152,COMPLETED
1294,20251118_024424,gaitpart_GREW.csv,Preset_14,MLP,42,108,"[512, 512, 512, 512]",mean,nan,128,4,512,silu,0.45,AdamW,,0.0002,5e-06,True,0.9,"[1, 2, 3, 4]","[2, 3, 4]",0.03665,0.52273,337,0.4721,0.54123,253,0.3737,COMPLETED
1295,20251118_024424,gaitpart_OUMVLP.csv,Preset_14,MLP,42,94,"[512, 512, 512, 512]",mean,nan,128,4,512,silu,0.45,AdamW,,0.0002,5e-06,True,0.9,"[1, 2, 3, 4]","[2, 3, 4]",0.02383,0.59091,253,0.48717,0.56053,132,0.48339,COMPLETED
1296,20251118_024424,gaitset.csv,Preset_14,MLP,42,70,"[512, 512, 512, 512]",mean,nan,128,4,512,silu,0.45,AdamW,,0.0002,5e-06,True,0.9,"[1, 2, 3, 4]","[2, 3, 4]",0.04012,0.34091,627,0.24831,0.36148,592,0.07685,COMPLETED
1297,20251118_024424,gaitset_GREW.csv,Preset_14,MLP,42,112,"[512, 512, 512, 512]",mean,nan,128,4,512,silu,0.45,AdamW,,0.0002,5e-06,True,0.9,"[1, 2, 3, 4]","[2, 3, 4]",0.0303,0.43182,485,0.3673,0.47171,390,0.43989,COMPLETED
1298,20251118_024424,gaitset_OUMVLP.csv,Preset_14,MLP,42,91,"[512, 512, 512, 512]",mean,nan,128,4,512,silu,0.45,AdamW,,0.0002,5e-06,True,0.9,"[1, 2, 3, 4]","[2, 3, 4]",0.04682,0.43182,422,0.39123,0.49073,406,0.07958,COMPLETED
1299,20251118_024424,gln_phase1.csv,Preset_14,MLP,42,88,"[512, 512, 512, 512]",mean,nan,128,4,512,silu,0.45,AdamW,,0.0002,5e-06,True,0.9,"[1, 2, 3, 4]","[2, 3, 4]",0.02766,0.5,460,0.42408,0.53679,346,0.42302,COMPLETED
1300,20251118_024424,gln_phase2.csv,Preset_14,MLP,42,94,"[512, 512, 512, 512]",mean,nan,128,4,512,silu,0.45,AdamW,,0.0002,5e-06,True,0.9,"[1, 2, 3, 4]","[2, 3, 4]",0.03297,0.5,429,0.44776,0.47179,314,0.44609,COMPLETED

1301,20251118_024424,baseline_CASIAB.csv,Preset_15,MLP,42,58,"[1024, 512, 256]",max,L2,96,3,1024,leakyrelu,0.4,AdamW,,0.0002,1e-05,True,0.8,"[1, 2, 3]","[2, 3]",0.02998,0.47727,197,0.34694,0.51936,148,0.408,COMPLETED
1302,20251118_024424,baseline_OUMVLP.csv,Preset_15,MLP,42,56,"[1024, 512, 256]",max,L2,96,3,1024,leakyrelu,0.4,AdamW,,0.0002,1e-05,True,0.8,"[1, 2, 3]","[2, 3]",0.03191,0.5,289,0.42622,0.48275,214,0.40453,COMPLETED
1303,20251118_024424,gaitgl.csv,Preset_15,MLP,42,65,"[1024, 512, 256]",max,L2,96,3,1024,leakyrelu,0.4,AdamW,,0.0002,1e-05,True,0.8,"[1, 2, 3]","[2, 3]",0.02627,0.45455,172,0.4274,0.53571,132,0.45058,COMPLETED
1304,20251118_024424,gaitgl_GREW.csv,Preset_15,MLP,42,96,"[1024, 512, 256]",max,L2,96,3,1024,leakyrelu,0.4,AdamW,,0.0002,1e-05,True,0.8,"[1, 2, 3]","[2, 3]",0.04163,0.36364,123,0.33059,0.42229,95,0.43237,COMPLETED
1305,20251118_024424,gaitgl_GREW_BNNeck.csv,Preset_15,MLP,42,79,"[1024, 512, 256]",max,L2,96,3,1024,leakyrelu,0.4,AdamW,,0.0002,1e-05,True,0.8,"[1, 2, 3]","[2, 3]",0.02587,0.5,147,0.44776,0.52222,131,0.08195,COMPLETED
1306,20251118_024424,gaitgl_OUMVLP.csv,Preset_15,MLP,42,46,"[1024, 512, 256]",max,L2,96,3,1024,leakyrelu,0.4,AdamW,,0.0002,1e-05,True,0.8,"[1, 2, 3]","[2, 3]",0.02915,0.40909,466,0.37944,0.46173,369,0.47483,COMPLETED
1307,20251118_024424,gaitpart_GREW.csv,Preset_15,MLP,42,78,"[1024, 512, 256]",max,L2,96,3,1024,leakyrelu,0.4,AdamW,,0.0002,1e-05,True,0.8,"[1, 2, 3]","[2, 3]",0.02989,0.40909,200,0.34096,0.4976,185,0.10856,COMPLETED
1308,20251118_024424,gaitpart_OUMVLP.csv,Preset_15,MLP,42,51,"[1024, 512, 256]",max,L2,96,3,1024,leakyrelu,0.4,AdamW,,0.0002,1e-05,True,0.8,"[1, 2, 3]","[2, 3]",0.03902,0.43182,578,0.34832,0.46465,482,0.15791,COMPLETED
1309,20251118_024424,gaitset.csv,Preset_15,MLP,42,57,"[1024, 512, 256]",max,L2,96,3,1024,leakyrelu,0.4,AdamW,,0.0002,1e-05,True,0.8,"[1, 2, 3]","[2, 3]",0.03275,0.47727,198,0.42487,0.46977,172,0.17811,COMPLETED
1310,20251118_024424,gaitset_GREW.csv,Preset_15,MLP,42,81,"[1024, 512, 256]",max,L2,96,3,1024,leakyrelu,0.4,AdamW,,0.0002,1e-05,True,0.8,"[1, 2, 3]","[2, 3]",0.02454,0.43182,196,0.33124,0.37037,183,0.12635,COMPLETED
1311,20251118_024424,gaitset_OUMVLP.csv,Preset_15,MLP,42,52,"[1024, 512, 256]",max,L2,96,3,1024,leakyrelu,0.4,AdamW,,0.0002,1e-05,True,0.8,"[1, 2, 3]","[2, 3]",0.03623,0.56818,458,0.47631,0.58264,453,0.05249,COMPLETED
1312,20251118_024424,gln_phase1.csv,Preset_15,MLP,42,54,"[1024, 512, 256]",max,L2,96,3,1024,leakyrelu,0.4,AdamW,,0.0002,1e-05,True,0.8,"[1, 2, 3]","[2, 3]",0.02899,0.40909,224,0.30278,0.42444,157,0.47785,COMPLETED
1313,20251118_024424,gln_phase2.csv,Preset_15,MLP,42,55,"[1024, 512, 256]",max,L2,96,3,1024,leakyrelu,0.4,AdamW,,0.0002,1e-05,True,0.8,"[1, 2, 3]","[2, 3]",0.03017,0.43182,241,0.32832,0.46011,162,0.49903,COMPLETED

1314,20251118_024424,baseline_CASIAB.csv,Preset_16,MLP,42,256,"[1408, 1024, 768, 512]",mean,L2,128,4,1408,silu,0.45,AdamW,,0.0002,5e-06,False,,"[1, 2, 3, 4]","[2, 3, 4]",0.02235,0.5,140,0.42088,0.50458,130,0.22582,COMPLETED
1315,20251118_024424,baseline_OUMVLP.csv,Preset_16,MLP,42,256,"[1408, 1024, 768, 512]",mean,L2,128,4,1408,silu,0.45,AdamW,,0.0002,5e-06,False,,"[1, 2, 3, 4]","[2, 3, 4]",0.02142,0.61364,166,0.56522,0.63826,157,0.06214,COMPLETED
1316,20251118_024424,gaitgl.csv,Preset_16,MLP,42,128,"[1408, 1024, 768, 512]",mean,L2,128,4,1408,silu,0.45,AdamW,,0.0002,5e-06,False,,"[1, 2, 3, 4]","[2, 3, 4]",0.04227,0.52273,145,0.44259,0.44259,145,0.04227,COMPLETED
1317,20251118_024424,gaitgl_GREW.csv,Preset_16,MLP,42,256,"[1408, 1024, 768, 512]",mean,L2,128,4,1408,silu,0.45,AdamW,,0.0002,5e-06,False,,"[1, 2, 3, 4]","[2, 3, 4]",0.01237,0.45455,329,0.33191,0.38307,316,0.06418,COMPLETED
1318,20251118_024424,gaitgl_GREW_BNNeck.csv,Preset_16,MLP,42,256,"[1408, 1024, 768, 512]",mean,L2,128,4,1408,silu,0.45,AdamW,,0.0002,5e-06,False,,"[1, 2, 3, 4]","[2, 3, 4]",0.03257,0.40909,121,0.30344,0.35151,77,0.48651,COMPLETED
1319,20251118_024424,gaitgl_OUMVLP.csv,Preset_16,MLP,42,256,"[1408, 1024, 768, 512]",mean,L2,128,4,1408,silu,0.45,AdamW,,0.0002,5e-06,False,,"[1, 2, 3, 4]","[2, 3, 4]",1.01238,0.47727,238,0.21538,0.21538,238,1.01238,STOPPED
1320,20251118_024424,gaitpart_GREW.csv,Preset_16,MLP,42,256,"[1408, 1024, 768, 512]",mean,L2,128,4,1408,silu,0.45,AdamW,,0.0002,5e-06,False,,"[1, 2, 3, 4]","[2, 3, 4]",0.01572,0.54545,212,0.45004,0.50146,178,0.1232,COMPLETED
1321,20251118_024424,gaitpart_OUMVLP.csv,Preset_16,MLP,42,256,"[1408, 1024, 768, 512]",mean,L2,128,4,1408,silu,0.45,AdamW,,0.0002,5e-06,False,,"[1, 2, 3, 4]","[2, 3, 4]",1.00902,0.38636,164,0.2319,0.2319,164,1.00902,STOPPED
1322,20251118_024424,gaitset.csv,Preset_16,MLP,42,256,"[1408, 1024, 768, 512]",mean,L2,128,4,1408,silu,0.45,AdamW,,0.0002,5e-06,False,,"[1, 2, 3, 4]","[2, 3, 4]",0.01994,0.40909,143,0.3306,0.4372,88,0.28848,COMPLETED
1323,20251118_024424,gaitset_GREW.csv,Preset_16,MLP,42,256,"[1408, 1024, 768, 512]",mean,L2,128,4,1408,silu,0.45,AdamW,,0.0002,5e-06,False,,"[1, 2, 3, 4]","[2, 3, 4]",0.01809,0.45455,152,0.34313,0.43468,148,0.03143,COMPLETED
1324,20251118_024424,gaitset_OUMVLP.csv,Preset_16,MLP,42,256,"[1408, 1024, 768, 512]",mean,L2,128,4,1408,silu,0.45,AdamW,,0.0002,5e-06,False,,"[1, 2, 3, 4]","[2, 3, 4]",0.03194,0.47727,846,0.45191,0.58696,668,0.23211,COMPLETED
1325,20251118_024424,gln_phase1.csv,Preset_16,MLP,42,256,"[1408, 1024, 768, 512]",mean,L2,128,4,1408,silu,0.45,AdamW,,0.0002,5e-06,False,,"[1, 2, 3, 4]","[2, 3, 4]",0.02657,0.5,141,0.42831,0.56184,105,0.22736,COMPLETED
1326,20251118_024424,gln_phase2.csv,Preset_16,MLP,42,256,"[1408, 1024, 768, 512]",mean,L2,128,4,1408,silu,0.45,AdamW,,0.0002,5e-06,False,,"[1, 2, 3, 4]","[2, 3, 4]",0.04523,0.43182,109,0.3628,0.47756,93,0.23754,COMPLETED

1327,20251118_024424,baseline_CASIAB.csv,Preset_17,MLP,42,51,"[256, 512, 768, 512, 256]",mean,L2,96,5,256,leakyrelu,0.4,AdamW,,0.0002,1e-05,True,0.8,"[1, 2, 3]","[2, 3]",0.04606,0.5,130,0.34306,0.53535,117,0.1424,COMPLETED
1328,20251118_024424,baseline_OUMVLP.csv,Preset_17,MLP,42,45,"[256, 512, 768, 512, 256]",mean,L2,96,5,256,leakyrelu,0.4,AdamW,,0.0002,1e-05,True,0.8,"[1, 2, 3]","[2, 3]",0.03291,0.54545,169,0.50774,0.57948,85,0.46494,COMPLETED
1329,20251118_024424,gaitgl.csv,Preset_17,MLP,42,42,"[256, 512, 768, 512, 256]",mean,L2,96,5,256,leakyrelu,0.4,AdamW,,0.0002,1e-05,True,0.8,"[1, 2, 3]","[2, 3]",0.02792,0.47727,237,0.34553,0.46714,119,0.25606,COMPLETED
1330,20251118_024424,gaitgl_GREW.csv,Preset_17,MLP,42,84,"[256, 512, 768, 512, 256]",mean,L2,96,5,256,leakyrelu,0.4,AdamW,,0.0002,1e-05,True,0.8,"[1, 2, 3]","[2, 3]",0.03327,0.34091,138,0.26786,0.41814,90,0.42286,COMPLETED
1331,20251118_024424,gaitgl_GREW_BNNeck.csv,Preset_17,MLP,42,63,"[256, 512, 768, 512, 256]",mean,L2,96,5,256,leakyrelu,0.4,AdamW,,0.0002,1e-05,True,0.8,"[1, 2, 3]","[2, 3]",0.01796,0.43182,116,0.37611,0.4805,68,0.34399,COMPLETED
1332,20251118_024424,gaitgl_OUMVLP.csv,Preset_17,MLP,42,53,"[256, 512, 768, 512, 256]",mean,L2,96,5,256,leakyrelu,0.4,AdamW,,0.0002,1e-05,True,0.8,"[1, 2, 3]","[2, 3]",0.03516,0.43182,674,0.41071,0.51587,490,0.26707,COMPLETED
1333,20251118_024424,gaitpart_GREW.csv,Preset_17,MLP,42,70,"[256, 512, 768, 512, 256]",mean,L2,96,5,256,leakyrelu,0.4,AdamW,,0.0002,1e-05,True,0.8,"[1, 2, 3]","[2, 3]",0.01775,0.43182,139,0.35515,0.47306,103,0.25071,COMPLETED
1334,20251118_024424,gaitpart_OUMVLP.csv,Preset_17,MLP,42,61,"[256, 512, 768, 512, 256]",mean,L2,96,5,256,leakyrelu,0.4,AdamW,,0.0002,1e-05,True,0.8,"[1, 2, 3]","[2, 3]",0.03039,0.56818,252,0.43728,0.52899,203,0.24433,COMPLETED
1335,20251118_024424,gaitset.csv,Preset_17,MLP,42,39,"[256, 512, 768, 512, 256]",mean,L2,96,5,256,leakyrelu,0.4,AdamW,,0.0002,1e-05,True,0.8,"[1, 2, 3]","[2, 3]",0.0466,0.43182,169,0.39349,0.43905,135,0.14142,COMPLETED
1336,20251118_024424,gaitset_GREW.csv,Preset_17,MLP,42,74,"[256, 512, 768, 512, 256]",mean,L2,96,5,256,leakyrelu,0.4,AdamW,,0.0002,1e-05,True,0.8,"[1, 2, 3]","[2, 3]",0.02908,0.43182,107,0.32301,0.44776,91,0.0998,COMPLETED
1337,20251118_024424,gaitset_OUMVLP.csv,Preset_17,MLP,42,55,"[256, 512, 768, 512, 256]",mean,L2,96,5,256,leakyrelu,0.4,AdamW,,0.0002,1e-05,True,0.8,"[1, 2, 3]","[2, 3]",0.03634,0.40909,285,0.32398,0.45937,239,0.26412,COMPLETED
1338,20251118_024424,gln_phase1.csv,Preset_17,MLP,42,51,"[256, 512, 768, 512, 256]",mean,L2,96,5,256,leakyrelu,0.4,AdamW,,0.0002,1e-05,True,0.8,"[1, 2, 3]","[2, 3]",0.01657,0.52273,136,0.43071,0.52267,62,0.46767,COMPLETED
1339,20251118_024424,gln_phase2.csv,Preset_17,MLP,42,55,"[256, 512, 768, 512, 256]",mean,L2,96,5,256,leakyrelu,0.4,AdamW,,0.0002,1e-05,True,0.8,"[1, 2, 3]","[2, 3]",0.012,0.5,144,0.44069,0.5529,81,0.38344,COMPLETED

1340,20251118_024424,baseline_CASIAB.csv,Preset_18,MLP,42,256,"[256, 256]",mean,nan,64,2,256,silu,0.3,AdamW,,0.0004,1e-05,False,,[],[],0.04897,0.5,569,0.44599,0.46883,531,0.05719,COMPLETED
1341,20251118_024424,baseline_OUMVLP.csv,Preset_18,MLP,42,256,"[256, 256]",mean,nan,64,2,256,silu,0.3,AdamW,,0.0004,1e-05,False,,[],[],0.03576,0.5,936,0.44008,0.54701,671,0.11513,COMPLETED
1342,20251118_024424,gaitgl.csv,Preset_18,MLP,42,128,"[256, 256]",mean,nan,64,2,256,silu,0.3,AdamW,,0.0004,1e-05,False,,[],[],0.03635,0.40909,691,0.35189,0.44016,428,0.46814,COMPLETED
1343,20251118_024424,gaitgl_GREW.csv,Preset_18,MLP,42,256,"[256, 256]",mean,nan,64,2,256,silu,0.3,AdamW,,0.0004,1e-05,False,,[],[],0.04554,0.45455,399,0.33741,0.47432,117,0.47687,COMPLETED
1344,20251118_024424,gaitgl_GREW_BNNeck.csv,Preset_18,MLP,42,256,"[256, 256]",mean,nan,64,2,256,silu,0.3,AdamW,,0.0004,1e-05,False,,[],[],0.04268,0.36364,937,0.27718,0.33523,290,0.48933,COMPLETED
1345,20251118_024424,gaitgl_OUMVLP.csv,Preset_18,MLP,42,256,"[256, 256]",mean,nan,64,2,256,silu,0.3,AdamW,,0.0004,1e-05,False,,[],[],0.14081,0.5,1687,0.42613,0.52863,708,0.45559,STOPPED
1346,20251118_024424,gaitpart_GREW.csv,Preset_18,MLP,42,256,"[256, 256]",mean,nan,64,2,256,silu,0.3,AdamW,,0.0004,1e-05,False,,[],[],0.04912,0.43182,901,0.40362,0.52688,284,0.39287,COMPLETED
1347,20251118_024424,gaitpart_OUMVLP.csv,Preset_18,MLP,42,256,"[256, 256]",mean,nan,64,2,256,silu,0.3,AdamW,,0.0004,1e-05,False,,[],[],0.17945,0.52273,1497,0.4053,0.53709,428,0.47801,STOPPED
1348,20251118_024424,gaitset.csv,Preset_18,MLP,42,256,"[256, 256]",mean,nan,64,2,256,silu,0.3,AdamW,,0.0004,1e-05,False,,[],[],0.04692,0.52273,885,0.51283,0.56319,843,0.08884,COMPLETED
1349,20251118_024424,gaitset_GREW.csv,Preset_18,MLP,42,256,"[256, 256]",mean,nan,64,2,256,silu,0.3,AdamW,,0.0004,1e-05,False,,[],[],0.04521,0.38636,1311,0.33232,0.39971,519,0.33343,COMPLETED
1350,20251118_024424,gaitset_OUMVLP.csv,Preset_18,MLP,42,256,"[256, 256]",mean,nan,64,2,256,silu,0.3,AdamW,,0.0004,1e-05,False,,[],[],0.32621,0.27273,2509,0.2316,0.45801,463,0.47915,STOPPED
1351,20251118_024424,gln_phase1.csv,Preset_18,MLP,42,256,"[256, 256]",mean,nan,64,2,256,silu,0.3,AdamW,,0.0004,1e-05,False,,[],[],0.04222,0.45455,881,0.41836,0.46569,871,0.07005,COMPLETED
1352,20251118_024424,gln_phase2.csv,Preset_18,MLP,42,256,"[256, 256]",mean,nan,64,2,256,silu,0.3,AdamW,,0.0004,1e-05,False,,[],[],0.04339,0.40909,547,0.35355,0.43829,235,0.36645,COMPLETED

1353,20251118_024424,baseline_CASIAB.csv,Preset_19,MLP,42,47,"[192, 192, 256]",mean,nan,48,3,192,silu,0.35,AdamW,,0.0003,1e-05,True,0.8,[1],[],0.02646,0.54545,116,0.44866,0.47829,97,0.25355,COMPLETED
1354,20251118_024424,baseline_OUMVLP.csv,Preset_19,MLP,42,44,"[192, 192, 256]",mean,nan,48,3,192,silu,0.35,AdamW,,0.0003,1e-05,True,0.8,[1],[],0.02313,0.47727,123,0.45486,0.51537,121,0.03446,COMPLETED
1355,20251118_024424,gaitgl.csv,Preset_19,MLP,42,28,"[192, 192, 256]",mean,nan,48,3,192,silu,0.35,AdamW,,0.0003,1e-05,True,0.8,[1],[],0.02787,0.38636,120,0.28675,0.48575,73,0.28671,COMPLETED
1356,20251118_024424,gaitgl_GREW.csv,Preset_19,MLP,42,62,"[192, 192, 256]",mean,nan,48,3,192,silu,0.35,AdamW,,0.0003,1e-05,True,0.8,[1],[],0.02627,0.45455,56,0.33424,0.44211,36,0.29139,COMPLETED
1357,20251118_024424,gaitgl_GREW_BNNeck.csv,Preset_19,MLP,42,61,"[192, 192, 256]",mean,nan,48,3,192,silu,0.35,AdamW,,0.0003,1e-05,True,0.8,[1],[],0.03495,0.47727,344,0.46365,0.51779,321,0.15875,COMPLETED
1358,20251118_024424,gaitgl_OUMVLP.csv,Preset_19,MLP,42,25,"[192, 192, 256]",mean,nan,48,3,192,silu,0.35,AdamW,,0.0003,1e-05,True,0.8,[1],[],0.026,0.5,170,0.40703,0.42089,157,0.05137,COMPLETED
1359,20251118_024424,gaitpart_GREW.csv,Preset_19,MLP,42,69,"[192, 192, 256]",mean,nan,48,3,192,silu,0.35,AdamW,,0.0003,1e-05,True,0.8,[1],[],0.01814,0.5,97,0.3586,0.5101,77,0.44187,COMPLETED
1360,20251118_024424,gaitpart_OUMVLP.csv,Preset_19,MLP,42,56,"[192, 192, 256]",mean,nan,48,3,192,silu,0.35,AdamW,,0.0003,1e-05,True,0.8,[1],[],0.02003,0.59091,87,0.48381,0.51111,77,0.10207,COMPLETED
1361,20251118_024424,gaitset.csv,Preset_19,MLP,42,37,"[192, 192, 256]",mean,nan,48,3,192,silu,0.35,AdamW,,0.0003,1e-05,True,0.8,[1],[],0.03329,0.40909,240,0.37437,0.43612,213,0.2146,COMPLETED
1362,20251118_024424,gaitset_GREW.csv,Preset_19,MLP,42,71,"[192, 192, 256]",mean,nan,48,3,192,silu,0.35,AdamW,,0.0003,1e-05,True,0.8,[1],[],0.02332,0.5,165,0.34799,0.39788,155,0.10337,COMPLETED
1363,20251118_024424,gaitset_OUMVLP.csv,Preset_19,MLP,42,52,"[192, 192, 256]",mean,nan,48,3,192,silu,0.35,AdamW,,0.0003,1e-05,True,0.8,[1],[],0.01949,0.45455,146,0.33843,0.40352,133,0.18669,COMPLETED
1364,20251118_024424,gln_phase1.csv,Preset_19,MLP,42,50,"[192, 192, 256]",mean,nan,48,3,192,silu,0.35,AdamW,,0.0003,1e-05,True,0.8,[1],[],0.03558,0.47727,140,0.4246,0.54023,109,0.36882,COMPLETED
1365,20251118_024424,gln_phase2.csv,Preset_19,MLP,42,54,"[192, 192, 256]",mean,nan,48,3,192,silu,0.35,AdamW,,0.0003,1e-05,True,0.8,[1],[],0.01229,0.45455,143,0.34343,0.44176,118,0.2603,COMPLETED

1366,20251118_232333,baseline_CASIAB.csv,Preset_1,MLP,42,256,"[256, 128]",mean,L2,32,2,256,leakyrelu,0.4,AdamW,,0.0004,2e-05,False,,[],[],0.08723,0.47727,135,0.39428,0.44776,112,0.17458,COMPLETED
1367,20251118_232333,baseline_OUMVLP.csv,Preset_1,MLP,42,256,"[256, 128]",mean,L2,32,2,256,leakyrelu,0.4,AdamW,,0.0004,2e-05,False,,[],[],0.08268,0.47727,212,0.43761,0.52988,190,0.15822,COMPLETED
1368,20251118_232333,gaitgl.csv,Preset_1,MLP,42,128,"[256, 128]",mean,L2,32,2,256,leakyrelu,0.4,AdamW,,0.0004,2e-05,False,,[],[],0.08937,0.52273,127,0.44211,0.44211,117,0.11213,COMPLETED
1369,20251118_232333,gaitgl_GREW.csv,Preset_1,MLP,42,256,"[256, 128]",mean,L2,32,2,256,leakyrelu,0.4,AdamW,,0.0004,2e-05,False,,[],[],0.08209,0.38636,320,0.35844,0.43968,297,0.115,COMPLETED
1370,20251118_232333,gaitgl_GREW_BNNeck.csv,Preset_1,MLP,42,256,"[256, 128]",mean,L2,32,2,256,leakyrelu,0.4,AdamW,,0.0004,2e-05,False,,[],[],0.08305,0.34091,96,0.26638,0.34271,94,0.09139,COMPLETED
1371,20251118_232333,gaitgl_OUMVLP.csv,Preset_1,MLP,42,256,"[256, 128]",mean,L2,32,2,256,leakyrelu,0.4,AdamW,,0.0004,2e-05,False,,[],[],0.09149,0.40909,1016,0.35402,0.4869,605,0.43407,COMPLETED
1372,20251118_232333,gaitpart_GREW.csv,Preset_1,MLP,42,256,"[256, 128]",mean,L2,32,2,256,leakyrelu,0.4,AdamW,,0.0004,2e-05,False,,[],[],0.07643,0.40909,266,0.35191,0.50914,100,0.48424,COMPLETED
1373,20251118_232333,gaitpart_OUMVLP.csv,Preset_1,MLP,42,256,"[256, 128]",mean,L2,32,2,256,leakyrelu,0.4,AdamW,,0.0004,2e-05,False,,[],[],0.09004,0.5,605,0.45591,0.5887,241,0.48037,COMPLETED
1374,20251118_232333,gaitset.csv,Preset_1,MLP,42,256,"[256, 128]",mean,L2,32,2,256,leakyrelu,0.4,AdamW,,0.0004,2e-05,False,,[],[],0.08815,0.40909,117,0.3306,0.37762,95,0.18149,COMPLETED
1375,20251118_232333,gaitset_GREW.csv,Preset_1,MLP,42,256,"[256, 128]",mean,L2,32,2,256,leakyrelu,0.4,AdamW,,0.0004,2e-05,False,,[],[],0.07454,0.52273,172,0.3804,0.39583,116,0.3741,COMPLETED
1376,20251118_232333,gaitset_OUMVLP.csv,Preset_1,MLP,42,256,"[256, 128]",mean,L2,32,2,256,leakyrelu,0.4,AdamW,,0.0004,2e-05,False,,[],[],0.08588,0.47727,540,0.34545,0.49897,317,0.4054,COMPLETED
1377,20251118_232333,gln_phase1.csv,Preset_1,MLP,42,256,"[256, 128]",mean,L2,32,2,256,leakyrelu,0.4,AdamW,,0.0004,2e-05,False,,[],[],0.08287,0.56818,139,0.47844,0.54359,67,0.47111,COMPLETED
1378,20251118_232333,gln_phase2.csv,Preset_1,MLP,42,256,"[256, 128]",mean,L2,32,2,256,leakyrelu,0.4,AdamW,,0.0004,2e-05,False,,[],[],0.08803,0.40909,122,0.375,0.43829,63,0.49139,COMPLETED

1379,20251118_232333,baseline_CASIAB.csv,Preset_2,MLP,42,256,"[128, 256, 384]",mean,minmax,64,3,128,silu,0.35,AdamW,,0.00025,1e-05,False,,[],[],0.09091,0.52273,414,0.46357,0.55789,226,0.43117,COMPLETED
1380,20251118_232333,baseline_OUMVLP.csv,Preset_2,MLP,42,256,"[128, 256, 384]",mean,minmax,64,3,128,silu,0.35,AdamW,,0.00025,1e-05,False,,[],[],0.07373,0.5,463,0.47691,0.522,365,0.21248,COMPLETED
1381,20251118_232333,gaitgl.csv,Preset_2,MLP,42,128,"[128, 256, 384]",mean,minmax,64,3,128,silu,0.35,AdamW,,0.00025,1e-05,False,,[],[],0.06993,0.36364,1437,0.35833,0.44153,934,0.43002,COMPLETED
1382,20251118_232333,gaitgl_GREW.csv,Preset_2,MLP,42,256,"[128, 256, 384]",mean,minmax,64,3,128,silu,0.35,AdamW,,0.00025,1e-05,False,,[],[],0.0795,0.38636,414,0.28892,0.3913,303,0.26244,COMPLETED
1383,20251118_232333,gaitgl_GREW_BNNeck.csv,Preset_2,MLP,42,256,"[128, 256, 384]",mean,minmax,64,3,128,silu,0.35,AdamW,,0.00025,1e-05,False,,[],[],0.08166,0.29545,433,0.23095,0.37043,194,0.47621,COMPLETED
1384,20251118_232333,gaitgl_OUMVLP.csv,Preset_2,MLP,42,256,"[128, 256, 384]",mean,minmax,64,3,128,silu,0.35,AdamW,,0.00025,1e-05,False,,[],[],0.09141,0.47727,589,0.43384,0.53625,250,0.45289,COMPLETED
1385,20251118_232333,gaitpart_GREW.csv,Preset_2,MLP,42,256,"[128, 256, 384]",mean,minmax,64,3,128,silu,0.35,AdamW,,0.00025,1e-05,False,,[],[],0.07698,0.40909,398,0.3593,0.51251,203,0.39805,COMPLETED
1386,20251118_232333,gaitpart_OUMVLP.csv,Preset_2,MLP,42,256,"[128, 256, 384]",mean,minmax,64,3,128,silu,0.35,AdamW,,0.00025,1e-05,False,,[],[],0.07468,0.52273,412,0.44518,0.57778,155,0.39849,COMPLETED
1387,20251118_232333,gaitset.csv,Preset_2,MLP,42,256,"[128, 256, 384]",mean,minmax,64,3,128,silu,0.35,AdamW,,0.00025,1e-05,False,,[],[],0.08581,0.40909,606,0.40006,0.5235,420,0.34562,COMPLETED
1388,20251118_232333,gaitset_GREW.csv,Preset_2,MLP,42,256,"[128, 256, 384]",mean,minmax,64,3,128,silu,0.35,AdamW,,0.00025,1e-05,False,,[],[],0.09269,0.43182,542,0.36382,0.47475,311,0.299,COMPLETED
1389,20251118_232333,gaitset_OUMVLP.csv,Preset_2,MLP,42,256,"[128, 256, 384]",mean,minmax,64,3,128,silu,0.35,AdamW,,0.00025,1e-05,False,,[],[],0.08929,0.34091,513,0.26768,0.37018,260,0.36,COMPLETED
1390,20251118_232333,gln_phase1.csv,Preset_2,MLP,42,256,"[128, 256, 384]",mean,minmax,64,3,128,silu,0.35,AdamW,,0.00025,1e-05,False,,[],[],0.09194,0.45455,561,0.42901,0.48473,490,0.13402,COMPLETED
1391,20251118_232333,gln_phase2.csv,Preset_2,MLP,42,256,"[128, 256, 384]",mean,minmax,64,3,128,silu,0.35,AdamW,,0.00025,1e-05,False,,[],[],0.05932,0.5,387,0.46199,0.50861,280,0.25237,COMPLETED

1392,20251118_232333,baseline_CASIAB.csv,Preset_3,MLP,42,99,"[256, 320, 512]",max,L2,64,3,256,leakyrelu,0.3,AdamW,,0.00015,1e-05,True,0.9,[2],[3],0.05581,0.61364,90,0.43963,0.61311,78,0.18249,COMPLETED
1393,20251118_232333,baseline_OUMVLP.csv,Preset_3,MLP,42,92,"[256, 320, 512]",max,L2,64,3,256,leakyrelu,0.3,AdamW,,0.00015,1e-05,True,0.9,[2],[3],0.04909,0.5,126,0.41579,0.41579,126,0.04909,COMPLETED
1394,20251118_232333,gaitgl.csv,Preset_3,MLP,42,87,"[256, 320, 512]",max,L2,64,3,256,leakyrelu,0.3,AdamW,,0.00015,1e-05,True,0.9,[2],[3],0.03643,0.47727,96,0.45094,0.5331,82,0.17714,COMPLETED
1395,20251118_232333,gaitgl_GREW.csv,Preset_3,MLP,42,137,"[256, 320, 512]",max,L2,64,3,256,leakyrelu,0.3,AdamW,,0.00015,1e-05,True,0.9,[2],[3],0.0465,0.38636,62,0.32229,0.3551,47,0.35249,COMPLETED
1396,20251118_232333,gaitgl_GREW_BNNeck.csv,Preset_3,MLP,42,119,"[256, 320, 512]",max,L2,64,3,256,leakyrelu,0.3,AdamW,,0.00015,1e-05,True,0.9,[2],[3],0.07146,0.43182,75,0.36741,0.40914,51,0.43429,COMPLETED
1397,20251118_232333,gaitgl_OUMVLP.csv,Preset_3,MLP,42,89,"[256, 320, 512]",max,L2,64,3,256,leakyrelu,0.3,AdamW,,0.00015,1e-05,True,0.9,[2],[3],0.06159,0.47727,184,0.39879,0.46011,178,0.09472,COMPLETED
1398,20251118_232333,gaitpart_GREW.csv,Preset_3,MLP,42,118,"[256, 320, 512]",max,L2,64,3,256,leakyrelu,0.3,AdamW,,0.00015,1e-05,True,0.9,[2],[3],0.05719,0.40909,102,0.37809,0.48023,68,0.29758,COMPLETED
1399,20251118_232333,gaitpart_OUMVLP.csv,Preset_3,MLP,42,87,"[256, 320, 512]",max,L2,64,3,256,leakyrelu,0.3,AdamW,,0.00015,1e-05,True,0.9,[2],[3],0.06529,0.29545,216,0.26702,0.37908,153,0.41777,COMPLETED
1400,20251118_232333,gaitset.csv,Preset_3,MLP,42,98,"[256, 320, 512]",max,L2,64,3,256,leakyrelu,0.3,AdamW,,0.00015,1e-05,True,0.9,[2],[3],0.07855,0.45455,94,0.36918,0.40352,79,0.25985,COMPLETED
1401,20251118_232333,gaitset_GREW.csv,Preset_3,MLP,42,122,"[256, 320, 512]",max,L2,64,3,256,leakyrelu,0.3,AdamW,,0.00015,1e-05,True,0.9,[2],[3],0.04962,0.38636,105,0.29035,0.3537,104,0.05902,COMPLETED
1402,20251118_232333,gaitset_OUMVLP.csv,Preset_3,MLP,42,90,"[256, 320, 512]",max,L2,64,3,256,leakyrelu,0.3,AdamW,,0.00015,1e-05,True,0.9,[2],[3],0.07356,0.47727,306,0.40322,0.45743,224,0.40684,COMPLETED
1403,20251118_232333,gln_phase1.csv,Preset_3,MLP,42,94,"[256, 320, 512]",max,L2,64,3,256,leakyrelu,0.3,AdamW,,0.00015,1e-05,True,0.9,[2],[3],0.08173,0.38636,85,0.30631,0.43845,64,0.34858,COMPLETED
1404,20251118_232333,gln_phase2.csv,Preset_3,MLP,42,95,"[256, 320, 512]",max,L2,64,3,256,leakyrelu,0.3,AdamW,,0.00015,1e-05,True,0.9,[2],[3],0.08183,0.52273,104,0.42602,0.50346,80,0.40614,COMPLETED

1405,20251118_232333,baseline_CASIAB.csv,Preset_4,MLP,42,256,"[256, 384]",max,L2,128,2,256,silu,0.25,AdamW,,0.0003,1e-05,False,,[],[],0.32821,0.45455,2282,0.34473,0.48187,1289,0.49837,STOPPED
1406,20251118_232333,baseline_OUMVLP.csv,Preset_4,MLP,42,256,"[256, 384]",max,L2,128,2,256,silu,0.25,AdamW,,0.0003,1e-05,False,,[],[],0.34856,0.31818,3617,0.28008,0.37107,2659,0.4417,STOPPED
1407,20251118_232333,gaitgl.csv,Preset_4,MLP,42,128,"[256, 384]",max,L2,128,2,256,silu,0.25,AdamW,,0.0003,1e-05,False,,[],[],0.70016,0.56818,1890,0.5325,0.5325,1890,0.70016,STOPPED
1408,20251118_232333,gaitgl_GREW.csv,Preset_4,MLP,42,256,"[256, 384]",max,L2,128,2,256,silu,0.25,AdamW,,0.0003,1e-05,False,,[],[],0.08978,0.36364,2833,0.30833,0.37797,1466,0.38486,COMPLETED
1409,20251118_232333,gaitgl_GREW_BNNeck.csv,Preset_4,MLP,42,256,"[256, 384]",max,L2,128,2,256,silu,0.25,AdamW,,0.0003,1e-05,False,,[],[],0.09681,0.54545,2523,0.501,0.56589,880,0.45179,COMPLETED
1410,20251118_232333,gaitgl_OUMVLP.csv,Preset_4,MLP,42,256,"[256, 384]",max,L2,128,2,256,silu,0.25,AdamW,,0.0003,1e-05,False,,[],[],0.4445,0.52273,3819,0.39156,0.53599,3469,0.48955,STOPPED
1411,20251118_232333,gaitpart_GREW.csv,Preset_4,MLP,42,256,"[256, 384]",max,L2,128,2,256,silu,0.25,AdamW,,0.0003,1e-05,False,,[],[],0.09246,0.36364,4178,0.33104,0.47963,2512,0.30401,COMPLETED
1412,20251118_232333,gaitpart_OUMVLP.csv,Preset_4,MLP,42,256,"[256, 384]",max,L2,128,2,256,silu,0.25,AdamW,,0.0003,1e-05,False,,[],[],1.00847,0.47727,373,0.21538,0.21538,373,1.00847,STOPPED
1413,20251118_232333,gaitset.csv,Preset_4,MLP,42,256,"[256, 384]",max,L2,128,2,256,silu,0.25,AdamW,,0.0003,1e-05,False,,[],[],0.08436,0.34091,3756,0.30051,0.42835,1858,0.43305,COMPLETED
1414,20251118_232333,gaitset_GREW.csv,Preset_4,MLP,42,256,"[256, 384]",max,L2,128,2,256,silu,0.25,AdamW,,0.0003,1e-05,False,,[],[],0.09958,0.27273,4651,0.20416,0.34464,2193,0.34907,COMPLETED
1415,20251118_232333,gaitset_OUMVLP.csv,Preset_4,MLP,42,256,"[256, 384]",max,L2,128,2,256,silu,0.25,AdamW,,0.0003,1e-05,False,,[],[],1.00664,0.47727,130,0.21538,0.21538,130,1.00664,STOPPED
1416,20251118_232333,gln_phase1.csv,Preset_4,MLP,42,256,"[256, 384]",max,L2,128,2,256,silu,0.25,AdamW,,0.0003,1e-05,False,,[],[],0.27405,0.45455,3283,0.30857,0.38399,1488,0.47373,STOPPED
1417,20251118_232333,gln_phase2.csv,Preset_4,MLP,42,256,"[256, 384]",max,L2,128,2,256,silu,0.25,AdamW,,0.0003,1e-05,False,,[],[],0.27694,0.5,5000,0.34237,0.46184,1534,0.44445,COMPLETED

1418,20251118_232333,baseline_CASIAB.csv,Preset_5,MLP,42,256,"[384, 384, 384]",mean,nan,64,3,384,silu,0.35,AdamW,,0.00025,2e-05,False,,[],[2],0.07903,0.43182,330,0.36338,0.46748,252,0.20468,COMPLETED
1419,20251118_232333,baseline_OUMVLP.csv,Preset_5,MLP,42,256,"[384, 384, 384]",mean,nan,64,3,384,silu,0.35,AdamW,,0.00025,2e-05,False,,[],[2],0.0897,0.43182,488,0.39801,0.50553,321,0.30817,COMPLETED
1420,20251118_232333,gaitgl.csv,Preset_5,MLP,42,128,"[384, 384, 384]",mean,nan,64,3,384,silu,0.35,AdamW,,0.00025,2e-05,False,,[],[2],0.07999,0.47727,782,0.45756,0.4987,742,0.13039,COMPLETED
1421,20251118_232333,gaitgl_GREW.csv,Preset_5,MLP,42,256,"[384, 384, 384]",mean,nan,64,3,384,silu,0.35,AdamW,,0.00025,2e-05,False,,[],[2],0.07702,0.40909,320,0.31389,0.40754,139,0.48692,COMPLETED
1422,20251118_232333,gaitgl_GREW_BNNeck.csv,Preset_5,MLP,42,256,"[384, 384, 384]",mean,nan,64,3,384,silu,0.35,AdamW,,0.00025,2e-05,False,,[],[2],0.089,0.38636,652,0.29367,0.43394,403,0.47245,COMPLETED
1423,20251118_232333,gaitgl_OUMVLP.csv,Preset_5,MLP,42,256,"[384, 384, 384]",mean,nan,64,3,384,silu,0.35,AdamW,,0.00025,2e-05,False,,[],[2],0.0809,0.40909,1580,0.35887,0.5547,750,0.38915,COMPLETED
1424,20251118_232333,gaitpart_GREW.csv,Preset_5,MLP,42,256,"[384, 384, 384]",mean,nan,64,3,384,silu,0.35,AdamW,,0.00025,2e-05,False,,[],[2],0.07951,0.43182,507,0.40362,0.48964,212,0.45192,COMPLETED
1425,20251118_232333,gaitpart_OUMVLP.csv,Preset_5,MLP,42,256,"[384, 384, 384]",mean,nan,64,3,384,silu,0.35,AdamW,,0.00025,2e-05,False,,[],[2],0.09524,0.45455,1240,0.36068,0.51667,314,0.45848,COMPLETED
1426,20251118_232333,gaitset.csv,Preset_5,MLP,42,256,"[384, 384, 384]",mean,nan,64,3,384,silu,0.35,AdamW,,0.00025,2e-05,False,,[],[2],0.08359,0.54545,535,0.52701,0.52701,464,0.13548,COMPLETED
1427,20251118_232333,gaitset_GREW.csv,Preset_5,MLP,42,256,"[384, 384, 384]",mean,nan,64,3,384,silu,0.35,AdamW,,0.00025,2e-05,False,,[],[2],0.06236,0.38636,723,0.33382,0.43333,369,0.37804,COMPLETED
1428,20251118_232333,gaitset_OUMVLP.csv,Preset_5,MLP,42,256,"[384, 384, 384]",mean,nan,64,3,384,silu,0.35,AdamW,,0.00025,2e-05,False,,[],[2],0.07638,0.38636,1213,0.27433,0.45079,958,0.20225,COMPLETED
1429,20251118_232333,gln_phase1.csv,Preset_5,MLP,42,256,"[384, 384, 384]",mean,nan,64,3,384,silu,0.35,AdamW,,0.00025,2e-05,False,,[],[2],0.07335,0.43182,510,0.36591,0.45971,257,0.43096,COMPLETED
1430,20251118_232333,gln_phase2.csv,Preset_5,MLP,42,256,"[384, 384, 384]",mean,nan,64,3,384,silu,0.35,AdamW,,0.00025,2e-05,False,,[],[2],0.0814,0.43182,296,0.39484,0.47776,235,0.24241,COMPLETED

1431,20251118_232333,baseline_CASIAB.csv,Preset_6,MLP,42,256,"[512, 256, 512]",max,minmax,96,3,512,gelu,0.3,AdamW,,0.0002,1e-05,False,,[],[],0.08578,0.34091,449,0.25269,0.45324,240,0.43165,COMPLETED
1432,20251118_232333,baseline_OUMVLP.csv,Preset_6,MLP,42,256,"[512, 256, 512]",max,minmax,96,3,512,gelu,0.3,AdamW,,0.0002,1e-05,False,,[],[],0.06209,0.38636,515,0.33796,0.35621,508,0.12717,COMPLETED
1433,20251118_232333,gaitgl.csv,Preset_6,MLP,42,128,"[512, 256, 512]",max,minmax,96,3,512,gelu,0.3,AdamW,,0.0002,1e-05,False,,[],[],0.08682,0.43182,828,0.42551,0.54612,573,0.39422,COMPLETED
1434,20251118_232333,gaitgl_GREW.csv,Preset_6,MLP,42,256,"[512, 256, 512]",max,minmax,96,3,512,gelu,0.3,AdamW,,0.0002,1e-05,False,,[],[],0.09057,0.34091,261,0.26875,0.32314,136,0.4009,COMPLETED
1435,20251118_232333,gaitgl_GREW_BNNeck.csv,Preset_6,MLP,42,256,"[512, 256, 512]",max,minmax,96,3,512,gelu,0.3,AdamW,,0.0002,1e-05,False,,[],[],0.09524,0.59091,305,0.52709,0.5625,282,0.14546,COMPLETED
1436,20251118_232333,gaitgl_OUMVLP.csv,Preset_6,MLP,42,256,"[512, 256, 512]",max,minmax,96,3,512,gelu,0.3,AdamW,,0.0002,1e-05,False,,[],[],0.07261,0.5,715,0.42063,0.54291,293,0.48756,COMPLETED
1437,20251118_232333,gaitpart_GREW.csv,Preset_6,MLP,42,256,"[512, 256, 512]",max,minmax,96,3,512,gelu,0.3,AdamW,,0.0002,1e-05,False,,[],[],0.06443,0.38636,343,0.35714,0.42204,251,0.21306,COMPLETED
1438,20251118_232333,gaitpart_OUMVLP.csv,Preset_6,MLP,42,256,"[512, 256, 512]",max,minmax,96,3,512,gelu,0.3,AdamW,,0.0002,1e-05,False,,[],[],0.08761,0.52273,617,0.4417,0.53251,435,0.30828,COMPLETED
1439,20251118_232333,gaitset.csv,Preset_6,MLP,42,256,"[512, 256, 512]",max,minmax,96,3,512,gelu,0.3,AdamW,,0.0002,1e-05,False,,[],[],0.08152,0.36364,380,0.3167,0.43225,208,0.43041,COMPLETED
1440,20251118_232333,gaitset_GREW.csv,Preset_6,MLP,42,256,"[512, 256, 512]",max,minmax,96,3,512,gelu,0.3,AdamW,,0.0002,1e-05,False,,[],[],0.09229,0.36364,384,0.26359,0.34722,292,0.21205,COMPLETED
1441,20251118_232333,gaitset_OUMVLP.csv,Preset_6,MLP,42,256,"[512, 256, 512]",max,minmax,96,3,512,gelu,0.3,AdamW,,0.0002,1e-05,False,,[],[],0.06303,0.45455,896,0.4,0.43761,833,0.15719,COMPLETED
1442,20251118_232333,gln_phase1.csv,Preset_6,MLP,42,256,"[512, 256, 512]",max,minmax,96,3,512,gelu,0.3,AdamW,,0.0002,1e-05,False,,[],[],0.05565,0.45455,438,0.30439,0.39858,295,0.39782,COMPLETED
1443,20251118_232333,gln_phase2.csv,Preset_6,MLP,42,256,"[512, 256, 512]",max,minmax,96,3,512,gelu,0.3,AdamW,,0.0002,1e-05,False,,[],[],0.09413,0.43182,462,0.31818,0.40864,208,0.41493,COMPLETED

1444,20251118_232333,baseline_CASIAB.csv,Preset_7,MLP,42,256,"[384, 512, 768]",mean,nan,48,3,384,silu,0.3,AdamW,,0.00015,1e-05,False,,[],[],0.09402,0.43182,306,0.38817,0.48496,292,0.18314,COMPLETED
1445,20251118_232333,baseline_OUMVLP.csv,Preset_7,MLP,42,256,"[384, 512, 768]",mean,nan,48,3,384,silu,0.3,AdamW,,0.00015,1e-05,False,,[],[],0.09306,0.56818,393,0.50007,0.52795,372,0.11341,COMPLETED
1446,20251118_232333,gaitgl.csv,Preset_7,MLP,42,128,"[384, 512, 768]",mean,nan,48,3,384,silu,0.3,AdamW,,0.00015,1e-05,False,,[],[],0.08069,0.40909,771,0.38958,0.4573,735,0.12035,COMPLETED
1447,20251118_232333,gaitgl_GREW.csv,Preset_7,MLP,42,256,"[384, 512, 768]",mean,nan,48,3,384,silu,0.3,AdamW,,0.00015,1e-05,False,,[],[],0.05351,0.38636,229,0.29554,0.40317,110,0.33233,COMPLETED
1448,20251118_232333,gaitgl_GREW_BNNeck.csv,Preset_7,MLP,42,256,"[384, 512, 768]",mean,nan,48,3,384,silu,0.3,AdamW,,0.00015,1e-05,False,,[],[],0.07445,0.34091,605,0.26453,0.37075,440,0.29553,COMPLETED
1449,20251118_232333,gaitgl_OUMVLP.csv,Preset_7,MLP,42,256,"[384, 512, 768]",mean,nan,48,3,384,silu,0.3,AdamW,,0.00015,1e-05,False,,[],[],0.20753,0.40909,760,0.35642,0.49182,714,0.32755,STOPPED
1450,20251118_232333,gaitpart_GREW.csv,Preset_7,MLP,42,256,"[384, 512, 768]",mean,nan,48,3,384,silu,0.3,AdamW,,0.00015,1e-05,False,,[],[],0.09066,0.43182,424,0.38229,0.5131,220,0.39727,COMPLETED
1451,20251118_232333,gaitpart_OUMVLP.csv,Preset_7,MLP,42,256,"[384, 512, 768]",mean,nan,48,3,384,silu,0.3,AdamW,,0.00015,1e-05,False,,[],[],0.09806,0.43182,888,0.33333,0.5602,260,0.46453,COMPLETED
1452,20251118_232333,gaitset.csv,Preset_7,MLP,42,256,"[384, 512, 768]",mean,nan,48,3,384,silu,0.3,AdamW,,0.00015,1e-05,False,,[],[],0.09917,0.47727,443,0.4832,0.51251,431,0.13427,COMPLETED
1453,20251118_232333,gaitset_GREW.csv,Preset_7,MLP,42,256,"[384, 512, 768]",mean,nan,48,3,384,silu,0.3,AdamW,,0.00015,1e-05,False,,[],[],0.08845,0.40909,648,0.34899,0.42174,411,0.34396,COMPLETED
1454,20251118_232333,gaitset_OUMVLP.csv,Preset_7,MLP,42,256,"[384, 512, 768]",mean,nan,48,3,384,silu,0.3,AdamW,,0.00015,1e-05,False,,[],[],0.08572,0.36364,878,0.28401,0.47164,322,0.4598,COMPLETED
1455,20251118_232333,gln_phase1.csv,Preset_7,MLP,42,256,"[384, 512, 768]",mean,nan,48,3,384,silu,0.3,AdamW,,0.00015,1e-05,False,,[],[],0.08977,0.40909,424,0.34441,0.47944,206,0.47906,COMPLETED
1456,20251118_232333,gln_phase2.csv,Preset_7,MLP,42,256,"[384, 512, 768]",mean,nan,48,3,384,silu,0.3,AdamW,,0.00015,1e-05,False,,[],[],0.08415,0.45455,277,0.38943,0.46674,175,0.36047,COMPLETED

1457,20251118_232333,baseline_CASIAB.csv,Preset_8,MLP,42,256,"[448, 512, 640]",max,L2,32,3,448,gelu,0.45,AdamW,,0.00025,2e-05,False,,[],[],0.08085,0.40909,737,0.35014,0.45628,198,0.47476,COMPLETED
1458,20251118_232333,baseline_OUMVLP.csv,Preset_8,MLP,42,256,"[448, 512, 640]",max,L2,32,3,448,gelu,0.45,AdamW,,0.00025,2e-05,False,,[],[],0.0905,0.38636,1227,0.33674,0.37115,419,0.46198,COMPLETED
1459,20251118_232333,gaitgl.csv,Preset_8,MLP,42,128,"[448, 512, 640]",max,L2,32,3,448,gelu,0.45,AdamW,,0.00025,2e-05,False,,[],[],0.07723,0.43182,817,0.39925,0.50348,589,0.26653,COMPLETED
1460,20251118_232333,gaitgl_GREW.csv,Preset_8,MLP,42,256,"[448, 512, 640]",max,L2,32,3,448,gelu,0.45,AdamW,,0.00025,2e-05,False,,[],[],0.06613,0.36364,387,0.31159,0.35726,127,0.48579,COMPLETED
1461,20251118_232333,gaitgl_GREW_BNNeck.csv,Preset_8,MLP,42,256,"[448, 512, 640]",max,L2,32,3,448,gelu,0.45,AdamW,,0.00025,2e-05,False,,[],[],0.08664,0.40909,311,0.34622,0.56522,127,0.49617,COMPLETED
1462,20251118_232333,gaitgl_OUMVLP.csv,Preset_8,MLP,42,256,"[448, 512, 640]",max,L2,32,3,448,gelu,0.45,AdamW,,0.00025,2e-05,False,,[],[],0.07519,0.5,1875,0.45391,0.52262,593,0.48402,COMPLETED
1463,20251118_232333,gaitpart_GREW.csv,Preset_8,MLP,42,256,"[448, 512, 640]",max,L2,32,3,448,gelu,0.45,AdamW,,0.00025,2e-05,False,,[],[],0.09621,0.36364,676,0.34268,0.46111,428,0.2684,COMPLETED
1464,20251118_232333,gaitpart_OUMVLP.csv,Preset_8,MLP,42,256,"[448, 512, 640]",max,L2,32,3,448,gelu,0.45,AdamW,,0.00025,2e-05,False,,[],[],0.57657,0.56818,1532,0.47328,0.49984,1082,0.47338,STOPPED
1465,20251118_232333,gaitset.csv,Preset_8,MLP,42,256,"[448, 512, 640]",max,L2,32,3,448,gelu,0.45,AdamW,,0.00025,2e-05,False,,[],[],0.05642,0.34091,647,0.30051,0.43834,207,0.49089,COMPLETED
1466,20251118_232333,gaitset_GREW.csv,Preset_8,MLP,42,256,"[448, 512, 640]",max,L2,32,3,448,gelu,0.45,AdamW,,0.00025,2e-05,False,,[],[],0.08421,0.31818,656,0.24202,0.33198,372,0.40842,COMPLETED
1467,20251118_232333,gaitset_OUMVLP.csv,Preset_8,MLP,42,256,"[448, 512, 640]",max,L2,32,3,448,gelu,0.45,AdamW,,0.00025,2e-05,False,,[],[],0.53325,0.43182,1581,0.37094,0.46113,1498,0.47028,STOPPED
1468,20251118_232333,gln_phase1.csv,Preset_8,MLP,42,256,"[448, 512, 640]",max,L2,32,3,448,gelu,0.45,AdamW,,0.00025,2e-05,False,,[],[],0.06593,0.45455,859,0.32313,0.39438,266,0.46629,COMPLETED
1469,20251118_232333,gln_phase2.csv,Preset_8,MLP,42,256,"[448, 512, 640]",max,L2,32,3,448,gelu,0.45,AdamW,,0.00025,2e-05,False,,[],[],0.0742,0.43182,860,0.36364,0.4375,489,0.29274,COMPLETED

1470,20251118_232333,baseline_CASIAB.csv,Preset_9,MLP,42,63,"[512, 640, 512]",mean,minmax,128,3,512,silu,0.3,AdamW,,0.0002,5e-06,True,0.85,[2],[],0.07171,0.54545,64,0.45445,0.46373,35,0.42152,COMPLETED
1471,20251118_232333,baseline_OUMVLP.csv,Preset_9,MLP,42,61,"[512, 640, 512]",mean,minmax,128,3,512,silu,0.3,AdamW,,0.0002,5e-06,True,0.85,[2],[],0.07403,0.59091,68,0.49116,0.53202,32,0.41929,COMPLETED
1472,20251118_232333,gaitgl.csv,Preset_9,MLP,42,45,"[512, 640, 512]",mean,minmax,128,3,512,silu,0.3,AdamW,,0.0002,5e-06,True,0.85,[2],[],0.06346,0.45455,102,0.33804,0.50631,51,0.47906,COMPLETED
1473,20251118_232333,gaitgl_GREW.csv,Preset_9,MLP,42,87,"[512, 640, 512]",mean,minmax,128,3,512,silu,0.3,AdamW,,0.0002,5e-06,True,0.85,[2],[],0.06249,0.47727,68,0.33679,0.44733,58,0.14848,COMPLETED
1474,20251118_232333,gaitgl_GREW_BNNeck.csv,Preset_9,MLP,42,80,"[512, 640, 512]",mean,minmax,128,3,512,silu,0.3,AdamW,,0.0002,5e-06,True,0.85,[2],[],0.07258,0.5,60,0.44353,0.48291,41,0.31294,COMPLETED
1475,20251118_232333,gaitgl_OUMVLP.csv,Preset_9,MLP,42,54,"[512, 640, 512]",mean,minmax,128,3,512,silu,0.3,AdamW,,0.0002,5e-06,True,0.85,[2],[],0.09472,0.43182,97,0.37172,0.55714,71,0.19697,COMPLETED
1476,20251118_232333,gaitpart_GREW.csv,Preset_9,MLP,42,86,"[512, 640, 512]",mean,minmax,128,3,512,silu,0.3,AdamW,,0.0002,5e-06,True,0.85,[2],[],0.06145,0.47727,54,0.39471,0.46892,36,0.27482,COMPLETED
1477,20251118_232333,gaitpart_OUMVLP.csv,Preset_9,MLP,42,74,"[512, 640, 512]",mean,minmax,128,3,512,silu,0.3,AdamW,,0.0002,5e-06,True,0.85,[2],[],0.08406,0.56818,55,0.47132,0.5619,23,0.45722,COMPLETED
1478,20251118_232333,gaitset.csv,Preset_9,MLP,42,53,"[512, 640, 512]",mean,minmax,128,3,512,silu,0.3,AdamW,,0.0002,5e-06,True,0.85,[2],[],0.06615,0.40909,79,0.35201,0.40526,74,0.10105,COMPLETED
1479,20251118_232333,gaitset_GREW.csv,Preset_9,MLP,42,89,"[512, 640, 512]",mean,minmax,128,3,512,silu,0.3,AdamW,,0.0002,5e-06,True,0.85,[2],[],0.06615,0.45455,57,0.31954,0.37324,47,0.16634,COMPLETED
1480,20251118_232333,gaitset_OUMVLP.csv,Preset_9,MLP,42,71,"[512, 640, 512]",mean,minmax,128,3,512,silu,0.3,AdamW,,0.0002,5e-06,True,0.85,[2],[],0.07255,0.5,64,0.36525,0.45516,52,0.16203,COMPLETED
1481,20251118_232333,gln_phase1.csv,Preset_9,MLP,42,68,"[512, 640, 512]",mean,minmax,128,3,512,silu,0.3,AdamW,,0.0002,5e-06,True,0.85,[2],[],0.06297,0.52273,68,0.4407,0.52957,54,0.17732,COMPLETED
1482,20251118_232333,gln_phase2.csv,Preset_9,MLP,42,73,"[512, 640, 512]",mean,minmax,128,3,512,silu,0.3,AdamW,,0.0002,5e-06,True,0.85,[2],[],0.06858,0.47727,66,0.40833,0.47179,32,0.40454,COMPLETED

1483,20251118_232333,baseline_CASIAB.csv,Preset_10,MLP,42,256,"[384, 512, 512, 384]",max,L2,64,4,384,leakyrelu,0.4,AdamW,,0.0003,1e-05,False,,[],[2],0.05867,0.5,818,0.40691,0.47156,516,0.47608,COMPLETED
1484,20251118_232333,baseline_OUMVLP.csv,Preset_10,MLP,42,256,"[384, 512, 512, 384]",max,L2,64,4,384,leakyrelu,0.4,AdamW,,0.0003,1e-05,False,,[],[2],0.07762,0.38636,1323,0.30757,0.4096,1164,0.19583,COMPLETED
1485,20251118_232333,gaitgl.csv,Preset_10,MLP,42,128,"[384, 512, 512, 384]",max,L2,64,4,384,leakyrelu,0.4,AdamW,,0.0003,1e-05,False,,[],[2],0.06968,0.52273,484,0.47132,0.57071,413,0.28364,COMPLETED
1486,20251118_232333,gaitgl_GREW.csv,Preset_10,MLP,42,256,"[384, 512, 512, 384]",max,L2,64,4,384,leakyrelu,0.4,AdamW,,0.0003,1e-05,False,,[],[2],0.07728,0.38636,546,0.32603,0.39276,446,0.43416,COMPLETED
1487,20251118_232333,gaitgl_GREW_BNNeck.csv,Preset_10,MLP,42,256,"[384, 512, 512, 384]",max,L2,64,4,384,leakyrelu,0.4,AdamW,,0.0003,1e-05,False,,[],[2],0.07873,0.40909,461,0.34699,0.57127,296,0.44546,COMPLETED
1488,20251118_232333,gaitgl_OUMVLP.csv,Preset_10,MLP,42,256,"[384, 512, 512, 384]",max,L2,64,4,384,leakyrelu,0.4,AdamW,,0.0003,1e-05,False,,[],[2],0.60778,0.5,2251,0.37456,0.56068,1708,0.46309,STOPPED
1489,20251118_232333,gaitpart_GREW.csv,Preset_10,MLP,42,256,"[384, 512, 512, 384]",max,L2,64,4,384,leakyrelu,0.4,AdamW,,0.0003,1e-05,False,,[],[2],0.07963,0.31818,1106,0.26461,0.46753,490,0.48155,COMPLETED
1490,20251118_232333,gaitpart_OUMVLP.csv,Preset_10,MLP,42,256,"[384, 512, 512, 384]",max,L2,64,4,384,leakyrelu,0.4,AdamW,,0.0003,1e-05,False,,[],[2],1.00686,0.47727,182,0.21538,0.21538,182,1.00686,STOPPED
1491,20251118_232333,gaitset.csv,Preset_10,MLP,42,256,"[384, 512, 512, 384]",max,L2,64,4,384,leakyrelu,0.4,AdamW,,0.0003,1e-05,False,,[],[2],0.08548,0.40909,691,0.34956,0.44211,418,0.48657,COMPLETED
1492,20251118_232333,gaitset_GREW.csv,Preset_10,MLP,42,256,"[384, 512, 512, 384]",max,L2,64,4,384,leakyrelu,0.4,AdamW,,0.0003,1e-05,False,,[],[2],0.18216,0.34091,1373,0.25445,0.38283,1078,0.33717,STOPPED
1493,20251118_232333,gaitset_OUMVLP.csv,Preset_10,MLP,42,256,"[384, 512, 512, 384]",max,L2,64,4,384,leakyrelu,0.4,AdamW,,0.0003,1e-05,False,,[],[2],1.0057,0.47727,143,0.21538,0.21538,143,1.0057,STOPPED
1494,20251118_232333,gln_phase1.csv,Preset_10,MLP,42,256,"[384, 512, 512, 384]",max,L2,64,4,384,leakyrelu,0.4,AdamW,,0.0003,1e-05,False,,[],[2],0.47619,0.31818,704,0.24706,0.3669,605,0.37297,STOPPED
1495,20251118_232333,gln_phase2.csv,Preset_10,MLP,42,256,"[384, 512, 512, 384]",max,L2,64,4,384,leakyrelu,0.4,AdamW,,0.0003,1e-05,False,,[],[2],0.0801,0.40909,1190,0.40522,0.51933,770,0.3544,COMPLETED

1496,20251118_232333,baseline_CASIAB.csv,Preset_11,MLP,42,256,"[512, 512, 768]",mean,L2,96,3,512,gelu,0.35,AdamW,,0.00018,1e-05,False,,[],[],0.07856,0.47727,419,0.42379,0.48176,323,0.32769,COMPLETED
1497,20251118_232333,baseline_OUMVLP.csv,Preset_11,MLP,42,256,"[512, 512, 768]",mean,L2,96,3,512,gelu,0.35,AdamW,,0.00018,1e-05,False,,[],[],0.07706,0.52273,654,0.49848,0.53535,592,0.13097,COMPLETED
1498,20251118_232333,gaitgl.csv,Preset_11,MLP,42,128,"[512, 512, 768]",mean,L2,96,3,512,gelu,0.35,AdamW,,0.00018,1e-05,False,,[],[],0.09144,0.43182,1692,0.41809,0.47083,1504,0.21203,COMPLETED
1499,20251118_232333,gaitgl_GREW.csv,Preset_11,MLP,42,256,"[512, 512, 768]",mean,L2,96,3,512,gelu,0.35,AdamW,,0.00018,1e-05,False,,[],[],0.08215,0.36364,677,0.2911,0.40974,490,0.23315,COMPLETED
1500,20251118_232333,gaitgl_GREW_BNNeck.csv,Preset_11,MLP,42,256,"[512, 512, 768]",mean,L2,96,3,512,gelu,0.35,AdamW,,0.00018,1e-05,False,,[],[],0.07203,0.36364,443,0.28427,0.3499,403,0.28194,COMPLETED
1501,20251118_232333,gaitgl_OUMVLP.csv,Preset_11,MLP,42,256,"[512, 512, 768]",mean,L2,96,3,512,gelu,0.35,AdamW,,0.00018,1e-05,False,,[],[],0.51572,0.45455,2311,0.3246,0.53153,1396,0.44984,STOPPED
1502,20251118_232333,gaitpart_GREW.csv,Preset_11,MLP,42,256,"[512, 512, 768]",mean,L2,96,3,512,gelu,0.35,AdamW,,0.00018,1e-05,False,,[],[],0.07903,0.47727,640,0.43861,0.50667,435,0.34663,COMPLETED
1503,20251118_232333,gaitpart_OUMVLP.csv,Preset_11,MLP,42,256,"[512, 512, 768]",mean,L2,96,3,512,gelu,0.35,AdamW,,0.00018,1e-05,False,,[],[],0.1506,0.38636,1734,0.3418,0.60594,565,0.49331,STOPPED
1504,20251118_232333,gaitset.csv,Preset_11,MLP,42,256,"[512, 512, 768]",mean,L2,96,3,512,gelu,0.35,AdamW,,0.00018,1e-05,False,,[],[],0.09964,0.5,515,0.46051,0.51251,500,0.12138,COMPLETED
1505,20251118_232333,gaitset_GREW.csv,Preset_11,MLP,42,256,"[512, 512, 768]",mean,L2,96,3,512,gelu,0.35,AdamW,,0.00018,1e-05,False,,[],[],0.08279,0.36364,725,0.27302,0.38605,393,0.29656,COMPLETED
1506,20251118_232333,gaitset_OUMVLP.csv,Preset_11,MLP,42,256,"[512, 512, 768]",mean,L2,96,3,512,gelu,0.35,AdamW,,0.00018,1e-05,False,,[],[],0.09066,0.40909,1888,0.30908,0.46261,698,0.48056,COMPLETED
1507,20251118_232333,gln_phase1.csv,Preset_11,MLP,42,256,"[512, 512, 768]",mean,L2,96,3,512,gelu,0.35,AdamW,,0.00018,1e-05,False,,[],[],0.0796,0.43182,579,0.36591,0.49231,226,0.48543,COMPLETED
1508,20251118_232333,gln_phase2.csv,Preset_11,MLP,42,256,"[512, 512, 768]",mean,L2,96,3,512,gelu,0.35,AdamW,,0.00018,1e-05,False,,[],[],0.07094,0.40909,358,0.37905,0.46131,335,0.11792,COMPLETED

1509,20251118_232333,baseline_CASIAB.csv,Preset_12,MLP,42,256,"[384, 640, 768]",mean,L2,128,3,384,gelu,0.25,AdamW,,0.0002,5e-06,False,,[],[],0.07943,0.5,596,0.4135,0.49388,515,0.16113,COMPLETED
1510,20251118_232333,baseline_OUMVLP.csv,Preset_12,MLP,42,256,"[384, 640, 768]",mean,L2,128,3,384,gelu,0.25,AdamW,,0.0002,5e-06,False,,[],[],0.08994,0.47727,903,0.43726,0.53157,805,0.31808,COMPLETED
1511,20251118_232333,gaitgl.csv,Preset_12,MLP,42,128,"[384, 640, 768]",mean,L2,128,3,384,gelu,0.25,AdamW,,0.0002,5e-06,False,,[],[],0.08363,0.45455,1939,0.38416,0.47558,1587,0.2897,COMPLETED
1512,20251118_232333,gaitgl_GREW.csv,Preset_12,MLP,42,256,"[384, 640, 768]",mean,L2,128,3,384,gelu,0.25,AdamW,,0.0002,5e-06,False,,[],[],0.08734,0.40909,1006,0.32353,0.45765,636,0.27634,COMPLETED
1513,20251118_232333,gaitgl_GREW_BNNeck.csv,Preset_12,MLP,42,256,"[384, 640, 768]",mean,L2,128,3,384,gelu,0.25,AdamW,,0.0002,5e-06,False,,[],[],0.08307,0.36364,590,0.28537,0.3615,312,0.39401,COMPLETED
1514,20251118_232333,gaitgl_OUMVLP.csv,Preset_12,MLP,42,256,"[384, 640, 768]",mean,L2,128,3,384,gelu,0.25,AdamW,,0.0002,5e-06,False,,[],[],0.40126,0.54545,2255,0.46081,0.54793,1843,0.42761,STOPPED
1515,20251118_232333,gaitpart_GREW.csv,Preset_12,MLP,42,256,"[384, 640, 768]",mean,L2,128,3,384,gelu,0.25,AdamW,,0.0002,5e-06,False,,[],[],0.0762,0.52273,922,0.49298,0.51402,724,0.16841,COMPLETED
1516,20251118_232333,gaitpart_OUMVLP.csv,Preset_12,MLP,42,256,"[384, 640, 768]",mean,L2,128,3,384,gelu,0.25,AdamW,,0.0002,5e-06,False,,[],[],0.37289,0.5,1638,0.39015,0.5887,819,0.44235,STOPPED
1517,20251118_232333,gaitset.csv,Preset_12,MLP,42,256,"[384, 640, 768]",mean,L2,128,3,384,gelu,0.25,AdamW,,0.0002,5e-06,False,,[],[],0.09204,0.5,722,0.42693,0.52864,658,0.13661,COMPLETED
1518,20251118_232333,gaitset_GREW.csv,Preset_12,MLP,42,256,"[384, 640, 768]",mean,L2,128,3,384,gelu,0.25,AdamW,,0.0002,5e-06,False,,[],[],0.06241,0.38636,1089,0.29223,0.46011,487,0.3711,COMPLETED
1519,20251118_232333,gaitset_OUMVLP.csv,Preset_12,MLP,42,256,"[384, 640, 768]",mean,L2,128,3,384,gelu,0.25,AdamW,,0.0002,5e-06,False,,[],[],0.23501,0.40909,2008,0.29054,0.43362,879,0.47223,STOPPED
1520,20251118_232333,gln_phase1.csv,Preset_12,MLP,42,256,"[384, 640, 768]",mean,L2,128,3,384,gelu,0.25,AdamW,,0.0002,5e-06,False,,[],[],0.08252,0.40909,824,0.35109,0.46566,555,0.28948,COMPLETED
1521,20251118_232333,gln_phase2.csv,Preset_12,MLP,42,256,"[384, 640, 768]",mean,L2,128,3,384,gelu,0.25,AdamW,,0.0002,5e-06,False,,[],[],0.08697,0.43182,473,0.40456,0.45818,256,0.34592,COMPLETED

1522,20251118_232333,baseline_CASIAB.csv,Preset_13,MLP,42,256,"[512, 1024, 768, 512]",mean,minmax,64,4,512,silu,0.4,AdamW,,0.00025,1e-05,False,,[],[],0.07608,0.56818,324,0.52817,0.58413,313,0.14906,COMPLETED
1523,20251118_232333,baseline_OUMVLP.csv,Preset_13,MLP,42,256,"[512, 1024, 768, 512]",mean,minmax,64,4,512,silu,0.4,AdamW,,0.00025,1e-05,False,,[],[],0.05737,0.54545,346,0.52707,0.57809,252,0.32061,COMPLETED
1524,20251118_232333,gaitgl.csv,Preset_13,MLP,42,128,"[512, 1024, 768, 512]",mean,minmax,64,4,512,silu,0.4,AdamW,,0.00025,1e-05,False,,[],[],0.06468,0.5,395,0.47456,0.51952,287,0.38921,COMPLETED
1525,20251118_232333,gaitgl_GREW.csv,Preset_13,MLP,42,256,"[512, 1024, 768, 512]",mean,minmax,64,4,512,silu,0.4,AdamW,,0.00025,1e-05,False,,[],[],0.06535,0.45455,263,0.35711,0.40313,105,0.45194,COMPLETED
1526,20251118_232333,gaitgl_GREW_BNNeck.csv,Preset_13,MLP,42,256,"[512, 1024, 768, 512]",mean,minmax,64,4,512,silu,0.4,AdamW,,0.00025,1e-05,False,,[],[],0.06352,0.34091,270,0.25604,0.3747,113,0.44644,COMPLETED
1527,20251118_232333,gaitgl_OUMVLP.csv,Preset_13,MLP,42,256,"[512, 1024, 768, 512]",mean,minmax,64,4,512,silu,0.4,AdamW,,0.00025,1e-05,False,,[],[],0.05044,0.36364,299,0.3394,0.50997,167,0.49599,COMPLETED
1528,20251118_232333,gaitpart_GREW.csv,Preset_13,MLP,42,256,"[512, 1024, 768, 512]",mean,minmax,64,4,512,silu,0.4,AdamW,,0.00025,1e-05,False,,[],[],0.06734,0.45455,237,0.40011,0.50748,93,0.36651,COMPLETED
1529,20251118_232333,gaitpart_OUMVLP.csv,Preset_13,MLP,42,256,"[512, 1024, 768, 512]",mean,minmax,64,4,512,silu,0.4,AdamW,,0.00025,1e-05,False,,[],[],0.05316,0.47727,274,0.37494,0.47802,96,0.38734,COMPLETED
1530,20251118_232333,gaitset.csv,Preset_13,MLP,42,256,"[512, 1024, 768, 512]",mean,minmax,64,4,512,silu,0.4,AdamW,,0.00025,1e-05,False,,[],[],0.07719,0.45455,334,0.45046,0.4806,225,0.38491,COMPLETED
1531,20251118_232333,gaitset_GREW.csv,Preset_13,MLP,42,256,"[512, 1024, 768, 512]",mean,minmax,64,4,512,silu,0.4,AdamW,,0.00025,1e-05,False,,[],[],0.0417,0.5,230,0.41394,0.4153,195,0.22164,COMPLETED
1532,20251118_232333,gaitset_OUMVLP.csv,Preset_13,MLP,42,256,"[512, 1024, 768, 512]",mean,minmax,64,4,512,silu,0.4,AdamW,,0.00025,1e-05,False,,[],[],0.05325,0.34091,277,0.27961,0.44105,122,0.41367,COMPLETED
1533,20251118_232333,gln_phase1.csv,Preset_13,MLP,42,256,"[512, 1024, 768, 512]",mean,minmax,64,4,512,silu,0.4,AdamW,,0.00025,1e-05,False,,[],[],0.09583,0.56818,252,0.4792,0.55,195,0.26963,COMPLETED
1534,20251118_232333,gln_phase2.csv,Preset_13,MLP,42,256,"[512, 1024, 768, 512]",mean,minmax,64,4,512,silu,0.4,AdamW,,0.00025,1e-05,False,,[],[],0.082,0.54545,231,0.49642,0.49899,208,0.28274,COMPLETED

1535,20251118_232333,baseline_CASIAB.csv,Preset_14,MLP,42,256,"[768, 1024, 1024]",max,minmax,96,3,768,gelu,0.3,AdamW,,0.00015,1e-05,False,,[],[],0.09985,0.45455,385,0.35977,0.45615,180,0.37164,COMPLETED
1536,20251118_232333,baseline_OUMVLP.csv,Preset_14,MLP,42,256,"[768, 1024, 1024]",max,minmax,96,3,768,gelu,0.3,AdamW,,0.00015,1e-05,False,,[],[],0.07247,0.36364,370,0.31059,0.33591,353,0.38374,COMPLETED
1537,20251118_232333,gaitgl.csv,Preset_14,MLP,42,128,"[768, 1024, 1024]",max,minmax,96,3,768,gelu,0.3,AdamW,,0.00015,1e-05,False,,[],[],0.06731,0.40909,564,0.40064,0.53328,407,0.38717,COMPLETED
1538,20251118_232333,gaitgl_GREW.csv,Preset_14,MLP,42,256,"[768, 1024, 1024]",max,minmax,96,3,768,gelu,0.3,AdamW,,0.00015,1e-05,False,,[],[],0.06482,0.34091,217,0.28169,0.38164,88,0.44003,COMPLETED
1539,20251118_232333,gaitgl_GREW_BNNeck.csv,Preset_14,MLP,42,256,"[768, 1024, 1024]",max,minmax,96,3,768,gelu,0.3,AdamW,,0.00015,1e-05,False,,[],[],0.08669,0.5,232,0.44709,0.5339,118,0.47889,COMPLETED
1540,20251118_232333,gaitgl_OUMVLP.csv,Preset_14,MLP,42,256,"[768, 1024, 1024]",max,minmax,96,3,768,gelu,0.3,AdamW,,0.00015,1e-05,False,,[],[],0.05876,0.5,544,0.37298,0.44683,356,0.34381,COMPLETED
1541,20251118_232333,gaitpart_GREW.csv,Preset_14,MLP,42,256,"[768, 1024, 1024]",max,minmax,96,3,768,gelu,0.3,AdamW,,0.00015,1e-05,False,,[],[],0.06635,0.38636,286,0.33658,0.40278,85,0.45066,COMPLETED
1542,20251118_232333,gaitpart_OUMVLP.csv,Preset_14,MLP,42,256,"[768, 1024, 1024]",max,minmax,96,3,768,gelu,0.3,AdamW,,0.00015,1e-05,False,,[],[],0.07707,0.45455,566,0.39204,0.47291,497,0.19515,COMPLETED
1543,20251118_232333,gaitset.csv,Preset_14,MLP,42,256,"[768, 1024, 1024]",max,minmax,96,3,768,gelu,0.3,AdamW,,0.00015,1e-05,False,,[],[],0.07126,0.38636,335,0.33701,0.40392,199,0.35453,COMPLETED
1544,20251118_232333,gaitset_GREW.csv,Preset_14,MLP,42,256,"[768, 1024, 1024]",max,minmax,96,3,768,gelu,0.3,AdamW,,0.00015,1e-05,False,,[],[],0.08931,0.29545,264,0.26481,0.34451,204,0.20514,COMPLETED
1545,20251118_232333,gaitset_OUMVLP.csv,Preset_14,MLP,42,256,"[768, 1024, 1024]",max,minmax,96,3,768,gelu,0.3,AdamW,,0.00015,1e-05,False,,[],[],0.06649,0.47727,691,0.42559,0.49145,676,0.14554,COMPLETED
1546,20251118_232333,gln_phase1.csv,Preset_14,MLP,42,256,"[768, 1024, 1024]",max,minmax,96,3,768,gelu,0.3,AdamW,,0.00015,1e-05,False,,[],[],0.07764,0.45455,384,0.32313,0.41568,148,0.42653,COMPLETED
1547,20251118_232333,gln_phase2.csv,Preset_14,MLP,42,256,"[768, 1024, 1024]",max,minmax,96,3,768,gelu,0.3,AdamW,,0.00015,1e-05,False,,[],[],0.08002,0.40909,366,0.30388,0.42832,110,0.47747,COMPLETED

1548,20251118_232333,baseline_CASIAB.csv,Preset_15,MLP,42,256,"[896, 1024, 768]",mean,L2,48,3,896,leakyrelu,0.4,AdamW,,0.00022,2e-05,False,,[],[],0.03516,0.45455,51,0.31944,0.36471,35,0.34547,COMPLETED
1549,20251118_232333,baseline_OUMVLP.csv,Preset_15,MLP,42,256,"[896, 1024, 768]",mean,L2,48,3,896,leakyrelu,0.4,AdamW,,0.00022,2e-05,False,,[],[],0.05135,0.45455,70,0.39079,0.46609,48,0.34741,COMPLETED
1550,20251118_232333,gaitgl.csv,Preset_15,MLP,42,128,"[896, 1024, 768]",mean,L2,48,3,896,leakyrelu,0.4,AdamW,,0.00022,2e-05,False,,[],[],0.0706,0.40909,52,0.29259,0.31232,39,0.20232,COMPLETED
1551,20251118_232333,gaitgl_GREW.csv,Preset_15,MLP,42,256,"[896, 1024, 768]",mean,L2,48,3,896,leakyrelu,0.4,AdamW,,0.00022,2e-05,False,,[],[],0.05551,0.36364,118,0.31825,0.41404,72,0.39122,COMPLETED
1552,20251118_232333,gaitgl_GREW_BNNeck.csv,Preset_15,MLP,42,256,"[896, 1024, 768]",mean,L2,48,3,896,leakyrelu,0.4,AdamW,,0.00022,2e-05,False,,[],[],0.0574,0.40909,46,0.29167,0.39076,34,0.34312,COMPLETED
1553,20251118_232333,gaitgl_OUMVLP.csv,Preset_15,MLP,42,256,"[896, 1024, 768]",mean,L2,48,3,896,leakyrelu,0.4,AdamW,,0.00022,2e-05,False,,[],[],0.07091,0.45455,614,0.36996,0.4836,427,0.40521,COMPLETED
1554,20251118_232333,gaitpart_GREW.csv,Preset_15,MLP,42,256,"[896, 1024, 768]",mean,L2,48,3,896,leakyrelu,0.4,AdamW,,0.00022,2e-05,False,,[],[],0.06267,0.45455,80,0.40731,0.47235,51,0.44726,COMPLETED
1555,20251118_232333,gaitpart_OUMVLP.csv,Preset_15,MLP,42,256,"[896, 1024, 768]",mean,L2,48,3,896,leakyrelu,0.4,AdamW,,0.00022,2e-05,False,,[],[],0.07431,0.54545,260,0.49238,0.60594,195,0.25179,COMPLETED
1556,20251118_232333,gaitset.csv,Preset_15,MLP,42,256,"[896, 1024, 768]",mean,L2,48,3,896,leakyrelu,0.4,AdamW,,0.00022,2e-05,False,,[],[],0.05387,0.36364,50,0.26359,0.36914,46,0.08936,COMPLETED
1557,20251118_232333,gaitset_GREW.csv,Preset_15,MLP,42,256,"[896, 1024, 768]",mean,L2,48,3,896,leakyrelu,0.4,AdamW,,0.00022,2e-05,False,,[],[],0.03323,0.40909,57,0.30385,0.37937,49,0.15351,COMPLETED
1558,20251118_232333,gaitset_OUMVLP.csv,Preset_15,MLP,42,256,"[896, 1024, 768]",mean,L2,48,3,896,leakyrelu,0.4,AdamW,,0.00022,2e-05,False,,[],[],0.08007,0.43182,240,0.32011,0.52422,142,0.46839,COMPLETED
1559,20251118_232333,gln_phase1.csv,Preset_15,MLP,42,256,"[896, 1024, 768]",mean,L2,48,3,896,leakyrelu,0.4,AdamW,,0.00022,2e-05,False,,[],[],0.04711,0.56818,53,0.41032,0.50965,39,0.32346,COMPLETED
1560,20251118_232333,gln_phase2.csv,Preset_15,MLP,42,256,"[896, 1024, 768]",mean,L2,48,3,896,leakyrelu,0.4,AdamW,,0.00022,2e-05,False,,[],[],0.04222,0.47727,46,0.40289,0.41084,32,0.37866,COMPLETED
