id,timestamp,target_embedding,source_params,model,seed,input_dim,hidden_layers,pooling,norm,batch_size,num_layers,base_dim,activation,dropout_rate,optimizer,momentum_sgd,learning_rate,weight_decay,use_pca,pca_frac,norm_layers,dropout_layers,class_weights,label_smoothing,clip_grad_norm,train_loss,test_loss,accuracy,f1_macro,f1_per_class,epochs_trained,train_loss_best_state,test_loss_best_state,best_accuracy,best_f1,best_f1_per_class,best_epoch,training,duration_sec
1,20251218_135234,baseline_31steps_concat.csv,Preset_1,MLP,42,73,"[768, 512, 256]",mean,minmax,64,3,768,silu,0.4,Adam,,0.0002,1e-07,True,0.8,"[1, 2, 3]","[1, 2]",[0.68794326 2.1920904  0.91725768],0.02,1.0,0.10216,1.57617,0.56818,0.52546,"[0.59574, 0.4, 0.58065]",527,0.10696,1.45757,0.65909,0.5959,"[0.68182, 0.4, 0.70588]",379,STOPPED,22.327
2,20251218_135234,gaitgl_64steps_concat.csv,Preset_1,MLP,42,98,"[768, 512, 256]",mean,minmax,64,3,768,silu,0.4,Adam,,0.0002,1e-07,True,0.8,"[1, 2, 3]","[1, 2]",[0.68794326 2.1920904  0.91725768],0.02,1.0,0.10173,2.02271,0.52273,0.47078,"[0.60465, 0.30769, 0.5]",625,0.10219,2.13777,0.52273,0.47158,"[0.59091, 0.30769, 0.51613]",430,STOPPED,23.97
3,20251218_135234,gaitpart_16steps_concat.csv,Preset_1,MLP,42,95,"[768, 512, 256]",mean,minmax,64,3,768,silu,0.4,Adam,,0.0002,1e-07,True,0.8,"[1, 2, 3]","[1, 2]",[0.68794326 2.1920904  0.91725768],0.02,1.0,0.10233,1.37213,0.59091,0.52145,"[0.69767, 0.26667, 0.6]",435,0.13486,1.4051,0.65909,0.62418,"[0.66667, 0.5, 0.70588]",67,STOPPED,16.883
4,20251218_135234,gaitset_62steps_concat.csv,Preset_1,MLP,42,101,"[768, 512, 256]",mean,minmax,64,3,768,silu,0.4,Adam,,0.0002,1e-07,True,0.8,"[1, 2, 3]","[1, 2]",[0.68794326 2.1920904  0.91725768],0.02,1.0,0.10271,1.80665,0.54545,0.4,"[0.66667, 0.0, 0.53333]",396,0.11309,1.98581,0.54545,0.48775,"[0.62222, 0.30769, 0.53333]",111,STOPPED,15.368
5,20251218_135234,gln_93steps_concat.csv,Preset_1,MLP,42,65,"[768, 512, 256]",mean,minmax,64,3,768,silu,0.4,Adam,,0.0002,1e-07,True,0.8,"[1, 2, 3]","[1, 2]",[0.68794326 2.1920904  0.91725768],0.02,1.0,0.10426,2.12412,0.5,0.36427,"[0.62222, 0.0, 0.47059]",536,0.71793,1.10051,0.5,0.49073,"[0.55, 0.47059, 0.45161]",10,STOPPED,20.373

6,20251218_135234,baseline_31steps_concat.csv,Preset_2,MLP,42,52,"[640, 640, 640, 640]",mean,,96,4,640,leakyrelu,0.45,AdamW,,0.0003,1e-05,True,0.75,"[1, 2, 3, 4]","[1, 2, 3]",[0.68794326 2.1920904  0.91725768],0.02,1.0,0.12171,1.92806,0.54545,0.45445,"[0.625, 0.22222, 0.51613]",495,0.11362,1.65308,0.63636,0.59855,"[0.69565, 0.5, 0.6]",373,STOPPED,16.521
7,20251218_135234,gaitgl_64steps_concat.csv,Preset_2,MLP,42,48,"[640, 640, 640, 640]",mean,,96,4,640,leakyrelu,0.45,AdamW,,0.0003,1e-05,True,0.75,"[1, 2, 3, 4]","[1, 2, 3]",[0.68794326 2.1920904  0.91725768],0.02,1.0,0.109,2.31211,0.5,0.36092,"[0.6, 0.0, 0.48276]",689,0.42595,2.04563,0.52273,0.44233,"[0.57143, 0.2, 0.55556]",77,STOPPED,22.428
8,20251218_135234,gaitpart_16steps_concat.csv,Preset_2,MLP,42,63,"[640, 640, 640, 640]",mean,,96,4,640,leakyrelu,0.45,AdamW,,0.0003,1e-05,True,0.75,"[1, 2, 3, 4]","[1, 2, 3]",[0.68794326 2.1920904  0.91725768],0.02,1.0,0.10321,1.84601,0.63636,0.59861,"[0.7027, 0.46154, 0.63158]",424,0.1153,1.4411,0.70455,0.66517,"[0.74419, 0.54545, 0.70588]",160,STOPPED,14.011
9,20251218_135234,gaitset_62steps_concat.csv,Preset_2,MLP,42,67,"[640, 640, 640, 640]",mean,,96,4,640,leakyrelu,0.45,AdamW,,0.0003,1e-05,True,0.75,"[1, 2, 3, 4]","[1, 2, 3]",[0.68794326 2.1920904  0.91725768],0.02,1.0,0.11296,2.44231,0.47727,0.32858,"[0.61538, 0.0, 0.37037]",403,0.6427,1.68505,0.45455,0.44969,"[0.51429, 0.43478, 0.4]",65,STOPPED,13.253
10,20251218_135234,gln_93steps_concat.csv,Preset_2,MLP,42,46,"[640, 640, 640, 640]",mean,,96,4,640,leakyrelu,0.45,AdamW,,0.0003,1e-05,True,0.75,"[1, 2, 3, 4]","[1, 2, 3]",[0.68794326 2.1920904  0.91725768],0.02,1.0,0.13364,2.40839,0.5,0.41301,"[0.58824, 0.22222, 0.42857]",477,0.13109,2.12084,0.61364,0.54971,"[0.63158, 0.33333, 0.68421]",251,STOPPED,15.857

11,20251218_135234,baseline_31steps_concat.csv,Preset_3,MLP,42,92,"[1280, 896, 512, 256]",mean,L2,64,4,1280,silu,0.5,Adam,,0.0001,1e-07,True,0.85,"[1, 2, 3, 4]","[1, 2]",[0.68794326 2.1920904  0.91725768],0.02,1.0,0.10278,1.64057,0.54545,0.46061,"[0.57143, 0.18182, 0.62857]",593,0.10276,1.70096,0.63636,0.57059,"[0.65116, 0.33333, 0.72727]",493,STOPPED,26.39
12,20251218_135234,gaitgl_64steps_concat.csv,Preset_3,MLP,42,103,"[1280, 896, 512, 256]",mean,L2,64,4,1280,silu,0.5,Adam,,0.0001,1e-07,True,0.85,"[1, 2, 3, 4]","[1, 2]",[0.68794326 2.1920904  0.91725768],0.02,1.0,0.10122,2.37092,0.45455,0.38393,"[0.57143, 0.14286, 0.4375]",645,0.43395,2.10218,0.43182,0.39788,"[0.45714, 0.22222, 0.51429]",294,STOPPED,28.59
13,20251218_135234,gaitpart_16steps_concat.csv,Preset_3,MLP,42,108,"[1280, 896, 512, 256]",mean,L2,64,4,1280,silu,0.5,Adam,,0.0001,1e-07,True,0.85,"[1, 2, 3, 4]","[1, 2]",[0.68794326 2.1920904  0.91725768],0.02,1.0,0.10142,2.46198,0.45455,0.39183,"[0.47619, 0.15385, 0.54545]",797,0.58451,1.48398,0.5,0.47271,"[0.47059, 0.35294, 0.59459]",208,STOPPED,36.299
14,20251218_135234,gaitset_62steps_concat.csv,Preset_3,MLP,42,119,"[1280, 896, 512, 256]",mean,L2,64,4,1280,silu,0.5,Adam,,0.0001,1e-07,True,0.85,"[1, 2, 3, 4]","[1, 2]",[0.68794326 2.1920904  0.91725768],0.02,1.0,0.10156,2.48353,0.43182,0.42662,"[0.51282, 0.44444, 0.32258]",623,0.73559,1.56581,0.45455,0.45421,"[0.4375, 0.45455, 0.47059]",103,STOPPED,27.59
15,20251218_135234,gln_93steps_concat.csv,Preset_3,MLP,42,85,"[1280, 896, 512, 256]",mean,L2,64,4,1280,silu,0.5,Adam,,0.0001,1e-07,True,0.85,"[1, 2, 3, 4]","[1, 2]",[0.68794326 2.1920904  0.91725768],0.02,1.0,0.10203,2.33916,0.40909,0.30952,"[0.5, 0.0, 0.42857]",559,0.46801,1.84806,0.5,0.45071,"[0.57778, 0.30769, 0.46667]",131,STOPPED,24.775

16,20251218_135234,baseline_31steps_concat.csv,Preset_4,MLP,42,73,"[768, 768, 768, 768]",mean,minmax,128,4,768,gelu,0.4,AdamW,,0.00025,5e-06,True,0.8,"[1, 2, 3, 4]","[1, 3, 4]",[0.68794326 2.1920904  0.91725768],0.02,1.0,0.10291,1.74456,0.59091,0.49962,"[0.59091, 0.22222, 0.68571]",355,0.11063,1.59792,0.61364,0.55792,"[0.65306, 0.4, 0.62069]",102,STOPPED,10.482
17,20251218_135234,gaitgl_64steps_concat.csv,Preset_4,MLP,42,98,"[768, 768, 768, 768]",mean,minmax,128,4,768,gelu,0.4,AdamW,,0.00025,5e-06,True,0.8,"[1, 2, 3, 4]","[1, 3, 4]",[0.68794326 2.1920904  0.91725768],0.02,1.0,0.10214,2.51036,0.45455,0.37123,"[0.59574, 0.13333, 0.38462]",448,0.10698,2.12121,0.52273,0.46638,"[0.6087, 0.30769, 0.48276]",294,STOPPED,13.096
18,20251218_135234,gaitpart_16steps_concat.csv,Preset_4,MLP,42,95,"[768, 768, 768, 768]",mean,minmax,128,4,768,gelu,0.4,AdamW,,0.00025,5e-06,True,0.8,"[1, 2, 3, 4]","[1, 3, 4]",[0.68794326 2.1920904  0.91725768],0.02,1.0,0.10267,1.57824,0.59091,0.49447,"[0.63636, 0.2, 0.64706]",247,0.14098,1.46996,0.70455,0.66831,"[0.7619, 0.53333, 0.70968]",41,STOPPED,7.143
19,20251218_135234,gaitset_62steps_concat.csv,Preset_4,MLP,42,101,"[768, 768, 768, 768]",mean,minmax,128,4,768,gelu,0.4,AdamW,,0.00025,5e-06,True,0.8,"[1, 2, 3, 4]","[1, 3, 4]",[0.68794326 2.1920904  0.91725768],0.02,1.0,0.10179,1.85782,0.54545,0.39951,"[0.68, 0.0, 0.51852]",297,0.111,1.80227,0.56818,0.49162,"[0.68, 0.33333, 0.46154]",94,STOPPED,8.735
20,20251218_135234,gln_93steps_concat.csv,Preset_4,MLP,42,65,"[768, 768, 768, 768]",mean,minmax,128,4,768,gelu,0.4,AdamW,,0.00025,5e-06,True,0.8,"[1, 2, 3, 4]","[1, 3, 4]",[0.68794326 2.1920904  0.91725768],0.02,1.0,0.10282,2.08367,0.52273,0.43623,"[0.6087, 0.2, 0.5]",309,0.11348,1.87356,0.61364,0.50694,"[0.70833, 0.25, 0.5625]",100,STOPPED,9.134

21,20251218_135234,baseline_31steps_concat.csv,Preset_5,MLP,42,70,"[1024, 784, 512, 256]",mean,L2,64,4,1024,leakyrelu,0.5,Adam,,0.0002,1e-06,True,0.8,"[2, 3]","[1, 2, 3]",[0.68794326 2.1920904  0.91725768],0.02,1.0,0.10979,2.20666,0.52273,0.4623,"[0.625, 0.33333, 0.42857]",440,0.15608,2.13562,0.56818,0.52256,"[0.62222, 0.4, 0.54545]",214,STOPPED,18.258
22,20251218_135234,gaitgl_64steps_concat.csv,Preset_5,MLP,42,81,"[1024, 784, 512, 256]",mean,L2,64,4,1024,leakyrelu,0.5,Adam,,0.0002,1e-06,True,0.8,"[2, 3]","[1, 2, 3]",[0.68794326 2.1920904  0.91725768],0.02,1.0,0.11182,2.75951,0.38636,0.29175,"[0.51163, 0.0, 0.36364]",609,0.14084,3.16724,0.40909,0.36905,"[0.52381, 0.25, 0.33333]",341,STOPPED,25.009
23,20251218_135234,gaitpart_16steps_concat.csv,Preset_5,MLP,42,85,"[1024, 784, 512, 256]",mean,L2,64,4,1024,leakyrelu,0.5,Adam,,0.0002,1e-06,True,0.8,"[2, 3]","[1, 2, 3]",[0.68794326 2.1920904  0.91725768],0.02,1.0,0.10244,1.70557,0.61364,0.51322,"[0.65217, 0.2, 0.6875]",512,0.73933,1.3328,0.56818,0.54948,"[0.51429, 0.5, 0.63415]",89,STOPPED,20.827
24,20251218_135234,gaitset_62steps_concat.csv,Preset_5,MLP,42,91,"[1024, 784, 512, 256]",mean,L2,64,4,1024,leakyrelu,0.5,Adam,,0.0002,1e-06,True,0.8,"[2, 3]","[1, 2, 3]",[0.68794326 2.1920904  0.91725768],0.02,1.0,0.10378,2.40765,0.45455,0.32388,"[0.6383, 0.0, 0.33333]",459,0.58339,1.71083,0.45455,0.45701,"[0.47059, 0.47619, 0.42424]",93,STOPPED,18.754
25,20251218_135234,gln_93steps_concat.csv,Preset_5,MLP,42,63,"[1024, 784, 512, 256]",mean,L2,64,4,1024,leakyrelu,0.5,Adam,,0.0002,1e-06,True,0.8,"[2, 3]","[1, 2, 3]",[0.68794326 2.1920904  0.91725768],0.02,1.0,0.10752,2.49337,0.43182,0.36849,"[0.5, 0.15385, 0.45161]",550,0.10456,2.17363,0.52273,0.43623,"[0.6087, 0.16667, 0.53333]",414,STOPPED,22.191

26,20251218_135234,baseline_31steps_concat.csv,Preset_6,MLP,42,92,"[1024, 1024, 512]",mean,L2,128,3,1024,silu,0.5,AdamW,,0.0002,5e-06,True,0.85,"[1, 3]",[2],[0.68794326 2.1920904  0.91725768],0.02,1.0,0.10158,1.58564,0.52273,0.44317,"[0.53659, 0.18182, 0.61111]",398,0.12211,1.68343,0.59091,0.55315,"[0.6383, 0.42857, 0.59259]",138,STOPPED,9.794
27,20251218_135234,gaitgl_64steps_concat.csv,Preset_6,MLP,42,103,"[1024, 1024, 512]",mean,L2,128,3,1024,silu,0.5,AdamW,,0.0002,5e-06,True,0.85,"[1, 3]",[2],[0.68794326 2.1920904  0.91725768],0.02,1.0,0.10122,2.49726,0.34091,0.25308,"[0.46512, 0.0, 0.29412]",473,0.58968,1.80572,0.43182,0.39603,"[0.52632, 0.25, 0.41176]",111,STOPPED,11.774
28,20251218_135234,gaitpart_16steps_concat.csv,Preset_6,MLP,42,108,"[1024, 1024, 512]",mean,L2,128,3,1024,silu,0.5,AdamW,,0.0002,5e-06,True,0.85,"[1, 3]",[2],[0.68794326 2.1920904  0.91725768],0.02,1.0,0.1022,1.9574,0.5,0.45333,"[0.55814, 0.28571, 0.51613]",573,0.10682,2.1116,0.54545,0.49034,"[0.60465, 0.28571, 0.58065]",374,STOPPED,14.143
29,20251218_135234,gaitset_62steps_concat.csv,Preset_6,MLP,42,119,"[1024, 1024, 512]",mean,L2,128,3,1024,silu,0.5,AdamW,,0.0002,5e-06,True,0.85,"[1, 3]",[2],[0.68794326 2.1920904  0.91725768],0.02,1.0,0.10125,2.1903,0.40909,0.31184,"[0.52174, 0.0, 0.41379]",410,0.10358,2.24703,0.47727,0.43049,"[0.55814, 0.26667, 0.46667]",242,STOPPED,10.154
30,20251218_135234,gln_93steps_concat.csv,Preset_6,MLP,42,85,"[1024, 1024, 512]",mean,L2,128,3,1024,silu,0.5,AdamW,,0.0002,5e-06,True,0.85,"[1, 3]",[2],[0.68794326 2.1920904  0.91725768],0.02,1.0,0.10157,2.3707,0.38636,0.2963,"[0.48889, 0.0, 0.4]",311,0.59421,1.74397,0.5,0.45399,"[0.57143, 0.25, 0.54054]",55,STOPPED,7.801

31,20251218_135234,baseline_31steps_concat.csv,Preset_7,MLP,42,512,"[1280, 896, 512, 256]",mean,,64,4,1280,silu,0.4,AdamW,,0.00018,5e-07,False,,"[1, 3]","[2, 3]",[0.68794326 2.1920904  0.91725768],0.02,1.0,0.10152,2.08487,0.43182,0.32353,"[0.5, 0.0, 0.47059]",224,0.10553,2.10282,0.52273,0.46696,"[0.59574, 0.26667, 0.53846]",61,STOPPED,9.561
32,20251218_135234,gaitgl_64steps_concat.csv,Preset_7,MLP,42,768,"[1280, 896, 512, 256]",mean,,64,4,1280,silu,0.4,AdamW,,0.00018,5e-07,False,,"[1, 3]","[2, 3]",[0.68794326 2.1920904  0.91725768],0.02,1.0,0.10112,1.99327,0.43182,0.32233,"[0.55319, 0.0, 0.41379]",281,0.43781,1.61321,0.59091,0.42547,"[0.68182, 0.0, 0.59459]",117,STOPPED,12.56
33,20251218_135234,gaitpart_16steps_concat.csv,Preset_7,MLP,42,512,"[1280, 896, 512, 256]",mean,,64,4,1280,silu,0.4,AdamW,,0.00018,5e-07,False,,"[1, 3]","[2, 3]",[0.68794326 2.1920904  0.91725768],0.02,1.0,0.26019,1.8048,0.59091,0.42236,"[0.69565, 0.0, 0.57143]",347,0.10425,1.90528,0.56818,0.525,"[0.66667, 0.375, 0.53333]",213,STOPPED,15.036
34,20251218_135234,gaitset_62steps_concat.csv,Preset_7,MLP,42,768,"[1280, 896, 512, 256]",mean,,64,4,1280,silu,0.4,AdamW,,0.00018,5e-07,False,,"[1, 3]","[2, 3]",[0.68794326 2.1920904  0.91725768],0.02,1.0,0.10155,2.29456,0.43182,0.33737,"[0.54545, 0.0, 0.46667]",245,0.11388,2.74186,0.45455,0.43392,"[0.54545, 0.28571, 0.47059]",85,STOPPED,10.72
35,20251218_135234,gln_93steps_concat.csv,Preset_7,MLP,42,512,"[1280, 896, 512, 256]",mean,,64,4,1280,silu,0.4,AdamW,,0.00018,5e-07,False,,"[1, 3]","[2, 3]",[0.68794326 2.1920904  0.91725768],0.02,1.0,0.10097,2.10047,0.47727,0.40404,"[0.54545, 0.18182, 0.48485]",234,0.68447,1.22893,0.56818,0.56116,"[0.55556, 0.53333, 0.59459]",17,STOPPED,9.849

36,20251218_135234,baseline_31steps_concat.csv,Preset_8,MLP,42,73,"[1152, 768, 512]",mean,minmax,96,3,1152,silu,0.5,AdamW,,0.0002,5e-06,True,0.8,"[1, 2]","[1, 2]",[0.68794326 2.1920904  0.91725768],0.02,1.0,0.11168,1.44151,0.47727,0.40656,"[0.52174, 0.18182, 0.51613]",563,0.13832,1.76038,0.56818,0.47899,"[0.6087, 0.22222, 0.60606]",150,STOPPED,16.035
37,20251218_135234,gaitgl_64steps_concat.csv,Preset_8,MLP,42,98,"[1152, 768, 512]",mean,minmax,96,3,1152,silu,0.5,AdamW,,0.0002,5e-06,True,0.8,"[1, 2]","[1, 2]",[0.68794326 2.1920904  0.91725768],0.02,1.0,0.10705,2.0144,0.43182,0.31389,"[0.54167, 0.0, 0.4]",560,0.12061,2.29498,0.5,0.37075,"[0.61224, 0.0, 0.5]",245,STOPPED,16.146
38,20251218_135234,gaitpart_16steps_concat.csv,Preset_8,MLP,42,95,"[1152, 768, 512]",mean,minmax,96,3,1152,silu,0.5,AdamW,,0.0002,5e-06,True,0.8,"[1, 2]","[1, 2]",[0.68794326 2.1920904  0.91725768],0.02,1.0,0.1096,1.40768,0.59091,0.48744,"[0.69565, 0.16667, 0.6]",375,0.16398,1.39864,0.63636,0.59474,"[0.69767, 0.46154, 0.625]",62,STOPPED,10.774
39,20251218_135234,gaitset_62steps_concat.csv,Preset_8,MLP,42,101,"[1152, 768, 512]",mean,minmax,96,3,1152,silu,0.5,AdamW,,0.0002,5e-06,True,0.8,"[1, 2]","[1, 2]",[0.68794326 2.1920904  0.91725768],0.02,1.0,0.10546,1.69837,0.5,0.35619,"[0.64, 0.0, 0.42857]",585,0.72668,1.22514,0.52273,0.49624,"[0.63158, 0.4, 0.45714]",11,STOPPED,16.63
40,20251218_135234,gln_93steps_concat.csv,Preset_8,MLP,42,65,"[1152, 768, 512]",mean,minmax,96,3,1152,silu,0.5,AdamW,,0.0002,5e-06,True,0.8,"[1, 2]","[1, 2]",[0.68794326 2.1920904  0.91725768],0.02,1.0,0.11176,1.45585,0.52273,0.43859,"[0.6087, 0.22222, 0.48485]",463,0.18895,1.77259,0.56818,0.47487,"[0.63636, 0.2, 0.58824]",84,STOPPED,13.211

41,20251218_135234,baseline_31steps_concat.csv,Preset_9,MLP,42,41,"[512, 256, 128]",mean,L2,64,3,512,silu,0.5,Adam,,0.0001,0.0,True,0.7,[3],[3],[0.68794326 2.1920904  0.91725768],0.02,1.0,0.28268,1.45425,0.47727,0.40745,"[0.5, 0.18182, 0.54054]",1282,0.3599,1.41264,0.56818,0.47672,"[0.61905, 0.2, 0.61111]",831,STOPPED,44.476
42,20251218_135234,gaitgl_64steps_concat.csv,Preset_9,MLP,42,51,"[512, 256, 128]",mean,L2,64,3,512,silu,0.5,Adam,,0.0001,0.0,True,0.7,[3],[3],[0.68794326 2.1920904  0.91725768],0.02,1.0,0.28895,2.42749,0.40909,0.30392,"[0.5, 0.0, 0.41176]",1610,0.35871,1.92901,0.5,0.41987,"[0.57778, 0.18182, 0.5]",1249,STOPPED,56.0
43,20251218_135234,gaitpart_16steps_concat.csv,Preset_9,MLP,42,53,"[512, 256, 128]",mean,L2,64,3,512,silu,0.5,Adam,,0.0001,0.0,True,0.7,[3],[3],[0.68794326 2.1920904  0.91725768],0.02,1.0,0.26189,1.90775,0.52273,0.47424,"[0.55, 0.26667, 0.60606]",1555,0.32483,1.80803,0.56818,0.51354,"[0.61905, 0.33333, 0.58824]",1203,STOPPED,53.903
44,20251218_135234,gaitset_62steps_concat.csv,Preset_9,MLP,42,53,"[512, 256, 128]",mean,L2,64,3,512,silu,0.5,Adam,,0.0001,0.0,True,0.7,[3],[3],[0.68794326 2.1920904  0.91725768],0.02,1.0,0.24838,1.81052,0.43182,0.37629,"[0.43243, 0.125, 0.57143]",1365,0.42189,1.43868,0.5,0.45504,"[0.55, 0.28571, 0.52941]",748,STOPPED,47.505
45,20251218_135234,gln_93steps_concat.csv,Preset_9,MLP,42,35,"[512, 256, 128]",mean,L2,64,3,512,silu,0.5,Adam,,0.0001,0.0,True,0.7,[3],[3],[0.68794326 2.1920904  0.91725768],0.02,1.0,0.22525,2.16572,0.36364,0.30254,"[0.48889, 0.14286, 0.27586]",1919,0.73943,1.15874,0.47727,0.45452,"[0.58537, 0.42105, 0.35714]",192,STOPPED,65.997

46,20251218_135234,baseline_31steps_concat.csv,Preset_10,MLP,42,92,"[896, 896, 896]",mean,L2,96,3,896,silu,0.45,AdamW,,0.00015,1e-05,True,0.85,"[1, 2, 3]","[2, 3]",[0.68794326 2.1920904  0.91725768],0.02,1.0,0.10274,1.40178,0.59091,0.49679,"[0.60465, 0.2, 0.68571]",436,0.10825,1.24181,0.68182,0.56342,"[0.73469, 0.22222, 0.73333]",301,STOPPED,13.792
47,20251218_135234,gaitgl_64steps_concat.csv,Preset_10,MLP,42,103,"[896, 896, 896]",mean,L2,96,3,896,silu,0.45,AdamW,,0.00015,1e-05,True,0.85,"[1, 2, 3]","[2, 3]",[0.68794326 2.1920904  0.91725768],0.02,1.0,0.10239,2.40931,0.36364,0.3118,"[0.4878, 0.125, 0.32258]",567,0.59536,1.73914,0.43182,0.39732,"[0.4878, 0.26667, 0.4375]",114,STOPPED,17.288
48,20251218_135234,gaitpart_16steps_concat.csv,Preset_10,MLP,42,108,"[896, 896, 896]",mean,L2,96,3,896,silu,0.45,AdamW,,0.00015,1e-05,True,0.85,"[1, 2, 3]","[2, 3]",[0.68794326 2.1920904  0.91725768],0.02,1.0,0.10172,1.73383,0.54545,0.49179,"[0.6087, 0.33333, 0.53333]",702,0.10234,1.62643,0.59091,0.53535,"[0.63636, 0.36364, 0.60606]",602,STOPPED,21.597
49,20251218_135234,gaitset_62steps_concat.csv,Preset_10,MLP,42,119,"[896, 896, 896]",mean,L2,96,3,896,silu,0.45,AdamW,,0.00015,1e-05,True,0.85,"[1, 2, 3]","[2, 3]",[0.68794326 2.1920904  0.91725768],0.02,1.0,0.10267,2.16876,0.40909,0.31184,"[0.52174, 0.0, 0.41379]",468,0.11692,2.62259,0.45455,0.43485,"[0.5, 0.35294, 0.45161]",217,STOPPED,14.149
50,20251218_135234,gln_93steps_concat.csv,Preset_10,MLP,42,85,"[896, 896, 896]",mean,L2,96,3,896,silu,0.45,AdamW,,0.00015,1e-05,True,0.85,"[1, 2, 3]","[2, 3]",[0.68794326 2.1920904  0.91725768],0.02,1.0,0.10198,2.00867,0.43182,0.32341,"[0.54167, 0.0, 0.42857]",510,0.4141,1.70819,0.54545,0.49376,"[0.58824, 0.30769, 0.58537]",58,STOPPED,15.375

51,20251218_135234,baseline_31steps_concat.csv,Preset_11,MLP,42,53,"[768, 512, 384, 256]",mean,L2,80,4,768,leakyrelu,0.45,Adam,,0.0002,0.0,True,0.75,"[2, 4]","[1, 3]",[0.68794326 2.1920904  0.91725768],0.02,1.0,0.11859,1.76718,0.54545,0.38095,"[0.64286, 0.0, 0.5]",549,0.14009,1.72553,0.63636,0.57989,"[0.65217, 0.4, 0.6875]",449,STOPPED,16.917
52,20251218_135234,gaitgl_64steps_concat.csv,Preset_11,MLP,42,64,"[768, 512, 384, 256]",mean,L2,80,4,768,leakyrelu,0.45,Adam,,0.0002,0.0,True,0.75,"[2, 4]","[1, 3]",[0.68794326 2.1920904  0.91725768],0.02,1.0,0.1036,2.52036,0.43182,0.29897,"[0.57692, 0.0, 0.32]",754,0.17322,2.45058,0.47727,0.43384,"[0.55, 0.26667, 0.48485]",328,STOPPED,22.46
53,20251218_135234,gaitpart_16steps_concat.csv,Preset_11,MLP,42,67,"[768, 512, 384, 256]",mean,L2,80,4,768,leakyrelu,0.45,Adam,,0.0002,0.0,True,0.75,"[2, 4]","[1, 3]",[0.68794326 2.1920904  0.91725768],0.02,1.0,0.12017,1.75668,0.56818,0.41347,"[0.65217, 0.0, 0.58824]",810,0.25244,1.66429,0.63636,0.59425,"[0.66667, 0.42857, 0.6875]",293,STOPPED,24.266
54,20251218_135234,gaitset_62steps_concat.csv,Preset_11,MLP,42,70,"[768, 512, 384, 256]",mean,L2,80,4,768,leakyrelu,0.45,Adam,,0.0002,0.0,True,0.75,"[2, 4]","[1, 3]",[0.68794326 2.1920904  0.91725768],0.02,1.0,0.10737,2.1875,0.52273,0.36508,"[0.66667, 0.0, 0.42857]",638,0.68704,1.53468,0.45455,0.44422,"[0.48485, 0.34783, 0.5]",79,STOPPED,18.981
55,20251218_135234,gln_93steps_concat.csv,Preset_11,MLP,42,47,"[768, 512, 384, 256]",mean,L2,80,4,768,leakyrelu,0.45,Adam,,0.0002,0.0,True,0.75,"[2, 4]","[1, 3]",[0.68794326 2.1920904  0.91725768],0.02,1.0,0.10606,2.24604,0.5,0.35201,"[0.62745, 0.0, 0.42857]",576,0.13613,1.84822,0.61364,0.5161,"[0.68293, 0.25, 0.61538]",282,STOPPED,18.259

56,20251218_135234,baseline_31steps_concat.csv,Preset_12,MLP,42,47,"[1280, 960, 640, 320, 160]",max,L2,96,5,1280,gelu,0.3,Adam,,0.0001,1e-07,True,0.7,"[1, 2, 4]","[3, 4]",[0.68794326 2.1920904  0.91725768],0.02,1.0,0.10721,2.00733,0.5,0.37652,"[0.55814, 0.0, 0.57143]",641,0.11834,1.87088,0.59091,0.49298,"[0.57895, 0.2, 0.7]",274,STOPPED,23.838
57,20251218_135234,gaitgl_64steps_concat.csv,Preset_12,MLP,42,65,"[1280, 960, 640, 320, 160]",max,L2,96,5,1280,gelu,0.3,Adam,,0.0001,1e-07,True,0.7,"[1, 2, 4]","[3, 4]",[0.68794326 2.1920904  0.91725768],0.02,1.0,0.23077,2.6378,0.38636,0.28165,"[0.33333, 0.0, 0.51163]",527,0.30943,2.06558,0.52273,0.53105,"[0.4, 0.61538, 0.57778]",212,STOPPED,19.804
58,20251218_135234,gaitpart_16steps_concat.csv,Preset_12,MLP,42,42,"[1280, 960, 640, 320, 160]",max,L2,96,5,1280,gelu,0.3,Adam,,0.0001,1e-07,True,0.7,"[1, 2, 4]","[3, 4]",[0.68794326 2.1920904  0.91725768],0.02,1.0,0.10376,2.63227,0.38636,0.31596,"[0.46512, 0.0, 0.48276]",1136,0.63552,1.19889,0.56818,0.54902,"[0.55556, 0.44444, 0.64706]",458,STOPPED,41.635
59,20251218_135234,gaitset_62steps_concat.csv,Preset_12,MLP,42,49,"[1280, 960, 640, 320, 160]",max,L2,96,5,1280,gelu,0.3,Adam,,0.0001,1e-07,True,0.7,"[1, 2, 4]","[3, 4]",[0.68794326 2.1920904  0.91725768],0.02,1.0,0.10285,1.90225,0.52273,0.44431,"[0.57895, 0.14286, 0.61111]",1040,0.10309,1.2959,0.65909,0.54396,"[0.74419, 0.18182, 0.70588]",940,STOPPED,38.575
60,20251218_135234,gln_93steps_concat.csv,Preset_12,MLP,42,41,"[1280, 960, 640, 320, 160]",max,L2,96,5,1280,gelu,0.3,Adam,,0.0001,1e-07,True,0.7,"[1, 2, 4]","[3, 4]",[0.68794326 2.1920904  0.91725768],0.02,1.0,0.10514,2.02986,0.47727,0.33261,"[0.62745, 0.0, 0.37037]",687,0.16087,1.74299,0.59091,0.52588,"[0.68182, 0.33333, 0.5625]",286,STOPPED,25.468

61,20251218_135234,baseline_31steps_concat.csv,Preset_13,MLP,42,512,"[1152, 1152, 1152]",mean,L2,128,3,1152,silu,0.5,AdamW,,0.0002,5e-06,False,,"[1, 2, 3]","[2, 3]",[0.68794326 2.1920904  0.91725768],0.02,1.0,0.10179,2.1417,0.45455,0.38889,"[0.5, 0.16667, 0.5]",294,0.13188,2.87565,0.5,0.48287,"[0.4375, 0.4, 0.61111]",65,STOPPED,8.815
62,20251218_135234,gaitgl_64steps_concat.csv,Preset_13,MLP,42,768,"[1152, 1152, 1152]",mean,L2,128,3,1152,silu,0.5,AdamW,,0.0002,5e-06,False,,"[1, 2, 3]","[2, 3]",[0.68794326 2.1920904  0.91725768],0.02,1.0,0.10239,2.20894,0.45455,0.34576,"[0.6087, 0.0, 0.42857]",474,0.27891,2.56599,0.5,0.45039,"[0.65116, 0.3, 0.4]",247,STOPPED,14.517
63,20251218_135234,gaitpart_16steps_concat.csv,Preset_13,MLP,42,512,"[1152, 1152, 1152]",mean,L2,128,3,1152,silu,0.5,AdamW,,0.0002,5e-06,False,,"[1, 2, 3]","[2, 3]",[0.68794326 2.1920904  0.91725768],0.02,1.0,0.10275,2.15,0.45455,0.39908,"[0.60465, 0.22222, 0.37037]",572,0.10155,1.93271,0.54545,0.48879,"[0.61905, 0.26667, 0.58065]",488,STOPPED,17.263
64,20251218_135234,gaitset_62steps_concat.csv,Preset_13,MLP,42,768,"[1152, 1152, 1152]",mean,L2,128,3,1152,silu,0.5,AdamW,,0.0002,5e-06,False,,"[1, 2, 3]","[2, 3]",[0.68794326 2.1920904  0.91725768],0.02,1.0,0.10212,2.46813,0.36364,0.28869,"[0.42857, 0.0, 0.4375]",339,0.4071,2.40014,0.45455,0.43201,"[0.54054, 0.27273, 0.48276]",70,STOPPED,10.384
65,20251218_135234,gln_93steps_concat.csv,Preset_13,MLP,42,512,"[1152, 1152, 1152]",mean,L2,128,3,1152,silu,0.5,AdamW,,0.0002,5e-06,False,,"[1, 2, 3]","[2, 3]",[0.68794326 2.1920904  0.91725768],0.02,1.0,0.10224,2.03591,0.47727,0.39836,"[0.59091, 0.16667, 0.4375]",252,0.1808,2.20473,0.54545,0.49238,"[0.58537, 0.28571, 0.60606]",43,STOPPED,7.252

66,20251218_135234,baseline_31steps_concat.csv,Preset_14,MLP,42,512,"[160, 320, 640]",mean,L2,128,3,640,relu,0.2,AdamW,,0.0002,1e-07,False,,[2],"[1, 2]",[0.68794326 2.1920904  0.91725768],0.02,1.0,0.10196,1.94339,0.47727,0.35644,"[0.55319, 0.0, 0.51613]",595,0.41467,1.60614,0.59091,0.49305,"[0.65217, 0.18182, 0.64516]",83,STOPPED,15.365
67,20251218_135234,gaitgl_64steps_concat.csv,Preset_14,MLP,42,768,"[160, 320, 640]",mean,L2,128,3,640,relu,0.2,AdamW,,0.0002,1e-07,False,,[2],"[1, 2]",[0.68794326 2.1920904  0.91725768],0.02,1.0,0.10934,2.0857,0.38636,0.27964,"[0.55319, 0.0, 0.28571]",982,0.11839,1.92055,0.59091,0.45211,"[0.66667, 0.0, 0.68966]",833,STOPPED,26.998
68,20251218_135234,gaitpart_16steps_concat.csv,Preset_14,MLP,42,512,"[160, 320, 640]",mean,L2,128,3,640,relu,0.2,AdamW,,0.0002,1e-07,False,,[2],"[1, 2]",[0.68794326 2.1920904  0.91725768],0.02,1.0,0.12866,1.99075,0.56818,0.52737,"[0.66667, 0.35294, 0.5625]",911,0.1183,2.08648,0.59091,0.53892,"[0.73171, 0.33333, 0.55172]",724,STOPPED,25.883
69,20251218_135234,gaitset_62steps_concat.csv,Preset_14,MLP,42,768,"[160, 320, 640]",mean,L2,128,3,640,relu,0.2,AdamW,,0.0002,1e-07,False,,[2],"[1, 2]",[0.68794326 2.1920904  0.91725768],0.02,1.0,0.10369,2.46989,0.38636,0.28696,"[0.55319, 0.0, 0.30769]",708,0.71821,1.26044,0.45455,0.45833,"[0.5, 0.5, 0.375]",70,STOPPED,19.997
70,20251218_135234,gln_93steps_concat.csv,Preset_14,MLP,42,512,"[160, 320, 640]",mean,L2,128,3,640,relu,0.2,AdamW,,0.0002,1e-07,False,,[2],"[1, 2]",[0.68794326 2.1920904  0.91725768],0.02,1.0,0.10294,1.8137,0.52273,0.43555,"[0.6087, 0.18182, 0.51613]",531,0.11458,1.98793,0.59091,0.5285,"[0.65217, 0.33333, 0.6]",230,STOPPED,13.103

71,20251218_135234,baseline_31steps_concat.csv,Preset_15,MLP,42,73,"[576, 384, 192]",mean,minmax,96,3,576,elu,0.5,RMSprop,,0.0002,5e-05,True,0.8,[2],"[1, 3]",[0.68794326 2.1920904  0.91725768],0.02,1.0,0.1137,1.34674,0.56818,0.51672,"[0.53659, 0.30769, 0.70588]",703,0.15113,1.59262,0.63636,0.60831,"[0.61905, 0.5, 0.70588]",228,STOPPED,20.265
72,20251218_135234,gaitgl_64steps_concat.csv,Preset_15,MLP,42,98,"[576, 384, 192]",mean,minmax,96,3,576,elu,0.5,RMSprop,,0.0002,5e-05,True,0.8,[2],"[1, 3]",[0.68794326 2.1920904  0.91725768],0.02,1.0,0.10845,1.75812,0.43182,0.35711,"[0.60465, 0.13333, 0.33333]",808,0.127,2.28273,0.47727,0.44149,"[0.60465, 0.375, 0.34483]",283,STOPPED,23.477
73,20251218_135234,gaitpart_16steps_concat.csv,Preset_15,MLP,42,95,"[576, 384, 192]",mean,minmax,96,3,576,elu,0.5,RMSprop,,0.0002,5e-05,True,0.8,[2],"[1, 3]",[0.68794326 2.1920904  0.91725768],0.02,1.0,0.11026,1.54739,0.52273,0.4555,"[0.6383, 0.26667, 0.46154]",686,0.12603,1.61979,0.63636,0.57823,"[0.73469, 0.46154, 0.53846]",251,STOPPED,20.685
74,20251218_135234,gaitset_62steps_concat.csv,Preset_15,MLP,42,101,"[576, 384, 192]",mean,minmax,96,3,576,elu,0.5,RMSprop,,0.0002,5e-05,True,0.8,[2],"[1, 3]",[0.68794326 2.1920904  0.91725768],0.02,1.0,0.10991,1.61462,0.47727,0.39307,"[0.63636, 0.14286, 0.4]",732,0.12265,1.65091,0.63636,0.56815,"[0.69565, 0.36364, 0.64516]",321,STOPPED,22.016
75,20251218_135234,gln_93steps_concat.csv,Preset_15,MLP,42,65,"[576, 384, 192]",mean,minmax,96,3,576,elu,0.5,RMSprop,,0.0002,5e-05,True,0.8,[2],"[1, 3]",[0.68794326 2.1920904  0.91725768],0.02,1.0,0.11399,1.73753,0.45455,0.3875,"[0.52381, 0.15385, 0.48485]",761,0.11382,1.68186,0.52273,0.47071,"[0.6, 0.26667, 0.54545]",673,STOPPED,21.928

76,20251218_135234,baseline_31steps_concat.csv,Preset_16,MLP,42,512,"[1408, 1024, 768, 512]",mean,L2,128,4,1408,silu,0.45,AdamW,,0.0002,5e-06,False,,"[1, 2, 3, 4]","[2, 3, 4]",[0.68794326 2.1920904  0.91725768],0.02,1.0,0.10167,2.41476,0.45455,0.33464,"[0.53333, 0.0, 0.47059]",235,0.39063,2.28945,0.56818,0.50302,"[0.64, 0.28571, 0.58333]",69,STOPPED,7.843
77,20251218_135234,gaitgl_64steps_concat.csv,Preset_16,MLP,42,768,"[1408, 1024, 768, 512]",mean,L2,128,4,1408,silu,0.45,AdamW,,0.0002,5e-06,False,,"[1, 2, 3, 4]","[2, 3, 4]",[0.68794326 2.1920904  0.91725768],0.02,1.0,0.10217,2.68951,0.43182,0.34042,"[0.5641, 0.0, 0.45714]",450,0.32078,3.04952,0.45455,0.42071,"[0.63158, 0.34483, 0.28571]",264,STOPPED,14.381
78,20251218_135234,gaitpart_16steps_concat.csv,Preset_16,MLP,42,512,"[1408, 1024, 768, 512]",mean,L2,128,4,1408,silu,0.45,AdamW,,0.0002,5e-06,False,,"[1, 2, 3, 4]","[2, 3, 4]",[0.68794326 2.1920904  0.91725768],0.02,1.0,0.10607,3.10402,0.36364,0.3521,"[0.52941, 0.2069, 0.32]",485,0.12469,1.91539,0.61364,0.50798,"[0.69565, 0.22222, 0.60606]",368,STOPPED,15.964
79,20251218_135234,gaitset_62steps_concat.csv,Preset_16,MLP,42,768,"[1408, 1024, 768, 512]",mean,L2,128,4,1408,silu,0.45,AdamW,,0.0002,5e-06,False,,"[1, 2, 3, 4]","[2, 3, 4]",[0.68794326 2.1920904  0.91725768],0.02,1.0,0.10183,2.74115,0.38636,0.27362,"[0.56, 0.0, 0.26087]",366,0.10198,2.78331,0.43182,0.37561,"[0.5641, 0.11111, 0.45161]",262,STOPPED,11.805
80,20251218_135234,gln_93steps_concat.csv,Preset_16,MLP,42,512,"[1408, 1024, 768, 512]",mean,L2,128,4,1408,silu,0.45,AdamW,,0.0002,5e-06,False,,"[1, 2, 3, 4]","[2, 3, 4]",[0.68794326 2.1920904  0.91725768],0.02,1.0,0.10189,2.25547,0.52273,0.44156,"[0.57143, 0.18182, 0.57143]",282,0.3347,2.06324,0.54545,0.49132,"[0.6, 0.28571, 0.58824]",39,STOPPED,9.323

81,20251218_135234,baseline_31steps_concat.csv,Preset_17,MLP,42,53,"[640, 384, 256]",max,,80,3,640,gelu,0.35,Adam,,0.0001,1e-06,True,0.75,[1],"[1, 2]",[0.68794326 2.1920904  0.91725768],0.02,1.0,0.1112,1.11834,0.61364,0.44172,"[0.68, 0.0, 0.64516]",802,0.13285,1.18684,0.65909,0.54981,"[0.69388, 0.22222, 0.73333]",343,STOPPED,23.088
82,20251218_135234,gaitgl_64steps_concat.csv,Preset_17,MLP,42,75,"[640, 384, 256]",max,,80,3,640,gelu,0.35,Adam,,0.0001,1e-06,True,0.75,[1],"[1, 2]",[0.68794326 2.1920904  0.91725768],0.02,1.0,0.10367,1.49772,0.43182,0.37104,"[0.48889, 0.2, 0.42424]",1285,0.10516,1.43574,0.54545,0.46528,"[0.58333, 0.25, 0.5625]",1035,STOPPED,37.548
83,20251218_135234,gaitpart_16steps_concat.csv,Preset_17,MLP,42,42,"[640, 384, 256]",max,,80,3,640,gelu,0.35,Adam,,0.0001,1e-06,True,0.75,[1],"[1, 2]",[0.68794326 2.1920904  0.91725768],0.02,1.0,0.11537,1.82176,0.47727,0.35644,"[0.55319, 0.0, 0.51613]",699,0.64905,1.24316,0.54545,0.49163,"[0.59459, 0.28571, 0.59459]",44,STOPPED,20.704
84,20251218_135234,gaitset_62steps_concat.csv,Preset_17,MLP,42,52,"[640, 384, 256]",max,,80,3,640,gelu,0.35,Adam,,0.0001,1e-06,True,0.75,[1],"[1, 2]",[0.68794326 2.1920904  0.91725768],0.02,1.0,0.11143,1.43036,0.52273,0.39054,"[0.6383, 0.0, 0.53333]",778,0.50431,1.15329,0.56818,0.47728,"[0.68293, 0.14286, 0.60606]",65,STOPPED,23.145
85,20251218_135234,gln_93steps_concat.csv,Preset_17,MLP,42,39,"[640, 384, 256]",max,,80,3,640,gelu,0.35,Adam,,0.0001,1e-06,True,0.75,[1],"[1, 2]",[0.68794326 2.1920904  0.91725768],0.02,1.0,0.11381,1.42863,0.52273,0.38038,"[0.625, 0.0, 0.51613]",929,0.14255,1.54801,0.59091,0.49116,"[0.66667, 0.18182, 0.625]",357,STOPPED,28.833

86,20251218_135234,baseline_31steps_concat.csv,Preset_18,MLP,42,44,"[896, 512, 256]",mean,minmax,64,3,896,silu,0.4,RMSprop,,8e-05,5e-05,True,0.7,"[1, 2]","[1, 2, 3]",[0.68794326 2.1920904  0.91725768],0.02,1.0,0.11328,1.40253,0.56818,0.51938,"[0.55814, 0.33333, 0.66667]",887,0.15377,1.5058,0.63636,0.57989,"[0.65217, 0.4, 0.6875]",292,STOPPED,33.644
87,20251218_135234,gaitgl_64steps_concat.csv,Preset_18,MLP,42,55,"[896, 512, 256]",mean,minmax,64,3,896,silu,0.4,RMSprop,,8e-05,5e-05,True,0.7,"[1, 2]","[1, 2, 3]",[0.68794326 2.1920904  0.91725768],0.02,1.0,0.11057,2.14004,0.52273,0.42209,"[0.64, 0.18182, 0.44444]",1009,0.20842,2.2054,0.54545,0.48611,"[0.625, 0.33333, 0.5]",185,STOPPED,37.389
88,20251218_135234,gaitpart_16steps_concat.csv,Preset_18,MLP,42,61,"[896, 512, 256]",mean,minmax,64,3,896,silu,0.4,RMSprop,,8e-05,5e-05,True,0.7,"[1, 2]","[1, 2, 3]",[0.68794326 2.1920904  0.91725768],0.02,1.0,0.11009,1.2952,0.59091,0.51836,"[0.69565, 0.30769, 0.55172]",811,0.10965,1.36499,0.61364,0.5396,"[0.71111, 0.30769, 0.6]",742,STOPPED,30.961
89,20251218_135234,gaitset_62steps_concat.csv,Preset_18,MLP,42,62,"[896, 512, 256]",mean,minmax,64,3,896,silu,0.4,RMSprop,,8e-05,5e-05,True,0.7,"[1, 2]","[1, 2, 3]",[0.68794326 2.1920904  0.91725768],0.02,1.0,0.11213,1.47952,0.54545,0.45115,"[0.6383, 0.18182, 0.53333]",677,0.1316,1.5863,0.61364,0.543,"[0.69565, 0.33333, 0.6]",370,STOPPED,25.568
90,20251218_135234,gln_93steps_concat.csv,Preset_18,MLP,42,38,"[896, 512, 256]",mean,minmax,64,3,896,silu,0.4,RMSprop,,8e-05,5e-05,True,0.7,"[1, 2]","[1, 2, 3]",[0.68794326 2.1920904  0.91725768],0.02,1.0,0.11861,1.89426,0.45455,0.37238,"[0.56, 0.2, 0.35714]",808,0.19318,2.01708,0.52273,0.47535,"[0.59574, 0.36364, 0.46667]",234,STOPPED,32.613

91,20251218_135234,baseline_31steps_concat.csv,Preset_19,MLP,42,44,"[640, 448, 256]",mean,minmax,96,3,640,gelu,0.35,Adam,,0.00015,1e-06,True,0.7,[2],"[1, 2]",[0.68794326 2.1920904  0.91725768],0.02,1.0,0.11355,1.38387,0.54545,0.4645,"[0.56522, 0.22222, 0.60606]",864,0.11311,1.33117,0.63636,0.57989,"[0.65217, 0.4, 0.6875]",764,STOPPED,27.632
92,20251218_135234,gaitgl_64steps_concat.csv,Preset_19,MLP,42,55,"[640, 448, 256]",mean,minmax,96,3,640,gelu,0.35,Adam,,0.00015,1e-06,True,0.7,[2],"[1, 2]",[0.68794326 2.1920904  0.91725768],0.02,1.0,0.1118,1.86808,0.5,0.38555,"[0.64151, 0.18182, 0.33333]",936,0.11508,1.88675,0.56818,0.49333,"[0.66667, 0.33333, 0.48]",757,STOPPED,28.188
93,20251218_135234,gaitpart_16steps_concat.csv,Preset_19,MLP,42,61,"[640, 448, 256]",mean,minmax,96,3,640,gelu,0.35,Adam,,0.00015,1e-06,True,0.7,[2],"[1, 2]",[0.68794326 2.1920904  0.91725768],0.02,1.0,0.11158,1.13768,0.56818,0.46522,"[0.69565, 0.16667, 0.53333]",537,0.13689,1.26514,0.63636,0.56004,"[0.72727, 0.30769, 0.64516]",177,STOPPED,16.054
94,20251218_135234,gaitset_62steps_concat.csv,Preset_19,MLP,42,62,"[640, 448, 256]",mean,minmax,96,3,640,gelu,0.35,Adam,,0.00015,1e-06,True,0.7,[2],"[1, 2]",[0.68794326 2.1920904  0.91725768],0.02,1.0,0.1079,1.44186,0.52273,0.39899,"[0.59091, 0.0, 0.60606]",795,0.11147,1.42066,0.59091,0.52795,"[0.65116, 0.30769, 0.625]",669,STOPPED,23.428
95,20251218_135234,gln_93steps_concat.csv,Preset_19,MLP,42,38,"[640, 448, 256]",mean,minmax,96,3,640,gelu,0.35,Adam,,0.00015,1e-06,True,0.7,[2],"[1, 2]",[0.68794326 2.1920904  0.91725768],0.02,1.0,0.12457,2.08428,0.40909,0.3,"[0.5, 0.0, 0.4]",652,0.46604,1.30304,0.43182,0.42121,"[0.5, 0.4, 0.36364]",49,STOPPED,20.207

96,20251218_135234,baseline_31steps_concat.csv,Preset_20,MLP,42,512,"[384, 192, 96]",mean,L2,64,3,384,relu,0.35,RMSprop,,9e-05,5e-05,False,,[2],"[1, 2]",[0.68794326 2.1920904  0.91725768],0.02,1.0,0.11768,2.16945,0.45455,0.34123,"[0.47368, 0.0, 0.55]",701,0.15653,2.26041,0.52273,0.50496,"[0.52381, 0.42857, 0.5625]",223,STOPPED,28.762
97,20251218_135234,gaitgl_64steps_concat.csv,Preset_20,MLP,42,768,"[384, 192, 96]",mean,L2,64,3,384,relu,0.35,RMSprop,,9e-05,5e-05,False,,[2],"[1, 2]",[0.68794326 2.1920904  0.91725768],0.02,1.0,0.12397,1.93948,0.45455,0.29883,"[0.59649, 0.0, 0.3]",1272,0.14178,2.32025,0.5,0.46833,"[0.68421, 0.35714, 0.36364]",843,STOPPED,53.463
98,20251218_135234,gaitpart_16steps_concat.csv,Preset_20,MLP,42,512,"[384, 192, 96]",mean,L2,64,3,384,relu,0.35,RMSprop,,9e-05,5e-05,False,,[2],"[1, 2]",[0.68794326 2.1920904  0.91725768],0.02,1.0,0.10339,1.4684,0.54545,0.45983,"[0.61538, 0.2, 0.5641]",1453,0.10898,1.30652,0.63636,0.58413,"[0.73913, 0.46154, 0.55172]",1317,STOPPED,59.84
99,20251218_135234,gaitset_62steps_concat.csv,Preset_20,MLP,42,768,"[384, 192, 96]",mean,L2,64,3,384,relu,0.35,RMSprop,,9e-05,5e-05,False,,[2],"[1, 2]",[0.68794326 2.1920904  0.91725768],0.02,1.0,0.11459,2.1274,0.34091,0.26695,"[0.36842, 0.0, 0.43243]",768,0.72139,1.33923,0.45455,0.46296,"[0.5, 0.5, 0.38889]",131,STOPPED,29.369
100,20251218_135234,gln_93steps_concat.csv,Preset_20,MLP,42,512,"[384, 192, 96]",mean,L2,64,3,384,relu,0.35,RMSprop,,9e-05,5e-05,False,,[2],"[1, 2]",[0.68794326 2.1920904  0.91725768],0.02,1.0,0.10248,1.93403,0.45455,0.38506,"[0.52174, 0.18182, 0.45161]",631,0.49945,1.37116,0.56818,0.5114,"[0.61111, 0.30769, 0.61538]",94,STOPPED,26.544

101,20251218_135234,baseline_31steps_concat.csv,Preset_21,MLP,42,70,"[768, 512, 256]",mean,L2,88,3,768,silu,0.4,Adam,,0.0002,1e-07,True,0.8,"[1, 2, 3]","[1, 2]",[0.68794326 2.1920904  0.91725768],0.02,1.0,0.10346,1.54706,0.52273,0.44273,"[0.55814, 0.18182, 0.58824]",450,0.10695,1.63446,0.59091,0.53845,"[0.60465, 0.36364, 0.64706]",298,STOPPED,15.216
102,20251218_135234,gaitgl_64steps_concat.csv,Preset_21,MLP,42,81,"[768, 512, 256]",mean,L2,88,3,768,silu,0.4,Adam,,0.0002,1e-07,True,0.8,"[1, 2, 3]","[1, 2]",[0.68794326 2.1920904  0.91725768],0.02,1.0,0.10151,2.71409,0.36364,0.28373,"[0.47619, 0.0, 0.375]",690,0.10312,2.43775,0.45455,0.37814,"[0.57778, 0.14286, 0.41379]",524,STOPPED,22.607
103,20251218_135234,gaitpart_16steps_concat.csv,Preset_21,MLP,42,85,"[768, 512, 256]",mean,L2,88,3,768,silu,0.4,Adam,,0.0002,1e-07,True,0.8,"[1, 2, 3]","[1, 2]",[0.68794326 2.1920904  0.91725768],0.02,1.0,0.10335,1.88788,0.56818,0.4798,"[0.59091, 0.18182, 0.66667]",567,0.33359,1.57703,0.59091,0.55946,"[0.5641, 0.42857, 0.68571]",248,STOPPED,17.152
104,20251218_135234,gaitset_62steps_concat.csv,Preset_21,MLP,42,91,"[768, 512, 256]",mean,L2,88,3,768,silu,0.4,Adam,,0.0002,1e-07,True,0.8,"[1, 2, 3]","[1, 2]",[0.68794326 2.1920904  0.91725768],0.02,1.0,0.10311,2.1781,0.45455,0.3373,"[0.58333, 0.0, 0.42857]",461,0.7473,1.57248,0.45455,0.45421,"[0.47059, 0.45455, 0.4375]",97,STOPPED,13.975
105,20251218_135234,gln_93steps_concat.csv,Preset_21,MLP,42,63,"[768, 512, 256]",mean,L2,88,3,768,silu,0.4,Adam,,0.0002,1e-07,True,0.8,"[1, 2, 3]","[1, 2]",[0.68794326 2.1920904  0.91725768],0.02,1.0,0.1035,2.19111,0.43182,0.3698,"[0.48889, 0.15385, 0.46667]",584,0.50053,1.60639,0.45455,0.43049,"[0.55814, 0.4, 0.33333]",93,STOPPED,17.668

106,20251218_135234,baseline_31steps_concat.csv,Preset_22,MLP,42,73,"[1024, 768, 512, 256]",mean,minmax,64,4,1024,silu,0.4,Adam,,0.0001,1e-07,True,0.8,"[1, 2, 3, 4]","[1, 2, 3]",[0.68794326 2.1920904  0.91725768],0.02,1.0,0.10372,1.57096,0.63636,0.53134,"[0.65116, 0.2, 0.74286]",501,0.10589,1.58581,0.68182,0.61111,"[0.68182, 0.36364, 0.78788]",308,STOPPED,22.661
107,20251218_135234,gaitgl_64steps_concat.csv,Preset_22,MLP,42,98,"[1024, 768, 512, 256]",mean,minmax,64,4,1024,silu,0.4,Adam,,0.0001,1e-07,True,0.8,"[1, 2, 3, 4]","[1, 2, 3]",[0.68794326 2.1920904  0.91725768],0.02,1.0,0.10262,2.47614,0.40909,0.3125,"[0.5, 0.0, 0.4375]",618,0.10377,2.29845,0.52273,0.43623,"[0.6087, 0.16667, 0.53333]",419,STOPPED,27.793
108,20251218_135234,gaitpart_16steps_concat.csv,Preset_22,MLP,42,95,"[1024, 768, 512, 256]",mean,minmax,64,4,1024,silu,0.4,Adam,,0.0001,1e-07,True,0.8,"[1, 2, 3, 4]","[1, 2, 3]",[0.68794326 2.1920904  0.91725768],0.02,1.0,0.10329,1.88255,0.52273,0.43322,"[0.6383, 0.14286, 0.51852]",377,0.16017,1.82262,0.61364,0.56589,"[0.69767, 0.4, 0.6]",80,STOPPED,16.835
109,20251218_135234,gaitset_62steps_concat.csv,Preset_22,MLP,42,101,"[1024, 768, 512, 256]",mean,minmax,64,4,1024,silu,0.4,Adam,,0.0001,1e-07,True,0.8,"[1, 2, 3, 4]","[1, 2, 3]",[0.68794326 2.1920904  0.91725768],0.02,1.0,0.10205,1.85709,0.54545,0.38889,"[0.66667, 0.0, 0.5]",420,0.11955,1.98524,0.61364,0.50278,"[0.70833, 0.2, 0.6]",126,STOPPED,18.657
110,20251218_135234,gln_93steps_concat.csv,Preset_22,MLP,42,65,"[1024, 768, 512, 256]",mean,minmax,64,4,1024,silu,0.4,Adam,,0.0001,1e-07,True,0.8,"[1, 2, 3, 4]","[1, 2, 3]",[0.68794326 2.1920904  0.91725768],0.02,1.0,0.10233,2.21354,0.47727,0.39179,"[0.6087, 0.16667, 0.4]",448,0.16368,2.52246,0.54545,0.45148,"[0.6383, 0.2, 0.51613]",101,STOPPED,20.231

111,20251218_135234,baseline_31steps_concat.csv,Preset_23,MLP,42,73,"[1024, 768, 512, 256]",mean,minmax,96,4,1024,silu,0.45,Adam,,0.0001,1e-07,True,0.8,"[1, 2, 3, 4]","[1, 2]",[0.68794326 2.1920904  0.91725768],0.02,1.0,0.10624,1.53513,0.59091,0.49679,"[0.60465, 0.2, 0.68571]",512,0.1825,1.43202,0.68182,0.64193,"[0.68293, 0.5, 0.74286]",96,STOPPED,17.403
112,20251218_135234,gaitgl_64steps_concat.csv,Preset_23,MLP,42,98,"[1024, 768, 512, 256]",mean,minmax,96,4,1024,silu,0.45,Adam,,0.0001,1e-07,True,0.8,"[1, 2, 3, 4]","[1, 2]",[0.68794326 2.1920904  0.91725768],0.02,1.0,0.10356,2.29225,0.45455,0.34673,"[0.59574, 0.0, 0.44444]",579,0.10468,2.22021,0.54545,0.41796,"[0.69388, 0.0, 0.56]",398,STOPPED,20.015
113,20251218_135234,gaitpart_16steps_concat.csv,Preset_23,MLP,42,95,"[1024, 768, 512, 256]",mean,minmax,96,4,1024,silu,0.45,Adam,,0.0001,1e-07,True,0.8,"[1, 2, 3, 4]","[1, 2]",[0.68794326 2.1920904  0.91725768],0.02,1.0,0.1028,1.58621,0.56818,0.4877,"[0.69388, 0.30769, 0.46154]",513,0.15726,1.46164,0.68182,0.60606,"[0.72727, 0.36364, 0.72727]",91,STOPPED,17.45
114,20251218_135234,gaitset_62steps_concat.csv,Preset_23,MLP,42,101,"[1024, 768, 512, 256]",mean,minmax,96,4,1024,silu,0.45,Adam,,0.0001,1e-07,True,0.8,"[1, 2, 3, 4]","[1, 2]",[0.68794326 2.1920904  0.91725768],0.02,1.0,0.10202,1.78619,0.52273,0.37037,"[0.66667, 0.0, 0.44444]",500,0.16252,1.83518,0.61364,0.49714,"[0.72, 0.2, 0.57143]",93,STOPPED,16.921
115,20251218_135234,gln_93steps_concat.csv,Preset_23,MLP,42,65,"[1024, 768, 512, 256]",mean,minmax,96,4,1024,silu,0.45,Adam,,0.0001,1e-07,True,0.8,"[1, 2, 3, 4]","[1, 2]",[0.68794326 2.1920904  0.91725768],0.02,1.0,0.10398,2.02377,0.47727,0.36045,"[0.56522, 0.0, 0.51613]",604,0.73248,1.20643,0.5,0.4852,"[0.54054, 0.42857, 0.48649]",16,STOPPED,20.323

116,20251218_135234,baseline_31steps_concat.csv,Preset_24,MLP,42,512,"[768, 512, 384, 256]",mean,,80,4,768,silu,0.5,Adam,,0.00025,1e-06,False,,"[1, 3]","[2, 3]",[0.68794326 2.1920904  0.91725768],0.02,1.0,0.10153,2.03271,0.47727,0.35325,"[0.54545, 0.0, 0.51429]",294,0.10735,2.21751,0.52273,0.50656,"[0.55814, 0.46154, 0.5]",59,STOPPED,9.189
117,20251218_135234,gaitgl_64steps_concat.csv,Preset_24,MLP,42,768,"[768, 512, 384, 256]",mean,,80,4,768,silu,0.5,Adam,,0.00025,1e-06,False,,"[1, 3]","[2, 3]",[0.68794326 2.1920904  0.91725768],0.02,1.0,0.10157,2.17687,0.43182,0.31393,"[0.57143, 0.0, 0.37037]",392,0.65542,1.45423,0.43182,0.42453,"[0.3871, 0.4, 0.48649]",56,STOPPED,12.378
118,20251218_135234,gaitpart_16steps_concat.csv,Preset_24,MLP,42,512,"[768, 512, 384, 256]",mean,,80,4,768,silu,0.5,Adam,,0.00025,1e-06,False,,"[1, 3]","[2, 3]",[0.68794326 2.1920904  0.91725768],0.02,1.0,0.10165,1.779,0.59091,0.43611,"[0.70833, 0.0, 0.6]",403,0.12735,1.9501,0.61364,0.58374,"[0.7, 0.47059, 0.58065]",141,STOPPED,12.766
119,20251218_135234,gaitset_62steps_concat.csv,Preset_24,MLP,42,768,"[768, 512, 384, 256]",mean,,80,4,768,silu,0.5,Adam,,0.00025,1e-06,False,,"[1, 3]","[2, 3]",[0.68794326 2.1920904  0.91725768],0.02,1.0,0.10178,2.41218,0.40909,0.32222,"[0.5, 0.0, 0.46667]",267,0.66338,1.54707,0.38636,0.38141,"[0.42424, 0.32, 0.4]",34,STOPPED,8.383
120,20251218_135234,gln_93steps_concat.csv,Preset_24,MLP,42,512,"[768, 512, 384, 256]",mean,,80,4,768,silu,0.5,Adam,,0.00025,1e-06,False,,"[1, 3]","[2, 3]",[0.68794326 2.1920904  0.91725768],0.02,1.0,0.1019,2.07199,0.5,0.41597,"[0.58333, 0.18182, 0.48276]",226,0.64697,1.20936,0.54545,0.52544,"[0.52941, 0.46154, 0.58537]",24,STOPPED,7.034

121,20251218_135234,baseline_31steps_concat.csv,Preset_25,MLP,42,23,"[768, 384, 192, 96, 64, 64]",mean,L2,32,6,768,relu,0.3,RMSprop,,0.0002,1e-07,True,0.6,"[1, 3, 5]","[1, 3, 5]",[0.68794326 2.1920904  0.91725768],0.02,1.0,0.13809,2.03338,0.54545,0.39731,"[0.63636, 0.0, 0.55556]",555,0.32139,1.57602,0.59091,0.52637,"[0.57143, 0.30769, 0.7]",225,STOPPED,47.691
122,20251218_135234,gaitgl_64steps_concat.csv,Preset_25,MLP,42,29,"[768, 384, 192, 96, 64, 64]",mean,L2,32,6,768,relu,0.3,RMSprop,,0.0002,1e-07,True,0.6,"[1, 3, 5]","[1, 3, 5]",[0.68794326 2.1920904  0.91725768],0.02,1.0,0.10356,2.63591,0.40909,0.31075,"[0.4878, 0.0, 0.44444]",926,0.26366,2.0862,0.52273,0.43896,"[0.58333, 0.18182, 0.55172]",468,STOPPED,79.962
123,20251218_135234,gaitpart_16steps_concat.csv,Preset_25,MLP,42,32,"[768, 384, 192, 96, 64, 64]",mean,L2,32,6,768,relu,0.3,RMSprop,,0.0002,1e-07,True,0.6,"[1, 3, 5]","[1, 3, 5]",[0.68794326 2.1920904  0.91725768],0.02,1.0,0.12388,1.75612,0.59091,0.49324,"[0.65116, 0.2, 0.62857]",1017,0.132,1.3928,0.70455,0.62565,"[0.73913, 0.36364, 0.77419]",817,STOPPED,87.76
124,20251218_135234,gaitset_62steps_concat.csv,Preset_25,MLP,42,29,"[768, 384, 192, 96, 64, 64]",mean,L2,32,6,768,relu,0.3,RMSprop,,0.0002,1e-07,True,0.6,"[1, 3, 5]","[1, 3, 5]",[0.68794326 2.1920904  0.91725768],0.02,1.0,0.10691,2.20565,0.52273,0.4285,"[0.65217, 0.16667, 0.46667]",794,0.15238,1.66443,0.61364,0.50764,"[0.68, 0.22222, 0.62069]",611,STOPPED,68.32
125,20251218_135234,gln_93steps_concat.csv,Preset_25,MLP,42,20,"[768, 384, 192, 96, 64, 64]",mean,L2,32,6,768,relu,0.3,RMSprop,,0.0002,1e-07,True,0.6,"[1, 3, 5]","[1, 3, 5]",[0.68794326 2.1920904  0.91725768],0.02,1.0,0.14244,2.04314,0.54545,0.45919,"[0.59574, 0.18182, 0.6]",583,0.64059,1.16128,0.63636,0.62885,"[0.68293, 0.61538, 0.58824]",125,STOPPED,49.806

126,20251218_135234,baseline_31steps_concat.csv,Preset_26,MLP,42,73,"[896, 640, 320, 192]",mean,minmax,80,4,896,leakyrelu,0.5,Adam,,0.0002,2e-07,True,0.8,"[1, 2, 3]","[1, 2]",[0.68794326 2.1920904  0.91725768],0.02,1.0,0.10468,2.02228,0.54545,0.46111,"[0.55, 0.16667, 0.66667]",500,0.12946,1.73985,0.63636,0.52905,"[0.69565, 0.18182, 0.70968]",169,STOPPED,16.129
127,20251218_135234,gaitgl_64steps_concat.csv,Preset_26,MLP,42,98,"[896, 640, 320, 192]",mean,minmax,80,4,896,leakyrelu,0.5,Adam,,0.0002,2e-07,True,0.8,"[1, 2, 3]","[1, 2]",[0.68794326 2.1920904  0.91725768],0.02,1.0,0.10132,2.44711,0.45455,0.33611,"[0.54167, 0.0, 0.46667]",510,0.13782,2.55493,0.52273,0.38799,"[0.61224, 0.0, 0.55172]",137,STOPPED,16.465
128,20251218_135234,gaitpart_16steps_concat.csv,Preset_26,MLP,42,95,"[896, 640, 320, 192]",mean,minmax,80,4,896,leakyrelu,0.5,Adam,,0.0002,2e-07,True,0.8,"[1, 2, 3]","[1, 2]",[0.68794326 2.1920904  0.91725768],0.02,1.0,0.1071,1.61031,0.56818,0.47295,"[0.65217, 0.16667, 0.6]",427,0.12109,1.60577,0.65909,0.54722,"[0.70833, 0.2, 0.73333]",130,STOPPED,13.668
129,20251218_135234,gaitset_62steps_concat.csv,Preset_26,MLP,42,101,"[896, 640, 320, 192]",mean,minmax,80,4,896,leakyrelu,0.5,Adam,,0.0002,2e-07,True,0.8,"[1, 2, 3]","[1, 2]",[0.68794326 2.1920904  0.91725768],0.02,1.0,0.10137,2.14284,0.45455,0.32778,"[0.58333, 0.0, 0.4]",420,0.74808,1.37433,0.45455,0.43508,"[0.54054, 0.35294, 0.41176]",18,STOPPED,13.249
130,20251218_135234,gln_93steps_concat.csv,Preset_26,MLP,42,65,"[896, 640, 320, 192]",mean,minmax,80,4,896,leakyrelu,0.5,Adam,,0.0002,2e-07,True,0.8,"[1, 2, 3]","[1, 2]",[0.68794326 2.1920904  0.91725768],0.02,1.0,0.10205,2.41203,0.45455,0.33424,"[0.56522, 0.0, 0.4375]",514,0.27275,1.94272,0.54545,0.45589,"[0.62222, 0.2, 0.54545]",70,STOPPED,16.288

131,20251218_135234,baseline_31steps_concat.csv,Preset_27,MLP,42,92,"[896, 640, 384, 192]",mean,L2,64,4,896,silu,0.4,Adam,,0.0001,0.0,True,0.85,"[1, 2, 3]","[1, 2]",[0.68794326 2.1920904  0.91725768],0.02,1.0,0.10224,1.67817,0.56818,0.47784,"[0.60465, 0.18182, 0.64706]",535,0.13572,1.64376,0.59091,0.55946,"[0.5641, 0.42857, 0.68571]",241,STOPPED,21.932
132,20251218_135234,gaitgl_64steps_concat.csv,Preset_27,MLP,42,103,"[896, 640, 384, 192]",mean,L2,64,4,896,silu,0.4,Adam,,0.0001,0.0,True,0.85,"[1, 2, 3]","[1, 2]",[0.68794326 2.1920904  0.91725768],0.02,1.0,0.10133,2.78261,0.25,0.20362,"[0.36842, 0.0, 0.24242]",696,0.73498,1.77832,0.40909,0.37497,"[0.4878, 0.25, 0.3871]",125,STOPPED,28.303
133,20251218_135234,gaitpart_16steps_concat.csv,Preset_27,MLP,42,108,"[896, 640, 384, 192]",mean,L2,64,4,896,silu,0.4,Adam,,0.0001,0.0,True,0.85,"[1, 2, 3]","[1, 2]",[0.68794326 2.1920904  0.91725768],0.02,1.0,0.10127,2.02033,0.5,0.45483,"[0.54545, 0.28571, 0.53333]",712,0.10366,1.78074,0.59091,0.53157,"[0.63636, 0.33333, 0.625]",612,STOPPED,29.194
134,20251218_135234,gaitset_62steps_concat.csv,Preset_27,MLP,42,119,"[896, 640, 384, 192]",mean,L2,64,4,896,silu,0.4,Adam,,0.0001,0.0,True,0.85,"[1, 2, 3]","[1, 2]",[0.68794326 2.1920904  0.91725768],0.02,1.0,0.10215,2.20464,0.47727,0.35859,"[0.59091, 0.0, 0.48485]",542,0.72625,1.72011,0.45455,0.46507,"[0.41176, 0.52632, 0.45714]",85,STOPPED,21.976
135,20251218_135234,gln_93steps_concat.csv,Preset_27,MLP,42,85,"[896, 640, 384, 192]",mean,L2,64,4,896,silu,0.4,Adam,,0.0001,0.0,True,0.85,"[1, 2, 3]","[1, 2]",[0.68794326 2.1920904  0.91725768],0.02,1.0,0.10344,2.43509,0.38636,0.33464,"[0.46512, 0.125, 0.41379]",525,0.53309,1.8514,0.52273,0.47049,"[0.61538, 0.26667, 0.52941]",100,STOPPED,21.29

136,20251218_135234,baseline_31steps_concat.csv,Preset_28,MLP,42,41,"[768, 512, 384, 256]",mean,L2,64,4,768,silu,0.5,Adam,,0.0002,5e-07,True,0.7,"[1, 2]","[1, 2, 3]",[0.68794326 2.1920904  0.91725768],0.02,1.0,0.10924,1.7426,0.59091,0.49349,"[0.65217, 0.22222, 0.60606]",787,0.22396,1.61174,0.63636,0.5268,"[0.71111, 0.22222, 0.64706]",291,STOPPED,31.956
137,20251218_135234,gaitgl_64steps_concat.csv,Preset_28,MLP,42,51,"[768, 512, 384, 256]",mean,L2,64,4,768,silu,0.5,Adam,,0.0002,5e-07,True,0.7,"[1, 2]","[1, 2, 3]",[0.68794326 2.1920904  0.91725768],0.02,1.0,0.10466,2.13632,0.5,0.38095,"[0.57143, 0.0, 0.57143]",950,0.14916,2.53768,0.52273,0.44378,"[0.57143, 0.15385, 0.60606]",523,STOPPED,38.191
138,20251218_135234,gaitpart_16steps_concat.csv,Preset_28,MLP,42,53,"[768, 512, 384, 256]",mean,L2,64,4,768,silu,0.5,Adam,,0.0002,5e-07,True,0.7,"[1, 2]","[1, 2, 3]",[0.68794326 2.1920904  0.91725768],0.02,1.0,0.10375,1.53821,0.61364,0.50764,"[0.68, 0.22222, 0.62069]",951,0.20453,1.90995,0.63636,0.57778,"[0.66667, 0.4, 0.66667]",398,STOPPED,38.346
139,20251218_135234,gaitset_62steps_concat.csv,Preset_28,MLP,42,53,"[768, 512, 384, 256]",mean,L2,64,4,768,silu,0.5,Adam,,0.0002,5e-07,True,0.7,"[1, 2]","[1, 2, 3]",[0.68794326 2.1920904  0.91725768],0.02,1.0,0.10425,1.68328,0.59091,0.48717,"[0.68085, 0.2, 0.58065]",868,0.20151,2.09639,0.61364,0.5417,"[0.71111, 0.33333, 0.58065]",362,STOPPED,34.989
140,20251218_135234,gln_93steps_concat.csv,Preset_28,MLP,42,35,"[768, 512, 384, 256]",mean,L2,64,4,768,silu,0.5,Adam,,0.0002,5e-07,True,0.7,"[1, 2]","[1, 2, 3]",[0.68794326 2.1920904  0.91725768],0.02,1.0,0.10891,2.32983,0.40909,0.34431,"[0.55814, 0.11765, 0.35714]",804,0.42828,1.52578,0.56818,0.52153,"[0.68182, 0.4, 0.48276]",200,STOPPED,37.092

141,20251218_135234,baseline_31steps_concat.csv,Preset_29,MLP,42,21,"[1024, 512, 256, 128]",mean,,32,4,1024,gelu,0.2,AdamW,,0.0003,1e-05,True,0.6,"[2, 3, 4]","[1, 3]",[0.68794326 2.1920904  0.91725768],0.02,1.0,0.10198,1.62136,0.52273,0.43555,"[0.6087, 0.18182, 0.51613]",416,0.10945,1.48112,0.61364,0.59749,"[0.63415, 0.53333, 0.625]",274,STOPPED,33.89
142,20251218_135234,gaitgl_64steps_concat.csv,Preset_29,MLP,42,13,"[1024, 512, 256, 128]",mean,,32,4,1024,gelu,0.2,AdamW,,0.0003,1e-05,True,0.6,"[2, 3, 4]","[1, 3]",[0.68794326 2.1920904  0.91725768],0.02,1.0,0.12822,2.23511,0.43182,0.34618,"[0.54902, 0.18182, 0.30769]",397,0.14198,2.37035,0.5,0.47348,"[0.54545, 0.375, 0.5]",108,STOPPED,32.575
143,20251218_135234,gaitpart_16steps_concat.csv,Preset_29,MLP,42,28,"[1024, 512, 256, 128]",mean,,32,4,1024,gelu,0.2,AdamW,,0.0003,1e-05,True,0.6,"[2, 3, 4]","[1, 3]",[0.68794326 2.1920904  0.91725768],0.02,1.0,0.11328,1.84061,0.52273,0.44211,"[0.57143, 0.16667, 0.58824]",329,0.11571,1.72739,0.61364,0.57923,"[0.65116, 0.46154, 0.625]",129,STOPPED,27.883
144,20251218_135234,gaitset_62steps_concat.csv,Preset_29,MLP,42,27,"[1024, 512, 256, 128]",mean,,32,4,1024,gelu,0.2,AdamW,,0.0003,1e-05,True,0.6,"[2, 3, 4]","[1, 3]",[0.68794326 2.1920904  0.91725768],0.02,1.0,0.10175,1.85414,0.45455,0.36822,"[0.60465, 0.0, 0.5]",490,0.1041,1.58918,0.59091,0.49759,"[0.71429, 0.13333, 0.64516]",390,STOPPED,41.212
145,20251218_135234,gln_93steps_concat.csv,Preset_29,MLP,42,18,"[1024, 512, 256, 128]",mean,,32,4,1024,gelu,0.2,AdamW,,0.0003,1e-05,True,0.6,"[2, 3, 4]","[1, 3]",[0.68794326 2.1920904  0.91725768],0.02,1.0,0.10213,1.54291,0.54545,0.49042,"[0.63415, 0.30769, 0.52941]",557,0.10247,1.52391,0.63636,0.62885,"[0.68293, 0.61538, 0.58824]",456,STOPPED,46.812

146,20251218_135234,baseline_31steps_concat.csv,Preset_30,MLP,42,39,"[384, 384, 192]",mean,,48,3,384,silu,0.15,Adam,,0.0006,0.0,True,0.7,"[2, 3]","[1, 3]",[0.68794326 2.1920904  0.91725768],0.02,1.0,0.10418,1.64895,0.52273,0.47525,"[0.48649, 0.30769, 0.63158]",547,0.10438,1.42421,0.61364,0.55106,"[0.63415, 0.33333, 0.68571]",376,STOPPED,30.149
147,20251218_135234,gaitgl_64steps_concat.csv,Preset_30,MLP,42,34,"[384, 384, 192]",mean,,48,3,384,silu,0.15,Adam,,0.0006,0.0,True,0.7,"[2, 3]","[1, 3]",[0.68794326 2.1920904  0.91725768],0.02,1.0,0.10321,1.99874,0.54545,0.45869,"[0.62222, 0.15385, 0.6]",317,0.16331,1.92586,0.59091,0.52479,"[0.66667, 0.30769, 0.6]",39,STOPPED,17.415
148,20251218_135234,gaitpart_16steps_concat.csv,Preset_30,MLP,42,49,"[384, 384, 192]",mean,,48,3,384,silu,0.15,Adam,,0.0006,0.0,True,0.7,"[2, 3]","[1, 3]",[0.68794326 2.1920904  0.91725768],0.02,1.0,0.10519,1.43697,0.54545,0.41795,"[0.6087, 0.0, 0.64516]",335,0.10275,1.32137,0.65909,0.61457,"[0.68182, 0.42857, 0.73333]",265,STOPPED,18.366
149,20251218_135234,gaitset_62steps_concat.csv,Preset_30,MLP,42,50,"[384, 384, 192]",mean,,48,3,384,silu,0.15,Adam,,0.0006,0.0,True,0.7,"[2, 3]","[1, 3]",[0.68794326 2.1920904  0.91725768],0.02,1.0,0.10614,1.68441,0.5,0.44709,"[0.61905, 0.22222, 0.5]",321,0.12597,1.58136,0.68182,0.55954,"[0.77273, 0.2, 0.70588]",121,STOPPED,17.726
150,20251218_135234,gln_93steps_concat.csv,Preset_30,MLP,42,34,"[384, 384, 192]",mean,,48,3,384,silu,0.15,Adam,,0.0006,0.0,True,0.7,"[2, 3]","[1, 3]",[0.68794326 2.1920904  0.91725768],0.02,1.0,0.10605,2.04125,0.5,0.45359,"[0.58333, 0.36364, 0.41379]",420,0.11028,1.87535,0.54545,0.53623,"[0.6087, 0.57143, 0.42857]",203,STOPPED,22.878

151,20251218_135234,baseline_31steps_concat.csv,Preset_31,MLP,42,53,"[640, 640, 512]",mean,L2,96,3,640,silu,0.4,AdamW,,0.00015,1e-05,True,0.75,"[1, 2, 3]","[2, 3]",[0.68794326 2.1920904  0.91725768],0.02,1.0,0.10476,1.59083,0.56818,0.47932,"[0.59091, 0.2, 0.64706]",576,0.10824,1.54301,0.63636,0.5726,"[0.66667, 0.36364, 0.6875]",467,STOPPED,21.628
152,20251218_135234,gaitgl_64steps_concat.csv,Preset_31,MLP,42,64,"[640, 640, 512]",mean,L2,96,3,640,silu,0.4,AdamW,,0.00015,1e-05,True,0.75,"[1, 2, 3]","[2, 3]",[0.68794326 2.1920904  0.91725768],0.02,1.0,0.10583,2.36288,0.40909,0.3088,"[0.48889, 0.0, 0.4375]",830,0.14367,2.68463,0.52273,0.37425,"[0.64, 0.0, 0.48276]",329,STOPPED,29.915
153,20251218_135234,gaitpart_16steps_concat.csv,Preset_31,MLP,42,67,"[640, 640, 512]",mean,L2,96,3,640,silu,0.4,AdamW,,0.00015,1e-05,True,0.75,"[1, 2, 3]","[2, 3]",[0.68794326 2.1920904  0.91725768],0.02,1.0,0.1034,1.67284,0.45455,0.35236,"[0.51163, 0.0, 0.54545]",833,0.20869,1.82847,0.59091,0.57032,"[0.61538, 0.47059, 0.625]",307,STOPPED,30.427
154,20251218_135234,gaitset_62steps_concat.csv,Preset_31,MLP,42,70,"[640, 640, 512]",mean,L2,96,3,640,silu,0.4,AdamW,,0.00015,1e-05,True,0.75,"[1, 2, 3]","[2, 3]",[0.68794326 2.1920904  0.91725768],0.02,1.0,0.10356,1.76339,0.52273,0.38889,"[0.66667, 0.0, 0.5]",808,0.10779,1.83696,0.56818,0.47033,"[0.68182, 0.16667, 0.5625]",533,STOPPED,29.335
155,20251218_135234,gln_93steps_concat.csv,Preset_31,MLP,42,47,"[640, 640, 512]",mean,L2,96,3,640,silu,0.4,AdamW,,0.00015,1e-05,True,0.75,"[1, 2, 3]","[2, 3]",[0.68794326 2.1920904  0.91725768],0.02,1.0,0.10612,1.9629,0.45455,0.32094,"[0.54902, 0.0, 0.41379]",578,0.3643,1.42882,0.63636,0.57201,"[0.68571, 0.36364, 0.66667]",77,STOPPED,20.98

156,20251218_135234,baseline_31steps_concat.csv,Preset_32,MLP,42,70,"[768, 512, 256]",mean,L2,80,3,768,silu,0.4,Adam,,0.00015,2e-07,True,0.8,"[1, 2]","[1, 2]",[0.68794326 2.1920904  0.91725768],0.02,1.0,0.10626,1.60212,0.54545,0.46111,"[0.58333, 0.2, 0.6]",604,0.23245,2.07897,0.56818,0.51468,"[0.60465, 0.33333, 0.60606]",188,STOPPED,21.485
157,20251218_135234,gaitgl_64steps_concat.csv,Preset_32,MLP,42,81,"[768, 512, 256]",mean,L2,80,3,768,silu,0.4,Adam,,0.00015,2e-07,True,0.8,"[1, 2]","[1, 2]",[0.68794326 2.1920904  0.91725768],0.02,1.0,0.103,2.56422,0.36364,0.28381,"[0.4878, 0.0, 0.36364]",852,0.66248,1.9233,0.38636,0.35162,"[0.4878, 0.22222, 0.34483]",190,STOPPED,30.079
158,20251218_135234,gaitpart_16steps_concat.csv,Preset_32,MLP,42,85,"[768, 512, 256]",mean,L2,80,3,768,silu,0.4,Adam,,0.00015,2e-07,True,0.8,"[1, 2]","[1, 2]",[0.68794326 2.1920904  0.91725768],0.02,1.0,0.10351,1.51092,0.52273,0.39461,"[0.57778, 0.0, 0.60606]",745,0.25638,1.84624,0.59091,0.53732,"[0.5641, 0.36364, 0.68421]",331,STOPPED,26.478
159,20251218_135234,gaitset_62steps_concat.csv,Preset_32,MLP,42,91,"[768, 512, 256]",mean,L2,80,3,768,silu,0.4,Adam,,0.00015,2e-07,True,0.8,"[1, 2]","[1, 2]",[0.68794326 2.1920904  0.91725768],0.02,1.0,0.10429,1.76539,0.54545,0.39506,"[0.66667, 0.0, 0.51852]",609,0.11375,1.97829,0.56818,0.45857,"[0.69388, 0.18182, 0.5]",343,STOPPED,21.621
160,20251218_135234,gln_93steps_concat.csv,Preset_32,MLP,42,63,"[768, 512, 256]",mean,L2,80,3,768,silu,0.4,Adam,,0.00015,2e-07,True,0.8,"[1, 2]","[1, 2]",[0.68794326 2.1920904  0.91725768],0.02,1.0,0.10823,1.91115,0.38636,0.29275,"[0.47826, 0.0, 0.4]",585,0.67951,1.43257,0.45455,0.44911,"[0.52632, 0.47619, 0.34483]",85,STOPPED,20.792

161,20251218_135234,baseline_31steps_concat.csv,Preset_33,MLP,42,52,"[896, 896, 896, 896]",mean,,96,4,896,silu,0.45,AdamW,,0.00015,1e-05,True,0.75,"[1, 2, 3, 4]","[2, 3, 4]",[0.68794326 2.1920904  0.91725768],0.02,1.0,0.10408,2.01097,0.56818,0.51641,"[0.59091, 0.33333, 0.625]",478,0.24637,2.20775,0.61364,0.57422,"[0.52941, 0.46154, 0.73171]",123,STOPPED,20.93
162,20251218_135234,gaitgl_64steps_concat.csv,Preset_33,MLP,42,48,"[896, 896, 896, 896]",mean,,96,4,896,silu,0.45,AdamW,,0.00015,1e-05,True,0.75,"[1, 2, 3, 4]","[2, 3, 4]",[0.68794326 2.1920904  0.91725768],0.02,1.0,0.10196,2.04199,0.54545,0.41123,"[0.6087, 0.0, 0.625]",361,0.11841,2.38158,0.59091,0.49239,"[0.65217, 0.2, 0.625]",95,STOPPED,15.816
163,20251218_135234,gaitpart_16steps_concat.csv,Preset_33,MLP,42,63,"[896, 896, 896, 896]",mean,,96,4,896,silu,0.45,AdamW,,0.00015,1e-05,True,0.75,"[1, 2, 3, 4]","[2, 3, 4]",[0.68794326 2.1920904  0.91725768],0.02,1.0,0.10211,1.48269,0.59091,0.49235,"[0.66667, 0.18182, 0.62857]",401,0.18606,1.92131,0.65909,0.59446,"[0.69767, 0.4, 0.68571]",144,STOPPED,17.655
164,20251218_135234,gaitset_62steps_concat.csv,Preset_33,MLP,42,67,"[896, 896, 896, 896]",mean,,96,4,896,silu,0.45,AdamW,,0.00015,1e-05,True,0.75,"[1, 2, 3, 4]","[2, 3, 4]",[0.68794326 2.1920904  0.91725768],0.02,1.0,0.10297,2.14159,0.54545,0.41577,"[0.66667, 0.0, 0.58065]",429,0.11692,2.33043,0.59091,0.49841,"[0.66667, 0.14286, 0.68571]",237,STOPPED,19.037
165,20251218_135234,gln_93steps_concat.csv,Preset_33,MLP,42,46,"[896, 896, 896, 896]",mean,,96,4,896,silu,0.45,AdamW,,0.00015,1e-05,True,0.75,"[1, 2, 3, 4]","[2, 3, 4]",[0.68794326 2.1920904  0.91725768],0.02,1.0,0.10295,2.21182,0.45455,0.38384,"[0.54545, 0.18182, 0.42424]",602,0.11111,2.01998,0.56818,0.53417,"[0.62222, 0.42857, 0.55172]",337,STOPPED,26.422

166,20251218_135234,baseline_31steps_concat.csv,Preset_34,MLP,42,70,"[1024, 1024, 512]",mean,L2,128,3,1024,silu,0.4,Adam,,0.0002,0.0,True,0.8,"[1, 2, 3]","[2, 3]",[0.68794326 2.1920904  0.91725768],0.02,1.0,0.10337,1.46234,0.54545,0.46341,"[0.56522, 0.2, 0.625]",444,0.10678,1.60622,0.61364,0.58889,"[0.6, 0.5, 0.66667]",241,STOPPED,14.357
167,20251218_135234,gaitgl_64steps_concat.csv,Preset_34,MLP,42,81,"[1024, 1024, 512]",mean,L2,128,3,1024,silu,0.4,Adam,,0.0002,0.0,True,0.8,"[1, 2, 3]","[2, 3]",[0.68794326 2.1920904  0.91725768],0.02,1.0,0.10281,2.48947,0.40909,0.30681,"[0.53333, 0.0, 0.3871]",547,0.63672,1.84125,0.40909,0.36802,"[0.51163, 0.23529, 0.35714]",140,STOPPED,17.435
168,20251218_135234,gaitpart_16steps_concat.csv,Preset_34,MLP,42,85,"[1024, 1024, 512]",mean,L2,128,3,1024,silu,0.4,Adam,,0.0002,0.0,True,0.8,"[1, 2, 3]","[2, 3]",[0.68794326 2.1920904  0.91725768],0.02,1.0,0.10262,1.65928,0.56818,0.43207,"[0.6087, 0.0, 0.6875]",577,0.21097,1.78665,0.56818,0.53759,"[0.5, 0.42857, 0.68421]",275,STOPPED,18.268
169,20251218_135234,gaitset_62steps_concat.csv,Preset_34,MLP,42,91,"[1024, 1024, 512]",mean,L2,128,3,1024,silu,0.4,Adam,,0.0002,0.0,True,0.8,"[1, 2, 3]","[2, 3]",[0.68794326 2.1920904  0.91725768],0.02,1.0,0.10289,1.93303,0.47727,0.36525,"[0.59574, 0.0, 0.5]",421,0.10454,2.17671,0.47727,0.43114,"[0.55814, 0.23529, 0.5]",313,STOPPED,13.614
170,20251218_135234,gln_93steps_concat.csv,Preset_34,MLP,42,63,"[1024, 1024, 512]",mean,L2,128,3,1024,silu,0.4,Adam,,0.0002,0.0,True,0.8,"[1, 2, 3]","[2, 3]",[0.68794326 2.1920904  0.91725768],0.02,1.0,0.10257,2.00435,0.40909,0.29238,"[0.52, 0.0, 0.35714]",475,0.42249,1.67167,0.47727,0.45004,"[0.48649, 0.36364, 0.5]",61,STOPPED,14.955

171,20251218_135234,baseline_31steps_concat.csv,Preset_35,MLP,42,92,"[1280, 896, 512, 256]",mean,L2,64,4,1280,silu,0.5,AdamW,,0.0002,1e-06,True,0.85,"[1, 3]","[1, 3]",[0.68794326 2.1920904  0.91725768],0.02,1.0,0.10253,1.69784,0.52273,0.44207,"[0.51282, 0.18182, 0.63158]",397,0.73037,1.08096,0.61364,0.55395,"[0.65116, 0.36364, 0.64706]",49,STOPPED,20.799
172,20251218_135234,gaitgl_64steps_concat.csv,Preset_35,MLP,42,103,"[1280, 896, 512, 256]",mean,L2,64,4,1280,silu,0.5,AdamW,,0.0002,1e-06,True,0.85,"[1, 3]","[1, 3]",[0.68794326 2.1920904  0.91725768],0.02,1.0,0.1021,2.12379,0.38636,0.33682,"[0.47368, 0.125, 0.41176]",483,0.65957,1.44096,0.43182,0.39809,"[0.47368, 0.25, 0.47059]",80,STOPPED,24.995
173,20251218_135234,gaitpart_16steps_concat.csv,Preset_35,MLP,42,108,"[1280, 896, 512, 256]",mean,L2,64,4,1280,silu,0.5,AdamW,,0.0002,1e-06,True,0.85,"[1, 3]","[1, 3]",[0.68794326 2.1920904  0.91725768],0.02,1.0,0.10197,1.80722,0.54545,0.45705,"[0.6087, 0.18182, 0.58065]",464,0.10193,1.80383,0.56818,0.51258,"[0.58537, 0.28571, 0.66667]",437,STOPPED,24.127
174,20251218_135234,gaitset_62steps_concat.csv,Preset_35,MLP,42,119,"[1280, 896, 512, 256]",mean,L2,64,4,1280,silu,0.5,AdamW,,0.0002,1e-06,True,0.85,"[1, 3]","[1, 3]",[0.68794326 2.1920904  0.91725768],0.02,1.0,0.10181,2.08327,0.45455,0.38889,"[0.52381, 0.14286, 0.5]",397,0.70295,1.46365,0.45455,0.45455,"[0.42424, 0.45455, 0.48485]",51,STOPPED,20.383
175,20251218_135234,gln_93steps_concat.csv,Preset_35,MLP,42,85,"[1280, 896, 512, 256]",mean,L2,64,4,1280,silu,0.5,AdamW,,0.0002,1e-06,True,0.85,"[1, 3]","[1, 3]",[0.68794326 2.1920904  0.91725768],0.02,1.0,0.10174,2.17703,0.38636,0.3,"[0.5, 0.0, 0.4]",429,0.66708,1.46172,0.47727,0.45859,"[0.51429, 0.375, 0.48649]",51,STOPPED,22.407

176,20251218_135234,baseline_31steps_concat.csv,Preset_36,MLP,42,124,"[512, 256]",mean,L2,64,2,512,silu,,RMSprop,,0.001,1e-07,True,0.9,[],[],[0.68794326 2.1920904  0.91725768],0.02,1.0,0.10287,2.79355,0.36364,0.33984,"[0.43243, 0.2, 0.3871]",978,0.60277,1.5529,0.54545,0.50152,"[0.58537, 0.36364, 0.55556]",28,STOPPED,35.519
177,20251218_135234,gaitgl_64steps_concat.csv,Preset_36,MLP,42,131,"[512, 256]",mean,L2,64,2,512,silu,,RMSprop,,0.001,1e-07,True,0.9,[],[],[0.68794326 2.1920904  0.91725768],0.02,1.0,0.10314,2.9948,0.29545,0.26232,"[0.29412, 0.14286, 0.35]",1120,0.52548,1.77578,0.54545,0.51681,"[0.62222, 0.46154, 0.46667]",112,STOPPED,40.422
178,20251218_135234,gaitpart_16steps_concat.csv,Preset_36,MLP,42,141,"[512, 256]",mean,L2,64,2,512,silu,,RMSprop,,0.001,1e-07,True,0.9,[],[],[0.68794326 2.1920904  0.91725768],0.02,1.0,0.10324,3.05452,0.43182,0.37273,"[0.5, 0.13333, 0.48485]",1241,0.55515,1.15978,0.56818,0.54503,"[0.57895, 0.46154, 0.59459]",22,STOPPED,44.235
179,20251218_135234,gaitset_62steps_concat.csv,Preset_36,MLP,42,158,"[512, 256]",mean,L2,64,2,512,silu,,RMSprop,,0.001,1e-07,True,0.9,[],[],[0.68794326 2.1920904  0.91725768],0.02,1.0,0.10275,4.30285,0.34091,0.28627,"[0.53659, 0.1, 0.22222]",969,0.66308,1.35599,0.45455,0.47051,"[0.42105, 0.53333, 0.45714]",13,STOPPED,34.713
180,20251218_135234,gln_93steps_concat.csv,Preset_36,MLP,42,117,"[512, 256]",mean,L2,64,2,512,silu,,RMSprop,,0.001,1e-07,True,0.9,[],[],[0.68794326 2.1920904  0.91725768],0.02,1.0,0.10273,2.63397,0.40909,0.35539,"[0.4878, 0.2, 0.37838]",771,0.11701,3.05798,0.54545,0.4588,"[0.59459, 0.18182, 0.6]",476,STOPPED,28.006

181,20251218_135234,baseline_31steps_concat.csv,Preset_37,MLP,42,73,"[512, 256]",mean,minmax,128,2,512,silu,0.3,Adam,,0.0001,1e-06,True,0.8,[1],[1],[0.68794326 2.1920904  0.91725768],0.02,1.0,0.12549,1.36636,0.45455,0.38999,"[0.5, 0.15385, 0.51613]",680,0.17255,1.48725,0.54545,0.45845,"[0.6087, 0.16667, 0.6]",227,STOPPED,17.691
182,20251218_135234,gaitgl_64steps_concat.csv,Preset_37,MLP,42,98,"[512, 256]",mean,minmax,128,2,512,silu,0.3,Adam,,0.0001,1e-06,True,0.8,[1],[1],[0.68794326 2.1920904  0.91725768],0.02,1.0,0.11693,1.8944,0.40909,0.30344,"[0.55319, 0.0, 0.35714]",741,0.70054,1.21761,0.40909,0.35119,"[0.5, 0.125, 0.42857]",53,STOPPED,19.281
183,20251218_135234,gaitpart_16steps_concat.csv,Preset_37,MLP,42,95,"[512, 256]",mean,minmax,128,2,512,silu,0.3,Adam,,0.0001,1e-06,True,0.8,[1],[1],[0.68794326 2.1920904  0.91725768],0.02,1.0,0.10837,1.25102,0.54545,0.4843,"[0.65116, 0.25, 0.55172]",1039,0.11381,1.24212,0.63636,0.56182,"[0.71111, 0.30769, 0.66667]",757,STOPPED,26.797
184,20251218_135234,gaitset_62steps_concat.csv,Preset_37,MLP,42,101,"[512, 256]",mean,minmax,128,2,512,silu,0.3,Adam,,0.0001,1e-06,True,0.8,[1],[1],[0.68794326 2.1920904  0.91725768],0.02,1.0,0.11159,1.40051,0.47727,0.34239,"[0.65217, 0.0, 0.375]",872,0.71419,1.14069,0.52273,0.51297,"[0.61111, 0.47619, 0.45161]",48,STOPPED,22.442
185,20251218_135234,gln_93steps_concat.csv,Preset_37,MLP,42,65,"[512, 256]",mean,minmax,128,2,512,silu,0.3,Adam,,0.0001,1e-06,True,0.8,[1],[1],[0.68794326 2.1920904  0.91725768],0.02,1.0,0.11787,1.51059,0.5,0.42487,"[0.54545, 0.16667, 0.5625]",973,0.13172,1.55069,0.52273,0.47321,"[0.57143, 0.28571, 0.5625]",585,STOPPED,25.263

186,20251218_135234,baseline_31steps_concat.csv,Preset_38,MLP,42,512,"[1024, 768, 384, 192]",mean,minmax,80,4,1024,leakyrelu,0.55,SGD,0.9,0.002,1e-05,False,,[2],"[1, 3]",[0.68794326 2.1920904  0.91725768],0.02,1.0,0.11381,1.78198,0.54545,0.40188,"[0.625, 0.0, 0.58065]",1086,0.46263,1.33621,0.56818,0.51282,"[0.5641, 0.30769, 0.66667]",287,STOPPED,37.242
187,20251218_135234,gaitgl_64steps_concat.csv,Preset_38,MLP,42,768,"[1024, 768, 384, 192]",mean,minmax,80,4,1024,leakyrelu,0.55,SGD,0.9,0.002,1e-05,False,,[2],"[1, 3]",[0.68794326 2.1920904  0.91725768],0.02,1.0,0.11206,2.1114,0.45455,0.33115,"[0.54902, 0.0, 0.44444]",1141,0.11057,2.0441,0.56818,0.41137,"[0.64151, 0.0, 0.59259]",1108,STOPPED,39.914
188,20251218_135234,gaitpart_16steps_concat.csv,Preset_38,MLP,42,512,"[1024, 768, 384, 192]",mean,minmax,80,4,1024,leakyrelu,0.55,SGD,0.9,0.002,1e-05,False,,[2],"[1, 3]",[0.68794326 2.1920904  0.91725768],0.02,1.0,0.10858,1.49837,0.56818,0.47434,"[0.6383, 0.22222, 0.5625]",1171,0.1107,1.32455,0.63636,0.57944,"[0.69388, 0.44444, 0.6]",1071,STOPPED,40.812
189,20251218_135234,gaitset_62steps_concat.csv,Preset_38,MLP,42,768,"[1024, 768, 384, 192]",mean,minmax,80,4,1024,leakyrelu,0.55,SGD,0.9,0.002,1e-05,False,,[2],"[1, 3]",[0.68794326 2.1920904  0.91725768],0.02,1.0,0.10854,1.82348,0.40909,0.2955,"[0.54167, 0.0, 0.34483]",1119,0.12446,2.04145,0.52273,0.44444,"[0.66667, 0.25, 0.41667]",649,STOPPED,38.845
190,20251218_135234,gln_93steps_concat.csv,Preset_38,MLP,42,512,"[1024, 768, 384, 192]",mean,minmax,80,4,1024,leakyrelu,0.55,SGD,0.9,0.002,1e-05,False,,[2],"[1, 3]",[0.68794326 2.1920904  0.91725768],0.02,1.0,0.11109,1.71092,0.47727,0.40389,"[0.56522, 0.22222, 0.42424]",1121,0.12541,1.73971,0.61364,0.56053,"[0.63158, 0.4, 0.65]",644,STOPPED,38.291

191,20251218_135234,baseline_31steps_concat.csv,Preset_39,MLP,42,73,"[1280, 1024, 768, 512]",mean,minmax,64,4,1280,silu,0.5,AdamW,,0.00015,5e-06,True,0.8,"[1, 2, 3]","[2, 3]",[0.68794326 2.1920904  0.91725768],0.02,1.0,0.10115,1.66979,0.54545,0.44866,"[0.62745, 0.2, 0.51852]",363,0.10708,1.50562,0.61364,0.51601,"[0.6383, 0.22222, 0.6875]",90,STOPPED,20.359
192,20251218_135234,gaitgl_64steps_concat.csv,Preset_39,MLP,42,98,"[1280, 1024, 768, 512]",mean,minmax,64,4,1280,silu,0.5,AdamW,,0.00015,5e-06,True,0.8,"[1, 2, 3]","[2, 3]",[0.68794326 2.1920904  0.91725768],0.02,1.0,0.10129,2.07776,0.45455,0.34396,"[0.56522, 0.0, 0.46667]",329,0.12337,2.42739,0.5,0.47435,"[0.57143, 0.4, 0.45161]",34,STOPPED,18.728
193,20251218_135234,gaitpart_16steps_concat.csv,Preset_39,MLP,42,95,"[1280, 1024, 768, 512]",mean,minmax,64,4,1280,silu,0.5,AdamW,,0.00015,5e-06,True,0.8,"[1, 2, 3]","[2, 3]",[0.68794326 2.1920904  0.91725768],0.02,1.0,0.10121,1.57864,0.54545,0.44982,"[0.66667, 0.16667, 0.51613]",345,0.1201,1.77051,0.63636,0.52593,"[0.71111, 0.2, 0.66667]",29,STOPPED,19.457
194,20251218_135234,gaitset_62steps_concat.csv,Preset_39,MLP,42,101,"[1280, 1024, 768, 512]",mean,minmax,64,4,1280,silu,0.5,AdamW,,0.00015,5e-06,True,0.8,"[1, 2, 3]","[2, 3]",[0.68794326 2.1920904  0.91725768],0.02,1.0,0.10188,1.75538,0.5,0.3602,"[0.59574, 0.0, 0.48485]",285,0.10206,1.69202,0.52273,0.43859,"[0.6087, 0.22222, 0.48485]",221,STOPPED,16.105
195,20251218_135234,gln_93steps_concat.csv,Preset_39,MLP,42,65,"[1280, 1024, 768, 512]",mean,minmax,64,4,1280,silu,0.5,AdamW,,0.00015,5e-06,True,0.8,"[1, 2, 3]","[2, 3]",[0.68794326 2.1920904  0.91725768],0.02,1.0,0.10162,1.9278,0.43182,0.37033,"[0.5, 0.15385, 0.45714]",345,0.74959,1.1541,0.5,0.46674,"[0.53659, 0.36364, 0.5]",7,STOPPED,19.308

196,20251218_135234,baseline_31steps_concat.csv,Preset_40,MLP,42,512,"[896, 576, 288]",max,minmax,80,3,896,silu,0.45,AdamW,,0.001,5e-05,False,,"[1, 2, 3]","[1, 2]",[0.68794326 2.1920904  0.91725768],0.02,1.0,0.18748,2.49758,0.40909,0.29181,"[0.53061, 0.0, 0.34483]",511,0.55646,1.40835,0.52273,0.38939,"[0.53659, 0.0, 0.63158]",59,STOPPED,18.11
197,20251218_135234,gaitgl_64steps_concat.csv,Preset_40,MLP,42,768,"[896, 576, 288]",max,minmax,80,3,896,silu,0.45,AdamW,,0.001,5e-05,False,,"[1, 2, 3]","[1, 2]",[0.68794326 2.1920904  0.91725768],0.02,1.0,0.12738,2.34122,0.5,0.43056,"[0.625, 0.26667, 0.4]",339,0.11988,2.16366,0.56818,0.54432,"[0.6, 0.46154, 0.57143]",182,STOPPED,12.524
198,20251218_135234,gaitpart_16steps_concat.csv,Preset_40,MLP,42,512,"[896, 576, 288]",max,minmax,80,3,896,silu,0.45,AdamW,,0.001,5e-05,False,,"[1, 2, 3]","[1, 2]",[0.68794326 2.1920904  0.91725768],0.02,1.0,0.11456,2.58052,0.45455,0.40884,"[0.59574, 0.4, 0.23077]",559,0.43491,1.51123,0.59091,0.53737,"[0.66667, 0.4, 0.54545]",147,STOPPED,20.018
199,20251218_135234,gaitset_62steps_concat.csv,Preset_40,MLP,42,768,"[896, 576, 288]",max,minmax,80,3,896,silu,0.45,AdamW,,0.001,5e-05,False,,"[1, 2, 3]","[1, 2]",[0.68794326 2.1920904  0.91725768],0.02,1.0,0.1205,2.49652,0.43182,0.36919,"[0.55, 0.13333, 0.42424]",631,0.68776,1.14946,0.5,0.45156,"[0.62222, 0.31579, 0.41667]",67,STOPPED,22.927
200,20251218_135234,gln_93steps_concat.csv,Preset_40,MLP,42,512,"[896, 576, 288]",max,minmax,80,3,896,silu,0.45,AdamW,,0.001,5e-05,False,,"[1, 2, 3]","[1, 2]",[0.68794326 2.1920904  0.91725768],0.02,1.0,0.15562,2.31019,0.45455,0.32313,"[0.61224, 0.0, 0.35714]",419,0.70904,1.15213,0.45455,0.38047,"[0.57778, 0.2, 0.36364]",52,STOPPED,14.955

201,20251218_135234,baseline_31steps_concat.csv,Preset_41,MLP,42,44,"[1024, 768, 512]",mean,minmax,96,3,1024,gelu,0.4,AdamW,,0.0002,1e-05,True,0.7,"[1, 2, 3]","[2, 3]",[0.68794326 2.1920904  0.91725768],0.02,1.0,0.10357,1.47496,0.52273,0.45159,"[0.53333, 0.25, 0.57143]",273,0.11097,1.47199,0.59091,0.57018,"[0.52632, 0.5, 0.68421]",70,STOPPED,9.928
202,20251218_135234,gaitgl_64steps_concat.csv,Preset_41,MLP,42,55,"[1024, 768, 512]",mean,minmax,96,3,1024,gelu,0.4,AdamW,,0.0002,1e-05,True,0.7,"[1, 2, 3]","[2, 3]",[0.68794326 2.1920904  0.91725768],0.02,1.0,0.10214,2.07708,0.45455,0.32841,"[0.57143, 0.0, 0.41379]",371,0.11223,2.23412,0.52273,0.43468,"[0.62222, 0.18182, 0.5]",58,STOPPED,13.499
203,20251218_135234,gaitpart_16steps_concat.csv,Preset_41,MLP,42,61,"[1024, 768, 512]",mean,minmax,96,3,1024,gelu,0.4,AdamW,,0.0002,1e-05,True,0.7,"[1, 2, 3]","[2, 3]",[0.68794326 2.1920904  0.91725768],0.02,1.0,0.10283,1.18814,0.65909,0.58457,"[0.7234, 0.36364, 0.66667]",291,0.11332,1.30784,0.65909,0.62733,"[0.73913, 0.57143, 0.57143]",38,STOPPED,10.618
204,20251218_135234,gaitset_62steps_concat.csv,Preset_41,MLP,42,62,"[1024, 768, 512]",mean,minmax,96,3,1024,gelu,0.4,AdamW,,0.0002,1e-05,True,0.7,"[1, 2, 3]","[2, 3]",[0.68794326 2.1920904  0.91725768],0.02,1.0,0.1022,1.41611,0.54545,0.39529,"[0.70588, 0.0, 0.48]",387,0.10878,1.50703,0.63636,0.57999,"[0.74419, 0.35294, 0.64286]",58,STOPPED,14.006
205,20251218_135234,gln_93steps_concat.csv,Preset_41,MLP,42,38,"[1024, 768, 512]",mean,minmax,96,3,1024,gelu,0.4,AdamW,,0.0002,1e-05,True,0.7,"[1, 2, 3]","[2, 3]",[0.68794326 2.1920904  0.91725768],0.02,1.0,0.10271,1.9525,0.43182,0.30959,"[0.54167, 0.0, 0.3871]",357,0.10348,1.89177,0.5,0.4596,"[0.59091, 0.36364, 0.42424]",257,STOPPED,13.058

206,20251218_135234,baseline_31steps_concat.csv,Preset_42,MLP,42,44,"[640, 448, 256]",mean,minmax,64,3,640,relu,0.35,RMSprop,,8e-05,5e-05,True,0.7,"[1, 2]","[1, 2, 3]",[0.68794326 2.1920904  0.91725768],0.02,1.0,0.1131,1.39684,0.52273,0.48373,"[0.55814, 0.36364, 0.52941]",737,0.16794,1.43574,0.63636,0.57333,"[0.63415, 0.36364, 0.72222]",259,STOPPED,33.612
207,20251218_135234,gaitgl_64steps_concat.csv,Preset_42,MLP,42,55,"[640, 448, 256]",mean,minmax,64,3,640,relu,0.35,RMSprop,,8e-05,5e-05,True,0.7,"[1, 2]","[1, 2, 3]",[0.68794326 2.1920904  0.91725768],0.02,1.0,0.10996,2.06331,0.45455,0.36949,"[0.57143, 0.16667, 0.37037]",916,0.31669,1.98704,0.47727,0.4265,"[0.56522, 0.28571, 0.42857]",132,STOPPED,41.064
208,20251218_135234,gaitpart_16steps_concat.csv,Preset_42,MLP,42,61,"[640, 448, 256]",mean,minmax,64,3,640,relu,0.35,RMSprop,,8e-05,5e-05,True,0.7,"[1, 2]","[1, 2, 3]",[0.68794326 2.1920904  0.91725768],0.02,1.0,0.11264,1.2367,0.56818,0.42424,"[0.66667, 0.0, 0.60606]",686,0.12188,1.20714,0.59091,0.48756,"[0.68085, 0.18182, 0.6]",444,STOPPED,30.505
209,20251218_135234,gaitset_62steps_concat.csv,Preset_42,MLP,42,62,"[640, 448, 256]",mean,minmax,64,3,640,relu,0.35,RMSprop,,8e-05,5e-05,True,0.7,"[1, 2]","[1, 2, 3]",[0.68794326 2.1920904  0.91725768],0.02,1.0,0.11135,1.52765,0.54545,0.45072,"[0.65217, 0.16667, 0.53333]",644,0.11501,1.52473,0.59091,0.52688,"[0.66667, 0.33333, 0.58065]",634,STOPPED,26.471
210,20251218_135234,gln_93steps_concat.csv,Preset_42,MLP,42,38,"[640, 448, 256]",mean,minmax,64,3,640,relu,0.35,RMSprop,,8e-05,5e-05,True,0.7,"[1, 2]","[1, 2, 3]",[0.68794326 2.1920904  0.91725768],0.02,1.0,0.12579,1.92676,0.45455,0.32348,"[0.58333, 0.0, 0.3871]",592,0.59815,1.25654,0.52273,0.52376,"[0.5641, 0.55556, 0.45161]",54,STOPPED,25.286

211,20251218_135234,baseline_31steps_concat.csv,Preset_43,MLP,42,73,"[2048, 1024, 512]",mean,minmax,64,3,2048,silu,0.45,AdamW,,0.0002,1e-06,True,0.8,"[1, 2, 3]",[2],[0.68794326 2.1920904  0.91725768],0.02,1.0,0.10171,1.55236,0.59091,0.49517,"[0.6383, 0.22222, 0.625]",258,0.11055,1.61689,0.59091,0.56957,"[0.6087, 0.5, 0.6]",26,STOPPED,11.272
212,20251218_135234,gaitgl_64steps_concat.csv,Preset_43,MLP,42,98,"[2048, 1024, 512]",mean,minmax,64,3,2048,silu,0.45,AdamW,,0.0002,1e-06,True,0.8,"[1, 2, 3]",[2],[0.68794326 2.1920904  0.91725768],0.02,1.0,0.10105,1.98491,0.43182,0.3102,"[0.53061, 0.0, 0.4]",271,0.14586,2.26182,0.45455,0.4345,"[0.52632, 0.35294, 0.42424]",13,STOPPED,11.712
213,20251218_135234,gaitpart_16steps_concat.csv,Preset_43,MLP,42,95,"[2048, 1024, 512]",mean,minmax,64,3,2048,silu,0.45,AdamW,,0.0002,1e-06,True,0.8,"[1, 2, 3]",[2],[0.68794326 2.1920904  0.91725768],0.02,1.0,0.1016,1.31667,0.65909,0.57971,"[0.73913, 0.33333, 0.66667]",226,0.10173,1.30142,0.68182,0.60415,"[0.73913, 0.36364, 0.70968]",109,STOPPED,9.896
214,20251218_135234,gaitset_62steps_concat.csv,Preset_43,MLP,42,101,"[2048, 1024, 512]",mean,minmax,64,3,2048,silu,0.45,AdamW,,0.0002,1e-06,True,0.8,"[1, 2, 3]",[2],[0.68794326 2.1920904  0.91725768],0.02,1.0,0.10149,1.75726,0.52273,0.36952,"[0.68, 0.0, 0.42857]",207,0.10771,1.87156,0.56818,0.4852,"[0.70833, 0.28571, 0.46154]",25,STOPPED,9.137
215,20251218_135234,gln_93steps_concat.csv,Preset_43,MLP,42,65,"[2048, 1024, 512]",mean,minmax,64,3,2048,silu,0.45,AdamW,,0.0002,1e-06,True,0.8,"[1, 2, 3]",[2],[0.68794326 2.1920904  0.91725768],0.02,1.0,0.10085,1.9281,0.52273,0.38472,"[0.6087, 0.0, 0.54545]",293,0.10336,1.86121,0.54545,0.49448,"[0.60465, 0.33333, 0.54545]",121,STOPPED,12.55

216,20251218_135234,baseline_31steps_concat.csv,Preset_44,MLP,42,70,"[896, 640, 320, 192]",mean,L2,80,4,896,leakyrelu,0.5,Adam,,0.0002,1e-07,True,0.8,"[2, 3]","[2, 3]",[0.68794326 2.1920904  0.91725768],0.02,1.0,0.10299,2.17351,0.45455,0.42888,"[0.43902, 0.33333, 0.51429]",371,0.10404,2.11885,0.52273,0.48043,"[0.54545, 0.33333, 0.5625]",182,STOPPED,12.238
217,20251218_135234,gaitgl_64steps_concat.csv,Preset_44,MLP,42,81,"[896, 640, 320, 192]",mean,L2,80,4,896,leakyrelu,0.5,Adam,,0.0002,1e-07,True,0.8,"[2, 3]","[2, 3]",[0.68794326 2.1920904  0.91725768],0.02,1.0,0.1034,2.50753,0.45455,0.37729,"[0.56522, 0.16667, 0.4]",351,0.10629,2.47698,0.5,0.40675,"[0.625, 0.16667, 0.42857]",172,STOPPED,11.399
218,20251218_135234,gaitpart_16steps_concat.csv,Preset_44,MLP,42,85,"[896, 640, 320, 192]",mean,L2,80,4,896,leakyrelu,0.5,Adam,,0.0002,1e-07,True,0.8,"[2, 3]","[2, 3]",[0.68794326 2.1920904  0.91725768],0.02,1.0,0.10287,1.61243,0.61364,0.58858,"[0.65, 0.47059, 0.64516]",553,0.10247,1.50633,0.65909,0.63687,"[0.65, 0.53333, 0.72727]",453,STOPPED,18.301
219,20251218_135234,gaitset_62steps_concat.csv,Preset_44,MLP,42,91,"[896, 640, 320, 192]",mean,L2,80,4,896,leakyrelu,0.5,Adam,,0.0002,1e-07,True,0.8,"[2, 3]","[2, 3]",[0.68794326 2.1920904  0.91725768],0.02,1.0,0.10253,2.30112,0.43182,0.35828,"[0.56522, 0.125, 0.38462]",367,0.72412,1.3462,0.45455,0.46046,"[0.45714, 0.5, 0.42424]",55,STOPPED,11.926
220,20251218_135234,gln_93steps_concat.csv,Preset_44,MLP,42,63,"[896, 640, 320, 192]",mean,L2,80,4,896,leakyrelu,0.5,Adam,,0.0002,1e-07,True,0.8,"[2, 3]","[2, 3]",[0.68794326 2.1920904  0.91725768],0.02,1.0,0.10264,2.05323,0.47727,0.33894,"[0.58824, 0.0, 0.42857]",347,0.45581,1.6077,0.5,0.45771,"[0.57895, 0.30769, 0.48649]",51,STOPPED,11.278

221,20251218_135234,baseline_31steps_concat.csv,Preset_45,MLP,42,41,"[768, 512, 256]",mean,L2,64,3,768,silu,0.4,AdamW,,0.0002,1e-05,True,0.7,"[1, 2, 3]","[2, 3]",[0.68794326 2.1920904  0.91725768],0.02,1.0,0.10407,1.84426,0.54545,0.46016,"[0.59574, 0.22222, 0.5625]",542,0.11037,2.04518,0.54545,0.49918,"[0.55814, 0.33333, 0.60606]",268,STOPPED,22.735
222,20251218_135234,gaitgl_64steps_concat.csv,Preset_45,MLP,42,51,"[768, 512, 256]",mean,L2,64,3,768,silu,0.4,AdamW,,0.0002,1e-05,True,0.7,"[1, 2, 3]","[2, 3]",[0.68794326 2.1920904  0.91725768],0.02,1.0,0.10309,2.14965,0.43182,0.32741,"[0.51163, 0.0, 0.47059]",626,0.36213,2.09411,0.45455,0.38632,"[0.53333, 0.14286, 0.48276]",223,STOPPED,26.149
223,20251218_135234,gaitpart_16steps_concat.csv,Preset_45,MLP,42,53,"[768, 512, 256]",mean,L2,64,3,768,silu,0.4,AdamW,,0.0002,1e-05,True,0.7,"[1, 2, 3]","[2, 3]",[0.68794326 2.1920904  0.91725768],0.02,1.0,0.10297,1.6352,0.59091,0.49517,"[0.65217, 0.16667, 0.66667]",625,0.10297,1.6352,0.59091,0.49517,"[0.65217, 0.16667, 0.66667]",625,STOPPED,26.093
224,20251218_135234,gaitset_62steps_concat.csv,Preset_45,MLP,42,53,"[768, 512, 256]",mean,L2,64,3,768,silu,0.4,AdamW,,0.0002,1e-05,True,0.7,"[1, 2, 3]","[2, 3]",[0.68794326 2.1920904  0.91725768],0.02,1.0,0.10248,1.74412,0.56818,0.4661,"[0.71111, 0.15385, 0.53333]",587,0.10833,1.92312,0.63636,0.59815,"[0.75, 0.44444, 0.6]",342,STOPPED,23.839
225,20251218_135234,gln_93steps_concat.csv,Preset_45,MLP,42,35,"[768, 512, 256]",mean,L2,64,3,768,silu,0.4,AdamW,,0.0002,1e-05,True,0.7,"[1, 2, 3]","[2, 3]",[0.68794326 2.1920904  0.91725768],0.02,1.0,0.10507,2.3806,0.36364,0.31293,"[0.4878, 0.11765, 0.33333]",499,0.63836,1.21771,0.54545,0.51235,"[0.66667, 0.5, 0.37037]",61,STOPPED,19.898

226,20251218_135234,baseline_31steps_concat.csv,Preset_46,MLP,42,53,"[640, 384, 256]",mean,L2,128,3,640,gelu,0.35,AdamW,,0.0002,1e-05,True,0.75,[1],"[1, 2]",[0.68794326 2.1920904  0.91725768],0.02,1.0,0.1056,1.4762,0.5,0.425,"[0.54167, 0.2, 0.53333]",926,0.10472,1.39584,0.59091,0.49717,"[0.62222, 0.22222, 0.64706]",789,STOPPED,25.274
227,20251218_135234,gaitgl_64steps_concat.csv,Preset_46,MLP,42,64,"[640, 384, 256]",mean,L2,128,3,640,gelu,0.35,AdamW,,0.0002,1e-05,True,0.75,[1],"[1, 2]",[0.68794326 2.1920904  0.91725768],0.02,1.0,0.10275,1.98422,0.45455,0.35351,"[0.57778, 0.0, 0.48276]",948,0.12006,1.9987,0.52273,0.40741,"[0.62222, 0.0, 0.6]",389,STOPPED,26.23
228,20251218_135234,gaitpart_16steps_concat.csv,Preset_46,MLP,42,67,"[640, 384, 256]",mean,L2,128,3,640,gelu,0.35,AdamW,,0.0002,1e-05,True,0.75,[1],"[1, 2]",[0.68794326 2.1920904  0.91725768],0.02,1.0,0.10321,1.34344,0.56818,0.47856,"[0.6087, 0.18182, 0.64516]",924,0.14221,1.24438,0.59091,0.55762,"[0.58537, 0.4, 0.6875]",318,STOPPED,25.48
229,20251218_135234,gaitset_62steps_concat.csv,Preset_46,MLP,42,70,"[640, 384, 256]",mean,L2,128,3,640,gelu,0.35,AdamW,,0.0002,1e-05,True,0.75,[1],"[1, 2]",[0.68794326 2.1920904  0.91725768],0.02,1.0,0.10357,1.65785,0.45455,0.35386,"[0.54545, 0.0, 0.51613]",837,0.10582,1.59561,0.56818,0.4205,"[0.68085, 0.0, 0.58065]",622,STOPPED,23.234
230,20251218_135234,gln_93steps_concat.csv,Preset_46,MLP,42,47,"[640, 384, 256]",mean,L2,128,3,640,gelu,0.35,AdamW,,0.0002,1e-05,True,0.75,[1],"[1, 2]",[0.68794326 2.1920904  0.91725768],0.02,1.0,0.10523,1.48311,0.52273,0.42924,"[0.6383, 0.16667, 0.48276]",936,0.12417,1.40158,0.61364,0.50505,"[0.72727, 0.18182, 0.60606]",339,STOPPED,25.718

231,20251218_135234,baseline_31steps_concat.csv,Preset_47,MLP,42,512,"[768, 512, 256]",mean,,96,3,768,silu,0.45,AdamW,,0.0002,1e-06,False,,"[1, 2]","[1, 2]",[0.68794326 2.1920904  0.91725768],0.02,1.0,0.10705,1.96121,0.47727,0.4091,"[0.52174, 0.15385, 0.55172]",429,0.17714,2.12512,0.63636,0.56163,"[0.70588, 0.36364, 0.61538]",66,STOPPED,12.906
232,20251218_135234,gaitgl_64steps_concat.csv,Preset_47,MLP,42,768,"[768, 512, 256]",mean,,96,3,768,silu,0.45,AdamW,,0.0002,1e-06,False,,"[1, 2]","[1, 2]",[0.68794326 2.1920904  0.91725768],0.02,1.0,0.10262,2.46521,0.36364,0.32041,"[0.48649, 0.11111, 0.36364]",819,0.2908,2.47737,0.5,0.45976,"[0.61905, 0.31579, 0.44444]",326,STOPPED,25.723
233,20251218_135234,gaitpart_16steps_concat.csv,Preset_47,MLP,42,512,"[768, 512, 256]",mean,,96,3,768,silu,0.45,AdamW,,0.0002,1e-06,False,,"[1, 2]","[1, 2]",[0.68794326 2.1920904  0.91725768],0.02,1.0,0.10383,1.78809,0.56818,0.40842,"[0.65385, 0.0, 0.57143]",778,0.10816,1.60549,0.65909,0.60043,"[0.77273, 0.42857, 0.6]",678,STOPPED,24.568
234,20251218_135234,gaitset_62steps_concat.csv,Preset_47,MLP,42,768,"[768, 512, 256]",mean,,96,3,768,silu,0.45,AdamW,,0.0002,1e-06,False,,"[1, 2]","[1, 2]",[0.68794326 2.1920904  0.91725768],0.02,1.0,0.10412,2.28969,0.40909,0.32051,"[0.46154, 0.0, 0.5]",508,0.25216,2.2514,0.45455,0.41289,"[0.57895, 0.22222, 0.4375]",121,STOPPED,16.677
235,20251218_135234,gln_93steps_concat.csv,Preset_47,MLP,42,512,"[768, 512, 256]",mean,,96,3,768,silu,0.45,AdamW,,0.0002,1e-06,False,,"[1, 2]","[1, 2]",[0.68794326 2.1920904  0.91725768],0.02,1.0,0.10201,2.00707,0.52273,0.44091,"[0.58537, 0.18182, 0.55556]",413,0.11121,1.92074,0.59091,0.49349,"[0.65217, 0.22222, 0.60606]",246,STOPPED,12.862

236,20251218_135234,baseline_31steps_concat.csv,Preset_48,MLP,42,512,"[512, 512, 768]",mean,L2,96,3,512,gelu,0.35,AdamW,,0.00018,1e-05,False,,[],[],[0.68794326 2.1920904  0.91725768],0.02,1.0,0.10325,3.02849,0.38636,0.33782,"[0.4, 0.14286, 0.47059]",992,0.65354,1.30846,0.52273,0.48341,"[0.63415, 0.33333, 0.48276]",76,STOPPED,27.236
237,20251218_135234,gaitgl_64steps_concat.csv,Preset_48,MLP,42,768,"[512, 512, 768]",mean,L2,96,3,512,gelu,0.35,AdamW,,0.00018,1e-05,False,,[],[],[0.68794326 2.1920904  0.91725768],0.02,1.0,0.11161,2.61322,0.45455,0.33741,"[0.61224, 0.0, 0.4]",1331,0.12904,2.55379,0.54545,0.48385,"[0.68293, 0.23529, 0.53333]",685,STOPPED,37.309
238,20251218_135234,gaitpart_16steps_concat.csv,Preset_48,MLP,42,512,"[512, 512, 768]",mean,L2,96,3,512,gelu,0.35,AdamW,,0.00018,1e-05,False,,[],[],[0.68794326 2.1920904  0.91725768],0.02,1.0,0.11013,2.30529,0.5,0.39427,"[0.66667, 0.0, 0.51613]",1278,0.13116,2.13694,0.59091,0.54398,"[0.71795, 0.33333, 0.58065]",640,STOPPED,34.834
239,20251218_135234,gaitset_62steps_concat.csv,Preset_48,MLP,42,768,"[512, 512, 768]",mean,L2,96,3,512,gelu,0.35,AdamW,,0.00018,1e-05,False,,[],[],[0.68794326 2.1920904  0.91725768],0.02,1.0,0.10373,2.41921,0.36364,0.27648,"[0.52174, 0.0, 0.30769]",993,0.72936,1.30797,0.5,0.48018,"[0.5, 0.4, 0.54054]",89,STOPPED,27.594
240,20251218_135234,gln_93steps_concat.csv,Preset_48,MLP,42,512,"[512, 512, 768]",mean,L2,96,3,512,gelu,0.35,AdamW,,0.00018,1e-05,False,,[],[],[0.68794326 2.1920904  0.91725768],0.02,1.0,0.10694,2.40677,0.43182,0.40462,"[0.45455, 0.30769, 0.45161]",781,0.70666,1.14645,0.54545,0.51933,"[0.6, 0.42857, 0.52941]",61,STOPPED,21.545

241,20251218_135234,baseline_31steps_concat.csv,Preset_49,MLP,42,512,"[896, 896, 640, 320]",mean,minmax,48,4,896,gelu,0.45,Adam,,0.00018,5e-07,False,,[1],"[2, 3]",[0.68794326 2.1920904  0.91725768],0.02,1.0,0.10192,1.5501,0.47727,0.40741,"[0.5, 0.16667, 0.55556]",232,0.18872,1.91039,0.56818,0.53089,"[0.61905, 0.35294, 0.62069]",41,STOPPED,12.457
242,20251218_135234,gaitgl_64steps_concat.csv,Preset_49,MLP,42,768,"[896, 896, 640, 320]",mean,minmax,48,4,896,gelu,0.45,Adam,,0.00018,5e-07,False,,[1],"[2, 3]",[0.68794326 2.1920904  0.91725768],0.02,1.0,0.10173,1.62546,0.47727,0.40337,"[0.57143, 0.15385, 0.48485]",234,0.10513,1.61674,0.54545,0.48775,"[0.62222, 0.30769, 0.53333]",109,STOPPED,12.892
243,20251218_135234,gaitpart_16steps_concat.csv,Preset_49,MLP,42,512,"[896, 896, 640, 320]",mean,minmax,48,4,896,gelu,0.45,Adam,,0.00018,5e-07,False,,[1],"[2, 3]",[0.68794326 2.1920904  0.91725768],0.02,1.0,0.10106,1.30873,0.54545,0.46102,"[0.63415, 0.14286, 0.60606]",224,0.1725,1.71521,0.61364,0.50798,"[0.60606, 0.22222, 0.69565]",36,STOPPED,11.938
244,20251218_135234,gaitset_62steps_concat.csv,Preset_49,MLP,42,768,"[896, 896, 640, 320]",mean,minmax,48,4,896,gelu,0.45,Adam,,0.00018,5e-07,False,,[1],"[2, 3]",[0.68794326 2.1920904  0.91725768],0.02,1.0,0.10174,1.65181,0.47727,0.36833,"[0.62222, 0.0, 0.48276]",246,0.11653,2.01808,0.5,0.42593,"[0.66667, 0.11111, 0.5]",65,STOPPED,13.454
245,20251218_135234,gln_93steps_concat.csv,Preset_49,MLP,42,512,"[896, 896, 640, 320]",mean,minmax,48,4,896,gelu,0.45,Adam,,0.00018,5e-07,False,,[1],"[2, 3]",[0.68794326 2.1920904  0.91725768],0.02,1.0,0.1016,1.6501,0.52273,0.44179,"[0.5641, 0.16667, 0.59459]",282,0.164,1.56132,0.59091,0.49349,"[0.65, 0.18182, 0.64865]",47,STOPPED,15.07

246,20251218_135234,baseline_31steps_concat.csv,Preset_50,MLP,42,512,"[384, 256, 128]",mean,,48,3,384,leakyrelu,0.2,Adam,,0.0008,0.0,False,,[3],"[1, 2]",[0.68794326 2.1920904  0.91725768],0.02,1.0,0.16231,2.27843,0.40909,0.31667,"[0.45, 0.0, 0.5]",303,0.20233,1.83817,0.56818,0.47402,"[0.64, 0.16667, 0.61538]",137,STOPPED,15.04
247,20251218_135234,gaitgl_64steps_concat.csv,Preset_50,MLP,42,768,"[384, 256, 128]",mean,,48,3,384,leakyrelu,0.2,Adam,,0.0008,0.0,False,,[3],"[1, 2]",[0.68794326 2.1920904  0.91725768],0.02,1.0,0.34217,1.77434,0.45455,0.34829,"[0.58333, 0.0, 0.46154]",493,0.31749,1.85649,0.52273,0.45457,"[0.65217, 0.25, 0.46154]",393,STOPPED,25.568
248,20251218_135234,gaitpart_16steps_concat.csv,Preset_50,MLP,42,512,"[384, 256, 128]",mean,,48,3,384,leakyrelu,0.2,Adam,,0.0008,0.0,False,,[3],"[1, 2]",[0.68794326 2.1920904  0.91725768],0.02,1.0,0.64237,1.8836,0.34091,0.2743,"[0.54545, 0.19048, 0.08696]",522,0.4117,1.23831,0.61364,0.54955,"[0.66667, 0.33333, 0.64865]",239,STOPPED,26.486
249,20251218_135234,gaitset_62steps_concat.csv,Preset_50,MLP,42,768,"[384, 256, 128]",mean,,48,3,384,leakyrelu,0.2,Adam,,0.0008,0.0,False,,[3],"[1, 2]",[0.68794326 2.1920904  0.91725768],0.02,1.0,0.39452,1.77092,0.38636,0.28346,"[0.48, 0.0, 0.37037]",219,0.6806,1.33675,0.40909,0.38231,"[0.47368, 0.19048, 0.48276]",31,STOPPED,11.107
250,20251218_135234,gln_93steps_concat.csv,Preset_50,MLP,42,512,"[384, 256, 128]",mean,,48,3,384,leakyrelu,0.2,Adam,,0.0008,0.0,False,,[3],"[1, 2]",[0.68794326 2.1920904  0.91725768],0.02,1.0,0.13192,2.0808,0.52273,0.44079,"[0.54054, 0.18182, 0.6]",396,0.12507,2.11854,0.54545,0.49074,"[0.66667, 0.25, 0.55556]",296,STOPPED,19.375

251,20251218_135234,baseline_31steps_concat.csv,Preset_51,MLP,42,70,"[1280, 896, 512, 256]",mean,L2,64,4,1280,silu,0.45,Adam,,0.0002,2e-07,True,0.8,"[1, 2]","[1, 2, 3]",[0.68794326 2.1920904  0.91725768],0.02,1.0,0.10172,1.94293,0.54545,0.45919,"[0.59574, 0.18182, 0.6]",451,0.21549,1.66313,0.54545,0.51745,"[0.5641, 0.4, 0.58824]",138,STOPPED,21.451
252,20251218_135234,gaitgl_64steps_concat.csv,Preset_51,MLP,42,81,"[1280, 896, 512, 256]",mean,L2,64,4,1280,silu,0.45,Adam,,0.0002,2e-07,True,0.8,"[1, 2]","[1, 2, 3]",[0.68794326 2.1920904  0.91725768],0.02,1.0,0.1041,2.61704,0.34091,0.27121,"[0.45, 0.0, 0.36364]",513,0.10975,2.49607,0.45455,0.34291,"[0.55814, 0.0, 0.47059]",289,STOPPED,23.274
253,20251218_135234,gaitpart_16steps_concat.csv,Preset_51,MLP,42,85,"[1280, 896, 512, 256]",mean,L2,64,4,1280,silu,0.45,Adam,,0.0002,2e-07,True,0.8,"[1, 2]","[1, 2, 3]",[0.68794326 2.1920904  0.91725768],0.02,1.0,0.10314,1.76012,0.56818,0.47584,"[0.625, 0.18182, 0.62069]",477,0.70579,1.19231,0.54545,0.52748,"[0.52632, 0.46154, 0.59459]",88,STOPPED,21.735
254,20251218_135234,gaitset_62steps_concat.csv,Preset_51,MLP,42,91,"[1280, 896, 512, 256]",mean,L2,64,4,1280,silu,0.45,Adam,,0.0002,2e-07,True,0.8,"[1, 2]","[1, 2, 3]",[0.68794326 2.1920904  0.91725768],0.02,1.0,0.10198,2.03071,0.47727,0.37359,"[0.60465, 0.0, 0.51613]",488,0.64192,1.63486,0.43182,0.43082,"[0.47059, 0.43478, 0.3871]",112,STOPPED,22.181
255,20251218_135234,gln_93steps_concat.csv,Preset_51,MLP,42,63,"[1280, 896, 512, 256]",mean,L2,64,4,1280,silu,0.45,Adam,,0.0002,2e-07,True,0.8,"[1, 2]","[1, 2, 3]",[0.68794326 2.1920904  0.91725768],0.02,1.0,0.10343,2.09707,0.47727,0.34601,"[0.55319, 0.0, 0.48485]",435,0.65331,1.41376,0.47727,0.46636,"[0.54054, 0.42105, 0.4375]",64,STOPPED,19.8

256,20251218_135234,baseline_31steps_concat.csv,Preset_52,MLP,42,36,"[512, 384, 256]",max,L2,128,3,512,silu,0.5,Adam,,0.0001,1e-06,True,0.65,[2],[3],[0.68794326 2.1920904  0.91725768],0.02,1.0,0.12235,2.10255,0.38636,0.3751,"[0.29412, 0.28571, 0.54545]",1299,0.70693,1.11069,0.52273,0.48337,"[0.48649, 0.36364, 0.6]",236,STOPPED,35.72
257,20251218_135234,gaitgl_64steps_concat.csv,Preset_52,MLP,42,52,"[512, 384, 256]",max,L2,128,3,512,silu,0.5,Adam,,0.0001,1e-06,True,0.65,[2],[3],[0.68794326 2.1920904  0.91725768],0.02,1.0,0.11805,1.88984,0.43182,0.37054,"[0.51163, 0.2, 0.4]",1176,0.12796,1.74246,0.56818,0.46834,"[0.66667, 0.22222, 0.51613]",984,STOPPED,33.303
258,20251218_135234,gaitpart_16steps_concat.csv,Preset_52,MLP,42,33,"[512, 384, 256]",max,L2,128,3,512,silu,0.5,Adam,,0.0001,1e-06,True,0.65,[2],[3],[0.68794326 2.1920904  0.91725768],0.02,1.0,0.13953,2.94369,0.38636,0.33373,"[0.47619, 0.125, 0.4]",2220,0.62531,1.31423,0.52273,0.50871,"[0.47059, 0.44444, 0.61111]",766,STOPPED,61.238
259,20251218_135234,gaitset_62steps_concat.csv,Preset_52,MLP,42,36,"[512, 384, 256]",max,L2,128,3,512,silu,0.5,Adam,,0.0001,1e-06,True,0.65,[2],[3],[0.68794326 2.1920904  0.91725768],0.02,1.0,0.1234,1.9118,0.5,0.44936,"[0.61905, 0.21053, 0.51852]",2166,0.21191,1.74625,0.56818,0.50947,"[0.63158, 0.28571, 0.61111]",1672,STOPPED,59.624
260,20251218_135234,gln_93steps_concat.csv,Preset_52,MLP,42,30,"[512, 384, 256]",max,L2,128,3,512,silu,0.5,Adam,,0.0001,1e-06,True,0.65,[2],[3],[0.68794326 2.1920904  0.91725768],0.02,1.0,0.11845,1.89801,0.40909,0.3278,"[0.51282, 0.0, 0.47059]",1677,0.13981,1.85399,0.5,0.48572,"[0.57895, 0.41667, 0.46154]",1251,STOPPED,46.126

261,20251218_135234,baseline_31steps_concat.csv,Preset_53,MLP,42,47,"[512, 384, 192]",max,L2,256,3,512,gelu,0.4,AdamW,,0.00025,5e-06,True,0.7,"[1, 3]",[2],[0.68794326 2.1920904  0.91725768],0.02,1.0,0.10332,1.55301,0.47727,0.36464,"[0.57778, 0.0, 0.51613]",759,0.39851,1.24163,0.54545,0.46081,"[0.62857, 0.15385, 0.6]",226,STOPPED,14.582
262,20251218_135234,gaitgl_64steps_concat.csv,Preset_53,MLP,42,65,"[512, 384, 192]",max,L2,256,3,512,gelu,0.4,AdamW,,0.00025,5e-06,True,0.7,"[1, 3]",[2],[0.68794326 2.1920904  0.91725768],0.02,1.0,0.10295,2.03423,0.31818,0.22778,"[0.41667, 0.0, 0.26667]",607,0.62498,1.43996,0.38636,0.37465,"[0.42105, 0.31579, 0.3871]",155,STOPPED,11.362
263,20251218_135234,gaitpart_16steps_concat.csv,Preset_53,MLP,42,42,"[512, 384, 192]",max,L2,256,3,512,gelu,0.4,AdamW,,0.00025,5e-06,True,0.7,"[1, 3]",[2],[0.68794326 2.1920904  0.91725768],0.02,1.0,0.10385,2.01673,0.47727,0.43333,"[0.53333, 0.26667, 0.5]",1547,0.30057,1.79624,0.52273,0.49493,"[0.5641, 0.3, 0.62069]",629,STOPPED,28.884
264,20251218_135234,gaitset_62steps_concat.csv,Preset_53,MLP,42,49,"[512, 384, 192]",max,L2,256,3,512,gelu,0.4,AdamW,,0.00025,5e-06,True,0.7,"[1, 3]",[2],[0.68794326 2.1920904  0.91725768],0.02,1.0,0.10563,1.80819,0.52273,0.40567,"[0.63636, 0.0, 0.58065]",1439,0.55224,1.1183,0.56818,0.5114,"[0.61538, 0.30769, 0.61111]",366,STOPPED,26.982
265,20251218_135234,gln_93steps_concat.csv,Preset_53,MLP,42,41,"[512, 384, 192]",max,L2,256,3,512,gelu,0.4,AdamW,,0.00025,5e-06,True,0.7,"[1, 3]",[2],[0.68794326 2.1920904  0.91725768],0.02,1.0,0.10359,1.73324,0.5,0.41579,"[0.59574, 0.2, 0.45161]",908,0.11368,1.74232,0.56818,0.51804,"[0.61905, 0.36364, 0.57143]",594,STOPPED,16.815

266,20251218_135234,baseline_31steps_concat.csv,Preset_54,MLP,42,73,"[768, 512, 256]",mean,minmax,128,3,768,silu,0.45,Adam,,0.00015,1e-06,True,0.8,"[1, 2]","[1, 2]",[0.68794326 2.1920904  0.91725768],0.02,1.0,0.11786,1.59681,0.56818,0.47899,"[0.6087, 0.22222, 0.60606]",532,0.12037,1.71514,0.61364,0.51477,"[0.63636, 0.22222, 0.68571]",397,STOPPED,14.25
267,20251218_135234,gaitgl_64steps_concat.csv,Preset_54,MLP,42,98,"[768, 512, 256]",mean,minmax,128,3,768,silu,0.45,Adam,,0.00015,1e-06,True,0.8,"[1, 2]","[1, 2]",[0.68794326 2.1920904  0.91725768],0.02,1.0,0.11101,1.95537,0.47727,0.36045,"[0.56522, 0.0, 0.51613]",610,0.3402,1.93109,0.45455,0.38546,"[0.57143, 0.13333, 0.45161]",57,STOPPED,16.13
268,20251218_135234,gaitpart_16steps_concat.csv,Preset_54,MLP,42,95,"[768, 512, 256]",mean,minmax,128,3,768,silu,0.45,Adam,,0.00015,1e-06,True,0.8,"[1, 2]","[1, 2]",[0.68794326 2.1920904  0.91725768],0.02,1.0,0.112,1.41545,0.52273,0.38799,"[0.61224, 0.0, 0.55172]",576,0.14045,1.54883,0.61364,0.57497,"[0.65116, 0.42857, 0.64516]",169,STOPPED,15.266
269,20251218_135234,gaitset_62steps_concat.csv,Preset_54,MLP,42,101,"[768, 512, 256]",mean,minmax,128,3,768,silu,0.45,Adam,,0.00015,1e-06,True,0.8,"[1, 2]","[1, 2]",[0.68794326 2.1920904  0.91725768],0.02,1.0,0.107,1.57024,0.5,0.35562,"[0.65306, 0.0, 0.41379]",739,0.73643,1.23033,0.5,0.47225,"[0.57895, 0.35294, 0.48485]",20,STOPPED,19.378
270,20251218_135234,gln_93steps_concat.csv,Preset_54,MLP,42,65,"[768, 512, 256]",mean,minmax,128,3,768,silu,0.45,Adam,,0.00015,1e-06,True,0.8,"[1, 2]","[1, 2]",[0.68794326 2.1920904  0.91725768],0.02,1.0,0.11018,1.71598,0.45455,0.38321,"[0.54545, 0.16667, 0.4375]",773,0.11992,1.74053,0.54545,0.45707,"[0.6087, 0.2, 0.5625]",511,STOPPED,20.64

271,20251218_135234,baseline_31steps_concat.csv,Preset_55,MLP,42,73,"[768, 512, 256]",mean,minmax,64,3,768,elu,0.55,RMSprop,,8e-05,5e-05,True,0.8,"[1, 3]","[1, 2]",[0.68794326 2.1920904  0.91725768],0.02,1.0,0.12262,1.45629,0.59091,0.54026,"[0.57143, 0.36364, 0.68571]",1054,0.1288,1.56381,0.61364,0.55385,"[0.58537, 0.33333, 0.74286]",852,STOPPED,41.329
272,20251218_135234,gaitgl_64steps_concat.csv,Preset_55,MLP,42,98,"[768, 512, 256]",mean,minmax,64,3,768,elu,0.55,RMSprop,,8e-05,5e-05,True,0.8,"[1, 3]","[1, 2]",[0.68794326 2.1920904  0.91725768],0.02,1.0,0.11065,2.22911,0.38636,0.32639,"[0.5, 0.16667, 0.3125]",1193,0.71899,1.86137,0.45455,0.38632,"[0.53333, 0.14286, 0.48276]",48,STOPPED,46.917
273,20251218_135234,gaitpart_16steps_concat.csv,Preset_55,MLP,42,95,"[768, 512, 256]",mean,minmax,64,3,768,elu,0.55,RMSprop,,8e-05,5e-05,True,0.8,"[1, 3]","[1, 2]",[0.68794326 2.1920904  0.91725768],0.02,1.0,0.1098,1.63047,0.56818,0.50736,"[0.63636, 0.28571, 0.6]",998,0.14957,1.6377,0.59091,0.52735,"[0.65116, 0.28571, 0.64516]",598,STOPPED,39.825
274,20251218_135234,gaitset_62steps_concat.csv,Preset_55,MLP,42,101,"[768, 512, 256]",mean,minmax,64,3,768,elu,0.55,RMSprop,,8e-05,5e-05,True,0.8,"[1, 3]","[1, 2]",[0.68794326 2.1920904  0.91725768],0.02,1.0,0.11207,1.91335,0.45455,0.33401,"[0.57778, 0.0, 0.42424]",995,0.11546,1.9485,0.52273,0.45549,"[0.65217, 0.28571, 0.42857]",884,STOPPED,38.872
275,20251218_135234,gln_93steps_concat.csv,Preset_55,MLP,42,65,"[768, 512, 256]",mean,minmax,64,3,768,elu,0.55,RMSprop,,8e-05,5e-05,True,0.8,"[1, 3]","[1, 2]",[0.68794326 2.1920904  0.91725768],0.02,1.0,0.11609,2.07107,0.47727,0.39899,"[0.59091, 0.18182, 0.42424]",1210,0.14154,2.04583,0.54545,0.4582,"[0.61905, 0.2, 0.55556]",763,STOPPED,47.316

276,20251218_135234,baseline_31steps_concat.csv,Preset_56,MLP,42,70,"[768, 512, 256]",mean,L2,128,3,768,leakyrelu,0.4,Adam,,0.00025,5e-06,True,0.8,"[1, 2, 3]",[],[0.68794326 2.1920904  0.91725768],0.02,1.0,0.10101,1.30387,0.47727,0.4115,"[0.5, 0.15385, 0.58065]",200,0.10298,1.41354,0.59091,0.5672,"[0.51429, 0.44444, 0.74286]",86,STOPPED,5.915
277,20251218_135234,gaitgl_64steps_concat.csv,Preset_56,MLP,42,81,"[768, 512, 256]",mean,L2,128,3,768,leakyrelu,0.4,Adam,,0.00025,5e-06,True,0.8,"[1, 2, 3]",[],[0.68794326 2.1920904  0.91725768],0.02,1.0,0.10076,2.17156,0.40909,0.2996,"[0.54167, 0.0, 0.35714]",272,0.45166,1.87074,0.40909,0.36063,"[0.57143, 0.19048, 0.32]",62,STOPPED,7.858
278,20251218_135234,gaitpart_16steps_concat.csv,Preset_56,MLP,42,85,"[768, 512, 256]",mean,L2,128,3,768,leakyrelu,0.4,Adam,,0.00025,5e-06,True,0.8,"[1, 2, 3]",[],[0.68794326 2.1920904  0.91725768],0.02,1.0,0.10059,1.29399,0.59091,0.49305,"[0.65217, 0.18182, 0.64516]",288,0.10493,1.3401,0.65909,0.63473,"[0.64865, 0.53333, 0.72222]",145,STOPPED,7.929
279,20251218_135234,gaitset_62steps_concat.csv,Preset_56,MLP,42,91,"[768, 512, 256]",mean,L2,128,3,768,leakyrelu,0.4,Adam,,0.00025,5e-06,True,0.8,"[1, 2, 3]",[],[0.68794326 2.1920904  0.91725768],0.02,1.0,0.10061,1.86361,0.47727,0.42427,"[0.61905, 0.26667, 0.3871]",298,0.10107,1.88536,0.5,0.46002,"[0.60465, 0.36364, 0.41176]",153,STOPPED,8.523
280,20251218_135234,gln_93steps_concat.csv,Preset_56,MLP,42,63,"[768, 512, 256]",mean,L2,128,3,768,leakyrelu,0.4,Adam,,0.00025,5e-06,True,0.8,"[1, 2, 3]",[],[0.68794326 2.1920904  0.91725768],0.02,1.0,0.101,1.40091,0.5,0.42019,"[0.57778, 0.16667, 0.51613]",218,0.32688,1.21395,0.59091,0.5584,"[0.5625, 0.46154, 0.65116]",30,STOPPED,6.084

281,20251218_135234,baseline_31steps_concat.csv,Preset_57,MLP,42,512,"[768, 512, 256]",mean,L2,88,3,768,silu,0.4,Adam,,0.0002,1e-07,False,,"[1, 2, 3]","[1, 2]",[0.68794326 2.1920904  0.91725768],0.02,1.0,0.14447,2.69986,0.43182,0.36919,"[0.42424, 0.13333, 0.55]",364,0.12472,2.16453,0.59091,0.52633,"[0.65306, 0.33333, 0.59259]",111,STOPPED,12.231
282,20251218_135234,gaitgl_64steps_concat.csv,Preset_57,MLP,42,768,"[768, 512, 256]",mean,L2,88,3,768,silu,0.4,Adam,,0.0002,1e-07,False,,"[1, 2, 3]","[1, 2]",[0.68794326 2.1920904  0.91725768],0.02,1.0,0.10736,2.48076,0.43182,0.32002,"[0.61224, 0.0, 0.34783]",535,0.11233,2.38216,0.5,0.42886,"[0.66667, 0.23529, 0.38462]",393,STOPPED,17.852
283,20251218_135234,gaitpart_16steps_concat.csv,Preset_57,MLP,42,512,"[768, 512, 256]",mean,L2,88,3,768,silu,0.4,Adam,,0.0002,1e-07,False,,"[1, 2, 3]","[1, 2]",[0.68794326 2.1920904  0.91725768],0.02,1.0,0.10686,2.10214,0.5,0.4746,"[0.63158, 0.36364, 0.42857]",560,0.11492,1.89802,0.61364,0.55274,"[0.7, 0.36364, 0.59459]",337,STOPPED,18.372
284,20251218_135234,gaitset_62steps_concat.csv,Preset_57,MLP,42,768,"[768, 512, 256]",mean,L2,88,3,768,silu,0.4,Adam,,0.0002,1e-07,False,,"[1, 2, 3]","[1, 2]",[0.68794326 2.1920904  0.91725768],0.02,1.0,0.10375,2.77243,0.36364,0.33677,"[0.48649, 0.19048, 0.33333]",355,0.70802,1.66718,0.45455,0.4323,"[0.57895, 0.33333, 0.38462]",40,STOPPED,11.771
285,20251218_135234,gln_93steps_concat.csv,Preset_57,MLP,42,512,"[768, 512, 256]",mean,L2,88,3,768,silu,0.4,Adam,,0.0002,1e-07,False,,"[1, 2, 3]","[1, 2]",[0.68794326 2.1920904  0.91725768],0.02,1.0,0.10357,2.23988,0.5,0.41301,"[0.58824, 0.22222, 0.42857]",269,0.70247,1.29958,0.54545,0.53361,"[0.57143, 0.5, 0.52941]",22,STOPPED,8.927

286,20251218_135234,baseline_31steps_concat.csv,Preset_58,MLP,42,70,"[896, 640, 320, 192]",mean,L2,64,4,896,leakyrelu,0.5,Adam,,0.0002,1e-07,True,0.8,"[1, 2, 3, 4]","[1, 2, 3]",[0.68794326 2.1920904  0.91725768],0.02,1.0,0.10817,1.86903,0.59091,0.49717,"[0.62222, 0.22222, 0.64706]",398,0.50833,1.50247,0.56818,0.55779,"[0.52632, 0.5, 0.64706]",89,STOPPED,18.816
287,20251218_135234,gaitgl_64steps_concat.csv,Preset_58,MLP,42,81,"[896, 640, 320, 192]",mean,L2,64,4,896,leakyrelu,0.5,Adam,,0.0002,1e-07,True,0.8,"[1, 2, 3, 4]","[1, 2, 3]",[0.68794326 2.1920904  0.91725768],0.02,1.0,0.10704,2.70874,0.43182,0.32323,"[0.54545, 0.0, 0.42424]",517,0.5944,1.78889,0.45455,0.42161,"[0.5, 0.30769, 0.45714]",116,STOPPED,24.211
288,20251218_135234,gaitpart_16steps_concat.csv,Preset_58,MLP,42,85,"[896, 640, 320, 192]",mean,L2,64,4,896,leakyrelu,0.5,Adam,,0.0002,1e-07,True,0.8,"[1, 2, 3, 4]","[1, 2, 3]",[0.68794326 2.1920904  0.91725768],0.02,1.0,0.10112,2.01825,0.59091,0.53357,"[0.62222, 0.33333, 0.64516]",470,0.43662,1.42631,0.61364,0.58889,"[0.6, 0.5, 0.66667]",143,STOPPED,22.417
289,20251218_135234,gaitset_62steps_concat.csv,Preset_58,MLP,42,91,"[896, 640, 320, 192]",mean,L2,64,4,896,leakyrelu,0.5,Adam,,0.0002,1e-07,True,0.8,"[1, 2, 3, 4]","[1, 2, 3]",[0.68794326 2.1920904  0.91725768],0.02,1.0,0.1093,2.46546,0.43182,0.30667,"[0.6, 0.0, 0.32]",438,0.71593,1.52532,0.5,0.4902,"[0.55556, 0.44444, 0.47059]",82,STOPPED,20.556
290,20251218_135234,gln_93steps_concat.csv,Preset_58,MLP,42,63,"[896, 640, 320, 192]",mean,L2,64,4,896,leakyrelu,0.5,Adam,,0.0002,1e-07,True,0.8,"[1, 2, 3, 4]","[1, 2, 3]",[0.68794326 2.1920904  0.91725768],0.02,1.0,0.11333,2.25253,0.52273,0.42893,"[0.6383, 0.18182, 0.46667]",429,0.5641,1.62258,0.54545,0.49734,"[0.59459, 0.33333, 0.5641]",75,STOPPED,20.194

291,20251218_135234,baseline_31steps_concat.csv,Preset_59,MLP,42,124,"[1024, 768, 384]",mean,L2,128,3,1024,silu,0.45,Adam,,0.0001,1e-05,True,0.9,"[1, 3]",[2],[0.68794326 2.1920904  0.91725768],0.02,1.0,0.10162,1.655,0.56818,0.47463,"[0.65116, 0.16667, 0.60606]",593,0.10191,1.68134,0.59091,0.5363,"[0.63415, 0.36364, 0.61111]",493,STOPPED,15.977
292,20251218_135234,gaitgl_64steps_concat.csv,Preset_59,MLP,42,131,"[1024, 768, 384]",mean,L2,128,3,1024,silu,0.45,Adam,,0.0001,1e-05,True,0.9,"[1, 3]",[2],[0.68794326 2.1920904  0.91725768],0.02,1.0,0.10278,2.39745,0.31818,0.25527,"[0.5, 0.11765, 0.14815]",731,0.26097,2.0212,0.47727,0.40535,"[0.54545, 0.2, 0.47059]",236,STOPPED,19.568
293,20251218_135234,gaitpart_16steps_concat.csv,Preset_59,MLP,42,141,"[1024, 768, 384]",mean,L2,128,3,1024,silu,0.45,Adam,,0.0001,1e-05,True,0.9,"[1, 3]",[2],[0.68794326 2.1920904  0.91725768],0.02,1.0,0.10197,1.75562,0.56818,0.51641,"[0.59091, 0.33333, 0.625]",890,0.10386,1.7471,0.63636,0.57038,"[0.68085, 0.36364, 0.66667]",790,STOPPED,24.652
294,20251218_135234,gaitset_62steps_concat.csv,Preset_59,MLP,42,158,"[1024, 768, 384]",mean,L2,128,3,1024,silu,0.45,Adam,,0.0001,1e-05,True,0.9,"[1, 3]",[2],[0.68794326 2.1920904  0.91725768],0.02,1.0,0.10266,2.53721,0.36364,0.30465,"[0.5, 0.11765, 0.2963]",583,0.68958,1.54139,0.40909,0.38374,"[0.42105, 0.28571, 0.44444]",42,STOPPED,15.229
295,20251218_135234,gln_93steps_concat.csv,Preset_59,MLP,42,117,"[1024, 768, 384]",mean,L2,128,3,1024,silu,0.45,Adam,,0.0001,1e-05,True,0.9,"[1, 3]",[2],[0.68794326 2.1920904  0.91725768],0.02,1.0,0.10212,1.75636,0.54545,0.45593,"[0.61224, 0.22222, 0.53333]",527,0.13897,1.97156,0.56818,0.47132,"[0.64, 0.22222, 0.55172]",162,STOPPED,14.094

296,20251218_135234,baseline_31steps_concat.csv,Preset_60,MLP,42,57,"[896, 896, 896]",mean,minmax,96,3,896,silu,0.45,AdamW,,0.00015,1e-05,True,0.75,"[1, 2, 3]","[2, 3]",[0.68794326 2.1920904  0.91725768],0.02,1.0,0.10239,1.48294,0.56818,0.51176,"[0.6383, 0.36364, 0.53333]",456,0.10736,1.68772,0.54545,0.53581,"[0.51282, 0.5, 0.59459]",216,STOPPED,15.781
297,20251218_135234,gaitgl_64steps_concat.csv,Preset_60,MLP,42,74,"[896, 896, 896]",mean,minmax,96,3,896,silu,0.45,AdamW,,0.00015,1e-05,True,0.75,"[1, 2, 3]","[2, 3]",[0.68794326 2.1920904  0.91725768],0.02,1.0,0.10284,2.12387,0.45455,0.38889,"[0.5, 0.2, 0.46667]",411,0.11947,2.56426,0.52273,0.49122,"[0.59091, 0.4, 0.48276]",49,STOPPED,14.529
298,20251218_135234,gaitpart_16steps_concat.csv,Preset_60,MLP,42,76,"[896, 896, 896]",mean,minmax,96,3,896,silu,0.45,AdamW,,0.00015,1e-05,True,0.75,"[1, 2, 3]","[2, 3]",[0.68794326 2.1920904  0.91725768],0.02,1.0,0.10267,1.36987,0.63636,0.52354,"[0.7234, 0.22222, 0.625]",360,0.16122,1.4956,0.63636,0.5268,"[0.71111, 0.22222, 0.64706]",21,STOPPED,12.025
299,20251218_135234,gaitset_62steps_concat.csv,Preset_60,MLP,42,79,"[896, 896, 896]",mean,minmax,96,3,896,silu,0.45,AdamW,,0.00015,1e-05,True,0.75,"[1, 2, 3]","[2, 3]",[0.68794326 2.1920904  0.91725768],0.02,1.0,0.1031,1.46306,0.56818,0.47155,"[0.65217, 0.18182, 0.58065]",354,0.10364,1.50856,0.63636,0.525,"[0.70833, 0.2, 0.66667]",247,STOPPED,12.035
300,20251218_135234,gln_93steps_concat.csv,Preset_60,MLP,42,50,"[896, 896, 896]",mean,minmax,96,3,896,silu,0.45,AdamW,,0.00015,1e-05,True,0.75,"[1, 2, 3]","[2, 3]",[0.68794326 2.1920904  0.91725768],0.02,1.0,0.10238,1.68105,0.43182,0.36806,"[0.5, 0.16667, 0.4375]",524,0.50213,1.20049,0.56818,0.51576,"[0.62857, 0.33333, 0.58537]",13,STOPPED,17.213

301,20251218_135234,baseline_31steps_concat.csv,Preset_61,MLP,42,61,"[896, 640, 448, 320, 160]",max,L2,96,5,896,gelu,0.4,Adam,,0.00015,1e-06,True,0.75,"[2, 4]","[1, 3]",[0.68794326 2.1920904  0.91725768],0.02,1.0,0.10224,2.16373,0.47727,0.40696,"[0.57143, 0.13333, 0.51613]",1083,0.10541,1.97506,0.56818,0.47674,"[0.66667, 0.14286, 0.62069]",881,STOPPED,38.62
302,20251218_135234,gaitgl_64steps_concat.csv,Preset_61,MLP,42,80,"[896, 640, 448, 320, 160]",max,L2,96,5,896,gelu,0.4,Adam,,0.00015,1e-06,True,0.75,"[2, 4]","[1, 3]",[0.68794326 2.1920904  0.91725768],0.02,1.0,0.10305,2.35656,0.38636,0.31746,"[0.5, 0.16667, 0.28571]",971,0.16897,2.50585,0.47727,0.45308,"[0.52174, 0.4, 0.4375]",589,STOPPED,34.56
303,20251218_135234,gaitpart_16steps_concat.csv,Preset_61,MLP,42,55,"[896, 640, 448, 320, 160]",max,L2,96,5,896,gelu,0.4,Adam,,0.00015,1e-06,True,0.75,"[2, 4]","[1, 3]",[0.68794326 2.1920904  0.91725768],0.02,1.0,0.10302,2.76761,0.40909,0.35469,"[0.45455, 0.14286, 0.46667]",1680,0.37587,2.47974,0.43182,0.41733,"[0.46154, 0.35294, 0.4375]",1083,STOPPED,59.413
304,20251218_135234,gaitset_62steps_concat.csv,Preset_61,MLP,42,66,"[896, 640, 448, 320, 160]",max,L2,96,5,896,gelu,0.4,Adam,,0.00015,1e-06,True,0.75,"[2, 4]","[1, 3]",[0.68794326 2.1920904  0.91725768],0.02,1.0,0.10195,1.7992,0.5,0.37778,"[0.61905, 0.0, 0.51429]",1563,0.18102,1.48415,0.68182,0.55986,"[0.7907, 0.22222, 0.66667]",1068,STOPPED,55.384
305,20251218_135234,gln_93steps_concat.csv,Preset_61,MLP,42,54,"[896, 640, 448, 320, 160]",max,L2,96,5,896,gelu,0.4,Adam,,0.00015,1e-06,True,0.75,"[2, 4]","[1, 3]",[0.68794326 2.1920904  0.91725768],0.02,1.0,0.1029,2.14432,0.45455,0.37879,"[0.59091, 0.18182, 0.36364]",1145,0.10591,1.99845,0.56818,0.47412,"[0.7, 0.18182, 0.54054]",1045,STOPPED,40.265

306,20251218_135234,baseline_31steps_concat.csv,Preset_62,MLP,42,64,"[576, 384, 192]",max,minmax,96,3,576,elu,0.45,RMSprop,,0.0002,5e-05,True,0.75,[2],"[1, 3]",[0.68794326 2.1920904  0.91725768],0.02,1.0,0.11202,1.67409,0.54545,0.45455,"[0.63636, 0.18182, 0.54545]",783,0.11171,1.67453,0.56818,0.50823,"[0.63636, 0.30769, 0.58065]",612,STOPPED,24.879
307,20251218_135234,gaitgl_64steps_concat.csv,Preset_62,MLP,42,104,"[576, 384, 192]",max,minmax,96,3,576,elu,0.45,RMSprop,,0.0002,5e-05,True,0.75,[2],"[1, 3]",[0.68794326 2.1920904  0.91725768],0.02,1.0,0.10837,1.74976,0.40909,0.36422,"[0.51064, 0.28571, 0.2963]",669,0.11876,1.92602,0.52273,0.48438,"[0.6087, 0.4, 0.44444]",289,STOPPED,20.819
308,20251218_135234,gaitpart_16steps_concat.csv,Preset_62,MLP,42,74,"[576, 384, 192]",max,minmax,96,3,576,elu,0.45,RMSprop,,0.0002,5e-05,True,0.75,[2],"[1, 3]",[0.68794326 2.1920904  0.91725768],0.02,1.0,0.10949,1.79991,0.45455,0.33843,"[0.57778, 0.0, 0.4375]",634,0.16884,2.1044,0.56818,0.47373,"[0.69767, 0.14286, 0.58065]",141,STOPPED,19.776
309,20251218_135234,gaitset_62steps_concat.csv,Preset_62,MLP,42,77,"[576, 384, 192]",max,minmax,96,3,576,elu,0.45,RMSprop,,0.0002,5e-05,True,0.75,[2],"[1, 3]",[0.68794326 2.1920904  0.91725768],0.02,1.0,0.10881,1.14647,0.65909,0.57942,"[0.7619, 0.26667, 0.70968]",807,0.117,1.10761,0.70455,0.64776,"[0.75, 0.42857, 0.76471]",358,STOPPED,25.181
310,20251218_135234,gln_93steps_concat.csv,Preset_62,MLP,42,52,"[576, 384, 192]",max,minmax,96,3,576,elu,0.45,RMSprop,,0.0002,5e-05,True,0.75,[2],"[1, 3]",[0.68794326 2.1920904  0.91725768],0.02,1.0,0.11549,1.64808,0.45455,0.38499,"[0.54545, 0.14286, 0.46667]",716,0.14049,1.90725,0.56818,0.53195,"[0.65116, 0.42857, 0.51613]",309,STOPPED,22.312

311,20251218_135234,baseline_31steps_concat.csv,Preset_63,MLP,42,53,"[1280, 896, 512]",mean,L2,96,3,1280,silu,0.45,Adam,,0.00015,0.0,True,0.75,"[1, 2, 3]","[1, 3]",[0.68794326 2.1920904  0.91725768],0.02,1.0,0.10543,1.69292,0.59091,0.49717,"[0.62222, 0.22222, 0.64706]",616,0.11093,1.68376,0.61364,0.51601,"[0.6383, 0.22222, 0.6875]",411,STOPPED,20.476
312,20251218_135234,gaitgl_64steps_concat.csv,Preset_63,MLP,42,64,"[1280, 896, 512]",mean,L2,96,3,1280,silu,0.45,Adam,,0.00015,0.0,True,0.75,"[1, 2, 3]","[1, 3]",[0.68794326 2.1920904  0.91725768],0.02,1.0,0.10495,2.27454,0.45455,0.33193,"[0.6087, 0.0, 0.3871]",736,0.1076,2.2826,0.54545,0.44311,"[0.68085, 0.18182, 0.46667]",608,STOPPED,24.461
313,20251218_135234,gaitpart_16steps_concat.csv,Preset_63,MLP,42,67,"[1280, 896, 512]",mean,L2,96,3,1280,silu,0.45,Adam,,0.00015,0.0,True,0.75,"[1, 2, 3]","[1, 3]",[0.68794326 2.1920904  0.91725768],0.02,1.0,0.103,1.60547,0.47727,0.44311,"[0.47619, 0.30769, 0.54545]",872,0.25937,1.6705,0.59091,0.55946,"[0.5641, 0.42857, 0.68571]",475,STOPPED,28.802
314,20251218_135234,gaitset_62steps_concat.csv,Preset_63,MLP,42,70,"[1280, 896, 512]",mean,L2,96,3,1280,silu,0.45,Adam,,0.00015,0.0,True,0.75,"[1, 2, 3]","[1, 3]",[0.68794326 2.1920904  0.91725768],0.02,1.0,0.10361,1.97753,0.47727,0.35926,"[0.57778, 0.0, 0.5]",752,0.67127,1.59507,0.43182,0.43016,"[0.4, 0.35714, 0.53333]",176,STOPPED,24.746
315,20251218_135234,gln_93steps_concat.csv,Preset_63,MLP,42,47,"[1280, 896, 512]",mean,L2,96,3,1280,silu,0.45,Adam,,0.00015,0.0,True,0.75,"[1, 2, 3]","[1, 3]",[0.68794326 2.1920904  0.91725768],0.02,1.0,0.10461,1.64741,0.52273,0.48166,"[0.56522, 0.36364, 0.51613]",767,0.1551,1.81962,0.59091,0.55626,"[0.63415, 0.42857, 0.60606]",250,STOPPED,25.539

316,20251218_135234,baseline_31steps_concat.csv,Preset_64,MLP,42,52,"[1024, 768, 512, 256]",mean,,96,4,1024,gelu,0.45,AdamW,,0.00018,5e-06,True,0.75,"[1, 2, 3]","[1, 2]",[0.68794326 2.1920904  0.91725768],0.02,1.0,0.10266,2.10088,0.47727,0.40087,"[0.55319, 0.16667, 0.48276]",549,0.11941,1.88987,0.59091,0.56373,"[0.60465, 0.46154, 0.625]",277,STOPPED,19.803
317,20251218_135234,gaitgl_64steps_concat.csv,Preset_64,MLP,42,48,"[1024, 768, 512, 256]",mean,,96,4,1024,gelu,0.45,AdamW,,0.00018,5e-06,True,0.75,"[1, 2, 3]","[1, 2]",[0.68794326 2.1920904  0.91725768],0.02,1.0,0.10818,2.21937,0.47727,0.3514,"[0.57143, 0.0, 0.48276]",590,0.11656,2.42436,0.59091,0.49305,"[0.65217, 0.18182, 0.64516]",257,STOPPED,20.799
318,20251218_135234,gaitpart_16steps_concat.csv,Preset_64,MLP,42,63,"[1024, 768, 512, 256]",mean,,96,4,1024,gelu,0.45,AdamW,,0.00018,5e-06,True,0.75,"[1, 2, 3]","[1, 2]",[0.68794326 2.1920904  0.91725768],0.02,1.0,0.10186,1.77346,0.59091,0.49684,"[0.63636, 0.16667, 0.6875]",543,0.10665,1.47423,0.68182,0.60812,"[0.73469, 0.4, 0.68966]",300,STOPPED,19.373
319,20251218_135234,gaitset_62steps_concat.csv,Preset_64,MLP,42,67,"[1024, 768, 512, 256]",mean,,96,4,1024,gelu,0.45,AdamW,,0.00018,5e-06,True,0.75,"[1, 2, 3]","[1, 2]",[0.68794326 2.1920904  0.91725768],0.02,1.0,0.10382,1.80913,0.54545,0.40613,"[0.66667, 0.0, 0.55172]",496,0.12812,2.02236,0.63636,0.46528,"[0.70833, 0.0, 0.6875]",233,STOPPED,17.545
320,20251218_135234,gln_93steps_concat.csv,Preset_64,MLP,42,46,"[1024, 768, 512, 256]",mean,,96,4,1024,gelu,0.45,AdamW,,0.00018,5e-06,True,0.75,"[1, 2, 3]","[1, 2]",[0.68794326 2.1920904  0.91725768],0.02,1.0,0.10364,1.91608,0.54545,0.48421,"[0.62745, 0.36364, 0.46154]",566,0.20081,1.84509,0.59091,0.54899,"[0.66667, 0.42857, 0.55172]",263,STOPPED,19.888

321,20251218_135234,baseline_31steps_concat.csv,Preset_65,MLP,42,73,"[1408, 1024, 640, 320]",mean,minmax,64,4,1408,silu,0.45,Adam,,0.00015,1e-06,True,0.8,"[1, 2, 3]","[2, 3]",[0.68794326 2.1920904  0.91725768],0.02,1.0,0.10151,1.58083,0.56818,0.46826,"[0.65306, 0.2, 0.55172]",269,0.1087,1.58025,0.63636,0.53159,"[0.66667, 0.22222, 0.70588]",43,STOPPED,13.206
322,20251218_135234,gaitgl_64steps_concat.csv,Preset_65,MLP,42,98,"[1408, 1024, 640, 320]",mean,minmax,64,4,1408,silu,0.45,Adam,,0.00015,1e-06,True,0.8,"[1, 2, 3]","[2, 3]",[0.68794326 2.1920904  0.91725768],0.02,1.0,0.102,2.00834,0.45455,0.34148,"[0.54167, 0.0, 0.48276]",314,0.10449,1.98939,0.5,0.37222,"[0.58333, 0.0, 0.53333]",100,STOPPED,15.41
323,20251218_135234,gaitpart_16steps_concat.csv,Preset_65,MLP,42,95,"[1408, 1024, 640, 320]",mean,minmax,64,4,1408,silu,0.45,Adam,,0.00015,1e-06,True,0.8,"[1, 2, 3]","[2, 3]",[0.68794326 2.1920904  0.91725768],0.02,1.0,0.1015,1.46708,0.56818,0.46641,"[0.68085, 0.16667, 0.55172]",303,0.10905,1.48835,0.61364,0.50867,"[0.68085, 0.2, 0.64516]",38,STOPPED,14.694
324,20251218_135234,gaitset_62steps_concat.csv,Preset_65,MLP,42,101,"[1408, 1024, 640, 320]",mean,minmax,64,4,1408,silu,0.45,Adam,,0.00015,1e-06,True,0.8,"[1, 2, 3]","[2, 3]",[0.68794326 2.1920904  0.91725768],0.02,1.0,0.10198,1.7103,0.43182,0.33052,"[0.57778, 0.0, 0.41379]",278,0.10326,1.58556,0.61364,0.44635,"[0.69388, 0.0, 0.64516]",126,STOPPED,13.659
325,20251218_135234,gln_93steps_concat.csv,Preset_65,MLP,42,65,"[1408, 1024, 640, 320]",mean,minmax,64,4,1408,silu,0.45,Adam,,0.00015,1e-06,True,0.8,"[1, 2, 3]","[2, 3]",[0.68794326 2.1920904  0.91725768],0.02,1.0,0.10136,1.87628,0.5,0.42251,"[0.57143, 0.18182, 0.51429]",316,0.11344,2.07566,0.54545,0.45795,"[0.62222, 0.22222, 0.52941]",47,STOPPED,15.251

326,20251218_135234,baseline_31steps_concat.csv,Preset_66,MLP,42,73,"[1024, 768, 512, 256]",mean,minmax,64,4,1024,silu,0.4,Adam,,0.0002,1e-07,True,0.8,"[1, 2, 3]","[1, 2]",[0.68794326 2.1920904  0.91725768],0.02,1.0,0.10193,1.56501,0.52273,0.44456,"[0.54545, 0.2, 0.58824]",340,0.1349,1.74289,0.63636,0.57896,"[0.65116, 0.4, 0.68571]",73,STOPPED,15.636
327,20251218_135234,gaitgl_64steps_concat.csv,Preset_66,MLP,42,98,"[1024, 768, 512, 256]",mean,minmax,64,4,1024,silu,0.4,Adam,,0.0002,1e-07,True,0.8,"[1, 2, 3]","[1, 2]",[0.68794326 2.1920904  0.91725768],0.02,1.0,0.10315,2.38454,0.45455,0.33333,"[0.57143, 0.0, 0.42857]",350,0.11231,2.49338,0.47727,0.39869,"[0.57778, 0.16667, 0.45161]",116,STOPPED,16.249
328,20251218_135234,gaitpart_16steps_concat.csv,Preset_66,MLP,42,95,"[1024, 768, 512, 256]",mean,minmax,64,4,1024,silu,0.4,Adam,,0.0002,1e-07,True,0.8,"[1, 2, 3]","[1, 2]",[0.68794326 2.1920904  0.91725768],0.02,1.0,0.10134,1.56963,0.52273,0.43076,"[0.66667, 0.14286, 0.48276]",325,0.11265,1.25798,0.65909,0.57664,"[0.75556, 0.30769, 0.66667]",76,STOPPED,15.124
329,20251218_135234,gaitset_62steps_concat.csv,Preset_66,MLP,42,101,"[1024, 768, 512, 256]",mean,minmax,64,4,1024,silu,0.4,Adam,,0.0002,1e-07,True,0.8,"[1, 2, 3]","[1, 2]",[0.68794326 2.1920904  0.91725768],0.02,1.0,0.10187,1.92553,0.52273,0.38314,"[0.66667, 0.0, 0.48276]",320,0.10418,1.86183,0.59091,0.48223,"[0.70833, 0.22222, 0.51613]",193,STOPPED,14.774
330,20251218_135234,gln_93steps_concat.csv,Preset_66,MLP,42,65,"[1024, 768, 512, 256]",mean,minmax,64,4,1024,silu,0.4,Adam,,0.0002,1e-07,True,0.8,"[1, 2, 3]","[1, 2]",[0.68794326 2.1920904  0.91725768],0.02,1.0,0.10295,2.04779,0.54545,0.45707,"[0.6087, 0.2, 0.5625]",364,0.14177,2.12964,0.59091,0.48778,"[0.68, 0.25, 0.53333]",76,STOPPED,16.826
331,20251226_011531,baseline_31steps_concat.csv,Preset_1,MLP,42,127,[640],mean,minmax,128,1,640,gelu,0.15,SGD,0.9,0.005,0.0,True,0.9,[],[],[0.68794326 2.1920904  0.91725768],0.02,1.0,0.11991,1.88197,0.52273,0.44816,"[0.5641, 0.13333, 0.64706]",1863,0.63704,1.16563,0.56818,0.51354,"[0.61905, 0.33333, 0.58824]",236,COMPLETED,42.791
332,20251226_011531,gaitgl_64steps_concat.csv,Preset_1,MLP,42,168,[640],mean,minmax,128,1,640,gelu,0.15,SGD,0.9,0.005,0.0,True,0.9,[],[],[0.68794326 2.1920904  0.91725768],0.02,1.0,0.11999,2.05672,0.43182,0.32832,"[0.53333, 0.0, 0.45161]",1551,0.25903,1.57866,0.47727,0.404,"[0.55814, 0.15385, 0.5]",499,COMPLETED,30.243
333,20251226_011531,gaitpart_16steps_concat.csv,Preset_1,MLP,42,151,[640],mean,minmax,128,1,640,gelu,0.15,SGD,0.9,0.005,0.0,True,0.9,[],[],[0.68794326 2.1920904  0.91725768],0.02,1.0,0.11968,1.22054,0.45455,0.43072,"[0.54054, 0.3, 0.45161]",2029,0.70969,1.02246,0.52273,0.49245,"[0.54545, 0.35294, 0.57895]",156,COMPLETED,38.857
334,20251226_011531,gaitset_62steps_concat.csv,Preset_1,MLP,42,167,[640],mean,minmax,128,1,640,gelu,0.15,SGD,0.9,0.005,0.0,True,0.9,[],[],[0.68794326 2.1920904  0.91725768],0.02,1.0,0.1195,1.74871,0.38636,0.32172,"[0.53659, 0.0, 0.42857]",1399,0.44372,1.40849,0.45455,0.38546,"[0.57143, 0.13333, 0.45161]",276,COMPLETED,28.168
335,20251226_011531,gln_93steps_concat.csv,Preset_1,MLP,42,119,[640],mean,minmax,128,1,640,gelu,0.15,SGD,0.9,0.005,0.0,True,0.9,[],[],[0.68794326 2.1920904  0.91725768],0.02,1.0,0.11979,1.80063,0.47727,0.40269,"[0.56522, 0.14286, 0.5]",1923,0.62517,1.1249,0.52273,0.49532,"[0.61538, 0.4, 0.47059]",232,COMPLETED,37.86
336,20251226_011531,baseline_31steps_concat.csv,Preset_2,MLP,42,127,"[192, 96, 64]",mean,minmax,64,3,192,elu,0.4,AdamW,,0.0001,1e-05,True,0.9,"[1, 2]",[1],[0.68794326 2.1920904  0.91725768],0.02,1.0,0.11732,2.03763,0.52273,0.44115,"[0.58537, 0.16667, 0.57143]",645,0.56999,1.48178,0.56818,0.4769,"[0.61538, 0.16667, 0.64865]",79,COMPLETED,22.687
337,20251226_011531,gaitgl_64steps_concat.csv,Preset_2,MLP,42,168,"[192, 96, 64]",mean,minmax,64,3,192,elu,0.4,AdamW,,0.0001,1e-05,True,0.9,"[1, 2]",[1],[0.68794326 2.1920904  0.91725768],0.02,1.0,0.11781,2.2507,0.5,0.4135,"[0.62222, 0.16667, 0.45161]",478,0.12665,2.35137,0.52273,0.43468,"[0.62222, 0.18182, 0.5]",448,COMPLETED,16.806
338,20251226_011531,gaitpart_16steps_concat.csv,Preset_2,MLP,42,151,"[192, 96, 64]",mean,minmax,64,3,192,elu,0.4,AdamW,,0.0001,1e-05,True,0.9,"[1, 2]",[1],[0.68794326 2.1920904  0.91725768],0.02,1.0,0.11854,1.70294,0.47727,0.39879,"[0.59091, 0.15385, 0.45161]",516,0.65195,1.07899,0.47727,0.46216,"[0.48649, 0.4, 0.5]",42,COMPLETED,18.47
339,20251226_011531,gaitset_62steps_concat.csv,Preset_2,MLP,42,167,"[192, 96, 64]",mean,minmax,64,3,192,elu,0.4,AdamW,,0.0001,1e-05,True,0.9,"[1, 2]",[1],[0.68794326 2.1920904  0.91725768],0.02,1.0,0.11399,2.66455,0.43182,0.35238,"[0.52381, 0.0, 0.53333]",498,0.51331,1.63695,0.45455,0.41296,"[0.55, 0.22222, 0.46667]",59,COMPLETED,17.562
340,20251226_011531,gln_93steps_concat.csv,Preset_2,MLP,42,119,"[192, 96, 64]",mean,minmax,64,3,192,elu,0.4,AdamW,,0.0001,1e-05,True,0.9,"[1, 2]",[1],[0.68794326 2.1920904  0.91725768],0.02,1.0,0.1193,1.70402,0.5,0.41902,"[0.60465, 0.18182, 0.47059]",673,0.12277,1.67986,0.54545,0.45051,"[0.66667, 0.2, 0.48485]",603,COMPLETED,23.716
341,20251226_011531,baseline_31steps_concat.csv,Preset_3,MLP,42,141,"[448, 224, 112, 64]",max,minmax,32,4,448,silu,0.1,RMSprop,,0.0008,0.0,True,0.9,[],"[1, 2, 3]",[0.68794326 2.1920904  0.91725768],0.02,1.0,0.11262,2.33957,0.45455,0.34444,"[0.53333, 0.0, 0.5]",61,0.68008,1.29496,0.47727,0.46918,"[0.48649, 0.42105, 0.5]",5,COMPLETED,4.129
342,20251226_011531,gaitgl_64steps_concat.csv,Preset_3,MLP,42,196,"[448, 224, 112, 64]",max,minmax,32,4,448,silu,0.1,RMSprop,,0.0008,0.0,True,0.9,[],"[1, 2, 3]",[0.68794326 2.1920904  0.91725768],0.02,1.0,0.10878,1.53515,0.56818,0.47347,"[0.73469, 0.28571, 0.4]",38,0.16504,1.55012,0.63636,0.55034,"[0.76596, 0.33333, 0.55172]",21,COMPLETED,2.791
343,20251226_011531,gaitpart_16steps_concat.csv,Preset_3,MLP,42,150,"[448, 224, 112, 64]",max,minmax,32,4,448,silu,0.1,RMSprop,,0.0008,0.0,True,0.9,[],"[1, 2, 3]",[0.68794326 2.1920904  0.91725768],0.02,1.0,0.11281,2.38058,0.43182,0.36297,"[0.57143, 0.15385, 0.36364]",49,0.13534,2.2412,0.47727,0.4388,"[0.57778, 0.36364, 0.375]",35,COMPLETED,3.506
344,20251226_011531,gaitset_62steps_concat.csv,Preset_3,MLP,42,170,"[448, 224, 112, 64]",max,minmax,32,4,448,silu,0.1,RMSprop,,0.0008,0.0,True,0.9,[],"[1, 2, 3]",[0.68794326 2.1920904  0.91725768],0.02,1.0,0.11446,2.32236,0.59091,0.43961,"[0.65217, 0.0, 0.66667]",33,0.27918,1.64252,0.56818,0.47648,"[0.61905, 0.18182, 0.62857]",13,COMPLETED,2.355
345,20251226_011531,gln_93steps_concat.csv,Preset_3,MLP,42,128,"[448, 224, 112, 64]",max,minmax,32,4,448,silu,0.1,RMSprop,,0.0008,0.0,True,0.9,[],"[1, 2, 3]",[0.68794326 2.1920904  0.91725768],0.02,1.0,0.10977,2.10486,0.40909,0.29934,"[0.55319, 0.0, 0.34483]",68,0.69912,1.47062,0.47727,0.40643,"[0.57895, 0.16667, 0.47368]",5,COMPLETED,4.6
346,20251226_011531,baseline_31steps_concat.csv,Preset_4,MLP,42,41,"[1152, 576]",mean,L2,64,2,1152,leakyrelu,0.25,SGD,0.9,0.005,0.0005,True,0.7,[1],[1],[0.68794326 2.1920904  0.91725768],0.02,1.0,0.11692,1.32942,0.59091,0.49517,"[0.65217, 0.16667, 0.66667]",807,0.13873,1.29999,0.65909,0.55102,"[0.68085, 0.22222, 0.75]",597,COMPLETED,25.178
347,20251226_011531,gaitgl_64steps_concat.csv,Preset_4,MLP,42,51,"[1152, 576]",mean,L2,64,2,1152,leakyrelu,0.25,SGD,0.9,0.005,0.0005,True,0.7,[1],[1],[0.68794326 2.1920904  0.91725768],0.02,1.0,0.12507,1.94585,0.43182,0.32828,"[0.5, 0.0, 0.48485]",1567,0.13424,1.90511,0.52273,0.47486,"[0.57143, 0.30769, 0.54545]",1360,STOPPED,47.323
348,20251226_011531,gaitpart_16steps_concat.csv,Preset_4,MLP,42,53,"[1152, 576]",mean,L2,64,2,1152,leakyrelu,0.25,SGD,0.9,0.005,0.0005,True,0.7,[1],[1],[0.68794326 2.1920904  0.91725768],0.02,1.0,0.13181,1.39824,0.52273,0.47271,"[0.59459, 0.23529, 0.58824]",1603,0.12534,1.41613,0.59091,0.52894,"[0.61538, 0.28571, 0.68571]",1503,STOPPED,48.399
349,20251226_011531,gaitset_62steps_concat.csv,Preset_4,MLP,42,53,"[1152, 576]",mean,L2,64,2,1152,leakyrelu,0.25,SGD,0.9,0.005,0.0005,True,0.7,[1],[1],[0.68794326 2.1920904  0.91725768],0.02,1.0,0.11674,1.5823,0.52273,0.46358,"[0.62222, 0.25, 0.51852]",1546,0.12417,1.61553,0.61364,0.57061,"[0.66667, 0.4, 0.64516]",1401,COMPLETED,47.191
350,20251226_011531,gln_93steps_concat.csv,Preset_4,MLP,42,35,"[1152, 576]",mean,L2,64,2,1152,leakyrelu,0.25,SGD,0.9,0.005,0.0005,True,0.7,[1],[1],[0.68794326 2.1920904  0.91725768],0.02,1.0,0.11848,1.57101,0.45455,0.39886,"[0.59091, 0.23529, 0.37037]",685,0.62638,1.05111,0.54545,0.51702,"[0.66667, 0.47059, 0.41379]",220,COMPLETED,21.023
351,20251226_011531,baseline_31steps_concat.csv,Preset_5,MLP,42,73,"[256, 512, 1024, 1024]",mean,minmax,96,4,1024,silu,0.45,AdamW,,0.0002,0.0001,True,0.8,"[1, 2, 3]","[1, 2]",[0.68794326 2.1920904  0.91725768],0.02,1.0,0.11328,1.68735,0.59091,0.53488,"[0.60465, 0.33333, 0.66667]",423,0.23984,1.71625,0.65909,0.59105,"[0.66667, 0.36364, 0.74286]",138,COMPLETED,14.79
352,20251226_011531,gaitgl_64steps_concat.csv,Preset_5,MLP,42,98,"[256, 512, 1024, 1024]",mean,minmax,96,4,1024,silu,0.45,AdamW,,0.0002,0.0001,True,0.8,"[1, 2, 3]","[1, 2]",[0.68794326 2.1920904  0.91725768],0.02,1.0,0.11444,2.69427,0.43182,0.35638,"[0.54167, 0.14286, 0.38462]",339,0.14792,2.81773,0.5,0.41667,"[0.58333, 0.16667, 0.5]",230,COMPLETED,11.337
353,20251226_011531,gaitpart_16steps_concat.csv,Preset_5,MLP,42,95,"[256, 512, 1024, 1024]",mean,minmax,96,4,1024,silu,0.45,AdamW,,0.0002,0.0001,True,0.8,"[1, 2, 3]","[1, 2]",[0.68794326 2.1920904  0.91725768],0.02,1.0,0.11401,1.72066,0.59091,0.49006,"[0.69565, 0.15385, 0.62069]",332,0.13681,1.94283,0.59091,0.51999,"[0.68085, 0.30769, 0.57143]",210,COMPLETED,11.535
354,20251226_011531,gaitset_62steps_concat.csv,Preset_5,MLP,42,101,"[256, 512, 1024, 1024]",mean,minmax,96,4,1024,silu,0.45,AdamW,,0.0002,0.0001,True,0.8,"[1, 2, 3]","[1, 2]",[0.68794326 2.1920904  0.91725768],0.02,1.0,0.1171,1.91885,0.59091,0.48614,"[0.71111, 0.16667, 0.58065]",330,0.15327,1.75491,0.63636,0.52525,"[0.72727, 0.18182, 0.66667]",199,COMPLETED,11.015
355,20251226_011531,gln_93steps_concat.csv,Preset_5,MLP,42,65,"[256, 512, 1024, 1024]",mean,minmax,96,4,1024,silu,0.45,AdamW,,0.0002,0.0001,True,0.8,"[1, 2, 3]","[1, 2]",[0.68794326 2.1920904  0.91725768],0.02,1.0,0.11987,1.956,0.47727,0.35106,"[0.55319, 0.0, 0.5]",478,0.71077,1.3688,0.61364,0.5977,"[0.61111, 0.53333, 0.64865]",31,COMPLETED,15.923
356,20251226_011531,baseline_31steps_concat.csv,Preset_6,MLP,42,53,"[768, 384, 192, 96]",mean,L2,128,4,768,gelu,0.0,Adam,,0.0005,0.0,True,0.75,"[1, 2, 3]",[],[0.68794326 2.1920904  0.91725768],0.02,1.0,0.10401,1.87031,0.52273,0.44497,"[0.52381, 0.2, 0.61111]",81,0.38215,1.30488,0.56818,0.51111,"[0.5, 0.33333, 0.7]",42,COMPLETED,2.332
357,20251226_011531,gaitgl_64steps_concat.csv,Preset_6,MLP,42,64,"[768, 384, 192, 96]",mean,L2,128,4,768,gelu,0.0,Adam,,0.0005,0.0,True,0.75,"[1, 2, 3]",[],[0.68794326 2.1920904  0.91725768],0.02,1.0,0.10654,2.46107,0.43182,0.37115,"[0.5, 0.14286, 0.47059]",144,0.68222,1.39368,0.45455,0.42161,"[0.5, 0.30769, 0.45714]",76,COMPLETED,4.392
358,20251226_011531,gaitpart_16steps_concat.csv,Preset_6,MLP,42,67,"[768, 384, 192, 96]",mean,L2,128,4,768,gelu,0.0,Adam,,0.0005,0.0,True,0.75,"[1, 2, 3]",[],[0.68794326 2.1920904  0.91725768],0.02,1.0,0.11076,1.68713,0.56818,0.53954,"[0.57895, 0.42857, 0.61111]",158,0.20692,1.60993,0.59091,0.56304,"[0.57895, 0.46154, 0.64865]",142,COMPLETED,4.917
359,20251226_011531,gaitset_62steps_concat.csv,Preset_6,MLP,42,70,"[768, 384, 192, 96]",mean,L2,128,4,768,gelu,0.0,Adam,,0.0005,0.0,True,0.75,"[1, 2, 3]",[],[0.68794326 2.1920904  0.91725768],0.02,1.0,0.10496,1.9745,0.45455,0.35789,"[0.59091, 0.0, 0.48276]",122,0.7152,1.36032,0.47727,0.44952,"[0.55, 0.31579, 0.48276]",47,COMPLETED,3.778
360,20251226_011531,gln_93steps_concat.csv,Preset_6,MLP,42,47,"[768, 384, 192, 96]",mean,L2,128,4,768,gelu,0.0,Adam,,0.0005,0.0,True,0.75,"[1, 2, 3]",[],[0.68794326 2.1920904  0.91725768],0.02,1.0,0.10602,1.56594,0.47727,0.41789,"[0.58333, 0.28571, 0.38462]",61,0.15768,1.31974,0.56818,0.51444,"[0.59459, 0.33333, 0.61538]",47,COMPLETED,2.012
361,20251226_011531,baseline_31steps_concat.csv,Preset_7,MLP,42,107,[128],max,minmax,256,1,128,relu,0.0,AdamW,,0.0003,0.0001,True,0.85,[],[],[0.68794326 2.1920904  0.91725768],0.02,1.0,0.11971,1.23156,0.45455,0.35351,"[0.57778, 0.0, 0.48276]",678,0.14526,1.22101,0.47727,0.36382,"[0.6087, 0.0, 0.48276]",501,COMPLETED,9.561
362,20251226_011531,gaitgl_64steps_concat.csv,Preset_7,MLP,42,158,[128],max,minmax,256,1,128,relu,0.0,AdamW,,0.0003,0.0001,True,0.85,[],[],[0.68794326 2.1920904  0.91725768],0.02,1.0,0.11953,1.25864,0.52273,0.45789,"[0.65217, 0.30769, 0.41379]",497,0.2813,1.10206,0.54545,0.47237,"[0.68085, 0.30769, 0.42857]",202,COMPLETED,7.209
363,20251226_011531,gaitpart_16steps_concat.csv,Preset_7,MLP,42,117,[128],max,minmax,256,1,128,relu,0.0,AdamW,,0.0003,0.0001,True,0.85,[],[],[0.68794326 2.1920904  0.91725768],0.02,1.0,0.11959,1.51723,0.47727,0.39211,"[0.6087, 0.15385, 0.41379]",611,0.41168,1.14004,0.5,0.4195,"[0.60465, 0.15385, 0.5]",176,COMPLETED,8.902
364,20251226_011531,gaitset_62steps_concat.csv,Preset_7,MLP,42,130,[128],max,minmax,256,1,128,relu,0.0,AdamW,,0.0003,0.0001,True,0.85,[],[],[0.68794326 2.1920904  0.91725768],0.02,1.0,0.11969,1.19669,0.47727,0.40014,"[0.59091, 0.14286, 0.46667]",554,0.71538,1.03996,0.54545,0.48879,"[0.61905, 0.26667, 0.58065]",93,COMPLETED,7.962
365,20251226_011531,gln_93steps_concat.csv,Preset_7,MLP,42,95,[128],max,minmax,256,1,128,relu,0.0,AdamW,,0.0003,0.0001,True,0.85,[],[],[0.68794326 2.1920904  0.91725768],0.02,1.0,0.11953,1.48214,0.47727,0.39531,"[0.65116, 0.18182, 0.35294]",734,0.17404,1.39717,0.52273,0.43119,"[0.68182, 0.2, 0.41176]",443,COMPLETED,12.132
366,20251226_011531,baseline_31steps_concat.csv,Preset_8,MLP,42,25,"[512, 512, 512]",mean,minmax,64,3,512,elu,0.3,RMSprop,,0.0004,1e-05,True,0.6,"[1, 2]","[1, 2]",[0.68794326 2.1920904  0.91725768],0.02,1.0,0.11626,1.5738,0.45455,0.37073,"[0.56, 0.18182, 0.37037]",413,0.13875,1.7913,0.59091,0.5798,"[0.65116, 0.58824, 0.5]",318,COMPLETED,17.438
367,20251226_011531,gaitgl_64steps_concat.csv,Preset_8,MLP,42,27,"[512, 512, 512]",mean,minmax,64,3,512,elu,0.3,RMSprop,,0.0004,1e-05,True,0.6,"[1, 2]","[1, 2]",[0.68794326 2.1920904  0.91725768],0.02,1.0,0.11599,2.51707,0.40909,0.26862,"[0.61538, 0.0, 0.19048]",482,0.15644,3.04994,0.45455,0.37367,"[0.6, 0.23529, 0.28571]",195,COMPLETED,19.424
368,20251226_011531,gaitpart_16steps_concat.csv,Preset_8,MLP,42,37,"[512, 512, 512]",mean,minmax,64,3,512,elu,0.3,RMSprop,,0.0004,1e-05,True,0.6,"[1, 2]","[1, 2]",[0.68794326 2.1920904  0.91725768],0.02,1.0,0.11558,1.41329,0.54545,0.49558,"[0.59091, 0.33333, 0.5625]",279,0.2775,1.30047,0.68182,0.62607,"[0.75, 0.46154, 0.66667]",63,COMPLETED,10.652
369,20251226_011531,gaitset_62steps_concat.csv,Preset_8,MLP,42,36,"[512, 512, 512]",mean,minmax,64,3,512,elu,0.3,RMSprop,,0.0004,1e-05,True,0.6,"[1, 2]","[1, 2]",[0.68794326 2.1920904  0.91725768],0.02,1.0,0.11651,1.77604,0.54545,0.48989,"[0.63158, 0.26667, 0.57143]",285,0.23777,1.84436,0.59091,0.49116,"[0.66667, 0.18182, 0.625]",76,COMPLETED,11.066
370,20251226_011531,gln_93steps_concat.csv,Preset_8,MLP,42,21,"[512, 512, 512]",mean,minmax,64,3,512,elu,0.3,RMSprop,,0.0004,1e-05,True,0.6,"[1, 2]","[1, 2]",[0.68794326 2.1920904  0.91725768],0.02,1.0,0.11723,1.57251,0.54545,0.53488,"[0.60465, 0.53333, 0.46667]",478,0.1635,1.71593,0.61364,0.60444,"[0.68182, 0.61538, 0.51613]",187,COMPLETED,19.361
371,20251226_011531,baseline_31steps_concat.csv,Preset_9,MLP,42,70,"[896, 896, 896, 896]",mean,L2,32,4,896,silu,0.25,AdamW,,0.0001,0.0002,True,0.8,"[1, 2, 3]","[1, 2, 3]",[0.68794326 2.1920904  0.91725768],0.02,1.0,0.11138,1.81327,0.54545,0.46111,"[0.58333, 0.2, 0.6]",199,0.12305,1.76062,0.61364,0.58426,"[0.58537, 0.46154, 0.70588]",184,COMPLETED,16.005
372,20251226_011531,gaitgl_64steps_concat.csv,Preset_9,MLP,42,81,"[896, 896, 896, 896]",mean,L2,32,4,896,silu,0.25,AdamW,,0.0001,0.0002,True,0.8,"[1, 2, 3]","[1, 2, 3]",[0.68794326 2.1920904  0.91725768],0.02,1.0,0.11838,2.39264,0.36364,0.29653,"[0.43243, 0.0, 0.45714]",343,0.72876,1.57232,0.38636,0.37317,"[0.3125, 0.33333, 0.47368]",116,COMPLETED,26.442
373,20251226_011531,gaitpart_16steps_concat.csv,Preset_9,MLP,42,85,"[896, 896, 896, 896]",mean,L2,32,4,896,silu,0.25,AdamW,,0.0001,0.0002,True,0.8,"[1, 2, 3]","[1, 2, 3]",[0.68794326 2.1920904  0.91725768],0.02,1.0,0.11563,2.10724,0.52273,0.44473,"[0.52381, 0.18182, 0.62857]",378,0.62855,1.47221,0.56818,0.54948,"[0.51429, 0.5, 0.63415]",156,COMPLETED,29.308
374,20251226_011531,gaitset_62steps_concat.csv,Preset_9,MLP,42,91,"[896, 896, 896, 896]",mean,L2,32,4,896,silu,0.25,AdamW,,0.0001,0.0002,True,0.8,"[1, 2, 3]","[1, 2, 3]",[0.68794326 2.1920904  0.91725768],0.02,1.0,0.11249,2.27236,0.45455,0.37814,"[0.57778, 0.14286, 0.41379]",272,0.26306,2.02663,0.52273,0.49174,"[0.61538, 0.375, 0.48485]",181,COMPLETED,21.201
375,20251226_011531,gln_93steps_concat.csv,Preset_9,MLP,42,63,"[896, 896, 896, 896]",mean,L2,32,4,896,silu,0.25,AdamW,,0.0001,0.0002,True,0.8,"[1, 2, 3]","[1, 2, 3]",[0.68794326 2.1920904  0.91725768],0.02,1.0,0.1178,1.78236,0.47727,0.34694,"[0.61224, 0.0, 0.42857]",186,0.55483,1.5201,0.54545,0.48737,"[0.65, 0.26667, 0.54545]",54,COMPLETED,14.652
376,20251226_011531,baseline_31steps_concat.csv,Preset_10,MLP,42,512,"[320, 640]",max,minmax,96,2,640,gelu,0.2,Adam,,0.001,0.0,False,0.0,[1],[1],[0.68794326 2.1920904  0.91725768],0.02,1.0,0.11181,2.23884,0.38636,0.29101,"[0.42857, 0.0, 0.44444]",199,0.24353,2.99436,0.43182,0.38414,"[0.34483, 0.22222, 0.58537]",125,COMPLETED,5.307
377,20251226_011531,gaitgl_64steps_concat.csv,Preset_10,MLP,42,768,"[320, 640]",max,minmax,96,2,640,gelu,0.2,Adam,,0.001,0.0,False,0.0,[1],[1],[0.68794326 2.1920904  0.91725768],0.02,1.0,0.11336,1.6276,0.52273,0.47158,"[0.59091, 0.30769, 0.51613]",140,0.1187,1.77842,0.59091,0.56268,"[0.61538, 0.46154, 0.61111]",129,COMPLETED,3.852
378,20251226_011531,gaitpart_16steps_concat.csv,Preset_10,MLP,42,512,"[320, 640]",max,minmax,96,2,640,gelu,0.2,Adam,,0.001,0.0,False,0.0,[1],[1],[0.68794326 2.1920904  0.91725768],0.02,1.0,0.11842,1.92073,0.45455,0.40079,"[0.58333, 0.33333, 0.28571]",223,0.14069,2.05312,0.5,0.46671,"[0.55, 0.36364, 0.48649]",190,COMPLETED,6.693
379,20251226_011531,gaitset_62steps_concat.csv,Preset_10,MLP,42,768,"[320, 640]",max,minmax,96,2,640,gelu,0.2,Adam,,0.001,0.0,False,0.0,[1],[1],[0.68794326 2.1920904  0.91725768],0.02,1.0,0.11613,2.09014,0.40909,0.34769,"[0.53659, 0.14286, 0.36364]",168,0.63719,1.37795,0.54545,0.50396,"[0.59574, 0.4, 0.51613]",57,COMPLETED,4.533
380,20251226_011531,gln_93steps_concat.csv,Preset_10,MLP,42,512,"[320, 640]",max,minmax,96,2,640,gelu,0.2,Adam,,0.001,0.0,False,0.0,[1],[1],[0.68794326 2.1920904  0.91725768],0.02,1.0,0.11571,1.72815,0.54545,0.36364,"[0.69091, 0.0, 0.4]",193,0.43766,1.84493,0.61364,0.4439,"[0.73171, 0.0, 0.6]",85,COMPLETED,5.35
381,20251226_011531,baseline_31steps_concat.csv,Preset_11,MLP,42,95,"[1024, 512, 256]",mean,minmax,64,3,1024,relu,0.35,RMSprop,,0.0006,1e-05,True,0.85,"[1, 2]","[1, 2]",[0.68794326 2.1920904  0.91725768],0.02,1.0,0.10874,1.66853,0.54545,0.46373,"[0.59574, 0.25, 0.54545]",30,0.16302,1.581,0.56818,0.47682,"[0.6, 0.18182, 0.64865]",13,COMPLETED,1.427
382,20251226_011531,gaitgl_64steps_concat.csv,Preset_11,MLP,42,128,"[1024, 512, 256]",mean,minmax,64,3,1024,relu,0.35,RMSprop,,0.0006,1e-05,True,0.85,"[1, 2]","[1, 2]",[0.68794326 2.1920904  0.91725768],0.02,1.0,0.11314,2.32264,0.47727,0.35507,"[0.56522, 0.0, 0.5]",23,0.2975,1.87527,0.47727,0.35507,"[0.56522, 0.0, 0.5]",9,COMPLETED,1.155
383,20251226_011531,gaitpart_16steps_concat.csv,Preset_11,MLP,42,119,"[1024, 512, 256]",mean,minmax,64,3,1024,relu,0.35,RMSprop,,0.0006,1e-05,True,0.85,"[1, 2]","[1, 2]",[0.68794326 2.1920904  0.91725768],0.02,1.0,0.11311,1.43236,0.56818,0.47374,"[0.65116, 0.18182, 0.58824]",16,0.11581,1.51946,0.61364,0.51353,"[0.63415, 0.22222, 0.68421]",14,COMPLETED,0.788
384,20251226_011531,gaitset_62steps_concat.csv,Preset_11,MLP,42,129,"[1024, 512, 256]",mean,minmax,64,3,1024,relu,0.35,RMSprop,,0.0006,1e-05,True,0.85,"[1, 2]","[1, 2]",[0.68794326 2.1920904  0.91725768],0.02,1.0,0.10549,1.88763,0.45455,0.33179,"[0.625, 0.0, 0.37037]",24,0.20824,1.96154,0.43182,0.39535,"[0.52632, 0.22222, 0.4375]",8,COMPLETED,1.095
385,20251226_011531,gln_93steps_concat.csv,Preset_11,MLP,42,87,"[1024, 512, 256]",mean,minmax,64,3,1024,relu,0.35,RMSprop,,0.0006,1e-05,True,0.85,"[1, 2]","[1, 2]",[0.68794326 2.1920904  0.91725768],0.02,1.0,0.10813,1.71266,0.54545,0.44444,"[0.66667, 0.2, 0.46667]",36,0.12129,1.72705,0.59091,0.49306,"[0.66667, 0.25, 0.5625]",31,COMPLETED,1.588
386,20251226_011531,baseline_31steps_concat.csv,Preset_12,MLP,42,41,[768],mean,L2,32,1,768,elu,0.1,AdamW,,0.0007,5e-05,True,0.7,[],[],[0.68794326 2.1920904  0.91725768],0.02,1.0,0.9295,1.23832,0.31818,0.30571,"[0.4, 0.16, 0.35714]",235,0.9295,1.23832,0.31818,0.30571,"[0.4, 0.16, 0.35714]",235,STOPPED,10.194
387,20251226_011531,gaitgl_64steps_concat.csv,Preset_12,MLP,42,51,[768],mean,L2,32,1,768,elu,0.1,AdamW,,0.0007,5e-05,True,0.7,[],[],[0.68794326 2.1920904  0.91725768],0.02,1.0,0.91059,1.18186,0.31818,0.24706,"[0.4186, 0.0, 0.32258]",228,0.91059,1.18186,0.31818,0.24706,"[0.4186, 0.0, 0.32258]",228,STOPPED,10.127
388,20251226_011531,gaitpart_16steps_concat.csv,Preset_12,MLP,42,53,[768],mean,L2,32,1,768,elu,0.1,AdamW,,0.0007,5e-05,True,0.7,[],[],[0.68794326 2.1920904  0.91725768],0.02,1.0,0.86507,1.22341,0.29545,0.28045,"[0.37838, 0.16667, 0.2963]",315,0.86507,1.22341,0.29545,0.28045,"[0.37838, 0.16667, 0.2963]",315,STOPPED,13.868
389,20251226_011531,gaitset_62steps_concat.csv,Preset_12,MLP,42,53,[768],mean,L2,32,1,768,elu,0.1,AdamW,,0.0007,5e-05,True,0.7,[],[],[0.68794326 2.1920904  0.91725768],0.02,1.0,0.8378,1.37678,0.40909,0.39351,"[0.42424, 0.28571, 0.47059]",207,0.8378,1.37678,0.40909,0.39351,"[0.42424, 0.28571, 0.47059]",207,STOPPED,9.245
390,20251226_011531,gln_93steps_concat.csv,Preset_12,MLP,42,35,[768],mean,L2,32,1,768,elu,0.1,AdamW,,0.0007,5e-05,True,0.7,[],[],[0.68794326 2.1920904  0.91725768],0.02,1.0,0.92707,1.16198,0.43182,0.41828,"[0.54054, 0.38095, 0.33333]",230,0.92707,1.16198,0.43182,0.41828,"[0.54054, 0.38095, 0.33333]",230,STOPPED,10.278
391,20251226_011531,baseline_31steps_concat.csv,Preset_13,MLP,42,57,"[224, 448, 896, 896]",mean,minmax,32,4,896,silu,0.3,AdamW,,0.0002,0.0001,True,0.75,"[1, 2, 3]","[1, 2]",[0.68794326 2.1920904  0.91725768],0.02,1.0,0.11513,1.66937,0.52273,0.49585,"[0.57143, 0.4, 0.51613]",207,0.12137,1.65836,0.63636,0.61237,"[0.66667, 0.54545, 0.625]",149,COMPLETED,15.613
392,20251226_011531,gaitgl_64steps_concat.csv,Preset_13,MLP,42,74,"[224, 448, 896, 896]",mean,minmax,32,4,896,silu,0.3,AdamW,,0.0002,0.0001,True,0.75,"[1, 2, 3]","[1, 2]",[0.68794326 2.1920904  0.91725768],0.02,1.0,0.11331,2.1445,0.40909,0.30745,"[0.56522, 0.0, 0.35714]",186,0.13608,2.28569,0.52273,0.43545,"[0.63636, 0.15385, 0.51613]",117,COMPLETED,13.641
393,20251226_011531,gaitpart_16steps_concat.csv,Preset_13,MLP,42,76,"[224, 448, 896, 896]",mean,minmax,32,4,896,silu,0.3,AdamW,,0.0002,0.0001,True,0.75,"[1, 2, 3]","[1, 2]",[0.68794326 2.1920904  0.91725768],0.02,1.0,0.11797,1.63115,0.54545,0.45285,"[0.625, 0.18182, 0.55172]",161,0.12496,1.60494,0.59091,0.52688,"[0.66667, 0.33333, 0.58065]",130,COMPLETED,11.989
394,20251226_011531,gaitset_62steps_concat.csv,Preset_13,MLP,42,79,"[224, 448, 896, 896]",mean,minmax,32,4,896,silu,0.3,AdamW,,0.0002,0.0001,True,0.75,"[1, 2, 3]","[1, 2]",[0.68794326 2.1920904  0.91725768],0.02,1.0,0.11472,1.70098,0.5,0.36508,"[0.66667, 0.0, 0.42857]",163,0.12979,1.67998,0.59091,0.44444,"[0.72727, 0.0, 0.60606]",107,COMPLETED,12.326
395,20251226_011531,gln_93steps_concat.csv,Preset_13,MLP,42,50,"[224, 448, 896, 896]",mean,minmax,32,4,896,silu,0.3,AdamW,,0.0002,0.0001,True,0.75,"[1, 2, 3]","[1, 2]",[0.68794326 2.1920904  0.91725768],0.02,1.0,0.11224,2.11754,0.45455,0.42297,"[0.52381, 0.33333, 0.41176]",224,0.25403,2.17905,0.52273,0.50266,"[0.55, 0.42857, 0.52941]",62,COMPLETED,16.667
396,20251226_011531,baseline_31steps_concat.csv,Preset_14,MLP,42,41,"[1280, 640, 320, 160]",mean,L2,48,4,1280,gelu,0.2,Adam,,0.0002,1e-05,True,0.7,"[1, 2, 3]","[2, 3]",[0.68794326 2.1920904  0.91725768],0.02,1.0,0.11527,1.77206,0.54545,0.45971,"[0.59091, 0.2, 0.58824]",111,0.14268,1.91446,0.56818,0.51161,"[0.57895, 0.25, 0.70588]",99,COMPLETED,6.081
397,20251226_011531,gaitgl_64steps_concat.csv,Preset_14,MLP,42,51,"[1280, 640, 320, 160]",mean,L2,48,4,1280,gelu,0.2,Adam,,0.0002,1e-05,True,0.7,"[1, 2, 3]","[2, 3]",[0.68794326 2.1920904  0.91725768],0.02,1.0,0.11206,2.69602,0.36364,0.28095,"[0.4186, 0.0, 0.42424]",206,0.28034,1.95232,0.40909,0.38437,"[0.41026, 0.28571, 0.45714]",134,COMPLETED,11.069
398,20251226_011531,gaitpart_16steps_concat.csv,Preset_14,MLP,42,53,"[1280, 640, 320, 160]",mean,L2,48,4,1280,gelu,0.2,Adam,,0.0002,1e-05,True,0.7,"[1, 2, 3]","[2, 3]",[0.68794326 2.1920904  0.91725768],0.02,1.0,0.11222,1.84067,0.52273,0.39134,"[0.54545, 0.0, 0.62857]",233,0.14566,1.74774,0.61364,0.55485,"[0.60465, 0.28571, 0.77419]",187,COMPLETED,12.589
399,20251226_011531,gaitset_62steps_concat.csv,Preset_14,MLP,42,53,"[1280, 640, 320, 160]",mean,L2,48,4,1280,gelu,0.2,Adam,,0.0002,1e-05,True,0.7,"[1, 2, 3]","[2, 3]",[0.68794326 2.1920904  0.91725768],0.02,1.0,0.11416,1.73095,0.63636,0.58878,"[0.73171, 0.42857, 0.60606]",166,0.11416,1.73095,0.63636,0.58878,"[0.73171, 0.42857, 0.60606]",166,COMPLETED,9.177
400,20251226_011531,gln_93steps_concat.csv,Preset_14,MLP,42,35,"[1280, 640, 320, 160]",mean,L2,48,4,1280,gelu,0.2,Adam,,0.0002,1e-05,True,0.7,"[1, 2, 3]","[2, 3]",[0.68794326 2.1920904  0.91725768],0.02,1.0,0.11646,2.24152,0.43182,0.33069,"[0.58824, 0.15385, 0.25]",95,0.43164,1.31376,0.52273,0.51448,"[0.55556, 0.45455, 0.53333]",34,COMPLETED,5.082
401,20251226_011531,baseline_31steps_concat.csv,Preset_15,MLP,42,25,"[512, 256]",mean,minmax,192,2,512,leakyrelu,0.0,SGD,0.9,0.02,0.0,True,0.6,[1],[],[0.68794326 2.1920904  0.91725768],0.02,1.0,0.11635,1.09922,0.59091,0.53535,"[0.63636, 0.36364, 0.60606]",128,0.14549,0.99106,0.63636,0.61456,"[0.65116, 0.54545, 0.64706]",91,COMPLETED,2.455
402,20251226_011531,gaitgl_64steps_concat.csv,Preset_15,MLP,42,27,"[512, 256]",mean,minmax,192,2,512,leakyrelu,0.0,SGD,0.9,0.02,0.0,True,0.6,[1],[],[0.68794326 2.1920904  0.91725768],0.02,1.0,0.11699,2.16453,0.40909,0.33655,"[0.56522, 0.11111, 0.33333]",153,0.12761,2.17208,0.47727,0.42563,"[0.59574, 0.33333, 0.34783]",140,COMPLETED,3.254
403,20251226_011531,gaitpart_16steps_concat.csv,Preset_15,MLP,42,37,"[512, 256]",mean,minmax,192,2,512,leakyrelu,0.0,SGD,0.9,0.02,0.0,True,0.6,[1],[],[0.68794326 2.1920904  0.91725768],0.02,1.0,0.11645,1.4015,0.56818,0.53757,"[0.65116, 0.46154, 0.5]",101,0.16084,1.09727,0.65909,0.58804,"[0.73913, 0.4, 0.625]",57,COMPLETED,2.245
404,20251226_011531,gaitset_62steps_concat.csv,Preset_15,MLP,42,36,"[512, 256]",mean,minmax,192,2,512,leakyrelu,0.0,SGD,0.9,0.02,0.0,True,0.6,[1],[],[0.68794326 2.1920904  0.91725768],0.02,1.0,0.11686,1.43248,0.45455,0.36441,"[0.57895, 0.0, 0.51429]",101,0.66283,1.14919,0.5,0.49443,"[0.45714, 0.47059, 0.55556]",20,COMPLETED,2.082
405,20251226_011531,gln_93steps_concat.csv,Preset_15,MLP,42,21,"[512, 256]",mean,minmax,192,2,512,leakyrelu,0.0,SGD,0.9,0.02,0.0,True,0.6,[1],[],[0.68794326 2.1920904  0.91725768],0.02,1.0,0.11778,1.46241,0.54545,0.53526,"[0.64865, 0.5, 0.45714]",141,0.17697,1.39881,0.56818,0.55938,"[0.61538, 0.53333, 0.52941]",77,COMPLETED,3.001
406,20251226_011531,baseline_31steps_concat.csv,Preset_16,MLP,42,127,"[96, 192, 384, 768]",mean,minmax,32,4,768,elu,0.25,AdamW,,0.0001,0.0002,True,0.9,"[1, 2, 3]","[1, 2, 3]",[0.68794326 2.1920904  0.91725768],0.02,1.0,0.11914,1.96557,0.56818,0.47795,"[0.58537, 0.18182, 0.66667]",423,0.67109,1.33945,0.61364,0.54589,"[0.68293, 0.30769, 0.64706]",35,COMPLETED,33.511
407,20251226_011531,gaitgl_64steps_concat.csv,Preset_16,MLP,42,168,"[96, 192, 384, 768]",mean,minmax,32,4,768,elu,0.25,AdamW,,0.0001,0.0002,True,0.9,"[1, 2, 3]","[1, 2, 3]",[0.68794326 2.1920904  0.91725768],0.02,1.0,0.11466,2.16247,0.43182,0.35499,"[0.57778, 0.15385, 0.33333]",322,0.1302,2.18299,0.5,0.4135,"[0.62222, 0.16667, 0.45161]",307,COMPLETED,25.623
408,20251226_011531,gaitpart_16steps_concat.csv,Preset_16,MLP,42,151,"[96, 192, 384, 768]",mean,minmax,32,4,768,elu,0.25,AdamW,,0.0001,0.0002,True,0.9,"[1, 2, 3]","[1, 2, 3]",[0.68794326 2.1920904  0.91725768],0.02,1.0,0.11411,1.9062,0.5,0.44776,"[0.59091, 0.28571, 0.46667]",338,0.15424,1.8753,0.56818,0.55082,"[0.63636, 0.53333, 0.48276]",186,COMPLETED,27.029
409,20251226_011531,gaitset_62steps_concat.csv,Preset_16,MLP,42,167,"[96, 192, 384, 768]",mean,minmax,32,4,768,elu,0.25,AdamW,,0.0001,0.0002,True,0.9,"[1, 2, 3]","[1, 2, 3]",[0.68794326 2.1920904  0.91725768],0.02,1.0,0.11284,2.30031,0.43182,0.32765,"[0.54545, 0.0, 0.4375]",329,0.18502,2.79574,0.47727,0.40113,"[0.57778, 0.14286, 0.48276]",144,COMPLETED,26.386
410,20251226_011531,gln_93steps_concat.csv,Preset_16,MLP,42,119,"[96, 192, 384, 768]",mean,minmax,32,4,768,elu,0.25,AdamW,,0.0001,0.0002,True,0.9,"[1, 2, 3]","[1, 2, 3]",[0.68794326 2.1920904  0.91725768],0.02,1.0,0.1133,1.79085,0.56818,0.47933,"[0.60465, 0.22222, 0.61111]",501,0.12794,1.89181,0.63636,0.53283,"[0.68182, 0.25, 0.66667]",442,COMPLETED,40.095
411,20251226_011531,baseline_31steps_concat.csv,Preset_17,MLP,42,70,"[640, 640]",mean,L2,64,2,640,gelu,0.15,RMSprop,,0.0003,1e-05,True,0.8,[1],[1],[0.68794326 2.1920904  0.91725768],0.02,1.0,0.11743,1.40695,0.47727,0.45943,"[0.51163, 0.4, 0.46667]",101,0.11524,1.37683,0.59091,0.55275,"[0.55556, 0.4, 0.7027]",97,COMPLETED,3.666
412,20251226_011531,gaitgl_64steps_concat.csv,Preset_17,MLP,42,81,"[640, 640]",mean,L2,64,2,640,gelu,0.15,RMSprop,,0.0003,1e-05,True,0.8,[1],[1],[0.68794326 2.1920904  0.91725768],0.02,1.0,0.11535,1.96271,0.45455,0.33401,"[0.57778, 0.0, 0.42424]",137,0.4575,1.6723,0.40909,0.34449,"[0.54545, 0.11765, 0.37037]",72,COMPLETED,4.925
413,20251226_011531,gaitpart_16steps_concat.csv,Preset_17,MLP,42,85,"[640, 640]",mean,L2,64,2,640,gelu,0.15,RMSprop,,0.0003,1e-05,True,0.8,[1],[1],[0.68794326 2.1920904  0.91725768],0.02,1.0,0.11464,1.31787,0.63636,0.56989,"[0.66667, 0.33333, 0.70968]",132,0.12189,1.3,0.65909,0.58732,"[0.69565, 0.30769, 0.75862]",127,COMPLETED,4.849
414,20251226_011531,gaitset_62steps_concat.csv,Preset_17,MLP,42,91,"[640, 640]",mean,L2,64,2,640,gelu,0.15,RMSprop,,0.0003,1e-05,True,0.8,[1],[1],[0.68794326 2.1920904  0.91725768],0.02,1.0,0.11507,1.68958,0.54545,0.40631,"[0.6383, 0.0, 0.58065]",112,0.12077,1.69359,0.54545,0.41743,"[0.68085, 0.0, 0.57143]",102,COMPLETED,4.036
415,20251226_011531,gln_93steps_concat.csv,Preset_17,MLP,42,63,"[640, 640]",mean,L2,64,2,640,gelu,0.15,RMSprop,,0.0003,1e-05,True,0.8,[1],[1],[0.68794326 2.1920904  0.91725768],0.02,1.0,0.11805,1.66029,0.36364,0.29012,"[0.5, 0.0, 0.37037]",100,0.64616,1.19774,0.54545,0.49374,"[0.59459, 0.30769, 0.57895]",18,COMPLETED,3.598
416,20251226_011531,baseline_31steps_concat.csv,Preset_18,MLP,42,44,"[1152, 1152, 576]",mean,minmax,32,3,1152,silu,0.4,Adam,,0.0002,0.0,True,0.7,"[1, 2]","[1, 2]",[0.68794326 2.1920904  0.91725768],0.02,1.0,0.11643,1.44508,0.54545,0.45466,"[0.61224, 0.2, 0.55172]",137,0.17218,1.4427,0.61364,0.57388,"[0.63415, 0.4, 0.6875]",66,COMPLETED,9.916
417,20251226_011531,gaitgl_64steps_concat.csv,Preset_18,MLP,42,55,"[1152, 1152, 576]",mean,minmax,32,3,1152,silu,0.4,Adam,,0.0002,0.0,True,0.7,"[1, 2]","[1, 2]",[0.68794326 2.1920904  0.91725768],0.02,1.0,0.1178,2.27215,0.45455,0.31171,"[0.62745, 0.0, 0.30769]",147,0.22117,2.47512,0.52273,0.44404,"[0.68085, 0.26667, 0.38462]",52,COMPLETED,10.521
418,20251226_011531,gaitpart_16steps_concat.csv,Preset_18,MLP,42,61,"[1152, 1152, 576]",mean,minmax,32,3,1152,silu,0.4,Adam,,0.0002,0.0,True,0.7,"[1, 2]","[1, 2]",[0.68794326 2.1920904  0.91725768],0.02,1.0,0.11461,1.20559,0.56818,0.42076,"[0.65116, 0.0, 0.61111]",98,0.15149,1.37967,0.63636,0.60607,"[0.70833, 0.57143, 0.53846]",45,COMPLETED,7.175
419,20251226_011531,gaitset_62steps_concat.csv,Preset_18,MLP,42,62,"[1152, 1152, 576]",mean,minmax,32,3,1152,silu,0.4,Adam,,0.0002,0.0,True,0.7,"[1, 2]","[1, 2]",[0.68794326 2.1920904  0.91725768],0.02,1.0,0.11224,1.17751,0.59091,0.42912,"[0.66667, 0.0, 0.62069]",102,0.15884,1.62932,0.59091,0.55346,"[0.65116, 0.42857, 0.58065]",46,COMPLETED,7.462
420,20251226_011531,gln_93steps_concat.csv,Preset_18,MLP,42,38,"[1152, 1152, 576]",mean,minmax,32,3,1152,silu,0.4,Adam,,0.0002,0.0,True,0.7,"[1, 2]","[1, 2]",[0.68794326 2.1920904  0.91725768],0.02,1.0,0.11536,1.88451,0.40909,0.35143,"[0.47619, 0.15385, 0.42424]",175,0.1579,2.07438,0.56818,0.56189,"[0.5641, 0.53333, 0.58824]",74,COMPLETED,12.378
421,20251226_011531,baseline_31steps_concat.csv,Preset_19,MLP,42,102,"[384, 384, 384, 384]",max,L2,128,4,384,relu,0.2,AdamW,,0.0005,0.0001,True,0.85,"[1, 3]","[1, 3]",[0.68794326 2.1920904  0.91725768],0.02,1.0,0.11167,2.18461,0.40909,0.28177,"[0.54902, 0.0, 0.2963]",112,0.59402,1.78381,0.38636,0.38037,"[0.34483, 0.2963, 0.5]",38,COMPLETED,3.289
422,20251226_011531,gaitgl_64steps_concat.csv,Preset_19,MLP,42,122,"[384, 384, 384, 384]",max,L2,128,4,384,relu,0.2,AdamW,,0.0005,0.0001,True,0.85,"[1, 3]","[1, 3]",[0.68794326 2.1920904  0.91725768],0.02,1.0,0.11267,2.31287,0.45455,0.39128,"[0.5, 0.22222, 0.45161]",91,0.26154,1.8308,0.47727,0.46866,"[0.46154, 0.44444, 0.5]",46,COMPLETED,2.781
423,20251226_011531,gaitpart_16steps_concat.csv,Preset_19,MLP,42,95,"[384, 384, 384, 384]",max,L2,128,4,384,relu,0.2,AdamW,,0.0005,0.0001,True,0.85,"[1, 3]","[1, 3]",[0.68794326 2.1920904  0.91725768],0.02,1.0,0.11607,2.2904,0.43182,0.31849,"[0.54167, 0.0, 0.41379]",199,0.68851,1.49351,0.47727,0.40798,"[0.59459, 0.14286, 0.48649]",63,COMPLETED,5.544
424,20251226_011531,gaitset_62steps_concat.csv,Preset_19,MLP,42,117,"[384, 384, 384, 384]",max,L2,128,4,384,relu,0.2,AdamW,,0.0005,0.0001,True,0.85,"[1, 3]","[1, 3]",[0.68794326 2.1920904  0.91725768],0.02,1.0,0.10776,2.33404,0.47727,0.38867,"[0.59459, 0.0, 0.57143]",153,0.60385,1.48554,0.47727,0.43667,"[0.48649, 0.23529, 0.58824]",55,COMPLETED,4.354
425,20251226_011531,gln_93steps_concat.csv,Preset_19,MLP,42,96,"[384, 384, 384, 384]",max,L2,128,4,384,relu,0.2,AdamW,,0.0005,0.0001,True,0.85,"[1, 3]","[1, 3]",[0.68794326 2.1920904  0.91725768],0.02,1.0,0.10889,1.92353,0.52273,0.37425,"[0.65217, 0.0, 0.47059]",109,0.12082,2.0644,0.56818,0.40278,"[0.70833, 0.0, 0.5]",92,COMPLETED,3.302
426,20251226_011531,baseline_31steps_concat.csv,Preset_20,MLP,42,57,"[512, 1024, 1024]",mean,minmax,96,3,1024,elu,0.3,RMSprop,,0.0008,1e-05,True,0.75,"[1, 2]","[1, 2]",[0.68794326 2.1920904  0.91725768],0.02,1.0,0.11887,1.92722,0.45455,0.41946,"[0.4878, 0.28571, 0.48485]",124,0.12617,1.82278,0.5,0.4556,"[0.48649, 0.28571, 0.59459]",96,COMPLETED,4.12
427,20251226_011531,gaitgl_64steps_concat.csv,Preset_20,MLP,42,74,"[512, 1024, 1024]",mean,minmax,96,3,1024,elu,0.3,RMSprop,,0.0008,1e-05,True,0.75,"[1, 2]","[1, 2]",[0.68794326 2.1920904  0.91725768],0.02,1.0,0.11366,2.23328,0.45455,0.43009,"[0.54545, 0.4, 0.34483]",109,0.13173,2.17304,0.52273,0.49538,"[0.59091, 0.42857, 0.46667]",79,COMPLETED,3.754
428,20251226_011531,gaitpart_16steps_concat.csv,Preset_20,MLP,42,76,"[512, 1024, 1024]",mean,minmax,96,3,1024,elu,0.3,RMSprop,,0.0008,1e-05,True,0.75,"[1, 2]","[1, 2]",[0.68794326 2.1920904  0.91725768],0.02,1.0,0.1141,1.51267,0.52273,0.39763,"[0.60465, 0.0, 0.58824]",90,0.17289,1.65982,0.63636,0.5715,"[0.68421, 0.36364, 0.66667]",38,COMPLETED,2.939
429,20251226_011531,gaitset_62steps_concat.csv,Preset_20,MLP,42,79,"[512, 1024, 1024]",mean,minmax,96,3,1024,elu,0.3,RMSprop,,0.0008,1e-05,True,0.75,"[1, 2]","[1, 2]",[0.68794326 2.1920904  0.91725768],0.02,1.0,0.11304,1.77841,0.43182,0.32233,"[0.55319, 0.0, 0.41379]",127,0.12193,1.99903,0.54545,0.51406,"[0.57895, 0.375, 0.58824]",57,COMPLETED,4.093
430,20251226_011531,gln_93steps_concat.csv,Preset_20,MLP,42,50,"[512, 1024, 1024]",mean,minmax,96,3,1024,elu,0.3,RMSprop,,0.0008,1e-05,True,0.75,"[1, 2]","[1, 2]",[0.68794326 2.1920904  0.91725768],0.02,1.0,0.11529,2.00645,0.43182,0.36277,"[0.54545, 0.14286, 0.4]",132,0.17039,2.05513,0.52273,0.43651,"[0.66667, 0.14286, 0.5]",106,COMPLETED,4.472
431,20251226_011531,baseline_31steps_concat.csv,Preset_21,MLP,42,124,"[896, 448, 224]",mean,L2,64,3,896,gelu,0.25,SGD,0.9,0.01,0.0001,True,0.9,[2],"[1, 2]",[0.68794326 2.1920904  0.91725768],0.02,1.0,0.11864,1.51347,0.54545,0.4596,"[0.59091, 0.18182, 0.60606]",743,0.13961,1.44512,0.61364,0.54879,"[0.65116, 0.30769, 0.6875]",711,COMPLETED,27.507
432,20251226_011531,gaitgl_64steps_concat.csv,Preset_21,MLP,42,131,"[896, 448, 224]",mean,L2,64,3,896,gelu,0.25,SGD,0.9,0.01,0.0001,True,0.9,[2],"[1, 2]",[0.68794326 2.1920904  0.91725768],0.02,1.0,0.15406,2.54265,0.31818,0.28757,"[0.45, 0.19048, 0.22222]",1752,0.15493,2.26459,0.52273,0.43468,"[0.62222, 0.18182, 0.5]",1744,STOPPED,65.159
433,20251226_011531,gaitpart_16steps_concat.csv,Preset_21,MLP,42,141,"[896, 448, 224]",mean,L2,64,3,896,gelu,0.25,SGD,0.9,0.01,0.0001,True,0.9,[2],"[1, 2]",[0.68794326 2.1920904  0.91725768],0.02,1.0,0.56539,1.51563,0.47727,0.34101,"[0.45161, 0.0, 0.57143]",906,0.54971,1.22226,0.56818,0.55198,"[0.54054, 0.5, 0.61538]",740,STOPPED,33.762
434,20251226_011531,gaitset_62steps_concat.csv,Preset_21,MLP,42,158,"[896, 448, 224]",mean,L2,64,3,896,gelu,0.25,SGD,0.9,0.01,0.0001,True,0.9,[2],"[1, 2]",[0.68794326 2.1920904  0.91725768],0.02,1.0,0.12857,2.07515,0.40909,0.30789,"[0.45, 0.0, 0.47368]",1792,0.74641,1.45963,0.5,0.47506,"[0.6, 0.36364, 0.46154]",219,STOPPED,66.31
435,20251226_011531,gln_93steps_concat.csv,Preset_21,MLP,42,117,"[896, 448, 224]",mean,L2,64,3,896,gelu,0.25,SGD,0.9,0.01,0.0001,True,0.9,[2],"[1, 2]",[0.68794326 2.1920904  0.91725768],0.02,1.0,0.11994,1.61947,0.45455,0.38056,"[0.54167, 0.2, 0.4]",547,0.71534,1.2887,0.59091,0.5011,"[0.64865, 0.25, 0.60465]",95,COMPLETED,20.152
436,20251226_011531,baseline_31steps_concat.csv,Preset_22,MLP,42,25,"[256, 256, 512, 512]",mean,minmax,32,4,512,silu,0.45,AdamW,,0.0002,5e-05,True,0.6,"[1, 2, 3]","[1, 2, 3]",[0.68794326 2.1920904  0.91725768],0.02,1.0,0.17626,1.70331,0.52273,0.43333,"[0.6, 0.2, 0.5]",611,0.2373,1.63755,0.59091,0.54841,"[0.6383, 0.44444, 0.5625]",505,STOPPED,46.486
437,20251226_011531,gaitgl_64steps_concat.csv,Preset_22,MLP,42,27,"[256, 256, 512, 512]",mean,minmax,32,4,512,silu,0.45,AdamW,,0.0002,5e-05,True,0.6,"[1, 2, 3]","[1, 2, 3]",[0.68794326 2.1920904  0.91725768],0.02,1.0,0.14606,2.56984,0.45455,0.32026,"[0.62745, 0.0, 0.33333]",914,0.4309,2.56111,0.5,0.43056,"[0.625, 0.25, 0.41667]",211,STOPPED,69.588
438,20251226_011531,gaitpart_16steps_concat.csv,Preset_22,MLP,42,37,"[256, 256, 512, 512]",mean,minmax,32,4,512,silu,0.45,AdamW,,0.0002,5e-05,True,0.6,"[1, 2, 3]","[1, 2, 3]",[0.68794326 2.1920904  0.91725768],0.02,1.0,0.11876,1.69759,0.54545,0.45741,"[0.63415, 0.16667, 0.57143]",720,0.20254,1.89404,0.63636,0.60936,"[0.68293, 0.5, 0.64516]",334,COMPLETED,54.874
439,20251226_011531,gaitset_62steps_concat.csv,Preset_22,MLP,42,36,"[256, 256, 512, 512]",mean,minmax,32,4,512,silu,0.45,AdamW,,0.0002,5e-05,True,0.6,"[1, 2, 3]","[1, 2, 3]",[0.68794326 2.1920904  0.91725768],0.02,1.0,0.11631,1.70842,0.54545,0.41094,"[0.65217, 0.0, 0.58065]",840,0.16432,1.75156,0.59091,0.48614,"[0.71111, 0.16667, 0.58065]",412,COMPLETED,63.647
440,20251226_011531,gln_93steps_concat.csv,Preset_22,MLP,42,21,"[256, 256, 512, 512]",mean,minmax,32,4,512,silu,0.45,AdamW,,0.0002,5e-05,True,0.6,"[1, 2, 3]","[1, 2, 3]",[0.68794326 2.1920904  0.91725768],0.02,1.0,0.12672,1.67271,0.56818,0.52365,"[0.68085, 0.46154, 0.42857]",1135,0.19025,1.60542,0.63636,0.62593,"[0.71111, 0.66667, 0.5]",505,STOPPED,86.11
441,20251226_011531,baseline_31steps_concat.csv,Preset_23,MLP,42,44,[192],mean,minmax,256,1,192,tanh,0.0,Adam,,0.0008,0.0,True,0.7,[],[],[0.68794326 2.1920904  0.91725768],0.02,1.0,0.11943,1.39268,0.52273,0.45427,"[0.6, 0.11765, 0.64516]",918,0.12253,1.39597,0.52273,0.45427,"[0.6, 0.11765, 0.64516]",884,COMPLETED,12.628
442,20251226_011531,gaitgl_64steps_concat.csv,Preset_23,MLP,42,55,[192],mean,minmax,256,1,192,tanh,0.0,Adam,,0.0008,0.0,True,0.7,[],[],[0.68794326 2.1920904  0.91725768],0.02,1.0,0.11955,1.66925,0.34091,0.24359,"[0.5, 0.0, 0.23077]",779,0.69657,1.29236,0.38636,0.3631,"[0.42857, 0.28571, 0.375]",260,COMPLETED,10.674
443,20251226_011531,gaitpart_16steps_concat.csv,Preset_23,MLP,42,61,[192],mean,minmax,256,1,192,tanh,0.0,Adam,,0.0008,0.0,True,0.7,[],[],[0.68794326 2.1920904  0.91725768],0.02,1.0,0.11954,1.2921,0.43182,0.34553,"[0.53659, 0.0, 0.5]",852,0.43722,1.20575,0.47727,0.43576,"[0.52632, 0.26667, 0.51429]",426,COMPLETED,11.753
444,20251226_011531,gaitset_62steps_concat.csv,Preset_23,MLP,42,62,[192],mean,minmax,256,1,192,tanh,0.0,Adam,,0.0008,0.0,True,0.7,[],[],[0.68794326 2.1920904  0.91725768],0.02,1.0,0.11937,1.49016,0.40909,0.34762,"[0.5, 0.14286, 0.4]",683,0.22891,1.37437,0.47727,0.39211,"[0.6087, 0.15385, 0.41379]",435,COMPLETED,9.432
445,20251226_011531,gln_93steps_concat.csv,Preset_23,MLP,42,38,[192],mean,minmax,256,1,192,tanh,0.0,Adam,,0.0008,0.0,True,0.7,[],[],[0.68794326 2.1920904  0.91725768],0.02,1.0,0.11961,1.65418,0.36364,0.30853,"[0.52174, 0.25, 0.15385]",889,0.455,1.23525,0.45455,0.40855,"[0.63636, 0.375, 0.21429]",403,COMPLETED,12.278
446,20251226_011531,baseline_31steps_concat.csv,Preset_24,MLP,42,70,"[1280, 1280, 1280]",mean,L2,32,3,1280,gelu,0.2,AdamW,,0.0001,0.0002,True,0.8,"[1, 2]","[1, 2]",[0.68794326 2.1920904  0.91725768],0.02,1.0,0.11795,1.63886,0.52273,0.44105,"[0.57143, 0.2, 0.55172]",151,0.1452,1.69619,0.63636,0.57896,"[0.65116, 0.4, 0.68571]",122,COMPLETED,12.463
447,20251226_011531,gaitgl_64steps_concat.csv,Preset_24,MLP,42,81,"[1280, 1280, 1280]",mean,L2,32,3,1280,gelu,0.2,AdamW,,0.0001,0.0002,True,0.8,"[1, 2]","[1, 2]",[0.68794326 2.1920904  0.91725768],0.02,1.0,0.11961,2.80963,0.40909,0.30745,"[0.56522, 0.0, 0.35714]",247,0.74625,1.60168,0.38636,0.36289,"[0.35294, 0.28571, 0.45]",76,COMPLETED,19.961
448,20251226_011531,gaitpart_16steps_concat.csv,Preset_24,MLP,42,85,"[1280, 1280, 1280]",mean,L2,32,3,1280,gelu,0.2,AdamW,,0.0001,0.0002,True,0.8,"[1, 2]","[1, 2]",[0.68794326 2.1920904  0.91725768],0.02,1.0,0.11474,1.77664,0.56818,0.43197,"[0.65306, 0.0, 0.64286]",281,0.57734,1.58319,0.54545,0.52653,"[0.48649, 0.46154, 0.63158]",157,COMPLETED,22.272
449,20251226_011531,gaitset_62steps_concat.csv,Preset_24,MLP,42,91,"[1280, 1280, 1280]",mean,L2,32,3,1280,gelu,0.2,AdamW,,0.0001,0.0002,True,0.8,"[1, 2]","[1, 2]",[0.68794326 2.1920904  0.91725768],0.02,1.0,0.11671,1.98562,0.52273,0.39156,"[0.63415, 0.0, 0.54054]",192,0.74552,1.55655,0.45455,0.44841,"[0.5, 0.41667, 0.42857]",59,COMPLETED,15.285
450,20251226_011531,gln_93steps_concat.csv,Preset_24,MLP,42,63,"[1280, 1280, 1280]",mean,L2,32,3,1280,gelu,0.2,AdamW,,0.0001,0.0002,True,0.8,"[1, 2]","[1, 2]",[0.68794326 2.1920904  0.91725768],0.02,1.0,0.11458,1.709,0.47727,0.35106,"[0.55319, 0.0, 0.5]",132,0.55357,1.31656,0.54545,0.50318,"[0.68293, 0.375, 0.45161]",28,COMPLETED,10.526
451,20251226_011531,baseline_31steps_concat.csv,Preset_25,MLP,42,141,"[640, 320, 160, 80]",max,minmax,64,4,640,elu,0.3,RMSprop,,0.0004,0.0,True,0.9,"[1, 2, 3]","[1, 2, 3]",[0.68794326 2.1920904  0.91725768],0.02,1.0,0.11712,1.61479,0.45455,0.34051,"[0.56, 0.0, 0.46154]",80,0.14962,1.54471,0.56818,0.45155,"[0.60465, 0.0, 0.75]",45,COMPLETED,3.841
452,20251226_011531,gaitgl_64steps_concat.csv,Preset_25,MLP,42,196,"[640, 320, 160, 80]",max,minmax,64,4,640,elu,0.3,RMSprop,,0.0004,0.0,True,0.9,"[1, 2, 3]","[1, 2, 3]",[0.68794326 2.1920904  0.91725768],0.02,1.0,0.11036,1.93872,0.59091,0.50131,"[0.73469, 0.30769, 0.46154]",51,0.19472,1.97735,0.61364,0.54333,"[0.75, 0.4, 0.48]",15,COMPLETED,2.42
453,20251226_011531,gaitpart_16steps_concat.csv,Preset_25,MLP,42,150,"[640, 320, 160, 80]",max,minmax,64,4,640,elu,0.3,RMSprop,,0.0004,0.0,True,0.9,"[1, 2, 3]","[1, 2, 3]",[0.68794326 2.1920904  0.91725768],0.02,1.0,0.11301,2.06355,0.54545,0.48777,"[0.63415, 0.26667, 0.5625]",79,0.21614,2.06544,0.59091,0.55232,"[0.68293, 0.42857, 0.54545]",19,COMPLETED,3.557
454,20251226_011531,gaitset_62steps_concat.csv,Preset_25,MLP,42,170,"[640, 320, 160, 80]",max,minmax,64,4,640,elu,0.3,RMSprop,,0.0004,0.0,True,0.9,"[1, 2, 3]","[1, 2, 3]",[0.68794326 2.1920904  0.91725768],0.02,1.0,0.11407,2.30536,0.45455,0.32982,"[0.56522, 0.0, 0.42424]",74,0.33915,1.68582,0.56818,0.47672,"[0.61905, 0.2, 0.61111]",9,COMPLETED,3.28
455,20251226_011531,gln_93steps_concat.csv,Preset_25,MLP,42,128,"[640, 320, 160, 80]",max,minmax,64,4,640,elu,0.3,RMSprop,,0.0004,0.0,True,0.9,"[1, 2, 3]","[1, 2, 3]",[0.68794326 2.1920904  0.91725768],0.02,1.0,0.11305,1.99228,0.47727,0.34938,"[0.63636, 0.0, 0.41176]",100,0.61266,1.47862,0.47727,0.39971,"[0.60465, 0.14286, 0.45161]",7,COMPLETED,4.373
456,20251226_011531,baseline_31steps_concat.csv,Preset_26,MLP,42,57,"[768, 768, 768]",mean,minmax,96,3,768,relu,0.0,AdamW,,0.0003,0.0001,True,0.75,"[1, 2]",[],[0.68794326 2.1920904  0.91725768],0.02,1.0,0.10822,1.44659,0.45455,0.39815,"[0.55, 0.11111, 0.53333]",19,0.64762,1.13314,0.47727,0.43569,"[0.52632, 0.23529, 0.54545]",5,COMPLETED,0.699
457,20251226_011531,gaitgl_64steps_concat.csv,Preset_26,MLP,42,74,"[768, 768, 768]",mean,minmax,96,3,768,relu,0.0,AdamW,,0.0003,0.0001,True,0.75,"[1, 2]",[],[0.68794326 2.1920904  0.91725768],0.02,1.0,0.10918,1.72592,0.47727,0.42405,"[0.63636, 0.31579, 0.32]",19,0.13642,1.64016,0.5,0.44192,"[0.625, 0.35294, 0.34783]",13,COMPLETED,0.824
458,20251226_011531,gaitpart_16steps_concat.csv,Preset_26,MLP,42,76,"[768, 768, 768]",mean,minmax,96,3,768,relu,0.0,AdamW,,0.0003,0.0001,True,0.75,"[1, 2]",[],[0.68794326 2.1920904  0.91725768],0.02,1.0,0.10772,1.30805,0.5,0.3912,"[0.58537, 0.0, 0.58824]",17,0.19544,1.26098,0.56818,0.55661,"[0.59459, 0.45455, 0.62069]",9,COMPLETED,0.586
459,20251226_011531,gaitset_62steps_concat.csv,Preset_26,MLP,42,79,"[768, 768, 768]",mean,minmax,96,3,768,relu,0.0,AdamW,,0.0003,0.0001,True,0.75,"[1, 2]",[],[0.68794326 2.1920904  0.91725768],0.02,1.0,0.10815,1.40729,0.5,0.38117,"[0.625, 0.0, 0.51852]",19,0.60878,1.0482,0.47727,0.46742,"[0.47368, 0.42857, 0.5]",5,COMPLETED,0.7
460,20251226_011531,gln_93steps_concat.csv,Preset_26,MLP,42,50,"[768, 768, 768]",mean,minmax,96,3,768,relu,0.0,AdamW,,0.0003,0.0001,True,0.75,"[1, 2]",[],[0.68794326 2.1920904  0.91725768],0.02,1.0,0.10648,1.44352,0.45455,0.42597,"[0.5641, 0.3, 0.41379]",20,0.32254,1.2579,0.45455,0.44953,"[0.5, 0.43478, 0.41379]",8,COMPLETED,0.838
461,20251226_011531,baseline_31steps_concat.csv,Preset_27,MLP,42,92,"[512, 512, 256, 128]",mean,L2,128,4,512,silu,0.35,Adam,,0.0002,1e-05,True,0.85,"[1, 2, 3]",[2],[0.68794326 2.1920904  0.91725768],0.02,1.0,0.11945,1.65211,0.52273,0.44528,"[0.52632, 0.14286, 0.66667]",135,0.14582,1.58191,0.59091,0.57192,"[0.6, 0.47059, 0.64516]",100,COMPLETED,4.056
462,20251226_011531,gaitgl_64steps_concat.csv,Preset_27,MLP,42,103,"[512, 512, 256, 128]",mean,L2,128,4,512,silu,0.35,Adam,,0.0002,1e-05,True,0.85,"[1, 2, 3]",[2],[0.68794326 2.1920904  0.91725768],0.02,1.0,0.11731,2.41177,0.45455,0.38362,"[0.60465, 0.11765, 0.42857]",229,0.69331,1.43515,0.43182,0.39801,"[0.44444, 0.23529, 0.51429]",47,COMPLETED,6.676
463,20251226_011531,gaitpart_16steps_concat.csv,Preset_27,MLP,42,108,"[512, 512, 256, 128]",mean,L2,128,4,512,silu,0.35,Adam,,0.0002,1e-05,True,0.85,"[1, 2, 3]",[2],[0.68794326 2.1920904  0.91725768],0.02,1.0,0.11719,1.69335,0.5,0.37222,"[0.58333, 0.0, 0.53333]",272,0.13783,1.80899,0.61364,0.54924,"[0.63415, 0.30769, 0.70588]",242,COMPLETED,8.268
464,20251226_011531,gaitset_62steps_concat.csv,Preset_27,MLP,42,119,"[512, 512, 256, 128]",mean,L2,128,4,512,silu,0.35,Adam,,0.0002,1e-05,True,0.85,"[1, 2, 3]",[2],[0.68794326 2.1920904  0.91725768],0.02,1.0,0.10889,2.34743,0.45455,0.42701,"[0.53659, 0.3, 0.44444]",196,0.74752,1.3274,0.45455,0.44885,"[0.5, 0.47619, 0.37037]",28,COMPLETED,5.701
465,20251226_011531,gln_93steps_concat.csv,Preset_27,MLP,42,85,"[512, 512, 256, 128]",mean,L2,128,4,512,silu,0.35,Adam,,0.0002,1e-05,True,0.85,"[1, 2, 3]",[2],[0.68794326 2.1920904  0.91725768],0.02,1.0,0.11598,2.15849,0.43182,0.34462,"[0.56, 0.15385, 0.32]",109,0.59841,1.262,0.54545,0.50216,"[0.57143, 0.36364, 0.57143]",27,COMPLETED,3.261
466,20251226_011531,baseline_31steps_concat.csv,Preset_28,MLP,42,73,[1024],mean,minmax,64,1,1024,leakyrelu,0.25,RMSprop,,0.0006,1e-05,True,0.8,[],[],[0.68794326 2.1920904  0.91725768],0.02,1.0,0.11538,1.24608,0.56818,0.51245,"[0.60465, 0.30769, 0.625]",76,0.14054,1.20663,0.59091,0.53157,"[0.63636, 0.33333, 0.625]",53,COMPLETED,2.382
467,20251226_011531,gaitgl_64steps_concat.csv,Preset_28,MLP,42,98,[1024],mean,minmax,64,1,1024,leakyrelu,0.25,RMSprop,,0.0006,1e-05,True,0.8,[],[],[0.68794326 2.1920904  0.91725768],0.02,1.0,0.11653,1.57052,0.36364,0.31059,"[0.46512, 0.13333, 0.33333]",61,0.2303,1.41615,0.40909,0.3754,"[0.47619, 0.25, 0.4]",24,COMPLETED,1.94
468,20251226_011531,gaitpart_16steps_concat.csv,Preset_28,MLP,42,95,[1024],mean,minmax,64,1,1024,leakyrelu,0.25,RMSprop,,0.0006,1e-05,True,0.8,[],[],[0.68794326 2.1920904  0.91725768],0.02,1.0,0.11782,1.12768,0.56818,0.53323,"[0.61905, 0.4, 0.58065]",61,0.13819,1.1223,0.56818,0.53323,"[0.61905, 0.4, 0.58065]",43,COMPLETED,1.867
469,20251226_011531,gaitset_62steps_concat.csv,Preset_28,MLP,42,101,[1024],mean,minmax,64,1,1024,leakyrelu,0.25,RMSprop,,0.0006,1e-05,True,0.8,[],[],[0.68794326 2.1920904  0.91725768],0.02,1.0,0.11489,1.31451,0.47727,0.38307,"[0.625, 0.15385, 0.37037]",53,0.154,1.28025,0.5,0.40687,"[0.625, 0.18182, 0.41379]",31,COMPLETED,1.68
470,20251226_011531,gln_93steps_concat.csv,Preset_28,MLP,42,65,[1024],mean,minmax,64,1,1024,leakyrelu,0.25,RMSprop,,0.0006,1e-05,True,0.8,[],[],[0.68794326 2.1920904  0.91725768],0.02,1.0,0.11711,1.33232,0.45455,0.38762,"[0.53659, 0.18182, 0.44444]",80,0.71144,1.01914,0.52273,0.48692,"[0.63415, 0.375, 0.45161]",6,COMPLETED,2.385
471,20251226_011531,baseline_31steps_concat.csv,Preset_29,MLP,42,44,"[224, 448, 896, 448]",mean,minmax,48,4,896,gelu,0.2,AdamW,,0.0002,0.0001,True,0.7,"[1, 2, 3]","[1, 2]",[0.68794326 2.1920904  0.91725768],0.02,1.0,0.11861,1.755,0.45455,0.38502,"[0.52174, 0.16667, 0.46667]",119,0.1529,1.85671,0.54545,0.52374,"[0.53659, 0.42857, 0.60606]",51,COMPLETED,6.622
472,20251226_011531,gaitgl_64steps_concat.csv,Preset_29,MLP,42,55,"[224, 448, 896, 448]",mean,minmax,48,4,896,gelu,0.2,AdamW,,0.0002,0.0001,True,0.7,"[1, 2, 3]","[1, 2]",[0.68794326 2.1920904  0.91725768],0.02,1.0,0.11556,2.17081,0.43182,0.36277,"[0.54545, 0.14286, 0.4]",142,0.1325,2.4858,0.52273,0.42282,"[0.65306, 0.15385, 0.46154]",82,COMPLETED,8.145
473,20251226_011531,gaitpart_16steps_concat.csv,Preset_29,MLP,42,61,"[224, 448, 896, 448]",mean,minmax,48,4,896,gelu,0.2,AdamW,,0.0002,0.0001,True,0.7,"[1, 2, 3]","[1, 2]",[0.68794326 2.1920904  0.91725768],0.02,1.0,0.11435,0.96731,0.61364,0.53418,"[0.7234, 0.30769, 0.57143]",92,0.14066,0.9226,0.68182,0.67633,"[0.69565, 0.66667, 0.66667]",59,COMPLETED,5.152
474,20251226_011531,gaitset_62steps_concat.csv,Preset_29,MLP,42,62,"[224, 448, 896, 448]",mean,minmax,48,4,896,gelu,0.2,AdamW,,0.0002,0.0001,True,0.7,"[1, 2, 3]","[1, 2]",[0.68794326 2.1920904  0.91725768],0.02,1.0,0.11917,1.69076,0.5,0.40842,"[0.65306, 0.11765, 0.45455]",89,0.12074,1.78144,0.52273,0.46815,"[0.62222, 0.22222, 0.56]",84,COMPLETED,5.084
475,20251226_011531,gln_93steps_concat.csv,Preset_29,MLP,42,38,"[224, 448, 896, 448]",mean,minmax,48,4,896,gelu,0.2,AdamW,,0.0002,0.0001,True,0.7,"[1, 2, 3]","[1, 2]",[0.68794326 2.1920904  0.91725768],0.02,1.0,0.11108,1.89441,0.47727,0.34431,"[0.6087, 0.0, 0.42424]",153,0.66169,1.09998,0.54545,0.53652,"[0.5641, 0.5, 0.54545]",8,COMPLETED,8.249
476,20251226_011531,baseline_31steps_concat.csv,Preset_30,MLP,42,23,"[1152, 576, 288, 144]",mean,L2,96,4,1152,relu,0.15,SGD,0.9,0.02,0.0,True,0.6,"[1, 2, 3]","[1, 2]",[0.68794326 2.1920904  0.91725768],0.02,1.0,0.11501,1.30013,0.5,0.42721,"[0.55814, 0.14286, 0.58065]",375,0.12441,1.47111,0.61364,0.5746,"[0.62857, 0.42857, 0.66667]",337,COMPLETED,12.582
477,20251226_011531,gaitgl_64steps_concat.csv,Preset_30,MLP,42,29,"[1152, 576, 288, 144]",mean,L2,96,4,1152,relu,0.15,SGD,0.9,0.02,0.0,True,0.6,"[1, 2, 3]","[1, 2]",[0.68794326 2.1920904  0.91725768],0.02,1.0,1.10648,1.12172,0.15909,0.0915,"[0.0, 0.27451, 0.0]",108,1.10648,1.12172,0.15909,0.0915,"[0.0, 0.27451, 0.0]",108,STOPPED,3.502
478,20251226_011531,gaitpart_16steps_concat.csv,Preset_30,MLP,42,32,"[1152, 576, 288, 144]",mean,L2,96,4,1152,relu,0.15,SGD,0.9,0.02,0.0,True,0.6,"[1, 2, 3]","[1, 2]",[0.68794326 2.1920904  0.91725768],0.02,1.0,1.10911,1.11823,0.15909,0.0915,"[0.0, 0.27451, 0.0]",121,1.10911,1.11823,0.15909,0.0915,"[0.0, 0.27451, 0.0]",121,STOPPED,3.954
479,20251226_011531,gaitset_62steps_concat.csv,Preset_30,MLP,42,29,"[1152, 576, 288, 144]",mean,L2,96,4,1152,relu,0.15,SGD,0.9,0.02,0.0,True,0.6,"[1, 2, 3]","[1, 2]",[0.68794326 2.1920904  0.91725768],0.02,1.0,1.10523,1.08603,0.47727,0.21538,"[0.64615, 0.0, 0.0]",118,1.10523,1.08603,0.47727,0.21538,"[0.64615, 0.0, 0.0]",118,STOPPED,4.097
480,20251226_011531,gln_93steps_concat.csv,Preset_30,MLP,42,20,"[1152, 576, 288, 144]",mean,L2,96,4,1152,relu,0.15,SGD,0.9,0.02,0.0,True,0.6,"[1, 2, 3]","[1, 2]",[0.68794326 2.1920904  0.91725768],0.02,1.0,0.11582,1.72722,0.43182,0.37289,"[0.46154, 0.14286, 0.51429]",344,0.64275,1.18482,0.54545,0.53471,"[0.59459, 0.47619, 0.53333]",129,COMPLETED,11.227
481,20251226_011531,baseline_31steps_concat.csv,Preset_31,MLP,42,95,"[640, 640, 640, 320]",mean,minmax,32,4,640,elu,0.25,RMSprop,,0.0008,1e-05,True,0.85,"[1, 2, 3]","[1, 2, 3]",[0.68794326 2.1920904  0.91725768],0.02,1.0,0.10916,1.61507,0.56818,0.48401,"[0.59091, 0.25, 0.61111]",70,0.15644,1.50021,0.63636,0.60458,"[0.66667, 0.5, 0.64706]",50,COMPLETED,5.717
482,20251226_011531,gaitgl_64steps_concat.csv,Preset_31,MLP,42,128,"[640, 640, 640, 320]",mean,minmax,32,4,640,elu,0.25,RMSprop,,0.0008,1e-05,True,0.85,"[1, 2, 3]","[1, 2, 3]",[0.68794326 2.1920904  0.91725768],0.02,1.0,0.11782,2.38327,0.5,0.40875,"[0.6, 0.18182, 0.44444]",49,0.55961,1.51197,0.54545,0.49899,"[0.61905, 0.36364, 0.51429]",8,COMPLETED,3.91
483,20251226_011531,gaitpart_16steps_concat.csv,Preset_31,MLP,42,119,"[640, 640, 640, 320]",mean,minmax,32,4,640,elu,0.25,RMSprop,,0.0008,1e-05,True,0.85,"[1, 2, 3]","[1, 2, 3]",[0.68794326 2.1920904  0.91725768],0.02,1.0,0.10624,2.1514,0.45455,0.41349,"[0.52381, 0.25, 0.46667]",52,0.39032,1.29482,0.54545,0.49192,"[0.61111, 0.28571, 0.57895]",11,COMPLETED,4.084
484,20251226_011531,gaitset_62steps_concat.csv,Preset_31,MLP,42,129,"[640, 640, 640, 320]",mean,minmax,32,4,640,elu,0.25,RMSprop,,0.0008,1e-05,True,0.85,"[1, 2, 3]","[1, 2, 3]",[0.68794326 2.1920904  0.91725768],0.02,1.0,0.10796,1.88714,0.47727,0.39296,"[0.62222, 0.14286, 0.41379]",45,0.16889,2.38891,0.5,0.42063,"[0.61905, 0.14286, 0.5]",19,COMPLETED,3.708
485,20251226_011531,gln_93steps_concat.csv,Preset_31,MLP,42,87,"[640, 640, 640, 320]",mean,minmax,32,4,640,elu,0.25,RMSprop,,0.0008,1e-05,True,0.85,"[1, 2, 3]","[1, 2, 3]",[0.68794326 2.1920904  0.91725768],0.02,1.0,0.11214,1.88912,0.47727,0.40535,"[0.54545, 0.2, 0.47059]",73,0.72793,1.46204,0.47727,0.43261,"[0.46667, 0.28571, 0.54545]",7,COMPLETED,5.645
486,20251226_011531,baseline_31steps_concat.csv,Preset_32,MLP,42,70,"[896, 768, 512, 448]",mean,L2,32,4,896,silu,0.3,AdamW,,0.0001,0.0002,True,0.8,[2],"[1, 2, 3]",[0.68794326 2.1920904  0.91725768],0.02,1.0,0.11596,1.55422,0.59091,0.54441,"[0.60465, 0.4, 0.62857]",410,0.17217,1.70781,0.65909,0.6518,"[0.63415, 0.61538, 0.70588]",268,COMPLETED,29.493
487,20251226_011531,gaitgl_64steps_concat.csv,Preset_32,MLP,42,81,"[896, 768, 512, 448]",mean,L2,32,4,896,silu,0.3,AdamW,,0.0001,0.0002,True,0.8,[2],"[1, 2, 3]",[0.68794326 2.1920904  0.91725768],0.02,1.0,0.11542,2.87671,0.36364,0.29141,"[0.45, 0.0, 0.42424]",574,0.70857,1.57634,0.38636,0.38788,"[0.36364, 0.4, 0.4]",184,COMPLETED,42.264
488,20251226_011531,gaitpart_16steps_concat.csv,Preset_32,MLP,42,85,"[896, 768, 512, 448]",mean,L2,32,4,896,silu,0.3,AdamW,,0.0001,0.0002,True,0.8,[2],"[1, 2, 3]",[0.68794326 2.1920904  0.91725768],0.02,1.0,0.11476,2.11029,0.5,0.46419,"[0.4878, 0.33333, 0.57143]",608,0.67815,1.33803,0.59091,0.56907,"[0.54054, 0.5, 0.66667]",204,COMPLETED,42.84
489,20251226_011531,gaitset_62steps_concat.csv,Preset_32,MLP,42,91,"[896, 768, 512, 448]",mean,L2,32,4,896,silu,0.3,AdamW,,0.0001,0.0002,True,0.8,[2],"[1, 2, 3]",[0.68794326 2.1920904  0.91725768],0.02,1.0,0.11896,2.23237,0.52273,0.43889,"[0.65, 0.16667, 0.5]",491,0.55084,1.72214,0.61364,0.58106,"[0.7027, 0.46154, 0.57895]",214,COMPLETED,35.357
490,20251226_011531,gln_93steps_concat.csv,Preset_32,MLP,42,63,"[896, 768, 512, 448]",mean,L2,32,4,896,silu,0.3,AdamW,,0.0001,0.0002,True,0.8,[2],"[1, 2, 3]",[0.68794326 2.1920904  0.91725768],0.02,1.0,0.11829,2.01078,0.40909,0.28205,"[0.53846, 0.0, 0.30769]",430,0.52739,1.61269,0.5,0.45008,"[0.61538, 0.25, 0.48485]",103,COMPLETED,30.549
491,20251226_011531,baseline_31steps_concat.csv,Preset_33,MLP,42,512,"[384, 768]",max,minmax,128,2,768,gelu,0.1,Adam,,0.0005,0.0,False,0.0,[1],[1],[0.68794326 2.1920904  0.91725768],0.02,1.0,0.11157,1.59929,0.5,0.42453,"[0.51282, 0.18182, 0.57895]",169,0.32437,1.53633,0.59091,0.42845,"[0.6383, 0.0, 0.64706]",51,COMPLETED,4.084
492,20251226_011531,gaitgl_64steps_concat.csv,Preset_33,MLP,42,768,"[384, 768]",max,minmax,128,2,768,gelu,0.1,Adam,,0.0005,0.0,False,0.0,[1],[1],[0.68794326 2.1920904  0.91725768],0.02,1.0,0.11503,1.58907,0.54545,0.49734,"[0.5641, 0.33333, 0.59459]",164,0.44783,1.14707,0.63636,0.56802,"[0.7234, 0.4, 0.58065]",67,COMPLETED,4.03
493,20251226_011531,gaitpart_16steps_concat.csv,Preset_33,MLP,42,512,"[384, 768]",max,minmax,128,2,768,gelu,0.1,Adam,,0.0005,0.0,False,0.0,[1],[1],[0.68794326 2.1920904  0.91725768],0.02,1.0,0.1145,1.56521,0.54545,0.4832,"[0.68293, 0.26667, 0.5]",211,0.20188,1.75667,0.56818,0.52569,"[0.68182, 0.42857, 0.46667]",115,COMPLETED,5.125
494,20251226_011531,gaitset_62steps_concat.csv,Preset_33,MLP,42,768,"[384, 768]",max,minmax,128,2,768,gelu,0.1,Adam,,0.0005,0.0,False,0.0,[1],[1],[0.68794326 2.1920904  0.91725768],0.02,1.0,0.11113,1.96865,0.43182,0.36133,"[0.6087, 0.23529, 0.24]",181,0.18654,2.06732,0.54545,0.47288,"[0.68, 0.375, 0.36364]",147,COMPLETED,4.528
495,20251226_011531,gln_93steps_concat.csv,Preset_33,MLP,42,512,"[384, 768]",max,minmax,128,2,768,gelu,0.1,Adam,,0.0005,0.0,False,0.0,[1],[1],[0.68794326 2.1920904  0.91725768],0.02,1.0,0.11011,1.55169,0.5,0.36902,"[0.62222, 0.0, 0.48485]",179,0.70847,1.45269,0.56818,0.41919,"[0.66667, 0.0, 0.59091]",33,COMPLETED,4.264
496,20251226_011531,baseline_31steps_concat.csv,Preset_34,MLP,42,57,"[1280, 640]",mean,minmax,64,2,1280,silu,0.45,AdamW,,0.0002,5e-05,True,0.75,[1],[],[0.68794326 2.1920904  0.91725768],0.02,1.0,0.11798,1.45362,0.43182,0.39615,"[0.52632, 0.21053, 0.45161]",55,0.12068,1.46106,0.52273,0.46357,"[0.62222, 0.28571, 0.48276]",49,COMPLETED,2.169
497,20251226_011531,gaitgl_64steps_concat.csv,Preset_34,MLP,42,74,"[1280, 640]",mean,minmax,64,2,1280,silu,0.45,AdamW,,0.0002,5e-05,True,0.75,[1],[],[0.68794326 2.1920904  0.91725768],0.02,1.0,0.11748,2.08484,0.45455,0.38858,"[0.59574, 0.25, 0.32]",51,0.11907,2.06327,0.47727,0.42434,"[0.57778, 0.26667, 0.42857]",48,COMPLETED,1.975
498,20251226_011531,gaitpart_16steps_concat.csv,Preset_34,MLP,42,76,"[1280, 640]",mean,minmax,64,2,1280,silu,0.45,AdamW,,0.0002,5e-05,True,0.75,[1],[],[0.68794326 2.1920904  0.91725768],0.02,1.0,0.11623,1.41879,0.56818,0.48122,"[0.63415, 0.14286, 0.66667]",42,0.19923,1.23513,0.59091,0.49116,"[0.68182, 0.16667, 0.625]",21,COMPLETED,1.562
499,20251226_011531,gaitset_62steps_concat.csv,Preset_34,MLP,42,79,"[1280, 640]",mean,minmax,64,2,1280,silu,0.45,AdamW,,0.0002,5e-05,True,0.75,[1],[],[0.68794326 2.1920904  0.91725768],0.02,1.0,0.11565,1.74357,0.43182,0.36564,"[0.55814, 0.125, 0.41379]",44,0.70023,1.18603,0.45455,0.43072,"[0.54054, 0.3, 0.45161]",7,COMPLETED,1.742
500,20251226_011531,gln_93steps_concat.csv,Preset_34,MLP,42,50,"[1280, 640]",mean,minmax,64,2,1280,silu,0.45,AdamW,,0.0002,5e-05,True,0.75,[1],[],[0.68794326 2.1920904  0.91725768],0.02,1.0,0.1175,1.66452,0.40909,0.37859,"[0.46154, 0.25, 0.42424]",59,0.22049,1.31727,0.52273,0.46522,"[0.63636, 0.30769, 0.45161]",28,COMPLETED,2.263
