id,timestamp,target_embedding,top_variant,source_params,model,seed,input_dim,hidden_layers,pooling,norm,batch_size,num_layers,base_dim,activation,dropout_rate,optimizer,momentum_sgd,learning_rate,weight_decay,use_pca,pca_frac,norm_layers,dropout_layers,class_weights,label_smoothing,clip_grad_norm,train_loss,test_loss,accuracy,f1_macro,f1_per_class,epochs_trained,train_loss_best_state,test_loss_best_state,best_accuracy,best_f1,best_f1_per_class,best_epoch,training,duration_sec
222,20251229_131525,baseline_CASIAB_TOP30.csv,30%,Preset_1,MLP,42,35,"[768, 512, 256]",mean,minmax,64,3,768,silu,0.4,Adam,,0.0002,1e-07,True,0.8,"[1, 2, 3]","[1, 2]",[0.68794326 2.1920904  0.91725768],0.02,1.0,0.12635,2.13479,0.54545,0.53361,"[0.57143, 0.5, 0.52941]",226,0.13652,2.22256,0.56818,0.57441,"[0.57778, 0.6, 0.54545]",172,COMPLETED,13.211
223,20251229_131525,baseline_OUMVLP_TOP30.csv,30%,Preset_1,MLP,42,35,"[768, 512, 256]",mean,minmax,64,3,768,silu,0.4,Adam,,0.0002,1e-07,True,0.8,"[1, 2, 3]","[1, 2]",[0.68794326 2.1920904  0.91725768],0.02,1.0,0.12035,2.17592,0.5,0.47388,"[0.53659, 0.33333, 0.55172]",215,0.31983,1.57073,0.54545,0.5375,"[0.55, 0.5, 0.5625]",53,COMPLETED,9.999
226,20251229_131525,gaitgl_GREW_BNNeck_TOP30.csv,30%,Preset_1,MLP,42,53,"[768, 512, 256]",mean,minmax,64,3,768,silu,0.4,Adam,,0.0002,1e-07,True,0.8,"[1, 2, 3]","[1, 2]",[0.68794326 2.1920904  0.91725768],0.02,1.0,0.12723,2.63775,0.45455,0.33611,"[0.54167, 0.0, 0.46667]",158,0.38414,1.92944,0.52273,0.47053,"[0.61905, 0.30769, 0.48485]",34,COMPLETED,6.564
225,20251229_131525,gaitgl_GREW_TOP30.csv,30%,Preset_1,MLP,42,75,"[768, 512, 256]",mean,minmax,64,3,768,silu,0.4,Adam,,0.0002,1e-07,True,0.8,"[1, 2, 3]","[1, 2]",[0.68794326 2.1920904  0.91725768],0.02,1.0,0.1245,2.16137,0.43182,0.33488,"[0.60465, 0.0, 0.4]",126,0.2039,2.17415,0.5,0.3891,"[0.65116, 0.0, 0.51613]",56,COMPLETED,5.227
227,20251229_131525,gaitgl_OUMVLP_TOP30.csv,30%,Preset_1,MLP,42,51,"[768, 512, 256]",mean,minmax,64,3,768,silu,0.4,Adam,,0.0002,1e-07,True,0.8,"[1, 2, 3]","[1, 2]",[0.68794326 2.1920904  0.91725768],0.02,1.0,0.12676,2.83599,0.45455,0.40277,"[0.57778, 0.28571, 0.34483]",169,0.39569,1.86595,0.5,0.48942,"[0.57778, 0.53333, 0.35714]",44,COMPLETED,6.942
224,20251229_131525,gaitgl_TOP30.csv,30%,Preset_1,MLP,42,40,"[768, 512, 256]",mean,minmax,64,3,768,silu,0.4,Adam,,0.0002,1e-07,True,0.8,"[1, 2, 3]","[1, 2]",[0.68794326 2.1920904  0.91725768],0.02,1.0,0.12674,2.64269,0.36364,0.32049,"[0.4186, 0.2, 0.34286]",203,0.19556,2.47052,0.45455,0.44021,"[0.47619, 0.4, 0.44444]",95,COMPLETED,8.238
228,20251229_131525,gaitpart_GREW_TOP30.csv,30%,Preset_1,MLP,42,53,"[768, 512, 256]",mean,minmax,64,3,768,silu,0.4,Adam,,0.0002,1e-07,True,0.8,"[1, 2, 3]","[1, 2]",[0.68794326 2.1920904  0.91725768],0.02,1.0,0.12862,2.00593,0.47727,0.39957,"[0.61538, 0.33333, 0.25]",128,0.27107,1.60192,0.59091,0.54611,"[0.69388, 0.5, 0.44444]",39,COMPLETED,5.224
229,20251229_131525,gaitpart_OUMVLP_TOP30.csv,30%,Preset_1,MLP,42,41,"[768, 512, 256]",mean,minmax,64,3,768,silu,0.4,Adam,,0.0002,1e-07,True,0.8,"[1, 2, 3]","[1, 2]",[0.68794326 2.1920904  0.91725768],0.02,1.0,0.12617,2.17128,0.59091,0.49483,"[0.65116, 0.22222, 0.61111]",161,0.12453,2.21932,0.59091,0.49483,"[0.65116, 0.22222, 0.61111]",160,COMPLETED,6.702
231,20251229_131525,gaitset_GREW_TOP30.csv,30%,Preset_1,MLP,42,63,"[768, 512, 256]",mean,minmax,64,3,768,silu,0.4,Adam,,0.0002,1e-07,True,0.8,"[1, 2, 3]","[1, 2]",[0.68794326 2.1920904  0.91725768],0.02,1.0,0.12527,2.24218,0.5,0.41549,"[0.62222, 0.2, 0.42424]",103,0.16172,2.33537,0.54545,0.46627,"[0.70833, 0.33333, 0.35714]",64,COMPLETED,4.329
232,20251229_131525,gaitset_OUMVLP_TOP30.csv,30%,Preset_1,MLP,42,45,"[768, 512, 256]",mean,minmax,64,3,768,silu,0.4,Adam,,0.0002,1e-07,True,0.8,"[1, 2, 3]","[1, 2]",[0.68794326 2.1920904  0.91725768],0.02,1.0,0.12727,2.14604,0.5,0.37344,"[0.59091, 0.0, 0.52941]",169,0.15164,2.21051,0.56818,0.43245,"[0.65217, 0.0, 0.64516]",105,COMPLETED,7.115
230,20251229_131525,gaitset_TOP30.csv,30%,Preset_1,MLP,42,30,"[768, 512, 256]",mean,minmax,64,3,768,silu,0.4,Adam,,0.0002,1e-07,True,0.8,"[1, 2, 3]","[1, 2]",[0.68794326 2.1920904  0.91725768],0.02,1.0,0.12482,1.9073,0.54545,0.48909,"[0.61905, 0.28571, 0.5625]",234,0.15284,1.82773,0.59091,0.55754,"[0.61905, 0.42857, 0.625]",168,COMPLETED,9.94
233,20251229_131525,gln_phase1_TOP30.csv,30%,Preset_1,MLP,42,41,"[768, 512, 256]",mean,minmax,64,3,768,silu,0.4,Adam,,0.0002,1e-07,True,0.8,"[1, 2, 3]","[1, 2]",[0.68794326 2.1920904  0.91725768],0.02,1.0,0.12327,1.71682,0.52273,0.48445,"[0.61905, 0.31579, 0.51852]",190,0.15447,1.71836,0.61364,0.56751,"[0.68293, 0.35294, 0.66667]",107,COMPLETED,7.763
234,20251229_131525,gln_phase2_TOP30.csv,30%,Preset_1,MLP,42,44,"[768, 512, 256]",mean,minmax,64,3,768,silu,0.4,Adam,,0.0002,1e-07,True,0.8,"[1, 2, 3]","[1, 2]",[0.68794326 2.1920904  0.91725768],0.02,1.0,0.12459,1.95121,0.47727,0.37888,"[0.51163, 0.0, 0.625]",192,0.13592,2.08367,0.5,0.43091,"[0.47368, 0.13333, 0.68571]",145,COMPLETED,7.864
677,20251229_131525,baseline_CASIAB_TOP30.csv,30%,Preset_2,MLP,42,24,"[640, 640, 640, 640]",mean,,96,4,640,leakyrelu,0.45,AdamW,,0.0003,1e-05,True,0.75,"[1, 2, 3, 4]","[1, 2, 3]",[0.68794326 2.1920904  0.91725768],0.02,1.0,0.1267,2.43266,0.47727,0.42125,"[0.57143, 0.30769, 0.38462]",554,0.32346,2.06842,0.54545,0.54227,"[0.56522, 0.54545, 0.51613]",163,COMPLETED,18.88
678,20251229_131525,baseline_OUMVLP_TOP30.csv,30%,Preset_2,MLP,42,24,"[640, 640, 640, 640]",mean,,96,4,640,leakyrelu,0.45,AdamW,,0.0003,1e-05,True,0.75,"[1, 2, 3, 4]","[1, 2, 3]",[0.68794326 2.1920904  0.91725768],0.02,1.0,0.11777,1.9166,0.59091,0.44656,"[0.65217, 0.0, 0.6875]",576,0.74361,1.40479,0.5,0.47194,"[0.5641, 0.3, 0.55172]",68,COMPLETED,19.301
681,20251229_131525,gaitgl_GREW_BNNeck_TOP30.csv,30%,Preset_2,MLP,42,40,"[640, 640, 640, 640]",mean,,96,4,640,leakyrelu,0.45,AdamW,,0.0003,1e-05,True,0.75,"[1, 2, 3, 4]","[1, 2, 3]",[0.68794326 2.1920904  0.91725768],0.02,1.0,0.12961,2.44427,0.45455,0.33115,"[0.54902, 0.0, 0.44444]",448,0.74447,1.35085,0.52273,0.47578,"[0.5641, 0.30769, 0.55556]",125,COMPLETED,14.984
680,20251229_131525,gaitgl_GREW_TOP30.csv,30%,Preset_2,MLP,42,58,"[640, 640, 640, 640]",mean,,96,4,640,leakyrelu,0.45,AdamW,,0.0003,1e-05,True,0.75,"[1, 2, 3, 4]","[1, 2, 3]",[0.68794326 2.1920904  0.91725768],0.02,1.0,0.12888,2.41761,0.45455,0.32952,"[0.56, 0.0, 0.42857]",210,0.12227,2.44686,0.5,0.35897,"[0.61538, 0.0, 0.46154]",206,COMPLETED,7.279
682,20251229_131525,gaitgl_OUMVLP_TOP30.csv,30%,Preset_2,MLP,42,33,"[640, 640, 640, 640]",mean,,96,4,640,leakyrelu,0.45,AdamW,,0.0003,1e-05,True,0.75,"[1, 2, 3, 4]","[1, 2, 3]",[0.68794326 2.1920904  0.91725768],0.02,1.0,0.1216,2.53259,0.5,0.48841,"[0.56522, 0.5, 0.4]",429,0.18495,2.36762,0.54545,0.52808,"[0.625, 0.54545, 0.41379]",224,COMPLETED,14.79
679,20251229_131525,gaitgl_TOP30.csv,30%,Preset_2,MLP,42,30,"[640, 640, 640, 640]",mean,,96,4,640,leakyrelu,0.45,AdamW,,0.0003,1e-05,True,0.75,"[1, 2, 3, 4]","[1, 2, 3]",[0.68794326 2.1920904  0.91725768],0.02,1.0,0.12065,2.15711,0.52273,0.44156,"[0.57143, 0.18182, 0.57143]",381,0.13883,1.98338,0.56818,0.47672,"[0.61905, 0.2, 0.61111]",307,COMPLETED,13.184
683,20251229_131525,gaitpart_GREW_TOP30.csv,30%,Preset_2,MLP,42,42,"[640, 640, 640, 640]",mean,,96,4,640,leakyrelu,0.45,AdamW,,0.0003,1e-05,True,0.75,"[1, 2, 3, 4]","[1, 2, 3]",[0.68794326 2.1920904  0.91725768],0.02,1.0,0.12022,1.70116,0.61364,0.56964,"[0.69565, 0.46154, 0.55172]",257,0.27948,1.54699,0.65909,0.6147,"[0.7234, 0.5, 0.62069]",118,COMPLETED,8.824
684,20251229_131525,gaitpart_OUMVLP_TOP30.csv,30%,Preset_2,MLP,42,30,"[640, 640, 640, 640]",mean,,96,4,640,leakyrelu,0.45,AdamW,,0.0003,1e-05,True,0.75,"[1, 2, 3, 4]","[1, 2, 3]",[0.68794326 2.1920904  0.91725768],0.02,1.0,0.12249,1.95562,0.54545,0.45148,"[0.6383, 0.2, 0.51613]",327,0.1945,1.99861,0.56818,0.4792,"[0.6, 0.22222, 0.61538]",161,COMPLETED,11.031
686,20251229_131525,gaitset_GREW_TOP30.csv,30%,Preset_2,MLP,42,48,"[640, 640, 640, 640]",mean,,96,4,640,leakyrelu,0.45,AdamW,,0.0003,1e-05,True,0.75,"[1, 2, 3, 4]","[1, 2, 3]",[0.68794326 2.1920904  0.91725768],0.02,1.0,0.11961,2.25325,0.52273,0.46184,"[0.65217, 0.33333, 0.4]",252,0.314,2.02787,0.56818,0.51462,"[0.63158, 0.33333, 0.57895]",120,COMPLETED,8.545
687,20251229_131525,gaitset_OUMVLP_TOP30.csv,30%,Preset_2,MLP,42,32,"[640, 640, 640, 640]",mean,,96,4,640,leakyrelu,0.45,AdamW,,0.0003,1e-05,True,0.75,"[1, 2, 3, 4]","[1, 2, 3]",[0.68794326 2.1920904  0.91725768],0.02,1.0,0.12757,2.10988,0.52273,0.37425,"[0.64, 0.0, 0.48276]",383,0.51977,1.88471,0.52273,0.43893,"[0.62222, 0.14286, 0.55172]",96,COMPLETED,12.815
685,20251229_131525,gaitset_TOP30.csv,30%,Preset_2,MLP,42,20,"[640, 640, 640, 640]",mean,,96,4,640,leakyrelu,0.45,AdamW,,0.0003,1e-05,True,0.75,"[1, 2, 3, 4]","[1, 2, 3]",[0.68794326 2.1920904  0.91725768],0.02,1.0,0.12962,1.68952,0.56818,0.47434,"[0.6383, 0.22222, 0.5625]",829,0.11875,1.67773,0.63636,0.57201,"[0.66667, 0.36364, 0.68571]",802,COMPLETED,28.26
688,20251229_131525,gln_phase1_TOP30.csv,30%,Preset_2,MLP,42,28,"[640, 640, 640, 640]",mean,,96,4,640,leakyrelu,0.45,AdamW,,0.0003,1e-05,True,0.75,"[1, 2, 3, 4]","[1, 2, 3]",[0.68794326 2.1920904  0.91725768],0.02,1.0,0.12101,2.01852,0.47727,0.40668,"[0.51282, 0.16667, 0.54054]",354,0.68457,1.13926,0.59091,0.59708,"[0.58824, 0.63158, 0.57143]",72,COMPLETED,11.866
689,20251229_131525,gln_phase2_TOP30.csv,30%,Preset_2,MLP,42,30,"[640, 640, 640, 640]",mean,,96,4,640,leakyrelu,0.45,AdamW,,0.0003,1e-05,True,0.75,"[1, 2, 3, 4]","[1, 2, 3]",[0.68794326 2.1920904  0.91725768],0.02,1.0,0.11008,2.1621,0.5,0.36906,"[0.57778, 0.0, 0.52941]",415,0.56168,1.40694,0.61364,0.55396,"[0.63158, 0.36364, 0.66667]",95,COMPLETED,14.125
196,20251229_131525,baseline_CASIAB_TOP30.csv,30%,Preset_3,MLP,42,44,"[1280, 896, 512, 256]",mean,L2,64,4,1280,silu,0.5,Adam,,0.0001,1e-07,True,0.85,"[1, 2, 3, 4]","[1, 2]",[0.68794326 2.1920904  0.91725768],0.02,1.0,0.12341,1.82846,0.52273,0.50139,"[0.54545, 0.44444, 0.51429]",434,0.13703,2.07822,0.52273,0.53424,"[0.56522, 0.6, 0.4375]",372,COMPLETED,20.181
197,20251229_131525,baseline_OUMVLP_TOP30.csv,30%,Preset_3,MLP,42,45,"[1280, 896, 512, 256]",mean,L2,64,4,1280,silu,0.5,Adam,,0.0001,1e-07,True,0.85,"[1, 2, 3, 4]","[1, 2]",[0.68794326 2.1920904  0.91725768],0.02,1.0,0.11891,1.91836,0.47727,0.43507,"[0.53659, 0.23529, 0.53333]",531,0.25986,1.74171,0.56818,0.5086,"[0.63415, 0.26667, 0.625]",366,COMPLETED,24.414
200,20251229_131525,gaitgl_GREW_BNNeck_TOP30.csv,30%,Preset_3,MLP,42,68,"[1280, 896, 512, 256]",mean,L2,64,4,1280,silu,0.5,Adam,,0.0001,1e-07,True,0.85,"[1, 2, 3, 4]","[1, 2]",[0.68794326 2.1920904  0.91725768],0.02,1.0,0.12096,2.84815,0.40909,0.3137,"[0.45833, 0.0, 0.48276]",321,0.71691,1.63389,0.52273,0.49247,"[0.55556, 0.31579, 0.60606]",98,COMPLETED,14.71
199,20251229_131525,gaitgl_GREW_TOP30.csv,30%,Preset_3,MLP,42,98,"[1280, 896, 512, 256]",mean,L2,64,4,1280,silu,0.5,Adam,,0.0001,1e-07,True,0.85,"[1, 2, 3, 4]","[1, 2]",[0.68794326 2.1920904  0.91725768],0.02,1.0,0.11946,2.13849,0.5,0.40635,"[0.61905, 0.0, 0.6]",308,0.16577,2.08501,0.54545,0.43056,"[0.66667, 0.0, 0.625]",259,COMPLETED,14.238
201,20251229_131525,gaitgl_OUMVLP_TOP30.csv,30%,Preset_3,MLP,42,74,"[1280, 896, 512, 256]",mean,L2,64,4,1280,silu,0.5,Adam,,0.0001,1e-07,True,0.85,"[1, 2, 3, 4]","[1, 2]",[0.68794326 2.1920904  0.91725768],0.02,1.0,0.11534,2.19884,0.43182,0.40635,"[0.53333, 0.4, 0.28571]",625,0.21732,1.96162,0.5,0.48327,"[0.5641, 0.42857, 0.45714]",547,COMPLETED,29.029
198,20251229_131525,gaitgl_TOP30.csv,30%,Preset_3,MLP,42,52,"[1280, 896, 512, 256]",mean,L2,64,4,1280,silu,0.5,Adam,,0.0001,1e-07,True,0.85,"[1, 2, 3, 4]","[1, 2]",[0.68794326 2.1920904  0.91725768],0.02,1.0,0.12069,2.58794,0.36364,0.31821,"[0.4, 0.14286, 0.41176]",334,0.55516,1.68585,0.47727,0.45574,"[0.5, 0.35294, 0.51429]",107,COMPLETED,15.253
202,20251229_131525,gaitpart_GREW_TOP30.csv,30%,Preset_3,MLP,42,66,"[1280, 896, 512, 256]",mean,L2,64,4,1280,silu,0.5,Adam,,0.0001,1e-07,True,0.85,"[1, 2, 3, 4]","[1, 2]",[0.68794326 2.1920904  0.91725768],0.02,1.0,0.11561,2.10499,0.5,0.42965,"[0.68182, 0.25, 0.35714]",386,0.59006,1.26459,0.59091,0.56372,"[0.68421, 0.44444, 0.5625]",185,COMPLETED,17.668
203,20251229_131525,gaitpart_OUMVLP_TOP30.csv,30%,Preset_3,MLP,42,53,"[1280, 896, 512, 256]",mean,L2,64,4,1280,silu,0.5,Adam,,0.0001,1e-07,True,0.85,"[1, 2, 3, 4]","[1, 2]",[0.68794326 2.1920904  0.91725768],0.02,1.0,0.12368,2.07136,0.52273,0.47078,"[0.54545, 0.23529, 0.63158]",914,0.15787,2.01081,0.61364,0.56979,"[0.64865, 0.375, 0.68571]",865,COMPLETED,41.79
205,20251229_131525,gaitset_GREW_TOP30.csv,30%,Preset_3,MLP,42,79,"[1280, 896, 512, 256]",mean,L2,64,4,1280,silu,0.5,Adam,,0.0001,1e-07,True,0.85,"[1, 2, 3, 4]","[1, 2]",[0.68794326 2.1920904  0.91725768],0.02,1.0,0.12522,2.09973,0.52273,0.48969,"[0.6, 0.35294, 0.51613]",316,0.24632,1.87681,0.56818,0.5431,"[0.64865, 0.4, 0.58065]",231,COMPLETED,14.469
206,20251229_131525,gaitset_OUMVLP_TOP30.csv,30%,Preset_3,MLP,42,59,"[1280, 896, 512, 256]",mean,L2,64,4,1280,silu,0.5,Adam,,0.0001,1e-07,True,0.85,"[1, 2, 3, 4]","[1, 2]",[0.68794326 2.1920904  0.91725768],0.02,1.0,0.1271,2.16721,0.45455,0.38632,"[0.53333, 0.14286, 0.48276]",703,0.16457,2.02433,0.5,0.45466,"[0.57143, 0.30769, 0.48485]",644,COMPLETED,32.19
204,20251229_131525,gaitset_TOP30.csv,30%,Preset_3,MLP,42,38,"[1280, 896, 512, 256]",mean,L2,64,4,1280,silu,0.5,Adam,,0.0001,1e-07,True,0.85,"[1, 2, 3, 4]","[1, 2]",[0.68794326 2.1920904  0.91725768],0.02,1.0,0.12931,1.90474,0.54545,0.51505,"[0.5641, 0.375, 0.60606]",462,0.15001,1.81623,0.63636,0.6125,"[0.65, 0.5, 0.6875]",394,COMPLETED,21.335
207,20251229_131525,gln_phase1_TOP30.csv,30%,Preset_3,MLP,42,53,"[1280, 896, 512, 256]",mean,L2,64,4,1280,silu,0.5,Adam,,0.0001,1e-07,True,0.85,"[1, 2, 3, 4]","[1, 2]",[0.68794326 2.1920904  0.91725768],0.02,1.0,0.11736,2.03926,0.54545,0.51266,"[0.60465, 0.4, 0.53333]",403,0.17989,2.00246,0.56818,0.55534,"[0.58537, 0.5, 0.58065]",302,COMPLETED,18.352
208,20251229_131525,gln_phase2_TOP30.csv,30%,Preset_3,MLP,42,57,"[1280, 896, 512, 256]",mean,L2,64,4,1280,silu,0.5,Adam,,0.0001,1e-07,True,0.85,"[1, 2, 3, 4]","[1, 2]",[0.68794326 2.1920904  0.91725768],0.02,1.0,0.12697,2.06061,0.52273,0.43623,"[0.6087, 0.16667, 0.53333]",369,0.17544,1.98004,0.52273,0.46999,"[0.59091, 0.28571, 0.53333]",315,COMPLETED,16.818
391,20251229_131525,baseline_CASIAB_TOP30.csv,30%,Preset_4,MLP,42,35,"[768, 768, 768, 768]",mean,minmax,128,4,768,gelu,0.4,AdamW,,0.00025,5e-06,True,0.8,"[1, 2, 3, 4]","[1, 3, 4]",[0.68794326 2.1920904  0.91725768],0.02,1.0,0.12372,2.55525,0.45455,0.41816,"[0.4878, 0.26667, 0.5]",95,0.1448,2.81132,0.56818,0.54,"[0.58537, 0.42857, 0.60606]",68,COMPLETED,3.049
392,20251229_131525,baseline_OUMVLP_TOP30.csv,30%,Preset_4,MLP,42,35,"[768, 768, 768, 768]",mean,minmax,128,4,768,gelu,0.4,AdamW,,0.00025,5e-06,True,0.8,"[1, 2, 3, 4]","[1, 3, 4]",[0.68794326 2.1920904  0.91725768],0.02,1.0,0.11968,2.42457,0.52273,0.475,"[0.55, 0.25, 0.625]",100,0.18728,2.15336,0.54545,0.51277,"[0.58537, 0.35294, 0.6]",67,COMPLETED,3.087
395,20251229_131525,gaitgl_GREW_BNNeck_TOP30.csv,30%,Preset_4,MLP,42,53,"[768, 768, 768, 768]",mean,minmax,128,4,768,gelu,0.4,AdamW,,0.00025,5e-06,True,0.8,"[1, 2, 3, 4]","[1, 3, 4]",[0.68794326 2.1920904  0.91725768],0.02,1.0,0.11891,2.55477,0.47727,0.34253,"[0.56604, 0.0, 0.46154]",86,0.27924,2.22763,0.5,0.46218,"[0.52381, 0.33333, 0.52941]",33,COMPLETED,2.661
394,20251229_131525,gaitgl_GREW_TOP30.csv,30%,Preset_4,MLP,42,75,"[768, 768, 768, 768]",mean,minmax,128,4,768,gelu,0.4,AdamW,,0.00025,5e-06,True,0.8,"[1, 2, 3, 4]","[1, 3, 4]",[0.68794326 2.1920904  0.91725768],0.02,1.0,0.1253,2.20669,0.5,0.37778,"[0.61905, 0.0, 0.51429]",74,0.19196,2.30058,0.52273,0.46212,"[0.63636, 0.25, 0.5]",48,COMPLETED,2.254
396,20251229_131525,gaitgl_OUMVLP_TOP30.csv,30%,Preset_4,MLP,42,51,"[768, 768, 768, 768]",mean,minmax,128,4,768,gelu,0.4,AdamW,,0.00025,5e-06,True,0.8,"[1, 2, 3, 4]","[1, 3, 4]",[0.68794326 2.1920904  0.91725768],0.02,1.0,0.11797,2.79675,0.40909,0.39948,"[0.46512, 0.4, 0.33333]",100,0.5667,1.71321,0.52273,0.50823,"[0.5641, 0.44444, 0.51613]",19,COMPLETED,3.004
393,20251229_131525,gaitgl_TOP30.csv,30%,Preset_4,MLP,42,40,"[768, 768, 768, 768]",mean,minmax,128,4,768,gelu,0.4,AdamW,,0.00025,5e-06,True,0.8,"[1, 2, 3, 4]","[1, 3, 4]",[0.68794326 2.1920904  0.91725768],0.02,1.0,0.12107,2.43066,0.45455,0.41858,"[0.52381, 0.30769, 0.42424]",110,0.14602,2.42093,0.5,0.42342,"[0.55814, 0.16667, 0.54545]",83,COMPLETED,3.416
397,20251229_131525,gaitpart_GREW_TOP30.csv,30%,Preset_4,MLP,42,53,"[768, 768, 768, 768]",mean,minmax,128,4,768,gelu,0.4,AdamW,,0.00025,5e-06,True,0.8,"[1, 2, 3, 4]","[1, 3, 4]",[0.68794326 2.1920904  0.91725768],0.02,1.0,0.12174,1.78952,0.54545,0.47164,"[0.66667, 0.36364, 0.38462]",76,0.13597,1.76118,0.59091,0.54746,"[0.68085, 0.46154, 0.5]",67,COMPLETED,2.38
398,20251229_131525,gaitpart_OUMVLP_TOP30.csv,30%,Preset_4,MLP,42,41,"[768, 768, 768, 768]",mean,minmax,128,4,768,gelu,0.4,AdamW,,0.00025,5e-06,True,0.8,"[1, 2, 3, 4]","[1, 3, 4]",[0.68794326 2.1920904  0.91725768],0.02,1.0,0.12236,2.27336,0.59091,0.49349,"[0.65217, 0.22222, 0.60606]",87,0.20405,2.23114,0.59091,0.49664,"[0.61905, 0.22222, 0.64865]",38,COMPLETED,2.783
400,20251229_131525,gaitset_GREW_TOP30.csv,30%,Preset_4,MLP,42,63,"[768, 768, 768, 768]",mean,minmax,128,4,768,gelu,0.4,AdamW,,0.00025,5e-06,True,0.8,"[1, 2, 3, 4]","[1, 3, 4]",[0.68794326 2.1920904  0.91725768],0.02,1.0,0.12106,2.14086,0.54545,0.47633,"[0.69565, 0.33333, 0.4]",70,0.14809,2.13865,0.56818,0.52145,"[0.69767, 0.4, 0.46667]",45,COMPLETED,2.164
401,20251229_131525,gaitset_OUMVLP_TOP30.csv,30%,Preset_4,MLP,42,45,"[768, 768, 768, 768]",mean,minmax,128,4,768,gelu,0.4,AdamW,,0.00025,5e-06,True,0.8,"[1, 2, 3, 4]","[1, 3, 4]",[0.68794326 2.1920904  0.91725768],0.02,1.0,0.11961,2.34843,0.54545,0.39333,"[0.68, 0.0, 0.5]",86,0.13268,2.45779,0.52273,0.43623,"[0.6087, 0.16667, 0.53333]",72,COMPLETED,2.645
399,20251229_131525,gaitset_TOP30.csv,30%,Preset_4,MLP,42,30,"[768, 768, 768, 768]",mean,minmax,128,4,768,gelu,0.4,AdamW,,0.00025,5e-06,True,0.8,"[1, 2, 3, 4]","[1, 3, 4]",[0.68794326 2.1920904  0.91725768],0.02,1.0,0.12466,2.011,0.52273,0.49055,"[0.58537, 0.35294, 0.53333]",112,0.12898,2.16573,0.56818,0.54712,"[0.61905, 0.47059, 0.55172]",105,COMPLETED,3.574
402,20251229_131525,gln_phase1_TOP30.csv,30%,Preset_4,MLP,42,41,"[768, 768, 768, 768]",mean,minmax,128,4,768,gelu,0.4,AdamW,,0.00025,5e-06,True,0.8,"[1, 2, 3, 4]","[1, 3, 4]",[0.68794326 2.1920904  0.91725768],0.02,1.0,0.12374,1.78561,0.54545,0.49615,"[0.6087, 0.36364, 0.51613]",98,0.12709,1.60576,0.65909,0.61575,"[0.7, 0.46154, 0.68571]",91,COMPLETED,3.132
403,20251229_131525,gln_phase2_TOP30.csv,30%,Preset_4,MLP,42,44,"[768, 768, 768, 768]",mean,minmax,128,4,768,gelu,0.4,AdamW,,0.00025,5e-06,True,0.8,"[1, 2, 3, 4]","[1, 3, 4]",[0.68794326 2.1920904  0.91725768],0.02,1.0,0.1204,2.09757,0.45455,0.40023,"[0.51163, 0.11765, 0.57143]",95,0.68302,1.21137,0.47727,0.43674,"[0.43243, 0.26667, 0.61111]",11,COMPLETED,2.806
261,20251229_131525,baseline_CASIAB_TOP30.csv,30%,Preset_5,MLP,42,34,"[1024, 784, 512, 256]",mean,L2,64,4,1024,leakyrelu,0.5,Adam,,0.0002,1e-06,True,0.8,"[2, 3]","[1, 2, 3]",[0.68794326 2.1920904  0.91725768],0.02,1.0,0.12874,2.21229,0.5,0.42311,"[0.55319, 0.2, 0.51613]",474,0.56482,1.84344,0.54545,0.51596,"[0.58537, 0.4, 0.5625]",123,COMPLETED,19.686
262,20251229_131525,baseline_OUMVLP_TOP30.csv,30%,Preset_5,MLP,42,33,"[1024, 784, 512, 256]",mean,L2,64,4,1024,leakyrelu,0.5,Adam,,0.0002,1e-06,True,0.8,"[2, 3]","[1, 2, 3]",[0.68794326 2.1920904  0.91725768],0.02,1.0,0.12198,1.85983,0.52273,0.4407,"[0.57778, 0.18182, 0.5625]",586,0.35152,1.82346,0.59091,0.55039,"[0.65116, 0.4, 0.6]",245,COMPLETED,24.215
265,20251229_131525,gaitgl_GREW_BNNeck_TOP30.csv,30%,Preset_5,MLP,42,53,"[1024, 784, 512, 256]",mean,L2,64,4,1024,leakyrelu,0.5,Adam,,0.0002,1e-06,True,0.8,"[2, 3]","[1, 2, 3]",[0.68794326 2.1920904  0.91725768],0.02,1.0,0.1219,2.19118,0.5,0.38614,"[0.57778, 0.0, 0.58065]",298,0.4702,1.77112,0.54545,0.49091,"[0.6, 0.26667, 0.60606]",101,COMPLETED,12.463
264,20251229_131525,gaitgl_GREW_TOP30.csv,30%,Preset_5,MLP,42,80,"[1024, 784, 512, 256]",mean,L2,64,4,1024,leakyrelu,0.5,Adam,,0.0002,1e-06,True,0.8,"[2, 3]","[1, 2, 3]",[0.68794326 2.1920904  0.91725768],0.02,1.0,0.12249,2.65372,0.45455,0.35674,"[0.58537, 0.0, 0.48485]",234,0.22261,2.28676,0.54545,0.41907,"[0.65116, 0.0, 0.60606]",159,COMPLETED,9.853
266,20251229_131525,gaitgl_OUMVLP_TOP30.csv,30%,Preset_5,MLP,42,56,"[1024, 784, 512, 256]",mean,L2,64,4,1024,leakyrelu,0.5,Adam,,0.0002,1e-06,True,0.8,"[2, 3]","[1, 2, 3]",[0.68794326 2.1920904  0.91725768],0.02,1.0,0.12117,2.36367,0.5,0.41849,"[0.59574, 0.22222, 0.4375]",560,0.17078,2.24354,0.56818,0.51612,"[0.62222, 0.36364, 0.5625]",439,COMPLETED,23.371
263,20251229_131525,gaitgl_TOP30.csv,30%,Preset_5,MLP,42,42,"[1024, 784, 512, 256]",mean,L2,64,4,1024,leakyrelu,0.5,Adam,,0.0002,1e-06,True,0.8,"[2, 3]","[1, 2, 3]",[0.68794326 2.1920904  0.91725768],0.02,1.0,0.11631,2.38762,0.45455,0.3801,"[0.55319, 0.2, 0.3871]",302,0.17733,2.46562,0.5,0.46734,"[0.57778, 0.4, 0.42424]",192,COMPLETED,12.567
267,20251229_131525,gaitpart_GREW_TOP30.csv,30%,Preset_5,MLP,42,53,"[1024, 784, 512, 256]",mean,L2,64,4,1024,leakyrelu,0.5,Adam,,0.0002,1e-06,True,0.8,"[2, 3]","[1, 2, 3]",[0.68794326 2.1920904  0.91725768],0.02,1.0,0.12046,2.219,0.5,0.43331,"[0.64, 0.36364, 0.2963]",336,0.12324,2.1985,0.54545,0.50794,"[0.66667, 0.5, 0.35714]",328,COMPLETED,13.969
268,20251229_131525,gaitpart_OUMVLP_TOP30.csv,30%,Preset_5,MLP,42,42,"[1024, 784, 512, 256]",mean,L2,64,4,1024,leakyrelu,0.5,Adam,,0.0002,1e-06,True,0.8,"[2, 3]","[1, 2, 3]",[0.68794326 2.1920904  0.91725768],0.02,1.0,0.12813,1.99874,0.54545,0.45072,"[0.65217, 0.2, 0.5]",810,0.74646,1.32315,0.52273,0.50496,"[0.5625, 0.38095, 0.57143]",204,COMPLETED,33.276
270,20251229_131525,gaitset_GREW_TOP30.csv,30%,Preset_5,MLP,42,63,"[1024, 784, 512, 256]",mean,L2,64,4,1024,leakyrelu,0.5,Adam,,0.0002,1e-06,True,0.8,"[2, 3]","[1, 2, 3]",[0.68794326 2.1920904  0.91725768],0.02,1.0,0.12581,2.02666,0.56818,0.44127,"[0.71698, 0.22222, 0.38462]",259,0.22836,2.10115,0.5,0.47521,"[0.5641, 0.4, 0.46154]",160,COMPLETED,10.756
271,20251229_131525,gaitset_OUMVLP_TOP30.csv,30%,Preset_5,MLP,42,45,"[1024, 784, 512, 256]",mean,L2,64,4,1024,leakyrelu,0.5,Adam,,0.0002,1e-06,True,0.8,"[2, 3]","[1, 2, 3]",[0.68794326 2.1920904  0.91725768],0.02,1.0,0.11728,2.08607,0.54545,0.41123,"[0.6087, 0.0, 0.625]",713,0.1743,2.48773,0.52273,0.44115,"[0.58537, 0.16667, 0.57143]",471,COMPLETED,29.947
269,20251229_131525,gaitset_TOP30.csv,30%,Preset_5,MLP,42,28,"[1024, 784, 512, 256]",mean,L2,64,4,1024,leakyrelu,0.5,Adam,,0.0002,1e-06,True,0.8,"[2, 3]","[1, 2, 3]",[0.68794326 2.1920904  0.91725768],0.02,1.0,0.11296,2.18302,0.5,0.47222,"[0.55, 0.33333, 0.53333]",570,0.15815,2.03395,0.59091,0.49573,"[0.66667, 0.15385, 0.66667]",384,COMPLETED,23.622
272,20251229_131525,gln_phase1_TOP30.csv,30%,Preset_5,MLP,42,39,"[1024, 784, 512, 256]",mean,L2,64,4,1024,leakyrelu,0.5,Adam,,0.0002,1e-06,True,0.8,"[2, 3]","[1, 2, 3]",[0.68794326 2.1920904  0.91725768],0.02,1.0,0.1283,2.70472,0.40909,0.3125,"[0.5, 0.0, 0.4375]",381,0.7327,1.24058,0.54545,0.53509,"[0.58824, 0.45455, 0.5625]",84,COMPLETED,15.774
273,20251229_131525,gln_phase2_TOP30.csv,30%,Preset_5,MLP,42,42,"[1024, 784, 512, 256]",mean,L2,64,4,1024,leakyrelu,0.5,Adam,,0.0002,1e-06,True,0.8,"[2, 3]","[1, 2, 3]",[0.68794326 2.1920904  0.91725768],0.02,1.0,0.1186,2.03406,0.47727,0.37256,"[0.51163, 0.0, 0.60606]",430,0.26709,1.63822,0.61364,0.51111,"[0.66667, 0.2, 0.66667]",192,COMPLETED,17.877
1301,20251229_131525,baseline_CASIAB_TOP30.csv,30%,Preset_6,MLP,42,44,"[1024, 1024, 512]",mean,L2,128,3,1024,silu,0.5,AdamW,,0.0002,5e-06,True,0.85,"[1, 3]",[2],[0.68794326 2.1920904  0.91725768],0.02,1.0,0.12535,2.35018,0.43182,0.36591,"[0.51064, 0.2, 0.3871]",210,0.52068,1.81029,0.5,0.47494,"[0.55814, 0.4, 0.46667]",87,COMPLETED,5.272
1302,20251229_131525,baseline_OUMVLP_TOP30.csv,30%,Preset_6,MLP,42,45,"[1024, 1024, 512]",mean,L2,128,3,1024,silu,0.5,AdamW,,0.0002,5e-06,True,0.85,"[1, 3]",[2],[0.68794326 2.1920904  0.91725768],0.02,1.0,0.1264,2.12822,0.47727,0.40904,"[0.51282, 0.14286, 0.57143]",272,0.27019,1.55931,0.56818,0.53285,"[0.57895, 0.35294, 0.66667]",185,COMPLETED,6.998
1305,20251229_131525,gaitgl_GREW_BNNeck_TOP30.csv,30%,Preset_6,MLP,42,68,"[1024, 1024, 512]",mean,L2,128,3,1024,silu,0.5,AdamW,,0.0002,5e-06,True,0.85,"[1, 3]",[2],[0.68794326 2.1920904  0.91725768],0.02,1.0,0.12919,2.65191,0.5,0.36513,"[0.61538, 0.0, 0.48]",125,0.151,2.58452,0.5,0.48074,"[0.51282, 0.4, 0.52941]",108,COMPLETED,3.225
1304,20251229_131525,gaitgl_GREW_TOP30.csv,30%,Preset_6,MLP,42,98,"[1024, 1024, 512]",mean,L2,128,3,1024,silu,0.5,AdamW,,0.0002,5e-06,True,0.85,"[1, 3]",[2],[0.68794326 2.1920904  0.91725768],0.02,1.0,0.12468,2.18447,0.5,0.43558,"[0.5641, 0.11765, 0.625]",128,0.12468,2.18447,0.5,0.43558,"[0.5641, 0.11765, 0.625]",128,COMPLETED,3.343
1306,20251229_131525,gaitgl_OUMVLP_TOP30.csv,30%,Preset_6,MLP,42,74,"[1024, 1024, 512]",mean,L2,128,3,1024,silu,0.5,AdamW,,0.0002,5e-06,True,0.85,"[1, 3]",[2],[0.68794326 2.1920904  0.91725768],0.02,1.0,0.11668,2.31045,0.47727,0.41604,"[0.61224, 0.375, 0.26087]",294,0.16944,1.94965,0.54545,0.51586,"[0.63415, 0.42857, 0.48485]",265,COMPLETED,7.698
1303,20251229_131525,gaitgl_TOP30.csv,30%,Preset_6,MLP,42,52,"[1024, 1024, 512]",mean,L2,128,3,1024,silu,0.5,AdamW,,0.0002,5e-06,True,0.85,"[1, 3]",[2],[0.68794326 2.1920904  0.91725768],0.02,1.0,0.12529,2.89818,0.47727,0.40091,"[0.56522, 0.2, 0.4375]",138,0.16125,2.81149,0.52273,0.47465,"[0.6087, 0.36364, 0.45161]",106,COMPLETED,3.591
1307,20251229_131525,gaitpart_GREW_TOP30.csv,30%,Preset_6,MLP,42,66,"[1024, 1024, 512]",mean,L2,128,3,1024,silu,0.5,AdamW,,0.0002,5e-06,True,0.85,"[1, 3]",[2],[0.68794326 2.1920904  0.91725768],0.02,1.0,0.11905,2.00397,0.52273,0.44796,"[0.69388, 0.4, 0.25]",195,0.66427,1.38744,0.56818,0.54617,"[0.63158, 0.44444, 0.5625]",75,COMPLETED,4.883
1308,20251229_131525,gaitpart_OUMVLP_TOP30.csv,30%,Preset_6,MLP,42,53,"[1024, 1024, 512]",mean,L2,128,3,1024,silu,0.5,AdamW,,0.0002,5e-06,True,0.85,"[1, 3]",[2],[0.68794326 2.1920904  0.91725768],0.02,1.0,0.12623,2.249,0.45455,0.4125,"[0.55, 0.25, 0.4375]",614,0.68583,1.30828,0.54545,0.53308,"[0.51613, 0.45455, 0.62857]",282,COMPLETED,15.29
1310,20251229_131525,gaitset_GREW_TOP30.csv,30%,Preset_6,MLP,42,79,"[1024, 1024, 512]",mean,L2,128,3,1024,silu,0.5,AdamW,,0.0002,5e-06,True,0.85,"[1, 3]",[2],[0.68794326 2.1920904  0.91725768],0.02,1.0,0.11867,2.53438,0.45455,0.43128,"[0.54054, 0.31579, 0.4375]",150,0.73038,1.41173,0.54545,0.52593,"[0.6, 0.44444, 0.53333]",56,COMPLETED,3.805
1311,20251229_131525,gaitset_OUMVLP_TOP30.csv,30%,Preset_6,MLP,42,59,"[1024, 1024, 512]",mean,L2,128,3,1024,silu,0.5,AdamW,,0.0002,5e-06,True,0.85,"[1, 3]",[2],[0.68794326 2.1920904  0.91725768],0.02,1.0,0.11566,2.11805,0.45455,0.38506,"[0.52174, 0.18182, 0.45161]",409,0.27151,1.93571,0.54545,0.45965,"[0.6, 0.2, 0.57895]",328,COMPLETED,10.45
1309,20251229_131525,gaitset_TOP30.csv,30%,Preset_6,MLP,42,38,"[1024, 1024, 512]",mean,L2,128,3,1024,silu,0.5,AdamW,,0.0002,5e-06,True,0.85,"[1, 3]",[2],[0.68794326 2.1920904  0.91725768],0.02,1.0,0.1223,1.9319,0.45455,0.41667,"[0.5, 0.25, 0.5]",231,0.13496,1.89592,0.56818,0.55366,"[0.52941, 0.5, 0.63158]",216,COMPLETED,5.852
1312,20251229_131525,gln_phase1_TOP30.csv,30%,Preset_6,MLP,42,53,"[1024, 1024, 512]",mean,L2,128,3,1024,silu,0.5,AdamW,,0.0002,5e-06,True,0.85,"[1, 3]",[2],[0.68794326 2.1920904  0.91725768],0.02,1.0,0.12388,2.05874,0.56818,0.53796,"[0.60465, 0.42857, 0.58065]",171,0.21784,2.02439,0.56818,0.53796,"[0.60465, 0.42857, 0.58065]",146,COMPLETED,4.485
1313,20251229_131525,gln_phase2_TOP30.csv,30%,Preset_6,MLP,42,57,"[1024, 1024, 512]",mean,L2,128,3,1024,silu,0.5,AdamW,,0.0002,5e-06,True,0.85,"[1, 3]",[2],[0.68794326 2.1920904  0.91725768],0.02,1.0,0.11427,1.99064,0.5,0.41718,"[0.6087, 0.14286, 0.5]",197,0.1309,1.97428,0.59091,0.49283,"[0.66667, 0.16667, 0.64516]",170,COMPLETED,4.998
950,20251229_131525,baseline_CASIAB_TOP30.csv,30%,Preset_7,MLP,42,256,"[1280, 896, 512, 256]",mean,,64,4,1280,silu,0.4,AdamW,,0.00018,5e-07,False,,"[1, 3]","[2, 3]",[0.68794326 2.1920904  0.91725768],0.02,1.0,0.11209,2.26326,0.43182,0.36741,"[0.52381, 0.16667, 0.41176]",47,0.38668,1.70024,0.5,0.47338,"[0.57778, 0.42857, 0.41379]",23,COMPLETED,2.066
951,20251229_131525,baseline_OUMVLP_TOP30.csv,30%,Preset_7,MLP,42,256,"[1280, 896, 512, 256]",mean,,64,4,1280,silu,0.4,AdamW,,0.00018,5e-07,False,,"[1, 3]","[2, 3]",[0.68794326 2.1920904  0.91725768],0.02,1.0,0.11786,2.11265,0.54545,0.40965,"[0.57895, 0.0, 0.65]",61,0.47481,1.29749,0.59091,0.49335,"[0.63158, 0.18182, 0.66667]",31,COMPLETED,2.671
954,20251229_131525,gaitgl_GREW_BNNeck_TOP30.csv,30%,Preset_7,MLP,42,256,"[1280, 896, 512, 256]",mean,,64,4,1280,silu,0.4,AdamW,,0.00018,5e-07,False,,"[1, 3]","[2, 3]",[0.68794326 2.1920904  0.91725768],0.02,1.0,0.11112,2.37291,0.43182,0.39252,"[0.52381, 0.26667, 0.3871]",76,0.1104,2.28337,0.52273,0.4623,"[0.625, 0.33333, 0.42857]",74,COMPLETED,3.399
953,20251229_131525,gaitgl_GREW_TOP30.csv,30%,Preset_7,MLP,42,256,"[1280, 896, 512, 256]",mean,,64,4,1280,silu,0.4,AdamW,,0.00018,5e-07,False,,"[1, 3]","[2, 3]",[0.68794326 2.1920904  0.91725768],0.02,1.0,0.10786,2.96813,0.34091,0.26984,"[0.47619, 0.0, 0.33333]",46,0.43749,1.4908,0.45455,0.39385,"[0.47619, 0.14286, 0.5625]",21,COMPLETED,2.044
955,20251229_131525,gaitgl_OUMVLP_TOP30.csv,30%,Preset_7,MLP,42,256,"[1280, 896, 512, 256]",mean,,64,4,1280,silu,0.4,AdamW,,0.00018,5e-07,False,,"[1, 3]","[2, 3]",[0.68794326 2.1920904  0.91725768],0.02,1.0,0.11003,2.94176,0.40909,0.37778,"[0.55, 0.33333, 0.25]",123,0.31793,2.27509,0.61364,0.6002,"[0.66667, 0.57143, 0.5625]",105,COMPLETED,5.402
952,20251229_131525,gaitgl_TOP30.csv,30%,Preset_7,MLP,42,128,"[1280, 896, 512, 256]",mean,,64,4,1280,silu,0.4,AdamW,,0.00018,5e-07,False,,"[1, 3]","[2, 3]",[0.68794326 2.1920904  0.91725768],0.02,1.0,0.11715,1.85771,0.52273,0.50918,"[0.53659, 0.46154, 0.52941]",35,0.17373,1.93643,0.56818,0.54432,"[0.6, 0.46154, 0.57143]",25,COMPLETED,1.735
956,20251229_131525,gaitpart_GREW_TOP30.csv,30%,Preset_7,MLP,42,256,"[1280, 896, 512, 256]",mean,,64,4,1280,silu,0.4,AdamW,,0.00018,5e-07,False,,"[1, 3]","[2, 3]",[0.68794326 2.1920904  0.91725768],0.02,1.0,0.11322,2.09354,0.47727,0.4412,"[0.61905, 0.45455, 0.25]",54,0.21758,1.68066,0.61364,0.5875,"[0.7, 0.5, 0.5625]",37,COMPLETED,2.458
957,20251229_131525,gaitpart_OUMVLP_TOP30.csv,30%,Preset_7,MLP,42,256,"[1280, 896, 512, 256]",mean,,64,4,1280,silu,0.4,AdamW,,0.00018,5e-07,False,,"[1, 3]","[2, 3]",[0.68794326 2.1920904  0.91725768],0.02,1.0,0.10886,1.2637,0.61364,0.54553,"[0.68421, 0.28571, 0.66667]",221,0.52172,1.12664,0.65909,0.61742,"[0.72727, 0.5, 0.625]",166,COMPLETED,9.612
959,20251229_131525,gaitset_GREW_TOP30.csv,30%,Preset_7,MLP,42,256,"[1280, 896, 512, 256]",mean,,64,4,1280,silu,0.4,AdamW,,0.00018,5e-07,False,,"[1, 3]","[2, 3]",[0.68794326 2.1920904  0.91725768],0.02,1.0,0.11142,1.74057,0.52273,0.42115,"[0.65306, 0.18182, 0.42857]",58,0.16234,1.70531,0.59091,0.53093,"[0.66667, 0.36364, 0.5625]",44,COMPLETED,2.61
960,20251229_131525,gaitset_OUMVLP_TOP30.csv,30%,Preset_7,MLP,42,256,"[1280, 896, 512, 256]",mean,,64,4,1280,silu,0.4,AdamW,,0.00018,5e-07,False,,"[1, 3]","[2, 3]",[0.68794326 2.1920904  0.91725768],0.02,1.0,0.1245,2.35299,0.45455,0.30864,"[0.59259, 0.0, 0.33333]",144,0.23172,2.15645,0.47727,0.41444,"[0.6087, 0.25, 0.38462]",90,COMPLETED,6.233
958,20251229_131525,gaitset_TOP30.csv,30%,Preset_7,MLP,42,256,"[1280, 896, 512, 256]",mean,,64,4,1280,silu,0.4,AdamW,,0.00018,5e-07,False,,"[1, 3]","[2, 3]",[0.68794326 2.1920904  0.91725768],0.02,1.0,0.11437,2.33128,0.40909,0.32051,"[0.46154, 0.0, 0.5]",59,0.57288,1.36661,0.47727,0.44105,"[0.57778, 0.375, 0.37037]",23,COMPLETED,2.524
961,20251229_131525,gln_phase1_TOP30.csv,30%,Preset_7,MLP,42,256,"[1280, 896, 512, 256]",mean,,64,4,1280,silu,0.4,AdamW,,0.00018,5e-07,False,,"[1, 3]","[2, 3]",[0.68794326 2.1920904  0.91725768],0.02,1.0,0.12567,1.98793,0.54545,0.48861,"[0.6087, 0.28571, 0.57143]",48,0.12567,1.98793,0.54545,0.48861,"[0.6087, 0.28571, 0.57143]",48,COMPLETED,2.067
962,20251229_131525,gln_phase2_TOP30.csv,30%,Preset_7,MLP,42,256,"[1280, 896, 512, 256]",mean,,64,4,1280,silu,0.4,AdamW,,0.00018,5e-07,False,,"[1, 3]","[2, 3]",[0.68794326 2.1920904  0.91725768],0.02,1.0,0.11044,2.01604,0.47727,0.40663,"[0.52381, 0.16667, 0.52941]",51,0.27265,1.92168,0.56818,0.47156,"[0.65217, 0.2, 0.5625]",44,COMPLETED,2.276
1249,20251229_131525,baseline_CASIAB_TOP30.csv,30%,Preset_8,MLP,42,35,"[1152, 768, 512]",mean,minmax,96,3,1152,silu,0.5,AdamW,,0.0002,5e-06,True,0.8,"[1, 2]","[1, 2]",[0.68794326 2.1920904  0.91725768],0.02,1.0,0.12969,2.06868,0.5,0.46465,"[0.54545, 0.36364, 0.48485]",379,0.18823,2.37846,0.54545,0.51645,"[0.60465, 0.42857, 0.51613]",167,COMPLETED,11.133
1250,20251229_131525,baseline_OUMVLP_TOP30.csv,30%,Preset_8,MLP,42,35,"[1152, 768, 512]",mean,minmax,96,3,1152,silu,0.5,AdamW,,0.0002,5e-06,True,0.8,"[1, 2]","[1, 2]",[0.68794326 2.1920904  0.91725768],0.02,1.0,0.12852,1.80277,0.47727,0.43899,"[0.4878, 0.26667, 0.5625]",349,0.15054,1.7695,0.54545,0.51736,"[0.57143, 0.4, 0.58065]",253,COMPLETED,10.292
1253,20251229_131525,gaitgl_GREW_BNNeck_TOP30.csv,30%,Preset_8,MLP,42,53,"[1152, 768, 512]",mean,minmax,96,3,1152,silu,0.5,AdamW,,0.0002,5e-06,True,0.8,"[1, 2]","[1, 2]",[0.68794326 2.1920904  0.91725768],0.02,1.0,0.12814,2.38135,0.40909,0.3,"[0.5, 0.0, 0.4]",255,0.69746,1.49953,0.47727,0.43557,"[0.5, 0.23529, 0.57143]",20,COMPLETED,7.38
1252,20251229_131525,gaitgl_GREW_TOP30.csv,30%,Preset_8,MLP,42,75,"[1152, 768, 512]",mean,minmax,96,3,1152,silu,0.5,AdamW,,0.0002,5e-06,True,0.8,"[1, 2]","[1, 2]",[0.68794326 2.1920904  0.91725768],0.02,1.0,0.12695,2.00584,0.36364,0.2591,"[0.51064, 0.0, 0.26667]",198,0.74005,1.22934,0.43182,0.37183,"[0.52381, 0.125, 0.46667]",15,COMPLETED,5.757
1254,20251229_131525,gaitgl_OUMVLP_TOP30.csv,30%,Preset_8,MLP,42,51,"[1152, 768, 512]",mean,minmax,96,3,1152,silu,0.5,AdamW,,0.0002,5e-06,True,0.8,"[1, 2]","[1, 2]",[0.68794326 2.1920904  0.91725768],0.02,1.0,0.12595,2.40282,0.5,0.49007,"[0.52381, 0.46154, 0.48485]",299,0.20522,2.30077,0.54545,0.53361,"[0.57143, 0.5, 0.52941]",138,COMPLETED,8.938
1251,20251229_131525,gaitgl_TOP30.csv,30%,Preset_8,MLP,42,40,"[1152, 768, 512]",mean,minmax,96,3,1152,silu,0.5,AdamW,,0.0002,5e-06,True,0.8,"[1, 2]","[1, 2]",[0.68794326 2.1920904  0.91725768],0.02,1.0,0.12525,2.4293,0.43182,0.30561,"[0.55319, 0.0, 0.36364]",342,0.30597,2.26602,0.54545,0.5094,"[0.5641, 0.4, 0.5641]",88,COMPLETED,10.088
1255,20251229_131525,gaitpart_GREW_TOP30.csv,30%,Preset_8,MLP,42,53,"[1152, 768, 512]",mean,minmax,96,3,1152,silu,0.5,AdamW,,0.0002,5e-06,True,0.8,"[1, 2]","[1, 2]",[0.68794326 2.1920904  0.91725768],0.02,1.0,0.12506,1.64444,0.5,0.42256,"[0.64, 0.30769, 0.32]",242,0.72651,1.15183,0.54545,0.5238,"[0.63415, 0.47059, 0.46667]",14,COMPLETED,7.112
1256,20251229_131525,gaitpart_OUMVLP_TOP30.csv,30%,Preset_8,MLP,42,41,"[1152, 768, 512]",mean,minmax,96,3,1152,silu,0.5,AdamW,,0.0002,5e-06,True,0.8,"[1, 2]","[1, 2]",[0.68794326 2.1920904  0.91725768],0.02,1.0,0.12638,2.00948,0.5,0.41872,"[0.60465, 0.16667, 0.48485]",275,0.13344,2.09692,0.56818,0.47328,"[0.65217, 0.22222, 0.54545]",222,COMPLETED,8.047
1258,20251229_131525,gaitset_GREW_TOP30.csv,30%,Preset_8,MLP,42,63,"[1152, 768, 512]",mean,minmax,96,3,1152,silu,0.5,AdamW,,0.0002,5e-06,True,0.8,"[1, 2]","[1, 2]",[0.68794326 2.1920904  0.91725768],0.02,1.0,0.12703,2.08229,0.52273,0.42089,"[0.68085, 0.18182, 0.4]",203,0.22267,2.20987,0.56818,0.51369,"[0.72727, 0.4, 0.41379]",65,COMPLETED,6.164
1259,20251229_131525,gaitset_OUMVLP_TOP30.csv,30%,Preset_8,MLP,42,45,"[1152, 768, 512]",mean,minmax,96,3,1152,silu,0.5,AdamW,,0.0002,5e-06,True,0.8,"[1, 2]","[1, 2]",[0.68794326 2.1920904  0.91725768],0.02,1.0,0.12832,2.03097,0.52273,0.39899,"[0.59091, 0.0, 0.60606]",292,0.13202,1.95215,0.59091,0.442,"[0.68085, 0.0, 0.64516]",278,COMPLETED,8.553
1257,20251229_131525,gaitset_TOP30.csv,30%,Preset_8,MLP,42,30,"[1152, 768, 512]",mean,minmax,96,3,1152,silu,0.5,AdamW,,0.0002,5e-06,True,0.8,"[1, 2]","[1, 2]",[0.68794326 2.1920904  0.91725768],0.02,1.0,0.12672,1.40531,0.59091,0.52963,"[0.63415, 0.30769, 0.64706]",441,0.14988,1.48876,0.59091,0.55952,"[0.63636, 0.46154, 0.58065]",269,COMPLETED,13.077
1260,20251229_131525,gln_phase1_TOP30.csv,30%,Preset_8,MLP,42,41,"[1152, 768, 512]",mean,minmax,96,3,1152,silu,0.5,AdamW,,0.0002,5e-06,True,0.8,"[1, 2]","[1, 2]",[0.68794326 2.1920904  0.91725768],0.02,1.0,0.12373,1.53524,0.5,0.45047,"[0.6, 0.23529, 0.51613]",289,0.67727,1.00001,0.59091,0.56372,"[0.68421, 0.44444, 0.5625]",19,COMPLETED,8.353
1261,20251229_131525,gln_phase2_TOP30.csv,30%,Preset_8,MLP,42,44,"[1152, 768, 512]",mean,minmax,96,3,1152,silu,0.5,AdamW,,0.0002,5e-06,True,0.8,"[1, 2]","[1, 2]",[0.68794326 2.1920904  0.91725768],0.02,1.0,0.12529,1.59667,0.47727,0.37355,"[0.55814, 0.0, 0.5625]",300,0.74494,1.20029,0.5,0.49443,"[0.45714, 0.47059, 0.55556]",19,COMPLETED,8.661
534,20251229_131525,baseline_CASIAB_TOP30.csv,30%,Preset_9,MLP,42,21,"[512, 256, 128]",mean,L2,64,3,512,silu,0.5,Adam,,0.0001,0.0,True,0.7,[3],[3],[0.68794326 2.1920904  0.91725768],0.02,1.0,0.50693,1.414,0.54545,0.54372,"[0.57143, 0.54545, 0.51429]",1251,0.52774,1.36034,0.56818,0.55984,"[0.60465, 0.54545, 0.52941]",1071,STOPPED,45.915
535,20251229_131525,baseline_OUMVLP_TOP30.csv,30%,Preset_9,MLP,42,19,"[512, 256, 128]",mean,L2,64,3,512,silu,0.5,Adam,,0.0001,0.0,True,0.7,[3],[3],[0.68794326 2.1920904  0.91725768],0.02,1.0,0.63886,1.43445,0.40909,0.35215,"[0.46512, 0.15385, 0.4375]",1092,0.62294,1.39205,0.47727,0.45833,"[0.5, 0.375, 0.5]",982,STOPPED,38.746
538,20251229_131525,gaitgl_GREW_BNNeck_TOP30.csv,30%,Preset_9,MLP,42,33,"[512, 256, 128]",mean,L2,64,3,512,silu,0.5,Adam,,0.0001,0.0,True,0.7,[3],[3],[0.68794326 2.1920904  0.91725768],0.02,1.0,0.30573,1.93618,0.43182,0.40051,"[0.45, 0.26667, 0.48485]",1362,0.73781,1.26164,0.5,0.5071,"[0.47368, 0.53333, 0.51429]",207,STOPPED,47.831
537,20251229_131525,gaitgl_GREW_TOP30.csv,30%,Preset_9,MLP,42,53,"[512, 256, 128]",mean,L2,64,3,512,silu,0.5,Adam,,0.0001,0.0,True,0.7,[3],[3],[0.68794326 2.1920904  0.91725768],0.02,1.0,0.19527,1.95203,0.5,0.39314,"[0.65, 0.0, 0.52941]",1745,0.70438,1.16307,0.59091,0.49791,"[0.68421, 0.14286, 0.66667]",235,STOPPED,61.086
539,20251229_131525,gaitgl_OUMVLP_TOP30.csv,30%,Preset_9,MLP,42,32,"[512, 256, 128]",mean,L2,64,3,512,silu,0.5,Adam,,0.0001,0.0,True,0.7,[3],[3],[0.68794326 2.1920904  0.91725768],0.02,1.0,0.40915,2.10194,0.38636,0.3623,"[0.47619, 0.30769, 0.30303]",2061,0.62514,1.32345,0.52273,0.50232,"[0.5641, 0.42857, 0.51429]",1028,STOPPED,73.578
536,20251229_131525,gaitgl_TOP30.csv,30%,Preset_9,MLP,42,27,"[512, 256, 128]",mean,L2,64,3,512,silu,0.5,Adam,,0.0001,0.0,True,0.7,[3],[3],[0.68794326 2.1920904  0.91725768],0.02,1.0,0.34278,1.80624,0.40909,0.35185,"[0.5, 0.16667, 0.38889]",1626,0.48272,1.4941,0.52273,0.47428,"[0.60465, 0.33333, 0.48485]",766,STOPPED,57.819
540,20251229_131525,gaitpart_GREW_TOP30.csv,30%,Preset_9,MLP,42,34,"[512, 256, 128]",mean,L2,64,3,512,silu,0.5,Adam,,0.0001,0.0,True,0.7,[3],[3],[0.68794326 2.1920904  0.91725768],0.02,1.0,0.27933,1.77029,0.45455,0.41349,"[0.52381, 0.25, 0.46667]",1954,0.67653,0.94971,0.63636,0.64052,"[0.66667, 0.66667, 0.58824]",390,STOPPED,68.872
541,20251229_131525,gaitpart_OUMVLP_TOP30.csv,30%,Preset_9,MLP,42,27,"[512, 256, 128]",mean,L2,64,3,512,silu,0.5,Adam,,0.0001,0.0,True,0.7,[3],[3],[0.68794326 2.1920904  0.91725768],0.02,1.0,0.59439,1.36203,0.38636,0.36905,"[0.5, 0.25, 0.35714]",1430,0.74394,1.0821,0.52273,0.49232,"[0.52941, 0.35294, 0.59459]",818,STOPPED,50.72
543,20251229_131525,gaitset_GREW_TOP30.csv,30%,Preset_9,MLP,42,41,"[512, 256, 128]",mean,L2,64,3,512,silu,0.5,Adam,,0.0001,0.0,True,0.7,[3],[3],[0.68794326 2.1920904  0.91725768],0.02,1.0,0.30194,1.49184,0.40909,0.38266,"[0.51163, 0.33333, 0.30303]",977,0.3616,1.40386,0.5,0.46448,"[0.58537, 0.36364, 0.44444]",724,STOPPED,34.916
544,20251229_131525,gaitset_OUMVLP_TOP30.csv,30%,Preset_9,MLP,42,27,"[512, 256, 128]",mean,L2,64,3,512,silu,0.5,Adam,,0.0001,0.0,True,0.7,[3],[3],[0.68794326 2.1920904  0.91725768],0.02,1.0,0.52335,1.25907,0.61364,0.55033,"[0.66667, 0.36364, 0.62069]",1373,0.566,1.20152,0.63636,0.59325,"[0.70833, 0.5, 0.57143]",1113,STOPPED,49.247
542,20251229_131525,gaitset_TOP30.csv,30%,Preset_9,MLP,42,17,"[512, 256, 128]",mean,L2,64,3,512,silu,0.5,Adam,,0.0001,0.0,True,0.7,[3],[3],[0.68794326 2.1920904  0.91725768],0.02,1.0,0.60914,1.2331,0.38636,0.35983,"[0.41176, 0.23529, 0.43243]",1254,0.73443,1.15395,0.45455,0.45701,"[0.47059, 0.47619, 0.42424]",393,STOPPED,45.45
545,20251229_131525,gln_phase1_TOP30.csv,30%,Preset_9,MLP,42,22,"[512, 256, 128]",mean,L2,64,3,512,silu,0.5,Adam,,0.0001,0.0,True,0.7,[3],[3],[0.68794326 2.1920904  0.91725768],0.02,1.0,0.59936,1.19014,0.45455,0.44072,"[0.3871, 0.36364, 0.57143]",628,0.63571,1.09406,0.56818,0.55754,"[0.57143, 0.47619, 0.625]",492,STOPPED,22.868
546,20251229_131525,gln_phase2_TOP30.csv,30%,Preset_9,MLP,42,24,"[512, 256, 128]",mean,L2,64,3,512,silu,0.5,Adam,,0.0001,0.0,True,0.7,[3],[3],[0.68794326 2.1920904  0.91725768],0.02,1.0,0.45298,1.56036,0.45455,0.39076,"[0.5, 0.14286, 0.52941]",1665,0.47779,1.48019,0.52273,0.47637,"[0.55, 0.30769, 0.57143]",1343,STOPPED,59.306
1327,20251229_131525,baseline_CASIAB_TOP30.csv,30%,Preset_10,MLP,42,44,"[896, 896, 896]",mean,L2,96,3,896,silu,0.45,AdamW,,0.00015,1e-05,True,0.85,"[1, 2, 3]","[2, 3]",[0.68794326 2.1920904  0.91725768],0.02,1.0,0.12811,2.71623,0.38636,0.34899,"[0.4186, 0.25, 0.37838]",202,0.34866,2.00382,0.5,0.46566,"[0.53333, 0.36364, 0.5]",85,COMPLETED,6.42
1328,20251229_131525,baseline_OUMVLP_TOP30.csv,30%,Preset_10,MLP,42,45,"[896, 896, 896]",mean,L2,96,3,896,silu,0.45,AdamW,,0.00015,1e-05,True,0.85,"[1, 2, 3]","[2, 3]",[0.68794326 2.1920904  0.91725768],0.02,1.0,0.12436,2.15251,0.43182,0.42426,"[0.47059, 0.23077, 0.57143]",286,0.15631,1.87788,0.61364,0.57607,"[0.66667, 0.46154, 0.6]",210,COMPLETED,9.0
1331,20251229_131525,gaitgl_GREW_BNNeck_TOP30.csv,30%,Preset_10,MLP,42,68,"[896, 896, 896]",mean,L2,96,3,896,silu,0.45,AdamW,,0.00015,1e-05,True,0.85,"[1, 2, 3]","[2, 3]",[0.68794326 2.1920904  0.91725768],0.02,1.0,0.1249,2.74633,0.43182,0.3725,"[0.46809, 0.16667, 0.48276]",122,0.1486,2.82778,0.5,0.48333,"[0.55, 0.4, 0.5]",96,COMPLETED,3.992
1330,20251229_131525,gaitgl_GREW_TOP30.csv,30%,Preset_10,MLP,42,98,"[896, 896, 896]",mean,L2,96,3,896,silu,0.45,AdamW,,0.00015,1e-05,True,0.85,"[1, 2, 3]","[2, 3]",[0.68794326 2.1920904  0.91725768],0.02,1.0,0.1246,2.07091,0.45455,0.36963,"[0.51429, 0.0, 0.59459]",150,0.14094,2.41981,0.43182,0.41709,"[0.47059, 0.16, 0.62069]",126,COMPLETED,4.826
1332,20251229_131525,gaitgl_OUMVLP_TOP30.csv,30%,Preset_10,MLP,42,74,"[896, 896, 896]",mean,L2,96,3,896,silu,0.45,AdamW,,0.00015,1e-05,True,0.85,"[1, 2, 3]","[2, 3]",[0.68794326 2.1920904  0.91725768],0.02,1.0,0.12101,2.48105,0.5,0.45326,"[0.62222, 0.35294, 0.38462]",346,0.43622,1.95467,0.52273,0.47436,"[0.61538, 0.30769, 0.5]",213,COMPLETED,10.911
1329,20251229_131525,gaitgl_TOP30.csv,30%,Preset_10,MLP,42,52,"[896, 896, 896]",mean,L2,96,3,896,silu,0.45,AdamW,,0.00015,1e-05,True,0.85,"[1, 2, 3]","[2, 3]",[0.68794326 2.1920904  0.91725768],0.02,1.0,0.12532,3.17928,0.38636,0.28541,"[0.4878, 0.0, 0.36842]",132,0.31354,2.38963,0.45455,0.42165,"[0.51282, 0.30769, 0.44444]",60,COMPLETED,4.199
1333,20251229_131525,gaitpart_GREW_TOP30.csv,30%,Preset_10,MLP,42,66,"[896, 896, 896]",mean,L2,96,3,896,silu,0.45,AdamW,,0.00015,1e-05,True,0.85,"[1, 2, 3]","[2, 3]",[0.68794326 2.1920904  0.91725768],0.02,1.0,0.12179,2.04124,0.52273,0.48372,"[0.65116, 0.4, 0.4]",187,0.12878,2.13165,0.59091,0.54863,"[0.71111, 0.5, 0.43478]",175,COMPLETED,5.928
1334,20251229_131525,gaitpart_OUMVLP_TOP30.csv,30%,Preset_10,MLP,42,53,"[896, 896, 896]",mean,L2,96,3,896,silu,0.45,AdamW,,0.00015,1e-05,True,0.85,"[1, 2, 3]","[2, 3]",[0.68794326 2.1920904  0.91725768],0.02,1.0,0.12526,1.96535,0.63636,0.5726,"[0.66667, 0.36364, 0.6875]",546,0.4587,1.62157,0.61364,0.57977,"[0.61111, 0.46154, 0.66667]",336,COMPLETED,17.152
1336,20251229_131525,gaitset_GREW_TOP30.csv,30%,Preset_10,MLP,42,79,"[896, 896, 896]",mean,L2,96,3,896,silu,0.45,AdamW,,0.00015,1e-05,True,0.85,"[1, 2, 3]","[2, 3]",[0.68794326 2.1920904  0.91725768],0.02,1.0,0.12284,2.44462,0.45455,0.41856,"[0.45714, 0.28571, 0.51282]",153,0.28581,1.93843,0.54545,0.52983,"[0.60465, 0.5, 0.48485]",81,COMPLETED,4.99
1337,20251229_131525,gaitset_OUMVLP_TOP30.csv,30%,Preset_10,MLP,42,59,"[896, 896, 896]",mean,L2,96,3,896,silu,0.45,AdamW,,0.00015,1e-05,True,0.85,"[1, 2, 3]","[2, 3]",[0.68794326 2.1920904  0.91725768],0.02,1.0,0.12004,1.82987,0.47727,0.39298,"[0.58333, 0.18182, 0.41379]",449,0.21215,1.8734,0.59091,0.49664,"[0.61905, 0.22222, 0.64865]",330,COMPLETED,13.99
1335,20251229_131525,gaitset_TOP30.csv,30%,Preset_10,MLP,42,38,"[896, 896, 896]",mean,L2,96,3,896,silu,0.45,AdamW,,0.00015,1e-05,True,0.85,"[1, 2, 3]","[2, 3]",[0.68794326 2.1920904  0.91725768],0.02,1.0,0.12958,1.90329,0.47727,0.43543,"[0.47059, 0.28571, 0.55]",200,0.25237,1.56567,0.54545,0.51645,"[0.60465, 0.42857, 0.51613]",93,COMPLETED,6.384
1338,20251229_131525,gln_phase1_TOP30.csv,30%,Preset_10,MLP,42,53,"[896, 896, 896]",mean,L2,96,3,896,silu,0.45,AdamW,,0.00015,1e-05,True,0.85,"[1, 2, 3]","[2, 3]",[0.68794326 2.1920904  0.91725768],0.02,1.0,0.12055,1.90342,0.47727,0.45398,"[0.51282, 0.31579, 0.53333]",189,0.1687,1.86259,0.59091,0.56926,"[0.63636, 0.5, 0.57143]",119,COMPLETED,6.105
1339,20251229_131525,gln_phase2_TOP30.csv,30%,Preset_10,MLP,42,57,"[896, 896, 896]",mean,L2,96,3,896,silu,0.45,AdamW,,0.00015,1e-05,True,0.85,"[1, 2, 3]","[2, 3]",[0.68794326 2.1920904  0.91725768],0.02,1.0,0.12328,2.35686,0.40909,0.38871,"[0.47368, 0.17391, 0.51852]",178,0.29753,1.69829,0.63636,0.52772,"[0.69565, 0.2, 0.6875]",93,COMPLETED,6.342
287,20251229_131525,baseline_CASIAB_TOP30.csv,30%,Preset_11,MLP,42,27,"[768, 512, 384, 256]",mean,L2,80,4,768,leakyrelu,0.45,Adam,,0.0002,0.0,True,0.75,"[2, 4]","[1, 3]",[0.68794326 2.1920904  0.91725768],0.02,1.0,0.12117,2.4255,0.45455,0.44075,"[0.46512, 0.4, 0.45714]",664,0.14547,2.14975,0.56818,0.55818,"[0.59574, 0.54545, 0.53333]",537,COMPLETED,21.303
288,20251229_131525,baseline_OUMVLP_TOP30.csv,30%,Preset_11,MLP,42,25,"[768, 512, 384, 256]",mean,L2,80,4,768,leakyrelu,0.45,Adam,,0.0002,0.0,True,0.75,"[2, 4]","[1, 3]",[0.68794326 2.1920904  0.91725768],0.02,1.0,0.10601,1.66845,0.65909,0.62876,"[0.69565, 0.54545, 0.64516]",924,0.1529,1.65804,0.68182,0.63769,"[0.7234, 0.5, 0.68966]",707,COMPLETED,29.403
291,20251229_131525,gaitgl_GREW_BNNeck_TOP30.csv,30%,Preset_11,MLP,42,42,"[768, 512, 384, 256]",mean,L2,80,4,768,leakyrelu,0.45,Adam,,0.0002,0.0,True,0.75,"[2, 4]","[1, 3]",[0.68794326 2.1920904  0.91725768],0.02,1.0,0.12607,2.63562,0.43182,0.3172,"[0.5, 0.0, 0.45161]",343,0.56269,1.65718,0.52273,0.47682,"[0.55, 0.23529, 0.64516]",78,COMPLETED,10.578
290,20251229_131525,gaitgl_GREW_TOP30.csv,30%,Preset_11,MLP,42,65,"[768, 512, 384, 256]",mean,L2,80,4,768,leakyrelu,0.45,Adam,,0.0002,0.0,True,0.75,"[2, 4]","[1, 3]",[0.68794326 2.1920904  0.91725768],0.02,1.0,0.11646,2.21147,0.47727,0.35926,"[0.57778, 0.0, 0.5]",295,0.30682,2.0611,0.52273,0.44431,"[0.57895, 0.14286, 0.61111]",127,COMPLETED,9.38
292,20251229_131525,gaitgl_OUMVLP_TOP30.csv,30%,Preset_11,MLP,42,43,"[768, 512, 384, 256]",mean,L2,80,4,768,leakyrelu,0.45,Adam,,0.0002,0.0,True,0.75,"[2, 4]","[1, 3]",[0.68794326 2.1920904  0.91725768],0.02,1.0,0.12744,2.61829,0.43182,0.36566,"[0.53333, 0.2, 0.36364]",1092,0.26009,2.0486,0.52273,0.47933,"[0.54054, 0.33333, 0.5641]",543,COMPLETED,33.998
289,20251229_131525,gaitgl_TOP30.csv,30%,Preset_11,MLP,42,34,"[768, 512, 384, 256]",mean,L2,80,4,768,leakyrelu,0.45,Adam,,0.0002,0.0,True,0.75,"[2, 4]","[1, 3]",[0.68794326 2.1920904  0.91725768],0.02,1.0,0.12931,2.47816,0.5,0.41872,"[0.60465, 0.16667, 0.48485]",337,0.15299,2.58351,0.52273,0.47078,"[0.60465, 0.30769, 0.5]",239,COMPLETED,10.708
293,20251229_131525,gaitpart_GREW_TOP30.csv,30%,Preset_11,MLP,42,42,"[768, 512, 384, 256]",mean,L2,80,4,768,leakyrelu,0.45,Adam,,0.0002,0.0,True,0.75,"[2, 4]","[1, 3]",[0.68794326 2.1920904  0.91725768],0.02,1.0,0.11221,2.00991,0.52273,0.458,"[0.64, 0.36364, 0.37037]",541,0.65458,1.42922,0.59091,0.54087,"[0.71429, 0.375, 0.53333]",99,COMPLETED,16.961
294,20251229_131525,gaitpart_OUMVLP_TOP30.csv,30%,Preset_11,MLP,42,34,"[768, 512, 384, 256]",mean,L2,80,4,768,leakyrelu,0.45,Adam,,0.0002,0.0,True,0.75,"[2, 4]","[1, 3]",[0.68794326 2.1920904  0.91725768],0.02,1.0,0.13963,2.15329,0.52273,0.43837,"[0.63415, 0.16667, 0.51429]",1224,0.60446,1.51551,0.59091,0.54955,"[0.64865, 0.35294, 0.64706]",286,STOPPED,37.876
296,20251229_131525,gaitset_GREW_TOP30.csv,30%,Preset_11,MLP,42,51,"[768, 512, 384, 256]",mean,L2,80,4,768,leakyrelu,0.45,Adam,,0.0002,0.0,True,0.75,"[2, 4]","[1, 3]",[0.68794326 2.1920904  0.91725768],0.02,1.0,0.11462,2.24994,0.56818,0.53977,"[0.68182, 0.5, 0.4375]",373,0.14307,2.052,0.61364,0.58123,"[0.71429, 0.5, 0.52941]",278,COMPLETED,12.165
297,20251229_131525,gaitset_OUMVLP_TOP30.csv,30%,Preset_11,MLP,42,35,"[768, 512, 384, 256]",mean,L2,80,4,768,leakyrelu,0.45,Adam,,0.0002,0.0,True,0.75,"[2, 4]","[1, 3]",[0.68794326 2.1920904  0.91725768],0.02,1.0,0.11673,2.08498,0.52273,0.38038,"[0.625, 0.0, 0.51613]",1162,0.51065,1.66824,0.54545,0.51587,"[0.61905, 0.42857, 0.5]",282,COMPLETED,37.418
295,20251229_131525,gaitset_TOP30.csv,30%,Preset_11,MLP,42,22,"[768, 512, 384, 256]",mean,L2,80,4,768,leakyrelu,0.45,Adam,,0.0002,0.0,True,0.75,"[2, 4]","[1, 3]",[0.68794326 2.1920904  0.91725768],0.02,1.0,0.11352,2.29396,0.5,0.4264,"[0.63158, 0.13333, 0.51429]",705,0.12296,1.98226,0.59091,0.55375,"[0.66667, 0.4, 0.59459]",633,COMPLETED,22.038
298,20251229_131525,gln_phase1_TOP30.csv,30%,Preset_11,MLP,42,29,"[768, 512, 384, 256]",mean,L2,80,4,768,leakyrelu,0.45,Adam,,0.0002,0.0,True,0.75,"[2, 4]","[1, 3]",[0.68794326 2.1920904  0.91725768],0.02,1.0,0.12206,1.81004,0.56818,0.47071,"[0.66667, 0.2, 0.54545]",627,0.336,1.34683,0.65909,0.63665,"[0.69565, 0.57143, 0.64286]",188,COMPLETED,19.76
299,20251229_131525,gln_phase2_TOP30.csv,30%,Preset_11,MLP,42,32,"[768, 512, 384, 256]",mean,L2,80,4,768,leakyrelu,0.45,Adam,,0.0002,0.0,True,0.75,"[2, 4]","[1, 3]",[0.68794326 2.1920904  0.91725768],0.02,1.0,0.12305,2.18466,0.40909,0.30083,"[0.47826, 0.0, 0.42424]",630,0.51508,1.48727,0.59091,0.57547,"[0.51429, 0.54545, 0.66667]",130,COMPLETED,20.277
1457,20251229_131525,baseline_CASIAB_TOP30.csv,30%,Preset_12,MLP,42,28,"[1280, 960, 640, 320, 160]",max,L2,96,5,1280,gelu,0.3,Adam,,0.0001,1e-07,True,0.7,"[1, 2, 4]","[3, 4]",[0.68794326 2.1920904  0.91725768],0.02,1.0,0.12271,1.552,0.52273,0.45031,"[0.56522, 0.14286, 0.64286]",283,0.16094,1.35479,0.65909,0.59438,"[0.69565, 0.4, 0.6875]",212,COMPLETED,11.154
1458,20251229_131525,baseline_OUMVLP_TOP30.csv,30%,Preset_12,MLP,42,29,"[1280, 960, 640, 320, 160]",max,L2,96,5,1280,gelu,0.3,Adam,,0.0001,1e-07,True,0.7,"[1, 2, 4]","[3, 4]",[0.68794326 2.1920904  0.91725768],0.02,1.0,0.12348,2.71308,0.40909,0.38033,"[0.43902, 0.23529, 0.46667]",293,0.13271,2.2654,0.54545,0.49221,"[0.59091, 0.28571, 0.6]",272,COMPLETED,10.901
1461,20251229_131525,gaitgl_GREW_BNNeck_TOP30.csv,30%,Preset_12,MLP,42,45,"[1280, 960, 640, 320, 160]",max,L2,96,5,1280,gelu,0.3,Adam,,0.0001,1e-07,True,0.7,"[1, 2, 4]","[3, 4]",[0.68794326 2.1920904  0.91725768],0.02,1.0,0.11502,1.94409,0.52273,0.46858,"[0.59574, 0.25, 0.56]",126,0.15126,1.44184,0.54545,0.5183,"[0.52632, 0.4, 0.62857]",102,COMPLETED,4.659
1460,20251229_131525,gaitgl_GREW_TOP30.csv,30%,Preset_12,MLP,42,72,"[1280, 960, 640, 320, 160]",max,L2,96,5,1280,gelu,0.3,Adam,,0.0001,1e-07,True,0.7,"[1, 2, 4]","[3, 4]",[0.68794326 2.1920904  0.91725768],0.02,1.0,0.11018,2.39888,0.38636,0.27438,"[0.3125, 0.0, 0.51064]",127,0.1367,1.7468,0.52273,0.48166,"[0.56522, 0.36364, 0.51613]",103,COMPLETED,4.819
1462,20251229_131525,gaitgl_OUMVLP_TOP30.csv,30%,Preset_12,MLP,42,29,"[1280, 960, 640, 320, 160]",max,L2,96,5,1280,gelu,0.3,Adam,,0.0001,1e-07,True,0.7,"[1, 2, 4]","[3, 4]",[0.68794326 2.1920904  0.91725768],0.02,1.0,0.11859,2.35846,0.43182,0.39167,"[0.55, 0.25, 0.375]",580,0.50325,1.32401,0.59091,0.56762,"[0.58065, 0.5, 0.62222]",304,COMPLETED,20.836
1459,20251229_131525,gaitgl_TOP30.csv,30%,Preset_12,MLP,42,45,"[1280, 960, 640, 320, 160]",max,L2,96,5,1280,gelu,0.3,Adam,,0.0001,1e-07,True,0.7,"[1, 2, 4]","[3, 4]",[0.68794326 2.1920904  0.91725768],0.02,1.0,0.11279,2.64828,0.38636,0.29206,"[0.47619, 0.0, 0.4]",136,0.7109,1.3627,0.52273,0.43645,"[0.65385, 0.30769, 0.34783]",53,COMPLETED,4.965
1463,20251229_131525,gaitpart_GREW_TOP30.csv,30%,Preset_12,MLP,42,40,"[1280, 960, 640, 320, 160]",max,L2,96,5,1280,gelu,0.3,Adam,,0.0001,1e-07,True,0.7,"[1, 2, 4]","[3, 4]",[0.68794326 2.1920904  0.91725768],0.02,1.0,0.11871,2.15362,0.43182,0.37698,"[0.58333, 0.33333, 0.21429]",214,0.52216,1.39736,0.5,0.45399,"[0.57143, 0.25, 0.54054]",111,COMPLETED,7.825
1464,20251229_131525,gaitpart_OUMVLP_TOP30.csv,30%,Preset_12,MLP,42,26,"[1280, 960, 640, 320, 160]",max,L2,96,5,1280,gelu,0.3,Adam,,0.0001,1e-07,True,0.7,"[1, 2, 4]","[3, 4]",[0.68794326 2.1920904  0.91725768],0.02,1.0,0.11874,2.27924,0.52273,0.39043,"[0.56522, 0.0, 0.60606]",710,0.7016,1.33996,0.52273,0.47766,"[0.58537, 0.33333, 0.51429]",343,COMPLETED,26.138
1466,20251229_131525,gaitset_GREW_TOP30.csv,30%,Preset_12,MLP,42,50,"[1280, 960, 640, 320, 160]",max,L2,96,5,1280,gelu,0.3,Adam,,0.0001,1e-07,True,0.7,"[1, 2, 4]","[3, 4]",[0.68794326 2.1920904  0.91725768],0.02,1.0,0.1213,2.34554,0.5,0.49129,"[0.52941, 0.44444, 0.5]",272,0.1401,1.88518,0.61364,0.56498,"[0.71429, 0.4, 0.58065]",253,COMPLETED,10.079
1467,20251229_131525,gaitset_OUMVLP_TOP30.csv,30%,Preset_12,MLP,42,30,"[1280, 960, 640, 320, 160]",max,L2,96,5,1280,gelu,0.3,Adam,,0.0001,1e-07,True,0.7,"[1, 2, 4]","[3, 4]",[0.68794326 2.1920904  0.91725768],0.02,1.0,0.12588,2.39848,0.43182,0.32706,"[0.63636, 0.0, 0.34483]",893,0.1762,2.03345,0.56818,0.49384,"[0.74419, 0.28571, 0.45161]",824,COMPLETED,32.519
1465,20251229_131525,gaitset_TOP30.csv,30%,Preset_12,MLP,42,26,"[1280, 960, 640, 320, 160]",max,L2,96,5,1280,gelu,0.3,Adam,,0.0001,1e-07,True,0.7,"[1, 2, 4]","[3, 4]",[0.68794326 2.1920904  0.91725768],0.02,1.0,0.11941,2.26623,0.47727,0.43452,"[0.54167, 0.33333, 0.42857]",237,0.32857,1.55845,0.5,0.46223,"[0.51282, 0.33333, 0.54054]",138,COMPLETED,9.152
1468,20251229_131525,gln_phase1_TOP30.csv,30%,Preset_12,MLP,42,31,"[1280, 960, 640, 320, 160]",max,L2,96,5,1280,gelu,0.3,Adam,,0.0001,1e-07,True,0.7,"[1, 2, 4]","[3, 4]",[0.68794326 2.1920904  0.91725768],0.02,1.0,0.12301,2.7425,0.40909,0.31612,"[0.53659, 0.0, 0.41176]",301,0.30948,1.85521,0.56818,0.51323,"[0.66667, 0.44444, 0.42857]",274,COMPLETED,11.533
1469,20251229_131525,gln_phase2_TOP30.csv,30%,Preset_12,MLP,42,29,"[1280, 960, 640, 320, 160]",max,L2,96,5,1280,gelu,0.3,Adam,,0.0001,1e-07,True,0.7,"[1, 2, 4]","[3, 4]",[0.68794326 2.1920904  0.91725768],0.02,1.0,0.11775,2.33191,0.43182,0.39564,"[0.5, 0.23529, 0.45161]",331,0.63548,1.29156,0.56818,0.52665,"[0.59459, 0.4, 0.58537]",139,COMPLETED,12.671
859,20251229_131525,baseline_CASIAB_TOP30.csv,30%,Preset_13,MLP,42,256,"[1152, 1152, 1152]",mean,L2,128,3,1152,silu,0.5,AdamW,,0.0002,5e-06,False,,"[1, 2, 3]","[2, 3]",[0.68794326 2.1920904  0.91725768],0.02,1.0,0.11341,1.76131,0.5,0.41597,"[0.58333, 0.18182, 0.48276]",88,0.12063,1.89122,0.54545,0.48953,"[0.6383, 0.36364, 0.46667]",86,COMPLETED,2.805
860,20251229_131525,baseline_OUMVLP_TOP30.csv,30%,Preset_13,MLP,42,256,"[1152, 1152, 1152]",mean,L2,128,3,1152,silu,0.5,AdamW,,0.0002,5e-06,False,,"[1, 2, 3]","[2, 3]",[0.68794326 2.1920904  0.91725768],0.02,1.0,0.11564,2.01639,0.40909,0.3789,"[0.52632, 0.18182, 0.42857]",103,0.23291,1.7554,0.54545,0.51111,"[0.6, 0.33333, 0.6]",63,COMPLETED,3.031
863,20251229_131525,gaitgl_GREW_BNNeck_TOP30.csv,30%,Preset_13,MLP,42,256,"[1152, 1152, 1152]",mean,L2,128,3,1152,silu,0.5,AdamW,,0.0002,5e-06,False,,"[1, 2, 3]","[2, 3]",[0.68794326 2.1920904  0.91725768],0.02,1.0,0.11209,2.02637,0.47727,0.43651,"[0.52381, 0.28571, 0.5]",72,0.12122,2.07654,0.56818,0.46667,"[0.66667, 0.2, 0.53333]",66,COMPLETED,2.234
862,20251229_131525,gaitgl_GREW_TOP30.csv,30%,Preset_13,MLP,42,256,"[1152, 1152, 1152]",mean,L2,128,3,1152,silu,0.5,AdamW,,0.0002,5e-06,False,,"[1, 2, 3]","[2, 3]",[0.68794326 2.1920904  0.91725768],0.02,1.0,0.11762,2.93765,0.29545,0.23403,"[0.4878, 0.0, 0.21429]",79,0.57477,1.98047,0.5,0.38867,"[0.61818, 0.2, 0.34783]",35,COMPLETED,2.32
864,20251229_131525,gaitgl_OUMVLP_TOP30.csv,30%,Preset_13,MLP,42,256,"[1152, 1152, 1152]",mean,L2,128,3,1152,silu,0.5,AdamW,,0.0002,5e-06,False,,"[1, 2, 3]","[2, 3]",[0.68794326 2.1920904  0.91725768],0.02,1.0,0.10954,2.28484,0.5,0.4614,"[0.53659, 0.33333, 0.51429]",265,0.14249,2.34393,0.61364,0.5982,"[0.59459, 0.53333, 0.66667]",220,COMPLETED,7.676
861,20251229_131525,gaitgl_TOP30.csv,30%,Preset_13,MLP,42,128,"[1152, 1152, 1152]",mean,L2,128,3,1152,silu,0.5,AdamW,,0.0002,5e-06,False,,"[1, 2, 3]","[2, 3]",[0.68794326 2.1920904  0.91725768],0.02,1.0,0.12088,1.95099,0.52273,0.49784,"[0.5641, 0.4, 0.52941]",64,0.14973,2.07914,0.59091,0.55,"[0.65, 0.375, 0.625]",53,COMPLETED,1.883
865,20251229_131525,gaitpart_GREW_TOP30.csv,30%,Preset_13,MLP,42,256,"[1152, 1152, 1152]",mean,L2,128,3,1152,silu,0.5,AdamW,,0.0002,5e-06,False,,"[1, 2, 3]","[2, 3]",[0.68794326 2.1920904  0.91725768],0.02,1.0,0.11714,2.05304,0.47727,0.40663,"[0.52941, 0.16667, 0.52381]",102,0.49399,1.74077,0.61364,0.58852,"[0.71795, 0.47619, 0.57143]",54,COMPLETED,3.084
866,20251229_131525,gaitpart_OUMVLP_TOP30.csv,30%,Preset_13,MLP,42,256,"[1152, 1152, 1152]",mean,L2,128,3,1152,silu,0.5,AdamW,,0.0002,5e-06,False,,"[1, 2, 3]","[2, 3]",[0.68794326 2.1920904  0.91725768],0.02,1.0,0.11214,2.17737,0.5,0.49271,"[0.625, 0.37037, 0.48276]",368,0.11248,1.58241,0.68182,0.65275,"[0.7027, 0.53333, 0.72222]",342,COMPLETED,11.108
868,20251229_131525,gaitset_GREW_TOP30.csv,30%,Preset_13,MLP,42,256,"[1152, 1152, 1152]",mean,L2,128,3,1152,silu,0.5,AdamW,,0.0002,5e-06,False,,"[1, 2, 3]","[2, 3]",[0.68794326 2.1920904  0.91725768],0.02,1.0,0.1134,1.90744,0.5,0.46066,"[0.60465, 0.31579, 0.46154]",84,0.11469,1.65374,0.61364,0.5659,"[0.68182, 0.44444, 0.57143]",83,COMPLETED,2.627
869,20251229_131525,gaitset_OUMVLP_TOP30.csv,30%,Preset_13,MLP,42,256,"[1152, 1152, 1152]",mean,L2,128,3,1152,silu,0.5,AdamW,,0.0002,5e-06,False,,"[1, 2, 3]","[2, 3]",[0.68794326 2.1920904  0.91725768],0.02,1.0,0.11397,2.14833,0.47727,0.33333,"[0.61538, 0.0, 0.38462]",275,0.40048,2.5401,0.52273,0.473,"[0.5641, 0.26667, 0.58824]",255,COMPLETED,8.612
867,20251229_131525,gaitset_TOP30.csv,30%,Preset_13,MLP,42,256,"[1152, 1152, 1152]",mean,L2,128,3,1152,silu,0.5,AdamW,,0.0002,5e-06,False,,"[1, 2, 3]","[2, 3]",[0.68794326 2.1920904  0.91725768],0.02,1.0,0.11893,2.42578,0.34091,0.3,"[0.4, 0.125, 0.375]",76,0.27861,1.9205,0.5,0.42408,"[0.52632, 0.18182, 0.5641]",48,COMPLETED,2.386
870,20251229_131525,gln_phase1_TOP30.csv,30%,Preset_13,MLP,42,256,"[1152, 1152, 1152]",mean,L2,128,3,1152,silu,0.5,AdamW,,0.0002,5e-06,False,,"[1, 2, 3]","[2, 3]",[0.68794326 2.1920904  0.91725768],0.02,1.0,0.11613,1.87884,0.54545,0.40455,"[0.61905, 0.0, 0.59459]",71,0.67255,1.16025,0.54545,0.51672,"[0.55556, 0.4, 0.59459]",25,COMPLETED,2.066
871,20251229_131525,gln_phase2_TOP30.csv,30%,Preset_13,MLP,42,256,"[1152, 1152, 1152]",mean,L2,128,3,1152,silu,0.5,AdamW,,0.0002,5e-06,False,,"[1, 2, 3]","[2, 3]",[0.68794326 2.1920904  0.91725768],0.02,1.0,0.11531,2.33593,0.45455,0.38499,"[0.54545, 0.14286, 0.46667]",82,0.146,2.33064,0.54545,0.44444,"[0.66667, 0.16667, 0.5]",55,COMPLETED,2.492
1,20251229_131525,baseline_CASIAB_TOP30.csv,30%,Preset_14,MLP,42,256,"[160, 320, 640]",mean,L2,128,3,640,relu,0.2,AdamW,,0.0002,1e-07,False,,[2],"[1, 2]",[0.68794326 2.1920904  0.91725768],0.02,1.0,0.12214,2.12414,0.45455,0.42203,"[0.4878, 0.30769, 0.47059]",330,0.59285,1.41561,0.47727,0.46718,"[0.43243, 0.42857, 0.54054]",71,COMPLETED,8.453
2,20251229_131525,baseline_OUMVLP_TOP30.csv,30%,Preset_14,MLP,42,256,"[160, 320, 640]",mean,L2,128,3,640,relu,0.2,AdamW,,0.0002,1e-07,False,,[2],"[1, 2]",[0.68794326 2.1920904  0.91725768],0.02,1.0,0.12484,1.32018,0.65909,0.54074,"[0.75556, 0.2, 0.66667]",459,0.12572,1.15614,0.72727,0.66496,"[0.8, 0.46154, 0.73333]",442,COMPLETED,12.724
5,20251229_131525,gaitgl_GREW_BNNeck_TOP30.csv,30%,Preset_14,MLP,42,256,"[160, 320, 640]",mean,L2,128,3,640,relu,0.2,AdamW,,0.0002,1e-07,False,,[2],"[1, 2]",[0.68794326 2.1920904  0.91725768],0.02,1.0,0.12737,2.00732,0.45455,0.33424,"[0.56522, 0.0, 0.4375]",208,0.138,1.92459,0.54545,0.45879,"[0.6087, 0.22222, 0.54545]",184,COMPLETED,5.853
4,20251229_131525,gaitgl_GREW_TOP30.csv,30%,Preset_14,MLP,42,256,"[160, 320, 640]",mean,L2,128,3,640,relu,0.2,AdamW,,0.0002,1e-07,False,,[2],"[1, 2]",[0.68794326 2.1920904  0.91725768],0.02,1.0,0.12097,2.49061,0.43182,0.34314,"[0.5, 0.0, 0.52941]",293,0.46854,1.75183,0.54545,0.46117,"[0.60465, 0.15385, 0.625]",85,COMPLETED,8.071
6,20251229_131525,gaitgl_OUMVLP_TOP30.csv,30%,Preset_14,MLP,42,256,"[160, 320, 640]",mean,L2,128,3,640,relu,0.2,AdamW,,0.0002,1e-07,False,,[2],"[1, 2]",[0.68794326 2.1920904  0.91725768],0.02,1.0,0.12562,2.39532,0.5,0.43928,"[0.65116, 0.26667, 0.4]",959,0.49653,2.0529,0.54545,0.53466,"[0.61905, 0.53333, 0.45161]",306,COMPLETED,25.985
3,20251229_131525,gaitgl_TOP30.csv,30%,Preset_14,MLP,42,128,"[160, 320, 640]",mean,L2,128,3,640,relu,0.2,AdamW,,0.0002,1e-07,False,,[2],"[1, 2]",[0.68794326 2.1920904  0.91725768],0.02,1.0,0.12659,1.79961,0.54545,0.45351,"[0.6383, 0.22222, 0.5]",207,0.26668,1.7567,0.56818,0.45888,"[0.69388, 0.2, 0.48276]",84,COMPLETED,5.583
7,20251229_131525,gaitpart_GREW_TOP30.csv,30%,Preset_14,MLP,42,256,"[160, 320, 640]",mean,L2,128,3,640,relu,0.2,AdamW,,0.0002,1e-07,False,,[2],"[1, 2]",[0.68794326 2.1920904  0.91725768],0.02,1.0,0.12764,2.24619,0.43182,0.3627,"[0.55814, 0.14286, 0.3871]",414,0.68114,1.28825,0.56818,0.55302,"[0.65, 0.52632, 0.48276]",79,COMPLETED,11.127
8,20251229_131525,gaitpart_OUMVLP_TOP30.csv,30%,Preset_14,MLP,42,256,"[160, 320, 640]",mean,L2,128,3,640,relu,0.2,AdamW,,0.0002,1e-07,False,,[2],"[1, 2]",[0.68794326 2.1920904  0.91725768],0.02,1.0,0.16553,1.92555,0.52273,0.47673,"[0.68293, 0.28571, 0.46154]",1428,0.19579,1.51106,0.68182,0.63704,"[0.8, 0.44444, 0.66667]",1328,STOPPED,38.656
10,20251229_131525,gaitset_GREW_TOP30.csv,30%,Preset_14,MLP,42,256,"[160, 320, 640]",mean,L2,128,3,640,relu,0.2,AdamW,,0.0002,1e-07,False,,[2],"[1, 2]",[0.68794326 2.1920904  0.91725768],0.02,1.0,0.12499,1.90247,0.52273,0.3661,"[0.65385, 0.0, 0.44444]",309,0.15456,1.75836,0.56818,0.5276,"[0.66667, 0.4, 0.51613]",262,COMPLETED,8.45
11,20251229_131525,gaitset_OUMVLP_TOP30.csv,30%,Preset_14,MLP,42,256,"[160, 320, 640]",mean,L2,128,3,640,relu,0.2,AdamW,,0.0002,1e-07,False,,[2],"[1, 2]",[0.68794326 2.1920904  0.91725768],0.02,1.0,0.1572,2.66066,0.40909,0.34181,"[0.52174, 0.13333, 0.37037]",1012,0.20091,2.74262,0.47727,0.43554,"[0.52381, 0.26667, 0.51613]",912,STOPPED,27.597
9,20251229_131525,gaitset_TOP30.csv,30%,Preset_14,MLP,42,256,"[160, 320, 640]",mean,L2,128,3,640,relu,0.2,AdamW,,0.0002,1e-07,False,,[2],"[1, 2]",[0.68794326 2.1920904  0.91725768],0.02,1.0,0.12746,1.78696,0.43182,0.42443,"[0.46154, 0.4, 0.41176]",330,0.14216,1.79524,0.52273,0.51667,"[0.55, 0.5, 0.5]",252,COMPLETED,9.042
12,20251229_131525,gln_phase1_TOP30.csv,30%,Preset_14,MLP,42,256,"[160, 320, 640]",mean,L2,128,3,640,relu,0.2,AdamW,,0.0002,1e-07,False,,[2],"[1, 2]",[0.68794326 2.1920904  0.91725768],0.02,1.0,0.12864,1.43458,0.47727,0.35325,"[0.54545, 0.0, 0.51429]",283,0.65401,1.01866,0.59091,0.58859,"[0.52941, 0.6, 0.63636]",57,COMPLETED,7.689
13,20251229_131525,gln_phase2_TOP30.csv,30%,Preset_14,MLP,42,256,"[160, 320, 640]",mean,L2,128,3,640,relu,0.2,AdamW,,0.0002,1e-07,False,,[2],"[1, 2]",[0.68794326 2.1920904  0.91725768],0.02,1.0,0.12857,1.80551,0.5,0.41404,"[0.6087, 0.18182, 0.45161]",349,0.13592,1.59391,0.61364,0.50254,"[0.70588, 0.25, 0.55172]",342,COMPLETED,9.713
508,20251229_131525,baseline_CASIAB_TOP30.csv,30%,Preset_15,MLP,42,35,"[576, 384, 192]",mean,minmax,96,3,576,elu,0.5,RMSprop,,0.0002,5e-05,True,0.8,[2],"[1, 3]",[0.68794326 2.1920904  0.91725768],0.02,1.0,0.12637,2.05612,0.43182,0.40777,"[0.5, 0.35294, 0.37037]",679,0.24791,2.13368,0.54545,0.53596,"[0.59574, 0.54545, 0.46667]",253,COMPLETED,19.81
509,20251229_131525,baseline_OUMVLP_TOP30.csv,30%,Preset_15,MLP,42,35,"[576, 384, 192]",mean,minmax,96,3,576,elu,0.5,RMSprop,,0.0002,5e-05,True,0.8,[2],"[1, 3]",[0.68794326 2.1920904  0.91725768],0.02,1.0,0.12792,2.41118,0.36364,0.35274,"[0.3125, 0.26087, 0.48485]",685,0.41762,1.57179,0.52273,0.50572,"[0.55556, 0.38095, 0.58065]",160,COMPLETED,19.943
512,20251229_131525,gaitgl_GREW_BNNeck_TOP30.csv,30%,Preset_15,MLP,42,53,"[576, 384, 192]",mean,minmax,96,3,576,elu,0.5,RMSprop,,0.0002,5e-05,True,0.8,[2],"[1, 3]",[0.68794326 2.1920904  0.91725768],0.02,1.0,0.12565,2.48615,0.45455,0.38506,"[0.52174, 0.18182, 0.45161]",478,0.48319,1.55184,0.5,0.45417,"[0.55, 0.25, 0.5625]",116,COMPLETED,14.008
511,20251229_131525,gaitgl_GREW_TOP30.csv,30%,Preset_15,MLP,42,75,"[576, 384, 192]",mean,minmax,96,3,576,elu,0.5,RMSprop,,0.0002,5e-05,True,0.8,[2],"[1, 3]",[0.68794326 2.1920904  0.91725768],0.02,1.0,0.12752,2.01321,0.40909,0.31089,"[0.63636, 0.0, 0.2963]",351,0.67396,1.26289,0.54545,0.45822,"[0.65116, 0.14286, 0.58065]",57,COMPLETED,10.316
513,20251229_131525,gaitgl_OUMVLP_TOP30.csv,30%,Preset_15,MLP,42,51,"[576, 384, 192]",mean,minmax,96,3,576,elu,0.5,RMSprop,,0.0002,5e-05,True,0.8,[2],"[1, 3]",[0.68794326 2.1920904  0.91725768],0.02,1.0,0.12327,2.83988,0.36364,0.33598,"[0.42857, 0.22222, 0.35714]",527,0.69384,1.3553,0.47727,0.43778,"[0.51163, 0.25, 0.55172]",89,COMPLETED,15.449
510,20251229_131525,gaitgl_TOP30.csv,30%,Preset_15,MLP,42,40,"[576, 384, 192]",mean,minmax,96,3,576,elu,0.5,RMSprop,,0.0002,5e-05,True,0.8,[2],"[1, 3]",[0.68794326 2.1920904  0.91725768],0.02,1.0,0.12978,2.5232,0.43182,0.31667,"[0.45, 0.0, 0.5]",613,0.39587,1.71425,0.52273,0.49278,"[0.51429, 0.35294, 0.61111]",194,COMPLETED,17.832
514,20251229_131525,gaitpart_GREW_TOP30.csv,30%,Preset_15,MLP,42,53,"[576, 384, 192]",mean,minmax,96,3,576,elu,0.5,RMSprop,,0.0002,5e-05,True,0.8,[2],"[1, 3]",[0.68794326 2.1920904  0.91725768],0.02,1.0,0.1249,1.54281,0.47727,0.42328,"[0.61905, 0.22222, 0.42857]",407,0.47592,1.10576,0.61364,0.5799,"[0.69767, 0.47059, 0.57143]",89,COMPLETED,12.032
515,20251229_131525,gaitpart_OUMVLP_TOP30.csv,30%,Preset_15,MLP,42,41,"[576, 384, 192]",mean,minmax,96,3,576,elu,0.5,RMSprop,,0.0002,5e-05,True,0.8,[2],"[1, 3]",[0.68794326 2.1920904  0.91725768],0.02,1.0,0.12833,2.01582,0.43182,0.41334,"[0.5, 0.31579, 0.42424]",523,0.15659,2.17117,0.54545,0.51941,"[0.61538, 0.42857, 0.51429]",293,COMPLETED,15.443
517,20251229_131525,gaitset_GREW_TOP30.csv,30%,Preset_15,MLP,42,63,"[576, 384, 192]",mean,minmax,96,3,576,elu,0.5,RMSprop,,0.0002,5e-05,True,0.8,[2],"[1, 3]",[0.68794326 2.1920904  0.91725768],0.02,1.0,0.1275,2.15166,0.43182,0.35578,"[0.59091, 0.15385, 0.32258]",300,0.73836,1.31331,0.5,0.47066,"[0.58537, 0.375, 0.45161]",44,COMPLETED,8.825
518,20251229_131525,gaitset_OUMVLP_TOP30.csv,30%,Preset_15,MLP,42,45,"[576, 384, 192]",mean,minmax,96,3,576,elu,0.5,RMSprop,,0.0002,5e-05,True,0.8,[2],"[1, 3]",[0.68794326 2.1920904  0.91725768],0.02,1.0,0.1264,2.02227,0.52273,0.44047,"[0.63636, 0.13333, 0.55172]",523,0.15736,2.34456,0.59091,0.48438,"[0.69388, 0.16667, 0.59259]",351,COMPLETED,15.475
516,20251229_131525,gaitset_TOP30.csv,30%,Preset_15,MLP,42,30,"[576, 384, 192]",mean,minmax,96,3,576,elu,0.5,RMSprop,,0.0002,5e-05,True,0.8,[2],"[1, 3]",[0.68794326 2.1920904  0.91725768],0.02,1.0,0.127,1.7024,0.47727,0.45322,"[0.52632, 0.33333, 0.5]",844,0.12888,1.58965,0.54545,0.51672,"[0.59459, 0.4, 0.55556]",838,COMPLETED,24.939
519,20251229_131525,gln_phase1_TOP30.csv,30%,Preset_15,MLP,42,41,"[576, 384, 192]",mean,minmax,96,3,576,elu,0.5,RMSprop,,0.0002,5e-05,True,0.8,[2],"[1, 3]",[0.68794326 2.1920904  0.91725768],0.02,1.0,0.12863,1.67325,0.47727,0.42831,"[0.65, 0.19048, 0.44444]",569,0.21786,1.73487,0.59091,0.5614,"[0.68421, 0.4, 0.6]",254,COMPLETED,16.558
520,20251229_131525,gln_phase2_TOP30.csv,30%,Preset_15,MLP,42,44,"[576, 384, 192]",mean,minmax,96,3,576,elu,0.5,RMSprop,,0.0002,5e-05,True,0.8,[2],"[1, 3]",[0.68794326 2.1920904  0.91725768],0.02,1.0,0.1291,2.369,0.40909,0.3247,"[0.53659, 0.0, 0.4375]",563,0.68201,1.20572,0.52273,0.51264,"[0.51282, 0.44444, 0.58065]",65,COMPLETED,16.563
430,20251229_131525,baseline_CASIAB_TOP30.csv,30%,Preset_16,MLP,42,256,"[1408, 1024, 768, 512]",mean,L2,128,4,1408,silu,0.45,AdamW,,0.0002,5e-06,False,,"[1, 2, 3, 4]","[2, 3, 4]",[0.68794326 2.1920904  0.91725768],0.02,1.0,0.12213,2.40517,0.47727,0.30213,"[0.62069, 0.0, 0.28571]",79,0.17838,2.42848,0.54545,0.44532,"[0.64151, 0.25, 0.44444]",58,COMPLETED,2.672
431,20251229_131525,baseline_OUMVLP_TOP30.csv,30%,Preset_16,MLP,42,256,"[1408, 1024, 768, 512]",mean,L2,128,4,1408,silu,0.45,AdamW,,0.0002,5e-06,False,,"[1, 2, 3, 4]","[2, 3, 4]",[0.68794326 2.1920904  0.91725768],0.02,1.0,0.12409,2.52609,0.45455,0.38333,"[0.375, 0.125, 0.65]",91,0.16553,1.84752,0.61364,0.54701,"[0.66667, 0.30769, 0.66667]",84,COMPLETED,3.028
434,20251229_131525,gaitgl_GREW_BNNeck_TOP30.csv,30%,Preset_16,MLP,42,256,"[1408, 1024, 768, 512]",mean,L2,128,4,1408,silu,0.45,AdamW,,0.0002,5e-06,False,,"[1, 2, 3, 4]","[2, 3, 4]",[0.68794326 2.1920904  0.91725768],0.02,1.0,0.12533,3.44403,0.36364,0.31212,"[0.30303, 0.13333, 0.5]",57,0.17036,2.71334,0.56818,0.49695,"[0.66667, 0.28571, 0.53846]",49,COMPLETED,1.967
433,20251229_131525,gaitgl_GREW_TOP30.csv,30%,Preset_16,MLP,42,256,"[1408, 1024, 768, 512]",mean,L2,128,4,1408,silu,0.45,AdamW,,0.0002,5e-06,False,,"[1, 2, 3, 4]","[2, 3, 4]",[0.68794326 2.1920904  0.91725768],0.02,1.0,0.11152,2.8597,0.38636,0.29167,"[0.5, 0.0, 0.375]",80,0.61988,1.61486,0.52273,0.44246,"[0.59459, 0.15385, 0.57895]",41,COMPLETED,2.579
435,20251229_131525,gaitgl_OUMVLP_TOP30.csv,30%,Preset_16,MLP,42,256,"[1408, 1024, 768, 512]",mean,L2,128,4,1408,silu,0.45,AdamW,,0.0002,5e-06,False,,"[1, 2, 3, 4]","[2, 3, 4]",[0.68794326 2.1920904  0.91725768],0.02,1.0,0.11904,2.85355,0.45455,0.39691,"[0.58824, 0.42857, 0.17391]",234,0.61657,1.99819,0.56818,0.51093,"[0.61905, 0.30769, 0.60606]",176,COMPLETED,7.697
432,20251229_131525,gaitgl_TOP30.csv,30%,Preset_16,MLP,42,128,"[1408, 1024, 768, 512]",mean,L2,128,4,1408,silu,0.45,AdamW,,0.0002,5e-06,False,,"[1, 2, 3, 4]","[2, 3, 4]",[0.68794326 2.1920904  0.91725768],0.02,1.0,0.11315,2.18274,0.54545,0.51941,"[0.61538, 0.42857, 0.51429]",65,0.16995,2.02499,0.61364,0.58574,"[0.65116, 0.5, 0.60606]",50,COMPLETED,2.227
436,20251229_131525,gaitpart_GREW_TOP30.csv,30%,Preset_16,MLP,42,256,"[1408, 1024, 768, 512]",mean,L2,128,4,1408,silu,0.45,AdamW,,0.0002,5e-06,False,,"[1, 2, 3, 4]","[2, 3, 4]",[0.68794326 2.1920904  0.91725768],0.02,1.0,0.12667,1.99201,0.47727,0.32946,"[0.60377, 0.0, 0.38462]",94,0.21443,1.57911,0.59091,0.59701,"[0.59459, 0.625, 0.57143]",79,COMPLETED,3.216
437,20251229_131525,gaitpart_OUMVLP_TOP30.csv,30%,Preset_16,MLP,42,256,"[1408, 1024, 768, 512]",mean,L2,128,4,1408,silu,0.45,AdamW,,0.0002,5e-06,False,,"[1, 2, 3, 4]","[2, 3, 4]",[0.68794326 2.1920904  0.91725768],0.02,1.0,0.11966,2.09034,0.54545,0.50048,"[0.66667, 0.4, 0.43478]",451,0.21538,1.77335,0.63636,0.59838,"[0.78049, 0.47619, 0.53846]",308,COMPLETED,14.453
439,20251229_131525,gaitset_GREW_TOP30.csv,30%,Preset_16,MLP,42,256,"[1408, 1024, 768, 512]",mean,L2,128,4,1408,silu,0.45,AdamW,,0.0002,5e-06,False,,"[1, 2, 3, 4]","[2, 3, 4]",[0.68794326 2.1920904  0.91725768],0.02,1.0,0.11231,2.0593,0.47727,0.3543,"[0.53659, 0.0, 0.52632]",91,0.12259,2.2764,0.5,0.47221,"[0.57143, 0.31579, 0.52941]",80,COMPLETED,2.968
440,20251229_131525,gaitset_OUMVLP_TOP30.csv,30%,Preset_16,MLP,42,256,"[1408, 1024, 768, 512]",mean,L2,128,4,1408,silu,0.45,AdamW,,0.0002,5e-06,False,,"[1, 2, 3, 4]","[2, 3, 4]",[0.68794326 2.1920904  0.91725768],0.02,1.0,0.10558,2.56155,0.40909,0.33072,"[0.53061, 0.15385, 0.30769]",311,0.25276,1.89548,0.54545,0.4588,"[0.6, 0.18182, 0.59459]",216,COMPLETED,10.042
438,20251229_131525,gaitset_TOP30.csv,30%,Preset_16,MLP,42,256,"[1408, 1024, 768, 512]",mean,L2,128,4,1408,silu,0.45,AdamW,,0.0002,5e-06,False,,"[1, 2, 3, 4]","[2, 3, 4]",[0.68794326 2.1920904  0.91725768],0.02,1.0,0.11737,2.66871,0.43182,0.35547,"[0.55319, 0.14286, 0.37037]",69,0.12963,2.40574,0.5,0.47691,"[0.52632, 0.375, 0.52941]",65,COMPLETED,2.422
441,20251229_131525,gln_phase1_TOP30.csv,30%,Preset_16,MLP,42,256,"[1408, 1024, 768, 512]",mean,L2,128,4,1408,silu,0.45,AdamW,,0.0002,5e-06,False,,"[1, 2, 3, 4]","[2, 3, 4]",[0.68794326 2.1920904  0.91725768],0.02,1.0,0.11139,2.36271,0.52273,0.46879,"[0.60465, 0.25, 0.55172]",75,0.19424,2.6101,0.54545,0.53986,"[0.64706, 0.35714, 0.61538]",54,COMPLETED,2.53
442,20251229_131525,gln_phase2_TOP30.csv,30%,Preset_16,MLP,42,256,"[1408, 1024, 768, 512]",mean,L2,128,4,1408,silu,0.45,AdamW,,0.0002,5e-06,False,,"[1, 2, 3, 4]","[2, 3, 4]",[0.68794326 2.1920904  0.91725768],0.02,1.0,0.11058,2.5733,0.47727,0.40663,"[0.52381, 0.16667, 0.52941]",75,0.15409,2.30127,0.59091,0.46691,"[0.71698, 0.22222, 0.46154]",65,COMPLETED,2.517
937,20251229_131525,baseline_CASIAB_TOP30.csv,30%,Preset_17,MLP,42,25,"[640, 384, 256]",max,,80,3,640,gelu,0.35,Adam,,0.0001,1e-06,True,0.75,[1],"[1, 2]",[0.68794326 2.1920904  0.91725768],0.02,1.0,0.12539,1.57644,0.47727,0.35,"[0.58333, 0.0, 0.46667]",717,0.23808,1.66823,0.54545,0.48655,"[0.62222, 0.28571, 0.55172]",300,COMPLETED,21.159
938,20251229_131525,baseline_OUMVLP_TOP30.csv,30%,Preset_17,MLP,42,34,"[640, 384, 256]",max,,80,3,640,gelu,0.35,Adam,,0.0001,1e-06,True,0.75,[1],"[1, 2]",[0.68794326 2.1920904  0.91725768],0.02,1.0,0.12704,1.69197,0.43182,0.40128,"[0.44444, 0.28571, 0.47368]",490,0.22895,1.68144,0.45455,0.45015,"[0.4, 0.42105, 0.52941]",184,COMPLETED,14.826
941,20251229_131525,gaitgl_GREW_BNNeck_TOP30.csv,30%,Preset_17,MLP,42,51,"[640, 384, 256]",max,,80,3,640,gelu,0.35,Adam,,0.0001,1e-06,True,0.75,[1],"[1, 2]",[0.68794326 2.1920904  0.91725768],0.02,1.0,0.12901,1.36188,0.54545,0.48937,"[0.6087, 0.30769, 0.55172]",354,0.13818,1.37322,0.56818,0.53983,"[0.59091, 0.42857, 0.6]",248,COMPLETED,10.762
940,20251229_131525,gaitgl_GREW_TOP30.csv,30%,Preset_17,MLP,42,81,"[640, 384, 256]",max,,80,3,640,gelu,0.35,Adam,,0.0001,1e-06,True,0.75,[1],"[1, 2]",[0.68794326 2.1920904  0.91725768],0.02,1.0,0.12752,1.82014,0.40909,0.2844,"[0.53061, 0.0, 0.32258]",220,0.58285,1.15619,0.47727,0.46496,"[0.53333, 0.46154, 0.4]",33,COMPLETED,6.858
942,20251229_131525,gaitgl_OUMVLP_TOP30.csv,30%,Preset_17,MLP,42,21,"[640, 384, 256]",max,,80,3,640,gelu,0.35,Adam,,0.0001,1e-06,True,0.75,[1],"[1, 2]",[0.68794326 2.1920904  0.91725768],0.02,1.0,0.14286,2.52719,0.40909,0.37818,"[0.52381, 0.30769, 0.30303]",901,0.43939,1.66407,0.5,0.45275,"[0.61538, 0.28571, 0.45714]",222,STOPPED,27.489
939,20251229_131525,gaitgl_TOP30.csv,30%,Preset_17,MLP,42,46,"[640, 384, 256]",max,,80,3,640,gelu,0.35,Adam,,0.0001,1e-06,True,0.75,[1],"[1, 2]",[0.68794326 2.1920904  0.91725768],0.02,1.0,0.12976,1.90361,0.45455,0.37729,"[0.56522, 0.16667, 0.4]",322,0.69669,1.20591,0.52273,0.42924,"[0.6383, 0.16667, 0.48276]",38,COMPLETED,10.078
943,20251229_131525,gaitpart_GREW_TOP30.csv,30%,Preset_17,MLP,42,49,"[640, 384, 256]",max,,80,3,640,gelu,0.35,Adam,,0.0001,1e-06,True,0.75,[1],"[1, 2]",[0.68794326 2.1920904  0.91725768],0.02,1.0,0.12498,1.76383,0.5,0.40833,"[0.625, 0.2, 0.4]",371,0.21076,1.72352,0.56818,0.54035,"[0.6383, 0.5, 0.48276]",161,COMPLETED,11.641
944,20251229_131525,gaitpart_OUMVLP_TOP30.csv,30%,Preset_17,MLP,42,25,"[640, 384, 256]",max,,80,3,640,gelu,0.35,Adam,,0.0001,1e-06,True,0.75,[1],"[1, 2]",[0.68794326 2.1920904  0.91725768],0.02,1.0,0.12943,1.61907,0.47727,0.35203,"[0.51064, 0.0, 0.54545]",598,0.62445,1.08234,0.52273,0.47291,"[0.57143, 0.26667, 0.58065]",77,COMPLETED,17.716
946,20251229_131525,gaitset_GREW_TOP30.csv,30%,Preset_17,MLP,42,48,"[640, 384, 256]",max,,80,3,640,gelu,0.35,Adam,,0.0001,1e-06,True,0.75,[1],"[1, 2]",[0.68794326 2.1920904  0.91725768],0.02,1.0,0.12293,1.85869,0.5,0.45845,"[0.57143, 0.33333, 0.47059]",376,0.50622,1.43572,0.54545,0.49132,"[0.6, 0.28571, 0.58824]",74,COMPLETED,11.476
947,20251229_131525,gaitset_OUMVLP_TOP30.csv,30%,Preset_17,MLP,42,26,"[640, 384, 256]",max,,80,3,640,gelu,0.35,Adam,,0.0001,1e-06,True,0.75,[1],"[1, 2]",[0.68794326 2.1920904  0.91725768],0.02,1.0,0.12598,1.79692,0.45455,0.33939,"[0.53333, 0.0, 0.48485]",647,0.44778,1.57257,0.5,0.42456,"[0.58537, 0.14286, 0.54545]",130,COMPLETED,19.27
945,20251229_131525,gaitset_TOP30.csv,30%,Preset_17,MLP,42,28,"[640, 384, 256]",max,,80,3,640,gelu,0.35,Adam,,0.0001,1e-06,True,0.75,[1],"[1, 2]",[0.68794326 2.1920904  0.91725768],0.02,1.0,0.1288,1.7847,0.5,0.48182,"[0.5, 0.4, 0.54545]",654,0.13472,1.82274,0.52273,0.50095,"[0.55814, 0.42857, 0.51613]",581,COMPLETED,19.812
948,20251229_131525,gln_phase1_TOP30.csv,30%,Preset_17,MLP,42,32,"[640, 384, 256]",max,,80,3,640,gelu,0.35,Adam,,0.0001,1e-06,True,0.75,[1],"[1, 2]",[0.68794326 2.1920904  0.91725768],0.02,1.0,0.12917,1.64152,0.5,0.39286,"[0.55, 0.0, 0.62857]",473,0.25459,1.55278,0.54545,0.46011,"[0.61538, 0.15385, 0.61111]",165,COMPLETED,14.185
949,20251229_131525,gln_phase2_TOP30.csv,30%,Preset_17,MLP,42,27,"[640, 384, 256]",max,,80,3,640,gelu,0.35,Adam,,0.0001,1e-06,True,0.75,[1],"[1, 2]",[0.68794326 2.1920904  0.91725768],0.02,1.0,0.12907,1.71499,0.5,0.38623,"[0.5641, 0.0, 0.59459]",602,0.64999,1.12928,0.54545,0.49091,"[0.6, 0.26667, 0.60606]",69,COMPLETED,17.861
404,20251229_131525,baseline_CASIAB_TOP30.csv,30%,Preset_18,MLP,42,22,"[896, 512, 256]",mean,minmax,64,3,896,silu,0.4,RMSprop,,8e-05,5e-05,True,0.7,"[1, 2]","[1, 2, 3]",[0.68794326 2.1920904  0.91725768],0.02,1.0,0.12726,2.32624,0.45455,0.41567,"[0.52381, 0.28571, 0.4375]",999,0.22832,2.50421,0.56818,0.53903,"[0.62222, 0.46154, 0.53333]",310,COMPLETED,38.118
405,20251229_131525,baseline_OUMVLP_TOP30.csv,30%,Preset_18,MLP,42,21,"[896, 512, 256]",mean,minmax,64,3,896,silu,0.4,RMSprop,,8e-05,5e-05,True,0.7,"[1, 2]","[1, 2, 3]",[0.68794326 2.1920904  0.91725768],0.02,1.0,0.12821,1.99814,0.40909,0.3125,"[0.5, 0.0, 0.4375]",1074,0.2674,1.88372,0.5,0.41026,"[0.5641, 0.0, 0.66667]",303,COMPLETED,40.519
408,20251229_131525,gaitgl_GREW_BNNeck_TOP30.csv,30%,Preset_18,MLP,42,33,"[896, 512, 256]",mean,minmax,64,3,896,silu,0.4,RMSprop,,8e-05,5e-05,True,0.7,"[1, 2]","[1, 2, 3]",[0.68794326 2.1920904  0.91725768],0.02,1.0,0.13171,2.27082,0.47727,0.3526,"[0.54167, 0.0, 0.51613]",589,0.63884,1.38112,0.47727,0.40972,"[0.52381, 0.14286, 0.5625]",59,STOPPED,22.252
407,20251229_131525,gaitgl_GREW_TOP30.csv,30%,Preset_18,MLP,42,48,"[896, 512, 256]",mean,minmax,64,3,896,silu,0.4,RMSprop,,8e-05,5e-05,True,0.7,"[1, 2]","[1, 2, 3]",[0.68794326 2.1920904  0.91725768],0.02,1.0,0.12707,2.09566,0.43182,0.31773,"[0.55319, 0.0, 0.4]",483,0.25918,1.98289,0.47727,0.42379,"[0.59091, 0.26667, 0.41379]",151,COMPLETED,18.631
409,20251229_131525,gaitgl_OUMVLP_TOP30.csv,30%,Preset_18,MLP,42,27,"[896, 512, 256]",mean,minmax,64,3,896,silu,0.4,RMSprop,,8e-05,5e-05,True,0.7,"[1, 2]","[1, 2, 3]",[0.68794326 2.1920904  0.91725768],0.02,1.0,0.12912,2.35184,0.5,0.45877,"[0.55814, 0.33333, 0.48485]",1051,0.25749,2.11854,0.54545,0.52286,"[0.59091, 0.46154, 0.51613]",336,COMPLETED,39.928
406,20251229_131525,gaitgl_TOP30.csv,30%,Preset_18,MLP,42,25,"[896, 512, 256]",mean,minmax,64,3,896,silu,0.4,RMSprop,,8e-05,5e-05,True,0.7,"[1, 2]","[1, 2, 3]",[0.68794326 2.1920904  0.91725768],0.02,1.0,0.14101,2.5965,0.45455,0.39076,"[0.47619, 0.18182, 0.51429]",823,0.64423,1.69413,0.43182,0.41334,"[0.42424, 0.31579, 0.5]",106,STOPPED,31.292
410,20251229_131525,gaitpart_GREW_TOP30.csv,30%,Preset_18,MLP,42,35,"[896, 512, 256]",mean,minmax,64,3,896,silu,0.4,RMSprop,,8e-05,5e-05,True,0.7,"[1, 2]","[1, 2, 3]",[0.68794326 2.1920904  0.91725768],0.02,1.0,0.12523,1.87545,0.5,0.43849,"[0.625, 0.33333, 0.35714]",547,0.54276,1.16394,0.61364,0.59027,"[0.68085, 0.57143, 0.51852]",63,COMPLETED,20.775
411,20251229_131525,gaitpart_OUMVLP_TOP30.csv,30%,Preset_18,MLP,42,26,"[896, 512, 256]",mean,minmax,64,3,896,silu,0.4,RMSprop,,8e-05,5e-05,True,0.7,"[1, 2]","[1, 2, 3]",[0.68794326 2.1920904  0.91725768],0.02,1.0,0.12909,1.78869,0.61364,0.55991,"[0.65116, 0.4, 0.62857]",738,0.14886,1.89568,0.63636,0.57778,"[0.66667, 0.4, 0.66667]",431,COMPLETED,28.13
413,20251229_131525,gaitset_GREW_TOP30.csv,30%,Preset_18,MLP,42,41,"[896, 512, 256]",mean,minmax,64,3,896,silu,0.4,RMSprop,,8e-05,5e-05,True,0.7,"[1, 2]","[1, 2, 3]",[0.68794326 2.1920904  0.91725768],0.02,1.0,0.12808,2.07474,0.47727,0.39818,"[0.6087, 0.22222, 0.36364]",435,0.26211,1.82601,0.54545,0.52824,"[0.65217, 0.54545, 0.3871]",113,COMPLETED,16.588
414,20251229_131525,gaitset_OUMVLP_TOP30.csv,30%,Preset_18,MLP,42,27,"[896, 512, 256]",mean,minmax,64,3,896,silu,0.4,RMSprop,,8e-05,5e-05,True,0.7,"[1, 2]","[1, 2, 3]",[0.68794326 2.1920904  0.91725768],0.02,1.0,0.12523,1.71385,0.54545,0.41414,"[0.63636, 0.0, 0.60606]",787,0.1734,2.06018,0.61364,0.51111,"[0.66667, 0.2, 0.66667]",394,COMPLETED,34.404
412,20251229_131525,gaitset_TOP30.csv,30%,Preset_18,MLP,42,18,"[896, 512, 256]",mean,minmax,64,3,896,silu,0.4,RMSprop,,8e-05,5e-05,True,0.7,"[1, 2]","[1, 2, 3]",[0.68794326 2.1920904  0.91725768],0.02,1.0,0.17047,1.72141,0.5,0.45133,"[0.58537, 0.23529, 0.53333]",804,0.17596,1.82011,0.56818,0.53454,"[0.61538, 0.4, 0.58824]",655,STOPPED,41.56
415,20251229_131525,gln_phase1_TOP30.csv,30%,Preset_18,MLP,42,24,"[896, 512, 256]",mean,minmax,64,3,896,silu,0.4,RMSprop,,8e-05,5e-05,True,0.7,"[1, 2]","[1, 2, 3]",[0.68794326 2.1920904  0.91725768],0.02,1.0,0.12996,1.46335,0.52273,0.43945,"[0.61905, 0.15385, 0.54545]",888,0.22041,1.54932,0.61364,0.58877,"[0.64865, 0.47059, 0.64706]",338,COMPLETED,45.193
416,20251229_131525,gln_phase2_TOP30.csv,30%,Preset_18,MLP,42,25,"[896, 512, 256]",mean,minmax,64,3,896,silu,0.4,RMSprop,,8e-05,5e-05,True,0.7,"[1, 2]","[1, 2, 3]",[0.68794326 2.1920904  0.91725768],0.02,1.0,0.12601,1.63951,0.45455,0.35088,"[0.47368, 0.0, 0.57895]",916,0.14089,1.88093,0.56818,0.51161,"[0.57895, 0.25, 0.70588]",704,COMPLETED,47.764
1184,20251229_131525,baseline_CASIAB_TOP30.csv,30%,Preset_19,MLP,42,22,"[640, 448, 256]",mean,minmax,96,3,640,gelu,0.35,Adam,,0.00015,1e-06,True,0.7,[2],"[1, 2]",[0.68794326 2.1920904  0.91725768],0.02,1.0,0.12617,2.17102,0.45455,0.41946,"[0.4878, 0.28571, 0.48485]",777,0.17306,2.56948,0.52273,0.51412,"[0.52632, 0.47059, 0.54545]",329,COMPLETED,28.678
1185,20251229_131525,baseline_OUMVLP_TOP30.csv,30%,Preset_19,MLP,42,21,"[640, 448, 256]",mean,minmax,96,3,640,gelu,0.35,Adam,,0.00015,1e-06,True,0.7,[2],"[1, 2]",[0.68794326 2.1920904  0.91725768],0.02,1.0,0.12971,1.77352,0.45455,0.3621,"[0.52381, 0.0, 0.5625]",789,0.29362,1.69249,0.52273,0.45648,"[0.57778, 0.125, 0.66667]",166,COMPLETED,29.583
1188,20251229_131525,gaitgl_GREW_BNNeck_TOP30.csv,30%,Preset_19,MLP,42,33,"[640, 448, 256]",mean,minmax,96,3,640,gelu,0.35,Adam,,0.00015,1e-06,True,0.7,[2],"[1, 2]",[0.68794326 2.1920904  0.91725768],0.02,1.0,0.12917,2.02766,0.5,0.38384,"[0.54545, 0.0, 0.60606]",573,0.69463,1.31187,0.5,0.47917,"[0.5, 0.375, 0.5625]",35,COMPLETED,21.444
1187,20251229_131525,gaitgl_GREW_TOP30.csv,30%,Preset_19,MLP,42,48,"[640, 448, 256]",mean,minmax,96,3,640,gelu,0.35,Adam,,0.00015,1e-06,True,0.7,[2],"[1, 2]",[0.68794326 2.1920904  0.91725768],0.02,1.0,0.12986,2.20424,0.31818,0.25397,"[0.47619, 0.0, 0.28571]",373,0.34236,1.65393,0.52273,0.43013,"[0.74419, 0.11765, 0.42857]",81,COMPLETED,14.243
1189,20251229_131525,gaitgl_OUMVLP_TOP30.csv,30%,Preset_19,MLP,42,27,"[640, 448, 256]",mean,minmax,96,3,640,gelu,0.35,Adam,,0.00015,1e-06,True,0.7,[2],"[1, 2]",[0.68794326 2.1920904  0.91725768],0.02,1.0,0.12536,2.54267,0.45455,0.38364,"[0.54545, 0.15385, 0.45161]",742,0.13822,2.50313,0.52273,0.49044,"[0.60465, 0.4, 0.46667]",619,COMPLETED,28.227
1186,20251229_131525,gaitgl_TOP30.csv,30%,Preset_19,MLP,42,25,"[640, 448, 256]",mean,minmax,96,3,640,gelu,0.35,Adam,,0.00015,1e-06,True,0.7,[2],"[1, 2]",[0.68794326 2.1920904  0.91725768],0.02,1.0,0.12647,2.44481,0.43182,0.37156,"[0.46154, 0.16667, 0.48649]",781,0.15154,2.54485,0.47727,0.44421,"[0.51282, 0.33333, 0.48649]",576,COMPLETED,29.537
1190,20251229_131525,gaitpart_GREW_TOP30.csv,30%,Preset_19,MLP,42,35,"[640, 448, 256]",mean,minmax,96,3,640,gelu,0.35,Adam,,0.00015,1e-06,True,0.7,[2],"[1, 2]",[0.68794326 2.1920904  0.91725768],0.02,1.0,0.12998,2.06605,0.47727,0.45031,"[0.56522, 0.42857, 0.35714]",437,0.68818,1.07326,0.56818,0.54712,"[0.61905, 0.47059, 0.55172]",29,COMPLETED,16.683
1191,20251229_131525,gaitpart_OUMVLP_TOP30.csv,30%,Preset_19,MLP,42,26,"[640, 448, 256]",mean,minmax,96,3,640,gelu,0.35,Adam,,0.00015,1e-06,True,0.7,[2],"[1, 2]",[0.68794326 2.1920904  0.91725768],0.02,1.0,0.12351,1.79406,0.59091,0.5363,"[0.63415, 0.36364, 0.61111]",608,0.12587,1.89311,0.63636,0.57778,"[0.66667, 0.4, 0.66667]",580,COMPLETED,22.257
1193,20251229_131525,gaitset_GREW_TOP30.csv,30%,Preset_19,MLP,42,41,"[640, 448, 256]",mean,minmax,96,3,640,gelu,0.35,Adam,,0.00015,1e-06,True,0.7,[2],"[1, 2]",[0.68794326 2.1920904  0.91725768],0.02,1.0,0.12449,2.01445,0.43182,0.40316,"[0.53333, 0.36364, 0.3125]",356,0.18263,1.93523,0.5,0.45278,"[0.625, 0.4, 0.33333]",131,COMPLETED,13.594
1194,20251229_131525,gaitset_OUMVLP_TOP30.csv,30%,Preset_19,MLP,42,27,"[640, 448, 256]",mean,minmax,96,3,640,gelu,0.35,Adam,,0.00015,1e-06,True,0.7,[2],"[1, 2]",[0.68794326 2.1920904  0.91725768],0.02,1.0,0.12328,1.6559,0.5,0.37945,"[0.62222, 0.0, 0.51613]",634,0.15536,1.86976,0.56818,0.47133,"[0.66667, 0.16667, 0.58065]",385,COMPLETED,23.746
1192,20251229_131525,gaitset_TOP30.csv,30%,Preset_19,MLP,42,18,"[640, 448, 256]",mean,minmax,96,3,640,gelu,0.35,Adam,,0.00015,1e-06,True,0.7,[2],"[1, 2]",[0.68794326 2.1920904  0.91725768],0.02,1.0,0.12758,1.65964,0.5,0.43276,"[0.6, 0.11765, 0.58065]",861,0.1357,1.65132,0.59091,0.52915,"[0.63158, 0.25, 0.70588]",749,COMPLETED,33.203
1195,20251229_131525,gln_phase1_TOP30.csv,30%,Preset_19,MLP,42,24,"[640, 448, 256]",mean,minmax,96,3,640,gelu,0.35,Adam,,0.00015,1e-06,True,0.7,[2],"[1, 2]",[0.68794326 2.1920904  0.91725768],0.02,1.0,0.12985,1.65043,0.52273,0.44565,"[0.61538, 0.13333, 0.58824]",686,0.47883,1.10097,0.63636,0.60566,"[0.66667, 0.44444, 0.70588]",85,COMPLETED,26.057
1196,20251229_131525,gln_phase2_TOP30.csv,30%,Preset_19,MLP,42,25,"[640, 448, 256]",mean,minmax,96,3,640,gelu,0.35,Adam,,0.00015,1e-06,True,0.7,[2],"[1, 2]",[0.68794326 2.1920904  0.91725768],0.02,1.0,0.12978,1.97183,0.5,0.45417,"[0.55, 0.25, 0.5625]",691,0.72483,1.11043,0.54545,0.51191,"[0.42424, 0.42857, 0.68293]",35,COMPLETED,25.447
1548,20251229_131525,baseline_CASIAB_TOP30.csv,30%,Preset_20,MLP,42,256,"[384, 192, 96]",mean,L2,64,3,384,relu,0.35,RMSprop,,9e-05,5e-05,False,,[2],"[1, 2]",[0.68794326 2.1920904  0.91725768],0.02,1.0,0.12814,2.09331,0.45455,0.3782,"[0.57778, 0.18182, 0.375]",345,0.63741,1.35184,0.52273,0.46815,"[0.61224, 0.36364, 0.42857]",105,COMPLETED,15.103
1549,20251229_131525,baseline_OUMVLP_TOP30.csv,30%,Preset_20,MLP,42,256,"[384, 192, 96]",mean,L2,64,3,384,relu,0.35,RMSprop,,9e-05,5e-05,False,,[2],"[1, 2]",[0.68794326 2.1920904  0.91725768],0.02,1.0,0.12292,1.18285,0.56818,0.47755,"[0.59459, 0.15385, 0.68421]",452,0.14402,1.04106,0.68182,0.56357,"[0.74419, 0.18182, 0.76471]",397,COMPLETED,21.207
1552,20251229_131525,gaitgl_GREW_BNNeck_TOP30.csv,30%,Preset_20,MLP,42,256,"[384, 192, 96]",mean,L2,64,3,384,relu,0.35,RMSprop,,9e-05,5e-05,False,,[2],"[1, 2]",[0.68794326 2.1920904  0.91725768],0.02,1.0,0.12558,2.02176,0.52273,0.47611,"[0.55814, 0.30769, 0.5625]",250,0.22171,1.87678,0.54545,0.49558,"[0.59091, 0.33333, 0.5625]",146,COMPLETED,11.782
1551,20251229_131525,gaitgl_GREW_TOP30.csv,30%,Preset_20,MLP,42,256,"[384, 192, 96]",mean,L2,64,3,384,relu,0.35,RMSprop,,9e-05,5e-05,False,,[2],"[1, 2]",[0.68794326 2.1920904  0.91725768],0.02,1.0,0.12248,2.32301,0.40909,0.35154,"[0.5, 0.14286, 0.41176]",351,0.5455,1.43563,0.56818,0.47802,"[0.63158, 0.15385, 0.64865]",127,COMPLETED,16.904
1553,20251229_131525,gaitgl_OUMVLP_TOP30.csv,30%,Preset_20,MLP,42,256,"[384, 192, 96]",mean,L2,64,3,384,relu,0.35,RMSprop,,9e-05,5e-05,False,,[2],"[1, 2]",[0.68794326 2.1920904  0.91725768],0.02,1.0,0.12702,2.1997,0.52273,0.49538,"[0.59091, 0.42857, 0.46667]",1098,0.15754,2.42366,0.54545,0.52914,"[0.60465, 0.5, 0.48276]",770,COMPLETED,52.778
1550,20251229_131525,gaitgl_TOP30.csv,30%,Preset_20,MLP,42,128,"[384, 192, 96]",mean,L2,64,3,384,relu,0.35,RMSprop,,9e-05,5e-05,False,,[2],"[1, 2]",[0.68794326 2.1920904  0.91725768],0.02,1.0,0.12376,1.8476,0.56818,0.52487,"[0.61905, 0.4, 0.55556]",290,0.30341,1.57889,0.59091,0.54291,"[0.63415, 0.4, 0.59459]",130,COMPLETED,13.151
1554,20251229_131525,gaitpart_GREW_TOP30.csv,30%,Preset_20,MLP,42,256,"[384, 192, 96]",mean,L2,64,3,384,relu,0.35,RMSprop,,9e-05,5e-05,False,,[2],"[1, 2]",[0.68794326 2.1920904  0.91725768],0.02,1.0,0.12288,1.76057,0.59091,0.52549,"[0.69767, 0.33333, 0.54545]",443,0.16379,1.65091,0.68182,0.64188,"[0.78049, 0.5, 0.64516]",334,COMPLETED,20.811
1555,20251229_131525,gaitpart_OUMVLP_TOP30.csv,30%,Preset_20,MLP,42,256,"[384, 192, 96]",mean,L2,64,3,384,relu,0.35,RMSprop,,9e-05,5e-05,False,,[2],"[1, 2]",[0.68794326 2.1920904  0.91725768],0.02,1.0,0.18871,1.24961,0.56818,0.41667,"[0.6, 0.0, 0.65]",1171,0.20363,1.17417,0.65909,0.61615,"[0.68421, 0.46154, 0.7027]",1071,STOPPED,56.204
1557,20251229_131525,gaitset_GREW_TOP30.csv,30%,Preset_20,MLP,42,256,"[384, 192, 96]",mean,L2,64,3,384,relu,0.35,RMSprop,,9e-05,5e-05,False,,[2],"[1, 2]",[0.68794326 2.1920904  0.91725768],0.02,1.0,0.12852,1.74209,0.54545,0.47237,"[0.68085, 0.30769, 0.42857]",361,0.13819,1.71772,0.61364,0.55011,"[0.70588, 0.44444, 0.5]",335,COMPLETED,16.045
1558,20251229_131525,gaitset_OUMVLP_TOP30.csv,30%,Preset_20,MLP,42,256,"[384, 192, 96]",mean,L2,64,3,384,relu,0.35,RMSprop,,9e-05,5e-05,False,,[2],"[1, 2]",[0.68794326 2.1920904  0.91725768],0.02,1.0,0.13724,2.48099,0.38636,0.34354,"[0.52381, 0.21053, 0.2963]",1110,0.19645,2.18891,0.5,0.44197,"[0.59574, 0.28571, 0.44444]",800,STOPPED,53.985
1556,20251229_131525,gaitset_TOP30.csv,30%,Preset_20,MLP,42,256,"[384, 192, 96]",mean,L2,64,3,384,relu,0.35,RMSprop,,9e-05,5e-05,False,,[2],"[1, 2]",[0.68794326 2.1920904  0.91725768],0.02,1.0,0.12261,2.12537,0.34091,0.30413,"[0.38095, 0.11765, 0.41379]",306,0.63828,1.46017,0.40909,0.39091,"[0.5, 0.27273, 0.4]",93,COMPLETED,14.278
1559,20251229_131525,gln_phase1_TOP30.csv,30%,Preset_20,MLP,42,256,"[384, 192, 96]",mean,L2,64,3,384,relu,0.35,RMSprop,,9e-05,5e-05,False,,[2],"[1, 2]",[0.68794326 2.1920904  0.91725768],0.02,1.0,0.12656,1.89417,0.5,0.36591,"[0.57143, 0.0, 0.52632]",316,0.6956,1.02811,0.61364,0.59091,"[0.60606, 0.5, 0.66667]",90,COMPLETED,14.954
1560,20251229_131525,gln_phase2_TOP30.csv,30%,Preset_20,MLP,42,256,"[384, 192, 96]",mean,L2,64,3,384,relu,0.35,RMSprop,,9e-05,5e-05,False,,[2],"[1, 2]",[0.68794326 2.1920904  0.91725768],0.02,1.0,0.12787,1.8106,0.54545,0.45445,"[0.625, 0.22222, 0.51613]",352,0.13619,1.80954,0.61364,0.50458,"[0.69231, 0.25, 0.57143]",323,COMPLETED,16.826
612,20251229_131525,baseline_CASIAB_TOP30.csv,30%,Preset_21,MLP,42,34,"[768, 512, 256]",mean,L2,88,3,768,silu,0.4,Adam,,0.0002,1e-07,True,0.8,"[1, 2, 3]","[1, 2]",[0.68794326 2.1920904  0.91725768],0.02,1.0,0.1265,2.1045,0.56818,0.51345,"[0.625, 0.36364, 0.55172]",364,0.1623,2.31938,0.54545,0.55507,"[0.56522, 0.6, 0.5]",278,COMPLETED,14.884
613,20251229_131525,baseline_OUMVLP_TOP30.csv,30%,Preset_21,MLP,42,33,"[768, 512, 256]",mean,L2,88,3,768,silu,0.4,Adam,,0.0002,1e-07,True,0.8,"[1, 2, 3]","[1, 2]",[0.68794326 2.1920904  0.91725768],0.02,1.0,0.1228,2.23088,0.47727,0.4517,"[0.53659, 0.3, 0.51852]",442,0.13204,2.04872,0.54545,0.51938,"[0.55814, 0.4, 0.6]",411,COMPLETED,18.314
616,20251229_131525,gaitgl_GREW_BNNeck_TOP30.csv,30%,Preset_21,MLP,42,53,"[768, 512, 256]",mean,L2,88,3,768,silu,0.4,Adam,,0.0002,1e-07,True,0.8,"[1, 2, 3]","[1, 2]",[0.68794326 2.1920904  0.91725768],0.02,1.0,0.12605,2.80232,0.47727,0.40725,"[0.52174, 0.16667, 0.53333]",252,0.2081,2.64678,0.56818,0.54497,"[0.61905, 0.44444, 0.57143]",169,COMPLETED,11.168
615,20251229_131525,gaitgl_GREW_TOP30.csv,30%,Preset_21,MLP,42,80,"[768, 512, 256]",mean,L2,88,3,768,silu,0.4,Adam,,0.0002,1e-07,True,0.8,"[1, 2, 3]","[1, 2]",[0.68794326 2.1920904  0.91725768],0.02,1.0,0.12864,2.4565,0.45455,0.36822,"[0.60465, 0.0, 0.5]",198,0.25444,2.17155,0.52273,0.42644,"[0.63415, 0.0, 0.64516]",138,COMPLETED,9.283
617,20251229_131525,gaitgl_OUMVLP_TOP30.csv,30%,Preset_21,MLP,42,56,"[768, 512, 256]",mean,L2,88,3,768,silu,0.4,Adam,,0.0002,1e-07,True,0.8,"[1, 2, 3]","[1, 2]",[0.68794326 2.1920904  0.91725768],0.02,1.0,0.11936,2.02289,0.59091,0.55952,"[0.63636, 0.46154, 0.58065]",440,0.14513,1.92188,0.63636,0.59855,"[0.69565, 0.5, 0.6]",396,COMPLETED,16.838
614,20251229_131525,gaitgl_TOP30.csv,30%,Preset_21,MLP,42,42,"[768, 512, 256]",mean,L2,88,3,768,silu,0.4,Adam,,0.0002,1e-07,True,0.8,"[1, 2, 3]","[1, 2]",[0.68794326 2.1920904  0.91725768],0.02,1.0,0.12871,2.64633,0.40909,0.31129,"[0.51282, 0.0, 0.42105]",277,0.2201,2.40033,0.52273,0.46824,"[0.63415, 0.28571, 0.48485]",179,COMPLETED,12.356
618,20251229_131525,gaitpart_GREW_TOP30.csv,30%,Preset_21,MLP,42,53,"[768, 512, 256]",mean,L2,88,3,768,silu,0.4,Adam,,0.0002,1e-07,True,0.8,"[1, 2, 3]","[1, 2]",[0.68794326 2.1920904  0.91725768],0.02,1.0,0.115,1.8425,0.52273,0.44824,"[0.66667, 0.30769, 0.37037]",262,0.3841,1.40444,0.59091,0.54084,"[0.72727, 0.42857, 0.46667]",157,COMPLETED,11.411
619,20251229_131525,gaitpart_OUMVLP_TOP30.csv,30%,Preset_21,MLP,42,42,"[768, 512, 256]",mean,L2,88,3,768,silu,0.4,Adam,,0.0002,1e-07,True,0.8,"[1, 2, 3]","[1, 2]",[0.68794326 2.1920904  0.91725768],0.02,1.0,0.12674,2.8386,0.43182,0.3673,"[0.52381, 0.15385, 0.42424]",585,0.62222,1.35387,0.47727,0.47168,"[0.47059, 0.44444, 0.5]",381,COMPLETED,24.128
621,20251229_131525,gaitset_GREW_TOP30.csv,30%,Preset_21,MLP,42,63,"[768, 512, 256]",mean,L2,88,3,768,silu,0.4,Adam,,0.0002,1e-07,True,0.8,"[1, 2, 3]","[1, 2]",[0.68794326 2.1920904  0.91725768],0.02,1.0,0.12887,2.33655,0.5,0.46042,"[0.63415, 0.33333, 0.41379]",203,0.2106,2.22801,0.52273,0.49459,"[0.63415, 0.42105, 0.42857]",160,COMPLETED,9.373
622,20251229_131525,gaitset_OUMVLP_TOP30.csv,30%,Preset_21,MLP,42,45,"[768, 512, 256]",mean,L2,88,3,768,silu,0.4,Adam,,0.0002,1e-07,True,0.8,"[1, 2, 3]","[1, 2]",[0.68794326 2.1920904  0.91725768],0.02,1.0,0.12775,1.89377,0.52273,0.4417,"[0.57778, 0.16667, 0.58065]",486,0.2694,1.70026,0.56818,0.48091,"[0.62222, 0.15385, 0.66667]",392,COMPLETED,21.13
620,20251229_131525,gaitset_TOP30.csv,30%,Preset_21,MLP,42,28,"[768, 512, 256]",mean,L2,88,3,768,silu,0.4,Adam,,0.0002,1e-07,True,0.8,"[1, 2, 3]","[1, 2]",[0.68794326 2.1920904  0.91725768],0.02,1.0,0.12135,1.90337,0.38636,0.37232,"[0.45714, 0.27273, 0.3871]",430,0.40037,1.59053,0.5,0.49391,"[0.54054, 0.47059, 0.47059]",179,COMPLETED,18.16
623,20251229_131525,gln_phase1_TOP30.csv,30%,Preset_21,MLP,42,39,"[768, 512, 256]",mean,L2,88,3,768,silu,0.4,Adam,,0.0002,1e-07,True,0.8,"[1, 2, 3]","[1, 2]",[0.68794326 2.1920904  0.91725768],0.02,1.0,0.1224,2.39666,0.43182,0.36759,"[0.53333, 0.125, 0.44444]",309,0.72948,1.21262,0.52273,0.473,"[0.5641, 0.26667, 0.58824]",93,COMPLETED,13.874
624,20251229_131525,gln_phase2_TOP30.csv,30%,Preset_21,MLP,42,42,"[768, 512, 256]",mean,L2,88,3,768,silu,0.4,Adam,,0.0002,1e-07,True,0.8,"[1, 2, 3]","[1, 2]",[0.68794326 2.1920904  0.91725768],0.02,1.0,0.12884,1.87922,0.52273,0.44997,"[0.57143, 0.13333, 0.64516]",287,0.14875,2.03878,0.54545,0.49603,"[0.57143, 0.25, 0.66667]",250,COMPLETED,11.897
378,20251229_131525,baseline_CASIAB_TOP30.csv,30%,Preset_22,MLP,42,35,"[1024, 768, 512, 256]",mean,minmax,64,4,1024,silu,0.4,Adam,,0.0001,1e-07,True,0.8,"[1, 2, 3, 4]","[1, 2, 3]",[0.68794326 2.1920904  0.91725768],0.02,1.0,0.11393,2.52498,0.47727,0.40091,"[0.56522, 0.2, 0.4375]",271,0.22368,2.74832,0.54545,0.50677,"[0.59091, 0.4, 0.52941]",131,COMPLETED,14.694
379,20251229_131525,baseline_OUMVLP_TOP30.csv,30%,Preset_22,MLP,42,35,"[1024, 768, 512, 256]",mean,minmax,64,4,1024,silu,0.4,Adam,,0.0001,1e-07,True,0.8,"[1, 2, 3, 4]","[1, 2, 3]",[0.68794326 2.1920904  0.91725768],0.02,1.0,0.12503,2.59641,0.45455,0.42063,"[0.47619, 0.28571, 0.5]",276,0.14331,2.49934,0.52273,0.50496,"[0.52381, 0.42857, 0.5625]",180,COMPLETED,15.991
382,20251229_131525,gaitgl_GREW_BNNeck_TOP30.csv,30%,Preset_22,MLP,42,53,"[1024, 768, 512, 256]",mean,minmax,64,4,1024,silu,0.4,Adam,,0.0001,1e-07,True,0.8,"[1, 2, 3, 4]","[1, 2, 3]",[0.68794326 2.1920904  0.91725768],0.02,1.0,0.12142,2.65747,0.47727,0.3526,"[0.54167, 0.0, 0.51613]",200,0.70291,1.61385,0.5,0.45629,"[0.51282, 0.25, 0.60606]",23,COMPLETED,11.176
381,20251229_131525,gaitgl_GREW_TOP30.csv,30%,Preset_22,MLP,42,75,"[1024, 768, 512, 256]",mean,minmax,64,4,1024,silu,0.4,Adam,,0.0001,1e-07,True,0.8,"[1, 2, 3, 4]","[1, 2, 3]",[0.68794326 2.1920904  0.91725768],0.02,1.0,0.12291,2.72325,0.38636,0.28148,"[0.57778, 0.0, 0.26667]",153,0.36305,2.04281,0.47727,0.40833,"[0.6, 0.125, 0.5]",52,COMPLETED,8.371
383,20251229_131525,gaitgl_OUMVLP_TOP30.csv,30%,Preset_22,MLP,42,51,"[1024, 768, 512, 256]",mean,minmax,64,4,1024,silu,0.4,Adam,,0.0001,1e-07,True,0.8,"[1, 2, 3, 4]","[1, 2, 3]",[0.68794326 2.1920904  0.91725768],0.02,1.0,0.12327,2.78907,0.40909,0.38866,"[0.4878, 0.33333, 0.34483]",260,0.24552,2.50965,0.52273,0.49216,"[0.58537, 0.375, 0.51613]",113,COMPLETED,14.996
380,20251229_131525,gaitgl_TOP30.csv,30%,Preset_22,MLP,42,40,"[1024, 768, 512, 256]",mean,minmax,64,4,1024,silu,0.4,Adam,,0.0001,1e-07,True,0.8,"[1, 2, 3, 4]","[1, 2, 3]",[0.68794326 2.1920904  0.91725768],0.02,1.0,0.12394,3.02563,0.34091,0.29901,"[0.39024, 0.15385, 0.35294]",268,0.49805,1.98996,0.47727,0.45004,"[0.5, 0.36364, 0.48649]",56,COMPLETED,14.601
384,20251229_131525,gaitpart_GREW_TOP30.csv,30%,Preset_22,MLP,42,53,"[1024, 768, 512, 256]",mean,minmax,64,4,1024,silu,0.4,Adam,,0.0001,1e-07,True,0.8,"[1, 2, 3, 4]","[1, 2, 3]",[0.68794326 2.1920904  0.91725768],0.02,1.0,0.11932,2.20075,0.56818,0.52422,"[0.66667, 0.46154, 0.44444]",171,0.30957,1.7175,0.56818,0.52422,"[0.66667, 0.46154, 0.44444]",51,COMPLETED,9.714
385,20251229_131525,gaitpart_OUMVLP_TOP30.csv,30%,Preset_22,MLP,42,41,"[1024, 768, 512, 256]",mean,minmax,64,4,1024,silu,0.4,Adam,,0.0001,1e-07,True,0.8,"[1, 2, 3, 4]","[1, 2, 3]",[0.68794326 2.1920904  0.91725768],0.02,1.0,0.11868,2.15417,0.54545,0.45869,"[0.60465, 0.2, 0.57143]",217,0.13875,2.27745,0.59091,0.49091,"[0.66667, 0.2, 0.60606]",157,COMPLETED,12.262
387,20251229_131525,gaitset_GREW_TOP30.csv,30%,Preset_22,MLP,42,63,"[1024, 768, 512, 256]",mean,minmax,64,4,1024,silu,0.4,Adam,,0.0001,1e-07,True,0.8,"[1, 2, 3, 4]","[1, 2, 3]",[0.68794326 2.1920904  0.91725768],0.02,1.0,0.12063,2.14105,0.56818,0.45749,"[0.73913, 0.16667, 0.46667]",160,0.13287,2.15504,0.61364,0.53218,"[0.77273, 0.30769, 0.51613]",128,COMPLETED,9.444
388,20251229_131525,gaitset_OUMVLP_TOP30.csv,30%,Preset_22,MLP,42,45,"[1024, 768, 512, 256]",mean,minmax,64,4,1024,silu,0.4,Adam,,0.0001,1e-07,True,0.8,"[1, 2, 3, 4]","[1, 2, 3]",[0.68794326 2.1920904  0.91725768],0.02,1.0,0.11612,2.09418,0.56818,0.47155,"[0.65217, 0.18182, 0.58065]",217,0.16513,2.37561,0.59091,0.4848,"[0.68, 0.18182, 0.59259]",148,COMPLETED,11.707
386,20251229_131525,gaitset_TOP30.csv,30%,Preset_22,MLP,42,30,"[1024, 768, 512, 256]",mean,minmax,64,4,1024,silu,0.4,Adam,,0.0001,1e-07,True,0.8,"[1, 2, 3, 4]","[1, 2, 3]",[0.68794326 2.1920904  0.91725768],0.02,1.0,0.12648,1.77371,0.54545,0.49161,"[0.60465, 0.30769, 0.5625]",302,0.13965,1.86178,0.63636,0.57201,"[0.66667, 0.36364, 0.68571]",265,COMPLETED,17.357
389,20251229_131525,gln_phase1_TOP30.csv,30%,Preset_22,MLP,42,41,"[1024, 768, 512, 256]",mean,minmax,64,4,1024,silu,0.4,Adam,,0.0001,1e-07,True,0.8,"[1, 2, 3, 4]","[1, 2, 3]",[0.68794326 2.1920904  0.91725768],0.02,1.0,0.12311,2.16736,0.52273,0.47275,"[0.61538, 0.22222, 0.58065]",213,0.15281,2.06111,0.61364,0.56989,"[0.66667, 0.33333, 0.70968]",174,COMPLETED,11.003
390,20251229_131525,gln_phase2_TOP30.csv,30%,Preset_22,MLP,42,44,"[1024, 768, 512, 256]",mean,minmax,64,4,1024,silu,0.4,Adam,,0.0001,1e-07,True,0.8,"[1, 2, 3, 4]","[1, 2, 3]",[0.68794326 2.1920904  0.91725768],0.02,1.0,0.126,2.43571,0.47727,0.41081,"[0.53659, 0.13333, 0.5625]",215,0.21092,2.23649,0.54545,0.49563,"[0.5641, 0.23529, 0.6875]",101,COMPLETED,12.163
729,20251229_131525,baseline_CASIAB_TOP30.csv,30%,Preset_23,MLP,42,35,"[1024, 768, 512, 256]",mean,minmax,96,4,1024,silu,0.45,Adam,,0.0001,1e-07,True,0.8,"[1, 2, 3, 4]","[1, 2]",[0.68794326 2.1920904  0.91725768],0.02,1.0,0.12573,2.13988,0.45455,0.43196,"[0.4878, 0.36364, 0.44444]",290,0.13508,2.14878,0.52273,0.51433,"[0.55814, 0.5, 0.48485]",275,COMPLETED,12.272
730,20251229_131525,baseline_OUMVLP_TOP30.csv,30%,Preset_23,MLP,42,35,"[1024, 768, 512, 256]",mean,minmax,96,4,1024,silu,0.45,Adam,,0.0001,1e-07,True,0.8,"[1, 2, 3, 4]","[1, 2]",[0.68794326 2.1920904  0.91725768],0.02,1.0,0.11893,2.27521,0.43182,0.39659,"[0.4878, 0.23529, 0.46667]",283,0.38038,1.58521,0.5,0.48848,"[0.54545, 0.32, 0.6]",66,COMPLETED,11.928
733,20251229_131525,gaitgl_GREW_BNNeck_TOP30.csv,30%,Preset_23,MLP,42,53,"[1024, 768, 512, 256]",mean,minmax,96,4,1024,silu,0.45,Adam,,0.0001,1e-07,True,0.8,"[1, 2, 3, 4]","[1, 2]",[0.68794326 2.1920904  0.91725768],0.02,1.0,0.12035,2.46872,0.45455,0.34799,"[0.51064, 0.0, 0.53333]",236,0.27557,2.28158,0.52273,0.47293,"[0.57778, 0.30769, 0.53333]",94,COMPLETED,9.935
732,20251229_131525,gaitgl_GREW_TOP30.csv,30%,Preset_23,MLP,42,75,"[1024, 768, 512, 256]",mean,minmax,96,4,1024,silu,0.45,Adam,,0.0001,1e-07,True,0.8,"[1, 2, 3, 4]","[1, 2]",[0.68794326 2.1920904  0.91725768],0.02,1.0,0.12091,2.66448,0.47727,0.35562,"[0.6383, 0.0, 0.42857]",205,0.12619,2.69716,0.47727,0.35562,"[0.6383, 0.0, 0.42857]",204,COMPLETED,8.955
734,20251229_131525,gaitgl_OUMVLP_TOP30.csv,30%,Preset_23,MLP,42,51,"[1024, 768, 512, 256]",mean,minmax,96,4,1024,silu,0.45,Adam,,0.0001,1e-07,True,0.8,"[1, 2, 3, 4]","[1, 2]",[0.68794326 2.1920904  0.91725768],0.02,1.0,0.1229,2.25837,0.45455,0.38934,"[0.5641, 0.13333, 0.47059]",275,0.1727,2.26571,0.54545,0.52593,"[0.6, 0.44444, 0.53333]",161,COMPLETED,11.908
731,20251229_131525,gaitgl_TOP30.csv,30%,Preset_23,MLP,42,40,"[1024, 768, 512, 256]",mean,minmax,96,4,1024,silu,0.45,Adam,,0.0001,1e-07,True,0.8,"[1, 2, 3, 4]","[1, 2]",[0.68794326 2.1920904  0.91725768],0.02,1.0,0.12838,2.63703,0.36364,0.31535,"[0.42857, 0.15385, 0.36364]",282,0.44957,1.90256,0.47727,0.43712,"[0.57143, 0.21053, 0.52941]",65,COMPLETED,11.058
735,20251229_131525,gaitpart_GREW_TOP30.csv,30%,Preset_23,MLP,42,53,"[1024, 768, 512, 256]",mean,minmax,96,4,1024,silu,0.45,Adam,,0.0001,1e-07,True,0.8,"[1, 2, 3, 4]","[1, 2]",[0.68794326 2.1920904  0.91725768],0.02,1.0,0.12381,1.85682,0.5,0.44633,"[0.62745, 0.46154, 0.25]",198,0.25823,1.66681,0.63636,0.57971,"[0.73913, 0.42857, 0.57143]",78,COMPLETED,8.268
736,20251229_131525,gaitpart_OUMVLP_TOP30.csv,30%,Preset_23,MLP,42,41,"[1024, 768, 512, 256]",mean,minmax,96,4,1024,silu,0.45,Adam,,0.0001,1e-07,True,0.8,"[1, 2, 3, 4]","[1, 2]",[0.68794326 2.1920904  0.91725768],0.02,1.0,0.1242,1.89959,0.56818,0.47672,"[0.61905, 0.2, 0.61111]",249,0.14056,2.07824,0.61364,0.51198,"[0.66667, 0.22222, 0.64706]",197,COMPLETED,10.707
738,20251229_131525,gaitset_GREW_TOP30.csv,30%,Preset_23,MLP,42,63,"[1024, 768, 512, 256]",mean,minmax,96,4,1024,silu,0.45,Adam,,0.0001,1e-07,True,0.8,"[1, 2, 3, 4]","[1, 2]",[0.68794326 2.1920904  0.91725768],0.02,1.0,0.12541,2.18835,0.47727,0.39244,"[0.63636, 0.15385, 0.3871]",165,0.14076,1.98265,0.59091,0.53784,"[0.7234, 0.46154, 0.42857]",107,COMPLETED,7.013
739,20251229_131525,gaitset_OUMVLP_TOP30.csv,30%,Preset_23,MLP,42,45,"[1024, 768, 512, 256]",mean,minmax,96,4,1024,silu,0.45,Adam,,0.0001,1e-07,True,0.8,"[1, 2, 3, 4]","[1, 2]",[0.68794326 2.1920904  0.91725768],0.02,1.0,0.12463,2.08255,0.5,0.37123,"[0.55814, 0.0, 0.55556]",236,0.3817,1.72194,0.54545,0.45705,"[0.6087, 0.18182, 0.58065]",54,COMPLETED,10.42
737,20251229_131525,gaitset_TOP30.csv,30%,Preset_23,MLP,42,30,"[1024, 768, 512, 256]",mean,minmax,96,4,1024,silu,0.45,Adam,,0.0001,1e-07,True,0.8,"[1, 2, 3, 4]","[1, 2]",[0.68794326 2.1920904  0.91725768],0.02,1.0,0.12437,1.4848,0.63636,0.56681,"[0.65, 0.28571, 0.76471]",284,0.13147,1.41202,0.72727,0.69251,"[0.74419, 0.53333, 0.8]",277,COMPLETED,11.59
740,20251229_131525,gln_phase1_TOP30.csv,30%,Preset_23,MLP,42,41,"[1024, 768, 512, 256]",mean,minmax,96,4,1024,silu,0.45,Adam,,0.0001,1e-07,True,0.8,"[1, 2, 3, 4]","[1, 2]",[0.68794326 2.1920904  0.91725768],0.02,1.0,0.12277,1.79324,0.54545,0.51133,"[0.59459, 0.33333, 0.60606]",233,0.56175,1.09578,0.59091,0.5614,"[0.68421, 0.4, 0.6]",36,COMPLETED,9.903
741,20251229_131525,gln_phase2_TOP30.csv,30%,Preset_23,MLP,42,44,"[1024, 768, 512, 256]",mean,minmax,96,4,1024,silu,0.45,Adam,,0.0001,1e-07,True,0.8,"[1, 2, 3, 4]","[1, 2]",[0.68794326 2.1920904  0.91725768],0.02,1.0,0.12211,2.31802,0.38636,0.32809,"[0.48889, 0.125, 0.37037]",260,0.45485,1.53308,0.52273,0.5153,"[0.51282, 0.47059, 0.5625]",56,COMPLETED,10.665
1002,20251229_131525,baseline_CASIAB_TOP30.csv,30%,Preset_24,MLP,42,256,"[768, 512, 384, 256]",mean,,80,4,768,silu,0.5,Adam,,0.00025,1e-06,False,,"[1, 3]","[2, 3]",[0.68794326 2.1920904  0.91725768],0.02,1.0,0.11233,2.52498,0.47727,0.45847,"[0.52381, 0.4, 0.45161]",63,0.11233,2.52498,0.47727,0.45847,"[0.52381, 0.4, 0.45161]",63,COMPLETED,2.436
1003,20251229_131525,baseline_OUMVLP_TOP30.csv,30%,Preset_24,MLP,42,256,"[768, 512, 384, 256]",mean,,80,4,768,silu,0.5,Adam,,0.00025,1e-06,False,,"[1, 3]","[2, 3]",[0.68794326 2.1920904  0.91725768],0.02,1.0,0.11727,1.64211,0.59091,0.53709,"[0.61905, 0.36364, 0.62857]",74,0.1391,1.79446,0.61364,0.55991,"[0.65116, 0.4, 0.62857]",64,COMPLETED,2.783
1006,20251229_131525,gaitgl_GREW_BNNeck_TOP30.csv,30%,Preset_24,MLP,42,256,"[768, 512, 384, 256]",mean,,80,4,768,silu,0.5,Adam,,0.00025,1e-06,False,,"[1, 3]","[2, 3]",[0.68794326 2.1920904  0.91725768],0.02,1.0,0.12666,3.06916,0.36364,0.3408,"[0.4, 0.23529, 0.3871]",72,0.73472,1.36838,0.5,0.42966,"[0.4878, 0.22222, 0.57895]",36,COMPLETED,2.795
1005,20251229_131525,gaitgl_GREW_TOP30.csv,30%,Preset_24,MLP,42,256,"[768, 512, 384, 256]",mean,,80,4,768,silu,0.5,Adam,,0.00025,1e-06,False,,"[1, 3]","[2, 3]",[0.68794326 2.1920904  0.91725768],0.02,1.0,0.1239,2.67717,0.45455,0.35238,"[0.45714, 0.0, 0.6]",49,0.70198,1.29893,0.54545,0.41509,"[0.61111, 0.0, 0.63415]",20,COMPLETED,1.87
1007,20251229_131525,gaitgl_OUMVLP_TOP30.csv,30%,Preset_24,MLP,42,256,"[768, 512, 384, 256]",mean,,80,4,768,silu,0.5,Adam,,0.00025,1e-06,False,,"[1, 3]","[2, 3]",[0.68794326 2.1920904  0.91725768],0.02,1.0,0.11221,2.4265,0.56818,0.53276,"[0.63636, 0.42857, 0.53333]",172,0.11221,2.4265,0.56818,0.53276,"[0.63636, 0.42857, 0.53333]",172,COMPLETED,7.114
1004,20251229_131525,gaitgl_TOP30.csv,30%,Preset_24,MLP,42,128,"[768, 512, 384, 256]",mean,,80,4,768,silu,0.5,Adam,,0.00025,1e-06,False,,"[1, 3]","[2, 3]",[0.68794326 2.1920904  0.91725768],0.02,1.0,0.1205,2.06463,0.54545,0.50631,"[0.60465, 0.4, 0.51429]",45,0.17027,1.96636,0.59091,0.57576,"[0.63636, 0.54545, 0.54545]",32,COMPLETED,1.835
1008,20251229_131525,gaitpart_GREW_TOP30.csv,30%,Preset_24,MLP,42,256,"[768, 512, 384, 256]",mean,,80,4,768,silu,0.5,Adam,,0.00025,1e-06,False,,"[1, 3]","[2, 3]",[0.68794326 2.1920904  0.91725768],0.02,1.0,0.11949,2.04927,0.52273,0.50979,"[0.59459, 0.43478, 0.5]",70,0.19131,1.74225,0.59091,0.59036,"[0.59459, 0.58824, 0.58824]",55,COMPLETED,2.817
1009,20251229_131525,gaitpart_OUMVLP_TOP30.csv,30%,Preset_24,MLP,42,256,"[768, 512, 384, 256]",mean,,80,4,768,silu,0.5,Adam,,0.00025,1e-06,False,,"[1, 3]","[2, 3]",[0.68794326 2.1920904  0.91725768],0.02,1.0,0.11879,1.5469,0.61364,0.55611,"[0.70833, 0.4, 0.56]",270,0.27148,1.31816,0.65909,0.63131,"[0.68182, 0.54545, 0.66667]",230,COMPLETED,10.524
1011,20251229_131525,gaitset_GREW_TOP30.csv,30%,Preset_24,MLP,42,256,"[768, 512, 384, 256]",mean,,80,4,768,silu,0.5,Adam,,0.00025,1e-06,False,,"[1, 3]","[2, 3]",[0.68794326 2.1920904  0.91725768],0.02,1.0,0.11673,1.92812,0.54545,0.49642,"[0.61538, 0.33333, 0.54054]",71,0.12732,1.98972,0.59091,0.52262,"[0.69767, 0.30769, 0.5625]",59,COMPLETED,3.142
1012,20251229_131525,gaitset_OUMVLP_TOP30.csv,30%,Preset_24,MLP,42,256,"[768, 512, 384, 256]",mean,,80,4,768,silu,0.5,Adam,,0.00025,1e-06,False,,"[1, 3]","[2, 3]",[0.68794326 2.1920904  0.91725768],0.02,1.0,0.11942,2.57517,0.45455,0.35598,"[0.62745, 0.25, 0.19048]",186,0.3421,1.89983,0.52273,0.45742,"[0.625, 0.28571, 0.46154]",99,COMPLETED,7.384
1010,20251229_131525,gaitset_TOP30.csv,30%,Preset_24,MLP,42,256,"[768, 512, 384, 256]",mean,,80,4,768,silu,0.5,Adam,,0.00025,1e-06,False,,"[1, 3]","[2, 3]",[0.68794326 2.1920904  0.91725768],0.02,1.0,0.11862,2.58472,0.29545,0.24428,"[0.41026, 0.0, 0.32258]",70,0.23416,2.10155,0.47727,0.41386,"[0.58824, 0.33333, 0.32]",45,COMPLETED,2.891
1013,20251229_131525,gln_phase1_TOP30.csv,30%,Preset_24,MLP,42,256,"[768, 512, 384, 256]",mean,,80,4,768,silu,0.5,Adam,,0.00025,1e-06,False,,"[1, 3]","[2, 3]",[0.68794326 2.1920904  0.91725768],0.02,1.0,0.11471,1.87287,0.54545,0.49034,"[0.60465, 0.28571, 0.58065]",60,0.14198,1.93751,0.52273,0.49444,"[0.55, 0.33333, 0.6]",46,COMPLETED,2.511
1014,20251229_131525,gln_phase2_TOP30.csv,30%,Preset_24,MLP,42,256,"[768, 512, 384, 256]",mean,,80,4,768,silu,0.5,Adam,,0.00025,1e-06,False,,"[1, 3]","[2, 3]",[0.68794326 2.1920904  0.91725768],0.02,1.0,0.12501,1.90094,0.52273,0.44378,"[0.57143, 0.15385, 0.60606]",57,0.12355,1.78313,0.59091,0.49305,"[0.65217, 0.18182, 0.64516]",56,COMPLETED,2.28
105,20251229_131525,baseline_CASIAB_TOP30.csv,30%,Preset_25,MLP,42,13,"[768, 384, 192, 96, 64, 64]",mean,L2,32,6,768,relu,0.3,RMSprop,,0.0002,1e-07,True,0.6,"[1, 3, 5]","[1, 3, 5]",[0.68794326 2.1920904  0.91725768],0.02,1.0,0.11065,2.14542,0.52273,0.475,"[0.625, 0.4, 0.4]",685,0.23779,1.69755,0.54545,0.55421,"[0.57778, 0.6, 0.48485]",380,COMPLETED,74.537
106,20251229_131525,baseline_OUMVLP_TOP30.csv,30%,Preset_25,MLP,42,11,"[768, 384, 192, 96, 64, 64]",mean,L2,32,6,768,relu,0.3,RMSprop,,0.0002,1e-07,True,0.6,"[1, 3, 5]","[1, 3, 5]",[0.68794326 2.1920904  0.91725768],0.02,1.0,0.12187,2.61053,0.47727,0.36525,"[0.59574, 0.0, 0.5]",802,0.16084,2.42522,0.54545,0.49333,"[0.66667, 0.33333, 0.48]",741,COMPLETED,85.2
109,20251229_131525,gaitgl_GREW_BNNeck_TOP30.csv,30%,Preset_25,MLP,42,20,"[768, 384, 192, 96, 64, 64]",mean,L2,32,6,768,relu,0.3,RMSprop,,0.0002,1e-07,True,0.6,"[1, 3, 5]","[1, 3, 5]",[0.68794326 2.1920904  0.91725768],0.02,1.0,0.1123,2.88753,0.36364,0.27436,"[0.47826, 0.0, 0.34483]",487,0.50769,1.63393,0.5,0.41053,"[0.58824, 0.18182, 0.46154]",139,STOPPED,48.156
108,20251229_131525,gaitgl_GREW_TOP30.csv,30%,Preset_25,MLP,42,34,"[768, 384, 192, 96, 64, 64]",mean,L2,32,6,768,relu,0.3,RMSprop,,0.0002,1e-07,True,0.6,"[1, 3, 5]","[1, 3, 5]",[0.68794326 2.1920904  0.91725768],0.02,1.0,0.12904,2.74498,0.40909,0.34266,"[0.55814, 0.125, 0.34483]",521,0.51265,1.49969,0.54545,0.46081,"[0.62857, 0.15385, 0.6]",142,STOPPED,50.423
110,20251229_131525,gaitgl_OUMVLP_TOP30.csv,30%,Preset_25,MLP,42,17,"[768, 384, 192, 96, 64, 64]",mean,L2,32,6,768,relu,0.3,RMSprop,,0.0002,1e-07,True,0.6,"[1, 3, 5]","[1, 3, 5]",[0.68794326 2.1920904  0.91725768],0.02,1.0,0.1223,2.8311,0.38636,0.3051,"[0.54167, 0.14286, 0.23077]",1166,0.20418,2.34678,0.52273,0.44923,"[0.64, 0.30769, 0.4]",864,COMPLETED,112.616
107,20251229_131525,gaitgl_TOP30.csv,30%,Preset_25,MLP,42,16,"[768, 384, 192, 96, 64, 64]",mean,L2,32,6,768,relu,0.3,RMSprop,,0.0002,1e-07,True,0.6,"[1, 3, 5]","[1, 3, 5]",[0.68794326 2.1920904  0.91725768],0.02,1.0,0.1249,2.2762,0.47727,0.39788,"[0.57143, 0.22222, 0.4]",458,0.13673,2.31826,0.47727,0.44327,"[0.51163, 0.33333, 0.48485]",376,COMPLETED,44.054
111,20251229_131525,gaitpart_GREW_TOP30.csv,30%,Preset_25,MLP,42,22,"[768, 384, 192, 96, 64, 64]",mean,L2,32,6,768,relu,0.3,RMSprop,,0.0002,1e-07,True,0.6,"[1, 3, 5]","[1, 3, 5]",[0.68794326 2.1920904  0.91725768],0.02,1.0,0.12651,2.00646,0.52273,0.43501,"[0.62222, 0.16667, 0.51613]",520,0.13935,1.65856,0.63636,0.55798,"[0.7234, 0.30769, 0.64286]",468,COMPLETED,50.291
112,20251229_131525,gaitpart_OUMVLP_TOP30.csv,30%,Preset_25,MLP,42,17,"[768, 384, 192, 96, 64, 64]",mean,L2,32,6,768,relu,0.3,RMSprop,,0.0002,1e-07,True,0.6,"[1, 3, 5]","[1, 3, 5]",[0.68794326 2.1920904  0.91725768],0.02,1.0,0.11667,2.73134,0.45455,0.41821,"[0.47368, 0.26667, 0.51429]",1098,0.19758,2.45254,0.52273,0.50427,"[0.51282, 0.42857, 0.57143]",871,COMPLETED,104.797
114,20251229_131525,gaitset_GREW_TOP30.csv,30%,Preset_25,MLP,42,27,"[768, 384, 192, 96, 64, 64]",mean,L2,32,6,768,relu,0.3,RMSprop,,0.0002,1e-07,True,0.6,"[1, 3, 5]","[1, 3, 5]",[0.68794326 2.1920904  0.91725768],0.02,1.0,0.11109,2.14919,0.52273,0.46594,"[0.62745, 0.4, 0.37037]",465,0.21183,1.68904,0.59091,0.57547,"[0.66667, 0.54545, 0.51429]",305,COMPLETED,44.789
115,20251229_131525,gaitset_OUMVLP_TOP30.csv,30%,Preset_25,MLP,42,16,"[768, 384, 192, 96, 64, 64]",mean,L2,32,6,768,relu,0.3,RMSprop,,0.0002,1e-07,True,0.6,"[1, 3, 5]","[1, 3, 5]",[0.68794326 2.1920904  0.91725768],0.02,1.0,0.10469,2.01117,0.54545,0.39546,"[0.65306, 0.0, 0.53333]",1136,0.64144,1.15486,0.61364,0.53821,"[0.72727, 0.26667, 0.62069]",376,STOPPED,108.935
113,20251229_131525,gaitset_TOP30.csv,30%,Preset_25,MLP,42,10,"[768, 384, 192, 96, 64, 64]",mean,L2,32,6,768,relu,0.3,RMSprop,,0.0002,1e-07,True,0.6,"[1, 3, 5]","[1, 3, 5]",[0.68794326 2.1920904  0.91725768],0.02,1.0,0.11496,2.33713,0.47727,0.3514,"[0.57143, 0.0, 0.48276]",709,0.19955,1.8803,0.59091,0.53077,"[0.6383, 0.33333, 0.62069]",422,COMPLETED,67.082
116,20251229_131525,gln_phase1_TOP30.csv,30%,Preset_25,MLP,42,12,"[768, 384, 192, 96, 64, 64]",mean,L2,32,6,768,relu,0.3,RMSprop,,0.0002,1e-07,True,0.6,"[1, 3, 5]","[1, 3, 5]",[0.68794326 2.1920904  0.91725768],0.02,1.0,0.10794,2.51071,0.45455,0.38759,"[0.52381, 0.18182, 0.45714]",643,0.57196,1.32089,0.63636,0.64227,"[0.63158, 0.66667, 0.62857]",210,COMPLETED,60.362
117,20251229_131525,gln_phase2_TOP30.csv,30%,Preset_25,MLP,42,14,"[768, 384, 192, 96, 64, 64]",mean,L2,32,6,768,relu,0.3,RMSprop,,0.0002,1e-07,True,0.6,"[1, 3, 5]","[1, 3, 5]",[0.68794326 2.1920904  0.91725768],0.02,1.0,0.11732,2.18272,0.52273,0.47416,"[0.58537, 0.30769, 0.52941]",632,0.39232,1.69645,0.54545,0.52534,"[0.5, 0.44444, 0.63158]",266,COMPLETED,56.081
1288,20251229_131525,baseline_CASIAB_TOP30.csv,30%,Preset_26,MLP,42,35,"[896, 640, 320, 192]",mean,minmax,80,4,896,leakyrelu,0.5,Adam,,0.0002,2e-07,True,0.8,"[1, 2, 3]","[1, 2]",[0.68794326 2.1920904  0.91725768],0.02,1.0,0.12905,2.27164,0.5,0.47196,"[0.57143, 0.44444, 0.4]",343,0.12944,2.31741,0.54545,0.54434,"[0.55814, 0.54545, 0.52941]",320,COMPLETED,11.588
1289,20251229_131525,baseline_OUMVLP_TOP30.csv,30%,Preset_26,MLP,42,35,"[896, 640, 320, 192]",mean,minmax,80,4,896,leakyrelu,0.5,Adam,,0.0002,2e-07,True,0.8,"[1, 2, 3]","[1, 2]",[0.68794326 2.1920904  0.91725768],0.02,1.0,0.11399,2.38412,0.47727,0.40538,"[0.53333, 0.16667, 0.51613]",358,0.14374,2.51051,0.54545,0.49261,"[0.5641, 0.26667, 0.64706]",250,COMPLETED,11.736
1292,20251229_131525,gaitgl_GREW_BNNeck_TOP30.csv,30%,Preset_26,MLP,42,53,"[896, 640, 320, 192]",mean,minmax,80,4,896,leakyrelu,0.5,Adam,,0.0002,2e-07,True,0.8,"[1, 2, 3]","[1, 2]",[0.68794326 2.1920904  0.91725768],0.02,1.0,0.12507,2.42501,0.5,0.3844,"[0.55319, 0.0, 0.6]",246,0.23538,2.39219,0.52273,0.44637,"[0.54545, 0.22222, 0.57143]",107,COMPLETED,8.126
1291,20251229_131525,gaitgl_GREW_TOP30.csv,30%,Preset_26,MLP,42,75,"[896, 640, 320, 192]",mean,minmax,80,4,896,leakyrelu,0.5,Adam,,0.0002,2e-07,True,0.8,"[1, 2, 3]","[1, 2]",[0.68794326 2.1920904  0.91725768],0.02,1.0,0.11908,2.54605,0.40909,0.28923,"[0.56, 0.0, 0.30769]",203,0.65637,1.43875,0.5,0.42713,"[0.60465, 0.125, 0.55172]",29,COMPLETED,6.667
1293,20251229_131525,gaitgl_OUMVLP_TOP30.csv,30%,Preset_26,MLP,42,51,"[896, 640, 320, 192]",mean,minmax,80,4,896,leakyrelu,0.5,Adam,,0.0002,2e-07,True,0.8,"[1, 2, 3]","[1, 2]",[0.68794326 2.1920904  0.91725768],0.02,1.0,0.12979,2.61381,0.43182,0.4094,"[0.51163, 0.36364, 0.35294]",284,0.29212,2.30045,0.5,0.47944,"[0.55814, 0.42857, 0.45161]",90,COMPLETED,9.416
1290,20251229_131525,gaitgl_TOP30.csv,30%,Preset_26,MLP,42,40,"[896, 640, 320, 192]",mean,minmax,80,4,896,leakyrelu,0.5,Adam,,0.0002,2e-07,True,0.8,"[1, 2, 3]","[1, 2]",[0.68794326 2.1920904  0.91725768],0.02,1.0,0.11743,2.46597,0.43182,0.35833,"[0.54167, 0.2, 0.33333]",323,0.15669,2.44163,0.45455,0.4325,"[0.42105, 0.36364, 0.51282]",241,COMPLETED,10.851
1294,20251229_131525,gaitpart_GREW_TOP30.csv,30%,Preset_26,MLP,42,53,"[896, 640, 320, 192]",mean,minmax,80,4,896,leakyrelu,0.5,Adam,,0.0002,2e-07,True,0.8,"[1, 2, 3]","[1, 2]",[0.68794326 2.1920904  0.91725768],0.02,1.0,0.12251,2.25285,0.52273,0.45265,"[0.64, 0.33333, 0.38462]",219,0.37892,1.69141,0.61364,0.57467,"[0.68182, 0.46154, 0.58065]",55,COMPLETED,7.256
1295,20251229_131525,gaitpart_OUMVLP_TOP30.csv,30%,Preset_26,MLP,42,41,"[896, 640, 320, 192]",mean,minmax,80,4,896,leakyrelu,0.5,Adam,,0.0002,2e-07,True,0.8,"[1, 2, 3]","[1, 2]",[0.68794326 2.1920904  0.91725768],0.02,1.0,0.12775,2.17999,0.56818,0.47328,"[0.65217, 0.22222, 0.54545]",265,0.17896,2.17616,0.61364,0.51251,"[0.66667, 0.22222, 0.64865]",144,COMPLETED,8.905
1297,20251229_131525,gaitset_GREW_TOP30.csv,30%,Preset_26,MLP,42,63,"[896, 640, 320, 192]",mean,minmax,80,4,896,leakyrelu,0.5,Adam,,0.0002,2e-07,True,0.8,"[1, 2, 3]","[1, 2]",[0.68794326 2.1920904  0.91725768],0.02,1.0,0.12097,2.3361,0.52273,0.41568,"[0.68, 0.22222, 0.34483]",179,0.2512,2.1028,0.59091,0.55586,"[0.70833, 0.54545, 0.41379]",67,COMPLETED,5.983
1298,20251229_131525,gaitset_OUMVLP_TOP30.csv,30%,Preset_26,MLP,42,45,"[896, 640, 320, 192]",mean,minmax,80,4,896,leakyrelu,0.5,Adam,,0.0002,2e-07,True,0.8,"[1, 2, 3]","[1, 2]",[0.68794326 2.1920904  0.91725768],0.02,1.0,0.12466,2.41728,0.45455,0.3381,"[0.5, 0.0, 0.51429]",289,0.42489,1.88925,0.54545,0.45285,"[0.625, 0.18182, 0.55172]",55,COMPLETED,9.53
1296,20251229_131525,gaitset_TOP30.csv,30%,Preset_26,MLP,42,30,"[896, 640, 320, 192]",mean,minmax,80,4,896,leakyrelu,0.5,Adam,,0.0002,2e-07,True,0.8,"[1, 2, 3]","[1, 2]",[0.68794326 2.1920904  0.91725768],0.02,1.0,0.12907,1.8072,0.54545,0.53453,"[0.55814, 0.5, 0.54545]",422,0.14455,1.60002,0.61364,0.59276,"[0.65217, 0.54545, 0.58065]",325,COMPLETED,14.196
1299,20251229_131525,gln_phase1_TOP30.csv,30%,Preset_26,MLP,42,41,"[896, 640, 320, 192]",mean,minmax,80,4,896,leakyrelu,0.5,Adam,,0.0002,2e-07,True,0.8,"[1, 2, 3]","[1, 2]",[0.68794326 2.1920904  0.91725768],0.02,1.0,0.12294,1.90346,0.59091,0.55346,"[0.65116, 0.42857, 0.58065]",282,0.12294,1.90346,0.59091,0.55346,"[0.65116, 0.42857, 0.58065]",282,COMPLETED,9.315
1300,20251229_131525,gln_phase2_TOP30.csv,30%,Preset_26,MLP,42,44,"[896, 640, 320, 192]",mean,minmax,80,4,896,leakyrelu,0.5,Adam,,0.0002,2e-07,True,0.8,"[1, 2, 3]","[1, 2]",[0.68794326 2.1920904  0.91725768],0.02,1.0,0.11518,1.9647,0.52273,0.39203,"[0.60465, 0.0, 0.57143]",302,0.73851,1.17228,0.56818,0.51176,"[0.57895, 0.30769, 0.64865]",26,COMPLETED,9.948
183,20251229_131525,baseline_CASIAB_TOP30.csv,30%,Preset_27,MLP,42,44,"[896, 640, 384, 192]",mean,L2,64,4,896,silu,0.4,Adam,,0.0001,0.0,True,0.85,"[1, 2, 3]","[1, 2]",[0.68794326 2.1920904  0.91725768],0.02,1.0,0.1278,2.15698,0.47727,0.40056,"[0.55319, 0.18182, 0.46667]",437,0.39187,2.40598,0.52273,0.53868,"[0.54545, 0.6, 0.47059]",238,COMPLETED,18.785
184,20251229_131525,baseline_OUMVLP_TOP30.csv,30%,Preset_27,MLP,42,45,"[896, 640, 384, 192]",mean,L2,64,4,896,silu,0.4,Adam,,0.0001,0.0,True,0.85,"[1, 2, 3]","[1, 2]",[0.68794326 2.1920904  0.91725768],0.02,1.0,0.12942,2.02759,0.43182,0.4127,"[0.47619, 0.33333, 0.42857]",505,0.65313,1.33703,0.54545,0.51811,"[0.45161, 0.4, 0.7027]",227,COMPLETED,21.482
187,20251229_131525,gaitgl_GREW_BNNeck_TOP30.csv,30%,Preset_27,MLP,42,68,"[896, 640, 384, 192]",mean,L2,64,4,896,silu,0.4,Adam,,0.0001,0.0,True,0.85,"[1, 2, 3]","[1, 2]",[0.68794326 2.1920904  0.91725768],0.02,1.0,0.12051,3.05236,0.47727,0.34759,"[0.56, 0.0, 0.48276]",287,0.26845,2.90241,0.54545,0.51046,"[0.60465, 0.375, 0.55172]",170,COMPLETED,12.349
186,20251229_131525,gaitgl_GREW_TOP30.csv,30%,Preset_27,MLP,42,98,"[896, 640, 384, 192]",mean,L2,64,4,896,silu,0.4,Adam,,0.0001,0.0,True,0.85,"[1, 2, 3]","[1, 2]",[0.68794326 2.1920904  0.91725768],0.02,1.0,0.1244,2.18831,0.52273,0.38943,"[0.65217, 0.0, 0.51613]",274,0.14775,2.39172,0.54545,0.45869,"[0.62222, 0.15385, 0.6]",242,COMPLETED,11.819
188,20251229_131525,gaitgl_OUMVLP_TOP30.csv,30%,Preset_27,MLP,42,74,"[896, 640, 384, 192]",mean,L2,64,4,896,silu,0.4,Adam,,0.0001,0.0,True,0.85,"[1, 2, 3]","[1, 2]",[0.68794326 2.1920904  0.91725768],0.02,1.0,0.11805,2.1632,0.5,0.45314,"[0.6087, 0.36364, 0.3871]",551,0.11814,2.24819,0.52273,0.50947,"[0.59091, 0.5, 0.4375]",545,COMPLETED,23.742
185,20251229_131525,gaitgl_TOP30.csv,30%,Preset_27,MLP,42,52,"[896, 640, 384, 192]",mean,L2,64,4,896,silu,0.4,Adam,,0.0001,0.0,True,0.85,"[1, 2, 3]","[1, 2]",[0.68794326 2.1920904  0.91725768],0.02,1.0,0.12814,3.00771,0.43182,0.3684,"[0.51163, 0.18182, 0.41176]",331,0.24784,2.75584,0.47727,0.43828,"[0.55, 0.30769, 0.45714]",180,COMPLETED,15.541
189,20251229_131525,gaitpart_GREW_TOP30.csv,30%,Preset_27,MLP,42,66,"[896, 640, 384, 192]",mean,L2,64,4,896,silu,0.4,Adam,,0.0001,0.0,True,0.85,"[1, 2, 3]","[1, 2]",[0.68794326 2.1920904  0.91725768],0.02,1.0,0.12566,2.13665,0.5,0.44069,"[0.63636, 0.28571, 0.4]",338,0.5107,1.53663,0.59091,0.56658,"[0.66667, 0.47059, 0.5625]",189,COMPLETED,17.402
190,20251229_131525,gaitpart_OUMVLP_TOP30.csv,30%,Preset_27,MLP,42,53,"[896, 640, 384, 192]",mean,L2,64,4,896,silu,0.4,Adam,,0.0001,0.0,True,0.85,"[1, 2, 3]","[1, 2]",[0.68794326 2.1920904  0.91725768],0.02,1.0,0.12242,2.00335,0.54545,0.53383,"[0.58537, 0.5, 0.51613]",942,0.36925,1.57611,0.68182,0.69444,"[0.61111, 0.75, 0.72222]",674,COMPLETED,48.668
192,20251229_131525,gaitset_GREW_TOP30.csv,30%,Preset_27,MLP,42,79,"[896, 640, 384, 192]",mean,L2,64,4,896,silu,0.4,Adam,,0.0001,0.0,True,0.85,"[1, 2, 3]","[1, 2]",[0.68794326 2.1920904  0.91725768],0.02,1.0,0.12272,2.30319,0.45455,0.38391,"[0.55814, 0.18182, 0.41176]",285,0.43628,2.04012,0.52273,0.50522,"[0.59459, 0.42105, 0.5]",174,COMPLETED,14.733
193,20251229_131525,gaitset_OUMVLP_TOP30.csv,30%,Preset_27,MLP,42,59,"[896, 640, 384, 192]",mean,L2,64,4,896,silu,0.4,Adam,,0.0001,0.0,True,0.85,"[1, 2, 3]","[1, 2]",[0.68794326 2.1920904  0.91725768],0.02,1.0,0.12308,2.05203,0.52273,0.43056,"[0.625, 0.16667, 0.5]",745,0.19014,2.19171,0.54545,0.45518,"[0.63636, 0.16667, 0.5625]",633,COMPLETED,38.54
191,20251229_131525,gaitset_TOP30.csv,30%,Preset_27,MLP,42,38,"[896, 640, 384, 192]",mean,L2,64,4,896,silu,0.4,Adam,,0.0001,0.0,True,0.85,"[1, 2, 3]","[1, 2]",[0.68794326 2.1920904  0.91725768],0.02,1.0,0.12822,2.1017,0.43182,0.39905,"[0.43243, 0.23529, 0.52941]",484,0.15649,2.0503,0.5,0.47425,"[0.52632, 0.31579, 0.58065]",400,COMPLETED,24.992
194,20251229_131525,gln_phase1_TOP30.csv,30%,Preset_27,MLP,42,53,"[896, 640, 384, 192]",mean,L2,64,4,896,silu,0.4,Adam,,0.0001,0.0,True,0.85,"[1, 2, 3]","[1, 2]",[0.68794326 2.1920904  0.91725768],0.02,1.0,0.12674,1.95658,0.56818,0.5604,"[0.58537, 0.53333, 0.5625]",389,0.29012,1.86344,0.61364,0.60616,"[0.6, 0.57143, 0.64706]",242,COMPLETED,20.187
195,20251229_131525,gln_phase2_TOP30.csv,30%,Preset_27,MLP,42,57,"[896, 640, 384, 192]",mean,L2,64,4,896,silu,0.4,Adam,,0.0001,0.0,True,0.85,"[1, 2, 3]","[1, 2]",[0.68794326 2.1920904  0.91725768],0.02,1.0,0.12174,2.04993,0.54545,0.45869,"[0.62222, 0.15385, 0.6]",377,0.13536,2.08674,0.56818,0.47973,"[0.65116, 0.14286, 0.64516]",357,COMPLETED,19.406
248,20251229_131525,baseline_CASIAB_TOP30.csv,30%,Preset_28,MLP,42,21,"[768, 512, 384, 256]",mean,L2,64,4,768,silu,0.5,Adam,,0.0002,5e-07,True,0.7,"[1, 2]","[1, 2, 3]",[0.68794326 2.1920904  0.91725768],0.02,1.0,0.12327,2.38444,0.47727,0.45857,"[0.53333, 0.42857, 0.41379]",867,0.53722,1.65652,0.52273,0.52331,"[0.53659, 0.53333, 0.5]",275,COMPLETED,43.37
249,20251229_131525,baseline_OUMVLP_TOP30.csv,30%,Preset_28,MLP,42,19,"[768, 512, 384, 256]",mean,L2,64,4,768,silu,0.5,Adam,,0.0002,5e-07,True,0.7,"[1, 2]","[1, 2, 3]",[0.68794326 2.1920904  0.91725768],0.02,1.0,0.12777,2.49979,0.45455,0.38321,"[0.54545, 0.16667, 0.4375]",1105,0.15085,2.54095,0.5,0.45007,"[0.59091, 0.30769, 0.45161]",908,COMPLETED,55.839
252,20251229_131525,gaitgl_GREW_BNNeck_TOP30.csv,30%,Preset_28,MLP,42,33,"[768, 512, 384, 256]",mean,L2,64,4,768,silu,0.5,Adam,,0.0002,5e-07,True,0.7,"[1, 2]","[1, 2, 3]",[0.68794326 2.1920904  0.91725768],0.02,1.0,0.1258,2.65238,0.38636,0.28936,"[0.46809, 0.0, 0.4]",615,0.47055,2.12922,0.52273,0.47942,"[0.55319, 0.33333, 0.55172]",195,COMPLETED,31.008
251,20251229_131525,gaitgl_GREW_TOP30.csv,30%,Preset_28,MLP,42,53,"[768, 512, 384, 256]",mean,L2,64,4,768,silu,0.5,Adam,,0.0002,5e-07,True,0.7,"[1, 2]","[1, 2, 3]",[0.68794326 2.1920904  0.91725768],0.02,1.0,0.12394,2.02556,0.47727,0.36045,"[0.56522, 0.0, 0.51613]",436,0.64851,1.29877,0.54545,0.4901,"[0.61538, 0.26667, 0.58824]",159,COMPLETED,21.824
253,20251229_131525,gaitgl_OUMVLP_TOP30.csv,30%,Preset_28,MLP,42,32,"[768, 512, 384, 256]",mean,L2,64,4,768,silu,0.5,Adam,,0.0002,5e-07,True,0.7,"[1, 2]","[1, 2, 3]",[0.68794326 2.1920904  0.91725768],0.02,1.0,0.12899,2.08181,0.47727,0.39852,"[0.60465, 0.16667, 0.42424]",1002,0.22194,1.9956,0.56818,0.5417,"[0.63415, 0.46154, 0.52941]",704,COMPLETED,50.07
250,20251229_131525,gaitgl_TOP30.csv,30%,Preset_28,MLP,42,27,"[768, 512, 384, 256]",mean,L2,64,4,768,silu,0.5,Adam,,0.0002,5e-07,True,0.7,"[1, 2]","[1, 2, 3]",[0.68794326 2.1920904  0.91725768],0.02,1.0,0.12004,1.91582,0.54545,0.49671,"[0.58537, 0.33333, 0.57143]",736,0.12992,1.80185,0.56818,0.51462,"[0.57895, 0.33333, 0.63158]",617,COMPLETED,37.06
254,20251229_131525,gaitpart_GREW_TOP30.csv,30%,Preset_28,MLP,42,34,"[768, 512, 384, 256]",mean,L2,64,4,768,silu,0.5,Adam,,0.0002,5e-07,True,0.7,"[1, 2]","[1, 2, 3]",[0.68794326 2.1920904  0.91725768],0.02,1.0,0.12178,1.90298,0.54545,0.51118,"[0.62222, 0.42857, 0.48276]",557,0.71465,1.06178,0.59091,0.60027,"[0.63415, 0.66667, 0.5]",196,COMPLETED,27.796
255,20251229_131525,gaitpart_OUMVLP_TOP30.csv,30%,Preset_28,MLP,42,27,"[768, 512, 384, 256]",mean,L2,64,4,768,silu,0.5,Adam,,0.0002,5e-07,True,0.7,"[1, 2]","[1, 2, 3]",[0.68794326 2.1920904  0.91725768],0.02,1.0,0.12242,2.03991,0.52273,0.44476,"[0.58537, 0.14286, 0.60606]",1157,0.12538,1.98481,0.59091,0.52894,"[0.61538, 0.28571, 0.68571]",1049,COMPLETED,57.721
257,20251229_131525,gaitset_GREW_TOP30.csv,30%,Preset_28,MLP,42,41,"[768, 512, 384, 256]",mean,L2,64,4,768,silu,0.5,Adam,,0.0002,5e-07,True,0.7,"[1, 2]","[1, 2, 3]",[0.68794326 2.1920904  0.91725768],0.02,1.0,0.11875,1.81268,0.52273,0.49495,"[0.60465, 0.42857, 0.45161]",387,0.14429,1.99176,0.59091,0.58413,"[0.66667, 0.57143, 0.51429]",319,COMPLETED,19.843
258,20251229_131525,gaitset_OUMVLP_TOP30.csv,30%,Preset_28,MLP,42,27,"[768, 512, 384, 256]",mean,L2,64,4,768,silu,0.5,Adam,,0.0002,5e-07,True,0.7,"[1, 2]","[1, 2, 3]",[0.68794326 2.1920904  0.91725768],0.02,1.0,0.12722,1.97109,0.54545,0.43499,"[0.6383, 0.0, 0.66667]",1015,0.12217,1.9165,0.56818,0.48406,"[0.65217, 0.13333, 0.66667]",915,STOPPED,51.309
256,20251229_131525,gaitset_TOP30.csv,30%,Preset_28,MLP,42,17,"[768, 512, 384, 256]",mean,L2,64,4,768,silu,0.5,Adam,,0.0002,5e-07,True,0.7,"[1, 2]","[1, 2, 3]",[0.68794326 2.1920904  0.91725768],0.02,1.0,0.16111,2.22227,0.47727,0.40741,"[0.51282, 0.15385, 0.55556]",988,0.15495,2.12182,0.59091,0.55338,"[0.63158, 0.4, 0.62857]",847,STOPPED,49.319
259,20251229_131525,gln_phase1_TOP30.csv,30%,Preset_28,MLP,42,22,"[768, 512, 384, 256]",mean,L2,64,4,768,silu,0.5,Adam,,0.0002,5e-07,True,0.7,"[1, 2]","[1, 2, 3]",[0.68794326 2.1920904  0.91725768],0.02,1.0,0.11903,1.95753,0.54545,0.49179,"[0.6087, 0.33333, 0.53333]",807,0.64961,1.17002,0.59091,0.57439,"[0.62857, 0.5, 0.59459]",204,COMPLETED,41.297
260,20251229_131525,gln_phase2_TOP30.csv,30%,Preset_28,MLP,42,24,"[768, 512, 384, 256]",mean,L2,64,4,768,silu,0.5,Adam,,0.0002,5e-07,True,0.7,"[1, 2]","[1, 2, 3]",[0.68794326 2.1920904  0.91725768],0.02,1.0,0.12174,2.33912,0.38636,0.29599,"[0.47619, 0.0, 0.41176]",837,0.52209,1.64977,0.52273,0.50997,"[0.51282, 0.46154, 0.55556]",262,COMPLETED,42.216
703,20251229_131525,baseline_CASIAB_TOP30.csv,30%,Preset_29,MLP,42,12,"[1024, 512, 256, 128]",mean,,32,4,1024,gelu,0.2,AdamW,,0.0003,1e-05,True,0.6,"[2, 3, 4]","[1, 3]",[0.68794326 2.1920904  0.91725768],0.02,1.0,0.12374,1.9632,0.52273,0.44273,"[0.55814, 0.18182, 0.58824]",150,0.50908,1.2773,0.65909,0.65278,"[0.66667, 0.625, 0.66667]",54,COMPLETED,12.974
704,20251229_131525,baseline_OUMVLP_TOP30.csv,30%,Preset_29,MLP,42,11,"[1024, 512, 256, 128]",mean,,32,4,1024,gelu,0.2,AdamW,,0.0003,1e-05,True,0.6,"[2, 3, 4]","[1, 3]",[0.68794326 2.1920904  0.91725768],0.02,1.0,0.12116,2.4389,0.43182,0.36806,"[0.52381, 0.14286, 0.4375]",172,0.15711,2.48438,0.47727,0.43313,"[0.5641, 0.23529, 0.5]",142,COMPLETED,14.972
707,20251229_131525,gaitgl_GREW_BNNeck_TOP30.csv,30%,Preset_29,MLP,42,18,"[1024, 512, 256, 128]",mean,,32,4,1024,gelu,0.2,AdamW,,0.0003,1e-05,True,0.6,"[2, 3, 4]","[1, 3]",[0.68794326 2.1920904  0.91725768],0.02,1.0,0.12756,2.24602,0.5,0.38447,"[0.59091, 0.0, 0.5625]",318,0.73942,1.3633,0.47727,0.44952,"[0.55, 0.31579, 0.48276]",158,COMPLETED,27.329
706,20251229_131525,gaitgl_GREW_TOP30.csv,30%,Preset_29,MLP,42,26,"[1024, 512, 256, 128]",mean,,32,4,1024,gelu,0.2,AdamW,,0.0003,1e-05,True,0.6,"[2, 3, 4]","[1, 3]",[0.68794326 2.1920904  0.91725768],0.02,1.0,0.12135,2.35722,0.43182,0.35608,"[0.57778, 0.13333, 0.35714]",45,0.56691,1.25976,0.45455,0.40827,"[0.55814, 0.26667, 0.4]",8,COMPLETED,4.086
708,20251229_131525,gaitgl_OUMVLP_TOP30.csv,30%,Preset_29,MLP,42,10,"[1024, 512, 256, 128]",mean,,32,4,1024,gelu,0.2,AdamW,,0.0003,1e-05,True,0.6,"[2, 3, 4]","[1, 3]",[0.68794326 2.1920904  0.91725768],0.02,1.0,0.12364,2.2591,0.45455,0.40278,"[0.54167, 0.26667, 0.4]",131,0.15062,2.19182,0.54545,0.5189,"[0.61224, 0.5, 0.44444]",113,COMPLETED,11.626
705,20251229_131525,gaitgl_TOP30.csv,30%,Preset_29,MLP,42,12,"[1024, 512, 256, 128]",mean,,32,4,1024,gelu,0.2,AdamW,,0.0003,1e-05,True,0.6,"[2, 3, 4]","[1, 3]",[0.68794326 2.1920904  0.91725768],0.02,1.0,0.12576,1.95744,0.47727,0.36317,"[0.60465, 0.0, 0.48485]",97,0.28931,1.46534,0.5,0.42783,"[0.59459, 0.13333, 0.55556]",34,COMPLETED,8.51
709,20251229_131525,gaitpart_GREW_TOP30.csv,30%,Preset_29,MLP,42,21,"[1024, 512, 256, 128]",mean,,32,4,1024,gelu,0.2,AdamW,,0.0003,1e-05,True,0.6,"[2, 3, 4]","[1, 3]",[0.68794326 2.1920904  0.91725768],0.02,1.0,0.11747,1.99602,0.54545,0.48937,"[0.6087, 0.30769, 0.55172]",128,0.48339,1.33241,0.56818,0.53488,"[0.60465, 0.4, 0.6]",62,COMPLETED,11.222
710,20251229_131525,gaitpart_OUMVLP_TOP30.csv,30%,Preset_29,MLP,42,13,"[1024, 512, 256, 128]",mean,,32,4,1024,gelu,0.2,AdamW,,0.0003,1e-05,True,0.6,"[2, 3, 4]","[1, 3]",[0.68794326 2.1920904  0.91725768],0.02,1.0,0.12717,2.52523,0.40909,0.3826,"[0.46512, 0.30769, 0.375]",135,0.16567,2.11428,0.5,0.47338,"[0.57778, 0.42857, 0.41379]",91,COMPLETED,11.827
712,20251229_131525,gaitset_GREW_TOP30.csv,30%,Preset_29,MLP,42,24,"[1024, 512, 256, 128]",mean,,32,4,1024,gelu,0.2,AdamW,,0.0003,1e-05,True,0.6,"[2, 3, 4]","[1, 3]",[0.68794326 2.1920904  0.91725768],0.02,1.0,0.11968,1.62835,0.52273,0.49652,"[0.52632, 0.375, 0.58824]",167,0.30229,1.42116,0.59091,0.60061,"[0.61905, 0.66667, 0.51613]",110,COMPLETED,14.585
713,20251229_131525,gaitset_OUMVLP_TOP30.csv,30%,Preset_29,MLP,42,14,"[1024, 512, 256, 128]",mean,,32,4,1024,gelu,0.2,AdamW,,0.0003,1e-05,True,0.6,"[2, 3, 4]","[1, 3]",[0.68794326 2.1920904  0.91725768],0.02,1.0,0.12147,2.29836,0.34091,0.28937,"[0.43478, 0.16667, 0.26667]",181,0.51314,1.36045,0.5,0.41839,"[0.6087, 0.22222, 0.42424]",69,COMPLETED,15.794
711,20251229_131525,gaitset_TOP30.csv,30%,Preset_29,MLP,42,9,"[1024, 512, 256, 128]",mean,,32,4,1024,gelu,0.2,AdamW,,0.0003,1e-05,True,0.6,"[2, 3, 4]","[1, 3]",[0.68794326 2.1920904  0.91725768],0.02,1.0,0.11921,1.94508,0.52273,0.50095,"[0.55814, 0.42857, 0.51613]",252,0.22978,1.67627,0.61364,0.57813,"[0.65217, 0.46154, 0.62069]",158,COMPLETED,21.899
714,20251229_131525,gln_phase1_TOP30.csv,30%,Preset_29,MLP,42,12,"[1024, 512, 256, 128]",mean,,32,4,1024,gelu,0.2,AdamW,,0.0003,1e-05,True,0.6,"[2, 3, 4]","[1, 3]",[0.68794326 2.1920904  0.91725768],0.02,1.0,0.12107,2.21173,0.45455,0.41358,"[0.53659, 0.26667, 0.4375]",181,0.61888,1.16237,0.56818,0.56536,"[0.61111, 0.55556, 0.52941]",57,COMPLETED,15.966
715,20251229_131525,gln_phase2_TOP30.csv,30%,Preset_29,MLP,42,12,"[1024, 512, 256, 128]",mean,,32,4,1024,gelu,0.2,AdamW,,0.0003,1e-05,True,0.6,"[2, 3, 4]","[1, 3]",[0.68794326 2.1920904  0.91725768],0.02,1.0,0.12457,1.99072,0.47727,0.43969,"[0.43243, 0.30769, 0.57895]",197,0.32009,1.34794,0.59091,0.58619,"[0.55556, 0.57143, 0.63158]",102,COMPLETED,17.03
443,20251229_131525,baseline_CASIAB_TOP30.csv,30%,Preset_30,MLP,42,19,"[384, 384, 192]",mean,,48,3,384,silu,0.15,Adam,,0.0006,0.0,True,0.7,"[2, 3]","[1, 3]",[0.68794326 2.1920904  0.91725768],0.02,1.0,0.12542,2.11715,0.5,0.49498,"[0.53333, 0.5, 0.45161]",130,0.54538,1.37354,0.59091,0.54457,"[0.66667, 0.42857, 0.53846]",41,COMPLETED,7.305
444,20251229_131525,baseline_OUMVLP_TOP30.csv,30%,Preset_30,MLP,42,18,"[384, 384, 192]",mean,,48,3,384,silu,0.15,Adam,,0.0006,0.0,True,0.7,"[2, 3]","[1, 3]",[0.68794326 2.1920904  0.91725768],0.02,1.0,0.12856,2.22988,0.38636,0.33939,"[0.4, 0.13333, 0.48485]",137,0.54136,1.46107,0.5,0.47748,"[0.43243, 0.35294, 0.64706]",46,COMPLETED,7.694
447,20251229_131525,gaitgl_GREW_BNNeck_TOP30.csv,30%,Preset_30,MLP,42,31,"[384, 384, 192]",mean,,48,3,384,silu,0.15,Adam,,0.0006,0.0,True,0.7,"[2, 3]","[1, 3]",[0.68794326 2.1920904  0.91725768],0.02,1.0,0.12058,2.89766,0.34091,0.26646,"[0.45455, 0.0, 0.34483]",229,0.26171,2.51236,0.40909,0.3817,"[0.41026, 0.25, 0.48485]",171,COMPLETED,12.877
446,20251229_131525,gaitgl_GREW_TOP30.csv,30%,Preset_30,MLP,42,45,"[384, 384, 192]",mean,,48,3,384,silu,0.15,Adam,,0.0006,0.0,True,0.7,"[2, 3]","[1, 3]",[0.68794326 2.1920904  0.91725768],0.02,1.0,0.12552,2.23072,0.43182,0.31012,"[0.56, 0.0, 0.37037]",48,0.53924,1.21774,0.45455,0.38997,"[0.53659, 0.13333, 0.5]",8,COMPLETED,2.742
448,20251229_131525,gaitgl_OUMVLP_TOP30.csv,30%,Preset_30,MLP,42,23,"[384, 384, 192]",mean,,48,3,384,silu,0.15,Adam,,0.0006,0.0,True,0.7,"[2, 3]","[1, 3]",[0.68794326 2.1920904  0.91725768],0.02,1.0,0.12797,2.21847,0.43182,0.40762,"[0.53659, 0.35294, 0.33333]",90,0.15326,2.22143,0.52273,0.49495,"[0.6, 0.4, 0.48485]",70,COMPLETED,5.192
445,20251229_131525,gaitgl_TOP30.csv,30%,Preset_30,MLP,42,23,"[384, 384, 192]",mean,,48,3,384,silu,0.15,Adam,,0.0006,0.0,True,0.7,"[2, 3]","[1, 3]",[0.68794326 2.1920904  0.91725768],0.02,1.0,0.11867,2.11644,0.43182,0.37368,"[0.5, 0.2, 0.42105]",79,0.1594,2.28488,0.54545,0.52102,"[0.57895, 0.42857, 0.55556]",54,COMPLETED,4.461
449,20251229_131525,gaitpart_GREW_TOP30.csv,30%,Preset_30,MLP,42,34,"[384, 384, 192]",mean,,48,3,384,silu,0.15,Adam,,0.0006,0.0,True,0.7,"[2, 3]","[1, 3]",[0.68794326 2.1920904  0.91725768],0.02,1.0,0.12058,1.90564,0.43182,0.31478,"[0.60377, 0.16667, 0.17391]",106,0.34974,1.25318,0.63636,0.58659,"[0.64865, 0.44444, 0.66667]",57,COMPLETED,5.979
450,20251229_131525,gaitpart_OUMVLP_TOP30.csv,30%,Preset_30,MLP,42,23,"[384, 384, 192]",mean,,48,3,384,silu,0.15,Adam,,0.0006,0.0,True,0.7,"[2, 3]","[1, 3]",[0.68794326 2.1920904  0.91725768],0.02,1.0,0.11949,1.86128,0.5,0.45528,"[0.55814, 0.30769, 0.5]",99,0.13351,1.92124,0.61364,0.55,"[0.65, 0.33333, 0.66667]",85,COMPLETED,5.705
452,20251229_131525,gaitset_GREW_TOP30.csv,30%,Preset_30,MLP,42,39,"[384, 384, 192]",mean,,48,3,384,silu,0.15,Adam,,0.0006,0.0,True,0.7,"[2, 3]","[1, 3]",[0.68794326 2.1920904  0.91725768],0.02,1.0,0.12654,2.3112,0.43182,0.40008,"[0.57143, 0.35294, 0.27586]",119,0.37612,1.42725,0.5,0.48523,"[0.51282, 0.42857, 0.51429]",70,COMPLETED,6.769
453,20251229_131525,gaitset_OUMVLP_TOP30.csv,30%,Preset_30,MLP,42,24,"[384, 384, 192]",mean,,48,3,384,silu,0.15,Adam,,0.0006,0.0,True,0.7,"[2, 3]","[1, 3]",[0.68794326 2.1920904  0.91725768],0.02,1.0,0.12967,2.29097,0.45455,0.35809,"[0.55814, 0.0, 0.51613]",132,0.27084,1.89584,0.54545,0.44634,"[0.66667, 0.15385, 0.51852]",82,COMPLETED,7.443
451,20251229_131525,gaitset_TOP30.csv,30%,Preset_30,MLP,42,16,"[384, 384, 192]",mean,,48,3,384,silu,0.15,Adam,,0.0006,0.0,True,0.7,"[2, 3]","[1, 3]",[0.68794326 2.1920904  0.91725768],0.02,1.0,0.12457,2.06071,0.54545,0.51421,"[0.59091, 0.4, 0.55172]",188,0.2002,1.89351,0.56818,0.53903,"[0.62222, 0.46154, 0.53333]",134,COMPLETED,10.617
454,20251229_131525,gln_phase1_TOP30.csv,30%,Preset_30,MLP,42,21,"[384, 384, 192]",mean,,48,3,384,silu,0.15,Adam,,0.0006,0.0,True,0.7,"[2, 3]","[1, 3]",[0.68794326 2.1920904  0.91725768],0.02,1.0,0.1295,1.46235,0.61364,0.59646,"[0.65, 0.53333, 0.60606]",137,0.18623,1.32439,0.65909,0.64602,"[0.69767, 0.61538, 0.625]",101,COMPLETED,7.787
455,20251229_131525,gln_phase2_TOP30.csv,30%,Preset_30,MLP,42,23,"[384, 384, 192]",mean,,48,3,384,silu,0.15,Adam,,0.0006,0.0,True,0.7,"[2, 3]","[1, 3]",[0.68794326 2.1920904  0.91725768],0.02,1.0,0.12258,2.15736,0.38636,0.33555,"[0.46154, 0.13333, 0.41176]",139,0.53338,1.24658,0.56818,0.52544,"[0.52632, 0.4, 0.65]",51,COMPLETED,7.772
326,20251229_131525,baseline_CASIAB_TOP30.csv,30%,Preset_31,MLP,42,27,"[640, 640, 512]",mean,L2,96,3,640,silu,0.4,AdamW,,0.00015,1e-05,True,0.75,"[1, 2, 3]","[2, 3]",[0.68794326 2.1920904  0.91725768],0.02,1.0,0.12339,2.60562,0.45455,0.42712,"[0.46154, 0.33333, 0.48649]",374,0.12401,2.31755,0.56818,0.56061,"[0.59091, 0.54545, 0.54545]",360,COMPLETED,14.226
327,20251229_131525,baseline_OUMVLP_TOP30.csv,30%,Preset_31,MLP,42,25,"[640, 640, 512]",mean,L2,96,3,640,silu,0.4,AdamW,,0.00015,1e-05,True,0.75,"[1, 2, 3]","[2, 3]",[0.68794326 2.1920904  0.91725768],0.02,1.0,0.12688,1.92667,0.54545,0.45906,"[0.52632, 0.16667, 0.68421]",526,0.42455,1.35167,0.59091,0.56481,"[0.65, 0.44444, 0.6]",171,COMPLETED,19.322
330,20251229_131525,gaitgl_GREW_BNNeck_TOP30.csv,30%,Preset_31,MLP,42,42,"[640, 640, 512]",mean,L2,96,3,640,silu,0.4,AdamW,,0.00015,1e-05,True,0.75,"[1, 2, 3]","[2, 3]",[0.68794326 2.1920904  0.91725768],0.02,1.0,0.12363,2.55231,0.43182,0.32104,"[0.47826, 0.0, 0.48485]",207,0.44209,1.68458,0.54545,0.51313,"[0.58537, 0.33333, 0.62069]",64,COMPLETED,7.657
329,20251229_131525,gaitgl_GREW_TOP30.csv,30%,Preset_31,MLP,42,65,"[640, 640, 512]",mean,L2,96,3,640,silu,0.4,AdamW,,0.00015,1e-05,True,0.75,"[1, 2, 3]","[2, 3]",[0.68794326 2.1920904  0.91725768],0.02,1.0,0.11813,2.0425,0.47727,0.36768,"[0.63636, 0.0, 0.46667]",229,0.30768,1.93513,0.43182,0.40404,"[0.48485, 0.18182, 0.54545]",108,COMPLETED,8.445
331,20251229_131525,gaitgl_OUMVLP_TOP30.csv,30%,Preset_31,MLP,42,43,"[640, 640, 512]",mean,L2,96,3,640,silu,0.4,AdamW,,0.00015,1e-05,True,0.75,"[1, 2, 3]","[2, 3]",[0.68794326 2.1920904  0.91725768],0.02,1.0,0.12215,2.2275,0.43182,0.3561,"[0.54167, 0.18182, 0.34483]",620,0.34209,1.78251,0.54545,0.51406,"[0.57895, 0.375, 0.58824]",318,COMPLETED,22.821
328,20251229_131525,gaitgl_TOP30.csv,30%,Preset_31,MLP,42,34,"[640, 640, 512]",mean,L2,96,3,640,silu,0.4,AdamW,,0.00015,1e-05,True,0.75,"[1, 2, 3]","[2, 3]",[0.68794326 2.1920904  0.91725768],0.02,1.0,0.12622,2.28666,0.36364,0.27009,"[0.4, 0.0, 0.41026]",201,0.27443,1.82952,0.47727,0.4265,"[0.56522, 0.28571, 0.42857]",89,COMPLETED,7.624
332,20251229_131525,gaitpart_GREW_TOP30.csv,30%,Preset_31,MLP,42,42,"[640, 640, 512]",mean,L2,96,3,640,silu,0.4,AdamW,,0.00015,1e-05,True,0.75,"[1, 2, 3]","[2, 3]",[0.68794326 2.1920904  0.91725768],0.02,1.0,0.12572,2.09459,0.52273,0.44746,"[0.64, 0.28571, 0.41667]",300,0.62571,1.15997,0.61364,0.59465,"[0.68293, 0.54545, 0.55556]",78,COMPLETED,11.195
333,20251229_131525,gaitpart_OUMVLP_TOP30.csv,30%,Preset_31,MLP,42,34,"[640, 640, 512]",mean,L2,96,3,640,silu,0.4,AdamW,,0.00015,1e-05,True,0.75,"[1, 2, 3]","[2, 3]",[0.68794326 2.1920904  0.91725768],0.02,1.0,0.12761,2.12806,0.5,0.42691,"[0.4878, 0.18182, 0.61111]",911,0.63591,1.16452,0.56818,0.55104,"[0.57143, 0.47059, 0.61111]",353,COMPLETED,33.863
335,20251229_131525,gaitset_GREW_TOP30.csv,30%,Preset_31,MLP,42,51,"[640, 640, 512]",mean,L2,96,3,640,silu,0.4,AdamW,,0.00015,1e-05,True,0.75,"[1, 2, 3]","[2, 3]",[0.68794326 2.1920904  0.91725768],0.02,1.0,0.12394,2.17877,0.5,0.3974,"[0.64, 0.18182, 0.37037]",206,0.13271,2.13862,0.59091,0.51619,"[0.72, 0.4, 0.42857]",169,COMPLETED,7.759
336,20251229_131525,gaitset_OUMVLP_TOP30.csv,30%,Preset_31,MLP,42,35,"[640, 640, 512]",mean,L2,96,3,640,silu,0.4,AdamW,,0.00015,1e-05,True,0.75,"[1, 2, 3]","[2, 3]",[0.68794326 2.1920904  0.91725768],0.02,1.0,0.12748,2.08797,0.56818,0.47601,"[0.63636, 0.16667, 0.625]",744,0.13479,2.0793,0.59091,0.49483,"[0.65116, 0.16667, 0.66667]",696,COMPLETED,27.858
334,20251229_131525,gaitset_TOP30.csv,30%,Preset_31,MLP,42,22,"[640, 640, 512]",mean,L2,96,3,640,silu,0.4,AdamW,,0.00015,1e-05,True,0.75,"[1, 2, 3]","[2, 3]",[0.68794326 2.1920904  0.91725768],0.02,1.0,0.12769,1.87547,0.52273,0.4883,"[0.63158, 0.33333, 0.5]",427,0.19693,1.66292,0.54545,0.51672,"[0.55556, 0.4, 0.59459]",230,COMPLETED,16.236
337,20251229_131525,gln_phase1_TOP30.csv,30%,Preset_31,MLP,42,29,"[640, 640, 512]",mean,L2,96,3,640,silu,0.4,AdamW,,0.00015,1e-05,True,0.75,"[1, 2, 3]","[2, 3]",[0.68794326 2.1920904  0.91725768],0.02,1.0,0.12743,1.86965,0.47727,0.43492,"[0.54545, 0.30769, 0.45161]",320,0.74596,1.07075,0.59091,0.5883,"[0.63158, 0.6, 0.53333]",45,COMPLETED,11.838
338,20251229_131525,gln_phase2_TOP30.csv,30%,Preset_31,MLP,42,32,"[640, 640, 512]",mean,L2,96,3,640,silu,0.4,AdamW,,0.00015,1e-05,True,0.75,"[1, 2, 3]","[2, 3]",[0.68794326 2.1920904  0.91725768],0.02,1.0,0.1276,2.45103,0.34091,0.27652,"[0.35897, 0.0, 0.47059]",336,0.60927,1.31447,0.5,0.49194,"[0.5, 0.46154, 0.51429]",72,COMPLETED,12.405
456,20251229_131525,baseline_CASIAB_TOP30.csv,30%,Preset_32,MLP,42,34,"[768, 512, 256]",mean,L2,80,3,768,silu,0.4,Adam,,0.00015,2e-07,True,0.8,"[1, 2]","[1, 2]",[0.68794326 2.1920904  0.91725768],0.02,1.0,0.12555,2.39342,0.43182,0.40918,"[0.48889, 0.36364, 0.375]",569,0.14845,2.53401,0.54545,0.54227,"[0.56522, 0.54545, 0.51613]",447,COMPLETED,20.53
457,20251229_131525,baseline_OUMVLP_TOP30.csv,30%,Preset_32,MLP,42,33,"[768, 512, 256]",mean,L2,80,3,768,silu,0.4,Adam,,0.00015,2e-07,True,0.8,"[1, 2]","[1, 2]",[0.68794326 2.1920904  0.91725768],0.02,1.0,0.1277,2.1191,0.45455,0.39621,"[0.46512, 0.14286, 0.58065]",643,0.15548,2.36155,0.5,0.48115,"[0.4878, 0.375, 0.58065]",512,COMPLETED,23.005
460,20251229_131525,gaitgl_GREW_BNNeck_TOP30.csv,30%,Preset_32,MLP,42,53,"[768, 512, 256]",mean,L2,80,3,768,silu,0.4,Adam,,0.00015,2e-07,True,0.8,"[1, 2]","[1, 2]",[0.68794326 2.1920904  0.91725768],0.02,1.0,0.12583,2.49072,0.45455,0.34799,"[0.51064, 0.0, 0.53333]",346,0.42359,1.94087,0.52273,0.44459,"[0.59091, 0.14286, 0.6]",146,COMPLETED,12.427
459,20251229_131525,gaitgl_GREW_TOP30.csv,30%,Preset_32,MLP,42,80,"[768, 512, 256]",mean,L2,80,3,768,silu,0.4,Adam,,0.00015,2e-07,True,0.8,"[1, 2]","[1, 2]",[0.68794326 2.1920904  0.91725768],0.02,1.0,0.12524,2.35952,0.47727,0.36822,"[0.60465, 0.0, 0.5]",276,0.70068,1.64155,0.45455,0.39904,"[0.54054, 0.11111, 0.54545]",103,COMPLETED,9.91
461,20251229_131525,gaitgl_OUMVLP_TOP30.csv,30%,Preset_32,MLP,42,56,"[768, 512, 256]",mean,L2,80,3,768,silu,0.4,Adam,,0.00015,2e-07,True,0.8,"[1, 2]","[1, 2]",[0.68794326 2.1920904  0.91725768],0.02,1.0,0.12788,2.25656,0.56818,0.50386,"[0.65217, 0.30769, 0.55172]",574,0.49316,1.6487,0.59091,0.57768,"[0.61905, 0.53333, 0.58065]",380,COMPLETED,20.517
458,20251229_131525,gaitgl_TOP30.csv,30%,Preset_32,MLP,42,42,"[768, 512, 256]",mean,L2,80,3,768,silu,0.4,Adam,,0.00015,2e-07,True,0.8,"[1, 2]","[1, 2]",[0.68794326 2.1920904  0.91725768],0.02,1.0,0.1243,2.24013,0.40909,0.31081,"[0.5, 0.0, 0.43243]",434,0.25796,2.45198,0.5,0.47066,"[0.58537, 0.375, 0.45161]",191,COMPLETED,15.932
462,20251229_131525,gaitpart_GREW_TOP30.csv,30%,Preset_32,MLP,42,53,"[768, 512, 256]",mean,L2,80,3,768,silu,0.4,Adam,,0.00015,2e-07,True,0.8,"[1, 2]","[1, 2]",[0.68794326 2.1920904  0.91725768],0.02,1.0,0.1232,1.95729,0.52273,0.45549,"[0.65217, 0.28571, 0.42857]",358,0.60343,1.38346,0.56818,0.55,"[0.65, 0.5, 0.5]",158,COMPLETED,13.035
463,20251229_131525,gaitpart_OUMVLP_TOP30.csv,30%,Preset_32,MLP,42,42,"[768, 512, 256]",mean,L2,80,3,768,silu,0.4,Adam,,0.00015,2e-07,True,0.8,"[1, 2]","[1, 2]",[0.68794326 2.1920904  0.91725768],0.02,1.0,0.12674,2.3172,0.43182,0.37225,"[0.51282, 0.13333, 0.47059]",875,0.64186,1.36221,0.52273,0.49512,"[0.5, 0.4, 0.58537]",525,COMPLETED,31.738
465,20251229_131525,gaitset_GREW_TOP30.csv,30%,Preset_32,MLP,42,63,"[768, 512, 256]",mean,L2,80,3,768,silu,0.4,Adam,,0.00015,2e-07,True,0.8,"[1, 2]","[1, 2]",[0.68794326 2.1920904  0.91725768],0.02,1.0,0.12547,2.35341,0.54545,0.48849,"[0.68085, 0.4, 0.38462]",283,0.16028,2.43831,0.54545,0.49841,"[0.66667, 0.4, 0.42857]",237,COMPLETED,10.316
466,20251229_131525,gaitset_OUMVLP_TOP30.csv,30%,Preset_32,MLP,42,45,"[768, 512, 256]",mean,L2,80,3,768,silu,0.4,Adam,,0.00015,2e-07,True,0.8,"[1, 2]","[1, 2]",[0.68794326 2.1920904  0.91725768],0.02,1.0,0.12622,1.77981,0.59091,0.48972,"[0.66667, 0.18182, 0.62069]",684,0.18636,1.95791,0.63636,0.5266,"[0.70833, 0.18182, 0.68966]",578,COMPLETED,24.987
464,20251229_131525,gaitset_TOP30.csv,30%,Preset_32,MLP,42,28,"[768, 512, 256]",mean,L2,80,3,768,silu,0.4,Adam,,0.00015,2e-07,True,0.8,"[1, 2]","[1, 2]",[0.68794326 2.1920904  0.91725768],0.02,1.0,0.12816,1.89875,0.47727,0.45206,"[0.55556, 0.31579, 0.48485]",677,0.13247,1.81102,0.54545,0.50999,"[0.63158, 0.35294, 0.54545]",607,COMPLETED,24.347
467,20251229_131525,gln_phase1_TOP30.csv,30%,Preset_32,MLP,42,39,"[768, 512, 256]",mean,L2,80,3,768,silu,0.4,Adam,,0.00015,2e-07,True,0.8,"[1, 2]","[1, 2]",[0.68794326 2.1920904  0.91725768],0.02,1.0,0.12534,2.1106,0.40909,0.34851,"[0.48889, 0.14286, 0.41379]",493,0.35074,1.80603,0.54545,0.51785,"[0.63415, 0.38095, 0.53846]",219,COMPLETED,17.453
468,20251229_131525,gln_phase2_TOP30.csv,30%,Preset_32,MLP,42,42,"[768, 512, 256]",mean,L2,80,3,768,silu,0.4,Adam,,0.00015,2e-07,True,0.8,"[1, 2]","[1, 2]",[0.68794326 2.1920904  0.91725768],0.02,1.0,0.12861,1.94282,0.5,0.40269,"[0.56522, 0.0, 0.64286]",443,0.72351,1.18905,0.54545,0.49364,"[0.57895, 0.23529, 0.66667]",122,COMPLETED,15.935
560,20251229_131525,baseline_CASIAB_TOP30.csv,30%,Preset_33,MLP,42,24,"[896, 896, 896, 896]",mean,,96,4,896,silu,0.45,AdamW,,0.00015,1e-05,True,0.75,"[1, 2, 3, 4]","[2, 3, 4]",[0.68794326 2.1920904  0.91725768],0.02,1.0,0.12585,2.43622,0.52273,0.50266,"[0.55, 0.42857, 0.52941]",312,0.18744,2.57249,0.59091,0.56222,"[0.61905, 0.46154, 0.60606]",200,COMPLETED,12.732
561,20251229_131525,baseline_OUMVLP_TOP30.csv,30%,Preset_33,MLP,42,24,"[896, 896, 896, 896]",mean,,96,4,896,silu,0.45,AdamW,,0.00015,1e-05,True,0.75,"[1, 2, 3, 4]","[2, 3, 4]",[0.68794326 2.1920904  0.91725768],0.02,1.0,0.11738,2.40053,0.54545,0.42512,"[0.6087, 0.0, 0.66667]",292,0.41159,1.76443,0.52273,0.4757,"[0.51282, 0.28571, 0.62857]",99,COMPLETED,12.99
564,20251229_131525,gaitgl_GREW_BNNeck_TOP30.csv,30%,Preset_33,MLP,42,40,"[896, 896, 896, 896]",mean,,96,4,896,silu,0.45,AdamW,,0.00015,1e-05,True,0.75,"[1, 2, 3, 4]","[2, 3, 4]",[0.68794326 2.1920904  0.91725768],0.02,1.0,0.11991,3.24306,0.34091,0.27537,"[0.43902, 0.0, 0.3871]",595,0.29546,2.65953,0.5,0.45665,"[0.51282, 0.28571, 0.57143]",387,COMPLETED,27.417
563,20251229_131525,gaitgl_GREW_TOP30.csv,30%,Preset_33,MLP,42,58,"[896, 896, 896, 896]",mean,,96,4,896,silu,0.45,AdamW,,0.00015,1e-05,True,0.75,"[1, 2, 3, 4]","[2, 3, 4]",[0.68794326 2.1920904  0.91725768],0.02,1.0,0.12026,2.15552,0.5,0.38406,"[0.65217, 0.0, 0.5]",65,0.65858,1.37377,0.5,0.40675,"[0.625, 0.16667, 0.42857]",13,COMPLETED,2.997
565,20251229_131525,gaitgl_OUMVLP_TOP30.csv,30%,Preset_33,MLP,42,33,"[896, 896, 896, 896]",mean,,96,4,896,silu,0.45,AdamW,,0.00015,1e-05,True,0.75,"[1, 2, 3, 4]","[2, 3, 4]",[0.68794326 2.1920904  0.91725768],0.02,1.0,0.12074,2.7883,0.47727,0.43876,"[0.54545, 0.33333, 0.4375]",124,0.12846,2.7628,0.52273,0.5098,"[0.57778, 0.5, 0.45161]",121,COMPLETED,5.209
562,20251229_131525,gaitgl_TOP30.csv,30%,Preset_33,MLP,42,30,"[896, 896, 896, 896]",mean,,96,4,896,silu,0.45,AdamW,,0.00015,1e-05,True,0.75,"[1, 2, 3, 4]","[2, 3, 4]",[0.68794326 2.1920904  0.91725768],0.02,1.0,0.12581,2.56297,0.5,0.45238,"[0.57143, 0.28571, 0.5]",105,0.2058,2.79543,0.52273,0.47277,"[0.54054, 0.26667, 0.61111]",61,COMPLETED,5.09
566,20251229_131525,gaitpart_GREW_TOP30.csv,30%,Preset_33,MLP,42,42,"[896, 896, 896, 896]",mean,,96,4,896,silu,0.45,AdamW,,0.00015,1e-05,True,0.75,"[1, 2, 3, 4]","[2, 3, 4]",[0.68794326 2.1920904  0.91725768],0.02,1.0,0.11839,2.25773,0.54545,0.50377,"[0.6383, 0.42857, 0.44444]",204,0.6426,1.21669,0.61364,0.57463,"[0.68421, 0.42857, 0.61111]",68,COMPLETED,9.088
567,20251229_131525,gaitpart_OUMVLP_TOP30.csv,30%,Preset_33,MLP,42,30,"[896, 896, 896, 896]",mean,,96,4,896,silu,0.45,AdamW,,0.00015,1e-05,True,0.75,"[1, 2, 3, 4]","[2, 3, 4]",[0.68794326 2.1920904  0.91725768],0.02,1.0,0.1278,2.57265,0.47727,0.39955,"[0.56522, 0.18182, 0.45161]",155,0.16401,2.6007,0.56818,0.52004,"[0.58537, 0.36364, 0.61111]",120,COMPLETED,6.918
569,20251229_131525,gaitset_GREW_TOP30.csv,30%,Preset_33,MLP,42,48,"[896, 896, 896, 896]",mean,,96,4,896,silu,0.45,AdamW,,0.00015,1e-05,True,0.75,"[1, 2, 3, 4]","[2, 3, 4]",[0.68794326 2.1920904  0.91725768],0.02,1.0,0.11417,2.72824,0.43182,0.38466,"[0.58537, 0.23529, 0.33333]",268,0.1685,2.72722,0.52273,0.49537,"[0.55556, 0.375, 0.55556]",238,COMPLETED,11.833
570,20251229_131525,gaitset_OUMVLP_TOP30.csv,30%,Preset_33,MLP,42,32,"[896, 896, 896, 896]",mean,,96,4,896,silu,0.45,AdamW,,0.00015,1e-05,True,0.75,"[1, 2, 3, 4]","[2, 3, 4]",[0.68794326 2.1920904  0.91725768],0.02,1.0,0.12307,2.27476,0.56818,0.41941,"[0.65217, 0.0, 0.60606]",270,0.46989,2.14475,0.5,0.47405,"[0.52632, 0.33333, 0.5625]",107,COMPLETED,11.794
568,20251229_131525,gaitset_TOP30.csv,30%,Preset_33,MLP,42,20,"[896, 896, 896, 896]",mean,,96,4,896,silu,0.45,AdamW,,0.00015,1e-05,True,0.75,"[1, 2, 3, 4]","[2, 3, 4]",[0.68794326 2.1920904  0.91725768],0.02,1.0,0.12777,2.10265,0.56818,0.50798,"[0.65, 0.28571, 0.58824]",527,0.13358,2.17593,0.59091,0.5504,"[0.63158, 0.35294, 0.66667]",465,COMPLETED,23.68
571,20251229_131525,gln_phase1_TOP30.csv,30%,Preset_33,MLP,42,28,"[896, 896, 896, 896]",mean,,96,4,896,silu,0.45,AdamW,,0.00015,1e-05,True,0.75,"[1, 2, 3, 4]","[2, 3, 4]",[0.68794326 2.1920904  0.91725768],0.02,1.0,0.12412,2.26235,0.52273,0.4648,"[0.6087, 0.28571, 0.5]",271,0.61176,1.21984,0.59091,0.5787,"[0.61111, 0.5, 0.625]",77,COMPLETED,11.861
572,20251229_131525,gln_phase2_TOP30.csv,30%,Preset_33,MLP,42,30,"[896, 896, 896, 896]",mean,,96,4,896,silu,0.45,AdamW,,0.00015,1e-05,True,0.75,"[1, 2, 3, 4]","[2, 3, 4]",[0.68794326 2.1920904  0.91725768],0.02,1.0,0.12537,2.9109,0.31818,0.24347,"[0.45455, 0.0, 0.27586]",283,0.66682,1.35169,0.5,0.45684,"[0.47368, 0.28571, 0.61111]",77,COMPLETED,12.735
300,20251229_131525,baseline_CASIAB_TOP30.csv,30%,Preset_34,MLP,42,34,"[1024, 1024, 512]",mean,L2,128,3,1024,silu,0.4,Adam,,0.0002,0.0,True,0.8,"[1, 2, 3]","[2, 3]",[0.68794326 2.1920904  0.91725768],0.02,1.0,0.12621,2.32123,0.52273,0.48629,"[0.52381, 0.36364, 0.57143]",219,0.26538,2.28814,0.56818,0.5618,"[0.57143, 0.53333, 0.58065]",132,COMPLETED,6.969
301,20251229_131525,baseline_OUMVLP_TOP30.csv,30%,Preset_34,MLP,42,33,"[1024, 1024, 512]",mean,L2,128,3,1024,silu,0.4,Adam,,0.0002,0.0,True,0.8,"[1, 2, 3]","[2, 3]",[0.68794326 2.1920904  0.91725768],0.02,1.0,0.12118,2.36144,0.40909,0.39866,"[0.41026, 0.28571, 0.5]",306,0.53902,1.35472,0.61364,0.57453,"[0.65217, 0.42857, 0.64286]",130,COMPLETED,10.055
304,20251229_131525,gaitgl_GREW_BNNeck_TOP30.csv,30%,Preset_34,MLP,42,53,"[1024, 1024, 512]",mean,L2,128,3,1024,silu,0.4,Adam,,0.0002,0.0,True,0.8,"[1, 2, 3]","[2, 3]",[0.68794326 2.1920904  0.91725768],0.02,1.0,0.12904,2.57628,0.45455,0.38746,"[0.5641, 0.15385, 0.44444]",144,0.32779,2.02596,0.52273,0.47028,"[0.61538, 0.25, 0.54545]",76,COMPLETED,4.374
303,20251229_131525,gaitgl_GREW_TOP30.csv,30%,Preset_34,MLP,42,80,"[1024, 1024, 512]",mean,L2,128,3,1024,silu,0.4,Adam,,0.0002,0.0,True,0.8,"[1, 2, 3]","[2, 3]",[0.68794326 2.1920904  0.91725768],0.02,1.0,0.12349,2.15955,0.47727,0.38088,"[0.59091, 0.0, 0.55172]",157,0.30359,1.98448,0.54545,0.51465,"[0.61538, 0.28571, 0.64286]",109,COMPLETED,4.755
305,20251229_131525,gaitgl_OUMVLP_TOP30.csv,30%,Preset_34,MLP,42,56,"[1024, 1024, 512]",mean,L2,128,3,1024,silu,0.4,Adam,,0.0002,0.0,True,0.8,"[1, 2, 3]","[2, 3]",[0.68794326 2.1920904  0.91725768],0.02,1.0,0.12645,1.95398,0.63636,0.58615,"[0.72, 0.5, 0.53846]",361,0.12833,1.9356,0.63636,0.58615,"[0.72, 0.5, 0.53846]",357,COMPLETED,12.14
302,20251229_131525,gaitgl_TOP30.csv,30%,Preset_34,MLP,42,42,"[1024, 1024, 512]",mean,L2,128,3,1024,silu,0.4,Adam,,0.0002,0.0,True,0.8,"[1, 2, 3]","[2, 3]",[0.68794326 2.1920904  0.91725768],0.02,1.0,0.12269,2.50393,0.43182,0.37115,"[0.5, 0.14286, 0.47059]",123,0.1377,2.51682,0.5,0.45466,"[0.57143, 0.30769, 0.48485]",105,COMPLETED,3.794
306,20251229_131525,gaitpart_GREW_TOP30.csv,30%,Preset_34,MLP,42,53,"[1024, 1024, 512]",mean,L2,128,3,1024,silu,0.4,Adam,,0.0002,0.0,True,0.8,"[1, 2, 3]","[2, 3]",[0.68794326 2.1920904  0.91725768],0.02,1.0,0.1197,1.95316,0.45455,0.38233,"[0.61224, 0.35294, 0.18182]",193,0.58275,1.41143,0.56818,0.55072,"[0.65217, 0.57143, 0.42857]",93,COMPLETED,6.434
307,20251229_131525,gaitpart_OUMVLP_TOP30.csv,30%,Preset_34,MLP,42,42,"[1024, 1024, 512]",mean,L2,128,3,1024,silu,0.4,Adam,,0.0002,0.0,True,0.8,"[1, 2, 3]","[2, 3]",[0.68794326 2.1920904  0.91725768],0.02,1.0,0.12479,2.69423,0.47727,0.43384,"[0.55, 0.26667, 0.48485]",577,0.74446,1.04194,0.56818,0.54595,"[0.62857, 0.42105, 0.58824]",304,COMPLETED,18.653
309,20251229_131525,gaitset_GREW_TOP30.csv,30%,Preset_34,MLP,42,63,"[1024, 1024, 512]",mean,L2,128,3,1024,silu,0.4,Adam,,0.0002,0.0,True,0.8,"[1, 2, 3]","[2, 3]",[0.68794326 2.1920904  0.91725768],0.02,1.0,0.12682,2.48271,0.40909,0.39073,"[0.48649, 0.28571, 0.4]",143,0.16637,2.2066,0.52273,0.47483,"[0.66667, 0.46154, 0.2963]",118,COMPLETED,4.546
310,20251229_131525,gaitset_OUMVLP_TOP30.csv,30%,Preset_34,MLP,42,45,"[1024, 1024, 512]",mean,L2,128,3,1024,silu,0.4,Adam,,0.0002,0.0,True,0.8,"[1, 2, 3]","[2, 3]",[0.68794326 2.1920904  0.91725768],0.02,1.0,0.12561,1.95086,0.56818,0.47337,"[0.6383, 0.18182, 0.6]",456,0.12561,1.95086,0.56818,0.47337,"[0.6383, 0.18182, 0.6]",456,COMPLETED,15.397
308,20251229_131525,gaitset_TOP30.csv,30%,Preset_34,MLP,42,28,"[1024, 1024, 512]",mean,L2,128,3,1024,silu,0.4,Adam,,0.0002,0.0,True,0.8,"[1, 2, 3]","[2, 3]",[0.68794326 2.1920904  0.91725768],0.02,1.0,0.12872,1.97243,0.43182,0.39738,"[0.54054, 0.2, 0.45161]",242,0.23,1.80788,0.54545,0.50372,"[0.65116, 0.3, 0.56]",172,COMPLETED,7.746
311,20251229_131525,gln_phase1_TOP30.csv,30%,Preset_34,MLP,42,39,"[1024, 1024, 512]",mean,L2,128,3,1024,silu,0.4,Adam,,0.0002,0.0,True,0.8,"[1, 2, 3]","[2, 3]",[0.68794326 2.1920904  0.91725768],0.02,1.0,0.12538,2.45794,0.5,0.49512,"[0.52381, 0.5, 0.46154]",194,0.73543,1.15534,0.54545,0.53445,"[0.5625, 0.43478, 0.60606]",48,COMPLETED,6.063
312,20251229_131525,gln_phase2_TOP30.csv,30%,Preset_34,MLP,42,42,"[1024, 1024, 512]",mean,L2,128,3,1024,silu,0.4,Adam,,0.0002,0.0,True,0.8,"[1, 2, 3]","[2, 3]",[0.68794326 2.1920904  0.91725768],0.02,1.0,0.12727,2.2978,0.5,0.42944,"[0.54545, 0.14286, 0.6]",199,0.61512,1.23258,0.56818,0.47925,"[0.58537, 0.16667, 0.68571]",66,COMPLETED,6.821
1119,20251229_131525,baseline_CASIAB_TOP30.csv,30%,Preset_35,MLP,42,44,"[1280, 896, 512, 256]",mean,L2,64,4,1280,silu,0.5,AdamW,,0.0002,1e-06,True,0.85,"[1, 3]","[1, 3]",[0.68794326 2.1920904  0.91725768],0.02,1.0,0.1203,2.10418,0.5,0.47838,"[0.55319, 0.44444, 0.4375]",227,0.13712,2.13136,0.54545,0.51938,"[0.55814, 0.44444, 0.55556]",202,COMPLETED,11.487
1120,20251229_131525,baseline_OUMVLP_TOP30.csv,30%,Preset_35,MLP,42,45,"[1280, 896, 512, 256]",mean,L2,64,4,1280,silu,0.5,AdamW,,0.0002,1e-06,True,0.85,"[1, 3]","[1, 3]",[0.68794326 2.1920904  0.91725768],0.02,1.0,0.12586,1.76182,0.52273,0.4648,"[0.6087, 0.28571, 0.5]",277,0.6654,1.34065,0.54545,0.52508,"[0.59459, 0.4, 0.58065]",119,COMPLETED,14.894
1123,20251229_131525,gaitgl_GREW_BNNeck_TOP30.csv,30%,Preset_35,MLP,42,68,"[1280, 896, 512, 256]",mean,L2,64,4,1280,silu,0.5,AdamW,,0.0002,1e-06,True,0.85,"[1, 3]","[1, 3]",[0.68794326 2.1920904  0.91725768],0.02,1.0,0.12985,2.68837,0.43182,0.32577,"[0.51064, 0.0, 0.46667]",157,0.72234,1.36852,0.5,0.45591,"[0.51282, 0.26667, 0.58824]",47,COMPLETED,8.05
1122,20251229_131525,gaitgl_GREW_TOP30.csv,30%,Preset_35,MLP,42,98,"[1280, 896, 512, 256]",mean,L2,64,4,1280,silu,0.5,AdamW,,0.0002,1e-06,True,0.85,"[1, 3]","[1, 3]",[0.68794326 2.1920904  0.91725768],0.02,1.0,0.12909,1.91306,0.47727,0.37037,"[0.57778, 0.0, 0.53333]",165,0.29587,1.6715,0.54545,0.46562,"[0.65116, 0.125, 0.62069]",100,COMPLETED,8.473
1124,20251229_131525,gaitgl_OUMVLP_TOP30.csv,30%,Preset_35,MLP,42,74,"[1280, 896, 512, 256]",mean,L2,64,4,1280,silu,0.5,AdamW,,0.0002,1e-06,True,0.85,"[1, 3]","[1, 3]",[0.68794326 2.1920904  0.91725768],0.02,1.0,0.12392,2.05958,0.5,0.46185,"[0.6383, 0.46154, 0.28571]",309,0.30398,1.62124,0.52273,0.50161,"[0.61905, 0.46154, 0.42424]",227,COMPLETED,16.219
1121,20251229_131525,gaitgl_TOP30.csv,30%,Preset_35,MLP,42,52,"[1280, 896, 512, 256]",mean,L2,64,4,1280,silu,0.5,AdamW,,0.0002,1e-06,True,0.85,"[1, 3]","[1, 3]",[0.68794326 2.1920904  0.91725768],0.02,1.0,0.1223,2.27717,0.43182,0.37059,"[0.5, 0.2, 0.41176]",176,0.19965,2.48904,0.52273,0.47963,"[0.60465, 0.36364, 0.47059]",120,COMPLETED,9.217
1125,20251229_131525,gaitpart_GREW_TOP30.csv,30%,Preset_35,MLP,42,66,"[1280, 896, 512, 256]",mean,L2,64,4,1280,silu,0.5,AdamW,,0.0002,1e-06,True,0.85,"[1, 3]","[1, 3]",[0.68794326 2.1920904  0.91725768],0.02,1.0,0.11629,1.64734,0.45455,0.41721,"[0.59091, 0.375, 0.28571]",200,0.38578,1.30004,0.61364,0.59508,"[0.69767, 0.57143, 0.51613]",122,COMPLETED,10.472
1126,20251229_131525,gaitpart_OUMVLP_TOP30.csv,30%,Preset_35,MLP,42,53,"[1280, 896, 512, 256]",mean,L2,64,4,1280,silu,0.5,AdamW,,0.0002,1e-06,True,0.85,"[1, 3]","[1, 3]",[0.68794326 2.1920904  0.91725768],0.02,1.0,0.12179,2.27555,0.54545,0.51236,"[0.62857, 0.35294, 0.55556]",491,0.45068,1.47646,0.56818,0.56096,"[0.61111, 0.52632, 0.54545]",338,COMPLETED,25.688
1128,20251229_131525,gaitset_GREW_TOP30.csv,30%,Preset_35,MLP,42,79,"[1280, 896, 512, 256]",mean,L2,64,4,1280,silu,0.5,AdamW,,0.0002,1e-06,True,0.85,"[1, 3]","[1, 3]",[0.68794326 2.1920904  0.91725768],0.02,1.0,0.12544,2.33797,0.52273,0.46717,"[0.65, 0.26667, 0.48485]",156,0.49078,1.47415,0.52273,0.50602,"[0.55556, 0.4, 0.5625]",82,COMPLETED,7.799
1129,20251229_131525,gaitset_OUMVLP_TOP30.csv,30%,Preset_35,MLP,42,59,"[1280, 896, 512, 256]",mean,L2,64,4,1280,silu,0.5,AdamW,,0.0002,1e-06,True,0.85,"[1, 3]","[1, 3]",[0.68794326 2.1920904  0.91725768],0.02,1.0,0.127,1.76006,0.54545,0.45445,"[0.625, 0.22222, 0.51613]",388,0.23256,1.66103,0.59091,0.49859,"[0.65116, 0.25, 0.59459]",315,COMPLETED,19.727
1127,20251229_131525,gaitset_TOP30.csv,30%,Preset_35,MLP,42,38,"[1280, 896, 512, 256]",mean,L2,64,4,1280,silu,0.5,AdamW,,0.0002,1e-06,True,0.85,"[1, 3]","[1, 3]",[0.68794326 2.1920904  0.91725768],0.02,1.0,0.12808,1.80295,0.52273,0.50616,"[0.5641, 0.42105, 0.53333]",230,0.124,1.75803,0.56818,0.55114,"[0.59459, 0.47059, 0.58824]",228,COMPLETED,11.838
1130,20251229_131525,gln_phase1_TOP30.csv,30%,Preset_35,MLP,42,53,"[1280, 896, 512, 256]",mean,L2,64,4,1280,silu,0.5,AdamW,,0.0002,1e-06,True,0.85,"[1, 3]","[1, 3]",[0.68794326 2.1920904  0.91725768],0.02,1.0,0.12009,2.12178,0.47727,0.40278,"[0.54167, 0.16667, 0.5]",209,0.68923,1.21459,0.56818,0.55361,"[0.54545, 0.5, 0.61538]",64,COMPLETED,11.252
1131,20251229_131525,gln_phase2_TOP30.csv,30%,Preset_35,MLP,42,57,"[1280, 896, 512, 256]",mean,L2,64,4,1280,silu,0.5,AdamW,,0.0002,1e-06,True,0.85,"[1, 3]","[1, 3]",[0.68794326 2.1920904  0.91725768],0.02,1.0,0.12796,2.00685,0.56818,0.47295,"[0.65217, 0.16667, 0.6]",187,0.17188,2.01813,0.56818,0.47933,"[0.60465, 0.16667, 0.66667]",155,COMPLETED,9.139
27,20251229_131525,baseline_CASIAB_TOP30.csv,30%,Preset_36,MLP,42,59,"[512, 256]",mean,L2,64,2,512,silu,,RMSprop,,0.001,1e-07,True,0.9,[],[],[0.68794326 2.1920904  0.91725768],0.02,1.0,0.12764,4.27086,0.38636,0.36038,"[0.46154, 0.26667, 0.35294]",650,0.19846,4.0434,0.45455,0.44364,"[0.48649, 0.4, 0.44444]",431,COMPLETED,25.524
28,20251229_131525,baseline_OUMVLP_TOP30.csv,30%,Preset_36,MLP,42,62,"[512, 256]",mean,L2,64,2,512,silu,,RMSprop,,0.001,1e-07,True,0.9,[],[],[0.68794326 2.1920904  0.91725768],0.02,1.0,0.12997,2.3558,0.56818,0.51184,"[0.60465, 0.28571, 0.64516]",716,0.12912,2.41543,0.56818,0.51459,"[0.59091, 0.30769, 0.64516]",688,COMPLETED,27.025
31,20251229_131525,gaitgl_GREW_BNNeck_TOP30.csv,30%,Preset_36,MLP,42,89,"[512, 256]",mean,L2,64,2,512,silu,,RMSprop,,0.001,1e-07,True,0.9,[],[],[0.68794326 2.1920904  0.91725768],0.02,1.0,0.12604,4.61742,0.34091,0.3213,"[0.38889, 0.2, 0.375]",518,0.67837,1.74937,0.45455,0.43544,"[0.54545, 0.26087, 0.5]",68,COMPLETED,21.202
30,20251229_131525,gaitgl_GREW_TOP30.csv,30%,Preset_36,MLP,42,121,"[512, 256]",mean,L2,64,2,512,silu,,RMSprop,,0.001,1e-07,True,0.9,[],[],[0.68794326 2.1920904  0.91725768],0.02,1.0,0.12652,4.26089,0.38636,0.30623,"[0.46154, 0.0, 0.45714]",472,0.74394,1.41551,0.38636,0.36218,"[0.44444, 0.19048, 0.45161]",13,COMPLETED,17.787
32,20251229_131525,gaitgl_OUMVLP_TOP30.csv,30%,Preset_36,MLP,42,99,"[512, 256]",mean,L2,64,2,512,silu,,RMSprop,,0.001,1e-07,True,0.9,[],[],[0.68794326 2.1920904  0.91725768],0.02,1.0,0.12711,3.23508,0.36364,0.27207,"[0.55814, 0.0, 0.25806]",711,0.72103,1.53053,0.52273,0.47239,"[0.57895, 0.25, 0.58824]",182,COMPLETED,28.17
29,20251229_131525,gaitgl_TOP30.csv,30%,Preset_36,MLP,42,66,"[512, 256]",mean,L2,64,2,512,silu,,RMSprop,,0.001,1e-07,True,0.9,[],[],[0.68794326 2.1920904  0.91725768],0.02,1.0,0.12799,3.09706,0.38636,0.35387,"[0.52632, 0.19048, 0.34483]",453,0.718,1.26648,0.59091,0.56099,"[0.65, 0.46154, 0.57143]",144,COMPLETED,18.051
33,20251229_131525,gaitpart_GREW_TOP30.csv,30%,Preset_36,MLP,42,85,"[512, 256]",mean,L2,64,2,512,silu,,RMSprop,,0.001,1e-07,True,0.9,[],[],[0.68794326 2.1920904  0.91725768],0.02,1.0,0.12686,3.89229,0.27273,0.24908,"[0.43243, 0.16667, 0.14815]",670,0.40254,2.25909,0.5,0.46826,"[0.65, 0.32, 0.43478]",265,COMPLETED,26.69
34,20251229_131525,gaitpart_OUMVLP_TOP30.csv,30%,Preset_36,MLP,42,69,"[512, 256]",mean,L2,64,2,512,silu,,RMSprop,,0.001,1e-07,True,0.9,[],[],[0.68794326 2.1920904  0.91725768],0.02,1.0,0.12738,3.0795,0.40909,0.36323,"[0.55, 0.09524, 0.44444]",1319,0.73421,1.14633,0.54545,0.49079,"[0.59459, 0.26667, 0.61111]",180,COMPLETED,51.648
36,20251229_131525,gaitset_GREW_TOP30.csv,30%,Preset_36,MLP,42,101,"[512, 256]",mean,L2,64,2,512,silu,,RMSprop,,0.001,1e-07,True,0.9,[],[],[0.68794326 2.1920904  0.91725768],0.02,1.0,0.12836,3.02319,0.40909,0.3778,"[0.4375, 0.22222, 0.47368]",571,0.13572,3.22136,0.5,0.45691,"[0.64706, 0.25, 0.47368]",521,COMPLETED,22.385
37,20251229_131525,gaitset_OUMVLP_TOP30.csv,30%,Preset_36,MLP,42,80,"[512, 256]",mean,L2,64,2,512,silu,,RMSprop,,0.001,1e-07,True,0.9,[],[],[0.68794326 2.1920904  0.91725768],0.02,1.0,0.12653,3.14746,0.40909,0.35128,"[0.5, 0.15385, 0.4]",859,0.29244,3.00455,0.56818,0.47071,"[0.66667, 0.2, 0.54545]",521,COMPLETED,33.987
35,20251229_131525,gaitset_TOP30.csv,30%,Preset_36,MLP,42,54,"[512, 256]",mean,L2,64,2,512,silu,,RMSprop,,0.001,1e-07,True,0.9,[],[],[0.68794326 2.1920904  0.91725768],0.02,1.0,0.12736,2.75888,0.5,0.47465,"[0.5641, 0.375, 0.48485]",588,0.39267,1.37191,0.59091,0.5716,"[0.63415, 0.5, 0.58065]",282,COMPLETED,22.341
38,20251229_131525,gln_phase1_TOP30.csv,30%,Preset_36,MLP,42,73,"[512, 256]",mean,L2,64,2,512,silu,,RMSprop,,0.001,1e-07,True,0.9,[],[],[0.68794326 2.1920904  0.91725768],0.02,1.0,0.12862,2.80448,0.43182,0.41373,"[0.47059, 0.3, 0.47059]",561,0.23003,2.2385,0.61364,0.59749,"[0.63415, 0.53333, 0.625]",333,COMPLETED,22.838
39,20251229_131525,gln_phase2_TOP30.csv,30%,Preset_36,MLP,42,78,"[512, 256]",mean,L2,64,2,512,silu,,RMSprop,,0.001,1e-07,True,0.9,[],[],[0.68794326 2.1920904  0.91725768],0.02,1.0,0.12764,2.83256,0.34091,0.33625,"[0.51613, 0.2069, 0.28571]",601,0.74936,1.17981,0.45455,0.41966,"[0.55, 0.19048, 0.51852]",121,COMPLETED,23.357
469,20251229_131525,baseline_CASIAB_TOP30.csv,30%,Preset_37,MLP,42,35,"[512, 256]",mean,minmax,128,2,512,silu,0.3,Adam,,0.0001,1e-06,True,0.8,[1],[1],[0.68794326 2.1920904  0.91725768],0.02,1.0,0.14263,2.2265,0.45455,0.41894,"[0.51163, 0.30769, 0.4375]",804,0.62457,1.29346,0.52273,0.47483,"[0.55814, 0.28571, 0.58065]",134,STOPPED,24.614
470,20251229_131525,baseline_OUMVLP_TOP30.csv,30%,Preset_37,MLP,42,35,"[512, 256]",mean,minmax,128,2,512,silu,0.3,Adam,,0.0001,1e-06,True,0.8,[1],[1],[0.68794326 2.1920904  0.91725768],0.02,1.0,0.12494,1.75593,0.38636,0.37836,"[0.36842, 0.3, 0.46667]",1070,0.22463,1.54314,0.52273,0.4997,"[0.53659, 0.4, 0.5625]",392,COMPLETED,31.138
473,20251229_131525,gaitgl_GREW_BNNeck_TOP30.csv,30%,Preset_37,MLP,42,53,"[512, 256]",mean,minmax,128,2,512,silu,0.3,Adam,,0.0001,1e-06,True,0.8,[1],[1],[0.68794326 2.1920904  0.91725768],0.02,1.0,0.1262,2.2034,0.45455,0.35556,"[0.53333, 0.0, 0.53333]",846,0.73527,1.23518,0.5,0.45534,"[0.55556, 0.22222, 0.58824]",75,COMPLETED,27.018
472,20251229_131525,gaitgl_GREW_TOP30.csv,30%,Preset_37,MLP,42,75,"[512, 256]",mean,minmax,128,2,512,silu,0.3,Adam,,0.0001,1e-06,True,0.8,[1],[1],[0.68794326 2.1920904  0.91725768],0.02,1.0,0.12831,1.8141,0.40909,0.31266,"[0.60465, 0.0, 0.33333]",568,0.60073,1.23609,0.52273,0.45034,"[0.57895, 0.125, 0.64706]",89,COMPLETED,16.257
474,20251229_131525,gaitgl_OUMVLP_TOP30.csv,30%,Preset_37,MLP,42,51,"[512, 256]",mean,minmax,128,2,512,silu,0.3,Adam,,0.0001,1e-06,True,0.8,[1],[1],[0.68794326 2.1920904  0.91725768],0.02,1.0,0.13281,2.11373,0.40909,0.39668,"[0.45, 0.35294, 0.3871]",830,0.39005,1.45031,0.5,0.48704,"[0.55, 0.44444, 0.46667]",190,STOPPED,24.566
471,20251229_131525,gaitgl_TOP30.csv,30%,Preset_37,MLP,42,40,"[512, 256]",mean,minmax,128,2,512,silu,0.3,Adam,,0.0001,1e-06,True,0.8,[1],[1],[0.68794326 2.1920904  0.91725768],0.02,1.0,0.12816,2.25135,0.43182,0.40705,"[0.4878, 0.33333, 0.4]",1043,0.2468,1.96769,0.47727,0.4581,"[0.4878, 0.4, 0.48649]",361,COMPLETED,31.651
475,20251229_131525,gaitpart_GREW_TOP30.csv,30%,Preset_37,MLP,42,53,"[512, 256]",mean,minmax,128,2,512,silu,0.3,Adam,,0.0001,1e-06,True,0.8,[1],[1],[0.68794326 2.1920904  0.91725768],0.02,1.0,0.12661,1.63841,0.52273,0.4743,"[0.6383, 0.4, 0.38462]",673,0.31494,1.24588,0.56818,0.52927,"[0.68182, 0.44444, 0.46154]",176,COMPLETED,19.786
476,20251229_131525,gaitpart_OUMVLP_TOP30.csv,30%,Preset_37,MLP,42,41,"[512, 256]",mean,minmax,128,2,512,silu,0.3,Adam,,0.0001,1e-06,True,0.8,[1],[1],[0.68794326 2.1920904  0.91725768],0.02,1.0,0.12828,1.77707,0.54545,0.45443,"[0.65116, 0.16667, 0.54545]",929,0.72406,1.06771,0.54545,0.49029,"[0.55556, 0.26667, 0.64865]",70,COMPLETED,29.189
478,20251229_131525,gaitset_GREW_TOP30.csv,30%,Preset_37,MLP,42,63,"[512, 256]",mean,minmax,128,2,512,silu,0.3,Adam,,0.0001,1e-06,True,0.8,[1],[1],[0.68794326 2.1920904  0.91725768],0.02,1.0,0.12654,1.85885,0.47727,0.42427,"[0.61905, 0.26667, 0.3871]",622,0.18489,1.71777,0.54545,0.51015,"[0.68182, 0.46154, 0.3871]",226,COMPLETED,16.72
479,20251229_131525,gaitset_OUMVLP_TOP30.csv,30%,Preset_37,MLP,42,45,"[512, 256]",mean,minmax,128,2,512,silu,0.3,Adam,,0.0001,1e-06,True,0.8,[1],[1],[0.68794326 2.1920904  0.91725768],0.02,1.0,0.12665,1.93385,0.40909,0.31498,"[0.47826, 0.0, 0.46667]",917,0.4691,1.42824,0.43182,0.37302,"[0.47619, 0.14286, 0.5]",150,COMPLETED,29.128
477,20251229_131525,gaitset_TOP30.csv,30%,Preset_37,MLP,42,30,"[512, 256]",mean,minmax,128,2,512,silu,0.3,Adam,,0.0001,1e-06,True,0.8,[1],[1],[0.68794326 2.1920904  0.91725768],0.02,1.0,0.12912,1.69975,0.47727,0.43442,"[0.53659, 0.26667, 0.5]",1160,0.20763,1.57532,0.54545,0.52593,"[0.6, 0.44444, 0.53333]",614,STOPPED,33.634
480,20251229_131525,gln_phase1_TOP30.csv,30%,Preset_37,MLP,42,41,"[512, 256]",mean,minmax,128,2,512,silu,0.3,Adam,,0.0001,1e-06,True,0.8,[1],[1],[0.68794326 2.1920904  0.91725768],0.02,1.0,0.12928,1.44165,0.47727,0.45417,"[0.5, 0.3, 0.5625]",924,0.3118,1.18277,0.52273,0.49298,"[0.57895, 0.3, 0.6]",244,STOPPED,28.472
481,20251229_131525,gln_phase2_TOP30.csv,30%,Preset_37,MLP,42,44,"[512, 256]",mean,minmax,128,2,512,silu,0.3,Adam,,0.0001,1e-06,True,0.8,[1],[1],[0.68794326 2.1920904  0.91725768],0.02,1.0,0.12929,1.77058,0.47727,0.41862,"[0.5641, 0.11111, 0.58065]",816,0.49471,1.09974,0.56818,0.54902,"[0.55556, 0.44444, 0.64706]",146,STOPPED,24.393
1470,20251229_131525,baseline_CASIAB_TOP30.csv,30%,Preset_38,MLP,42,256,"[1024, 768, 384, 192]",mean,minmax,80,4,1024,leakyrelu,0.55,SGD,0.9,0.002,1e-05,False,,[2],"[1, 3]",[0.68794326 2.1920904  0.91725768],0.02,1.0,0.12495,2.25843,0.45455,0.3801,"[0.55319, 0.2, 0.3871]",1030,0.67132,1.37259,0.5,0.49883,"[0.51163, 0.5, 0.48485]",327,COMPLETED,37.368
1471,20251229_131525,baseline_OUMVLP_TOP30.csv,30%,Preset_38,MLP,42,256,"[1024, 768, 384, 192]",mean,minmax,80,4,1024,leakyrelu,0.55,SGD,0.9,0.002,1e-05,False,,[2],"[1, 3]",[0.68794326 2.1920904  0.91725768],0.02,1.0,0.12991,1.51543,0.56818,0.47899,"[0.6087, 0.22222, 0.60606]",988,0.12333,1.68475,0.65909,0.5848,"[0.68421, 0.33333, 0.73684]",926,COMPLETED,35.114
1474,20251229_131525,gaitgl_GREW_BNNeck_TOP30.csv,30%,Preset_38,MLP,42,256,"[1024, 768, 384, 192]",mean,minmax,80,4,1024,leakyrelu,0.55,SGD,0.9,0.002,1e-05,False,,[2],"[1, 3]",[0.68794326 2.1920904  0.91725768],0.02,1.0,0.12416,2.19465,0.43182,0.32222,"[0.5, 0.0, 0.46667]",967,0.63168,1.40451,0.47727,0.40663,"[0.52381, 0.16667, 0.52941]",340,COMPLETED,34.673
1473,20251229_131525,gaitgl_GREW_TOP30.csv,30%,Preset_38,MLP,42,256,"[1024, 768, 384, 192]",mean,minmax,80,4,1024,leakyrelu,0.55,SGD,0.9,0.002,1e-05,False,,[2],"[1, 3]",[0.68794326 2.1920904  0.91725768],0.02,1.0,0.12432,2.07543,0.5,0.42063,"[0.61905, 0.14286, 0.5]",936,0.13026,2.09014,0.54545,0.45926,"[0.6, 0.16667, 0.61111]",928,COMPLETED,34.298
1475,20251229_131525,gaitgl_OUMVLP_TOP30.csv,30%,Preset_38,MLP,42,256,"[1024, 768, 384, 192]",mean,minmax,80,4,1024,leakyrelu,0.55,SGD,0.9,0.002,1e-05,False,,[2],"[1, 3]",[0.68794326 2.1920904  0.91725768],0.02,1.0,0.13877,2.44768,0.5,0.45391,"[0.59091, 0.33333, 0.4375]",896,0.15256,2.34288,0.56818,0.55711,"[0.60465, 0.53333, 0.53333]",758,STOPPED,32.61
1472,20251229_131525,gaitgl_TOP30.csv,30%,Preset_38,MLP,42,128,"[1024, 768, 384, 192]",mean,minmax,80,4,1024,leakyrelu,0.55,SGD,0.9,0.002,1e-05,False,,[2],"[1, 3]",[0.68794326 2.1920904  0.91725768],0.02,1.0,0.14026,2.39336,0.47727,0.40392,"[0.57778, 0.22222, 0.41176]",1199,0.26651,2.17539,0.52273,0.52076,"[0.56522, 0.54545, 0.45161]",674,STOPPED,43.794
1476,20251229_131525,gaitpart_GREW_TOP30.csv,30%,Preset_38,MLP,42,256,"[1024, 768, 384, 192]",mean,minmax,80,4,1024,leakyrelu,0.55,SGD,0.9,0.002,1e-05,False,,[2],"[1, 3]",[0.68794326 2.1920904  0.91725768],0.02,1.0,0.12708,1.7232,0.56818,0.41577,"[0.66667, 0.0, 0.58065]",861,0.58921,1.20558,0.61364,0.58896,"[0.68182, 0.53333, 0.55172]",313,COMPLETED,31.055
1477,20251229_131525,gaitpart_OUMVLP_TOP30.csv,30%,Preset_38,MLP,42,256,"[1024, 768, 384, 192]",mean,minmax,80,4,1024,leakyrelu,0.55,SGD,0.9,0.002,1e-05,False,,[2],"[1, 3]",[0.68794326 2.1920904  0.91725768],0.02,1.0,0.12692,1.39085,0.61364,0.54701,"[0.66667, 0.30769, 0.66667]",852,0.13542,1.26346,0.65909,0.62222,"[0.7, 0.5, 0.66667]",733,COMPLETED,31.262
1479,20251229_131525,gaitset_GREW_TOP30.csv,30%,Preset_38,MLP,42,256,"[1024, 768, 384, 192]",mean,minmax,80,4,1024,leakyrelu,0.55,SGD,0.9,0.002,1e-05,False,,[2],"[1, 3]",[0.68794326 2.1920904  0.91725768],0.02,1.0,0.1293,1.64945,0.63636,0.5624,"[0.76, 0.44444, 0.48276]",846,0.22603,1.59228,0.65909,0.64601,"[0.73077, 0.72727, 0.48]",541,COMPLETED,31.131
1480,20251229_131525,gaitset_OUMVLP_TOP30.csv,30%,Preset_38,MLP,42,256,"[1024, 768, 384, 192]",mean,minmax,80,4,1024,leakyrelu,0.55,SGD,0.9,0.002,1e-05,False,,[2],"[1, 3]",[0.68794326 2.1920904  0.91725768],0.02,1.0,0.12045,2.42543,0.47727,0.39298,"[0.58333, 0.18182, 0.41379]",975,0.15491,2.33451,0.52273,0.43056,"[0.625, 0.16667, 0.5]",857,COMPLETED,35.519
1478,20251229_131525,gaitset_TOP30.csv,30%,Preset_38,MLP,42,256,"[1024, 768, 384, 192]",mean,minmax,80,4,1024,leakyrelu,0.55,SGD,0.9,0.002,1e-05,False,,[2],"[1, 3]",[0.68794326 2.1920904  0.91725768],0.02,1.0,0.12305,2.12544,0.43182,0.32698,"[0.52381, 0.0, 0.45714]",1081,0.13357,2.02396,0.52273,0.50266,"[0.55, 0.42857, 0.52941]",1022,COMPLETED,39.424
1481,20251229_131525,gln_phase1_TOP30.csv,30%,Preset_38,MLP,42,256,"[1024, 768, 384, 192]",mean,minmax,80,4,1024,leakyrelu,0.55,SGD,0.9,0.002,1e-05,False,,[2],"[1, 3]",[0.68794326 2.1920904  0.91725768],0.02,1.0,0.1237,1.60627,0.52273,0.39153,"[0.61905, 0.0, 0.55556]",850,0.66701,1.1975,0.54545,0.51596,"[0.58537, 0.4, 0.5625]",260,COMPLETED,30.613
1482,20251229_131525,gln_phase2_TOP30.csv,30%,Preset_38,MLP,42,256,"[1024, 768, 384, 192]",mean,minmax,80,4,1024,leakyrelu,0.55,SGD,0.9,0.002,1e-05,False,,[2],"[1, 3]",[0.68794326 2.1920904  0.91725768],0.02,1.0,0.12529,2.25846,0.40909,0.34906,"[0.47826, 0.18182, 0.3871]",891,0.68374,1.20404,0.52273,0.48045,"[0.53659, 0.33333, 0.57143]",276,COMPLETED,32.236
1353,20251229_131525,baseline_CASIAB_TOP30.csv,30%,Preset_39,MLP,42,35,"[1280, 1024, 768, 512]",mean,minmax,64,4,1280,silu,0.5,AdamW,,0.00015,5e-06,True,0.8,"[1, 2, 3]","[2, 3]",[0.68794326 2.1920904  0.91725768],0.02,1.0,0.12427,2.66847,0.47727,0.44676,"[0.55319, 0.4, 0.3871]",56,0.14262,2.65691,0.54545,0.5176,"[0.59091, 0.42857, 0.53333]",46,COMPLETED,3.325
1354,20251229_131525,baseline_OUMVLP_TOP30.csv,30%,Preset_39,MLP,42,35,"[1280, 1024, 768, 512]",mean,minmax,64,4,1280,silu,0.5,AdamW,,0.00015,5e-06,True,0.8,"[1, 2, 3]","[2, 3]",[0.68794326 2.1920904  0.91725768],0.02,1.0,0.12259,2.2341,0.5,0.42747,"[0.5, 0.15385, 0.62857]",64,0.33041,1.56665,0.56818,0.53886,"[0.57143, 0.4, 0.64516]",19,COMPLETED,3.816
1357,20251229_131525,gaitgl_GREW_BNNeck_TOP30.csv,30%,Preset_39,MLP,42,53,"[1280, 1024, 768, 512]",mean,minmax,64,4,1280,silu,0.5,AdamW,,0.00015,5e-06,True,0.8,"[1, 2, 3]","[2, 3]",[0.68794326 2.1920904  0.91725768],0.02,1.0,0.11548,2.44972,0.45455,0.35169,"[0.52174, 0.0, 0.53333]",52,0.67349,1.42,0.45455,0.42407,"[0.45, 0.22222, 0.6]",9,COMPLETED,2.928
1356,20251229_131525,gaitgl_GREW_TOP30.csv,30%,Preset_39,MLP,42,75,"[1280, 1024, 768, 512]",mean,minmax,64,4,1280,silu,0.5,AdamW,,0.00015,5e-06,True,0.8,"[1, 2, 3]","[2, 3]",[0.68794326 2.1920904  0.91725768],0.02,1.0,0.12197,2.39518,0.38636,0.28926,"[0.51064, 0.0, 0.35714]",38,0.14714,2.43537,0.5,0.4117,"[0.61224, 0.14286, 0.48]",26,COMPLETED,2.232
1358,20251229_131525,gaitgl_OUMVLP_TOP30.csv,30%,Preset_39,MLP,42,51,"[1280, 1024, 768, 512]",mean,minmax,64,4,1280,silu,0.5,AdamW,,0.00015,5e-06,True,0.8,"[1, 2, 3]","[2, 3]",[0.68794326 2.1920904  0.91725768],0.02,1.0,0.11915,2.60306,0.47727,0.42316,"[0.59091, 0.25, 0.42857]",63,0.14264,2.6618,0.56818,0.51894,"[0.68182, 0.375, 0.5]",41,COMPLETED,3.765
1355,20251229_131525,gaitgl_TOP30.csv,30%,Preset_39,MLP,42,40,"[1280, 1024, 768, 512]",mean,minmax,64,4,1280,silu,0.5,AdamW,,0.00015,5e-06,True,0.8,"[1, 2, 3]","[2, 3]",[0.68794326 2.1920904  0.91725768],0.02,1.0,0.12781,3.00963,0.36364,0.30872,"[0.46809, 0.2, 0.25806]",65,0.22205,2.80028,0.47727,0.44674,"[0.56522, 0.4, 0.375]",30,COMPLETED,3.823
1359,20251229_131525,gaitpart_GREW_TOP30.csv,30%,Preset_39,MLP,42,53,"[1280, 1024, 768, 512]",mean,minmax,64,4,1280,silu,0.5,AdamW,,0.00015,5e-06,True,0.8,"[1, 2, 3]","[2, 3]",[0.68794326 2.1920904  0.91725768],0.02,1.0,0.1203,2.23548,0.45455,0.37857,"[0.6, 0.28571, 0.25]",39,0.48653,1.18979,0.56818,0.55079,"[0.61905, 0.5, 0.53333]",11,COMPLETED,2.163
1360,20251229_131525,gaitpart_OUMVLP_TOP30.csv,30%,Preset_39,MLP,42,41,"[1280, 1024, 768, 512]",mean,minmax,64,4,1280,silu,0.5,AdamW,,0.00015,5e-06,True,0.8,"[1, 2, 3]","[2, 3]",[0.68794326 2.1920904  0.91725768],0.02,1.0,0.12133,2.16005,0.56818,0.47156,"[0.65217, 0.2, 0.5625]",51,0.63097,1.16443,0.59091,0.52931,"[0.63158, 0.30769, 0.64865]",9,COMPLETED,3.06
1362,20251229_131525,gaitset_GREW_TOP30.csv,30%,Preset_39,MLP,42,63,"[1280, 1024, 768, 512]",mean,minmax,64,4,1280,silu,0.5,AdamW,,0.00015,5e-06,True,0.8,"[1, 2, 3]","[2, 3]",[0.68794326 2.1920904  0.91725768],0.02,1.0,0.12275,2.01676,0.59091,0.5647,"[0.70833, 0.61538, 0.37037]",32,0.12275,2.01676,0.59091,0.5647,"[0.70833, 0.61538, 0.37037]",32,COMPLETED,1.958
1363,20251229_131525,gaitset_OUMVLP_TOP30.csv,30%,Preset_39,MLP,42,45,"[1280, 1024, 768, 512]",mean,minmax,64,4,1280,silu,0.5,AdamW,,0.00015,5e-06,True,0.8,"[1, 2, 3]","[2, 3]",[0.68794326 2.1920904  0.91725768],0.02,1.0,0.12228,2.39451,0.47727,0.36045,"[0.56522, 0.0, 0.51613]",49,0.63025,1.50918,0.5,0.42237,"[0.59091, 0.14286, 0.53333]",10,COMPLETED,2.819
1361,20251229_131525,gaitset_TOP30.csv,30%,Preset_39,MLP,42,30,"[1280, 1024, 768, 512]",mean,minmax,64,4,1280,silu,0.5,AdamW,,0.00015,5e-06,True,0.8,"[1, 2, 3]","[2, 3]",[0.68794326 2.1920904  0.91725768],0.02,1.0,0.1264,1.94517,0.56818,0.54505,"[0.58537, 0.46154, 0.58824]",90,0.1264,1.94517,0.56818,0.54505,"[0.58537, 0.46154, 0.58824]",90,COMPLETED,5.255
1364,20251229_131525,gln_phase1_TOP30.csv,30%,Preset_39,MLP,42,41,"[1280, 1024, 768, 512]",mean,minmax,64,4,1280,silu,0.5,AdamW,,0.00015,5e-06,True,0.8,"[1, 2, 3]","[2, 3]",[0.68794326 2.1920904  0.91725768],0.02,1.0,0.12685,1.67182,0.54545,0.41094,"[0.65217, 0.0, 0.58065]",58,0.17364,1.73059,0.59091,0.55415,"[0.61538, 0.4, 0.64706]",31,COMPLETED,3.447
1365,20251229_131525,gln_phase2_TOP30.csv,30%,Preset_39,MLP,42,44,"[1280, 1024, 768, 512]",mean,minmax,64,4,1280,silu,0.5,AdamW,,0.00015,5e-06,True,0.8,"[1, 2, 3]","[2, 3]",[0.68794326 2.1920904  0.91725768],0.02,1.0,0.12095,1.99744,0.5,0.45271,"[0.55814, 0.26667, 0.53333]",54,0.54307,1.24517,0.47727,0.45584,"[0.5, 0.31579, 0.55172]",12,COMPLETED,2.987
651,20251229_131525,baseline_CASIAB_TOP30.csv,30%,Preset_40,MLP,42,256,"[896, 576, 288]",max,minmax,80,3,896,silu,0.45,AdamW,,0.001,5e-05,False,,"[1, 2, 3]","[1, 2]",[0.68794326 2.1920904  0.91725768],0.02,1.0,0.11115,2.62915,0.45455,0.3703,"[0.59574, 0.18182, 0.33333]",401,0.34466,2.18274,0.54545,0.46586,"[0.69388, 0.33333, 0.37037]",118,COMPLETED,15.382
652,20251229_131525,baseline_OUMVLP_TOP30.csv,30%,Preset_40,MLP,42,256,"[896, 576, 288]",max,minmax,80,3,896,silu,0.45,AdamW,,0.001,5e-05,False,,"[1, 2, 3]","[1, 2]",[0.68794326 2.1920904  0.91725768],0.02,1.0,0.1251,2.03853,0.5,0.36389,"[0.625, 0.0, 0.46667]",335,0.20279,1.7204,0.56818,0.49763,"[0.66667, 0.30769, 0.51852]",295,COMPLETED,12.885
655,20251229_131525,gaitgl_GREW_BNNeck_TOP30.csv,30%,Preset_40,MLP,42,256,"[896, 576, 288]",max,minmax,80,3,896,silu,0.45,AdamW,,0.001,5e-05,False,,"[1, 2, 3]","[1, 2]",[0.68794326 2.1920904  0.91725768],0.02,1.0,0.11765,2.04063,0.45455,0.31111,"[0.6, 0.0, 0.33333]",183,0.28172,1.84916,0.54545,0.47293,"[0.66667, 0.30769, 0.44444]",69,COMPLETED,7.281
654,20251229_131525,gaitgl_GREW_TOP30.csv,30%,Preset_40,MLP,42,256,"[896, 576, 288]",max,minmax,80,3,896,silu,0.45,AdamW,,0.001,5e-05,False,,"[1, 2, 3]","[1, 2]",[0.68794326 2.1920904  0.91725768],0.02,1.0,0.1253,3.03086,0.38636,0.33673,"[0.37838, 0.18182, 0.45]",189,0.71994,1.29442,0.45455,0.45238,"[0.5, 0.5, 0.35714]",25,COMPLETED,7.296
656,20251229_131525,gaitgl_OUMVLP_TOP30.csv,30%,Preset_40,MLP,42,256,"[896, 576, 288]",max,minmax,80,3,896,silu,0.45,AdamW,,0.001,5e-05,False,,"[1, 2, 3]","[1, 2]",[0.68794326 2.1920904  0.91725768],0.02,1.0,0.13304,2.095,0.47727,0.38307,"[0.625, 0.15385, 0.37037]",517,0.18869,2.15521,0.54545,0.53959,"[0.55, 0.47619, 0.59259]",364,STOPPED,19.643
653,20251229_131525,gaitgl_TOP30.csv,30%,Preset_40,MLP,42,128,"[896, 576, 288]",max,minmax,80,3,896,silu,0.45,AdamW,,0.001,5e-05,False,,"[1, 2, 3]","[1, 2]",[0.68794326 2.1920904  0.91725768],0.02,1.0,0.12603,2.54115,0.38636,0.33143,"[0.4878, 0.14286, 0.36364]",153,0.52154,1.6745,0.5,0.42835,"[0.55, 0.22222, 0.51282]",43,COMPLETED,5.918
657,20251229_131525,gaitpart_GREW_TOP30.csv,30%,Preset_40,MLP,42,256,"[896, 576, 288]",max,minmax,80,3,896,silu,0.45,AdamW,,0.001,5e-05,False,,"[1, 2, 3]","[1, 2]",[0.68794326 2.1920904  0.91725768],0.02,1.0,0.11076,2.41754,0.40909,0.37665,"[0.47619, 0.26667, 0.3871]",340,0.20673,2.13103,0.52273,0.49538,"[0.59091, 0.42857, 0.46667]",165,COMPLETED,13.104
658,20251229_131525,gaitpart_OUMVLP_TOP30.csv,30%,Preset_40,MLP,42,256,"[896, 576, 288]",max,minmax,80,3,896,silu,0.45,AdamW,,0.001,5e-05,False,,"[1, 2, 3]","[1, 2]",[0.68794326 2.1920904  0.91725768],0.02,1.0,0.11067,1.48234,0.65909,0.58405,"[0.71111, 0.30769, 0.73333]",509,0.2493,1.12189,0.70455,0.65966,"[0.71429, 0.5, 0.76471]",207,COMPLETED,18.85
660,20251229_131525,gaitset_GREW_TOP30.csv,30%,Preset_40,MLP,42,256,"[896, 576, 288]",max,minmax,80,3,896,silu,0.45,AdamW,,0.001,5e-05,False,,"[1, 2, 3]","[1, 2]",[0.68794326 2.1920904  0.91725768],0.02,1.0,0.12779,2.62749,0.40909,0.37955,"[0.5, 0.28571, 0.35294]",332,0.16781,2.39221,0.56818,0.56737,"[0.57895, 0.57143, 0.55172]",260,COMPLETED,13.015
661,20251229_131525,gaitset_OUMVLP_TOP30.csv,30%,Preset_40,MLP,42,256,"[896, 576, 288]",max,minmax,80,3,896,silu,0.45,AdamW,,0.001,5e-05,False,,"[1, 2, 3]","[1, 2]",[0.68794326 2.1920904  0.91725768],0.02,1.0,0.12191,2.57823,0.36364,0.31939,"[0.4878, 0.1, 0.37037]",542,0.13627,2.3007,0.47727,0.40155,"[0.60465, 0.13333, 0.46667]",415,COMPLETED,20.653
659,20251229_131525,gaitset_TOP30.csv,30%,Preset_40,MLP,42,256,"[896, 576, 288]",max,minmax,80,3,896,silu,0.45,AdamW,,0.001,5e-05,False,,"[1, 2, 3]","[1, 2]",[0.68794326 2.1920904  0.91725768],0.02,1.0,0.11504,2.90839,0.38636,0.31833,"[0.54545, 0.14286, 0.26667]",275,0.44658,1.64563,0.47727,0.40698,"[0.51282, 0.18182, 0.52632]",62,COMPLETED,10.143
662,20251229_131525,gln_phase1_TOP30.csv,30%,Preset_40,MLP,42,256,"[896, 576, 288]",max,minmax,80,3,896,silu,0.45,AdamW,,0.001,5e-05,False,,"[1, 2, 3]","[1, 2]",[0.68794326 2.1920904  0.91725768],0.02,1.0,0.12704,2.27092,0.45455,0.34286,"[0.57143, 0.0, 0.45714]",299,0.38287,1.69689,0.5,0.40687,"[0.625, 0.18182, 0.41379]",96,COMPLETED,11.649
663,20251229_131525,gln_phase2_TOP30.csv,30%,Preset_40,MLP,42,256,"[896, 576, 288]",max,minmax,80,3,896,silu,0.45,AdamW,,0.001,5e-05,False,,"[1, 2, 3]","[1, 2]",[0.68794326 2.1920904  0.91725768],0.02,1.0,0.12149,2.05399,0.52273,0.46553,"[0.62222, 0.30769, 0.46667]",367,0.13354,1.77042,0.63636,0.58847,"[0.73684, 0.4, 0.62857]",331,COMPLETED,14.127
235,20251229_131525,baseline_CASIAB_TOP30.csv,30%,Preset_41,MLP,42,22,"[1024, 768, 512]",mean,minmax,96,3,1024,gelu,0.4,AdamW,,0.0002,1e-05,True,0.7,"[1, 2, 3]","[2, 3]",[0.68794326 2.1920904  0.91725768],0.02,1.0,0.12926,2.61731,0.45455,0.4008,"[0.59091, 0.26667, 0.34483]",51,0.18977,2.05902,0.54545,0.49529,"[0.62222, 0.36364, 0.5]",28,COMPLETED,2.326
236,20251229_131525,baseline_OUMVLP_TOP30.csv,30%,Preset_41,MLP,42,21,"[1024, 768, 512]",mean,minmax,96,3,1024,gelu,0.4,AdamW,,0.0002,1e-05,True,0.7,"[1, 2, 3]","[2, 3]",[0.68794326 2.1920904  0.91725768],0.02,1.0,0.12262,1.98749,0.36364,0.29841,"[0.42857, 0.0, 0.46667]",60,0.12305,1.92079,0.5,0.42342,"[0.55814, 0.16667, 0.54545]",58,COMPLETED,2.321
239,20251229_131525,gaitgl_GREW_BNNeck_TOP30.csv,30%,Preset_41,MLP,42,33,"[1024, 768, 512]",mean,minmax,96,3,1024,gelu,0.4,AdamW,,0.0002,1e-05,True,0.7,"[1, 2, 3]","[2, 3]",[0.68794326 2.1920904  0.91725768],0.02,1.0,0.12354,2.18015,0.47727,0.40278,"[0.54167, 0.16667, 0.5]",37,0.29883,1.49611,0.52273,0.47488,"[0.56522, 0.30769, 0.55172]",17,COMPLETED,1.698
238,20251229_131525,gaitgl_GREW_TOP30.csv,30%,Preset_41,MLP,42,48,"[1024, 768, 512]",mean,minmax,96,3,1024,gelu,0.4,AdamW,,0.0002,1e-05,True,0.7,"[1, 2, 3]","[2, 3]",[0.68794326 2.1920904  0.91725768],0.02,1.0,0.12273,2.05805,0.38636,0.31956,"[0.53333, 0.11765, 0.30769]",32,0.22627,1.59073,0.45455,0.3842,"[0.55814, 0.14286, 0.45161]",18,COMPLETED,1.476
240,20251229_131525,gaitgl_OUMVLP_TOP30.csv,30%,Preset_41,MLP,42,27,"[1024, 768, 512]",mean,minmax,96,3,1024,gelu,0.4,AdamW,,0.0002,1e-05,True,0.7,"[1, 2, 3]","[2, 3]",[0.68794326 2.1920904  0.91725768],0.02,1.0,0.12416,2.45933,0.43182,0.39592,"[0.55814, 0.33333, 0.2963]",60,0.20395,1.92439,0.52273,0.49495,"[0.60465, 0.42857, 0.45161]",29,COMPLETED,2.154
237,20251229_131525,gaitgl_TOP30.csv,30%,Preset_41,MLP,42,25,"[1024, 768, 512]",mean,minmax,96,3,1024,gelu,0.4,AdamW,,0.0002,1e-05,True,0.7,"[1, 2, 3]","[2, 3]",[0.68794326 2.1920904  0.91725768],0.02,1.0,0.12476,2.54897,0.36364,0.31845,"[0.41026, 0.13333, 0.41176]",52,0.53229,1.54325,0.45455,0.41618,"[0.52632, 0.22222, 0.5]",15,COMPLETED,2.002
241,20251229_131525,gaitpart_GREW_TOP30.csv,30%,Preset_41,MLP,42,35,"[1024, 768, 512]",mean,minmax,96,3,1024,gelu,0.4,AdamW,,0.0002,1e-05,True,0.7,"[1, 2, 3]","[2, 3]",[0.68794326 2.1920904  0.91725768],0.02,1.0,0.11992,1.98863,0.54545,0.48849,"[0.68085, 0.4, 0.38462]",34,0.60255,1.02466,0.61364,0.60629,"[0.65, 0.58824, 0.58065]",8,COMPLETED,1.246
242,20251229_131525,gaitpart_OUMVLP_TOP30.csv,30%,Preset_41,MLP,42,26,"[1024, 768, 512]",mean,minmax,96,3,1024,gelu,0.4,AdamW,,0.0002,1e-05,True,0.7,"[1, 2, 3]","[2, 3]",[0.68794326 2.1920904  0.91725768],0.02,1.0,0.12686,1.94251,0.59091,0.52681,"[0.66667, 0.30769, 0.60606]",39,0.12515,1.85629,0.63636,0.59829,"[0.66667, 0.46154, 0.66667]",36,COMPLETED,1.596
244,20251229_131525,gaitset_GREW_TOP30.csv,30%,Preset_41,MLP,42,41,"[1024, 768, 512]",mean,minmax,96,3,1024,gelu,0.4,AdamW,,0.0002,1e-05,True,0.7,"[1, 2, 3]","[2, 3]",[0.68794326 2.1920904  0.91725768],0.02,1.0,0.11634,1.94353,0.5,0.46823,"[0.59091, 0.4, 0.41379]",29,0.12506,1.79311,0.56818,0.51796,"[0.68085, 0.42857, 0.44444]",26,COMPLETED,1.11
245,20251229_131525,gaitset_OUMVLP_TOP30.csv,30%,Preset_41,MLP,42,27,"[1024, 768, 512]",mean,minmax,96,3,1024,gelu,0.4,AdamW,,0.0002,1e-05,True,0.7,"[1, 2, 3]","[2, 3]",[0.68794326 2.1920904  0.91725768],0.02,1.0,0.12481,1.99534,0.61364,0.50278,"[0.70833, 0.2, 0.6]",50,0.13446,2.05927,0.63636,0.52968,"[0.69388, 0.25, 0.64516]",41,COMPLETED,1.976
243,20251229_131525,gaitset_TOP30.csv,30%,Preset_41,MLP,42,18,"[1024, 768, 512]",mean,minmax,96,3,1024,gelu,0.4,AdamW,,0.0002,1e-05,True,0.7,"[1, 2, 3]","[2, 3]",[0.68794326 2.1920904  0.91725768],0.02,1.0,0.12458,1.83876,0.56818,0.51787,"[0.68182, 0.33333, 0.53846]",72,0.12786,1.65197,0.61364,0.58598,"[0.66667, 0.47059, 0.62069]",59,COMPLETED,2.792
246,20251229_131525,gln_phase1_TOP30.csv,30%,Preset_41,MLP,42,24,"[1024, 768, 512]",mean,minmax,96,3,1024,gelu,0.4,AdamW,,0.0002,1e-05,True,0.7,"[1, 2, 3]","[2, 3]",[0.68794326 2.1920904  0.91725768],0.02,1.0,0.12334,1.54772,0.5,0.47386,"[0.5, 0.33333, 0.58824]",51,0.15729,1.38739,0.63636,0.59829,"[0.66667, 0.46154, 0.66667]",37,COMPLETED,1.964
247,20251229_131525,gln_phase2_TOP30.csv,30%,Preset_41,MLP,42,25,"[1024, 768, 512]",mean,minmax,96,3,1024,gelu,0.4,AdamW,,0.0002,1e-05,True,0.7,"[1, 2, 3]","[2, 3]",[0.68794326 2.1920904  0.91725768],0.02,1.0,0.12609,1.95185,0.47727,0.40992,"[0.57143, 0.125, 0.53333]",47,0.61082,1.1768,0.54545,0.51111,"[0.51429, 0.33333, 0.68571]",10,COMPLETED,1.727
209,20251229_131525,baseline_CASIAB_TOP30.csv,30%,Preset_42,MLP,42,22,"[640, 448, 256]",mean,minmax,64,3,640,relu,0.35,RMSprop,,8e-05,5e-05,True,0.7,"[1, 2]","[1, 2, 3]",[0.68794326 2.1920904  0.91725768],0.02,1.0,0.12408,2.16477,0.45455,0.38759,"[0.52381, 0.18182, 0.45714]",800,0.22363,2.333,0.54545,0.49923,"[0.60465, 0.36364, 0.52941]",354,COMPLETED,39.545
210,20251229_131525,baseline_OUMVLP_TOP30.csv,30%,Preset_42,MLP,42,21,"[640, 448, 256]",mean,minmax,64,3,640,relu,0.35,RMSprop,,8e-05,5e-05,True,0.7,"[1, 2]","[1, 2, 3]",[0.68794326 2.1920904  0.91725768],0.02,1.0,0.12649,1.99613,0.47727,0.36618,"[0.56522, 0.0, 0.53333]",873,0.50867,1.4983,0.45455,0.41852,"[0.5, 0.22222, 0.53333]",131,COMPLETED,43.654
213,20251229_131525,gaitgl_GREW_BNNeck_TOP30.csv,30%,Preset_42,MLP,42,33,"[640, 448, 256]",mean,minmax,64,3,640,relu,0.35,RMSprop,,8e-05,5e-05,True,0.7,"[1, 2]","[1, 2, 3]",[0.68794326 2.1920904  0.91725768],0.02,1.0,0.1182,2.17441,0.43182,0.31126,"[0.52, 0.0, 0.41379]",608,0.5072,1.55881,0.47727,0.43782,"[0.51163, 0.28571, 0.51613]",93,COMPLETED,27.077
212,20251229_131525,gaitgl_GREW_TOP30.csv,30%,Preset_42,MLP,42,48,"[640, 448, 256]",mean,minmax,64,3,640,relu,0.35,RMSprop,,8e-05,5e-05,True,0.7,"[1, 2]","[1, 2, 3]",[0.68794326 2.1920904  0.91725768],0.02,1.0,0.12514,2.06489,0.40909,0.30278,"[0.53333, 0.0, 0.375]",459,0.14148,2.13569,0.52273,0.42115,"[0.65306, 0.18182, 0.42857]",384,COMPLETED,22.812
214,20251229_131525,gaitgl_OUMVLP_TOP30.csv,30%,Preset_42,MLP,42,27,"[640, 448, 256]",mean,minmax,64,3,640,relu,0.35,RMSprop,,8e-05,5e-05,True,0.7,"[1, 2]","[1, 2, 3]",[0.68794326 2.1920904  0.91725768],0.02,1.0,0.12523,2.21036,0.38636,0.31836,"[0.52174, 0.16667, 0.26667]",862,0.37697,1.67426,0.5,0.46448,"[0.60465, 0.375, 0.41379]",190,COMPLETED,43.38
211,20251229_131525,gaitgl_TOP30.csv,30%,Preset_42,MLP,42,25,"[640, 448, 256]",mean,minmax,64,3,640,relu,0.35,RMSprop,,8e-05,5e-05,True,0.7,"[1, 2]","[1, 2, 3]",[0.68794326 2.1920904  0.91725768],0.02,1.0,0.12757,2.34612,0.45455,0.38759,"[0.52381, 0.18182, 0.45714]",897,0.13173,2.52557,0.5,0.41919,"[0.59091, 0.18182, 0.48485]",783,COMPLETED,43.64
215,20251229_131525,gaitpart_GREW_TOP30.csv,30%,Preset_42,MLP,42,35,"[640, 448, 256]",mean,minmax,64,3,640,relu,0.35,RMSprop,,8e-05,5e-05,True,0.7,"[1, 2]","[1, 2, 3]",[0.68794326 2.1920904  0.91725768],0.02,1.0,0.12567,1.84087,0.54545,0.49974,"[0.65306, 0.46154, 0.38462]",459,0.24981,1.51026,0.68182,0.62888,"[0.76596, 0.5, 0.62069]",144,COMPLETED,20.748
216,20251229_131525,gaitpart_OUMVLP_TOP30.csv,30%,Preset_42,MLP,42,26,"[640, 448, 256]",mean,minmax,64,3,640,relu,0.35,RMSprop,,8e-05,5e-05,True,0.7,"[1, 2]","[1, 2, 3]",[0.68794326 2.1920904  0.91725768],0.02,1.0,0.12218,1.80728,0.59091,0.54276,"[0.62222, 0.4, 0.60606]",613,0.20536,1.87177,0.63636,0.57896,"[0.65116, 0.4, 0.68571]",261,COMPLETED,28.043
218,20251229_131525,gaitset_GREW_TOP30.csv,30%,Preset_42,MLP,42,41,"[640, 448, 256]",mean,minmax,64,3,640,relu,0.35,RMSprop,,8e-05,5e-05,True,0.7,"[1, 2]","[1, 2, 3]",[0.68794326 2.1920904  0.91725768],0.02,1.0,0.12716,2.09681,0.45455,0.37798,"[0.6087, 0.22222, 0.30303]",395,0.23005,1.67769,0.56818,0.57295,"[0.65217, 0.66667, 0.4]",143,COMPLETED,18.519
219,20251229_131525,gaitset_OUMVLP_TOP30.csv,30%,Preset_42,MLP,42,27,"[640, 448, 256]",mean,minmax,64,3,640,relu,0.35,RMSprop,,8e-05,5e-05,True,0.7,"[1, 2]","[1, 2, 3]",[0.68794326 2.1920904  0.91725768],0.02,1.0,0.12153,1.67844,0.59091,0.43129,"[0.69388, 0.0, 0.6]",682,0.174,1.94603,0.61364,0.4469,"[0.72, 0.0, 0.62069]",428,COMPLETED,37.126
217,20251229_131525,gaitset_TOP30.csv,30%,Preset_42,MLP,42,18,"[640, 448, 256]",mean,minmax,64,3,640,relu,0.35,RMSprop,,8e-05,5e-05,True,0.7,"[1, 2]","[1, 2, 3]",[0.68794326 2.1920904  0.91725768],0.02,1.0,0.12888,1.41379,0.54545,0.45798,"[0.61905, 0.16667, 0.58824]",970,0.15563,1.43605,0.56818,0.53886,"[0.57143, 0.4, 0.64516]",773,COMPLETED,48.499
220,20251229_131525,gln_phase1_TOP30.csv,30%,Preset_42,MLP,42,24,"[640, 448, 256]",mean,minmax,64,3,640,relu,0.35,RMSprop,,8e-05,5e-05,True,0.7,"[1, 2]","[1, 2, 3]",[0.68794326 2.1920904  0.91725768],0.02,1.0,0.12477,1.37787,0.52273,0.47573,"[0.54054, 0.30769, 0.57895]",722,0.4802,1.0977,0.63636,0.62418,"[0.61538, 0.57143, 0.68571]",114,COMPLETED,35.278
221,20251229_131525,gln_phase2_TOP30.csv,30%,Preset_42,MLP,42,25,"[640, 448, 256]",mean,minmax,64,3,640,relu,0.35,RMSprop,,8e-05,5e-05,True,0.7,"[1, 2]","[1, 2, 3]",[0.68794326 2.1920904  0.91725768],0.02,1.0,0.1295,1.72931,0.45455,0.33891,"[0.47619, 0.0, 0.54054]",729,0.21108,1.86162,0.54545,0.49444,"[0.5, 0.33333, 0.65]",282,COMPLETED,35.487
1158,20251229_131525,baseline_CASIAB_TOP30.csv,30%,Preset_43,MLP,42,35,"[2048, 1024, 512]",mean,minmax,64,3,2048,silu,0.45,AdamW,,0.0002,1e-06,True,0.8,"[1, 2, 3]",[2],[0.68794326 2.1920904  0.91725768],0.02,1.0,0.12488,2.39225,0.43182,0.36355,"[0.52174, 0.18182, 0.3871]",33,0.20102,1.99222,0.56818,0.51612,"[0.62222, 0.36364, 0.5625]",15,COMPLETED,1.841
1159,20251229_131525,baseline_OUMVLP_TOP30.csv,30%,Preset_43,MLP,42,35,"[2048, 1024, 512]",mean,minmax,64,3,2048,silu,0.45,AdamW,,0.0002,1e-06,True,0.8,"[1, 2, 3]",[2],[0.68794326 2.1920904  0.91725768],0.02,1.0,0.12165,2.24178,0.45455,0.41814,"[0.47368, 0.23529, 0.54545]",32,0.13473,2.0775,0.52273,0.49206,"[0.57143, 0.33333, 0.57143]",26,COMPLETED,1.716
1162,20251229_131525,gaitgl_GREW_BNNeck_TOP30.csv,30%,Preset_43,MLP,42,53,"[2048, 1024, 512]",mean,minmax,64,3,2048,silu,0.45,AdamW,,0.0002,1e-06,True,0.8,"[1, 2, 3]",[2],[0.68794326 2.1920904  0.91725768],0.02,1.0,0.11638,2.60618,0.47727,0.36364,"[0.54545, 0.0, 0.54545]",30,0.22134,2.1188,0.47727,0.39889,"[0.58333, 0.13333, 0.48]",13,COMPLETED,1.748
1161,20251229_131525,gaitgl_GREW_TOP30.csv,30%,Preset_43,MLP,42,75,"[2048, 1024, 512]",mean,minmax,64,3,2048,silu,0.45,AdamW,,0.0002,1e-06,True,0.8,"[1, 2, 3]",[2],[0.68794326 2.1920904  0.91725768],0.02,1.0,0.11725,2.3156,0.36364,0.32041,"[0.48649, 0.11111, 0.36364]",22,0.46252,1.52718,0.45455,0.381,"[0.56522, 0.13333, 0.44444]",7,COMPLETED,1.211
1163,20251229_131525,gaitgl_OUMVLP_TOP30.csv,30%,Preset_43,MLP,42,51,"[2048, 1024, 512]",mean,minmax,64,3,2048,silu,0.45,AdamW,,0.0002,1e-06,True,0.8,"[1, 2, 3]",[2],[0.68794326 2.1920904  0.91725768],0.02,1.0,0.12047,2.55215,0.45455,0.43442,"[0.51282, 0.35294, 0.4375]",37,0.26599,1.71748,0.52273,0.50266,"[0.55, 0.42857, 0.52941]",13,COMPLETED,2.007
1160,20251229_131525,gaitgl_TOP30.csv,30%,Preset_43,MLP,42,40,"[2048, 1024, 512]",mean,minmax,64,3,2048,silu,0.45,AdamW,,0.0002,1e-06,True,0.8,"[1, 2, 3]",[2],[0.68794326 2.1920904  0.91725768],0.02,1.0,0.12725,2.70613,0.38636,0.31677,"[0.52174, 0.14286, 0.28571]",39,0.14838,2.70098,0.5,0.49813,"[0.47059, 0.5, 0.52381]",27,COMPLETED,2.04
1164,20251229_131525,gaitpart_GREW_TOP30.csv,30%,Preset_43,MLP,42,53,"[2048, 1024, 512]",mean,minmax,64,3,2048,silu,0.45,AdamW,,0.0002,1e-06,True,0.8,"[1, 2, 3]",[2],[0.68794326 2.1920904  0.91725768],0.02,1.0,0.11436,2.1378,0.47727,0.39134,"[0.62745, 0.28571, 0.26087]",21,0.16047,1.60398,0.59091,0.55454,"[0.68085, 0.5, 0.48276]",14,COMPLETED,1.198
1165,20251229_131525,gaitpart_OUMVLP_TOP30.csv,30%,Preset_43,MLP,42,41,"[2048, 1024, 512]",mean,minmax,64,3,2048,silu,0.45,AdamW,,0.0002,1e-06,True,0.8,"[1, 2, 3]",[2],[0.68794326 2.1920904  0.91725768],0.02,1.0,0.11946,2.33291,0.45455,0.38499,"[0.54545, 0.14286, 0.46667]",27,0.21287,1.77208,0.59091,0.49664,"[0.61905, 0.22222, 0.64865]",13,COMPLETED,1.461
1167,20251229_131525,gaitset_GREW_TOP30.csv,30%,Preset_43,MLP,42,63,"[2048, 1024, 512]",mean,minmax,64,3,2048,silu,0.45,AdamW,,0.0002,1e-06,True,0.8,"[1, 2, 3]",[2],[0.68794326 2.1920904  0.91725768],0.02,1.0,0.11832,2.34313,0.40909,0.34055,"[0.54545, 0.14286, 0.33333]",22,0.13798,1.99397,0.5,0.46609,"[0.63636, 0.42857, 0.33333]",13,COMPLETED,1.228
1168,20251229_131525,gaitset_OUMVLP_TOP30.csv,30%,Preset_43,MLP,42,45,"[2048, 1024, 512]",mean,minmax,64,3,2048,silu,0.45,AdamW,,0.0002,1e-06,True,0.8,"[1, 2, 3]",[2],[0.68794326 2.1920904  0.91725768],0.02,1.0,0.11973,2.16444,0.43182,0.37163,"[0.47619, 0.15385, 0.48485]",28,0.71516,1.33457,0.52273,0.44293,"[0.65, 0.13333, 0.54545]",4,COMPLETED,1.451
1166,20251229_131525,gaitset_TOP30.csv,30%,Preset_43,MLP,42,30,"[2048, 1024, 512]",mean,minmax,64,3,2048,silu,0.45,AdamW,,0.0002,1e-06,True,0.8,"[1, 2, 3]",[2],[0.68794326 2.1920904  0.91725768],0.02,1.0,0.12361,1.78943,0.45455,0.43259,"[0.51282, 0.33333, 0.45161]",43,0.12837,2.0189,0.54545,0.49163,"[0.54054, 0.28571, 0.64865]",39,COMPLETED,2.343
1169,20251229_131525,gln_phase1_TOP30.csv,30%,Preset_43,MLP,42,41,"[2048, 1024, 512]",mean,minmax,64,3,2048,silu,0.45,AdamW,,0.0002,1e-06,True,0.8,"[1, 2, 3]",[2],[0.68794326 2.1920904  0.91725768],0.02,1.0,0.11713,1.83609,0.5,0.42707,"[0.58537, 0.13333, 0.5625]",30,0.19978,1.20007,0.61364,0.54456,"[0.73171, 0.23529, 0.66667]",14,COMPLETED,1.607
1170,20251229_131525,gln_phase2_TOP30.csv,30%,Preset_43,MLP,42,44,"[2048, 1024, 512]",mean,minmax,64,3,2048,silu,0.45,AdamW,,0.0002,1e-06,True,0.8,"[1, 2, 3]",[2],[0.68794326 2.1920904  0.91725768],0.02,1.0,0.11585,1.88197,0.43182,0.33126,"[0.56522, 0.0, 0.42857]",32,0.71051,1.09,0.59091,0.59332,"[0.58537, 0.6, 0.59459]",4,COMPLETED,1.765
365,20251229_131525,baseline_CASIAB_TOP30.csv,30%,Preset_44,MLP,42,34,"[896, 640, 320, 192]",mean,L2,80,4,896,leakyrelu,0.5,Adam,,0.0002,1e-07,True,0.8,"[2, 3]","[2, 3]",[0.68794326 2.1920904  0.91725768],0.02,1.0,0.11819,2.72926,0.5,0.46174,"[0.57143, 0.4, 0.41379]",144,0.14877,2.55984,0.52273,0.48333,"[0.58333, 0.4, 0.46667]",123,COMPLETED,5.428
366,20251229_131525,baseline_OUMVLP_TOP30.csv,30%,Preset_44,MLP,42,33,"[896, 640, 320, 192]",mean,L2,80,4,896,leakyrelu,0.5,Adam,,0.0002,1e-07,True,0.8,"[2, 3]","[2, 3]",[0.68794326 2.1920904  0.91725768],0.02,1.0,0.1222,2.29376,0.5,0.42547,"[0.5, 0.18182, 0.59459]",210,0.6242,1.47192,0.54545,0.52508,"[0.59459, 0.4, 0.58065]",79,COMPLETED,8.06
369,20251229_131525,gaitgl_GREW_BNNeck_TOP30.csv,30%,Preset_44,MLP,42,53,"[896, 640, 320, 192]",mean,L2,80,4,896,leakyrelu,0.5,Adam,,0.0002,1e-07,True,0.8,"[2, 3]","[2, 3]",[0.68794326 2.1920904  0.91725768],0.02,1.0,0.11875,2.42474,0.47727,0.36141,"[0.52174, 0.0, 0.5625]",101,0.30889,1.86789,0.5,0.47405,"[0.52632, 0.33333, 0.5625]",61,COMPLETED,4.046
368,20251229_131525,gaitgl_GREW_TOP30.csv,30%,Preset_44,MLP,42,80,"[896, 640, 320, 192]",mean,L2,80,4,896,leakyrelu,0.5,Adam,,0.0002,1e-07,True,0.8,"[2, 3]","[2, 3]",[0.68794326 2.1920904  0.91725768],0.02,1.0,0.11686,2.18163,0.47727,0.38262,"[0.58537, 0.0, 0.5625]",100,0.13027,2.2334,0.54545,0.51154,"[0.60606, 0.3, 0.62857]",95,COMPLETED,4.348
370,20251229_131525,gaitgl_OUMVLP_TOP30.csv,30%,Preset_44,MLP,42,56,"[896, 640, 320, 192]",mean,L2,80,4,896,leakyrelu,0.5,Adam,,0.0002,1e-07,True,0.8,"[2, 3]","[2, 3]",[0.68794326 2.1920904  0.91725768],0.02,1.0,0.12116,2.49691,0.45455,0.40864,"[0.54545, 0.26667, 0.41379]",240,0.11971,2.41773,0.52273,0.47375,"[0.5641, 0.28571, 0.57143]",231,COMPLETED,9.535
367,20251229_131525,gaitgl_TOP30.csv,30%,Preset_44,MLP,42,42,"[896, 640, 320, 192]",mean,L2,80,4,896,leakyrelu,0.5,Adam,,0.0002,1e-07,True,0.8,"[2, 3]","[2, 3]",[0.68794326 2.1920904  0.91725768],0.02,1.0,0.12441,2.54407,0.45455,0.40714,"[0.57143, 0.25, 0.4]",98,0.13132,2.45937,0.52273,0.48959,"[0.59574, 0.42857, 0.44444]",87,COMPLETED,3.847
371,20251229_131525,gaitpart_GREW_TOP30.csv,30%,Preset_44,MLP,42,53,"[896, 640, 320, 192]",mean,L2,80,4,896,leakyrelu,0.5,Adam,,0.0002,1e-07,True,0.8,"[2, 3]","[2, 3]",[0.68794326 2.1920904  0.91725768],0.02,1.0,0.12747,2.29904,0.54545,0.48889,"[0.66667, 0.4, 0.4]",126,0.37623,1.52484,0.59091,0.56907,"[0.66667, 0.5, 0.54054]",82,COMPLETED,4.86
372,20251229_131525,gaitpart_OUMVLP_TOP30.csv,30%,Preset_44,MLP,42,42,"[896, 640, 320, 192]",mean,L2,80,4,896,leakyrelu,0.5,Adam,,0.0002,1e-07,True,0.8,"[2, 3]","[2, 3]",[0.68794326 2.1920904  0.91725768],0.02,1.0,0.11564,2.55636,0.5,0.42358,"[0.57143, 0.15385, 0.54545]",316,0.70663,1.33423,0.52273,0.50602,"[0.5625, 0.4, 0.55556]",152,COMPLETED,12.252
374,20251229_131525,gaitset_GREW_TOP30.csv,30%,Preset_44,MLP,42,63,"[896, 640, 320, 192]",mean,L2,80,4,896,leakyrelu,0.5,Adam,,0.0002,1e-07,True,0.8,"[2, 3]","[2, 3]",[0.68794326 2.1920904  0.91725768],0.02,1.0,0.11589,2.27527,0.54545,0.51053,"[0.63636, 0.42857, 0.46667]",107,0.13328,2.20885,0.54545,0.52181,"[0.61905, 0.46154, 0.48485]",99,COMPLETED,4.539
375,20251229_131525,gaitset_OUMVLP_TOP30.csv,30%,Preset_44,MLP,42,45,"[896, 640, 320, 192]",mean,L2,80,4,896,leakyrelu,0.5,Adam,,0.0002,1e-07,True,0.8,"[2, 3]","[2, 3]",[0.68794326 2.1920904  0.91725768],0.02,1.0,0.11774,2.27279,0.45455,0.33611,"[0.54167, 0.0, 0.46667]",292,0.21957,1.93921,0.54545,0.45971,"[0.59091, 0.2, 0.58824]",216,COMPLETED,11.955
373,20251229_131525,gaitset_TOP30.csv,30%,Preset_44,MLP,42,28,"[896, 640, 320, 192]",mean,L2,80,4,896,leakyrelu,0.5,Adam,,0.0002,1e-07,True,0.8,"[2, 3]","[2, 3]",[0.68794326 2.1920904  0.91725768],0.02,1.0,0.12975,2.49117,0.43182,0.4092,"[0.52632, 0.27273, 0.42857]",148,0.14908,1.89597,0.54545,0.50297,"[0.65116, 0.375, 0.48276]",127,COMPLETED,6.016
376,20251229_131525,gln_phase1_TOP30.csv,30%,Preset_44,MLP,42,39,"[896, 640, 320, 192]",mean,L2,80,4,896,leakyrelu,0.5,Adam,,0.0002,1e-07,True,0.8,"[2, 3]","[2, 3]",[0.68794326 2.1920904  0.91725768],0.02,1.0,0.11837,2.29811,0.52273,0.43345,"[0.6, 0.18182, 0.51852]",138,0.6499,1.18439,0.56818,0.52222,"[0.66667, 0.4, 0.5]",52,COMPLETED,5.736
377,20251229_131525,gln_phase2_TOP30.csv,30%,Preset_44,MLP,42,42,"[896, 640, 320, 192]",mean,L2,80,4,896,leakyrelu,0.5,Adam,,0.0002,1e-07,True,0.8,"[2, 3]","[2, 3]",[0.68794326 2.1920904  0.91725768],0.02,1.0,0.12692,1.98795,0.61364,0.44917,"[0.68085, 0.0, 0.66667]",144,0.45727,1.14467,0.65909,0.58637,"[0.68293, 0.33333, 0.74286]",64,COMPLETED,6.082
495,20251229_131525,baseline_CASIAB_TOP30.csv,30%,Preset_45,MLP,42,21,"[768, 512, 256]",mean,L2,64,3,768,silu,0.4,AdamW,,0.0002,1e-05,True,0.7,"[1, 2, 3]","[2, 3]",[0.68794326 2.1920904  0.91725768],0.02,1.0,0.12822,2.31211,0.54545,0.51033,"[0.625, 0.46154, 0.44444]",326,0.12912,2.34868,0.63636,0.61237,"[0.66667, 0.54545, 0.625]",289,COMPLETED,17.84
496,20251229_131525,baseline_OUMVLP_TOP30.csv,30%,Preset_45,MLP,42,19,"[768, 512, 256]",mean,L2,64,3,768,silu,0.4,AdamW,,0.0002,1e-05,True,0.7,"[1, 2, 3]","[2, 3]",[0.68794326 2.1920904  0.91725768],0.02,1.0,0.12926,2.47828,0.47727,0.40509,"[0.55814, 0.2, 0.45714]",527,0.34896,1.69745,0.56818,0.54505,"[0.58537, 0.46154, 0.58824]",271,COMPLETED,27.92
499,20251229_131525,gaitgl_GREW_BNNeck_TOP30.csv,30%,Preset_45,MLP,42,33,"[768, 512, 256]",mean,L2,64,3,768,silu,0.4,AdamW,,0.0002,1e-05,True,0.7,"[1, 2, 3]","[2, 3]",[0.68794326 2.1920904  0.91725768],0.02,1.0,0.11819,2.8507,0.45455,0.33871,"[0.5, 0.0, 0.51613]",196,0.42458,1.86719,0.5,0.47348,"[0.54545, 0.375, 0.5]",71,COMPLETED,10.774
498,20251229_131525,gaitgl_GREW_TOP30.csv,30%,Preset_45,MLP,42,53,"[768, 512, 256]",mean,L2,64,3,768,silu,0.4,AdamW,,0.0002,1e-05,True,0.7,"[1, 2, 3]","[2, 3]",[0.68794326 2.1920904  0.91725768],0.02,1.0,0.12448,2.11628,0.43182,0.32883,"[0.5, 0.0, 0.48649]",169,0.63925,1.26121,0.54545,0.5127,"[0.57143, 0.3, 0.66667]",72,COMPLETED,9.131
500,20251229_131525,gaitgl_OUMVLP_TOP30.csv,30%,Preset_45,MLP,42,32,"[768, 512, 256]",mean,L2,64,3,768,silu,0.4,AdamW,,0.0002,1e-05,True,0.7,"[1, 2, 3]","[2, 3]",[0.68794326 2.1920904  0.91725768],0.02,1.0,0.11947,2.76081,0.36364,0.31527,"[0.45, 0.14286, 0.35294]",469,0.36913,1.75323,0.54545,0.49926,"[0.63415, 0.36364, 0.5]",292,COMPLETED,25.49
497,20251229_131525,gaitgl_TOP30.csv,30%,Preset_45,MLP,42,27,"[768, 512, 256]",mean,L2,64,3,768,silu,0.4,AdamW,,0.0002,1e-05,True,0.7,"[1, 2, 3]","[2, 3]",[0.68794326 2.1920904  0.91725768],0.02,1.0,0.12704,2.33302,0.38636,0.33462,"[0.45, 0.15385, 0.4]",203,0.15143,2.15967,0.52273,0.46957,"[0.6087, 0.33333, 0.46667]",162,COMPLETED,11.263
501,20251229_131525,gaitpart_GREW_TOP30.csv,30%,Preset_45,MLP,42,34,"[768, 512, 256]",mean,L2,64,3,768,silu,0.4,AdamW,,0.0002,1e-05,True,0.7,"[1, 2, 3]","[2, 3]",[0.68794326 2.1920904  0.91725768],0.02,1.0,0.12937,2.16797,0.47727,0.3282,"[0.62745, 0.0, 0.35714]",261,0.66679,1.03448,0.59091,0.58524,"[0.63415, 0.58824, 0.53333]",105,COMPLETED,13.395
502,20251229_131525,gaitpart_OUMVLP_TOP30.csv,30%,Preset_45,MLP,42,27,"[768, 512, 256]",mean,L2,64,3,768,silu,0.4,AdamW,,0.0002,1e-05,True,0.7,"[1, 2, 3]","[2, 3]",[0.68794326 2.1920904  0.91725768],0.02,1.0,0.12202,2.53626,0.40909,0.34904,"[0.5, 0.13333, 0.41379]",779,0.685,1.07235,0.63636,0.61569,"[0.64706, 0.53333, 0.66667]",321,COMPLETED,41.855
504,20251229_131525,gaitset_GREW_TOP30.csv,30%,Preset_45,MLP,42,41,"[768, 512, 256]",mean,L2,64,3,768,silu,0.4,AdamW,,0.0002,1e-05,True,0.7,"[1, 2, 3]","[2, 3]",[0.68794326 2.1920904  0.91725768],0.02,1.0,0.12589,2.18331,0.40909,0.39959,"[0.47619, 0.4, 0.32258]",178,0.25991,1.77653,0.54545,0.53692,"[0.625, 0.61538, 0.37037]",120,COMPLETED,9.797
505,20251229_131525,gaitset_OUMVLP_TOP30.csv,30%,Preset_45,MLP,42,27,"[768, 512, 256]",mean,L2,64,3,768,silu,0.4,AdamW,,0.0002,1e-05,True,0.7,"[1, 2, 3]","[2, 3]",[0.68794326 2.1920904  0.91725768],0.02,1.0,0.1238,1.79418,0.54545,0.45452,"[0.6383, 0.15385, 0.57143]",659,0.18802,1.57125,0.63636,0.56433,"[0.69565, 0.30769, 0.68966]",500,COMPLETED,36.231
503,20251229_131525,gaitset_TOP30.csv,30%,Preset_45,MLP,42,17,"[768, 512, 256]",mean,L2,64,3,768,silu,0.4,AdamW,,0.0002,1e-05,True,0.7,"[1, 2, 3]","[2, 3]",[0.68794326 2.1920904  0.91725768],0.02,1.0,0.12732,2.04273,0.47727,0.40798,"[0.54054, 0.14286, 0.54054]",413,0.14691,1.96847,0.61364,0.58877,"[0.64865, 0.47059, 0.64706]",333,COMPLETED,23.16
506,20251229_131525,gln_phase1_TOP30.csv,30%,Preset_45,MLP,42,22,"[768, 512, 256]",mean,L2,64,3,768,silu,0.4,AdamW,,0.0002,1e-05,True,0.7,"[1, 2, 3]","[2, 3]",[0.68794326 2.1920904  0.91725768],0.02,1.0,0.12358,1.66711,0.54545,0.4848,"[0.6383, 0.33333, 0.48276]",332,0.66741,1.09275,0.59091,0.58871,"[0.61538, 0.58824, 0.5625]",71,COMPLETED,17.431
507,20251229_131525,gln_phase2_TOP30.csv,30%,Preset_45,MLP,42,24,"[768, 512, 256]",mean,L2,64,3,768,silu,0.4,AdamW,,0.0002,1e-05,True,0.7,"[1, 2, 3]","[2, 3]",[0.68794326 2.1920904  0.91725768],0.02,1.0,0.12424,2.41368,0.43182,0.31744,"[0.56522, 0.0, 0.3871]",314,0.7314,1.28329,0.52273,0.50899,"[0.48649, 0.46154, 0.57895]",72,COMPLETED,17.517
1067,20251229_131525,baseline_CASIAB_TOP30.csv,30%,Preset_46,MLP,42,27,"[640, 384, 256]",mean,L2,128,3,640,gelu,0.35,AdamW,,0.0002,1e-05,True,0.75,[1],"[1, 2]",[0.68794326 2.1920904  0.91725768],0.02,1.0,0.12267,2.06515,0.47727,0.44862,"[0.51163, 0.36364, 0.47059]",592,0.15393,2.20232,0.54545,0.5313,"[0.57778, 0.5, 0.51613]",427,COMPLETED,19.287
1068,20251229_131525,baseline_OUMVLP_TOP30.csv,30%,Preset_46,MLP,42,25,"[640, 384, 256]",mean,L2,128,3,640,gelu,0.35,AdamW,,0.0002,1e-05,True,0.75,[1],"[1, 2]",[0.68794326 2.1920904  0.91725768],0.02,1.0,0.12467,2.01503,0.61364,0.51111,"[0.66667, 0.2, 0.66667]",669,0.22739,1.89206,0.61364,0.54663,"[0.66667, 0.28571, 0.6875]",402,COMPLETED,21.603
1071,20251229_131525,gaitgl_GREW_BNNeck_TOP30.csv,30%,Preset_46,MLP,42,42,"[640, 384, 256]",mean,L2,128,3,640,gelu,0.35,AdamW,,0.0002,1e-05,True,0.75,[1],"[1, 2]",[0.68794326 2.1920904  0.91725768],0.02,1.0,0.12547,2.29221,0.43182,0.32997,"[0.44444, 0.0, 0.54545]",360,0.56947,1.45585,0.47727,0.45397,"[0.45714, 0.33333, 0.57143]",104,COMPLETED,12.063
1070,20251229_131525,gaitgl_GREW_TOP30.csv,30%,Preset_46,MLP,42,65,"[640, 384, 256]",mean,L2,128,3,640,gelu,0.35,AdamW,,0.0002,1e-05,True,0.75,[1],"[1, 2]",[0.68794326 2.1920904  0.91725768],0.02,1.0,0.12161,1.79518,0.36364,0.27407,"[0.48889, 0.0, 0.33333]",254,0.4099,1.59961,0.47727,0.43607,"[0.54054, 0.22222, 0.54545]",121,COMPLETED,8.861
1072,20251229_131525,gaitgl_OUMVLP_TOP30.csv,30%,Preset_46,MLP,42,43,"[640, 384, 256]",mean,L2,128,3,640,gelu,0.35,AdamW,,0.0002,1e-05,True,0.75,[1],"[1, 2]",[0.68794326 2.1920904  0.91725768],0.02,1.0,0.12555,2.07017,0.40909,0.41305,"[0.46512, 0.46154, 0.3125]",558,0.35638,1.63045,0.52273,0.51667,"[0.55, 0.5, 0.5]",349,COMPLETED,17.228
1069,20251229_131525,gaitgl_TOP30.csv,30%,Preset_46,MLP,42,34,"[640, 384, 256]",mean,L2,128,3,640,gelu,0.35,AdamW,,0.0002,1e-05,True,0.75,[1],"[1, 2]",[0.68794326 2.1920904  0.91725768],0.02,1.0,0.12374,2.07571,0.40909,0.34682,"[0.51163, 0.15385, 0.375]",470,0.13496,2.13747,0.45455,0.41368,"[0.53333, 0.30769, 0.4]",401,COMPLETED,15.702
1073,20251229_131525,gaitpart_GREW_TOP30.csv,30%,Preset_46,MLP,42,42,"[640, 384, 256]",mean,L2,128,3,640,gelu,0.35,AdamW,,0.0002,1e-05,True,0.75,[1],"[1, 2]",[0.68794326 2.1920904  0.91725768],0.02,1.0,0.12721,1.8553,0.47727,0.4246,"[0.58333, 0.33333, 0.35714]",354,0.62027,1.11471,0.59091,0.58929,"[0.63636, 0.61538, 0.51613]",145,COMPLETED,11.879
1074,20251229_131525,gaitpart_OUMVLP_TOP30.csv,30%,Preset_46,MLP,42,34,"[640, 384, 256]",mean,L2,128,3,640,gelu,0.35,AdamW,,0.0002,1e-05,True,0.75,[1],"[1, 2]",[0.68794326 2.1920904  0.91725768],0.02,1.0,0.12069,2.20245,0.45455,0.3902,"[0.5, 0.2, 0.47059]",712,0.69138,1.17301,0.5,0.47313,"[0.54545, 0.28571, 0.58824]",367,COMPLETED,22.698
1076,20251229_131525,gaitset_GREW_TOP30.csv,30%,Preset_46,MLP,42,51,"[640, 384, 256]",mean,L2,128,3,640,gelu,0.35,AdamW,,0.0002,1e-05,True,0.75,[1],"[1, 2]",[0.68794326 2.1920904  0.91725768],0.02,1.0,0.12876,1.72136,0.5,0.48068,"[0.6087, 0.5, 0.33333]",266,0.12876,1.72136,0.5,0.48068,"[0.6087, 0.5, 0.33333]",266,COMPLETED,8.732
1077,20251229_131525,gaitset_OUMVLP_TOP30.csv,30%,Preset_46,MLP,42,35,"[640, 384, 256]",mean,L2,128,3,640,gelu,0.35,AdamW,,0.0002,1e-05,True,0.75,[1],"[1, 2]",[0.68794326 2.1920904  0.91725768],0.02,1.0,0.12408,1.89605,0.54545,0.39333,"[0.68, 0.0, 0.5]",650,0.71856,1.34942,0.47727,0.45571,"[0.48649, 0.3, 0.58065]",300,COMPLETED,22.02
1075,20251229_131525,gaitset_TOP30.csv,30%,Preset_46,MLP,42,22,"[640, 384, 256]",mean,L2,128,3,640,gelu,0.35,AdamW,,0.0002,1e-05,True,0.75,[1],"[1, 2]",[0.68794326 2.1920904  0.91725768],0.02,1.0,0.12036,1.23892,0.59091,0.52424,"[0.7, 0.26667, 0.60606]",667,0.1306,1.21589,0.61364,0.56667,"[0.7, 0.375, 0.625]",643,COMPLETED,21.335
1078,20251229_131525,gln_phase1_TOP30.csv,30%,Preset_46,MLP,42,29,"[640, 384, 256]",mean,L2,128,3,640,gelu,0.35,AdamW,,0.0002,1e-05,True,0.75,[1],"[1, 2]",[0.68794326 2.1920904  0.91725768],0.02,1.0,0.12604,1.49607,0.56818,0.51093,"[0.61905, 0.30769, 0.60606]",516,0.72267,1.02957,0.59091,0.58321,"[0.63158, 0.55556, 0.5625]",117,COMPLETED,16.762
1079,20251229_131525,gln_phase2_TOP30.csv,30%,Preset_46,MLP,42,32,"[640, 384, 256]",mean,L2,128,3,640,gelu,0.35,AdamW,,0.0002,1e-05,True,0.75,[1],"[1, 2]",[0.68794326 2.1920904  0.91725768],0.02,1.0,0.12632,2.01624,0.36364,0.28694,"[0.39024, 0.0, 0.47059]",519,0.4993,1.27675,0.5,0.4579,"[0.53659, 0.30769, 0.52941]",163,COMPLETED,17.307
898,20251229_131525,baseline_CASIAB_TOP30.csv,30%,Preset_47,MLP,42,256,"[768, 512, 256]",mean,,96,3,768,silu,0.45,AdamW,,0.0002,1e-06,False,,"[1, 2]","[1, 2]",[0.68794326 2.1920904  0.91725768],0.02,1.0,0.12833,2.10608,0.43182,0.37075,"[0.4878, 0.15385, 0.47059]",184,0.2024,2.26742,0.56818,0.49533,"[0.68085, 0.26667, 0.53846]",84,COMPLETED,6.976
899,20251229_131525,baseline_OUMVLP_TOP30.csv,30%,Preset_47,MLP,42,256,"[768, 512, 256]",mean,,96,3,768,silu,0.45,AdamW,,0.0002,1e-06,False,,"[1, 2]","[1, 2]",[0.68794326 2.1920904  0.91725768],0.02,1.0,0.12231,1.52546,0.45455,0.34396,"[0.56522, 0.0, 0.46667]",258,0.14198,1.68664,0.61364,0.52687,"[0.71698, 0.36364, 0.5]",204,COMPLETED,10.828
902,20251229_131525,gaitgl_GREW_BNNeck_TOP30.csv,30%,Preset_47,MLP,42,256,"[768, 512, 256]",mean,,96,3,768,silu,0.45,AdamW,,0.0002,1e-06,False,,"[1, 2]","[1, 2]",[0.68794326 2.1920904  0.91725768],0.02,1.0,0.12232,2.42457,0.38636,0.35811,"[0.43902, 0.23529, 0.4]",194,0.17673,2.51857,0.43182,0.38545,"[0.52174, 0.25, 0.38462]",135,COMPLETED,6.915
901,20251229_131525,gaitgl_GREW_TOP30.csv,30%,Preset_47,MLP,42,256,"[768, 512, 256]",mean,,96,3,768,silu,0.45,AdamW,,0.0002,1e-06,False,,"[1, 2]","[1, 2]",[0.68794326 2.1920904  0.91725768],0.02,1.0,0.12764,2.76974,0.31818,0.26535,"[0.42105, 0.0, 0.375]",165,0.65,1.35624,0.52273,0.41275,"[0.65, 0.0, 0.58824]",29,COMPLETED,7.459
903,20251229_131525,gaitgl_OUMVLP_TOP30.csv,30%,Preset_47,MLP,42,256,"[768, 512, 256]",mean,,96,3,768,silu,0.45,AdamW,,0.0002,1e-06,False,,"[1, 2]","[1, 2]",[0.68794326 2.1920904  0.91725768],0.02,1.0,0.12625,2.27334,0.5,0.40952,"[0.6, 0.2, 0.42857]",487,0.20437,2.34078,0.56818,0.55617,"[0.61905, 0.53333, 0.51613]",198,COMPLETED,20.376
900,20251229_131525,gaitgl_TOP30.csv,30%,Preset_47,MLP,42,128,"[768, 512, 256]",mean,,96,3,768,silu,0.45,AdamW,,0.0002,1e-06,False,,"[1, 2]","[1, 2]",[0.68794326 2.1920904  0.91725768],0.02,1.0,0.12222,2.01312,0.47727,0.45004,"[0.5, 0.36364, 0.48649]",182,0.27114,1.73865,0.56818,0.54949,"[0.61905, 0.5, 0.52941]",53,COMPLETED,6.974
904,20251229_131525,gaitpart_GREW_TOP30.csv,30%,Preset_47,MLP,42,256,"[768, 512, 256]",mean,,96,3,768,silu,0.45,AdamW,,0.0002,1e-06,False,,"[1, 2]","[1, 2]",[0.68794326 2.1920904  0.91725768],0.02,1.0,0.12207,1.86937,0.52273,0.48114,"[0.625, 0.47059, 0.34783]",228,0.23697,1.64914,0.63636,0.64052,"[0.66667, 0.66667, 0.58824]",95,COMPLETED,8.543
905,20251229_131525,gaitpart_OUMVLP_TOP30.csv,30%,Preset_47,MLP,42,256,"[768, 512, 256]",mean,,96,3,768,silu,0.45,AdamW,,0.0002,1e-06,False,,"[1, 2]","[1, 2]",[0.68794326 2.1920904  0.91725768],0.02,1.0,0.2033,1.47444,0.56818,0.47033,"[0.66667, 0.18182, 0.5625]",648,0.23621,1.35871,0.63636,0.60716,"[0.68421, 0.47059, 0.66667]",366,STOPPED,26.086
907,20251229_131525,gaitset_GREW_TOP30.csv,30%,Preset_47,MLP,42,256,"[768, 512, 256]",mean,,96,3,768,silu,0.45,AdamW,,0.0002,1e-06,False,,"[1, 2]","[1, 2]",[0.68794326 2.1920904  0.91725768],0.02,1.0,0.12397,1.92018,0.52273,0.44444,"[0.66667, 0.26667, 0.4]",183,0.13734,1.58962,0.61364,0.56869,"[0.7, 0.4, 0.60606]",155,COMPLETED,6.773
908,20251229_131525,gaitset_OUMVLP_TOP30.csv,30%,Preset_47,MLP,42,256,"[768, 512, 256]",mean,,96,3,768,silu,0.45,AdamW,,0.0002,1e-06,False,,"[1, 2]","[1, 2]",[0.68794326 2.1920904  0.91725768],0.02,1.0,0.11695,2.27396,0.43182,0.39181,"[0.51163, 0.25, 0.41379]",653,0.14182,2.39233,0.5,0.46759,"[0.51282, 0.36364, 0.52632]",426,COMPLETED,26.173
906,20251229_131525,gaitset_TOP30.csv,30%,Preset_47,MLP,42,256,"[768, 512, 256]",mean,,96,3,768,silu,0.45,AdamW,,0.0002,1e-06,False,,"[1, 2]","[1, 2]",[0.68794326 2.1920904  0.91725768],0.02,1.0,0.12999,2.11985,0.34091,0.33198,"[0.37838, 0.27273, 0.34483]",192,0.13715,2.03814,0.52273,0.50918,"[0.53659, 0.46154, 0.52941]",142,COMPLETED,7.76
909,20251229_131525,gln_phase1_TOP30.csv,30%,Preset_47,MLP,42,256,"[768, 512, 256]",mean,,96,3,768,silu,0.45,AdamW,,0.0002,1e-06,False,,"[1, 2]","[1, 2]",[0.68794326 2.1920904  0.91725768],0.02,1.0,0.11737,1.63533,0.52273,0.38923,"[0.62222, 0.0, 0.54545]",190,0.61639,1.25863,0.54545,0.52859,"[0.45161, 0.5, 0.63415]",38,COMPLETED,7.069
910,20251229_131525,gln_phase2_TOP30.csv,30%,Preset_47,MLP,42,256,"[768, 512, 256]",mean,,96,3,768,silu,0.45,AdamW,,0.0002,1e-06,False,,"[1, 2]","[1, 2]",[0.68794326 2.1920904  0.91725768],0.02,1.0,0.12015,1.85174,0.56818,0.39925,"[0.67925, 0.0, 0.51852]",194,0.12782,2.01607,0.59091,0.49426,"[0.63415, 0.2, 0.64865]",173,COMPLETED,7.386
820,20251229_131525,baseline_CASIAB_TOP30.csv,30%,Preset_48,MLP,42,256,"[512, 512, 768]",mean,L2,96,3,512,gelu,0.35,AdamW,,0.00018,1e-05,False,,[],[],[0.68794326 2.1920904  0.91725768],0.02,1.0,0.12535,3.2641,0.45455,0.41095,"[0.53333, 0.28571, 0.41379]",1737,0.16584,3.52478,0.56818,0.51194,"[0.65306, 0.4, 0.48276]",1081,COMPLETED,54.126
821,20251229_131525,baseline_OUMVLP_TOP30.csv,30%,Preset_48,MLP,42,256,"[512, 512, 768]",mean,L2,96,3,512,gelu,0.35,AdamW,,0.00018,1e-05,False,,[],[],[0.68794326 2.1920904  0.91725768],0.02,1.0,0.17615,3.77393,0.45455,0.41717,"[0.5, 0.26667, 0.48485]",1299,0.2848,2.56455,0.59091,0.53743,"[0.6, 0.36364, 0.64865]",524,STOPPED,41.664
824,20251229_131525,gaitgl_GREW_BNNeck_TOP30.csv,30%,Preset_48,MLP,42,256,"[512, 512, 768]",mean,L2,96,3,512,gelu,0.35,AdamW,,0.00018,1e-05,False,,[],[],[0.68794326 2.1920904  0.91725768],0.02,1.0,0.12578,4.49514,0.34091,0.33613,"[0.38095, 0.33333, 0.29412]",795,0.43013,1.73981,0.45455,0.41273,"[0.53659, 0.25, 0.45161]",107,COMPLETED,25.383
823,20251229_131525,gaitgl_GREW_TOP30.csv,30%,Preset_48,MLP,42,256,"[512, 512, 768]",mean,L2,96,3,512,gelu,0.35,AdamW,,0.00018,1e-05,False,,[],[],[0.68794326 2.1920904  0.91725768],0.02,1.0,0.12978,5.01473,0.31818,0.28438,"[0.37838, 0.11111, 0.36364]",781,0.5252,1.86614,0.47727,0.41481,"[0.6, 0.11111, 0.53333]",126,COMPLETED,25.116
825,20251229_131525,gaitgl_OUMVLP_TOP30.csv,30%,Preset_48,MLP,42,256,"[512, 512, 768]",mean,L2,96,3,512,gelu,0.35,AdamW,,0.00018,1e-05,False,,[],[],[0.68794326 2.1920904  0.91725768],0.02,1.0,0.20513,4.03103,0.38636,0.36546,"[0.45455, 0.38095, 0.26087]",1530,0.39952,2.14904,0.52273,0.52052,"[0.54545, 0.53333, 0.48276]",445,STOPPED,48.403
822,20251229_131525,gaitgl_TOP30.csv,30%,Preset_48,MLP,42,128,"[512, 512, 768]",mean,L2,96,3,512,gelu,0.35,AdamW,,0.00018,1e-05,False,,[],[],[0.68794326 2.1920904  0.91725768],0.02,1.0,0.12745,3.98492,0.43182,0.39891,"[0.43243, 0.25, 0.51429]",1310,0.64505,1.30808,0.59091,0.54841,"[0.6383, 0.44444, 0.5625]",91,COMPLETED,45.577
826,20251229_131525,gaitpart_GREW_TOP30.csv,30%,Preset_48,MLP,42,256,"[512, 512, 768]",mean,L2,96,3,512,gelu,0.35,AdamW,,0.00018,1e-05,False,,[],[],[0.68794326 2.1920904  0.91725768],0.02,1.0,0.14571,6.18929,0.45455,0.40865,"[0.5, 0.10526, 0.62069]",1259,0.64198,1.31334,0.61364,0.59474,"[0.68421, 0.5, 0.6]",104,STOPPED,39.787
827,20251229_131525,gaitpart_OUMVLP_TOP30.csv,30%,Preset_48,MLP,42,256,"[512, 512, 768]",mean,L2,96,3,512,gelu,0.35,AdamW,,0.00018,1e-05,False,,[],[],[0.68794326 2.1920904  0.91725768],0.02,1.0,0.44435,1.74915,0.56818,0.54902,"[0.64706, 0.44444, 0.55556]",1305,0.38678,1.60367,0.63636,0.61042,"[0.7027, 0.5, 0.62857]",978,STOPPED,41.445
829,20251229_131525,gaitset_GREW_TOP30.csv,30%,Preset_48,MLP,42,256,"[512, 512, 768]",mean,L2,96,3,512,gelu,0.35,AdamW,,0.00018,1e-05,False,,[],[],[0.68794326 2.1920904  0.91725768],0.02,1.0,0.12931,2.97562,0.47727,0.40743,"[0.60465, 0.11765, 0.5]",965,0.18074,2.72156,0.54545,0.52587,"[0.61111, 0.42105, 0.54545]",503,COMPLETED,29.866
830,20251229_131525,gaitset_OUMVLP_TOP30.csv,30%,Preset_48,MLP,42,256,"[512, 512, 768]",mean,L2,96,3,512,gelu,0.35,AdamW,,0.00018,1e-05,False,,[],[],[0.68794326 2.1920904  0.91725768],0.02,1.0,0.28583,6.57508,0.31818,0.27489,"[0.47619, 0.16667, 0.18182]",1959,0.24382,4.47811,0.45455,0.42262,"[0.47368, 0.30769, 0.48649]",1943,STOPPED,62.237
828,20251229_131525,gaitset_TOP30.csv,30%,Preset_48,MLP,42,256,"[512, 512, 768]",mean,L2,96,3,512,gelu,0.35,AdamW,,0.00018,1e-05,False,,[],[],[0.68794326 2.1920904  0.91725768],0.02,1.0,0.148,3.99311,0.43182,0.36821,"[0.55, 0.14286, 0.41176]",1402,0.16239,3.93571,0.5,0.42941,"[0.62857, 0.13333, 0.52632]",1235,STOPPED,44.993
831,20251229_131525,gln_phase1_TOP30.csv,30%,Preset_48,MLP,42,256,"[512, 512, 768]",mean,L2,96,3,512,gelu,0.35,AdamW,,0.00018,1e-05,False,,[],[],[0.68794326 2.1920904  0.91725768],0.02,1.0,0.1502,4.03246,0.38636,0.33514,"[0.38889, 0.14286, 0.47368]",968,0.73526,1.04687,0.59091,0.54153,"[0.63636, 0.4, 0.58824]",80,STOPPED,31.02
832,20251229_131525,gln_phase2_TOP30.csv,30%,Preset_48,MLP,42,256,"[512, 512, 768]",mean,L2,96,3,512,gelu,0.35,AdamW,,0.00018,1e-05,False,,[],[],[0.68794326 2.1920904  0.91725768],0.02,1.0,0.12741,3.71256,0.47727,0.4037,"[0.57778, 0.13333, 0.5]",1248,0.15104,3.20254,0.52273,0.43809,"[0.6087, 0.15385, 0.55172]",931,COMPLETED,39.519
1496,20251229_131525,baseline_CASIAB_TOP30.csv,30%,Preset_49,MLP,42,256,"[896, 896, 640, 320]",mean,minmax,48,4,896,gelu,0.45,Adam,,0.00018,5e-07,False,,[1],"[2, 3]",[0.68794326 2.1920904  0.91725768],0.02,1.0,0.12561,2.16488,0.47727,0.30514,"[0.65455, 0.0, 0.26087]",64,0.14739,1.86862,0.5,0.41872,"[0.60465, 0.16667, 0.48485]",50,COMPLETED,4.173
1497,20251229_131525,baseline_OUMVLP_TOP30.csv,30%,Preset_49,MLP,42,256,"[896, 896, 640, 320]",mean,minmax,48,4,896,gelu,0.45,Adam,,0.00018,5e-07,False,,[1],"[2, 3]",[0.68794326 2.1920904  0.91725768],0.02,1.0,0.12289,1.50359,0.45455,0.32094,"[0.54902, 0.0, 0.41379]",68,0.13675,1.79101,0.47727,0.47022,"[0.51163, 0.46154, 0.4375]",51,COMPLETED,4.19
1500,20251229_131525,gaitgl_GREW_BNNeck_TOP30.csv,30%,Preset_49,MLP,42,256,"[896, 896, 640, 320]",mean,minmax,48,4,896,gelu,0.45,Adam,,0.00018,5e-07,False,,[1],"[2, 3]",[0.68794326 2.1920904  0.91725768],0.02,1.0,0.12023,1.80256,0.47727,0.33024,"[0.57692, 0.0, 0.41379]",60,0.11827,1.67502,0.45455,0.41667,"[0.5, 0.25, 0.5]",58,COMPLETED,3.887
1499,20251229_131525,gaitgl_GREW_TOP30.csv,30%,Preset_49,MLP,42,256,"[896, 896, 640, 320]",mean,minmax,48,4,896,gelu,0.45,Adam,,0.00018,5e-07,False,,[1],"[2, 3]",[0.68794326 2.1920904  0.91725768],0.02,1.0,0.12798,2.13291,0.36364,0.26587,"[0.52174, 0.0, 0.27586]",63,0.58011,1.42491,0.5,0.3684,"[0.59091, 0.0, 0.51429]",19,COMPLETED,4.266
1501,20251229_131525,gaitgl_OUMVLP_TOP30.csv,30%,Preset_49,MLP,42,256,"[896, 896, 640, 320]",mean,minmax,48,4,896,gelu,0.45,Adam,,0.00018,5e-07,False,,[1],"[2, 3]",[0.68794326 2.1920904  0.91725768],0.02,1.0,0.1144,1.84926,0.43182,0.36251,"[0.56, 0.26667, 0.26087]",76,0.21657,1.68976,0.52273,0.52076,"[0.56522, 0.54545, 0.45161]",32,COMPLETED,4.567
1498,20251229_131525,gaitgl_TOP30.csv,30%,Preset_49,MLP,42,128,"[896, 896, 640, 320]",mean,minmax,48,4,896,gelu,0.45,Adam,,0.00018,5e-07,False,,[1],"[2, 3]",[0.68794326 2.1920904  0.91725768],0.02,1.0,0.11484,1.75207,0.54545,0.45869,"[0.60465, 0.2, 0.57143]",62,0.12285,1.95074,0.52273,0.5,"[0.57143, 0.42857, 0.5]",56,COMPLETED,3.672
1502,20251229_131525,gaitpart_GREW_TOP30.csv,30%,Preset_49,MLP,42,256,"[896, 896, 640, 320]",mean,minmax,48,4,896,gelu,0.45,Adam,,0.00018,5e-07,False,,[1],"[2, 3]",[0.68794326 2.1920904  0.91725768],0.02,1.0,0.11635,1.86462,0.47727,0.40794,"[0.5, 0.2, 0.52381]",56,0.33385,1.48958,0.59091,0.57951,"[0.63158, 0.52632, 0.58065]",24,COMPLETED,3.551
1503,20251229_131525,gaitpart_OUMVLP_TOP30.csv,30%,Preset_49,MLP,42,256,"[896, 896, 640, 320]",mean,minmax,48,4,896,gelu,0.45,Adam,,0.00018,5e-07,False,,[1],"[2, 3]",[0.68794326 2.1920904  0.91725768],0.02,1.0,0.1213,1.03557,0.61364,0.5396,"[0.71111, 0.30769, 0.6]",62,0.16527,1.18828,0.65909,0.591,"[0.78261, 0.375, 0.61538]",38,COMPLETED,3.633
1505,20251229_131525,gaitset_GREW_TOP30.csv,30%,Preset_49,MLP,42,256,"[896, 896, 640, 320]",mean,minmax,48,4,896,gelu,0.45,Adam,,0.00018,5e-07,False,,[1],"[2, 3]",[0.68794326 2.1920904  0.91725768],0.02,1.0,0.11293,1.39832,0.47727,0.38611,"[0.625, 0.2, 0.33333]",60,0.14842,1.68137,0.59091,0.49962,"[0.68571, 0.22222, 0.59091]",51,COMPLETED,3.361
1506,20251229_131525,gaitset_OUMVLP_TOP30.csv,30%,Preset_49,MLP,42,256,"[896, 896, 640, 320]",mean,minmax,48,4,896,gelu,0.45,Adam,,0.00018,5e-07,False,,[1],"[2, 3]",[0.68794326 2.1920904  0.91725768],0.02,1.0,0.11807,1.9532,0.38636,0.31814,"[0.52174, 0.125, 0.30769]",68,0.21803,2.04294,0.5,0.41579,"[0.59574, 0.2, 0.45161]",34,COMPLETED,4.509
1504,20251229_131525,gaitset_TOP30.csv,30%,Preset_49,MLP,42,256,"[896, 896, 640, 320]",mean,minmax,48,4,896,gelu,0.45,Adam,,0.00018,5e-07,False,,[1],"[2, 3]",[0.68794326 2.1920904  0.91725768],0.02,1.0,0.11958,1.61025,0.38636,0.35331,"[0.46512, 0.25, 0.34483]",73,0.12816,1.55995,0.47727,0.42504,"[0.57143, 0.33333, 0.37037]",69,COMPLETED,4.51
1507,20251229_131525,gln_phase1_TOP30.csv,30%,Preset_49,MLP,42,256,"[896, 896, 640, 320]",mean,minmax,48,4,896,gelu,0.45,Adam,,0.00018,5e-07,False,,[1],"[2, 3]",[0.68794326 2.1920904  0.91725768],0.02,1.0,0.11499,1.29752,0.47727,0.3547,"[0.5, 0.0, 0.5641]",66,0.55112,1.15246,0.54545,0.52165,"[0.42857, 0.5, 0.63636]",19,COMPLETED,4.05
1508,20251229_131525,gln_phase2_TOP30.csv,30%,Preset_49,MLP,42,256,"[896, 896, 640, 320]",mean,minmax,48,4,896,gelu,0.45,Adam,,0.00018,5e-07,False,,[1],"[2, 3]",[0.68794326 2.1920904  0.91725768],0.02,1.0,0.12734,1.93469,0.34091,0.31313,"[0.36364, 0.09091, 0.48485]",60,0.1193,1.49787,0.59091,0.48314,"[0.69388, 0.22222, 0.53333]",56,COMPLETED,3.798
482,20251229_131525,baseline_CASIAB_TOP30.csv,30%,Preset_50,MLP,42,256,"[384, 256, 128]",mean,,48,3,384,leakyrelu,0.2,Adam,,0.0008,0.0,False,,[3],"[1, 2]",[0.68794326 2.1920904  0.91725768],0.02,1.0,0.11715,1.97466,0.5,0.35138,"[0.59259, 0.0, 0.46154]",211,0.12912,1.95247,0.52273,0.53701,"[0.55814, 0.61538, 0.4375]",138,COMPLETED,10.907
483,20251229_131525,baseline_OUMVLP_TOP30.csv,30%,Preset_50,MLP,42,256,"[384, 256, 128]",mean,,48,3,384,leakyrelu,0.2,Adam,,0.0008,0.0,False,,[3],"[1, 2]",[0.68794326 2.1920904  0.91725768],0.02,1.0,0.121,1.94898,0.52273,0.47083,"[0.6, 0.25, 0.5625]",369,0.14026,1.36459,0.63636,0.59861,"[0.63158, 0.46154, 0.7027]",315,COMPLETED,18.92
486,20251229_131525,gaitgl_GREW_BNNeck_TOP30.csv,30%,Preset_50,MLP,42,256,"[384, 256, 128]",mean,,48,3,384,leakyrelu,0.2,Adam,,0.0008,0.0,False,,[3],"[1, 2]",[0.68794326 2.1920904  0.91725768],0.02,1.0,0.12582,2.16253,0.43182,0.33333,"[0.53333, 0.0, 0.46667]",106,0.12096,2.2832,0.52273,0.48174,"[0.6087, 0.375, 0.46154]",102,COMPLETED,5.66
485,20251229_131525,gaitgl_GREW_TOP30.csv,30%,Preset_50,MLP,42,256,"[384, 256, 128]",mean,,48,3,384,leakyrelu,0.2,Adam,,0.0008,0.0,False,,[3],"[1, 2]",[0.68794326 2.1920904  0.91725768],0.02,1.0,0.20328,2.54428,0.36364,0.26898,"[0.51064, 0.0, 0.2963]",232,0.70389,1.46318,0.40909,0.39178,"[0.41379, 0.3, 0.46154]",19,STOPPED,12.138
487,20251229_131525,gaitgl_OUMVLP_TOP30.csv,30%,Preset_50,MLP,42,256,"[384, 256, 128]",mean,,48,3,384,leakyrelu,0.2,Adam,,0.0008,0.0,False,,[3],"[1, 2]",[0.68794326 2.1920904  0.91725768],0.02,1.0,0.54821,1.74994,0.45455,0.39012,"[0.51064, 0.22222, 0.4375]",392,0.64838,1.52702,0.52273,0.48473,"[0.55, 0.36364, 0.54054]",180,STOPPED,21.202
484,20251229_131525,gaitgl_TOP30.csv,30%,Preset_50,MLP,42,128,"[384, 256, 128]",mean,,48,3,384,leakyrelu,0.2,Adam,,0.0008,0.0,False,,[3],"[1, 2]",[0.68794326 2.1920904  0.91725768],0.02,1.0,0.10583,2.02221,0.47727,0.40436,"[0.58537, 0.14286, 0.48485]",47,0.12908,1.63303,0.61364,0.51085,"[0.71111, 0.25, 0.57143]",40,COMPLETED,2.428
488,20251229_131525,gaitpart_GREW_TOP30.csv,30%,Preset_50,MLP,42,256,"[384, 256, 128]",mean,,48,3,384,leakyrelu,0.2,Adam,,0.0008,0.0,False,,[3],"[1, 2]",[0.68794326 2.1920904  0.91725768],0.02,1.0,0.16247,2.15735,0.43182,0.40332,"[0.55814, 0.42105, 0.23077]",278,0.21391,1.59653,0.56818,0.57835,"[0.5641, 0.61538, 0.55556]",178,STOPPED,13.567
489,20251229_131525,gaitpart_OUMVLP_TOP30.csv,30%,Preset_50,MLP,42,256,"[384, 256, 128]",mean,,48,3,384,leakyrelu,0.2,Adam,,0.0008,0.0,False,,[3],"[1, 2]",[0.68794326 2.1920904  0.91725768],0.02,1.0,0.53121,1.22858,0.47727,0.45905,"[0.62857, 0.32, 0.42857]",772,0.59625,1.17551,0.61364,0.58451,"[0.68293, 0.47059, 0.6]",377,STOPPED,37.014
491,20251229_131525,gaitset_GREW_TOP30.csv,30%,Preset_50,MLP,42,256,"[384, 256, 128]",mean,,48,3,384,leakyrelu,0.2,Adam,,0.0008,0.0,False,,[3],"[1, 2]",[0.68794326 2.1920904  0.91725768],0.02,1.0,0.12356,2.17189,0.45455,0.32348,"[0.58333, 0.0, 0.3871]",386,0.1339,1.59414,0.63636,0.58632,"[0.68293, 0.44444, 0.63158]",328,COMPLETED,18.553
492,20251229_131525,gaitset_OUMVLP_TOP30.csv,30%,Preset_50,MLP,42,256,"[384, 256, 128]",mean,,48,3,384,leakyrelu,0.2,Adam,,0.0008,0.0,False,,[3],"[1, 2]",[0.68794326 2.1920904  0.91725768],0.02,1.0,0.33735,2.29457,0.40909,0.33257,"[0.59574, 0.23529, 0.16667]",824,0.60154,1.87371,0.52273,0.47053,"[0.61905, 0.30769, 0.48485]",453,STOPPED,40.188
490,20251229_131525,gaitset_TOP30.csv,30%,Preset_50,MLP,42,256,"[384, 256, 128]",mean,,48,3,384,leakyrelu,0.2,Adam,,0.0008,0.0,False,,[3],"[1, 2]",[0.68794326 2.1920904  0.91725768],0.02,1.0,0.12006,2.75397,0.31818,0.28251,"[0.31579, 0.14286, 0.38889]",153,0.25354,1.68259,0.52273,0.44179,"[0.5641, 0.16667, 0.59459]",44,COMPLETED,9.195
493,20251229_131525,gln_phase1_TOP30.csv,30%,Preset_50,MLP,42,256,"[384, 256, 128]",mean,,48,3,384,leakyrelu,0.2,Adam,,0.0008,0.0,False,,[3],"[1, 2]",[0.68794326 2.1920904  0.91725768],0.02,1.0,0.11027,1.92326,0.56818,0.4735,"[0.66667, 0.15385, 0.6]",165,0.12581,1.65657,0.61364,0.54902,"[0.66667, 0.33333, 0.64706]",123,COMPLETED,10.114
494,20251229_131525,gln_phase2_TOP30.csv,30%,Preset_50,MLP,42,256,"[384, 256, 128]",mean,,48,3,384,leakyrelu,0.2,Adam,,0.0008,0.0,False,,[3],"[1, 2]",[0.68794326 2.1920904  0.91725768],0.02,1.0,0.11992,3.12732,0.31818,0.29028,"[0.33333, 0.1, 0.4375]",259,0.14128,1.7691,0.59091,0.48465,"[0.68, 0.22222, 0.55172]",133,COMPLETED,14.76
547,20251229_131525,baseline_CASIAB_TOP30.csv,30%,Preset_51,MLP,42,34,"[1280, 896, 512, 256]",mean,L2,64,4,1280,silu,0.45,Adam,,0.0002,2e-07,True,0.8,"[1, 2]","[1, 2, 3]",[0.68794326 2.1920904  0.91725768],0.02,1.0,0.11561,2.12076,0.45455,0.43001,"[0.48889, 0.36364, 0.4375]",348,0.1637,2.62888,0.5,0.5,"[0.5, 0.5, 0.5]",240,COMPLETED,18.886
548,20251229_131525,baseline_OUMVLP_TOP30.csv,30%,Preset_51,MLP,42,33,"[1280, 896, 512, 256]",mean,L2,64,4,1280,silu,0.45,Adam,,0.0002,2e-07,True,0.8,"[1, 2]","[1, 2, 3]",[0.68794326 2.1920904  0.91725768],0.02,1.0,0.11904,2.28217,0.52273,0.47884,"[0.57143, 0.22222, 0.64286]",388,0.15495,2.14536,0.59091,0.52793,"[0.68182, 0.23529, 0.66667]",322,COMPLETED,20.988
551,20251229_131525,gaitgl_GREW_BNNeck_TOP30.csv,30%,Preset_51,MLP,42,53,"[1280, 896, 512, 256]",mean,L2,64,4,1280,silu,0.45,Adam,,0.0002,2e-07,True,0.8,"[1, 2]","[1, 2, 3]",[0.68794326 2.1920904  0.91725768],0.02,1.0,0.12343,2.6135,0.45455,0.34799,"[0.51064, 0.0, 0.53333]",233,0.32662,2.04534,0.52273,0.47196,"[0.57778, 0.26667, 0.57143]",110,COMPLETED,12.307
550,20251229_131525,gaitgl_GREW_TOP30.csv,30%,Preset_51,MLP,42,80,"[1280, 896, 512, 256]",mean,L2,64,4,1280,silu,0.45,Adam,,0.0002,2e-07,True,0.8,"[1, 2]","[1, 2, 3]",[0.68794326 2.1920904  0.91725768],0.02,1.0,0.11997,2.19117,0.45455,0.34848,"[0.54545, 0.0, 0.5]",184,0.68263,1.54186,0.45455,0.39647,"[0.54545, 0.11765, 0.52632]",76,COMPLETED,10.23
552,20251229_131525,gaitgl_OUMVLP_TOP30.csv,30%,Preset_51,MLP,42,56,"[1280, 896, 512, 256]",mean,L2,64,4,1280,silu,0.45,Adam,,0.0002,2e-07,True,0.8,"[1, 2]","[1, 2, 3]",[0.68794326 2.1920904  0.91725768],0.02,1.0,0.12064,1.99484,0.52273,0.50199,"[0.57778, 0.46154, 0.46667]",383,0.38977,1.76486,0.63636,0.63799,"[0.66667, 0.66667, 0.58065]",280,COMPLETED,20.033
549,20251229_131525,gaitgl_TOP30.csv,30%,Preset_51,MLP,42,42,"[1280, 896, 512, 256]",mean,L2,64,4,1280,silu,0.45,Adam,,0.0002,2e-07,True,0.8,"[1, 2]","[1, 2, 3]",[0.68794326 2.1920904  0.91725768],0.02,1.0,0.12643,2.42763,0.40909,0.35149,"[0.4878, 0.16667, 0.4]",245,0.38764,2.19311,0.5,0.47235,"[0.5641, 0.35294, 0.5]",93,COMPLETED,13.551
553,20251229_131525,gaitpart_GREW_TOP30.csv,30%,Preset_51,MLP,42,53,"[1280, 896, 512, 256]",mean,L2,64,4,1280,silu,0.45,Adam,,0.0002,2e-07,True,0.8,"[1, 2]","[1, 2, 3]",[0.68794326 2.1920904  0.91725768],0.02,1.0,0.1261,1.89869,0.54545,0.47034,"[0.68085, 0.28571, 0.44444]",233,0.39385,1.69801,0.59091,0.55781,"[0.69565, 0.53333, 0.44444]",147,COMPLETED,12.8
554,20251229_131525,gaitpart_OUMVLP_TOP30.csv,30%,Preset_51,MLP,42,42,"[1280, 896, 512, 256]",mean,L2,64,4,1280,silu,0.45,Adam,,0.0002,2e-07,True,0.8,"[1, 2]","[1, 2, 3]",[0.68794326 2.1920904  0.91725768],0.02,1.0,0.12312,2.16277,0.47727,0.43543,"[0.55, 0.28571, 0.47059]",599,0.12929,2.24536,0.5,0.47823,"[0.5641, 0.4, 0.47059]",583,COMPLETED,27.04
556,20251229_131525,gaitset_GREW_TOP30.csv,30%,Preset_51,MLP,42,63,"[1280, 896, 512, 256]",mean,L2,64,4,1280,silu,0.45,Adam,,0.0002,2e-07,True,0.8,"[1, 2]","[1, 2, 3]",[0.68794326 2.1920904  0.91725768],0.02,1.0,0.11967,1.87676,0.52273,0.48002,"[0.66667, 0.42857, 0.34483]",194,0.191,2.11349,0.56818,0.54006,"[0.68293, 0.47059, 0.46667]",140,COMPLETED,8.885
557,20251229_131525,gaitset_OUMVLP_TOP30.csv,30%,Preset_51,MLP,42,45,"[1280, 896, 512, 256]",mean,L2,64,4,1280,silu,0.45,Adam,,0.0002,2e-07,True,0.8,"[1, 2]","[1, 2, 3]",[0.68794326 2.1920904  0.91725768],0.02,1.0,0.12681,1.95334,0.47727,0.40996,"[0.4878, 0.15385, 0.58824]",443,0.12752,1.77757,0.59091,0.53357,"[0.62222, 0.33333, 0.64516]",439,COMPLETED,20.146
555,20251229_131525,gaitset_TOP30.csv,30%,Preset_51,MLP,42,28,"[1280, 896, 512, 256]",mean,L2,64,4,1280,silu,0.45,Adam,,0.0002,2e-07,True,0.8,"[1, 2]","[1, 2, 3]",[0.68794326 2.1920904  0.91725768],0.02,1.0,0.12595,1.98371,0.45455,0.43518,"[0.48649, 0.28571, 0.53333]",377,0.15716,1.56982,0.61364,0.57887,"[0.71429, 0.47059, 0.55172]",288,COMPLETED,17.056
558,20251229_131525,gln_phase1_TOP30.csv,30%,Preset_51,MLP,42,39,"[1280, 896, 512, 256]",mean,L2,64,4,1280,silu,0.45,Adam,,0.0002,2e-07,True,0.8,"[1, 2]","[1, 2, 3]",[0.68794326 2.1920904  0.91725768],0.02,1.0,0.12842,2.25146,0.47727,0.40087,"[0.55319, 0.16667, 0.48276]",285,0.73684,1.17153,0.52273,0.50496,"[0.57143, 0.38095, 0.5625]",78,COMPLETED,12.716
559,20251229_131525,gln_phase2_TOP30.csv,30%,Preset_51,MLP,42,42,"[1280, 896, 512, 256]",mean,L2,64,4,1280,silu,0.45,Adam,,0.0002,2e-07,True,0.8,"[1, 2]","[1, 2, 3]",[0.68794326 2.1920904  0.91725768],0.02,1.0,0.11582,2.0584,0.52273,0.475,"[0.55, 0.25, 0.625]",278,0.12735,2.2569,0.54545,0.49762,"[0.59091, 0.23529, 0.66667]",270,COMPLETED,12.68
1340,20251229_131525,baseline_CASIAB_TOP30.csv,30%,Preset_52,MLP,42,22,"[512, 384, 256]",max,L2,128,3,512,silu,0.5,Adam,,0.0001,1e-06,True,0.65,[2],[3],[0.68794326 2.1920904  0.91725768],0.02,1.0,0.12847,1.59973,0.56818,0.41941,"[0.65217, 0.0, 0.60606]",1522,0.2672,1.79088,0.63636,0.56522,"[0.69565, 0.33333, 0.66667]",1082,COMPLETED,49.811
1341,20251229_131525,baseline_OUMVLP_TOP30.csv,30%,Preset_52,MLP,42,23,"[512, 384, 256]",max,L2,128,3,512,silu,0.5,Adam,,0.0001,1e-06,True,0.65,[2],[3],[0.68794326 2.1920904  0.91725768],0.02,1.0,0.12557,2.94688,0.52273,0.46822,"[0.60465, 0.26667, 0.53333]",1571,0.23282,2.38236,0.52273,0.49167,"[0.6, 0.375, 0.5]",943,COMPLETED,51.58
1344,20251229_131525,gaitgl_GREW_BNNeck_TOP30.csv,30%,Preset_52,MLP,42,36,"[512, 384, 256]",max,L2,128,3,512,silu,0.5,Adam,,0.0001,1e-06,True,0.65,[2],[3],[0.68794326 2.1920904  0.91725768],0.02,1.0,0.12268,1.50124,0.47727,0.40909,"[0.5, 0.18182, 0.54545]",577,0.179,1.42174,0.61364,0.58429,"[0.54545, 0.47059, 0.73684]",408,COMPLETED,19.129
1343,20251229_131525,gaitgl_GREW_TOP30.csv,30%,Preset_52,MLP,42,61,"[512, 384, 256]",max,L2,128,3,512,silu,0.5,Adam,,0.0001,1e-06,True,0.65,[2],[3],[0.68794326 2.1920904  0.91725768],0.02,1.0,0.12319,1.52969,0.5,0.40754,"[0.61224, 0.18182, 0.42857]",381,0.19988,1.49653,0.59091,0.48778,"[0.68, 0.25, 0.53333]",266,COMPLETED,12.68
1345,20251229_131525,gaitgl_OUMVLP_TOP30.csv,30%,Preset_52,MLP,42,21,"[512, 384, 256]",max,L2,128,3,512,silu,0.5,Adam,,0.0001,1e-06,True,0.65,[2],[3],[0.68794326 2.1920904  0.91725768],0.02,1.0,0.14707,3.03638,0.36364,0.30697,"[0.53659, 0.11765, 0.26667]",2225,0.43406,1.78377,0.54545,0.49179,"[0.53333, 0.33333, 0.6087]",1084,STOPPED,73.147
1342,20251229_131525,gaitgl_TOP30.csv,30%,Preset_52,MLP,42,39,"[512, 384, 256]",max,L2,128,3,512,silu,0.5,Adam,,0.0001,1e-06,True,0.65,[2],[3],[0.68794326 2.1920904  0.91725768],0.02,1.0,0.12961,2.55324,0.38636,0.30449,"[0.53061, 0.14286, 0.24]",511,0.65091,1.28078,0.54545,0.43642,"[0.69388, 0.15385, 0.46154]",146,COMPLETED,16.766
1346,20251229_131525,gaitpart_GREW_TOP30.csv,30%,Preset_52,MLP,42,33,"[512, 384, 256]",max,L2,128,3,512,silu,0.5,Adam,,0.0001,1e-06,True,0.65,[2],[3],[0.68794326 2.1920904  0.91725768],0.02,1.0,0.12661,2.42632,0.47727,0.29748,"[0.63158, 0.0, 0.26087]",763,0.14351,1.78129,0.52273,0.47766,"[0.58537, 0.33333, 0.51429]",648,COMPLETED,24.691
1347,20251229_131525,gaitpart_OUMVLP_TOP30.csv,30%,Preset_52,MLP,42,21,"[512, 384, 256]",max,L2,128,3,512,silu,0.5,Adam,,0.0001,1e-06,True,0.65,[2],[3],[0.68794326 2.1920904  0.91725768],0.02,1.0,0.26498,2.07648,0.45455,0.40994,"[0.58537, 0.2, 0.44444]",1728,0.51602,1.27012,0.63636,0.5303,"[0.68182, 0.18182, 0.72727]",926,STOPPED,56.207
1349,20251229_131525,gaitset_GREW_TOP30.csv,30%,Preset_52,MLP,42,41,"[512, 384, 256]",max,L2,128,3,512,silu,0.5,Adam,,0.0001,1e-06,True,0.65,[2],[3],[0.68794326 2.1920904  0.91725768],0.02,1.0,0.12811,2.3121,0.52273,0.49463,"[0.59459, 0.375, 0.51429]",771,0.24673,1.97339,0.59091,0.5621,"[0.68421, 0.46154, 0.54054]",618,COMPLETED,25.408
1350,20251229_131525,gaitset_OUMVLP_TOP30.csv,30%,Preset_52,MLP,42,23,"[512, 384, 256]",max,L2,128,3,512,silu,0.5,Adam,,0.0001,1e-06,True,0.65,[2],[3],[0.68794326 2.1920904  0.91725768],0.02,1.0,0.16619,2.29321,0.54545,0.45798,"[0.61905, 0.16667, 0.58824]",2791,0.15886,2.29819,0.63636,0.56182,"[0.71111, 0.30769, 0.66667]",2630,STOPPED,93.03
1348,20251229_131525,gaitset_TOP30.csv,30%,Preset_52,MLP,42,20,"[512, 384, 256]",max,L2,128,3,512,silu,0.5,Adam,,0.0001,1e-06,True,0.65,[2],[3],[0.68794326 2.1920904  0.91725768],0.02,1.0,0.12522,2.74098,0.34091,0.23969,"[0.56522, 0.0, 0.15385]",1650,0.38521,1.71605,0.45455,0.41265,"[0.5641, 0.22222, 0.45161]",582,COMPLETED,54.917
1351,20251229_131525,gln_phase1_TOP30.csv,30%,Preset_52,MLP,42,24,"[512, 384, 256]",max,L2,128,3,512,silu,0.5,Adam,,0.0001,1e-06,True,0.65,[2],[3],[0.68794326 2.1920904  0.91725768],0.02,1.0,0.12704,2.29009,0.59091,0.47984,"[0.7234, 0.2, 0.51613]",1447,0.23916,2.00947,0.63636,0.57781,"[0.70833, 0.44444, 0.58065]",1155,COMPLETED,48.082
1352,20251229_131525,gln_phase2_TOP30.csv,30%,Preset_52,MLP,42,21,"[512, 384, 256]",max,L2,128,3,512,silu,0.5,Adam,,0.0001,1e-06,True,0.65,[2],[3],[0.68794326 2.1920904  0.91725768],0.02,1.0,0.13861,2.3621,0.36364,0.31419,"[0.45455, 0.11765, 0.37037]",1969,0.36567,1.89609,0.56818,0.51787,"[0.68182, 0.33333, 0.53846]",1130,STOPPED,65.587
1093,20251229_131525,baseline_CASIAB_TOP30.csv,30%,Preset_53,MLP,42,28,"[512, 384, 192]",max,L2,256,3,512,gelu,0.4,AdamW,,0.00025,5e-06,True,0.7,"[1, 3]",[2],[0.68794326 2.1920904  0.91725768],0.02,1.0,0.12567,1.83273,0.5,0.41653,"[0.59574, 0.15385, 0.5]",488,0.40422,1.4209,0.54545,0.48087,"[0.65217, 0.30769, 0.48276]",246,COMPLETED,10.67
1094,20251229_131525,baseline_OUMVLP_TOP30.csv,30%,Preset_53,MLP,42,29,"[512, 384, 192]",max,L2,256,3,512,gelu,0.4,AdamW,,0.00025,5e-06,True,0.7,"[1, 3]",[2],[0.68794326 2.1920904  0.91725768],0.02,1.0,0.12587,2.19546,0.40909,0.37896,"[0.44444, 0.23529, 0.45714]",583,0.20626,1.94782,0.52273,0.49444,"[0.55, 0.33333, 0.6]",429,COMPLETED,13.127
1097,20251229_131525,gaitgl_GREW_BNNeck_TOP30.csv,30%,Preset_53,MLP,42,45,"[512, 384, 192]",max,L2,256,3,512,gelu,0.4,AdamW,,0.00025,5e-06,True,0.7,"[1, 3]",[2],[0.68794326 2.1920904  0.91725768],0.02,1.0,0.12421,1.79585,0.45455,0.35106,"[0.55319, 0.0, 0.5]",249,0.38571,1.23145,0.52273,0.46977,"[0.59091, 0.26667, 0.55172]",145,COMPLETED,5.652
1096,20251229_131525,gaitgl_GREW_TOP30.csv,30%,Preset_53,MLP,42,72,"[512, 384, 192]",max,L2,256,3,512,gelu,0.4,AdamW,,0.00025,5e-06,True,0.7,"[1, 3]",[2],[0.68794326 2.1920904  0.91725768],0.02,1.0,0.11836,1.83817,0.5,0.35556,"[0.6, 0.0, 0.46667]",179,0.41611,1.27304,0.52273,0.48148,"[0.5, 0.33333, 0.61111]",112,COMPLETED,3.838
1098,20251229_131525,gaitgl_OUMVLP_TOP30.csv,30%,Preset_53,MLP,42,29,"[512, 384, 192]",max,L2,256,3,512,gelu,0.4,AdamW,,0.00025,5e-06,True,0.7,"[1, 3]",[2],[0.68794326 2.1920904  0.91725768],0.02,1.0,0.12728,2.73522,0.38636,0.33612,"[0.42105, 0.14286, 0.44444]",1023,0.70122,1.19438,0.56818,0.48005,"[0.64865, 0.14286, 0.64865]",388,COMPLETED,23.005
1095,20251229_131525,gaitgl_TOP30.csv,30%,Preset_53,MLP,42,45,"[512, 384, 192]",max,L2,256,3,512,gelu,0.4,AdamW,,0.00025,5e-06,True,0.7,"[1, 3]",[2],[0.68794326 2.1920904  0.91725768],0.02,1.0,0.12336,2.54794,0.40909,0.29899,"[0.53333, 0.0, 0.36364]",239,0.72752,1.42624,0.43182,0.37194,"[0.54054, 0.14286, 0.43243]",86,COMPLETED,5.695
1099,20251229_131525,gaitpart_GREW_TOP30.csv,30%,Preset_53,MLP,42,40,"[512, 384, 192]",max,L2,256,3,512,gelu,0.4,AdamW,,0.00025,5e-06,True,0.7,"[1, 3]",[2],[0.68794326 2.1920904  0.91725768],0.02,1.0,0.12056,2.23692,0.45455,0.41837,"[0.55814, 0.33333, 0.36364]",372,0.13472,2.19923,0.47727,0.44451,"[0.55814, 0.36364, 0.41176]",345,COMPLETED,8.206
1100,20251229_131525,gaitpart_OUMVLP_TOP30.csv,30%,Preset_53,MLP,42,26,"[512, 384, 192]",max,L2,256,3,512,gelu,0.4,AdamW,,0.00025,5e-06,True,0.7,"[1, 3]",[2],[0.68794326 2.1920904  0.91725768],0.02,1.0,0.12624,1.79321,0.56818,0.52121,"[0.57143, 0.36364, 0.62857]",1158,0.15317,1.8024,0.61364,0.55556,"[0.63636, 0.36364, 0.66667]",1064,COMPLETED,26.072
1102,20251229_131525,gaitset_GREW_TOP30.csv,30%,Preset_53,MLP,42,50,"[512, 384, 192]",max,L2,256,3,512,gelu,0.4,AdamW,,0.00025,5e-06,True,0.7,"[1, 3]",[2],[0.68794326 2.1920904  0.91725768],0.02,1.0,0.1248,2.15468,0.43182,0.41706,"[0.48649, 0.35294, 0.41176]",328,0.12714,2.17772,0.5,0.48074,"[0.52941, 0.4, 0.51282]",324,COMPLETED,7.297
1103,20251229_131525,gaitset_OUMVLP_TOP30.csv,30%,Preset_53,MLP,42,30,"[512, 384, 192]",max,L2,256,3,512,gelu,0.4,AdamW,,0.00025,5e-06,True,0.7,"[1, 3]",[2],[0.68794326 2.1920904  0.91725768],0.02,1.0,0.12506,1.91042,0.56818,0.44393,"[0.71111, 0.0, 0.62069]",1449,0.56625,1.33546,0.52273,0.49566,"[0.54054, 0.375, 0.57143]",668,COMPLETED,33.289
1101,20251229_131525,gaitset_TOP30.csv,30%,Preset_53,MLP,42,26,"[512, 384, 192]",max,L2,256,3,512,gelu,0.4,AdamW,,0.00025,5e-06,True,0.7,"[1, 3]",[2],[0.68794326 2.1920904  0.91725768],0.02,1.0,0.12831,2.50648,0.43182,0.3744,"[0.55319, 0.25, 0.32]",493,0.17252,2.27002,0.45455,0.4418,"[0.52381, 0.44444, 0.35714]",418,COMPLETED,10.854
1104,20251229_131525,gln_phase1_TOP30.csv,30%,Preset_53,MLP,42,31,"[512, 384, 192]",max,L2,256,3,512,gelu,0.4,AdamW,,0.00025,5e-06,True,0.7,"[1, 3]",[2],[0.68794326 2.1920904  0.91725768],0.02,1.0,0.12394,2.11103,0.47727,0.39202,"[0.62222, 0.15385, 0.4]",552,0.13189,2.18467,0.54545,0.47034,"[0.68085, 0.28571, 0.44444]",547,COMPLETED,12.405
1105,20251229_131525,gln_phase2_TOP30.csv,30%,Preset_53,MLP,42,29,"[512, 384, 192]",max,L2,256,3,512,gelu,0.4,AdamW,,0.00025,5e-06,True,0.7,"[1, 3]",[2],[0.68794326 2.1920904  0.91725768],0.02,1.0,0.12731,1.83363,0.47727,0.40606,"[0.6, 0.13333, 0.48485]",602,0.1864,1.74965,0.56818,0.50719,"[0.66667, 0.26667, 0.58824]",462,COMPLETED,14.021
1028,20251229_131525,baseline_CASIAB_TOP30.csv,30%,Preset_54,MLP,42,35,"[768, 512, 256]",mean,minmax,128,3,768,silu,0.45,Adam,,0.00015,1e-06,True,0.8,"[1, 2]","[1, 2]",[0.68794326 2.1920904  0.91725768],0.02,1.0,0.12666,1.9362,0.52273,0.50139,"[0.54545, 0.44444, 0.51429]",682,0.16465,2.40339,0.54545,0.53598,"[0.54545, 0.5, 0.5625]",292,COMPLETED,25.426
1029,20251229_131525,baseline_OUMVLP_TOP30.csv,30%,Preset_54,MLP,42,35,"[768, 512, 256]",mean,minmax,128,3,768,silu,0.45,Adam,,0.00015,1e-06,True,0.8,"[1, 2]","[1, 2]",[0.68794326 2.1920904  0.91725768],0.02,1.0,0.13781,2.0915,0.40909,0.38228,"[0.42857, 0.26667, 0.45161]",490,0.45212,1.44784,0.47727,0.45468,"[0.4, 0.35294, 0.61111]",86,STOPPED,17.494
1032,20251229_131525,gaitgl_GREW_BNNeck_TOP30.csv,30%,Preset_54,MLP,42,53,"[768, 512, 256]",mean,minmax,128,3,768,silu,0.45,Adam,,0.00015,1e-06,True,0.8,"[1, 2]","[1, 2]",[0.68794326 2.1920904  0.91725768],0.02,1.0,0.12615,2.46889,0.43182,0.32807,"[0.46809, 0.0, 0.51613]",458,0.31878,2.20353,0.52273,0.44373,"[0.59574, 0.14286, 0.59259]",104,COMPLETED,17.32
1031,20251229_131525,gaitgl_GREW_TOP30.csv,30%,Preset_54,MLP,42,75,"[768, 512, 256]",mean,minmax,128,3,768,silu,0.45,Adam,,0.00015,1e-06,True,0.8,"[1, 2]","[1, 2]",[0.68794326 2.1920904  0.91725768],0.02,1.0,0.12367,1.96913,0.43182,0.3179,"[0.58333, 0.0, 0.37037]",327,0.7273,1.25959,0.5,0.40867,"[0.57895, 0.0, 0.64706]",28,COMPLETED,12.723
1033,20251229_131525,gaitgl_OUMVLP_TOP30.csv,30%,Preset_54,MLP,42,51,"[768, 512, 256]",mean,minmax,128,3,768,silu,0.45,Adam,,0.00015,1e-06,True,0.8,"[1, 2]","[1, 2]",[0.68794326 2.1920904  0.91725768],0.02,1.0,0.12694,2.44702,0.40909,0.37676,"[0.5, 0.30769, 0.32258]",524,0.67361,1.298,0.47727,0.45847,"[0.52381, 0.4, 0.45161]",43,COMPLETED,18.602
1030,20251229_131525,gaitgl_TOP30.csv,30%,Preset_54,MLP,42,40,"[768, 512, 256]",mean,minmax,128,3,768,silu,0.45,Adam,,0.00015,1e-06,True,0.8,"[1, 2]","[1, 2]",[0.68794326 2.1920904  0.91725768],0.02,1.0,0.12489,2.30704,0.43182,0.37695,"[0.47619, 0.22222, 0.43243]",599,0.13764,2.42068,0.47727,0.45789,"[0.5, 0.4, 0.47368]",476,COMPLETED,22.339
1034,20251229_131525,gaitpart_GREW_TOP30.csv,30%,Preset_54,MLP,42,53,"[768, 512, 256]",mean,minmax,128,3,768,silu,0.45,Adam,,0.00015,1e-06,True,0.8,"[1, 2]","[1, 2]",[0.68794326 2.1920904  0.91725768],0.02,1.0,0.12834,1.69376,0.5,0.42256,"[0.64, 0.30769, 0.32]",386,0.55897,1.18477,0.59091,0.56763,"[0.65116, 0.5, 0.55172]",41,COMPLETED,13.829
1035,20251229_131525,gaitpart_OUMVLP_TOP30.csv,30%,Preset_54,MLP,42,41,"[768, 512, 256]",mean,minmax,128,3,768,silu,0.45,Adam,,0.00015,1e-06,True,0.8,"[1, 2]","[1, 2]",[0.68794326 2.1920904  0.91725768],0.02,1.0,0.12753,1.74177,0.56818,0.47156,"[0.65217, 0.2, 0.5625]",454,0.15874,1.92747,0.59091,0.49324,"[0.65116, 0.2, 0.62857]",270,COMPLETED,13.758
1037,20251229_131525,gaitset_GREW_TOP30.csv,30%,Preset_54,MLP,42,63,"[768, 512, 256]",mean,minmax,128,3,768,silu,0.45,Adam,,0.00015,1e-06,True,0.8,"[1, 2]","[1, 2]",[0.68794326 2.1920904  0.91725768],0.02,1.0,0.12894,1.73974,0.54545,0.42406,"[0.72, 0.18182, 0.37037]",348,0.28889,1.73778,0.54545,0.48549,"[0.71111, 0.375, 0.37037]",76,COMPLETED,9.373
1038,20251229_131525,gaitset_OUMVLP_TOP30.csv,30%,Preset_54,MLP,42,45,"[768, 512, 256]",mean,minmax,128,3,768,silu,0.45,Adam,,0.00015,1e-06,True,0.8,"[1, 2]","[1, 2]",[0.68794326 2.1920904  0.91725768],0.02,1.0,0.12732,1.90043,0.5,0.37062,"[0.59574, 0.0, 0.51613]",513,0.41567,1.68646,0.5,0.42721,"[0.55814, 0.14286, 0.58065]",76,COMPLETED,14.761
1036,20251229_131525,gaitset_TOP30.csv,30%,Preset_54,MLP,42,30,"[768, 512, 256]",mean,minmax,128,3,768,silu,0.45,Adam,,0.00015,1e-06,True,0.8,"[1, 2]","[1, 2]",[0.68794326 2.1920904  0.91725768],0.02,1.0,0.12606,1.83712,0.47727,0.44444,"[0.57143, 0.33333, 0.42857]",778,0.12706,1.64848,0.56818,0.52936,"[0.63636, 0.4, 0.55172]",733,COMPLETED,22.747
1039,20251229_131525,gln_phase1_TOP30.csv,30%,Preset_54,MLP,42,41,"[768, 512, 256]",mean,minmax,128,3,768,silu,0.45,Adam,,0.00015,1e-06,True,0.8,"[1, 2]","[1, 2]",[0.68794326 2.1920904  0.91725768],0.02,1.0,0.12933,1.55363,0.5,0.45271,"[0.55814, 0.26667, 0.53333]",541,0.37393,1.26625,0.59091,0.57495,"[0.64865, 0.47619, 0.6]",96,COMPLETED,15.694
1040,20251229_131525,gln_phase2_TOP30.csv,30%,Preset_54,MLP,42,44,"[768, 512, 256]",mean,minmax,128,3,768,silu,0.45,Adam,,0.00015,1e-06,True,0.8,"[1, 2]","[1, 2]",[0.68794326 2.1920904  0.91725768],0.02,1.0,0.12636,1.91109,0.40909,0.2996,"[0.54167, 0.0, 0.35714]",527,0.60706,1.18566,0.54545,0.51736,"[0.57143, 0.4, 0.58065]",48,COMPLETED,15.198
586,20251229_131525,baseline_CASIAB_TOP30.csv,30%,Preset_55,MLP,42,35,"[768, 512, 256]",mean,minmax,64,3,768,elu,0.55,RMSprop,,8e-05,5e-05,True,0.8,"[1, 3]","[1, 2]",[0.68794326 2.1920904  0.91725768],0.02,1.0,0.12978,1.99445,0.45455,0.44678,"[0.5, 0.42857, 0.41176]",1275,0.20616,1.95788,0.52273,0.50656,"[0.55814, 0.46154, 0.5]",744,STOPPED,54.412
587,20251229_131525,baseline_OUMVLP_TOP30.csv,30%,Preset_55,MLP,42,35,"[768, 512, 256]",mean,minmax,64,3,768,elu,0.55,RMSprop,,8e-05,5e-05,True,0.8,"[1, 3]","[1, 2]",[0.68794326 2.1920904  0.91725768],0.02,1.0,0.1278,2.12931,0.38636,0.34057,"[0.35897, 0.13333, 0.52941]",1369,0.44262,1.47985,0.54545,0.53859,"[0.54054, 0.45455, 0.62069]",332,COMPLETED,59.26
590,20251229_131525,gaitgl_GREW_BNNeck_TOP30.csv,30%,Preset_55,MLP,42,53,"[768, 512, 256]",mean,minmax,64,3,768,elu,0.55,RMSprop,,8e-05,5e-05,True,0.8,"[1, 3]","[1, 2]",[0.68794326 2.1920904  0.91725768],0.02,1.0,0.12658,2.62291,0.43182,0.32445,"[0.52174, 0.0, 0.45161]",1142,0.28005,2.13265,0.52273,0.48047,"[0.57778, 0.36364, 0.5]",488,COMPLETED,48.27
589,20251229_131525,gaitgl_GREW_TOP30.csv,30%,Preset_55,MLP,42,75,"[768, 512, 256]",mean,minmax,64,3,768,elu,0.55,RMSprop,,8e-05,5e-05,True,0.8,"[1, 3]","[1, 2]",[0.68794326 2.1920904  0.91725768],0.02,1.0,0.12897,2.01542,0.45455,0.34534,"[0.62222, 0.0, 0.41379]",854,0.74503,1.47003,0.52273,0.40952,"[0.6, 0.0, 0.62857]",65,COMPLETED,35.118
591,20251229_131525,gaitgl_OUMVLP_TOP30.csv,30%,Preset_55,MLP,42,51,"[768, 512, 256]",mean,minmax,64,3,768,elu,0.55,RMSprop,,8e-05,5e-05,True,0.8,"[1, 3]","[1, 2]",[0.68794326 2.1920904  0.91725768],0.02,1.0,0.12948,2.90634,0.43182,0.39826,"[0.5, 0.30769, 0.3871]",1213,0.59874,1.55059,0.54545,0.53166,"[0.57895, 0.47059, 0.54545]",217,COMPLETED,50.122
588,20251229_131525,gaitgl_TOP30.csv,30%,Preset_55,MLP,42,40,"[768, 512, 256]",mean,minmax,64,3,768,elu,0.55,RMSprop,,8e-05,5e-05,True,0.8,"[1, 3]","[1, 2]",[0.68794326 2.1920904  0.91725768],0.02,1.0,0.12048,2.43762,0.40909,0.29142,"[0.51064, 0.0, 0.36364]",1472,0.30831,2.08277,0.5,0.4548,"[0.52632, 0.26667, 0.57143]",588,COMPLETED,63.042
592,20251229_131525,gaitpart_GREW_TOP30.csv,30%,Preset_55,MLP,42,53,"[768, 512, 256]",mean,minmax,64,3,768,elu,0.55,RMSprop,,8e-05,5e-05,True,0.8,"[1, 3]","[1, 2]",[0.68794326 2.1920904  0.91725768],0.02,1.0,0.12467,1.63111,0.56818,0.50815,"[0.71111, 0.33333, 0.48]",991,0.21786,1.59892,0.63636,0.56136,"[0.77551, 0.42857, 0.48]",521,COMPLETED,43.67
593,20251229_131525,gaitpart_OUMVLP_TOP30.csv,30%,Preset_55,MLP,42,41,"[768, 512, 256]",mean,minmax,64,3,768,elu,0.55,RMSprop,,8e-05,5e-05,True,0.8,"[1, 3]","[1, 2]",[0.68794326 2.1920904  0.91725768],0.02,1.0,0.12657,1.80508,0.5,0.42249,"[0.63415, 0.13333, 0.5]",1168,0.71707,1.25698,0.54545,0.49192,"[0.57895, 0.28571, 0.61111]",120,COMPLETED,49.325
595,20251229_131525,gaitset_GREW_TOP30.csv,30%,Preset_55,MLP,42,63,"[768, 512, 256]",mean,minmax,64,3,768,elu,0.55,RMSprop,,8e-05,5e-05,True,0.8,"[1, 3]","[1, 2]",[0.68794326 2.1920904  0.91725768],0.02,1.0,0.1277,2.02062,0.47727,0.39244,"[0.63636, 0.15385, 0.3871]",882,0.1373,2.13143,0.54545,0.47293,"[0.71111, 0.30769, 0.4]",727,COMPLETED,37.013
596,20251229_131525,gaitset_OUMVLP_TOP30.csv,30%,Preset_55,MLP,42,45,"[768, 512, 256]",mean,minmax,64,3,768,elu,0.55,RMSprop,,8e-05,5e-05,True,0.8,"[1, 3]","[1, 2]",[0.68794326 2.1920904  0.91725768],0.02,1.0,0.12447,1.93261,0.56818,0.51354,"[0.61905, 0.33333, 0.58824]",1185,0.14804,1.98048,0.56818,0.51354,"[0.61905, 0.33333, 0.58824]",1032,COMPLETED,48.828
594,20251229_131525,gaitset_TOP30.csv,30%,Preset_55,MLP,42,30,"[768, 512, 256]",mean,minmax,64,3,768,elu,0.55,RMSprop,,8e-05,5e-05,True,0.8,"[1, 3]","[1, 2]",[0.68794326 2.1920904  0.91725768],0.02,1.0,0.12784,1.59829,0.5,0.4547,"[0.5641, 0.28571, 0.51429]",1553,0.16,1.55343,0.52273,0.49925,"[0.52632, 0.4, 0.57143]",1146,COMPLETED,67.452
597,20251229_131525,gln_phase1_TOP30.csv,30%,Preset_55,MLP,42,41,"[768, 512, 256]",mean,minmax,64,3,768,elu,0.55,RMSprop,,8e-05,5e-05,True,0.8,"[1, 3]","[1, 2]",[0.68794326 2.1920904  0.91725768],0.02,1.0,0.12882,1.61418,0.45455,0.3877,"[0.57143, 0.125, 0.46667]",1249,0.19025,1.69114,0.54545,0.51794,"[0.65, 0.42105, 0.48276]",721,COMPLETED,53.161
598,20251229_131525,gln_phase2_TOP30.csv,30%,Preset_55,MLP,42,44,"[768, 512, 256]",mean,minmax,64,3,768,elu,0.55,RMSprop,,8e-05,5e-05,True,0.8,"[1, 3]","[1, 2]",[0.68794326 2.1920904  0.91725768],0.02,1.0,0.12566,1.91624,0.43182,0.36564,"[0.55814, 0.125, 0.41379]",1183,0.52466,1.26809,0.59091,0.57534,"[0.57895, 0.5, 0.64706]",252,COMPLETED,52.034
1210,20251229_131525,baseline_CASIAB_TOP30.csv,30%,Preset_56,MLP,42,34,"[768, 512, 256]",mean,L2,128,3,768,leakyrelu,0.4,Adam,,0.00025,5e-06,True,0.8,"[1, 2, 3]",[],[0.68794326 2.1920904  0.91725768],0.02,1.0,0.1066,1.92375,0.40909,0.38106,"[0.43902, 0.26667, 0.4375]",77,0.18868,1.67013,0.56818,0.51333,"[0.64, 0.4, 0.5]",54,COMPLETED,2.267
1211,20251229_131525,baseline_OUMVLP_TOP30.csv,30%,Preset_56,MLP,42,33,"[768, 512, 256]",mean,L2,128,3,768,leakyrelu,0.4,Adam,,0.00025,5e-06,True,0.8,"[1, 2, 3]",[],[0.68794326 2.1920904  0.91725768],0.02,1.0,0.11566,1.83761,0.47727,0.45789,"[0.47368, 0.3, 0.6]",85,0.15468,1.58514,0.59091,0.54276,"[0.62222, 0.4, 0.60606]",75,COMPLETED,2.834
1214,20251229_131525,gaitgl_GREW_BNNeck_TOP30.csv,30%,Preset_56,MLP,42,53,"[768, 512, 256]",mean,L2,128,3,768,leakyrelu,0.4,Adam,,0.00025,5e-06,True,0.8,"[1, 2, 3]",[],[0.68794326 2.1920904  0.91725768],0.02,1.0,0.11242,1.61653,0.43182,0.3344,"[0.54167, 0.0, 0.46154]",47,0.41137,1.32169,0.5,0.47277,"[0.55556, 0.33333, 0.52941]",27,COMPLETED,1.617
1213,20251229_131525,gaitgl_GREW_TOP30.csv,30%,Preset_56,MLP,42,80,"[768, 512, 256]",mean,L2,128,3,768,leakyrelu,0.4,Adam,,0.00025,5e-06,True,0.8,"[1, 2, 3]",[],[0.68794326 2.1920904  0.91725768],0.02,1.0,0.12039,1.55702,0.43182,0.32634,"[0.56522, 0.0, 0.41379]",56,0.64606,1.26569,0.5,0.45503,"[0.62857, 0.22222, 0.51429]",27,COMPLETED,1.922
1215,20251229_131525,gaitgl_OUMVLP_TOP30.csv,30%,Preset_56,MLP,42,56,"[768, 512, 256]",mean,L2,128,3,768,leakyrelu,0.4,Adam,,0.00025,5e-06,True,0.8,"[1, 2, 3]",[],[0.68794326 2.1920904  0.91725768],0.02,1.0,0.11614,1.66375,0.5,0.41667,"[0.58333, 0.2, 0.46667]",166,0.30004,1.57018,0.59091,0.58028,"[0.57895, 0.53333, 0.62857]",151,COMPLETED,5.564
1212,20251229_131525,gaitgl_TOP30.csv,30%,Preset_56,MLP,42,42,"[768, 512, 256]",mean,L2,128,3,768,leakyrelu,0.4,Adam,,0.00025,5e-06,True,0.8,"[1, 2, 3]",[],[0.68794326 2.1920904  0.91725768],0.02,1.0,0.11402,1.73122,0.52273,0.42853,"[0.65217, 0.18182, 0.45161]",43,0.16687,1.7299,0.52273,0.49841,"[0.61905, 0.47619, 0.4]",33,COMPLETED,1.549
1216,20251229_131525,gaitpart_GREW_TOP30.csv,30%,Preset_56,MLP,42,53,"[768, 512, 256]",mean,L2,128,3,768,leakyrelu,0.4,Adam,,0.00025,5e-06,True,0.8,"[1, 2, 3]",[],[0.68794326 2.1920904  0.91725768],0.02,1.0,0.10638,1.58046,0.59091,0.55454,"[0.68085, 0.5, 0.48276]",85,0.18339,1.4313,0.59091,0.56852,"[0.65, 0.5, 0.55556]",64,COMPLETED,2.886
1217,20251229_131525,gaitpart_OUMVLP_TOP30.csv,30%,Preset_56,MLP,42,42,"[768, 512, 256]",mean,L2,128,3,768,leakyrelu,0.4,Adam,,0.00025,5e-06,True,0.8,"[1, 2, 3]",[],[0.68794326 2.1920904  0.91725768],0.02,1.0,0.11962,1.86906,0.47727,0.42328,"[0.61905, 0.22222, 0.42857]",238,0.24681,1.44704,0.56818,0.52536,"[0.57143, 0.4, 0.60465]",174,COMPLETED,7.314
1219,20251229_131525,gaitset_GREW_TOP30.csv,30%,Preset_56,MLP,42,63,"[768, 512, 256]",mean,L2,128,3,768,leakyrelu,0.4,Adam,,0.00025,5e-06,True,0.8,"[1, 2, 3]",[],[0.68794326 2.1920904  0.91725768],0.02,1.0,0.11581,2.32285,0.25,0.24306,"[0.375, 0.1875, 0.16667]",60,0.24497,1.38206,0.54545,0.52165,"[0.63636, 0.5, 0.42857]",37,COMPLETED,1.99
1220,20251229_131525,gaitset_OUMVLP_TOP30.csv,30%,Preset_56,MLP,42,45,"[768, 512, 256]",mean,L2,128,3,768,leakyrelu,0.4,Adam,,0.00025,5e-06,True,0.8,"[1, 2, 3]",[],[0.68794326 2.1920904  0.91725768],0.02,1.0,0.1125,2.02514,0.47727,0.34848,"[0.54545, 0.0, 0.5]",210,0.30577,1.63255,0.52273,0.44697,"[0.5, 0.25, 0.59091]",164,COMPLETED,6.642
1218,20251229_131525,gaitset_TOP30.csv,30%,Preset_56,MLP,42,28,"[768, 512, 256]",mean,L2,128,3,768,leakyrelu,0.4,Adam,,0.00025,5e-06,True,0.8,"[1, 2, 3]",[],[0.68794326 2.1920904  0.91725768],0.02,1.0,0.11232,1.42192,0.43182,0.36789,"[0.53659, 0.14286, 0.42424]",68,0.17007,1.35808,0.54545,0.46081,"[0.55556, 0.22222, 0.60465]",59,COMPLETED,2.26
1221,20251229_131525,gln_phase1_TOP30.csv,30%,Preset_56,MLP,42,39,"[768, 512, 256]",mean,L2,128,3,768,leakyrelu,0.4,Adam,,0.00025,5e-06,True,0.8,"[1, 2, 3]",[],[0.68794326 2.1920904  0.91725768],0.02,1.0,0.11303,1.37606,0.54545,0.51173,"[0.61905, 0.4, 0.51613]",69,0.34257,1.21548,0.56818,0.5368,"[0.42857, 0.5, 0.68182]",41,COMPLETED,2.239
1222,20251229_131525,gln_phase2_TOP30.csv,30%,Preset_56,MLP,42,42,"[768, 512, 256]",mean,L2,128,3,768,leakyrelu,0.4,Adam,,0.00025,5e-06,True,0.8,"[1, 2, 3]",[],[0.68794326 2.1920904  0.91725768],0.02,1.0,0.12013,1.67883,0.47727,0.43464,"[0.47059, 0.22222, 0.61111]",64,0.57852,1.1098,0.54545,0.48427,"[0.48485, 0.25, 0.71795]",25,COMPLETED,2.046
833,20251229_131525,baseline_CASIAB_TOP30.csv,30%,Preset_57,MLP,42,256,"[768, 512, 256]",mean,L2,88,3,768,silu,0.4,Adam,,0.0002,1e-07,False,,"[1, 2, 3]","[1, 2]",[0.68794326 2.1920904  0.91725768],0.02,1.0,0.12516,2.28243,0.5,0.35328,"[0.61538, 0.0, 0.44444]",137,0.27139,1.95076,0.54545,0.43485,"[0.65455, 0.25, 0.4]",56,COMPLETED,4.834
834,20251229_131525,baseline_OUMVLP_TOP30.csv,30%,Preset_57,MLP,42,256,"[768, 512, 256]",mean,L2,88,3,768,silu,0.4,Adam,,0.0002,1e-07,False,,"[1, 2, 3]","[1, 2]",[0.68794326 2.1920904  0.91725768],0.02,1.0,0.12432,1.63397,0.54545,0.48333,"[0.66667, 0.25, 0.53333]",180,0.28912,1.40529,0.65909,0.54119,"[0.73469, 0.22222, 0.66667]",79,COMPLETED,6.48
837,20251229_131525,gaitgl_GREW_BNNeck_TOP30.csv,30%,Preset_57,MLP,42,256,"[768, 512, 256]",mean,L2,88,3,768,silu,0.4,Adam,,0.0002,1e-07,False,,"[1, 2, 3]","[1, 2]",[0.68794326 2.1920904  0.91725768],0.02,1.0,0.12056,2.34681,0.5,0.45404,"[0.55, 0.26667, 0.54545]",104,0.18466,2.17239,0.52273,0.50148,"[0.52381, 0.4, 0.58065]",59,COMPLETED,3.895
836,20251229_131525,gaitgl_GREW_TOP30.csv,30%,Preset_57,MLP,42,256,"[768, 512, 256]",mean,L2,88,3,768,silu,0.4,Adam,,0.0002,1e-07,False,,"[1, 2, 3]","[1, 2]",[0.68794326 2.1920904  0.91725768],0.02,1.0,0.12178,2.77859,0.38636,0.29891,"[0.48649, 0.0, 0.41026]",121,0.69542,1.54999,0.45455,0.39995,"[0.59459, 0.10526, 0.5]",31,COMPLETED,4.399
838,20251229_131525,gaitgl_OUMVLP_TOP30.csv,30%,Preset_57,MLP,42,256,"[768, 512, 256]",mean,L2,88,3,768,silu,0.4,Adam,,0.0002,1e-07,False,,"[1, 2, 3]","[1, 2]",[0.68794326 2.1920904  0.91725768],0.02,1.0,0.12904,3.11217,0.43182,0.4044,"[0.52381, 0.27273, 0.41667]",381,0.38667,1.76405,0.54545,0.49642,"[0.61538, 0.33333, 0.54054]",131,COMPLETED,13.311
835,20251229_131525,gaitgl_TOP30.csv,30%,Preset_57,MLP,42,128,"[768, 512, 256]",mean,L2,88,3,768,silu,0.4,Adam,,0.0002,1e-07,False,,"[1, 2, 3]","[1, 2]",[0.68794326 2.1920904  0.91725768],0.02,1.0,0.12074,2.19086,0.45455,0.38586,"[0.53333, 0.2, 0.42424]",119,0.19135,2.00695,0.56818,0.54432,"[0.6, 0.46154, 0.57143]",72,COMPLETED,3.973
839,20251229_131525,gaitpart_GREW_TOP30.csv,30%,Preset_57,MLP,42,256,"[768, 512, 256]",mean,L2,88,3,768,silu,0.4,Adam,,0.0002,1e-07,False,,"[1, 2, 3]","[1, 2]",[0.68794326 2.1920904  0.91725768],0.02,1.0,0.12664,1.89824,0.59091,0.54081,"[0.71111, 0.42857, 0.48276]",149,0.22986,1.58058,0.63636,0.61911,"[0.69767, 0.58824, 0.57143]",76,COMPLETED,5.031
840,20251229_131525,gaitpart_OUMVLP_TOP30.csv,30%,Preset_57,MLP,42,256,"[768, 512, 256]",mean,L2,88,3,768,silu,0.4,Adam,,0.0002,1e-07,False,,"[1, 2, 3]","[1, 2]",[0.68794326 2.1920904  0.91725768],0.02,1.0,0.11379,1.64424,0.56818,0.54625,"[0.68421, 0.45455, 0.5]",771,0.42547,1.12725,0.70455,0.65789,"[0.78947, 0.5, 0.68421]",206,COMPLETED,25.563
842,20251229_131525,gaitset_GREW_TOP30.csv,30%,Preset_57,MLP,42,256,"[768, 512, 256]",mean,L2,88,3,768,silu,0.4,Adam,,0.0002,1e-07,False,,"[1, 2, 3]","[1, 2]",[0.68794326 2.1920904  0.91725768],0.02,1.0,0.12795,2.33671,0.47727,0.42335,"[0.62222, 0.3, 0.34783]",135,0.12496,1.84382,0.59091,0.55385,"[0.66667, 0.46154, 0.53333]",110,COMPLETED,4.687
843,20251229_131525,gaitset_OUMVLP_TOP30.csv,30%,Preset_57,MLP,42,256,"[768, 512, 256]",mean,L2,88,3,768,silu,0.4,Adam,,0.0002,1e-07,False,,"[1, 2, 3]","[1, 2]",[0.68794326 2.1920904  0.91725768],0.02,1.0,0.11461,2.18994,0.5,0.41404,"[0.6087, 0.18182, 0.45161]",419,0.14415,2.27043,0.56818,0.49763,"[0.66667, 0.30769, 0.51852]",391,COMPLETED,13.896
841,20251229_131525,gaitset_TOP30.csv,30%,Preset_57,MLP,42,256,"[768, 512, 256]",mean,L2,88,3,768,silu,0.4,Adam,,0.0002,1e-07,False,,"[1, 2, 3]","[1, 2]",[0.68794326 2.1920904  0.91725768],0.02,1.0,0.12282,2.4292,0.36364,0.31852,"[0.4, 0.16667, 0.38889]",127,0.13763,2.24622,0.5,0.47302,"[0.55, 0.35294, 0.51613]",101,COMPLETED,4.186
844,20251229_131525,gln_phase1_TOP30.csv,30%,Preset_57,MLP,42,256,"[768, 512, 256]",mean,L2,88,3,768,silu,0.4,Adam,,0.0002,1e-07,False,,"[1, 2, 3]","[1, 2]",[0.68794326 2.1920904  0.91725768],0.02,1.0,0.12034,1.79383,0.52273,0.38864,"[0.62745, 0.0, 0.53846]",120,0.14364,1.67773,0.56818,0.50594,"[0.65116, 0.26667, 0.6]",85,COMPLETED,4.221
845,20251229_131525,gln_phase2_TOP30.csv,30%,Preset_57,MLP,42,256,"[768, 512, 256]",mean,L2,88,3,768,silu,0.4,Adam,,0.0002,1e-07,False,,"[1, 2, 3]","[1, 2]",[0.68794326 2.1920904  0.91725768],0.02,1.0,0.11993,2.41383,0.43182,0.34556,"[0.58333, 0.13333, 0.32]",125,0.25575,1.69371,0.61364,0.50764,"[0.68, 0.22222, 0.62069]",63,COMPLETED,4.215
339,20251229_131525,baseline_CASIAB_TOP30.csv,30%,Preset_58,MLP,42,34,"[896, 640, 320, 192]",mean,L2,64,4,896,leakyrelu,0.5,Adam,,0.0002,1e-07,True,0.8,"[1, 2, 3, 4]","[1, 2, 3]",[0.68794326 2.1920904  0.91725768],0.02,1.0,0.10596,2.41934,0.43182,0.37491,"[0.47826, 0.22222, 0.42424]",487,0.19418,2.32492,0.54545,0.55,"[0.58333, 0.6, 0.46667]",261,COMPLETED,22.801
340,20251229_131525,baseline_OUMVLP_TOP30.csv,30%,Preset_58,MLP,42,33,"[896, 640, 320, 192]",mean,L2,64,4,896,leakyrelu,0.5,Adam,,0.0002,1e-07,True,0.8,"[1, 2, 3, 4]","[1, 2, 3]",[0.68794326 2.1920904  0.91725768],0.02,1.0,0.12882,2.17853,0.52273,0.4,"[0.57143, 0.0, 0.62857]",423,0.35947,1.5396,0.63636,0.57356,"[0.65116, 0.36364, 0.70588]",202,COMPLETED,19.857
343,20251229_131525,gaitgl_GREW_BNNeck_TOP30.csv,30%,Preset_58,MLP,42,53,"[896, 640, 320, 192]",mean,L2,64,4,896,leakyrelu,0.5,Adam,,0.0002,1e-07,True,0.8,"[1, 2, 3, 4]","[1, 2, 3]",[0.68794326 2.1920904  0.91725768],0.02,1.0,0.11745,2.86012,0.40909,0.35278,"[0.45833, 0.2, 0.4]",250,0.73047,1.41798,0.54545,0.49671,"[0.58537, 0.33333, 0.57143]",66,COMPLETED,11.805
342,20251229_131525,gaitgl_GREW_TOP30.csv,30%,Preset_58,MLP,42,80,"[896, 640, 320, 192]",mean,L2,64,4,896,leakyrelu,0.5,Adam,,0.0002,1e-07,True,0.8,"[1, 2, 3, 4]","[1, 2, 3]",[0.68794326 2.1920904  0.91725768],0.02,1.0,0.11289,2.60233,0.47727,0.36382,"[0.6087, 0.0, 0.48276]",190,0.15445,2.34583,0.56818,0.43704,"[0.71111, 0.0, 0.6]",144,COMPLETED,9.09
344,20251229_131525,gaitgl_OUMVLP_TOP30.csv,30%,Preset_58,MLP,42,56,"[896, 640, 320, 192]",mean,L2,64,4,896,leakyrelu,0.5,Adam,,0.0002,1e-07,True,0.8,"[1, 2, 3, 4]","[1, 2, 3]",[0.68794326 2.1920904  0.91725768],0.02,1.0,0.12565,2.3341,0.52273,0.42735,"[0.61538, 0.22222, 0.44444]",443,0.13128,2.17971,0.59091,0.55952,"[0.63636, 0.46154, 0.58065]",430,COMPLETED,21.335
341,20251229_131525,gaitgl_TOP30.csv,30%,Preset_58,MLP,42,42,"[896, 640, 320, 192]",mean,L2,64,4,896,leakyrelu,0.5,Adam,,0.0002,1e-07,True,0.8,"[1, 2, 3, 4]","[1, 2, 3]",[0.68794326 2.1920904  0.91725768],0.02,1.0,0.12036,2.60397,0.43182,0.36741,"[0.52381, 0.16667, 0.41176]",338,0.16433,2.52521,0.5,0.4596,"[0.59091, 0.36364, 0.42424]",211,COMPLETED,16.093
345,20251229_131525,gaitpart_GREW_TOP30.csv,30%,Preset_58,MLP,42,53,"[896, 640, 320, 192]",mean,L2,64,4,896,leakyrelu,0.5,Adam,,0.0002,1e-07,True,0.8,"[1, 2, 3, 4]","[1, 2, 3]",[0.68794326 2.1920904  0.91725768],0.02,1.0,0.11603,2.19778,0.54545,0.48406,"[0.65217, 0.33333, 0.46667]",273,0.54127,1.59666,0.54545,0.50884,"[0.66667, 0.375, 0.48485]",108,COMPLETED,12.729
346,20251229_131525,gaitpart_OUMVLP_TOP30.csv,30%,Preset_58,MLP,42,42,"[896, 640, 320, 192]",mean,L2,64,4,896,leakyrelu,0.5,Adam,,0.0002,1e-07,True,0.8,"[1, 2, 3, 4]","[1, 2, 3]",[0.68794326 2.1920904  0.91725768],0.02,1.0,0.12278,2.09962,0.59091,0.52681,"[0.66667, 0.30769, 0.60606]",556,0.70923,1.50974,0.56818,0.54921,"[0.54545, 0.47059, 0.63158]",186,COMPLETED,26.105
348,20251229_131525,gaitset_GREW_TOP30.csv,30%,Preset_58,MLP,42,63,"[896, 640, 320, 192]",mean,L2,64,4,896,leakyrelu,0.5,Adam,,0.0002,1e-07,True,0.8,"[1, 2, 3, 4]","[1, 2, 3]",[0.68794326 2.1920904  0.91725768],0.02,1.0,0.11771,2.29135,0.52273,0.44664,"[0.68, 0.36364, 0.2963]",188,0.15027,2.17436,0.61364,0.53213,"[0.75, 0.36364, 0.48276]",167,COMPLETED,9.186
349,20251229_131525,gaitset_OUMVLP_TOP30.csv,30%,Preset_58,MLP,42,45,"[896, 640, 320, 192]",mean,L2,64,4,896,leakyrelu,0.5,Adam,,0.0002,1e-07,True,0.8,"[1, 2, 3, 4]","[1, 2, 3]",[0.68794326 2.1920904  0.91725768],0.02,1.0,0.12716,2.33684,0.54545,0.40833,"[0.625, 0.0, 0.6]",554,0.3971,1.89922,0.54545,0.45965,"[0.6, 0.2, 0.57895]",265,COMPLETED,26.547
347,20251229_131525,gaitset_TOP30.csv,30%,Preset_58,MLP,42,28,"[896, 640, 320, 192]",mean,L2,64,4,896,leakyrelu,0.5,Adam,,0.0002,1e-07,True,0.8,"[1, 2, 3, 4]","[1, 2, 3]",[0.68794326 2.1920904  0.91725768],0.02,1.0,0.1189,2.32388,0.47727,0.43609,"[0.51282, 0.25, 0.54545]",600,0.15597,1.90217,0.59091,0.53215,"[0.65217, 0.36364, 0.58065]",568,COMPLETED,28.14
350,20251229_131525,gln_phase1_TOP30.csv,30%,Preset_58,MLP,42,39,"[896, 640, 320, 192]",mean,L2,64,4,896,leakyrelu,0.5,Adam,,0.0002,1e-07,True,0.8,"[1, 2, 3, 4]","[1, 2, 3]",[0.68794326 2.1920904  0.91725768],0.02,1.0,0.12009,2.6392,0.43182,0.36806,"[0.5, 0.16667, 0.4375]",348,0.42464,1.61004,0.56818,0.50311,"[0.65217, 0.28571, 0.57143]",122,COMPLETED,16.35
351,20251229_131525,gln_phase2_TOP30.csv,30%,Preset_58,MLP,42,42,"[896, 640, 320, 192]",mean,L2,64,4,896,leakyrelu,0.5,Adam,,0.0002,1e-07,True,0.8,"[1, 2, 3, 4]","[1, 2, 3]",[0.68794326 2.1920904  0.91725768],0.02,1.0,0.12162,2.04294,0.54545,0.40492,"[0.6087, 0.0, 0.60606]",373,0.69337,1.25426,0.56818,0.51337,"[0.58537, 0.30769, 0.64706]",88,COMPLETED,17.401
1236,20251229_131525,baseline_CASIAB_TOP30.csv,30%,Preset_59,MLP,42,59,"[1024, 768, 384]",mean,L2,128,3,1024,silu,0.45,Adam,,0.0001,1e-05,True,0.9,"[1, 3]",[2],[0.68794326 2.1920904  0.91725768],0.02,1.0,0.12916,2.61971,0.36364,0.32914,"[0.44444, 0.23529, 0.30769]",248,0.69037,1.42473,0.45455,0.44414,"[0.43243, 0.4, 0.5]",52,COMPLETED,6.61
1237,20251229_131525,baseline_OUMVLP_TOP30.csv,30%,Preset_59,MLP,42,62,"[1024, 768, 384]",mean,L2,128,3,1024,silu,0.45,Adam,,0.0001,1e-05,True,0.9,"[1, 3]",[2],[0.68794326 2.1920904  0.91725768],0.02,1.0,0.12772,1.62013,0.45455,0.43683,"[0.47619, 0.31579, 0.51852]",332,0.53025,1.4613,0.54545,0.53382,"[0.5, 0.43478, 0.66667]",119,COMPLETED,8.927
1240,20251229_131525,gaitgl_GREW_BNNeck_TOP30.csv,30%,Preset_59,MLP,42,89,"[1024, 768, 384]",mean,L2,128,3,1024,silu,0.45,Adam,,0.0001,1e-05,True,0.9,"[1, 3]",[2],[0.68794326 2.1920904  0.91725768],0.02,1.0,0.12095,2.3746,0.43182,0.41619,"[0.43243, 0.3, 0.51613]",159,0.70001,1.41545,0.5,0.45404,"[0.55, 0.26667, 0.54545]",31,COMPLETED,4.216
1239,20251229_131525,gaitgl_GREW_TOP30.csv,30%,Preset_59,MLP,42,121,"[1024, 768, 384]",mean,L2,128,3,1024,silu,0.45,Adam,,0.0001,1e-05,True,0.9,"[1, 3]",[2],[0.68794326 2.1920904  0.91725768],0.02,1.0,0.12981,2.53909,0.29545,0.24402,"[0.36842, 0.0, 0.36364]",195,0.69545,1.51292,0.47727,0.37647,"[0.6, 0.0, 0.52941]",38,COMPLETED,5.209
1241,20251229_131525,gaitgl_OUMVLP_TOP30.csv,30%,Preset_59,MLP,42,99,"[1024, 768, 384]",mean,L2,128,3,1024,silu,0.45,Adam,,0.0001,1e-05,True,0.9,"[1, 3]",[2],[0.68794326 2.1920904  0.91725768],0.02,1.0,0.12235,2.76634,0.38636,0.32809,"[0.48889, 0.125, 0.37037]",529,0.70182,1.64668,0.54545,0.49079,"[0.59459, 0.26667, 0.61111]",146,COMPLETED,14.188
1238,20251229_131525,gaitgl_TOP30.csv,30%,Preset_59,MLP,42,66,"[1024, 768, 384]",mean,L2,128,3,1024,silu,0.45,Adam,,0.0001,1e-05,True,0.9,"[1, 3]",[2],[0.68794326 2.1920904  0.91725768],0.02,1.0,0.118,2.38396,0.5,0.44995,"[0.60465, 0.30769, 0.4375]",159,0.13242,2.16898,0.54545,0.51242,"[0.62222, 0.44444, 0.47059]",138,COMPLETED,4.53
1242,20251229_131525,gaitpart_GREW_TOP30.csv,30%,Preset_59,MLP,42,85,"[1024, 768, 384]",mean,L2,128,3,1024,silu,0.45,Adam,,0.0001,1e-05,True,0.9,"[1, 3]",[2],[0.68794326 2.1920904  0.91725768],0.02,1.0,0.121,1.49556,0.52273,0.5,"[0.6, 0.4, 0.5]",262,0.1996,1.37307,0.61364,0.5963,"[0.7, 0.55556, 0.53333]",181,COMPLETED,7.101
1243,20251229_131525,gaitpart_OUMVLP_TOP30.csv,30%,Preset_59,MLP,42,69,"[1024, 768, 384]",mean,L2,128,3,1024,silu,0.45,Adam,,0.0001,1e-05,True,0.9,"[1, 3]",[2],[0.68794326 2.1920904  0.91725768],0.02,1.0,0.12873,1.68696,0.52273,0.44176,"[0.6, 0.15385, 0.57143]",807,0.41253,1.37446,0.61364,0.54116,"[0.73171, 0.28571, 0.60606]",455,COMPLETED,21.402
1245,20251229_131525,gaitset_GREW_TOP30.csv,30%,Preset_59,MLP,42,101,"[1024, 768, 384]",mean,L2,128,3,1024,silu,0.45,Adam,,0.0001,1e-05,True,0.9,"[1, 3]",[2],[0.68794326 2.1920904  0.91725768],0.02,1.0,0.12541,2.04642,0.52273,0.46131,"[0.65116, 0.25, 0.48276]",196,0.13285,1.99826,0.56818,0.52193,"[0.63636, 0.4, 0.52941]",191,COMPLETED,5.509
1246,20251229_131525,gaitset_OUMVLP_TOP30.csv,30%,Preset_59,MLP,42,80,"[1024, 768, 384]",mean,L2,128,3,1024,silu,0.45,Adam,,0.0001,1e-05,True,0.9,"[1, 3]",[2],[0.68794326 2.1920904  0.91725768],0.02,1.0,0.12423,2.33192,0.36364,0.31018,"[0.46512, 0.14286, 0.32258]",629,0.14597,2.27261,0.5,0.42408,"[0.5641, 0.18182, 0.52632]",599,COMPLETED,16.859
1244,20251229_131525,gaitset_TOP30.csv,30%,Preset_59,MLP,42,54,"[1024, 768, 384]",mean,L2,128,3,1024,silu,0.45,Adam,,0.0001,1e-05,True,0.9,"[1, 3]",[2],[0.68794326 2.1920904  0.91725768],0.02,1.0,0.12083,1.58496,0.59091,0.56667,"[0.66667, 0.53333, 0.5]",253,0.13616,1.54341,0.59091,0.60559,"[0.60465, 0.66667, 0.54545]",241,COMPLETED,7.048
1247,20251229_131525,gln_phase1_TOP30.csv,30%,Preset_59,MLP,42,73,"[1024, 768, 384]",mean,L2,128,3,1024,silu,0.45,Adam,,0.0001,1e-05,True,0.9,"[1, 3]",[2],[0.68794326 2.1920904  0.91725768],0.02,1.0,0.12097,1.59108,0.52273,0.49796,"[0.51282, 0.375, 0.60606]",213,0.44854,1.11385,0.61364,0.59342,"[0.6, 0.47059, 0.70968]",76,COMPLETED,5.805
1248,20251229_131525,gln_phase2_TOP30.csv,30%,Preset_59,MLP,42,78,"[1024, 768, 384]",mean,L2,128,3,1024,silu,0.45,Adam,,0.0001,1e-05,True,0.9,"[1, 3]",[2],[0.68794326 2.1920904  0.91725768],0.02,1.0,0.12425,2.11001,0.43182,0.40858,"[0.54054, 0.16667, 0.51852]",226,0.36157,1.34745,0.54545,0.47149,"[0.61111, 0.11765, 0.68571]",104,COMPLETED,6.117
521,20251229_131525,baseline_CASIAB_TOP30.csv,30%,Preset_60,MLP,42,27,"[896, 896, 896]",mean,minmax,96,3,896,silu,0.45,AdamW,,0.00015,1e-05,True,0.75,"[1, 2, 3]","[2, 3]",[0.68794326 2.1920904  0.91725768],0.02,1.0,0.1262,2.64587,0.45455,0.3875,"[0.52381, 0.15385, 0.48485]",78,0.37551,1.96221,0.47727,0.4359,"[0.53333, 0.30769, 0.46667]",22,COMPLETED,2.848
522,20251229_131525,baseline_OUMVLP_TOP30.csv,30%,Preset_60,MLP,42,27,"[896, 896, 896]",mean,minmax,96,3,896,silu,0.45,AdamW,,0.00015,1e-05,True,0.75,"[1, 2, 3]","[2, 3]",[0.68794326 2.1920904  0.91725768],0.02,1.0,0.12653,2.14656,0.43182,0.38757,"[0.43243, 0.10526, 0.625]",76,0.13836,1.98378,0.52273,0.45271,"[0.55814, 0.13333, 0.66667]",57,COMPLETED,2.692
525,20251229_131525,gaitgl_GREW_BNNeck_TOP30.csv,30%,Preset_60,MLP,42,42,"[896, 896, 896]",mean,minmax,96,3,896,silu,0.45,AdamW,,0.00015,1e-05,True,0.75,"[1, 2, 3]","[2, 3]",[0.68794326 2.1920904  0.91725768],0.02,1.0,0.12467,2.65187,0.52273,0.44314,"[0.57778, 0.22222, 0.52941]",57,0.14407,2.55065,0.54545,0.5013,"[0.57778, 0.36364, 0.5625]",39,COMPLETED,2.038
524,20251229_131525,gaitgl_GREW_TOP30.csv,30%,Preset_60,MLP,42,60,"[896, 896, 896]",mean,minmax,96,3,896,silu,0.45,AdamW,,0.00015,1e-05,True,0.75,"[1, 2, 3]","[2, 3]",[0.68794326 2.1920904  0.91725768],0.02,1.0,0.12564,2.33752,0.38636,0.28598,"[0.54545, 0.0, 0.3125]",43,0.14716,2.22195,0.43182,0.37469,"[0.57778, 0.25, 0.2963]",32,COMPLETED,1.534
526,20251229_131525,gaitgl_OUMVLP_TOP30.csv,30%,Preset_60,MLP,42,38,"[896, 896, 896]",mean,minmax,96,3,896,silu,0.45,AdamW,,0.00015,1e-05,True,0.75,"[1, 2, 3]","[2, 3]",[0.68794326 2.1920904  0.91725768],0.02,1.0,0.12297,2.8206,0.38636,0.37917,"[0.45, 0.375, 0.3125]",70,0.23335,1.97784,0.5,0.46823,"[0.59091, 0.4, 0.41379]",31,COMPLETED,2.407
523,20251229_131525,gaitgl_TOP30.csv,30%,Preset_60,MLP,42,32,"[896, 896, 896]",mean,minmax,96,3,896,silu,0.45,AdamW,,0.00015,1e-05,True,0.75,"[1, 2, 3]","[2, 3]",[0.68794326 2.1920904  0.91725768],0.02,1.0,0.12731,2.98778,0.31818,0.28366,"[0.34146, 0.16667, 0.34286]",91,0.53974,1.44432,0.43182,0.41818,"[0.44444, 0.35294, 0.45714]",19,COMPLETED,3.063
527,20251229_131525,gaitpart_GREW_TOP30.csv,30%,Preset_60,MLP,42,43,"[896, 896, 896]",mean,minmax,96,3,896,silu,0.45,AdamW,,0.00015,1e-05,True,0.75,"[1, 2, 3]","[2, 3]",[0.68794326 2.1920904  0.91725768],0.02,1.0,0.11976,1.8226,0.52273,0.46357,"[0.62222, 0.28571, 0.48276]",50,0.69042,1.08191,0.56818,0.56742,"[0.58537, 0.57143, 0.54545]",9,COMPLETED,1.673
528,20251229_131525,gaitpart_OUMVLP_TOP30.csv,30%,Preset_60,MLP,42,33,"[896, 896, 896]",mean,minmax,96,3,896,silu,0.45,AdamW,,0.00015,1e-05,True,0.75,"[1, 2, 3]","[2, 3]",[0.68794326 2.1920904  0.91725768],0.02,1.0,0.12658,2.15055,0.52273,0.43932,"[0.59574, 0.22222, 0.5]",59,0.20179,1.62707,0.59091,0.54153,"[0.63636, 0.4, 0.58824]",28,COMPLETED,2.006
530,20251229_131525,gaitset_GREW_TOP30.csv,30%,Preset_60,MLP,42,50,"[896, 896, 896]",mean,minmax,96,3,896,silu,0.45,AdamW,,0.00015,1e-05,True,0.75,"[1, 2, 3]","[2, 3]",[0.68794326 2.1920904  0.91725768],0.02,1.0,0.12568,2.27341,0.54545,0.51651,"[0.63636, 0.46154, 0.45161]",39,0.14079,1.95578,0.56818,0.52366,"[0.69565, 0.46154, 0.41379]",29,COMPLETED,1.445
531,20251229_131525,gaitset_OUMVLP_TOP30.csv,30%,Preset_60,MLP,42,35,"[896, 896, 896]",mean,minmax,96,3,896,silu,0.45,AdamW,,0.00015,1e-05,True,0.75,"[1, 2, 3]","[2, 3]",[0.68794326 2.1920904  0.91725768],0.02,1.0,0.12237,2.42203,0.45455,0.34933,"[0.56522, 0.0, 0.48276]",60,0.57724,1.39157,0.54545,0.49161,"[0.60465, 0.30769, 0.5625]",13,COMPLETED,2.029
529,20251229_131525,gaitset_TOP30.csv,30%,Preset_60,MLP,42,23,"[896, 896, 896]",mean,minmax,96,3,896,silu,0.45,AdamW,,0.00015,1e-05,True,0.75,"[1, 2, 3]","[2, 3]",[0.68794326 2.1920904  0.91725768],0.02,1.0,0.1285,1.95067,0.54545,0.53252,"[0.55556, 0.47059, 0.57143]",105,0.13065,2.03303,0.56818,0.53333,"[0.6, 0.375, 0.625]",93,COMPLETED,3.725
532,20251229_131525,gln_phase1_TOP30.csv,30%,Preset_60,MLP,42,31,"[896, 896, 896]",mean,minmax,96,3,896,silu,0.45,AdamW,,0.00015,1e-05,True,0.75,"[1, 2, 3]","[2, 3]",[0.68794326 2.1920904  0.91725768],0.02,1.0,0.12483,1.67786,0.56818,0.53333,"[0.6, 0.375, 0.625]",69,0.14551,1.69404,0.61364,0.59047,"[0.63415, 0.47059, 0.66667]",47,COMPLETED,2.449
533,20251229_131525,gln_phase2_TOP30.csv,30%,Preset_60,MLP,42,33,"[896, 896, 896]",mean,minmax,96,3,896,silu,0.45,AdamW,,0.00015,1e-05,True,0.75,"[1, 2, 3]","[2, 3]",[0.68794326 2.1920904  0.91725768],0.02,1.0,0.12837,2.21438,0.47727,0.39943,"[0.57778, 0.15385, 0.46667]",62,0.15002,1.95074,0.52273,0.46822,"[0.60465, 0.26667, 0.53333]",40,COMPLETED,2.1
1431,20251229_131525,baseline_CASIAB_TOP30.csv,30%,Preset_61,MLP,42,37,"[896, 640, 448, 320, 160]",max,L2,96,5,896,gelu,0.4,Adam,,0.00015,1e-06,True,0.75,"[2, 4]","[1, 3]",[0.68794326 2.1920904  0.91725768],0.02,1.0,0.12682,2.43871,0.47727,0.43876,"[0.54545, 0.33333, 0.4375]",673,0.13754,2.20537,0.59091,0.52884,"[0.63415, 0.28571, 0.66667]",633,COMPLETED,23.893
1432,20251229_131525,baseline_OUMVLP_TOP30.csv,30%,Preset_61,MLP,42,36,"[896, 640, 448, 320, 160]",max,L2,96,5,896,gelu,0.4,Adam,,0.00015,1e-06,True,0.75,"[2, 4]","[1, 3]",[0.68794326 2.1920904  0.91725768],0.02,1.0,0.12307,2.17282,0.56818,0.5429,"[0.60465, 0.46154, 0.5625]",746,0.12637,2.17552,0.59091,0.56222,"[0.61905, 0.46154, 0.60606]",745,COMPLETED,26.325
1435,20251229_131525,gaitgl_GREW_BNNeck_TOP30.csv,30%,Preset_61,MLP,42,55,"[896, 640, 448, 320, 160]",max,L2,96,5,896,gelu,0.4,Adam,,0.00015,1e-06,True,0.75,"[2, 4]","[1, 3]",[0.68794326 2.1920904  0.91725768],0.02,1.0,0.1182,2.41298,0.47727,0.38376,"[0.6, 0.16667, 0.38462]",481,0.14725,2.36693,0.56818,0.51894,"[0.68182, 0.375, 0.5]",471,COMPLETED,17.552
1434,20251229_131525,gaitgl_GREW_TOP30.csv,30%,Preset_61,MLP,42,84,"[896, 640, 448, 320, 160]",max,L2,96,5,896,gelu,0.4,Adam,,0.00015,1e-06,True,0.75,"[2, 4]","[1, 3]",[0.68794326 2.1920904  0.91725768],0.02,1.0,0.11602,2.19217,0.56818,0.46834,"[0.66667, 0.22222, 0.51613]",468,0.13587,2.36615,0.59091,0.53333,"[0.66667, 0.4, 0.53333]",437,COMPLETED,19.318
1436,20251229_131525,gaitgl_OUMVLP_TOP30.csv,30%,Preset_61,MLP,42,40,"[896, 640, 448, 320, 160]",max,L2,96,5,896,gelu,0.4,Adam,,0.00015,1e-06,True,0.75,"[2, 4]","[1, 3]",[0.68794326 2.1920904  0.91725768],0.02,1.0,0.12478,2.50476,0.47727,0.40668,"[0.51282, 0.16667, 0.54054]",1179,0.44484,1.77105,0.61364,0.57977,"[0.61111, 0.46154, 0.66667]",781,COMPLETED,44.65
1433,20251229_131525,gaitgl_TOP30.csv,30%,Preset_61,MLP,42,53,"[896, 640, 448, 320, 160]",max,L2,96,5,896,gelu,0.4,Adam,,0.00015,1e-06,True,0.75,"[2, 4]","[1, 3]",[0.68794326 2.1920904  0.91725768],0.02,1.0,0.12811,2.56862,0.40909,0.30355,"[0.51064, 0.0, 0.4]",490,0.34035,2.09237,0.52273,0.46906,"[0.62222, 0.33333, 0.45161]",305,COMPLETED,18.36
1437,20251229_131525,gaitpart_GREW_TOP30.csv,30%,Preset_61,MLP,42,50,"[896, 640, 448, 320, 160]",max,L2,96,5,896,gelu,0.4,Adam,,0.00015,1e-06,True,0.75,"[2, 4]","[1, 3]",[0.68794326 2.1920904  0.91725768],0.02,1.0,0.12828,2.37921,0.5,0.40227,"[0.62745, 0.22222, 0.35714]",649,0.66656,1.44809,0.52273,0.51351,"[0.54054, 0.47059, 0.52941]",287,COMPLETED,26.074
1438,20251229_131525,gaitpart_OUMVLP_TOP30.csv,30%,Preset_61,MLP,42,33,"[896, 640, 448, 320, 160]",max,L2,96,5,896,gelu,0.4,Adam,,0.00015,1e-06,True,0.75,"[2, 4]","[1, 3]",[0.68794326 2.1920904  0.91725768],0.02,1.0,0.1185,2.27397,0.5,0.39669,"[0.61111, 0.0, 0.57895]",1406,0.31252,1.9262,0.56818,0.50852,"[0.68421, 0.23529, 0.60606]",1047,COMPLETED,59.138
1440,20251229_131525,gaitset_GREW_TOP30.csv,30%,Preset_61,MLP,42,61,"[896, 640, 448, 320, 160]",max,L2,96,5,896,gelu,0.4,Adam,,0.00015,1e-06,True,0.75,"[2, 4]","[1, 3]",[0.68794326 2.1920904  0.91725768],0.02,1.0,0.1269,2.34702,0.5,0.45455,"[0.58537, 0.30769, 0.47059]",785,0.29258,1.90877,0.54545,0.52124,"[0.59459, 0.42857, 0.54054]",606,COMPLETED,33.164
1441,20251229_131525,gaitset_OUMVLP_TOP30.csv,30%,Preset_61,MLP,42,39,"[896, 640, 448, 320, 160]",max,L2,96,5,896,gelu,0.4,Adam,,0.00015,1e-06,True,0.75,"[2, 4]","[1, 3]",[0.68794326 2.1920904  0.91725768],0.02,1.0,0.12176,2.035,0.47727,0.39903,"[0.57778, 0.18182, 0.4375]",1541,0.12317,1.9576,0.56818,0.50372,"[0.68085, 0.36364, 0.46667]",1535,COMPLETED,60.009
1439,20251229_131525,gaitset_TOP30.csv,30%,Preset_61,MLP,42,34,"[896, 640, 448, 320, 160]",max,L2,96,5,896,gelu,0.4,Adam,,0.00015,1e-06,True,0.75,"[2, 4]","[1, 3]",[0.68794326 2.1920904  0.91725768],0.02,1.0,0.11943,2.64411,0.36364,0.33678,"[0.45455, 0.31579, 0.24]",696,0.39556,1.61174,0.45455,0.43689,"[0.46154, 0.31579, 0.53333]",416,COMPLETED,24.945
1442,20251229_131525,gln_phase1_TOP30.csv,30%,Preset_61,MLP,42,41,"[896, 640, 448, 320, 160]",max,L2,96,5,896,gelu,0.4,Adam,,0.00015,1e-06,True,0.75,"[2, 4]","[1, 3]",[0.68794326 2.1920904  0.91725768],0.02,1.0,0.11733,2.61133,0.38636,0.29554,"[0.375, 0.0, 0.51163]",752,0.51318,1.77464,0.5,0.42489,"[0.53659, 0.16667, 0.57143]",347,COMPLETED,26.728
1443,20251229_131525,gln_phase2_TOP30.csv,30%,Preset_61,MLP,42,38,"[896, 640, 448, 320, 160]",max,L2,96,5,896,gelu,0.4,Adam,,0.00015,1e-06,True,0.75,"[2, 4]","[1, 3]",[0.68794326 2.1920904  0.91725768],0.02,1.0,0.12689,2.05239,0.56818,0.42857,"[0.61905, 0.0, 0.66667]",828,0.2814,1.98156,0.59091,0.55854,"[0.6, 0.42857, 0.64706]",599,COMPLETED,29.513
1314,20251229_131525,baseline_CASIAB_TOP30.csv,30%,Preset_62,MLP,42,33,"[576, 384, 192]",max,minmax,96,3,576,elu,0.45,RMSprop,,0.0002,5e-05,True,0.75,[2],"[1, 3]",[0.68794326 2.1920904  0.91725768],0.02,1.0,0.12332,2.11588,0.5,0.40875,"[0.6, 0.18182, 0.44444]",723,0.13566,2.04817,0.54545,0.48611,"[0.625, 0.33333, 0.5]",662,COMPLETED,22.642
1315,20251229_131525,baseline_OUMVLP_TOP30.csv,30%,Preset_62,MLP,42,36,"[576, 384, 192]",max,minmax,96,3,576,elu,0.45,RMSprop,,0.0002,5e-05,True,0.75,[2],"[1, 3]",[0.68794326 2.1920904  0.91725768],0.02,1.0,0.12734,2.01166,0.52273,0.50447,"[0.48485, 0.4, 0.62857]",606,0.12685,1.65747,0.63636,0.60819,"[0.61111, 0.47059, 0.74286]",579,COMPLETED,19.059
1318,20251229_131525,gaitgl_GREW_BNNeck_TOP30.csv,30%,Preset_62,MLP,42,60,"[576, 384, 192]",max,minmax,96,3,576,elu,0.45,RMSprop,,0.0002,5e-05,True,0.75,[2],"[1, 3]",[0.68794326 2.1920904  0.91725768],0.02,1.0,0.12825,2.23553,0.43182,0.34671,"[0.53846, 0.15385, 0.34783]",282,0.15198,2.09438,0.47727,0.43333,"[0.53333, 0.26667, 0.5]",218,COMPLETED,9.158
1317,20251229_131525,gaitgl_GREW_TOP30.csv,30%,Preset_62,MLP,42,85,"[576, 384, 192]",max,minmax,96,3,576,elu,0.45,RMSprop,,0.0002,5e-05,True,0.75,[2],"[1, 3]",[0.68794326 2.1920904  0.91725768],0.02,1.0,0.12612,1.89019,0.43182,0.31352,"[0.59574, 0.0, 0.34483]",199,0.72281,1.31127,0.43182,0.43183,"[0.45455, 0.47059, 0.37037]",24,COMPLETED,6.292
1319,20251229_131525,gaitgl_OUMVLP_TOP30.csv,30%,Preset_62,MLP,42,36,"[576, 384, 192]",max,minmax,96,3,576,elu,0.45,RMSprop,,0.0002,5e-05,True,0.75,[2],"[1, 3]",[0.68794326 2.1920904  0.91725768],0.02,1.0,0.12687,2.53642,0.43182,0.33655,"[0.56522, 0.0, 0.44444]",795,0.51794,1.50314,0.52273,0.4437,"[0.6, 0.14286, 0.58824]",195,COMPLETED,24.409
1316,20251229_131525,gaitgl_TOP30.csv,30%,Preset_62,MLP,42,47,"[576, 384, 192]",max,minmax,96,3,576,elu,0.45,RMSprop,,0.0002,5e-05,True,0.75,[2],"[1, 3]",[0.68794326 2.1920904  0.91725768],0.02,1.0,0.12645,2.29422,0.36364,0.31845,"[0.41026, 0.13333, 0.41176]",422,0.70598,1.29366,0.54545,0.45455,"[0.63636, 0.18182, 0.54545]",64,COMPLETED,13.101
1320,20251229_131525,gaitpart_GREW_TOP30.csv,30%,Preset_62,MLP,42,53,"[576, 384, 192]",max,minmax,96,3,576,elu,0.45,RMSprop,,0.0002,5e-05,True,0.75,[2],"[1, 3]",[0.68794326 2.1920904  0.91725768],0.02,1.0,0.12916,2.30238,0.45455,0.36957,"[0.6087, 0.14286, 0.35714]",317,0.46306,1.46577,0.52273,0.5,"[0.57143, 0.42857, 0.5]",79,COMPLETED,9.986
1321,20251229_131525,gaitpart_OUMVLP_TOP30.csv,30%,Preset_62,MLP,42,33,"[576, 384, 192]",max,minmax,96,3,576,elu,0.45,RMSprop,,0.0002,5e-05,True,0.75,[2],"[1, 3]",[0.68794326 2.1920904  0.91725768],0.02,1.0,0.12442,1.53054,0.54545,0.46086,"[0.59091, 0.16667, 0.625]",636,0.40605,1.31773,0.63636,0.57356,"[0.65116, 0.36364, 0.70588]",160,COMPLETED,19.875
1323,20251229_131525,gaitset_GREW_TOP30.csv,30%,Preset_62,MLP,42,55,"[576, 384, 192]",max,minmax,96,3,576,elu,0.45,RMSprop,,0.0002,5e-05,True,0.75,[2],"[1, 3]",[0.68794326 2.1920904  0.91725768],0.02,1.0,0.12907,2.29031,0.47727,0.40743,"[0.57895, 0.18182, 0.46154]",371,0.13237,2.17152,0.61364,0.57265,"[0.71795, 0.42857, 0.57143]",330,COMPLETED,12.231
1324,20251229_131525,gaitset_OUMVLP_TOP30.csv,30%,Preset_62,MLP,42,32,"[576, 384, 192]",max,minmax,96,3,576,elu,0.45,RMSprop,,0.0002,5e-05,True,0.75,[2],"[1, 3]",[0.68794326 2.1920904  0.91725768],0.02,1.0,0.12787,1.94656,0.54545,0.42963,"[0.62222, 0.0, 0.66667]",762,0.13202,1.99698,0.56818,0.50992,"[0.61905, 0.28571, 0.625]",730,COMPLETED,23.886
1322,20251229_131525,gaitset_TOP30.csv,30%,Preset_62,MLP,42,36,"[576, 384, 192]",max,minmax,96,3,576,elu,0.45,RMSprop,,0.0002,5e-05,True,0.75,[2],"[1, 3]",[0.68794326 2.1920904  0.91725768],0.02,1.0,0.12961,2.32961,0.45455,0.41766,"[0.52632, 0.21053, 0.51613]",599,0.13613,2.4112,0.5,0.45397,"[0.5641, 0.23529, 0.5625]",488,COMPLETED,18.754
1325,20251229_131525,gln_phase1_TOP30.csv,30%,Preset_62,MLP,42,39,"[576, 384, 192]",max,minmax,96,3,576,elu,0.45,RMSprop,,0.0002,5e-05,True,0.75,[2],"[1, 3]",[0.68794326 2.1920904  0.91725768],0.02,1.0,0.12363,1.94581,0.38636,0.30392,"[0.5, 0.0, 0.41176]",500,0.12866,2.04593,0.47727,0.43155,"[0.57143, 0.28571, 0.4375]",479,COMPLETED,15.609
1326,20251229_131525,gln_phase2_TOP30.csv,30%,Preset_62,MLP,42,37,"[576, 384, 192]",max,minmax,96,3,576,elu,0.45,RMSprop,,0.0002,5e-05,True,0.75,[2],"[1, 3]",[0.68794326 2.1920904  0.91725768],0.02,1.0,0.12623,2.08866,0.45455,0.3877,"[0.57143, 0.125, 0.46667]",554,0.71812,1.06838,0.61364,0.55396,"[0.63158, 0.36364, 0.66667]",56,COMPLETED,17.114
274,20251229_131525,baseline_CASIAB_TOP30.csv,30%,Preset_63,MLP,42,27,"[1280, 896, 512]",mean,L2,96,3,1280,silu,0.45,Adam,,0.00015,0.0,True,0.75,"[1, 2, 3]","[1, 3]",[0.68794326 2.1920904  0.91725768],0.02,1.0,0.12775,2.24424,0.45455,0.44678,"[0.5, 0.42857, 0.41176]",407,0.44771,1.94383,0.54545,0.56075,"[0.52632, 0.61538, 0.54054]",196,COMPLETED,13.48
275,20251229_131525,baseline_OUMVLP_TOP30.csv,30%,Preset_63,MLP,42,25,"[1280, 896, 512]",mean,L2,96,3,1280,silu,0.45,Adam,,0.00015,0.0,True,0.75,"[1, 2, 3]","[1, 3]",[0.68794326 2.1920904  0.91725768],0.02,1.0,0.12556,2.12693,0.47727,0.43786,"[0.54054, 0.21053, 0.5625]",553,0.49621,1.3531,0.59091,0.5798,"[0.6, 0.53333, 0.60606]",277,COMPLETED,18.054
278,20251229_131525,gaitgl_GREW_BNNeck_TOP30.csv,30%,Preset_63,MLP,42,42,"[1280, 896, 512]",mean,L2,96,3,1280,silu,0.45,Adam,,0.00015,0.0,True,0.75,"[1, 2, 3]","[1, 3]",[0.68794326 2.1920904  0.91725768],0.02,1.0,0.12697,2.63448,0.43182,0.33501,"[0.48889, 0.0, 0.51613]",293,0.25169,2.402,0.54545,0.49044,"[0.60465, 0.26667, 0.6]",189,COMPLETED,9.619
277,20251229_131525,gaitgl_GREW_TOP30.csv,30%,Preset_63,MLP,42,65,"[1280, 896, 512]",mean,L2,96,3,1280,silu,0.45,Adam,,0.00015,0.0,True,0.75,"[1, 2, 3]","[1, 3]",[0.68794326 2.1920904  0.91725768],0.02,1.0,0.12165,1.97356,0.47727,0.373,"[0.63415, 0.0, 0.48485]",295,0.45825,1.66186,0.5,0.47143,"[0.5, 0.28571, 0.62857]",147,COMPLETED,9.881
279,20251229_131525,gaitgl_OUMVLP_TOP30.csv,30%,Preset_63,MLP,42,43,"[1280, 896, 512]",mean,L2,96,3,1280,silu,0.45,Adam,,0.00015,0.0,True,0.75,"[1, 2, 3]","[1, 3]",[0.68794326 2.1920904  0.91725768],0.02,1.0,0.12442,2.24829,0.52273,0.49055,"[0.58537, 0.35294, 0.53333]",690,0.1675,2.06878,0.56818,0.55711,"[0.60465, 0.53333, 0.53333]",612,COMPLETED,22.871
276,20251229_131525,gaitgl_TOP30.csv,30%,Preset_63,MLP,42,34,"[1280, 896, 512]",mean,L2,96,3,1280,silu,0.45,Adam,,0.00015,0.0,True,0.75,"[1, 2, 3]","[1, 3]",[0.68794326 2.1920904  0.91725768],0.02,1.0,0.12391,2.34337,0.45455,0.38866,"[0.51282, 0.16667, 0.48649]",296,0.16645,2.40642,0.5,0.4579,"[0.53659, 0.30769, 0.52941]",215,COMPLETED,9.816
280,20251229_131525,gaitpart_GREW_TOP30.csv,30%,Preset_63,MLP,42,42,"[1280, 896, 512]",mean,L2,96,3,1280,silu,0.45,Adam,,0.00015,0.0,True,0.75,"[1, 2, 3]","[1, 3]",[0.68794326 2.1920904  0.91725768],0.02,1.0,0.12877,2.01822,0.52273,0.48861,"[0.6087, 0.42857, 0.42857]",395,0.70877,1.1356,0.54545,0.53732,"[0.54054, 0.5, 0.57143]",157,COMPLETED,12.88
281,20251229_131525,gaitpart_OUMVLP_TOP30.csv,30%,Preset_63,MLP,42,34,"[1280, 896, 512]",mean,L2,96,3,1280,silu,0.45,Adam,,0.00015,0.0,True,0.75,"[1, 2, 3]","[1, 3]",[0.68794326 2.1920904  0.91725768],0.02,1.0,0.12696,2.00385,0.47727,0.40762,"[0.51163, 0.18182, 0.52941]",987,0.40388,1.77363,0.54545,0.54351,"[0.45714, 0.52632, 0.64706]",739,COMPLETED,35.013
283,20251229_131525,gaitset_GREW_TOP30.csv,30%,Preset_63,MLP,42,51,"[1280, 896, 512]",mean,L2,96,3,1280,silu,0.45,Adam,,0.00015,0.0,True,0.75,"[1, 2, 3]","[1, 3]",[0.68794326 2.1920904  0.91725768],0.02,1.0,0.12019,2.26255,0.43182,0.38353,"[0.55814, 0.23529, 0.35714]",302,0.45215,1.59676,0.54545,0.50363,"[0.68182, 0.44444, 0.38462]",155,COMPLETED,11.656
284,20251229_131525,gaitset_OUMVLP_TOP30.csv,30%,Preset_63,MLP,42,35,"[1280, 896, 512]",mean,L2,96,3,1280,silu,0.45,Adam,,0.00015,0.0,True,0.75,"[1, 2, 3]","[1, 3]",[0.68794326 2.1920904  0.91725768],0.02,1.0,0.12959,2.02197,0.56818,0.47557,"[0.65217, 0.15385, 0.62069]",887,0.13157,1.93352,0.61364,0.543,"[0.69565, 0.26667, 0.66667]",861,COMPLETED,32.162
282,20251229_131525,gaitset_TOP30.csv,30%,Preset_63,MLP,42,22,"[1280, 896, 512]",mean,L2,96,3,1280,silu,0.45,Adam,,0.00015,0.0,True,0.75,"[1, 2, 3]","[1, 3]",[0.68794326 2.1920904  0.91725768],0.02,1.0,0.12857,1.50877,0.5,0.4533,"[0.51429, 0.26667, 0.57895]",432,0.14465,1.60425,0.59091,0.52698,"[0.66667, 0.28571, 0.62857]",387,COMPLETED,15.081
285,20251229_131525,gln_phase1_TOP30.csv,30%,Preset_63,MLP,42,29,"[1280, 896, 512]",mean,L2,96,3,1280,silu,0.45,Adam,,0.00015,0.0,True,0.75,"[1, 2, 3]","[1, 3]",[0.68794326 2.1920904  0.91725768],0.02,1.0,0.12585,1.832,0.54545,0.52857,"[0.61905, 0.5, 0.46667]",389,0.27158,1.55324,0.63636,0.63258,"[0.66667, 0.625, 0.60606]",234,COMPLETED,13.533
286,20251229_131525,gln_phase2_TOP30.csv,30%,Preset_63,MLP,42,32,"[1280, 896, 512]",mean,L2,96,3,1280,silu,0.45,Adam,,0.00015,0.0,True,0.75,"[1, 2, 3]","[1, 3]",[0.68794326 2.1920904  0.91725768],0.02,1.0,0.1244,2.34634,0.45455,0.38889,"[0.52381, 0.14286, 0.5]",405,0.61964,1.50973,0.52273,0.50427,"[0.51282, 0.42857, 0.57143]",148,COMPLETED,14.258
1015,20251229_131525,baseline_CASIAB_TOP30.csv,30%,Preset_64,MLP,42,24,"[1024, 768, 512, 256]",mean,,96,4,1024,gelu,0.45,AdamW,,0.00018,5e-06,True,0.75,"[1, 2, 3]","[1, 2]",[0.68794326 2.1920904  0.91725768],0.02,1.0,0.12224,2.02487,0.54545,0.52286,"[0.59091, 0.46154, 0.51613]",396,0.1898,2.44755,0.59091,0.5904,"[0.6087, 0.6, 0.5625]",263,COMPLETED,14.672
1016,20251229_131525,baseline_OUMVLP_TOP30.csv,30%,Preset_64,MLP,42,24,"[1024, 768, 512, 256]",mean,,96,4,1024,gelu,0.45,AdamW,,0.00018,5e-06,True,0.75,"[1, 2, 3]","[1, 2]",[0.68794326 2.1920904  0.91725768],0.02,1.0,0.1294,2.20542,0.5,0.40269,"[0.56522, 0.0, 0.64286]",370,0.40232,1.77356,0.54545,0.52722,"[0.55556, 0.38095, 0.64516]",155,COMPLETED,14.656
1019,20251229_131525,gaitgl_GREW_BNNeck_TOP30.csv,30%,Preset_64,MLP,42,40,"[1024, 768, 512, 256]",mean,,96,4,1024,gelu,0.45,AdamW,,0.00018,5e-06,True,0.75,"[1, 2, 3]","[1, 2]",[0.68794326 2.1920904  0.91725768],0.02,1.0,0.12489,2.58781,0.43182,0.37075,"[0.4878, 0.15385, 0.47059]",582,0.69322,1.76646,0.47727,0.45574,"[0.5, 0.35294, 0.51429]",293,COMPLETED,21.995
1018,20251229_131525,gaitgl_GREW_TOP30.csv,30%,Preset_64,MLP,42,58,"[1024, 768, 512, 256]",mean,,96,4,1024,gelu,0.45,AdamW,,0.00018,5e-06,True,0.75,"[1, 2, 3]","[1, 2]",[0.68794326 2.1920904  0.91725768],0.02,1.0,0.12243,2.41189,0.38636,0.3,"[0.5, 0.0, 0.4]",160,0.18885,2.32803,0.52273,0.38745,"[0.59091, 0.0, 0.57143]",70,COMPLETED,5.923
1020,20251229_131525,gaitgl_OUMVLP_TOP30.csv,30%,Preset_64,MLP,42,33,"[1024, 768, 512, 256]",mean,,96,4,1024,gelu,0.45,AdamW,,0.00018,5e-06,True,0.75,"[1, 2, 3]","[1, 2]",[0.68794326 2.1920904  0.91725768],0.02,1.0,0.11753,2.80727,0.5,0.45964,"[0.57778, 0.36364, 0.4375]",274,0.18886,2.84579,0.5,0.47977,"[0.57778, 0.46154, 0.4]",180,COMPLETED,9.902
1017,20251229_131525,gaitgl_TOP30.csv,30%,Preset_64,MLP,42,30,"[1024, 768, 512, 256]",mean,,96,4,1024,gelu,0.45,AdamW,,0.00018,5e-06,True,0.75,"[1, 2, 3]","[1, 2]",[0.68794326 2.1920904  0.91725768],0.02,1.0,0.12877,2.04384,0.52273,0.44156,"[0.57143, 0.18182, 0.57143]",251,0.31217,1.89404,0.59091,0.53202,"[0.63415, 0.33333, 0.62857]",78,COMPLETED,9.455
1021,20251229_131525,gaitpart_GREW_TOP30.csv,30%,Preset_64,MLP,42,42,"[1024, 768, 512, 256]",mean,,96,4,1024,gelu,0.45,AdamW,,0.00018,5e-06,True,0.75,"[1, 2, 3]","[1, 2]",[0.68794326 2.1920904  0.91725768],0.02,1.0,0.12314,2.04738,0.59091,0.56,"[0.66667, 0.53333, 0.48]",261,0.13064,1.88031,0.63636,0.59088,"[0.71111, 0.46154, 0.6]",246,COMPLETED,9.216
1022,20251229_131525,gaitpart_OUMVLP_TOP30.csv,30%,Preset_64,MLP,42,30,"[1024, 768, 512, 256]",mean,,96,4,1024,gelu,0.45,AdamW,,0.00018,5e-06,True,0.75,"[1, 2, 3]","[1, 2]",[0.68794326 2.1920904  0.91725768],0.02,1.0,0.12287,2.2262,0.52273,0.47806,"[0.57143, 0.33333, 0.52941]",302,0.17194,2.31477,0.61364,0.55441,"[0.61538, 0.36364, 0.68421]",225,COMPLETED,10.597
1024,20251229_131525,gaitset_GREW_TOP30.csv,30%,Preset_64,MLP,42,48,"[1024, 768, 512, 256]",mean,,96,4,1024,gelu,0.45,AdamW,,0.00018,5e-06,True,0.75,"[1, 2, 3]","[1, 2]",[0.68794326 2.1920904  0.91725768],0.02,1.0,0.12118,2.45347,0.47727,0.39867,"[0.60465, 0.15385, 0.4375]",297,0.47984,2.1428,0.45455,0.43333,"[0.51429, 0.28571, 0.5]",159,COMPLETED,10.338
1025,20251229_131525,gaitset_OUMVLP_TOP30.csv,30%,Preset_64,MLP,42,32,"[1024, 768, 512, 256]",mean,,96,4,1024,gelu,0.45,AdamW,,0.00018,5e-06,True,0.75,"[1, 2, 3]","[1, 2]",[0.68794326 2.1920904  0.91725768],0.02,1.0,0.1296,2.24002,0.5,0.40776,"[0.625, 0.15385, 0.44444]",358,0.31709,2.31243,0.56818,0.47155,"[0.65217, 0.18182, 0.58065]",192,COMPLETED,12.407
1023,20251229_131525,gaitset_TOP30.csv,30%,Preset_64,MLP,42,20,"[1024, 768, 512, 256]",mean,,96,4,1024,gelu,0.45,AdamW,,0.00018,5e-06,True,0.75,"[1, 2, 3]","[1, 2]",[0.68794326 2.1920904  0.91725768],0.02,1.0,0.12796,2.01785,0.47727,0.43318,"[0.57895, 0.25, 0.47059]",497,0.13612,2.13141,0.54545,0.51745,"[0.5641, 0.4, 0.58824]",448,COMPLETED,17.531
1026,20251229_131525,gln_phase1_TOP30.csv,30%,Preset_64,MLP,42,28,"[1024, 768, 512, 256]",mean,,96,4,1024,gelu,0.45,AdamW,,0.00018,5e-06,True,0.75,"[1, 2, 3]","[1, 2]",[0.68794326 2.1920904  0.91725768],0.02,1.0,0.1202,1.70176,0.61364,0.57809,"[0.66667, 0.46154, 0.60606]",369,0.14288,1.69946,0.63636,0.60227,"[0.68182, 0.5, 0.625]",356,COMPLETED,12.811
1027,20251229_131525,gln_phase2_TOP30.csv,30%,Preset_64,MLP,42,30,"[1024, 768, 512, 256]",mean,,96,4,1024,gelu,0.45,AdamW,,0.00018,5e-06,True,0.75,"[1, 2, 3]","[1, 2]",[0.68794326 2.1920904  0.91725768],0.02,1.0,0.12403,2.42116,0.38636,0.33709,"[0.36842, 0.14286, 0.5]",383,0.70886,1.45809,0.52273,0.49537,"[0.5, 0.375, 0.61111]",104,COMPLETED,13.208
1080,20251229_131525,baseline_CASIAB_TOP30.csv,30%,Preset_65,MLP,42,35,"[1408, 1024, 640, 320]",mean,minmax,64,4,1408,silu,0.45,Adam,,0.00015,1e-06,True,0.8,"[1, 2, 3]","[2, 3]",[0.68794326 2.1920904  0.91725768],0.02,1.0,0.12323,2.50392,0.47727,0.4647,"[0.54545, 0.46154, 0.3871]",51,0.17743,2.48251,0.54545,0.49558,"[0.59091, 0.33333, 0.5625]",24,COMPLETED,2.656
1081,20251229_131525,baseline_OUMVLP_TOP30.csv,30%,Preset_65,MLP,42,35,"[1408, 1024, 640, 320]",mean,minmax,64,4,1408,silu,0.45,Adam,,0.00015,1e-06,True,0.8,"[1, 2, 3]","[2, 3]",[0.68794326 2.1920904  0.91725768],0.02,1.0,0.12061,2.15153,0.40909,0.35385,"[0.46154, 0.14286, 0.45714]",54,0.15212,1.93845,0.54545,0.48374,"[0.625, 0.30769, 0.51852]",29,COMPLETED,2.766
1084,20251229_131525,gaitgl_GREW_BNNeck_TOP30.csv,30%,Preset_65,MLP,42,53,"[1408, 1024, 640, 320]",mean,minmax,64,4,1408,silu,0.45,Adam,,0.00015,1e-06,True,0.8,"[1, 2, 3]","[2, 3]",[0.68794326 2.1920904  0.91725768],0.02,1.0,0.12479,2.36731,0.40909,0.3088,"[0.48889, 0.0, 0.4375]",38,0.55383,1.50839,0.5,0.45982,"[0.4878, 0.26667, 0.625]",10,COMPLETED,1.893
1083,20251229_131525,gaitgl_GREW_TOP30.csv,30%,Preset_65,MLP,42,75,"[1408, 1024, 640, 320]",mean,minmax,64,4,1408,silu,0.45,Adam,,0.00015,1e-06,True,0.8,"[1, 2, 3]","[2, 3]",[0.68794326 2.1920904  0.91725768],0.02,1.0,0.11638,2.02089,0.52273,0.42282,"[0.65306, 0.15385, 0.46154]",34,0.18485,1.92181,0.47727,0.43379,"[0.5641, 0.26667, 0.47059]",18,COMPLETED,1.756
1085,20251229_131525,gaitgl_OUMVLP_TOP30.csv,30%,Preset_65,MLP,42,51,"[1408, 1024, 640, 320]",mean,minmax,64,4,1408,silu,0.45,Adam,,0.00015,1e-06,True,0.8,"[1, 2, 3]","[2, 3]",[0.68794326 2.1920904  0.91725768],0.02,1.0,0.12306,2.72511,0.38636,0.35252,"[0.46512, 0.23529, 0.35714]",46,0.22253,2.257,0.45455,0.43816,"[0.46154, 0.35294, 0.5]",21,COMPLETED,2.289
1082,20251229_131525,gaitgl_TOP30.csv,30%,Preset_65,MLP,42,40,"[1408, 1024, 640, 320]",mean,minmax,64,4,1408,silu,0.45,Adam,,0.00015,1e-06,True,0.8,"[1, 2, 3]","[2, 3]",[0.68794326 2.1920904  0.91725768],0.02,1.0,0.12502,2.88495,0.38636,0.33583,"[0.45455, 0.2, 0.35294]",46,0.46113,1.75478,0.5,0.46111,"[0.5, 0.33333, 0.55]",15,COMPLETED,2.271
1086,20251229_131525,gaitpart_GREW_TOP30.csv,30%,Preset_65,MLP,42,53,"[1408, 1024, 640, 320]",mean,minmax,64,4,1408,silu,0.45,Adam,,0.00015,1e-06,True,0.8,"[1, 2, 3]","[2, 3]",[0.68794326 2.1920904  0.91725768],0.02,1.0,0.12392,2.05253,0.47727,0.43025,"[0.59574, 0.375, 0.32]",30,0.24565,1.47341,0.56818,0.52692,"[0.65217, 0.42857, 0.5]",14,COMPLETED,1.528
1087,20251229_131525,gaitpart_OUMVLP_TOP30.csv,30%,Preset_65,MLP,42,41,"[1408, 1024, 640, 320]",mean,minmax,64,4,1408,silu,0.45,Adam,,0.00015,1e-06,True,0.8,"[1, 2, 3]","[2, 3]",[0.68794326 2.1920904  0.91725768],0.02,1.0,0.12101,2.04481,0.52273,0.43501,"[0.62222, 0.16667, 0.51613]",38,0.22237,1.72843,0.59091,0.49324,"[0.65116, 0.2, 0.62857]",17,COMPLETED,1.931
1089,20251229_131525,gaitset_GREW_TOP30.csv,30%,Preset_65,MLP,42,63,"[1408, 1024, 640, 320]",mean,minmax,64,4,1408,silu,0.45,Adam,,0.00015,1e-06,True,0.8,"[1, 2, 3]","[2, 3]",[0.68794326 2.1920904  0.91725768],0.02,1.0,0.12615,1.86831,0.45455,0.42637,"[0.57143, 0.4, 0.30769]",27,0.12926,1.81815,0.59091,0.54084,"[0.72727, 0.42857, 0.46667]",23,COMPLETED,1.485
1090,20251229_131525,gaitset_OUMVLP_TOP30.csv,30%,Preset_65,MLP,42,45,"[1408, 1024, 640, 320]",mean,minmax,64,4,1408,silu,0.45,Adam,,0.00015,1e-06,True,0.8,"[1, 2, 3]","[2, 3]",[0.68794326 2.1920904  0.91725768],0.02,1.0,0.12104,2.16106,0.45455,0.34058,"[0.52174, 0.0, 0.5]",46,0.63088,1.43364,0.5,0.42532,"[0.59091, 0.13333, 0.55172]",9,COMPLETED,2.262
1088,20251229_131525,gaitset_TOP30.csv,30%,Preset_65,MLP,42,30,"[1408, 1024, 640, 320]",mean,minmax,64,4,1408,silu,0.45,Adam,,0.00015,1e-06,True,0.8,"[1, 2, 3]","[2, 3]",[0.68794326 2.1920904  0.91725768],0.02,1.0,0.12525,1.94215,0.45455,0.41604,"[0.51282, 0.23529, 0.5]",55,0.12979,1.78239,0.54545,0.5079,"[0.61905, 0.35294, 0.55172]",51,COMPLETED,2.938
1091,20251229_131525,gln_phase1_TOP30.csv,30%,Preset_65,MLP,42,41,"[1408, 1024, 640, 320]",mean,minmax,64,4,1408,silu,0.45,Adam,,0.00015,1e-06,True,0.8,"[1, 2, 3]","[2, 3]",[0.68794326 2.1920904  0.91725768],0.02,1.0,0.12568,1.6266,0.54545,0.4741,"[0.65306, 0.30769, 0.46154]",42,0.16532,1.53287,0.61364,0.54141,"[0.69565, 0.28571, 0.64286]",26,COMPLETED,2.348
1092,20251229_131525,gln_phase2_TOP30.csv,30%,Preset_65,MLP,42,44,"[1408, 1024, 640, 320]",mean,minmax,64,4,1408,silu,0.45,Adam,,0.00015,1e-06,True,0.8,"[1, 2, 3]","[2, 3]",[0.68794326 2.1920904  0.91725768],0.02,1.0,0.12618,2.07338,0.45455,0.4084,"[0.54545, 0.23529, 0.44444]",41,0.53737,1.12857,0.52273,0.49848,"[0.55, 0.4, 0.54545]",11,COMPLETED,2.115
313,20251229_131525,baseline_CASIAB_TOP30.csv,30%,Preset_66,MLP,42,35,"[1024, 768, 512, 256]",mean,minmax,64,4,1024,silu,0.4,Adam,,0.0002,1e-07,True,0.8,"[1, 2, 3]","[1, 2]",[0.68794326 2.1920904  0.91725768],0.02,1.0,0.12562,2.21674,0.54545,0.50899,"[0.57143, 0.4, 0.55556]",141,0.16001,2.35593,0.59091,0.57673,"[0.62222, 0.54545, 0.5625]",101,COMPLETED,7.105
314,20251229_131525,baseline_OUMVLP_TOP30.csv,30%,Preset_66,MLP,42,35,"[1024, 768, 512, 256]",mean,minmax,64,4,1024,silu,0.4,Adam,,0.0002,1e-07,True,0.8,"[1, 2, 3]","[1, 2]",[0.68794326 2.1920904  0.91725768],0.02,1.0,0.12973,2.50448,0.43182,0.41721,"[0.38889, 0.33333, 0.52941]",166,0.18151,2.46538,0.5,0.48001,"[0.46154, 0.33333, 0.64516]",79,COMPLETED,9.661
317,20251229_131525,gaitgl_GREW_BNNeck_TOP30.csv,30%,Preset_66,MLP,42,53,"[1024, 768, 512, 256]",mean,minmax,64,4,1024,silu,0.4,Adam,,0.0002,1e-07,True,0.8,"[1, 2, 3]","[1, 2]",[0.68794326 2.1920904  0.91725768],0.02,1.0,0.12133,2.8808,0.45455,0.33553,"[0.52174, 0.0, 0.48485]",132,0.14154,2.90699,0.52273,0.43893,"[0.62222, 0.14286, 0.55172]",98,COMPLETED,6.735
316,20251229_131525,gaitgl_GREW_TOP30.csv,30%,Preset_66,MLP,42,75,"[1024, 768, 512, 256]",mean,minmax,64,4,1024,silu,0.4,Adam,,0.0002,1e-07,True,0.8,"[1, 2, 3]","[1, 2]",[0.68794326 2.1920904  0.91725768],0.02,1.0,0.12796,2.63393,0.40909,0.29551,"[0.55319, 0.0, 0.33333]",99,0.7174,1.44371,0.43182,0.35665,"[0.54054, 0.0, 0.52941]",10,COMPLETED,5.827
318,20251229_131525,gaitgl_OUMVLP_TOP30.csv,30%,Preset_66,MLP,42,51,"[1024, 768, 512, 256]",mean,minmax,64,4,1024,silu,0.4,Adam,,0.0002,1e-07,True,0.8,"[1, 2, 3]","[1, 2]",[0.68794326 2.1920904  0.91725768],0.02,1.0,0.12606,2.97918,0.40909,0.3705,"[0.5, 0.26667, 0.34483]",143,0.3833,2.12175,0.52273,0.49055,"[0.58537, 0.35294, 0.53333]",32,COMPLETED,7.328
315,20251229_131525,gaitgl_TOP30.csv,30%,Preset_66,MLP,42,40,"[1024, 768, 512, 256]",mean,minmax,64,4,1024,silu,0.4,Adam,,0.0002,1e-07,True,0.8,"[1, 2, 3]","[1, 2]",[0.68794326 2.1920904  0.91725768],0.02,1.0,0.11649,2.43636,0.47727,0.34079,"[0.56522, 0.0, 0.45714]",160,0.12736,2.75603,0.52273,0.44473,"[0.57143, 0.22222, 0.54054]",151,COMPLETED,8.293
319,20251229_131525,gaitpart_GREW_TOP30.csv,30%,Preset_66,MLP,42,53,"[1024, 768, 512, 256]",mean,minmax,64,4,1024,silu,0.4,Adam,,0.0002,1e-07,True,0.8,"[1, 2, 3]","[1, 2]",[0.68794326 2.1920904  0.91725768],0.02,1.0,0.12468,2.25647,0.47727,0.39894,"[0.64, 0.375, 0.18182]",102,0.2376,2.27683,0.56818,0.53293,"[0.66667, 0.47059, 0.46154]",40,COMPLETED,5.355
320,20251229_131525,gaitpart_OUMVLP_TOP30.csv,30%,Preset_66,MLP,42,41,"[1024, 768, 512, 256]",mean,minmax,64,4,1024,silu,0.4,Adam,,0.0002,1e-07,True,0.8,"[1, 2, 3]","[1, 2]",[0.68794326 2.1920904  0.91725768],0.02,1.0,0.12261,2.13002,0.52273,0.44378,"[0.57143, 0.15385, 0.60606]",136,0.13567,2.17896,0.59091,0.49483,"[0.65116, 0.22222, 0.61111]",86,COMPLETED,7.171
322,20251229_131525,gaitset_GREW_TOP30.csv,30%,Preset_66,MLP,42,63,"[1024, 768, 512, 256]",mean,minmax,64,4,1024,silu,0.4,Adam,,0.0002,1e-07,True,0.8,"[1, 2, 3]","[1, 2]",[0.68794326 2.1920904  0.91725768],0.02,1.0,0.12286,2.37347,0.5,0.34672,"[0.65306, 0.0, 0.3871]",86,0.14406,2.59497,0.56818,0.52142,"[0.69388, 0.5, 0.37037]",60,COMPLETED,4.619
323,20251229_131525,gaitset_OUMVLP_TOP30.csv,30%,Preset_66,MLP,42,45,"[1024, 768, 512, 256]",mean,minmax,64,4,1024,silu,0.4,Adam,,0.0002,1e-07,True,0.8,"[1, 2, 3]","[1, 2]",[0.68794326 2.1920904  0.91725768],0.02,1.0,0.12354,2.38522,0.5,0.37636,"[0.59574, 0.0, 0.53333]",125,0.1606,2.44688,0.59091,0.49305,"[0.65217, 0.18182, 0.64516]",73,COMPLETED,6.629
321,20251229_131525,gaitset_TOP30.csv,30%,Preset_66,MLP,42,30,"[1024, 768, 512, 256]",mean,minmax,64,4,1024,silu,0.4,Adam,,0.0002,1e-07,True,0.8,"[1, 2, 3]","[1, 2]",[0.68794326 2.1920904  0.91725768],0.02,1.0,0.1251,1.84146,0.54545,0.51111,"[0.6, 0.33333, 0.6]",172,0.12683,2.06863,0.59091,0.55144,"[0.63415, 0.375, 0.64516]",150,COMPLETED,8.897
324,20251229_131525,gln_phase1_TOP30.csv,30%,Preset_66,MLP,42,41,"[1024, 768, 512, 256]",mean,minmax,64,4,1024,silu,0.4,Adam,,0.0002,1e-07,True,0.8,"[1, 2, 3]","[1, 2]",[0.68794326 2.1920904  0.91725768],0.02,1.0,0.12268,1.95547,0.56818,0.50864,"[0.63415, 0.28571, 0.60606]",124,0.23713,1.79208,0.61364,0.5677,"[0.68293, 0.375, 0.64516]",49,COMPLETED,6.459
325,20251229_131525,gln_phase2_TOP30.csv,30%,Preset_66,MLP,42,44,"[1024, 768, 512, 256]",mean,minmax,64,4,1024,silu,0.4,Adam,,0.0002,1e-07,True,0.8,"[1, 2, 3]","[1, 2]",[0.68794326 2.1920904  0.91725768],0.02,1.0,0.12129,2.20628,0.52273,0.43893,"[0.62222, 0.14286, 0.55172]",122,0.62853,1.18237,0.52273,0.49444,"[0.55, 0.33333, 0.6]",13,COMPLETED,6.914
