id,timestamp,target_embedding,top_variant,source_params,model,seed,input_dim,hidden_layers,pooling,norm,batch_size,num_layers,base_dim,activation,dropout_rate,optimizer,momentum_sgd,learning_rate,weight_decay,use_pca,pca_frac,norm_layers,dropout_layers,class_weights,label_smoothing,clip_grad_norm,train_loss,test_loss,accuracy,f1_macro,f1_per_class,epochs_trained,train_loss_best_state,test_loss_best_state,best_accuracy,best_f1,best_f1_per_class,best_epoch,training,duration_sec
1,20260108_002650,baseline_CASIAB_TOP50.csv,50%,Preset_1,MLP,42,41,"[768, 512, 256]",mean,minmax,64,3,768,silu,0.4,Adam,,0.0002,1e-07,True,0.8,"[1, 2, 3]","[1, 2]",[0.68794326 2.1920904  0.91725768],0.02,1.0,0.11774,1.79304,0.54545,0.49615,"[0.6087, 0.36364, 0.51613]",236,0.16967,1.94227,0.61364,0.54839,"[0.66667, 0.33333, 0.64516]",115,COMPLETED,11.627
2,20260108_002650,baseline_OUMVLP_TOP50.csv,50%,Preset_1,MLP,42,41,"[768, 512, 256]",mean,minmax,64,3,768,silu,0.4,Adam,,0.0002,1e-07,True,0.8,"[1, 2, 3]","[1, 2]",[0.68794326 2.1920904  0.91725768],0.02,1.0,0.11807,1.30334,0.56818,0.54396,"[0.55814, 0.42857, 0.64516]",235,0.12751,1.3426,0.65909,0.63781,"[0.61538, 0.53333, 0.76471]",167,COMPLETED,11.571
3,20260108_002650,gaitgl_GREW_BNNeck_TOP50.csv,50%,Preset_1,MLP,42,58,"[768, 512, 256]",mean,minmax,64,3,768,silu,0.4,Adam,,0.0002,1e-07,True,0.8,"[1, 2, 3]","[1, 2]",[0.68794326 2.1920904  0.91725768],0.02,1.0,0.11465,2.42123,0.40909,0.27824,"[0.54902, 0.0, 0.28571]",167,0.5013,1.49782,0.47727,0.40337,"[0.57143, 0.15385, 0.48485]",22,COMPLETED,7.931
4,20260108_002650,gaitgl_GREW_TOP50.csv,50%,Preset_1,MLP,42,74,"[768, 512, 256]",mean,minmax,64,3,768,silu,0.4,Adam,,0.0002,1e-07,True,0.8,"[1, 2, 3]","[1, 2]",[0.68794326 2.1920904  0.91725768],0.02,1.0,0.11518,2.24922,0.52273,0.44156,"[0.57143, 0.18182, 0.57143]",143,0.14116,2.26159,0.59091,0.53202,"[0.63415, 0.33333, 0.62857]",86,COMPLETED,8.101
5,20260108_002650,gaitgl_OUMVLP_TOP50.csv,50%,Preset_1,MLP,42,47,"[768, 512, 256]",mean,minmax,64,3,768,silu,0.4,Adam,,0.0002,1e-07,True,0.8,"[1, 2, 3]","[1, 2]",[0.68794326 2.1920904  0.91725768],0.02,1.0,0.11776,2.20039,0.52273,0.49716,"[0.55814, 0.4, 0.53333]",262,0.15631,2.02285,0.56818,0.54734,"[0.6087, 0.5, 0.53333]",123,COMPLETED,12.822
6,20260108_002650,gaitgl_TOP50.csv,50%,Preset_1,MLP,42,40,"[768, 512, 256]",mean,minmax,64,3,768,silu,0.4,Adam,,0.0002,1e-07,True,0.8,"[1, 2, 3]","[1, 2]",[0.68794326 2.1920904  0.91725768],0.02,1.0,0.11101,2.09881,0.40909,0.35892,"[0.45455, 0.22222, 0.4]",247,0.15081,2.16862,0.5,0.45507,"[0.56522, 0.33333, 0.46667]",137,COMPLETED,12.98
7,20260108_002650,gaitpart_GREW_TOP50.csv,50%,Preset_1,MLP,42,61,"[768, 512, 256]",mean,minmax,64,3,768,silu,0.4,Adam,,0.0002,1e-07,True,0.8,"[1, 2, 3]","[1, 2]",[0.68794326 2.1920904  0.91725768],0.02,1.0,0.11465,1.65752,0.59091,0.52077,"[0.69565, 0.33333, 0.53333]",139,0.13261,1.73842,0.63636,0.61989,"[0.7, 0.57143, 0.58824]",122,COMPLETED,6.598
8,20260108_002650,gaitpart_OUMVLP_TOP50.csv,50%,Preset_1,MLP,42,48,"[768, 512, 256]",mean,minmax,64,3,768,silu,0.4,Adam,,0.0002,1e-07,True,0.8,"[1, 2, 3]","[1, 2]",[0.68794326 2.1920904  0.91725768],0.02,1.0,0.11915,1.90193,0.54545,0.46234,"[0.55814, 0.18182, 0.64706]",182,0.48294,1.23823,0.56818,0.53584,"[0.57895, 0.4, 0.62857]",24,COMPLETED,8.926
9,20260108_002650,gaitset_GREW_TOP50.csv,50%,Preset_1,MLP,42,65,"[768, 512, 256]",mean,minmax,64,3,768,silu,0.4,Adam,,0.0002,1e-07,True,0.8,"[1, 2, 3]","[1, 2]",[0.68794326 2.1920904  0.91725768],0.02,1.0,0.11763,2.06352,0.54545,0.45316,"[0.66667, 0.22222, 0.47059]",143,0.15603,2.16933,0.61364,0.54104,"[0.72727, 0.33333, 0.5625]",58,COMPLETED,7.389
10,20260108_002650,gaitset_OUMVLP_TOP50.csv,50%,Preset_1,MLP,42,52,"[768, 512, 256]",mean,minmax,64,3,768,silu,0.4,Adam,,0.0002,1e-07,True,0.8,"[1, 2, 3]","[1, 2]",[0.68794326 2.1920904  0.91725768],0.02,1.0,0.11769,1.83456,0.5,0.37407,"[0.62222, 0.0, 0.5]",193,0.37613,1.7766,0.5,0.45456,"[0.57895, 0.22222, 0.5625]",36,COMPLETED,9.328
11,20260108_002650,gaitset_TOP50.csv,50%,Preset_1,MLP,42,34,"[768, 512, 256]",mean,minmax,64,3,768,silu,0.4,Adam,,0.0002,1e-07,True,0.8,"[1, 2, 3]","[1, 2]",[0.68794326 2.1920904  0.91725768],0.02,1.0,0.11624,2.2292,0.47727,0.40476,"[0.57143, 0.14286, 0.5]",305,0.16676,2.17163,0.54545,0.49221,"[0.59091, 0.28571, 0.6]",154,COMPLETED,15.187
12,20260108_002650,gln_phase1_TOP50.csv,50%,Preset_1,MLP,42,47,"[768, 512, 256]",mean,minmax,64,3,768,silu,0.4,Adam,,0.0002,1e-07,True,0.8,"[1, 2, 3]","[1, 2]",[0.68794326 2.1920904  0.91725768],0.02,1.0,0.11416,1.87695,0.54545,0.4845,"[0.68293, 0.28571, 0.48485]",184,0.1796,1.73875,0.59091,0.57626,"[0.65, 0.53333, 0.54545]",83,COMPLETED,9.129
13,20260108_002650,gln_phase2_TOP50.csv,50%,Preset_1,MLP,42,51,"[768, 512, 256]",mean,minmax,64,3,768,silu,0.4,Adam,,0.0002,1e-07,True,0.8,"[1, 2, 3]","[1, 2]",[0.68794326 2.1920904  0.91725768],0.02,1.0,0.11795,2.32789,0.45455,0.36275,"[0.5, 0.0, 0.58824]",187,0.61775,1.22451,0.54545,0.52685,"[0.55556, 0.4, 0.625]",17,COMPLETED,9.466

14,20260108_002650,baseline_CASIAB_TOP50.csv,50%,Preset_2,MLP,42,30,"[640, 640, 640, 640]",mean,,96,4,640,leakyrelu,0.45,AdamW,,0.0003,1e-05,True,0.75,"[1, 2, 3, 4]","[1, 2, 3]",[0.68794326 2.1920904  0.91725768],0.02,1.0,0.11547,2.13382,0.47727,0.3514,"[0.57143, 0.0, 0.48276]",623,0.32638,1.89489,0.61364,0.55072,"[0.65217, 0.33333, 0.66667]",148,COMPLETED,25.487
15,20260108_002650,baseline_OUMVLP_TOP50.csv,50%,Preset_2,MLP,42,28,"[640, 640, 640, 640]",mean,,96,4,640,leakyrelu,0.45,AdamW,,0.0003,1e-05,True,0.75,"[1, 2, 3, 4]","[1, 2, 3]",[0.68794326 2.1920904  0.91725768],0.02,1.0,0.14894,2.11442,0.5,0.42929,"[0.5, 0.18182, 0.60606]",434,0.479,1.54165,0.59091,0.55305,"[0.63415, 0.4, 0.625]",111,STOPPED,14.785
16,20260108_002650,gaitgl_GREW_BNNeck_TOP50.csv,50%,Preset_2,MLP,42,44,"[640, 640, 640, 640]",mean,,96,4,640,leakyrelu,0.45,AdamW,,0.0003,1e-05,True,0.75,"[1, 2, 3, 4]","[1, 2, 3]",[0.68794326 2.1920904  0.91725768],0.02,1.0,0.11924,2.12917,0.54545,0.39111,"[0.64, 0.0, 0.53333]",526,0.12519,2.15247,0.54545,0.44667,"[0.64, 0.2, 0.5]",431,COMPLETED,17.567
17,20260108_002650,gaitgl_GREW_TOP50.csv,50%,Preset_2,MLP,42,56,"[640, 640, 640, 640]",mean,,96,4,640,leakyrelu,0.45,AdamW,,0.0003,1e-05,True,0.75,"[1, 2, 3, 4]","[1, 2, 3]",[0.68794326 2.1920904  0.91725768],0.02,1.0,0.10912,2.48657,0.5,0.37441,"[0.57778, 0.0, 0.54545]",269,0.16272,2.2592,0.54545,0.40631,"[0.6383, 0.0, 0.58065]",216,COMPLETED,9.326
18,20260108_002650,gaitgl_OUMVLP_TOP50.csv,50%,Preset_2,MLP,42,28,"[640, 640, 640, 640]",mean,,96,4,640,leakyrelu,0.45,AdamW,,0.0003,1e-05,True,0.75,"[1, 2, 3, 4]","[1, 2, 3]",[0.68794326 2.1920904  0.91725768],0.02,1.0,0.11669,2.2659,0.5,0.45007,"[0.59091, 0.30769, 0.45161]",650,0.16965,1.98118,0.59091,0.57204,"[0.66667, 0.53333, 0.51613]",276,COMPLETED,21.809
19,20260108_002650,gaitgl_TOP50.csv,50%,Preset_2,MLP,42,29,"[640, 640, 640, 640]",mean,,96,4,640,leakyrelu,0.45,AdamW,,0.0003,1e-05,True,0.75,"[1, 2, 3, 4]","[1, 2, 3]",[0.68794326 2.1920904  0.91725768],0.02,1.0,0.11417,2.5907,0.40909,0.34997,"[0.46809, 0.18182, 0.4]",502,0.40098,1.93594,0.52273,0.50946,"[0.52632, 0.46154, 0.54054]",105,COMPLETED,16.622
20,20260108_002650,gaitpart_GREW_TOP50.csv,50%,Preset_2,MLP,42,48,"[640, 640, 640, 640]",mean,,96,4,640,leakyrelu,0.45,AdamW,,0.0003,1e-05,True,0.75,"[1, 2, 3, 4]","[1, 2, 3]",[0.68794326 2.1920904  0.91725768],0.02,1.0,0.10951,2.07357,0.54545,0.45148,"[0.6383, 0.2, 0.51613]",298,0.40068,1.31067,0.63636,0.64052,"[0.66667, 0.66667, 0.58824]",94,COMPLETED,9.948
21,20260108_002650,gaitpart_OUMVLP_TOP50.csv,50%,Preset_2,MLP,42,35,"[640, 640, 640, 640]",mean,,96,4,640,leakyrelu,0.45,AdamW,,0.0003,1e-05,True,0.75,"[1, 2, 3, 4]","[1, 2, 3]",[0.68794326 2.1920904  0.91725768],0.02,1.0,0.11074,1.86478,0.61364,0.55366,"[0.65217, 0.36364, 0.64516]",312,0.13287,1.61431,0.68182,0.60693,"[0.71429, 0.36364, 0.74286]",285,COMPLETED,10.561
22,20260108_002650,gaitset_GREW_TOP50.csv,50%,Preset_2,MLP,42,51,"[640, 640, 640, 640]",mean,,96,4,640,leakyrelu,0.45,AdamW,,0.0003,1e-05,True,0.75,"[1, 2, 3, 4]","[1, 2, 3]",[0.68794326 2.1920904  0.91725768],0.02,1.0,0.11649,2.14955,0.52273,0.42265,"[0.68085, 0.2, 0.3871]",316,0.33277,2.12797,0.54545,0.48707,"[0.68293, 0.30769, 0.47059]",145,COMPLETED,10.572
23,20260108_002650,gaitset_OUMVLP_TOP50.csv,50%,Preset_2,MLP,42,37,"[640, 640, 640, 640]",mean,,96,4,640,leakyrelu,0.45,AdamW,,0.0003,1e-05,True,0.75,"[1, 2, 3, 4]","[1, 2, 3]",[0.68794326 2.1920904  0.91725768],0.02,1.0,0.11223,2.74454,0.43182,0.31349,"[0.58333, 0.0, 0.35714]",460,0.1798,2.08697,0.56818,0.41445,"[0.68085, 0.0, 0.5625]",201,COMPLETED,15.177
24,20260108_002650,gaitset_TOP50.csv,50%,Preset_2,MLP,42,23,"[640, 640, 640, 640]",mean,,96,4,640,leakyrelu,0.45,AdamW,,0.0003,1e-05,True,0.75,"[1, 2, 3, 4]","[1, 2, 3]",[0.68794326 2.1920904  0.91725768],0.02,1.0,0.12893,2.59027,0.38636,0.32755,"[0.47826, 0.18182, 0.32258]",791,0.17553,2.25323,0.5,0.4596,"[0.54545, 0.33333, 0.5]",551,STOPPED,26.232
25,20260108_002650,gln_phase1_TOP50.csv,50%,Preset_2,MLP,42,33,"[640, 640, 640, 640]",mean,,96,4,640,leakyrelu,0.45,AdamW,,0.0003,1e-05,True,0.75,"[1, 2, 3, 4]","[1, 2, 3]",[0.68794326 2.1920904  0.91725768],0.02,1.0,0.10723,1.85765,0.59091,0.55789,"[0.66667, 0.46154, 0.54545]",440,0.11239,1.71651,0.65909,0.64846,"[0.68293, 0.61538, 0.64706]",334,COMPLETED,14.644
26,20260108_002650,gln_phase2_TOP50.csv,50%,Preset_2,MLP,42,36,"[640, 640, 640, 640]",mean,,96,4,640,leakyrelu,0.45,AdamW,,0.0003,1e-05,True,0.75,"[1, 2, 3, 4]","[1, 2, 3]",[0.68794326 2.1920904  0.91725768],0.02,1.0,0.11301,2.198,0.45455,0.38669,"[0.51064, 0.16667, 0.48276]",441,0.45058,1.53794,0.54545,0.51722,"[0.54054, 0.4, 0.61111]",110,COMPLETED,14.534

27,20260108_002650,baseline_CASIAB_TOP50.csv,50%,Preset_3,MLP,42,54,"[1280, 896, 512, 256]",mean,L2,64,4,1280,silu,0.5,Adam,,0.0001,1e-07,True,0.85,"[1, 2, 3, 4]","[1, 2]",[0.68794326 2.1920904  0.91725768],0.02,1.0,0.11213,1.75699,0.52273,0.4418,"[0.59091, 0.15385, 0.58065]",433,0.26615,1.79488,0.59091,0.49447,"[0.63636, 0.2, 0.64706]",257,COMPLETED,19.625
28,20260108_002650,baseline_OUMVLP_TOP50.csv,50%,Preset_3,MLP,42,52,"[1280, 896, 512, 256]",mean,L2,64,4,1280,silu,0.5,Adam,,0.0001,1e-07,True,0.85,"[1, 2, 3, 4]","[1, 2]",[0.68794326 2.1920904  0.91725768],0.02,1.0,0.11656,1.84748,0.5,0.45141,"[0.57143, 0.26667, 0.51613]",557,0.27167,1.68834,0.56818,0.54042,"[0.5641, 0.42857, 0.62857]",365,COMPLETED,25.374
29,20260108_002650,gaitgl_GREW_BNNeck_TOP50.csv,50%,Preset_3,MLP,42,73,"[1280, 896, 512, 256]",mean,L2,64,4,1280,silu,0.5,Adam,,0.0001,1e-07,True,0.85,"[1, 2, 3, 4]","[1, 2]",[0.68794326 2.1920904  0.91725768],0.02,1.0,0.11103,1.95653,0.47727,0.34694,"[0.61224, 0.0, 0.42857]",313,0.15187,1.80209,0.56818,0.53623,"[0.6087, 0.42857, 0.57143]",236,COMPLETED,14.202
30,20260108_002650,gaitgl_GREW_TOP50.csv,50%,Preset_3,MLP,42,100,"[1280, 896, 512, 256]",mean,L2,64,4,1280,silu,0.5,Adam,,0.0001,1e-07,True,0.85,"[1, 2, 3, 4]","[1, 2]",[0.68794326 2.1920904  0.91725768],0.02,1.0,0.1158,2.57508,0.40909,0.31164,"[0.57778, 0.0, 0.35714]",342,0.39191,1.79058,0.47727,0.41036,"[0.52632, 0.13333, 0.57143]",190,COMPLETED,15.545
31,20260108_002650,gaitgl_OUMVLP_TOP50.csv,50%,Preset_3,MLP,42,75,"[1280, 896, 512, 256]",mean,L2,64,4,1280,silu,0.5,Adam,,0.0001,1e-07,True,0.85,"[1, 2, 3, 4]","[1, 2]",[0.68794326 2.1920904  0.91725768],0.02,1.0,0.11893,2.96277,0.31818,0.29754,"[0.4, 0.28571, 0.2069]",824,0.66985,1.58803,0.38636,0.35504,"[0.46512, 0.26667, 0.33333]",394,COMPLETED,36.862
32,20260108_002650,gaitgl_TOP50.csv,50%,Preset_3,MLP,42,54,"[1280, 896, 512, 256]",mean,L2,64,4,1280,silu,0.5,Adam,,0.0001,1e-07,True,0.85,"[1, 2, 3, 4]","[1, 2]",[0.68794326 2.1920904  0.91725768],0.02,1.0,0.11851,2.19325,0.5,0.42579,"[0.61905, 0.125, 0.53333]",364,0.14078,2.21788,0.59091,0.49461,"[0.68293, 0.15385, 0.64706]",270,COMPLETED,16.657
33,20260108_002650,gaitpart_GREW_TOP50.csv,50%,Preset_3,MLP,42,76,"[1280, 896, 512, 256]",mean,L2,64,4,1280,silu,0.5,Adam,,0.0001,1e-07,True,0.85,"[1, 2, 3, 4]","[1, 2]",[0.68794326 2.1920904  0.91725768],0.02,1.0,0.11561,1.55217,0.61364,0.53527,"[0.73913, 0.33333, 0.53333]",382,0.12412,1.55077,0.68182,0.594,"[0.77551, 0.36364, 0.64286]",377,COMPLETED,17.359
34,20260108_002650,gaitpart_OUMVLP_TOP50.csv,50%,Preset_3,MLP,42,64,"[1280, 896, 512, 256]",mean,L2,64,4,1280,silu,0.5,Adam,,0.0001,1e-07,True,0.85,"[1, 2, 3, 4]","[1, 2]",[0.68794326 2.1920904  0.91725768],0.02,1.0,0.1183,2.0754,0.47727,0.43049,"[0.55814, 0.26667, 0.46667]",872,0.13234,2.28139,0.52273,0.49044,"[0.60465, 0.4, 0.46667]",862,COMPLETED,39.013
35,20260108_002650,gaitset_GREW_TOP50.csv,50%,Preset_3,MLP,42,82,"[1280, 896, 512, 256]",mean,L2,64,4,1280,silu,0.5,Adam,,0.0001,1e-07,True,0.85,"[1, 2, 3, 4]","[1, 2]",[0.68794326 2.1920904  0.91725768],0.02,1.0,0.11197,2.29635,0.45455,0.32761,"[0.59574, 0.0, 0.3871]",302,0.48768,1.63753,0.52273,0.43045,"[0.68182, 0.14286, 0.46667]",163,COMPLETED,13.669
36,20260108_002650,gaitset_OUMVLP_TOP50.csv,50%,Preset_3,MLP,42,66,"[1280, 896, 512, 256]",mean,L2,64,4,1280,silu,0.5,Adam,,0.0001,1e-07,True,0.85,"[1, 2, 3, 4]","[1, 2]",[0.68794326 2.1920904  0.91725768],0.02,1.0,0.11722,2.03258,0.52273,0.46357,"[0.62222, 0.28571, 0.48276]",682,0.16685,1.80187,0.59091,0.52681,"[0.66667, 0.30769, 0.60606]",581,COMPLETED,30.696
37,20260108_002650,gaitset_TOP50.csv,50%,Preset_3,MLP,42,45,"[1280, 896, 512, 256]",mean,L2,64,4,1280,silu,0.5,Adam,,0.0001,1e-07,True,0.85,"[1, 2, 3, 4]","[1, 2]",[0.68794326 2.1920904  0.91725768],0.02,1.0,0.11191,2.11705,0.52273,0.49216,"[0.58537, 0.375, 0.51613]",459,0.15586,2.12578,0.54545,0.51138,"[0.63415, 0.4, 0.5]",373,COMPLETED,21.04
38,20260108_002650,gln_phase1_TOP50.csv,50%,Preset_3,MLP,42,60,"[1280, 896, 512, 256]",mean,L2,64,4,1280,silu,0.5,Adam,,0.0001,1e-07,True,0.85,"[1, 2, 3, 4]","[1, 2]",[0.68794326 2.1920904  0.91725768],0.02,1.0,0.11928,2.00327,0.52273,0.42959,"[0.65217, 0.15385, 0.48276]",396,0.72541,1.37181,0.54545,0.53499,"[0.63415, 0.53333, 0.4375]",99,COMPLETED,17.786
39,20260108_002650,gln_phase2_TOP50.csv,50%,Preset_3,MLP,42,66,"[1280, 896, 512, 256]",mean,L2,64,4,1280,silu,0.5,Adam,,0.0001,1e-07,True,0.85,"[1, 2, 3, 4]","[1, 2]",[0.68794326 2.1920904  0.91725768],0.02,1.0,0.1173,2.06829,0.52273,0.44233,"[0.57143, 0.2, 0.55556]",363,0.13854,1.85137,0.56818,0.47434,"[0.6383, 0.22222, 0.5625]",350,COMPLETED,16.545

40,20260108_002650,baseline_CASIAB_TOP50.csv,50%,Preset_4,MLP,42,41,"[768, 768, 768, 768]",mean,minmax,128,4,768,gelu,0.4,AdamW,,0.00025,5e-06,True,0.8,"[1, 2, 3, 4]","[1, 3, 4]",[0.68794326 2.1920904  0.91725768],0.02,1.0,0.11438,1.92143,0.5,0.44875,"[0.57778, 0.28571, 0.48276]",127,0.11505,1.54143,0.61364,0.54298,"[0.69388, 0.36364, 0.57143]",97,COMPLETED,3.813
41,20260108_002650,baseline_OUMVLP_TOP50.csv,50%,Preset_4,MLP,42,41,"[768, 768, 768, 768]",mean,minmax,128,4,768,gelu,0.4,AdamW,,0.00025,5e-06,True,0.8,"[1, 2, 3, 4]","[1, 3, 4]",[0.68794326 2.1920904  0.91725768],0.02,1.0,0.11894,1.88376,0.47727,0.45525,"[0.51282, 0.35294, 0.5]",132,0.11843,1.5315,0.63636,0.62258,"[0.65116, 0.57143, 0.64516]",112,COMPLETED,4.019
42,20260108_002650,gaitgl_GREW_BNNeck_TOP50.csv,50%,Preset_4,MLP,42,58,"[768, 768, 768, 768]",mean,minmax,128,4,768,gelu,0.4,AdamW,,0.00025,5e-06,True,0.8,"[1, 2, 3, 4]","[1, 3, 4]",[0.68794326 2.1920904  0.91725768],0.02,1.0,0.11406,2.48889,0.47727,0.34441,"[0.59574, 0.0, 0.4375]",103,0.16519,2.58404,0.52273,0.49115,"[0.58333, 0.42857, 0.46154]",46,COMPLETED,3.088
43,20260108_002650,gaitgl_GREW_TOP50.csv,50%,Preset_4,MLP,42,74,"[768, 768, 768, 768]",mean,minmax,128,4,768,gelu,0.4,AdamW,,0.00025,5e-06,True,0.8,"[1, 2, 3, 4]","[1, 3, 4]",[0.68794326 2.1920904  0.91725768],0.02,1.0,0.11426,2.26069,0.45455,0.38938,"[0.5, 0.15385, 0.51429]",103,0.1225,2.10461,0.59091,0.56909,"[0.61905, 0.5, 0.58824]",85,COMPLETED,3.141
44,20260108_002650,gaitgl_OUMVLP_TOP50.csv,50%,Preset_4,MLP,42,47,"[768, 768, 768, 768]",mean,minmax,128,4,768,gelu,0.4,AdamW,,0.00025,5e-06,True,0.8,"[1, 2, 3, 4]","[1, 3, 4]",[0.68794326 2.1920904  0.91725768],0.02,1.0,0.1114,2.25394,0.5,0.46671,"[0.55, 0.36364, 0.48649]",152,0.17687,1.99703,0.63636,0.59171,"[0.7234, 0.5, 0.55172]",67,COMPLETED,4.605
45,20260108_002650,gaitgl_TOP50.csv,50%,Preset_4,MLP,42,40,"[768, 768, 768, 768]",mean,minmax,128,4,768,gelu,0.4,AdamW,,0.00025,5e-06,True,0.8,"[1, 2, 3, 4]","[1, 3, 4]",[0.68794326 2.1920904  0.91725768],0.02,1.0,0.11282,2.40685,0.43182,0.3684,"[0.51163, 0.18182, 0.41176]",122,0.24813,2.11697,0.5,0.475,"[0.55, 0.375, 0.5]",44,COMPLETED,3.691
46,20260108_002650,gaitpart_GREW_TOP50.csv,50%,Preset_4,MLP,42,61,"[768, 768, 768, 768]",mean,minmax,128,4,768,gelu,0.4,AdamW,,0.00025,5e-06,True,0.8,"[1, 2, 3, 4]","[1, 3, 4]",[0.68794326 2.1920904  0.91725768],0.02,1.0,0.1113,1.81916,0.52273,0.46181,"[0.6383, 0.33333, 0.41379]",95,0.12875,2.1069,0.63636,0.59655,"[0.74419, 0.5, 0.54545]",61,COMPLETED,2.943
47,20260108_002650,gaitpart_OUMVLP_TOP50.csv,50%,Preset_4,MLP,42,48,"[768, 768, 768, 768]",mean,minmax,128,4,768,gelu,0.4,AdamW,,0.00025,5e-06,True,0.8,"[1, 2, 3, 4]","[1, 3, 4]",[0.68794326 2.1920904  0.91725768],0.02,1.0,0.11148,1.77477,0.59091,0.49509,"[0.59459, 0.15385, 0.73684]",116,0.14174,1.7477,0.65909,0.61568,"[0.64865, 0.46154, 0.73684]",65,COMPLETED,3.523
48,20260108_002650,gaitset_GREW_TOP50.csv,50%,Preset_4,MLP,42,65,"[768, 768, 768, 768]",mean,minmax,128,4,768,gelu,0.4,AdamW,,0.00025,5e-06,True,0.8,"[1, 2, 3, 4]","[1, 3, 4]",[0.68794326 2.1920904  0.91725768],0.02,1.0,0.11381,2.12112,0.56818,0.45795,"[0.75556, 0.16667, 0.45161]",78,0.12655,2.12083,0.59091,0.47912,"[0.75556, 0.18182, 0.5]",61,COMPLETED,2.423
49,20260108_002650,gaitset_OUMVLP_TOP50.csv,50%,Preset_4,MLP,42,52,"[768, 768, 768, 768]",mean,minmax,128,4,768,gelu,0.4,AdamW,,0.00025,5e-06,True,0.8,"[1, 2, 3, 4]","[1, 3, 4]",[0.68794326 2.1920904  0.91725768],0.02,1.0,0.11892,1.95804,0.52273,0.38173,"[0.60465, 0.0, 0.54054]",105,0.46083,1.80105,0.56818,0.4769,"[0.61538, 0.16667, 0.64865]",18,COMPLETED,3.12
50,20260108_002650,gaitset_TOP50.csv,50%,Preset_4,MLP,42,34,"[768, 768, 768, 768]",mean,minmax,128,4,768,gelu,0.4,AdamW,,0.00025,5e-06,True,0.8,"[1, 2, 3, 4]","[1, 3, 4]",[0.68794326 2.1920904  0.91725768],0.02,1.0,0.11655,2.34295,0.5,0.42358,"[0.57143, 0.15385, 0.54545]",134,0.11947,2.31374,0.56818,0.50954,"[0.62222, 0.28571, 0.62069]",133,COMPLETED,4.144
51,20260108_002650,gln_phase1_TOP50.csv,50%,Preset_4,MLP,42,47,"[768, 768, 768, 768]",mean,minmax,128,4,768,gelu,0.4,AdamW,,0.00025,5e-06,True,0.8,"[1, 2, 3, 4]","[1, 3, 4]",[0.68794326 2.1920904  0.91725768],0.02,1.0,0.11648,1.80782,0.54545,0.50677,"[0.59091, 0.4, 0.52941]",99,0.20532,2.10021,0.61364,0.59646,"[0.65, 0.53333, 0.60606]",41,COMPLETED,2.918
52,20260108_002650,gln_phase2_TOP50.csv,50%,Preset_4,MLP,42,51,"[768, 768, 768, 768]",mean,minmax,128,4,768,gelu,0.4,AdamW,,0.00025,5e-06,True,0.8,"[1, 2, 3, 4]","[1, 3, 4]",[0.68794326 2.1920904  0.91725768],0.02,1.0,0.11182,2.33401,0.47727,0.36932,"[0.54545, 0.0, 0.5625]",104,0.11825,2.35955,0.56818,0.47784,"[0.60465, 0.18182, 0.64706]",98,COMPLETED,3.124

53,20260108_002650,baseline_CASIAB_TOP50.csv,50%,Preset_5,MLP,42,42,"[1024, 784, 512, 256]",mean,L2,64,4,1024,leakyrelu,0.5,Adam,,0.0002,1e-06,True,0.8,"[2, 3]","[1, 2, 3]",[0.68794326 2.1920904  0.91725768],0.02,1.0,0.11914,1.86817,0.54545,0.38759,"[0.68, 0.0, 0.48276]",386,0.50552,1.33653,0.65909,0.58264,"[0.73913, 0.36364, 0.64516]",118,COMPLETED,15.871
54,20260108_002650,baseline_OUMVLP_TOP50.csv,50%,Preset_5,MLP,42,39,"[1024, 784, 512, 256]",mean,L2,64,4,1024,leakyrelu,0.5,Adam,,0.0002,1e-06,True,0.8,"[2, 3]","[1, 2, 3]",[0.68794326 2.1920904  0.91725768],0.02,1.0,0.11348,1.47597,0.61364,0.55376,"[0.6383, 0.33333, 0.68966]",638,0.13023,1.53246,0.68182,0.62951,"[0.73469, 0.46154, 0.69231]",474,COMPLETED,26.313
55,20260108_002650,gaitgl_GREW_BNNeck_TOP50.csv,50%,Preset_5,MLP,42,57,"[1024, 784, 512, 256]",mean,L2,64,4,1024,leakyrelu,0.5,Adam,,0.0002,1e-06,True,0.8,"[2, 3]","[1, 2, 3]",[0.68794326 2.1920904  0.91725768],0.02,1.0,0.11255,2.22124,0.5,0.3586,"[0.6383, 0.0, 0.4375]",294,0.11382,2.15921,0.54545,0.43915,"[0.66667, 0.22222, 0.42857]",238,COMPLETED,12.237
56,20260108_002650,gaitgl_GREW_TOP50.csv,50%,Preset_5,MLP,42,82,"[1024, 784, 512, 256]",mean,L2,64,4,1024,leakyrelu,0.5,Adam,,0.0002,1e-06,True,0.8,"[2, 3]","[1, 2, 3]",[0.68794326 2.1920904  0.91725768],0.02,1.0,0.11777,2.5194,0.45455,0.38702,"[0.52381, 0.16667, 0.47059]",295,0.34888,2.11631,0.54545,0.45965,"[0.57895, 0.2, 0.6]",124,COMPLETED,12.439
57,20260108_002650,gaitgl_OUMVLP_TOP50.csv,50%,Preset_5,MLP,42,57,"[1024, 784, 512, 256]",mean,L2,64,4,1024,leakyrelu,0.5,Adam,,0.0002,1e-06,True,0.8,"[2, 3]","[1, 2, 3]",[0.68794326 2.1920904  0.91725768],0.02,1.0,0.10466,2.0012,0.52273,0.48608,"[0.6, 0.44444, 0.41379]",702,0.1092,1.92878,0.56818,0.53286,"[0.6087, 0.44444, 0.54545]",698,COMPLETED,29.312
58,20260108_002650,gaitgl_TOP50.csv,50%,Preset_5,MLP,42,44,"[1024, 784, 512, 256]",mean,L2,64,4,1024,leakyrelu,0.5,Adam,,0.0002,1e-06,True,0.8,"[2, 3]","[1, 2, 3]",[0.68794326 2.1920904  0.91725768],0.02,1.0,0.11286,2.07995,0.52273,0.43623,"[0.6087, 0.16667, 0.53333]",342,0.14705,1.94011,0.54545,0.46128,"[0.57778, 0.2, 0.60606]",235,COMPLETED,15.15
59,20260108_002650,gaitpart_GREW_TOP50.csv,50%,Preset_5,MLP,42,61,"[1024, 784, 512, 256]",mean,L2,64,4,1024,leakyrelu,0.5,Adam,,0.0002,1e-06,True,0.8,"[2, 3]","[1, 2, 3]",[0.68794326 2.1920904  0.91725768],0.02,1.0,0.11693,2.07546,0.52273,0.49495,"[0.60465, 0.42857, 0.45161]",324,0.36463,1.41821,0.63636,0.62593,"[0.66667, 0.6, 0.61111]",129,COMPLETED,13.534
60,20260108_002650,gaitpart_OUMVLP_TOP50.csv,50%,Preset_5,MLP,42,50,"[1024, 784, 512, 256]",mean,L2,64,4,1024,leakyrelu,0.5,Adam,,0.0002,1e-06,True,0.8,"[2, 3]","[1, 2, 3]",[0.68794326 2.1920904  0.91725768],0.02,1.0,0.11162,1.8474,0.56818,0.47132,"[0.64, 0.22222, 0.55172]",779,0.26813,1.53439,0.63636,0.57356,"[0.65116, 0.36364, 0.70588]",410,COMPLETED,32.061
61,20260108_002650,gaitset_GREW_TOP50.csv,50%,Preset_5,MLP,42,66,"[1024, 784, 512, 256]",mean,L2,64,4,1024,leakyrelu,0.5,Adam,,0.0002,1e-06,True,0.8,"[2, 3]","[1, 2, 3]",[0.68794326 2.1920904  0.91725768],0.02,1.0,0.11836,2.06746,0.54545,0.43647,"[0.75556, 0.15385, 0.4]",327,0.41161,2.39295,0.54545,0.46933,"[0.74419, 0.25, 0.41379]",113,COMPLETED,13.677
62,20260108_002650,gaitset_OUMVLP_TOP50.csv,50%,Preset_5,MLP,42,51,"[1024, 784, 512, 256]",mean,L2,64,4,1024,leakyrelu,0.5,Adam,,0.0002,1e-06,True,0.8,"[2, 3]","[1, 2, 3]",[0.68794326 2.1920904  0.91725768],0.02,1.0,0.10982,2.11801,0.5,0.38031,"[0.58537, 0.0, 0.55556]",718,0.27068,2.14327,0.59091,0.49399,"[0.64865, 0.16667, 0.66667]",338,COMPLETED,29.49
63,20260108_002650,gaitset_TOP50.csv,50%,Preset_5,MLP,42,33,"[1024, 784, 512, 256]",mean,L2,64,4,1024,leakyrelu,0.5,Adam,,0.0002,1e-06,True,0.8,"[2, 3]","[1, 2, 3]",[0.68794326 2.1920904  0.91725768],0.02,1.0,0.11711,2.34126,0.5,0.44516,"[0.58333, 0.30769, 0.44444]",529,0.26143,2.34055,0.52273,0.47293,"[0.57778, 0.30769, 0.53333]",259,COMPLETED,21.924
64,20260108_002650,gln_phase1_TOP50.csv,50%,Preset_5,MLP,42,45,"[1024, 784, 512, 256]",mean,L2,64,4,1024,leakyrelu,0.5,Adam,,0.0002,1e-06,True,0.8,"[2, 3]","[1, 2, 3]",[0.68794326 2.1920904  0.91725768],0.02,1.0,0.11964,2.11527,0.5,0.45528,"[0.55814, 0.30769, 0.5]",407,0.32903,1.63777,0.61364,0.55296,"[0.66667, 0.36364, 0.62857]",143,COMPLETED,16.734
65,20260108_002650,gln_phase2_TOP50.csv,50%,Preset_5,MLP,42,50,"[1024, 784, 512, 256]",mean,L2,64,4,1024,leakyrelu,0.5,Adam,,0.0002,1e-06,True,0.8,"[2, 3]","[1, 2, 3]",[0.68794326 2.1920904  0.91725768],0.02,1.0,0.11495,2.02268,0.5,0.42105,"[0.56522, 0.18182, 0.51613]",338,0.30598,1.80089,0.56818,0.4779,"[0.6087, 0.2, 0.625]",147,COMPLETED,14.035

66,20260108_002650,baseline_CASIAB_TOP50.csv,50%,Preset_6,MLP,42,54,"[1024, 1024, 512]",mean,L2,128,3,1024,silu,0.5,AdamW,,0.0002,5e-06,True,0.85,"[1, 3]",[2],[0.68794326 2.1920904  0.91725768],0.02,1.0,0.11311,2.24064,0.52273,0.43837,"[0.61224, 0.14286, 0.56]",206,0.16471,2.26651,0.52273,0.47406,"[0.61905, 0.21053, 0.59259]",171,COMPLETED,5.147
67,20260108_002650,baseline_OUMVLP_TOP50.csv,50%,Preset_6,MLP,42,52,"[1024, 1024, 512]",mean,L2,128,3,1024,silu,0.5,AdamW,,0.0002,5e-06,True,0.85,"[1, 3]",[2],[0.68794326 2.1920904  0.91725768],0.02,1.0,0.11772,1.78307,0.54545,0.51531,"[0.52632, 0.35294, 0.66667]",259,0.24591,1.68453,0.61364,0.57294,"[0.63415, 0.375, 0.70968]",189,COMPLETED,6.494
68,20260108_002650,gaitgl_GREW_BNNeck_TOP50.csv,50%,Preset_6,MLP,42,73,"[1024, 1024, 512]",mean,L2,128,3,1024,silu,0.5,AdamW,,0.0002,5e-06,True,0.85,"[1, 3]",[2],[0.68794326 2.1920904  0.91725768],0.02,1.0,0.11621,2.21261,0.43182,0.39252,"[0.52381, 0.26667, 0.3871]",122,0.27411,1.85428,0.52273,0.49122,"[0.59091, 0.4, 0.48276]",71,COMPLETED,3.147
69,20260108_002650,gaitgl_GREW_TOP50.csv,50%,Preset_6,MLP,42,100,"[1024, 1024, 512]",mean,L2,128,3,1024,silu,0.5,AdamW,,0.0002,5e-06,True,0.85,"[1, 3]",[2],[0.68794326 2.1920904  0.91725768],0.02,1.0,0.11766,2.30872,0.45455,0.38746,"[0.5641, 0.15385, 0.44444]",165,0.45929,2.04633,0.5,0.4206,"[0.60465, 0.2, 0.45714]",92,COMPLETED,4.189
70,20260108_002650,gaitgl_OUMVLP_TOP50.csv,50%,Preset_6,MLP,42,75,"[1024, 1024, 512]",mean,L2,128,3,1024,silu,0.5,AdamW,,0.0002,5e-06,True,0.85,"[1, 3]",[2],[0.68794326 2.1920904  0.91725768],0.02,1.0,0.11476,2.81065,0.40909,0.3705,"[0.5, 0.26667, 0.34483]",395,0.16711,2.91766,0.43182,0.4071,"[0.47619, 0.33333, 0.41176]",357,COMPLETED,9.88
71,20260108_002650,gaitgl_TOP50.csv,50%,Preset_6,MLP,42,54,"[1024, 1024, 512]",mean,L2,128,3,1024,silu,0.5,AdamW,,0.0002,5e-06,True,0.85,"[1, 3]",[2],[0.68794326 2.1920904  0.91725768],0.02,1.0,0.11854,2.11877,0.47727,0.404,"[0.55814, 0.15385, 0.5]",137,0.16645,1.96863,0.56818,0.51462,"[0.57895, 0.33333, 0.63158]",110,COMPLETED,3.507
72,20260108_002650,gaitpart_GREW_TOP50.csv,50%,Preset_6,MLP,42,76,"[1024, 1024, 512]",mean,L2,128,3,1024,silu,0.5,AdamW,,0.0002,5e-06,True,0.85,"[1, 3]",[2],[0.68794326 2.1920904  0.91725768],0.02,1.0,0.11887,1.98896,0.47727,0.337,"[0.66667, 0.15385, 0.19048]",179,0.37543,1.47471,0.61364,0.57766,"[0.7, 0.46154, 0.57143]",122,COMPLETED,4.554
73,20260108_002650,gaitpart_OUMVLP_TOP50.csv,50%,Preset_6,MLP,42,64,"[1024, 1024, 512]",mean,L2,128,3,1024,silu,0.5,AdamW,,0.0002,5e-06,True,0.85,"[1, 3]",[2],[0.68794326 2.1920904  0.91725768],0.02,1.0,0.11757,2.08352,0.45455,0.43917,"[0.45, 0.31579, 0.55172]",509,0.61613,1.41657,0.56818,0.55041,"[0.6, 0.47059, 0.58065]",280,COMPLETED,12.578
74,20260108_002650,gaitset_GREW_TOP50.csv,50%,Preset_6,MLP,42,82,"[1024, 1024, 512]",mean,L2,128,3,1024,silu,0.5,AdamW,,0.0002,5e-06,True,0.85,"[1, 3]",[2],[0.68794326 2.1920904  0.91725768],0.02,1.0,0.11529,2.1442,0.52273,0.42832,"[0.66667, 0.16667, 0.45161]",141,0.11919,2.21109,0.54545,0.443,"[0.69565, 0.16667, 0.46667]",137,COMPLETED,3.639
75,20260108_002650,gaitset_OUMVLP_TOP50.csv,50%,Preset_6,MLP,42,66,"[1024, 1024, 512]",mean,L2,128,3,1024,silu,0.5,AdamW,,0.0002,5e-06,True,0.85,"[1, 3]",[2],[0.68794326 2.1920904  0.91725768],0.02,1.0,0.11372,2.01268,0.56818,0.48923,"[0.68, 0.30769, 0.48]",339,0.2068,1.62505,0.65909,0.60564,"[0.72727, 0.4, 0.68966]",292,COMPLETED,8.52
76,20260108_002650,gaitset_TOP50.csv,50%,Preset_6,MLP,42,45,"[1024, 1024, 512]",mean,L2,128,3,1024,silu,0.5,AdamW,,0.0002,5e-06,True,0.85,"[1, 3]",[2],[0.68794326 2.1920904  0.91725768],0.02,1.0,0.11772,2.21515,0.40909,0.39351,"[0.47059, 0.28571, 0.42424]",206,0.70619,1.37172,0.5,0.49134,"[0.54545, 0.5, 0.42857]",51,COMPLETED,5.068
77,20260108_002650,gln_phase1_TOP50.csv,50%,Preset_6,MLP,42,60,"[1024, 1024, 512]",mean,L2,128,3,1024,silu,0.5,AdamW,,0.0002,5e-06,True,0.85,"[1, 3]",[2],[0.68794326 2.1920904  0.91725768],0.02,1.0,0.11713,2.30281,0.56818,0.53689,"[0.65116, 0.42105, 0.53846]",175,0.12355,2.2021,0.59091,0.55697,"[0.68182, 0.47059, 0.51852]",169,COMPLETED,4.539
78,20260108_002650,gln_phase2_TOP50.csv,50%,Preset_6,MLP,42,66,"[1024, 1024, 512]",mean,L2,128,3,1024,silu,0.5,AdamW,,0.0002,5e-06,True,0.85,"[1, 3]",[2],[0.68794326 2.1920904  0.91725768],0.02,1.0,0.11485,2.08152,0.54545,0.45445,"[0.625, 0.22222, 0.51613]",167,0.23502,1.92473,0.54545,0.45762,"[0.63636, 0.22222, 0.51429]",105,COMPLETED,4.27

79,20260108_002650,baseline_CASIAB_TOP50.csv,50%,Preset_7,MLP,42,256,"[1280, 896, 512, 256]",mean,,64,4,1280,silu,0.4,AdamW,,0.00018,5e-07,False,,"[1, 3]","[2, 3]",[0.68794326 2.1920904  0.91725768],0.02,1.0,0.11287,2.27614,0.52273,0.42564,"[0.61538, 0.2, 0.46154]",44,0.11972,2.24733,0.54545,0.49179,"[0.6087, 0.33333, 0.53333]",41,COMPLETED,1.941
80,20260108_002650,baseline_OUMVLP_TOP50.csv,50%,Preset_7,MLP,42,256,"[1280, 896, 512, 256]",mean,,64,4,1280,silu,0.4,AdamW,,0.00018,5e-07,False,,"[1, 3]","[2, 3]",[0.68794326 2.1920904  0.91725768],0.02,1.0,0.11579,2.06791,0.45455,0.38981,"[0.45714, 0.13333, 0.57895]",71,0.47237,1.25592,0.61364,0.51625,"[0.7, 0.14286, 0.70588]",27,COMPLETED,3.041
81,20260108_002650,gaitgl_GREW_BNNeck_TOP50.csv,50%,Preset_7,MLP,42,256,"[1280, 896, 512, 256]",mean,,64,4,1280,silu,0.4,AdamW,,0.00018,5e-07,False,,"[1, 3]","[2, 3]",[0.68794326 2.1920904  0.91725768],0.02,1.0,0.11697,2.33193,0.43182,0.32765,"[0.54545, 0.0, 0.4375]",86,0.70903,1.5003,0.5,0.42469,"[0.51282, 0.16667, 0.59459]",44,COMPLETED,3.673
82,20260108_002650,gaitgl_GREW_TOP50.csv,50%,Preset_7,MLP,42,256,"[1280, 896, 512, 256]",mean,,64,4,1280,silu,0.4,AdamW,,0.00018,5e-07,False,,"[1, 3]","[2, 3]",[0.68794326 2.1920904  0.91725768],0.02,1.0,0.1087,2.24004,0.43182,0.32171,"[0.5, 0.0, 0.46512]",65,0.12478,2.27619,0.45455,0.4375,"[0.4375, 0.375, 0.5]",55,COMPLETED,2.931
83,20260108_002650,gaitgl_OUMVLP_TOP50.csv,50%,Preset_7,MLP,42,256,"[1280, 896, 512, 256]",mean,,64,4,1280,silu,0.4,AdamW,,0.00018,5e-07,False,,"[1, 3]","[2, 3]",[0.68794326 2.1920904  0.91725768],0.02,1.0,0.10737,2.645,0.43182,0.40278,"[0.5, 0.375, 0.33333]",173,0.47233,2.10627,0.47727,0.46166,"[0.44444, 0.4, 0.54054]",104,COMPLETED,7.341
84,20260108_002650,gaitgl_TOP50.csv,50%,Preset_7,MLP,42,128,"[1280, 896, 512, 256]",mean,,64,4,1280,silu,0.4,AdamW,,0.00018,5e-07,False,,"[1, 3]","[2, 3]",[0.68794326 2.1920904  0.91725768],0.02,1.0,0.11312,2.49317,0.45455,0.39983,"[0.60465, 0.25, 0.34483]",44,0.11793,2.34661,0.56818,0.50971,"[0.65, 0.30769, 0.57143]",35,COMPLETED,1.966
85,20260108_002650,gaitpart_GREW_TOP50.csv,50%,Preset_7,MLP,42,256,"[1280, 896, 512, 256]",mean,,64,4,1280,silu,0.4,AdamW,,0.00018,5e-07,False,,"[1, 3]","[2, 3]",[0.68794326 2.1920904  0.91725768],0.02,1.0,0.10892,2.18089,0.47727,0.40842,"[0.57143, 0.15385, 0.5]",67,0.11599,1.90814,0.59091,0.52077,"[0.69565, 0.33333, 0.53333]",61,COMPLETED,3.023
86,20260108_002650,gaitpart_OUMVLP_TOP50.csv,50%,Preset_7,MLP,42,256,"[1280, 896, 512, 256]",mean,,64,4,1280,silu,0.4,AdamW,,0.00018,5e-07,False,,"[1, 3]","[2, 3]",[0.68794326 2.1920904  0.91725768],0.02,1.0,0.108,1.62394,0.54545,0.44395,"[0.62963, 0.22222, 0.48]",259,0.44391,1.37426,0.61364,0.59519,"[0.66667, 0.52632, 0.59259]",105,COMPLETED,10.831
87,20260108_002650,gaitset_GREW_TOP50.csv,50%,Preset_7,MLP,42,256,"[1280, 896, 512, 256]",mean,,64,4,1280,silu,0.4,AdamW,,0.00018,5e-07,False,,"[1, 3]","[2, 3]",[0.68794326 2.1920904  0.91725768],0.02,1.0,0.10525,2.0027,0.54545,0.4845,"[0.68293, 0.28571, 0.48485]",71,0.66805,1.32364,0.56818,0.53182,"[0.65, 0.4, 0.54545]",30,COMPLETED,2.982
88,20260108_002650,gaitset_OUMVLP_TOP50.csv,50%,Preset_7,MLP,42,256,"[1280, 896, 512, 256]",mean,,64,4,1280,silu,0.4,AdamW,,0.00018,5e-07,False,,"[1, 3]","[2, 3]",[0.68794326 2.1920904  0.91725768],0.02,1.0,0.11518,2.66523,0.36364,0.3399,"[0.45, 0.26667, 0.30303]",132,0.16932,2.38895,0.45455,0.4198,"[0.5, 0.28571, 0.47368]",122,COMPLETED,5.709
89,20260108_002650,gaitset_TOP50.csv,50%,Preset_7,MLP,42,256,"[1280, 896, 512, 256]",mean,,64,4,1280,silu,0.4,AdamW,,0.00018,5e-07,False,,"[1, 3]","[2, 3]",[0.68794326 2.1920904  0.91725768],0.02,1.0,0.11023,2.51771,0.40909,0.3046,"[0.5, 0.0, 0.41379]",59,0.13976,2.21554,0.43182,0.39801,"[0.44444, 0.23529, 0.51429]",48,COMPLETED,2.588
90,20260108_002650,gln_phase1_TOP50.csv,50%,Preset_7,MLP,42,256,"[1280, 896, 512, 256]",mean,,64,4,1280,silu,0.4,AdamW,,0.00018,5e-07,False,,"[1, 3]","[2, 3]",[0.68794326 2.1920904  0.91725768],0.02,1.0,0.11706,2.16194,0.5,0.48523,"[0.51282, 0.42857, 0.51429]",55,0.11199,2.07664,0.52273,0.50348,"[0.52632, 0.42857, 0.55556]",52,COMPLETED,2.389
91,20260108_002650,gln_phase2_TOP50.csv,50%,Preset_7,MLP,42,256,"[1280, 896, 512, 256]",mean,,64,4,1280,silu,0.4,AdamW,,0.00018,5e-07,False,,"[1, 3]","[2, 3]",[0.68794326 2.1920904  0.91725768],0.02,1.0,0.1098,2.08287,0.47727,0.41017,"[0.54545, 0.13333, 0.55172]",54,0.21112,1.75819,0.52273,0.44272,"[0.60465, 0.14286, 0.58065]",34,COMPLETED,2.312

92,20260108_002650,baseline_CASIAB_TOP50.csv,50%,Preset_8,MLP,42,41,"[1152, 768, 512]",mean,minmax,96,3,1152,silu,0.5,AdamW,,0.0002,5e-06,True,0.8,"[1, 2]","[1, 2]",[0.68794326 2.1920904  0.91725768],0.02,1.0,0.11844,1.45551,0.54545,0.47695,"[0.65306, 0.33333, 0.44444]",459,0.3052,1.91241,0.65909,0.58457,"[0.7234, 0.36364, 0.66667]",72,COMPLETED,13.235
93,20260108_002650,baseline_OUMVLP_TOP50.csv,50%,Preset_8,MLP,42,41,"[1152, 768, 512]",mean,minmax,96,3,1152,silu,0.5,AdamW,,0.0002,5e-06,True,0.8,"[1, 2]","[1, 2]",[0.68794326 2.1920904  0.91725768],0.02,1.0,0.11927,1.37292,0.54545,0.49815,"[0.55, 0.33333, 0.61111]",453,0.18034,1.52761,0.63636,0.59829,"[0.66667, 0.46154, 0.66667]",133,COMPLETED,13.079
94,20260108_002650,gaitgl_GREW_BNNeck_TOP50.csv,50%,Preset_8,MLP,42,58,"[1152, 768, 512]",mean,minmax,96,3,1152,silu,0.5,AdamW,,0.0002,5e-06,True,0.8,"[1, 2]","[1, 2]",[0.68794326 2.1920904  0.91725768],0.02,1.0,0.11971,2.15127,0.43182,0.3148,"[0.53061, 0.0, 0.41379]",316,0.29374,2.14396,0.47727,0.42125,"[0.57143, 0.30769, 0.38462]",59,COMPLETED,9.062
95,20260108_002650,gaitgl_GREW_TOP50.csv,50%,Preset_8,MLP,42,74,"[1152, 768, 512]",mean,minmax,96,3,1152,silu,0.5,AdamW,,0.0002,5e-06,True,0.8,"[1, 2]","[1, 2]",[0.68794326 2.1920904  0.91725768],0.02,1.0,0.11685,1.89858,0.54545,0.40492,"[0.6087, 0.0, 0.60606]",283,0.40628,1.751,0.56818,0.52004,"[0.58537, 0.36364, 0.61111]",37,COMPLETED,8.212
96,20260108_002650,gaitgl_OUMVLP_TOP50.csv,50%,Preset_8,MLP,42,47,"[1152, 768, 512]",mean,minmax,96,3,1152,silu,0.5,AdamW,,0.0002,5e-06,True,0.8,"[1, 2]","[1, 2]",[0.68794326 2.1920904  0.91725768],0.02,1.0,0.11827,1.81042,0.54545,0.51936,"[0.57778, 0.42857, 0.55172]",493,0.19071,1.87916,0.56818,0.5429,"[0.60465, 0.46154, 0.5625]",185,COMPLETED,14.264
97,20260108_002650,gaitgl_TOP50.csv,50%,Preset_8,MLP,42,40,"[1152, 768, 512]",mean,minmax,96,3,1152,silu,0.5,AdamW,,0.0002,5e-06,True,0.8,"[1, 2]","[1, 2]",[0.68794326 2.1920904  0.91725768],0.02,1.0,0.11643,1.938,0.38636,0.28467,"[0.46512, 0.0, 0.38889]",515,0.13803,2.12169,0.47727,0.45048,"[0.4878, 0.36364, 0.5]",237,COMPLETED,14.923
98,20260108_002650,gaitpart_GREW_TOP50.csv,50%,Preset_8,MLP,42,61,"[1152, 768, 512]",mean,minmax,96,3,1152,silu,0.5,AdamW,,0.0002,5e-06,True,0.8,"[1, 2]","[1, 2]",[0.68794326 2.1920904  0.91725768],0.02,1.0,0.11994,1.63247,0.56818,0.51111,"[0.66667, 0.4, 0.46667]",294,0.16778,1.63646,0.63636,0.56114,"[0.73913, 0.36364, 0.58065]",82,COMPLETED,8.638
99,20260108_002650,gaitpart_OUMVLP_TOP50.csv,50%,Preset_8,MLP,42,48,"[1152, 768, 512]",mean,minmax,96,3,1152,silu,0.5,AdamW,,0.0002,5e-06,True,0.8,"[1, 2]","[1, 2]",[0.68794326 2.1920904  0.91725768],0.02,1.0,0.11827,1.49387,0.63636,0.52905,"[0.69565, 0.18182, 0.70968]",340,0.73398,1.12671,0.59091,0.57439,"[0.59459, 0.5, 0.62857]",16,COMPLETED,9.675
100,20260108_002650,gaitset_GREW_TOP50.csv,50%,Preset_8,MLP,42,65,"[1152, 768, 512]",mean,minmax,96,3,1152,silu,0.5,AdamW,,0.0002,5e-06,True,0.8,"[1, 2]","[1, 2]",[0.68794326 2.1920904  0.91725768],0.02,1.0,0.11837,1.69628,0.59091,0.47148,"[0.76596, 0.18182, 0.46667]",274,0.14212,1.92437,0.63636,0.54976,"[0.78261, 0.33333, 0.53333]",136,COMPLETED,8.098
101,20260108_002650,gaitset_OUMVLP_TOP50.csv,50%,Preset_8,MLP,42,52,"[1152, 768, 512]",mean,minmax,96,3,1152,silu,0.5,AdamW,,0.0002,5e-06,True,0.8,"[1, 2]","[1, 2]",[0.68794326 2.1920904  0.91725768],0.02,1.0,0.11787,1.44026,0.47727,0.34873,"[0.6087, 0.0, 0.4375]",365,0.15494,1.82085,0.52273,0.43752,"[0.63636, 0.14286, 0.53333]",133,COMPLETED,10.574
102,20260108_002650,gaitset_TOP50.csv,50%,Preset_8,MLP,42,34,"[1152, 768, 512]",mean,minmax,96,3,1152,silu,0.5,AdamW,,0.0002,5e-06,True,0.8,"[1, 2]","[1, 2]",[0.68794326 2.1920904  0.91725768],0.02,1.0,0.11895,1.96702,0.47727,0.4037,"[0.57778, 0.13333, 0.5]",568,0.17872,2.10658,0.5,0.44824,"[0.59091, 0.23529, 0.51852]",198,COMPLETED,16.314
103,20260108_002650,gln_phase1_TOP50.csv,50%,Preset_8,MLP,42,47,"[1152, 768, 512]",mean,minmax,96,3,1152,silu,0.5,AdamW,,0.0002,5e-06,True,0.8,"[1, 2]","[1, 2]",[0.68794326 2.1920904  0.91725768],0.02,1.0,0.11746,1.57578,0.52273,0.46883,"[0.60465, 0.28571, 0.51613]",398,0.13648,1.61965,0.59091,0.54451,"[0.68182, 0.4, 0.55172]",186,COMPLETED,11.69
104,20260108_002650,gln_phase2_TOP50.csv,50%,Preset_8,MLP,42,51,"[1152, 768, 512]",mean,minmax,96,3,1152,silu,0.5,AdamW,,0.0002,5e-06,True,0.8,"[1, 2]","[1, 2]",[0.68794326 2.1920904  0.91725768],0.02,1.0,0.11647,1.72366,0.47727,0.40514,"[0.54545, 0.15385, 0.51613]",384,0.51578,1.35681,0.56818,0.51068,"[0.61538, 0.25, 0.66667]",30,COMPLETED,11.042

105,20260108_002650,baseline_CASIAB_TOP50.csv,50%,Preset_9,MLP,42,26,"[512, 256, 128]",mean,L2,64,3,512,silu,0.5,Adam,,0.0001,0.0,True,0.7,[3],[3],[0.68794326 2.1920904  0.91725768],0.02,1.0,0.39962,1.83315,0.38636,0.36161,"[0.45455, 0.30769, 0.32258]",1301,0.56772,1.29721,0.5,0.47436,"[0.53659, 0.4, 0.48649]",579,STOPPED,49.364
106,20260108_002650,baseline_OUMVLP_TOP50.csv,50%,Preset_9,MLP,42,22,"[512, 256, 128]",mean,L2,64,3,512,silu,0.5,Adam,,0.0001,0.0,True,0.7,[3],[3],[0.68794326 2.1920904  0.91725768],0.02,1.0,0.57521,1.42905,0.45455,0.41443,"[0.55, 0.21053, 0.48276]",1066,0.5654,1.29567,0.56818,0.52817,"[0.65116, 0.4, 0.53333]",966,STOPPED,39.478
107,20260108_002650,gaitgl_GREW_BNNeck_TOP50.csv,50%,Preset_9,MLP,42,36,"[512, 256, 128]",mean,L2,64,3,512,silu,0.5,Adam,,0.0001,0.0,True,0.7,[3],[3],[0.68794326 2.1920904  0.91725768],0.02,1.0,0.29689,1.73339,0.45455,0.39994,"[0.56522, 0.25, 0.38462]",1407,0.58504,1.37035,0.5,0.44776,"[0.59091, 0.28571, 0.46667]",321,STOPPED,50.807
108,20260108_002650,gaitgl_GREW_TOP50.csv,50%,Preset_9,MLP,42,56,"[512, 256, 128]",mean,L2,64,3,512,silu,0.5,Adam,,0.0001,0.0,True,0.7,[3],[3],[0.68794326 2.1920904  0.91725768],0.02,1.0,0.17632,2.20432,0.38636,0.33008,"[0.55, 0.11765, 0.32258]",1926,0.22902,1.96963,0.5,0.4547,"[0.5641, 0.28571, 0.51429]",1282,STOPPED,70.271
109,20260108_002650,gaitgl_OUMVLP_TOP50.csv,50%,Preset_9,MLP,42,31,"[512, 256, 128]",mean,L2,64,3,512,silu,0.5,Adam,,0.0001,0.0,True,0.7,[3],[3],[0.68794326 2.1920904  0.91725768],0.02,1.0,0.48556,1.62706,0.45455,0.4307,"[0.52174, 0.4, 0.37037]",1986,0.54316,1.51486,0.52273,0.51515,"[0.57143, 0.54545, 0.42857]",1837,STOPPED,72.777
110,20260108_002650,gaitgl_TOP50.csv,50%,Preset_9,MLP,42,28,"[512, 256, 128]",mean,L2,64,3,512,silu,0.5,Adam,,0.0001,0.0,True,0.7,[3],[3],[0.68794326 2.1920904  0.91725768],0.02,1.0,0.41021,1.73904,0.36364,0.30254,"[0.48889, 0.14286, 0.27586]",830,0.53147,1.48224,0.40909,0.34205,"[0.52174, 0.18182, 0.32258]",468,STOPPED,30.48
111,20260108_002650,gaitpart_GREW_TOP50.csv,50%,Preset_9,MLP,42,40,"[512, 256, 128]",mean,L2,64,3,512,silu,0.5,Adam,,0.0001,0.0,True,0.7,[3],[3],[0.68794326 2.1920904  0.91725768],0.02,1.0,0.22332,1.71942,0.59091,0.52628,"[0.68293, 0.30769, 0.58824]",1595,0.73882,1.03004,0.63636,0.62159,"[0.68421, 0.55556, 0.625]",251,STOPPED,58.243
112,20260108_002650,gaitpart_OUMVLP_TOP50.csv,50%,Preset_9,MLP,42,31,"[512, 256, 128]",mean,L2,64,3,512,silu,0.5,Adam,,0.0001,0.0,True,0.7,[3],[3],[0.68794326 2.1920904  0.91725768],0.02,1.0,0.38197,1.964,0.47727,0.40886,"[0.57895, 0.13333, 0.51429]",2459,0.7388,1.25014,0.54545,0.5291,"[0.57143, 0.44444, 0.57143]",726,STOPPED,90.271
113,20260108_002650,gaitset_GREW_TOP50.csv,50%,Preset_9,MLP,42,43,"[512, 256, 128]",mean,L2,64,3,512,silu,0.5,Adam,,0.0001,0.0,True,0.7,[3],[3],[0.68794326 2.1920904  0.91725768],0.02,1.0,0.21428,2.08093,0.43182,0.35669,"[0.59091, 0.16667, 0.3125]",1182,0.72085,1.2307,0.52273,0.47407,"[0.68571, 0.22222, 0.51429]",228,STOPPED,43.202
114,20260108_002650,gaitset_OUMVLP_TOP50.csv,50%,Preset_9,MLP,42,31,"[512, 256, 128]",mean,L2,64,3,512,silu,0.5,Adam,,0.0001,0.0,True,0.7,[3],[3],[0.68794326 2.1920904  0.91725768],0.02,1.0,0.39107,1.85945,0.40909,0.32381,"[0.57143, 0.0, 0.4]",1676,0.64305,1.3228,0.56818,0.53846,"[0.61538, 0.42857, 0.57143]",759,STOPPED,61.669
115,20260108_002650,gaitset_TOP50.csv,50%,Preset_9,MLP,42,18,"[512, 256, 128]",mean,L2,64,3,512,silu,0.5,Adam,,0.0001,0.0,True,0.7,[3],[3],[0.68794326 2.1920904  0.91725768],0.02,1.0,0.59857,1.50016,0.34091,0.29554,"[0.43902, 0.125, 0.32258]",1376,0.61921,1.50014,0.38636,0.35346,"[0.4878, 0.25, 0.32258]",1370,STOPPED,50.632
116,20260108_002650,gln_phase1_TOP50.csv,50%,Preset_9,MLP,42,26,"[512, 256, 128]",mean,L2,64,3,512,silu,0.5,Adam,,0.0001,0.0,True,0.7,[3],[3],[0.68794326 2.1920904  0.91725768],0.02,1.0,0.38274,1.483,0.43182,0.43621,"[0.43243, 0.47619, 0.4]",1412,0.59061,1.05998,0.59091,0.58347,"[0.57895, 0.52632, 0.64516]",596,STOPPED,51.781
117,20260108_002650,gln_phase2_TOP50.csv,50%,Preset_9,MLP,42,29,"[512, 256, 128]",mean,L2,64,3,512,silu,0.5,Adam,,0.0001,0.0,True,0.7,[3],[3],[0.68794326 2.1920904  0.91725768],0.02,1.0,0.33293,1.60465,0.38636,0.33578,"[0.43243, 0.15385, 0.42105]",1378,0.61335,1.21504,0.56818,0.54949,"[0.52941, 0.5, 0.61905]",357,STOPPED,50.629

118,20260108_002650,baseline_CASIAB_TOP50.csv,50%,Preset_10,MLP,42,54,"[896, 896, 896]",mean,L2,96,3,896,silu,0.45,AdamW,,0.00015,1e-05,True,0.85,"[1, 2, 3]","[2, 3]",[0.68794326 2.1920904  0.91725768],0.02,1.0,0.11559,2.13106,0.5,0.41667,"[0.58333, 0.16667, 0.5]",197,0.14062,2.24148,0.56818,0.50736,"[0.63636, 0.28571, 0.6]",145,COMPLETED,6.574
119,20260108_002650,baseline_OUMVLP_TOP50.csv,50%,Preset_10,MLP,42,52,"[896, 896, 896]",mean,L2,96,3,896,silu,0.45,AdamW,,0.00015,1e-05,True,0.85,"[1, 2, 3]","[2, 3]",[0.68794326 2.1920904  0.91725768],0.02,1.0,0.11643,1.62092,0.54545,0.49694,"[0.55814, 0.30769, 0.625]",302,0.44665,1.55207,0.63636,0.56815,"[0.69565, 0.36364, 0.64516]",123,COMPLETED,9.787
120,20260108_002650,gaitgl_GREW_BNNeck_TOP50.csv,50%,Preset_10,MLP,42,73,"[896, 896, 896]",mean,L2,96,3,896,silu,0.45,AdamW,,0.00015,1e-05,True,0.85,"[1, 2, 3]","[2, 3]",[0.68794326 2.1920904  0.91725768],0.02,1.0,0.11675,1.84768,0.47727,0.40476,"[0.57143, 0.14286, 0.5]",135,0.18548,1.81293,0.59091,0.52681,"[0.66667, 0.30769, 0.60606]",76,COMPLETED,4.576
121,20260108_002650,gaitgl_GREW_TOP50.csv,50%,Preset_10,MLP,42,100,"[896, 896, 896]",mean,L2,96,3,896,silu,0.45,AdamW,,0.00015,1e-05,True,0.85,"[1, 2, 3]","[2, 3]",[0.68794326 2.1920904  0.91725768],0.02,1.0,0.11592,2.16759,0.54545,0.4588,"[0.6, 0.18182, 0.59459]",190,0.11592,2.16759,0.54545,0.4588,"[0.6, 0.18182, 0.59459]",190,COMPLETED,6.331
122,20260108_002650,gaitgl_OUMVLP_TOP50.csv,50%,Preset_10,MLP,42,75,"[896, 896, 896]",mean,L2,96,3,896,silu,0.45,AdamW,,0.00015,1e-05,True,0.85,"[1, 2, 3]","[2, 3]",[0.68794326 2.1920904  0.91725768],0.02,1.0,0.11256,2.50998,0.40909,0.35021,"[0.55319, 0.26667, 0.23077]",471,0.12711,2.69675,0.45455,0.44008,"[0.4878, 0.4, 0.43243]",438,COMPLETED,15.395
123,20260108_002650,gaitgl_TOP50.csv,50%,Preset_10,MLP,42,54,"[896, 896, 896]",mean,L2,96,3,896,silu,0.45,AdamW,,0.00015,1e-05,True,0.85,"[1, 2, 3]","[2, 3]",[0.68794326 2.1920904  0.91725768],0.02,1.0,0.11867,2.27375,0.43182,0.36767,"[0.58537, 0.11765, 0.4]",150,0.31532,1.72743,0.54545,0.49374,"[0.59459, 0.30769, 0.57895]",47,COMPLETED,4.875
124,20260108_002650,gaitpart_GREW_TOP50.csv,50%,Preset_10,MLP,42,76,"[896, 896, 896]",mean,L2,96,3,896,silu,0.45,AdamW,,0.00015,1e-05,True,0.85,"[1, 2, 3]","[2, 3]",[0.68794326 2.1920904  0.91725768],0.02,1.0,0.11723,1.67059,0.54545,0.50084,"[0.68293, 0.35294, 0.46667]",199,0.16377,1.59063,0.65909,0.62944,"[0.71429, 0.54545, 0.62857]",134,COMPLETED,6.583
125,20260108_002650,gaitpart_OUMVLP_TOP50.csv,50%,Preset_10,MLP,42,64,"[896, 896, 896]",mean,L2,96,3,896,silu,0.45,AdamW,,0.00015,1e-05,True,0.85,"[1, 2, 3]","[2, 3]",[0.68794326 2.1920904  0.91725768],0.02,1.0,0.11661,2.68237,0.36364,0.29728,"[0.40909, 0.0, 0.48276]",523,0.71455,1.36457,0.54545,0.5112,"[0.6, 0.35294, 0.58065]",224,COMPLETED,16.818
126,20260108_002650,gaitset_GREW_TOP50.csv,50%,Preset_10,MLP,42,82,"[896, 896, 896]",mean,L2,96,3,896,silu,0.45,AdamW,,0.00015,1e-05,True,0.85,"[1, 2, 3]","[2, 3]",[0.68794326 2.1920904  0.91725768],0.02,1.0,0.11148,1.99585,0.47727,0.35119,"[0.625, 0.0, 0.42857]",176,0.12368,2.40551,0.52273,0.45722,"[0.625, 0.26667, 0.48]",128,COMPLETED,5.814
127,20260108_002650,gaitset_OUMVLP_TOP50.csv,50%,Preset_10,MLP,42,66,"[896, 896, 896]",mean,L2,96,3,896,silu,0.45,AdamW,,0.00015,1e-05,True,0.85,"[1, 2, 3]","[2, 3]",[0.68794326 2.1920904  0.91725768],0.02,1.0,0.11528,1.95562,0.52273,0.43623,"[0.6087, 0.16667, 0.53333]",425,0.17894,1.96484,0.68182,0.59896,"[0.7619, 0.30769, 0.72727]",310,COMPLETED,13.831
128,20260108_002650,gaitset_TOP50.csv,50%,Preset_10,MLP,42,45,"[896, 896, 896]",mean,L2,96,3,896,silu,0.45,AdamW,,0.00015,1e-05,True,0.85,"[1, 2, 3]","[2, 3]",[0.68794326 2.1920904  0.91725768],0.02,1.0,0.11972,2.21229,0.45455,0.41671,"[0.52632, 0.26667, 0.45714]",237,0.13222,2.182,0.52273,0.51632,"[0.5641, 0.5, 0.48485]",178,COMPLETED,7.783
129,20260108_002650,gln_phase1_TOP50.csv,50%,Preset_10,MLP,42,60,"[896, 896, 896]",mean,L2,96,3,896,silu,0.45,AdamW,,0.00015,1e-05,True,0.85,"[1, 2, 3]","[2, 3]",[0.68794326 2.1920904  0.91725768],0.02,1.0,0.11788,2.14939,0.5,0.43265,"[0.61224, 0.28571, 0.4]",188,0.17947,1.83012,0.61364,0.5799,"[0.69767, 0.47059, 0.57143]",106,COMPLETED,6.2
130,20260108_002650,gln_phase2_TOP50.csv,50%,Preset_10,MLP,42,66,"[896, 896, 896]",mean,L2,96,3,896,silu,0.45,AdamW,,0.00015,1e-05,True,0.85,"[1, 2, 3]","[2, 3]",[0.68794326 2.1920904  0.91725768],0.02,1.0,0.1172,2.06194,0.38636,0.33662,"[0.43902, 0.13333, 0.4375]",165,0.12122,2.1142,0.54545,0.45919,"[0.59574, 0.18182, 0.6]",156,COMPLETED,5.408

131,20260108_002650,baseline_CASIAB_TOP50.csv,50%,Preset_11,MLP,42,33,"[768, 512, 384, 256]",mean,L2,80,4,768,leakyrelu,0.45,Adam,,0.0002,0.0,True,0.75,"[2, 4]","[1, 3]",[0.68794326 2.1920904  0.91725768],0.02,1.0,0.13472,2.10996,0.52273,0.458,"[0.64, 0.36364, 0.37037]",633,0.12111,2.09706,0.56818,0.51323,"[0.66667, 0.44444, 0.42857]",445,STOPPED,20.229
132,20260108_002650,baseline_OUMVLP_TOP50.csv,50%,Preset_11,MLP,42,29,"[768, 512, 384, 256]",mean,L2,80,4,768,leakyrelu,0.45,Adam,,0.0002,0.0,True,0.75,"[2, 4]","[1, 3]",[0.68794326 2.1920904  0.91725768],0.02,1.0,0.11286,2.03115,0.5,0.36237,"[0.54167, 0.0, 0.54545]",969,0.5443,1.43438,0.61364,0.56794,"[0.68421, 0.35294, 0.66667]",158,COMPLETED,30.667
133,20260108_002650,gaitgl_GREW_BNNeck_TOP50.csv,50%,Preset_11,MLP,42,45,"[768, 512, 384, 256]",mean,L2,80,4,768,leakyrelu,0.45,Adam,,0.0002,0.0,True,0.75,"[2, 4]","[1, 3]",[0.68794326 2.1920904  0.91725768],0.02,1.0,0.11998,2.42711,0.45455,0.38641,"[0.52174, 0.2, 0.4375]",414,0.17075,2.0845,0.54545,0.50779,"[0.61224, 0.44444, 0.46667]",208,COMPLETED,13.365
134,20260108_002650,gaitgl_GREW_TOP50.csv,50%,Preset_11,MLP,42,68,"[768, 512, 384, 256]",mean,L2,80,4,768,leakyrelu,0.45,Adam,,0.0002,0.0,True,0.75,"[2, 4]","[1, 3]",[0.68794326 2.1920904  0.91725768],0.02,1.0,0.10884,2.33345,0.52273,0.38975,"[0.55814, 0.0, 0.61111]",398,0.1119,2.28996,0.54545,0.46172,"[0.57143, 0.16667, 0.64706]",353,COMPLETED,12.805
135,20260108_002650,gaitgl_OUMVLP_TOP50.csv,50%,Preset_11,MLP,42,42,"[768, 512, 384, 256]",mean,L2,80,4,768,leakyrelu,0.45,Adam,,0.0002,0.0,True,0.75,"[2, 4]","[1, 3]",[0.68794326 2.1920904  0.91725768],0.02,1.0,0.14784,2.67306,0.38636,0.36161,"[0.45455, 0.30769, 0.32258]",1160,0.5523,1.53853,0.5,0.47436,"[0.48649, 0.4, 0.53659]",267,STOPPED,36.7
136,20260108_002650,gaitgl_TOP50.csv,50%,Preset_11,MLP,42,35,"[768, 512, 384, 256]",mean,L2,80,4,768,leakyrelu,0.45,Adam,,0.0002,0.0,True,0.75,"[2, 4]","[1, 3]",[0.68794326 2.1920904  0.91725768],0.02,1.0,0.10569,2.5786,0.43182,0.31759,"[0.57778, 0.0, 0.375]",452,0.14433,2.42466,0.52273,0.43838,"[0.61905, 0.16667, 0.52941]",346,COMPLETED,14.409
137,20260108_002650,gaitpart_GREW_TOP50.csv,50%,Preset_11,MLP,42,49,"[768, 512, 384, 256]",mean,L2,80,4,768,leakyrelu,0.45,Adam,,0.0002,0.0,True,0.75,"[2, 4]","[1, 3]",[0.68794326 2.1920904  0.91725768],0.02,1.0,0.10229,1.47771,0.65909,0.63674,"[0.7234, 0.61538, 0.57143]",568,0.2054,1.29141,0.72727,0.71789,"[0.77273, 0.71429, 0.66667]",276,COMPLETED,18.283
138,20260108_002650,gaitpart_OUMVLP_TOP50.csv,50%,Preset_11,MLP,42,40,"[768, 512, 384, 256]",mean,L2,80,4,768,leakyrelu,0.45,Adam,,0.0002,0.0,True,0.75,"[2, 4]","[1, 3]",[0.68794326 2.1920904  0.91725768],0.02,1.0,0.13055,2.43921,0.52273,0.48047,"[0.57778, 0.36364, 0.5]",1203,0.7395,1.29768,0.59091,0.57898,"[0.58824, 0.53333, 0.61538]",221,STOPPED,37.971
139,20260108_002650,gaitset_GREW_TOP50.csv,50%,Preset_11,MLP,42,53,"[768, 512, 384, 256]",mean,L2,80,4,768,leakyrelu,0.45,Adam,,0.0002,0.0,True,0.75,"[2, 4]","[1, 3]",[0.68794326 2.1920904  0.91725768],0.02,1.0,0.11921,2.06828,0.54545,0.36277,"[0.7037, 0.0, 0.38462]",393,0.17177,2.38078,0.56818,0.4836,"[0.75556, 0.26667, 0.42857]",253,COMPLETED,12.748
140,20260108_002650,gaitset_OUMVLP_TOP50.csv,50%,Preset_11,MLP,42,40,"[768, 512, 384, 256]",mean,L2,80,4,768,leakyrelu,0.45,Adam,,0.0002,0.0,True,0.75,"[2, 4]","[1, 3]",[0.68794326 2.1920904  0.91725768],0.02,1.0,0.1421,2.22143,0.52273,0.37037,"[0.66667, 0.0, 0.44444]",723,0.43102,1.8646,0.54545,0.46081,"[0.6, 0.15385, 0.62857]",268,STOPPED,22.917
141,20260108_002650,gaitset_TOP50.csv,50%,Preset_11,MLP,42,24,"[768, 512, 384, 256]",mean,L2,80,4,768,leakyrelu,0.45,Adam,,0.0002,0.0,True,0.75,"[2, 4]","[1, 3]",[0.68794326 2.1920904  0.91725768],0.02,1.0,0.11445,2.54886,0.47727,0.35829,"[0.54545, 0.0, 0.52941]",700,0.12626,2.31409,0.52273,0.44156,"[0.57143, 0.18182, 0.57143]",627,COMPLETED,22.388
142,20260108_002650,gln_phase1_TOP50.csv,50%,Preset_11,MLP,42,34,"[768, 512, 384, 256]",mean,L2,80,4,768,leakyrelu,0.45,Adam,,0.0002,0.0,True,0.75,"[2, 4]","[1, 3]",[0.68794326 2.1920904  0.91725768],0.02,1.0,0.11202,1.97031,0.54545,0.51053,"[0.63636, 0.42857, 0.46667]",532,0.41073,1.54386,0.63636,0.62639,"[0.7027, 0.58824, 0.58824]",142,COMPLETED,17.026
143,20260108_002650,gln_phase2_TOP50.csv,50%,Preset_11,MLP,42,38,"[768, 512, 384, 256]",mean,L2,80,4,768,leakyrelu,0.45,Adam,,0.0002,0.0,True,0.75,"[2, 4]","[1, 3]",[0.68794326 2.1920904  0.91725768],0.02,1.0,0.10573,1.98306,0.56818,0.4772,"[0.65217, 0.25, 0.52941]",558,0.24753,1.82666,0.59091,0.49603,"[0.66667, 0.25, 0.57143]",256,COMPLETED,17.805

144,20260108_002650,baseline_CASIAB_TOP50.csv,50%,Preset_12,MLP,42,32,"[1280, 960, 640, 320, 160]",max,L2,96,5,1280,gelu,0.3,Adam,,0.0001,1e-07,True,0.7,"[1, 2, 4]","[3, 4]",[0.68794326 2.1920904  0.91725768],0.02,1.0,0.10935,2.05467,0.54545,0.44694,"[0.64151, 0.15385, 0.54545]",325,0.32551,1.47564,0.63636,0.57534,"[0.68085, 0.4, 0.64516]",155,COMPLETED,12.267
145,20260108_002650,baseline_OUMVLP_TOP50.csv,50%,Preset_12,MLP,42,33,"[1280, 960, 640, 320, 160]",max,L2,96,5,1280,gelu,0.3,Adam,,0.0001,1e-07,True,0.7,"[1, 2, 4]","[3, 4]",[0.68794326 2.1920904  0.91725768],0.02,1.0,0.11787,2.10757,0.5,0.3684,"[0.59091, 0.0, 0.51429]",406,0.16496,1.8046,0.56818,0.47475,"[0.63636, 0.18182, 0.60606]",286,COMPLETED,15.081
146,20260108_002650,gaitgl_GREW_BNNeck_TOP50.csv,50%,Preset_12,MLP,42,50,"[1280, 960, 640, 320, 160]",max,L2,96,5,1280,gelu,0.3,Adam,,0.0001,1e-07,True,0.7,"[1, 2, 4]","[3, 4]",[0.68794326 2.1920904  0.91725768],0.02,1.0,0.11574,2.92875,0.27273,0.22083,"[0.3125, 0.0, 0.35]",180,0.1089,2.2385,0.52273,0.42282,"[0.65306, 0.15385, 0.46154]",176,COMPLETED,6.853
147,20260108_002650,gaitgl_GREW_TOP50.csv,50%,Preset_12,MLP,42,71,"[1280, 960, 640, 320, 160]",max,L2,96,5,1280,gelu,0.3,Adam,,0.0001,1e-07,True,0.7,"[1, 2, 4]","[3, 4]",[0.68794326 2.1920904  0.91725768],0.02,1.0,0.11882,2.11333,0.45455,0.41144,"[0.53061, 0.33333, 0.37037]",136,0.37048,1.22601,0.54545,0.5134,"[0.59574, 0.44444, 0.5]",92,COMPLETED,5.22
148,20260108_002650,gaitgl_OUMVLP_TOP50.csv,50%,Preset_12,MLP,42,27,"[1280, 960, 640, 320, 160]",max,L2,96,5,1280,gelu,0.3,Adam,,0.0001,1e-07,True,0.7,"[1, 2, 4]","[3, 4]",[0.68794326 2.1920904  0.91725768],0.02,1.0,0.11603,2.50537,0.45455,0.34638,"[0.52632, 0.0, 0.51282]",731,0.13882,2.18245,0.54545,0.49079,"[0.59459, 0.26667, 0.61111]",641,COMPLETED,27.202
149,20260108_002650,gaitgl_TOP50.csv,50%,Preset_12,MLP,42,47,"[1280, 960, 640, 320, 160]",max,L2,96,5,1280,gelu,0.3,Adam,,0.0001,1e-07,True,0.7,"[1, 2, 4]","[3, 4]",[0.68794326 2.1920904  0.91725768],0.02,1.0,0.10744,2.3529,0.34091,0.27967,"[0.47826, 0.15385, 0.2069]",160,0.60614,1.32469,0.47727,0.42582,"[0.60465, 0.28571, 0.3871]",74,COMPLETED,6.006
150,20260108_002650,gaitpart_GREW_TOP50.csv,50%,Preset_12,MLP,42,46,"[1280, 960, 640, 320, 160]",max,L2,96,5,1280,gelu,0.3,Adam,,0.0001,1e-07,True,0.7,"[1, 2, 4]","[3, 4]",[0.68794326 2.1920904  0.91725768],0.02,1.0,0.11134,2.10707,0.54545,0.54734,"[0.6, 0.57143, 0.47059]",283,0.12182,2.08241,0.61364,0.5924,"[0.69388, 0.66667, 0.41667]",255,COMPLETED,10.706
151,20260108_002650,gaitpart_OUMVLP_TOP50.csv,50%,Preset_12,MLP,42,30,"[1280, 960, 640, 320, 160]",max,L2,96,5,1280,gelu,0.3,Adam,,0.0001,1e-07,True,0.7,"[1, 2, 4]","[3, 4]",[0.68794326 2.1920904  0.91725768],0.02,1.0,0.11034,2.47777,0.40909,0.34808,"[0.52381, 0.13333, 0.3871]",872,0.53423,1.50159,0.47727,0.44016,"[0.52632, 0.30769, 0.48649]",515,COMPLETED,32.312
152,20260108_002650,gaitset_GREW_TOP50.csv,50%,Preset_12,MLP,42,51,"[1280, 960, 640, 320, 160]",max,L2,96,5,1280,gelu,0.3,Adam,,0.0001,1e-07,True,0.7,"[1, 2, 4]","[3, 4]",[0.68794326 2.1920904  0.91725768],0.02,1.0,0.10738,1.96135,0.56818,0.51462,"[0.63158, 0.33333, 0.57895]",348,0.25098,1.37444,0.70455,0.62337,"[0.78261, 0.4, 0.6875]",247,COMPLETED,13.189
153,20260108_002650,gaitset_OUMVLP_TOP50.csv,50%,Preset_12,MLP,42,31,"[1280, 960, 640, 320, 160]",max,L2,96,5,1280,gelu,0.3,Adam,,0.0001,1e-07,True,0.7,"[1, 2, 4]","[3, 4]",[0.68794326 2.1920904  0.91725768],0.02,1.0,0.11405,2.24764,0.45455,0.3801,"[0.55319, 0.2, 0.3871]",1057,0.14576,1.98372,0.61364,0.61026,"[0.61538, 0.6, 0.61538]",877,COMPLETED,39.214
154,20260108_002650,gaitset_TOP50.csv,50%,Preset_12,MLP,42,31,"[1280, 960, 640, 320, 160]",max,L2,96,5,1280,gelu,0.3,Adam,,0.0001,1e-07,True,0.7,"[1, 2, 4]","[3, 4]",[0.68794326 2.1920904  0.91725768],0.02,1.0,0.10805,1.96328,0.54545,0.51266,"[0.60465, 0.4, 0.53333]",293,0.11657,1.71225,0.59091,0.57453,"[0.65217, 0.57143, 0.5]",265,COMPLETED,11.132
155,20260108_002650,gln_phase1_TOP50.csv,50%,Preset_12,MLP,42,32,"[1280, 960, 640, 320, 160]",max,L2,96,5,1280,gelu,0.3,Adam,,0.0001,1e-07,True,0.7,"[1, 2, 4]","[3, 4]",[0.68794326 2.1920904  0.91725768],0.02,1.0,0.11368,1.94994,0.43182,0.34127,"[0.52381, 0.0, 0.5]",322,0.16861,1.97896,0.56818,0.51477,"[0.60465, 0.25, 0.68966]",256,COMPLETED,12.193
156,20260108_002650,gln_phase2_TOP50.csv,50%,Preset_12,MLP,42,30,"[1280, 960, 640, 320, 160]",max,L2,96,5,1280,gelu,0.3,Adam,,0.0001,1e-07,True,0.7,"[1, 2, 4]","[3, 4]",[0.68794326 2.1920904  0.91725768],0.02,1.0,0.11384,2.31727,0.40909,0.35604,"[0.4, 0.15385, 0.51429]",405,0.54388,1.34666,0.54545,0.51933,"[0.52941, 0.42857, 0.6]",177,COMPLETED,15.465

157,20260108_002650,baseline_CASIAB_TOP50.csv,50%,Preset_13,MLP,42,256,"[1152, 1152, 1152]",mean,L2,128,3,1152,silu,0.5,AdamW,,0.0002,5e-06,False,,"[1, 2, 3]","[2, 3]",[0.68794326 2.1920904  0.91725768],0.02,1.0,0.11441,2.11958,0.52273,0.37425,"[0.64, 0.0, 0.48276]",79,0.19632,2.27874,0.52273,0.46358,"[0.62222, 0.25, 0.51852]",71,COMPLETED,2.66
158,20260108_002650,baseline_OUMVLP_TOP50.csv,50%,Preset_13,MLP,42,256,"[1152, 1152, 1152]",mean,L2,128,3,1152,silu,0.5,AdamW,,0.0002,5e-06,False,,"[1, 2, 3]","[2, 3]",[0.68794326 2.1920904  0.91725768],0.02,1.0,0.11565,1.85083,0.56818,0.4733,"[0.57143, 0.18182, 0.66667]",126,0.39273,1.50661,0.56818,0.51029,"[0.61905, 0.26667, 0.64516]",52,COMPLETED,4.058
159,20260108_002650,gaitgl_GREW_BNNeck_TOP50.csv,50%,Preset_13,MLP,42,256,"[1152, 1152, 1152]",mean,L2,128,3,1152,silu,0.5,AdamW,,0.0002,5e-06,False,,"[1, 2, 3]","[2, 3]",[0.68794326 2.1920904  0.91725768],0.02,1.0,0.11869,2.5533,0.34091,0.27778,"[0.38889, 0.0, 0.44444]",57,0.15394,2.44922,0.47727,0.43333,"[0.53333, 0.26667, 0.5]",42,COMPLETED,1.8
160,20260108_002650,gaitgl_GREW_TOP50.csv,50%,Preset_13,MLP,42,256,"[1152, 1152, 1152]",mean,L2,128,3,1152,silu,0.5,AdamW,,0.0002,5e-06,False,,"[1, 2, 3]","[2, 3]",[0.68794326 2.1920904  0.91725768],0.02,1.0,0.11163,2.17785,0.36364,0.34722,"[0.45, 0.31579, 0.27586]",107,0.13595,2.42483,0.54545,0.50675,"[0.6383, 0.44444, 0.4375]",80,COMPLETED,3.284
161,20260108_002650,gaitgl_OUMVLP_TOP50.csv,50%,Preset_13,MLP,42,256,"[1152, 1152, 1152]",mean,L2,128,3,1152,silu,0.5,AdamW,,0.0002,5e-06,False,,"[1, 2, 3]","[2, 3]",[0.68794326 2.1920904  0.91725768],0.02,1.0,0.11111,2.17452,0.47727,0.40404,"[0.54545, 0.16667, 0.5]",360,0.11957,2.47175,0.54545,0.52083,"[0.57143, 0.42857, 0.5625]",318,COMPLETED,10.756
162,20260108_002650,gaitgl_TOP50.csv,50%,Preset_13,MLP,42,128,"[1152, 1152, 1152]",mean,L2,128,3,1152,silu,0.5,AdamW,,0.0002,5e-06,False,,"[1, 2, 3]","[2, 3]",[0.68794326 2.1920904  0.91725768],0.02,1.0,0.11524,2.47459,0.54545,0.45842,"[0.65, 0.15385, 0.57143]",70,0.17367,2.39633,0.56818,0.51481,"[0.6, 0.33333, 0.61111]",41,COMPLETED,2.137
163,20260108_002650,gaitpart_GREW_TOP50.csv,50%,Preset_13,MLP,42,256,"[1152, 1152, 1152]",mean,L2,128,3,1152,silu,0.5,AdamW,,0.0002,5e-06,False,,"[1, 2, 3]","[2, 3]",[0.68794326 2.1920904  0.91725768],0.02,1.0,0.11033,2.22767,0.52273,0.43985,"[0.69388, 0.35294, 0.27273]",111,0.22122,1.99753,0.65909,0.63998,"[0.73171, 0.58824, 0.6]",88,COMPLETED,3.322
164,20260108_002650,gaitpart_OUMVLP_TOP50.csv,50%,Preset_13,MLP,42,256,"[1152, 1152, 1152]",mean,L2,128,3,1152,silu,0.5,AdamW,,0.0002,5e-06,False,,"[1, 2, 3]","[2, 3]",[0.68794326 2.1920904  0.91725768],0.02,1.0,0.1095,2.38062,0.5,0.46605,"[0.61538, 0.3, 0.48276]",432,0.152,1.93622,0.59091,0.56337,"[0.6, 0.46154, 0.62857]",322,COMPLETED,12.718
165,20260108_002650,gaitset_GREW_TOP50.csv,50%,Preset_13,MLP,42,256,"[1152, 1152, 1152]",mean,L2,128,3,1152,silu,0.5,AdamW,,0.0002,5e-06,False,,"[1, 2, 3]","[2, 3]",[0.68794326 2.1920904  0.91725768],0.02,1.0,0.11777,1.972,0.5,0.40754,"[0.61224, 0.18182, 0.42857]",100,0.16027,2.16724,0.59091,0.54912,"[0.71795, 0.4, 0.52941]",80,COMPLETED,3.102
166,20260108_002650,gaitset_OUMVLP_TOP50.csv,50%,Preset_13,MLP,42,256,"[1152, 1152, 1152]",mean,L2,128,3,1152,silu,0.5,AdamW,,0.0002,5e-06,False,,"[1, 2, 3]","[2, 3]",[0.68794326 2.1920904  0.91725768],0.02,1.0,0.10791,2.18517,0.43182,0.3233,"[0.55814, 0.0, 0.41176]",249,0.15591,2.97903,0.43182,0.42148,"[0.5, 0.32, 0.44444]",212,COMPLETED,7.443
167,20260108_002650,gaitset_TOP50.csv,50%,Preset_13,MLP,42,256,"[1152, 1152, 1152]",mean,L2,128,3,1152,silu,0.5,AdamW,,0.0002,5e-06,False,,"[1, 2, 3]","[2, 3]",[0.68794326 2.1920904  0.91725768],0.02,1.0,0.11148,2.49199,0.43182,0.42281,"[0.47368, 0.38095, 0.41379]",77,0.13829,2.68803,0.45455,0.43347,"[0.51163, 0.375, 0.41379]",55,COMPLETED,2.365
168,20260108_002650,gln_phase1_TOP50.csv,50%,Preset_13,MLP,42,256,"[1152, 1152, 1152]",mean,L2,128,3,1152,silu,0.5,AdamW,,0.0002,5e-06,False,,"[1, 2, 3]","[2, 3]",[0.68794326 2.1920904  0.91725768],0.02,1.0,0.11392,1.78195,0.5,0.42088,"[0.57778, 0.2, 0.48485]",81,0.14077,2.23282,0.56818,0.5066,"[0.54545, 0.30769, 0.66667]",71,COMPLETED,2.457
169,20260108_002650,gln_phase2_TOP50.csv,50%,Preset_13,MLP,42,256,"[1152, 1152, 1152]",mean,L2,128,3,1152,silu,0.5,AdamW,,0.0002,5e-06,False,,"[1, 2, 3]","[2, 3]",[0.68794326 2.1920904  0.91725768],0.02,1.0,0.11027,1.85473,0.5,0.39795,"[0.64, 0.15385, 0.4]",87,0.12405,1.97233,0.54545,0.45115,"[0.6383, 0.18182, 0.53333]",70,COMPLETED,2.678

170,20260108_002650,baseline_CASIAB_TOP50.csv,50%,Preset_14,MLP,42,256,"[160, 320, 640]",mean,L2,128,3,640,relu,0.2,AdamW,,0.0002,1e-07,False,,[2],"[1, 2]",[0.68794326 2.1920904  0.91725768],0.02,1.0,0.111,1.91888,0.52273,0.43056,"[0.625, 0.16667, 0.5]",370,0.12656,1.92525,0.59091,0.48187,"[0.69388, 0.2, 0.55172]",285,COMPLETED,9.152
171,20260108_002650,baseline_OUMVLP_TOP50.csv,50%,Preset_14,MLP,42,256,"[160, 320, 640]",mean,L2,128,3,640,relu,0.2,AdamW,,0.0002,1e-07,False,,[2],"[1, 2]",[0.68794326 2.1920904  0.91725768],0.02,1.0,0.11907,1.43955,0.45455,0.41564,"[0.51163, 0.23529, 0.5]",577,0.14977,1.45703,0.56818,0.51443,"[0.59091, 0.28571, 0.66667]",481,COMPLETED,14.401
172,20260108_002650,gaitgl_GREW_BNNeck_TOP50.csv,50%,Preset_14,MLP,42,256,"[160, 320, 640]",mean,L2,128,3,640,relu,0.2,AdamW,,0.0002,1e-07,False,,[2],"[1, 2]",[0.68794326 2.1920904  0.91725768],0.02,1.0,0.11168,1.79772,0.5,0.37441,"[0.57778, 0.0, 0.54545]",232,0.14447,2.15134,0.52273,0.44211,"[0.57143, 0.16667, 0.58824]",135,COMPLETED,5.905
173,20260108_002650,gaitgl_GREW_TOP50.csv,50%,Preset_14,MLP,42,256,"[160, 320, 640]",mean,L2,128,3,640,relu,0.2,AdamW,,0.0002,1e-07,False,,[2],"[1, 2]",[0.68794326 2.1920904  0.91725768],0.02,1.0,0.11191,1.81467,0.43182,0.40386,"[0.47826, 0.33333, 0.4]",497,0.22963,1.88455,0.56818,0.5114,"[0.61538, 0.30769, 0.61111]",203,COMPLETED,12.495
174,20260108_002650,gaitgl_OUMVLP_TOP50.csv,50%,Preset_14,MLP,42,256,"[160, 320, 640]",mean,L2,128,3,640,relu,0.2,AdamW,,0.0002,1e-07,False,,[2],"[1, 2]",[0.68794326 2.1920904  0.91725768],0.02,1.0,0.14295,2.41647,0.45455,0.41894,"[0.51163, 0.30769, 0.4375]",1215,0.1468,2.5032,0.54545,0.52083,"[0.57143, 0.42857, 0.5625]",1097,STOPPED,30.392
175,20260108_002650,gaitgl_TOP50.csv,50%,Preset_14,MLP,42,128,"[160, 320, 640]",mean,L2,128,3,640,relu,0.2,AdamW,,0.0002,1e-07,False,,[2],"[1, 2]",[0.68794326 2.1920904  0.91725768],0.02,1.0,0.11784,2.10129,0.36364,0.2658,"[0.45455, 0.0, 0.34286]",305,0.22714,2.03115,0.5,0.47162,"[0.58333, 0.44444, 0.3871]",112,COMPLETED,7.58
176,20260108_002650,gaitpart_GREW_TOP50.csv,50%,Preset_14,MLP,42,256,"[160, 320, 640]",mean,L2,128,3,640,relu,0.2,AdamW,,0.0002,1e-07,False,,[2],"[1, 2]",[0.68794326 2.1920904  0.91725768],0.02,1.0,0.11878,2.08962,0.45455,0.38858,"[0.59574, 0.25, 0.32]",510,0.36704,1.68418,0.59091,0.52795,"[0.65116, 0.30769, 0.625]",159,COMPLETED,12.55
177,20260108_002650,gaitpart_OUMVLP_TOP50.csv,50%,Preset_14,MLP,42,256,"[160, 320, 640]",mean,L2,128,3,640,relu,0.2,AdamW,,0.0002,1e-07,False,,[2],"[1, 2]",[0.68794326 2.1920904  0.91725768],0.02,1.0,0.18249,1.65522,0.52273,0.44373,"[0.53659, 0.2, 0.59459]",1439,0.15059,1.61173,0.61364,0.5969,"[0.63415, 0.54545, 0.61111]",1328,STOPPED,35.719
178,20260108_002650,gaitset_GREW_TOP50.csv,50%,Preset_14,MLP,42,256,"[160, 320, 640]",mean,L2,128,3,640,relu,0.2,AdamW,,0.0002,1e-07,False,,[2],"[1, 2]",[0.68794326 2.1920904  0.91725768],0.02,1.0,0.11887,1.90363,0.52273,0.43782,"[0.7, 0.14286, 0.47059]",358,0.13648,2.08926,0.59091,0.51587,"[0.7619, 0.28571, 0.5]",310,COMPLETED,8.99
179,20260108_002650,gaitset_OUMVLP_TOP50.csv,50%,Preset_14,MLP,42,256,"[160, 320, 640]",mean,L2,128,3,640,relu,0.2,AdamW,,0.0002,1e-07,False,,[2],"[1, 2]",[0.68794326 2.1920904  0.91725768],0.02,1.0,0.11634,2.1681,0.43182,0.29722,"[0.625, 0.0, 0.26667]",1269,0.12087,1.98369,0.5,0.43849,"[0.625, 0.33333, 0.35714]",1202,COMPLETED,31.37
180,20260108_002650,gaitset_TOP50.csv,50%,Preset_14,MLP,42,256,"[160, 320, 640]",mean,L2,128,3,640,relu,0.2,AdamW,,0.0002,1e-07,False,,[2],"[1, 2]",[0.68794326 2.1920904  0.91725768],0.02,1.0,0.1195,2.28191,0.40909,0.3102,"[0.53061, 0.0, 0.4]",333,0.28315,2.16401,0.47727,0.4037,"[0.57778, 0.13333, 0.5]",117,COMPLETED,8.177
181,20260108_002650,gln_phase1_TOP50.csv,50%,Preset_14,MLP,42,256,"[160, 320, 640]",mean,L2,128,3,640,relu,0.2,AdamW,,0.0002,1e-07,False,,[2],"[1, 2]",[0.68794326 2.1920904  0.91725768],0.02,1.0,0.11013,1.6542,0.52273,0.43056,"[0.625, 0.2, 0.46667]",338,0.51026,1.19607,0.52273,0.51412,"[0.52632, 0.47059, 0.54545]",69,COMPLETED,8.446
182,20260108_002650,gln_phase2_TOP50.csv,50%,Preset_14,MLP,42,256,"[160, 320, 640]",mean,L2,128,3,640,relu,0.2,AdamW,,0.0002,1e-07,False,,[2],"[1, 2]",[0.68794326 2.1920904  0.91725768],0.02,1.0,0.11845,1.87247,0.45455,0.38384,"[0.54545, 0.18182, 0.42424]",337,0.183,2.12945,0.54545,0.46211,"[0.6, 0.22222, 0.5641]",162,COMPLETED,8.437

183,20260108_002650,baseline_CASIAB_TOP50.csv,50%,Preset_15,MLP,42,41,"[576, 384, 192]",mean,minmax,96,3,576,elu,0.5,RMSprop,,0.0002,5e-05,True,0.8,[2],"[1, 3]",[0.68794326 2.1920904  0.91725768],0.02,1.0,0.11973,1.63736,0.5,0.45391,"[0.59091, 0.33333, 0.4375]",856,0.54118,1.4184,0.61364,0.54701,"[0.66667, 0.30769, 0.66667]",110,COMPLETED,24.508
184,20260108_002650,baseline_OUMVLP_TOP50.csv,50%,Preset_15,MLP,42,41,"[576, 384, 192]",mean,minmax,96,3,576,elu,0.5,RMSprop,,0.0002,5e-05,True,0.8,[2],"[1, 3]",[0.68794326 2.1920904  0.91725768],0.02,1.0,0.11804,1.36953,0.61364,0.614,"[0.51429, 0.625, 0.7027]",802,0.12106,1.30794,0.68182,0.70556,"[0.65, 0.8, 0.66667]",770,COMPLETED,23.362
185,20260108_002650,gaitgl_GREW_BNNeck_TOP50.csv,50%,Preset_15,MLP,42,58,"[576, 384, 192]",mean,minmax,96,3,576,elu,0.5,RMSprop,,0.0002,5e-05,True,0.8,[2],"[1, 3]",[0.68794326 2.1920904  0.91725768],0.02,1.0,0.119,2.20296,0.43182,0.3148,"[0.53061, 0.0, 0.41379]",563,0.45661,1.54739,0.47727,0.4289,"[0.56522, 0.30769, 0.41379]",126,COMPLETED,16.107
186,20260108_002650,gaitgl_GREW_TOP50.csv,50%,Preset_15,MLP,42,74,"[576, 384, 192]",mean,minmax,96,3,576,elu,0.5,RMSprop,,0.0002,5e-05,True,0.8,[2],"[1, 3]",[0.68794326 2.1920904  0.91725768],0.02,1.0,0.11541,2.03367,0.45455,0.41273,"[0.53659, 0.25, 0.45161]",474,0.37955,1.67125,0.54545,0.52206,"[0.60465, 0.46154, 0.5]",118,COMPLETED,13.684
187,20260108_002650,gaitgl_OUMVLP_TOP50.csv,50%,Preset_15,MLP,42,47,"[576, 384, 192]",mean,minmax,96,3,576,elu,0.5,RMSprop,,0.0002,5e-05,True,0.8,[2],"[1, 3]",[0.68794326 2.1920904  0.91725768],0.02,1.0,0.11931,1.93618,0.54545,0.51515,"[0.6, 0.4, 0.54545]",925,0.12665,2.03137,0.56818,0.53846,"[0.61538, 0.42857, 0.57143]",729,STOPPED,26.496
188,20260108_002650,gaitgl_TOP50.csv,50%,Preset_15,MLP,42,40,"[576, 384, 192]",mean,minmax,96,3,576,elu,0.5,RMSprop,,0.0002,5e-05,True,0.8,[2],"[1, 3]",[0.68794326 2.1920904  0.91725768],0.02,1.0,0.1166,2.52041,0.34091,0.28973,"[0.44444, 0.16667, 0.25806]",905,0.61124,1.29021,0.45455,0.41894,"[0.51163, 0.30769, 0.4375]",113,STOPPED,25.794
189,20260108_002650,gaitpart_GREW_TOP50.csv,50%,Preset_15,MLP,42,61,"[576, 384, 192]",mean,minmax,96,3,576,elu,0.5,RMSprop,,0.0002,5e-05,True,0.8,[2],"[1, 3]",[0.68794326 2.1920904  0.91725768],0.02,1.0,0.11975,1.30199,0.61364,0.56845,"[0.71429, 0.42857, 0.5625]",473,0.14311,1.53235,0.68182,0.65639,"[0.77273, 0.625, 0.57143]",234,COMPLETED,13.645
190,20260108_002650,gaitpart_OUMVLP_TOP50.csv,50%,Preset_15,MLP,42,48,"[576, 384, 192]",mean,minmax,96,3,576,elu,0.5,RMSprop,,0.0002,5e-05,True,0.8,[2],"[1, 3]",[0.68794326 2.1920904  0.91725768],0.02,1.0,0.12264,1.82831,0.45455,0.38499,"[0.54545, 0.14286, 0.46667]",555,0.26516,1.53167,0.61364,0.55109,"[0.61538, 0.25, 0.78788]",157,STOPPED,15.994
191,20260108_002650,gaitset_GREW_TOP50.csv,50%,Preset_15,MLP,42,65,"[576, 384, 192]",mean,minmax,96,3,576,elu,0.5,RMSprop,,0.0002,5e-05,True,0.8,[2],"[1, 3]",[0.68794326 2.1920904  0.91725768],0.02,1.0,0.11698,1.85955,0.45455,0.35638,"[0.72727, 0.11111, 0.23077]",448,0.45169,1.66715,0.52273,0.46393,"[0.71795, 0.22222, 0.45161]",88,COMPLETED,12.77
192,20260108_002650,gaitset_OUMVLP_TOP50.csv,50%,Preset_15,MLP,42,52,"[576, 384, 192]",mean,minmax,96,3,576,elu,0.5,RMSprop,,0.0002,5e-05,True,0.8,[2],"[1, 3]",[0.68794326 2.1920904  0.91725768],0.02,1.0,0.11883,1.87854,0.47727,0.36906,"[0.68293, 0.0, 0.42424]",597,0.37991,1.613,0.54545,0.48372,"[0.65116, 0.26667, 0.53333]",132,COMPLETED,17.086
193,20260108_002650,gaitset_TOP50.csv,50%,Preset_15,MLP,42,34,"[576, 384, 192]",mean,minmax,96,3,576,elu,0.5,RMSprop,,0.0002,5e-05,True,0.8,[2],"[1, 3]",[0.68794326 2.1920904  0.91725768],0.02,1.0,0.12627,2.36955,0.5,0.48606,"[0.57895, 0.43478, 0.44444]",947,0.12909,2.35966,0.54545,0.53362,"[0.59459, 0.45455, 0.55172]",840,STOPPED,27.523
194,20260108_002650,gln_phase1_TOP50.csv,50%,Preset_15,MLP,42,47,"[576, 384, 192]",mean,minmax,96,3,576,elu,0.5,RMSprop,,0.0002,5e-05,True,0.8,[2],"[1, 3]",[0.68794326 2.1920904  0.91725768],0.02,1.0,0.11846,1.94021,0.47727,0.44547,"[0.61905, 0.42105, 0.2963]",678,0.14305,1.83693,0.61364,0.57854,"[0.73171, 0.47059, 0.53333]",463,COMPLETED,19.521
195,20260108_002650,gln_phase2_TOP50.csv,50%,Preset_15,MLP,42,51,"[576, 384, 192]",mean,minmax,96,3,576,elu,0.5,RMSprop,,0.0002,5e-05,True,0.8,[2],"[1, 3]",[0.68794326 2.1920904  0.91725768],0.02,1.0,0.11863,2.02768,0.43182,0.37485,"[0.41026, 0.14286, 0.57143]",616,0.66991,1.1857,0.52273,0.51005,"[0.45714, 0.44444, 0.62857]",59,COMPLETED,17.664

196,20260108_002650,baseline_CASIAB_TOP50.csv,50%,Preset_16,MLP,42,256,"[1408, 1024, 768, 512]",mean,L2,128,4,1408,silu,0.45,AdamW,,0.0002,5e-06,False,,"[1, 2, 3, 4]","[2, 3, 4]",[0.68794326 2.1920904  0.91725768],0.02,1.0,0.10681,2.4938,0.5,0.42381,"[0.57143, 0.2, 0.5]",82,0.16143,2.42707,0.56818,0.47133,"[0.66667, 0.16667, 0.58065]",58,COMPLETED,2.869
197,20260108_002650,baseline_OUMVLP_TOP50.csv,50%,Preset_16,MLP,42,256,"[1408, 1024, 768, 512]",mean,L2,128,4,1408,silu,0.45,AdamW,,0.0002,5e-06,False,,"[1, 2, 3, 4]","[2, 3, 4]",[0.68794326 2.1920904  0.91725768],0.02,1.0,0.10952,1.70945,0.54545,0.3956,"[0.57143, 0.0, 0.61538]",117,0.11317,1.9858,0.59091,0.49006,"[0.69565, 0.15385, 0.62069]",110,COMPLETED,3.922
198,20260108_002650,gaitgl_GREW_BNNeck_TOP50.csv,50%,Preset_16,MLP,42,256,"[1408, 1024, 768, 512]",mean,L2,128,4,1408,silu,0.45,AdamW,,0.0002,5e-06,False,,"[1, 2, 3, 4]","[2, 3, 4]",[0.68794326 2.1920904  0.91725768],0.02,1.0,0.10628,2.13045,0.54545,0.45651,"[0.62222, 0.16667, 0.58065]",68,0.21437,1.92325,0.56818,0.47306,"[0.65306, 0.25, 0.51613]",41,COMPLETED,2.291
199,20260108_002650,gaitgl_GREW_TOP50.csv,50%,Preset_16,MLP,42,256,"[1408, 1024, 768, 512]",mean,L2,128,4,1408,silu,0.45,AdamW,,0.0002,5e-06,False,,"[1, 2, 3, 4]","[2, 3, 4]",[0.68794326 2.1920904  0.91725768],0.02,1.0,0.11078,2.15288,0.43182,0.31481,"[0.5, 0.0, 0.44444]",97,0.30562,1.82149,0.54545,0.4588,"[0.59459, 0.18182, 0.6]",73,COMPLETED,3.299
200,20260108_002650,gaitgl_OUMVLP_TOP50.csv,50%,Preset_16,MLP,42,256,"[1408, 1024, 768, 512]",mean,L2,128,4,1408,silu,0.45,AdamW,,0.0002,5e-06,False,,"[1, 2, 3, 4]","[2, 3, 4]",[0.68794326 2.1920904  0.91725768],0.02,1.0,0.11297,2.76232,0.38636,0.36094,"[0.51282, 0.32, 0.25]",384,0.31799,1.94201,0.56818,0.47672,"[0.61905, 0.2, 0.61111]",289,COMPLETED,12.693
201,20260108_002650,gaitgl_TOP50.csv,50%,Preset_16,MLP,42,128,"[1408, 1024, 768, 512]",mean,L2,128,4,1408,silu,0.45,AdamW,,0.0002,5e-06,False,,"[1, 2, 3, 4]","[2, 3, 4]",[0.68794326 2.1920904  0.91725768],0.02,1.0,0.11139,2.36879,0.52273,0.42989,"[0.65217, 0.2, 0.4375]",69,0.14049,2.72105,0.56818,0.51739,"[0.65217, 0.4, 0.5]",52,COMPLETED,2.352
202,20260108_002650,gaitpart_GREW_TOP50.csv,50%,Preset_16,MLP,42,256,"[1408, 1024, 768, 512]",mean,L2,128,4,1408,silu,0.45,AdamW,,0.0002,5e-06,False,,"[1, 2, 3, 4]","[2, 3, 4]",[0.68794326 2.1920904  0.91725768],0.02,1.0,0.10556,2.13333,0.52273,0.4615,"[0.65116, 0.26667, 0.46667]",119,0.17815,2.12899,0.56818,0.53256,"[0.69767, 0.5, 0.4]",74,COMPLETED,4.008
203,20260108_002650,gaitpart_OUMVLP_TOP50.csv,50%,Preset_16,MLP,42,256,"[1408, 1024, 768, 512]",mean,L2,128,4,1408,silu,0.45,AdamW,,0.0002,5e-06,False,,"[1, 2, 3, 4]","[2, 3, 4]",[0.68794326 2.1920904  0.91725768],0.02,1.0,0.10784,2.19099,0.47727,0.41128,"[0.51163, 0.22222, 0.5]",496,0.71138,1.24864,0.59091,0.56268,"[0.61538, 0.46154, 0.61111]",163,COMPLETED,16.165
204,20260108_002650,gaitset_GREW_TOP50.csv,50%,Preset_16,MLP,42,256,"[1408, 1024, 768, 512]",mean,L2,128,4,1408,silu,0.45,AdamW,,0.0002,5e-06,False,,"[1, 2, 3, 4]","[2, 3, 4]",[0.68794326 2.1920904  0.91725768],0.02,1.0,0.11596,2.36267,0.5,0.37831,"[0.61111, 0.0, 0.52381]",81,0.14459,2.56308,0.54545,0.48176,"[0.65306, 0.36364, 0.42857]",65,COMPLETED,2.749
205,20260108_002650,gaitset_OUMVLP_TOP50.csv,50%,Preset_16,MLP,42,256,"[1408, 1024, 768, 512]",mean,L2,128,4,1408,silu,0.45,AdamW,,0.0002,5e-06,False,,"[1, 2, 3, 4]","[2, 3, 4]",[0.68794326 2.1920904  0.91725768],0.02,1.0,0.1149,2.22596,0.45455,0.31494,"[0.6, 0.0, 0.34483]",259,0.41504,2.49004,0.47727,0.40737,"[0.59459, 0.15385, 0.47368]",200,COMPLETED,8.588
206,20260108_002650,gaitset_TOP50.csv,50%,Preset_16,MLP,42,256,"[1408, 1024, 768, 512]",mean,L2,128,4,1408,silu,0.45,AdamW,,0.0002,5e-06,False,,"[1, 2, 3, 4]","[2, 3, 4]",[0.68794326 2.1920904  0.91725768],0.02,1.0,0.11202,2.86955,0.45455,0.34354,"[0.53061, 0.0, 0.5]",73,0.11148,2.73971,0.47727,0.35714,"[0.57143, 0.0, 0.5]",71,COMPLETED,2.453
207,20260108_002650,gln_phase1_TOP50.csv,50%,Preset_16,MLP,42,256,"[1408, 1024, 768, 512]",mean,L2,128,4,1408,silu,0.45,AdamW,,0.0002,5e-06,False,,"[1, 2, 3, 4]","[2, 3, 4]",[0.68794326 2.1920904  0.91725768],0.02,1.0,0.11456,2.32706,0.47727,0.46825,"[0.47619, 0.42857, 0.5]",74,0.59194,1.42628,0.56818,0.57335,"[0.5, 0.61538, 0.60465]",30,COMPLETED,2.438
208,20260108_002650,gln_phase2_TOP50.csv,50%,Preset_16,MLP,42,256,"[1408, 1024, 768, 512]",mean,L2,128,4,1408,silu,0.45,AdamW,,0.0002,5e-06,False,,"[1, 2, 3, 4]","[2, 3, 4]",[0.68794326 2.1920904  0.91725768],0.02,1.0,0.1099,2.12769,0.52273,0.44091,"[0.55556, 0.18182, 0.58537]",75,0.11298,1.85278,0.59091,0.48552,"[0.71111, 0.2, 0.54545]",67,COMPLETED,2.538

209,20260108_002650,baseline_CASIAB_TOP50.csv,50%,Preset_17,MLP,42,27,"[640, 384, 256]",max,,80,3,640,gelu,0.35,Adam,,0.0001,1e-06,True,0.75,[1],"[1, 2]",[0.68794326 2.1920904  0.91725768],0.02,1.0,0.12142,1.48155,0.5,0.42386,"[0.55319, 0.16667, 0.55172]",828,0.12441,1.49573,0.56818,0.51979,"[0.59574, 0.36364, 0.6]",702,STOPPED,24.097
210,20260108_002650,baseline_OUMVLP_TOP50.csv,50%,Preset_17,MLP,42,38,"[640, 384, 256]",max,,80,3,640,gelu,0.35,Adam,,0.0001,1e-06,True,0.75,[1],"[1, 2]",[0.68794326 2.1920904  0.91725768],0.02,1.0,0.11906,1.66654,0.5,0.35887,"[0.625, 0.0, 0.45161]",616,0.20094,1.66558,0.5,0.44776,"[0.59091, 0.28571, 0.46667]",198,COMPLETED,17.979
211,20260108_002650,gaitgl_GREW_BNNeck_TOP50.csv,50%,Preset_17,MLP,42,56,"[640, 384, 256]",max,,80,3,640,gelu,0.35,Adam,,0.0001,1e-06,True,0.75,[1],"[1, 2]",[0.68794326 2.1920904  0.91725768],0.02,1.0,0.11735,1.45932,0.52273,0.38611,"[0.625, 0.0, 0.53333]",474,0.15875,1.5893,0.56818,0.48653,"[0.69388, 0.28571, 0.48]",181,COMPLETED,13.904
212,20260108_002650,gaitgl_GREW_TOP50.csv,50%,Preset_17,MLP,42,79,"[640, 384, 256]",max,,80,3,640,gelu,0.35,Adam,,0.0001,1e-06,True,0.75,[1],"[1, 2]",[0.68794326 2.1920904  0.91725768],0.02,1.0,0.11767,1.63806,0.5,0.36622,"[0.55319, 0.0, 0.54545]",341,0.14995,1.79136,0.54545,0.5013,"[0.57778, 0.36364, 0.5625]",143,COMPLETED,10.08
213,20260108_002650,gaitgl_OUMVLP_TOP50.csv,50%,Preset_17,MLP,42,18,"[640, 384, 256]",max,,80,3,640,gelu,0.35,Adam,,0.0001,1e-06,True,0.75,[1],"[1, 2]",[0.68794326 2.1920904  0.91725768],0.02,1.0,0.12895,2.01596,0.36364,0.31582,"[0.4186, 0.15385, 0.375]",1132,0.67671,1.26287,0.45455,0.3782,"[0.57778, 0.18182, 0.375]",123,STOPPED,32.548
214,20260108_002650,gaitgl_TOP50.csv,50%,Preset_17,MLP,42,47,"[640, 384, 256]",max,,80,3,640,gelu,0.35,Adam,,0.0001,1e-06,True,0.75,[1],"[1, 2]",[0.68794326 2.1920904  0.91725768],0.02,1.0,0.11626,1.45869,0.38636,0.32919,"[0.53659, 0.11765, 0.33333]",519,0.35646,1.31197,0.47727,0.40598,"[0.5641, 0.15385, 0.5]",76,COMPLETED,14.987
215,20260108_002650,gaitpart_GREW_TOP50.csv,50%,Preset_17,MLP,42,55,"[640, 384, 256]",max,,80,3,640,gelu,0.35,Adam,,0.0001,1e-06,True,0.75,[1],"[1, 2]",[0.68794326 2.1920904  0.91725768],0.02,1.0,0.1168,1.77409,0.45455,0.33238,"[0.58333, 0.0, 0.41379]",431,0.41489,1.46322,0.5,0.42251,"[0.57143, 0.18182, 0.51429]",98,COMPLETED,12.587
216,20260108_002650,gaitpart_OUMVLP_TOP50.csv,50%,Preset_17,MLP,42,28,"[640, 384, 256]",max,,80,3,640,gelu,0.35,Adam,,0.0001,1e-06,True,0.75,[1],"[1, 2]",[0.68794326 2.1920904  0.91725768],0.02,1.0,0.11695,1.74566,0.45455,0.32952,"[0.56, 0.0, 0.42857]",777,0.6171,1.09494,0.52273,0.46291,"[0.63636, 0.28571, 0.46667]",78,COMPLETED,22.457
217,20260108_002650,gaitset_GREW_TOP50.csv,50%,Preset_17,MLP,42,47,"[640, 384, 256]",max,,80,3,640,gelu,0.35,Adam,,0.0001,1e-06,True,0.75,[1],"[1, 2]",[0.68794326 2.1920904  0.91725768],0.02,1.0,0.11845,1.63399,0.40909,0.3306,"[0.54167, 0.15385, 0.2963]",519,0.529,1.35604,0.47727,0.43384,"[0.55, 0.26667, 0.48485]",84,COMPLETED,14.988
218,20260108_002650,gaitset_OUMVLP_TOP50.csv,50%,Preset_17,MLP,42,25,"[640, 384, 256]",max,,80,3,640,gelu,0.35,Adam,,0.0001,1e-06,True,0.75,[1],"[1, 2]",[0.68794326 2.1920904  0.91725768],0.02,1.0,0.12131,1.90456,0.45455,0.33894,"[0.56522, 0.0, 0.45161]",887,0.29017,1.69924,0.52273,0.39683,"[0.61905, 0.0, 0.57143]",207,STOPPED,25.523
219,20260108_002650,gaitset_TOP50.csv,50%,Preset_17,MLP,42,32,"[640, 384, 256]",max,,80,3,640,gelu,0.35,Adam,,0.0001,1e-06,True,0.75,[1],"[1, 2]",[0.68794326 2.1920904  0.91725768],0.02,1.0,0.11915,1.44563,0.54545,0.49615,"[0.6087, 0.36364, 0.51613]",716,0.13794,1.56166,0.61364,0.57497,"[0.65116, 0.42857, 0.64516]",458,COMPLETED,20.959
220,20260108_002650,gln_phase1_TOP50.csv,50%,Preset_17,MLP,42,32,"[640, 384, 256]",max,,80,3,640,gelu,0.35,Adam,,0.0001,1e-06,True,0.75,[1],"[1, 2]",[0.68794326 2.1920904  0.91725768],0.02,1.0,0.11485,1.3612,0.52273,0.39763,"[0.60465, 0.0, 0.58824]",750,0.30957,1.30386,0.59091,0.49652,"[0.65, 0.15385, 0.68571]",159,COMPLETED,21.638
221,20260108_002650,gln_phase2_TOP50.csv,50%,Preset_17,MLP,42,28,"[640, 384, 256]",max,,80,3,640,gelu,0.35,Adam,,0.0001,1e-06,True,0.75,[1],"[1, 2]",[0.68794326 2.1920904  0.91725768],0.02,1.0,0.11875,1.72817,0.47727,0.36486,"[0.5, 0.0, 0.59459]",831,0.28339,1.67432,0.52273,0.47201,"[0.59459, 0.25, 0.57143]",196,COMPLETED,23.99

222,20260108_002650,baseline_CASIAB_TOP50.csv,50%,Preset_18,MLP,42,25,"[896, 512, 256]",mean,minmax,64,3,896,silu,0.4,RMSprop,,8e-05,5e-05,True,0.7,"[1, 2]","[1, 2, 3]",[0.68794326 2.1920904  0.91725768],0.02,1.0,0.12313,1.71997,0.54545,0.4848,"[0.6383, 0.33333, 0.48276]",1216,0.32443,1.80785,0.59091,0.52688,"[0.66667, 0.33333, 0.58065]",199,STOPPED,47.263
223,20260108_002650,baseline_OUMVLP_TOP50.csv,50%,Preset_18,MLP,42,24,"[896, 512, 256]",mean,minmax,64,3,896,silu,0.4,RMSprop,,8e-05,5e-05,True,0.7,"[1, 2]","[1, 2, 3]",[0.68794326 2.1920904  0.91725768],0.02,1.0,0.12222,1.8064,0.52273,0.48752,"[0.4878, 0.36364, 0.61111]",1175,0.21489,1.69318,0.56818,0.57977,"[0.51282, 0.61538, 0.61111]",282,STOPPED,45.638
224,20260108_002650,gaitgl_GREW_BNNeck_TOP50.csv,50%,Preset_18,MLP,42,36,"[896, 512, 256]",mean,minmax,64,3,896,silu,0.4,RMSprop,,8e-05,5e-05,True,0.7,"[1, 2]","[1, 2, 3]",[0.68794326 2.1920904  0.91725768],0.02,1.0,0.11836,2.01722,0.54545,0.39546,"[0.65306, 0.0, 0.53333]",803,0.33693,1.93782,0.54545,0.45705,"[0.6087, 0.18182, 0.58065]",123,COMPLETED,31.102
225,20260108_002650,gaitgl_GREW_TOP50.csv,50%,Preset_18,MLP,42,48,"[896, 512, 256]",mean,minmax,64,3,896,silu,0.4,RMSprop,,8e-05,5e-05,True,0.7,"[1, 2]","[1, 2, 3]",[0.68794326 2.1920904  0.91725768],0.02,1.0,0.11901,1.78492,0.43182,0.34444,"[0.5, 0.0, 0.53333]",641,0.19545,1.8492,0.5,0.45339,"[0.5641, 0.26667, 0.52941]",248,COMPLETED,24.875
226,20260108_002650,gaitgl_OUMVLP_TOP50.csv,50%,Preset_18,MLP,42,24,"[896, 512, 256]",mean,minmax,64,3,896,silu,0.4,RMSprop,,8e-05,5e-05,True,0.7,"[1, 2]","[1, 2, 3]",[0.68794326 2.1920904  0.91725768],0.02,1.0,0.12806,1.866,0.52273,0.46296,"[0.62222, 0.26667, 0.5]",1306,0.1711,1.99054,0.59091,0.54677,"[0.66667, 0.35294, 0.62069]",699,STOPPED,50.664
227,20260108_002650,gaitgl_TOP50.csv,50%,Preset_18,MLP,42,25,"[896, 512, 256]",mean,minmax,64,3,896,silu,0.4,RMSprop,,8e-05,5e-05,True,0.7,"[1, 2]","[1, 2, 3]",[0.68794326 2.1920904  0.91725768],0.02,1.0,0.12697,2.46573,0.34091,0.29798,"[0.40909, 0.18182, 0.30303]",1253,0.12513,2.3551,0.47727,0.44482,"[0.53333, 0.36364, 0.4375]",998,STOPPED,48.031
228,20260108_002650,gaitpart_GREW_TOP50.csv,50%,Preset_18,MLP,42,41,"[896, 512, 256]",mean,minmax,64,3,896,silu,0.4,RMSprop,,8e-05,5e-05,True,0.7,"[1, 2]","[1, 2, 3]",[0.68794326 2.1920904  0.91725768],0.02,1.0,0.11636,1.35438,0.52273,0.46357,"[0.62222, 0.28571, 0.48276]",607,0.24765,1.56586,0.65909,0.62011,"[0.75556, 0.53333, 0.57143]",138,COMPLETED,23.475
229,20260108_002650,gaitpart_OUMVLP_TOP50.csv,50%,Preset_18,MLP,42,30,"[896, 512, 256]",mean,minmax,64,3,896,silu,0.4,RMSprop,,8e-05,5e-05,True,0.7,"[1, 2]","[1, 2, 3]",[0.68794326 2.1920904  0.91725768],0.02,1.0,0.11794,1.56829,0.52273,0.43943,"[0.48649, 0.18182, 0.65]",913,0.54814,1.1933,0.59091,0.58687,"[0.54054, 0.57143, 0.64865]",63,COMPLETED,35.233
230,20260108_002650,gaitset_GREW_TOP50.csv,50%,Preset_18,MLP,42,43,"[896, 512, 256]",mean,minmax,64,3,896,silu,0.4,RMSprop,,8e-05,5e-05,True,0.7,"[1, 2]","[1, 2, 3]",[0.68794326 2.1920904  0.91725768],0.02,1.0,0.11409,1.82096,0.5,0.4,"[0.66667, 0.2, 0.33333]",608,0.13236,1.94868,0.54545,0.48034,"[0.66667, 0.30769, 0.46667]",405,COMPLETED,24.01
231,20260108_002650,gaitset_OUMVLP_TOP50.csv,50%,Preset_18,MLP,42,31,"[896, 512, 256]",mean,minmax,64,3,896,silu,0.4,RMSprop,,8e-05,5e-05,True,0.7,"[1, 2]","[1, 2, 3]",[0.68794326 2.1920904  0.91725768],0.02,1.0,0.1184,1.76437,0.54545,0.44444,"[0.66667, 0.16667, 0.5]",883,0.12451,1.85345,0.56818,0.45969,"[0.69388, 0.16667, 0.51852]",732,COMPLETED,34.458
232,20260108_002650,gaitset_TOP50.csv,50%,Preset_18,MLP,42,20,"[896, 512, 256]",mean,minmax,64,3,896,silu,0.4,RMSprop,,8e-05,5e-05,True,0.7,"[1, 2]","[1, 2, 3]",[0.68794326 2.1920904  0.91725768],0.02,1.0,0.13646,2.24308,0.5,0.45189,"[0.56522, 0.30769, 0.48276]",1000,0.16603,2.17357,0.56818,0.51245,"[0.60465, 0.30769, 0.625]",717,STOPPED,39.39
233,20260108_002650,gln_phase1_TOP50.csv,50%,Preset_18,MLP,42,28,"[896, 512, 256]",mean,minmax,64,3,896,silu,0.4,RMSprop,,8e-05,5e-05,True,0.7,"[1, 2]","[1, 2, 3]",[0.68794326 2.1920904  0.91725768],0.02,1.0,0.13194,1.20214,0.56818,0.54545,"[0.63636, 0.5, 0.5]",927,0.13713,1.25682,0.65909,0.64217,"[0.71111, 0.61538, 0.6]",660,STOPPED,36.022
234,20260108_002650,gln_phase2_TOP50.csv,50%,Preset_18,MLP,42,30,"[896, 512, 256]",mean,minmax,64,3,896,silu,0.4,RMSprop,,8e-05,5e-05,True,0.7,"[1, 2]","[1, 2, 3]",[0.68794326 2.1920904  0.91725768],0.02,1.0,0.11725,1.46319,0.56818,0.51932,"[0.61538, 0.36364, 0.57895]",985,0.12014,1.50286,0.59091,0.54386,"[0.63158, 0.4, 0.6]",940,COMPLETED,38.359

235,20260108_002650,baseline_CASIAB_TOP50.csv,50%,Preset_19,MLP,42,25,"[640, 448, 256]",mean,minmax,96,3,640,gelu,0.35,Adam,,0.00015,1e-06,True,0.7,[2],"[1, 2]",[0.68794326 2.1920904  0.91725768],0.02,1.0,0.11543,1.71135,0.52273,0.42986,"[0.625, 0.18182, 0.48276]",1069,0.24789,1.89718,0.61364,0.54134,"[0.69565, 0.30769, 0.62069]",221,COMPLETED,31.02
236,20260108_002650,baseline_OUMVLP_TOP50.csv,50%,Preset_19,MLP,42,24,"[640, 448, 256]",mean,minmax,96,3,640,gelu,0.35,Adam,,0.00015,1e-06,True,0.7,[2],"[1, 2]",[0.68794326 2.1920904  0.91725768],0.02,1.0,0.12213,1.9172,0.43182,0.37693,"[0.39024, 0.2, 0.54054]",680,0.19226,1.78526,0.61364,0.62647,"[0.5641, 0.66667, 0.64865]",313,STOPPED,19.937
237,20260108_002650,gaitgl_GREW_BNNeck_TOP50.csv,50%,Preset_19,MLP,42,36,"[640, 448, 256]",mean,minmax,96,3,640,gelu,0.35,Adam,,0.00015,1e-06,True,0.7,[2],"[1, 2]",[0.68794326 2.1920904  0.91725768],0.02,1.0,0.1187,1.79324,0.52273,0.37425,"[0.64, 0.0, 0.48276]",700,0.1479,2.04049,0.59091,0.52734,"[0.66667, 0.36364, 0.55172]",295,COMPLETED,20.573
238,20260108_002650,gaitgl_GREW_TOP50.csv,50%,Preset_19,MLP,42,48,"[640, 448, 256]",mean,minmax,96,3,640,gelu,0.35,Adam,,0.00015,1e-06,True,0.7,[2],"[1, 2]",[0.68794326 2.1920904  0.91725768],0.02,1.0,0.11769,1.52104,0.52273,0.39763,"[0.60465, 0.0, 0.58824]",527,0.13688,1.52427,0.54545,0.42091,"[0.63415, 0.0, 0.62857]",297,COMPLETED,15.314
239,20260108_002650,gaitgl_OUMVLP_TOP50.csv,50%,Preset_19,MLP,42,24,"[640, 448, 256]",mean,minmax,96,3,640,gelu,0.35,Adam,,0.00015,1e-06,True,0.7,[2],"[1, 2]",[0.68794326 2.1920904  0.91725768],0.02,1.0,0.1224,1.91043,0.5,0.42121,"[0.60465, 0.14286, 0.51613]",1071,0.17453,1.85168,0.63636,0.60673,"[0.68293, 0.47059, 0.66667]",453,STOPPED,31.25
240,20260108_002650,gaitgl_TOP50.csv,50%,Preset_19,MLP,42,25,"[640, 448, 256]",mean,minmax,96,3,640,gelu,0.35,Adam,,0.00015,1e-06,True,0.7,[2],"[1, 2]",[0.68794326 2.1920904  0.91725768],0.02,1.0,0.11942,2.37272,0.40909,0.34441,"[0.51064, 0.2, 0.32258]",983,0.13147,2.39111,0.47727,0.44482,"[0.53333, 0.36364, 0.4375]",767,STOPPED,28.472
241,20260108_002650,gaitpart_GREW_TOP50.csv,50%,Preset_19,MLP,42,41,"[640, 448, 256]",mean,minmax,96,3,640,gelu,0.35,Adam,,0.00015,1e-06,True,0.7,[2],"[1, 2]",[0.68794326 2.1920904  0.91725768],0.02,1.0,0.11873,1.44765,0.54545,0.4793,"[0.65217, 0.28571, 0.5]",497,0.19606,1.66194,0.65909,0.63462,"[0.74419, 0.58824, 0.57143]",121,COMPLETED,14.529
242,20260108_002650,gaitpart_OUMVLP_TOP50.csv,50%,Preset_19,MLP,42,30,"[640, 448, 256]",mean,minmax,96,3,640,gelu,0.35,Adam,,0.00015,1e-06,True,0.7,[2],"[1, 2]",[0.68794326 2.1920904  0.91725768],0.02,1.0,0.11818,1.60975,0.59091,0.49572,"[0.63636, 0.22222, 0.62857]",763,0.32587,1.38531,0.61364,0.57658,"[0.57895, 0.42857, 0.72222]",99,COMPLETED,22.027
243,20260108_002650,gaitset_GREW_TOP50.csv,50%,Preset_19,MLP,42,43,"[640, 448, 256]",mean,minmax,96,3,640,gelu,0.35,Adam,,0.00015,1e-06,True,0.7,[2],"[1, 2]",[0.68794326 2.1920904  0.91725768],0.02,1.0,0.12065,1.86361,0.47727,0.38406,"[0.65217, 0.16667, 0.33333]",536,0.27812,1.90997,0.52273,0.45478,"[0.69767, 0.26667, 0.4]",77,STOPPED,15.552
244,20260108_002650,gaitset_OUMVLP_TOP50.csv,50%,Preset_19,MLP,42,31,"[640, 448, 256]",mean,minmax,96,3,640,gelu,0.35,Adam,,0.00015,1e-06,True,0.7,[2],"[1, 2]",[0.68794326 2.1920904  0.91725768],0.02,1.0,0.11577,1.72114,0.47727,0.3507,"[0.6383, 0.0, 0.41379]",749,0.11915,1.75236,0.54545,0.47131,"[0.66667, 0.28571, 0.46154]",709,COMPLETED,21.758
245,20260108_002650,gaitset_TOP50.csv,50%,Preset_19,MLP,42,20,"[640, 448, 256]",mean,minmax,96,3,640,gelu,0.35,Adam,,0.00015,1e-06,True,0.7,[2],"[1, 2]",[0.68794326 2.1920904  0.91725768],0.02,1.0,0.1203,2.1372,0.5,0.42483,"[0.55814, 0.15385, 0.5625]",982,0.20307,2.38296,0.54545,0.50739,"[0.6087, 0.375, 0.53846]",354,STOPPED,28.667
246,20260108_002650,gln_phase1_TOP50.csv,50%,Preset_19,MLP,42,28,"[640, 448, 256]",mean,minmax,96,3,640,gelu,0.35,Adam,,0.00015,1e-06,True,0.7,[2],"[1, 2]",[0.68794326 2.1920904  0.91725768],0.02,1.0,0.11748,1.28977,0.54545,0.48037,"[0.68182, 0.30769, 0.45161]",784,0.1305,1.41952,0.61364,0.58995,"[0.71429, 0.55556, 0.5]",476,COMPLETED,22.629
247,20260108_002650,gln_phase2_TOP50.csv,50%,Preset_19,MLP,42,30,"[640, 448, 256]",mean,minmax,96,3,640,gelu,0.35,Adam,,0.00015,1e-06,True,0.7,[2],"[1, 2]",[0.68794326 2.1920904  0.91725768],0.02,1.0,0.12142,1.41144,0.47727,0.4061,"[0.55, 0.18182, 0.48649]",737,0.16673,1.64136,0.59091,0.53687,"[0.63158, 0.36364, 0.61538]",293,STOPPED,21.579

248,20260108_002650,baseline_CASIAB_TOP50.csv,50%,Preset_20,MLP,42,256,"[384, 192, 96]",mean,L2,64,3,384,relu,0.35,RMSprop,,9e-05,5e-05,False,,[2],"[1, 2]",[0.68794326 2.1920904  0.91725768],0.02,1.0,0.11712,1.77246,0.59091,0.42577,"[0.70588, 0.0, 0.57143]",353,0.6312,1.17295,0.52273,0.49537,"[0.55556, 0.375, 0.55556]",101,COMPLETED,13.138
249,20260108_002650,baseline_OUMVLP_TOP50.csv,50%,Preset_20,MLP,42,256,"[384, 192, 96]",mean,L2,64,3,384,relu,0.35,RMSprop,,9e-05,5e-05,False,,[2],"[1, 2]",[0.68794326 2.1920904  0.91725768],0.02,1.0,0.1198,1.48335,0.54545,0.45822,"[0.65116, 0.14286, 0.58065]",575,0.14018,1.37125,0.61364,0.51034,"[0.69767, 0.16667, 0.66667]",436,COMPLETED,21.504
250,20260108_002650,gaitgl_GREW_BNNeck_TOP50.csv,50%,Preset_20,MLP,42,256,"[384, 192, 96]",mean,L2,64,3,384,relu,0.35,RMSprop,,9e-05,5e-05,False,,[2],"[1, 2]",[0.68794326 2.1920904  0.91725768],0.02,1.0,0.11982,1.6389,0.54545,0.45705,"[0.6087, 0.18182, 0.58065]",263,0.12835,1.69826,0.59091,0.49483,"[0.65116, 0.22222, 0.61111]",234,COMPLETED,9.968
251,20260108_002650,gaitgl_GREW_TOP50.csv,50%,Preset_20,MLP,42,256,"[384, 192, 96]",mean,L2,64,3,384,relu,0.35,RMSprop,,9e-05,5e-05,False,,[2],"[1, 2]",[0.68794326 2.1920904  0.91725768],0.02,1.0,0.11655,1.7687,0.45455,0.32967,"[0.51282, 0.0, 0.47619]",463,0.22084,1.70938,0.5,0.45592,"[0.53659, 0.28571, 0.54545]",246,COMPLETED,17.369
252,20260108_002650,gaitgl_OUMVLP_TOP50.csv,50%,Preset_20,MLP,42,256,"[384, 192, 96]",mean,L2,64,3,384,relu,0.35,RMSprop,,9e-05,5e-05,False,,[2],"[1, 2]",[0.68794326 2.1920904  0.91725768],0.02,1.0,0.11898,2.23749,0.36364,0.27778,"[0.5, 0.16667, 0.16667]",1769,0.13617,1.85816,0.56818,0.47756,"[0.62222, 0.22222, 0.58824]",1316,STOPPED,66.195
253,20260108_002650,gaitgl_TOP50.csv,50%,Preset_20,MLP,42,128,"[384, 192, 96]",mean,L2,64,3,384,relu,0.35,RMSprop,,9e-05,5e-05,False,,[2],"[1, 2]",[0.68794326 2.1920904  0.91725768],0.02,1.0,0.11486,2.026,0.47727,0.3779,"[0.60377, 0.22222, 0.30769]",332,0.37769,1.59112,0.52273,0.47416,"[0.58537, 0.30769, 0.52941]",114,COMPLETED,13.071
254,20260108_002650,gaitpart_GREW_TOP50.csv,50%,Preset_20,MLP,42,256,"[384, 192, 96]",mean,L2,64,3,384,relu,0.35,RMSprop,,9e-05,5e-05,False,,[2],"[1, 2]",[0.68794326 2.1920904  0.91725768],0.02,1.0,0.11747,1.74501,0.59091,0.55188,"[0.68421, 0.4, 0.57143]",521,0.12719,1.70499,0.63636,0.58878,"[0.73171, 0.42857, 0.60606]",445,COMPLETED,20.086
255,20260108_002650,gaitpart_OUMVLP_TOP50.csv,50%,Preset_20,MLP,42,256,"[384, 192, 96]",mean,L2,64,3,384,relu,0.35,RMSprop,,9e-05,5e-05,False,,[2],"[1, 2]",[0.68794326 2.1920904  0.91725768],0.02,1.0,0.1679,1.6314,0.52273,0.47222,"[0.625, 0.375, 0.41667]",1523,0.6784,1.08296,0.59091,0.58368,"[0.63415, 0.57143, 0.54545]",506,STOPPED,56.639
256,20260108_002650,gaitset_GREW_TOP50.csv,50%,Preset_20,MLP,42,256,"[384, 192, 96]",mean,L2,64,3,384,relu,0.35,RMSprop,,9e-05,5e-05,False,,[2],"[1, 2]",[0.68794326 2.1920904  0.91725768],0.02,1.0,0.11881,1.88127,0.52273,0.38889,"[0.66667, 0.0, 0.5]",386,0.22236,1.83958,0.59091,0.54848,"[0.7, 0.4, 0.54545]",212,COMPLETED,14.457
257,20260108_002650,gaitset_OUMVLP_TOP50.csv,50%,Preset_20,MLP,42,256,"[384, 192, 96]",mean,L2,64,3,384,relu,0.35,RMSprop,,9e-05,5e-05,False,,[2],"[1, 2]",[0.68794326 2.1920904  0.91725768],0.02,1.0,0.12063,2.05701,0.43182,0.37165,"[0.53659, 0.2, 0.37838]",1263,0.14371,2.03515,0.47727,0.40945,"[0.54054, 0.2, 0.4878]",1163,STOPPED,47.077
258,20260108_002650,gaitset_TOP50.csv,50%,Preset_20,MLP,42,256,"[384, 192, 96]",mean,L2,64,3,384,relu,0.35,RMSprop,,9e-05,5e-05,False,,[2],"[1, 2]",[0.68794326 2.1920904  0.91725768],0.02,1.0,0.11982,2.15303,0.43182,0.31849,"[0.54167, 0.0, 0.41379]",345,0.14579,2.21619,0.43182,0.39181,"[0.51163, 0.25, 0.41379]",220,COMPLETED,12.826
259,20260108_002650,gln_phase1_TOP50.csv,50%,Preset_20,MLP,42,256,"[384, 192, 96]",mean,L2,64,3,384,relu,0.35,RMSprop,,9e-05,5e-05,False,,[2],"[1, 2]",[0.68794326 2.1920904  0.91725768],0.02,1.0,0.11669,1.69887,0.5,0.40779,"[0.61224, 0.16667, 0.44444]",338,0.70403,1.02958,0.59091,0.57864,"[0.57143, 0.54545, 0.61905]",82,COMPLETED,12.646
260,20260108_002650,gln_phase2_TOP50.csv,50%,Preset_20,MLP,42,256,"[384, 192, 96]",mean,L2,64,3,384,relu,0.35,RMSprop,,9e-05,5e-05,False,,[2],"[1, 2]",[0.68794326 2.1920904  0.91725768],0.02,1.0,0.11307,1.47086,0.5,0.42622,"[0.53659, 0.15385, 0.58824]",373,0.13322,1.4873,0.61364,0.51254,"[0.61538, 0.22222, 0.7]",305,COMPLETED,14.129

261,20260108_002650,baseline_CASIAB_TOP50.csv,50%,Preset_21,MLP,42,42,"[768, 512, 256]",mean,L2,88,3,768,silu,0.4,Adam,,0.0002,1e-07,True,0.8,"[1, 2, 3]","[1, 2]",[0.68794326 2.1920904  0.91725768],0.02,1.0,0.11488,1.99385,0.54545,0.48775,"[0.62222, 0.30769, 0.53333]",338,0.13119,2.04178,0.59091,0.52197,"[0.68085, 0.33333, 0.55172]",288,COMPLETED,10.757
262,20260108_002650,baseline_OUMVLP_TOP50.csv,50%,Preset_21,MLP,42,39,"[768, 512, 256]",mean,L2,88,3,768,silu,0.4,Adam,,0.0002,1e-07,True,0.8,"[1, 2, 3]","[1, 2]",[0.68794326 2.1920904  0.91725768],0.02,1.0,0.11582,1.70393,0.54545,0.49542,"[0.55, 0.30769, 0.62857]",409,0.18479,1.77012,0.63636,0.59908,"[0.65, 0.46154, 0.68571]",296,COMPLETED,13.165
263,20260108_002650,gaitgl_GREW_BNNeck_TOP50.csv,50%,Preset_21,MLP,42,57,"[768, 512, 256]",mean,L2,88,3,768,silu,0.4,Adam,,0.0002,1e-07,True,0.8,"[1, 2, 3]","[1, 2]",[0.68794326 2.1920904  0.91725768],0.02,1.0,0.1163,2.43479,0.47727,0.42504,"[0.57143, 0.33333, 0.37037]",254,0.13159,2.43441,0.54545,0.47901,"[0.66667, 0.4, 0.37037]",204,COMPLETED,8.243
264,20260108_002650,gaitgl_GREW_TOP50.csv,50%,Preset_21,MLP,42,82,"[768, 512, 256]",mean,L2,88,3,768,silu,0.4,Adam,,0.0002,1e-07,True,0.8,"[1, 2, 3]","[1, 2]",[0.68794326 2.1920904  0.91725768],0.02,1.0,0.11453,2.42175,0.40909,0.35253,"[0.5, 0.13333, 0.42424]",228,0.74958,1.44431,0.45455,0.38972,"[0.52632, 0.14286, 0.5]",73,COMPLETED,7.231
265,20260108_002650,gaitgl_OUMVLP_TOP50.csv,50%,Preset_21,MLP,42,57,"[768, 512, 256]",mean,L2,88,3,768,silu,0.4,Adam,,0.0002,1e-07,True,0.8,"[1, 2, 3]","[1, 2]",[0.68794326 2.1920904  0.91725768],0.02,1.0,0.11923,2.26508,0.43182,0.39471,"[0.48889, 0.26667, 0.42857]",583,0.15375,2.12685,0.52273,0.50317,"[0.56522, 0.46154, 0.48276]",518,COMPLETED,18.697
266,20260108_002650,gaitgl_TOP50.csv,50%,Preset_21,MLP,42,44,"[768, 512, 256]",mean,L2,88,3,768,silu,0.4,Adam,,0.0002,1e-07,True,0.8,"[1, 2, 3]","[1, 2]",[0.68794326 2.1920904  0.91725768],0.02,1.0,0.11669,2.14646,0.45455,0.41039,"[0.54545, 0.28571, 0.4]",318,0.2181,1.81214,0.56818,0.51884,"[0.60465, 0.36364, 0.58824]",155,COMPLETED,10.104
267,20260108_002650,gaitpart_GREW_TOP50.csv,50%,Preset_21,MLP,42,61,"[768, 512, 256]",mean,L2,88,3,768,silu,0.4,Adam,,0.0002,1e-07,True,0.8,"[1, 2, 3]","[1, 2]",[0.68794326 2.1920904  0.91725768],0.02,1.0,0.11347,1.70308,0.56818,0.52569,"[0.68182, 0.42857, 0.46667]",262,0.11902,1.83683,0.61364,0.58497,"[0.66667, 0.5, 0.58824]",259,COMPLETED,8.491
268,20260108_002650,gaitpart_OUMVLP_TOP50.csv,50%,Preset_21,MLP,42,50,"[768, 512, 256]",mean,L2,88,3,768,silu,0.4,Adam,,0.0002,1e-07,True,0.8,"[1, 2, 3]","[1, 2]",[0.68794326 2.1920904  0.91725768],0.02,1.0,0.11422,2.04962,0.54545,0.5142,"[0.5641, 0.33333, 0.64516]",612,0.12543,2.14606,0.56818,0.5327,"[0.6, 0.35294, 0.64516]",587,COMPLETED,19.526
269,20260108_002650,gaitset_GREW_TOP50.csv,50%,Preset_21,MLP,42,66,"[768, 512, 256]",mean,L2,88,3,768,silu,0.4,Adam,,0.0002,1e-07,True,0.8,"[1, 2, 3]","[1, 2]",[0.68794326 2.1920904  0.91725768],0.02,1.0,0.11557,2.34891,0.47727,0.37446,"[0.68085, 0.16667, 0.27586]",210,0.20603,2.13198,0.56818,0.49384,"[0.74419, 0.28571, 0.45161]",146,COMPLETED,6.797
270,20260108_002650,gaitset_OUMVLP_TOP50.csv,50%,Preset_21,MLP,42,51,"[768, 512, 256]",mean,L2,88,3,768,silu,0.4,Adam,,0.0002,1e-07,True,0.8,"[1, 2, 3]","[1, 2]",[0.68794326 2.1920904  0.91725768],0.02,1.0,0.11464,1.79635,0.56818,0.4721,"[0.68182, 0.15385, 0.58065]",463,0.12229,1.67364,0.63636,0.52715,"[0.72727, 0.16667, 0.6875]",452,COMPLETED,15.496
271,20260108_002650,gaitset_TOP50.csv,50%,Preset_21,MLP,42,33,"[768, 512, 256]",mean,L2,88,3,768,silu,0.4,Adam,,0.0002,1e-07,True,0.8,"[1, 2, 3]","[1, 2]",[0.68794326 2.1920904  0.91725768],0.02,1.0,0.11582,2.42406,0.47727,0.44914,"[0.57895, 0.28571, 0.48276]",455,0.12243,2.45634,0.52273,0.50296,"[0.59459, 0.38095, 0.53333]",400,COMPLETED,14.641
272,20260108_002650,gln_phase1_TOP50.csv,50%,Preset_21,MLP,42,45,"[768, 512, 256]",mean,L2,88,3,768,silu,0.4,Adam,,0.0002,1e-07,True,0.8,"[1, 2, 3]","[1, 2]",[0.68794326 2.1920904  0.91725768],0.02,1.0,0.1189,2.36982,0.47727,0.44881,"[0.57143, 0.375, 0.4]",302,0.14485,2.35999,0.52273,0.51156,"[0.5641, 0.47059, 0.5]",236,COMPLETED,9.872
273,20260108_002650,gln_phase2_TOP50.csv,50%,Preset_21,MLP,42,50,"[768, 512, 256]",mean,L2,88,3,768,silu,0.4,Adam,,0.0002,1e-07,True,0.8,"[1, 2, 3]","[1, 2]",[0.68794326 2.1920904  0.91725768],0.02,1.0,0.11177,2.30497,0.43182,0.37134,"[0.47368, 0.15385, 0.48649]",291,0.11996,2.28519,0.52273,0.44162,"[0.5641, 0.18182, 0.57895]",288,COMPLETED,9.387

274,20260108_002650,baseline_CASIAB_TOP50.csv,50%,Preset_22,MLP,42,41,"[1024, 768, 512, 256]",mean,minmax,64,4,1024,silu,0.4,Adam,,0.0001,1e-07,True,0.8,"[1, 2, 3, 4]","[1, 2, 3]",[0.68794326 2.1920904  0.91725768],0.02,1.0,0.11179,2.13472,0.54545,0.47695,"[0.65306, 0.33333, 0.44444]",290,0.33329,1.78104,0.61364,0.543,"[0.69565, 0.33333, 0.6]",68,COMPLETED,13.71
275,20260108_002650,baseline_OUMVLP_TOP50.csv,50%,Preset_22,MLP,42,41,"[1024, 768, 512, 256]",mean,minmax,64,4,1024,silu,0.4,Adam,,0.0001,1e-07,True,0.8,"[1, 2, 3, 4]","[1, 2, 3]",[0.68794326 2.1920904  0.91725768],0.02,1.0,0.11879,1.74491,0.63636,0.60526,"[0.63158, 0.5, 0.68421]",273,0.1255,1.65226,0.65909,0.64386,"[0.63158, 0.6, 0.7]",211,COMPLETED,13.106
276,20260108_002650,gaitgl_GREW_BNNeck_TOP50.csv,50%,Preset_22,MLP,42,58,"[1024, 768, 512, 256]",mean,minmax,64,4,1024,silu,0.4,Adam,,0.0001,1e-07,True,0.8,"[1, 2, 3, 4]","[1, 2, 3]",[0.68794326 2.1920904  0.91725768],0.02,1.0,0.11719,2.66715,0.45455,0.31576,"[0.57692, 0.0, 0.37037]",217,0.68469,1.57488,0.5,0.42509,"[0.55, 0.15385, 0.57143]",22,COMPLETED,10.223
277,20260108_002650,gaitgl_GREW_TOP50.csv,50%,Preset_22,MLP,42,74,"[1024, 768, 512, 256]",mean,minmax,64,4,1024,silu,0.4,Adam,,0.0001,1e-07,True,0.8,"[1, 2, 3, 4]","[1, 2, 3]",[0.68794326 2.1920904  0.91725768],0.02,1.0,0.11075,2.46819,0.47727,0.40663,"[0.52381, 0.16667, 0.52941]",196,0.37364,1.95866,0.52273,0.50245,"[0.54545, 0.42857, 0.53333]",44,COMPLETED,9.4
278,20260108_002650,gaitgl_OUMVLP_TOP50.csv,50%,Preset_22,MLP,42,47,"[1024, 768, 512, 256]",mean,minmax,64,4,1024,silu,0.4,Adam,,0.0001,1e-07,True,0.8,"[1, 2, 3, 4]","[1, 2, 3]",[0.68794326 2.1920904  0.91725768],0.02,1.0,0.11859,2.11833,0.59091,0.56909,"[0.61905, 0.5, 0.58824]",310,0.20902,1.94834,0.63636,0.60556,"[0.65, 0.5, 0.66667]",137,COMPLETED,14.778
279,20260108_002650,gaitgl_TOP50.csv,50%,Preset_22,MLP,42,40,"[1024, 768, 512, 256]",mean,minmax,64,4,1024,silu,0.4,Adam,,0.0001,1e-07,True,0.8,"[1, 2, 3, 4]","[1, 2, 3]",[0.68794326 2.1920904  0.91725768],0.02,1.0,0.11534,2.09309,0.5,0.47612,"[0.4878, 0.4, 0.54054]",325,0.11786,2.13298,0.56818,0.52852,"[0.625, 0.44444, 0.51613]",261,COMPLETED,15.33
280,20260108_002650,gaitpart_GREW_TOP50.csv,50%,Preset_22,MLP,42,61,"[1024, 768, 512, 256]",mean,minmax,64,4,1024,silu,0.4,Adam,,0.0001,1e-07,True,0.8,"[1, 2, 3, 4]","[1, 2, 3]",[0.68794326 2.1920904  0.91725768],0.02,1.0,0.11915,1.69412,0.65909,0.62063,"[0.7619, 0.5, 0.6]",188,0.12386,1.32364,0.72727,0.67765,"[0.8, 0.54545, 0.6875]",160,COMPLETED,9.036
281,20260108_002650,gaitpart_OUMVLP_TOP50.csv,50%,Preset_22,MLP,42,48,"[1024, 768, 512, 256]",mean,minmax,64,4,1024,silu,0.4,Adam,,0.0001,1e-07,True,0.8,"[1, 2, 3, 4]","[1, 2, 3]",[0.68794326 2.1920904  0.91725768],0.02,1.0,0.11602,1.97649,0.56818,0.47937,"[0.57143, 0.2, 0.66667]",233,0.48629,1.41294,0.59091,0.55415,"[0.61538, 0.4, 0.64706]",34,COMPLETED,11.022
282,20260108_002650,gaitset_GREW_TOP50.csv,50%,Preset_22,MLP,42,65,"[1024, 768, 512, 256]",mean,minmax,64,4,1024,silu,0.4,Adam,,0.0001,1e-07,True,0.8,"[1, 2, 3, 4]","[1, 2, 3]",[0.68794326 2.1920904  0.91725768],0.02,1.0,0.10966,2.10158,0.52273,0.42162,"[0.71111, 0.16667, 0.3871]",198,0.25693,2.03861,0.61364,0.55917,"[0.74419, 0.4, 0.53333]",52,COMPLETED,9.43
283,20260108_002650,gaitset_OUMVLP_TOP50.csv,50%,Preset_22,MLP,42,52,"[1024, 768, 512, 256]",mean,minmax,64,4,1024,silu,0.4,Adam,,0.0001,1e-07,True,0.8,"[1, 2, 3, 4]","[1, 2, 3]",[0.68794326 2.1920904  0.91725768],0.02,1.0,0.11551,2.10445,0.5,0.3684,"[0.59091, 0.0, 0.51429]",243,0.16454,2.34965,0.54545,0.45965,"[0.6, 0.2, 0.57895]",109,COMPLETED,11.449
284,20260108_002650,gaitset_TOP50.csv,50%,Preset_22,MLP,42,34,"[1024, 768, 512, 256]",mean,minmax,64,4,1024,silu,0.4,Adam,,0.0001,1e-07,True,0.8,"[1, 2, 3, 4]","[1, 2, 3]",[0.68794326 2.1920904  0.91725768],0.02,1.0,0.11954,2.43673,0.45455,0.40734,"[0.55814, 0.23529, 0.42857]",350,0.12963,2.24092,0.52273,0.49086,"[0.58537, 0.31579, 0.57143]",319,COMPLETED,16.517
285,20260108_002650,gln_phase1_TOP50.csv,50%,Preset_22,MLP,42,47,"[1024, 768, 512, 256]",mean,minmax,64,4,1024,silu,0.4,Adam,,0.0001,1e-07,True,0.8,"[1, 2, 3, 4]","[1, 2, 3]",[0.68794326 2.1920904  0.91725768],0.02,1.0,0.10873,1.82297,0.56818,0.53801,"[0.63636, 0.46154, 0.51613]",257,0.11486,1.7626,0.63636,0.58528,"[0.72727, 0.42857, 0.6]",248,COMPLETED,12.355
286,20260108_002650,gln_phase2_TOP50.csv,50%,Preset_22,MLP,42,51,"[1024, 768, 512, 256]",mean,minmax,64,4,1024,silu,0.4,Adam,,0.0001,1e-07,True,0.8,"[1, 2, 3, 4]","[1, 2, 3]",[0.68794326 2.1920904  0.91725768],0.02,1.0,0.1134,2.70395,0.43182,0.37299,"[0.46512, 0.15385, 0.5]",227,0.35976,2.11643,0.52273,0.47875,"[0.5, 0.30769, 0.62857]",47,COMPLETED,10.797

287,20260108_002650,baseline_CASIAB_TOP50.csv,50%,Preset_23,MLP,42,41,"[1024, 768, 512, 256]",mean,minmax,96,4,1024,silu,0.45,Adam,,0.0001,1e-07,True,0.8,"[1, 2, 3, 4]","[1, 2]",[0.68794326 2.1920904  0.91725768],0.02,1.0,0.11202,1.79177,0.52273,0.47293,"[0.57778, 0.30769, 0.53333]",304,0.11983,1.6364,0.59091,0.5285,"[0.65217, 0.33333, 0.6]",251,COMPLETED,11.024
288,20260108_002650,baseline_OUMVLP_TOP50.csv,50%,Preset_23,MLP,42,41,"[1024, 768, 512, 256]",mean,minmax,96,4,1024,silu,0.45,Adam,,0.0001,1e-07,True,0.8,"[1, 2, 3, 4]","[1, 2]",[0.68794326 2.1920904  0.91725768],0.02,1.0,0.11411,1.50952,0.61364,0.59036,"[0.58537, 0.5, 0.68571]",312,0.12476,1.48904,0.68182,0.66941,"[0.65, 0.61538, 0.74286]",270,COMPLETED,11.428
289,20260108_002650,gaitgl_GREW_BNNeck_TOP50.csv,50%,Preset_23,MLP,42,58,"[1024, 768, 512, 256]",mean,minmax,96,4,1024,silu,0.45,Adam,,0.0001,1e-07,True,0.8,"[1, 2, 3, 4]","[1, 2]",[0.68794326 2.1920904  0.91725768],0.02,1.0,0.11424,2.31217,0.43182,0.30542,"[0.57143, 0.0, 0.34483]",256,0.54948,1.5652,0.52273,0.47083,"[0.6, 0.25, 0.5625]",34,COMPLETED,9.261
290,20260108_002650,gaitgl_GREW_TOP50.csv,50%,Preset_23,MLP,42,74,"[1024, 768, 512, 256]",mean,minmax,96,4,1024,silu,0.45,Adam,,0.0001,1e-07,True,0.8,"[1, 2, 3, 4]","[1, 2]",[0.68794326 2.1920904  0.91725768],0.02,1.0,0.11287,2.31455,0.47727,0.4083,"[0.53659, 0.14286, 0.54545]",261,0.38467,1.8551,0.52273,0.44179,"[0.5641, 0.16667, 0.59459]",51,COMPLETED,9.437
291,20260108_002650,gaitgl_OUMVLP_TOP50.csv,50%,Preset_23,MLP,42,47,"[1024, 768, 512, 256]",mean,minmax,96,4,1024,silu,0.45,Adam,,0.0001,1e-07,True,0.8,"[1, 2, 3, 4]","[1, 2]",[0.68794326 2.1920904  0.91725768],0.02,1.0,0.11854,2.05991,0.52273,0.50656,"[0.55814, 0.46154, 0.5]",361,0.22048,1.75387,0.59091,0.56554,"[0.65116, 0.5, 0.54545]",151,COMPLETED,13.06
292,20260108_002650,gaitgl_TOP50.csv,50%,Preset_23,MLP,42,40,"[1024, 768, 512, 256]",mean,minmax,96,4,1024,silu,0.45,Adam,,0.0001,1e-07,True,0.8,"[1, 2, 3, 4]","[1, 2]",[0.68794326 2.1920904  0.91725768],0.02,1.0,0.11817,2.15451,0.34091,0.25253,"[0.45455, 0.0, 0.30303]",340,0.5169,1.39982,0.5,0.45198,"[0.58537, 0.28571, 0.48485]",56,COMPLETED,12.295
293,20260108_002650,gaitpart_GREW_TOP50.csv,50%,Preset_23,MLP,42,61,"[1024, 768, 512, 256]",mean,minmax,96,4,1024,silu,0.45,Adam,,0.0001,1e-07,True,0.8,"[1, 2, 3, 4]","[1, 2]",[0.68794326 2.1920904  0.91725768],0.02,1.0,0.11658,1.78234,0.59091,0.54081,"[0.71111, 0.42857, 0.48276]",228,0.12266,1.64252,0.68182,0.63258,"[0.77273, 0.5, 0.625]",165,COMPLETED,8.271
294,20260108_002650,gaitpart_OUMVLP_TOP50.csv,50%,Preset_23,MLP,42,48,"[1024, 768, 512, 256]",mean,minmax,96,4,1024,silu,0.45,Adam,,0.0001,1e-07,True,0.8,"[1, 2, 3, 4]","[1, 2]",[0.68794326 2.1920904  0.91725768],0.02,1.0,0.11733,1.97581,0.47727,0.40932,"[0.51163, 0.15385, 0.5625]",245,0.30395,1.50212,0.56818,0.55637,"[0.54054, 0.5, 0.62857]",64,COMPLETED,8.825
295,20260108_002650,gaitset_GREW_TOP50.csv,50%,Preset_23,MLP,42,65,"[1024, 768, 512, 256]",mean,minmax,96,4,1024,silu,0.45,Adam,,0.0001,1e-07,True,0.8,"[1, 2, 3, 4]","[1, 2]",[0.68794326 2.1920904  0.91725768],0.02,1.0,0.11863,1.62229,0.61364,0.50271,"[0.7234, 0.22222, 0.5625]",218,0.12143,1.62888,0.63636,0.56566,"[0.7619, 0.36364, 0.57143]",185,COMPLETED,7.966
296,20260108_002650,gaitset_OUMVLP_TOP50.csv,50%,Preset_23,MLP,42,52,"[1024, 768, 512, 256]",mean,minmax,96,4,1024,silu,0.45,Adam,,0.0001,1e-07,True,0.8,"[1, 2, 3, 4]","[1, 2]",[0.68794326 2.1920904  0.91725768],0.02,1.0,0.11287,2.01271,0.45455,0.33193,"[0.6087, 0.0, 0.3871]",269,0.71176,1.56187,0.47727,0.46313,"[0.53659, 0.42857, 0.42424]",24,COMPLETED,9.586
297,20260108_002650,gaitset_TOP50.csv,50%,Preset_23,MLP,42,34,"[1024, 768, 512, 256]",mean,minmax,96,4,1024,silu,0.45,Adam,,0.0001,1e-07,True,0.8,"[1, 2, 3, 4]","[1, 2]",[0.68794326 2.1920904  0.91725768],0.02,1.0,0.1138,2.21488,0.47727,0.43381,"[0.55, 0.23529, 0.51613]",351,0.17431,2.15953,0.52273,0.48413,"[0.61905, 0.33333, 0.5]",197,COMPLETED,12.571
298,20260108_002650,gln_phase1_TOP50.csv,50%,Preset_23,MLP,42,47,"[1024, 768, 512, 256]",mean,minmax,96,4,1024,silu,0.45,Adam,,0.0001,1e-07,True,0.8,"[1, 2, 3, 4]","[1, 2]",[0.68794326 2.1920904  0.91725768],0.02,1.0,0.11953,1.59326,0.59091,0.56299,"[0.66667, 0.47059, 0.55172]",301,0.14372,1.60671,0.61364,0.59082,"[0.68421, 0.5, 0.58824]",178,COMPLETED,10.939
299,20260108_002650,gln_phase2_TOP50.csv,50%,Preset_23,MLP,42,51,"[1024, 768, 512, 256]",mean,minmax,96,4,1024,silu,0.45,Adam,,0.0001,1e-07,True,0.8,"[1, 2, 3, 4]","[1, 2]",[0.68794326 2.1920904  0.91725768],0.02,1.0,0.11285,2.21085,0.45455,0.38999,"[0.5, 0.15385, 0.51613]",239,0.63473,1.2012,0.54545,0.52159,"[0.51613, 0.4, 0.64865]",24,COMPLETED,8.535

300,20260108_002650,baseline_CASIAB_TOP50.csv,50%,Preset_24,MLP,42,256,"[768, 512, 384, 256]",mean,,80,4,768,silu,0.5,Adam,,0.00025,1e-06,False,,"[1, 3]","[2, 3]",[0.68794326 2.1920904  0.91725768],0.02,1.0,0.11827,2.47875,0.47727,0.35644,"[0.55319, 0.0, 0.51613]",55,0.71286,1.32136,0.52273,0.5078,"[0.57895, 0.44444, 0.5]",23,COMPLETED,1.787
301,20260108_002650,baseline_OUMVLP_TOP50.csv,50%,Preset_24,MLP,42,256,"[768, 512, 384, 256]",mean,,80,4,768,silu,0.5,Adam,,0.00025,1e-06,False,,"[1, 3]","[2, 3]",[0.68794326 2.1920904  0.91725768],0.02,1.0,0.11064,1.89622,0.47727,0.42312,"[0.5641, 0.10526, 0.6]",84,0.35747,1.22543,0.63636,0.53944,"[0.79167, 0.26667, 0.56]",42,COMPLETED,2.818
302,20260108_002650,gaitgl_GREW_BNNeck_TOP50.csv,50%,Preset_24,MLP,42,256,"[768, 512, 384, 256]",mean,,80,4,768,silu,0.5,Adam,,0.00025,1e-06,False,,"[1, 3]","[2, 3]",[0.68794326 2.1920904  0.91725768],0.02,1.0,0.11048,2.28865,0.43182,0.34665,"[0.52381, 0.0, 0.51613]",90,0.12333,2.51595,0.45455,0.39711,"[0.5641, 0.11111, 0.51613]",84,COMPLETED,2.975
303,20260108_002650,gaitgl_GREW_TOP50.csv,50%,Preset_24,MLP,42,256,"[768, 512, 384, 256]",mean,,80,4,768,silu,0.5,Adam,,0.00025,1e-06,False,,"[1, 3]","[2, 3]",[0.68794326 2.1920904  0.91725768],0.02,1.0,0.11434,2.52273,0.43182,0.41005,"[0.57143, 0.44444, 0.21429]",69,0.28095,1.48671,0.61364,0.58704,"[0.65, 0.5, 0.61111]",37,COMPLETED,2.336
304,20260108_002650,gaitgl_OUMVLP_TOP50.csv,50%,Preset_24,MLP,42,256,"[768, 512, 384, 256]",mean,,80,4,768,silu,0.5,Adam,,0.00025,1e-06,False,,"[1, 3]","[2, 3]",[0.68794326 2.1920904  0.91725768],0.02,1.0,0.11138,3.08121,0.38636,0.33333,"[0.5, 0.25, 0.25]",262,0.18341,2.73428,0.5,0.45424,"[0.57778, 0.33333, 0.45161]",184,COMPLETED,8.65
305,20260108_002650,gaitgl_TOP50.csv,50%,Preset_24,MLP,42,128,"[768, 512, 384, 256]",mean,,80,4,768,silu,0.5,Adam,,0.00025,1e-06,False,,"[1, 3]","[2, 3]",[0.68794326 2.1920904  0.91725768],0.02,1.0,0.11102,2.27165,0.52273,0.43838,"[0.61905, 0.16667, 0.52941]",55,0.1202,2.37388,0.5,0.45198,"[0.58537, 0.28571, 0.48485]",48,COMPLETED,1.907
306,20260108_002650,gaitpart_GREW_TOP50.csv,50%,Preset_24,MLP,42,256,"[768, 512, 384, 256]",mean,,80,4,768,silu,0.5,Adam,,0.00025,1e-06,False,,"[1, 3]","[2, 3]",[0.68794326 2.1920904  0.91725768],0.02,1.0,0.11026,1.90299,0.59091,0.54775,"[0.71111, 0.47059, 0.46154]",81,0.11734,1.88195,0.65909,0.61132,"[0.72727, 0.46154, 0.64516]",72,COMPLETED,2.792
307,20260108_002650,gaitpart_OUMVLP_TOP50.csv,50%,Preset_24,MLP,42,256,"[768, 512, 384, 256]",mean,,80,4,768,silu,0.5,Adam,,0.00025,1e-06,False,,"[1, 3]","[2, 3]",[0.68794326 2.1920904  0.91725768],0.02,1.0,0.11719,2.22077,0.47727,0.43576,"[0.52632, 0.26667, 0.51429]",310,0.21012,1.60458,0.63636,0.61316,"[0.68293, 0.54545, 0.61111]",181,COMPLETED,10.186
308,20260108_002650,gaitset_GREW_TOP50.csv,50%,Preset_24,MLP,42,256,"[768, 512, 384, 256]",mean,,80,4,768,silu,0.5,Adam,,0.00025,1e-06,False,,"[1, 3]","[2, 3]",[0.68794326 2.1920904  0.91725768],0.02,1.0,0.11458,2.01926,0.56818,0.52595,"[0.69767, 0.42857, 0.45161]",76,0.15943,2.00581,0.59091,0.54367,"[0.69767, 0.4, 0.53333]",57,COMPLETED,2.617
309,20260108_002650,gaitset_OUMVLP_TOP50.csv,50%,Preset_24,MLP,42,256,"[768, 512, 384, 256]",mean,,80,4,768,silu,0.5,Adam,,0.00025,1e-06,False,,"[1, 3]","[2, 3]",[0.68794326 2.1920904  0.91725768],0.02,1.0,0.10676,2.66538,0.38636,0.31735,"[0.53333, 0.14286, 0.27586]",210,0.12706,2.51293,0.5,0.42116,"[0.61905, 0.2, 0.44444]",196,COMPLETED,6.911
310,20260108_002650,gaitset_TOP50.csv,50%,Preset_24,MLP,42,256,"[768, 512, 384, 256]",mean,,80,4,768,silu,0.5,Adam,,0.00025,1e-06,False,,"[1, 3]","[2, 3]",[0.68794326 2.1920904  0.91725768],0.02,1.0,0.11606,2.97674,0.36364,0.33519,"[0.45, 0.22222, 0.33333]",70,0.17715,2.41717,0.43182,0.36959,"[0.52381, 0.13333, 0.45161]",49,COMPLETED,2.378
311,20260108_002650,gln_phase1_TOP50.csv,50%,Preset_24,MLP,42,256,"[768, 512, 384, 256]",mean,,80,4,768,silu,0.5,Adam,,0.00025,1e-06,False,,"[1, 3]","[2, 3]",[0.68794326 2.1920904  0.91725768],0.02,1.0,0.11234,2.09604,0.5,0.45424,"[0.57778, 0.33333, 0.45161]",65,0.18799,2.00267,0.54545,0.46969,"[0.68085, 0.26667, 0.46154]",44,COMPLETED,2.198
312,20260108_002650,gln_phase2_TOP50.csv,50%,Preset_24,MLP,42,256,"[768, 512, 384, 256]",mean,,80,4,768,silu,0.5,Adam,,0.00025,1e-06,False,,"[1, 3]","[2, 3]",[0.68794326 2.1920904  0.91725768],0.02,1.0,0.11007,2.13539,0.5,0.42626,"[0.6, 0.13333, 0.54545]",66,0.31693,1.37486,0.59091,0.49182,"[0.68182, 0.22222, 0.57143]",34,COMPLETED,2.218

313,20260108_002650,baseline_CASIAB_TOP50.csv,50%,Preset_25,MLP,42,16,"[768, 384, 192, 96, 64, 64]",mean,L2,32,6,768,relu,0.3,RMSprop,,0.0002,1e-07,True,0.6,"[1, 3, 5]","[1, 3, 5]",[0.68794326 2.1920904  0.91725768],0.02,1.0,0.14769,2.60305,0.43182,0.35631,"[0.56522, 0.13333, 0.37037]",552,0.15141,2.11223,0.59091,0.55498,"[0.63636, 0.42857, 0.6]",389,STOPPED,46.598
314,20260108_002650,baseline_OUMVLP_TOP50.csv,50%,Preset_25,MLP,42,13,"[768, 384, 192, 96, 64, 64]",mean,L2,32,6,768,relu,0.3,RMSprop,,0.0002,1e-07,True,0.6,"[1, 3, 5]","[1, 3, 5]",[0.68794326 2.1920904  0.91725768],0.02,1.0,0.11167,2.31843,0.47727,0.35829,"[0.54545, 0.0, 0.52941]",828,0.28917,1.85095,0.56818,0.47937,"[0.57143, 0.2, 0.66667]",444,COMPLETED,69.589
315,20260108_002650,gaitgl_GREW_BNNeck_TOP50.csv,50%,Preset_25,MLP,42,22,"[768, 384, 192, 96, 64, 64]",mean,L2,32,6,768,relu,0.3,RMSprop,,0.0002,1e-07,True,0.6,"[1, 3, 5]","[1, 3, 5]",[0.68794326 2.1920904  0.91725768],0.02,1.0,0.10689,2.78022,0.38636,0.28669,"[0.43902, 0.0, 0.42105]",469,0.46345,1.4025,0.52273,0.51156,"[0.5641, 0.47059, 0.5]",132,COMPLETED,39.425
316,20260108_002650,gaitgl_GREW_TOP50.csv,50%,Preset_25,MLP,42,36,"[768, 384, 192, 96, 64, 64]",mean,L2,32,6,768,relu,0.3,RMSprop,,0.0002,1e-07,True,0.6,"[1, 3, 5]","[1, 3, 5]",[0.68794326 2.1920904  0.91725768],0.02,1.0,0.13402,2.2482,0.47727,0.39298,"[0.58333, 0.18182, 0.41379]",508,0.24125,1.59772,0.54545,0.4596,"[0.59091, 0.18182, 0.60606]",200,STOPPED,42.821
317,20260108_002650,gaitgl_OUMVLP_TOP50.csv,50%,Preset_25,MLP,42,16,"[768, 384, 192, 96, 64, 64]",mean,L2,32,6,768,relu,0.3,RMSprop,,0.0002,1e-07,True,0.6,"[1, 3, 5]","[1, 3, 5]",[0.68794326 2.1920904  0.91725768],0.02,1.0,0.10495,2.54914,0.43182,0.37075,"[0.4878, 0.15385, 0.47059]",1246,0.45128,1.44715,0.5,0.49008,"[0.54167, 0.5, 0.42857]",673,STOPPED,104.7
318,20260108_002650,gaitgl_TOP50.csv,50%,Preset_25,MLP,42,17,"[768, 384, 192, 96, 64, 64]",mean,L2,32,6,768,relu,0.3,RMSprop,,0.0002,1e-07,True,0.6,"[1, 3, 5]","[1, 3, 5]",[0.68794326 2.1920904  0.91725768],0.02,1.0,0.10452,1.78889,0.56818,0.46171,"[0.68, 0.16667, 0.53846]",551,0.12139,1.60122,0.63636,0.57534,"[0.68085, 0.4, 0.64516]",543,COMPLETED,46.615
319,20260108_002650,gaitpart_GREW_TOP50.csv,50%,Preset_25,MLP,42,26,"[768, 384, 192, 96, 64, 64]",mean,L2,32,6,768,relu,0.3,RMSprop,,0.0002,1e-07,True,0.6,"[1, 3, 5]","[1, 3, 5]",[0.68794326 2.1920904  0.91725768],0.02,1.0,0.10424,2.10144,0.56818,0.50159,"[0.66667, 0.26667, 0.57143]",634,0.17022,1.62871,0.65909,0.58308,"[0.71429, 0.30769, 0.72727]",547,COMPLETED,53.528
320,20260108_002650,gaitpart_OUMVLP_TOP50.csv,50%,Preset_25,MLP,42,19,"[768, 384, 192, 96, 64, 64]",mean,L2,32,6,768,relu,0.3,RMSprop,,0.0002,1e-07,True,0.6,"[1, 3, 5]","[1, 3, 5]",[0.68794326 2.1920904  0.91725768],0.02,1.0,0.11794,2.48696,0.40909,0.3548,"[0.46154, 0.18182, 0.42105]",1141,0.25162,1.95659,0.54545,0.53252,"[0.57143, 0.47059, 0.55556]",725,COMPLETED,95.673
321,20260108_002650,gaitset_GREW_TOP50.csv,50%,Preset_25,MLP,42,27,"[768, 384, 192, 96, 64, 64]",mean,L2,32,6,768,relu,0.3,RMSprop,,0.0002,1e-07,True,0.6,"[1, 3, 5]","[1, 3, 5]",[0.68794326 2.1920904  0.91725768],0.02,1.0,0.12818,2.44922,0.47727,0.37631,"[0.65306, 0.2, 0.27586]",490,0.18931,2.23692,0.54545,0.46739,"[0.70588, 0.4, 0.2963]",247,STOPPED,41.229
322,20260108_002650,gaitset_OUMVLP_TOP50.csv,50%,Preset_25,MLP,42,18,"[768, 384, 192, 96, 64, 64]",mean,L2,32,6,768,relu,0.3,RMSprop,,0.0002,1e-07,True,0.6,"[1, 3, 5]","[1, 3, 5]",[0.68794326 2.1920904  0.91725768],0.02,1.0,0.13044,2.44329,0.47727,0.36833,"[0.62222, 0.0, 0.48276]",1022,0.18081,2.06121,0.56818,0.43288,"[0.65, 0.0, 0.64865]",771,STOPPED,85.787
323,20260108_002650,gaitset_TOP50.csv,50%,Preset_25,MLP,42,10,"[768, 384, 192, 96, 64, 64]",mean,L2,32,6,768,relu,0.3,RMSprop,,0.0002,1e-07,True,0.6,"[1, 3, 5]","[1, 3, 5]",[0.68794326 2.1920904  0.91725768],0.02,1.0,0.11628,2.25364,0.5,0.36667,"[0.6, 0.0, 0.5]",727,0.57344,1.51291,0.47727,0.43968,"[0.5, 0.28571, 0.53333]",197,COMPLETED,61.02
324,20260108_002650,gln_phase1_TOP50.csv,50%,Preset_25,MLP,42,14,"[768, 384, 192, 96, 64, 64]",mean,L2,32,6,768,relu,0.3,RMSprop,,0.0002,1e-07,True,0.6,"[1, 3, 5]","[1, 3, 5]",[0.68794326 2.1920904  0.91725768],0.02,1.0,0.1099,2.11363,0.52273,0.44207,"[0.51282, 0.18182, 0.63158]",787,0.41703,1.30354,0.61364,0.59044,"[0.60465, 0.5, 0.66667]",225,COMPLETED,66.108
325,20260108_002650,gln_phase2_TOP50.csv,50%,Preset_25,MLP,42,16,"[768, 384, 192, 96, 64, 64]",mean,L2,32,6,768,relu,0.3,RMSprop,,0.0002,1e-07,True,0.6,"[1, 3, 5]","[1, 3, 5]",[0.68794326 2.1920904  0.91725768],0.02,1.0,0.10755,2.32828,0.47727,0.40664,"[0.52381, 0.18182, 0.51429]",643,0.18612,1.98545,0.56818,0.5249,"[0.54054, 0.4, 0.63415]",352,COMPLETED,54.185

326,20260108_002650,baseline_CASIAB_TOP50.csv,50%,Preset_26,MLP,42,41,"[896, 640, 320, 192]",mean,minmax,80,4,896,leakyrelu,0.5,Adam,,0.0002,2e-07,True,0.8,"[1, 2, 3]","[1, 2]",[0.68794326 2.1920904  0.91725768],0.02,1.0,0.11371,2.21512,0.54545,0.49179,"[0.6087, 0.33333, 0.53333]",338,0.3933,1.78959,0.61364,0.55177,"[0.66667, 0.36364, 0.625]",64,COMPLETED,11.531
327,20260108_002650,baseline_OUMVLP_TOP50.csv,50%,Preset_26,MLP,42,41,"[896, 640, 320, 192]",mean,minmax,80,4,896,leakyrelu,0.5,Adam,,0.0002,2e-07,True,0.8,"[1, 2, 3]","[1, 2]",[0.68794326 2.1920904  0.91725768],0.02,1.0,0.11722,1.81931,0.54545,0.45971,"[0.59091, 0.2, 0.58824]",372,0.18573,1.74964,0.63636,0.60227,"[0.68182, 0.5, 0.625]",196,COMPLETED,12.674
328,20260108_002650,gaitgl_GREW_BNNeck_TOP50.csv,50%,Preset_26,MLP,42,58,"[896, 640, 320, 192]",mean,minmax,80,4,896,leakyrelu,0.5,Adam,,0.0002,2e-07,True,0.8,"[1, 2, 3]","[1, 2]",[0.68794326 2.1920904  0.91725768],0.02,1.0,0.11353,2.7028,0.43182,0.29124,"[0.56604, 0.0, 0.30769]",282,0.36927,2.05354,0.43182,0.39181,"[0.51163, 0.25, 0.41379]",55,COMPLETED,9.586
329,20260108_002650,gaitgl_GREW_TOP50.csv,50%,Preset_26,MLP,42,74,"[896, 640, 320, 192]",mean,minmax,80,4,896,leakyrelu,0.5,Adam,,0.0002,2e-07,True,0.8,"[1, 2, 3]","[1, 2]",[0.68794326 2.1920904  0.91725768],0.02,1.0,0.11387,2.33916,0.52273,0.43863,"[0.60465, 0.18182, 0.52941]",245,0.12453,2.34671,0.56818,0.47774,"[0.60465, 0.2, 0.62857]",154,COMPLETED,8.353
330,20260108_002650,gaitgl_OUMVLP_TOP50.csv,50%,Preset_26,MLP,42,47,"[896, 640, 320, 192]",mean,minmax,80,4,896,leakyrelu,0.5,Adam,,0.0002,2e-07,True,0.8,"[1, 2, 3]","[1, 2]",[0.68794326 2.1920904  0.91725768],0.02,1.0,0.11558,2.04498,0.5,0.48574,"[0.57143, 0.46154, 0.42424]",416,0.12811,2.28687,0.56818,0.56277,"[0.57143, 0.54545, 0.57143]",250,COMPLETED,14.142
331,20260108_002650,gaitgl_TOP50.csv,50%,Preset_26,MLP,42,40,"[896, 640, 320, 192]",mean,minmax,80,4,896,leakyrelu,0.5,Adam,,0.0002,2e-07,True,0.8,"[1, 2, 3]","[1, 2]",[0.68794326 2.1920904  0.91725768],0.02,1.0,0.11855,2.31648,0.45455,0.3894,"[0.52174, 0.22222, 0.42424]",399,0.64215,1.38185,0.52273,0.4798,"[0.59091, 0.36364, 0.48485]",47,COMPLETED,13.381
332,20260108_002650,gaitpart_GREW_TOP50.csv,50%,Preset_26,MLP,42,61,"[896, 640, 320, 192]",mean,minmax,80,4,896,leakyrelu,0.5,Adam,,0.0002,2e-07,True,0.8,"[1, 2, 3]","[1, 2]",[0.68794326 2.1920904  0.91725768],0.02,1.0,0.11885,1.86085,0.52273,0.45789,"[0.65217, 0.30769, 0.41379]",205,0.18907,1.85078,0.65909,0.62045,"[0.71429, 0.5, 0.64706]",101,COMPLETED,7.072
333,20260108_002650,gaitpart_OUMVLP_TOP50.csv,50%,Preset_26,MLP,42,48,"[896, 640, 320, 192]",mean,minmax,80,4,896,leakyrelu,0.5,Adam,,0.0002,2e-07,True,0.8,"[1, 2, 3]","[1, 2]",[0.68794326 2.1920904  0.91725768],0.02,1.0,0.11721,1.92803,0.59091,0.49524,"[0.61905, 0.2, 0.66667]",284,0.12599,1.77449,0.63636,0.52772,"[0.69565, 0.2, 0.6875]",212,COMPLETED,9.578
334,20260108_002650,gaitset_GREW_TOP50.csv,50%,Preset_26,MLP,42,65,"[896, 640, 320, 192]",mean,minmax,80,4,896,leakyrelu,0.5,Adam,,0.0002,2e-07,True,0.8,"[1, 2, 3]","[1, 2]",[0.68794326 2.1920904  0.91725768],0.02,1.0,0.11885,2.1787,0.5,0.34624,"[0.69388, 0.0, 0.34483]",224,0.12412,2.3142,0.52273,0.4303,"[0.66667, 0.2, 0.42424]",179,COMPLETED,7.65
335,20260108_002650,gaitset_OUMVLP_TOP50.csv,50%,Preset_26,MLP,42,52,"[896, 640, 320, 192]",mean,minmax,80,4,896,leakyrelu,0.5,Adam,,0.0002,2e-07,True,0.8,"[1, 2, 3]","[1, 2]",[0.68794326 2.1920904  0.91725768],0.02,1.0,0.11201,2.11441,0.47727,0.33737,"[0.625, 0.0, 0.3871]",304,0.55821,1.75001,0.5,0.45845,"[0.57143, 0.33333, 0.47059]",39,COMPLETED,10.274
336,20260108_002650,gaitset_TOP50.csv,50%,Preset_26,MLP,42,34,"[896, 640, 320, 192]",mean,minmax,80,4,896,leakyrelu,0.5,Adam,,0.0002,2e-07,True,0.8,"[1, 2, 3]","[1, 2]",[0.68794326 2.1920904  0.91725768],0.02,1.0,0.11564,2.27525,0.52273,0.43647,"[0.62222, 0.15385, 0.53333]",474,0.23757,2.44844,0.54545,0.4936,"[0.59574, 0.33333, 0.55172]",155,COMPLETED,16.093
337,20260108_002650,gln_phase1_TOP50.csv,50%,Preset_26,MLP,42,47,"[896, 640, 320, 192]",mean,minmax,80,4,896,leakyrelu,0.5,Adam,,0.0002,2e-07,True,0.8,"[1, 2, 3]","[1, 2]",[0.68794326 2.1920904  0.91725768],0.02,1.0,0.10773,1.89507,0.52273,0.4836,"[0.62222, 0.4, 0.42857]",322,0.11834,1.84842,0.61364,0.57341,"[0.66667, 0.42857, 0.625]",254,COMPLETED,10.94
338,20260108_002650,gln_phase2_TOP50.csv,50%,Preset_26,MLP,42,51,"[896, 640, 320, 192]",mean,minmax,80,4,896,leakyrelu,0.5,Adam,,0.0002,2e-07,True,0.8,"[1, 2, 3]","[1, 2]",[0.68794326 2.1920904  0.91725768],0.02,1.0,0.11445,2.2941,0.52273,0.48043,"[0.54545, 0.33333, 0.5625]",264,0.13968,2.30983,0.56818,0.51766,"[0.6087, 0.36364, 0.58065]",160,COMPLETED,9.036

339,20260108_002650,baseline_CASIAB_TOP50.csv,50%,Preset_27,MLP,42,54,"[896, 640, 384, 192]",mean,L2,64,4,896,silu,0.4,Adam,,0.0001,0.0,True,0.85,"[1, 2, 3]","[1, 2]",[0.68794326 2.1920904  0.91725768],0.02,1.0,0.11947,2.23824,0.47727,0.41171,"[0.51163, 0.14286, 0.58065]",421,0.12012,2.15904,0.54545,0.49459,"[0.59091, 0.25, 0.64286]",376,COMPLETED,18.289
340,20260108_002650,baseline_OUMVLP_TOP50.csv,50%,Preset_27,MLP,42,52,"[896, 640, 384, 192]",mean,L2,64,4,896,silu,0.4,Adam,,0.0001,0.0,True,0.85,"[1, 2, 3]","[1, 2]",[0.68794326 2.1920904  0.91725768],0.02,1.0,0.11435,1.68688,0.54545,0.49506,"[0.57143, 0.30769, 0.60606]",495,0.23024,1.9611,0.63636,0.59482,"[0.65, 0.42857, 0.70588]",331,COMPLETED,21.377
341,20260108_002650,gaitgl_GREW_BNNeck_TOP50.csv,50%,Preset_27,MLP,42,73,"[896, 640, 384, 192]",mean,L2,64,4,896,silu,0.4,Adam,,0.0001,0.0,True,0.85,"[1, 2, 3]","[1, 2]",[0.68794326 2.1920904  0.91725768],0.02,1.0,0.11939,2.11736,0.5,0.41595,"[0.62222, 0.14286, 0.48276]",298,0.13184,1.9244,0.56818,0.50159,"[0.66667, 0.26667, 0.57143]",263,COMPLETED,13.011
342,20260108_002650,gaitgl_GREW_TOP50.csv,50%,Preset_27,MLP,42,100,"[896, 640, 384, 192]",mean,L2,64,4,896,silu,0.4,Adam,,0.0001,0.0,True,0.85,"[1, 2, 3]","[1, 2]",[0.68794326 2.1920904  0.91725768],0.02,1.0,0.11827,2.44376,0.43182,0.32593,"[0.57778, 0.0, 0.4]",304,0.23765,2.4714,0.52273,0.43752,"[0.63636, 0.14286, 0.53333]",214,COMPLETED,13.366
343,20260108_002650,gaitgl_OUMVLP_TOP50.csv,50%,Preset_27,MLP,42,75,"[896, 640, 384, 192]",mean,L2,64,4,896,silu,0.4,Adam,,0.0001,0.0,True,0.85,"[1, 2, 3]","[1, 2]",[0.68794326 2.1920904  0.91725768],0.02,1.0,0.11811,2.98129,0.38636,0.34421,"[0.51064, 0.30769, 0.21429]",889,0.6042,1.86734,0.40909,0.37054,"[0.51163, 0.26667, 0.33333]",466,COMPLETED,38.504
344,20260108_002650,gaitgl_TOP50.csv,50%,Preset_27,MLP,42,54,"[896, 640, 384, 192]",mean,L2,64,4,896,silu,0.4,Adam,,0.0001,0.0,True,0.85,"[1, 2, 3]","[1, 2]",[0.68794326 2.1920904  0.91725768],0.02,1.0,0.11495,2.24876,0.47727,0.40289,"[0.57143, 0.16667, 0.47059]",402,0.2935,2.42984,0.52273,0.47578,"[0.5641, 0.30769, 0.55556]",168,COMPLETED,18.143
345,20260108_002650,gaitpart_GREW_TOP50.csv,50%,Preset_27,MLP,42,76,"[896, 640, 384, 192]",mean,L2,64,4,896,silu,0.4,Adam,,0.0001,0.0,True,0.85,"[1, 2, 3]","[1, 2]",[0.68794326 2.1920904  0.91725768],0.02,1.0,0.11677,1.73221,0.65909,0.57702,"[0.77273, 0.33333, 0.625]",332,0.15647,2.04207,0.68182,0.59714,"[0.78261, 0.36364, 0.64516]",287,COMPLETED,15.118
346,20260108_002650,gaitpart_OUMVLP_TOP50.csv,50%,Preset_27,MLP,42,64,"[896, 640, 384, 192]",mean,L2,64,4,896,silu,0.4,Adam,,0.0001,0.0,True,0.85,"[1, 2, 3]","[1, 2]",[0.68794326 2.1920904  0.91725768],0.02,1.0,0.11544,2.27869,0.40909,0.35371,"[0.47619, 0.13333, 0.45161]",853,0.71667,1.36586,0.52273,0.50735,"[0.55556, 0.42105, 0.54545]",313,COMPLETED,36.722
347,20260108_002650,gaitset_GREW_TOP50.csv,50%,Preset_27,MLP,42,82,"[896, 640, 384, 192]",mean,L2,64,4,896,silu,0.4,Adam,,0.0001,0.0,True,0.85,"[1, 2, 3]","[1, 2]",[0.68794326 2.1920904  0.91725768],0.02,1.0,0.11552,2.36046,0.5,0.36364,"[0.66667, 0.0, 0.42424]",285,0.15886,2.73394,0.52273,0.46283,"[0.65116, 0.28571, 0.45161]",223,COMPLETED,12.627
348,20260108_002650,gaitset_OUMVLP_TOP50.csv,50%,Preset_27,MLP,42,66,"[896, 640, 384, 192]",mean,L2,64,4,896,silu,0.4,Adam,,0.0001,0.0,True,0.85,"[1, 2, 3]","[1, 2]",[0.68794326 2.1920904  0.91725768],0.02,1.0,0.11606,2.24785,0.5,0.40628,"[0.65217, 0.16667, 0.4]",647,0.22484,2.17493,0.63636,0.59272,"[0.68293, 0.42857, 0.66667]",512,COMPLETED,28.126
349,20260108_002650,gaitset_TOP50.csv,50%,Preset_27,MLP,42,45,"[896, 640, 384, 192]",mean,L2,64,4,896,silu,0.4,Adam,,0.0001,0.0,True,0.85,"[1, 2, 3]","[1, 2]",[0.68794326 2.1920904  0.91725768],0.02,1.0,0.11886,1.90758,0.52273,0.46193,"[0.63636, 0.26667, 0.48276]",492,0.12714,1.84986,0.61364,0.54569,"[0.69767, 0.33333, 0.60606]",454,COMPLETED,21.534
350,20260108_002650,gln_phase1_TOP50.csv,50%,Preset_27,MLP,42,60,"[896, 640, 384, 192]",mean,L2,64,4,896,silu,0.4,Adam,,0.0001,0.0,True,0.85,"[1, 2, 3]","[1, 2]",[0.68794326 2.1920904  0.91725768],0.02,1.0,0.11443,2.10513,0.56818,0.53276,"[0.63636, 0.42857, 0.53333]",361,0.17517,2.11693,0.56818,0.53903,"[0.62222, 0.46154, 0.53333]",242,COMPLETED,15.77
351,20260108_002650,gln_phase2_TOP50.csv,50%,Preset_27,MLP,42,66,"[896, 640, 384, 192]",mean,L2,64,4,896,silu,0.4,Adam,,0.0001,0.0,True,0.85,"[1, 2, 3]","[1, 2]",[0.68794326 2.1920904  0.91725768],0.02,1.0,0.11195,1.98105,0.54545,0.45743,"[0.61905, 0.18182, 0.57143]",349,0.15993,2.1054,0.54545,0.46128,"[0.57778, 0.2, 0.60606]",281,COMPLETED,15.457

352,20260108_002650,baseline_CASIAB_TOP50.csv,50%,Preset_28,MLP,42,26,"[768, 512, 384, 256]",mean,L2,64,4,768,silu,0.5,Adam,,0.0002,5e-07,True,0.7,"[1, 2]","[1, 2, 3]",[0.68794326 2.1920904  0.91725768],0.02,1.0,0.11661,1.89001,0.52273,0.42228,"[0.65306, 0.2, 0.41379]",803,0.1331,1.76682,0.61364,0.54123,"[0.70833, 0.36364, 0.55172]",703,STOPPED,34.025
353,20260108_002650,baseline_OUMVLP_TOP50.csv,50%,Preset_28,MLP,42,22,"[768, 512, 384, 256]",mean,L2,64,4,768,silu,0.5,Adam,,0.0002,5e-07,True,0.7,"[1, 2]","[1, 2, 3]",[0.68794326 2.1920904  0.91725768],0.02,1.0,0.12343,2.02906,0.43182,0.33333,"[0.5, 0.0, 0.5]",1179,0.74259,1.20272,0.52273,0.47483,"[0.55814, 0.28571, 0.58065]",259,STOPPED,49.483
354,20260108_002650,gaitgl_GREW_BNNeck_TOP50.csv,50%,Preset_28,MLP,42,36,"[768, 512, 384, 256]",mean,L2,64,4,768,silu,0.5,Adam,,0.0002,5e-07,True,0.7,"[1, 2]","[1, 2, 3]",[0.68794326 2.1920904  0.91725768],0.02,1.0,0.11543,2.46278,0.43182,0.3287,"[0.54167, 0.0, 0.44444]",628,0.55897,2.04765,0.47727,0.41017,"[0.54545, 0.13333, 0.55172]",160,COMPLETED,26.457
355,20260108_002650,gaitgl_GREW_TOP50.csv,50%,Preset_28,MLP,42,56,"[768, 512, 384, 256]",mean,L2,64,4,768,silu,0.5,Adam,,0.0002,5e-07,True,0.7,"[1, 2]","[1, 2, 3]",[0.68794326 2.1920904  0.91725768],0.02,1.0,0.11813,2.42621,0.45455,0.33995,"[0.55319, 0.0, 0.46667]",423,0.19533,2.62281,0.5,0.38068,"[0.6087, 0.0, 0.53333]",281,COMPLETED,17.969
356,20260108_002650,gaitgl_OUMVLP_TOP50.csv,50%,Preset_28,MLP,42,31,"[768, 512, 384, 256]",mean,L2,64,4,768,silu,0.5,Adam,,0.0002,5e-07,True,0.7,"[1, 2]","[1, 2, 3]",[0.68794326 2.1920904  0.91725768],0.02,1.0,0.11752,1.97595,0.5,0.46605,"[0.56522, 0.35294, 0.48]",1265,0.47077,1.44246,0.56818,0.53796,"[0.60465, 0.42857, 0.58065]",658,COMPLETED,53.455
357,20260108_002650,gaitgl_TOP50.csv,50%,Preset_28,MLP,42,28,"[768, 512, 384, 256]",mean,L2,64,4,768,silu,0.5,Adam,,0.0002,5e-07,True,0.7,"[1, 2]","[1, 2, 3]",[0.68794326 2.1920904  0.91725768],0.02,1.0,0.11914,2.6363,0.34091,0.28937,"[0.43478, 0.16667, 0.26667]",845,0.7006,1.34182,0.45455,0.4262,"[0.51282, 0.33333, 0.43243]",119,COMPLETED,35.668
358,20260108_002650,gaitpart_GREW_TOP50.csv,50%,Preset_28,MLP,42,40,"[768, 512, 384, 256]",mean,L2,64,4,768,silu,0.5,Adam,,0.0002,5e-07,True,0.7,"[1, 2]","[1, 2, 3]",[0.68794326 2.1920904  0.91725768],0.02,1.0,0.11435,1.73112,0.52273,0.51873,"[0.58537, 0.53333, 0.4375]",549,0.15165,1.70483,0.65909,0.61258,"[0.76596, 0.53333, 0.53846]",386,COMPLETED,23.419
359,20260108_002650,gaitpart_OUMVLP_TOP50.csv,50%,Preset_28,MLP,42,31,"[768, 512, 384, 256]",mean,L2,64,4,768,silu,0.5,Adam,,0.0002,5e-07,True,0.7,"[1, 2]","[1, 2, 3]",[0.68794326 2.1920904  0.91725768],0.02,1.0,0.11339,2.08077,0.47727,0.43977,"[0.51163, 0.30769, 0.5]",1067,0.54692,1.49846,0.59091,0.58655,"[0.6, 0.57143, 0.58824]",550,COMPLETED,45.192
360,20260108_002650,gaitset_GREW_TOP50.csv,50%,Preset_28,MLP,42,43,"[768, 512, 384, 256]",mean,L2,64,4,768,silu,0.5,Adam,,0.0002,5e-07,True,0.7,"[1, 2]","[1, 2, 3]",[0.68794326 2.1920904  0.91725768],0.02,1.0,0.11974,2.11907,0.52273,0.42089,"[0.68085, 0.18182, 0.4]",423,0.34916,2.41487,0.56818,0.45869,"[0.75556, 0.15385, 0.46667]",195,COMPLETED,17.857
361,20260108_002650,gaitset_OUMVLP_TOP50.csv,50%,Preset_28,MLP,42,31,"[768, 512, 384, 256]",mean,L2,64,4,768,silu,0.5,Adam,,0.0002,5e-07,True,0.7,"[1, 2]","[1, 2, 3]",[0.68794326 2.1920904  0.91725768],0.02,1.0,0.11224,2.23159,0.47727,0.35072,"[0.65217, 0.0, 0.4]",977,0.61192,1.55199,0.5,0.44733,"[0.60465, 0.28571, 0.45161]",429,COMPLETED,41.273
362,20260108_002650,gaitset_TOP50.csv,50%,Preset_28,MLP,42,18,"[768, 512, 384, 256]",mean,L2,64,4,768,silu,0.5,Adam,,0.0002,5e-07,True,0.7,"[1, 2]","[1, 2, 3]",[0.68794326 2.1920904  0.91725768],0.02,1.0,0.13572,2.29319,0.5,0.45238,"[0.57143, 0.28571, 0.5]",1195,0.1327,2.22847,0.54545,0.51266,"[0.60465, 0.4, 0.53333]",1019,STOPPED,50.769
363,20260108_002650,gln_phase1_TOP50.csv,50%,Preset_28,MLP,42,26,"[768, 512, 384, 256]",mean,L2,64,4,768,silu,0.5,Adam,,0.0002,5e-07,True,0.7,"[1, 2]","[1, 2, 3]",[0.68794326 2.1920904  0.91725768],0.02,1.0,0.12979,2.03304,0.59091,0.58368,"[0.63415, 0.57143, 0.54545]",738,0.13315,1.89968,0.61364,0.6211,"[0.63415, 0.66667, 0.5625]",523,STOPPED,31.341
364,20260108_002650,gln_phase2_TOP50.csv,50%,Preset_28,MLP,42,29,"[768, 512, 384, 256]",mean,L2,64,4,768,silu,0.5,Adam,,0.0002,5e-07,True,0.7,"[1, 2]","[1, 2, 3]",[0.68794326 2.1920904  0.91725768],0.02,1.0,0.11637,2.20913,0.45455,0.4262,"[0.51282, 0.33333, 0.43243]",675,0.34193,1.72325,0.56818,0.51977,"[0.5641, 0.36364, 0.63158]",276,COMPLETED,28.511

365,20260108_002650,baseline_CASIAB_TOP50.csv,50%,Preset_29,MLP,42,14,"[1024, 512, 256, 128]",mean,,32,4,1024,gelu,0.2,AdamW,,0.0003,1e-05,True,0.6,"[2, 3, 4]","[1, 3]",[0.68794326 2.1920904  0.91725768],0.02,1.0,0.11408,2.17742,0.43182,0.4127,"[0.47619, 0.33333, 0.42857]",191,0.34952,1.50281,0.56818,0.54332,"[0.65217, 0.53333, 0.44444]",85,COMPLETED,14.232
366,20260108_002650,baseline_OUMVLP_TOP50.csv,50%,Preset_29,MLP,42,12,"[1024, 512, 256, 128]",mean,,32,4,1024,gelu,0.2,AdamW,,0.0003,1e-05,True,0.6,"[2, 3, 4]","[1, 3]",[0.68794326 2.1920904  0.91725768],0.02,1.0,0.11177,1.90985,0.47727,0.35573,"[0.51163, 0.0, 0.55556]",209,0.46678,1.2376,0.52273,0.49692,"[0.51282, 0.35294, 0.625]",72,COMPLETED,15.535
367,20260108_002650,gaitgl_GREW_BNNeck_TOP50.csv,50%,Preset_29,MLP,42,21,"[1024, 512, 256, 128]",mean,,32,4,1024,gelu,0.2,AdamW,,0.0003,1e-05,True,0.6,"[2, 3, 4]","[1, 3]",[0.68794326 2.1920904  0.91725768],0.02,1.0,0.11338,2.30887,0.31818,0.28154,"[0.36842, 0.13333, 0.34286]",392,0.74039,1.38075,0.47727,0.42911,"[0.58537, 0.23529, 0.46667]",185,COMPLETED,28.743
368,20260108_002650,gaitgl_GREW_TOP50.csv,50%,Preset_29,MLP,42,24,"[1024, 512, 256, 128]",mean,,32,4,1024,gelu,0.2,AdamW,,0.0003,1e-05,True,0.6,"[2, 3, 4]","[1, 3]",[0.68794326 2.1920904  0.91725768],0.02,1.0,0.11141,1.96847,0.52273,0.38943,"[0.65217, 0.0, 0.51613]",57,0.68825,1.03402,0.54545,0.5127,"[0.57143, 0.3, 0.66667]",7,COMPLETED,4.256
369,20260108_002650,gaitgl_OUMVLP_TOP50.csv,50%,Preset_29,MLP,42,7,"[1024, 512, 256, 128]",mean,,32,4,1024,gelu,0.2,AdamW,,0.0003,1e-05,True,0.6,"[2, 3, 4]","[1, 3]",[0.68794326 2.1920904  0.91725768],0.02,1.0,0.11415,2.29731,0.40909,0.35119,"[0.5, 0.125, 0.42857]",283,0.14479,2.34839,0.52273,0.47483,"[0.55814, 0.28571, 0.58065]",187,COMPLETED,21.146
370,20260108_002650,gaitgl_TOP50.csv,50%,Preset_29,MLP,42,11,"[1024, 512, 256, 128]",mean,,32,4,1024,gelu,0.2,AdamW,,0.0003,1e-05,True,0.6,"[2, 3, 4]","[1, 3]",[0.68794326 2.1920904  0.91725768],0.02,1.0,0.1157,1.79438,0.52273,0.49716,"[0.55814, 0.4, 0.53333]",147,0.29934,1.40925,0.61364,0.57006,"[0.72727, 0.44444, 0.53846]",47,COMPLETED,10.993
371,20260108_002650,gaitpart_GREW_TOP50.csv,50%,Preset_29,MLP,42,25,"[1024, 512, 256, 128]",mean,,32,4,1024,gelu,0.2,AdamW,,0.0003,1e-05,True,0.6,"[2, 3, 4]","[1, 3]",[0.68794326 2.1920904  0.91725768],0.02,1.0,0.11479,2.03854,0.52273,0.48718,"[0.6, 0.46154, 0.4]",174,0.73068,1.09598,0.56818,0.56313,"[0.55, 0.53333, 0.60606]",65,COMPLETED,12.932
372,20260108_002650,gaitpart_OUMVLP_TOP50.csv,50%,Preset_29,MLP,42,15,"[1024, 512, 256, 128]",mean,,32,4,1024,gelu,0.2,AdamW,,0.0003,1e-05,True,0.6,"[2, 3, 4]","[1, 3]",[0.68794326 2.1920904  0.91725768],0.02,1.0,0.11174,2.14453,0.43182,0.36598,"[0.51064, 0.14286, 0.44444]",165,0.42452,1.62279,0.52273,0.47028,"[0.54545, 0.25, 0.61538]",55,COMPLETED,12.186
373,20260108_002650,gaitset_GREW_TOP50.csv,50%,Preset_29,MLP,42,25,"[1024, 512, 256, 128]",mean,,32,4,1024,gelu,0.2,AdamW,,0.0003,1e-05,True,0.6,"[2, 3, 4]","[1, 3]",[0.68794326 2.1920904  0.91725768],0.02,1.0,0.11851,2.80107,0.34091,0.24921,"[0.53333, 0.0, 0.21429]",221,0.74955,1.41929,0.43182,0.42479,"[0.5, 0.30769, 0.46667]",100,COMPLETED,16.322
374,20260108_002650,gaitset_OUMVLP_TOP50.csv,50%,Preset_29,MLP,42,16,"[1024, 512, 256, 128]",mean,,32,4,1024,gelu,0.2,AdamW,,0.0003,1e-05,True,0.6,"[2, 3, 4]","[1, 3]",[0.68794326 2.1920904  0.91725768],0.02,1.0,0.11218,1.96821,0.5,0.3925,"[0.57143, 0.0, 0.60606]",228,0.12727,2.17767,0.52273,0.44434,"[0.61905, 0.13333, 0.58065]",182,COMPLETED,17.044
375,20260108_002650,gaitset_TOP50.csv,50%,Preset_29,MLP,42,10,"[1024, 512, 256, 128]",mean,,32,4,1024,gelu,0.2,AdamW,,0.0003,1e-05,True,0.6,"[2, 3, 4]","[1, 3]",[0.68794326 2.1920904  0.91725768],0.02,1.0,0.11743,1.96741,0.5,0.4151,"[0.6087, 0.15385, 0.48276]",340,0.12558,1.90135,0.54545,0.45072,"[0.65217, 0.16667, 0.53333]",313,COMPLETED,25.106
376,20260108_002650,gln_phase1_TOP50.csv,50%,Preset_29,MLP,42,14,"[1024, 512, 256, 128]",mean,,32,4,1024,gelu,0.2,AdamW,,0.0003,1e-05,True,0.6,"[2, 3, 4]","[1, 3]",[0.68794326 2.1920904  0.91725768],0.02,1.0,0.1127,1.78248,0.52273,0.49585,"[0.57143, 0.4, 0.51613]",236,0.63346,1.065,0.61364,0.58772,"[0.57895, 0.5, 0.68421]",78,COMPLETED,17.446
377,20260108_002650,gln_phase2_TOP50.csv,50%,Preset_29,MLP,42,15,"[1024, 512, 256, 128]",mean,,32,4,1024,gelu,0.2,AdamW,,0.0003,1e-05,True,0.6,"[2, 3, 4]","[1, 3]",[0.68794326 2.1920904  0.91725768],0.02,1.0,0.11353,2.44513,0.43182,0.37277,"[0.45, 0.18182, 0.48649]",243,0.322,1.76138,0.54545,0.51679,"[0.57895, 0.4, 0.57143]",135,COMPLETED,18.114

378,20260108_002650,baseline_CASIAB_TOP50.csv,50%,Preset_30,MLP,42,23,"[384, 384, 192]",mean,,48,3,384,silu,0.15,Adam,,0.0006,0.0,True,0.7,"[2, 3]","[1, 3]",[0.68794326 2.1920904  0.91725768],0.02,1.0,0.11427,1.56419,0.56818,0.55114,"[0.59091, 0.5, 0.5625]",170,0.13336,1.60544,0.65909,0.64296,"[0.68182, 0.6, 0.64706]",129,COMPLETED,8.486
379,20260108_002650,baseline_OUMVLP_TOP50.csv,50%,Preset_30,MLP,42,21,"[384, 384, 192]",mean,,48,3,384,silu,0.15,Adam,,0.0006,0.0,True,0.7,"[2, 3]","[1, 3]",[0.68794326 2.1920904  0.91725768],0.02,1.0,0.11739,1.84823,0.45455,0.38936,"[0.47368, 0.15385, 0.54054]",157,0.52152,1.31627,0.63636,0.52418,"[0.70588, 0.2, 0.66667]",57,COMPLETED,7.49
380,20260108_002650,gaitgl_GREW_BNNeck_TOP50.csv,50%,Preset_30,MLP,42,34,"[384, 384, 192]",mean,,48,3,384,silu,0.15,Adam,,0.0006,0.0,True,0.7,"[2, 3]","[1, 3]",[0.68794326 2.1920904  0.91725768],0.02,1.0,0.11931,3.21969,0.31818,0.24339,"[0.44444, 0.0, 0.28571]",291,0.71123,1.69766,0.36364,0.34381,"[0.42105, 0.18182, 0.42857]",152,COMPLETED,13.785
381,20260108_002650,gaitgl_GREW_TOP50.csv,50%,Preset_30,MLP,42,43,"[384, 384, 192]",mean,,48,3,384,silu,0.15,Adam,,0.0006,0.0,True,0.7,"[2, 3]","[1, 3]",[0.68794326 2.1920904  0.91725768],0.02,1.0,0.11723,2.06181,0.43182,0.36508,"[0.53333, 0.13333, 0.42857]",48,0.70533,1.21974,0.5,0.39611,"[0.59574, 0.0, 0.59259]",6,COMPLETED,2.293
382,20260108_002650,gaitgl_OUMVLP_TOP50.csv,50%,Preset_30,MLP,42,18,"[384, 384, 192]",mean,,48,3,384,silu,0.15,Adam,,0.0006,0.0,True,0.7,"[2, 3]","[1, 3]",[0.68794326 2.1920904  0.91725768],0.02,1.0,0.11704,2.28368,0.34091,0.28882,"[0.45455, 0.15385, 0.25806]",155,0.3312,1.62645,0.52273,0.46334,"[0.61224, 0.33333, 0.44444]",43,COMPLETED,7.545
383,20260108_002650,gaitgl_TOP50.csv,50%,Preset_30,MLP,42,22,"[384, 384, 192]",mean,,48,3,384,silu,0.15,Adam,,0.0006,0.0,True,0.7,"[2, 3]","[1, 3]",[0.68794326 2.1920904  0.91725768],0.02,1.0,0.11737,2.31819,0.43182,0.36854,"[0.52381, 0.18182, 0.4]",108,0.18767,2.01621,0.52273,0.48513,"[0.51282, 0.36364, 0.57895]",45,COMPLETED,5.28
384,20260108_002650,gaitpart_GREW_TOP50.csv,50%,Preset_30,MLP,42,39,"[384, 384, 192]",mean,,48,3,384,silu,0.15,Adam,,0.0006,0.0,True,0.7,"[2, 3]","[1, 3]",[0.68794326 2.1920904  0.91725768],0.02,1.0,0.11449,1.77439,0.56818,0.54464,"[0.65116, 0.5, 0.48276]",125,0.45058,1.20752,0.61364,0.60342,"[0.64865, 0.55556, 0.60606]",60,COMPLETED,6.12
385,20260108_002650,gaitpart_OUMVLP_TOP50.csv,50%,Preset_30,MLP,42,27,"[384, 384, 192]",mean,,48,3,384,silu,0.15,Adam,,0.0006,0.0,True,0.7,"[2, 3]","[1, 3]",[0.68794326 2.1920904  0.91725768],0.02,1.0,0.11566,1.57035,0.63636,0.52923,"[0.68182, 0.2, 0.70588]",112,0.12057,1.56375,0.68182,0.64006,"[0.71429, 0.5, 0.70588]",107,COMPLETED,5.487
386,20260108_002650,gaitset_GREW_TOP50.csv,50%,Preset_30,MLP,42,41,"[384, 384, 192]",mean,,48,3,384,silu,0.15,Adam,,0.0006,0.0,True,0.7,"[2, 3]","[1, 3]",[0.68794326 2.1920904  0.91725768],0.02,1.0,0.11734,2.49566,0.45455,0.39947,"[0.61905, 0.22222, 0.35714]",174,0.13455,2.57486,0.52273,0.46264,"[0.68293, 0.22222, 0.48276]",155,COMPLETED,8.414
387,20260108_002650,gaitset_OUMVLP_TOP50.csv,50%,Preset_30,MLP,42,28,"[384, 384, 192]",mean,,48,3,384,silu,0.15,Adam,,0.0006,0.0,True,0.7,"[2, 3]","[1, 3]",[0.68794326 2.1920904  0.91725768],0.02,1.0,0.11645,2.08576,0.52273,0.38744,"[0.69565, 0.0, 0.46667]",153,0.11931,2.11105,0.61364,0.50241,"[0.77273, 0.15385, 0.58065]",145,COMPLETED,7.435
388,20260108_002650,gaitset_TOP50.csv,50%,Preset_30,MLP,42,17,"[384, 384, 192]",mean,,48,3,384,silu,0.15,Adam,,0.0006,0.0,True,0.7,"[2, 3]","[1, 3]",[0.68794326 2.1920904  0.91725768],0.02,1.0,0.11834,2.37187,0.40909,0.35737,"[0.4878, 0.11765, 0.46667]",256,0.1327,2.19465,0.47727,0.41667,"[0.5, 0.125, 0.625]",208,COMPLETED,12.588
389,20260108_002650,gln_phase1_TOP50.csv,50%,Preset_30,MLP,42,24,"[384, 384, 192]",mean,,48,3,384,silu,0.15,Adam,,0.0006,0.0,True,0.7,"[2, 3]","[1, 3]",[0.68794326 2.1920904  0.91725768],0.02,1.0,0.11452,1.76883,0.54545,0.54228,"[0.5641, 0.53333, 0.52941]",188,0.2158,1.43989,0.63636,0.61569,"[0.66667, 0.53333, 0.64706]",109,COMPLETED,8.988
390,20260108_002650,gln_phase2_TOP50.csv,50%,Preset_30,MLP,42,27,"[384, 384, 192]",mean,,48,3,384,silu,0.15,Adam,,0.0006,0.0,True,0.7,"[2, 3]","[1, 3]",[0.68794326 2.1920904  0.91725768],0.02,1.0,0.11872,2.17758,0.52273,0.44259,"[0.55, 0.16667, 0.61111]",178,0.12392,2.11746,0.56818,0.51526,"[0.57143, 0.30769, 0.66667]",167,COMPLETED,8.666

391,20260108_002650,baseline_CASIAB_TOP50.csv,50%,Preset_31,MLP,42,33,"[640, 640, 512]",mean,L2,96,3,640,silu,0.4,AdamW,,0.00015,1e-05,True,0.75,"[1, 2, 3]","[2, 3]",[0.68794326 2.1920904  0.91725768],0.02,1.0,0.11378,1.71074,0.54545,0.48673,"[0.63636, 0.30769, 0.51613]",361,0.28924,1.59768,0.61364,0.55556,"[0.66667, 0.4, 0.6]",107,COMPLETED,11.386
392,20260108_002650,baseline_OUMVLP_TOP50.csv,50%,Preset_31,MLP,42,29,"[640, 640, 512]",mean,L2,96,3,640,silu,0.4,AdamW,,0.00015,1e-05,True,0.75,"[1, 2, 3]","[2, 3]",[0.68794326 2.1920904  0.91725768],0.02,1.0,0.11849,1.95129,0.52273,0.51974,"[0.4878, 0.5, 0.57143]",582,0.19565,2.01816,0.61364,0.58894,"[0.5641, 0.5, 0.7027]",306,COMPLETED,18.186
393,20260108_002650,gaitgl_GREW_BNNeck_TOP50.csv,50%,Preset_31,MLP,42,45,"[640, 640, 512]",mean,L2,96,3,640,silu,0.4,AdamW,,0.00015,1e-05,True,0.75,"[1, 2, 3]","[2, 3]",[0.68794326 2.1920904  0.91725768],0.02,1.0,0.1173,2.15839,0.54545,0.40833,"[0.625, 0.0, 0.6]",235,0.13935,2.31962,0.54545,0.51428,"[0.59574, 0.42857, 0.51852]",148,COMPLETED,7.563
394,20260108_002650,gaitgl_GREW_TOP50.csv,50%,Preset_31,MLP,42,68,"[640, 640, 512]",mean,L2,96,3,640,silu,0.4,AdamW,,0.00015,1e-05,True,0.75,"[1, 2, 3]","[2, 3]",[0.68794326 2.1920904  0.91725768],0.02,1.0,0.11268,2.43569,0.45455,0.35533,"[0.53659, 0.0, 0.52941]",285,0.5598,1.46489,0.54545,0.45707,"[0.6087, 0.2, 0.5625]",75,COMPLETED,8.957
395,20260108_002650,gaitgl_OUMVLP_TOP50.csv,50%,Preset_31,MLP,42,42,"[640, 640, 512]",mean,L2,96,3,640,silu,0.4,AdamW,,0.00015,1e-05,True,0.75,"[1, 2, 3]","[2, 3]",[0.68794326 2.1920904  0.91725768],0.02,1.0,0.11973,2.01637,0.45455,0.43915,"[0.48889, 0.4, 0.42857]",901,0.20913,1.72387,0.61364,0.58132,"[0.68, 0.54545, 0.51852]",536,COMPLETED,28.219
396,20260108_002650,gaitgl_TOP50.csv,50%,Preset_31,MLP,42,35,"[640, 640, 512]",mean,L2,96,3,640,silu,0.4,AdamW,,0.00015,1e-05,True,0.75,"[1, 2, 3]","[2, 3]",[0.68794326 2.1920904  0.91725768],0.02,1.0,0.11869,2.18579,0.47727,0.35324,"[0.62222, 0.0, 0.4375]",232,0.11756,2.1443,0.5,0.4135,"[0.62222, 0.16667, 0.45161]",212,COMPLETED,7.391
397,20260108_002650,gaitpart_GREW_TOP50.csv,50%,Preset_31,MLP,42,49,"[640, 640, 512]",mean,L2,96,3,640,silu,0.4,AdamW,,0.00015,1e-05,True,0.75,"[1, 2, 3]","[2, 3]",[0.68794326 2.1920904  0.91725768],0.02,1.0,0.11451,1.40594,0.56818,0.52596,"[0.65116, 0.375, 0.55172]",320,0.23784,1.24932,0.59091,0.57878,"[0.63158, 0.53333, 0.57143]",146,COMPLETED,10.112
398,20260108_002650,gaitpart_OUMVLP_TOP50.csv,50%,Preset_31,MLP,42,40,"[640, 640, 512]",mean,L2,96,3,640,silu,0.4,AdamW,,0.00015,1e-05,True,0.75,"[1, 2, 3]","[2, 3]",[0.68794326 2.1920904  0.91725768],0.02,1.0,0.11909,2.38901,0.45455,0.419,"[0.46154, 0.25, 0.54545]",854,0.53272,1.35807,0.59091,0.56257,"[0.63158, 0.46154, 0.59459]",371,COMPLETED,26.776
399,20260108_002650,gaitset_GREW_TOP50.csv,50%,Preset_31,MLP,42,53,"[640, 640, 512]",mean,L2,96,3,640,silu,0.4,AdamW,,0.00015,1e-05,True,0.75,"[1, 2, 3]","[2, 3]",[0.68794326 2.1920904  0.91725768],0.02,1.0,0.11498,2.19064,0.52273,0.42448,"[0.69565, 0.13333, 0.44444]",241,0.12752,2.14203,0.56818,0.50029,"[0.68182, 0.28571, 0.53333]",196,COMPLETED,7.762
400,20260108_002650,gaitset_OUMVLP_TOP50.csv,50%,Preset_31,MLP,42,40,"[640, 640, 512]",mean,L2,96,3,640,silu,0.4,AdamW,,0.00015,1e-05,True,0.75,"[1, 2, 3]","[2, 3]",[0.68794326 2.1920904  0.91725768],0.02,1.0,0.11993,2.23842,0.43182,0.36277,"[0.54545, 0.14286, 0.4]",759,0.56107,1.49222,0.56818,0.51481,"[0.6, 0.33333, 0.61111]",317,COMPLETED,23.822
401,20260108_002650,gaitset_TOP50.csv,50%,Preset_31,MLP,42,24,"[640, 640, 512]",mean,L2,96,3,640,silu,0.4,AdamW,,0.00015,1e-05,True,0.75,"[1, 2, 3]","[2, 3]",[0.68794326 2.1920904  0.91725768],0.02,1.0,0.11641,2.40216,0.45455,0.36957,"[0.6087, 0.14286, 0.35714]",487,0.12665,2.47456,0.52273,0.4743,"[0.6383, 0.4, 0.38462]",451,COMPLETED,15.234
402,20260108_002650,gln_phase1_TOP50.csv,50%,Preset_31,MLP,42,34,"[640, 640, 512]",mean,L2,96,3,640,silu,0.4,AdamW,,0.00015,1e-05,True,0.75,"[1, 2, 3]","[2, 3]",[0.68794326 2.1920904  0.91725768],0.02,1.0,0.11542,1.91448,0.54545,0.51335,"[0.65116, 0.44444, 0.44444]",345,0.12561,1.9152,0.61364,0.59292,"[0.68293, 0.53333, 0.5625]",294,COMPLETED,10.972
403,20260108_002650,gln_phase2_TOP50.csv,50%,Preset_31,MLP,42,38,"[640, 640, 512]",mean,L2,96,3,640,silu,0.4,AdamW,,0.00015,1e-05,True,0.75,"[1, 2, 3]","[2, 3]",[0.68794326 2.1920904  0.91725768],0.02,1.0,0.11848,1.87855,0.56818,0.51444,"[0.61538, 0.33333, 0.59459]",307,0.12973,1.91304,0.59091,0.53148,"[0.65, 0.33333, 0.61111]",287,COMPLETED,9.819

404,20260108_002650,baseline_CASIAB_TOP50.csv,50%,Preset_32,MLP,42,42,"[768, 512, 256]",mean,L2,80,3,768,silu,0.4,Adam,,0.00015,2e-07,True,0.8,"[1, 2]","[1, 2]",[0.68794326 2.1920904  0.91725768],0.02,1.0,0.11856,1.77948,0.52273,0.4623,"[0.625, 0.33333, 0.42857]",539,0.14978,2.04703,0.54545,0.49923,"[0.60465, 0.36364, 0.52941]",329,COMPLETED,16.505
405,20260108_002650,baseline_OUMVLP_TOP50.csv,50%,Preset_32,MLP,42,39,"[768, 512, 256]",mean,L2,80,3,768,silu,0.4,Adam,,0.00015,2e-07,True,0.8,"[1, 2]","[1, 2]",[0.68794326 2.1920904  0.91725768],0.02,1.0,0.11451,1.56879,0.52273,0.49858,"[0.47368, 0.375, 0.64706]",686,0.12411,1.67616,0.59091,0.5641,"[0.5641, 0.46154, 0.66667]",559,COMPLETED,21.103
406,20260108_002650,gaitgl_GREW_BNNeck_TOP50.csv,50%,Preset_32,MLP,42,57,"[768, 512, 256]",mean,L2,80,3,768,silu,0.4,Adam,,0.00015,2e-07,True,0.8,"[1, 2]","[1, 2]",[0.68794326 2.1920904  0.91725768],0.02,1.0,0.11473,2.13412,0.40909,0.2955,"[0.54167, 0.0, 0.34483]",399,0.12858,2.18989,0.52273,0.48027,"[0.61224, 0.42857, 0.4]",363,COMPLETED,12.436
407,20260108_002650,gaitgl_GREW_TOP50.csv,50%,Preset_32,MLP,42,82,"[768, 512, 256]",mean,L2,80,3,768,silu,0.4,Adam,,0.00015,2e-07,True,0.8,"[1, 2]","[1, 2]",[0.68794326 2.1920904  0.91725768],0.02,1.0,0.11803,2.31582,0.45455,0.3842,"[0.55814, 0.14286, 0.45161]",305,0.62536,1.62298,0.47727,0.40696,"[0.57143, 0.13333, 0.51613]",130,COMPLETED,9.447
408,20260108_002650,gaitgl_OUMVLP_TOP50.csv,50%,Preset_32,MLP,42,57,"[768, 512, 256]",mean,L2,80,3,768,silu,0.4,Adam,,0.00015,2e-07,True,0.8,"[1, 2]","[1, 2]",[0.68794326 2.1920904  0.91725768],0.02,1.0,0.11577,1.89711,0.52273,0.51063,"[0.56522, 0.5, 0.46667]",744,0.26973,1.91182,0.59091,0.56629,"[0.63636, 0.5, 0.5625]",525,COMPLETED,22.929
409,20260108_002650,gaitgl_TOP50.csv,50%,Preset_32,MLP,42,44,"[768, 512, 256]",mean,L2,80,3,768,silu,0.4,Adam,,0.00015,2e-07,True,0.8,"[1, 2]","[1, 2]",[0.68794326 2.1920904  0.91725768],0.02,1.0,0.11799,1.76001,0.38636,0.29582,"[0.52381, 0.0, 0.36364]",533,0.11759,1.74063,0.47727,0.40556,"[0.55, 0.16667, 0.5]",525,COMPLETED,16.322
410,20260108_002650,gaitpart_GREW_TOP50.csv,50%,Preset_32,MLP,42,61,"[768, 512, 256]",mean,L2,80,3,768,silu,0.4,Adam,,0.00015,2e-07,True,0.8,"[1, 2]","[1, 2]",[0.68794326 2.1920904  0.91725768],0.02,1.0,0.11929,1.50999,0.56818,0.51176,"[0.6383, 0.36364, 0.53333]",351,0.13249,1.57982,0.63636,0.57239,"[0.71111, 0.4, 0.60606]",300,COMPLETED,10.864
411,20260108_002650,gaitpart_OUMVLP_TOP50.csv,50%,Preset_32,MLP,42,50,"[768, 512, 256]",mean,L2,80,3,768,silu,0.4,Adam,,0.00015,2e-07,True,0.8,"[1, 2]","[1, 2]",[0.68794326 2.1920904  0.91725768],0.02,1.0,0.11979,1.82256,0.47727,0.43899,"[0.4878, 0.26667, 0.5625]",780,0.14113,1.97567,0.56818,0.55323,"[0.5641, 0.47059, 0.625]",688,COMPLETED,23.727
412,20260108_002650,gaitset_GREW_TOP50.csv,50%,Preset_32,MLP,42,66,"[768, 512, 256]",mean,L2,80,3,768,silu,0.4,Adam,,0.00015,2e-07,True,0.8,"[1, 2]","[1, 2]",[0.68794326 2.1920904  0.91725768],0.02,1.0,0.11792,2.12319,0.47727,0.39244,"[0.63636, 0.15385, 0.3871]",323,0.14139,2.48349,0.52273,0.45409,"[0.68182, 0.26667, 0.41379]",236,COMPLETED,10.001
413,20260108_002650,gaitset_OUMVLP_TOP50.csv,50%,Preset_32,MLP,42,51,"[768, 512, 256]",mean,L2,80,3,768,silu,0.4,Adam,,0.00015,2e-07,True,0.8,"[1, 2]","[1, 2]",[0.68794326 2.1920904  0.91725768],0.02,1.0,0.11826,1.9656,0.52273,0.43672,"[0.65116, 0.14286, 0.51613]",619,0.15411,2.12699,0.59091,0.52134,"[0.69767, 0.28571, 0.58065]",517,COMPLETED,19.043
414,20260108_002650,gaitset_TOP50.csv,50%,Preset_32,MLP,42,33,"[768, 512, 256]",mean,L2,80,3,768,silu,0.4,Adam,,0.00015,2e-07,True,0.8,"[1, 2]","[1, 2]",[0.68794326 2.1920904  0.91725768],0.02,1.0,0.11884,2.16228,0.45455,0.41798,"[0.4878, 0.25, 0.51613]",754,0.18162,2.43243,0.5,0.4746,"[0.53659, 0.31579, 0.57143]",375,COMPLETED,23.173
415,20260108_002650,gln_phase1_TOP50.csv,50%,Preset_32,MLP,42,45,"[768, 512, 256]",mean,L2,80,3,768,silu,0.4,Adam,,0.00015,2e-07,True,0.8,"[1, 2]","[1, 2]",[0.68794326 2.1920904  0.91725768],0.02,1.0,0.11602,2.15852,0.52273,0.48747,"[0.60465, 0.375, 0.48276]",515,0.18185,2.2769,0.59091,0.54899,"[0.66667, 0.42857, 0.55172]",254,COMPLETED,15.991
416,20260108_002650,gln_phase2_TOP50.csv,50%,Preset_32,MLP,42,50,"[768, 512, 256]",mean,L2,80,3,768,silu,0.4,Adam,,0.00015,2e-07,True,0.8,"[1, 2]","[1, 2]",[0.68794326 2.1920904  0.91725768],0.02,1.0,0.11464,1.94774,0.45455,0.38889,"[0.5, 0.16667, 0.5]",488,0.13525,2.07752,0.52273,0.44298,"[0.55, 0.2, 0.57895]",363,COMPLETED,15.032

417,20260108_002650,baseline_CASIAB_TOP50.csv,50%,Preset_33,MLP,42,30,"[896, 896, 896, 896]",mean,,96,4,896,silu,0.45,AdamW,,0.00015,1e-05,True,0.75,"[1, 2, 3, 4]","[2, 3, 4]",[0.68794326 2.1920904  0.91725768],0.02,1.0,0.11277,2.1951,0.47727,0.43182,"[0.55814, 0.28571, 0.45161]",311,0.24248,2.11649,0.63636,0.57152,"[0.69388, 0.4, 0.62069]",155,COMPLETED,11.774
418,20260108_002650,baseline_OUMVLP_TOP50.csv,50%,Preset_33,MLP,42,28,"[896, 896, 896, 896]",mean,,96,4,896,silu,0.45,AdamW,,0.00015,1e-05,True,0.75,"[1, 2, 3, 4]","[2, 3, 4]",[0.68794326 2.1920904  0.91725768],0.02,1.0,0.11814,2.38843,0.40909,0.30996,"[0.47826, 0.0, 0.45161]",319,0.47958,1.84615,0.61364,0.58348,"[0.62222, 0.46154, 0.66667]",102,COMPLETED,11.946
419,20260108_002650,gaitgl_GREW_BNNeck_TOP50.csv,50%,Preset_33,MLP,42,44,"[896, 896, 896, 896]",mean,,96,4,896,silu,0.45,AdamW,,0.00015,1e-05,True,0.75,"[1, 2, 3, 4]","[2, 3, 4]",[0.68794326 2.1920904  0.91725768],0.02,1.0,0.11419,3.05974,0.43182,0.3715,"[0.48889, 0.14286, 0.48276]",762,0.11788,2.84586,0.52273,0.43504,"[0.6, 0.16667, 0.53846]",738,COMPLETED,28.509
420,20260108_002650,gaitgl_GREW_TOP50.csv,50%,Preset_33,MLP,42,56,"[896, 896, 896, 896]",mean,,96,4,896,silu,0.45,AdamW,,0.00015,1e-05,True,0.75,"[1, 2, 3, 4]","[2, 3, 4]",[0.68794326 2.1920904  0.91725768],0.02,1.0,0.1135,2.43121,0.52273,0.38611,"[0.625, 0.0, 0.53333]",84,0.11567,2.35456,0.54545,0.45452,"[0.6383, 0.15385, 0.57143]",80,COMPLETED,3.33
421,20260108_002650,gaitgl_OUMVLP_TOP50.csv,50%,Preset_33,MLP,42,28,"[896, 896, 896, 896]",mean,,96,4,896,silu,0.45,AdamW,,0.00015,1e-05,True,0.75,"[1, 2, 3, 4]","[2, 3, 4]",[0.68794326 2.1920904  0.91725768],0.02,1.0,0.11774,2.33405,0.54545,0.51266,"[0.60465, 0.4, 0.53333]",199,0.1195,2.3226,0.61364,0.56896,"[0.69767, 0.42857, 0.58065]",174,COMPLETED,7.66
422,20260108_002650,gaitgl_TOP50.csv,50%,Preset_33,MLP,42,29,"[896, 896, 896, 896]",mean,,96,4,896,silu,0.45,AdamW,,0.00015,1e-05,True,0.75,"[1, 2, 3, 4]","[2, 3, 4]",[0.68794326 2.1920904  0.91725768],0.02,1.0,0.11292,2.97862,0.38636,0.28506,"[0.46809, 0.0, 0.3871]",157,0.5618,1.44875,0.5,0.47197,"[0.55814, 0.375, 0.48276]",23,COMPLETED,5.885
423,20260108_002650,gaitpart_GREW_TOP50.csv,50%,Preset_33,MLP,42,48,"[896, 896, 896, 896]",mean,,96,4,896,silu,0.45,AdamW,,0.00015,1e-05,True,0.75,"[1, 2, 3, 4]","[2, 3, 4]",[0.68794326 2.1920904  0.91725768],0.02,1.0,0.11638,1.99831,0.61364,0.58695,"[0.68421, 0.47059, 0.60606]",257,0.16423,2.0271,0.65909,0.63519,"[0.75, 0.55556, 0.6]",185,COMPLETED,10.603
424,20260108_002650,gaitpart_OUMVLP_TOP50.csv,50%,Preset_33,MLP,42,35,"[896, 896, 896, 896]",mean,,96,4,896,silu,0.45,AdamW,,0.00015,1e-05,True,0.75,"[1, 2, 3, 4]","[2, 3, 4]",[0.68794326 2.1920904  0.91725768],0.02,1.0,0.11445,2.17829,0.52273,0.4757,"[0.51282, 0.28571, 0.62857]",218,0.66707,1.44648,0.59091,0.5798,"[0.6, 0.53333, 0.60606]",52,COMPLETED,8.251
425,20260108_002650,gaitset_GREW_TOP50.csv,50%,Preset_33,MLP,42,51,"[896, 896, 896, 896]",mean,,96,4,896,silu,0.45,AdamW,,0.00015,1e-05,True,0.75,"[1, 2, 3, 4]","[2, 3, 4]",[0.68794326 2.1920904  0.91725768],0.02,1.0,0.11325,3.01631,0.38636,0.30873,"[0.57778, 0.11765, 0.23077]",355,0.13966,3.05741,0.5,0.45023,"[0.61538, 0.23529, 0.5]",317,COMPLETED,13.497
426,20260108_002650,gaitset_OUMVLP_TOP50.csv,50%,Preset_33,MLP,42,37,"[896, 896, 896, 896]",mean,,96,4,896,silu,0.45,AdamW,,0.00015,1e-05,True,0.75,"[1, 2, 3, 4]","[2, 3, 4]",[0.68794326 2.1920904  0.91725768],0.02,1.0,0.11524,2.73229,0.45455,0.37989,"[0.57778, 0.13333, 0.42857]",356,0.22938,2.50067,0.54545,0.46001,"[0.59459, 0.15385, 0.63158]",203,COMPLETED,13.401
427,20260108_002650,gaitset_TOP50.csv,50%,Preset_33,MLP,42,23,"[896, 896, 896, 896]",mean,,96,4,896,silu,0.45,AdamW,,0.00015,1e-05,True,0.75,"[1, 2, 3, 4]","[2, 3, 4]",[0.68794326 2.1920904  0.91725768],0.02,1.0,0.11332,2.4344,0.45455,0.38632,"[0.53333, 0.14286, 0.48276]",656,0.47278,2.29376,0.5,0.44697,"[0.59091, 0.25, 0.5]",250,COMPLETED,24.512
428,20260108_002650,gln_phase1_TOP50.csv,50%,Preset_33,MLP,42,33,"[896, 896, 896, 896]",mean,,96,4,896,silu,0.45,AdamW,,0.00015,1e-05,True,0.75,"[1, 2, 3, 4]","[2, 3, 4]",[0.68794326 2.1920904  0.91725768],0.02,1.0,0.1132,1.94015,0.59091,0.56667,"[0.66667, 0.53333, 0.5]",381,0.18612,1.87235,0.63636,0.61284,"[0.69565, 0.57143, 0.57143]",266,COMPLETED,14.233
429,20260108_002650,gln_phase2_TOP50.csv,50%,Preset_33,MLP,42,36,"[896, 896, 896, 896]",mean,,96,4,896,silu,0.45,AdamW,,0.00015,1e-05,True,0.75,"[1, 2, 3, 4]","[2, 3, 4]",[0.68794326 2.1920904  0.91725768],0.02,1.0,0.11743,2.66659,0.47727,0.44017,"[0.5, 0.30769, 0.51282]",344,0.13052,2.37797,0.52273,0.48473,"[0.54054, 0.36364, 0.55]",275,COMPLETED,12.958

430,20260108_002650,baseline_CASIAB_TOP50.csv,50%,Preset_34,MLP,42,42,"[1024, 1024, 512]",mean,L2,128,3,1024,silu,0.4,Adam,,0.0002,0.0,True,0.8,"[1, 2, 3]","[2, 3]",[0.68794326 2.1920904  0.91725768],0.02,1.0,0.11479,2.01502,0.5,0.4205,"[0.59091, 0.2, 0.47059]",200,0.70171,1.31036,0.47727,0.47588,"[0.3871, 0.5, 0.54054]",59,COMPLETED,5.549
431,20260108_002650,baseline_OUMVLP_TOP50.csv,50%,Preset_34,MLP,42,39,"[1024, 1024, 512]",mean,L2,128,3,1024,silu,0.4,Adam,,0.0002,0.0,True,0.8,"[1, 2, 3]","[2, 3]",[0.68794326 2.1920904  0.91725768],0.02,1.0,0.1193,1.88006,0.52273,0.49444,"[0.55, 0.33333, 0.6]",303,0.18428,1.73925,0.68182,0.64087,"[0.70833, 0.5, 0.71429]",222,COMPLETED,8.58
432,20260108_002650,gaitgl_GREW_BNNeck_TOP50.csv,50%,Preset_34,MLP,42,57,"[1024, 1024, 512]",mean,L2,128,3,1024,silu,0.4,Adam,,0.0002,0.0,True,0.8,"[1, 2, 3]","[2, 3]",[0.68794326 2.1920904  0.91725768],0.02,1.0,0.11625,2.23545,0.47727,0.40923,"[0.6, 0.30769, 0.32]",142,0.14088,2.37708,0.5,0.46667,"[0.57143, 0.42857, 0.4]",103,COMPLETED,4.141
433,20260108_002650,gaitgl_GREW_TOP50.csv,50%,Preset_34,MLP,42,82,"[1024, 1024, 512]",mean,L2,128,3,1024,silu,0.4,Adam,,0.0002,0.0,True,0.8,"[1, 2, 3]","[2, 3]",[0.68794326 2.1920904  0.91725768],0.02,1.0,0.11407,2.51909,0.43182,0.36419,"[0.54545, 0.13333, 0.41379]",191,0.73718,1.33955,0.52273,0.44319,"[0.55814, 0.2, 0.57143]",54,COMPLETED,5.304
434,20260108_002650,gaitgl_OUMVLP_TOP50.csv,50%,Preset_34,MLP,42,57,"[1024, 1024, 512]",mean,L2,128,3,1024,silu,0.4,Adam,,0.0002,0.0,True,0.8,"[1, 2, 3]","[2, 3]",[0.68794326 2.1920904  0.91725768],0.02,1.0,0.11758,2.31959,0.45455,0.41648,"[0.5, 0.26667, 0.48276]",544,0.29792,1.68122,0.54545,0.50334,"[0.55814, 0.36364, 0.58824]",376,COMPLETED,15.111
435,20260108_002650,gaitgl_TOP50.csv,50%,Preset_34,MLP,42,44,"[1024, 1024, 512]",mean,L2,128,3,1024,silu,0.4,Adam,,0.0002,0.0,True,0.8,"[1, 2, 3]","[2, 3]",[0.68794326 2.1920904  0.91725768],0.02,1.0,0.11828,2.23715,0.43182,0.33189,"[0.57143, 0.0, 0.42424]",134,0.16205,2.14215,0.47727,0.39211,"[0.6087, 0.15385, 0.41379]",85,COMPLETED,3.89
436,20260108_002650,gaitpart_GREW_TOP50.csv,50%,Preset_34,MLP,42,61,"[1024, 1024, 512]",mean,L2,128,3,1024,silu,0.4,Adam,,0.0002,0.0,True,0.8,"[1, 2, 3]","[2, 3]",[0.68794326 2.1920904  0.91725768],0.02,1.0,0.11502,1.55294,0.59091,0.56574,"[0.68293, 0.5, 0.51429]",197,0.12216,1.63289,0.63636,0.60526,"[0.68421, 0.5, 0.63158]",181,COMPLETED,5.628
437,20260108_002650,gaitpart_OUMVLP_TOP50.csv,50%,Preset_34,MLP,42,50,"[1024, 1024, 512]",mean,L2,128,3,1024,silu,0.4,Adam,,0.0002,0.0,True,0.8,"[1, 2, 3]","[2, 3]",[0.68794326 2.1920904  0.91725768],0.02,1.0,0.11561,2.30848,0.5,0.47609,"[0.51282, 0.35294, 0.5625]",575,0.7223,1.20429,0.54545,0.53935,"[0.5625, 0.5, 0.55556]",266,COMPLETED,15.979
438,20260108_002650,gaitset_GREW_TOP50.csv,50%,Preset_34,MLP,42,66,"[1024, 1024, 512]",mean,L2,128,3,1024,silu,0.4,Adam,,0.0002,0.0,True,0.8,"[1, 2, 3]","[2, 3]",[0.68794326 2.1920904  0.91725768],0.02,1.0,0.11501,2.54272,0.45455,0.34927,"[0.61538, 0.0, 0.43243]",164,0.11441,2.61621,0.47727,0.41453,"[0.65116, 0.23529, 0.35714]",163,COMPLETED,4.675
439,20260108_002650,gaitset_OUMVLP_TOP50.csv,50%,Preset_34,MLP,42,51,"[1024, 1024, 512]",mean,L2,128,3,1024,silu,0.4,Adam,,0.0002,0.0,True,0.8,"[1, 2, 3]","[2, 3]",[0.68794326 2.1920904  0.91725768],0.02,1.0,0.11687,1.72252,0.56818,0.46023,"[0.70833, 0.15385, 0.51852]",433,0.13043,1.7946,0.63636,0.56667,"[0.7, 0.33333, 0.66667]",392,COMPLETED,12.226
440,20260108_002650,gaitset_TOP50.csv,50%,Preset_34,MLP,42,33,"[1024, 1024, 512]",mean,L2,128,3,1024,silu,0.4,Adam,,0.0002,0.0,True,0.8,"[1, 2, 3]","[2, 3]",[0.68794326 2.1920904  0.91725768],0.02,1.0,0.11537,2.37544,0.5,0.43834,"[0.65116, 0.23529, 0.42857]",242,0.12402,2.57578,0.47727,0.45915,"[0.5641, 0.33333, 0.48]",220,COMPLETED,6.95
441,20260108_002650,gln_phase1_TOP50.csv,50%,Preset_34,MLP,42,45,"[1024, 1024, 512]",mean,L2,128,3,1024,silu,0.4,Adam,,0.0002,0.0,True,0.8,"[1, 2, 3]","[2, 3]",[0.68794326 2.1920904  0.91725768],0.02,1.0,0.11262,2.3155,0.40909,0.37413,"[0.5, 0.23529, 0.3871]",209,0.16051,2.21237,0.54545,0.49372,"[0.66667, 0.35294, 0.46154]",152,COMPLETED,6.039
442,20260108_002650,gln_phase2_TOP50.csv,50%,Preset_34,MLP,42,50,"[1024, 1024, 512]",mean,L2,128,3,1024,silu,0.4,Adam,,0.0002,0.0,True,0.8,"[1, 2, 3]","[2, 3]",[0.68794326 2.1920904  0.91725768],0.02,1.0,0.11701,2.45093,0.40909,0.35322,"[0.4, 0.13333, 0.52632]",176,0.12103,2.23387,0.52273,0.44298,"[0.55, 0.2, 0.57895]",159,COMPLETED,4.997

443,20260108_002650,baseline_CASIAB_TOP50.csv,50%,Preset_35,MLP,42,54,"[1280, 896, 512, 256]",mean,L2,64,4,1280,silu,0.5,AdamW,,0.0002,1e-06,True,0.85,"[1, 3]","[1, 3]",[0.68794326 2.1920904  0.91725768],0.02,1.0,0.1116,1.78247,0.47727,0.39952,"[0.56522, 0.16667, 0.46667]",227,0.14049,1.9883,0.54545,0.46254,"[0.55, 0.22222, 0.61538]",172,COMPLETED,10.186
444,20260108_002650,baseline_OUMVLP_TOP50.csv,50%,Preset_35,MLP,42,52,"[1280, 896, 512, 256]",mean,L2,64,4,1280,silu,0.5,AdamW,,0.0002,1e-06,True,0.85,"[1, 3]","[1, 3]",[0.68794326 2.1920904  0.91725768],0.02,1.0,0.11549,1.62334,0.52273,0.47898,"[0.55814, 0.33333, 0.54545]",272,0.17677,1.77149,0.56818,0.54188,"[0.55, 0.42857, 0.64706]",205,COMPLETED,11.997
445,20260108_002650,gaitgl_GREW_BNNeck_TOP50.csv,50%,Preset_35,MLP,42,73,"[1280, 896, 512, 256]",mean,L2,64,4,1280,silu,0.5,AdamW,,0.0002,1e-06,True,0.85,"[1, 3]","[1, 3]",[0.68794326 2.1920904  0.91725768],0.02,1.0,0.11804,1.95473,0.47727,0.39971,"[0.60465, 0.14286, 0.45161]",170,0.36775,1.66374,0.52273,0.47792,"[0.63636, 0.35294, 0.44444]",76,COMPLETED,7.497
446,20260108_002650,gaitgl_GREW_TOP50.csv,50%,Preset_35,MLP,42,100,"[1280, 896, 512, 256]",mean,L2,64,4,1280,silu,0.5,AdamW,,0.0002,1e-06,True,0.85,"[1, 3]","[1, 3]",[0.68794326 2.1920904  0.91725768],0.02,1.0,0.11306,2.1167,0.45455,0.34534,"[0.62222, 0.0, 0.41379]",178,0.211,2.27164,0.5,0.43034,"[0.58537, 0.125, 0.58065]",129,COMPLETED,7.97
447,20260108_002650,gaitgl_OUMVLP_TOP50.csv,50%,Preset_35,MLP,42,75,"[1280, 896, 512, 256]",mean,L2,64,4,1280,silu,0.5,AdamW,,0.0002,1e-06,True,0.85,"[1, 3]","[1, 3]",[0.68794326 2.1920904  0.91725768],0.02,1.0,0.11762,2.42909,0.36364,0.33095,"[0.47619, 0.25, 0.26667]",393,0.12993,2.39605,0.45455,0.42424,"[0.54545, 0.36364, 0.36364]",381,COMPLETED,17.328
448,20260108_002650,gaitgl_TOP50.csv,50%,Preset_35,MLP,42,54,"[1280, 896, 512, 256]",mean,L2,64,4,1280,silu,0.5,AdamW,,0.0002,1e-06,True,0.85,"[1, 3]","[1, 3]",[0.68794326 2.1920904  0.91725768],0.02,1.0,0.11746,1.97183,0.47727,0.3998,"[0.61905, 0.14286, 0.4375]",190,0.12923,1.84929,0.59091,0.52549,"[0.69767, 0.33333, 0.54545]",149,COMPLETED,8.429
449,20260108_002650,gaitpart_GREW_TOP50.csv,50%,Preset_35,MLP,42,76,"[1280, 896, 512, 256]",mean,L2,64,4,1280,silu,0.5,AdamW,,0.0002,1e-06,True,0.85,"[1, 3]","[1, 3]",[0.68794326 2.1920904  0.91725768],0.02,1.0,0.10884,1.66012,0.52273,0.49532,"[0.61538, 0.4, 0.47059]",200,0.13881,1.63383,0.65909,0.62944,"[0.71429, 0.54545, 0.62857]",165,COMPLETED,8.951
450,20260108_002650,gaitpart_OUMVLP_TOP50.csv,50%,Preset_35,MLP,42,64,"[1280, 896, 512, 256]",mean,L2,64,4,1280,silu,0.5,AdamW,,0.0002,1e-06,True,0.85,"[1, 3]","[1, 3]",[0.68794326 2.1920904  0.91725768],0.02,1.0,0.11872,2.21436,0.47727,0.40337,"[0.57143, 0.15385, 0.48485]",483,0.21173,2.2309,0.54545,0.51195,"[0.61538, 0.375, 0.54545]",390,COMPLETED,21.143
451,20260108_002650,gaitset_GREW_TOP50.csv,50%,Preset_35,MLP,42,82,"[1280, 896, 512, 256]",mean,L2,64,4,1280,silu,0.5,AdamW,,0.0002,1e-06,True,0.85,"[1, 3]","[1, 3]",[0.68794326 2.1920904  0.91725768],0.02,1.0,0.11343,2.06563,0.47727,0.34431,"[0.6087, 0.0, 0.42424]",164,0.199,2.18612,0.54545,0.44313,"[0.71111, 0.16667, 0.45161]",116,COMPLETED,7.3
452,20260108_002650,gaitset_OUMVLP_TOP50.csv,50%,Preset_35,MLP,42,66,"[1280, 896, 512, 256]",mean,L2,64,4,1280,silu,0.5,AdamW,,0.0002,1e-06,True,0.85,"[1, 3]","[1, 3]",[0.68794326 2.1920904  0.91725768],0.02,1.0,0.11715,2.05826,0.52273,0.46728,"[0.61905, 0.26667, 0.51613]",352,0.20264,1.84656,0.61364,0.57341,"[0.66667, 0.42857, 0.625]",291,COMPLETED,15.574
453,20260108_002650,gaitset_TOP50.csv,50%,Preset_35,MLP,42,45,"[1280, 896, 512, 256]",mean,L2,64,4,1280,silu,0.5,AdamW,,0.0002,1e-06,True,0.85,"[1, 3]","[1, 3]",[0.68794326 2.1920904  0.91725768],0.02,1.0,0.11357,1.96553,0.5,0.47886,"[0.53659, 0.4, 0.5]",239,0.12385,1.7622,0.61364,0.56896,"[0.69767, 0.42857, 0.58065]",221,COMPLETED,10.948
454,20260108_002650,gln_phase1_TOP50.csv,50%,Preset_35,MLP,42,60,"[1280, 896, 512, 256]",mean,L2,64,4,1280,silu,0.5,AdamW,,0.0002,1e-06,True,0.85,"[1, 3]","[1, 3]",[0.68794326 2.1920904  0.91725768],0.02,1.0,0.11534,1.71169,0.56818,0.50029,"[0.68182, 0.28571, 0.53333]",204,0.1194,1.95386,0.61364,0.57887,"[0.71429, 0.47059, 0.55172]",196,COMPLETED,9.279
455,20260108_002650,gln_phase2_TOP50.csv,50%,Preset_35,MLP,42,66,"[1280, 896, 512, 256]",mean,L2,64,4,1280,silu,0.5,AdamW,,0.0002,1e-06,True,0.85,"[1, 3]","[1, 3]",[0.68794326 2.1920904  0.91725768],0.02,1.0,0.11307,1.93498,0.47727,0.40769,"[0.53659, 0.2, 0.48649]",190,0.118,1.7489,0.54545,0.46275,"[0.57778, 0.22222, 0.58824]",178,COMPLETED,9.224

456,20260108_002650,baseline_CASIAB_TOP50.csv,50%,Preset_36,MLP,42,73,"[512, 256]",mean,L2,64,2,512,silu,,RMSprop,,0.001,1e-07,True,0.9,[],[],[0.68794326 2.1920904  0.91725768],0.02,1.0,0.11815,3.39657,0.40909,0.38578,"[0.5, 0.27273, 0.38462]",772,0.14539,3.40747,0.45455,0.42701,"[0.53659, 0.3, 0.44444]",715,COMPLETED,24.713
457,20260108_002650,baseline_OUMVLP_TOP50.csv,50%,Preset_36,MLP,42,71,"[512, 256]",mean,L2,64,2,512,silu,,RMSprop,,0.001,1e-07,True,0.9,[],[],[0.68794326 2.1920904  0.91725768],0.02,1.0,0.11926,3.87331,0.31818,0.29551,"[0.39024, 0.2, 0.2963]",878,0.34654,2.64803,0.45455,0.43301,"[0.52632, 0.27273, 0.5]",352,COMPLETED,28.149
458,20260108_002650,gaitgl_GREW_BNNeck_TOP50.csv,50%,Preset_36,MLP,42,96,"[512, 256]",mean,L2,64,2,512,silu,,RMSprop,,0.001,1e-07,True,0.9,[],[],[0.68794326 2.1920904  0.91725768],0.02,1.0,0.1195,4.11031,0.27273,0.24619,"[0.29412, 0.11111, 0.33333]",480,0.51642,1.97363,0.43182,0.41469,"[0.48649, 0.33333, 0.42424]",156,COMPLETED,15.372
459,20260108_002650,gaitgl_GREW_TOP50.csv,50%,Preset_36,MLP,42,123,"[512, 256]",mean,L2,64,2,512,silu,,RMSprop,,0.001,1e-07,True,0.9,[],[],[0.68794326 2.1920904  0.91725768],0.02,1.0,0.11948,4.22148,0.29545,0.26045,"[0.42105, 0.125, 0.23529]",610,0.72687,1.24,0.43182,0.37054,"[0.51163, 0.2, 0.4]",11,COMPLETED,19.425
460,20260108_002650,gaitgl_OUMVLP_TOP50.csv,50%,Preset_36,MLP,42,99,"[512, 256]",mean,L2,64,2,512,silu,,RMSprop,,0.001,1e-07,True,0.9,[],[],[0.68794326 2.1920904  0.91725768],0.02,1.0,0.11711,3.56004,0.36364,0.34701,"[0.4, 0.30769, 0.33333]",949,0.18879,4.17728,0.56818,0.55257,"[0.61224, 0.54545, 0.5]",568,COMPLETED,30.513
461,20260108_002650,gaitgl_TOP50.csv,50%,Preset_36,MLP,42,68,"[512, 256]",mean,L2,64,2,512,silu,,RMSprop,,0.001,1e-07,True,0.9,[],[],[0.68794326 2.1920904  0.91725768],0.02,1.0,0.11712,2.95624,0.40909,0.37863,"[0.52381, 0.31579, 0.2963]",620,0.13218,3.18736,0.45455,0.43826,"[0.53659, 0.42105, 0.35714]",527,COMPLETED,19.818
462,20260108_002650,gaitpart_GREW_TOP50.csv,50%,Preset_36,MLP,42,96,"[512, 256]",mean,L2,64,2,512,silu,,RMSprop,,0.001,1e-07,True,0.9,[],[],[0.68794326 2.1920904  0.91725768],0.02,1.0,0.11812,3.5866,0.40909,0.37826,"[0.5, 0.21053, 0.42424]",686,0.18809,2.58901,0.63636,0.62328,"[0.68571, 0.55556, 0.62857]",372,COMPLETED,21.942
463,20260108_002650,gaitpart_OUMVLP_TOP50.csv,50%,Preset_36,MLP,42,83,"[512, 256]",mean,L2,64,2,512,silu,,RMSprop,,0.001,1e-07,True,0.9,[],[],[0.68794326 2.1920904  0.91725768],0.02,1.0,0.11957,3.82987,0.40909,0.39398,"[0.44444, 0.3, 0.4375]",1146,0.70579,1.19082,0.63636,0.61042,"[0.7027, 0.5, 0.62857]",81,COMPLETED,36.681
464,20260108_002650,gaitset_GREW_TOP50.csv,50%,Preset_36,MLP,42,105,"[512, 256]",mean,L2,64,2,512,silu,,RMSprop,,0.001,1e-07,True,0.9,[],[],[0.68794326 2.1920904  0.91725768],0.02,1.0,0.11875,3.80603,0.25,0.24121,"[0.2, 0.16, 0.36364]",604,0.13489,3.33669,0.45455,0.44024,"[0.57143, 0.23077, 0.51852]",446,COMPLETED,19.534
465,20260108_002650,gaitset_OUMVLP_TOP50.csv,50%,Preset_36,MLP,42,88,"[512, 256]",mean,L2,64,2,512,silu,,RMSprop,,0.001,1e-07,True,0.9,[],[],[0.68794326 2.1920904  0.91725768],0.02,1.0,0.11836,2.44259,0.52273,0.47708,"[0.63636, 0.33333, 0.46154]",1108,0.12101,2.62073,0.56818,0.51787,"[0.68182, 0.33333, 0.53846]",1091,COMPLETED,35.716
466,20260108_002650,gaitset_TOP50.csv,50%,Preset_36,MLP,42,62,"[512, 256]",mean,L2,64,2,512,silu,,RMSprop,,0.001,1e-07,True,0.9,[],[],[0.68794326 2.1920904  0.91725768],0.02,1.0,0.11694,4.64443,0.38636,0.35182,"[0.4878, 0.21053, 0.35714]",792,0.37054,2.20525,0.52273,0.45813,"[0.65217, 0.22222, 0.5]",265,COMPLETED,25.661
467,20260108_002650,gln_phase1_TOP50.csv,50%,Preset_36,MLP,42,81,"[512, 256]",mean,L2,64,2,512,silu,,RMSprop,,0.001,1e-07,True,0.9,[],[],[0.68794326 2.1920904  0.91725768],0.02,1.0,0.11945,2.61558,0.45455,0.43189,"[0.42424, 0.3, 0.57143]",599,0.67905,1.30735,0.54545,0.54264,"[0.59459, 0.53333, 0.5]",128,COMPLETED,19.212
468,20260108_002650,gln_phase2_TOP50.csv,50%,Preset_36,MLP,42,88,"[512, 256]",mean,L2,64,2,512,silu,,RMSprop,,0.001,1e-07,True,0.9,[],[],[0.68794326 2.1920904  0.91725768],0.02,1.0,0.11957,2.78251,0.47727,0.43303,"[0.48485, 0.23529, 0.57895]",674,0.12872,2.78214,0.56818,0.50894,"[0.63158, 0.26667, 0.62857]",610,COMPLETED,21.765

469,20260108_002650,baseline_CASIAB_TOP50.csv,50%,Preset_37,MLP,42,41,"[512, 256]",mean,minmax,128,2,512,silu,0.3,Adam,,0.0001,1e-06,True,0.8,[1],[1],[0.68794326 2.1920904  0.91725768],0.02,1.0,0.12272,1.71224,0.54545,0.48655,"[0.62222, 0.28571, 0.55172]",1320,0.13003,1.74288,0.56818,0.50381,"[0.65217, 0.26667, 0.59259]",1095,STOPPED,31.291
470,20260108_002650,baseline_OUMVLP_TOP50.csv,50%,Preset_37,MLP,42,41,"[512, 256]",mean,minmax,128,2,512,silu,0.3,Adam,,0.0001,1e-06,True,0.8,[1],[1],[0.68794326 2.1920904  0.91725768],0.02,1.0,0.13949,1.64,0.52273,0.47177,"[0.5, 0.26667, 0.64865]",754,0.14415,1.61635,0.56818,0.54042,"[0.5641, 0.42857, 0.62857]",654,STOPPED,17.911
471,20260108_002650,gaitgl_GREW_BNNeck_TOP50.csv,50%,Preset_37,MLP,42,58,"[512, 256]",mean,minmax,128,2,512,silu,0.3,Adam,,0.0001,1e-06,True,0.8,[1],[1],[0.68794326 2.1920904  0.91725768],0.02,1.0,0.12255,1.9015,0.45455,0.36949,"[0.57143, 0.16667, 0.37037]",932,0.17801,1.81024,0.52273,0.4623,"[0.625, 0.33333, 0.42857]",296,STOPPED,22.087
472,20260108_002650,gaitgl_GREW_TOP50.csv,50%,Preset_37,MLP,42,74,"[512, 256]",mean,minmax,128,2,512,silu,0.3,Adam,,0.0001,1e-06,True,0.8,[1],[1],[0.68794326 2.1920904  0.91725768],0.02,1.0,0.11716,1.85387,0.47727,0.43624,"[0.48649, 0.26667, 0.55556]",825,0.14719,1.95093,0.54545,0.5183,"[0.52632, 0.4, 0.62857]",384,COMPLETED,19.641
473,20260108_002650,gaitgl_OUMVLP_TOP50.csv,50%,Preset_37,MLP,42,47,"[512, 256]",mean,minmax,128,2,512,silu,0.3,Adam,,0.0001,1e-06,True,0.8,[1],[1],[0.68794326 2.1920904  0.91725768],0.02,1.0,0.11781,1.96746,0.40909,0.40119,"[0.42857, 0.375, 0.4]",1383,0.25473,1.64757,0.52273,0.51363,"[0.55814, 0.5, 0.48276]",361,STOPPED,32.575
474,20260108_002650,gaitgl_TOP50.csv,50%,Preset_37,MLP,42,40,"[512, 256]",mean,minmax,128,2,512,silu,0.3,Adam,,0.0001,1e-06,True,0.8,[1],[1],[0.68794326 2.1920904  0.91725768],0.02,1.0,0.11915,1.74824,0.40909,0.35143,"[0.47619, 0.15385, 0.42424]",1301,0.49418,1.16152,0.45455,0.42203,"[0.4878, 0.30769, 0.47059]",184,STOPPED,30.475
475,20260108_002650,gaitpart_GREW_TOP50.csv,50%,Preset_37,MLP,42,61,"[512, 256]",mean,minmax,128,2,512,silu,0.3,Adam,,0.0001,1e-06,True,0.8,[1],[1],[0.68794326 2.1920904  0.91725768],0.02,1.0,0.11907,1.4493,0.5,0.44755,"[0.62222, 0.33333, 0.3871]",864,0.12322,1.52789,0.54545,0.48914,"[0.65217, 0.36364, 0.45161]",743,COMPLETED,20.499
476,20260108_002650,gaitpart_OUMVLP_TOP50.csv,50%,Preset_37,MLP,42,48,"[512, 256]",mean,minmax,128,2,512,silu,0.3,Adam,,0.0001,1e-06,True,0.8,[1],[1],[0.68794326 2.1920904  0.91725768],0.02,1.0,0.13182,1.45485,0.52273,0.44845,"[0.52632, 0.13333, 0.68571]",822,0.73503,1.02281,0.56818,0.53215,"[0.61538, 0.375, 0.60606]",62,STOPPED,19.24
477,20260108_002650,gaitset_GREW_TOP50.csv,50%,Preset_37,MLP,42,65,"[512, 256]",mean,minmax,128,2,512,silu,0.3,Adam,,0.0001,1e-06,True,0.8,[1],[1],[0.68794326 2.1920904  0.91725768],0.02,1.0,0.12046,1.81925,0.52273,0.43155,"[0.71429, 0.14286, 0.4375]",848,0.13453,1.91472,0.54545,0.47021,"[0.71111, 0.28571, 0.41379]",413,STOPPED,20.111
478,20260108_002650,gaitset_OUMVLP_TOP50.csv,50%,Preset_37,MLP,42,52,"[512, 256]",mean,minmax,128,2,512,silu,0.3,Adam,,0.0001,1e-06,True,0.8,[1],[1],[0.68794326 2.1920904  0.91725768],0.02,1.0,0.13001,1.52859,0.5,0.39483,"[0.65116, 0.0, 0.53333]",792,0.16618,1.66941,0.59091,0.48157,"[0.73913, 0.15385, 0.55172]",385,STOPPED,18.776
479,20260108_002650,gaitset_TOP50.csv,50%,Preset_37,MLP,42,34,"[512, 256]",mean,minmax,128,2,512,silu,0.3,Adam,,0.0001,1e-06,True,0.8,[1],[1],[0.68794326 2.1920904  0.91725768],0.02,1.0,0.12056,2.03976,0.40909,0.37969,"[0.51282, 0.18182, 0.44444]",1317,0.17424,2.05405,0.45455,0.42795,"[0.53659, 0.28571, 0.46154]",682,STOPPED,31.196
480,20260108_002650,gln_phase1_TOP50.csv,50%,Preset_37,MLP,42,47,"[512, 256]",mean,minmax,128,2,512,silu,0.3,Adam,,0.0001,1e-06,True,0.8,[1],[1],[0.68794326 2.1920904  0.91725768],0.02,1.0,0.13529,1.58231,0.5,0.48527,"[0.57143, 0.47059, 0.41379]",729,0.2557,1.31636,0.54545,0.52804,"[0.62222, 0.53333, 0.42857]",235,STOPPED,17.4
481,20260108_002650,gln_phase2_TOP50.csv,50%,Preset_37,MLP,42,51,"[512, 256]",mean,minmax,128,2,512,silu,0.3,Adam,,0.0001,1e-06,True,0.8,[1],[1],[0.68794326 2.1920904  0.91725768],0.02,1.0,0.12583,1.91148,0.40909,0.35934,"[0.42857, 0.13333, 0.51613]",982,0.72781,1.08003,0.5,0.48655,"[0.52632, 0.4, 0.53333]",70,STOPPED,23.083

482,20260108_002650,baseline_CASIAB_TOP50.csv,50%,Preset_38,MLP,42,256,"[1024, 768, 384, 192]",mean,minmax,80,4,1024,leakyrelu,0.55,SGD,0.9,0.002,1e-05,False,,[2],"[1, 3]",[0.68794326 2.1920904  0.91725768],0.02,1.0,0.1262,1.96398,0.56818,0.40884,"[0.6383, 0.0, 0.58824]",1037,0.17216,1.92056,0.59091,0.53157,"[0.63636, 0.33333, 0.625]",725,STOPPED,31.612
483,20260108_002650,baseline_OUMVLP_TOP50.csv,50%,Preset_38,MLP,42,256,"[1024, 768, 384, 192]",mean,minmax,80,4,1024,leakyrelu,0.55,SGD,0.9,0.002,1e-05,False,,[2],"[1, 3]",[0.68794326 2.1920904  0.91725768],0.02,1.0,0.116,1.83754,0.47727,0.36786,"[0.55814, 0.0, 0.54545]",1214,0.11994,1.68507,0.52273,0.44147,"[0.61905, 0.14286, 0.5625]",1128,COMPLETED,36.942
484,20260108_002650,gaitgl_GREW_BNNeck_TOP50.csv,50%,Preset_38,MLP,42,256,"[1024, 768, 384, 192]",mean,minmax,80,4,1024,leakyrelu,0.55,SGD,0.9,0.002,1e-05,False,,[2],"[1, 3]",[0.68794326 2.1920904  0.91725768],0.02,1.0,0.11719,2.0362,0.43182,0.32701,"[0.53659, 0.0, 0.44444]",1229,0.19754,2.1047,0.5,0.42174,"[0.56522, 0.16667, 0.53333]",689,STOPPED,37.46
485,20260108_002650,gaitgl_GREW_TOP50.csv,50%,Preset_38,MLP,42,256,"[1024, 768, 384, 192]",mean,minmax,80,4,1024,leakyrelu,0.55,SGD,0.9,0.002,1e-05,False,,[2],"[1, 3]",[0.68794326 2.1920904  0.91725768],0.02,1.0,0.11717,1.97131,0.43182,0.37235,"[0.46154, 0.18182, 0.47368]",1054,0.14261,1.95733,0.45455,0.42203,"[0.4878, 0.30769, 0.47059]",814,COMPLETED,32.123
486,20260108_002650,gaitgl_OUMVLP_TOP50.csv,50%,Preset_38,MLP,42,256,"[1024, 768, 384, 192]",mean,minmax,80,4,1024,leakyrelu,0.55,SGD,0.9,0.002,1e-05,False,,[2],"[1, 3]",[0.68794326 2.1920904  0.91725768],0.02,1.0,0.11897,2.18431,0.5,0.45455,"[0.57143, 0.36364, 0.42857]",1204,0.13949,2.10318,0.56818,0.54734,"[0.6087, 0.5, 0.53333]",950,COMPLETED,36.927
487,20260108_002650,gaitgl_TOP50.csv,50%,Preset_38,MLP,42,128,"[1024, 768, 384, 192]",mean,minmax,80,4,1024,leakyrelu,0.55,SGD,0.9,0.002,1e-05,False,,[2],"[1, 3]",[0.68794326 2.1920904  0.91725768],0.02,1.0,0.12546,2.28593,0.45455,0.38586,"[0.53333, 0.2, 0.42424]",1325,0.19158,2.19132,0.59091,0.56909,"[0.61905, 0.5, 0.58824]",986,STOPPED,40.656
488,20260108_002650,gaitpart_GREW_TOP50.csv,50%,Preset_38,MLP,42,256,"[1024, 768, 384, 192]",mean,minmax,80,4,1024,leakyrelu,0.55,SGD,0.9,0.002,1e-05,False,,[2],"[1, 3]",[0.68794326 2.1920904  0.91725768],0.02,1.0,0.11628,1.76513,0.61364,0.50688,"[0.69565, 0.2, 0.625]",939,0.17354,1.81653,0.63636,0.56187,"[0.72727, 0.33333, 0.625]",621,COMPLETED,29.052
489,20260108_002650,gaitpart_OUMVLP_TOP50.csv,50%,Preset_38,MLP,42,256,"[1024, 768, 384, 192]",mean,minmax,80,4,1024,leakyrelu,0.55,SGD,0.9,0.002,1e-05,False,,[2],"[1, 3]",[0.68794326 2.1920904  0.91725768],0.02,1.0,0.11722,1.56614,0.54545,0.5,"[0.59091, 0.36364, 0.54545]",1048,0.14293,1.70524,0.61364,0.60489,"[0.64865, 0.57143, 0.59459]",745,COMPLETED,32.107
490,20260108_002650,gaitset_GREW_TOP50.csv,50%,Preset_38,MLP,42,256,"[1024, 768, 384, 192]",mean,minmax,80,4,1024,leakyrelu,0.55,SGD,0.9,0.002,1e-05,False,,[2],"[1, 3]",[0.68794326 2.1920904  0.91725768],0.02,1.0,0.11851,1.54673,0.59091,0.42295,"[0.7234, 0.0, 0.54545]",993,0.64279,1.24903,0.63636,0.57781,"[0.78049, 0.35294, 0.6]",306,COMPLETED,30.337
491,20260108_002650,gaitset_OUMVLP_TOP50.csv,50%,Preset_38,MLP,42,256,"[1024, 768, 384, 192]",mean,minmax,80,4,1024,leakyrelu,0.55,SGD,0.9,0.002,1e-05,False,,[2],"[1, 3]",[0.68794326 2.1920904  0.91725768],0.02,1.0,0.11825,1.90593,0.52273,0.43468,"[0.62222, 0.18182, 0.5]",1119,0.14123,1.95431,0.56818,0.50628,"[0.65217, 0.33333, 0.53333]",776,STOPPED,34.428
492,20260108_002650,gaitset_TOP50.csv,50%,Preset_38,MLP,42,256,"[1024, 768, 384, 192]",mean,minmax,80,4,1024,leakyrelu,0.55,SGD,0.9,0.002,1e-05,False,,[2],"[1, 3]",[0.68794326 2.1920904  0.91725768],0.02,1.0,0.11981,2.26861,0.38636,0.31243,"[0.45455, 0.0, 0.48276]",1174,0.12984,2.32215,0.52273,0.49289,"[0.56522, 0.375, 0.53846]",1069,COMPLETED,36.036
493,20260108_002650,gln_phase1_TOP50.csv,50%,Preset_38,MLP,42,256,"[1024, 768, 384, 192]",mean,minmax,80,4,1024,leakyrelu,0.55,SGD,0.9,0.002,1e-05,False,,[2],"[1, 3]",[0.68794326 2.1920904  0.91725768],0.02,1.0,0.11941,1.84642,0.5,0.42671,"[0.57143, 0.22222, 0.48649]",1047,0.12469,1.66513,0.61364,0.55668,"[0.68182, 0.4, 0.58824]",901,COMPLETED,31.886
494,20260108_002650,gln_phase2_TOP50.csv,50%,Preset_38,MLP,42,256,"[1024, 768, 384, 192]",mean,minmax,80,4,1024,leakyrelu,0.55,SGD,0.9,0.002,1e-05,False,,[2],"[1, 3]",[0.68794326 2.1920904  0.91725768],0.02,1.0,0.1154,1.7572,0.54545,0.45526,"[0.63636, 0.2, 0.52941]",1018,0.12632,1.66698,0.63636,0.5268,"[0.71111, 0.22222, 0.64706]",968,COMPLETED,31.329

495,20260108_002650,baseline_CASIAB_TOP50.csv,50%,Preset_39,MLP,42,41,"[1280, 1024, 768, 512]",mean,minmax,64,4,1280,silu,0.5,AdamW,,0.00015,5e-06,True,0.8,"[1, 2, 3]","[2, 3]",[0.68794326 2.1920904  0.91725768],0.02,1.0,0.11721,2.11195,0.59091,0.48465,"[0.68, 0.22222, 0.55172]",75,0.11979,2.04862,0.59091,0.48984,"[0.66667, 0.22222, 0.58065]",57,COMPLETED,3.677
496,20260108_002650,baseline_OUMVLP_TOP50.csv,50%,Preset_39,MLP,42,41,"[1280, 1024, 768, 512]",mean,minmax,64,4,1280,silu,0.5,AdamW,,0.00015,5e-06,True,0.8,"[1, 2, 3]","[2, 3]",[0.68794326 2.1920904  0.91725768],0.02,1.0,0.11352,1.59199,0.61364,0.58106,"[0.57895, 0.46154, 0.7027]",66,0.23509,1.60498,0.63636,0.58152,"[0.7234, 0.42857, 0.59259]",22,COMPLETED,3.216
497,20260108_002650,gaitgl_GREW_BNNeck_TOP50.csv,50%,Preset_39,MLP,42,58,"[1280, 1024, 768, 512]",mean,minmax,64,4,1280,silu,0.5,AdamW,,0.00015,5e-06,True,0.8,"[1, 2, 3]","[2, 3]",[0.68794326 2.1920904  0.91725768],0.02,1.0,0.11759,2.63995,0.43182,0.38891,"[0.51064, 0.28571, 0.37037]",51,0.13318,2.54568,0.47727,0.42778,"[0.55319, 0.28571, 0.44444]",30,COMPLETED,2.532
498,20260108_002650,gaitgl_GREW_TOP50.csv,50%,Preset_39,MLP,42,74,"[1280, 1024, 768, 512]",mean,minmax,64,4,1280,silu,0.5,AdamW,,0.00015,5e-06,True,0.8,"[1, 2, 3]","[2, 3]",[0.68794326 2.1920904  0.91725768],0.02,1.0,0.11511,2.44451,0.52273,0.39156,"[0.63415, 0.0, 0.54054]",45,0.1317,2.46375,0.56818,0.53671,"[0.61905, 0.42857, 0.5625]",33,COMPLETED,2.224
499,20260108_002650,gaitgl_OUMVLP_TOP50.csv,50%,Preset_39,MLP,42,47,"[1280, 1024, 768, 512]",mean,minmax,64,4,1280,silu,0.5,AdamW,,0.00015,5e-06,True,0.8,"[1, 2, 3]","[2, 3]",[0.68794326 2.1920904  0.91725768],0.02,1.0,0.11432,2.17858,0.54545,0.5176,"[0.59091, 0.42857, 0.53333]",80,0.11648,2.09807,0.61364,0.59596,"[0.63636, 0.54545, 0.60606]",73,COMPLETED,4.091
500,20260108_002650,gaitgl_TOP50.csv,50%,Preset_39,MLP,42,40,"[1280, 1024, 768, 512]",mean,minmax,64,4,1280,silu,0.5,AdamW,,0.00015,5e-06,True,0.8,"[1, 2, 3]","[2, 3]",[0.68794326 2.1920904  0.91725768],0.02,1.0,0.11622,1.88068,0.5,0.34991,"[0.61224, 0.0, 0.4375]",78,0.13165,2.08204,0.5,0.42571,"[0.53659, 0.2, 0.54054]",53,COMPLETED,3.863
501,20260108_002650,gaitpart_GREW_TOP50.csv,50%,Preset_39,MLP,42,61,"[1280, 1024, 768, 512]",mean,minmax,64,4,1280,silu,0.5,AdamW,,0.00015,5e-06,True,0.8,"[1, 2, 3]","[2, 3]",[0.68794326 2.1920904  0.91725768],0.02,1.0,0.11855,1.63793,0.52273,0.48056,"[0.66667, 0.375, 0.4]",38,0.12593,1.68123,0.61364,0.59495,"[0.65116, 0.54545, 0.58824]",29,COMPLETED,1.991
502,20260108_002650,gaitpart_OUMVLP_TOP50.csv,50%,Preset_39,MLP,42,48,"[1280, 1024, 768, 512]",mean,minmax,64,4,1280,silu,0.5,AdamW,,0.00015,5e-06,True,0.8,"[1, 2, 3]","[2, 3]",[0.68794326 2.1920904  0.91725768],0.02,1.0,0.11379,1.732,0.52273,0.4487,"[0.53659, 0.14286, 0.66667]",62,0.58791,1.08346,0.63636,0.59331,"[0.64865, 0.42857, 0.7027]",10,COMPLETED,2.974
503,20260108_002650,gaitset_GREW_TOP50.csv,50%,Preset_39,MLP,42,65,"[1280, 1024, 768, 512]",mean,minmax,64,4,1280,silu,0.5,AdamW,,0.00015,5e-06,True,0.8,"[1, 2, 3]","[2, 3]",[0.68794326 2.1920904  0.91725768],0.02,1.0,0.11877,2.06071,0.47727,0.3595,"[0.69388, 0.15385, 0.23077]",43,0.15122,2.1944,0.54545,0.48508,"[0.69767, 0.33333, 0.42424]",21,COMPLETED,2.175
504,20260108_002650,gaitset_OUMVLP_TOP50.csv,50%,Preset_39,MLP,42,52,"[1280, 1024, 768, 512]",mean,minmax,64,4,1280,silu,0.5,AdamW,,0.00015,5e-06,True,0.8,"[1, 2, 3]","[2, 3]",[0.68794326 2.1920904  0.91725768],0.02,1.0,0.11796,1.96198,0.54545,0.39427,"[0.66667, 0.0, 0.51613]",53,0.25054,2.05974,0.56818,0.47407,"[0.66667, 0.2, 0.55556]",18,COMPLETED,2.66
505,20260108_002650,gaitset_TOP50.csv,50%,Preset_39,MLP,42,34,"[1280, 1024, 768, 512]",mean,minmax,64,4,1280,silu,0.5,AdamW,,0.00015,5e-06,True,0.8,"[1, 2, 3]","[2, 3]",[0.68794326 2.1920904  0.91725768],0.02,1.0,0.11446,2.31983,0.5,0.41857,"[0.58333, 0.15385, 0.51852]",103,0.13836,2.45673,0.5,0.4746,"[0.53659, 0.31579, 0.57143]",65,COMPLETED,4.995
506,20260108_002650,gln_phase1_TOP50.csv,50%,Preset_39,MLP,42,47,"[1280, 1024, 768, 512]",mean,minmax,64,4,1280,silu,0.5,AdamW,,0.00015,5e-06,True,0.8,"[1, 2, 3]","[2, 3]",[0.68794326 2.1920904  0.91725768],0.02,1.0,0.11532,1.88055,0.47727,0.43155,"[0.57143, 0.28571, 0.4375]",58,0.15428,1.86706,0.59091,0.56228,"[0.68293, 0.47059, 0.53333]",26,COMPLETED,2.895
507,20260108_002650,gln_phase2_TOP50.csv,50%,Preset_39,MLP,42,51,"[1280, 1024, 768, 512]",mean,minmax,64,4,1280,silu,0.5,AdamW,,0.00015,5e-06,True,0.8,"[1, 2, 3]","[2, 3]",[0.68794326 2.1920904  0.91725768],0.02,1.0,0.11689,2.3152,0.45455,0.38849,"[0.51163, 0.15385, 0.5]",53,0.28084,1.76695,0.52273,0.47611,"[0.55814, 0.30769, 0.5625]",17,COMPLETED,2.586

508,20260108_002650,baseline_CASIAB_TOP50.csv,50%,Preset_40,MLP,42,256,"[896, 576, 288]",max,minmax,80,3,896,silu,0.45,AdamW,,0.001,5e-05,False,,"[1, 2, 3]","[1, 2]",[0.68794326 2.1920904  0.91725768],0.02,1.0,0.11168,1.9891,0.5,0.36148,"[0.64, 0.0, 0.44444]",476,0.15336,1.91475,0.59091,0.48381,"[0.68, 0.2, 0.57143]",450,COMPLETED,15.258
509,20260108_002650,baseline_OUMVLP_TOP50.csv,50%,Preset_40,MLP,42,256,"[896, 576, 288]",max,minmax,80,3,896,silu,0.45,AdamW,,0.001,5e-05,False,,"[1, 2, 3]","[1, 2]",[0.68794326 2.1920904  0.91725768],0.02,1.0,0.10788,1.9352,0.47727,0.32099,"[0.62963, 0.0, 0.33333]",473,0.14016,1.66291,0.61364,0.50765,"[0.71111, 0.16667, 0.64516]",306,COMPLETED,15.192
510,20260108_002650,gaitgl_GREW_BNNeck_TOP50.csv,50%,Preset_40,MLP,42,256,"[896, 576, 288]",max,minmax,80,3,896,silu,0.45,AdamW,,0.001,5e-05,False,,"[1, 2, 3]","[1, 2]",[0.68794326 2.1920904  0.91725768],0.02,1.0,0.11807,2.1835,0.45455,0.38256,"[0.6, 0.30769, 0.24]",350,0.1375,2.09288,0.56818,0.50538,"[0.66667, 0.33333, 0.51613]",136,STOPPED,11.278
511,20260108_002650,gaitgl_GREW_TOP50.csv,50%,Preset_40,MLP,42,256,"[896, 576, 288]",max,minmax,80,3,896,silu,0.45,AdamW,,0.001,5e-05,False,,"[1, 2, 3]","[1, 2]",[0.68794326 2.1920904  0.91725768],0.02,1.0,0.11996,2.69714,0.38636,0.36673,"[0.39024, 0.28571, 0.42424]",235,0.12866,2.65044,0.45455,0.44357,"[0.41026, 0.375, 0.54545]",173,COMPLETED,7.56
512,20260108_002650,gaitgl_OUMVLP_TOP50.csv,50%,Preset_40,MLP,42,256,"[896, 576, 288]",max,minmax,80,3,896,silu,0.45,AdamW,,0.001,5e-05,False,,"[1, 2, 3]","[1, 2]",[0.68794326 2.1920904  0.91725768],0.02,1.0,0.11662,1.82437,0.54545,0.40489,"[0.65217, 0.0, 0.5625]",533,0.45589,1.48933,0.54545,0.48492,"[0.63636, 0.26667, 0.55172]",145,COMPLETED,16.895
513,20260108_002650,gaitgl_TOP50.csv,50%,Preset_40,MLP,42,128,"[896, 576, 288]",max,minmax,80,3,896,silu,0.45,AdamW,,0.001,5e-05,False,,"[1, 2, 3]","[1, 2]",[0.68794326 2.1920904  0.91725768],0.02,1.0,0.10539,2.6698,0.34091,0.3222,"[0.37838, 0.23529, 0.35294]",273,0.12246,2.1186,0.54545,0.49671,"[0.58537, 0.33333, 0.57143]",259,COMPLETED,8.705
514,20260108_002650,gaitpart_GREW_TOP50.csv,50%,Preset_40,MLP,42,256,"[896, 576, 288]",max,minmax,80,3,896,silu,0.45,AdamW,,0.001,5e-05,False,,"[1, 2, 3]","[1, 2]",[0.68794326 2.1920904  0.91725768],0.02,1.0,0.10838,2.5044,0.43182,0.34449,"[0.58333, 0.15385, 0.2963]",416,0.24712,2.01421,0.54545,0.52102,"[0.55556, 0.42857, 0.57895]",150,COMPLETED,13.225
515,20260108_002650,gaitpart_OUMVLP_TOP50.csv,50%,Preset_40,MLP,42,256,"[896, 576, 288]",max,minmax,80,3,896,silu,0.45,AdamW,,0.001,5e-05,False,,"[1, 2, 3]","[1, 2]",[0.68794326 2.1920904  0.91725768],0.02,1.0,0.11018,2.09093,0.52273,0.4053,"[0.59091, 0.0, 0.625]",577,0.49885,1.4481,0.56818,0.51002,"[0.58824, 0.30769, 0.63415]",163,COMPLETED,18.353
516,20260108_002650,gaitset_GREW_TOP50.csv,50%,Preset_40,MLP,42,256,"[896, 576, 288]",max,minmax,80,3,896,silu,0.45,AdamW,,0.001,5e-05,False,,"[1, 2, 3]","[1, 2]",[0.68794326 2.1920904  0.91725768],0.02,1.0,0.11654,1.93022,0.59091,0.57957,"[0.65116, 0.57143, 0.51613]",371,0.15163,1.88385,0.63636,0.62695,"[0.69565, 0.66667, 0.51852]",232,STOPPED,11.881
517,20260108_002650,gaitset_OUMVLP_TOP50.csv,50%,Preset_40,MLP,42,256,"[896, 576, 288]",max,minmax,80,3,896,silu,0.45,AdamW,,0.001,5e-05,False,,"[1, 2, 3]","[1, 2]",[0.68794326 2.1920904  0.91725768],0.02,1.0,0.11906,2.46173,0.40909,0.35831,"[0.52632, 0.11111, 0.4375]",732,0.16626,1.96969,0.52273,0.47425,"[0.63158, 0.21053, 0.58065]",434,STOPPED,23.162
518,20260108_002650,gaitset_TOP50.csv,50%,Preset_40,MLP,42,256,"[896, 576, 288]",max,minmax,80,3,896,silu,0.45,AdamW,,0.001,5e-05,False,,"[1, 2, 3]","[1, 2]",[0.68794326 2.1920904  0.91725768],0.02,1.0,0.11283,2.69245,0.38636,0.34421,"[0.51163, 0.23529, 0.28571]",306,0.32975,1.88287,0.5,0.47176,"[0.55814, 0.4, 0.45714]",91,COMPLETED,9.761
519,20260108_002650,gln_phase1_TOP50.csv,50%,Preset_40,MLP,42,256,"[896, 576, 288]",max,minmax,80,3,896,silu,0.45,AdamW,,0.001,5e-05,False,,"[1, 2, 3]","[1, 2]",[0.68794326 2.1920904  0.91725768],0.02,1.0,0.11856,1.98284,0.45455,0.31494,"[0.6, 0.0, 0.34483]",284,0.15292,1.83188,0.56818,0.41179,"[0.65, 0.0, 0.58537]",204,COMPLETED,9.131
520,20260108_002650,gln_phase2_TOP50.csv,50%,Preset_40,MLP,42,256,"[896, 576, 288]",max,minmax,80,3,896,silu,0.45,AdamW,,0.001,5e-05,False,,"[1, 2, 3]","[1, 2]",[0.68794326 2.1920904  0.91725768],0.02,1.0,0.10909,2.07738,0.47727,0.33741,"[0.61224, 0.0, 0.4]",433,0.15516,1.92703,0.61364,0.51229,"[0.68571, 0.2, 0.65116]",343,COMPLETED,13.822

521,20260108_002650,baseline_CASIAB_TOP50.csv,50%,Preset_41,MLP,42,25,"[1024, 768, 512]",mean,minmax,96,3,1024,gelu,0.4,AdamW,,0.0002,1e-05,True,0.7,"[1, 2, 3]","[2, 3]",[0.68794326 2.1920904  0.91725768],0.02,1.0,0.11697,1.97604,0.56818,0.45833,"[0.70833, 0.16667, 0.5]",63,0.12381,1.97133,0.63636,0.55874,"[0.72, 0.36364, 0.59259]",52,COMPLETED,2.109
522,20260108_002650,baseline_OUMVLP_TOP50.csv,50%,Preset_41,MLP,42,24,"[1024, 768, 512]",mean,minmax,96,3,1024,gelu,0.4,AdamW,,0.0002,1e-05,True,0.7,"[1, 2, 3]","[2, 3]",[0.68794326 2.1920904  0.91725768],0.02,1.0,0.11652,1.65574,0.5,0.45528,"[0.55814, 0.30769, 0.5]",62,0.12839,1.57111,0.61364,0.5887,"[0.61905, 0.5, 0.64706]",45,COMPLETED,2.192
523,20260108_002650,gaitgl_GREW_BNNeck_TOP50.csv,50%,Preset_41,MLP,42,36,"[1024, 768, 512]",mean,minmax,96,3,1024,gelu,0.4,AdamW,,0.0002,1e-05,True,0.7,"[1, 2, 3]","[2, 3]",[0.68794326 2.1920904  0.91725768],0.02,1.0,0.11586,2.13185,0.40909,0.30033,"[0.53061, 0.0, 0.37037]",40,0.12766,2.32103,0.5,0.4256,"[0.57143, 0.14286, 0.5625]",30,COMPLETED,1.41
524,20260108_002650,gaitgl_GREW_TOP50.csv,50%,Preset_41,MLP,42,48,"[1024, 768, 512]",mean,minmax,96,3,1024,gelu,0.4,AdamW,,0.0002,1e-05,True,0.7,"[1, 2, 3]","[2, 3]",[0.68794326 2.1920904  0.91725768],0.02,1.0,0.11588,1.76325,0.47727,0.43333,"[0.55, 0.25, 0.5]",41,0.30848,1.37134,0.54545,0.46128,"[0.57778, 0.2, 0.60606]",15,COMPLETED,1.417
525,20260108_002650,gaitgl_OUMVLP_TOP50.csv,50%,Preset_41,MLP,42,24,"[1024, 768, 512]",mean,minmax,96,3,1024,gelu,0.4,AdamW,,0.0002,1e-05,True,0.7,"[1, 2, 3]","[2, 3]",[0.68794326 2.1920904  0.91725768],0.02,1.0,0.11725,2.2251,0.5,0.45133,"[0.58537, 0.23529, 0.53333]",84,0.14046,1.97169,0.54545,0.51933,"[0.6, 0.42857, 0.52941]",46,COMPLETED,2.883
526,20260108_002650,gaitgl_TOP50.csv,50%,Preset_41,MLP,42,25,"[1024, 768, 512]",mean,minmax,96,3,1024,gelu,0.4,AdamW,,0.0002,1e-05,True,0.7,"[1, 2, 3]","[2, 3]",[0.68794326 2.1920904  0.91725768],0.02,1.0,0.11751,2.16358,0.38636,0.33333,"[0.45455, 0.18182, 0.36364]",74,0.42539,1.38236,0.5,0.47607,"[0.54545, 0.4, 0.48276]",18,COMPLETED,2.448
527,20260108_002650,gaitpart_GREW_TOP50.csv,50%,Preset_41,MLP,42,41,"[1024, 768, 512]",mean,minmax,96,3,1024,gelu,0.4,AdamW,,0.0002,1e-05,True,0.7,"[1, 2, 3]","[2, 3]",[0.68794326 2.1920904  0.91725768],0.02,1.0,0.11732,1.63971,0.52273,0.45549,"[0.65217, 0.28571, 0.42857]",31,0.18398,1.49715,0.54545,0.52781,"[0.64865, 0.43478, 0.5]",18,COMPLETED,1.106
528,20260108_002650,gaitpart_OUMVLP_TOP50.csv,50%,Preset_41,MLP,42,30,"[1024, 768, 512]",mean,minmax,96,3,1024,gelu,0.4,AdamW,,0.0002,1e-05,True,0.7,"[1, 2, 3]","[2, 3]",[0.68794326 2.1920904  0.91725768],0.02,1.0,0.11433,1.6441,0.54545,0.46073,"[0.51282, 0.16667, 0.7027]",42,0.3064,1.2241,0.61364,0.57366,"[0.55556, 0.42857, 0.73684]",16,COMPLETED,1.467
529,20260108_002650,gaitset_GREW_TOP50.csv,50%,Preset_41,MLP,42,43,"[1024, 768, 512]",mean,minmax,96,3,1024,gelu,0.4,AdamW,,0.0002,1e-05,True,0.7,"[1, 2, 3]","[2, 3]",[0.68794326 2.1920904  0.91725768],0.02,1.0,0.11831,2.17714,0.45455,0.34534,"[0.62222, 0.0, 0.41379]",35,0.52531,1.18788,0.5,0.43928,"[0.65116, 0.26667, 0.4]",9,COMPLETED,1.184
530,20260108_002650,gaitset_OUMVLP_TOP50.csv,50%,Preset_41,MLP,42,31,"[1024, 768, 512]",mean,minmax,96,3,1024,gelu,0.4,AdamW,,0.0002,1e-05,True,0.7,"[1, 2, 3]","[2, 3]",[0.68794326 2.1920904  0.91725768],0.02,1.0,0.11866,2.05904,0.45455,0.33651,"[0.59574, 0.0, 0.41379]",50,0.35668,1.49841,0.5,0.41425,"[0.62222, 0.15385, 0.46667]",15,COMPLETED,1.699
531,20260108_002650,gaitset_TOP50.csv,50%,Preset_41,MLP,42,20,"[1024, 768, 512]",mean,minmax,96,3,1024,gelu,0.4,AdamW,,0.0002,1e-05,True,0.7,"[1, 2, 3]","[2, 3]",[0.68794326 2.1920904  0.91725768],0.02,1.0,0.11645,2.3178,0.43182,0.37054,"[0.51163, 0.13333, 0.46667]",88,0.12075,2.19383,0.52273,0.44033,"[0.60465, 0.15385, 0.5625]",75,COMPLETED,2.956
532,20260108_002650,gln_phase1_TOP50.csv,50%,Preset_41,MLP,42,28,"[1024, 768, 512]",mean,minmax,96,3,1024,gelu,0.4,AdamW,,0.0002,1e-05,True,0.7,"[1, 2, 3]","[2, 3]",[0.68794326 2.1920904  0.91725768],0.02,1.0,0.11658,1.62803,0.43182,0.37361,"[0.57895, 0.11765, 0.42424]",54,0.52191,1.02662,0.56818,0.54575,"[0.66667, 0.47059, 0.5]",11,COMPLETED,1.838
533,20260108_002650,gln_phase2_TOP50.csv,50%,Preset_41,MLP,42,30,"[1024, 768, 512]",mean,minmax,96,3,1024,gelu,0.4,AdamW,,0.0002,1e-05,True,0.7,"[1, 2, 3]","[2, 3]",[0.68794326 2.1920904  0.91725768],0.02,1.0,0.116,1.94746,0.45455,0.41667,"[0.5, 0.25, 0.5]",55,0.14075,1.702,0.54545,0.52707,"[0.5641, 0.46154, 0.55556]",27,COMPLETED,1.877

534,20260108_002650,baseline_CASIAB_TOP50.csv,50%,Preset_42,MLP,42,25,"[640, 448, 256]",mean,minmax,64,3,640,relu,0.35,RMSprop,,8e-05,5e-05,True,0.7,"[1, 2]","[1, 2, 3]",[0.68794326 2.1920904  0.91725768],0.02,1.0,0.11968,1.53678,0.5,0.35964,"[0.61224, 0.0, 0.46667]",979,0.39714,1.51804,0.59091,0.52734,"[0.66667, 0.36364, 0.55172]",150,COMPLETED,38.688
535,20260108_002650,baseline_OUMVLP_TOP50.csv,50%,Preset_42,MLP,42,24,"[640, 448, 256]",mean,minmax,64,3,640,relu,0.35,RMSprop,,8e-05,5e-05,True,0.7,"[1, 2]","[1, 2, 3]",[0.68794326 2.1920904  0.91725768],0.02,1.0,0.11971,1.58616,0.56818,0.41319,"[0.59091, 0.0, 0.64865]",973,0.18073,1.66335,0.61364,0.56068,"[0.61538, 0.4, 0.66667]",371,COMPLETED,38.483
536,20260108_002650,gaitgl_GREW_BNNeck_TOP50.csv,50%,Preset_42,MLP,42,36,"[640, 448, 256]",mean,minmax,64,3,640,relu,0.35,RMSprop,,8e-05,5e-05,True,0.7,"[1, 2]","[1, 2, 3]",[0.68794326 2.1920904  0.91725768],0.02,1.0,0.11975,1.87037,0.47727,0.33333,"[0.61538, 0.0, 0.38462]",725,0.13263,1.87078,0.56818,0.4205,"[0.68085, 0.0, 0.58065]",437,COMPLETED,28.878
537,20260108_002650,gaitgl_GREW_TOP50.csv,50%,Preset_42,MLP,42,48,"[640, 448, 256]",mean,minmax,64,3,640,relu,0.35,RMSprop,,8e-05,5e-05,True,0.7,"[1, 2]","[1, 2, 3]",[0.68794326 2.1920904  0.91725768],0.02,1.0,0.11398,1.57536,0.45455,0.32821,"[0.6, 0.0, 0.38462]",642,0.12641,1.62589,0.52273,0.43752,"[0.63636, 0.14286, 0.53333]",497,COMPLETED,25.364
538,20260108_002650,gaitgl_OUMVLP_TOP50.csv,50%,Preset_42,MLP,42,24,"[640, 448, 256]",mean,minmax,64,3,640,relu,0.35,RMSprop,,8e-05,5e-05,True,0.7,"[1, 2]","[1, 2, 3]",[0.68794326 2.1920904  0.91725768],0.02,1.0,0.11833,2.00739,0.5,0.44776,"[0.59091, 0.28571, 0.46667]",1201,0.12083,1.96914,0.56818,0.51766,"[0.6087, 0.36364, 0.58065]",1066,COMPLETED,47.659
539,20260108_002650,gaitgl_TOP50.csv,50%,Preset_42,MLP,42,25,"[640, 448, 256]",mean,minmax,64,3,640,relu,0.35,RMSprop,,8e-05,5e-05,True,0.7,"[1, 2]","[1, 2, 3]",[0.68794326 2.1920904  0.91725768],0.02,1.0,0.13157,2.08809,0.38636,0.26882,"[0.53061, 0.0, 0.27586]",715,0.33795,1.82586,0.52273,0.47428,"[0.60465, 0.33333, 0.48485]",234,STOPPED,28.241
540,20260108_002650,gaitpart_GREW_TOP50.csv,50%,Preset_42,MLP,42,41,"[640, 448, 256]",mean,minmax,64,3,640,relu,0.35,RMSprop,,8e-05,5e-05,True,0.7,"[1, 2]","[1, 2, 3]",[0.68794326 2.1920904  0.91725768],0.02,1.0,0.11871,1.52588,0.56818,0.51207,"[0.62222, 0.33333, 0.58065]",583,0.62867,1.19679,0.61364,0.61259,"[0.63415, 0.61538, 0.58824]",51,COMPLETED,22.991
541,20260108_002650,gaitpart_OUMVLP_TOP50.csv,50%,Preset_42,MLP,42,30,"[640, 448, 256]",mean,minmax,64,3,640,relu,0.35,RMSprop,,8e-05,5e-05,True,0.7,"[1, 2]","[1, 2, 3]",[0.68794326 2.1920904  0.91725768],0.02,1.0,0.11917,1.43666,0.61364,0.5114,"[0.65, 0.2, 0.68421]",820,0.2285,1.48234,0.68182,0.63533,"[0.66667, 0.46154, 0.77778]",200,COMPLETED,32.41
542,20260108_002650,gaitset_GREW_TOP50.csv,50%,Preset_42,MLP,42,43,"[640, 448, 256]",mean,minmax,64,3,640,relu,0.35,RMSprop,,8e-05,5e-05,True,0.7,"[1, 2]","[1, 2, 3]",[0.68794326 2.1920904  0.91725768],0.02,1.0,0.11673,1.75047,0.56818,0.4573,"[0.7234, 0.18182, 0.46667]",582,0.12578,1.6691,0.61364,0.53963,"[0.73913, 0.36364, 0.51613]",489,COMPLETED,23.186
543,20260108_002650,gaitset_OUMVLP_TOP50.csv,50%,Preset_42,MLP,42,31,"[640, 448, 256]",mean,minmax,64,3,640,relu,0.35,RMSprop,,8e-05,5e-05,True,0.7,"[1, 2]","[1, 2, 3]",[0.68794326 2.1920904  0.91725768],0.02,1.0,0.11704,1.69447,0.54545,0.39546,"[0.65306, 0.0, 0.53333]",798,0.64653,1.3709,0.47727,0.42281,"[0.60465, 0.25, 0.41379]",64,COMPLETED,31.561
544,20260108_002650,gaitset_TOP50.csv,50%,Preset_42,MLP,42,20,"[640, 448, 256]",mean,minmax,64,3,640,relu,0.35,RMSprop,,8e-05,5e-05,True,0.7,"[1, 2]","[1, 2, 3]",[0.68794326 2.1920904  0.91725768],0.02,1.0,0.13228,2.08616,0.5,0.41506,"[0.59574, 0.16667, 0.48276]",990,0.1944,2.21977,0.52273,0.47222,"[0.58333, 0.33333, 0.5]",528,STOPPED,39.427
545,20260108_002650,gln_phase1_TOP50.csv,50%,Preset_42,MLP,42,28,"[640, 448, 256]",mean,minmax,64,3,640,relu,0.35,RMSprop,,8e-05,5e-05,True,0.7,"[1, 2]","[1, 2, 3]",[0.68794326 2.1920904  0.91725768],0.02,1.0,0.11395,1.30082,0.56818,0.56809,"[0.62222, 0.61538, 0.46667]",926,0.17114,1.39001,0.61364,0.62215,"[0.65217, 0.71429, 0.5]",416,COMPLETED,36.808
546,20260108_002650,gln_phase2_TOP50.csv,50%,Preset_42,MLP,42,30,"[640, 448, 256]",mean,minmax,64,3,640,relu,0.35,RMSprop,,8e-05,5e-05,True,0.7,"[1, 2]","[1, 2, 3]",[0.68794326 2.1920904  0.91725768],0.02,1.0,0.11903,1.58676,0.47727,0.44235,"[0.53659, 0.33333, 0.45714]",819,0.18051,1.65492,0.56818,0.5529,"[0.5641, 0.5, 0.59459]",303,COMPLETED,32.504

547,20260108_002650,baseline_CASIAB_TOP50.csv,50%,Preset_43,MLP,42,41,"[2048, 1024, 512]",mean,minmax,64,3,2048,silu,0.45,AdamW,,0.0002,1e-06,True,0.8,"[1, 2, 3]",[2],[0.68794326 2.1920904  0.91725768],0.02,1.0,0.11214,2.21702,0.47727,0.38462,"[0.6, 0.15385, 0.4]",44,0.11938,2.13685,0.56818,0.50779,"[0.6383, 0.33333, 0.55172]",36,COMPLETED,2.167
548,20260108_002650,baseline_OUMVLP_TOP50.csv,50%,Preset_43,MLP,42,41,"[2048, 1024, 512]",mean,minmax,64,3,2048,silu,0.45,AdamW,,0.0002,1e-06,True,0.8,"[1, 2, 3]",[2],[0.68794326 2.1920904  0.91725768],0.02,1.0,0.11304,1.96355,0.54545,0.4995,"[0.53659, 0.33333, 0.62857]",42,0.12048,1.76679,0.61364,0.6026,"[0.63636, 0.57143, 0.6]",31,COMPLETED,2.108
549,20260108_002650,gaitgl_GREW_BNNeck_TOP50.csv,50%,Preset_43,MLP,42,58,"[2048, 1024, 512]",mean,minmax,64,3,2048,silu,0.45,AdamW,,0.0002,1e-06,True,0.8,"[1, 2, 3]",[2],[0.68794326 2.1920904  0.91725768],0.02,1.0,0.11549,2.42293,0.43182,0.35529,"[0.54167, 0.15385, 0.37037]",24,0.12623,2.07439,0.47727,0.43049,"[0.55814, 0.26667, 0.46667]",16,COMPLETED,1.228
550,20260108_002650,gaitgl_GREW_TOP50.csv,50%,Preset_43,MLP,42,74,"[2048, 1024, 512]",mean,minmax,64,3,2048,silu,0.45,AdamW,,0.0002,1e-06,True,0.8,"[1, 2, 3]",[2],[0.68794326 2.1920904  0.91725768],0.02,1.0,0.11665,2.38781,0.36364,0.3209,"[0.55, 0.19048, 0.22222]",23,0.13868,2.12795,0.5,0.46223,"[0.51282, 0.33333, 0.54054]",15,COMPLETED,1.182
551,20260108_002650,gaitgl_OUMVLP_TOP50.csv,50%,Preset_43,MLP,42,47,"[2048, 1024, 512]",mean,minmax,64,3,2048,silu,0.45,AdamW,,0.0002,1e-06,True,0.8,"[1, 2, 3]",[2],[0.68794326 2.1920904  0.91725768],0.02,1.0,0.11875,2.12883,0.54545,0.52857,"[0.61905, 0.5, 0.46667]",50,0.11896,1.93971,0.54545,0.54228,"[0.5641, 0.53333, 0.52941]",47,COMPLETED,2.398
552,20260108_002650,gaitgl_TOP50.csv,50%,Preset_43,MLP,42,40,"[2048, 1024, 512]",mean,minmax,64,3,2048,silu,0.45,AdamW,,0.0002,1e-06,True,0.8,"[1, 2, 3]",[2],[0.68794326 2.1920904  0.91725768],0.02,1.0,0.11223,2.01555,0.38636,0.28836,"[0.47619, 0.0, 0.38889]",50,0.63774,1.35196,0.45455,0.39815,"[0.44444, 0.25, 0.5]",7,COMPLETED,2.272
553,20260108_002650,gaitpart_GREW_TOP50.csv,50%,Preset_43,MLP,42,61,"[2048, 1024, 512]",mean,minmax,64,3,2048,silu,0.45,AdamW,,0.0002,1e-06,True,0.8,"[1, 2, 3]",[2],[0.68794326 2.1920904  0.91725768],0.02,1.0,0.11213,1.55663,0.61364,0.53615,"[0.7234, 0.33333, 0.55172]",24,0.11213,1.55663,0.61364,0.53615,"[0.7234, 0.33333, 0.55172]",24,COMPLETED,1.291
554,20260108_002650,gaitpart_OUMVLP_TOP50.csv,50%,Preset_43,MLP,42,48,"[2048, 1024, 512]",mean,minmax,64,3,2048,silu,0.45,AdamW,,0.0002,1e-06,True,0.8,"[1, 2, 3]",[2],[0.68794326 2.1920904  0.91725768],0.02,1.0,0.11858,1.67908,0.59091,0.51999,"[0.68085, 0.30769, 0.57143]",27,0.12692,1.68628,0.63636,0.59029,"[0.64865, 0.4, 0.72222]",21,COMPLETED,1.43
555,20260108_002650,gaitset_GREW_TOP50.csv,50%,Preset_43,MLP,42,65,"[2048, 1024, 512]",mean,minmax,64,3,2048,silu,0.45,AdamW,,0.0002,1e-06,True,0.8,"[1, 2, 3]",[2],[0.68794326 2.1920904  0.91725768],0.02,1.0,0.11198,1.86972,0.54545,0.43462,"[0.7234, 0.16667, 0.41379]",24,0.12835,1.97574,0.59091,0.51317,"[0.7234, 0.33333, 0.48276]",14,COMPLETED,1.25
556,20260108_002650,gaitset_OUMVLP_TOP50.csv,50%,Preset_43,MLP,42,52,"[2048, 1024, 512]",mean,minmax,64,3,2048,silu,0.45,AdamW,,0.0002,1e-06,True,0.8,"[1, 2, 3]",[2],[0.68794326 2.1920904  0.91725768],0.02,1.0,0.11063,2.14146,0.47727,0.35845,"[0.6087, 0.0, 0.46667]",31,0.54231,1.56643,0.52273,0.48056,"[0.62222, 0.375, 0.44444]",6,COMPLETED,1.516
557,20260108_002650,gaitset_TOP50.csv,50%,Preset_43,MLP,42,34,"[2048, 1024, 512]",mean,minmax,64,3,2048,silu,0.45,AdamW,,0.0002,1e-06,True,0.8,"[1, 2, 3]",[2],[0.68794326 2.1920904  0.91725768],0.02,1.0,0.11717,2.21954,0.45455,0.38546,"[0.57143, 0.13333, 0.45161]",53,0.13621,2.35383,0.54545,0.51645,"[0.60465, 0.42857, 0.51613]",38,COMPLETED,2.566
558,20260108_002650,gln_phase1_TOP50.csv,50%,Preset_43,MLP,42,47,"[2048, 1024, 512]",mean,minmax,64,3,2048,silu,0.45,AdamW,,0.0002,1e-06,True,0.8,"[1, 2, 3]",[2],[0.68794326 2.1920904  0.91725768],0.02,1.0,0.11378,1.6996,0.54545,0.48844,"[0.63415, 0.28571, 0.54545]",30,0.11559,1.68357,0.59091,0.55609,"[0.69767, 0.47059, 0.5]",27,COMPLETED,1.452
559,20260108_002650,gln_phase2_TOP50.csv,50%,Preset_43,MLP,42,51,"[2048, 1024, 512]",mean,minmax,64,3,2048,silu,0.45,AdamW,,0.0002,1e-06,True,0.8,"[1, 2, 3]",[2],[0.68794326 2.1920904  0.91725768],0.02,1.0,0.11025,2.07531,0.38636,0.33784,"[0.42857, 0.13333, 0.45161]",33,0.24094,1.80028,0.5,0.42342,"[0.55814, 0.16667, 0.54545]",10,COMPLETED,1.585

560,20260108_002650,baseline_CASIAB_TOP50.csv,50%,Preset_44,MLP,42,42,"[896, 640, 320, 192]",mean,L2,80,4,896,leakyrelu,0.5,Adam,,0.0002,1e-07,True,0.8,"[2, 3]","[2, 3]",[0.68794326 2.1920904  0.91725768],0.02,1.0,0.1161,1.90764,0.54545,0.39453,"[0.60465, 0.0, 0.57895]",138,0.26403,1.6722,0.54545,0.51138,"[0.63415, 0.4, 0.5]",77,COMPLETED,4.618
561,20260108_002650,baseline_OUMVLP_TOP50.csv,50%,Preset_44,MLP,42,39,"[896, 640, 320, 192]",mean,L2,80,4,896,leakyrelu,0.5,Adam,,0.0002,1e-07,True,0.8,"[2, 3]","[2, 3]",[0.68794326 2.1920904  0.91725768],0.02,1.0,0.11299,1.97884,0.54545,0.49578,"[0.58537, 0.23529, 0.66667]",188,0.13939,1.70695,0.65909,0.57883,"[0.73913, 0.30769, 0.68966]",162,COMPLETED,6.455
562,20260108_002650,gaitgl_GREW_BNNeck_TOP50.csv,50%,Preset_44,MLP,42,57,"[896, 640, 320, 192]",mean,L2,80,4,896,leakyrelu,0.5,Adam,,0.0002,1e-07,True,0.8,"[2, 3]","[2, 3]",[0.68794326 2.1920904  0.91725768],0.02,1.0,0.10895,1.96502,0.5,0.33288,"[0.64151, 0.0, 0.35714]",110,0.11324,1.96242,0.56818,0.5037,"[0.66667, 0.4, 0.44444]",103,COMPLETED,3.874
563,20260108_002650,gaitgl_GREW_TOP50.csv,50%,Preset_44,MLP,42,82,"[896, 640, 320, 192]",mean,L2,80,4,896,leakyrelu,0.5,Adam,,0.0002,1e-07,True,0.8,"[2, 3]","[2, 3]",[0.68794326 2.1920904  0.91725768],0.02,1.0,0.11257,2.58961,0.43182,0.3673,"[0.52381, 0.15385, 0.42424]",111,0.17246,2.22846,0.52273,0.43434,"[0.63636, 0.16667, 0.5]",82,COMPLETED,3.766
564,20260108_002650,gaitgl_OUMVLP_TOP50.csv,50%,Preset_44,MLP,42,57,"[896, 640, 320, 192]",mean,L2,80,4,896,leakyrelu,0.5,Adam,,0.0002,1e-07,True,0.8,"[2, 3]","[2, 3]",[0.68794326 2.1920904  0.91725768],0.02,1.0,0.11542,2.49211,0.43182,0.40577,"[0.43902, 0.30769, 0.47059]",267,0.13075,2.38577,0.5,0.45287,"[0.58824, 0.4, 0.37037]",255,COMPLETED,8.933
565,20260108_002650,gaitgl_TOP50.csv,50%,Preset_44,MLP,42,44,"[896, 640, 320, 192]",mean,L2,80,4,896,leakyrelu,0.5,Adam,,0.0002,1e-07,True,0.8,"[2, 3]","[2, 3]",[0.68794326 2.1920904  0.91725768],0.02,1.0,0.1156,2.0774,0.5,0.4256,"[0.57143, 0.14286, 0.5625]",115,0.13243,2.01397,0.5,0.45417,"[0.55, 0.25, 0.5625]",98,COMPLETED,4.003
566,20260108_002650,gaitpart_GREW_TOP50.csv,50%,Preset_44,MLP,42,61,"[896, 640, 320, 192]",mean,L2,80,4,896,leakyrelu,0.5,Adam,,0.0002,1e-07,True,0.8,"[2, 3]","[2, 3]",[0.68794326 2.1920904  0.91725768],0.02,1.0,0.11429,1.76613,0.5,0.4979,"[0.58537, 0.53333, 0.375]",125,0.11515,1.80801,0.61364,0.62071,"[0.65, 0.66667, 0.54545]",123,COMPLETED,4.325
567,20260108_002650,gaitpart_OUMVLP_TOP50.csv,50%,Preset_44,MLP,42,50,"[896, 640, 320, 192]",mean,L2,80,4,896,leakyrelu,0.5,Adam,,0.0002,1e-07,True,0.8,"[2, 3]","[2, 3]",[0.68794326 2.1920904  0.91725768],0.02,1.0,0.11037,2.29988,0.5,0.45628,"[0.48649, 0.23529, 0.64706]",288,0.62155,1.31477,0.59091,0.56459,"[0.66667, 0.42105, 0.60606]",143,COMPLETED,9.602
568,20260108_002650,gaitset_GREW_TOP50.csv,50%,Preset_44,MLP,42,66,"[896, 640, 320, 192]",mean,L2,80,4,896,leakyrelu,0.5,Adam,,0.0002,1e-07,True,0.8,"[2, 3]","[2, 3]",[0.68794326 2.1920904  0.91725768],0.02,1.0,0.11663,2.49484,0.43182,0.36481,"[0.65, 0.11111, 0.33333]",108,0.73668,1.40094,0.5,0.45401,"[0.66667, 0.21053, 0.48485]",44,COMPLETED,3.62
569,20260108_002650,gaitset_OUMVLP_TOP50.csv,50%,Preset_44,MLP,42,51,"[896, 640, 320, 192]",mean,L2,80,4,896,leakyrelu,0.5,Adam,,0.0002,1e-07,True,0.8,"[2, 3]","[2, 3]",[0.68794326 2.1920904  0.91725768],0.02,1.0,0.11714,2.24495,0.47727,0.41126,"[0.6, 0.11765, 0.51613]",247,0.13187,2.0267,0.54545,0.46001,"[0.59459, 0.15385, 0.63158]",221,COMPLETED,8.401
570,20260108_002650,gaitset_TOP50.csv,50%,Preset_44,MLP,42,33,"[896, 640, 320, 192]",mean,L2,80,4,896,leakyrelu,0.5,Adam,,0.0002,1e-07,True,0.8,"[2, 3]","[2, 3]",[0.68794326 2.1920904  0.91725768],0.02,1.0,0.1145,2.65844,0.45455,0.38393,"[0.57143, 0.14286, 0.4375]",170,0.2175,2.36309,0.52273,0.50214,"[0.58537, 0.42105, 0.5]",89,COMPLETED,5.827
571,20260108_002650,gln_phase1_TOP50.csv,50%,Preset_44,MLP,42,45,"[896, 640, 320, 192]",mean,L2,80,4,896,leakyrelu,0.5,Adam,,0.0002,1e-07,True,0.8,"[2, 3]","[2, 3]",[0.68794326 2.1920904  0.91725768],0.02,1.0,0.11337,2.09128,0.47727,0.42849,"[0.57778, 0.30769, 0.4]",135,0.14452,2.29234,0.54545,0.52206,"[0.60465, 0.46154, 0.5]",109,COMPLETED,4.538
572,20260108_002650,gln_phase2_TOP50.csv,50%,Preset_44,MLP,42,50,"[896, 640, 320, 192]",mean,L2,80,4,896,leakyrelu,0.5,Adam,,0.0002,1e-07,True,0.8,"[2, 3]","[2, 3]",[0.68794326 2.1920904  0.91725768],0.02,1.0,0.11433,2.09223,0.52273,0.43863,"[0.60465, 0.18182, 0.52941]",120,0.71753,1.24694,0.5,0.47076,"[0.57895, 0.33333, 0.5]",46,COMPLETED,4.005

573,20260108_002650,baseline_CASIAB_TOP50.csv,50%,Preset_45,MLP,42,26,"[768, 512, 256]",mean,L2,64,3,768,silu,0.4,AdamW,,0.0002,1e-05,True,0.7,"[1, 2, 3]","[2, 3]",[0.68794326 2.1920904  0.91725768],0.02,1.0,0.11621,2.16367,0.5,0.44339,"[0.6087, 0.30769, 0.41379]",313,0.28235,1.83623,0.56818,0.51323,"[0.66667, 0.44444, 0.42857]",139,COMPLETED,12.937
574,20260108_002650,baseline_OUMVLP_TOP50.csv,50%,Preset_45,MLP,42,22,"[768, 512, 256]",mean,L2,64,3,768,silu,0.4,AdamW,,0.0002,1e-05,True,0.7,"[1, 2, 3]","[2, 3]",[0.68794326 2.1920904  0.91725768],0.02,1.0,0.11776,2.36126,0.47727,0.41261,"[0.46512, 0.16667, 0.60606]",471,0.17917,2.18898,0.52273,0.50748,"[0.4878, 0.42857, 0.60606]",325,COMPLETED,19.312
575,20260108_002650,gaitgl_GREW_BNNeck_TOP50.csv,50%,Preset_45,MLP,42,36,"[768, 512, 256]",mean,L2,64,3,768,silu,0.4,AdamW,,0.0002,1e-05,True,0.7,"[1, 2, 3]","[2, 3]",[0.68794326 2.1920904  0.91725768],0.02,1.0,0.11487,2.43867,0.5,0.33333,"[0.62963, 0.0, 0.37037]",198,0.13847,2.31438,0.56818,0.50628,"[0.65217, 0.33333, 0.53333]",143,COMPLETED,8.267
576,20260108_002650,gaitgl_GREW_TOP50.csv,50%,Preset_45,MLP,42,56,"[768, 512, 256]",mean,L2,64,3,768,silu,0.4,AdamW,,0.0002,1e-05,True,0.7,"[1, 2, 3]","[2, 3]",[0.68794326 2.1920904  0.91725768],0.02,1.0,0.11011,2.16554,0.43182,0.31849,"[0.54167, 0.0, 0.41379]",221,0.73079,1.42757,0.47727,0.40745,"[0.54054, 0.18182, 0.5]",76,COMPLETED,9.093
577,20260108_002650,gaitgl_OUMVLP_TOP50.csv,50%,Preset_45,MLP,42,31,"[768, 512, 256]",mean,L2,64,3,768,silu,0.4,AdamW,,0.0002,1e-05,True,0.7,"[1, 2, 3]","[2, 3]",[0.68794326 2.1920904  0.91725768],0.02,1.0,0.11578,2.18561,0.40909,0.33312,"[0.54167, 0.18182, 0.27586]",696,0.46745,1.46046,0.52273,0.50656,"[0.55814, 0.46154, 0.5]",396,COMPLETED,28.591
578,20260108_002650,gaitgl_TOP50.csv,50%,Preset_45,MLP,42,28,"[768, 512, 256]",mean,L2,64,3,768,silu,0.4,AdamW,,0.0002,1e-05,True,0.7,"[1, 2, 3]","[2, 3]",[0.68794326 2.1920904  0.91725768],0.02,1.0,0.11589,2.63761,0.31818,0.27491,"[0.4, 0.16667, 0.25806]",230,0.39807,1.9649,0.43182,0.41733,"[0.46154, 0.35294, 0.4375]",75,COMPLETED,9.498
579,20260108_002650,gaitpart_GREW_TOP50.csv,50%,Preset_45,MLP,42,40,"[768, 512, 256]",mean,L2,64,3,768,silu,0.4,AdamW,,0.0002,1e-05,True,0.7,"[1, 2, 3]","[2, 3]",[0.68794326 2.1920904  0.91725768],0.02,1.0,0.11379,1.82484,0.56818,0.53357,"[0.71795, 0.4, 0.48276]",242,0.18924,1.47065,0.65909,0.62418,"[0.72222, 0.44444, 0.70588]",171,COMPLETED,9.939
580,20260108_002650,gaitpart_OUMVLP_TOP50.csv,50%,Preset_45,MLP,42,31,"[768, 512, 256]",mean,L2,64,3,768,silu,0.4,AdamW,,0.0002,1e-05,True,0.7,"[1, 2, 3]","[2, 3]",[0.68794326 2.1920904  0.91725768],0.02,1.0,0.11931,2.12004,0.5,0.44525,"[0.63415, 0.25, 0.45161]",757,0.73202,1.24148,0.56818,0.55598,"[0.61111, 0.47619, 0.58065]",267,COMPLETED,30.877
581,20260108_002650,gaitset_GREW_TOP50.csv,50%,Preset_45,MLP,42,43,"[768, 512, 256]",mean,L2,64,3,768,silu,0.4,AdamW,,0.0002,1e-05,True,0.7,"[1, 2, 3]","[2, 3]",[0.68794326 2.1920904  0.91725768],0.02,1.0,0.11831,2.1568,0.52273,0.43042,"[0.69767, 0.18182, 0.41176]",175,0.13693,2.30189,0.52273,0.46236,"[0.68293, 0.26667, 0.4375]",148,COMPLETED,7.253
582,20260108_002650,gaitset_OUMVLP_TOP50.csv,50%,Preset_45,MLP,42,31,"[768, 512, 256]",mean,L2,64,3,768,silu,0.4,AdamW,,0.0002,1e-05,True,0.7,"[1, 2, 3]","[2, 3]",[0.68794326 2.1920904  0.91725768],0.02,1.0,0.11842,2.39742,0.45455,0.32754,"[0.61224, 0.0, 0.37037]",522,0.41708,1.59606,0.54545,0.45888,"[0.59459, 0.16667, 0.61538]",305,COMPLETED,21.465
583,20260108_002650,gaitset_TOP50.csv,50%,Preset_45,MLP,42,18,"[768, 512, 256]",mean,L2,64,3,768,silu,0.4,AdamW,,0.0002,1e-05,True,0.7,"[1, 2, 3]","[2, 3]",[0.68794326 2.1920904  0.91725768],0.02,1.0,0.11914,2.42307,0.47727,0.4096,"[0.55, 0.13333, 0.54545]",461,0.12519,2.44751,0.52273,0.47151,"[0.58537, 0.26667, 0.5625]",401,COMPLETED,19.094
584,20260108_002650,gln_phase1_TOP50.csv,50%,Preset_45,MLP,42,26,"[768, 512, 256]",mean,L2,64,3,768,silu,0.4,AdamW,,0.0002,1e-05,True,0.7,"[1, 2, 3]","[2, 3]",[0.68794326 2.1920904  0.91725768],0.02,1.0,0.11568,1.95703,0.47727,0.4626,"[0.4878, 0.4, 0.5]",300,0.12003,1.80653,0.56818,0.56349,"[0.61905, 0.57143, 0.5]",295,COMPLETED,12.467
585,20260108_002650,gln_phase2_TOP50.csv,50%,Preset_45,MLP,42,29,"[768, 512, 256]",mean,L2,64,3,768,silu,0.4,AdamW,,0.0002,1e-05,True,0.7,"[1, 2, 3]","[2, 3]",[0.68794326 2.1920904  0.91725768],0.02,1.0,0.11443,2.04474,0.59091,0.54291,"[0.63415, 0.4, 0.59459]",281,0.11443,2.04474,0.59091,0.54291,"[0.63415, 0.4, 0.59459]",281,COMPLETED,11.533

586,20260108_002650,baseline_CASIAB_TOP50.csv,50%,Preset_46,MLP,42,33,"[640, 384, 256]",mean,L2,128,3,640,gelu,0.35,AdamW,,0.0002,1e-05,True,0.75,[1],"[1, 2]",[0.68794326 2.1920904  0.91725768],0.02,1.0,0.11402,1.71451,0.61364,0.53621,"[0.70833, 0.30769, 0.59259]",600,0.61053,1.21391,0.56818,0.53757,"[0.65116, 0.46154, 0.5]",129,COMPLETED,15.276
587,20260108_002650,baseline_OUMVLP_TOP50.csv,50%,Preset_46,MLP,42,29,"[640, 384, 256]",mean,L2,128,3,640,gelu,0.35,AdamW,,0.0002,1e-05,True,0.75,[1],"[1, 2]",[0.68794326 2.1920904  0.91725768],0.02,1.0,0.11894,1.692,0.54545,0.46224,"[0.55814, 0.2, 0.62857]",748,0.71194,1.22905,0.61364,0.57124,"[0.66667, 0.4, 0.64706]",185,COMPLETED,18.932
588,20260108_002650,gaitgl_GREW_BNNeck_TOP50.csv,50%,Preset_46,MLP,42,45,"[640, 384, 256]",mean,L2,128,3,640,gelu,0.35,AdamW,,0.0002,1e-05,True,0.75,[1],"[1, 2]",[0.68794326 2.1920904  0.91725768],0.02,1.0,0.11793,1.71148,0.52273,0.34639,"[0.65455, 0.0, 0.38462]",433,0.14951,1.86651,0.59091,0.53093,"[0.66667, 0.36364, 0.5625]",232,COMPLETED,11.264
589,20260108_002650,gaitgl_GREW_TOP50.csv,50%,Preset_46,MLP,42,68,"[640, 384, 256]",mean,L2,128,3,640,gelu,0.35,AdamW,,0.0002,1e-05,True,0.75,[1],"[1, 2]",[0.68794326 2.1920904  0.91725768],0.02,1.0,0.11854,1.66939,0.40909,0.32035,"[0.47619, 0.0, 0.48485]",285,0.725,1.21923,0.47727,0.40598,"[0.5, 0.15385, 0.5641]",91,COMPLETED,7.287
590,20260108_002650,gaitgl_OUMVLP_TOP50.csv,50%,Preset_46,MLP,42,42,"[640, 384, 256]",mean,L2,128,3,640,gelu,0.35,AdamW,,0.0002,1e-05,True,0.75,[1],"[1, 2]",[0.68794326 2.1920904  0.91725768],0.02,1.0,0.11722,1.78838,0.54545,0.52286,"[0.59091, 0.46154, 0.51613]",769,0.19144,1.66788,0.56818,0.55185,"[0.6, 0.5, 0.55556]",524,COMPLETED,19.743
591,20260108_002650,gaitgl_TOP50.csv,50%,Preset_46,MLP,42,35,"[640, 384, 256]",mean,L2,128,3,640,gelu,0.35,AdamW,,0.0002,1e-05,True,0.75,[1],"[1, 2]",[0.68794326 2.1920904  0.91725768],0.02,1.0,0.11832,1.96557,0.38636,0.29206,"[0.47619, 0.0, 0.4]",555,0.51166,1.4489,0.45455,0.38702,"[0.52381, 0.16667, 0.47059]",109,COMPLETED,14.066
592,20260108_002650,gaitpart_GREW_TOP50.csv,50%,Preset_46,MLP,42,49,"[640, 384, 256]",mean,L2,128,3,640,gelu,0.35,AdamW,,0.0002,1e-05,True,0.75,[1],"[1, 2]",[0.68794326 2.1920904  0.91725768],0.02,1.0,0.11857,1.3517,0.59091,0.54141,"[0.69565, 0.42857, 0.5]",366,0.13742,1.34278,0.61364,0.5638,"[0.71111, 0.42857, 0.55172]",286,COMPLETED,9.522
593,20260108_002650,gaitpart_OUMVLP_TOP50.csv,50%,Preset_46,MLP,42,40,"[640, 384, 256]",mean,L2,128,3,640,gelu,0.35,AdamW,,0.0002,1e-05,True,0.75,[1],"[1, 2]",[0.68794326 2.1920904  0.91725768],0.02,1.0,0.11779,2.05509,0.45455,0.42247,"[0.41026, 0.28571, 0.57143]",742,0.63625,1.2643,0.59091,0.54924,"[0.66667, 0.375, 0.60606]",390,COMPLETED,18.931
594,20260108_002650,gaitset_GREW_TOP50.csv,50%,Preset_46,MLP,42,53,"[640, 384, 256]",mean,L2,128,3,640,gelu,0.35,AdamW,,0.0002,1e-05,True,0.75,[1],"[1, 2]",[0.68794326 2.1920904  0.91725768],0.02,1.0,0.11569,1.75431,0.56818,0.50372,"[0.68085, 0.36364, 0.46667]",330,0.11569,1.75431,0.56818,0.50372,"[0.68085, 0.36364, 0.46667]",330,COMPLETED,8.493
595,20260108_002650,gaitset_OUMVLP_TOP50.csv,50%,Preset_46,MLP,42,40,"[640, 384, 256]",mean,L2,128,3,640,gelu,0.35,AdamW,,0.0002,1e-05,True,0.75,[1],"[1, 2]",[0.68794326 2.1920904  0.91725768],0.02,1.0,0.1168,1.56286,0.5,0.36906,"[0.57778, 0.0, 0.52941]",682,0.36113,1.57535,0.52273,0.47106,"[0.61538, 0.23529, 0.5625]",351,COMPLETED,17.438
596,20260108_002650,gaitset_TOP50.csv,50%,Preset_46,MLP,42,24,"[640, 384, 256]",mean,L2,128,3,640,gelu,0.35,AdamW,,0.0002,1e-05,True,0.75,[1],"[1, 2]",[0.68794326 2.1920904  0.91725768],0.02,1.0,0.11945,1.93474,0.47727,0.39879,"[0.59091, 0.15385, 0.45161]",809,0.12475,2.0328,0.56818,0.47386,"[0.66667, 0.16667, 0.58824]",689,COMPLETED,20.681
597,20260108_002650,gln_phase1_TOP50.csv,50%,Preset_46,MLP,42,34,"[640, 384, 256]",mean,L2,128,3,640,gelu,0.35,AdamW,,0.0002,1e-05,True,0.75,[1],"[1, 2]",[0.68794326 2.1920904  0.91725768],0.02,1.0,0.11904,1.44523,0.54545,0.53383,"[0.58537, 0.5, 0.51613]",595,0.1273,1.47208,0.59091,0.57957,"[0.65116, 0.57143, 0.51613]",440,COMPLETED,15.237
598,20260108_002650,gln_phase2_TOP50.csv,50%,Preset_46,MLP,42,38,"[640, 384, 256]",mean,L2,128,3,640,gelu,0.35,AdamW,,0.0002,1e-05,True,0.75,[1],"[1, 2]",[0.68794326 2.1920904  0.91725768],0.02,1.0,0.11874,1.6625,0.5,0.42251,"[0.57143, 0.18182, 0.51429]",505,0.71319,1.19452,0.52273,0.49331,"[0.55556, 0.35294, 0.57143]",107,COMPLETED,12.837

599,20260108_002650,baseline_CASIAB_TOP50.csv,50%,Preset_47,MLP,42,256,"[768, 512, 256]",mean,,96,3,768,silu,0.45,AdamW,,0.0002,1e-06,False,,"[1, 2]","[1, 2]",[0.68794326 2.1920904  0.91725768],0.02,1.0,0.11427,1.8469,0.59091,0.42222,"[0.66667, 0.0, 0.6]",205,0.28706,2.07426,0.56818,0.52338,"[0.68293, 0.31579, 0.57143]",72,COMPLETED,6.282
600,20260108_002650,baseline_OUMVLP_TOP50.csv,50%,Preset_47,MLP,42,256,"[768, 512, 256]",mean,,96,3,768,silu,0.45,AdamW,,0.0002,1e-06,False,,"[1, 2]","[1, 2]",[0.68794326 2.1920904  0.91725768],0.02,1.0,0.11723,1.985,0.43182,0.39947,"[0.53659, 0.18182, 0.48]",315,0.23749,1.64395,0.59091,0.48485,"[0.54545, 0.18182, 0.72727]",113,COMPLETED,9.733
601,20260108_002650,gaitgl_GREW_BNNeck_TOP50.csv,50%,Preset_47,MLP,42,256,"[768, 512, 256]",mean,,96,3,768,silu,0.45,AdamW,,0.0002,1e-06,False,,"[1, 2]","[1, 2]",[0.68794326 2.1920904  0.91725768],0.02,1.0,0.1175,2.09638,0.45455,0.3455,"[0.55, 0.0, 0.48649]",224,0.12372,2.08478,0.54545,0.48968,"[0.61905, 0.25, 0.6]",195,COMPLETED,7.003
602,20260108_002650,gaitgl_GREW_TOP50.csv,50%,Preset_47,MLP,42,256,"[768, 512, 256]",mean,,96,3,768,silu,0.45,AdamW,,0.0002,1e-06,False,,"[1, 2]","[1, 2]",[0.68794326 2.1920904  0.91725768],0.02,1.0,0.11602,1.87523,0.47727,0.4388,"[0.57778, 0.36364, 0.375]",215,0.16129,1.97294,0.52273,0.47766,"[0.58537, 0.33333, 0.51429]",117,COMPLETED,6.692
603,20260108_002650,gaitgl_OUMVLP_TOP50.csv,50%,Preset_47,MLP,42,256,"[768, 512, 256]",mean,,96,3,768,silu,0.45,AdamW,,0.0002,1e-06,False,,"[1, 2]","[1, 2]",[0.68794326 2.1920904  0.91725768],0.02,1.0,0.12078,2.26088,0.45455,0.41499,"[0.51163, 0.26667, 0.46667]",789,0.47427,2.14649,0.5,0.49557,"[0.5, 0.47059, 0.51613]",215,STOPPED,24.014
604,20260108_002650,gaitgl_TOP50.csv,50%,Preset_47,MLP,42,128,"[768, 512, 256]",mean,,96,3,768,silu,0.45,AdamW,,0.0002,1e-06,False,,"[1, 2]","[1, 2]",[0.68794326 2.1920904  0.91725768],0.02,1.0,0.11675,1.96355,0.5,0.4206,"[0.60465, 0.2, 0.45714]",224,0.19678,2.20381,0.59091,0.53024,"[0.69767, 0.36364, 0.52941]",75,COMPLETED,6.959
605,20260108_002650,gaitpart_GREW_TOP50.csv,50%,Preset_47,MLP,42,256,"[768, 512, 256]",mean,,96,3,768,silu,0.45,AdamW,,0.0002,1e-06,False,,"[1, 2]","[1, 2]",[0.68794326 2.1920904  0.91725768],0.02,1.0,0.11903,2.02972,0.45455,0.4084,"[0.57143, 0.26667, 0.3871]",274,0.11746,1.80929,0.59091,0.51334,"[0.69388, 0.30769, 0.53846]",249,COMPLETED,8.573
606,20260108_002650,gaitpart_OUMVLP_TOP50.csv,50%,Preset_47,MLP,42,256,"[768, 512, 256]",mean,,96,3,768,silu,0.45,AdamW,,0.0002,1e-06,False,,"[1, 2]","[1, 2]",[0.68794326 2.1920904  0.91725768],0.02,1.0,0.20342,2.11662,0.56818,0.53689,"[0.65116, 0.42105, 0.53846]",619,0.71425,1.08588,0.63636,0.61537,"[0.68421, 0.53333, 0.62857]",160,STOPPED,18.785
607,20260108_002650,gaitset_GREW_TOP50.csv,50%,Preset_47,MLP,42,256,"[768, 512, 256]",mean,,96,3,768,silu,0.45,AdamW,,0.0002,1e-06,False,,"[1, 2]","[1, 2]",[0.68794326 2.1920904  0.91725768],0.02,1.0,0.11553,1.95295,0.43182,0.32125,"[0.58537, 0.0, 0.37838]",245,0.14347,2.0494,0.63636,0.55722,"[0.79167, 0.4, 0.48]",173,COMPLETED,7.59
608,20260108_002650,gaitset_OUMVLP_TOP50.csv,50%,Preset_47,MLP,42,256,"[768, 512, 256]",mean,,96,3,768,silu,0.45,AdamW,,0.0002,1e-06,False,,"[1, 2]","[1, 2]",[0.68794326 2.1920904  0.91725768],0.02,1.0,0.11985,2.0471,0.45455,0.36389,"[0.625, 0.2, 0.26667]",650,0.1167,2.23501,0.52273,0.47438,"[0.61111, 0.28571, 0.52632]",614,COMPLETED,19.998
609,20260108_002650,gaitset_TOP50.csv,50%,Preset_47,MLP,42,256,"[768, 512, 256]",mean,,96,3,768,silu,0.45,AdamW,,0.0002,1e-06,False,,"[1, 2]","[1, 2]",[0.68794326 2.1920904  0.91725768],0.02,1.0,0.11626,2.36975,0.43182,0.3687,"[0.51163, 0.14286, 0.45161]",256,0.1603,2.54055,0.5,0.46989,"[0.56522, 0.4, 0.44444]",159,COMPLETED,7.913
610,20260108_002650,gln_phase1_TOP50.csv,50%,Preset_47,MLP,42,256,"[768, 512, 256]",mean,,96,3,768,silu,0.45,AdamW,,0.0002,1e-06,False,,"[1, 2]","[1, 2]",[0.68794326 2.1920904  0.91725768],0.02,1.0,0.11628,1.69697,0.52273,0.43555,"[0.6087, 0.18182, 0.51613]",195,0.14417,1.61806,0.63636,0.57206,"[0.72, 0.44444, 0.55172]",125,COMPLETED,6.101
611,20260108_002650,gln_phase2_TOP50.csv,50%,Preset_47,MLP,42,256,"[768, 512, 256]",mean,,96,3,768,silu,0.45,AdamW,,0.0002,1e-06,False,,"[1, 2]","[1, 2]",[0.68794326 2.1920904  0.91725768],0.02,1.0,0.11672,1.69616,0.5,0.42381,"[0.57143, 0.2, 0.5]",218,0.16253,1.77392,0.56818,0.46769,"[0.68085, 0.22222, 0.5]",176,COMPLETED,6.796

612,20260108_002650,baseline_CASIAB_TOP50.csv,50%,Preset_48,MLP,42,256,"[512, 512, 768]",mean,L2,96,3,512,gelu,0.35,AdamW,,0.00018,1e-05,False,,[],[],[0.68794326 2.1920904  0.91725768],0.02,1.0,0.14119,3.78325,0.52273,0.46746,"[0.61905, 0.25, 0.53333]",1384,0.72136,1.23823,0.56818,0.50998,"[0.65116, 0.33333, 0.54545]",81,STOPPED,37.728
613,20260108_002650,baseline_OUMVLP_TOP50.csv,50%,Preset_48,MLP,42,256,"[512, 512, 768]",mean,L2,96,3,512,gelu,0.35,AdamW,,0.00018,1e-05,False,,[],[],[0.68794326 2.1920904  0.91725768],0.02,1.0,0.17398,3.82028,0.40909,0.35464,"[0.42105, 0.14286, 0.5]",1662,0.63123,3.05462,0.5,0.4264,"[0.51429, 0.13333, 0.63158]",577,STOPPED,45.653
614,20260108_002650,gaitgl_GREW_BNNeck_TOP50.csv,50%,Preset_48,MLP,42,256,"[512, 512, 768]",mean,L2,96,3,512,gelu,0.35,AdamW,,0.00018,1e-05,False,,[],[],[0.68794326 2.1920904  0.91725768],0.02,1.0,0.11772,4.82455,0.38636,0.33122,"[0.47619, 0.15385, 0.36364]",954,0.13978,4.25937,0.54545,0.49079,"[0.59459, 0.26667, 0.61111]",555,COMPLETED,26.266
615,20260108_002650,gaitgl_GREW_TOP50.csv,50%,Preset_48,MLP,42,256,"[512, 512, 768]",mean,L2,96,3,512,gelu,0.35,AdamW,,0.00018,1e-05,False,,[],[],[0.68794326 2.1920904  0.91725768],0.02,1.0,0.12642,3.47806,0.38636,0.39415,"[0.39024, 0.42857, 0.36364]",1229,0.36409,1.82037,0.52273,0.49538,"[0.59091, 0.42857, 0.46667]",212,STOPPED,33.687
616,20260108_002650,gaitgl_OUMVLP_TOP50.csv,50%,Preset_48,MLP,42,256,"[512, 512, 768]",mean,L2,96,3,512,gelu,0.35,AdamW,,0.00018,1e-05,False,,[],[],[0.68794326 2.1920904  0.91725768],0.02,1.0,0.9016,3.44883,0.43182,0.39762,"[0.47619, 0.25, 0.46667]",1397,0.28158,3.38376,0.47727,0.45556,"[0.5, 0.33333, 0.53333]",1012,STOPPED,38.312
617,20260108_002650,gaitgl_TOP50.csv,50%,Preset_48,MLP,42,128,"[512, 512, 768]",mean,L2,96,3,512,gelu,0.35,AdamW,,0.00018,1e-05,False,,[],[],[0.68794326 2.1920904  0.91725768],0.02,1.0,0.11884,7.5616,0.36364,0.34026,"[0.41026, 0.21053, 0.4]",1421,0.55087,2.3118,0.47727,0.43761,"[0.51282, 0.28571, 0.51429]",193,COMPLETED,39.043
618,20260108_002650,gaitpart_GREW_TOP50.csv,50%,Preset_48,MLP,42,256,"[512, 512, 768]",mean,L2,96,3,512,gelu,0.35,AdamW,,0.00018,1e-05,False,,[],[],[0.68794326 2.1920904  0.91725768],0.02,1.0,0.15515,5.51011,0.47727,0.44874,"[0.59459, 0.3, 0.45161]",1411,0.15588,4.86112,0.54545,0.50654,"[0.66667, 0.35294, 0.5]",1211,STOPPED,38.974
619,20260108_002650,gaitpart_OUMVLP_TOP50.csv,50%,Preset_48,MLP,42,256,"[512, 512, 768]",mean,L2,96,3,512,gelu,0.35,AdamW,,0.00018,1e-05,False,,[],[],[0.68794326 2.1920904  0.91725768],0.02,1.0,0.51935,2.33022,0.47727,0.42571,"[0.68293, 0.26087, 0.33333]",1350,0.691,1.22096,0.61364,0.59608,"[0.66667, 0.53333, 0.58824]",311,STOPPED,36.856
620,20260108_002650,gaitset_GREW_TOP50.csv,50%,Preset_48,MLP,42,256,"[512, 512, 768]",mean,L2,96,3,512,gelu,0.35,AdamW,,0.00018,1e-05,False,,[],[],[0.68794326 2.1920904  0.91725768],0.02,1.0,0.11941,2.6431,0.54545,0.49643,"[0.71429, 0.375, 0.4]",1146,0.12526,2.82819,0.61364,0.56463,"[0.78947, 0.375, 0.52941]",1117,COMPLETED,31.668
621,20260108_002650,gaitset_OUMVLP_TOP50.csv,50%,Preset_48,MLP,42,256,"[512, 512, 768]",mean,L2,96,3,512,gelu,0.35,AdamW,,0.00018,1e-05,False,,[],[],[0.68794326 2.1920904  0.91725768],0.02,1.0,0.231,4.39874,0.38636,0.33333,"[0.51282, 0.15385, 0.33333]",2327,0.18823,4.42797,0.47727,0.42659,"[0.61905, 0.28571, 0.375]",2141,STOPPED,64.019
622,20260108_002650,gaitset_TOP50.csv,50%,Preset_48,MLP,42,256,"[512, 512, 768]",mean,L2,96,3,512,gelu,0.35,AdamW,,0.00018,1e-05,False,,[],[],[0.68794326 2.1920904  0.91725768],0.02,1.0,0.11791,5.39039,0.40909,0.34719,"[0.51163, 0.14286, 0.3871]",1508,0.18467,4.49247,0.43182,0.39293,"[0.52381, 0.21053, 0.44444]",717,COMPLETED,41.327
623,20260108_002650,gln_phase1_TOP50.csv,50%,Preset_48,MLP,42,256,"[512, 512, 768]",mean,L2,96,3,512,gelu,0.35,AdamW,,0.00018,1e-05,False,,[],[],[0.68794326 2.1920904  0.91725768],0.02,1.0,0.11965,4.30231,0.38636,0.32774,"[0.48889, 0.18182, 0.3125]",1246,0.72137,1.14477,0.52273,0.53361,"[0.52941, 0.57143, 0.5]",77,COMPLETED,34.077
624,20260108_002650,gln_phase2_TOP50.csv,50%,Preset_48,MLP,42,256,"[512, 512, 768]",mean,L2,96,3,512,gelu,0.35,AdamW,,0.00018,1e-05,False,,[],[],[0.68794326 2.1920904  0.91725768],0.02,1.0,0.13483,3.74155,0.43182,0.38881,"[0.55814, 0.28571, 0.32258]",995,0.13014,3.96724,0.5,0.45489,"[0.57895, 0.28571, 0.5]",819,STOPPED,27.471

625,20260108_002650,baseline_CASIAB_TOP50.csv,50%,Preset_49,MLP,42,256,"[896, 896, 640, 320]",mean,minmax,48,4,896,gelu,0.45,Adam,,0.00018,5e-07,False,,[1],"[2, 3]",[0.68794326 2.1920904  0.91725768],0.02,1.0,0.11129,1.59716,0.56818,0.47635,"[0.62222, 0.18182, 0.625]",82,0.11129,1.59716,0.56818,0.47635,"[0.62222, 0.18182, 0.625]",82,COMPLETED,4.441
626,20260108_002650,baseline_OUMVLP_TOP50.csv,50%,Preset_49,MLP,42,256,"[896, 896, 640, 320]",mean,minmax,48,4,896,gelu,0.45,Adam,,0.00018,5e-07,False,,[1],"[2, 3]",[0.68794326 2.1920904  0.91725768],0.02,1.0,0.11624,1.6447,0.40909,0.35288,"[0.4878, 0.13333, 0.4375]",76,0.12208,2.09495,0.43182,0.41667,"[0.5, 0.25, 0.5]",63,COMPLETED,4.124
627,20260108_002650,gaitgl_GREW_BNNeck_TOP50.csv,50%,Preset_49,MLP,42,256,"[896, 896, 640, 320]",mean,minmax,48,4,896,gelu,0.45,Adam,,0.00018,5e-07,False,,[1],"[2, 3]",[0.68794326 2.1920904  0.91725768],0.02,1.0,0.11133,1.7481,0.5,0.36364,"[0.59091, 0.0, 0.5]",69,0.2839,1.90469,0.47727,0.40722,"[0.54545, 0.14286, 0.53333]",30,COMPLETED,3.733
628,20260108_002650,gaitgl_GREW_TOP50.csv,50%,Preset_49,MLP,42,256,"[896, 896, 640, 320]",mean,minmax,48,4,896,gelu,0.45,Adam,,0.00018,5e-07,False,,[1],"[2, 3]",[0.68794326 2.1920904  0.91725768],0.02,1.0,0.11884,1.87382,0.43182,0.37037,"[0.5, 0.16667, 0.44444]",65,0.17136,1.78116,0.47727,0.47289,"[0.5, 0.46154, 0.45714]",42,COMPLETED,3.546
629,20260108_002650,gaitgl_OUMVLP_TOP50.csv,50%,Preset_49,MLP,42,256,"[896, 896, 640, 320]",mean,minmax,48,4,896,gelu,0.45,Adam,,0.00018,5e-07,False,,[1],"[2, 3]",[0.68794326 2.1920904  0.91725768],0.02,1.0,0.11151,1.67127,0.52273,0.48718,"[0.6, 0.46154, 0.4]",81,0.11813,1.78162,0.56818,0.5429,"[0.60465, 0.46154, 0.5625]",59,COMPLETED,4.417
630,20260108_002650,gaitgl_TOP50.csv,50%,Preset_49,MLP,42,128,"[896, 896, 640, 320]",mean,minmax,48,4,896,gelu,0.45,Adam,,0.00018,5e-07,False,,[1],"[2, 3]",[0.68794326 2.1920904  0.91725768],0.02,1.0,0.11158,1.65067,0.45455,0.38021,"[0.63415, 0.14286, 0.36364]",66,0.13103,1.88322,0.54545,0.51242,"[0.66667, 0.4, 0.47059]",57,COMPLETED,3.692
631,20260108_002650,gaitpart_GREW_TOP50.csv,50%,Preset_49,MLP,42,256,"[896, 896, 640, 320]",mean,minmax,48,4,896,gelu,0.45,Adam,,0.00018,5e-07,False,,[1],"[2, 3]",[0.68794326 2.1920904  0.91725768],0.02,1.0,0.11381,1.38236,0.56818,0.4712,"[0.71429, 0.15385, 0.54545]",60,0.11391,1.34607,0.65909,0.61708,"[0.8, 0.47059, 0.58065]",57,COMPLETED,3.365
632,20260108_002650,gaitpart_OUMVLP_TOP50.csv,50%,Preset_49,MLP,42,256,"[896, 896, 640, 320]",mean,minmax,48,4,896,gelu,0.45,Adam,,0.00018,5e-07,False,,[1],"[2, 3]",[0.68794326 2.1920904  0.91725768],0.02,1.0,0.11276,1.35546,0.52273,0.50538,"[0.57895, 0.42105, 0.51613]",59,0.12368,1.53655,0.56818,0.52951,"[0.60606, 0.31579, 0.66667]",49,COMPLETED,3.246
633,20260108_002650,gaitset_GREW_TOP50.csv,50%,Preset_49,MLP,42,256,"[896, 896, 640, 320]",mean,minmax,48,4,896,gelu,0.45,Adam,,0.00018,5e-07,False,,[1],"[2, 3]",[0.68794326 2.1920904  0.91725768],0.02,1.0,0.11218,1.69295,0.54545,0.45426,"[0.66667, 0.18182, 0.51429]",64,0.12132,1.74046,0.56818,0.49537,"[0.69565, 0.30769, 0.48276]",59,COMPLETED,3.541
634,20260108_002650,gaitset_OUMVLP_TOP50.csv,50%,Preset_49,MLP,42,256,"[896, 896, 640, 320]",mean,minmax,48,4,896,gelu,0.45,Adam,,0.00018,5e-07,False,,[1],"[2, 3]",[0.68794326 2.1920904  0.91725768],0.02,1.0,0.11431,1.65796,0.43182,0.3673,"[0.52381, 0.15385, 0.42424]",75,0.1194,2.03767,0.52273,0.42274,"[0.64, 0.16667, 0.46154]",56,COMPLETED,4.032
635,20260108_002650,gaitset_TOP50.csv,50%,Preset_49,MLP,42,256,"[896, 896, 640, 320]",mean,minmax,48,4,896,gelu,0.45,Adam,,0.00018,5e-07,False,,[1],"[2, 3]",[0.68794326 2.1920904  0.91725768],0.02,1.0,0.1119,1.90103,0.38636,0.2854,"[0.44444, 0.0, 0.41176]",95,0.6226,1.4444,0.36364,0.36372,"[0.36364, 0.37037, 0.35714]",19,COMPLETED,5.062
636,20260108_002650,gln_phase1_TOP50.csv,50%,Preset_49,MLP,42,256,"[896, 896, 640, 320]",mean,minmax,48,4,896,gelu,0.45,Adam,,0.00018,5e-07,False,,[1],"[2, 3]",[0.68794326 2.1920904  0.91725768],0.02,1.0,0.1133,1.56883,0.56818,0.50997,"[0.55556, 0.30769, 0.66667]",60,0.13111,1.4366,0.63636,0.56882,"[0.61111, 0.36364, 0.73171]",49,COMPLETED,3.274
637,20260108_002650,gln_phase2_TOP50.csv,50%,Preset_49,MLP,42,256,"[896, 896, 640, 320]",mean,minmax,48,4,896,gelu,0.45,Adam,,0.00018,5e-07,False,,[1],"[2, 3]",[0.68794326 2.1920904  0.91725768],0.02,1.0,0.11934,1.44362,0.52273,0.42893,"[0.6383, 0.18182, 0.46667]",62,0.1465,1.40063,0.56818,0.47844,"[0.63415, 0.22222, 0.57895]",55,COMPLETED,3.427

638,20260108_002650,baseline_CASIAB_TOP50.csv,50%,Preset_50,MLP,42,256,"[384, 256, 128]",mean,,48,3,384,leakyrelu,0.2,Adam,,0.0008,0.0,False,,[3],"[1, 2]",[0.68794326 2.1920904  0.91725768],0.02,1.0,0.13117,1.60096,0.59091,0.42125,"[0.69231, 0.0, 0.57143]",229,0.12869,1.82027,0.61364,0.54285,"[0.69767, 0.28571, 0.64516]",63,STOPPED,10.744
639,20260108_002650,baseline_OUMVLP_TOP50.csv,50%,Preset_50,MLP,42,256,"[384, 256, 128]",mean,,48,3,384,leakyrelu,0.2,Adam,,0.0008,0.0,False,,[3],"[1, 2]",[0.68794326 2.1920904  0.91725768],0.02,1.0,0.21999,1.89313,0.45455,0.37707,"[0.57143, 0.125, 0.43478]",524,0.19555,1.22119,0.70455,0.61762,"[0.76923, 0.36364, 0.72]",345,STOPPED,24.795
640,20260108_002650,gaitgl_GREW_BNNeck_TOP50.csv,50%,Preset_50,MLP,42,256,"[384, 256, 128]",mean,,48,3,384,leakyrelu,0.2,Adam,,0.0008,0.0,False,,[3],"[1, 2]",[0.68794326 2.1920904  0.91725768],0.02,1.0,0.1031,2.03831,0.5,0.3881,"[0.65, 0.0, 0.51429]",129,0.11301,2.1712,0.47727,0.45485,"[0.51282, 0.3, 0.55172]",105,COMPLETED,6.179
641,20260108_002650,gaitgl_GREW_TOP50.csv,50%,Preset_50,MLP,42,256,"[384, 256, 128]",mean,,48,3,384,leakyrelu,0.2,Adam,,0.0008,0.0,False,,[3],"[1, 2]",[0.68794326 2.1920904  0.91725768],0.02,1.0,0.20503,2.15173,0.40909,0.39152,"[0.47826, 0.4, 0.2963]",306,0.24966,1.63115,0.59091,0.54086,"[0.65116, 0.4, 0.57143]",206,STOPPED,14.341
642,20260108_002650,gaitgl_OUMVLP_TOP50.csv,50%,Preset_50,MLP,42,256,"[384, 256, 128]",mean,,48,3,384,leakyrelu,0.2,Adam,,0.0008,0.0,False,,[3],"[1, 2]",[0.68794326 2.1920904  0.91725768],0.02,1.0,0.8347,1.16997,0.22727,0.19426,"[0.27027, 0.3125, 0.0]",274,0.69673,1.33531,0.47727,0.44514,"[0.4878, 0.33333, 0.51429]",147,STOPPED,12.81
643,20260108_002650,gaitgl_TOP50.csv,50%,Preset_50,MLP,42,128,"[384, 256, 128]",mean,,48,3,384,leakyrelu,0.2,Adam,,0.0008,0.0,False,,[3],"[1, 2]",[0.68794326 2.1920904  0.91725768],0.02,1.0,0.11084,2.38662,0.43182,0.36667,"[0.6, 0.125, 0.375]",58,0.18846,1.66513,0.59091,0.53608,"[0.65, 0.36364, 0.59459]",19,COMPLETED,2.816
644,20260108_002650,gaitpart_GREW_TOP50.csv,50%,Preset_50,MLP,42,256,"[384, 256, 128]",mean,,48,3,384,leakyrelu,0.2,Adam,,0.0008,0.0,False,,[3],"[1, 2]",[0.68794326 2.1920904  0.91725768],0.02,1.0,0.1738,1.69399,0.43182,0.39766,"[0.52632, 0.2, 0.46667]",403,0.17522,1.79854,0.61364,0.58144,"[0.68182, 0.5, 0.5625]",251,STOPPED,18.912
645,20260108_002650,gaitpart_OUMVLP_TOP50.csv,50%,Preset_50,MLP,42,256,"[384, 256, 128]",mean,,48,3,384,leakyrelu,0.2,Adam,,0.0008,0.0,False,,[3],"[1, 2]",[0.68794326 2.1920904  0.91725768],0.02,1.0,0.67375,1.89758,0.40909,0.40733,"[0.4, 0.37037, 0.45161]",580,0.65939,1.21334,0.56818,0.54241,"[0.66667, 0.44444, 0.51613]",541,STOPPED,27.265
646,20260108_002650,gaitset_GREW_TOP50.csv,50%,Preset_50,MLP,42,256,"[384, 256, 128]",mean,,48,3,384,leakyrelu,0.2,Adam,,0.0008,0.0,False,,[3],"[1, 2]",[0.68794326 2.1920904  0.91725768],0.02,1.0,0.11768,1.79854,0.59091,0.54718,"[0.68, 0.5, 0.46154]",266,0.14887,1.5404,0.65909,0.60043,"[0.77273, 0.42857, 0.6]",191,COMPLETED,12.634
647,20260108_002650,gaitset_OUMVLP_TOP50.csv,50%,Preset_50,MLP,42,256,"[384, 256, 128]",mean,,48,3,384,leakyrelu,0.2,Adam,,0.0008,0.0,False,,[3],"[1, 2]",[0.68794326 2.1920904  0.91725768],0.02,1.0,0.6927,1.72281,0.43182,0.38223,"[0.59091, 0.31579, 0.24]",514,0.41223,2.06347,0.43182,0.40242,"[0.41176, 0.30769, 0.4878]",277,STOPPED,24.117
648,20260108_002650,gaitset_TOP50.csv,50%,Preset_50,MLP,42,256,"[384, 256, 128]",mean,,48,3,384,leakyrelu,0.2,Adam,,0.0008,0.0,False,,[3],"[1, 2]",[0.68794326 2.1920904  0.91725768],0.02,1.0,0.11387,2.68962,0.34091,0.29908,"[0.34286, 0.13333, 0.42105]",195,0.10343,2.16254,0.5,0.36898,"[0.63636, 0.0, 0.47059]",191,COMPLETED,9.122
649,20260108_002650,gln_phase1_TOP50.csv,50%,Preset_50,MLP,42,256,"[384, 256, 128]",mean,,48,3,384,leakyrelu,0.2,Adam,,0.0008,0.0,False,,[3],"[1, 2]",[0.68794326 2.1920904  0.91725768],0.02,1.0,0.11008,1.9602,0.52273,0.46781,"[0.59574, 0.30769, 0.5]",214,0.16285,1.6381,0.61364,0.55047,"[0.61538, 0.33333, 0.7027]",209,COMPLETED,10.132
650,20260108_002650,gln_phase2_TOP50.csv,50%,Preset_50,MLP,42,256,"[384, 256, 128]",mean,,48,3,384,leakyrelu,0.2,Adam,,0.0008,0.0,False,,[3],"[1, 2]",[0.68794326 2.1920904  0.91725768],0.02,1.0,0.10749,1.97361,0.52273,0.44394,"[0.53659, 0.16667, 0.62857]",276,0.10413,1.52915,0.63636,0.52989,"[0.71111, 0.25, 0.62857]",175,COMPLETED,13.06

651,20260108_002650,baseline_CASIAB_TOP50.csv,50%,Preset_51,MLP,42,42,"[1280, 896, 512, 256]",mean,L2,64,4,1280,silu,0.45,Adam,,0.0002,2e-07,True,0.8,"[1, 2]","[1, 2, 3]",[0.68794326 2.1920904  0.91725768],0.02,1.0,0.11777,1.89578,0.5,0.41849,"[0.59574, 0.22222, 0.4375]",291,0.1584,1.66361,0.59091,0.53704,"[0.66667, 0.44444, 0.5]",228,COMPLETED,13.155
652,20260108_002650,baseline_OUMVLP_TOP50.csv,50%,Preset_51,MLP,42,39,"[1280, 896, 512, 256]",mean,L2,64,4,1280,silu,0.45,Adam,,0.0002,2e-07,True,0.8,"[1, 2]","[1, 2, 3]",[0.68794326 2.1920904  0.91725768],0.02,1.0,0.11745,1.73522,0.47727,0.43966,"[0.4878, 0.28571, 0.54545]",358,0.15409,1.81364,0.54545,0.52879,"[0.53659, 0.46154, 0.58824]",297,COMPLETED,16.108
653,20260108_002650,gaitgl_GREW_BNNeck_TOP50.csv,50%,Preset_51,MLP,42,57,"[1280, 896, 512, 256]",mean,L2,64,4,1280,silu,0.45,Adam,,0.0002,2e-07,True,0.8,"[1, 2]","[1, 2, 3]",[0.68794326 2.1920904  0.91725768],0.02,1.0,0.11535,2.23001,0.5,0.33288,"[0.64151, 0.0, 0.35714]",204,0.16154,2.17412,0.56818,0.51333,"[0.64, 0.4, 0.5]",145,COMPLETED,9.387
654,20260108_002650,gaitgl_GREW_TOP50.csv,50%,Preset_51,MLP,42,82,"[1280, 896, 512, 256]",mean,L2,64,4,1280,silu,0.45,Adam,,0.0002,2e-07,True,0.8,"[1, 2]","[1, 2, 3]",[0.68794326 2.1920904  0.91725768],0.02,1.0,0.11854,2.34712,0.43182,0.36806,"[0.52381, 0.14286, 0.4375]",203,0.16346,2.73626,0.5,0.4098,"[0.625, 0.14286, 0.46154]",154,COMPLETED,9.261
655,20260108_002650,gaitgl_OUMVLP_TOP50.csv,50%,Preset_51,MLP,42,57,"[1280, 896, 512, 256]",mean,L2,64,4,1280,silu,0.45,Adam,,0.0002,2e-07,True,0.8,"[1, 2]","[1, 2, 3]",[0.68794326 2.1920904  0.91725768],0.02,1.0,0.11561,2.35088,0.36364,0.35047,"[0.34146, 0.28571, 0.42424]",474,0.2428,2.11179,0.5,0.46823,"[0.51163, 0.36364, 0.52941]",380,COMPLETED,21.505
656,20260108_002650,gaitgl_TOP50.csv,50%,Preset_51,MLP,42,44,"[1280, 896, 512, 256]",mean,L2,64,4,1280,silu,0.45,Adam,,0.0002,2e-07,True,0.8,"[1, 2]","[1, 2, 3]",[0.68794326 2.1920904  0.91725768],0.02,1.0,0.11149,2.00358,0.43182,0.39583,"[0.5, 0.25, 0.4375]",300,0.40445,1.55156,0.52273,0.47637,"[0.55, 0.30769, 0.57143]",96,COMPLETED,13.64
657,20260108_002650,gaitpart_GREW_TOP50.csv,50%,Preset_51,MLP,42,61,"[1280, 896, 512, 256]",mean,L2,64,4,1280,silu,0.45,Adam,,0.0002,2e-07,True,0.8,"[1, 2]","[1, 2, 3]",[0.68794326 2.1920904  0.91725768],0.02,1.0,0.11787,1.77697,0.54545,0.51173,"[0.61905, 0.4, 0.51613]",224,0.26233,1.69665,0.59091,0.55039,"[0.65116, 0.44444, 0.55556]",152,COMPLETED,10.185
658,20260108_002650,gaitpart_OUMVLP_TOP50.csv,50%,Preset_51,MLP,42,50,"[1280, 896, 512, 256]",mean,L2,64,4,1280,silu,0.45,Adam,,0.0002,2e-07,True,0.8,"[1, 2]","[1, 2, 3]",[0.68794326 2.1920904  0.91725768],0.02,1.0,0.11471,2.18932,0.5,0.47294,"[0.54054, 0.31579, 0.5625]",552,0.25204,2.30788,0.56818,0.54443,"[0.63158, 0.42105, 0.58065]",419,COMPLETED,24.949
659,20260108_002650,gaitset_GREW_TOP50.csv,50%,Preset_51,MLP,42,66,"[1280, 896, 512, 256]",mean,L2,64,4,1280,silu,0.45,Adam,,0.0002,2e-07,True,0.8,"[1, 2]","[1, 2, 3]",[0.68794326 2.1920904  0.91725768],0.02,1.0,0.11038,2.20177,0.5,0.40823,"[0.68182, 0.14286, 0.4]",203,0.17982,2.35802,0.52273,0.45539,"[0.66667, 0.28571, 0.41379]",140,COMPLETED,9.283
660,20260108_002650,gaitset_OUMVLP_TOP50.csv,50%,Preset_51,MLP,42,51,"[1280, 896, 512, 256]",mean,L2,64,4,1280,silu,0.45,Adam,,0.0002,2e-07,True,0.8,"[1, 2]","[1, 2, 3]",[0.68794326 2.1920904  0.91725768],0.02,1.0,0.11767,1.73465,0.59091,0.48832,"[0.71111, 0.15385, 0.6]",376,0.164,2.096,0.61364,0.51087,"[0.73171, 0.15385, 0.64706]",326,COMPLETED,17.216
661,20260108_002650,gaitset_TOP50.csv,50%,Preset_51,MLP,42,33,"[1280, 896, 512, 256]",mean,L2,64,4,1280,silu,0.45,Adam,,0.0002,2e-07,True,0.8,"[1, 2]","[1, 2, 3]",[0.68794326 2.1920904  0.91725768],0.02,1.0,0.11206,2.43433,0.43182,0.39438,"[0.5641, 0.19048, 0.42857]",417,0.15037,2.58142,0.5,0.46667,"[0.6, 0.3, 0.5]",294,COMPLETED,18.887
662,20260108_002650,gln_phase1_TOP50.csv,50%,Preset_51,MLP,42,45,"[1280, 896, 512, 256]",mean,L2,64,4,1280,silu,0.45,Adam,,0.0002,2e-07,True,0.8,"[1, 2]","[1, 2, 3]",[0.68794326 2.1920904  0.91725768],0.02,1.0,0.11993,2.18422,0.5,0.47197,"[0.55814, 0.375, 0.48276]",287,0.39809,1.85413,0.59091,0.55515,"[0.65217, 0.46154, 0.55172]",125,COMPLETED,13.116
663,20260108_002650,gln_phase2_TOP50.csv,50%,Preset_51,MLP,42,50,"[1280, 896, 512, 256]",mean,L2,64,4,1280,silu,0.45,Adam,,0.0002,2e-07,True,0.8,"[1, 2]","[1, 2, 3]",[0.68794326 2.1920904  0.91725768],0.02,1.0,0.1142,1.91976,0.5,0.42414,"[0.55814, 0.2, 0.51429]",253,0.18195,2.06296,0.54545,0.45999,"[0.58537, 0.2, 0.59459]",169,COMPLETED,11.5

664,20260108_002650,baseline_CASIAB_TOP50.csv,50%,Preset_52,MLP,42,25,"[512, 384, 256]",max,L2,128,3,512,silu,0.5,Adam,,0.0001,1e-06,True,0.65,[2],[3],[0.68794326 2.1920904  0.91725768],0.02,1.0,0.11945,1.89678,0.5,0.42381,"[0.57143, 0.2, 0.5]",1576,0.28139,1.51095,0.59091,0.55711,"[0.60465, 0.4, 0.66667]",670,COMPLETED,39.84
665,20260108_002650,baseline_OUMVLP_TOP50.csv,50%,Preset_52,MLP,42,26,"[512, 384, 256]",max,L2,128,3,512,silu,0.5,Adam,,0.0001,1e-06,True,0.65,[2],[3],[0.68794326 2.1920904  0.91725768],0.02,1.0,0.12069,2.61816,0.40909,0.37896,"[0.45714, 0.23529, 0.44444]",1621,0.14647,2.25537,0.56818,0.50748,"[0.69388, 0.42857, 0.4]",1436,STOPPED,41.343
666,20260108_002650,gaitgl_GREW_BNNeck_TOP50.csv,50%,Preset_52,MLP,42,41,"[512, 384, 256]",max,L2,128,3,512,silu,0.5,Adam,,0.0001,1e-06,True,0.65,[2],[3],[0.68794326 2.1920904  0.91725768],0.02,1.0,0.119,2.10493,0.47727,0.39869,"[0.57778, 0.16667, 0.45161]",728,0.52331,1.45684,0.5,0.4408,"[0.7, 0.23529, 0.3871]",216,COMPLETED,18.66
667,20260108_002650,gaitgl_GREW_TOP50.csv,50%,Preset_52,MLP,42,60,"[512, 384, 256]",max,L2,128,3,512,silu,0.5,Adam,,0.0001,1e-06,True,0.65,[2],[3],[0.68794326 2.1920904  0.91725768],0.02,1.0,0.1182,1.7899,0.36364,0.22617,"[0.51852, 0.0, 0.16]",471,0.71557,1.1257,0.47727,0.45963,"[0.52174, 0.42857, 0.42857]",132,COMPLETED,11.894
668,20260108_002650,gaitgl_OUMVLP_TOP50.csv,50%,Preset_52,MLP,42,19,"[512, 384, 256]",max,L2,128,3,512,silu,0.5,Adam,,0.0001,1e-06,True,0.65,[2],[3],[0.68794326 2.1920904  0.91725768],0.02,1.0,0.1926,2.03957,0.40909,0.33875,"[0.59574, 0.26667, 0.15385]",2506,0.21023,1.84301,0.56818,0.53618,"[0.6, 0.44444, 0.5641]",2207,STOPPED,63.393
669,20260108_002650,gaitgl_TOP50.csv,50%,Preset_52,MLP,42,41,"[512, 384, 256]",max,L2,128,3,512,silu,0.5,Adam,,0.0001,1e-06,True,0.65,[2],[3],[0.68794326 2.1920904  0.91725768],0.02,1.0,0.11782,2.70479,0.27273,0.22277,"[0.41026, 0.0, 0.25806]",594,0.72819,1.20771,0.43182,0.37194,"[0.54054, 0.14286, 0.43243]",152,COMPLETED,15.882
670,20260108_002650,gaitpart_GREW_TOP50.csv,50%,Preset_52,MLP,42,38,"[512, 384, 256]",max,L2,128,3,512,silu,0.5,Adam,,0.0001,1e-06,True,0.65,[2],[3],[0.68794326 2.1920904  0.91725768],0.02,1.0,0.11818,2.02243,0.52273,0.42866,"[0.66667, 0.18182, 0.4375]",979,0.41775,1.29362,0.59091,0.56061,"[0.68182, 0.5, 0.5]",358,COMPLETED,25.134
671,20260108_002650,gaitpart_OUMVLP_TOP50.csv,50%,Preset_52,MLP,42,24,"[512, 384, 256]",max,L2,128,3,512,silu,0.5,Adam,,0.0001,1e-06,True,0.65,[2],[3],[0.68794326 2.1920904  0.91725768],0.02,1.0,0.20092,2.98822,0.38636,0.33135,"[0.47619, 0.14286, 0.375]",2082,0.25751,2.65244,0.47727,0.45417,"[0.55, 0.375, 0.4375]",2049,STOPPED,52.615
672,20260108_002650,gaitset_GREW_TOP50.csv,50%,Preset_52,MLP,42,41,"[512, 384, 256]",max,L2,128,3,512,silu,0.5,Adam,,0.0001,1e-06,True,0.65,[2],[3],[0.68794326 2.1920904  0.91725768],0.02,1.0,0.11992,2.53575,0.43182,0.42248,"[0.48649, 0.38095, 0.4]",1041,0.15487,2.33297,0.47727,0.48805,"[0.45714, 0.53333, 0.47368]",1025,COMPLETED,26.56
673,20260108_002650,gaitset_OUMVLP_TOP50.csv,50%,Preset_52,MLP,42,24,"[512, 384, 256]",max,L2,128,3,512,silu,0.5,Adam,,0.0001,1e-06,True,0.65,[2],[3],[0.68794326 2.1920904  0.91725768],0.02,1.0,0.14238,2.81792,0.40909,0.33167,"[0.54167, 0.13333, 0.32]",2787,0.60746,1.3864,0.5,0.45333,"[0.55814, 0.28571, 0.51613]",1103,STOPPED,70.047
674,20260108_002650,gaitset_TOP50.csv,50%,Preset_52,MLP,42,24,"[512, 384, 256]",max,L2,128,3,512,silu,0.5,Adam,,0.0001,1e-06,True,0.65,[2],[3],[0.68794326 2.1920904  0.91725768],0.02,1.0,0.11827,2.5812,0.40909,0.39286,"[0.45, 0.3, 0.42857]",1560,0.30792,1.4756,0.56818,0.54407,"[0.64865, 0.42105, 0.5625]",619,COMPLETED,39.49
675,20260108_002650,gln_phase1_TOP50.csv,50%,Preset_52,MLP,42,24,"[512, 384, 256]",max,L2,128,3,512,silu,0.5,Adam,,0.0001,1e-06,True,0.65,[2],[3],[0.68794326 2.1920904  0.91725768],0.02,1.0,0.11683,2.14211,0.59091,0.49399,"[0.66667, 0.16667, 0.64865]",1806,0.15821,2.18257,0.63636,0.57781,"[0.78049, 0.35294, 0.6]",1320,COMPLETED,45.532
676,20260108_002650,gln_phase2_TOP50.csv,50%,Preset_52,MLP,42,23,"[512, 384, 256]",max,L2,128,3,512,silu,0.5,Adam,,0.0001,1e-06,True,0.65,[2],[3],[0.68794326 2.1920904  0.91725768],0.02,1.0,0.11642,2.608,0.34091,0.30501,"[0.33333, 0.11111, 0.47059]",1867,0.73896,1.30546,0.52273,0.47418,"[0.37037, 0.4, 0.65217]",286,COMPLETED,46.894

677,20260108_002650,baseline_CASIAB_TOP50.csv,50%,Preset_53,MLP,42,32,"[512, 384, 192]",max,L2,256,3,512,gelu,0.4,AdamW,,0.00025,5e-06,True,0.7,"[1, 3]",[2],[0.68794326 2.1920904  0.91725768],0.02,1.0,0.1179,1.71627,0.56818,0.51577,"[0.61224, 0.36364, 0.57143]",529,0.20592,1.4172,0.63636,0.62572,"[0.65217, 0.6, 0.625]",351,COMPLETED,9.042
678,20260108_002650,baseline_OUMVLP_TOP50.csv,50%,Preset_53,MLP,42,33,"[512, 384, 192]",max,L2,256,3,512,gelu,0.4,AdamW,,0.00025,5e-06,True,0.7,"[1, 3]",[2],[0.68794326 2.1920904  0.91725768],0.02,1.0,0.11655,2.02838,0.5,0.42424,"[0.54545, 0.18182, 0.54545]",621,0.12448,1.96026,0.56818,0.56989,"[0.55, 0.57143, 0.58824]",578,COMPLETED,11.1
679,20260108_002650,gaitgl_GREW_BNNeck_TOP50.csv,50%,Preset_53,MLP,42,50,"[512, 384, 192]",max,L2,256,3,512,gelu,0.4,AdamW,,0.00025,5e-06,True,0.7,"[1, 3]",[2],[0.68794326 2.1920904  0.91725768],0.02,1.0,0.11483,2.01768,0.45455,0.32358,"[0.59574, 0.0, 0.375]",283,0.49044,1.51218,0.5,0.40823,"[0.68182, 0.14286, 0.4]",125,COMPLETED,5.051
680,20260108_002650,gaitgl_GREW_TOP50.csv,50%,Preset_53,MLP,42,71,"[512, 384, 192]",max,L2,256,3,512,gelu,0.4,AdamW,,0.00025,5e-06,True,0.7,"[1, 3]",[2],[0.68794326 2.1920904  0.91725768],0.02,1.0,0.11798,1.75558,0.43182,0.37488,"[0.42857, 0.16667, 0.52941]",207,0.24628,1.36935,0.5,0.49106,"[0.51163, 0.46154, 0.5]",152,COMPLETED,3.714
681,20260108_002650,gaitgl_OUMVLP_TOP50.csv,50%,Preset_53,MLP,42,27,"[512, 384, 192]",max,L2,256,3,512,gelu,0.4,AdamW,,0.00025,5e-06,True,0.7,"[1, 3]",[2],[0.68794326 2.1920904  0.91725768],0.02,1.0,0.11752,1.9282,0.52273,0.47083,"[0.6, 0.25, 0.5625]",1248,0.25815,1.25803,0.61364,0.57521,"[0.65, 0.42857, 0.64706]",887,COMPLETED,21.42
682,20260108_002650,gaitgl_TOP50.csv,50%,Preset_53,MLP,42,47,"[512, 384, 192]",max,L2,256,3,512,gelu,0.4,AdamW,,0.00025,5e-06,True,0.7,"[1, 3]",[2],[0.68794326 2.1920904  0.91725768],0.02,1.0,0.11832,2.56264,0.34091,0.26984,"[0.47619, 0.0, 0.33333]",290,0.74064,1.31819,0.45455,0.43863,"[0.55, 0.42105, 0.34483]",100,COMPLETED,4.936
683,20260108_002650,gaitpart_GREW_TOP50.csv,50%,Preset_53,MLP,42,46,"[512, 384, 192]",max,L2,256,3,512,gelu,0.4,AdamW,,0.00025,5e-06,True,0.7,"[1, 3]",[2],[0.68794326 2.1920904  0.91725768],0.02,1.0,0.11587,2.18575,0.5,0.42701,"[0.64, 0.33333, 0.30769]",422,0.59226,1.29851,0.47727,0.48004,"[0.5, 0.52632, 0.41379]",180,COMPLETED,7.432
684,20260108_002650,gaitpart_OUMVLP_TOP50.csv,50%,Preset_53,MLP,42,30,"[512, 384, 192]",max,L2,256,3,512,gelu,0.4,AdamW,,0.00025,5e-06,True,0.7,"[1, 3]",[2],[0.68794326 2.1920904  0.91725768],0.02,1.0,0.11841,2.37649,0.47727,0.36667,"[0.6, 0.0, 0.5]",1421,0.17232,2.23349,0.5,0.45308,"[0.61538, 0.21053, 0.53333]",1037,COMPLETED,24.231
685,20260108_002650,gaitset_GREW_TOP50.csv,50%,Preset_53,MLP,42,51,"[512, 384, 192]",max,L2,256,3,512,gelu,0.4,AdamW,,0.00025,5e-06,True,0.7,"[1, 3]",[2],[0.68794326 2.1920904  0.91725768],0.02,1.0,0.11823,2.02282,0.45455,0.3868,"[0.53659, 0.16667, 0.45714]",406,0.13153,1.92749,0.56818,0.53925,"[0.59459, 0.42857, 0.59459]",360,COMPLETED,7.294
686,20260108_002650,gaitset_OUMVLP_TOP50.csv,50%,Preset_53,MLP,42,31,"[512, 384, 192]",max,L2,256,3,512,gelu,0.4,AdamW,,0.00025,5e-06,True,0.7,"[1, 3]",[2],[0.68794326 2.1920904  0.91725768],0.02,1.0,0.11805,2.20726,0.47727,0.35421,"[0.57778, 0.0, 0.48485]",1555,0.73988,1.21308,0.52273,0.50232,"[0.51429, 0.42857, 0.5641]",489,COMPLETED,26.062
687,20260108_002650,gaitset_TOP50.csv,50%,Preset_53,MLP,42,31,"[512, 384, 192]",max,L2,256,3,512,gelu,0.4,AdamW,,0.00025,5e-06,True,0.7,"[1, 3]",[2],[0.68794326 2.1920904  0.91725768],0.02,1.0,0.11745,2.02878,0.45455,0.43105,"[0.51163, 0.35294, 0.42857]",541,0.32195,1.39414,0.56818,0.51672,"[0.65385, 0.46154, 0.43478]",280,COMPLETED,9.419
688,20260108_002650,gln_phase1_TOP50.csv,50%,Preset_53,MLP,42,32,"[512, 384, 192]",max,L2,256,3,512,gelu,0.4,AdamW,,0.00025,5e-06,True,0.7,"[1, 3]",[2],[0.68794326 2.1920904  0.91725768],0.02,1.0,0.11768,2.24983,0.38636,0.30427,"[0.51282, 0.0, 0.4]",592,0.71451,1.28929,0.52273,0.39332,"[0.58537, 0.0, 0.59459]",157,COMPLETED,10.102
689,20260108_002650,gln_phase2_TOP50.csv,50%,Preset_53,MLP,42,30,"[512, 384, 192]",max,L2,256,3,512,gelu,0.4,AdamW,,0.00025,5e-06,True,0.7,"[1, 3]",[2],[0.68794326 2.1920904  0.91725768],0.02,1.0,0.1161,2.26683,0.5,0.45399,"[0.54054, 0.25, 0.57143]",714,0.12353,2.099,0.52273,0.47375,"[0.5641, 0.28571, 0.57143]",706,COMPLETED,12.255

690,20260108_002650,baseline_CASIAB_TOP50.csv,50%,Preset_54,MLP,42,41,"[768, 512, 256]",mean,minmax,128,3,768,silu,0.45,Adam,,0.00015,1e-06,True,0.8,"[1, 2]","[1, 2]",[0.68794326 2.1920904  0.91725768],0.02,1.0,0.11821,1.62395,0.47727,0.34201,"[0.61224, 0.0, 0.41379]",773,0.30389,2.01613,0.59091,0.53157,"[0.63636, 0.33333, 0.625]",124,STOPPED,20.726
691,20260108_002650,baseline_OUMVLP_TOP50.csv,50%,Preset_54,MLP,42,41,"[768, 512, 256]",mean,minmax,128,3,768,silu,0.45,Adam,,0.00015,1e-06,True,0.8,"[1, 2]","[1, 2]",[0.68794326 2.1920904  0.91725768],0.02,1.0,0.12075,1.48753,0.59091,0.55946,"[0.5641, 0.42857, 0.68571]",767,0.14281,1.494,0.63636,0.60662,"[0.63415, 0.5, 0.68571]",368,STOPPED,20.77
692,20260108_002650,gaitgl_GREW_BNNeck_TOP50.csv,50%,Preset_54,MLP,42,58,"[768, 512, 256]",mean,minmax,128,3,768,silu,0.45,Adam,,0.00015,1e-06,True,0.8,"[1, 2]","[1, 2]",[0.68794326 2.1920904  0.91725768],0.02,1.0,0.12006,2.10291,0.43182,0.30571,"[0.56, 0.0, 0.35714]",535,0.25004,2.21677,0.5,0.45007,"[0.59091, 0.30769, 0.45161]",127,STOPPED,14.504
693,20260108_002650,gaitgl_GREW_TOP50.csv,50%,Preset_54,MLP,42,74,"[768, 512, 256]",mean,minmax,128,3,768,silu,0.45,Adam,,0.00015,1e-06,True,0.8,"[1, 2]","[1, 2]",[0.68794326 2.1920904  0.91725768],0.02,1.0,0.11858,2.01113,0.5,0.41987,"[0.57778, 0.18182, 0.5]",454,0.13066,2.00687,0.59091,0.49239,"[0.65217, 0.2, 0.625]",302,COMPLETED,12.371
694,20260108_002650,gaitgl_OUMVLP_TOP50.csv,50%,Preset_54,MLP,42,47,"[768, 512, 256]",mean,minmax,128,3,768,silu,0.45,Adam,,0.00015,1e-06,True,0.8,"[1, 2]","[1, 2]",[0.68794326 2.1920904  0.91725768],0.02,1.0,0.12407,1.65885,0.52273,0.51757,"[0.53659, 0.5, 0.51613]",834,0.25948,1.71192,0.61364,0.6,"[0.6, 0.53333, 0.66667]",216,STOPPED,22.363
695,20260108_002650,gaitgl_TOP50.csv,50%,Preset_54,MLP,42,40,"[768, 512, 256]",mean,minmax,128,3,768,silu,0.45,Adam,,0.00015,1e-06,True,0.8,"[1, 2]","[1, 2]",[0.68794326 2.1920904  0.91725768],0.02,1.0,0.12734,1.93577,0.45455,0.3945,"[0.52174, 0.25, 0.41176]",737,0.13909,1.93559,0.54545,0.46152,"[0.59091, 0.22222, 0.57143]",423,STOPPED,19.976
696,20260108_002650,gaitpart_GREW_TOP50.csv,50%,Preset_54,MLP,42,61,"[768, 512, 256]",mean,minmax,128,3,768,silu,0.45,Adam,,0.00015,1e-06,True,0.8,"[1, 2]","[1, 2]",[0.68794326 2.1920904  0.91725768],0.02,1.0,0.11878,1.38808,0.54545,0.48406,"[0.65217, 0.33333, 0.46667]",519,0.54446,1.10577,0.56818,0.54949,"[0.61905, 0.5, 0.52941]",41,STOPPED,13.871
697,20260108_002650,gaitpart_OUMVLP_TOP50.csv,50%,Preset_54,MLP,42,48,"[768, 512, 256]",mean,minmax,128,3,768,silu,0.45,Adam,,0.00015,1e-06,True,0.8,"[1, 2]","[1, 2]",[0.68794326 2.1920904  0.91725768],0.02,1.0,0.11952,1.50027,0.52273,0.44378,"[0.57143, 0.15385, 0.60606]",633,0.68107,1.13462,0.52273,0.49566,"[0.54054, 0.375, 0.57143]",36,COMPLETED,16.875
698,20260108_002650,gaitset_GREW_TOP50.csv,50%,Preset_54,MLP,42,65,"[768, 512, 256]",mean,minmax,128,3,768,silu,0.45,Adam,,0.00015,1e-06,True,0.8,"[1, 2]","[1, 2]",[0.68794326 2.1920904  0.91725768],0.02,1.0,0.11673,1.875,0.56818,0.46104,"[0.7234, 0.22222, 0.4375]",499,0.12696,1.93096,0.59091,0.51813,"[0.73913, 0.36364, 0.45161]",423,COMPLETED,13.5
699,20260108_002650,gaitset_OUMVLP_TOP50.csv,50%,Preset_54,MLP,42,52,"[768, 512, 256]",mean,minmax,128,3,768,silu,0.45,Adam,,0.00015,1e-06,True,0.8,"[1, 2]","[1, 2]",[0.68794326 2.1920904  0.91725768],0.02,1.0,0.11761,1.62647,0.52273,0.38406,"[0.65217, 0.0, 0.5]",615,0.57615,1.58883,0.52273,0.47028,"[0.61538, 0.25, 0.54545]",47,COMPLETED,16.376
700,20260108_002650,gaitset_TOP50.csv,50%,Preset_54,MLP,42,34,"[768, 512, 256]",mean,minmax,128,3,768,silu,0.45,Adam,,0.00015,1e-06,True,0.8,"[1, 2]","[1, 2]",[0.68794326 2.1920904  0.91725768],0.02,1.0,0.12016,2.03729,0.40909,0.35866,"[0.54545, 0.21053, 0.32]",850,0.12839,2.11764,0.47727,0.43684,"[0.53659, 0.22222, 0.55172]",707,STOPPED,22.663
701,20260108_002650,gln_phase1_TOP50.csv,50%,Preset_54,MLP,42,47,"[768, 512, 256]",mean,minmax,128,3,768,silu,0.45,Adam,,0.00015,1e-06,True,0.8,"[1, 2]","[1, 2]",[0.68794326 2.1920904  0.91725768],0.02,1.0,0.11995,1.78057,0.54545,0.48372,"[0.65116, 0.26667, 0.53333]",684,0.13054,1.85842,0.59091,0.55163,"[0.66667, 0.4, 0.58824]",429,COMPLETED,18.413
702,20260108_002650,gln_phase2_TOP50.csv,50%,Preset_54,MLP,42,51,"[768, 512, 256]",mean,minmax,128,3,768,silu,0.45,Adam,,0.00015,1e-06,True,0.8,"[1, 2]","[1, 2]",[0.68794326 2.1920904  0.91725768],0.02,1.0,0.1166,1.87312,0.47727,0.39952,"[0.56522, 0.16667, 0.46667]",636,0.66691,1.20434,0.5,0.49001,"[0.48649, 0.42105, 0.5625]",36,COMPLETED,16.976

703,20260108_002650,baseline_CASIAB_TOP50.csv,50%,Preset_55,MLP,42,41,"[768, 512, 256]",mean,minmax,64,3,768,elu,0.55,RMSprop,,8e-05,5e-05,True,0.8,"[1, 3]","[1, 2]",[0.68794326 2.1920904  0.91725768],0.02,1.0,0.14312,1.81676,0.5,0.45507,"[0.56522, 0.33333, 0.46667]",1102,0.44765,1.55456,0.54545,0.49558,"[0.59091, 0.33333, 0.5625]",324,STOPPED,43.23
704,20260108_002650,baseline_OUMVLP_TOP50.csv,50%,Preset_55,MLP,42,41,"[768, 512, 256]",mean,minmax,64,3,768,elu,0.55,RMSprop,,8e-05,5e-05,True,0.8,"[1, 3]","[1, 2]",[0.68794326 2.1920904  0.91725768],0.02,1.0,0.1395,1.59926,0.59091,0.58716,"[0.57895, 0.57143, 0.61111]",1213,0.14717,1.58541,0.63636,0.62322,"[0.63158, 0.57143, 0.66667]",1054,STOPPED,47.859
705,20260108_002650,gaitgl_GREW_BNNeck_TOP50.csv,50%,Preset_55,MLP,42,58,"[768, 512, 256]",mean,minmax,64,3,768,elu,0.55,RMSprop,,8e-05,5e-05,True,0.8,"[1, 3]","[1, 2]",[0.68794326 2.1920904  0.91725768],0.02,1.0,0.11887,2.1451,0.43182,0.29535,"[0.56604, 0.0, 0.32]",1246,0.41417,2.0007,0.43182,0.39127,"[0.52381, 0.25, 0.4]",296,COMPLETED,48.786
706,20260108_002650,gaitgl_GREW_TOP50.csv,50%,Preset_55,MLP,42,74,"[768, 512, 256]",mean,minmax,64,3,768,elu,0.55,RMSprop,,8e-05,5e-05,True,0.8,"[1, 3]","[1, 2]",[0.68794326 2.1920904  0.91725768],0.02,1.0,0.11827,2.19943,0.47727,0.43651,"[0.52381, 0.28571, 0.5]",1037,0.39032,1.69601,0.56818,0.55004,"[0.60465, 0.5, 0.54545]",257,COMPLETED,40.795
707,20260108_002650,gaitgl_OUMVLP_TOP50.csv,50%,Preset_55,MLP,42,47,"[768, 512, 256]",mean,minmax,64,3,768,elu,0.55,RMSprop,,8e-05,5e-05,True,0.8,"[1, 3]","[1, 2]",[0.68794326 2.1920904  0.91725768],0.02,1.0,0.12254,2.21588,0.47727,0.46143,"[0.42105, 0.375, 0.58824]",1647,0.28481,1.87036,0.56818,0.53679,"[0.58537, 0.4, 0.625]",571,STOPPED,64.811
708,20260108_002650,gaitgl_TOP50.csv,50%,Preset_55,MLP,42,40,"[768, 512, 256]",mean,minmax,64,3,768,elu,0.55,RMSprop,,8e-05,5e-05,True,0.8,"[1, 3]","[1, 2]",[0.68794326 2.1920904  0.91725768],0.02,1.0,0.12082,2.16944,0.43182,0.30959,"[0.54167, 0.0, 0.3871]",1613,0.66231,1.32887,0.43182,0.40756,"[0.46512, 0.33333, 0.42424]",217,STOPPED,63.065
709,20260108_002650,gaitpart_GREW_TOP50.csv,50%,Preset_55,MLP,42,61,"[768, 512, 256]",mean,minmax,64,3,768,elu,0.55,RMSprop,,8e-05,5e-05,True,0.8,"[1, 3]","[1, 2]",[0.68794326 2.1920904  0.91725768],0.02,1.0,0.1199,1.37801,0.61364,0.52778,"[0.75, 0.33333, 0.5]",1059,0.15551,1.42693,0.68182,0.64134,"[0.7907, 0.53333, 0.6]",623,COMPLETED,41.745
710,20260108_002650,gaitpart_OUMVLP_TOP50.csv,50%,Preset_55,MLP,42,48,"[768, 512, 256]",mean,minmax,64,3,768,elu,0.55,RMSprop,,8e-05,5e-05,True,0.8,"[1, 3]","[1, 2]",[0.68794326 2.1920904  0.91725768],0.02,1.0,0.11848,1.45815,0.56818,0.482,"[0.60465, 0.15385, 0.6875]",1351,0.61456,1.2048,0.61364,0.57243,"[0.63158, 0.4, 0.68571]",139,STOPPED,52.639
711,20260108_002650,gaitset_GREW_TOP50.csv,50%,Preset_55,MLP,42,65,"[768, 512, 256]",mean,minmax,64,3,768,elu,0.55,RMSprop,,8e-05,5e-05,True,0.8,"[1, 3]","[1, 2]",[0.68794326 2.1920904  0.91725768],0.02,1.0,0.13071,2.15546,0.54545,0.43507,"[0.7234, 0.18182, 0.4]",893,0.16293,2.1973,0.54545,0.46066,"[0.73913, 0.28571, 0.35714]",532,STOPPED,35.088
712,20260108_002650,gaitset_OUMVLP_TOP50.csv,50%,Preset_55,MLP,42,52,"[768, 512, 256]",mean,minmax,64,3,768,elu,0.55,RMSprop,,8e-05,5e-05,True,0.8,"[1, 3]","[1, 2]",[0.68794326 2.1920904  0.91725768],0.02,1.0,0.13237,1.81458,0.54545,0.40413,"[0.69388, 0.0, 0.51852]",1016,0.14798,1.87684,0.61364,0.53209,"[0.73913, 0.28571, 0.57143]",804,STOPPED,39.931
713,20260108_002650,gaitset_TOP50.csv,50%,Preset_55,MLP,42,34,"[768, 512, 256]",mean,minmax,64,3,768,elu,0.55,RMSprop,,8e-05,5e-05,True,0.8,"[1, 3]","[1, 2]",[0.68794326 2.1920904  0.91725768],0.02,1.0,0.14082,2.54775,0.40909,0.38101,"[0.54054, 0.17391, 0.42857]",1394,0.72109,1.45406,0.45455,0.44878,"[0.47368, 0.42105, 0.45161]",145,STOPPED,54.376
714,20260108_002650,gln_phase1_TOP50.csv,50%,Preset_55,MLP,42,47,"[768, 512, 256]",mean,minmax,64,3,768,elu,0.55,RMSprop,,8e-05,5e-05,True,0.8,"[1, 3]","[1, 2]",[0.68794326 2.1920904  0.91725768],0.02,1.0,0.11658,1.77975,0.52273,0.46807,"[0.66667, 0.35294, 0.38462]",1386,0.1257,1.74283,0.61364,0.54969,"[0.75556, 0.375, 0.51852]",1300,COMPLETED,54.512
715,20260108_002650,gln_phase2_TOP50.csv,50%,Preset_55,MLP,42,51,"[768, 512, 256]",mean,minmax,64,3,768,elu,0.55,RMSprop,,8e-05,5e-05,True,0.8,"[1, 3]","[1, 2]",[0.68794326 2.1920904  0.91725768],0.02,1.0,0.11754,2.28156,0.38636,0.30447,"[0.42857, 0.0, 0.48485]",1246,0.69136,1.40245,0.5,0.48658,"[0.51429, 0.4, 0.54545]",93,COMPLETED,48.711

716,20260108_002650,baseline_CASIAB_TOP50.csv,50%,Preset_56,MLP,42,42,"[768, 512, 256]",mean,L2,128,3,768,leakyrelu,0.4,Adam,,0.00025,5e-06,True,0.8,"[1, 2, 3]",[],[0.68794326 2.1920904  0.91725768],0.02,1.0,0.11619,1.85398,0.34091,0.33542,"[0.42424, 0.28571, 0.2963]",66,0.18863,1.30804,0.59091,0.47603,"[0.70588, 0.22222, 0.5]",53,COMPLETED,1.873
717,20260108_002650,baseline_OUMVLP_TOP50.csv,50%,Preset_56,MLP,42,39,"[768, 512, 256]",mean,L2,128,3,768,leakyrelu,0.4,Adam,,0.00025,5e-06,True,0.8,"[1, 2, 3]",[],[0.68794326 2.1920904  0.91725768],0.02,1.0,0.10967,1.50096,0.52273,0.49493,"[0.5641, 0.3, 0.62069]",112,0.10756,1.30991,0.63636,0.59617,"[0.68182, 0.46154, 0.64516]",111,COMPLETED,3.203
718,20260108_002650,gaitgl_GREW_BNNeck_TOP50.csv,50%,Preset_56,MLP,42,57,"[768, 512, 256]",mean,L2,128,3,768,leakyrelu,0.4,Adam,,0.00025,5e-06,True,0.8,"[1, 2, 3]",[],[0.68794326 2.1920904  0.91725768],0.02,1.0,0.10852,1.74993,0.45455,0.32094,"[0.54902, 0.0, 0.41379]",43,0.26662,1.35136,0.52273,0.45359,"[0.62745, 0.33333, 0.4]",26,COMPLETED,1.283
719,20260108_002650,gaitgl_GREW_TOP50.csv,50%,Preset_56,MLP,42,82,"[768, 512, 256]",mean,L2,128,3,768,leakyrelu,0.4,Adam,,0.00025,5e-06,True,0.8,"[1, 2, 3]",[],[0.68794326 2.1920904  0.91725768],0.02,1.0,0.11256,2.05132,0.38636,0.37396,"[0.43243, 0.26087, 0.42857]",62,0.72602,1.18886,0.52273,0.44211,"[0.52632, 0.2, 0.6]",24,COMPLETED,1.782
720,20260108_002650,gaitgl_OUMVLP_TOP50.csv,50%,Preset_56,MLP,42,57,"[768, 512, 256]",mean,L2,128,3,768,leakyrelu,0.4,Adam,,0.00025,5e-06,True,0.8,"[1, 2, 3]",[],[0.68794326 2.1920904  0.91725768],0.02,1.0,0.10578,1.93748,0.47727,0.43333,"[0.53333, 0.26667, 0.5]",219,0.12717,1.91181,0.56818,0.53559,"[0.59091, 0.44444, 0.57143]",213,COMPLETED,6.141
721,20260108_002650,gaitgl_TOP50.csv,50%,Preset_56,MLP,42,44,"[768, 512, 256]",mean,L2,128,3,768,leakyrelu,0.4,Adam,,0.00025,5e-06,True,0.8,"[1, 2, 3]",[],[0.68794326 2.1920904  0.91725768],0.02,1.0,0.10638,1.33182,0.38636,0.29293,"[0.45455, 0.0, 0.42424]",53,0.15932,1.45355,0.45455,0.45522,"[0.44444, 0.45455, 0.46667]",42,COMPLETED,1.53
722,20260108_002650,gaitpart_GREW_TOP50.csv,50%,Preset_56,MLP,42,61,"[768, 512, 256]",mean,L2,128,3,768,leakyrelu,0.4,Adam,,0.00025,5e-06,True,0.8,"[1, 2, 3]",[],[0.68794326 2.1920904  0.91725768],0.02,1.0,0.10752,1.37826,0.47727,0.43825,"[0.60465, 0.35294, 0.35714]",74,0.13667,1.28709,0.56818,0.5114,"[0.61111, 0.30769, 0.61538]",61,COMPLETED,2.115
723,20260108_002650,gaitpart_OUMVLP_TOP50.csv,50%,Preset_56,MLP,42,50,"[768, 512, 256]",mean,L2,128,3,768,leakyrelu,0.4,Adam,,0.00025,5e-06,True,0.8,"[1, 2, 3]",[],[0.68794326 2.1920904  0.91725768],0.02,1.0,0.10729,1.65696,0.52273,0.45,"[0.55, 0.13333, 0.66667]",232,0.58559,1.20197,0.63636,0.60511,"[0.66667, 0.5, 0.64865]",120,COMPLETED,6.512
724,20260108_002650,gaitset_GREW_TOP50.csv,50%,Preset_56,MLP,42,66,"[768, 512, 256]",mean,L2,128,3,768,leakyrelu,0.4,Adam,,0.00025,5e-06,True,0.8,"[1, 2, 3]",[],[0.68794326 2.1920904  0.91725768],0.02,1.0,0.10955,1.81183,0.52273,0.41078,"[0.69388, 0.15385, 0.38462]",56,0.561,1.27328,0.47727,0.43961,"[0.68421, 0.25, 0.38462]",24,COMPLETED,1.603
725,20260108_002650,gaitset_OUMVLP_TOP50.csv,50%,Preset_56,MLP,42,51,"[768, 512, 256]",mean,L2,128,3,768,leakyrelu,0.4,Adam,,0.00025,5e-06,True,0.8,"[1, 2, 3]",[],[0.68794326 2.1920904  0.91725768],0.02,1.0,0.10746,1.6551,0.63636,0.52963,"[0.7, 0.22222, 0.66667]",171,0.13746,1.80993,0.63636,0.53053,"[0.7027, 0.22222, 0.66667]",159,COMPLETED,4.858
726,20260108_002650,gaitset_TOP50.csv,50%,Preset_56,MLP,42,33,"[768, 512, 256]",mean,L2,128,3,768,leakyrelu,0.4,Adam,,0.00025,5e-06,True,0.8,"[1, 2, 3]",[],[0.68794326 2.1920904  0.91725768],0.02,1.0,0.10926,1.63078,0.45455,0.40827,"[0.55814, 0.26667, 0.4]",59,0.358,1.32069,0.5,0.45899,"[0.52381, 0.30769, 0.54545]",27,COMPLETED,1.716
727,20260108_002650,gln_phase1_TOP50.csv,50%,Preset_56,MLP,42,45,"[768, 512, 256]",mean,L2,128,3,768,leakyrelu,0.4,Adam,,0.00025,5e-06,True,0.8,"[1, 2, 3]",[],[0.68794326 2.1920904  0.91725768],0.02,1.0,0.10914,1.82615,0.40909,0.39073,"[0.48649, 0.28571, 0.4]",65,0.62532,1.21569,0.52273,0.49245,"[0.54545, 0.35294, 0.57895]",21,COMPLETED,1.8
728,20260108_002650,gln_phase2_TOP50.csv,50%,Preset_56,MLP,42,50,"[768, 512, 256]",mean,L2,128,3,768,leakyrelu,0.4,Adam,,0.00025,5e-06,True,0.8,"[1, 2, 3]",[],[0.68794326 2.1920904  0.91725768],0.02,1.0,0.10707,1.703,0.47727,0.41538,"[0.4878, 0.13333, 0.625]",62,0.29807,1.35624,0.54545,0.45877,"[0.52632, 0.2, 0.65]",39,COMPLETED,1.847

729,20260108_002650,baseline_CASIAB_TOP50.csv,50%,Preset_57,MLP,42,256,"[768, 512, 256]",mean,L2,88,3,768,silu,0.4,Adam,,0.0002,1e-07,False,,"[1, 2, 3]","[1, 2]",[0.68794326 2.1920904  0.91725768],0.02,1.0,0.11064,2.07555,0.52273,0.38391,"[0.6, 0.0, 0.55172]",138,0.12514,2.19955,0.56818,0.50779,"[0.6383, 0.33333, 0.55172]",105,COMPLETED,4.632
730,20260108_002650,baseline_OUMVLP_TOP50.csv,50%,Preset_57,MLP,42,256,"[768, 512, 256]",mean,L2,88,3,768,silu,0.4,Adam,,0.0002,1e-07,False,,"[1, 2, 3]","[1, 2]",[0.68794326 2.1920904  0.91725768],0.02,1.0,0.11796,1.63965,0.56818,0.43728,"[0.66667, 0.0, 0.64516]",251,0.12215,1.78139,0.56818,0.51273,"[0.61538, 0.23529, 0.6875]",226,COMPLETED,8.2
731,20260108_002650,gaitgl_GREW_BNNeck_TOP50.csv,50%,Preset_57,MLP,42,256,"[768, 512, 256]",mean,L2,88,3,768,silu,0.4,Adam,,0.0002,1e-07,False,,"[1, 2, 3]","[1, 2]",[0.68794326 2.1920904  0.91725768],0.02,1.0,0.11197,2.30856,0.40909,0.31571,"[0.53333, 0.0, 0.41379]",120,0.16125,2.57935,0.45455,0.42083,"[0.5, 0.2, 0.5625]",71,COMPLETED,3.939
732,20260108_002650,gaitgl_GREW_TOP50.csv,50%,Preset_57,MLP,42,256,"[768, 512, 256]",mean,L2,88,3,768,silu,0.4,Adam,,0.0002,1e-07,False,,"[1, 2, 3]","[1, 2]",[0.68794326 2.1920904  0.91725768],0.02,1.0,0.11402,2.0816,0.45455,0.36154,"[0.57692, 0.2, 0.30769]",165,0.11699,2.13587,0.52273,0.50947,"[0.59091, 0.5, 0.4375]",155,COMPLETED,5.442
733,20260108_002650,gaitgl_OUMVLP_TOP50.csv,50%,Preset_57,MLP,42,256,"[768, 512, 256]",mean,L2,88,3,768,silu,0.4,Adam,,0.0002,1e-07,False,,"[1, 2, 3]","[1, 2]",[0.68794326 2.1920904  0.91725768],0.02,1.0,0.11991,2.38093,0.47727,0.4359,"[0.53333, 0.30769, 0.46667]",680,0.17039,2.41324,0.54545,0.49671,"[0.58537, 0.33333, 0.57143]",273,STOPPED,21.957
734,20260108_002650,gaitgl_TOP50.csv,50%,Preset_57,MLP,42,128,"[768, 512, 256]",mean,L2,88,3,768,silu,0.4,Adam,,0.0002,1e-07,False,,"[1, 2, 3]","[1, 2]",[0.68794326 2.1920904  0.91725768],0.02,1.0,0.11093,2.25652,0.45455,0.34553,"[0.53659, 0.0, 0.5]",137,0.63549,1.57679,0.45455,0.44939,"[0.51163, 0.46154, 0.375]",31,COMPLETED,4.471
735,20260108_002650,gaitpart_GREW_TOP50.csv,50%,Preset_57,MLP,42,256,"[768, 512, 256]",mean,L2,88,3,768,silu,0.4,Adam,,0.0002,1e-07,False,,"[1, 2, 3]","[1, 2]",[0.68794326 2.1920904  0.91725768],0.02,1.0,0.11095,2.16201,0.54545,0.44982,"[0.66667, 0.16667, 0.51613]",186,0.12631,2.06792,0.59091,0.54583,"[0.7, 0.375, 0.5625]",175,COMPLETED,6.086
736,20260108_002650,gaitpart_OUMVLP_TOP50.csv,50%,Preset_57,MLP,42,256,"[768, 512, 256]",mean,L2,88,3,768,silu,0.4,Adam,,0.0002,1e-07,False,,"[1, 2, 3]","[1, 2]",[0.68794326 2.1920904  0.91725768],0.02,1.0,0.14091,2.38951,0.47727,0.46279,"[0.54054, 0.34783, 0.5]",681,0.14751,1.92359,0.61364,0.5799,"[0.69767, 0.47059, 0.57143]",634,STOPPED,22.032
737,20260108_002650,gaitset_GREW_TOP50.csv,50%,Preset_57,MLP,42,256,"[768, 512, 256]",mean,L2,88,3,768,silu,0.4,Adam,,0.0002,1e-07,False,,"[1, 2, 3]","[1, 2]",[0.68794326 2.1920904  0.91725768],0.02,1.0,0.1106,2.28421,0.5,0.44803,"[0.63415, 0.28571, 0.42424]",154,0.15031,2.25677,0.56818,0.51865,"[0.71429, 0.375, 0.46667]",112,COMPLETED,5.135
738,20260108_002650,gaitset_OUMVLP_TOP50.csv,50%,Preset_57,MLP,42,256,"[768, 512, 256]",mean,L2,88,3,768,silu,0.4,Adam,,0.0002,1e-07,False,,"[1, 2, 3]","[1, 2]",[0.68794326 2.1920904  0.91725768],0.02,1.0,0.11912,2.42251,0.43182,0.31343,"[0.55319, 0.0, 0.3871]",503,0.14608,2.70977,0.45455,0.41032,"[0.55814, 0.28571, 0.3871]",360,COMPLETED,16.516
739,20260108_002650,gaitset_TOP50.csv,50%,Preset_57,MLP,42,256,"[768, 512, 256]",mean,L2,88,3,768,silu,0.4,Adam,,0.0002,1e-07,False,,"[1, 2, 3]","[1, 2]",[0.68794326 2.1920904  0.91725768],0.02,1.0,0.10821,2.81793,0.36364,0.25689,"[0.5098, 0.0, 0.26087]",148,0.12774,2.78773,0.40909,0.39319,"[0.45, 0.31579, 0.41379]",140,COMPLETED,4.963
740,20260108_002650,gln_phase1_TOP50.csv,50%,Preset_57,MLP,42,256,"[768, 512, 256]",mean,L2,88,3,768,silu,0.4,Adam,,0.0002,1e-07,False,,"[1, 2, 3]","[1, 2]",[0.68794326 2.1920904  0.91725768],0.02,1.0,0.11426,2.16745,0.47727,0.40322,"[0.55814, 0.16667, 0.48485]",133,0.74117,1.22935,0.52273,0.483,"[0.5, 0.36364, 0.58537]",28,COMPLETED,4.325
741,20260108_002650,gln_phase2_TOP50.csv,50%,Preset_57,MLP,42,256,"[768, 512, 256]",mean,L2,88,3,768,silu,0.4,Adam,,0.0002,1e-07,False,,"[1, 2, 3]","[1, 2]",[0.68794326 2.1920904  0.91725768],0.02,1.0,0.11672,2.22701,0.54545,0.45974,"[0.63636, 0.14286, 0.6]",122,0.1669,1.88156,0.61364,0.50359,"[0.7234, 0.16667, 0.62069]",70,COMPLETED,4.073

742,20260108_002650,baseline_CASIAB_TOP50.csv,50%,Preset_58,MLP,42,42,"[896, 640, 320, 192]",mean,L2,64,4,896,leakyrelu,0.5,Adam,,0.0002,1e-07,True,0.8,"[1, 2, 3, 4]","[1, 2, 3]",[0.68794326 2.1920904  0.91725768],0.02,1.0,0.10558,2.02216,0.56818,0.45833,"[0.70833, 0.16667, 0.5]",413,0.12119,1.87296,0.59091,0.53333,"[0.66667, 0.4, 0.53333]",329,COMPLETED,19.301
743,20260108_002650,baseline_OUMVLP_TOP50.csv,50%,Preset_58,MLP,42,39,"[896, 640, 320, 192]",mean,L2,64,4,896,leakyrelu,0.5,Adam,,0.0002,1e-07,True,0.8,"[1, 2, 3, 4]","[1, 2, 3]",[0.68794326 2.1920904  0.91725768],0.02,1.0,0.10523,1.88605,0.52273,0.43697,"[0.59574, 0.18182, 0.53333]",456,0.12674,1.87504,0.59091,0.55709,"[0.6383, 0.46154, 0.57143]",430,COMPLETED,21.359
744,20260108_002650,gaitgl_GREW_BNNeck_TOP50.csv,50%,Preset_58,MLP,42,57,"[896, 640, 320, 192]",mean,L2,64,4,896,leakyrelu,0.5,Adam,,0.0002,1e-07,True,0.8,"[1, 2, 3, 4]","[1, 2, 3]",[0.68794326 2.1920904  0.91725768],0.02,1.0,0.11401,2.47569,0.47727,0.38388,"[0.625, 0.18182, 0.34483]",237,0.45839,1.73951,0.54545,0.4963,"[0.6, 0.33333, 0.55556]",88,COMPLETED,11.166
745,20260108_002650,gaitgl_GREW_TOP50.csv,50%,Preset_58,MLP,42,82,"[896, 640, 320, 192]",mean,L2,64,4,896,leakyrelu,0.5,Adam,,0.0002,1e-07,True,0.8,"[1, 2, 3, 4]","[1, 2, 3]",[0.68794326 2.1920904  0.91725768],0.02,1.0,0.11137,2.65055,0.47727,0.39852,"[0.60465, 0.16667, 0.42424]",222,0.13556,2.50444,0.52273,0.44079,"[0.6, 0.18182, 0.54054]",212,COMPLETED,10.484
746,20260108_002650,gaitgl_OUMVLP_TOP50.csv,50%,Preset_58,MLP,42,57,"[896, 640, 320, 192]",mean,L2,64,4,896,leakyrelu,0.5,Adam,,0.0002,1e-07,True,0.8,"[1, 2, 3, 4]","[1, 2, 3]",[0.68794326 2.1920904  0.91725768],0.02,1.0,0.10878,2.2984,0.52273,0.48485,"[0.54545, 0.36364, 0.54545]",528,0.19126,2.04755,0.56818,0.52638,"[0.59091, 0.4, 0.58824]",377,COMPLETED,24.76
747,20260108_002650,gaitgl_TOP50.csv,50%,Preset_58,MLP,42,44,"[896, 640, 320, 192]",mean,L2,64,4,896,leakyrelu,0.5,Adam,,0.0002,1e-07,True,0.8,"[1, 2, 3, 4]","[1, 2, 3]",[0.68794326 2.1920904  0.91725768],0.02,1.0,0.11822,2.26157,0.52273,0.39887,"[0.65116, 0.0, 0.54545]",360,0.13954,2.01382,0.59091,0.49335,"[0.65116, 0.18182, 0.64706]",266,COMPLETED,17.009
748,20260108_002650,gaitpart_GREW_TOP50.csv,50%,Preset_58,MLP,42,61,"[896, 640, 320, 192]",mean,L2,64,4,896,leakyrelu,0.5,Adam,,0.0002,1e-07,True,0.8,"[1, 2, 3, 4]","[1, 2, 3]",[0.68794326 2.1920904  0.91725768],0.02,1.0,0.10494,1.95065,0.59091,0.4921,"[0.68085, 0.25, 0.54545]",299,0.13267,1.74812,0.63636,0.57781,"[0.70833, 0.44444, 0.58065]",260,COMPLETED,14.192
749,20260108_002650,gaitpart_OUMVLP_TOP50.csv,50%,Preset_58,MLP,42,50,"[896, 640, 320, 192]",mean,L2,64,4,896,leakyrelu,0.5,Adam,,0.0002,1e-07,True,0.8,"[1, 2, 3, 4]","[1, 2, 3]",[0.68794326 2.1920904  0.91725768],0.02,1.0,0.10836,2.37751,0.5,0.38009,"[0.57778, 0.0, 0.5625]",544,0.40715,1.49833,0.63636,0.59242,"[0.65, 0.4, 0.72727]",218,COMPLETED,25.296
750,20260108_002650,gaitset_GREW_TOP50.csv,50%,Preset_58,MLP,42,66,"[896, 640, 320, 192]",mean,L2,64,4,896,leakyrelu,0.5,Adam,,0.0002,1e-07,True,0.8,"[1, 2, 3, 4]","[1, 2, 3]",[0.68794326 2.1920904  0.91725768],0.02,1.0,0.11608,2.29498,0.52273,0.36514,"[0.70833, 0.0, 0.3871]",198,0.32902,2.0591,0.56818,0.475,"[0.8, 0.125, 0.5]",104,COMPLETED,9.245
751,20260108_002650,gaitset_OUMVLP_TOP50.csv,50%,Preset_58,MLP,42,51,"[896, 640, 320, 192]",mean,L2,64,4,896,leakyrelu,0.5,Adam,,0.0002,1e-07,True,0.8,"[1, 2, 3, 4]","[1, 2, 3]",[0.68794326 2.1920904  0.91725768],0.02,1.0,0.11055,2.44343,0.52273,0.39203,"[0.60465, 0.0, 0.57143]",487,0.16195,2.47374,0.54545,0.45741,"[0.63415, 0.16667, 0.57143]",383,COMPLETED,22.681
752,20260108_002650,gaitset_TOP50.csv,50%,Preset_58,MLP,42,33,"[896, 640, 320, 192]",mean,L2,64,4,896,leakyrelu,0.5,Adam,,0.0002,1e-07,True,0.8,"[1, 2, 3, 4]","[1, 2, 3]",[0.68794326 2.1920904  0.91725768],0.02,1.0,0.11756,2.58627,0.47727,0.39952,"[0.56522, 0.16667, 0.46667]",559,0.14907,2.54748,0.52273,0.4648,"[0.6087, 0.28571, 0.5]",285,COMPLETED,26.266
753,20260108_002650,gln_phase1_TOP50.csv,50%,Preset_58,MLP,42,45,"[896, 640, 320, 192]",mean,L2,64,4,896,leakyrelu,0.5,Adam,,0.0002,1e-07,True,0.8,"[1, 2, 3, 4]","[1, 2, 3]",[0.68794326 2.1920904  0.91725768],0.02,1.0,0.11647,2.4374,0.5,0.47797,"[0.56522, 0.44444, 0.42424]",366,0.38337,1.79624,0.5,0.52422,"[0.51282, 0.61538, 0.44444]",116,COMPLETED,17.035
754,20260108_002650,gln_phase2_TOP50.csv,50%,Preset_58,MLP,42,50,"[896, 640, 320, 192]",mean,L2,64,4,896,leakyrelu,0.5,Adam,,0.0002,1e-07,True,0.8,"[1, 2, 3, 4]","[1, 2, 3]",[0.68794326 2.1920904  0.91725768],0.02,1.0,0.11956,2.56296,0.45455,0.38889,"[0.5, 0.18182, 0.48485]",324,0.7158,1.5101,0.5,0.45456,"[0.57895, 0.22222, 0.5625]",78,COMPLETED,15.258

755,20260108_002650,baseline_CASIAB_TOP50.csv,50%,Preset_59,MLP,42,73,"[1024, 768, 384]",mean,L2,128,3,1024,silu,0.45,Adam,,0.0001,1e-05,True,0.9,"[1, 3]",[2],[0.68794326 2.1920904  0.91725768],0.02,1.0,0.11908,2.30994,0.47727,0.40404,"[0.54545, 0.16667, 0.5]",212,0.17457,2.06476,0.56818,0.47132,"[0.64, 0.22222, 0.55172]",154,COMPLETED,5.863
756,20260108_002650,baseline_OUMVLP_TOP50.csv,50%,Preset_59,MLP,42,71,"[1024, 768, 384]",mean,L2,128,3,1024,silu,0.45,Adam,,0.0001,1e-05,True,0.9,"[1, 3]",[2],[0.68794326 2.1920904  0.91725768],0.02,1.0,0.11831,1.75747,0.52273,0.48459,"[0.5641, 0.2, 0.68966]",340,0.22824,1.45778,0.63636,0.60867,"[0.63158, 0.44444, 0.75]",213,COMPLETED,9.202
757,20260108_002650,gaitgl_GREW_BNNeck_TOP50.csv,50%,Preset_59,MLP,42,96,"[1024, 768, 384]",mean,L2,128,3,1024,silu,0.45,Adam,,0.0001,1e-05,True,0.9,"[1, 3]",[2],[0.68794326 2.1920904  0.91725768],0.02,1.0,0.11575,2.25213,0.45455,0.43489,"[0.48649, 0.33333, 0.48485]",166,0.1148,2.37973,0.47727,0.46216,"[0.5, 0.4, 0.48649]",163,COMPLETED,4.721
758,20260108_002650,gaitgl_GREW_TOP50.csv,50%,Preset_59,MLP,42,123,"[1024, 768, 384]",mean,L2,128,3,1024,silu,0.45,Adam,,0.0001,1e-05,True,0.9,"[1, 3]",[2],[0.68794326 2.1920904  0.91725768],0.02,1.0,0.11294,2.48466,0.43182,0.37033,"[0.5, 0.15385, 0.45714]",254,0.13605,2.40851,0.5,0.41919,"[0.59091, 0.18182, 0.48485]",208,COMPLETED,6.884
759,20260108_002650,gaitgl_OUMVLP_TOP50.csv,50%,Preset_59,MLP,42,99,"[1024, 768, 384]",mean,L2,128,3,1024,silu,0.45,Adam,,0.0001,1e-05,True,0.9,"[1, 3]",[2],[0.68794326 2.1920904  0.91725768],0.02,1.0,0.11731,2.42744,0.45455,0.41441,"[0.52174, 0.30769, 0.41379]",707,0.55428,1.77309,0.56818,0.52214,"[0.57778, 0.36364, 0.625]",255,COMPLETED,20.083
760,20260108_002650,gaitgl_TOP50.csv,50%,Preset_59,MLP,42,68,"[1024, 768, 384]",mean,L2,128,3,1024,silu,0.45,Adam,,0.0001,1e-05,True,0.9,"[1, 3]",[2],[0.68794326 2.1920904  0.91725768],0.02,1.0,0.11653,2.02062,0.40909,0.31602,"[0.52381, 0.0, 0.42424]",174,0.14166,1.90002,0.47727,0.40337,"[0.57143, 0.15385, 0.48485]",129,COMPLETED,4.761
761,20260108_002650,gaitpart_GREW_TOP50.csv,50%,Preset_59,MLP,42,96,"[1024, 768, 384]",mean,L2,128,3,1024,silu,0.45,Adam,,0.0001,1e-05,True,0.9,"[1, 3]",[2],[0.68794326 2.1920904  0.91725768],0.02,1.0,0.11757,1.75806,0.52273,0.46163,"[0.68293, 0.23529, 0.46667]",266,0.65808,1.29682,0.56818,0.53809,"[0.71795, 0.43478, 0.46154]",56,COMPLETED,7.144
762,20260108_002650,gaitpart_OUMVLP_TOP50.csv,50%,Preset_59,MLP,42,83,"[1024, 768, 384]",mean,L2,128,3,1024,silu,0.45,Adam,,0.0001,1e-05,True,0.9,"[1, 3]",[2],[0.68794326 2.1920904  0.91725768],0.02,1.0,0.11884,2.06194,0.52273,0.47083,"[0.6, 0.25, 0.5625]",838,0.30848,1.54083,0.63636,0.61705,"[0.65116, 0.53333, 0.66667]",450,COMPLETED,22.419
763,20260108_002650,gaitset_GREW_TOP50.csv,50%,Preset_59,MLP,42,105,"[1024, 768, 384]",mean,L2,128,3,1024,silu,0.45,Adam,,0.0001,1e-05,True,0.9,"[1, 3]",[2],[0.68794326 2.1920904  0.91725768],0.02,1.0,0.11553,1.98586,0.47727,0.39937,"[0.66667, 0.11765, 0.41379]",195,0.14314,2.05877,0.56818,0.44975,"[0.70588, 0.18182, 0.46154]",170,COMPLETED,5.566
764,20260108_002650,gaitset_OUMVLP_TOP50.csv,50%,Preset_59,MLP,42,88,"[1024, 768, 384]",mean,L2,128,3,1024,silu,0.45,Adam,,0.0001,1e-05,True,0.9,"[1, 3]",[2],[0.68794326 2.1920904  0.91725768],0.02,1.0,0.11665,1.56806,0.52273,0.39517,"[0.65217, 0.0, 0.53333]",511,0.14807,1.60192,0.59091,0.55235,"[0.63636, 0.4, 0.62069]",425,COMPLETED,13.845
765,20260108_002650,gaitset_TOP50.csv,50%,Preset_59,MLP,42,62,"[1024, 768, 384]",mean,L2,128,3,1024,silu,0.45,Adam,,0.0001,1e-05,True,0.9,"[1, 3]",[2],[0.68794326 2.1920904  0.91725768],0.02,1.0,0.11548,2.19441,0.43182,0.40332,"[0.52381, 0.31579, 0.37037]",247,0.15359,2.05157,0.52273,0.473,"[0.5641, 0.26667, 0.58824]",192,COMPLETED,6.674
766,20260108_002650,gln_phase1_TOP50.csv,50%,Preset_59,MLP,42,81,"[1024, 768, 384]",mean,L2,128,3,1024,silu,0.45,Adam,,0.0001,1e-05,True,0.9,"[1, 3]",[2],[0.68794326 2.1920904  0.91725768],0.02,1.0,0.11536,1.86369,0.52273,0.47608,"[0.53659, 0.26667, 0.625]",216,0.4102,1.12521,0.56818,0.55556,"[0.55556, 0.5, 0.61111]",79,COMPLETED,5.899
767,20260108_002650,gln_phase2_TOP50.csv,50%,Preset_59,MLP,42,88,"[1024, 768, 384]",mean,L2,128,3,1024,silu,0.45,Adam,,0.0001,1e-05,True,0.9,"[1, 3]",[2],[0.68794326 2.1920904  0.91725768],0.02,1.0,0.11973,2.11642,0.43182,0.39513,"[0.61538, 0.25, 0.32]",209,0.18841,1.87177,0.54545,0.51406,"[0.57895, 0.375, 0.58824]",178,COMPLETED,5.762

768,20260108_002650,baseline_CASIAB_TOP50.csv,50%,Preset_60,MLP,42,32,"[896, 896, 896]",mean,minmax,96,3,896,silu,0.45,AdamW,,0.00015,1e-05,True,0.75,"[1, 2, 3]","[2, 3]",[0.68794326 2.1920904  0.91725768],0.02,1.0,0.11813,1.86139,0.61364,0.54496,"[0.68085, 0.33333, 0.62069]",92,0.11813,1.86139,0.61364,0.54496,"[0.68085, 0.33333, 0.62069]",92,COMPLETED,3.152
769,20260108_002650,baseline_OUMVLP_TOP50.csv,50%,Preset_60,MLP,42,31,"[896, 896, 896]",mean,minmax,96,3,896,silu,0.45,AdamW,,0.00015,1e-05,True,0.75,"[1, 2, 3]","[2, 3]",[0.68794326 2.1920904  0.91725768],0.02,1.0,0.1176,1.8439,0.52273,0.47759,"[0.5, 0.28571, 0.64706]",88,0.33979,1.39865,0.56818,0.55187,"[0.57895, 0.47059, 0.60606]",24,COMPLETED,3.022
770,20260108_002650,gaitgl_GREW_BNNeck_TOP50.csv,50%,Preset_60,MLP,42,46,"[896, 896, 896]",mean,minmax,96,3,896,silu,0.45,AdamW,,0.00015,1e-05,True,0.75,"[1, 2, 3]","[2, 3]",[0.68794326 2.1920904  0.91725768],0.02,1.0,0.11731,2.25723,0.43182,0.31975,"[0.52174, 0.0, 0.4375]",68,0.12136,2.38756,0.5,0.4094,"[0.6, 0.16667, 0.46154]",61,COMPLETED,2.586
771,20260108_002650,gaitgl_GREW_TOP50.csv,50%,Preset_60,MLP,42,60,"[896, 896, 896]",mean,minmax,96,3,896,silu,0.45,AdamW,,0.00015,1e-05,True,0.75,"[1, 2, 3]","[2, 3]",[0.68794326 2.1920904  0.91725768],0.02,1.0,0.11885,2.06626,0.5,0.42957,"[0.4878, 0.15385, 0.64706]",60,0.21085,1.71392,0.59091,0.55762,"[0.58537, 0.4, 0.6875]",26,COMPLETED,2.185
772,20260108_002650,gaitgl_OUMVLP_TOP50.csv,50%,Preset_60,MLP,42,34,"[896, 896, 896]",mean,minmax,96,3,896,silu,0.45,AdamW,,0.00015,1e-05,True,0.75,"[1, 2, 3]","[2, 3]",[0.68794326 2.1920904  0.91725768],0.02,1.0,0.11486,1.83992,0.52273,0.47898,"[0.55814, 0.33333, 0.54545]",129,0.11813,2.03584,0.56818,0.54455,"[0.54054, 0.46154, 0.63158]",106,COMPLETED,4.394
773,20260108_002650,gaitgl_TOP50.csv,50%,Preset_60,MLP,42,32,"[896, 896, 896]",mean,minmax,96,3,896,silu,0.45,AdamW,,0.00015,1e-05,True,0.75,"[1, 2, 3]","[2, 3]",[0.68794326 2.1920904  0.91725768],0.02,1.0,0.11723,2.62999,0.38636,0.37453,"[0.39024, 0.33333, 0.4]",111,0.11756,2.67743,0.40909,0.38763,"[0.45455, 0.33333, 0.375]",105,COMPLETED,3.818
774,20260108_002650,gaitpart_GREW_TOP50.csv,50%,Preset_60,MLP,42,50,"[896, 896, 896]",mean,minmax,96,3,896,silu,0.45,AdamW,,0.00015,1e-05,True,0.75,"[1, 2, 3]","[2, 3]",[0.68794326 2.1920904  0.91725768],0.02,1.0,0.11481,2.02368,0.40909,0.36905,"[0.52381, 0.25, 0.33333]",51,0.31319,1.26091,0.54545,0.50594,"[0.65116, 0.4, 0.46667]",17,COMPLETED,1.805
775,20260108_002650,gaitpart_OUMVLP_TOP50.csv,50%,Preset_60,MLP,42,38,"[896, 896, 896]",mean,minmax,96,3,896,silu,0.45,AdamW,,0.00015,1e-05,True,0.75,"[1, 2, 3]","[2, 3]",[0.68794326 2.1920904  0.91725768],0.02,1.0,0.11542,1.79618,0.5,0.45758,"[0.5, 0.26667, 0.60606]",82,0.37808,1.25955,0.56818,0.56166,"[0.54054, 0.53333, 0.61111]",18,COMPLETED,2.825
776,20260108_002650,gaitset_GREW_TOP50.csv,50%,Preset_60,MLP,42,53,"[896, 896, 896]",mean,minmax,96,3,896,silu,0.45,AdamW,,0.00015,1e-05,True,0.75,"[1, 2, 3]","[2, 3]",[0.68794326 2.1920904  0.91725768],0.02,1.0,0.11949,2.48135,0.47727,0.40357,"[0.61905, 0.125, 0.46667]",55,0.12251,2.44209,0.5,0.41792,"[0.68293, 0.13333, 0.4375]",40,COMPLETED,1.928
777,20260108_002650,gaitset_OUMVLP_TOP50.csv,50%,Preset_60,MLP,42,40,"[896, 896, 896]",mean,minmax,96,3,896,silu,0.45,AdamW,,0.00015,1e-05,True,0.75,"[1, 2, 3]","[2, 3]",[0.68794326 2.1920904  0.91725768],0.02,1.0,0.11752,2.12048,0.5,0.3899,"[0.63636, 0.0, 0.53333]",67,0.12498,2.07953,0.56818,0.52786,"[0.65, 0.35294, 0.58065]",47,COMPLETED,2.331
778,20260108_002650,gaitset_TOP50.csv,50%,Preset_60,MLP,42,26,"[896, 896, 896]",mean,minmax,96,3,896,silu,0.45,AdamW,,0.00015,1e-05,True,0.75,"[1, 2, 3]","[2, 3]",[0.68794326 2.1920904  0.91725768],0.02,1.0,0.11979,2.17964,0.52273,0.46296,"[0.62222, 0.26667, 0.5]",126,0.12102,2.1339,0.54545,0.48879,"[0.61905, 0.26667, 0.58065]",110,COMPLETED,4.271
779,20260108_002650,gln_phase1_TOP50.csv,50%,Preset_60,MLP,42,36,"[896, 896, 896]",mean,minmax,96,3,896,silu,0.45,AdamW,,0.00015,1e-05,True,0.75,"[1, 2, 3]","[2, 3]",[0.68794326 2.1920904  0.91725768],0.02,1.0,0.1155,1.64447,0.63636,0.59854,"[0.73171, 0.42105, 0.64286]",79,0.13944,1.55905,0.63636,0.61288,"[0.71795, 0.5, 0.62069]",43,COMPLETED,2.812
780,20260108_002650,gln_phase2_TOP50.csv,50%,Preset_60,MLP,42,39,"[896, 896, 896]",mean,minmax,96,3,896,silu,0.45,AdamW,,0.00015,1e-05,True,0.75,"[1, 2, 3]","[2, 3]",[0.68794326 2.1920904  0.91725768],0.02,1.0,0.11697,1.92442,0.5,0.45404,"[0.55, 0.26667, 0.54545]",71,0.71127,1.06466,0.54545,0.54709,"[0.51429, 0.55556, 0.57143]",9,COMPLETED,2.399

781,20260108_002650,baseline_CASIAB_TOP50.csv,50%,Preset_61,MLP,42,42,"[896, 640, 448, 320, 160]",max,L2,96,5,896,gelu,0.4,Adam,,0.00015,1e-06,True,0.75,"[2, 4]","[1, 3]",[0.68794326 2.1920904  0.91725768],0.02,1.0,0.11948,1.90182,0.5,0.46823,"[0.51163, 0.36364, 0.52941]",730,0.13965,1.78933,0.61364,0.5619,"[0.61905, 0.4, 0.66667]",616,COMPLETED,25.83
782,20260108_002650,baseline_OUMVLP_TOP50.csv,50%,Preset_61,MLP,42,41,"[896, 640, 448, 320, 160]",max,L2,96,5,896,gelu,0.4,Adam,,0.00015,1e-06,True,0.75,"[2, 4]","[1, 3]",[0.68794326 2.1920904  0.91725768],0.02,1.0,0.11641,2.60042,0.40909,0.30502,"[0.42857, 0.0, 0.48649]",890,0.13056,2.67314,0.45455,0.39206,"[0.47619, 0.2, 0.5]",832,COMPLETED,31.213
783,20260108_002650,gaitgl_GREW_BNNeck_TOP50.csv,50%,Preset_61,MLP,42,61,"[896, 640, 448, 320, 160]",max,L2,96,5,896,gelu,0.4,Adam,,0.00015,1e-06,True,0.75,"[2, 4]","[1, 3]",[0.68794326 2.1920904  0.91725768],0.02,1.0,0.11607,2.89183,0.38636,0.28161,"[0.5, 0.0, 0.34483]",569,0.27536,2.60527,0.5,0.3602,"[0.59574, 0.0, 0.48485]",394,COMPLETED,20.041
784,20260108_002650,gaitgl_GREW_TOP50.csv,50%,Preset_61,MLP,42,83,"[896, 640, 448, 320, 160]",max,L2,96,5,896,gelu,0.4,Adam,,0.00015,1e-06,True,0.75,"[2, 4]","[1, 3]",[0.68794326 2.1920904  0.91725768],0.02,1.0,0.1126,2.22351,0.47727,0.43394,"[0.53333, 0.28571, 0.48276]",534,0.27868,1.67475,0.61364,0.58406,"[0.65217, 0.5, 0.6]",345,COMPLETED,18.855
785,20260108_002650,gaitgl_OUMVLP_TOP50.csv,50%,Preset_61,MLP,42,37,"[896, 640, 448, 320, 160]",max,L2,96,5,896,gelu,0.4,Adam,,0.00015,1e-06,True,0.75,"[2, 4]","[1, 3]",[0.68794326 2.1920904  0.91725768],0.02,1.0,0.11259,2.20916,0.47727,0.41168,"[0.5, 0.22222, 0.51282]",1387,0.15873,2.10211,0.56818,0.53625,"[0.58537, 0.44444, 0.57895]",1185,COMPLETED,48.574
786,20260108_002650,gaitgl_TOP50.csv,50%,Preset_61,MLP,42,55,"[896, 640, 448, 320, 160]",max,L2,96,5,896,gelu,0.4,Adam,,0.00015,1e-06,True,0.75,"[2, 4]","[1, 3]",[0.68794326 2.1920904  0.91725768],0.02,1.0,0.11261,2.39567,0.43182,0.3673,"[0.52381, 0.15385, 0.42424]",597,0.36393,2.03545,0.52273,0.47078,"[0.60465, 0.30769, 0.5]",344,COMPLETED,21.096
787,20260108_002650,gaitpart_GREW_TOP50.csv,50%,Preset_61,MLP,42,57,"[896, 640, 448, 320, 160]",max,L2,96,5,896,gelu,0.4,Adam,,0.00015,1e-06,True,0.75,"[2, 4]","[1, 3]",[0.68794326 2.1920904  0.91725768],0.02,1.0,0.11559,2.96361,0.36364,0.33932,"[0.43243, 0.21053, 0.375]",834,0.13298,3.04308,0.47727,0.47037,"[0.5, 0.44444, 0.46667]",788,COMPLETED,29.394
788,20260108_002650,gaitpart_OUMVLP_TOP50.csv,50%,Preset_61,MLP,42,38,"[896, 640, 448, 320, 160]",max,L2,96,5,896,gelu,0.4,Adam,,0.00015,1e-06,True,0.75,"[2, 4]","[1, 3]",[0.68794326 2.1920904  0.91725768],0.02,1.0,0.1153,2.44467,0.38636,0.33221,"[0.47619, 0.13333, 0.3871]",1614,0.1965,2.29055,0.54545,0.5189,"[0.61224, 0.5, 0.44444]",1340,COMPLETED,56.448
789,20260108_002650,gaitset_GREW_TOP50.csv,50%,Preset_61,MLP,42,62,"[896, 640, 448, 320, 160]",max,L2,96,5,896,gelu,0.4,Adam,,0.00015,1e-06,True,0.75,"[2, 4]","[1, 3]",[0.68794326 2.1920904  0.91725768],0.02,1.0,0.11769,2.85149,0.38636,0.33462,"[0.45, 0.15385, 0.4]",869,0.68213,1.13004,0.5,0.5325,"[0.45714, 0.66667, 0.47368]",344,COMPLETED,30.509
790,20260108_002650,gaitset_OUMVLP_TOP50.csv,50%,Preset_61,MLP,42,40,"[896, 640, 448, 320, 160]",max,L2,96,5,896,gelu,0.4,Adam,,0.00015,1e-06,True,0.75,"[2, 4]","[1, 3]",[0.68794326 2.1920904  0.91725768],0.02,1.0,0.11635,2.21685,0.52273,0.4426,"[0.71795, 0.125, 0.48485]",1653,0.60672,1.35879,0.59091,0.52931,"[0.64865, 0.30769, 0.63158]",929,COMPLETED,57.83
791,20260108_002650,gaitset_TOP50.csv,50%,Preset_61,MLP,42,41,"[896, 640, 448, 320, 160]",max,L2,96,5,896,gelu,0.4,Adam,,0.00015,1e-06,True,0.75,"[2, 4]","[1, 3]",[0.68794326 2.1920904  0.91725768],0.02,1.0,0.11507,2.14079,0.47727,0.44105,"[0.57778, 0.375, 0.37037]",726,0.11641,2.30619,0.54545,0.51118,"[0.62222, 0.42857, 0.48276]",719,COMPLETED,25.658
792,20260108_002650,gln_phase1_TOP50.csv,50%,Preset_61,MLP,42,41,"[896, 640, 448, 320, 160]",max,L2,96,5,896,gelu,0.4,Adam,,0.00015,1e-06,True,0.75,"[2, 4]","[1, 3]",[0.68794326 2.1920904  0.91725768],0.02,1.0,0.11906,2.3645,0.43182,0.32698,"[0.45714, 0.0, 0.52381]",835,0.55388,1.62025,0.52273,0.44302,"[0.5641, 0.15385, 0.61111]",391,COMPLETED,29.286
793,20260108_002650,gln_phase2_TOP50.csv,50%,Preset_61,MLP,42,40,"[896, 640, 448, 320, 160]",max,L2,96,5,896,gelu,0.4,Adam,,0.00015,1e-06,True,0.75,"[2, 4]","[1, 3]",[0.68794326 2.1920904  0.91725768],0.02,1.0,0.11664,2.72908,0.40909,0.35393,"[0.43243, 0.14286, 0.48649]",852,0.12272,2.61603,0.52273,0.44431,"[0.57895, 0.14286, 0.61111]",830,COMPLETED,29.803

794,20260108_002650,baseline_CASIAB_TOP50.csv,50%,Preset_62,MLP,42,35,"[576, 384, 192]",max,minmax,96,3,576,elu,0.45,RMSprop,,0.0002,5e-05,True,0.75,[2],"[1, 3]",[0.68794326 2.1920904  0.91725768],0.02,1.0,0.11839,1.6933,0.43182,0.3344,"[0.54167, 0.0, 0.46154]",989,0.16233,1.90565,0.56818,0.51659,"[0.59574, 0.33333, 0.62069]",468,COMPLETED,29.352
795,20260108_002650,baseline_OUMVLP_TOP50.csv,50%,Preset_62,MLP,42,43,"[576, 384, 192]",max,minmax,96,3,576,elu,0.45,RMSprop,,0.0002,5e-05,True,0.75,[2],"[1, 3]",[0.68794326 2.1920904  0.91725768],0.02,1.0,0.11611,1.69699,0.56818,0.56742,"[0.58537, 0.57143, 0.54545]",707,0.11611,1.69699,0.56818,0.56742,"[0.58537, 0.57143, 0.54545]",707,COMPLETED,21.062
796,20260108_002650,gaitgl_GREW_BNNeck_TOP50.csv,50%,Preset_62,MLP,42,65,"[576, 384, 192]",max,minmax,96,3,576,elu,0.45,RMSprop,,0.0002,5e-05,True,0.75,[2],"[1, 3]",[0.68794326 2.1920904  0.91725768],0.02,1.0,0.11875,1.67916,0.43182,0.34559,"[0.59574, 0.13333, 0.30769]",430,0.61473,1.19806,0.56818,0.5101,"[0.66667, 0.36364, 0.5]",55,COMPLETED,12.707
797,20260108_002650,gaitgl_GREW_TOP50.csv,50%,Preset_62,MLP,42,85,"[576, 384, 192]",max,minmax,96,3,576,elu,0.45,RMSprop,,0.0002,5e-05,True,0.75,[2],"[1, 3]",[0.68794326 2.1920904  0.91725768],0.02,1.0,0.1196,1.96481,0.45455,0.43337,"[0.45, 0.36364, 0.48649]",289,0.15271,1.8861,0.52273,0.51774,"[0.52381, 0.5, 0.52941]",129,COMPLETED,8.596
798,20260108_002650,gaitgl_OUMVLP_TOP50.csv,50%,Preset_62,MLP,42,33,"[576, 384, 192]",max,minmax,96,3,576,elu,0.45,RMSprop,,0.0002,5e-05,True,0.75,[2],"[1, 3]",[0.68794326 2.1920904  0.91725768],0.02,1.0,0.14029,2.69272,0.43182,0.39276,"[0.51163, 0.26667, 0.4]",760,0.2177,2.50634,0.5,0.4579,"[0.53659, 0.30769, 0.52941]",439,STOPPED,22.676
799,20260108_002650,gaitgl_TOP50.csv,50%,Preset_62,MLP,42,49,"[576, 384, 192]",max,minmax,96,3,576,elu,0.45,RMSprop,,0.0002,5e-05,True,0.75,[2],"[1, 3]",[0.68794326 2.1920904  0.91725768],0.02,1.0,0.11819,2.16,0.34091,0.24799,"[0.52174, 0.0, 0.22222]",527,0.72862,1.14369,0.47727,0.42302,"[0.61905, 0.25, 0.4]",68,COMPLETED,15.614
800,20260108_002650,gaitpart_GREW_TOP50.csv,50%,Preset_62,MLP,42,60,"[576, 384, 192]",max,minmax,96,3,576,elu,0.45,RMSprop,,0.0002,5e-05,True,0.75,[2],"[1, 3]",[0.68794326 2.1920904  0.91725768],0.02,1.0,0.11924,2.20052,0.40909,0.33145,"[0.52, 0.16667, 0.30769]",449,0.12687,2.09938,0.52273,0.50135,"[0.59091, 0.46154, 0.45161]",275,COMPLETED,13.544
801,20260108_002650,gaitpart_OUMVLP_TOP50.csv,50%,Preset_62,MLP,42,34,"[576, 384, 192]",max,minmax,96,3,576,elu,0.45,RMSprop,,0.0002,5e-05,True,0.75,[2],"[1, 3]",[0.68794326 2.1920904  0.91725768],0.02,1.0,0.11962,1.81727,0.40909,0.3623,"[0.42857, 0.125, 0.53333]",833,0.7222,1.11019,0.54545,0.48968,"[0.61905, 0.25, 0.6]",59,COMPLETED,24.567
802,20260108_002650,gaitset_GREW_TOP50.csv,50%,Preset_62,MLP,42,54,"[576, 384, 192]",max,minmax,96,3,576,elu,0.45,RMSprop,,0.0002,5e-05,True,0.75,[2],"[1, 3]",[0.68794326 2.1920904  0.91725768],0.02,1.0,0.11752,1.86648,0.47727,0.46618,"[0.51282, 0.42857, 0.45714]",527,0.12969,1.96706,0.59091,0.57261,"[0.65116, 0.53333, 0.53333]",411,COMPLETED,15.762
803,20260108_002650,gaitset_OUMVLP_TOP50.csv,50%,Preset_62,MLP,42,32,"[576, 384, 192]",max,minmax,96,3,576,elu,0.45,RMSprop,,0.0002,5e-05,True,0.75,[2],"[1, 3]",[0.68794326 2.1920904  0.91725768],0.02,1.0,0.1192,2.10986,0.5,0.43932,"[0.6, 0.33333, 0.38462]",962,0.12031,2.06276,0.56818,0.53903,"[0.62222, 0.46154, 0.53333]",820,COMPLETED,28.662
804,20260108_002650,gaitset_TOP50.csv,50%,Preset_62,MLP,42,41,"[576, 384, 192]",max,minmax,96,3,576,elu,0.45,RMSprop,,0.0002,5e-05,True,0.75,[2],"[1, 3]",[0.68794326 2.1920904  0.91725768],0.02,1.0,0.11508,2.14611,0.40909,0.37941,"[0.48889, 0.28571, 0.36364]",792,0.2522,1.69875,0.5,0.47756,"[0.47368, 0.35294, 0.60606]",213,COMPLETED,23.408
805,20260108_002650,gln_phase1_TOP50.csv,50%,Preset_62,MLP,42,40,"[576, 384, 192]",max,minmax,96,3,576,elu,0.45,RMSprop,,0.0002,5e-05,True,0.75,[2],"[1, 3]",[0.68794326 2.1920904  0.91725768],0.02,1.0,0.12387,1.70382,0.52273,0.38384,"[0.66667, 0.0, 0.48485]",741,0.67742,1.24125,0.54545,0.46227,"[0.61538, 0.14286, 0.62857]",69,STOPPED,21.911
806,20260108_002650,gln_phase2_TOP50.csv,50%,Preset_62,MLP,42,39,"[576, 384, 192]",max,minmax,96,3,576,elu,0.45,RMSprop,,0.0002,5e-05,True,0.75,[2],"[1, 3]",[0.68794326 2.1920904  0.91725768],0.02,1.0,0.11825,2.3212,0.47727,0.34815,"[0.6, 0.0, 0.44444]",730,0.5709,1.25226,0.56818,0.50971,"[0.65, 0.30769, 0.57143]",91,COMPLETED,21.562

807,20260108_002650,baseline_CASIAB_TOP50.csv,50%,Preset_63,MLP,42,33,"[1280, 896, 512]",mean,L2,96,3,1280,silu,0.45,Adam,,0.00015,0.0,True,0.75,"[1, 2, 3]","[1, 3]",[0.68794326 2.1920904  0.91725768],0.02,1.0,0.11912,1.9619,0.5,0.44099,"[0.6087, 0.28571, 0.42857]",408,0.18751,2.03632,0.59091,0.51524,"[0.69388, 0.33333, 0.51852]",268,COMPLETED,13.701
808,20260108_002650,baseline_OUMVLP_TOP50.csv,50%,Preset_63,MLP,42,29,"[1280, 896, 512]",mean,L2,96,3,1280,silu,0.45,Adam,,0.00015,0.0,True,0.75,"[1, 2, 3]","[1, 3]",[0.68794326 2.1920904  0.91725768],0.02,1.0,0.11581,1.80057,0.52273,0.47919,"[0.52381, 0.30769, 0.60606]",593,0.11942,1.814,0.61364,0.59044,"[0.60465, 0.5, 0.66667]",575,COMPLETED,19.724
809,20260108_002650,gaitgl_GREW_BNNeck_TOP50.csv,50%,Preset_63,MLP,42,45,"[1280, 896, 512]",mean,L2,96,3,1280,silu,0.45,Adam,,0.00015,0.0,True,0.75,"[1, 2, 3]","[1, 3]",[0.68794326 2.1920904  0.91725768],0.02,1.0,0.11562,2.32137,0.43182,0.35588,"[0.53061, 0.16667, 0.37037]",321,0.17169,2.30534,0.52273,0.46496,"[0.6, 0.33333, 0.46154]",214,COMPLETED,10.817
810,20260108_002650,gaitgl_GREW_TOP50.csv,50%,Preset_63,MLP,42,68,"[1280, 896, 512]",mean,L2,96,3,1280,silu,0.45,Adam,,0.00015,0.0,True,0.75,"[1, 2, 3]","[1, 3]",[0.68794326 2.1920904  0.91725768],0.02,1.0,0.1155,2.51962,0.40909,0.31852,"[0.48889, 0.0, 0.46667]",338,0.73494,1.35812,0.47727,0.40476,"[0.57143, 0.14286, 0.5]",110,COMPLETED,11.245
811,20260108_002650,gaitgl_OUMVLP_TOP50.csv,50%,Preset_63,MLP,42,42,"[1280, 896, 512]",mean,L2,96,3,1280,silu,0.45,Adam,,0.00015,0.0,True,0.75,"[1, 2, 3]","[1, 3]",[0.68794326 2.1920904  0.91725768],0.02,1.0,0.11883,1.83652,0.47727,0.45308,"[0.54545, 0.4, 0.41379]",935,0.12083,1.85264,0.52273,0.52706,"[0.55814, 0.57143, 0.45161]",892,COMPLETED,31.34
812,20260108_002650,gaitgl_TOP50.csv,50%,Preset_63,MLP,42,35,"[1280, 896, 512]",mean,L2,96,3,1280,silu,0.45,Adam,,0.00015,0.0,True,0.75,"[1, 2, 3]","[1, 3]",[0.68794326 2.1920904  0.91725768],0.02,1.0,0.11687,2.18801,0.36364,0.30266,"[0.47826, 0.15385, 0.27586]",343,0.18766,2.04691,0.47727,0.40327,"[0.47059, 0.15385, 0.58537]",212,COMPLETED,11.393
813,20260108_002650,gaitpart_GREW_TOP50.csv,50%,Preset_63,MLP,42,49,"[1280, 896, 512]",mean,L2,96,3,1280,silu,0.45,Adam,,0.00015,0.0,True,0.75,"[1, 2, 3]","[1, 3]",[0.68794326 2.1920904  0.91725768],0.02,1.0,0.1178,1.89324,0.56818,0.5362,"[0.69767, 0.52632, 0.38462]",370,0.16749,1.55583,0.65909,0.63519,"[0.75, 0.55556, 0.6]",285,COMPLETED,12.356
814,20260108_002650,gaitpart_OUMVLP_TOP50.csv,50%,Preset_63,MLP,42,40,"[1280, 896, 512]",mean,L2,96,3,1280,silu,0.45,Adam,,0.00015,0.0,True,0.75,"[1, 2, 3]","[1, 3]",[0.68794326 2.1920904  0.91725768],0.02,1.0,0.11771,2.30985,0.5,0.45591,"[0.51282, 0.26667, 0.58824]",927,0.74192,1.31206,0.61364,0.59445,"[0.7027, 0.5, 0.58065]",473,COMPLETED,30.432
815,20260108_002650,gaitset_GREW_TOP50.csv,50%,Preset_63,MLP,42,53,"[1280, 896, 512]",mean,L2,96,3,1280,silu,0.45,Adam,,0.00015,0.0,True,0.75,"[1, 2, 3]","[1, 3]",[0.68794326 2.1920904  0.91725768],0.02,1.0,0.11615,2.07409,0.56818,0.46707,"[0.69565, 0.15385, 0.55172]",289,0.29562,1.97422,0.59091,0.51618,"[0.71111, 0.28571, 0.55172]",178,COMPLETED,9.734
816,20260108_002650,gaitset_OUMVLP_TOP50.csv,50%,Preset_63,MLP,42,40,"[1280, 896, 512]",mean,L2,96,3,1280,silu,0.45,Adam,,0.00015,0.0,True,0.75,"[1, 2, 3]","[1, 3]",[0.68794326 2.1920904  0.91725768],0.02,1.0,0.11826,2.24083,0.47727,0.39879,"[0.59091, 0.15385, 0.45161]",746,0.51913,1.41629,0.56818,0.50931,"[0.59459, 0.26667, 0.66667]",443,COMPLETED,24.741
817,20260108_002650,gaitset_TOP50.csv,50%,Preset_63,MLP,42,24,"[1280, 896, 512]",mean,L2,96,3,1280,silu,0.45,Adam,,0.00015,0.0,True,0.75,"[1, 2, 3]","[1, 3]",[0.68794326 2.1920904  0.91725768],0.02,1.0,0.11997,2.13862,0.43182,0.36767,"[0.58537, 0.11765, 0.4]",509,0.12223,2.01239,0.47727,0.44605,"[0.57143, 0.35294, 0.41379]",497,COMPLETED,17.018
818,20260108_002650,gln_phase1_TOP50.csv,50%,Preset_63,MLP,42,34,"[1280, 896, 512]",mean,L2,96,3,1280,silu,0.45,Adam,,0.00015,0.0,True,0.75,"[1, 2, 3]","[1, 3]",[0.68794326 2.1920904  0.91725768],0.02,1.0,0.11964,1.83061,0.54545,0.51053,"[0.63636, 0.42857, 0.46667]",408,0.26011,1.71729,0.59091,0.57453,"[0.65217, 0.57143, 0.5]",214,COMPLETED,13.647
819,20260108_002650,gln_phase2_TOP50.csv,50%,Preset_63,MLP,42,38,"[1280, 896, 512]",mean,L2,96,3,1280,silu,0.45,Adam,,0.00015,0.0,True,0.75,"[1, 2, 3]","[1, 3]",[0.68794326 2.1920904  0.91725768],0.02,1.0,0.1136,1.94088,0.52273,0.44179,"[0.5641, 0.16667, 0.59459]",405,0.12548,1.99816,0.56818,0.51444,"[0.61538, 0.33333, 0.59459]",356,COMPLETED,13.628

820,20260108_002650,baseline_CASIAB_TOP50.csv,50%,Preset_64,MLP,42,30,"[1024, 768, 512, 256]",mean,,96,4,1024,gelu,0.45,AdamW,,0.00018,5e-06,True,0.75,"[1, 2, 3]","[1, 2]",[0.68794326 2.1920904  0.91725768],0.02,1.0,0.11623,2.18772,0.47727,0.43878,"[0.52381, 0.30769, 0.48485]",432,0.34488,1.9138,0.56818,0.51944,"[0.625, 0.4, 0.53333]",195,COMPLETED,14.881
821,20260108_002650,baseline_OUMVLP_TOP50.csv,50%,Preset_64,MLP,42,28,"[1024, 768, 512, 256]",mean,,96,4,1024,gelu,0.45,AdamW,,0.00018,5e-06,True,0.75,"[1, 2, 3]","[1, 2]",[0.68794326 2.1920904  0.91725768],0.02,1.0,0.11164,2.52202,0.45455,0.39457,"[0.45455, 0.16667, 0.5625]",456,0.32614,2.07905,0.54545,0.51794,"[0.55814, 0.375, 0.62069]",212,COMPLETED,15.796
822,20260108_002650,gaitgl_GREW_BNNeck_TOP50.csv,50%,Preset_64,MLP,42,44,"[1024, 768, 512, 256]",mean,,96,4,1024,gelu,0.45,AdamW,,0.00018,5e-06,True,0.75,"[1, 2, 3]","[1, 2]",[0.68794326 2.1920904  0.91725768],0.02,1.0,0.11387,2.64234,0.40909,0.34228,"[0.4898, 0.16667, 0.37037]",706,0.3731,2.07881,0.47727,0.40972,"[0.5, 0.16667, 0.5625]",488,COMPLETED,24.464
823,20260108_002650,gaitgl_GREW_TOP50.csv,50%,Preset_64,MLP,42,56,"[1024, 768, 512, 256]",mean,,96,4,1024,gelu,0.45,AdamW,,0.00018,5e-06,True,0.75,"[1, 2, 3]","[1, 2]",[0.68794326 2.1920904  0.91725768],0.02,1.0,0.11476,2.53587,0.45455,0.34933,"[0.56522, 0.0, 0.48276]",201,0.42428,1.98352,0.47727,0.41499,"[0.51163, 0.13333, 0.6]",34,COMPLETED,6.991
824,20260108_002650,gaitgl_OUMVLP_TOP50.csv,50%,Preset_64,MLP,42,28,"[1024, 768, 512, 256]",mean,,96,4,1024,gelu,0.45,AdamW,,0.00018,5e-06,True,0.75,"[1, 2, 3]","[1, 2]",[0.68794326 2.1920904  0.91725768],0.02,1.0,0.11943,2.30474,0.5,0.46823,"[0.59091, 0.4, 0.41379]",386,0.18171,2.39515,0.59091,0.54451,"[0.68182, 0.4, 0.55172]",180,COMPLETED,13.561
825,20260108_002650,gaitgl_TOP50.csv,50%,Preset_64,MLP,42,29,"[1024, 768, 512, 256]",mean,,96,4,1024,gelu,0.45,AdamW,,0.00018,5e-06,True,0.75,"[1, 2, 3]","[1, 2]",[0.68794326 2.1920904  0.91725768],0.02,1.0,0.11634,2.41383,0.40909,0.38763,"[0.45455, 0.33333, 0.375]",316,0.72832,1.45651,0.5,0.48018,"[0.54054, 0.4, 0.5]",27,COMPLETED,10.868
826,20260108_002650,gaitpart_GREW_TOP50.csv,50%,Preset_64,MLP,42,48,"[1024, 768, 512, 256]",mean,,96,4,1024,gelu,0.45,AdamW,,0.00018,5e-06,True,0.75,"[1, 2, 3]","[1, 2]",[0.68794326 2.1920904  0.91725768],0.02,1.0,0.11191,2.18622,0.61364,0.58995,"[0.71429, 0.55556, 0.5]",318,0.21195,2.20364,0.63636,0.61475,"[0.71795, 0.52632, 0.6]",206,COMPLETED,11.119
827,20260108_002650,gaitpart_OUMVLP_TOP50.csv,50%,Preset_64,MLP,42,35,"[1024, 768, 512, 256]",mean,,96,4,1024,gelu,0.45,AdamW,,0.00018,5e-06,True,0.75,"[1, 2, 3]","[1, 2]",[0.68794326 2.1920904  0.91725768],0.02,1.0,0.11233,1.97767,0.47727,0.40661,"[0.53659, 0.15385, 0.52941]",311,0.16778,1.8572,0.63636,0.57239,"[0.71111, 0.4, 0.60606]",206,COMPLETED,10.869
828,20260108_002650,gaitset_GREW_TOP50.csv,50%,Preset_64,MLP,42,51,"[1024, 768, 512, 256]",mean,,96,4,1024,gelu,0.45,AdamW,,0.00018,5e-06,True,0.75,"[1, 2, 3]","[1, 2]",[0.68794326 2.1920904  0.91725768],0.02,1.0,0.1188,2.14763,0.52273,0.46163,"[0.68293, 0.23529, 0.46667]",386,0.18588,2.26823,0.61364,0.52277,"[0.78261, 0.28571, 0.5]",303,COMPLETED,13.597
829,20260108_002650,gaitset_OUMVLP_TOP50.csv,50%,Preset_64,MLP,42,37,"[1024, 768, 512, 256]",mean,,96,4,1024,gelu,0.45,AdamW,,0.00018,5e-06,True,0.75,"[1, 2, 3]","[1, 2]",[0.68794326 2.1920904  0.91725768],0.02,1.0,0.11638,2.53267,0.40909,0.31111,"[0.53333, 0.0, 0.4]",412,0.52912,1.90925,0.5,0.41595,"[0.62222, 0.14286, 0.48276]",178,COMPLETED,14.211
830,20260108_002650,gaitset_TOP50.csv,50%,Preset_64,MLP,42,23,"[1024, 768, 512, 256]",mean,,96,4,1024,gelu,0.45,AdamW,,0.00018,5e-06,True,0.75,"[1, 2, 3]","[1, 2]",[0.68794326 2.1920904  0.91725768],0.02,1.0,0.11908,2.60968,0.40909,0.36056,"[0.4878, 0.11111, 0.48276]",646,0.11976,2.46088,0.52273,0.44459,"[0.59091, 0.14286, 0.6]",620,COMPLETED,22.419
831,20260108_002650,gln_phase1_TOP50.csv,50%,Preset_64,MLP,42,33,"[1024, 768, 512, 256]",mean,,96,4,1024,gelu,0.45,AdamW,,0.00018,5e-06,True,0.75,"[1, 2, 3]","[1, 2]",[0.68794326 2.1920904  0.91725768],0.02,1.0,0.11825,1.96002,0.52273,0.49122,"[0.59091, 0.4, 0.48276]",432,0.13058,1.93969,0.61364,0.60388,"[0.63415, 0.57143, 0.60606]",367,COMPLETED,15.002
832,20260108_002650,gln_phase2_TOP50.csv,50%,Preset_64,MLP,42,36,"[1024, 768, 512, 256]",mean,,96,4,1024,gelu,0.45,AdamW,,0.00018,5e-06,True,0.75,"[1, 2, 3]","[1, 2]",[0.68794326 2.1920904  0.91725768],0.02,1.0,0.11769,2.41861,0.40909,0.3976,"[0.38889, 0.33333, 0.47059]",437,0.28991,2.04292,0.52273,0.4757,"[0.51282, 0.28571, 0.62857]",238,COMPLETED,15.175

833,20260108_002650,baseline_CASIAB_TOP50.csv,50%,Preset_65,MLP,42,41,"[1408, 1024, 640, 320]",mean,minmax,64,4,1408,silu,0.45,Adam,,0.00015,1e-06,True,0.8,"[1, 2, 3]","[2, 3]",[0.68794326 2.1920904  0.91725768],0.02,1.0,0.11283,2.07741,0.52273,0.44033,"[0.60465, 0.15385, 0.5625]",54,0.19643,1.97833,0.59091,0.55474,"[0.61905, 0.4, 0.64516]",22,COMPLETED,2.765
834,20260108_002650,baseline_OUMVLP_TOP50.csv,50%,Preset_65,MLP,42,41,"[1408, 1024, 640, 320]",mean,minmax,64,4,1408,silu,0.45,Adam,,0.00015,1e-06,True,0.8,"[1, 2, 3]","[2, 3]",[0.68794326 2.1920904  0.91725768],0.02,1.0,0.11776,1.6826,0.59091,0.56654,"[0.57143, 0.46154, 0.66667]",54,0.14286,1.63843,0.61364,0.5927,"[0.65217, 0.53333, 0.59259]",31,COMPLETED,2.733
835,20260108_002650,gaitgl_GREW_BNNeck_TOP50.csv,50%,Preset_65,MLP,42,58,"[1408, 1024, 640, 320]",mean,minmax,64,4,1408,silu,0.45,Adam,,0.00015,1e-06,True,0.8,"[1, 2, 3]","[2, 3]",[0.68794326 2.1920904  0.91725768],0.02,1.0,0.11583,2.13747,0.5,0.40846,"[0.6383, 0.2, 0.3871]",36,0.11788,2.25324,0.54545,0.48176,"[0.65306, 0.36364, 0.42857]",35,COMPLETED,1.81
836,20260108_002650,gaitgl_GREW_TOP50.csv,50%,Preset_65,MLP,42,74,"[1408, 1024, 640, 320]",mean,minmax,64,4,1408,silu,0.45,Adam,,0.00015,1e-06,True,0.8,"[1, 2, 3]","[2, 3]",[0.68794326 2.1920904  0.91725768],0.02,1.0,0.11284,2.17843,0.52273,0.39298,"[0.6, 0.0, 0.57895]",36,0.11567,2.11982,0.56818,0.46993,"[0.69767, 0.16667, 0.54545]",34,COMPLETED,1.873
837,20260108_002650,gaitgl_OUMVLP_TOP50.csv,50%,Preset_65,MLP,42,47,"[1408, 1024, 640, 320]",mean,minmax,64,4,1408,silu,0.45,Adam,,0.00015,1e-06,True,0.8,"[1, 2, 3]","[2, 3]",[0.68794326 2.1920904  0.91725768],0.02,1.0,0.11883,1.93662,0.5,0.4862,"[0.54545, 0.46154, 0.45161]",63,0.12797,1.99344,0.54545,0.5303,"[0.59091, 0.5, 0.5]",49,COMPLETED,3.18
838,20260108_002650,gaitgl_TOP50.csv,50%,Preset_65,MLP,42,40,"[1408, 1024, 640, 320]",mean,minmax,64,4,1408,silu,0.45,Adam,,0.00015,1e-06,True,0.8,"[1, 2, 3]","[2, 3]",[0.68794326 2.1920904  0.91725768],0.02,1.0,0.11927,2.34192,0.40909,0.29935,"[0.41026, 0.0, 0.4878]",61,0.54607,1.27118,0.43182,0.39697,"[0.5, 0.26667, 0.42424]",14,COMPLETED,2.997
839,20260108_002650,gaitpart_GREW_TOP50.csv,50%,Preset_65,MLP,42,61,"[1408, 1024, 640, 320]",mean,minmax,64,4,1408,silu,0.45,Adam,,0.00015,1e-06,True,0.8,"[1, 2, 3]","[2, 3]",[0.68794326 2.1920904  0.91725768],0.02,1.0,0.11722,1.63249,0.5,0.4505,"[0.58537, 0.25, 0.51613]",30,0.62503,1.05692,0.54545,0.51933,"[0.6, 0.42857, 0.52941]",8,COMPLETED,1.517
840,20260108_002650,gaitpart_OUMVLP_TOP50.csv,50%,Preset_65,MLP,42,48,"[1408, 1024, 640, 320]",mean,minmax,64,4,1408,silu,0.45,Adam,,0.00015,1e-06,True,0.8,"[1, 2, 3]","[2, 3]",[0.68794326 2.1920904  0.91725768],0.02,1.0,0.11372,1.86582,0.5,0.43049,"[0.55814, 0.13333, 0.6]",45,0.72538,1.10578,0.56818,0.53215,"[0.61538, 0.375, 0.60606]",7,COMPLETED,2.186
841,20260108_002650,gaitset_GREW_TOP50.csv,50%,Preset_65,MLP,42,65,"[1408, 1024, 640, 320]",mean,minmax,64,4,1408,silu,0.45,Adam,,0.00015,1e-06,True,0.8,"[1, 2, 3]","[2, 3]",[0.68794326 2.1920904  0.91725768],0.02,1.0,0.11383,1.939,0.52273,0.39259,"[0.71111, 0.0, 0.46667]",33,0.12784,2.05589,0.54545,0.4456,"[0.72727, 0.14286, 0.46667]",23,COMPLETED,1.72
842,20260108_002650,gaitset_OUMVLP_TOP50.csv,50%,Preset_65,MLP,42,52,"[1408, 1024, 640, 320]",mean,minmax,64,4,1408,silu,0.45,Adam,,0.00015,1e-06,True,0.8,"[1, 2, 3]","[2, 3]",[0.68794326 2.1920904  0.91725768],0.02,1.0,0.11226,2.16474,0.45455,0.34286,"[0.57143, 0.0, 0.45714]",47,0.15576,2.28764,0.47727,0.45222,"[0.54054, 0.3, 0.51613]",21,COMPLETED,2.317
843,20260108_002650,gaitset_TOP50.csv,50%,Preset_65,MLP,42,34,"[1408, 1024, 640, 320]",mean,minmax,64,4,1408,silu,0.45,Adam,,0.00015,1e-06,True,0.8,"[1, 2, 3]","[2, 3]",[0.68794326 2.1920904  0.91725768],0.02,1.0,0.11416,2.32958,0.54545,0.51596,"[0.58537, 0.4, 0.5625]",74,0.11416,2.32958,0.54545,0.51596,"[0.58537, 0.4, 0.5625]",74,COMPLETED,3.64
844,20260108_002650,gln_phase1_TOP50.csv,50%,Preset_65,MLP,42,47,"[1408, 1024, 640, 320]",mean,minmax,64,4,1408,silu,0.45,Adam,,0.00015,1e-06,True,0.8,"[1, 2, 3]","[2, 3]",[0.68794326 2.1920904  0.91725768],0.02,1.0,0.11693,1.81136,0.56818,0.48682,"[0.70833, 0.30769, 0.44444]",46,0.12066,1.71276,0.63636,0.55659,"[0.73469, 0.36364, 0.57143]",41,COMPLETED,2.369
845,20260108_002650,gln_phase2_TOP50.csv,50%,Preset_65,MLP,42,51,"[1408, 1024, 640, 320]",mean,minmax,64,4,1408,silu,0.45,Adam,,0.00015,1e-06,True,0.8,"[1, 2, 3]","[2, 3]",[0.68794326 2.1920904  0.91725768],0.02,1.0,0.11706,2.15239,0.45455,0.38849,"[0.51163, 0.15385, 0.5]",40,0.62454,1.14926,0.52273,0.51412,"[0.52632, 0.47059, 0.54545]",9,COMPLETED,1.971

846,20260108_002650,baseline_CASIAB_TOP50.csv,50%,Preset_66,MLP,42,41,"[1024, 768, 512, 256]",mean,minmax,64,4,1024,silu,0.4,Adam,,0.0002,1e-07,True,0.8,"[1, 2, 3]","[1, 2]",[0.68794326 2.1920904  0.91725768],0.02,1.0,0.1125,1.90482,0.54545,0.48937,"[0.6087, 0.30769, 0.55172]",169,0.13309,1.75113,0.56818,0.51814,"[0.6383, 0.4, 0.51613]",138,COMPLETED,7.775
847,20260108_002650,baseline_OUMVLP_TOP50.csv,50%,Preset_66,MLP,42,41,"[1024, 768, 512, 256]",mean,minmax,64,4,1024,silu,0.4,Adam,,0.0002,1e-07,True,0.8,"[1, 2, 3]","[1, 2]",[0.68794326 2.1920904  0.91725768],0.02,1.0,0.11598,1.46732,0.52273,0.4992,"[0.48649, 0.4, 0.61111]",175,0.11938,1.53835,0.61364,0.60708,"[0.60465, 0.57143, 0.64516]",127,COMPLETED,8.191
848,20260108_002650,gaitgl_GREW_BNNeck_TOP50.csv,50%,Preset_66,MLP,42,58,"[1024, 768, 512, 256]",mean,minmax,64,4,1024,silu,0.4,Adam,,0.0002,1e-07,True,0.8,"[1, 2, 3]","[1, 2]",[0.68794326 2.1920904  0.91725768],0.02,1.0,0.11613,2.67221,0.40909,0.28557,"[0.54902, 0.0, 0.30769]",127,0.19618,2.72723,0.5,0.44516,"[0.58333, 0.30769, 0.44444]",47,COMPLETED,5.963
849,20260108_002650,gaitgl_GREW_TOP50.csv,50%,Preset_66,MLP,42,74,"[1024, 768, 512, 256]",mean,minmax,64,4,1024,silu,0.4,Adam,,0.0002,1e-07,True,0.8,"[1, 2, 3]","[1, 2]",[0.68794326 2.1920904  0.91725768],0.02,1.0,0.11575,2.19143,0.54545,0.49558,"[0.59091, 0.33333, 0.5625]",116,0.22212,2.10449,0.59091,0.53709,"[0.61905, 0.36364, 0.62857]",35,COMPLETED,5.432
850,20260108_002650,gaitgl_OUMVLP_TOP50.csv,50%,Preset_66,MLP,42,47,"[1024, 768, 512, 256]",mean,minmax,64,4,1024,silu,0.4,Adam,,0.0002,1e-07,True,0.8,"[1, 2, 3]","[1, 2]",[0.68794326 2.1920904  0.91725768],0.02,1.0,0.11408,2.23796,0.5,0.47412,"[0.56522, 0.42857, 0.42857]",177,0.16553,2.16373,0.59091,0.58433,"[0.61905, 0.57143, 0.5625]",98,COMPLETED,8.236
851,20260108_002650,gaitgl_TOP50.csv,50%,Preset_66,MLP,42,40,"[1024, 768, 512, 256]",mean,minmax,64,4,1024,silu,0.4,Adam,,0.0002,1e-07,True,0.8,"[1, 2, 3]","[1, 2]",[0.68794326 2.1920904  0.91725768],0.02,1.0,0.11449,2.32774,0.38636,0.33193,"[0.47619, 0.16667, 0.35294]",181,0.11679,2.25055,0.43182,0.40756,"[0.46512, 0.33333, 0.42424]",151,COMPLETED,8.321
852,20260108_002650,gaitpart_GREW_TOP50.csv,50%,Preset_66,MLP,42,61,"[1024, 768, 512, 256]",mean,minmax,64,4,1024,silu,0.4,Adam,,0.0002,1e-07,True,0.8,"[1, 2, 3]","[1, 2]",[0.68794326 2.1920904  0.91725768],0.02,1.0,0.11722,1.53563,0.65909,0.58804,"[0.73913, 0.4, 0.625]",98,0.13519,1.60211,0.70455,0.65593,"[0.7619, 0.5, 0.70588]",72,COMPLETED,4.652
853,20260108_002650,gaitpart_OUMVLP_TOP50.csv,50%,Preset_66,MLP,42,48,"[1024, 768, 512, 256]",mean,minmax,64,4,1024,silu,0.4,Adam,,0.0002,1e-07,True,0.8,"[1, 2, 3]","[1, 2]",[0.68794326 2.1920904  0.91725768],0.02,1.0,0.11792,1.80928,0.59091,0.4983,"[0.58537, 0.16667, 0.74286]",136,0.35311,1.64394,0.61364,0.54904,"[0.63415, 0.28571, 0.72727]",24,COMPLETED,6.234
854,20260108_002650,gaitset_GREW_TOP50.csv,50%,Preset_66,MLP,42,65,"[1024, 768, 512, 256]",mean,minmax,64,4,1024,silu,0.4,Adam,,0.0002,1e-07,True,0.8,"[1, 2, 3]","[1, 2]",[0.68794326 2.1920904  0.91725768],0.02,1.0,0.11707,2.13617,0.45455,0.33333,"[0.63636, 0.0, 0.36364]",102,0.13819,2.1968,0.56818,0.49855,"[0.69565, 0.33333, 0.46667]",79,COMPLETED,4.825
855,20260108_002650,gaitset_OUMVLP_TOP50.csv,50%,Preset_66,MLP,42,52,"[1024, 768, 512, 256]",mean,minmax,64,4,1024,silu,0.4,Adam,,0.0002,1e-07,True,0.8,"[1, 2, 3]","[1, 2]",[0.68794326 2.1920904  0.91725768],0.02,1.0,0.11326,1.8262,0.45455,0.33651,"[0.59574, 0.0, 0.41379]",150,0.29796,2.22858,0.52273,0.43071,"[0.6383, 0.15385, 0.5]",32,COMPLETED,6.927
856,20260108_002650,gaitset_TOP50.csv,50%,Preset_66,MLP,42,34,"[1024, 768, 512, 256]",mean,minmax,64,4,1024,silu,0.4,Adam,,0.0002,1e-07,True,0.8,"[1, 2, 3]","[1, 2]",[0.68794326 2.1920904  0.91725768],0.02,1.0,0.11725,2.28069,0.47727,0.43424,"[0.53659, 0.25, 0.51613]",212,0.11767,2.1997,0.56818,0.50954,"[0.62222, 0.28571, 0.62069]",172,COMPLETED,9.905
857,20260108_002650,gln_phase1_TOP50.csv,50%,Preset_66,MLP,42,47,"[1024, 768, 512, 256]",mean,minmax,64,4,1024,silu,0.4,Adam,,0.0002,1e-07,True,0.8,"[1, 2, 3]","[1, 2]",[0.68794326 2.1920904  0.91725768],0.02,1.0,0.11365,2.02213,0.54545,0.51053,"[0.63636, 0.42857, 0.46667]",157,0.11865,2.05971,0.56818,0.54464,"[0.65116, 0.5, 0.48276]",146,COMPLETED,7.381
858,20260108_002650,gln_phase2_TOP50.csv,50%,Preset_66,MLP,42,51,"[1024, 768, 512, 256]",mean,minmax,64,4,1024,silu,0.4,Adam,,0.0002,1e-07,True,0.8,"[1, 2, 3]","[1, 2]",[0.68794326 2.1920904  0.91725768],0.02,1.0,0.11103,2.25251,0.47727,0.35507,"[0.56522, 0.0, 0.5]",142,0.54379,1.49078,0.5,0.47998,"[0.52381, 0.4, 0.51613]",16,COMPLETED,6.512
