id,timestamp,target_embedding,source_params,model,seed,num_layers,layer_sizes,bidirectional,norm,dropout,dropout_layers,norm_layers,pooling,fc_hidden,activation,norm_post_lstm,batch_size,optimizer,momentum_sgd,learning_rate,weight_decay,native_mode,input_dim,label_smoothing,clip_grad_norm,class_weights,train_loss,test_loss,accuracy,f1_macro,f1_per_class,best_accuracy,best_f1,best_f1_per_class,best_epoch,train_loss_best_state,test_loss_best_state,epochs_trained,training,duration_sec
144,20251212_204045,baseline_CASIAB.csv,best_configs_v3,LSTM,42,1,[448],False,L2,0.0,[],[],last,1024,silu,True,32,Adam,,0.001,1e-06,True,256,0.03,1.0,"[1.0, 3.1864, 1.3333]",0.21066,1.72646,0.43182,0.40313,"[0.51282, 0.30769, 0.38889]",0.52273,0.51696,"[0.53659, 0.5, 0.51429]",53,0.44249,1.55265,264,STOPPED,37.509
145,20251212_204045,baseline_OUMVLP.csv,best_configs_v3,LSTM,42,1,[448],False,L2,0.0,[],[],last,1024,silu,True,32,Adam,,0.001,1e-06,True,256,0.03,1.0,"[1.0, 3.1864, 1.3333]",0.16886,2.01617,0.40909,0.35262,"[0.37838, 0.16667, 0.51282]",0.56818,0.51481,"[0.6, 0.33333, 0.61111]",42,0.60044,1.50289,303,STOPPED,41.991
146,20251212_204045,gaitgl.csv,best_configs_v3,LSTM,42,1,[448],False,L2,0.0,[],[],last,1024,silu,True,32,Adam,,0.001,1e-06,True,128,0.03,1.0,"[1.0, 3.1864, 1.3333]",0.14102,1.8738,0.38636,0.39079,"[0.38095, 0.42105, 0.37037]",0.54545,0.52222,"[0.5, 0.4, 0.66667]",129,0.26541,2.58032,209,STOPPED,33.387
147,20251212_204045,gaitgl_GREW.csv,best_configs_v3,LSTM,42,1,[448],False,L2,0.0,[],[],last,1024,silu,True,32,Adam,,0.001,1e-06,True,256,0.03,1.0,"[1.0, 3.1864, 1.3333]",0.14077,2.05438,0.29545,0.25767,"[0.37209, 0.14286, 0.25806]",0.43182,0.37235,"[0.46154, 0.18182, 0.47368]",15,0.52067,1.56064,148,STOPPED,25.206
148,20251212_204045,gaitgl_GREW_BNNeck.csv,best_configs_v3,LSTM,42,1,[448],False,L2,0.0,[],[],last,1024,silu,True,32,Adam,,0.001,1e-06,True,256,0.03,1.0,"[1.0, 3.1864, 1.3333]",0.18586,1.97882,0.40909,0.35879,"[0.55814, 0.21053, 0.30769]",0.52273,0.49123,"[0.6, 0.4, 0.47368]",112,0.19042,1.62935,267,STOPPED,45.961
149,20251212_204045,gaitgl_OUMVLP.csv,best_configs_v3,LSTM,42,1,[448],False,L2,0.0,[],[],last,1024,silu,True,32,Adam,,0.001,1e-06,True,256,0.03,1.0,"[1.0, 3.1864, 1.3333]",0.14023,1.54535,0.5,0.365,"[0.61224, 0.0, 0.48276]",0.56818,0.47463,"[0.65116, 0.16667, 0.60606]",111,0.14603,1.49378,402,STOPPED,68.971
150,20251212_204045,gaitpart_GREW.csv,best_configs_v3,LSTM,42,1,[448],False,L2,0.0,[],[],last,1024,silu,True,32,Adam,,0.001,1e-06,True,256,0.03,1.0,"[1.0, 3.1864, 1.3333]",0.14087,1.66343,0.52273,0.48339,"[0.63636, 0.4, 0.41379]",0.59091,0.57204,"[0.66667, 0.53333, 0.51613]",395,0.14145,1.70386,475,STOPPED,55.502
151,20251212_204045,gaitpart_OUMVLP.csv,best_configs_v3,LSTM,42,1,[448],False,L2,0.0,[],[],last,1024,silu,True,32,Adam,,0.001,1e-06,True,256,0.03,1.0,"[1.0, 3.1864, 1.3333]",0.14013,2.32039,0.40909,0.38694,"[0.47619, 0.3, 0.38462]",0.56818,0.53584,"[0.57895, 0.4, 0.62857]",307,0.23658,1.99025,520,STOPPED,60.815
152,20251212_204045,gaitset.csv,best_configs_v3,LSTM,42,1,[448],False,L2,0.0,[],[],last,1024,silu,True,32,Adam,,0.001,1e-06,True,256,0.03,1.0,"[1.0, 3.1864, 1.3333]",0.14015,1.9696,0.31818,0.27302,"[0.4, 0.13333, 0.28571]",0.5,0.44443,"[0.6383, 0.375, 0.32]",35,0.46801,1.70125,228,STOPPED,38.412
153,20251212_204045,gaitset_GREW.csv,best_configs_v3,LSTM,42,1,[448],False,L2,0.0,[],[],last,1024,silu,True,32,Adam,,0.001,1e-06,True,256,0.03,1.0,"[1.0, 3.1864, 1.3333]",0.14023,1.97759,0.36364,0.31517,"[0.43902, 0.14286, 0.36364]",0.52273,0.44626,"[0.65306, 0.28571, 0.4]",139,0.14271,1.84619,297,STOPPED,50.262
154,20251212_204045,gaitset_OUMVLP.csv,best_configs_v3,LSTM,42,1,[448],False,L2,0.0,[],[],last,1024,silu,True,32,Adam,,0.001,1e-06,True,256,0.03,1.0,"[1.0, 3.1864, 1.3333]",0.14311,1.71146,0.45455,0.3547,"[0.5641, 0.0, 0.5]",0.61364,0.53986,"[0.69388, 0.28571, 0.64]",471,0.15936,1.74105,618,STOPPED,104.943
155,20251212_204045,gln_phase1.csv,best_configs_v3,LSTM,42,1,[448],False,L2,0.0,[],[],last,1024,silu,True,32,Adam,,0.001,1e-06,True,256,0.03,1.0,"[1.0, 3.1864, 1.3333]",1.10811,1.09051,0.47727,0.21538,"[0.64615, 0.0, 0.0]",0.75,0.73425,"[0.7619, 0.66667, 0.77419]",86,0.16018,1.08959,242,STOPPED,49.062
156,20251212_204045,gln_phase2.csv,best_configs_v3,LSTM,42,1,[448],False,L2,0.0,[],[],last,1024,silu,True,32,Adam,,0.001,1e-06,True,256,0.03,1.0,"[1.0, 3.1864, 1.3333]",0.15649,2.41777,0.43182,0.41244,"[0.45161, 0.28571, 0.5]",0.54545,0.49671,"[0.58537, 0.33333, 0.57143]",58,0.35996,1.87386,220,STOPPED,44.639

14,20251212_204045,baseline_CASIAB.csv,best_configs_v3,LSTM,42,1,[256],False,minmax,0.0,[],[],last,256,relu,True,32,Adam,,0.0001,0.0,True,256,0.03,1.0,"[1.0, 3.1864, 1.3333]",0.1408,1.91432,0.45455,0.41836,"[0.52174, 0.33333, 0.4]",0.52273,0.50318,"[0.59574, 0.5, 0.41379]",543,0.15168,2.03344,677,STOPPED,88.918
15,20251212_204045,baseline_OUMVLP.csv,best_configs_v3,LSTM,42,1,[256],False,minmax,0.0,[],[],last,256,relu,True,32,Adam,,0.0001,0.0,True,256,0.03,1.0,"[1.0, 3.1864, 1.3333]",0.14345,1.47964,0.5,0.47373,"[0.45714, 0.35294, 0.61111]",0.63636,0.57778,"[0.61538, 0.4, 0.71795]",128,0.69229,1.06031,638,STOPPED,84.454
16,20251212_204045,gaitgl.csv,best_configs_v3,LSTM,42,1,[256],False,minmax,0.0,[],[],last,256,relu,True,32,Adam,,0.0001,0.0,True,128,0.03,1.0,"[1.0, 3.1864, 1.3333]",0.14062,1.89939,0.40909,0.30401,"[0.54167, 0.0, 0.37037]",0.43182,0.39916,"[0.47368, 0.26667, 0.45714]",148,0.2643,2.15826,591,STOPPED,94.543
17,20251212_204045,gaitgl_GREW.csv,best_configs_v3,LSTM,42,1,[256],False,minmax,0.0,[],[],last,256,relu,True,32,Adam,,0.0001,0.0,True,256,0.03,1.0,"[1.0, 3.1864, 1.3333]",0.14066,1.63998,0.5,0.42342,"[0.55814, 0.16667, 0.54545]",0.52273,0.47898,"[0.55814, 0.33333, 0.54545]",148,0.14415,1.87907,402,STOPPED,67.967
18,20251212_204045,gaitgl_GREW_BNNeck.csv,best_configs_v3,LSTM,42,1,[256],False,minmax,0.0,[],[],last,256,relu,True,32,Adam,,0.0001,0.0,True,256,0.03,1.0,"[1.0, 3.1864, 1.3333]",0.14447,2.4371,0.43182,0.42999,"[0.45714, 0.42105, 0.41176]",0.59091,0.59153,"[0.61905, 0.6, 0.55556]",191,0.47349,1.17359,709,STOPPED,120.155
19,20251212_204045,gaitgl_OUMVLP.csv,best_configs_v3,LSTM,42,1,[256],False,minmax,0.0,[],[],last,256,relu,True,32,Adam,,0.0001,0.0,True,256,0.03,1.0,"[1.0, 3.1864, 1.3333]",0.14522,2.24014,0.40909,0.31184,"[0.52174, 0.0, 0.41379]",0.47727,0.4091,"[0.52174, 0.15385, 0.55172]",208,0.29323,2.0459,663,STOPPED,124.609
20,20251212_204045,gaitpart_GREW.csv,best_configs_v3,LSTM,42,1,[256],False,minmax,0.0,[],[],last,256,relu,True,32,Adam,,0.0001,0.0,True,256,0.03,1.0,"[1.0, 3.1864, 1.3333]",0.14004,2.17035,0.43182,0.40556,"[0.55, 0.33333, 0.33333]",0.54545,0.50146,"[0.66667, 0.42105, 0.41667]",179,0.23481,1.69776,614,STOPPED,77.53
21,20251212_204045,gaitpart_OUMVLP.csv,best_configs_v3,LSTM,42,1,[256],False,minmax,0.0,[],[],last,256,relu,True,32,Adam,,0.0001,0.0,True,256,0.03,1.0,"[1.0, 3.1864, 1.3333]",0.14042,1.87714,0.43182,0.35828,"[0.56522, 0.125, 0.38462]",0.56818,0.52719,"[0.55, 0.4, 0.63158]",191,0.662,1.27947,1091,STOPPED,139.424
22,20251212_204045,gaitset.csv,best_configs_v3,LSTM,42,1,[256],False,minmax,0.0,[],[],last,256,relu,True,32,Adam,,0.0001,0.0,True,256,0.03,1.0,"[1.0, 3.1864, 1.3333]",0.1418,1.58923,0.47727,0.44708,"[0.54545, 0.31579, 0.48]",0.5,0.49413,"[0.51429, 0.43478, 0.53333]",396,0.14892,1.7929,721,STOPPED,124.33
23,20251212_204045,gaitset_GREW.csv,best_configs_v3,LSTM,42,1,[256],False,minmax,0.0,[],[],last,256,relu,True,32,Adam,,0.0001,0.0,True,256,0.03,1.0,"[1.0, 3.1864, 1.3333]",0.14127,1.98633,0.40909,0.3803,"[0.45, 0.26667, 0.42424]",0.52273,0.47428,"[0.60465, 0.33333, 0.48485]",206,0.20054,1.87224,529,STOPPED,90.187
24,20251212_204045,gaitset_OUMVLP.csv,best_configs_v3,LSTM,42,1,[256],False,minmax,0.0,[],[],last,256,relu,True,32,Adam,,0.0001,0.0,True,256,0.03,1.0,"[1.0, 3.1864, 1.3333]",0.14976,1.40311,0.54545,0.4901,"[0.61538, 0.26667, 0.58824]",0.59091,0.55202,"[0.65, 0.4, 0.60606]",925,0.14552,1.41152,1082,STOPPED,190.262
25,20251212_204045,gln_phase1.csv,best_configs_v3,LSTM,42,1,[256],False,minmax,0.0,[],[],last,256,relu,True,32,Adam,,0.0001,0.0,True,256,0.03,1.0,"[1.0, 3.1864, 1.3333]",0.14345,1.17355,0.59091,0.55305,"[0.63415, 0.4, 0.625]",0.70455,0.69641,"[0.73684, 0.66667, 0.68571]",193,0.43511,0.82192,669,STOPPED,147.868
26,20251212_204045,gln_phase2.csv,best_configs_v3,LSTM,42,1,[256],False,minmax,0.0,[],[],last,256,relu,True,32,Adam,,0.0001,0.0,True,256,0.03,1.0,"[1.0, 3.1864, 1.3333]",0.14771,1.7487,0.47727,0.43572,"[0.53659, 0.28571, 0.48485]",0.56818,0.58017,"[0.62222, 0.66667, 0.45161]",120,0.74486,1.17723,825,STOPPED,182.176

1548,20251212_204045,baseline_CASIAB.csv,best_configs_v3,LSTM,42,1,[1024],False,L2,0.0,[],[],last,1024,silu,True,32,AdamW,,0.0002,1e-06,True,256,0.03,1.0,"[1.0, 3.1864, 1.3333]",0.14073,1.64661,0.45455,0.39457,"[0.4878, 0.22222, 0.47368]",0.54545,0.52832,"[0.52941, 0.44444, 0.61111]",98,0.18445,1.83148,292,STOPPED,51.612
1549,20251212_204045,baseline_OUMVLP.csv,best_configs_v3,LSTM,42,1,[1024],False,L2,0.0,[],[],last,1024,silu,True,32,AdamW,,0.0002,1e-06,True,256,0.03,1.0,"[1.0, 3.1864, 1.3333]",0.14431,1.39133,0.52273,0.473,"[0.5641, 0.26667, 0.58824]",0.61364,0.5677,"[0.68293, 0.375, 0.64516]",100,0.1658,1.36792,427,STOPPED,72.236
1550,20251212_204045,gaitgl.csv,best_configs_v3,LSTM,42,1,[1024],False,L2,0.0,[],[],last,1024,silu,True,32,AdamW,,0.0002,1e-06,True,128,0.03,1.0,"[1.0, 3.1864, 1.3333]",0.14068,1.72906,0.38636,0.35494,"[0.44444, 0.25, 0.37037]",0.5,0.48594,"[0.47368, 0.42857, 0.55556]",136,0.14659,2.04099,370,STOPPED,78.164
1551,20251212_204045,gaitgl_GREW.csv,best_configs_v3,LSTM,42,1,[1024],False,L2,0.0,[],[],last,1024,silu,True,32,AdamW,,0.0002,1e-06,True,256,0.03,1.0,"[1.0, 3.1864, 1.3333]",0.14097,1.68102,0.40909,0.39122,"[0.42857, 0.33333, 0.41176]",0.45455,0.4262,"[0.43243, 0.33333, 0.51282]",42,0.14511,1.9818,247,STOPPED,55.733
1552,20251212_204045,gaitgl_GREW_BNNeck.csv,best_configs_v3,LSTM,42,1,[1024],False,L2,0.0,[],[],last,1024,silu,True,32,AdamW,,0.0002,1e-06,True,256,0.03,1.0,"[1.0, 3.1864, 1.3333]",0.14031,1.56484,0.40909,0.34086,"[0.53333, 0.16667, 0.32258]",0.56818,0.54035,"[0.6383, 0.5, 0.48276]",177,0.14768,1.48118,315,STOPPED,70.359
1553,20251212_204045,gaitgl_OUMVLP.csv,best_configs_v3,LSTM,42,1,[1024],False,L2,0.0,[],[],last,1024,silu,True,32,AdamW,,0.0002,1e-06,True,256,0.03,1.0,"[1.0, 3.1864, 1.3333]",0.14154,1.56766,0.5,0.36649,"[0.58333, 0.0, 0.51613]",0.54545,0.45917,"[0.5641, 0.18182, 0.63158]",33,0.70438,1.51327,415,STOPPED,92.652
1554,20251212_204045,gaitpart_GREW.csv,best_configs_v3,LSTM,42,1,[1024],False,L2,0.0,[],[],last,1024,silu,True,32,AdamW,,0.0002,1e-06,True,256,0.03,1.0,"[1.0, 3.1864, 1.3333]",0.14144,1.69967,0.47727,0.44416,"[0.58537, 0.33333, 0.41379]",0.61364,0.54575,"[0.71111, 0.36364, 0.5625]",75,0.43585,1.37938,359,STOPPED,44.524
1555,20251212_204045,gaitpart_OUMVLP.csv,best_configs_v3,LSTM,42,1,[1024],False,L2,0.0,[],[],last,1024,silu,True,32,AdamW,,0.0002,1e-06,True,256,0.03,1.0,"[1.0, 3.1864, 1.3333]",0.36327,2.70266,0.38636,0.38841,"[0.36364, 0.35714, 0.44444]",0.5,0.47544,"[0.52632, 0.3, 0.6]",462,0.29116,2.34056,542,STOPPED,67.686
1556,20251212_204045,gaitset.csv,best_configs_v3,LSTM,42,1,[1024],False,L2,0.0,[],[],last,1024,silu,True,32,AdamW,,0.0002,1e-06,True,256,0.03,1.0,"[1.0, 3.1864, 1.3333]",0.14075,1.663,0.47727,0.43694,"[0.52381, 0.23529, 0.55172]",0.45455,0.45127,"[0.45, 0.42105, 0.48276]",299,0.16259,2.1841,360,STOPPED,81.794
1557,20251212_204045,gaitset_GREW.csv,best_configs_v3,LSTM,42,1,[1024],False,L2,0.0,[],[],last,1024,silu,True,32,AdamW,,0.0002,1e-06,True,256,0.03,1.0,"[1.0, 3.1864, 1.3333]",0.14053,2.25495,0.31818,0.25387,"[0.43902, 0.0, 0.32258]",0.43182,0.39746,"[0.48649, 0.23529, 0.47059]",51,0.30174,2.30334,333,STOPPED,73.089
1558,20251212_204045,gaitset_OUMVLP.csv,best_configs_v3,LSTM,42,1,[1024],False,L2,0.0,[],[],last,1024,silu,True,32,AdamW,,0.0002,1e-06,True,256,0.03,1.0,"[1.0, 3.1864, 1.3333]",0.15343,1.44546,0.56818,0.47343,"[0.68293, 0.18182, 0.55556]",0.68182,0.55278,"[0.79167, 0.2, 0.66667]",337,0.17574,1.34779,495,STOPPED,108.294
1559,20251212_204045,gln_phase1.csv,best_configs_v3,LSTM,42,1,[1024],False,L2,0.0,[],[],last,1024,silu,True,32,AdamW,,0.0002,1e-06,True,256,0.03,1.0,"[1.0, 3.1864, 1.3333]",0.14096,1.00387,0.63636,0.59617,"[0.68182, 0.46154, 0.64516]",0.75,0.733,"[0.74286, 0.66667, 0.78947]",64,0.1996,1.09456,376,STOPPED,106.662
1560,20251212_204045,gln_phase2.csv,best_configs_v3,LSTM,42,1,[1024],False,L2,0.0,[],[],last,1024,silu,True,32,AdamW,,0.0002,1e-06,True,256,0.03,1.0,"[1.0, 3.1864, 1.3333]",0.14032,1.74931,0.45455,0.41551,"[0.53659, 0.28571, 0.42424]",0.54545,0.51766,"[0.6087, 0.46154, 0.48276]",268,0.15023,1.67238,348,STOPPED,99.158

872,20251212_204045,baseline_CASIAB.csv,best_configs_v3,LSTM,42,1,[96],False,,0.0,[],[],last,256,tanh,False,32,Adam,,0.001,0.0,True,256,0.03,1.0,"[1.0, 3.1864, 1.3333]",0.14116,2.0908,0.45455,0.41858,"[0.52381, 0.30769, 0.42424]",0.52273,0.51686,"[0.5641, 0.5, 0.48649]",84,0.2257,1.96812,329,STOPPED,38.705
873,20251212_204045,baseline_OUMVLP.csv,best_configs_v3,LSTM,42,1,[96],False,,0.0,[],[],last,256,tanh,False,32,Adam,,0.001,0.0,True,256,0.03,1.0,"[1.0, 3.1864, 1.3333]",0.1406,1.6602,0.47727,0.40863,"[0.4878, 0.16667, 0.57143]",0.56818,0.50386,"[0.65217, 0.30769, 0.55172]",27,0.67272,1.35946,368,STOPPED,43.742
874,20251212_204045,gaitgl.csv,best_configs_v3,LSTM,42,1,[96],False,,0.0,[],[],last,256,tanh,False,32,Adam,,0.001,0.0,True,128,0.03,1.0,"[1.0, 3.1864, 1.3333]",0.14104,1.8316,0.40909,0.35428,"[0.43902, 0.16667, 0.45714]",0.43182,0.41326,"[0.48649, 0.31579, 0.4375]",102,0.15674,2.29518,188,STOPPED,26.23
875,20251212_204045,gaitgl_GREW.csv,best_configs_v3,LSTM,42,1,[96],False,,0.0,[],[],last,256,tanh,False,32,Adam,,0.001,0.0,True,256,0.03,1.0,"[1.0, 3.1864, 1.3333]",0.14068,1.28227,0.40909,0.35449,"[0.43902, 0.15385, 0.47059]",0.47727,0.40993,"[0.38889, 0.25, 0.59091]",8,0.16518,1.59972,247,STOPPED,35.82
876,20251212_204045,gaitgl_GREW_BNNeck.csv,best_configs_v3,LSTM,42,1,[96],False,,0.0,[],[],last,256,tanh,False,32,Adam,,0.001,0.0,True,256,0.03,1.0,"[1.0, 3.1864, 1.3333]",0.14173,2.31911,0.40909,0.36802,"[0.51163, 0.23529, 0.35714]",0.47727,0.44822,"[0.44444, 0.36364, 0.53659]",243,0.39418,2.41536,458,STOPPED,66.717
877,20251212_204045,gaitgl_OUMVLP.csv,best_configs_v3,LSTM,42,1,[96],False,,0.0,[],[],last,256,tanh,False,32,Adam,,0.001,0.0,True,256,0.03,1.0,"[1.0, 3.1864, 1.3333]",0.14056,1.59341,0.47727,0.35425,"[0.53333, 0.0, 0.52941]",0.54545,0.44989,"[0.62745, 0.22222, 0.5]",33,0.24422,1.87035,226,STOPPED,33.206
878,20251212_204045,gaitpart_GREW.csv,best_configs_v3,LSTM,42,1,[96],False,,0.0,[],[],last,256,tanh,False,32,Adam,,0.001,0.0,True,256,0.03,1.0,"[1.0, 3.1864, 1.3333]",0.14094,1.87683,0.47727,0.45,"[0.55, 0.33333, 0.46667]",0.56818,0.53222,"[0.63415, 0.4, 0.5625]",78,0.1638,1.44026,242,STOPPED,23.507
879,20251212_204045,gaitpart_OUMVLP.csv,best_configs_v3,LSTM,42,1,[96],False,,0.0,[],[],last,256,tanh,False,32,Adam,,0.001,0.0,True,256,0.03,1.0,"[1.0, 3.1864, 1.3333]",0.14071,1.73893,0.5,0.44583,"[0.65, 0.25, 0.4375]",0.70455,0.5784,"[0.77551, 0.25, 0.70968]",158,0.28326,1.19314,326,STOPPED,32.613
880,20251212_204045,gaitset.csv,best_configs_v3,LSTM,42,1,[96],False,,0.0,[],[],last,256,tanh,False,32,Adam,,0.001,0.0,True,256,0.03,1.0,"[1.0, 3.1864, 1.3333]",0.14182,1.69023,0.40909,0.36798,"[0.52381, 0.23529, 0.34483]",0.47727,0.43857,"[0.55814, 0.33333, 0.42424]",26,0.70098,1.33489,351,STOPPED,53.426
881,20251212_204045,gaitset_GREW.csv,best_configs_v3,LSTM,42,1,[96],False,,0.0,[],[],last,256,tanh,False,32,Adam,,0.001,0.0,True,256,0.03,1.0,"[1.0, 3.1864, 1.3333]",0.14027,2.38738,0.40909,0.34762,"[0.5, 0.14286, 0.4]",0.47727,0.38307,"[0.625, 0.15385, 0.37037]",94,0.14281,2.13994,263,STOPPED,40.119
882,20251212_204045,gaitset_OUMVLP.csv,best_configs_v3,LSTM,42,1,[96],False,,0.0,[],[],last,256,tanh,False,32,Adam,,0.001,0.0,True,256,0.03,1.0,"[1.0, 3.1864, 1.3333]",0.14105,1.80818,0.52273,0.39053,"[0.65306, 0.0, 0.51852]",0.59091,0.53302,"[0.72727, 0.33333, 0.53846]",167,0.2688,1.84314,469,STOPPED,70.548
883,20251212_204045,gln_phase1.csv,best_configs_v3,LSTM,42,1,[96],False,,0.0,[],[],last,256,tanh,False,32,Adam,,0.001,0.0,True,256,0.03,1.0,"[1.0, 3.1864, 1.3333]",0.14693,1.30956,0.52273,0.53938,"[0.45714, 0.63158, 0.52941]",0.68182,0.65741,"[0.75, 0.55556, 0.66667]",28,0.47647,1.13472,283,STOPPED,52.028
884,20251212_204045,gln_phase2.csv,best_configs_v3,LSTM,42,1,[96],False,,0.0,[],[],last,256,tanh,False,32,Adam,,0.001,0.0,True,256,0.03,1.0,"[1.0, 3.1864, 1.3333]",0.14029,1.35139,0.54545,0.39386,"[0.65217, 0.0, 0.52941]",0.59091,0.53153,"[0.66667, 0.33333, 0.59459]",200,0.17536,1.27431,336,STOPPED,61.879

170,20251212_204045,baseline_CASIAB.csv,best_configs_v3,LSTM,42,1,[256],True,,0.0,[],[],last,,,False,64,AdamW,,0.0005,1e-05,True,256,0.03,1.0,"[1.0, 3.1864, 1.3333]",0.15428,1.74999,0.45455,0.3584,"[0.61224, 0.16667, 0.2963]",0.52273,0.46638,"[0.6087, 0.30769, 0.48276]",87,0.17534,2.11734,372,STOPPED,34.009
171,20251212_204045,baseline_OUMVLP.csv,best_configs_v3,LSTM,42,1,[256],True,,0.0,[],[],last,,,False,64,AdamW,,0.0005,1e-05,True,256,0.03,1.0,"[1.0, 3.1864, 1.3333]",0.13997,1.98717,0.5,0.44875,"[0.57778, 0.28571, 0.48276]",0.59091,0.58182,"[0.57143, 0.54545, 0.62857]",68,0.39559,1.91352,341,STOPPED,31.304
172,20251212_204045,gaitgl.csv,best_configs_v3,LSTM,42,1,[256],True,,0.0,[],[],last,,,False,64,AdamW,,0.0005,1e-05,True,128,0.03,1.0,"[1.0, 3.1864, 1.3333]",0.13972,1.48065,0.52273,0.46357,"[0.62222, 0.28571, 0.48276]",0.56818,0.52692,"[0.65217, 0.42857, 0.5]",154,0.14273,1.56724,234,STOPPED,28.836
173,20251212_204045,gaitgl_GREW.csv,best_configs_v3,LSTM,42,1,[256],True,,0.0,[],[],last,,,False,64,AdamW,,0.0005,1e-05,True,256,0.03,1.0,"[1.0, 3.1864, 1.3333]",0.14029,1.14696,0.52273,0.43939,"[0.59091, 0.18182, 0.54545]",0.56818,0.53182,"[0.65, 0.4, 0.54545]",105,0.15026,1.1854,185,STOPPED,24.595
174,20251212_204045,gaitgl_GREW_BNNeck.csv,best_configs_v3,LSTM,42,1,[256],True,,0.0,[],[],last,,,False,64,AdamW,,0.0005,1e-05,True,256,0.03,1.0,"[1.0, 3.1864, 1.3333]",0.14027,1.91448,0.52273,0.4285,"[0.65217, 0.16667, 0.46667]",0.54545,0.52532,"[0.61538, 0.44444, 0.51613]",73,0.2697,2.24928,553,STOPPED,73.266
175,20251212_204045,gaitgl_OUMVLP.csv,best_configs_v3,LSTM,42,1,[256],True,,0.0,[],[],last,,,False,64,AdamW,,0.0005,1e-05,True,256,0.03,1.0,"[1.0, 3.1864, 1.3333]",0.13964,1.46319,0.52273,0.36198,"[0.64151, 0.0, 0.44444]",0.54545,0.45879,"[0.54545, 0.22222, 0.6087]",55,0.18173,1.52745,451,STOPPED,59.869
176,20251212_204045,gaitpart_GREW.csv,best_configs_v3,LSTM,42,1,[256],True,,0.0,[],[],last,,,False,64,AdamW,,0.0005,1e-05,True,256,0.03,1.0,"[1.0, 3.1864, 1.3333]",0.13997,2.29566,0.43182,0.39614,"[0.52174, 0.33333, 0.33333]",0.56818,0.52222,"[0.66667, 0.4, 0.5]",109,0.18978,1.7875,435,STOPPED,31.943
177,20251212_204045,gaitpart_OUMVLP.csv,best_configs_v3,LSTM,42,1,[256],True,,0.0,[],[],last,,,False,64,AdamW,,0.0005,1e-05,True,256,0.03,1.0,"[1.0, 3.1864, 1.3333]",0.14525,2.30336,0.36364,0.33289,"[0.4878, 0.26087, 0.25]",0.61364,0.55,"[0.66667, 0.33333, 0.65]",79,0.60339,1.31617,776,STOPPED,57.061
178,20251212_204045,gaitset.csv,best_configs_v3,LSTM,42,1,[256],True,,0.0,[],[],last,,,False,64,AdamW,,0.0005,1e-05,True,256,0.03,1.0,"[1.0, 3.1864, 1.3333]",0.14124,1.82283,0.43182,0.30665,"[0.61224, 0.0, 0.30769]",0.5,0.44733,"[0.60465, 0.28571, 0.45161]",306,0.14816,1.87126,344,STOPPED,44.682
179,20251212_204045,gaitset_GREW.csv,best_configs_v3,LSTM,42,1,[256],True,,0.0,[],[],last,,,False,64,AdamW,,0.0005,1e-05,True,256,0.03,1.0,"[1.0, 3.1864, 1.3333]",0.14048,1.92084,0.38636,0.30014,"[0.47619, 0.0, 0.42424]",0.52273,0.375,"[0.625, 0.0, 0.5]",65,0.23672,2.1341,445,STOPPED,57.587
180,20251212_204045,gaitset_OUMVLP.csv,best_configs_v3,LSTM,42,1,[256],True,,0.0,[],[],last,,,False,64,AdamW,,0.0005,1e-05,True,256,0.03,1.0,"[1.0, 3.1864, 1.3333]",0.14269,2.41404,0.34091,0.33358,"[0.3871, 0.25, 0.36364]",0.56818,0.47972,"[0.63158, 0.22222, 0.58537]",336,0.18236,1.65343,646,STOPPED,83.993
181,20251212_204045,gln_phase1.csv,best_configs_v3,LSTM,42,1,[256],True,,0.0,[],[],last,,,False,64,AdamW,,0.0005,1e-05,True,256,0.03,1.0,"[1.0, 3.1864, 1.3333]",0.14024,1.04862,0.59091,0.55163,"[0.66667, 0.4, 0.58824]",0.70455,0.69453,"[0.72727, 0.66667, 0.68966]",43,0.40899,0.89922,400,STOPPED,68.308
182,20251212_204045,gln_phase2.csv,best_configs_v3,LSTM,42,1,[256],True,,0.0,[],[],last,,,False,64,AdamW,,0.0005,1e-05,True,256,0.03,1.0,"[1.0, 3.1864, 1.3333]",0.14035,1.42011,0.52273,0.435,"[0.65116, 0.15385, 0.5]",0.59091,0.53704,"[0.66667, 0.44444, 0.5]",392,0.20436,1.40675,472,STOPPED,80.863

222,20251212_204045,baseline_CASIAB.csv,best_configs_v3,LSTM,42,2,"[512, 512]",True,minmax,0.1,[1],[1],last,128,relu,True,96,AdamW,,0.0002,2e-06,False,256,0.03,1.0,"[1.0, 3.1864, 1.3333]",0.14,2.23839,0.43182,0.35568,"[0.57778, 0.16667, 0.32258]",0.5,0.46407,"[0.57143, 0.36364, 0.45714]",175,0.41904,1.5836,500,STOPPED,81.234
223,20251212_204045,baseline_OUMVLP.csv,best_configs_v3,LSTM,42,2,"[512, 512]",True,minmax,0.1,[1],[1],last,128,relu,True,96,AdamW,,0.0002,2e-06,False,256,0.03,1.0,"[1.0, 3.1864, 1.3333]",0.1709,1.68744,0.5,0.45462,"[0.5, 0.23529, 0.62857]",0.59091,0.58048,"[0.52941, 0.52632, 0.68571]",245,0.19257,1.40246,658,STOPPED,106.514
224,20251212_204045,gaitgl.csv,best_configs_v3,LSTM,42,2,"[512, 512]",True,minmax,0.1,[1],[1],last,128,relu,True,96,AdamW,,0.0002,2e-06,False,128,0.03,1.0,"[1.0, 3.1864, 1.3333]",0.14061,1.64936,0.45455,0.41361,"[0.55814, 0.30769, 0.375]",0.54545,0.52124,"[0.54054, 0.42857, 0.59459]",117,0.20731,1.79941,322,STOPPED,77.066
225,20251212_204045,gaitgl_GREW.csv,best_configs_v3,LSTM,42,2,"[512, 512]",True,minmax,0.1,[1],[1],last,128,relu,True,96,AdamW,,0.0002,2e-06,False,256,0.03,1.0,"[1.0, 3.1864, 1.3333]",0.14036,1.34536,0.59091,0.48984,"[0.66667, 0.22222, 0.58065]",0.59091,0.57576,"[0.63636, 0.54545, 0.54545]",170,0.1419,1.31477,455,STOPPED,114.703
226,20251212_204045,gaitgl_GREW_BNNeck.csv,best_configs_v3,LSTM,42,2,"[512, 512]",True,minmax,0.1,[1],[1],last,128,relu,True,96,AdamW,,0.0002,2e-06,False,256,0.03,1.0,"[1.0, 3.1864, 1.3333]",0.14693,2.04218,0.47727,0.48226,"[0.47619, 0.5, 0.47059]",0.52273,0.52024,"[0.57778, 0.54545, 0.4375]",577,0.14164,1.93206,772,STOPPED,195.176
227,20251212_204045,gaitgl_OUMVLP.csv,best_configs_v3,LSTM,42,2,"[512, 512]",True,minmax,0.1,[1],[1],last,128,relu,True,96,AdamW,,0.0002,2e-06,False,256,0.03,1.0,"[1.0, 3.1864, 1.3333]",0.42009,1.78245,0.5,0.32485,"[0.65455, 0.0, 0.32]",0.59091,0.52991,"[0.61538, 0.30769, 0.66667]",620,0.17847,1.87408,865,STOPPED,218.951
228,20251212_204045,gaitpart_GREW.csv,best_configs_v3,LSTM,42,2,"[512, 512]",True,minmax,0.1,[1],[1],last,128,relu,True,96,AdamW,,0.0002,2e-06,False,256,0.03,1.0,"[1.0, 3.1864, 1.3333]",0.13981,1.78924,0.52273,0.51268,"[0.59091, 0.53333, 0.41379]",0.61364,0.58455,"[0.69388, 0.625, 0.43478]",252,0.23601,1.58504,519,STOPPED,61.668
229,20251212_204045,gaitpart_OUMVLP.csv,best_configs_v3,LSTM,42,2,"[512, 512]",True,minmax,0.1,[1],[1],last,128,relu,True,96,AdamW,,0.0002,2e-06,False,256,0.03,1.0,"[1.0, 3.1864, 1.3333]",0.13997,1.52949,0.52273,0.44147,"[0.61905, 0.14286, 0.5625]",0.63636,0.58744,"[0.69767, 0.375, 0.68966]",853,0.58757,1.38981,1107,STOPPED,132.125
230,20251212_204045,gaitset.csv,best_configs_v3,LSTM,42,2,"[512, 512]",True,minmax,0.1,[1],[1],last,128,relu,True,96,AdamW,,0.0002,2e-06,False,256,0.03,1.0,"[1.0, 3.1864, 1.3333]",0.13995,1.43162,0.47727,0.42911,"[0.60465, 0.30769, 0.375]",0.54545,0.51183,"[0.61111, 0.35294, 0.57143]",247,0.16733,1.50909,710,STOPPED,176.149
231,20251212_204045,gaitset_GREW.csv,best_configs_v3,LSTM,42,2,"[512, 512]",True,minmax,0.1,[1],[1],last,128,relu,True,96,AdamW,,0.0002,2e-06,False,256,0.03,1.0,"[1.0, 3.1864, 1.3333]",0.14028,2.04277,0.36364,0.31025,"[0.45455, 0.14286, 0.33333]",0.5,0.41734,"[0.58824, 0.25, 0.41379]",477,0.14808,1.81996,520,STOPPED,128.726
232,20251212_204045,gaitset_OUMVLP.csv,best_configs_v3,LSTM,42,2,"[512, 512]",True,minmax,0.1,[1],[1],last,128,relu,True,96,AdamW,,0.0002,2e-06,False,256,0.03,1.0,"[1.0, 3.1864, 1.3333]",0.14177,1.48169,0.47727,0.39665,"[0.63636, 0.125, 0.42857]",0.54545,0.50946,"[0.68421, 0.27273, 0.57143]",866,0.14764,1.66425,1088,STOPPED,268.7
233,20251212_204045,gln_phase1.csv,best_configs_v3,LSTM,42,2,"[512, 512]",True,minmax,0.1,[1],[1],last,128,relu,True,96,AdamW,,0.0002,2e-06,False,256,0.03,1.0,"[1.0, 3.1864, 1.3333]",0.13996,1.27748,0.65909,0.63093,"[0.71429, 0.53333, 0.64516]",0.70455,0.6768,"[0.73171, 0.57143, 0.72727]",529,0.1426,1.15163,708,STOPPED,240.543
234,20251212_204045,gln_phase2.csv,best_configs_v3,LSTM,42,2,"[512, 512]",True,minmax,0.1,[1],[1],last,128,relu,True,96,AdamW,,0.0002,2e-06,False,256,0.03,1.0,"[1.0, 3.1864, 1.3333]",0.13999,2.24074,0.43182,0.37075,"[0.4878, 0.15385, 0.47059]",0.47727,0.45628,"[0.48649, 0.35294, 0.52941]",251,0.36013,1.64577,635,STOPPED,215.441

885,20251212_204045,baseline_CASIAB.csv,best_configs_v3,LSTM,42,2,"[96, 128]",True,L2,0.15,[1],[],mean,128,gelu,True,64,AdamW,,0.00025,1e-05,False,256,0.03,1.0,"[1.0, 3.1864, 1.3333]",0.14018,2.07173,0.5,0.44733,"[0.60465, 0.28571, 0.45161]",0.56818,0.54058,"[0.65116, 0.47059, 0.5]",224,0.32666,1.84359,578,STOPPED,87.574
886,20251212_204045,baseline_OUMVLP.csv,best_configs_v3,LSTM,42,2,"[96, 128]",True,L2,0.15,[1],[],mean,128,gelu,True,64,AdamW,,0.00025,1e-05,False,256,0.03,1.0,"[1.0, 3.1864, 1.3333]",0.20047,2.52831,0.43182,0.37135,"[0.42105, 0.16667, 0.52632]",0.56818,0.55672,"[0.5641, 0.5, 0.60606]",76,0.74047,1.16144,886,STOPPED,134.049
887,20251212_204045,gaitgl.csv,best_configs_v3,LSTM,42,2,"[96, 128]",True,L2,0.15,[1],[],mean,128,gelu,True,64,AdamW,,0.00025,1e-05,False,128,0.03,1.0,"[1.0, 3.1864, 1.3333]",0.14042,2.33107,0.45455,0.37783,"[0.60465, 0.15385, 0.375]",0.52273,0.47243,"[0.63158, 0.28571, 0.5]",391,0.1628,2.21208,681,STOPPED,143.939
888,20251212_204045,gaitgl_GREW.csv,best_configs_v3,LSTM,42,2,"[96, 128]",True,L2,0.15,[1],[],mean,128,gelu,True,64,AdamW,,0.00025,1e-05,False,256,0.03,1.0,"[1.0, 3.1864, 1.3333]",0.14024,1.92207,0.54545,0.41565,"[0.61538, 0.0, 0.63158]",0.61364,0.54685,"[0.64865, 0.30769, 0.68421]",494,0.14028,1.65959,574,STOPPED,126.233
889,20251212_204045,gaitgl_GREW_BNNeck.csv,best_configs_v3,LSTM,42,2,"[96, 128]",True,L2,0.15,[1],[],mean,128,gelu,True,64,AdamW,,0.00025,1e-05,False,256,0.03,1.0,"[1.0, 3.1864, 1.3333]",0.14021,2.49184,0.40909,0.3529,"[0.45455, 0.16667, 0.4375]",0.5,0.4594,"[0.46154, 0.25, 0.66667]",340,0.40196,1.89572,551,STOPPED,121.241
890,20251212_204045,gaitgl_OUMVLP.csv,best_configs_v3,LSTM,42,2,"[96, 128]",True,L2,0.15,[1],[],mean,128,gelu,True,64,AdamW,,0.00025,1e-05,False,256,0.03,1.0,"[1.0, 3.1864, 1.3333]",0.62112,1.9371,0.38636,0.35789,"[0.47368, 0.2, 0.4]",0.47727,0.455,"[0.54054, 0.27273, 0.55172]",1039,0.34097,1.758,1075,STOPPED,237.594
891,20251212_204045,gaitpart_GREW.csv,best_configs_v3,LSTM,42,2,"[96, 128]",True,L2,0.15,[1],[],mean,128,gelu,True,64,AdamW,,0.00025,1e-05,False,256,0.03,1.0,"[1.0, 3.1864, 1.3333]",0.14004,2.35589,0.45455,0.38812,"[0.59574, 0.23529, 0.33333]",0.54545,0.45842,"[0.65, 0.15385, 0.57143]",272,0.51579,1.91641,609,STOPPED,73.122
892,20251212_204045,gaitpart_OUMVLP.csv,best_configs_v3,LSTM,42,2,"[96, 128]",True,L2,0.15,[1],[],mean,128,gelu,True,64,AdamW,,0.00025,1e-05,False,256,0.03,1.0,"[1.0, 3.1864, 1.3333]",1.45047,1.75875,0.38636,0.26894,"[0.625, 0.18182, 0.0]",0.61364,0.5977,"[0.61111, 0.53333, 0.64865]",397,0.5473,1.29798,529,STOPPED,63.463
893,20251212_204045,gaitset.csv,best_configs_v3,LSTM,42,2,"[96, 128]",True,L2,0.15,[1],[],mean,128,gelu,True,64,AdamW,,0.00025,1e-05,False,256,0.03,1.0,"[1.0, 3.1864, 1.3333]",0.13971,2.50999,0.45455,0.3782,"[0.60465, 0.14286, 0.3871]",0.5,0.46822,"[0.60465, 0.4, 0.4]",488,0.15295,2.36474,669,STOPPED,144.885
894,20251212_204045,gaitset_GREW.csv,best_configs_v3,LSTM,42,2,"[96, 128]",True,L2,0.15,[1],[],mean,128,gelu,True,64,AdamW,,0.00025,1e-05,False,256,0.03,1.0,"[1.0, 3.1864, 1.3333]",0.14113,2.65197,0.34091,0.25397,"[0.42857, 0.0, 0.33333]",0.5,0.45665,"[0.57143, 0.28571, 0.51282]",100,0.67274,1.26796,683,STOPPED,148.251
895,20251212_204045,gaitset_OUMVLP.csv,best_configs_v3,LSTM,42,2,"[96, 128]",True,L2,0.15,[1],[],mean,128,gelu,True,64,AdamW,,0.00025,1e-05,False,256,0.03,1.0,"[1.0, 3.1864, 1.3333]",0.70873,1.75948,0.29545,0.2705,"[0.09091, 0.25, 0.47059]",0.54545,0.45823,"[0.58824, 0.18182, 0.60465]",292,0.68823,1.32262,448,STOPPED,97.243
896,20251212_204045,gln_phase1.csv,best_configs_v3,LSTM,42,2,"[96, 128]",True,L2,0.15,[1],[],mean,128,gelu,True,64,AdamW,,0.00025,1e-05,False,256,0.03,1.0,"[1.0, 3.1864, 1.3333]",0.13958,2.46554,0.43182,0.36789,"[0.53659, 0.14286, 0.42424]",0.52273,0.44274,"[0.5641, 0.2, 0.5641]",314,0.1787,1.78605,525,STOPPED,148.158
897,20251212_204045,gln_phase2.csv,best_configs_v3,LSTM,42,2,"[96, 128]",True,L2,0.15,[1],[],mean,128,gelu,True,64,AdamW,,0.00025,1e-05,False,256,0.03,1.0,"[1.0, 3.1864, 1.3333]",0.31684,2.72489,0.38636,0.35236,"[0.47619, 0.21053, 0.37037]",0.54545,0.51933,"[0.52941, 0.42857, 0.6]",240,0.37376,1.63366,744,STOPPED,210.866

1522,20251213_045104,baseline_CASIAB.csv,best_configs_v3,LSTM,42,4,"[512, 256, 128, 64]",True,,0.25,"[1, 2, 3]","[1, 3]",last,768,elu,False,16,SGD,0.7,0.001,1e-05,False,256,0.03,1.0,"[1.0, 3.1864, 1.3333]",0.16004,2.17388,0.52273,0.43135,"[0.61224, 0.18182, 0.5]",0.56818,0.46,"[0.68, 0.2, 0.5]",1348,0.23038,2.32968,2170,STOPPED,1939.928
1523,20251213_045104,baseline_OUMVLP.csv,best_configs_v3,LSTM,42,4,"[512, 256, 128, 64]",True,,0.25,"[1, 2, 3]","[1, 3]",last,768,elu,False,16,SGD,0.7,0.001,1e-05,False,256,0.03,1.0,"[1.0, 3.1864, 1.3333]",0.19461,1.66699,0.52273,0.43838,"[0.61905, 0.16667, 0.52941]",0.56818,0.525,"[0.66667, 0.375, 0.53333]",664,0.64872,1.33307,2049,STOPPED,1889.149
1524,20251213_045104,gaitgl.csv,best_configs_v3,LSTM,42,4,"[512, 256, 128, 64]",True,,0.25,"[1, 2, 3]","[1, 3]",last,768,elu,False,16,SGD,0.7,0.001,1e-05,False,128,0.03,1.0,"[1.0, 3.1864, 1.3333]",0.15777,1.99119,0.40909,0.3471,"[0.52381, 0.15385, 0.36364]",0.5,0.45287,"[0.58824, 0.4, 0.37037]",394,0.22382,1.75131,776,STOPPED,1067.433
1525,20251213_045104,gaitgl_GREW.csv,best_configs_v3,LSTM,42,4,"[512, 256, 128, 64]",True,,0.25,"[1, 2, 3]","[1, 3]",last,768,elu,False,16,SGD,0.7,0.001,1e-05,False,256,0.03,1.0,"[1.0, 3.1864, 1.3333]",0.14829,1.59561,0.52273,0.44233,"[0.57143, 0.2, 0.55556]",0.56818,0.47632,"[0.57895, 0.2, 0.65]",423,0.16409,1.52865,700,STOPPED,969.697
1526,20251213_045104,gaitgl_GREW_BNNeck.csv,best_configs_v3,LSTM,42,4,"[512, 256, 128, 64]",True,,0.25,"[1, 2, 3]","[1, 3]",last,768,elu,False,16,SGD,0.7,0.001,1e-05,False,256,0.03,1.0,"[1.0, 3.1864, 1.3333]",0.24429,1.8767,0.40909,0.35504,"[0.46512, 0.13333, 0.46667]",0.56818,0.48235,"[0.57778, 0.22222, 0.64706]",2420,0.24909,1.91153,2476,STOPPED,3433.84
1527,20251213_045104,gaitgl_OUMVLP.csv,best_configs_v3,LSTM,42,4,"[512, 256, 128, 64]",True,,0.25,"[1, 2, 3]","[1, 3]",last,768,elu,False,16,SGD,0.7,0.001,1e-05,False,256,0.03,1.0,"[1.0, 3.1864, 1.3333]",0.15841,1.90249,0.43182,0.3674,"[0.53659, 0.15385, 0.41176]",0.59091,0.48187,"[0.69388, 0.2, 0.55172]",856,0.25047,1.69024,1472,STOPPED,2043.873
1528,20251213_045104,gaitpart_GREW.csv,best_configs_v3,LSTM,42,4,"[512, 256, 128, 64]",True,,0.25,"[1, 2, 3]","[1, 3]",last,768,elu,False,16,SGD,0.7,0.001,1e-05,False,256,0.03,1.0,"[1.0, 3.1864, 1.3333]",0.38523,1.8185,0.38636,0.35573,"[0.54054, 0.18182, 0.34483]",0.5,0.49333,"[0.57143, 0.48, 0.42857]",1015,0.5056,1.77116,1306,STOPPED,924.647
1529,20251213_045104,gaitpart_OUMVLP.csv,best_configs_v3,LSTM,42,4,"[512, 256, 128, 64]",True,,0.25,"[1, 2, 3]","[1, 3]",last,768,elu,False,16,SGD,0.7,0.001,1e-05,False,256,0.03,1.0,"[1.0, 3.1864, 1.3333]",0.47263,1.81162,0.5,0.45589,"[0.52632, 0.23529, 0.60606]",0.52273,0.49334,"[0.58824, 0.28571, 0.60606]",1761,0.4901,1.88665,1889,STOPPED,1337.861
1530,20251213_045104,gaitset.csv,best_configs_v3,LSTM,42,4,"[512, 256, 128, 64]",True,,0.25,"[1, 2, 3]","[1, 3]",last,768,elu,False,16,SGD,0.7,0.001,1e-05,False,256,0.03,1.0,"[1.0, 3.1864, 1.3333]",0.17608,2.60399,0.40909,0.34866,"[0.56522, 0.25, 0.23077]",0.43182,0.39549,"[0.54545, 0.33333, 0.30769]",1616,0.19413,2.72519,2065,STOPPED,2810.627
1531,20251213_045104,gaitset_GREW.csv,best_configs_v3,LSTM,42,4,"[512, 256, 128, 64]",True,,0.25,"[1, 2, 3]","[1, 3]",last,768,elu,False,16,SGD,0.7,0.001,1e-05,False,256,0.03,1.0,"[1.0, 3.1864, 1.3333]",0.18667,2.49669,0.34091,0.31929,"[0.4, 0.23529, 0.32258]",0.45455,0.43508,"[0.41176, 0.35294, 0.54054]",1758,0.22167,2.48065,2119,STOPPED,2885.78
1532,20251213_045104,gaitset_OUMVLP.csv,best_configs_v3,LSTM,42,4,"[512, 256, 128, 64]",True,,0.25,"[1, 2, 3]","[1, 3]",last,768,elu,False,16,SGD,0.7,0.001,1e-05,False,256,0.03,1.0,"[1.0, 3.1864, 1.3333]",0.69772,1.54217,0.5,0.4614,"[0.53659, 0.33333, 0.51429]",0.54545,0.50223,"[0.5641, 0.36364, 0.57895]",1081,0.72713,1.29225,1438,STOPPED,1961.997
1533,20251213_045104,gln_phase1.csv,best_configs_v3,LSTM,42,4,"[512, 256, 128, 64]",True,,0.25,"[1, 2, 3]","[1, 3]",last,768,elu,False,16,SGD,0.7,0.001,1e-05,False,256,0.03,1.0,"[1.0, 3.1864, 1.3333]",0.17427,1.65944,0.47727,0.40571,"[0.55814, 0.14286, 0.51613]",0.56818,0.51297,"[0.63415, 0.33333, 0.57143]",638,0.52436,1.10469,1806,STOPPED,3210.06
1534,20251213_045104,gln_phase2.csv,best_configs_v3,LSTM,42,4,"[512, 256, 128, 64]",True,,0.25,"[1, 2, 3]","[1, 3]",last,768,elu,False,16,SGD,0.7,0.001,1e-05,False,256,0.03,1.0,"[1.0, 3.1864, 1.3333]",0.18579,1.96422,0.5,0.45399,"[0.54054, 0.25, 0.57143]",0.56818,0.53846,"[0.61538, 0.42857, 0.57143]",444,0.6892,1.23513,1462,STOPPED,2625.72

287,20251213_045104,baseline_CASIAB.csv,best_configs_v3,LSTM,42,2,"[384, 384]",False,L2,0.0,[],[],last,,,False,96,AdamW,,0.0008,5e-06,True,256,0.03,1.0,"[1.0, 3.1864, 1.3333]",0.14029,2.11424,0.43182,0.41071,"[0.5, 0.375, 0.35714]",0.54545,0.5404,"[0.48485, 0.54545, 0.59091]",174,0.43042,1.46938,442,STOPPED,34.888
288,20251213_045104,baseline_OUMVLP.csv,best_configs_v3,LSTM,42,2,"[384, 384]",False,L2,0.0,[],[],last,,,False,96,AdamW,,0.0008,5e-06,True,256,0.03,1.0,"[1.0, 3.1864, 1.3333]",0.13956,2.20161,0.45455,0.3875,"[0.52381, 0.15385, 0.48485]",0.54545,0.49231,"[0.61538, 0.4, 0.46154]",145,0.55666,1.40835,491,STOPPED,38.75
289,20251213_045104,gaitgl.csv,best_configs_v3,LSTM,42,2,"[384, 384]",False,L2,0.0,[],[],last,,,False,96,AdamW,,0.0008,5e-06,True,128,0.03,1.0,"[1.0, 3.1864, 1.3333]",0.13972,2.40585,0.36364,0.2658,"[0.44444, 0.0, 0.35294]",0.47727,0.45031,"[0.56522, 0.42857, 0.35714]",51,0.68667,1.46515,308,STOPPED,32.761
290,20251213_045104,gaitgl_GREW.csv,best_configs_v3,LSTM,42,2,"[384, 384]",False,L2,0.0,[],[],last,,,False,96,AdamW,,0.0008,5e-06,True,256,0.03,1.0,"[1.0, 3.1864, 1.3333]",0.13979,2.01957,0.43182,0.36906,"[0.48889, 0.16667, 0.45161]",0.54545,0.49132,"[0.6, 0.28571, 0.58824]",48,0.39247,1.7661,254,STOPPED,29.936
291,20251213_045104,gaitgl_GREW_BNNeck.csv,best_configs_v3,LSTM,42,2,"[384, 384]",False,L2,0.0,[],[],last,,,False,96,AdamW,,0.0008,5e-06,True,256,0.03,1.0,"[1.0, 3.1864, 1.3333]",0.13975,2.71371,0.29545,0.26212,"[0.35, 0.13333, 0.30303]",0.45455,0.42307,"[0.42424, 0.33333, 0.51163]",138,0.27822,2.49684,340,STOPPED,38.184
292,20251213_045104,gaitgl_OUMVLP.csv,best_configs_v3,LSTM,42,2,"[384, 384]",False,L2,0.0,[],[],last,,,False,96,AdamW,,0.0008,5e-06,True,256,0.03,1.0,"[1.0, 3.1864, 1.3333]",0.14004,1.66432,0.45455,0.33333,"[0.57143, 0.0, 0.42857]",0.56818,0.41479,"[0.6383, 0.0, 0.60606]",224,0.39342,1.4586,600,STOPPED,69.782
293,20251213_045104,gaitpart_GREW.csv,best_configs_v3,LSTM,42,2,"[384, 384]",False,L2,0.0,[],[],last,,,False,96,AdamW,,0.0008,5e-06,True,256,0.03,1.0,"[1.0, 3.1864, 1.3333]",0.1398,1.99178,0.47727,0.4299,"[0.57143, 0.26667, 0.45161]",0.59091,0.54298,"[0.57895, 0.4, 0.65]",213,0.26957,1.6366,417,STOPPED,24.618
294,20251213_045104,gaitpart_OUMVLP.csv,best_configs_v3,LSTM,42,2,"[384, 384]",False,L2,0.0,[],[],last,,,False,96,AdamW,,0.0008,5e-06,True,256,0.03,1.0,"[1.0, 3.1864, 1.3333]",0.48355,1.72739,0.5,0.42239,"[0.5, 0.18182, 0.58537]",0.59091,0.54545,"[0.72727, 0.45455, 0.45455]",645,0.41434,2.06923,694,STOPPED,40.662
295,20251213_045104,gaitset.csv,best_configs_v3,LSTM,42,2,"[384, 384]",False,L2,0.0,[],[],last,,,False,96,AdamW,,0.0008,5e-06,True,256,0.03,1.0,"[1.0, 3.1864, 1.3333]",0.13961,2.77925,0.31818,0.27291,"[0.4, 0.14286, 0.27586]",0.40909,0.37848,"[0.47368, 0.25, 0.41176]",185,0.29725,2.13196,426,STOPPED,47.683
296,20251213_045104,gaitset_GREW.csv,best_configs_v3,LSTM,42,2,"[384, 384]",False,L2,0.0,[],[],last,,,False,96,AdamW,,0.0008,5e-06,True,256,0.03,1.0,"[1.0, 3.1864, 1.3333]",0.13987,2.28322,0.45455,0.4198,"[0.47368, 0.28571, 0.5]",0.52273,0.51401,"[0.57143, 0.5, 0.47059]",154,0.55382,1.43953,416,STOPPED,46.036
297,20251213_045104,gaitset_OUMVLP.csv,best_configs_v3,LSTM,42,2,"[384, 384]",False,L2,0.0,[],[],last,,,False,96,AdamW,,0.0008,5e-06,True,256,0.03,1.0,"[1.0, 3.1864, 1.3333]",0.15276,2.01123,0.5,0.41919,"[0.59091, 0.16667, 0.5]",0.56818,0.53411,"[0.68293, 0.38095, 0.53846]",612,0.37863,1.96632,1214,STOPPED,135.014
298,20251213_045104,gln_phase1.csv,best_configs_v3,LSTM,42,2,"[384, 384]",False,L2,0.0,[],[],last,,,False,96,AdamW,,0.0008,5e-06,True,256,0.03,1.0,"[1.0, 3.1864, 1.3333]",1.10762,1.10818,0.15909,0.0915,"[0.0, 0.27451, 0.0]",0.15909,0.0915,"[0.0, 0.27451, 0.0]",118,1.10762,1.10818,118,STOPPED,17.523
299,20251213_045104,gln_phase2.csv,best_configs_v3,LSTM,42,2,"[384, 384]",False,L2,0.0,[],[],last,,,False,96,AdamW,,0.0008,5e-06,True,256,0.03,1.0,"[1.0, 3.1864, 1.3333]",0.13978,1.95477,0.45455,0.39337,"[0.6087, 0.28571, 0.28571]",0.5,0.46832,"[0.58537, 0.35294, 0.46667]",212,0.36695,2.14973,345,STOPPED,50.103

781,20251213_045104,baseline_CASIAB.csv,best_configs_v3,LSTM,42,2,"[160, 160]",True,minmax,0.2,[1],[],attention,128,relu,True,48,AdamW,,0.0002,2e-06,False,256,0.03,1.0,"[1.0, 3.1864, 1.3333]",0.14424,1.9361,0.56818,0.526,"[0.66667, 0.42857, 0.48276]",0.63636,0.58982,"[0.72727, 0.46154, 0.58065]",521,0.25789,1.51502,740,STOPPED,150.125
782,20251213_045104,baseline_OUMVLP.csv,best_configs_v3,LSTM,42,2,"[160, 160]",True,minmax,0.2,[1],[],attention,128,relu,True,48,AdamW,,0.0002,2e-06,False,256,0.03,1.0,"[1.0, 3.1864, 1.3333]",0.14277,1.84242,0.52273,0.48045,"[0.53659, 0.33333, 0.57143]",0.5,0.49413,"[0.42424, 0.5, 0.55814]",457,0.19949,2.03379,925,STOPPED,203.393
783,20251213_045104,gaitgl.csv,best_configs_v3,LSTM,42,2,"[160, 160]",True,minmax,0.2,[1],[],attention,128,relu,True,48,AdamW,,0.0002,2e-06,False,128,0.03,1.0,"[1.0, 3.1864, 1.3333]",1.10854,1.09393,0.43182,0.30747,"[0.51064, 0.0, 0.41176]",0.43182,0.30747,"[0.51064, 0.0, 0.41176]",147,1.10854,1.09393,147,STOPPED,43.746
784,20251213_045104,gaitgl_GREW.csv,best_configs_v3,LSTM,42,2,"[160, 160]",True,minmax,0.2,[1],[],attention,128,relu,True,48,AdamW,,0.0002,2e-06,False,256,0.03,1.0,"[1.0, 3.1864, 1.3333]",0.14107,2.20372,0.43182,0.31869,"[0.51163, 0.0, 0.44444]",0.5,0.4547,"[0.51429, 0.28571, 0.5641]",195,0.41832,1.78715,405,STOPPED,126.076
785,20251213_045104,gaitgl_GREW_BNNeck.csv,best_configs_v3,LSTM,42,2,"[160, 160]",True,minmax,0.2,[1],[],attention,128,relu,True,48,AdamW,,0.0002,2e-06,False,256,0.03,1.0,"[1.0, 3.1864, 1.3333]",1.11017,1.0896,0.36364,0.17778,"[0.0, 0.0, 0.53333]",0.36364,0.17778,"[0.0, 0.0, 0.53333]",106,1.11017,1.0896,106,STOPPED,32.5
786,20251213_045104,gaitgl_OUMVLP.csv,best_configs_v3,LSTM,42,2,"[160, 160]",True,minmax,0.2,[1],[],attention,128,relu,True,48,AdamW,,0.0002,2e-06,False,256,0.03,1.0,"[1.0, 3.1864, 1.3333]",1.1093,1.12176,0.15909,0.0915,"[0.0, 0.27451, 0.0]",0.15909,0.0915,"[0.0, 0.27451, 0.0]",148,1.1093,1.12176,148,STOPPED,46.589
787,20251213_045104,gaitpart_GREW.csv,best_configs_v3,LSTM,42,2,"[160, 160]",True,minmax,0.2,[1],[],attention,128,relu,True,48,AdamW,,0.0002,2e-06,False,256,0.03,1.0,"[1.0, 3.1864, 1.3333]",0.14116,2.33163,0.47727,0.40648,"[0.61905, 0.11765, 0.48276]",0.54545,0.52407,"[0.65, 0.47059, 0.45161]",248,0.70697,1.37825,830,STOPPED,147.049
788,20251213_045104,gaitpart_OUMVLP.csv,best_configs_v3,LSTM,42,2,"[160, 160]",True,minmax,0.2,[1],[],attention,128,relu,True,48,AdamW,,0.0002,2e-06,False,256,0.03,1.0,"[1.0, 3.1864, 1.3333]",1.1092,1.08796,0.36364,0.17778,"[0.0, 0.0, 0.53333]",0.36364,0.17778,"[0.0, 0.0, 0.53333]",147,1.1092,1.08796,147,STOPPED,26.378
789,20251213_045104,gaitset.csv,best_configs_v3,LSTM,42,2,"[160, 160]",True,minmax,0.2,[1],[],attention,128,relu,True,48,AdamW,,0.0002,2e-06,False,256,0.03,1.0,"[1.0, 3.1864, 1.3333]",0.14211,1.80429,0.45455,0.3907,"[0.47368, 0.14286, 0.55556]",0.52273,0.49741,"[0.53659, 0.375, 0.58065]",738,0.14865,1.84991,782,STOPPED,241.96
790,20251213_045104,gaitset_GREW.csv,best_configs_v3,LSTM,42,2,"[160, 160]",True,minmax,0.2,[1],[],attention,128,relu,True,48,AdamW,,0.0002,2e-06,False,256,0.03,1.0,"[1.0, 3.1864, 1.3333]",1.11001,1.10782,0.15909,0.0915,"[0.0, 0.27451, 0.0]",0.15909,0.0915,"[0.0, 0.27451, 0.0]",161,1.11001,1.10782,161,STOPPED,50.126
791,20251213_045104,gaitset_OUMVLP.csv,best_configs_v3,LSTM,42,2,"[160, 160]",True,minmax,0.2,[1],[],attention,128,relu,True,48,AdamW,,0.0002,2e-06,False,256,0.03,1.0,"[1.0, 3.1864, 1.3333]",1.109,1.09905,0.15909,0.0915,"[0.0, 0.27451, 0.0]",0.15909,0.0915,"[0.0, 0.27451, 0.0]",136,1.109,1.09905,136,STOPPED,41.897
792,20251213_045104,gln_phase1.csv,best_configs_v3,LSTM,42,2,"[160, 160]",True,minmax,0.2,[1],[],attention,128,relu,True,48,AdamW,,0.0002,2e-06,False,256,0.03,1.0,"[1.0, 3.1864, 1.3333]",1.10795,1.10269,0.15909,0.0915,"[0.0, 0.27451, 0.0]",0.15909,0.0915,"[0.0, 0.27451, 0.0]",119,1.10795,1.10269,119,STOPPED,47.14
793,20251213_045104,gln_phase2.csv,best_configs_v3,LSTM,42,2,"[160, 160]",True,minmax,0.2,[1],[],attention,128,relu,True,48,AdamW,,0.0002,2e-06,False,256,0.03,1.0,"[1.0, 3.1864, 1.3333]",1.11123,1.08678,0.47727,0.21538,"[0.64615, 0.0, 0.0]",0.47727,0.21538,"[0.64615, 0.0, 0.0]",119,1.11123,1.08678,119,STOPPED,47.751

612,20251213_045104,baseline_CASIAB.csv,best_configs_v3,LSTM,42,1,[192],True,L2,0.0,[],[],mean,128,relu,False,48,AdamW,,0.0003,1e-06,True,256,0.03,1.0,"[1.0, 3.1864, 1.3333]",0.14079,2.73861,0.38636,0.36136,"[0.41026, 0.22222, 0.45161]",0.52273,0.49453,"[0.55, 0.35294, 0.58065]",136,0.43169,1.89272,545,STOPPED,75.462
613,20251213_045104,baseline_OUMVLP.csv,best_configs_v3,LSTM,42,1,[192],True,L2,0.0,[],[],mean,128,relu,False,48,AdamW,,0.0003,1e-06,True,256,0.03,1.0,"[1.0, 3.1864, 1.3333]",0.14155,2.7494,0.38636,0.35833,"[0.45, 0.25, 0.375]",0.54545,0.50152,"[0.58537, 0.36364, 0.55556]",481,0.28606,1.96791,809,STOPPED,112.668
614,20251213_045104,gaitgl.csv,best_configs_v3,LSTM,42,1,[192],True,L2,0.0,[],[],mean,128,relu,False,48,AdamW,,0.0003,1e-06,True,128,0.03,1.0,"[1.0, 3.1864, 1.3333]",0.14082,2.35461,0.5,0.45238,"[0.57143, 0.28571, 0.5]",0.56818,0.53215,"[0.61538, 0.375, 0.60606]",311,0.41178,1.78533,550,STOPPED,98.838
615,20251213_045104,gaitgl_GREW.csv,best_configs_v3,LSTM,42,1,[192],True,L2,0.0,[],[],mean,128,relu,False,48,AdamW,,0.0003,1e-06,True,256,0.03,1.0,"[1.0, 3.1864, 1.3333]",0.14747,2.51366,0.40909,0.30319,"[0.46512, 0.0, 0.44444]",0.54545,0.49734,"[0.5641, 0.33333, 0.59459]",129,0.41277,1.60299,388,STOPPED,73.491
616,20251213_045104,gaitgl_GREW_BNNeck.csv,best_configs_v3,LSTM,42,1,[192],True,L2,0.0,[],[],mean,128,relu,False,48,AdamW,,0.0003,1e-06,True,256,0.03,1.0,"[1.0, 3.1864, 1.3333]",0.14257,1.89396,0.54545,0.51123,"[0.54545, 0.4, 0.58824]",0.56818,0.56438,"[0.53659, 0.54545, 0.61111]",468,0.14822,1.93094,518,STOPPED,98.085
617,20251213_045104,gaitgl_OUMVLP.csv,best_configs_v3,LSTM,42,1,[192],True,L2,0.0,[],[],mean,128,relu,False,48,AdamW,,0.0003,1e-06,True,256,0.03,1.0,"[1.0, 3.1864, 1.3333]",0.14026,2.78583,0.38636,0.32646,"[0.48889, 0.13333, 0.35714]",0.61364,0.54828,"[0.68293, 0.33333, 0.62857]",261,0.64523,1.27192,1211,STOPPED,221.047
618,20251213_045104,gaitpart_GREW.csv,best_configs_v3,LSTM,42,1,[192],True,L2,0.0,[],[],mean,128,relu,False,48,AdamW,,0.0003,1e-06,True,256,0.03,1.0,"[1.0, 3.1864, 1.3333]",0.14015,2.4269,0.40909,0.30111,"[0.58333, 0.0, 0.32]",0.5,0.40776,"[0.625, 0.15385, 0.44444]",189,0.25548,1.59784,491,STOPPED,51.789
619,20251213_045104,gaitpart_OUMVLP.csv,best_configs_v3,LSTM,42,1,[192],True,L2,0.0,[],[],mean,128,relu,False,48,AdamW,,0.0003,1e-06,True,256,0.03,1.0,"[1.0, 3.1864, 1.3333]",0.14043,2.32068,0.47727,0.38372,"[0.65116, 0.0, 0.5]",0.5,0.47235,"[0.5641, 0.35294, 0.5]",199,0.60763,1.39565,993,STOPPED,122.311
620,20251213_045104,gaitset.csv,best_configs_v3,LSTM,42,1,[192],True,L2,0.0,[],[],mean,128,relu,False,48,AdamW,,0.0003,1e-06,True,256,0.03,1.0,"[1.0, 3.1864, 1.3333]",0.15393,2.67184,0.38636,0.36451,"[0.51163, 0.375, 0.2069]",0.47727,0.44246,"[0.61905, 0.375, 0.33333]",679,0.1837,2.25334,720,STOPPED,130.352
621,20251213_045104,gaitset_GREW.csv,best_configs_v3,LSTM,42,1,[192],True,L2,0.0,[],[],mean,128,relu,False,48,AdamW,,0.0003,1e-06,True,256,0.03,1.0,"[1.0, 3.1864, 1.3333]",0.14954,2.67807,0.40909,0.35269,"[0.52632, 0.14286, 0.38889]",0.52273,0.43865,"[0.63415, 0.18182, 0.5]",628,0.1689,2.18878,746,STOPPED,136.611
622,20251213_045104,gaitset_OUMVLP.csv,best_configs_v3,LSTM,42,1,[192],True,L2,0.0,[],[],mean,128,relu,False,48,AdamW,,0.0003,1e-06,True,256,0.03,1.0,"[1.0, 3.1864, 1.3333]",0.37072,2.43908,0.40909,0.35988,"[0.53333, 0.25, 0.2963]",0.54545,0.5303,"[0.5, 0.5, 0.59091]",268,0.70919,1.19821,1252,STOPPED,219.347
623,20251213_045104,gln_phase1.csv,best_configs_v3,LSTM,42,1,[192],True,L2,0.0,[],[],mean,128,relu,False,48,AdamW,,0.0003,1e-06,True,256,0.03,1.0,"[1.0, 3.1864, 1.3333]",0.1405,2.46365,0.38636,0.29972,"[0.42857, 0.0, 0.47059]",0.54545,0.52748,"[0.59459, 0.46154, 0.52632]",275,0.61585,1.45246,831,STOPPED,185.097
624,20251213_045104,gln_phase2.csv,best_configs_v3,LSTM,42,1,[192],True,L2,0.0,[],[],mean,128,relu,False,48,AdamW,,0.0003,1e-06,True,256,0.03,1.0,"[1.0, 3.1864, 1.3333]",0.14065,2.64771,0.40909,0.31667,"[0.45, 0.0, 0.5]",0.5,0.45504,"[0.52941, 0.28571, 0.55]",255,0.62927,1.90983,628,STOPPED,144.393

378,20251213_143905,baseline_CASIAB.csv,best_configs_v3,LSTM,42,1,[256],False,minmax,0.0,[],[],last,128,gelu,True,96,Adam,,0.0002,1e-06,True,256,0.03,1.0,"[1.0, 3.1864, 1.3333]",0.13993,1.803,0.54545,0.49448,"[0.60465, 0.33333, 0.54545]",0.61364,0.60108,"[0.65116, 0.57143, 0.58065]",232,0.399,1.45475,840,STOPPED,52.98
379,20251213_143905,baseline_OUMVLP.csv,best_configs_v3,LSTM,42,1,[256],False,minmax,0.0,[],[],last,128,gelu,True,96,Adam,,0.0002,1e-06,True,256,0.03,1.0,"[1.0, 3.1864, 1.3333]",0.14169,1.90787,0.47727,0.41081,"[0.53659, 0.13333, 0.5625]",0.52273,0.47578,"[0.5641, 0.30769, 0.55556]",337,0.34313,1.9623,875,STOPPED,53.404
380,20251213_143905,gaitgl.csv,best_configs_v3,LSTM,42,1,[256],False,minmax,0.0,[],[],last,128,gelu,True,96,Adam,,0.0002,1e-06,True,128,0.03,1.0,"[1.0, 3.1864, 1.3333]",0.1446,1.87635,0.54545,0.45148,"[0.6383, 0.2, 0.51613]",0.59091,0.53093,"[0.66667, 0.36364, 0.5625]",469,0.14219,1.94754,556,STOPPED,40.162
381,20251213_143905,gaitgl_GREW.csv,best_configs_v3,LSTM,42,1,[256],False,minmax,0.0,[],[],last,128,gelu,True,96,Adam,,0.0002,1e-06,True,256,0.03,1.0,"[1.0, 3.1864, 1.3333]",0.14013,1.85054,0.5,0.35964,"[0.61224, 0.0, 0.46667]",0.54545,0.45004,"[0.65217, 0.18182, 0.51613]",155,0.24429,2.05564,373,STOPPED,31.003
382,20251213_143905,gaitgl_GREW_BNNeck.csv,best_configs_v3,LSTM,42,1,[256],False,minmax,0.0,[],[],last,128,gelu,True,96,Adam,,0.0002,1e-06,True,256,0.03,1.0,"[1.0, 3.1864, 1.3333]",0.14266,2.27868,0.45455,0.37278,"[0.59574, 0.2, 0.32258]",0.5,0.46483,"[0.59091, 0.375, 0.42857]",499,0.25834,2.26911,1107,STOPPED,86.612
383,20251213_143905,gaitgl_OUMVLP.csv,best_configs_v3,LSTM,42,1,[256],False,minmax,0.0,[],[],last,128,gelu,True,96,Adam,,0.0002,1e-06,True,256,0.03,1.0,"[1.0, 3.1864, 1.3333]",0.23594,2.24353,0.38636,0.33333,"[0.5, 0.125, 0.375]",0.5,0.45503,"[0.51429, 0.22222, 0.62857]",310,0.5289,2.0016,1057,STOPPED,83.801
384,20251213_143905,gaitpart_GREW.csv,best_configs_v3,LSTM,42,1,[256],False,minmax,0.0,[],[],last,128,gelu,True,96,Adam,,0.0002,1e-06,True,256,0.03,1.0,"[1.0, 3.1864, 1.3333]",0.14129,2.07663,0.45455,0.41636,"[0.57778, 0.375, 0.2963]",0.5,0.49286,"[0.55, 0.5, 0.42857]",240,0.48972,1.45578,645,STOPPED,32.539
385,20251213_143905,gaitpart_OUMVLP.csv,best_configs_v3,LSTM,42,1,[256],False,minmax,0.0,[],[],last,128,gelu,True,96,Adam,,0.0002,1e-06,True,256,0.03,1.0,"[1.0, 3.1864, 1.3333]",1.10682,1.09579,0.45455,0.21164,"[0.63492, 0.0, 0.0]",0.45455,0.21164,"[0.63492, 0.0, 0.0]",209,1.10682,1.09579,209,STOPPED,10.461
386,20251213_143905,gaitset.csv,best_configs_v3,LSTM,42,1,[256],False,minmax,0.0,[],[],last,128,gelu,True,96,Adam,,0.0002,1e-06,True,256,0.03,1.0,"[1.0, 3.1864, 1.3333]",0.14388,1.99619,0.38636,0.37651,"[0.42857, 0.38095, 0.32]",0.5,0.47302,"[0.55, 0.35294, 0.51613]",141,0.66259,1.16765,682,STOPPED,52.665
387,20251213_143905,gaitset_GREW.csv,best_configs_v3,LSTM,42,1,[256],False,minmax,0.0,[],[],last,128,gelu,True,96,Adam,,0.0002,1e-06,True,256,0.03,1.0,"[1.0, 3.1864, 1.3333]",0.14373,1.78114,0.45455,0.41364,"[0.55, 0.26667, 0.42424]",0.52273,0.49167,"[0.6, 0.375, 0.5]",547,0.15168,1.71045,789,STOPPED,64.016
388,20251213_143905,gaitset_OUMVLP.csv,best_configs_v3,LSTM,42,1,[256],False,minmax,0.0,[],[],last,128,gelu,True,96,Adam,,0.0002,1e-06,True,256,0.03,1.0,"[1.0, 3.1864, 1.3333]",1.10709,1.09477,0.36364,0.17778,"[0.0, 0.0, 0.53333]",0.36364,0.17778,"[0.0, 0.0, 0.53333]",139,1.10709,1.09477,139,STOPPED,11.764
389,20251213_143905,gln_phase1.csv,best_configs_v3,LSTM,42,1,[256],False,minmax,0.0,[],[],last,128,gelu,True,96,Adam,,0.0002,1e-06,True,256,0.03,1.0,"[1.0, 3.1864, 1.3333]",0.14233,1.28436,0.59091,0.5865,"[0.57895, 0.55556, 0.625]",0.75,0.73088,"[0.75676, 0.66667, 0.76923]",211,0.59253,0.78127,901,STOPPED,85.684
390,20251213_143905,gln_phase2.csv,best_configs_v3,LSTM,42,1,[256],False,minmax,0.0,[],[],last,128,gelu,True,96,Adam,,0.0002,1e-06,True,256,0.03,1.0,"[1.0, 3.1864, 1.3333]",0.14476,2.4617,0.45455,0.40731,"[0.55814, 0.25, 0.41379]",0.54545,0.50152,"[0.55556, 0.36364, 0.58537]",219,0.57909,1.3834,908,STOPPED,86.235

495,20251213_143905,baseline_CASIAB.csv,best_configs_v3,LSTM,42,3,"[768, 512, 256]",False,,0.3,[1],"[1, 2]",attention,256,elu,True,64,AdamW,,1e-05,1e-05,False,256,0.03,1.0,"[1.0, 3.1864, 1.3333]",0.14108,2.11375,0.5,0.45439,"[0.6383, 0.42857, 0.2963]",0.61364,0.5739,"[0.69767, 0.46154, 0.5625]",654,0.14432,1.67825,839,STOPPED,145.036
496,20251213_143905,baseline_OUMVLP.csv,best_configs_v3,LSTM,42,3,"[768, 512, 256]",False,,0.3,[1],"[1, 2]",attention,256,elu,True,64,AdamW,,1e-05,1e-05,False,256,0.03,1.0,"[1.0, 3.1864, 1.3333]",0.14128,1.77899,0.52273,0.44566,"[0.55814, 0.15385, 0.625]",0.59091,0.49517,"[0.65217, 0.16667, 0.66667]",679,0.15267,1.98522,1007,STOPPED,174.362
497,20251213_143905,gaitgl.csv,best_configs_v3,LSTM,42,3,"[768, 512, 256]",False,,0.3,[1],"[1, 2]",attention,256,elu,True,64,AdamW,,1e-05,1e-05,False,128,0.03,1.0,"[1.0, 3.1864, 1.3333]",0.14293,1.50474,0.45455,0.38959,"[0.51163, 0.2, 0.45714]",0.52273,0.483,"[0.58537, 0.36364, 0.5]",277,0.14404,1.47264,404,STOPPED,96.777
498,20251213_143905,gaitgl_GREW.csv,best_configs_v3,LSTM,42,3,"[768, 512, 256]",False,,0.3,[1],"[1, 2]",attention,256,elu,True,64,AdamW,,1e-05,1e-05,False,256,0.03,1.0,"[1.0, 3.1864, 1.3333]",0.14171,1.21011,0.52273,0.40186,"[0.63415, 0.0, 0.57143]",0.63636,0.57862,"[0.75556, 0.42857, 0.55172]",146,0.14989,1.22612,394,STOPPED,99.243
499,20251213_143905,gaitgl_GREW_BNNeck.csv,best_configs_v3,LSTM,42,3,"[768, 512, 256]",False,,0.3,[1],"[1, 2]",attention,256,elu,True,64,AdamW,,1e-05,1e-05,False,256,0.03,1.0,"[1.0, 3.1864, 1.3333]",0.14194,2.62628,0.40909,0.3532,"[0.46512, 0.14286, 0.45161]",0.45455,0.39437,"[0.46154, 0.13333, 0.58824]",1114,0.1593,2.42573,1305,STOPPED,328.139
500,20251213_143905,gaitgl_OUMVLP.csv,best_configs_v3,LSTM,42,3,"[768, 512, 256]",False,,0.3,[1],"[1, 2]",attention,256,elu,True,64,AdamW,,1e-05,1e-05,False,256,0.03,1.0,"[1.0, 3.1864, 1.3333]",0.13996,2.08937,0.45455,0.41032,"[0.55814, 0.28571, 0.3871]",0.5,0.46111,"[0.58333, 0.4, 0.4]",735,0.1423,1.84768,978,STOPPED,257.611
501,20251213_143905,gaitpart_GREW.csv,best_configs_v3,LSTM,42,3,"[768, 512, 256]",False,,0.3,[1],"[1, 2]",attention,256,elu,True,64,AdamW,,1e-05,1e-05,False,256,0.03,1.0,"[1.0, 3.1864, 1.3333]",0.14995,2.13427,0.5,0.46193,"[0.61905, 0.35294, 0.41379]",0.54545,0.50636,"[0.65, 0.35294, 0.51613]",1078,0.142,2.16203,1137,STOPPED,179.953
502,20251213_143905,gaitpart_OUMVLP.csv,best_configs_v3,LSTM,42,3,"[768, 512, 256]",False,,0.3,[1],"[1, 2]",attention,256,elu,True,64,AdamW,,1e-05,1e-05,False,256,0.03,1.0,"[1.0, 3.1864, 1.3333]",0.14104,2.0897,0.5,0.37945,"[0.62222, 0.0, 0.51613]",0.59091,0.56268,"[0.61538, 0.46154, 0.61111]",275,0.64415,1.32758,1449,STOPPED,230.361
503,20251213_143905,gaitset.csv,best_configs_v3,LSTM,42,3,"[768, 512, 256]",False,,0.3,[1],"[1, 2]",attention,256,elu,True,64,AdamW,,1e-05,1e-05,False,256,0.03,1.0,"[1.0, 3.1864, 1.3333]",0.14905,2.5013,0.31818,0.22394,"[0.47826, 0.0, 0.19355]",0.36364,0.35,"[0.45, 0.33333, 0.26667]",88,0.74104,1.41849,977,STOPPED,245.036
504,20251213_143905,gaitset_GREW.csv,best_configs_v3,LSTM,42,3,"[768, 512, 256]",False,,0.3,[1],"[1, 2]",attention,256,elu,True,64,AdamW,,1e-05,1e-05,False,256,0.03,1.0,"[1.0, 3.1864, 1.3333]",0.1408,1.98974,0.5,0.37302,"[0.61905, 0.0, 0.5]",0.59091,0.49415,"[0.68421, 0.16667, 0.63158]",607,0.16827,1.89747,1037,STOPPED,273.36
505,20251213_143905,gaitset_OUMVLP.csv,best_configs_v3,LSTM,42,3,"[768, 512, 256]",False,,0.3,[1],"[1, 2]",attention,256,elu,True,64,AdamW,,1e-05,1e-05,False,256,0.03,1.0,"[1.0, 3.1864, 1.3333]",0.14094,2.01543,0.52273,0.43863,"[0.60465, 0.18182, 0.52941]",0.56818,0.51667,"[0.66667, 0.33333, 0.55]",1793,0.14379,1.95578,1957,STOPPED,704.898
506,20251213_143905,gln_phase1.csv,best_configs_v3,LSTM,42,3,"[768, 512, 256]",False,,0.3,[1],"[1, 2]",attention,256,elu,True,64,AdamW,,1e-05,1e-05,False,256,0.03,1.0,"[1.0, 3.1864, 1.3333]",0.14206,1.86687,0.5,0.42342,"[0.59091, 0.22222, 0.45714]",0.5,0.47939,"[0.58537, 0.42857, 0.42424]",70,0.74069,1.13588,915,STOPPED,321.865
507,20251213_143905,gln_phase2.csv,best_configs_v3,LSTM,42,3,"[768, 512, 256]",False,,0.3,[1],"[1, 2]",attention,256,elu,True,64,AdamW,,1e-05,1e-05,False,256,0.03,1.0,"[1.0, 3.1864, 1.3333]",0.14249,2.20173,0.40909,0.30438,"[0.42424, 0.0, 0.48889]",0.54545,0.45734,"[0.66667, 0.14286, 0.5625]",935,0.14111,1.68242,983,STOPPED,326.804

1470,20251213_143905,baseline_CASIAB.csv,best_configs_v3,LSTM,42,2,"[1024, 1536]",False,L2,0.3,[1],[1],last,512,gelu,True,32,AdamW,,0.0001,1e-06,False,256,0.03,1.0,"[1.0, 3.1864, 1.3333]",0.14074,2.01977,0.5,0.4614,"[0.53659, 0.33333, 0.51429]",0.54545,0.54228,"[0.5641, 0.53333, 0.52941]",101,0.25078,1.77284,278,STOPPED,110.282
1471,20251213_143905,baseline_OUMVLP.csv,best_configs_v3,LSTM,42,2,"[1024, 1536]",False,L2,0.3,[1],[1],last,512,gelu,True,32,AdamW,,0.0001,1e-06,False,256,0.03,1.0,"[1.0, 3.1864, 1.3333]",0.14123,1.88735,0.54545,0.51351,"[0.54054, 0.35294, 0.64706]",0.59091,0.55235,"[0.63636, 0.4, 0.62069]",329,0.14531,1.60224,351,STOPPED,139.956
1472,20251213_143905,gaitgl.csv,best_configs_v3,LSTM,42,2,"[1024, 1536]",False,L2,0.3,[1],[1],last,512,gelu,True,32,AdamW,,0.0001,1e-06,False,128,0.03,1.0,"[1.0, 3.1864, 1.3333]",0.1406,1.7195,0.56818,0.50823,"[0.63636, 0.30769, 0.58065]",0.56818,0.54432,"[0.6, 0.46154, 0.57143]",77,0.1427,1.69469,190,STOPPED,110.675
1473,20251213_143905,gaitgl_GREW.csv,best_configs_v3,LSTM,42,2,"[1024, 1536]",False,L2,0.3,[1],[1],last,512,gelu,True,32,AdamW,,0.0001,1e-06,False,256,0.03,1.0,"[1.0, 3.1864, 1.3333]",0.1405,1.90616,0.52273,0.50427,"[0.51282, 0.42857, 0.57143]",0.61364,0.60388,"[0.63415, 0.57143, 0.60606]",81,0.1429,1.63248,186,STOPPED,111.146
1474,20251213_143905,gaitgl_GREW_BNNeck.csv,best_configs_v3,LSTM,42,2,"[1024, 1536]",False,L2,0.3,[1],[1],last,512,gelu,True,32,AdamW,,0.0001,1e-06,False,256,0.03,1.0,"[1.0, 3.1864, 1.3333]",0.14277,1.93261,0.45455,0.38641,"[0.52174, 0.2, 0.4375]",0.5,0.47998,"[0.52381, 0.4, 0.51613]",64,0.20557,2.1051,249,STOPPED,148.72
1475,20251213_143905,gaitgl_OUMVLP.csv,best_configs_v3,LSTM,42,2,"[1024, 1536]",False,L2,0.3,[1],[1],last,512,gelu,True,32,AdamW,,0.0001,1e-06,False,256,0.03,1.0,"[1.0, 3.1864, 1.3333]",0.27171,2.01829,0.43182,0.32089,"[0.47619, 0.0, 0.48649]",0.56818,0.42572,"[0.65217, 0.0, 0.625]",71,0.61945,1.39084,325,STOPPED,193.547
1476,20251213_143905,gaitpart_GREW.csv,best_configs_v3,LSTM,42,2,"[1024, 1536]",False,L2,0.3,[1],[1],last,512,gelu,True,32,AdamW,,0.0001,1e-06,False,256,0.03,1.0,"[1.0, 3.1864, 1.3333]",0.14036,2.09903,0.5,0.44564,"[0.65, 0.23529, 0.45161]",0.61364,0.56068,"[0.61538, 0.4, 0.66667]",222,0.15189,1.68497,369,STOPPED,123.689
1477,20251213_143905,gaitpart_OUMVLP.csv,best_configs_v3,LSTM,42,2,"[1024, 1536]",False,L2,0.3,[1],[1],last,512,gelu,True,32,AdamW,,0.0001,1e-06,False,256,0.03,1.0,"[1.0, 3.1864, 1.3333]",0.47713,1.40208,0.56818,0.5417,"[0.63415, 0.46154, 0.52941]",0.68182,0.6686,"[0.73913, 0.66667, 0.6]",253,0.4333,1.14313,480,STOPPED,184.299
1478,20251213_143905,gaitset.csv,best_configs_v3,LSTM,42,2,"[1024, 1536]",False,L2,0.3,[1],[1],last,512,gelu,True,32,AdamW,,0.0001,1e-06,False,256,0.03,1.0,"[1.0, 3.1864, 1.3333]",0.14687,2.04497,0.34091,0.29464,"[0.42857, 0.14286, 0.3125]",0.47727,0.43865,"[0.56522, 0.36364, 0.3871]",54,0.62886,1.66798,243,STOPPED,181.351
1479,20251213_143905,gaitset_GREW.csv,best_configs_v3,LSTM,42,2,"[1024, 1536]",False,L2,0.3,[1],[1],last,512,gelu,True,32,AdamW,,0.0001,1e-06,False,256,0.03,1.0,"[1.0, 3.1864, 1.3333]",0.14338,2.96871,0.31818,0.28607,"[0.4, 0.10526, 0.35294]",0.38636,0.37646,"[0.375, 0.33333, 0.42105]",79,0.48669,1.97899,303,STOPPED,172.897
1480,20251213_143905,gaitset_OUMVLP.csv,best_configs_v3,LSTM,42,2,"[1024, 1536]",False,L2,0.3,[1],[1],last,512,gelu,True,32,AdamW,,0.0001,1e-06,False,256,0.03,1.0,"[1.0, 3.1864, 1.3333]",0.15498,1.93988,0.54545,0.44502,"[0.68, 0.13333, 0.52174]",0.61364,0.50798,"[0.69565, 0.22222, 0.60606]",491,0.20045,1.59636,617,STOPPED,585.591
1481,20251213_143905,gln_phase1.csv,best_configs_v3,LSTM,42,2,"[1024, 1536]",False,L2,0.3,[1],[1],last,512,gelu,True,32,AdamW,,0.0001,1e-06,False,256,0.03,1.0,"[1.0, 3.1864, 1.3333]",0.14434,1.57032,0.56818,0.4852,"[0.70833, 0.28571, 0.46154]",0.65909,0.64843,"[0.68421, 0.57143, 0.68966]",55,0.57191,1.05049,254,STOPPED,209.543
1482,20251213_143905,gln_phase2.csv,best_configs_v3,LSTM,42,2,"[1024, 1536]",False,L2,0.3,[1],[1],last,512,gelu,True,32,AdamW,,0.0001,1e-06,False,256,0.03,1.0,"[1.0, 3.1864, 1.3333]",0.14117,2.21507,0.40909,0.31559,"[0.47619, 0.0, 0.47059]",0.5,0.47944,"[0.55814, 0.42857, 0.45161]",44,0.72368,1.41997,287,STOPPED,223.652

261,20251213_143905,baseline_CASIAB.csv,best_configs_v3,LSTM,42,1,[256],True,L2,0.0,[],[],mean,,,False,64,AdamW,,0.0005,1e-05,True,256,0.03,1.0,"[1.0, 3.1864, 1.3333]",0.13991,2.57527,0.40909,0.35084,"[0.48889, 0.2, 0.36364]",0.52273,0.50594,"[0.57143, 0.46154, 0.48485]",85,0.56853,1.66106,818,STOPPED,79.914
262,20251213_143905,baseline_OUMVLP.csv,best_configs_v3,LSTM,42,1,[256],True,L2,0.0,[],[],mean,,,False,64,AdamW,,0.0005,1e-05,True,256,0.03,1.0,"[1.0, 3.1864, 1.3333]",0.45751,2.08532,0.47727,0.4433,"[0.48889, 0.30769, 0.53333]",0.61364,0.55806,"[0.60465, 0.36364, 0.70588]",314,0.29646,1.60131,729,STOPPED,71.531
263,20251213_143905,gaitgl.csv,best_configs_v3,LSTM,42,1,[256],True,L2,0.0,[],[],mean,,,False,64,AdamW,,0.0005,1e-05,True,128,0.03,1.0,"[1.0, 3.1864, 1.3333]",0.17685,2.57857,0.38636,0.33491,"[0.5, 0.11765, 0.3871]",0.52273,0.48215,"[0.62222, 0.4, 0.42424]",166,0.48304,1.63305,743,STOPPED,94.279
264,20251213_143905,gaitgl_GREW.csv,best_configs_v3,LSTM,42,1,[256],True,L2,0.0,[],[],mean,,,False,64,AdamW,,0.0005,1e-05,True,256,0.03,1.0,"[1.0, 3.1864, 1.3333]",0.14423,2.23168,0.43182,0.3561,"[0.54167, 0.18182, 0.34483]",0.52273,0.51375,"[0.6087, 0.54545, 0.3871]",560,0.19078,1.9448,706,STOPPED,95.908
265,20251213_143905,gaitgl_GREW_BNNeck.csv,best_configs_v3,LSTM,42,1,[256],True,L2,0.0,[],[],mean,,,False,64,AdamW,,0.0005,1e-05,True,256,0.03,1.0,"[1.0, 3.1864, 1.3333]",0.15251,2.2537,0.45455,0.425,"[0.54167, 0.4, 0.33333]",0.52273,0.48245,"[0.59574, 0.4, 0.45161]",523,0.14354,2.08945,566,STOPPED,76.92
266,20251213_143905,gaitgl_OUMVLP.csv,best_configs_v3,LSTM,42,1,[256],True,L2,0.0,[],[],mean,,,False,64,AdamW,,0.0005,1e-05,True,256,0.03,1.0,"[1.0, 3.1864, 1.3333]",0.21012,2.17683,0.47727,0.34615,"[0.57692, 0.0, 0.46154]",0.59091,0.55357,"[0.61905, 0.375, 0.66667]",711,0.17836,1.99409,852,STOPPED,115.76
267,20251213_143905,gaitpart_GREW.csv,best_configs_v3,LSTM,42,1,[256],True,L2,0.0,[],[],mean,,,False,64,AdamW,,0.0005,1e-05,True,256,0.03,1.0,"[1.0, 3.1864, 1.3333]",0.14098,1.98975,0.45455,0.30792,"[0.62745, 0.0, 0.2963]",0.63636,0.55009,"[0.75, 0.30769, 0.59259]",245,0.21508,1.5542,642,STOPPED,51.533
268,20251213_143905,gaitpart_OUMVLP.csv,best_configs_v3,LSTM,42,1,[256],True,L2,0.0,[],[],mean,,,False,64,AdamW,,0.0005,1e-05,True,256,0.03,1.0,"[1.0, 3.1864, 1.3333]",0.16346,2.76815,0.43182,0.37381,"[0.55, 0.0, 0.57143]",0.59091,0.55211,"[0.66667, 0.3, 0.68966]",1023,0.26695,2.37376,1175,STOPPED,94.702
269,20251213_143905,gaitset.csv,best_configs_v3,LSTM,42,1,[256],True,L2,0.0,[],[],mean,,,False,64,AdamW,,0.0005,1e-05,True,256,0.03,1.0,"[1.0, 3.1864, 1.3333]",0.14298,2.84055,0.31818,0.23632,"[0.35897, 0.0, 0.35]",0.45455,0.43289,"[0.53659, 0.375, 0.3871]",103,0.62182,1.70312,858,STOPPED,114.916
270,20251213_143905,gaitset_GREW.csv,best_configs_v3,LSTM,42,1,[256],True,L2,0.0,[],[],mean,,,False,64,AdamW,,0.0005,1e-05,True,256,0.03,1.0,"[1.0, 3.1864, 1.3333]",0.14033,2.54639,0.43182,0.36233,"[0.55814, 0.15385, 0.375]",0.52273,0.45034,"[0.55556, 0.25, 0.54545]",231,0.67704,1.22321,683,STOPPED,97.152
271,20251213_143905,gaitset_OUMVLP.csv,best_configs_v3,LSTM,42,1,[256],True,L2,0.0,[],[],mean,,,False,64,AdamW,,0.0005,1e-05,True,256,0.03,1.0,"[1.0, 3.1864, 1.3333]",0.45299,1.65747,0.45455,0.38803,"[0.45714, 0.14286, 0.5641]",0.54545,0.49095,"[0.55556, 0.28571, 0.63158]",670,0.72829,1.27862,798,STOPPED,114.231
272,20251213_143905,gln_phase1.csv,best_configs_v3,LSTM,42,1,[256],True,L2,0.0,[],[],mean,,,False,64,AdamW,,0.0005,1e-05,True,256,0.03,1.0,"[1.0, 3.1864, 1.3333]",0.15496,2.39784,0.52273,0.38316,"[0.58537, 0.0, 0.5641]",0.54545,0.50223,"[0.5641, 0.36364, 0.57895]",812,0.15435,2.31912,984,STOPPED,180.573
273,20251213_143905,gln_phase2.csv,best_configs_v3,LSTM,42,1,[256],True,L2,0.0,[],[],mean,,,False,64,AdamW,,0.0005,1e-05,True,256,0.03,1.0,"[1.0, 3.1864, 1.3333]",0.47629,1.78057,0.45455,0.41706,"[0.51282, 0.22222, 0.51613]",0.47727,0.45409,"[0.51282, 0.33333, 0.51613]",424,0.51753,1.79088,468,STOPPED,84.936

300,20251213_143905,baseline_CASIAB.csv,best_configs_v3,LSTM,42,3,"[128, 128, 128]",False,L2,0.1,[1],"[1, 2]",last,64,tanh,False,64,AdamW,,0.001,0.0005,False,256,0.03,1.0,"[1.0, 3.1864, 1.3333]",0.13976,2.62825,0.36364,0.32142,"[0.35, 0.18182, 0.43243]",0.5,0.43182,"[0.5, 0.25, 0.54545]",116,0.2151,2.16192,261,STOPPED,41.45
301,20251213_143905,baseline_OUMVLP.csv,best_configs_v3,LSTM,42,3,"[128, 128, 128]",False,L2,0.1,[1],"[1, 2]",last,64,tanh,False,64,AdamW,,0.001,0.0005,False,256,0.03,1.0,"[1.0, 3.1864, 1.3333]",0.14062,2.05334,0.45455,0.42215,"[0.43243, 0.30769, 0.52632]",0.59091,0.53434,"[0.65116, 0.36364, 0.58824]",159,0.14252,1.70677,344,STOPPED,53.696
302,20251213_143905,gaitgl.csv,best_configs_v3,LSTM,42,3,"[128, 128, 128]",False,L2,0.1,[1],"[1, 2]",last,64,tanh,False,64,AdamW,,0.001,0.0005,False,128,0.03,1.0,"[1.0, 3.1864, 1.3333]",0.13983,2.25779,0.38636,0.27579,"[0.54167, 0.0, 0.28571]",0.47727,0.43049,"[0.55814, 0.26667, 0.46667]",104,0.14486,2.11429,221,STOPPED,44.601
303,20251213_143905,gaitgl_GREW.csv,best_configs_v3,LSTM,42,3,"[128, 128, 128]",False,L2,0.1,[1],"[1, 2]",last,64,tanh,False,64,AdamW,,0.001,0.0005,False,256,0.03,1.0,"[1.0, 3.1864, 1.3333]",0.13997,2.44948,0.38636,0.3365,"[0.4186, 0.16667, 0.42424]",0.54545,0.46667,"[0.55, 0.25, 0.6]",146,0.17942,1.96309,196,STOPPED,41.314
304,20251213_143905,gaitgl_GREW_BNNeck.csv,best_configs_v3,LSTM,42,3,"[128, 128, 128]",False,L2,0.1,[1],"[1, 2]",last,64,tanh,False,64,AdamW,,0.001,0.0005,False,256,0.03,1.0,"[1.0, 3.1864, 1.3333]",0.13999,2.17193,0.38636,0.33457,"[0.43478, 0.18182, 0.3871]",0.56818,0.46795,"[0.65385, 0.16667, 0.58333]",75,0.15219,1.74871,192,STOPPED,40.781
305,20251213_143905,gaitgl_OUMVLP.csv,best_configs_v3,LSTM,42,3,"[128, 128, 128]",False,L2,0.1,[1],"[1, 2]",last,64,tanh,False,64,AdamW,,0.001,0.0005,False,256,0.03,1.0,"[1.0, 3.1864, 1.3333]",0.13999,2.51434,0.38636,0.26529,"[0.52, 0.0, 0.27586]",0.47727,0.35106,"[0.55319, 0.0, 0.5]",279,0.14664,1.96904,432,STOPPED,95.317
306,20251213_143905,gaitpart_GREW.csv,best_configs_v3,LSTM,42,3,"[128, 128, 128]",False,L2,0.1,[1],"[1, 2]",last,64,tanh,False,64,AdamW,,0.001,0.0005,False,256,0.03,1.0,"[1.0, 3.1864, 1.3333]",0.15831,2.67196,0.43182,0.36049,"[0.59574, 0.28571, 0.2]",0.52273,0.47619,"[0.6, 0.4, 0.42857]",246,0.27351,1.87413,296,STOPPED,38.579
307,20251213_143905,gaitpart_OUMVLP.csv,best_configs_v3,LSTM,42,3,"[128, 128, 128]",False,L2,0.1,[1],"[1, 2]",last,64,tanh,False,64,AdamW,,0.001,0.0005,False,256,0.03,1.0,"[1.0, 3.1864, 1.3333]",1.10849,1.08492,0.36364,0.17778,"[0.0, 0.0, 0.53333]",0.36364,0.17778,"[0.0, 0.0, 0.53333]",131,1.10849,1.08492,131,STOPPED,16.945
308,20251213_143905,gaitset.csv,best_configs_v3,LSTM,42,3,"[128, 128, 128]",False,L2,0.1,[1],"[1, 2]",last,64,tanh,False,64,AdamW,,0.001,0.0005,False,256,0.03,1.0,"[1.0, 3.1864, 1.3333]",0.14019,2.33299,0.40909,0.34848,"[0.5, 0.18182, 0.36364]",0.5,0.46989,"[0.56522, 0.4, 0.44444]",67,0.27427,1.89736,245,STOPPED,53.775
309,20251213_143905,gaitset_GREW.csv,best_configs_v3,LSTM,42,3,"[128, 128, 128]",False,L2,0.1,[1],"[1, 2]",last,64,tanh,False,64,AdamW,,0.001,0.0005,False,256,0.03,1.0,"[1.0, 3.1864, 1.3333]",0.14015,2.99455,0.31818,0.24347,"[0.45455, 0.0, 0.27586]",0.40909,0.39286,"[0.45, 0.3, 0.42857]",107,0.70329,1.66919,383,STOPPED,82.357
310,20251213_143905,gaitset_OUMVLP.csv,best_configs_v3,LSTM,42,3,"[128, 128, 128]",False,L2,0.1,[1],"[1, 2]",last,64,tanh,False,64,AdamW,,0.001,0.0005,False,256,0.03,1.0,"[1.0, 3.1864, 1.3333]",0.1406,1.89711,0.54545,0.45792,"[0.6383, 0.14286, 0.59259]",0.59091,0.54351,"[0.68182, 0.33333, 0.61538]",987,0.22483,1.82708,1123,STOPPED,236.673
311,20251213_143905,gln_phase1.csv,best_configs_v3,LSTM,42,3,"[128, 128, 128]",False,L2,0.1,[1],"[1, 2]",last,64,tanh,False,64,AdamW,,0.001,0.0005,False,256,0.03,1.0,"[1.0, 3.1864, 1.3333]",0.13996,1.31771,0.63636,0.59171,"[0.7234, 0.5, 0.55172]",0.68182,0.64803,"[0.75, 0.54545, 0.64865]",99,0.1617,1.19481,227,STOPPED,63.039
312,20251213_143905,gln_phase2.csv,best_configs_v3,LSTM,42,3,"[128, 128, 128]",False,L2,0.1,[1],"[1, 2]",last,64,tanh,False,64,AdamW,,0.001,0.0005,False,256,0.03,1.0,"[1.0, 3.1864, 1.3333]",0.14084,2.2707,0.43182,0.32765,"[0.54545, 0.0, 0.4375]",0.52273,0.50322,"[0.59459, 0.42857, 0.48649]",90,0.61426,2.06512,248,STOPPED,68.602

40,20251213_143905,baseline_CASIAB.csv,best_configs_v3,LSTM,42,3,"[768, 640, 512]",False,minmax,0.1,[2],"[1, 2]",max,768,relu,True,64,AdamW,,2e-05,1e-07,False,256,0.03,1.0,"[1.0, 3.1864, 1.3333]",0.1433,1.7668,0.47727,0.44235,"[0.53659, 0.33333, 0.45714]",0.54545,0.49376,"[0.58537, 0.30769, 0.58824]",825,0.14422,1.70372,859,STOPPED,165.888
41,20251213_143905,baseline_OUMVLP.csv,best_configs_v3,LSTM,42,3,"[768, 640, 512]",False,minmax,0.1,[2],"[1, 2]",max,768,relu,True,64,AdamW,,2e-05,1e-07,False,256,0.03,1.0,"[1.0, 3.1864, 1.3333]",0.14466,1.475,0.54545,0.46758,"[0.55814, 0.25, 0.59459]",0.59091,0.5798,"[0.6, 0.53333, 0.60606]",288,0.7048,1.11423,1024,STOPPED,186.606
42,20251213_143905,gaitgl.csv,best_configs_v3,LSTM,42,3,"[768, 640, 512]",False,minmax,0.1,[2],"[1, 2]",max,768,relu,True,64,AdamW,,2e-05,1e-07,False,128,0.03,1.0,"[1.0, 3.1864, 1.3333]",0.14264,1.20834,0.52273,0.43939,"[0.59091, 0.18182, 0.54545]",0.56818,0.49333,"[0.66667, 0.33333, 0.48]",315,0.14781,1.44888,685,STOPPED,189.788
43,20251213_143905,gaitgl_GREW.csv,best_configs_v3,LSTM,42,3,"[768, 640, 512]",False,minmax,0.1,[2],"[1, 2]",max,768,relu,True,64,AdamW,,2e-05,1e-07,False,256,0.03,1.0,"[1.0, 3.1864, 1.3333]",0.14363,1.3386,0.54545,0.49529,"[0.62222, 0.36364, 0.5]",0.59091,0.57071,"[0.66667, 0.5, 0.54545]",367,0.1478,1.42854,549,STOPPED,155.85
44,20251213_143905,gaitgl_GREW_BNNeck.csv,best_configs_v3,LSTM,42,3,"[768, 640, 512]",False,minmax,0.1,[2],"[1, 2]",max,768,relu,True,64,AdamW,,2e-05,1e-07,False,256,0.03,1.0,"[1.0, 3.1864, 1.3333]",0.14479,1.451,0.43182,0.41813,"[0.42105, 0.33333, 0.5]",0.54545,0.53361,"[0.57143, 0.5, 0.52941]",904,0.14856,1.52255,1087,STOPPED,302.97
45,20251213_143905,gaitgl_OUMVLP.csv,best_configs_v3,LSTM,42,3,"[768, 640, 512]",False,minmax,0.1,[2],"[1, 2]",max,768,relu,True,64,AdamW,,2e-05,1e-07,False,256,0.03,1.0,"[1.0, 3.1864, 1.3333]",0.14554,1.24522,0.45455,0.36996,"[0.57143, 0.15385, 0.38462]",0.61364,0.50936,"[0.68085, 0.22222, 0.625]",442,0.53494,1.18933,1030,STOPPED,280.314
46,20251213_143905,gaitpart_GREW.csv,best_configs_v3,LSTM,42,3,"[768, 640, 512]",False,minmax,0.1,[2],"[1, 2]",max,768,relu,True,64,AdamW,,2e-05,1e-07,False,256,0.03,1.0,"[1.0, 3.1864, 1.3333]",0.14497,1.83931,0.43182,0.34553,"[0.53659, 0.0, 0.5]",0.5,0.4866,"[0.54054, 0.34783, 0.57143]",792,0.14883,2.02338,833,STOPPED,123.391
47,20251213_143905,gaitpart_OUMVLP.csv,best_configs_v3,LSTM,42,3,"[768, 640, 512]",False,minmax,0.1,[2],"[1, 2]",max,768,relu,True,64,AdamW,,2e-05,1e-07,False,256,0.03,1.0,"[1.0, 3.1864, 1.3333]",0.14515,1.23019,0.52273,0.46869,"[0.61905, 0.23529, 0.55172]",0.70455,0.6343,"[0.77273, 0.44444, 0.68571]",1354,0.15259,1.0839,1553,STOPPED,242.115
48,20251213_143905,gaitset.csv,best_configs_v3,LSTM,42,3,"[768, 640, 512]",False,minmax,0.1,[2],"[1, 2]",max,768,relu,True,64,AdamW,,2e-05,1e-07,False,256,0.03,1.0,"[1.0, 3.1864, 1.3333]",0.14482,1.61189,0.25,0.18948,"[0.38095, 0.0, 0.1875]",0.43182,0.3631,"[0.57143, 0.14286, 0.375]",325,0.64027,1.26795,928,STOPPED,245.731
49,20251213_143905,gaitset_GREW.csv,best_configs_v3,LSTM,42,3,"[768, 640, 512]",False,minmax,0.1,[2],"[1, 2]",max,768,relu,True,64,AdamW,,2e-05,1e-07,False,256,0.03,1.0,"[1.0, 3.1864, 1.3333]",0.14218,1.63456,0.43182,0.3842,"[0.54545, 0.25, 0.35714]",0.54545,0.50999,"[0.63158, 0.35294, 0.54545]",848,0.14427,1.5615,946,STOPPED,246.535
50,20251213_143905,gaitset_OUMVLP.csv,best_configs_v3,LSTM,42,3,"[768, 640, 512]",False,minmax,0.1,[2],"[1, 2]",max,768,relu,True,64,AdamW,,2e-05,1e-07,False,256,0.03,1.0,"[1.0, 3.1864, 1.3333]",0.14724,1.54673,0.40909,0.34129,"[0.51064, 0.14286, 0.37037]",0.5,0.45617,"[0.35714, 0.375, 0.63636]",1219,0.16316,2.00334,1543,STOPPED,401.432
51,20251213_143905,gln_phase1.csv,best_configs_v3,LSTM,42,3,"[768, 640, 512]",False,minmax,0.1,[2],"[1, 2]",max,768,relu,True,64,AdamW,,2e-05,1e-07,False,256,0.03,1.0,"[1.0, 3.1864, 1.3333]",0.14855,1.5958,0.43182,0.32276,"[0.60465, 0.0, 0.36364]",0.40909,0.37729,"[0.51282, 0.19048, 0.42857]",406,0.54026,1.36298,875,STOPPED,301.605
52,20251213_143905,gln_phase2.csv,best_configs_v3,LSTM,42,3,"[768, 640, 512]",False,minmax,0.1,[2],"[1, 2]",max,768,relu,True,64,AdamW,,2e-05,1e-07,False,256,0.03,1.0,"[1.0, 3.1864, 1.3333]",0.14347,1.36714,0.52273,0.39156,"[0.63415, 0.0, 0.54054]",0.54545,0.53021,"[0.59574, 0.53333, 0.46154]",781,0.14675,1.35461,1101,STOPPED,389.964

1080,20251213_183116,baseline_CASIAB.csv,best_configs_v3,LSTM,42,1,[960],True,,0.0,[],[],last,960,relu,True,128,SGD,0.9,0.0008,1e-06,True,256,0.03,1.0,"[1.0, 3.1864, 1.3333]",0.14925,1.77177,0.52273,0.44082,"[0.63415, 0.14286, 0.54545]",0.59091,0.53019,"[0.65116, 0.33333, 0.60606]",995,0.16963,1.72386,1344,COMPLETED,134.787
1081,20251213_183116,baseline_OUMVLP.csv,best_configs_v3,LSTM,42,1,[960],True,,0.0,[],[],last,960,relu,True,128,SGD,0.9,0.0008,1e-06,True,256,0.03,1.0,"[1.0, 3.1864, 1.3333]",0.14953,1.36805,0.56818,0.51377,"[0.63158, 0.22222, 0.6875]",0.61364,0.54798,"[0.66667, 0.25, 0.72727]",1098,0.15996,1.3565,1266,COMPLETED,123.285
1082,20251213_183116,gaitgl.csv,best_configs_v3,LSTM,42,1,[960],True,,0.0,[],[],last,960,relu,True,128,SGD,0.9,0.0008,1e-06,True,128,0.03,1.0,"[1.0, 3.1864, 1.3333]",0.14939,1.65508,0.38636,0.35735,"[0.46154, 0.21053, 0.4]",0.45455,0.40714,"[0.57143, 0.25, 0.4]",183,0.36917,1.29051,498,COMPLETED,70.803
1083,20251213_183116,gaitgl_GREW.csv,best_configs_v3,LSTM,42,1,[960],True,,0.0,[],[],last,960,relu,True,128,SGD,0.9,0.0008,1e-06,True,256,0.03,1.0,"[1.0, 3.1864, 1.3333]",0.14942,1.42354,0.47727,0.44235,"[0.53659, 0.33333, 0.45714]",0.52273,0.4996,"[0.58537, 0.42857, 0.48485]",245,0.15241,1.423,264,COMPLETED,40.119
1084,20251213_183116,gaitgl_GREW_BNNeck.csv,best_configs_v3,LSTM,42,1,[960],True,,0.0,[],[],last,960,relu,True,128,SGD,0.9,0.0008,1e-06,True,256,0.03,1.0,"[1.0, 3.1864, 1.3333]",0.15652,1.76959,0.34091,0.29987,"[0.37838, 0.14286, 0.37838]",0.47727,0.43832,"[0.47368, 0.28571, 0.55556]",779,0.53966,1.39137,3241,STOPPED,489.758
1085,20251213_183116,gaitgl_OUMVLP.csv,best_configs_v3,LSTM,42,1,[960],True,,0.0,[],[],last,960,relu,True,128,SGD,0.9,0.0008,1e-06,True,256,0.03,1.0,"[1.0, 3.1864, 1.3333]",0.14878,1.67284,0.45455,0.34396,"[0.56522, 0.0, 0.46667]",0.54545,0.45823,"[0.60465, 0.18182, 0.58824]",143,0.7419,1.07108,744,COMPLETED,114.295
1086,20251213_183116,gaitpart_GREW.csv,best_configs_v3,LSTM,42,1,[960],True,,0.0,[],[],last,960,relu,True,128,SGD,0.9,0.0008,1e-06,True,256,0.03,1.0,"[1.0, 3.1864, 1.3333]",0.14969,1.93942,0.5,0.41278,"[0.625, 0.13333, 0.48]",0.52273,0.49445,"[0.57895, 0.375, 0.52941]",1878,0.16844,1.8845,2343,COMPLETED,165.464
1087,20251213_183116,gaitpart_OUMVLP.csv,best_configs_v3,LSTM,42,1,[960],True,,0.0,[],[],last,960,relu,True,128,SGD,0.9,0.0008,1e-06,True,256,0.03,1.0,"[1.0, 3.1864, 1.3333]",0.15433,1.51641,0.52273,0.4883,"[0.63158, 0.3, 0.53333]",0.63636,0.61042,"[0.62857, 0.5, 0.7027]",654,0.49222,1.23461,3001,STOPPED,209.37
1088,20251213_183116,gaitset.csv,best_configs_v3,LSTM,42,1,[960],True,,0.0,[],[],last,960,relu,True,128,SGD,0.9,0.0008,1e-06,True,256,0.03,1.0,"[1.0, 3.1864, 1.3333]",0.14952,1.64829,0.38636,0.36821,"[0.46154, 0.27273, 0.37037]",0.45455,0.41386,"[0.53659, 0.22222, 0.48276]",573,0.24931,1.35459,1069,COMPLETED,157.375
1089,20251213_183116,gaitset_GREW.csv,best_configs_v3,LSTM,42,1,[960],True,,0.0,[],[],last,960,relu,True,128,SGD,0.9,0.0008,1e-06,True,256,0.03,1.0,"[1.0, 3.1864, 1.3333]",0.14965,2.05032,0.34091,0.29563,"[0.42857, 0.125, 0.33333]",0.40909,0.35988,"[0.53333, 0.25, 0.2963]",289,0.61489,1.2865,1426,COMPLETED,208.134
1090,20251213_183116,gaitset_OUMVLP.csv,best_configs_v3,LSTM,42,1,[960],True,,0.0,[],[],last,960,relu,True,128,SGD,0.9,0.0008,1e-06,True,256,0.03,1.0,"[1.0, 3.1864, 1.3333]",0.15736,1.38057,0.43182,0.35547,"[0.55319, 0.14286, 0.37037]",0.59091,0.49449,"[0.66667, 0.22222, 0.59459]",1007,0.39072,1.30231,3487,STOPPED,512.322
1091,20251213_183116,gln_phase1.csv,best_configs_v3,LSTM,42,1,[960],True,,0.0,[],[],last,960,relu,True,128,SGD,0.9,0.0008,1e-06,True,256,0.03,1.0,"[1.0, 3.1864, 1.3333]",0.1494,1.29844,0.54545,0.51313,"[0.58537, 0.33333, 0.62069]",0.61364,0.60185,"[0.65, 0.55556, 0.6]",160,0.74577,0.95905,1014,COMPLETED,201.605
1092,20251213_183116,gln_phase2.csv,best_configs_v3,LSTM,42,1,[960],True,,0.0,[],[],last,960,relu,True,128,SGD,0.9,0.0008,1e-06,True,256,0.03,1.0,"[1.0, 3.1864, 1.3333]",0.14936,1.51721,0.47727,0.41146,"[0.51282, 0.13333, 0.58824]",0.52273,0.5135,"[0.53659, 0.47059, 0.53333]",234,0.57096,1.15144,948,COMPLETED,185.846

183,20251213_183116,baseline_CASIAB.csv,best_configs_v3,LSTM,42,1,[128],False,,0.0,[],[],last,,,False,64,Adam,,0.003,0.0,True,256,0.03,1.0,"[1.0, 3.1864, 1.3333]",0.14526,2.21143,0.38636,0.36663,"[0.42857, 0.30769, 0.36364]",0.45455,0.41071,"[0.375, 0.28571, 0.57143]",52,0.42657,2.02046,81,COMPLETED,5.564
184,20251213_183116,baseline_OUMVLP.csv,best_configs_v3,LSTM,42,1,[128],False,,0.0,[],[],last,,,False,64,Adam,,0.003,0.0,True,256,0.03,1.0,"[1.0, 3.1864, 1.3333]",0.14458,1.67152,0.5,0.4556,"[0.48649, 0.28571, 0.59459]",0.59091,0.53333,"[0.6, 0.33333, 0.66667]",77,0.26379,1.70538,109,COMPLETED,7.989
185,20251213_183116,gaitgl.csv,best_configs_v3,LSTM,42,1,[128],False,,0.0,[],[],last,,,False,64,Adam,,0.003,0.0,True,128,0.03,1.0,"[1.0, 3.1864, 1.3333]",0.14391,1.5652,0.43182,0.3637,"[0.51064, 0.16667, 0.41379]",0.47727,0.42778,"[0.55319, 0.28571, 0.44444]",17,0.15519,1.75168,24,COMPLETED,2.175
186,20251213_183116,gaitgl_GREW.csv,best_configs_v3,LSTM,42,1,[128],False,,0.0,[],[],last,,,False,64,Adam,,0.003,0.0,True,256,0.03,1.0,"[1.0, 3.1864, 1.3333]",0.14445,1.57123,0.40909,0.32945,"[0.5641, 0.0, 0.42424]",0.45455,0.35562,"[0.52632, 0.0, 0.54054]",14,0.15453,1.61103,21,COMPLETED,1.952
187,20251213_183116,gaitgl_GREW_BNNeck.csv,best_configs_v3,LSTM,42,1,[128],False,,0.0,[],[],last,,,False,64,Adam,,0.003,0.0,True,256,0.03,1.0,"[1.0, 3.1864, 1.3333]",0.14689,1.9399,0.45455,0.43232,"[0.47619, 0.36364, 0.45714]",0.5,0.48235,"[0.54545, 0.44444, 0.45714]",86,0.15406,1.95886,92,COMPLETED,8.815
188,20251213_183116,gaitgl_OUMVLP.csv,best_configs_v3,LSTM,42,1,[128],False,,0.0,[],[],last,,,False,64,Adam,,0.003,0.0,True,256,0.03,1.0,"[1.0, 3.1864, 1.3333]",0.14575,1.60084,0.52273,0.375,"[0.625, 0.0, 0.5]",0.59091,0.43274,"[0.65306, 0.0, 0.64516]",32,0.74269,1.22964,114,COMPLETED,10.527
189,20251213_183116,gaitpart_GREW.csv,best_configs_v3,LSTM,42,1,[128],False,,0.0,[],[],last,,,False,64,Adam,,0.003,0.0,True,256,0.03,1.0,"[1.0, 3.1864, 1.3333]",0.14518,1.74042,0.45455,0.39994,"[0.56522, 0.25, 0.38462]",0.56818,0.54815,"[0.6, 0.44444, 0.6]",112,0.18018,1.68622,119,COMPLETED,7.703
190,20251213_183116,gaitpart_OUMVLP.csv,best_configs_v3,LSTM,42,1,[128],False,,0.0,[],[],last,,,False,64,Adam,,0.003,0.0,True,256,0.03,1.0,"[1.0, 3.1864, 1.3333]",0.1469,1.6854,0.52273,0.50348,"[0.55556, 0.42857, 0.52632]",0.65909,0.59144,"[0.72727, 0.4, 0.64706]",374,0.15188,1.24095,394,COMPLETED,25.888
191,20251213_183116,gaitset.csv,best_configs_v3,LSTM,42,1,[128],False,,0.0,[],[],last,,,False,64,Adam,,0.003,0.0,True,256,0.03,1.0,"[1.0, 3.1864, 1.3333]",0.14563,1.93985,0.45455,0.41109,"[0.52174, 0.25, 0.46154]",0.5,0.47998,"[0.52381, 0.4, 0.51613]",34,0.52045,1.49338,72,COMPLETED,6.704
192,20251213_183116,gaitset_GREW.csv,best_configs_v3,LSTM,42,1,[128],False,,0.0,[],[],last,,,False,64,Adam,,0.003,0.0,True,256,0.03,1.0,"[1.0, 3.1864, 1.3333]",0.14159,2.20306,0.45455,0.3875,"[0.6, 0.125, 0.4375]",0.47727,0.45291,"[0.54054, 0.33333, 0.48485]",70,0.20469,2.16166,102,COMPLETED,9.288
193,20251213_183116,gaitset_OUMVLP.csv,best_configs_v3,LSTM,42,1,[128],False,,0.0,[],[],last,,,False,64,Adam,,0.003,0.0,True,256,0.03,1.0,"[1.0, 3.1864, 1.3333]",0.14546,1.78426,0.52273,0.37438,"[0.6383, 0.0, 0.48485]",0.63636,0.57896,"[0.65116, 0.4, 0.68571]",580,0.16657,1.60322,673,COMPLETED,60.071
194,20251213_183116,gln_phase1.csv,best_configs_v3,LSTM,42,1,[128],False,,0.0,[],[],last,,,False,64,Adam,,0.003,0.0,True,256,0.03,1.0,"[1.0, 3.1864, 1.3333]",0.14579,1.26452,0.61364,0.54298,"[0.69388, 0.36364, 0.57143]",0.68182,0.63527,"[0.73913, 0.5, 0.66667]",61,0.16714,1.15062,72,COMPLETED,8.085
195,20251213_183116,gln_phase2.csv,best_configs_v3,LSTM,42,1,[128],False,,0.0,[],[],last,,,False,64,Adam,,0.003,0.0,True,256,0.03,1.0,"[1.0, 3.1864, 1.3333]",0.14722,1.74632,0.43182,0.32323,"[0.54545, 0.0, 0.42424]",0.5,0.49007,"[0.52381, 0.46154, 0.48485]",33,0.61614,1.31156,76,COMPLETED,8.925

690,20251213_183116,baseline_CASIAB.csv,best_configs_v3,LSTM,42,3,"[128, 192, 256]",False,L2,0.25,"[1, 2]",[1],last,128,leakyrelu,True,64,AdamW,,0.0004,1e-06,False,256,0.03,1.0,"[1.0, 3.1864, 1.3333]",0.14587,2.07784,0.52273,0.50266,"[0.55, 0.42857, 0.52941]",0.56818,0.60421,"[0.5, 0.72727, 0.58537]",148,0.23506,1.88178,243,COMPLETED,39.769
691,20251213_183116,baseline_OUMVLP.csv,best_configs_v3,LSTM,42,3,"[128, 192, 256]",False,L2,0.25,"[1, 2]",[1],last,128,leakyrelu,True,64,AdamW,,0.0004,1e-06,False,256,0.03,1.0,"[1.0, 3.1864, 1.3333]",0.14195,2.17067,0.45455,0.41166,"[0.35294, 0.26667, 0.61538]",0.59091,0.54474,"[0.55, 0.4, 0.68421]",250,0.1782,1.6505,307,COMPLETED,49.46
692,20251213_183116,gaitgl.csv,best_configs_v3,LSTM,42,3,"[128, 192, 256]",False,L2,0.25,"[1, 2]",[1],last,128,leakyrelu,True,64,AdamW,,0.0004,1e-06,False,128,0.03,1.0,"[1.0, 3.1864, 1.3333]",0.14211,1.73693,0.52273,0.4407,"[0.57778, 0.18182, 0.5625]",0.54545,0.5403,"[0.57143, 0.53333, 0.51613]",57,0.3473,1.55572,119,COMPLETED,26.336
693,20251213_183116,gaitgl_GREW.csv,best_configs_v3,LSTM,42,3,"[128, 192, 256]",False,L2,0.25,"[1, 2]",[1],last,128,leakyrelu,True,64,AdamW,,0.0004,1e-06,False,256,0.03,1.0,"[1.0, 3.1864, 1.3333]",0.14913,2.14395,0.5,0.45455,"[0.47059, 0.30769, 0.58537]",0.63636,0.63333,"[0.65, 0.625, 0.625]",70,0.21798,1.66811,111,COMPLETED,24.961
694,20251213_183116,gaitgl_GREW_BNNeck.csv,best_configs_v3,LSTM,42,3,"[128, 192, 256]",False,L2,0.25,"[1, 2]",[1],last,128,leakyrelu,True,64,AdamW,,0.0004,1e-06,False,256,0.03,1.0,"[1.0, 3.1864, 1.3333]",0.14511,1.87553,0.47727,0.44132,"[0.45, 0.28571, 0.58824]",0.59091,0.53077,"[0.6383, 0.33333, 0.62069]",176,0.14852,1.62866,193,COMPLETED,43.584
695,20251213_183116,gaitgl_OUMVLP.csv,best_configs_v3,LSTM,42,3,"[128, 192, 256]",False,L2,0.25,"[1, 2]",[1],last,128,leakyrelu,True,64,AdamW,,0.0004,1e-06,False,256,0.03,1.0,"[1.0, 3.1864, 1.3333]",0.28938,2.12287,0.47727,0.34821,"[0.48649, 0.0, 0.55814]",0.52273,0.4411,"[0.6383, 0.125, 0.56]",292,0.24462,1.94216,414,STOPPED,93.213
696,20251213_183116,gaitpart_GREW.csv,best_configs_v3,LSTM,42,3,"[128, 192, 256]",False,L2,0.25,"[1, 2]",[1],last,128,leakyrelu,True,64,AdamW,,0.0004,1e-06,False,256,0.03,1.0,"[1.0, 3.1864, 1.3333]",0.14946,1.99029,0.52273,0.46334,"[0.61224, 0.33333, 0.44444]",0.56818,0.56124,"[0.57895, 0.53333, 0.57143]",198,0.27178,1.83946,259,COMPLETED,34.716
697,20251213_183116,gaitpart_OUMVLP.csv,best_configs_v3,LSTM,42,3,"[128, 192, 256]",False,L2,0.25,"[1, 2]",[1],last,128,leakyrelu,True,64,AdamW,,0.0004,1e-06,False,256,0.03,1.0,"[1.0, 3.1864, 1.3333]",0.14081,1.78462,0.54545,0.48434,"[0.65116, 0.28571, 0.51613]",0.63636,0.58541,"[0.73077, 0.54545, 0.48]",569,0.38858,1.29629,919,STOPPED,122.348
698,20251213_183116,gaitset.csv,best_configs_v3,LSTM,42,3,"[128, 192, 256]",False,L2,0.25,"[1, 2]",[1],last,128,leakyrelu,True,64,AdamW,,0.0004,1e-06,False,256,0.03,1.0,"[1.0, 3.1864, 1.3333]",0.14424,2.72352,0.34091,0.31226,"[0.45, 0.19048, 0.2963]",0.47727,0.42284,"[0.60465, 0.23529, 0.42857]",77,0.62722,1.70354,243,COMPLETED,53.924
699,20251213_183116,gaitset_GREW.csv,best_configs_v3,LSTM,42,3,"[128, 192, 256]",False,L2,0.25,"[1, 2]",[1],last,128,leakyrelu,True,64,AdamW,,0.0004,1e-06,False,256,0.03,1.0,"[1.0, 3.1864, 1.3333]",0.14798,3.01878,0.34091,0.31708,"[0.44444, 0.35294, 0.15385]",0.43182,0.42026,"[0.42424, 0.375, 0.46154]",145,0.52004,2.24422,247,COMPLETED,54.821
700,20251213_183116,gaitset_OUMVLP.csv,best_configs_v3,LSTM,42,3,"[128, 192, 256]",False,L2,0.25,"[1, 2]",[1],last,128,leakyrelu,True,64,AdamW,,0.0004,1e-06,False,256,0.03,1.0,"[1.0, 3.1864, 1.3333]",0.18105,2.0212,0.52273,0.41317,"[0.68, 0.14286, 0.41667]",0.56818,0.47625,"[0.63415, 0.2, 0.59459]",592,0.18143,1.85754,759,STOPPED,166.682
701,20251213_183116,gln_phase1.csv,best_configs_v3,LSTM,42,3,"[128, 192, 256]",False,L2,0.25,"[1, 2]",[1],last,128,leakyrelu,True,64,AdamW,,0.0004,1e-06,False,256,0.03,1.0,"[1.0, 3.1864, 1.3333]",0.14229,1.32855,0.59091,0.5285,"[0.65217, 0.33333, 0.6]",0.68182,0.64325,"[0.73913, 0.54545, 0.64516]",194,0.15245,1.2161,205,COMPLETED,59.335
702,20251213_183116,gln_phase2.csv,best_configs_v3,LSTM,42,3,"[128, 192, 256]",False,L2,0.25,"[1, 2]",[1],last,128,leakyrelu,True,64,AdamW,,0.0004,1e-06,False,256,0.03,1.0,"[1.0, 3.1864, 1.3333]",0.14325,1.70881,0.52273,0.43968,"[0.61905, 0.2, 0.5]",0.56818,0.58877,"[0.51429, 0.66667, 0.58537]",52,0.73396,1.14536,185,COMPLETED,53.069

1340,20251213_183116,baseline_CASIAB.csv,best_configs_v3,LSTM,42,4,"[160, 160, 160, 160]",True,,0.4,[],[],max,128,relu,False,128,RMSprop,,0.0005,1e-07,True,256,0.03,1.0,"[1.0, 3.1864, 1.3333]",0.14222,2.05159,0.43182,0.32418,"[0.4898, 0.0, 0.48276]",0.47727,0.43684,"[0.53659, 0.22222, 0.55172]",299,0.35769,1.71802,425,COMPLETED,62.982
1341,20251213_183116,baseline_OUMVLP.csv,best_configs_v3,LSTM,42,4,"[160, 160, 160, 160]",True,,0.4,[],[],max,128,relu,False,128,RMSprop,,0.0005,1e-07,True,256,0.03,1.0,"[1.0, 3.1864, 1.3333]",0.14026,1.78394,0.5,0.38413,"[0.52381, 0.0, 0.62857]",0.65909,0.58471,"[0.71111, 0.33333, 0.70968]",456,0.1541,1.31328,477,COMPLETED,72.062
1342,20251213_183116,gaitgl.csv,best_configs_v3,LSTM,42,4,"[160, 160, 160, 160]",True,,0.4,[],[],max,128,relu,False,128,RMSprop,,0.0005,1e-07,True,128,0.03,1.0,"[1.0, 3.1864, 1.3333]",0.14524,1.76485,0.45455,0.38911,"[0.53333, 0.22222, 0.41176]",0.5,0.4359,"[0.6, 0.30769, 0.4]",56,0.21317,1.8723,65,COMPLETED,15.293
1343,20251213_183116,gaitgl_GREW.csv,best_configs_v3,LSTM,42,4,"[160, 160, 160, 160]",True,,0.4,[],[],max,128,relu,False,128,RMSprop,,0.0005,1e-07,True,256,0.03,1.0,"[1.0, 3.1864, 1.3333]",0.14289,1.77217,0.52273,0.37204,"[0.6, 0.0, 0.51613]",0.54545,0.39657,"[0.55814, 0.0, 0.63158]",65,0.14291,1.68304,66,COMPLETED,15.089
1344,20251213_183116,gaitgl_GREW_BNNeck.csv,best_configs_v3,LSTM,42,4,"[160, 160, 160, 160]",True,,0.4,[],[],max,128,relu,False,128,RMSprop,,0.0005,1e-07,True,256,0.03,1.0,"[1.0, 3.1864, 1.3333]",0.14929,2.32354,0.43182,0.40705,"[0.4878, 0.33333, 0.4]",0.59091,0.49727,"[0.58537, 0.22222, 0.68421]",527,0.43233,1.45295,820,COMPLETED,189.958
1345,20251213_183116,gaitgl_OUMVLP.csv,best_configs_v3,LSTM,42,4,"[160, 160, 160, 160]",True,,0.4,[],[],max,128,relu,False,128,RMSprop,,0.0005,1e-07,True,256,0.03,1.0,"[1.0, 3.1864, 1.3333]",0.149,1.67614,0.54545,0.39079,"[0.65385, 0.0, 0.51852]",0.59091,0.48717,"[0.68085, 0.2, 0.58065]",244,0.15156,1.54804,253,COMPLETED,57.143
1346,20251213_183116,gaitpart_GREW.csv,best_configs_v3,LSTM,42,4,"[160, 160, 160, 160]",True,,0.4,[],[],max,128,relu,False,128,RMSprop,,0.0005,1e-07,True,256,0.03,1.0,"[1.0, 3.1864, 1.3333]",0.1479,2.73888,0.31818,0.24804,"[0.45, 0.0, 0.29412]",0.54545,0.48137,"[0.66667, 0.36364, 0.41379]",415,0.44202,1.4181,635,COMPLETED,71.228
1347,20251213_183116,gaitpart_OUMVLP.csv,best_configs_v3,LSTM,42,4,"[160, 160, 160, 160]",True,,0.4,[],[],max,128,relu,False,128,RMSprop,,0.0005,1e-07,True,256,0.03,1.0,"[1.0, 3.1864, 1.3333]",1.10939,1.08558,0.47727,0.21538,"[0.64615, 0.0, 0.0]",0.47727,0.21538,"[0.64615, 0.0, 0.0]",128,1.10939,1.08558,128,STOPPED,14.318
1348,20251213_183116,gaitset.csv,best_configs_v3,LSTM,42,4,"[160, 160, 160, 160]",True,,0.4,[],[],max,128,relu,False,128,RMSprop,,0.0005,1e-07,True,256,0.03,1.0,"[1.0, 3.1864, 1.3333]",0.1419,2.45192,0.38636,0.28798,"[0.53061, 0.0, 0.33333]",0.47727,0.41568,"[0.59574, 0.26667, 0.38462]",104,0.69628,1.4448,348,COMPLETED,76.006
1349,20251213_183116,gaitset_GREW.csv,best_configs_v3,LSTM,42,4,"[160, 160, 160, 160]",True,,0.4,[],[],max,128,relu,False,128,RMSprop,,0.0005,1e-07,True,256,0.03,1.0,"[1.0, 3.1864, 1.3333]",0.14074,1.74287,0.52273,0.44211,"[0.52632, 0.2, 0.6]",0.59091,0.51836,"[0.69565, 0.30769, 0.55172]",319,0.40215,1.41085,436,COMPLETED,98.807
1350,20251213_183116,gaitset_OUMVLP.csv,best_configs_v3,LSTM,42,4,"[160, 160, 160, 160]",True,,0.4,[],[],max,128,relu,False,128,RMSprop,,0.0005,1e-07,True,256,0.03,1.0,"[1.0, 3.1864, 1.3333]",1.10763,1.08711,0.47727,0.21538,"[0.64615, 0.0, 0.0]",0.47727,0.21538,"[0.64615, 0.0, 0.0]",135,1.10763,1.08711,135,STOPPED,29.42
1351,20251213_183116,gln_phase1.csv,best_configs_v3,LSTM,42,4,"[160, 160, 160, 160]",True,,0.4,[],[],max,128,relu,False,128,RMSprop,,0.0005,1e-07,True,256,0.03,1.0,"[1.0, 3.1864, 1.3333]",0.14264,1.51931,0.52273,0.47049,"[0.61538, 0.26667, 0.52941]",0.61364,0.56757,"[0.7027, 0.35294, 0.64706]",282,0.16659,1.52683,305,COMPLETED,89.354
1352,20251213_183116,gln_phase2.csv,best_configs_v3,LSTM,42,4,"[160, 160, 160, 160]",True,,0.4,[],[],max,128,relu,False,128,RMSprop,,0.0005,1e-07,True,256,0.03,1.0,"[1.0, 3.1864, 1.3333]",0.14855,2.05886,0.47727,0.34188,"[0.69231, 0.16667, 0.16667]",0.52273,0.4996,"[0.58537, 0.42857, 0.48485]",163,0.53561,1.30102,624,COMPLETED,181.872

118,20251213_183116,baseline_CASIAB.csv,best_configs_v3,LSTM,42,3,"[256, 256, 256]",False,L2,0.0,[],[],last,256,silu,True,32,Adam,,0.001,1e-06,True,256,0.03,1.0,"[1.0, 3.1864, 1.3333]",1.10949,1.11426,0.15909,0.0915,"[0.0, 0.27451, 0.0]",0.15909,0.0915,"[0.0, 0.27451, 0.0]",117,1.10949,1.11426,117,STOPPED,26.887
119,20251213_183116,baseline_OUMVLP.csv,best_configs_v3,LSTM,42,3,"[256, 256, 256]",False,L2,0.0,[],[],last,256,silu,True,32,Adam,,0.001,1e-06,True,256,0.03,1.0,"[1.0, 3.1864, 1.3333]",0.1409,2.443,0.34091,0.26667,"[0.4, 0.0, 0.4]",0.47727,0.42963,"[0.6, 0.22222, 0.46667]",219,0.34142,2.04666,354,COMPLETED,81.293
120,20251213_183116,gaitgl.csv,best_configs_v3,LSTM,42,3,"[256, 256, 256]",False,L2,0.0,[],[],last,256,silu,True,32,Adam,,0.001,1e-06,True,128,0.03,1.0,"[1.0, 3.1864, 1.3333]",0.14143,2.3229,0.40909,0.3538,"[0.48649, 0.15385, 0.42105]",0.56818,0.53671,"[0.61905, 0.42857, 0.5625]",53,0.25089,1.7626,94,COMPLETED,30.941
121,20251213_183116,gaitgl_GREW.csv,best_configs_v3,LSTM,42,3,"[256, 256, 256]",False,L2,0.0,[],[],last,256,silu,True,32,Adam,,0.001,1e-06,True,256,0.03,1.0,"[1.0, 3.1864, 1.3333]",0.14057,1.88262,0.5,0.51469,"[0.4878, 0.57143, 0.48485]",0.56818,0.57706,"[0.53659, 0.6, 0.59459]",40,0.22272,1.49644,73,COMPLETED,24.39
122,20251213_183116,gaitgl_GREW_BNNeck.csv,best_configs_v3,LSTM,42,3,"[256, 256, 256]",False,L2,0.0,[],[],last,256,silu,True,32,Adam,,0.001,1e-06,True,256,0.03,1.0,"[1.0, 3.1864, 1.3333]",0.14592,1.87728,0.52273,0.39153,"[0.61905, 0.0, 0.55556]",0.59091,0.58064,"[0.58537, 0.54545, 0.61111]",67,0.39509,1.62751,134,COMPLETED,44.703
123,20251213_183116,gaitgl_OUMVLP.csv,best_configs_v3,LSTM,42,3,"[256, 256, 256]",False,L2,0.0,[],[],last,256,silu,True,32,Adam,,0.001,1e-06,True,256,0.03,1.0,"[1.0, 3.1864, 1.3333]",0.14366,2.19894,0.38636,0.27821,"[0.4898, 0.0, 0.34483]",0.52273,0.35991,"[0.61818, 0.0, 0.46154]",212,0.18519,2.02477,247,COMPLETED,80.201
124,20251213_183116,gaitpart_GREW.csv,best_configs_v3,LSTM,42,3,"[256, 256, 256]",False,L2,0.0,[],[],last,256,silu,True,32,Adam,,0.001,1e-06,True,256,0.03,1.0,"[1.0, 3.1864, 1.3333]",0.14129,2.20542,0.45455,0.41894,"[0.51163, 0.30769, 0.4375]",0.56818,0.55534,"[0.59459, 0.5, 0.57143]",145,0.16376,1.86716,175,COMPLETED,31.667
125,20251213_183116,gaitpart_OUMVLP.csv,best_configs_v3,LSTM,42,3,"[256, 256, 256]",False,L2,0.0,[],[],last,256,silu,True,32,Adam,,0.001,1e-06,True,256,0.03,1.0,"[1.0, 3.1864, 1.3333]",1.10966,1.09866,0.36364,0.17778,"[0.0, 0.0, 0.53333]",0.36364,0.17778,"[0.0, 0.0, 0.53333]",258,1.10966,1.09866,258,STOPPED,45.695
126,20251213_183116,gaitset.csv,best_configs_v3,LSTM,42,3,"[256, 256, 256]",False,L2,0.0,[],[],last,256,silu,True,32,Adam,,0.001,1e-06,True,256,0.03,1.0,"[1.0, 3.1864, 1.3333]",1.111,1.10085,0.15909,0.0915,"[0.0, 0.27451, 0.0]",0.15909,0.0915,"[0.0, 0.27451, 0.0]",148,1.111,1.10085,148,STOPPED,45.969
127,20251213_183116,gaitset_GREW.csv,best_configs_v3,LSTM,42,3,"[256, 256, 256]",False,L2,0.0,[],[],last,256,silu,True,32,Adam,,0.001,1e-06,True,256,0.03,1.0,"[1.0, 3.1864, 1.3333]",1.11199,1.08718,0.47727,0.21538,"[0.64615, 0.0, 0.0]",0.47727,0.21538,"[0.64615, 0.0, 0.0]",218,1.11199,1.08718,218,STOPPED,68.498
128,20251213_183116,gaitset_OUMVLP.csv,best_configs_v3,LSTM,42,3,"[256, 256, 256]",False,L2,0.0,[],[],last,256,silu,True,32,Adam,,0.001,1e-06,True,256,0.03,1.0,"[1.0, 3.1864, 1.3333]",1.10978,1.08105,0.47727,0.21538,"[0.64615, 0.0, 0.0]",0.47727,0.21538,"[0.64615, 0.0, 0.0]",179,1.10978,1.08105,179,STOPPED,60.207
129,20251213_183116,gln_phase1.csv,best_configs_v3,LSTM,42,3,"[256, 256, 256]",False,L2,0.0,[],[],last,256,silu,True,32,Adam,,0.001,1e-06,True,256,0.03,1.0,"[1.0, 3.1864, 1.3333]",1.10876,1.11057,0.15909,0.0915,"[0.0, 0.27451, 0.0]",0.15909,0.0915,"[0.0, 0.27451, 0.0]",137,1.10876,1.11057,137,STOPPED,60.882
130,20251213_183116,gln_phase2.csv,best_configs_v3,LSTM,42,3,"[256, 256, 256]",False,L2,0.0,[],[],last,256,silu,True,32,Adam,,0.001,1e-06,True,256,0.03,1.0,"[1.0, 3.1864, 1.3333]",0.14571,2.52027,0.40909,0.37908,"[0.44444, 0.22222, 0.47059]",0.5,0.51513,"[0.45714, 0.58824, 0.5]",112,0.46239,1.72562,209,COMPLETED,93.258

1561,20251213_183116,baseline_CASIAB.csv,best_configs_v3,LSTM,42,1,[640],True,minmax,0.0,[],[],attention,512,gelu,False,64,Adam,,0.0008,0.0,True,256,0.03,1.0,"[1.0, 3.1864, 1.3333]",1.10785,1.0961,0.36364,0.17778,"[0.0, 0.0, 0.53333]",0.36364,0.17778,"[0.0, 0.0, 0.53333]",107,1.10785,1.0961,107,STOPPED,13.054
1562,20251213_183116,baseline_OUMVLP.csv,best_configs_v3,LSTM,42,1,[640],True,minmax,0.0,[],[],attention,512,gelu,False,64,Adam,,0.0008,0.0,True,256,0.03,1.0,"[1.0, 3.1864, 1.3333]",1.10793,1.09333,0.47727,0.21538,"[0.64615, 0.0, 0.0]",0.47727,0.21538,"[0.64615, 0.0, 0.0]",107,1.10793,1.09333,107,STOPPED,12.731
1563,20251213_183116,gaitgl.csv,best_configs_v3,LSTM,42,1,[640],True,minmax,0.0,[],[],attention,512,gelu,False,64,Adam,,0.0008,0.0,True,128,0.03,1.0,"[1.0, 3.1864, 1.3333]",1.1082,1.11208,0.15909,0.0915,"[0.0, 0.27451, 0.0]",0.15909,0.0915,"[0.0, 0.27451, 0.0]",145,1.1082,1.11208,145,STOPPED,22.94
1564,20251213_183116,gaitgl_GREW.csv,best_configs_v3,LSTM,42,1,[640],True,minmax,0.0,[],[],attention,512,gelu,False,64,Adam,,0.0008,0.0,True,256,0.03,1.0,"[1.0, 3.1864, 1.3333]",1.10773,1.09448,0.36364,0.17778,"[0.0, 0.0, 0.53333]",0.36364,0.17778,"[0.0, 0.0, 0.53333]",104,1.10773,1.09448,104,STOPPED,18.539
1565,20251213_183116,gaitgl_GREW_BNNeck.csv,best_configs_v3,LSTM,42,1,[640],True,minmax,0.0,[],[],attention,512,gelu,False,64,Adam,,0.0008,0.0,True,256,0.03,1.0,"[1.0, 3.1864, 1.3333]",1.10794,1.09375,0.47727,0.21538,"[0.64615, 0.0, 0.0]",0.47727,0.21538,"[0.64615, 0.0, 0.0]",111,1.10794,1.09375,111,STOPPED,19.642
1566,20251213_183116,gaitgl_OUMVLP.csv,best_configs_v3,LSTM,42,1,[640],True,minmax,0.0,[],[],attention,512,gelu,False,64,Adam,,0.0008,0.0,True,256,0.03,1.0,"[1.0, 3.1864, 1.3333]",1.11091,1.0813,0.36364,0.17778,"[0.0, 0.0, 0.53333]",0.36364,0.17778,"[0.0, 0.0, 0.53333]",105,1.11091,1.0813,105,STOPPED,17.544
1567,20251213_183116,gaitpart_GREW.csv,best_configs_v3,LSTM,42,1,[640],True,minmax,0.0,[],[],attention,512,gelu,False,64,Adam,,0.0008,0.0,True,256,0.03,1.0,"[1.0, 3.1864, 1.3333]",1.10775,1.09526,0.47727,0.21538,"[0.64615, 0.0, 0.0]",0.47727,0.21538,"[0.64615, 0.0, 0.0]",109,1.10775,1.09526,109,STOPPED,10.778
1568,20251213_183116,gaitpart_OUMVLP.csv,best_configs_v3,LSTM,42,1,[640],True,minmax,0.0,[],[],attention,512,gelu,False,64,Adam,,0.0008,0.0,True,256,0.03,1.0,"[1.0, 3.1864, 1.3333]",1.10731,1.10343,0.15909,0.0915,"[0.0, 0.27451, 0.0]",0.15909,0.0915,"[0.0, 0.27451, 0.0]",109,1.10731,1.10343,109,STOPPED,10.875
1569,20251213_183116,gaitset.csv,best_configs_v3,LSTM,42,1,[640],True,minmax,0.0,[],[],attention,512,gelu,False,64,Adam,,0.0008,0.0,True,256,0.03,1.0,"[1.0, 3.1864, 1.3333]",1.10761,1.09806,0.47727,0.21538,"[0.64615, 0.0, 0.0]",0.47727,0.21538,"[0.64615, 0.0, 0.0]",110,1.10761,1.09806,110,STOPPED,18.31
1570,20251213_183116,gaitset_GREW.csv,best_configs_v3,LSTM,42,1,[640],True,minmax,0.0,[],[],attention,512,gelu,False,64,Adam,,0.0008,0.0,True,256,0.03,1.0,"[1.0, 3.1864, 1.3333]",1.10781,1.09391,0.36364,0.17778,"[0.0, 0.0, 0.53333]",0.36364,0.17778,"[0.0, 0.0, 0.53333]",105,1.10781,1.09391,105,STOPPED,17.287
1571,20251213_183116,gaitset_OUMVLP.csv,best_configs_v3,LSTM,42,1,[640],True,minmax,0.0,[],[],attention,512,gelu,False,64,Adam,,0.0008,0.0,True,256,0.03,1.0,"[1.0, 3.1864, 1.3333]",1.10778,1.09353,0.47727,0.21538,"[0.64615, 0.0, 0.0]",0.47727,0.21538,"[0.64615, 0.0, 0.0]",107,1.10778,1.09353,107,STOPPED,17.512
1572,20251213_183116,gln_phase1.csv,best_configs_v3,LSTM,42,1,[640],True,minmax,0.0,[],[],attention,512,gelu,False,64,Adam,,0.0008,0.0,True,256,0.03,1.0,"[1.0, 3.1864, 1.3333]",1.10758,1.09777,0.36364,0.17778,"[0.0, 0.0, 0.53333]",0.36364,0.17778,"[0.0, 0.0, 0.53333]",108,1.10758,1.09777,108,STOPPED,23.378
1573,20251213_183116,gln_phase2.csv,best_configs_v3,LSTM,42,1,[640],True,minmax,0.0,[],[],attention,512,gelu,False,64,Adam,,0.0008,0.0,True,256,0.03,1.0,"[1.0, 3.1864, 1.3333]",1.10769,1.09661,0.47727,0.21538,"[0.64615, 0.0, 0.0]",0.47727,0.21538,"[0.64615, 0.0, 0.0]",102,1.10769,1.09661,102,STOPPED,22.219

209,20251213_183116,baseline_CASIAB.csv,best_configs_v3,LSTM,42,2,"[384, 384]",True,,0.15,[1],[1],last,128,relu,True,64,AdamW,,0.0003,1e-05,False,256,0.03,1.0,"[1.0, 3.1864, 1.3333]",0.14219,1.6341,0.45455,0.38321,"[0.54545, 0.16667, 0.4375]",0.54545,0.47028,"[0.68085, 0.25, 0.48]",49,0.17265,1.83924,59,COMPLETED,10.603
210,20251213_183116,baseline_OUMVLP.csv,best_configs_v3,LSTM,42,2,"[384, 384]",True,,0.15,[1],[1],last,128,relu,True,64,AdamW,,0.0003,1e-05,False,256,0.03,1.0,"[1.0, 3.1864, 1.3333]",0.14476,1.28003,0.52273,0.44646,"[0.6, 0.13333, 0.60606]",0.63636,0.52354,"[0.7234, 0.22222, 0.625]",59,0.15585,1.15891,64,COMPLETED,11.592
211,20251213_183116,gaitgl.csv,best_configs_v3,LSTM,42,2,"[384, 384]",True,,0.15,[1],[1],last,128,relu,True,64,AdamW,,0.0003,1e-05,False,128,0.03,1.0,"[1.0, 3.1864, 1.3333]",0.14401,1.91065,0.47727,0.43492,"[0.54545, 0.30769, 0.45161]",0.45455,0.44477,"[0.51613, 0.33333, 0.48485]",6,0.57482,1.33578,22,COMPLETED,5.496
212,20251213_183116,gaitgl_GREW.csv,best_configs_v3,LSTM,42,2,"[384, 384]",True,,0.15,[1],[1],last,128,relu,True,64,AdamW,,0.0003,1e-05,False,256,0.03,1.0,"[1.0, 3.1864, 1.3333]",0.14371,1.34739,0.56818,0.4792,"[0.6, 0.22222, 0.61538]",0.56818,0.51941,"[0.6, 0.36364, 0.59459]",10,0.15316,1.3656,15,COMPLETED,4.311
213,20251213_183116,gaitgl_GREW_BNNeck.csv,best_configs_v3,LSTM,42,2,"[384, 384]",True,,0.15,[1],[1],last,128,relu,True,64,AdamW,,0.0003,1e-05,False,256,0.03,1.0,"[1.0, 3.1864, 1.3333]",0.14365,1.7805,0.40909,0.30808,"[0.5, 0.0, 0.42424]",0.54545,0.4805,"[0.64151, 0.4, 0.4]",66,0.15157,1.8525,77,COMPLETED,20.302
214,20251213_183116,gaitgl_OUMVLP.csv,best_configs_v3,LSTM,42,2,"[384, 384]",True,,0.15,[1],[1],last,128,relu,True,64,AdamW,,0.0003,1e-05,False,256,0.03,1.0,"[1.0, 3.1864, 1.3333]",0.14234,1.2232,0.56818,0.46171,"[0.68, 0.16667, 0.53846]",0.61364,0.50875,"[0.69767, 0.2, 0.62857]",40,0.1481,1.30464,44,COMPLETED,11.834
215,20251213_183116,gaitpart_GREW.csv,best_configs_v3,LSTM,42,2,"[384, 384]",True,,0.15,[1],[1],last,128,relu,True,64,AdamW,,0.0003,1e-05,False,256,0.03,1.0,"[1.0, 3.1864, 1.3333]",0.14283,1.47865,0.45455,0.4123,"[0.55, 0.23529, 0.45161]",0.59091,0.50828,"[0.73913, 0.28571, 0.5]",77,0.14471,1.35956,81,COMPLETED,11.455
216,20251213_183116,gaitpart_OUMVLP.csv,best_configs_v3,LSTM,42,2,"[384, 384]",True,,0.15,[1],[1],last,128,relu,True,64,AdamW,,0.0003,1e-05,False,256,0.03,1.0,"[1.0, 3.1864, 1.3333]",0.14799,1.90596,0.43182,0.41333,"[0.57143, 0.24, 0.42857]",0.52273,0.46869,"[0.61905, 0.23529, 0.55172]",146,0.15174,1.47247,151,COMPLETED,21.579
217,20251213_183116,gaitset.csv,best_configs_v3,LSTM,42,2,"[384, 384]",True,,0.15,[1],[1],last,128,relu,True,64,AdamW,,0.0003,1e-05,False,256,0.03,1.0,"[1.0, 3.1864, 1.3333]",0.14304,1.69541,0.43182,0.35473,"[0.55319, 0.15385, 0.35714]",0.5,0.46989,"[0.56522, 0.4, 0.44444]",51,0.14372,1.62831,52,COMPLETED,13.076
218,20251213_183116,gaitset_GREW.csv,best_configs_v3,LSTM,42,2,"[384, 384]",True,,0.15,[1],[1],last,128,relu,True,64,AdamW,,0.0003,1e-05,False,256,0.03,1.0,"[1.0, 3.1864, 1.3333]",0.14292,1.83515,0.38636,0.33135,"[0.47619, 0.14286, 0.375]",0.5,0.42239,"[0.58537, 0.18182, 0.5]",35,0.50509,1.57509,65,COMPLETED,16.183
219,20251213_183116,gaitset_OUMVLP.csv,best_configs_v3,LSTM,42,2,"[384, 384]",True,,0.15,[1],[1],last,128,relu,True,64,AdamW,,0.0003,1e-05,False,256,0.03,1.0,"[1.0, 3.1864, 1.3333]",0.14394,2.01972,0.40909,0.35128,"[0.4, 0.15385, 0.5]",0.52273,0.48754,"[0.57778, 0.4, 0.48485]",51,0.61706,1.2335,125,COMPLETED,31.745
220,20251213_183116,gln_phase1.csv,best_configs_v3,LSTM,42,2,"[384, 384]",True,,0.15,[1],[1],last,128,relu,True,64,AdamW,,0.0003,1e-05,False,256,0.03,1.0,"[1.0, 3.1864, 1.3333]",0.14259,1.1908,0.52273,0.38307,"[0.57778, 0.0, 0.57143]",0.63636,0.53413,"[0.68571, 0.25, 0.66667]",20,0.52876,0.96633,48,COMPLETED,15.656
221,20251213_183116,gln_phase2.csv,best_configs_v3,LSTM,42,2,"[384, 384]",True,,0.15,[1],[1],last,128,relu,True,64,AdamW,,0.0003,1e-05,False,256,0.03,1.0,"[1.0, 3.1864, 1.3333]",0.14555,1.51526,0.43182,0.37184,"[0.4878, 0.14286, 0.48485]",0.5,0.44516,"[0.58333, 0.30769, 0.44444]",28,0.30225,1.65114,43,COMPLETED,14.556

196,20251213_183116,baseline_CASIAB.csv,best_configs_v3,LSTM,42,4,"[896, 768, 640, 512]",False,L2,0.4,[1],[1],attention,512,elu,True,16,AdamW,,1e-05,0.0,False,256,0.03,1.0,"[1.0, 3.1864, 1.3333]",0.18595,2.46981,0.45455,0.40731,"[0.55814, 0.25, 0.41379]",0.59091,0.52492,"[0.71111, 0.36364, 0.5]",351,0.38492,1.96492,755,STOPPED,608.834
197,20251213_183116,baseline_OUMVLP.csv,best_configs_v3,LSTM,42,4,"[896, 768, 640, 512]",False,L2,0.4,[1],[1],attention,512,elu,True,16,AdamW,,1e-05,0.0,False,256,0.03,1.0,"[1.0, 3.1864, 1.3333]",0.14218,2.32898,0.45455,0.38701,"[0.53659, 0.15385, 0.47059]",0.61364,0.56068,"[0.61538, 0.4, 0.66667]",152,0.73965,1.23864,1038,COMPLETED,910.395
198,20251213_183116,gaitgl.csv,best_configs_v3,LSTM,42,4,"[896, 768, 640, 512]",False,L2,0.4,[1],[1],attention,512,elu,True,16,AdamW,,1e-05,0.0,False,128,0.03,1.0,"[1.0, 3.1864, 1.3333]",0.14636,2.10858,0.5,0.45466,"[0.57143, 0.30769, 0.48485]",0.63636,0.56214,"[0.73469, 0.4, 0.55172]",452,0.19341,1.51246,531,COMPLETED,683.259
199,20251213_183116,gaitgl_GREW.csv,best_configs_v3,LSTM,42,4,"[896, 768, 640, 512]",False,L2,0.4,[1],[1],attention,512,elu,True,16,AdamW,,1e-05,0.0,False,256,0.03,1.0,"[1.0, 3.1864, 1.3333]",0.1429,1.83073,0.59091,0.52849,"[0.66667, 0.30769, 0.61111]",0.61364,0.55351,"[0.71795, 0.36364, 0.57895]",410,0.15286,1.70786,441,COMPLETED,574.09
200,20251213_183116,gaitgl_GREW_BNNeck.csv,best_configs_v3,LSTM,42,4,"[896, 768, 640, 512]",False,L2,0.4,[1],[1],attention,512,elu,True,16,AdamW,,1e-05,0.0,False,256,0.03,1.0,"[1.0, 3.1864, 1.3333]",0.14214,3.14524,0.29545,0.21932,"[0.3913, 0.0, 0.26667]",0.45455,0.38462,"[0.53333, 0.15385, 0.46667]",153,0.7416,1.71975,699,COMPLETED,910.691
201,20251213_183116,gaitgl_OUMVLP.csv,best_configs_v3,LSTM,42,4,"[896, 768, 640, 512]",False,L2,0.4,[1],[1],attention,512,elu,True,16,AdamW,,1e-05,0.0,False,256,0.03,1.0,"[1.0, 3.1864, 1.3333]",0.16818,2.45383,0.43182,0.30719,"[0.58824, 0.0, 0.33333]",0.59091,0.50323,"[0.66667, 0.13333, 0.70968]",931,0.29189,1.85257,1061,STOPPED,1431.488
202,20251213_183116,gaitpart_GREW.csv,best_configs_v3,LSTM,42,4,"[896, 768, 640, 512]",False,L2,0.4,[1],[1],attention,512,elu,True,16,AdamW,,1e-05,0.0,False,256,0.03,1.0,"[1.0, 3.1864, 1.3333]",0.17172,3.01518,0.38636,0.37298,"[0.43243, 0.27273, 0.41379]",0.52273,0.47607,"[0.66667, 0.3, 0.46154]",270,0.69013,1.73766,847,STOPPED,731.725
203,20251213_183116,gaitpart_OUMVLP.csv,best_configs_v3,LSTM,42,4,"[896, 768, 640, 512]",False,L2,0.4,[1],[1],attention,512,elu,True,16,AdamW,,1e-05,0.0,False,256,0.03,1.0,"[1.0, 3.1864, 1.3333]",0.37173,3.27458,0.31818,0.26938,"[0.42105, 0.0, 0.3871]",0.65909,0.47825,"[0.7451, 0.0, 0.68966]",442,0.6624,1.34405,1555,STOPPED,1008.586
204,20251213_183116,gaitset.csv,best_configs_v3,LSTM,42,4,"[896, 768, 640, 512]",False,L2,0.4,[1],[1],attention,512,elu,True,16,AdamW,,1e-05,0.0,False,256,0.03,1.0,"[1.0, 3.1864, 1.3333]",0.19262,2.46673,0.43182,0.37888,"[0.56522, 0.28571, 0.28571]",0.5,0.44443,"[0.6383, 0.375, 0.32]",659,0.16655,2.30469,742,STOPPED,817.301
205,20251213_183116,gaitset_GREW.csv,best_configs_v3,LSTM,42,4,"[896, 768, 640, 512]",False,L2,0.4,[1],[1],attention,512,elu,True,16,AdamW,,1e-05,0.0,False,256,0.03,1.0,"[1.0, 3.1864, 1.3333]",0.43092,1.97378,0.54545,0.43642,"[0.69388, 0.15385, 0.46154]",0.65909,0.5248,"[0.8, 0.18182, 0.59259]",473,0.456,1.41018,659,STOPPED,789.021
206,20251213_183116,gaitset_OUMVLP.csv,best_configs_v3,LSTM,42,4,"[896, 768, 640, 512]",False,L2,0.4,[1],[1],attention,512,elu,True,16,AdamW,,1e-05,0.0,False,256,0.03,1.0,"[1.0, 3.1864, 1.3333]",0.19442,1.91919,0.47727,0.40664,"[0.52381, 0.18182, 0.51429]",0.59091,0.55328,"[0.61538, 0.44444, 0.6]",994,0.69289,1.34114,1486,STOPPED,1888.016
207,20251213_183116,gln_phase1.csv,best_configs_v3,LSTM,42,4,"[896, 768, 640, 512]",False,L2,0.4,[1],[1],attention,512,elu,True,16,AdamW,,1e-05,0.0,False,256,0.03,1.0,"[1.0, 3.1864, 1.3333]",0.19131,2.4265,0.43182,0.37517,"[0.43902, 0.2, 0.48649]",0.47727,0.45626,"[0.51163, 0.4, 0.45714]",656,0.19524,2.18241,713,STOPPED,1066.498
208,20251213_183116,gln_phase2.csv,best_configs_v3,LSTM,42,4,"[896, 768, 640, 512]",False,L2,0.4,[1],[1],attention,512,elu,True,16,AdamW,,1e-05,0.0,False,256,0.03,1.0,"[1.0, 3.1864, 1.3333]",0.14231,1.79919,0.59091,0.52795,"[0.65116, 0.30769, 0.625]",0.63636,0.56732,"[0.68293, 0.33333, 0.68571]",771,0.14506,1.52501,787,COMPLETED,1291.957

1418,20251213_183116,baseline_CASIAB.csv,best_configs_v3,LSTM,42,4,"[64, 160, 384, 896]",False,,0.25,"[1, 3]","[1, 2, 3]",last,256,gelu,False,64,AdamW,,0.0001,1e-06,False,256,0.03,1.0,"[1.0, 3.1864, 1.3333]",0.14791,2.00162,0.47727,0.44949,"[0.5, 0.36364, 0.48485]",0.5,0.46174,"[0.57143, 0.4, 0.41379]",187,0.15024,1.94404,192,COMPLETED,45.281
1419,20251213_183116,baseline_OUMVLP.csv,best_configs_v3,LSTM,42,4,"[64, 160, 384, 896]",False,,0.25,"[1, 3]","[1, 2, 3]",last,256,gelu,False,64,AdamW,,0.0001,1e-06,False,256,0.03,1.0,"[1.0, 3.1864, 1.3333]",0.14992,1.35204,0.63636,0.62781,"[0.63636, 0.6, 0.64706]",0.65909,0.63131,"[0.68182, 0.54545, 0.66667]",151,0.17061,1.15962,188,COMPLETED,43.769
1420,20251213_183116,gaitgl.csv,best_configs_v3,LSTM,42,4,"[64, 160, 384, 896]",False,,0.25,"[1, 3]","[1, 2, 3]",last,256,gelu,False,64,AdamW,,0.0001,1e-06,False,128,0.03,1.0,"[1.0, 3.1864, 1.3333]",0.14525,1.65752,0.5,0.36488,"[0.56522, 0.0, 0.52941]",0.59091,0.5363,"[0.63415, 0.36364, 0.61111]",30,0.26273,1.65011,83,COMPLETED,27.712
1421,20251213_183116,gaitgl_GREW.csv,best_configs_v3,LSTM,42,4,"[64, 160, 384, 896]",False,,0.25,"[1, 3]","[1, 2, 3]",last,256,gelu,False,64,AdamW,,0.0001,1e-06,False,256,0.03,1.0,"[1.0, 3.1864, 1.3333]",0.14289,1.94024,0.5,0.41667,"[0.6, 0.25, 0.4]",0.54545,0.50232,"[0.63636, 0.4, 0.47059]",47,0.16366,1.63528,68,COMPLETED,22.956
1422,20251213_183116,gaitgl_GREW_BNNeck.csv,best_configs_v3,LSTM,42,4,"[64, 160, 384, 896]",False,,0.25,"[1, 3]","[1, 2, 3]",last,256,gelu,False,64,AdamW,,0.0001,1e-06,False,256,0.03,1.0,"[1.0, 3.1864, 1.3333]",0.14587,1.66802,0.56818,0.47374,"[0.65116, 0.18182, 0.58824]",0.54545,0.53166,"[0.57895, 0.47059, 0.54545]",96,0.41108,1.73134,218,COMPLETED,74.141
1423,20251213_183116,gaitgl_OUMVLP.csv,best_configs_v3,LSTM,42,4,"[64, 160, 384, 896]",False,,0.25,"[1, 3]","[1, 2, 3]",last,256,gelu,False,64,AdamW,,0.0001,1e-06,False,256,0.03,1.0,"[1.0, 3.1864, 1.3333]",0.1448,2.04299,0.5,0.35462,"[0.61224, 0.0, 0.45161]",0.47727,0.40585,"[0.53659, 0.16667, 0.51429]",136,0.15783,1.83658,168,COMPLETED,57.321
1424,20251213_183116,gaitpart_GREW.csv,best_configs_v3,LSTM,42,4,"[64, 160, 384, 896]",False,,0.25,"[1, 3]","[1, 2, 3]",last,256,gelu,False,64,AdamW,,0.0001,1e-06,False,256,0.03,1.0,"[1.0, 3.1864, 1.3333]",0.14301,2.09138,0.47727,0.404,"[0.55814, 0.15385, 0.5]",0.52273,0.49485,"[0.5641, 0.375, 0.54545]",159,0.20913,2.44284,242,COMPLETED,46.223
1425,20251213_183116,gaitpart_OUMVLP.csv,best_configs_v3,LSTM,42,4,"[64, 160, 384, 896]",False,,0.25,"[1, 3]","[1, 2, 3]",last,256,gelu,False,64,AdamW,,0.0001,1e-06,False,256,0.03,1.0,"[1.0, 3.1864, 1.3333]",0.14266,1.32307,0.63636,0.56587,"[0.71429, 0.25, 0.73333]",0.68182,0.64112,"[0.76923, 0.44444, 0.70968]",304,0.23666,1.40937,371,COMPLETED,70.942
1426,20251213_183116,gaitset.csv,best_configs_v3,LSTM,42,4,"[64, 160, 384, 896]",False,,0.25,"[1, 3]","[1, 2, 3]",last,256,gelu,False,64,AdamW,,0.0001,1e-06,False,256,0.03,1.0,"[1.0, 3.1864, 1.3333]",0.14613,1.58508,0.54545,0.48838,"[0.65, 0.28571, 0.52941]",0.54545,0.49084,"[0.61538, 0.28571, 0.57143]",132,0.15364,1.54114,167,COMPLETED,55.68
1427,20251213_183116,gaitset_GREW.csv,best_configs_v3,LSTM,42,4,"[64, 160, 384, 896]",False,,0.25,"[1, 3]","[1, 2, 3]",last,256,gelu,False,64,AdamW,,0.0001,1e-06,False,256,0.03,1.0,"[1.0, 3.1864, 1.3333]",0.14681,1.98676,0.40909,0.3471,"[0.52381, 0.15385, 0.36364]",0.56818,0.47648,"[0.66667, 0.22222, 0.54054]",164,0.15834,1.87562,188,COMPLETED,62.595
1428,20251213_183116,gaitset_OUMVLP.csv,best_configs_v3,LSTM,42,4,"[64, 160, 384, 896]",False,,0.25,"[1, 3]","[1, 2, 3]",last,256,gelu,False,64,AdamW,,0.0001,1e-06,False,256,0.03,1.0,"[1.0, 3.1864, 1.3333]",0.14408,1.69638,0.45455,0.37909,"[0.54167, 0.18182, 0.41379]",0.56818,0.51297,"[0.63415, 0.33333, 0.57143]",292,0.15659,1.65243,316,COMPLETED,105.735
1429,20251213_183116,gln_phase1.csv,best_configs_v3,LSTM,42,4,"[64, 160, 384, 896]",False,,0.25,"[1, 3]","[1, 2, 3]",last,256,gelu,False,64,AdamW,,0.0001,1e-06,False,256,0.03,1.0,"[1.0, 3.1864, 1.3333]",0.14691,0.95017,0.65909,0.64391,"[0.69565, 0.61538, 0.62069]",0.72727,0.71564,"[0.76596, 0.71429, 0.66667]",125,0.16055,1.02733,177,COMPLETED,77.429
1430,20251213_183116,gln_phase2.csv,best_configs_v3,LSTM,42,4,"[64, 160, 384, 896]",False,,0.25,"[1, 3]","[1, 2, 3]",last,256,gelu,False,64,AdamW,,0.0001,1e-06,False,256,0.03,1.0,"[1.0, 3.1864, 1.3333]",0.14363,1.24932,0.61364,0.57252,"[0.68293, 0.42857, 0.60606]",0.63636,0.61111,"[0.68182, 0.54545, 0.60606]",139,0.1536,1.38644,176,COMPLETED,77.365

53,20251213_183116,baseline_CASIAB.csv,best_configs_v3,LSTM,42,1,[64],True,L2,0.0,[],[],max,256,tanh,False,16,RMSprop,,0.0002,1e-05,True,256,0.03,1.0,"[1.0, 3.1864, 1.3333]",0.14763,1.64971,0.38636,0.36355,"[0.29412, 0.19048, 0.60606]",0.59091,0.54457,"[0.66667, 0.42857, 0.53846]",101,0.21228,1.45762,228,COMPLETED,77.615
54,20251213_183116,baseline_OUMVLP.csv,best_configs_v3,LSTM,42,1,[64],True,L2,0.0,[],[],max,256,tanh,False,16,RMSprop,,0.0002,1e-05,True,256,0.03,1.0,"[1.0, 3.1864, 1.3333]",0.14942,1.29323,0.61364,0.51768,"[0.63636, 0.25, 0.66667]",0.65909,0.58502,"[0.72727, 0.44444, 0.58333]",110,0.39351,1.68025,445,COMPLETED,151.798
55,20251213_183116,gaitgl.csv,best_configs_v3,LSTM,42,1,[64],True,L2,0.0,[],[],max,256,tanh,False,16,RMSprop,,0.0002,1e-05,True,128,0.03,1.0,"[1.0, 3.1864, 1.3333]",0.14753,1.46652,0.52273,0.475,"[0.625, 0.4, 0.4]",0.52273,0.48564,"[0.625, 0.46154, 0.37037]",81,0.15092,1.43484,90,COMPLETED,39.626
56,20251213_183116,gaitgl_GREW.csv,best_configs_v3,LSTM,42,1,[64],True,L2,0.0,[],[],max,256,tanh,False,16,RMSprop,,0.0002,1e-05,True,256,0.03,1.0,"[1.0, 3.1864, 1.3333]",0.14843,1.26794,0.43182,0.32479,"[0.46154, 0.0, 0.51282]",0.43182,0.37033,"[0.5, 0.15385, 0.45714]",58,0.15488,1.21873,68,COMPLETED,30.203
57,20251213_183116,gaitgl_GREW_BNNeck.csv,best_configs_v3,LSTM,42,1,[64],True,L2,0.0,[],[],max,256,tanh,False,16,RMSprop,,0.0002,1e-05,True,256,0.03,1.0,"[1.0, 3.1864, 1.3333]",0.14884,1.3939,0.5,0.37636,"[0.59574, 0.0, 0.53333]",0.52273,0.47218,"[0.58537, 0.28571, 0.54545]",51,0.48217,1.15401,169,COMPLETED,75.491
58,20251213_183116,gaitgl_OUMVLP.csv,best_configs_v3,LSTM,42,1,[64],True,L2,0.0,[],[],max,256,tanh,False,16,RMSprop,,0.0002,1e-05,True,256,0.03,1.0,"[1.0, 3.1864, 1.3333]",0.14882,1.22191,0.47727,0.34114,"[0.65306, 0.0, 0.37037]",0.56818,0.45128,"[0.72, 0.15385, 0.48]",201,0.16226,1.34354,376,COMPLETED,169.148
59,20251213_183116,gaitpart_GREW.csv,best_configs_v3,LSTM,42,1,[64],True,L2,0.0,[],[],max,256,tanh,False,16,RMSprop,,0.0002,1e-05,True,256,0.03,1.0,"[1.0, 3.1864, 1.3333]",0.14956,1.51744,0.54545,0.5101,"[0.66667, 0.36364, 0.5]",0.61364,0.58796,"[0.69565, 0.58824, 0.48]",201,0.19732,1.49269,548,COMPLETED,158.067
60,20251213_183116,gaitpart_OUMVLP.csv,best_configs_v3,LSTM,42,1,[64],True,L2,0.0,[],[],max,256,tanh,False,16,RMSprop,,0.0002,1e-05,True,256,0.03,1.0,"[1.0, 3.1864, 1.3333]",0.1502,1.19103,0.56818,0.50029,"[0.68182, 0.28571, 0.53333]",0.65909,0.61304,"[0.73913, 0.5, 0.6]",119,0.74474,1.0674,1342,STOPPED,387.543
61,20251213_183116,gaitset.csv,best_configs_v3,LSTM,42,1,[64],True,L2,0.0,[],[],max,256,tanh,False,16,RMSprop,,0.0002,1e-05,True,256,0.03,1.0,"[1.0, 3.1864, 1.3333]",0.14816,1.78369,0.36364,0.27049,"[0.48889, 0.0, 0.32258]",0.40909,0.35,"[0.55, 0.16667, 0.33333]",72,0.25211,1.75907,165,COMPLETED,73.076
62,20251213_183116,gaitset_GREW.csv,best_configs_v3,LSTM,42,1,[64],True,L2,0.0,[],[],max,256,tanh,False,16,RMSprop,,0.0002,1e-05,True,256,0.03,1.0,"[1.0, 3.1864, 1.3333]",0.14942,1.28533,0.52273,0.47049,"[0.61538, 0.26667, 0.52941]",0.56818,0.52632,"[0.57895, 0.4, 0.6]",199,0.15556,1.27323,265,COMPLETED,116.58
63,20251213_183116,gaitset_OUMVLP.csv,best_configs_v3,LSTM,42,1,[64],True,L2,0.0,[],[],max,256,tanh,False,16,RMSprop,,0.0002,1e-05,True,256,0.03,1.0,"[1.0, 3.1864, 1.3333]",0.15629,1.72471,0.31818,0.306,"[0.45714, 0.2, 0.26087]",0.61364,0.57757,"[0.68293, 0.46154, 0.58824]",656,0.17394,1.36931,1079,STOPPED,464.759
64,20251213_183116,gln_phase1.csv,best_configs_v3,LSTM,42,1,[64],True,L2,0.0,[],[],max,256,tanh,False,16,RMSprop,,0.0002,1e-05,True,256,0.03,1.0,"[1.0, 3.1864, 1.3333]",0.14786,1.28043,0.52273,0.47239,"[0.58824, 0.25, 0.57895]",0.59091,0.5285,"[0.65217, 0.33333, 0.6]",170,0.14811,1.19264,181,COMPLETED,89.07
65,20251213_183116,gln_phase2.csv,best_configs_v3,LSTM,42,1,[64],True,L2,0.0,[],[],max,256,tanh,False,16,RMSprop,,0.0002,1e-05,True,256,0.03,1.0,"[1.0, 3.1864, 1.3333]",0.14892,1.16655,0.43182,0.33065,"[0.58824, 0.14286, 0.26087]",0.54545,0.50965,"[0.55, 0.4, 0.57895]",150,0.15024,1.07261,174,COMPLETED,85.5

235,20251213_183116,baseline_CASIAB.csv,best_configs_v3,LSTM,42,1,[64],False,L2,0.0,[],[],last,,,False,64,Adam,,0.01,1e-07,True,256,0.03,1.0,"[1.0, 3.1864, 1.3333]",0.14738,2.02019,0.40909,0.35584,"[0.42857, 0.18182, 0.45714]",0.5,0.4017,"[0.62745, 0.14286, 0.43478]",79,0.5962,1.27107,130,COMPLETED,10.257
236,20251213_183116,baseline_OUMVLP.csv,best_configs_v3,LSTM,42,1,[64],False,L2,0.0,[],[],last,,,False,64,Adam,,0.01,1e-07,True,256,0.03,1.0,"[1.0, 3.1864, 1.3333]",0.1449,1.83448,0.5,0.45899,"[0.52381, 0.30769, 0.54545]",0.54545,0.49615,"[0.6087, 0.36364, 0.51613]",98,0.34784,1.73452,147,COMPLETED,11.503
237,20251213_183116,gaitgl.csv,best_configs_v3,LSTM,42,1,[64],False,L2,0.0,[],[],last,,,False,64,Adam,,0.01,1e-07,True,128,0.03,1.0,"[1.0, 3.1864, 1.3333]",0.14586,1.68605,0.47727,0.43163,"[0.54545, 0.26667, 0.48276]",0.54545,0.49989,"[0.625, 0.35294, 0.52174]",35,0.22803,1.84631,52,COMPLETED,4.965
238,20251213_183116,gaitgl_GREW.csv,best_configs_v3,LSTM,42,1,[64],False,L2,0.0,[],[],last,,,False,64,Adam,,0.01,1e-07,True,256,0.03,1.0,"[1.0, 3.1864, 1.3333]",0.1478,1.81384,0.45455,0.39056,"[0.48889, 0.16667, 0.51613]",0.45455,0.41946,"[0.4878, 0.28571, 0.48485]",31,0.18382,2.01282,47,COMPLETED,4.555
239,20251213_183116,gaitgl_GREW_BNNeck.csv,best_configs_v3,LSTM,42,1,[64],False,L2,0.0,[],[],last,,,False,64,Adam,,0.01,1e-07,True,256,0.03,1.0,"[1.0, 3.1864, 1.3333]",0.14648,1.93301,0.40909,0.38486,"[0.52381, 0.4, 0.23077]",0.47727,0.45202,"[0.57778, 0.47059, 0.30769]",50,0.225,2.20227,76,COMPLETED,8.155
240,20251213_183116,gaitgl_OUMVLP.csv,best_configs_v3,LSTM,42,1,[64],False,L2,0.0,[],[],last,,,False,64,Adam,,0.01,1e-07,True,256,0.03,1.0,"[1.0, 3.1864, 1.3333]",0.14778,2.07378,0.43182,0.32445,"[0.52174, 0.0, 0.45161]",0.5,0.41904,"[0.59574, 0.14286, 0.51852]",95,0.44484,1.71366,199,COMPLETED,18.8
241,20251213_183116,gaitpart_GREW.csv,best_configs_v3,LSTM,42,1,[64],False,L2,0.0,[],[],last,,,False,64,Adam,,0.01,1e-07,True,256,0.03,1.0,"[1.0, 3.1864, 1.3333]",0.1468,1.75533,0.43182,0.3743,"[0.56522, 0.25, 0.30769]",0.5,0.4166,"[0.66667, 0.23529, 0.34783]",132,0.15564,1.86498,148,COMPLETED,9.44
242,20251213_183116,gaitpart_OUMVLP.csv,best_configs_v3,LSTM,42,1,[64],False,L2,0.0,[],[],last,,,False,64,Adam,,0.01,1e-07,True,256,0.03,1.0,"[1.0, 3.1864, 1.3333]",0.14717,1.7156,0.5,0.45563,"[0.54545, 0.25, 0.57143]",0.52273,0.50549,"[0.5641, 0.38095, 0.57143]",501,0.17062,2.14548,521,COMPLETED,34.238
243,20251213_183116,gaitset.csv,best_configs_v3,LSTM,42,1,[64],False,L2,0.0,[],[],last,,,False,64,Adam,,0.01,1e-07,True,256,0.03,1.0,"[1.0, 3.1864, 1.3333]",0.14544,1.74591,0.45455,0.43614,"[0.52381, 0.4, 0.38462]",0.52273,0.5073,"[0.57143, 0.42105, 0.52941]",56,0.36421,1.54763,85,COMPLETED,7.921
244,20251213_183116,gaitset_GREW.csv,best_configs_v3,LSTM,42,1,[64],False,L2,0.0,[],[],last,,,False,64,Adam,,0.01,1e-07,True,256,0.03,1.0,"[1.0, 3.1864, 1.3333]",0.14389,2.08775,0.43182,0.38385,"[0.57143, 0.23529, 0.34483]",0.45455,0.44474,"[0.5, 0.36364, 0.47059]",101,0.21876,2.69524,124,COMPLETED,11.976
245,20251213_183116,gaitset_OUMVLP.csv,best_configs_v3,LSTM,42,1,[64],False,L2,0.0,[],[],last,,,False,64,Adam,,0.01,1e-07,True,256,0.03,1.0,"[1.0, 3.1864, 1.3333]",0.14832,1.69264,0.52273,0.4013,"[0.65217, 0.0, 0.55172]",0.59091,0.52486,"[0.68293, 0.26667, 0.625]",444,0.4763,1.46604,675,COMPLETED,63.216
246,20251213_183116,gln_phase1.csv,best_configs_v3,LSTM,42,1,[64],False,L2,0.0,[],[],last,,,False,64,Adam,,0.01,1e-07,True,256,0.03,1.0,"[1.0, 3.1864, 1.3333]",0.14598,1.4594,0.59091,0.54603,"[0.66667, 0.4, 0.57143]",0.65909,0.64391,"[0.69565, 0.61538, 0.62069]",52,0.52722,1.05924,94,COMPLETED,11.555
247,20251213_183116,gln_phase2.csv,best_configs_v3,LSTM,42,1,[64],False,L2,0.0,[],[],last,,,False,64,Adam,,0.01,1e-07,True,256,0.03,1.0,"[1.0, 3.1864, 1.3333]",0.14363,1.63639,0.52273,0.50348,"[0.52632, 0.42857, 0.55556]",0.56818,0.53671,"[0.61905, 0.42857, 0.5625]",56,0.27723,1.52074,86,COMPLETED,10.132

339,20251213_183116,baseline_CASIAB.csv,best_configs_v3,LSTM,42,1,[512],False,L2,0.0,[],[],max,128,leakyrelu,False,64,AdamW,,0.001,0.0,True,256,0.03,1.0,"[1.0, 3.1864, 1.3333]",0.14076,2.01881,0.5,0.43485,"[0.61224, 0.30769, 0.38462]",0.54545,0.51587,"[0.61905, 0.42857, 0.5]",118,0.15257,1.83566,137,COMPLETED,10.666
340,20251213_183116,baseline_OUMVLP.csv,best_configs_v3,LSTM,42,1,[512],False,L2,0.0,[],[],max,128,leakyrelu,False,64,AdamW,,0.001,0.0,True,256,0.03,1.0,"[1.0, 3.1864, 1.3333]",0.142,1.76916,0.54545,0.46081,"[0.60465, 0.22222, 0.55556]",0.56818,0.52638,"[0.59091, 0.4, 0.58824]",77,0.4422,1.58594,185,COMPLETED,14.837
341,20251213_183116,gaitgl.csv,best_configs_v3,LSTM,42,1,[512],False,L2,0.0,[],[],max,128,leakyrelu,False,64,AdamW,,0.001,0.0,True,128,0.03,1.0,"[1.0, 3.1864, 1.3333]",0.14442,1.35679,0.56818,0.50386,"[0.65217, 0.30769, 0.55172]",0.56818,0.51944,"[0.625, 0.4, 0.53333]",36,0.16227,1.3341,44,COMPLETED,4.323
342,20251213_183116,gaitgl_GREW.csv,best_configs_v3,LSTM,42,1,[512],False,L2,0.0,[],[],max,128,leakyrelu,False,64,AdamW,,0.001,0.0,True,256,0.03,1.0,"[1.0, 3.1864, 1.3333]",0.14497,1.27647,0.5,0.42408,"[0.5641, 0.18182, 0.52632]",0.56818,0.52397,"[0.5, 0.44444, 0.62745]",27,0.2132,1.55448,43,COMPLETED,4.478
343,20251213_183116,gaitgl_GREW_BNNeck.csv,best_configs_v3,LSTM,42,1,[512],False,L2,0.0,[],[],max,128,leakyrelu,False,64,AdamW,,0.001,0.0,True,256,0.03,1.0,"[1.0, 3.1864, 1.3333]",0.14491,1.93141,0.40909,0.34755,"[0.48889, 0.16667, 0.3871]",0.47727,0.39387,"[0.58333, 0.15385, 0.44444]",72,0.36259,1.48725,114,COMPLETED,12.984
344,20251213_183116,gaitgl_OUMVLP.csv,best_configs_v3,LSTM,42,1,[512],False,L2,0.0,[],[],max,128,leakyrelu,False,64,AdamW,,0.001,0.0,True,256,0.03,1.0,"[1.0, 3.1864, 1.3333]",0.14425,1.40061,0.54545,0.45267,"[0.68182, 0.14286, 0.53333]",0.61364,0.51085,"[0.71111, 0.25, 0.57143]",70,0.37334,1.16253,104,COMPLETED,11.863
345,20251213_183116,gaitpart_GREW.csv,best_configs_v3,LSTM,42,1,[512],False,L2,0.0,[],[],max,128,leakyrelu,False,64,AdamW,,0.001,0.0,True,256,0.03,1.0,"[1.0, 3.1864, 1.3333]",0.14119,2.18808,0.43182,0.3963,"[0.5, 0.22222, 0.46667]",0.59091,0.55048,"[0.68085, 0.47059, 0.5]",114,0.17459,1.71553,152,COMPLETED,11.11
346,20251213_183116,gaitpart_OUMVLP.csv,best_configs_v3,LSTM,42,1,[512],False,L2,0.0,[],[],max,128,leakyrelu,False,64,AdamW,,0.001,0.0,True,256,0.03,1.0,"[1.0, 3.1864, 1.3333]",0.14454,1.69958,0.40909,0.35472,"[0.47368, 0.13333, 0.45714]",0.52273,0.44086,"[0.54054, 0.16667, 0.61538]",225,0.18036,1.72177,257,COMPLETED,19.219
347,20251213_183116,gaitset.csv,best_configs_v3,LSTM,42,1,[512],False,L2,0.0,[],[],max,128,leakyrelu,False,64,AdamW,,0.001,0.0,True,256,0.03,1.0,"[1.0, 3.1864, 1.3333]",0.14602,2.1163,0.38636,0.25993,"[0.54902, 0.0, 0.23077]",0.34091,0.33995,"[0.38889, 0.41667, 0.21429]",27,0.70523,1.48428,76,COMPLETED,8.803
348,20251213_183116,gaitset_GREW.csv,best_configs_v3,LSTM,42,1,[512],False,L2,0.0,[],[],max,128,leakyrelu,False,64,AdamW,,0.001,0.0,True,256,0.03,1.0,"[1.0, 3.1864, 1.3333]",0.14395,1.96354,0.52273,0.39752,"[0.70588, 0.16667, 0.32]",0.52273,0.43945,"[0.61905, 0.15385, 0.54545]",74,0.15197,1.71754,100,COMPLETED,10.376
349,20251213_183116,gaitset_OUMVLP.csv,best_configs_v3,LSTM,42,1,[512],False,L2,0.0,[],[],max,128,leakyrelu,False,64,AdamW,,0.001,0.0,True,256,0.03,1.0,"[1.0, 3.1864, 1.3333]",0.14357,2.11013,0.40909,0.33126,"[0.56522, 0.14286, 0.28571]",0.40909,0.39942,"[0.45, 0.36364, 0.38462]",141,0.57383,1.51849,269,COMPLETED,27.918
350,20251213_183116,gln_phase1.csv,best_configs_v3,LSTM,42,1,[512],False,L2,0.0,[],[],max,128,leakyrelu,False,64,AdamW,,0.001,0.0,True,256,0.03,1.0,"[1.0, 3.1864, 1.3333]",0.14608,1.50612,0.47727,0.35383,"[0.59091, 0.0, 0.47059]",0.5,0.4855,"[0.57143, 0.33333, 0.55172]",73,0.30161,1.52844,110,COMPLETED,14.368
351,20251213_183116,gln_phase2.csv,best_configs_v3,LSTM,42,1,[512],False,L2,0.0,[],[],max,128,leakyrelu,False,64,AdamW,,0.001,0.0,True,256,0.03,1.0,"[1.0, 3.1864, 1.3333]",0.14518,1.33,0.56818,0.51444,"[0.61538, 0.33333, 0.59459]",0.59091,0.55121,"[0.63158, 0.375, 0.64706]",62,0.15658,1.29119,73,COMPLETED,9.882

131,20251213_183116,baseline_CASIAB.csv,best_configs_v3,LSTM,42,2,"[256, 384]",True,L2,0.0,[],[1],max,512,gelu,True,32,Adam,,0.0002,1e-05,False,256,0.03,1.0,"[1.0, 3.1864, 1.3333]",0.14742,1.46137,0.52273,0.44544,"[0.55, 0.22222, 0.5641]",0.56818,0.53323,"[0.61905, 0.4, 0.58065]",53,0.14665,1.49319,57,COMPLETED,17.742
132,20251213_183116,baseline_OUMVLP.csv,best_configs_v3,LSTM,42,2,"[256, 384]",True,L2,0.0,[],[1],max,512,gelu,True,32,Adam,,0.0002,1e-05,False,256,0.03,1.0,"[1.0, 3.1864, 1.3333]",0.14501,1.36437,0.5,0.36606,"[0.51282, 0.0, 0.58537]",0.63636,0.53286,"[0.66667, 0.22222, 0.70968]",34,0.53674,1.14918,70,COMPLETED,21.886
133,20251213_183116,gaitgl.csv,best_configs_v3,LSTM,42,2,"[256, 384]",True,L2,0.0,[],[1],max,512,gelu,True,32,Adam,,0.0002,1e-05,False,128,0.03,1.0,"[1.0, 3.1864, 1.3333]",0.14335,1.20132,0.43182,0.31628,"[0.47826, 0.0, 0.47059]",0.54545,0.53488,"[0.54054, 0.5, 0.5641]",21,0.15349,1.35093,27,COMPLETED,12.389
134,20251213_183116,gaitgl_GREW.csv,best_configs_v3,LSTM,42,2,"[256, 384]",True,L2,0.0,[],[1],max,512,gelu,True,32,Adam,,0.0002,1e-05,False,256,0.03,1.0,"[1.0, 3.1864, 1.3333]",0.1423,1.16562,0.45455,0.31214,"[0.56604, 0.0, 0.37037]",0.5,0.4521,"[0.6, 0.28571, 0.47059]",15,0.15739,1.2122,32,COMPLETED,14.101
135,20251213_183116,gaitgl_GREW_BNNeck.csv,best_configs_v3,LSTM,42,2,"[256, 384]",True,L2,0.0,[],[1],max,512,gelu,True,32,Adam,,0.0002,1e-05,False,256,0.03,1.0,"[1.0, 3.1864, 1.3333]",0.14574,1.52924,0.36364,0.31692,"[0.40909, 0.16667, 0.375]",0.54545,0.41751,"[0.66667, 0.22222, 0.36364]",23,0.24388,1.86698,43,COMPLETED,19.594
136,20251213_183116,gaitgl_OUMVLP.csv,best_configs_v3,LSTM,42,2,"[256, 384]",True,L2,0.0,[],[1],max,512,gelu,True,32,Adam,,0.0002,1e-05,False,256,0.03,1.0,"[1.0, 3.1864, 1.3333]",0.14744,1.26171,0.52273,0.46781,"[0.59574, 0.30769, 0.5]",0.54545,0.48492,"[0.63636, 0.26667, 0.55172]",47,0.14839,1.39188,50,COMPLETED,23.087
137,20251213_183116,gaitpart_GREW.csv,best_configs_v3,LSTM,42,2,"[256, 384]",True,L2,0.0,[],[1],max,512,gelu,True,32,Adam,,0.0002,1e-05,False,256,0.03,1.0,"[1.0, 3.1864, 1.3333]",0.14482,1.76989,0.54545,0.40741,"[0.71429, 0.28571, 0.22222]",0.52273,0.49485,"[0.61905, 0.42105, 0.44444]",62,0.17358,1.65346,85,COMPLETED,21.721
138,20251213_183116,gaitpart_OUMVLP.csv,best_configs_v3,LSTM,42,2,"[256, 384]",True,L2,0.0,[],[1],max,512,gelu,True,32,Adam,,0.0002,1e-05,False,256,0.03,1.0,"[1.0, 3.1864, 1.3333]",0.14525,1.32709,0.52273,0.39657,"[0.63415, 0.0, 0.55556]",0.47727,0.44139,"[0.58824, 0.19048, 0.54545]",55,0.59339,1.41361,117,COMPLETED,29.865
139,20251213_183116,gaitset.csv,best_configs_v3,LSTM,42,2,"[256, 384]",True,L2,0.0,[],[1],max,512,gelu,True,32,Adam,,0.0002,1e-05,False,256,0.03,1.0,"[1.0, 3.1864, 1.3333]",0.1454,1.601,0.34091,0.29071,"[0.4878, 0.11765, 0.26667]",0.5,0.31469,"[0.64407, 0.0, 0.3]",35,0.16933,2.02192,48,COMPLETED,22.035
140,20251213_183116,gaitset_GREW.csv,best_configs_v3,LSTM,42,2,"[256, 384]",True,L2,0.0,[],[1],max,512,gelu,True,32,Adam,,0.0002,1e-05,False,256,0.03,1.0,"[1.0, 3.1864, 1.3333]",0.14438,1.40891,0.45455,0.36192,"[0.63415, 0.0, 0.45161]",0.59091,0.42751,"[0.71111, 0.0, 0.57143]",48,0.15204,1.22305,59,COMPLETED,27.186
141,20251213_183116,gaitset_OUMVLP.csv,best_configs_v3,LSTM,42,2,"[256, 384]",True,L2,0.0,[],[1],max,512,gelu,True,32,Adam,,0.0002,1e-05,False,256,0.03,1.0,"[1.0, 3.1864, 1.3333]",0.14477,1.7433,0.34091,0.25065,"[0.4186, 0.0, 0.33333]",0.40909,0.35713,"[0.46154, 0.125, 0.48485]",72,0.40311,1.56616,116,COMPLETED,53.379
142,20251213_183116,gln_phase1.csv,best_configs_v3,LSTM,42,2,"[256, 384]",True,L2,0.0,[],[1],max,512,gelu,True,32,Adam,,0.0002,1e-05,False,256,0.03,1.0,"[1.0, 3.1864, 1.3333]",0.14664,1.14361,0.56818,0.41148,"[0.61905, 0.0, 0.61538]",0.59091,0.53898,"[0.69388, 0.46154, 0.46154]",42,0.14826,1.17155,45,COMPLETED,27.667
143,20251213_183116,gln_phase2.csv,best_configs_v3,LSTM,42,2,"[256, 384]",True,L2,0.0,[],[1],max,512,gelu,True,32,Adam,,0.0002,1e-05,False,256,0.03,1.0,"[1.0, 3.1864, 1.3333]",0.14497,1.03137,0.54545,0.45437,"[0.625, 0.16667, 0.57143]",0.61364,0.50458,"[0.69231, 0.25, 0.57143]",22,0.20033,1.00501,37,COMPLETED,22.684

105,20251213_183116,baseline_CASIAB.csv,best_configs_v3,LSTM,42,1,[256],False,L2,0.0,[],[],max,,,False,64,AdamW,,0.001,1e-05,True,256,0.03,1.0,"[1.0, 3.1864, 1.3333]",0.14563,1.9238,0.52273,0.44091,"[0.58537, 0.18182, 0.55556]",0.59091,0.53695,"[0.62222, 0.36364, 0.625]",89,0.21547,1.54919,204,COMPLETED,16.439
106,20251213_183116,baseline_OUMVLP.csv,best_configs_v3,LSTM,42,1,[256],False,L2,0.0,[],[],max,,,False,64,AdamW,,0.001,1e-05,True,256,0.03,1.0,"[1.0, 3.1864, 1.3333]",0.14074,2.28065,0.43182,0.37218,"[0.47368, 0.14286, 0.5]",0.65909,0.5959,"[0.68182, 0.4, 0.70588]",62,0.67136,1.08696,250,COMPLETED,19.931
107,20251213_183116,gaitgl.csv,best_configs_v3,LSTM,42,1,[256],False,L2,0.0,[],[],max,,,False,64,AdamW,,0.001,1e-05,True,128,0.03,1.0,"[1.0, 3.1864, 1.3333]",0.14077,2.51925,0.38636,0.27111,"[0.48, 0.0, 0.33333]",0.47727,0.48165,"[0.4878, 0.5, 0.45714]",117,0.16712,1.94719,122,COMPLETED,11.89
108,20251213_183116,gaitgl_GREW.csv,best_configs_v3,LSTM,42,1,[256],False,L2,0.0,[],[],max,,,False,64,AdamW,,0.001,1e-05,True,256,0.03,1.0,"[1.0, 3.1864, 1.3333]",0.14199,2.28736,0.38636,0.26923,"[0.5, 0.0, 0.30769]",0.54545,0.51587,"[0.5, 0.42857, 0.61905]",63,0.24813,1.88362,73,COMPLETED,8.025
109,20251213_183116,gaitgl_GREW_BNNeck.csv,best_configs_v3,LSTM,42,1,[256],False,L2,0.0,[],[],max,,,False,64,AdamW,,0.001,1e-05,True,256,0.03,1.0,"[1.0, 3.1864, 1.3333]",0.14239,2.50695,0.38636,0.29799,"[0.43243, 0.0, 0.46154]",0.5,0.45271,"[0.55814, 0.26667, 0.53333]",140,0.15534,2.06988,151,COMPLETED,16.294
110,20251213_183116,gaitgl_OUMVLP.csv,best_configs_v3,LSTM,42,1,[256],False,L2,0.0,[],[],max,,,False,64,AdamW,,0.001,1e-05,True,256,0.03,1.0,"[1.0, 3.1864, 1.3333]",0.14215,1.94372,0.54545,0.44343,"[0.68085, 0.16667, 0.48276]",0.52273,0.4952,"[0.63415, 0.41667, 0.43478]",88,0.62798,1.3998,189,COMPLETED,20.546
111,20251213_183116,gaitpart_GREW.csv,best_configs_v3,LSTM,42,1,[256],False,L2,0.0,[],[],max,,,False,64,AdamW,,0.001,1e-05,True,256,0.03,1.0,"[1.0, 3.1864, 1.3333]",0.14445,2.3691,0.43182,0.3781,"[0.60465, 0.18182, 0.34783]",0.5,0.47119,"[0.5641, 0.33333, 0.51613]",87,0.40152,1.65424,184,COMPLETED,13.191
112,20251213_183116,gaitpart_OUMVLP.csv,best_configs_v3,LSTM,42,1,[256],False,L2,0.0,[],[],max,,,False,64,AdamW,,0.001,1e-05,True,256,0.03,1.0,"[1.0, 3.1864, 1.3333]",0.40715,2.11853,0.5,0.37354,"[0.63415, 0.0, 0.48649]",0.61364,0.4375,"[0.75, 0.0, 0.5625]",249,0.46406,1.50014,524,STOPPED,37.784
113,20251213_183116,gaitset.csv,best_configs_v3,LSTM,42,1,[256],False,L2,0.0,[],[],max,,,False,64,AdamW,,0.001,1e-05,True,256,0.03,1.0,"[1.0, 3.1864, 1.3333]",0.14216,2.69758,0.38636,0.28316,"[0.55319, 0.0, 0.2963]",0.43182,0.39063,"[0.53659, 0.23529, 0.4]",93,0.29179,2.21566,127,COMPLETED,13.533
114,20251213_183116,gaitset_GREW.csv,best_configs_v3,LSTM,42,1,[256],False,L2,0.0,[],[],max,,,False,64,AdamW,,0.001,1e-05,True,256,0.03,1.0,"[1.0, 3.1864, 1.3333]",0.1399,1.80133,0.52273,0.37749,"[0.68085, 0.0, 0.45161]",0.56818,0.42496,"[0.72727, 0.16667, 0.38095]",157,0.15066,1.87512,174,COMPLETED,18.728
115,20251213_183116,gaitset_OUMVLP.csv,best_configs_v3,LSTM,42,1,[256],False,L2,0.0,[],[],max,,,False,64,AdamW,,0.001,1e-05,True,256,0.03,1.0,"[1.0, 3.1864, 1.3333]",0.14042,2.28414,0.45455,0.36957,"[0.6087, 0.14286, 0.35714]",0.5,0.47338,"[0.57778, 0.42857, 0.41379]",489,0.1601,2.11472,497,COMPLETED,52.803
116,20251213_183116,gln_phase1.csv,best_configs_v3,LSTM,42,1,[256],False,L2,0.0,[],[],max,,,False,64,AdamW,,0.001,1e-05,True,256,0.03,1.0,"[1.0, 3.1864, 1.3333]",0.14213,2.57555,0.36364,0.28148,"[0.4, 0.0, 0.44444]",0.52273,0.44955,"[0.62745, 0.26667, 0.45455]",83,0.46049,1.91008,148,COMPLETED,20.189
117,20251213_183116,gln_phase2.csv,best_configs_v3,LSTM,42,1,[256],False,L2,0.0,[],[],max,,,False,64,AdamW,,0.001,1e-05,True,256,0.03,1.0,"[1.0, 3.1864, 1.3333]",0.14124,1.74945,0.5,0.3779,"[0.54545, 0.0, 0.58824]",0.59091,0.51999,"[0.68085, 0.30769, 0.57143]",119,0.20886,1.45974,167,COMPLETED,22.393

27,20251213_183116,baseline_CASIAB.csv,best_configs_v3,LSTM,42,1,[64],True,minmax,0.0,[],[],last,768,silu,False,48,AdamW,,0.0002,1e-07,True,256,0.03,1.0,"[1.0, 3.1864, 1.3333]",0.14813,1.82354,0.5,0.4743,"[0.52941, 0.35294, 0.54054]",0.56818,0.54949,"[0.61538, 0.47059, 0.5625]",270,0.28077,2.12501,512,COMPLETED,66.75
28,20251213_183116,baseline_OUMVLP.csv,best_configs_v3,LSTM,42,1,[64],True,minmax,0.0,[],[],last,768,silu,False,48,AdamW,,0.0002,1e-07,True,256,0.03,1.0,"[1.0, 3.1864, 1.3333]",0.14818,2.40055,0.36364,0.26932,"[0.34286, 0.0, 0.46512]",0.52273,0.48608,"[0.5, 0.36364, 0.59459]",162,0.62811,1.61854,573,COMPLETED,74.37
29,20251213_183116,gaitgl.csv,best_configs_v3,LSTM,42,1,[64],True,minmax,0.0,[],[],last,768,silu,False,48,AdamW,,0.0002,1e-07,True,128,0.03,1.0,"[1.0, 3.1864, 1.3333]",0.14799,2.34195,0.36364,0.29141,"[0.45, 0.0, 0.42424]",0.52273,0.48717,"[0.59091, 0.4, 0.47059]",156,0.27274,2.36639,337,COMPLETED,56.13
30,20251213_183116,gaitgl_GREW.csv,best_configs_v3,LSTM,42,1,[64],True,minmax,0.0,[],[],last,768,silu,False,48,AdamW,,0.0002,1e-07,True,256,0.03,1.0,"[1.0, 3.1864, 1.3333]",0.14842,2.2612,0.43182,0.32647,"[0.46512, 0.0, 0.51429]",0.59091,0.49664,"[0.61905, 0.22222, 0.64865]",80,0.53346,1.23001,227,COMPLETED,40.015
31,20251213_183116,gaitgl_GREW_BNNeck.csv,best_configs_v3,LSTM,42,1,[64],True,minmax,0.0,[],[],last,768,silu,False,48,AdamW,,0.0002,1e-07,True,256,0.03,1.0,"[1.0, 3.1864, 1.3333]",0.14884,2.10013,0.5,0.47066,"[0.58537, 0.375, 0.45161]",0.61364,0.57766,"[0.7, 0.46154, 0.57143]",429,0.16555,2.06464,499,COMPLETED,83.105
32,20251213_183116,gaitgl_OUMVLP.csv,best_configs_v3,LSTM,42,1,[64],True,minmax,0.0,[],[],last,768,silu,False,48,AdamW,,0.0002,1e-07,True,256,0.03,1.0,"[1.0, 3.1864, 1.3333]",0.1441,1.73446,0.43182,0.32051,"[0.46154, 0.0, 0.5]",0.56818,0.5202,"[0.59091, 0.36364, 0.60606]",554,0.18177,1.53747,584,COMPLETED,97.021
33,20251213_183116,gaitpart_GREW.csv,best_configs_v3,LSTM,42,1,[64],True,minmax,0.0,[],[],last,768,silu,False,48,AdamW,,0.0002,1e-07,True,256,0.03,1.0,"[1.0, 3.1864, 1.3333]",0.14765,2.11633,0.45455,0.41037,"[0.57778, 0.33333, 0.32]",0.56818,0.54058,"[0.65116, 0.47059, 0.5]",215,0.26866,1.96337,546,COMPLETED,53.333
34,20251213_183116,gaitpart_OUMVLP.csv,best_configs_v3,LSTM,42,1,[64],True,minmax,0.0,[],[],last,768,silu,False,48,AdamW,,0.0002,1e-07,True,256,0.03,1.0,"[1.0, 3.1864, 1.3333]",0.14954,1.69703,0.45455,0.39904,"[0.54054, 0.11111, 0.54545]",0.52273,0.50803,"[0.54054, 0.42105, 0.5625]",258,0.67961,1.40722,1180,COMPLETED,116.967
35,20251213_183116,gaitset.csv,best_configs_v3,LSTM,42,1,[64],True,minmax,0.0,[],[],last,768,silu,False,48,AdamW,,0.0002,1e-07,True,256,0.03,1.0,"[1.0, 3.1864, 1.3333]",0.14774,2.2941,0.38636,0.32881,"[0.51163, 0.11765, 0.35714]",0.47727,0.44444,"[0.5, 0.33333, 0.5]",139,0.71911,1.2081,473,COMPLETED,78.013
36,20251213_183116,gaitset_GREW.csv,best_configs_v3,LSTM,42,1,[64],True,minmax,0.0,[],[],last,768,silu,False,48,AdamW,,0.0002,1e-07,True,256,0.03,1.0,"[1.0, 3.1864, 1.3333]",0.14792,2.43377,0.31818,0.25104,"[0.34286, 0.0, 0.41026]",0.47727,0.45071,"[0.55319, 0.42857, 0.37037]",122,0.65585,2.06965,446,COMPLETED,73.091
37,20251213_183116,gaitset_OUMVLP.csv,best_configs_v3,LSTM,42,1,[64],True,minmax,0.0,[],[],last,768,silu,False,48,AdamW,,0.0002,1e-07,True,256,0.03,1.0,"[1.0, 3.1864, 1.3333]",0.1494,1.94978,0.47727,0.40922,"[0.47368, 0.14286, 0.61111]",0.5,0.48675,"[0.42857, 0.38462, 0.64706]",1343,0.18075,2.35553,1402,STOPPED,231.254
38,20251213_183116,gln_phase1.csv,best_configs_v3,LSTM,42,1,[64],True,minmax,0.0,[],[],last,768,silu,False,48,AdamW,,0.0002,1e-07,True,256,0.03,1.0,"[1.0, 3.1864, 1.3333]",0.14644,1.88852,0.45455,0.44352,"[0.55556, 0.4, 0.375]",0.63636,0.62246,"[0.66667, 0.55556, 0.64516]",186,0.70871,1.17171,744,COMPLETED,157.715
39,20251213_183116,gln_phase2.csv,best_configs_v3,LSTM,42,1,[64],True,minmax,0.0,[],[],last,768,silu,False,48,AdamW,,0.0002,1e-07,True,256,0.03,1.0,"[1.0, 3.1864, 1.3333]",0.14583,1.62091,0.54545,0.45437,"[0.625, 0.16667, 0.57143]",0.56818,0.53606,"[0.63415, 0.42857, 0.54545]",230,0.41438,2.04418,556,COMPLETED,116.027

430,20251213_183116,baseline_CASIAB.csv,best_configs_v3,LSTM,42,1,[448],False,L2,0.0,[],[],last,64,tanh,True,16,AdamW,,0.0001,1e-06,True,256,0.03,1.0,"[1.0, 3.1864, 1.3333]",0.14332,2.07429,0.5,0.48594,"[0.47368, 0.42857, 0.55556]",0.56818,0.56864,"[0.55556, 0.57143, 0.57895]",86,0.538,1.52512,209,COMPLETED,50.225
431,20251213_183116,baseline_OUMVLP.csv,best_configs_v3,LSTM,42,1,[448],False,L2,0.0,[],[],last,64,tanh,True,16,AdamW,,0.0001,1e-06,True,256,0.03,1.0,"[1.0, 3.1864, 1.3333]",0.14308,2.44877,0.36364,0.31966,"[0.35897, 0.14286, 0.45714]",0.52273,0.47438,"[0.52632, 0.28571, 0.61111]",72,0.61285,1.22389,277,COMPLETED,67.909
432,20251213_183116,gaitgl.csv,best_configs_v3,LSTM,42,1,[448],False,L2,0.0,[],[],last,64,tanh,True,16,AdamW,,0.0001,1e-06,True,128,0.03,1.0,"[1.0, 3.1864, 1.3333]",0.14835,2.09943,0.47727,0.42984,"[0.58537, 0.26667, 0.4375]",0.52273,0.51363,"[0.55814, 0.5, 0.48276]",115,0.14867,2.09025,116,COMPLETED,32.915
433,20251213_183116,gaitgl_GREW.csv,best_configs_v3,LSTM,42,1,[448],False,L2,0.0,[],[],last,64,tanh,True,16,AdamW,,0.0001,1e-06,True,256,0.03,1.0,"[1.0, 3.1864, 1.3333]",0.14565,2.18876,0.40909,0.35332,"[0.47368, 0.15385, 0.43243]",0.47727,0.45801,"[0.54545, 0.42857, 0.4]",39,0.23193,1.7387,72,COMPLETED,21.854
434,20251213_183116,gaitgl_GREW_BNNeck.csv,best_configs_v3,LSTM,42,1,[448],False,L2,0.0,[],[],last,64,tanh,True,16,AdamW,,0.0001,1e-06,True,256,0.03,1.0,"[1.0, 3.1864, 1.3333]",0.1437,2.25879,0.43182,0.39349,"[0.5, 0.26667, 0.41379]",0.47727,0.46266,"[0.47368, 0.4, 0.51429]",122,0.21045,2.11282,187,COMPLETED,55.255
435,20251213_183116,gaitgl_OUMVLP.csv,best_configs_v3,LSTM,42,1,[448],False,L2,0.0,[],[],last,64,tanh,True,16,AdamW,,0.0001,1e-06,True,256,0.03,1.0,"[1.0, 3.1864, 1.3333]",0.14341,1.87377,0.54545,0.46086,"[0.59091, 0.16667, 0.625]",0.59091,0.4877,"[0.69388, 0.15385, 0.61538]",125,0.23386,1.8914,205,COMPLETED,60.097
436,20251213_183116,gaitpart_GREW.csv,best_configs_v3,LSTM,42,1,[448],False,L2,0.0,[],[],last,64,tanh,True,16,AdamW,,0.0001,1e-06,True,256,0.03,1.0,"[1.0, 3.1864, 1.3333]",0.14398,1.65576,0.5,0.46483,"[0.59091, 0.375, 0.42857]",0.59091,0.56999,"[0.61538, 0.5, 0.59459]",154,0.16481,1.54923,187,COMPLETED,38.226
437,20251213_183116,gaitpart_OUMVLP.csv,best_configs_v3,LSTM,42,1,[448],False,L2,0.0,[],[],last,64,tanh,True,16,AdamW,,0.0001,1e-06,True,256,0.03,1.0,"[1.0, 3.1864, 1.3333]",0.14714,1.2981,0.63636,0.51846,"[0.73469, 0.2, 0.62069]",0.65909,0.59762,"[0.7234, 0.44444, 0.625]",389,0.29818,1.3493,431,COMPLETED,88.795
438,20251213_183116,gaitset.csv,best_configs_v3,LSTM,42,1,[448],False,L2,0.0,[],[],last,64,tanh,True,16,AdamW,,0.0001,1e-06,True,256,0.03,1.0,"[1.0, 3.1864, 1.3333]",0.14521,2.49957,0.36364,0.28165,"[0.51163, 0.0, 0.33333]",0.47727,0.42019,"[0.59574, 0.30769, 0.35714]",92,0.49229,1.82439,315,COMPLETED,95.204
439,20251213_183116,gaitset_GREW.csv,best_configs_v3,LSTM,42,1,[448],False,L2,0.0,[],[],last,64,tanh,True,16,AdamW,,0.0001,1e-06,True,256,0.03,1.0,"[1.0, 3.1864, 1.3333]",0.14351,2.37312,0.31818,0.22609,"[0.47826, 0.0, 0.2]",0.40909,0.40651,"[0.43243, 0.4, 0.3871]",173,0.16044,2.64947,178,COMPLETED,53.745
440,20251213_183116,gaitset_OUMVLP.csv,best_configs_v3,LSTM,42,1,[448],False,L2,0.0,[],[],last,64,tanh,True,16,AdamW,,0.0001,1e-06,True,256,0.03,1.0,"[1.0, 3.1864, 1.3333]",0.14692,1.83305,0.52273,0.42893,"[0.6383, 0.18182, 0.46667]",0.61364,0.56806,"[0.74419, 0.4, 0.56]",378,0.25157,1.77997,541,COMPLETED,162.782
441,20251213_183116,gln_phase1.csv,best_configs_v3,LSTM,42,1,[448],False,L2,0.0,[],[],last,64,tanh,True,16,AdamW,,0.0001,1e-06,True,256,0.03,1.0,"[1.0, 3.1864, 1.3333]",0.14354,1.9814,0.43182,0.39127,"[0.52381, 0.25, 0.4]",0.59091,0.57131,"[0.58537, 0.5, 0.62857]",63,0.6302,1.0783,232,COMPLETED,84.855
442,20251213_183116,gln_phase2.csv,best_configs_v3,LSTM,42,1,[448],False,L2,0.0,[],[],last,64,tanh,True,16,AdamW,,0.0001,1e-06,True,256,0.03,1.0,"[1.0, 3.1864, 1.3333]",0.14573,2.60445,0.36364,0.32478,"[0.37838, 0.11111, 0.48485]",0.5,0.48957,"[0.53659, 0.46154, 0.47059]",62,0.53752,1.41601,172,COMPLETED,64.276

1249,20251214_012607,baseline_CASIAB.csv,best_configs_v3,LSTM,42,2,"[288, 576]",False,minmax,0.0,[],[],last,128,relu,False,16,RMSprop,,0.00045,1e-06,False,256,0.03,1.0,"[1.0, 3.1864, 1.3333]",0.14373,1.86896,0.52273,0.50754,"[0.58537, 0.47059, 0.46667]",0.61364,0.61396,"[0.61538, 0.61538, 0.61111]",208,0.2428,1.88995,255,COMPLETED,100.62
1250,20251214_012607,baseline_OUMVLP.csv,best_configs_v3,LSTM,42,2,"[288, 576]",False,minmax,0.0,[],[],last,128,relu,False,16,RMSprop,,0.00045,1e-06,False,256,0.03,1.0,"[1.0, 3.1864, 1.3333]",0.14207,1.82023,0.47727,0.40743,"[0.46154, 0.18182, 0.57895]",0.59091,0.49214,"[0.59459, 0.18182, 0.7]",237,0.21445,1.60985,269,COMPLETED,98.684
1251,20251214_012607,gaitgl.csv,best_configs_v3,LSTM,42,2,"[288, 576]",False,minmax,0.0,[],[],last,128,relu,False,16,RMSprop,,0.00045,1e-06,False,128,0.03,1.0,"[1.0, 3.1864, 1.3333]",0.14198,2.2075,0.36364,0.2809,"[0.41026, 0.0, 0.43243]",0.47727,0.46553,"[0.57143, 0.46154, 0.36364]",232,0.23834,1.9659,286,COMPLETED,145.616
1252,20251214_012607,gaitgl_GREW.csv,best_configs_v3,LSTM,42,2,"[288, 576]",False,minmax,0.0,[],[],last,128,relu,False,16,RMSprop,,0.00045,1e-06,False,256,0.03,1.0,"[1.0, 3.1864, 1.3333]",0.14303,2.33558,0.43182,0.32094,"[0.45, 0.0, 0.51282]",0.52273,0.50861,"[0.55, 0.46154, 0.51429]",76,0.50261,1.64363,129,COMPLETED,65.95
1253,20251214_012607,gaitgl_GREW_BNNeck.csv,best_configs_v3,LSTM,42,2,"[288, 576]",False,minmax,0.0,[],[],last,128,relu,False,16,RMSprop,,0.00045,1e-06,False,256,0.03,1.0,"[1.0, 3.1864, 1.3333]",1.10796,1.09055,0.47727,0.21538,"[0.64615, 0.0, 0.0]",0.47727,0.21538,"[0.64615, 0.0, 0.0]",414,1.10796,1.09055,414,STOPPED,213.877
1254,20251214_012607,gaitgl_OUMVLP.csv,best_configs_v3,LSTM,42,2,"[288, 576]",False,minmax,0.0,[],[],last,128,relu,False,16,RMSprop,,0.00045,1e-06,False,256,0.03,1.0,"[1.0, 3.1864, 1.3333]",0.1409,2.01739,0.40909,0.2957,"[0.5, 0.0, 0.3871]",0.52273,0.44414,"[0.55, 0.15385, 0.62857]",376,0.19844,2.03164,418,COMPLETED,219.918
1255,20251214_012607,gaitpart_GREW.csv,best_configs_v3,LSTM,42,2,"[288, 576]",False,minmax,0.0,[],[],last,128,relu,False,16,RMSprop,,0.00045,1e-06,False,256,0.03,1.0,"[1.0, 3.1864, 1.3333]",0.14304,2.21654,0.45455,0.43442,"[0.51282, 0.35294, 0.4375]",0.56818,0.52422,"[0.66667, 0.46154, 0.44444]",216,0.25917,1.92543,280,COMPLETED,82.132
1256,20251214_012607,gaitpart_OUMVLP.csv,best_configs_v3,LSTM,42,2,"[288, 576]",False,minmax,0.0,[],[],last,128,relu,False,16,RMSprop,,0.00045,1e-06,False,256,0.03,1.0,"[1.0, 3.1864, 1.3333]",0.14224,1.43592,0.61364,0.56896,"[0.69767, 0.42857, 0.58065]",0.68182,0.69197,"[0.7, 0.72727, 0.64865]",342,0.60827,0.92307,735,COMPLETED,218.7
1257,20251214_012607,gaitset.csv,best_configs_v3,LSTM,42,2,"[288, 576]",False,minmax,0.0,[],[],last,128,relu,False,16,RMSprop,,0.00045,1e-06,False,256,0.03,1.0,"[1.0, 3.1864, 1.3333]",0.14276,2.20756,0.38636,0.33181,"[0.46512, 0.16667, 0.36364]",0.56818,0.53195,"[0.65116, 0.42857, 0.51613]",130,0.33544,1.7335,202,COMPLETED,103.513
1258,20251214_012607,gaitset_GREW.csv,best_configs_v3,LSTM,42,2,"[288, 576]",False,minmax,0.0,[],[],last,128,relu,False,16,RMSprop,,0.00045,1e-06,False,256,0.03,1.0,"[1.0, 3.1864, 1.3333]",0.14318,1.98378,0.47727,0.40388,"[0.58537, 0.18182, 0.44444]",0.52273,0.49495,"[0.60465, 0.42857, 0.45161]",229,0.1446,1.91717,249,COMPLETED,121.516
1259,20251214_012607,gaitset_OUMVLP.csv,best_configs_v3,LSTM,42,2,"[288, 576]",False,minmax,0.0,[],[],last,128,relu,False,16,RMSprop,,0.00045,1e-06,False,256,0.03,1.0,"[1.0, 3.1864, 1.3333]",0.14178,2.06318,0.40909,0.36964,"[0.5641, 0.22222, 0.32258]",0.59091,0.49386,"[0.65, 0.2, 0.63158]",573,0.41023,1.89945,758,COMPLETED,388.784
1260,20251214_012607,gln_phase1.csv,best_configs_v3,LSTM,42,2,"[288, 576]",False,minmax,0.0,[],[],last,128,relu,False,16,RMSprop,,0.00045,1e-06,False,256,0.03,1.0,"[1.0, 3.1864, 1.3333]",0.14392,2.116,0.43182,0.3908,"[0.55, 0.23529, 0.3871]",0.54545,0.51493,"[0.52941, 0.4, 0.61538]",178,0.19994,2.18447,241,COMPLETED,157.403
1261,20251214_012607,gln_phase2.csv,best_configs_v3,LSTM,42,2,"[288, 576]",False,minmax,0.0,[],[],last,128,relu,False,16,RMSprop,,0.00045,1e-06,False,256,0.03,1.0,"[1.0, 3.1864, 1.3333]",1.10842,1.09595,0.47727,0.21538,"[0.64615, 0.0, 0.0]",0.47727,0.21538,"[0.64615, 0.0, 0.0]",136,1.10842,1.09595,136,STOPPED,83.923

66,20251215_124314,baseline_CASIAB.csv,best_configs_v3,LSTM,42,4,"[384, 256, 192, 128]",False,L2,0.5,"[1, 3]","[1, 3]",max,1024,leakyrelu,True,32,AdamW,,0.0002,1e-07,False,256,0.03,1.0,"[1.0, 3.1864, 1.3333]",0.14043,2.43459,0.45455,0.39035,"[0.4878, 0.15385, 0.52941]",0.52273,0.473,"[0.5641, 0.26667, 0.58824]",202,0.15826,2.22136,296,COMPLETED,110.179
67,20251215_124314,baseline_OUMVLP.csv,best_configs_v3,LSTM,42,4,"[384, 256, 192, 128]",False,L2,0.5,"[1, 3]","[1, 3]",max,1024,leakyrelu,True,32,AdamW,,0.0002,1e-07,False,256,0.03,1.0,"[1.0, 3.1864, 1.3333]",0.14297,2.06574,0.5,0.44733,"[0.60465, 0.28571, 0.45161]",0.56818,0.50719,"[0.66667, 0.26667, 0.58824]",307,0.17873,1.9711,328,COMPLETED,120.988
68,20251215_124314,gaitgl.csv,best_configs_v3,LSTM,42,4,"[384, 256, 192, 128]",False,L2,0.5,"[1, 3]","[1, 3]",max,1024,leakyrelu,True,32,AdamW,,0.0002,1e-07,False,128,0.03,1.0,"[1.0, 3.1864, 1.3333]",0.14153,2.46227,0.38636,0.31673,"[0.51064, 0.15385, 0.28571]",0.52273,0.45932,"[0.61224, 0.28571, 0.48]",57,0.67946,1.27615,188,COMPLETED,100.459
69,20251215_124314,gaitgl_GREW.csv,best_configs_v3,LSTM,42,4,"[384, 256, 192, 128]",False,L2,0.5,"[1, 3]","[1, 3]",max,1024,leakyrelu,True,32,AdamW,,0.0002,1e-07,False,256,0.03,1.0,"[1.0, 3.1864, 1.3333]",0.14576,1.92452,0.5,0.45071,"[0.57778, 0.30769, 0.46667]",0.56818,0.54545,"[0.63636, 0.5, 0.5]",115,0.17567,1.85512,150,COMPLETED,79.371
70,20251215_124314,gaitgl_GREW_BNNeck.csv,best_configs_v3,LSTM,42,4,"[384, 256, 192, 128]",False,L2,0.5,"[1, 3]","[1, 3]",max,1024,leakyrelu,True,32,AdamW,,0.0002,1e-07,False,256,0.03,1.0,"[1.0, 3.1864, 1.3333]",0.14542,2.83854,0.31818,0.25024,"[0.36364, 0.0, 0.3871]",0.38636,0.36037,"[0.4, 0.21053, 0.47059]",131,0.66188,1.65787,297,COMPLETED,157.76
71,20251215_124314,gaitgl_OUMVLP.csv,best_configs_v3,LSTM,42,4,"[384, 256, 192, 128]",False,L2,0.5,"[1, 3]","[1, 3]",max,1024,leakyrelu,True,32,AdamW,,0.0002,1e-07,False,256,0.03,1.0,"[1.0, 3.1864, 1.3333]",0.1458,2.17824,0.40909,0.30742,"[0.46512, 0.0, 0.45714]",0.59091,0.57125,"[0.65217, 0.54545, 0.51613]",135,0.31201,1.39451,261,COMPLETED,136.287
72,20251215_124314,gaitpart_GREW.csv,best_configs_v3,LSTM,42,4,"[384, 256, 192, 128]",False,L2,0.5,"[1, 3]","[1, 3]",max,1024,leakyrelu,True,32,AdamW,,0.0002,1e-07,False,256,0.03,1.0,"[1.0, 3.1864, 1.3333]",0.14355,2.25881,0.5,0.42444,"[0.57895, 0.15385, 0.54054]",0.59091,0.4894,"[0.68085, 0.16667, 0.62069]",533,0.1965,1.80106,649,COMPLETED,197.175
73,20251215_124314,gaitpart_OUMVLP.csv,best_configs_v3,LSTM,42,4,"[384, 256, 192, 128]",False,L2,0.5,"[1, 3]","[1, 3]",max,1024,leakyrelu,True,32,AdamW,,0.0002,1e-07,False,256,0.03,1.0,"[1.0, 3.1864, 1.3333]",0.17393,2.57601,0.38636,0.29507,"[0.56522, 0.0, 0.32]",0.43182,0.40359,"[0.5641, 0.16667, 0.48]",585,0.30002,2.47785,728,STOPPED,221.729
74,20251215_124314,gaitset.csv,best_configs_v3,LSTM,42,4,"[384, 256, 192, 128]",False,L2,0.5,"[1, 3]","[1, 3]",max,1024,leakyrelu,True,32,AdamW,,0.0002,1e-07,False,256,0.03,1.0,"[1.0, 3.1864, 1.3333]",0.14221,2.81035,0.31818,0.27381,"[0.42857, 0.14286, 0.25]",0.40909,0.38012,"[0.47368, 0.26667, 0.4]",101,0.4199,1.99317,228,COMPLETED,126.446
75,20251215_124314,gaitset_GREW.csv,best_configs_v3,LSTM,42,4,"[384, 256, 192, 128]",False,L2,0.5,"[1, 3]","[1, 3]",max,1024,leakyrelu,True,32,AdamW,,0.0002,1e-07,False,256,0.03,1.0,"[1.0, 3.1864, 1.3333]",0.14225,2.20187,0.5,0.42646,"[0.52381, 0.2, 0.55556]",0.52273,0.4623,"[0.625, 0.33333, 0.42857]",360,0.22987,1.97938,395,COMPLETED,219.094
76,20251215_124314,gaitset_OUMVLP.csv,best_configs_v3,LSTM,42,4,"[384, 256, 192, 128]",False,L2,0.5,"[1, 3]","[1, 3]",max,1024,leakyrelu,True,32,AdamW,,0.0002,1e-07,False,256,0.03,1.0,"[1.0, 3.1864, 1.3333]",0.16597,3.12029,0.29545,0.219,"[0.43478, 0.0, 0.22222]",0.38636,0.37778,"[0.4, 0.33333, 0.4]",284,0.74781,1.38661,681,STOPPED,377.263
77,20251215_124314,gln_phase1.csv,best_configs_v3,LSTM,42,4,"[384, 256, 192, 128]",False,L2,0.5,"[1, 3]","[1, 3]",max,1024,leakyrelu,True,32,AdamW,,0.0002,1e-07,False,256,0.03,1.0,"[1.0, 3.1864, 1.3333]",0.1457,1.9623,0.5,0.45592,"[0.53659, 0.28571, 0.54545]",0.54545,0.53453,"[0.55814, 0.5, 0.54545]",199,0.15468,1.78897,250,COMPLETED,178.393
78,20251215_124314,gln_phase2.csv,best_configs_v3,LSTM,42,4,"[384, 256, 192, 128]",False,L2,0.5,"[1, 3]","[1, 3]",max,1024,leakyrelu,True,32,AdamW,,0.0002,1e-07,False,256,0.03,1.0,"[1.0, 3.1864, 1.3333]",0.14085,2.14166,0.47727,0.41171,"[0.51163, 0.14286, 0.58065]",0.59091,0.53122,"[0.57895, 0.25, 0.76471]",253,0.164,1.71287,264,COMPLETED,188.319
