id,timestamp,target_embedding,top_variant,source_params,model,seed,input_dim,num_layers,layer_sizes,bidirectional,norm,dropout,dropout_layers,norm_layers,pooling,fc_hidden,activation,norm_post_lstm,native_mode,batch_size,optimizer,momentum_sgd,learning_rate,weight_decay,class_weights,label_smoothing,clip_grad_norm,train_loss,test_loss,accuracy,f1_macro,f1_per_class,epochs_trained,train_loss_best_state,test_loss_best_state,best_accuracy,best_f1,best_f1_per_class,best_epoch,training,duration_sec
1,20260108_043339,baseline_CASIAB_TOP50.csv,50%,Preset_1,LSTM,42,256,1,[448],False,L2,0.0,[],[],last,1024,silu,True,True,32,Adam,,0.001,1e-06,[0.68794326 2.1920904  0.91725768],0.02,1.0,0.11765,2.15053,0.45455,0.37238,"[0.56, 0.2, 0.35714]",110,0.15104,2.1563,0.5,0.47196,"[0.44444, 0.4, 0.57143]",98,COMPLETED,12.693
2,20260108_043339,baseline_OUMVLP_TOP50.csv,50%,Preset_1,LSTM,42,256,1,[448],False,L2,0.0,[],[],last,1024,silu,True,True,32,Adam,,0.001,1e-06,[0.68794326 2.1920904  0.91725768],0.02,1.0,0.10622,1.91327,0.47727,0.41036,"[0.5, 0.14286, 0.58824]",121,0.11013,1.98365,0.52273,0.47424,"[0.55, 0.26667, 0.60606]",120,COMPLETED,14.313
3,20260108_043339,gaitgl_GREW_BNNeck_TOP50.csv,50%,Preset_1,LSTM,42,256,1,[448],False,L2,0.0,[],[],last,1024,silu,True,True,32,Adam,,0.001,1e-06,[0.68794326 2.1920904  0.91725768],0.02,1.0,0.10884,1.94644,0.47727,0.46754,"[0.48649, 0.4, 0.51613]",63,0.15212,2.1674,0.61364,0.5848,"[0.66667, 0.42105, 0.66667]",44,COMPLETED,8.674
4,20260108_043339,gaitgl_GREW_TOP50.csv,50%,Preset_1,LSTM,42,256,1,[448],False,L2,0.0,[],[],last,1024,silu,True,True,32,Adam,,0.001,1e-06,[0.68794326 2.1920904  0.91725768],0.02,1.0,0.1103,1.57747,0.56818,0.41941,"[0.65217, 0.0, 0.60606]",29,0.1713,1.7994,0.56818,0.47337,"[0.6383, 0.18182, 0.6]",17,COMPLETED,4.006
5,20260108_043339,gaitgl_OUMVLP_TOP50.csv,50%,Preset_1,LSTM,42,256,1,[448],False,L2,0.0,[],[],last,1024,silu,True,True,32,Adam,,0.001,1e-06,[0.68794326 2.1920904  0.91725768],0.02,1.0,0.10753,2.67111,0.40909,0.31638,"[0.51163, 0.0, 0.4375]",155,0.41496,2.72196,0.36364,0.34161,"[0.37838, 0.22222, 0.42424]",116,COMPLETED,21.183
6,20260108_043339,gaitgl_TOP50.csv,50%,Preset_1,LSTM,42,128,1,[448],False,L2,0.0,[],[],last,1024,silu,True,True,32,Adam,,0.001,1e-06,[0.68794326 2.1920904  0.91725768],0.02,1.0,0.10727,1.84956,0.34091,0.25397,"[0.42857, 0.0, 0.33333]",46,0.326,1.75099,0.47727,0.40769,"[0.48649, 0.2, 0.53659]",23,COMPLETED,5.976
7,20260108_043339,gaitpart_GREW_TOP50.csv,50%,Preset_1,LSTM,42,256,1,[448],False,L2,0.0,[],[],last,1024,silu,True,True,32,Adam,,0.001,1e-06,[0.68794326 2.1920904  0.91725768],0.02,1.0,0.11667,2.67017,0.38636,0.33555,"[0.42857, 0.15385, 0.42424]",91,0.28255,2.20169,0.52273,0.50155,"[0.60465, 0.5, 0.4]",67,COMPLETED,9.31
8,20260108_043339,gaitpart_OUMVLP_TOP50.csv,50%,Preset_1,LSTM,42,256,1,[448],False,L2,0.0,[],[],last,1024,silu,True,True,32,Adam,,0.001,1e-06,[0.68794326 2.1920904  0.91725768],0.02,1.0,0.10754,1.79196,0.54545,0.50137,"[0.65116, 0.35294, 0.5]",421,0.67826,1.17409,0.68182,0.65196,"[0.73684, 0.53333, 0.68571]",161,COMPLETED,43.345
9,20260108_043339,gaitset_GREW_TOP50.csv,50%,Preset_1,LSTM,42,256,1,[448],False,L2,0.0,[],[],last,1024,silu,True,True,32,Adam,,0.001,1e-06,[0.68794326 2.1920904  0.91725768],0.02,1.0,0.10356,2.34707,0.34091,0.29464,"[0.42857, 0.14286, 0.3125]",116,0.11415,2.37247,0.45455,0.38902,"[0.6087, 0.21053, 0.34783]",106,COMPLETED,15.948
10,20260108_043339,gaitset_OUMVLP_TOP50.csv,50%,Preset_1,LSTM,42,256,1,[448],False,L2,0.0,[],[],last,1024,silu,True,True,32,Adam,,0.001,1e-06,[0.68794326 2.1920904  0.91725768],0.02,1.0,0.11121,2.02104,0.45455,0.38384,"[0.54545, 0.18182, 0.42424]",458,0.2917,1.87368,0.56818,0.47133,"[0.66667, 0.16667, 0.58065]",327,COMPLETED,62.124
11,20260108_043339,gaitset_TOP50.csv,50%,Preset_1,LSTM,42,256,1,[448],False,L2,0.0,[],[],last,1024,silu,True,True,32,Adam,,0.001,1e-06,[0.68794326 2.1920904  0.91725768],0.02,1.0,0.11634,2.17978,0.31818,0.28711,"[0.42857, 0.21053, 0.22222]",84,0.11762,2.33163,0.45455,0.43721,"[0.51163, 0.4, 0.4]",80,COMPLETED,11.387
12,20260108_043339,gln_phase1_TOP50.csv,50%,Preset_1,LSTM,42,256,1,[448],False,L2,0.0,[],[],last,1024,silu,True,True,32,Adam,,0.001,1e-06,[0.68794326 2.1920904  0.91725768],0.02,1.0,0.11103,1.50936,0.61364,0.54907,"[0.72, 0.44444, 0.48276]",92,0.15002,1.22578,0.72727,0.71379,"[0.71795, 0.66667, 0.75676]",67,COMPLETED,14.151
13,20260108_043339,gln_phase2_TOP50.csv,50%,Preset_1,LSTM,42,256,1,[448],False,L2,0.0,[],[],last,1024,silu,True,True,32,Adam,,0.001,1e-06,[0.68794326 2.1920904  0.91725768],0.02,1.0,0.10355,1.95789,0.36364,0.28348,"[0.46154, 0.0, 0.38889]",114,0.43419,1.78049,0.5,0.48591,"[0.51429, 0.38095, 0.5625]",37,COMPLETED,17.863

14,20260108_043339,baseline_CASIAB_TOP50.csv,50%,Preset_2,LSTM,42,256,1,[256],False,minmax,0.0,[],[],last,256,relu,True,True,32,Adam,,0.0001,0.0,[0.68794326 2.1920904  0.91725768],0.02,1.0,0.11258,2.40508,0.5,0.4135,"[0.62222, 0.16667, 0.45161]",286,0.44311,1.47492,0.54545,0.48629,"[0.65116, 0.30769, 0.5]",137,COMPLETED,31.925
15,20260108_043339,baseline_OUMVLP_TOP50.csv,50%,Preset_2,LSTM,42,256,1,[256],False,minmax,0.0,[],[],last,256,relu,True,True,32,Adam,,0.0001,0.0,[0.68794326 2.1920904  0.91725768],0.02,1.0,0.11399,2.07441,0.5,0.43944,"[0.54054, 0.11111, 0.66667]",303,0.23145,1.65652,0.61364,0.51054,"[0.71111, 0.15385, 0.66667]",192,COMPLETED,34.187
16,20260108_043339,gaitgl_GREW_BNNeck_TOP50.csv,50%,Preset_2,LSTM,42,256,1,[256],False,minmax,0.0,[],[],last,256,relu,True,True,32,Adam,,0.0001,0.0,[0.68794326 2.1920904  0.91725768],0.02,1.0,0.11134,3.04074,0.43182,0.41544,"[0.52632, 0.32, 0.4]",284,0.62029,1.14344,0.59091,0.53898,"[0.69388, 0.46154, 0.46154]",111,COMPLETED,37.325
17,20260108_043339,gaitgl_GREW_TOP50.csv,50%,Preset_2,LSTM,42,256,1,[256],False,minmax,0.0,[],[],last,256,relu,True,True,32,Adam,,0.0001,0.0,[0.68794326 2.1920904  0.91725768],0.02,1.0,0.11916,2.20392,0.40909,0.31216,"[0.48649, 0.0, 0.45]",119,0.71239,1.27026,0.52273,0.49583,"[0.55, 0.375, 0.5625]",53,COMPLETED,15.439
18,20260108_043339,gaitgl_OUMVLP_TOP50.csv,50%,Preset_2,LSTM,42,256,1,[256],False,minmax,0.0,[],[],last,256,relu,True,True,32,Adam,,0.0001,0.0,[0.68794326 2.1920904  0.91725768],0.02,1.0,0.11912,2.3461,0.45455,0.3596,"[0.54545, 0.0, 0.53333]",331,0.12568,2.34989,0.47727,0.37714,"[0.57143, 0.0, 0.56]",298,COMPLETED,44.636
19,20260108_043339,gaitgl_TOP50.csv,50%,Preset_2,LSTM,42,128,1,[256],False,minmax,0.0,[],[],last,256,relu,True,True,32,Adam,,0.0001,0.0,[0.68794326 2.1920904  0.91725768],0.02,1.0,0.11963,2.25257,0.45455,0.37721,"[0.57778, 0.15385, 0.4]",171,0.12476,2.4568,0.40909,0.40248,"[0.43243, 0.375, 0.4]",155,COMPLETED,21.315
20,20260108_043339,gaitpart_GREW_TOP50.csv,50%,Preset_2,LSTM,42,256,1,[256],False,minmax,0.0,[],[],last,256,relu,True,True,32,Adam,,0.0001,0.0,[0.68794326 2.1920904  0.91725768],0.02,1.0,0.11441,1.98398,0.47727,0.46825,"[0.5, 0.33333, 0.57143]",272,0.12185,1.64291,0.63636,0.61505,"[0.66667, 0.53333, 0.64516]",267,COMPLETED,27.42
21,20260108_043339,gaitpart_OUMVLP_TOP50.csv,50%,Preset_2,LSTM,42,256,1,[256],False,minmax,0.0,[],[],last,256,relu,True,True,32,Adam,,0.0001,0.0,[0.68794326 2.1920904  0.91725768],0.02,1.0,0.11398,1.44769,0.40909,0.36798,"[0.52381, 0.23529, 0.34483]",657,0.71467,1.01381,0.63636,0.64077,"[0.57143, 0.66667, 0.68421]",196,COMPLETED,65.937
22,20260108_043339,gaitset_GREW_TOP50.csv,50%,Preset_2,LSTM,42,256,1,[256],False,minmax,0.0,[],[],last,256,relu,True,True,32,Adam,,0.0001,0.0,[0.68794326 2.1920904  0.91725768],0.02,1.0,0.11583,2.57005,0.29545,0.29461,"[0.27778, 0.27273, 0.33333]",252,0.38547,1.75238,0.54545,0.42963,"[0.66667, 0.22222, 0.4]",168,COMPLETED,33.293
23,20260108_043339,gaitset_OUMVLP_TOP50.csv,50%,Preset_2,LSTM,42,256,1,[256],False,minmax,0.0,[],[],last,256,relu,True,True,32,Adam,,0.0001,0.0,[0.68794326 2.1920904  0.91725768],0.02,1.0,0.1147,2.00328,0.40909,0.39394,"[0.42424, 0.27273, 0.48485]",548,0.12713,1.90961,0.54545,0.50454,"[0.62222, 0.35294, 0.53846]",483,COMPLETED,70.92
24,20260108_043339,gaitset_TOP50.csv,50%,Preset_2,LSTM,42,256,1,[256],False,minmax,0.0,[],[],last,256,relu,True,True,32,Adam,,0.0001,0.0,[0.68794326 2.1920904  0.91725768],0.02,1.0,0.1097,2.23934,0.34091,0.26656,"[0.52381, 0.0, 0.27586]",270,0.72015,1.10215,0.52273,0.41239,"[0.65385, 0.16667, 0.41667]",96,COMPLETED,35.237
25,20260108_043339,gln_phase1_TOP50.csv,50%,Preset_2,LSTM,42,256,1,[256],False,minmax,0.0,[],[],last,256,relu,True,True,32,Adam,,0.0001,0.0,[0.68794326 2.1920904  0.91725768],0.02,1.0,0.11532,1.32581,0.54545,0.5412,"[0.59091, 0.58824, 0.44444]",330,0.1386,1.10373,0.68182,0.67903,"[0.68293, 0.66667, 0.6875]",290,COMPLETED,49.128
26,20260108_043339,gln_phase2_TOP50.csv,50%,Preset_2,LSTM,42,256,1,[256],False,minmax,0.0,[],[],last,256,relu,True,True,32,Adam,,0.0001,0.0,[0.68794326 2.1920904  0.91725768],0.02,1.0,0.11249,2.2058,0.45455,0.41583,"[0.55, 0.28571, 0.41176]",291,0.15145,2.18777,0.52273,0.48174,"[0.6087, 0.375, 0.46154]",240,COMPLETED,43.3

27,20260108_043339,baseline_CASIAB_TOP50.csv,50%,Preset_3,LSTM,42,256,1,[1024],False,L2,0.0,[],[],last,1024,silu,True,True,32,AdamW,,0.0002,1e-06,[0.68794326 2.1920904  0.91725768],0.02,1.0,0.11123,2.27208,0.40909,0.31667,"[0.55, 0.0, 0.4]",96,0.32306,2.52401,0.47727,0.41534,"[0.66667, 0.22222, 0.35714]",67,COMPLETED,15.226
28,20260108_043339,baseline_OUMVLP_TOP50.csv,50%,Preset_3,LSTM,42,256,1,[1024],False,L2,0.0,[],[],last,1024,silu,True,True,32,AdamW,,0.0002,1e-06,[0.68794326 2.1920904  0.91725768],0.02,1.0,0.11012,2.04968,0.52273,0.49511,"[0.52632, 0.35294, 0.60606]",114,0.11772,1.7214,0.59091,0.55144,"[0.63415, 0.375, 0.64516]",107,COMPLETED,18.053
29,20260108_043339,gaitgl_GREW_BNNeck_TOP50.csv,50%,Preset_3,LSTM,42,256,1,[1024],False,L2,0.0,[],[],last,1024,silu,True,True,32,AdamW,,0.0002,1e-06,[0.68794326 2.1920904  0.91725768],0.02,1.0,0.10991,2.10911,0.47727,0.43835,"[0.47368, 0.23529, 0.60606]",64,0.12623,2.03827,0.56818,0.51337,"[0.58537, 0.30769, 0.64706]",57,COMPLETED,12.695
30,20260108_043339,gaitgl_GREW_TOP50.csv,50%,Preset_3,LSTM,42,256,1,[1024],False,L2,0.0,[],[],last,1024,silu,True,True,32,AdamW,,0.0002,1e-06,[0.68794326 2.1920904  0.91725768],0.02,1.0,0.10795,1.62147,0.54545,0.49757,"[0.59574, 0.36364, 0.53333]",35,0.10795,1.62147,0.54545,0.49757,"[0.59574, 0.36364, 0.53333]",35,COMPLETED,6.932
31,20260108_043339,gaitgl_OUMVLP_TOP50.csv,50%,Preset_3,LSTM,42,256,1,[1024],False,L2,0.0,[],[],last,1024,silu,True,True,32,AdamW,,0.0002,1e-06,[0.68794326 2.1920904  0.91725768],0.02,1.0,0.10867,2.23844,0.40909,0.31693,"[0.41026, 0.0, 0.54054]",134,0.2254,2.02653,0.52273,0.39048,"[0.6, 0.0, 0.57143]",84,COMPLETED,26.459
32,20260108_043339,gaitgl_TOP50.csv,50%,Preset_3,LSTM,42,128,1,[1024],False,L2,0.0,[],[],last,1024,silu,True,True,32,AdamW,,0.0002,1e-06,[0.68794326 2.1920904  0.91725768],0.02,1.0,0.11031,2.19526,0.40909,0.34731,"[0.51163, 0.16667, 0.36364]",48,0.11296,2.23428,0.5,0.45845,"[0.57143, 0.33333, 0.47059]",46,COMPLETED,9.168
33,20260108_043339,gaitpart_GREW_TOP50.csv,50%,Preset_3,LSTM,42,256,1,[1024],False,L2,0.0,[],[],last,1024,silu,True,True,32,AdamW,,0.0002,1e-06,[0.68794326 2.1920904  0.91725768],0.02,1.0,0.11121,1.99129,0.54545,0.48673,"[0.63636, 0.30769, 0.51613]",111,0.25422,1.84297,0.56818,0.53894,"[0.6, 0.42857, 0.58824]",64,COMPLETED,14.893
34,20260108_043339,gaitpart_OUMVLP_TOP50.csv,50%,Preset_3,LSTM,42,256,1,[1024],False,L2,0.0,[],[],last,1024,silu,True,True,32,AdamW,,0.0002,1e-06,[0.68794326 2.1920904  0.91725768],0.02,1.0,0.10802,1.87921,0.45455,0.44538,"[0.5, 0.32, 0.51613]",443,0.73814,1.11534,0.65909,0.62698,"[0.71429, 0.5, 0.66667]",90,COMPLETED,59.586
35,20260108_043339,gaitset_GREW_TOP50.csv,50%,Preset_3,LSTM,42,256,1,[1024],False,L2,0.0,[],[],last,1024,silu,True,True,32,AdamW,,0.0002,1e-06,[0.68794326 2.1920904  0.91725768],0.02,1.0,0.11168,2.41541,0.45455,0.40053,"[0.57778, 0.26667, 0.35714]",101,0.11334,2.41412,0.5,0.44069,"[0.63636, 0.28571, 0.4]",99,COMPLETED,19.906
36,20260108_043339,gaitset_OUMVLP_TOP50.csv,50%,Preset_3,LSTM,42,256,1,[1024],False,L2,0.0,[],[],last,1024,silu,True,True,32,AdamW,,0.0002,1e-06,[0.68794326 2.1920904  0.91725768],0.02,1.0,0.11861,1.81307,0.5,0.42456,"[0.58537, 0.14286, 0.54545]",359,0.14809,1.56929,0.63636,0.51979,"[0.73469, 0.18182, 0.64286]",300,COMPLETED,70.078
37,20260108_043339,gaitset_TOP50.csv,50%,Preset_3,LSTM,42,256,1,[1024],False,L2,0.0,[],[],last,1024,silu,True,True,32,AdamW,,0.0002,1e-06,[0.68794326 2.1920904  0.91725768],0.02,1.0,0.11934,2.11028,0.31818,0.22387,"[0.4898, 0.0, 0.18182]",87,0.18224,2.02241,0.52273,0.45549,"[0.65217, 0.28571, 0.42857]",46,COMPLETED,16.944
38,20260108_043339,gln_phase1_TOP50.csv,50%,Preset_3,LSTM,42,256,1,[1024],False,L2,0.0,[],[],last,1024,silu,True,True,32,AdamW,,0.0002,1e-06,[0.68794326 2.1920904  0.91725768],0.02,1.0,0.11395,1.32092,0.52273,0.49325,"[0.57143, 0.375, 0.53333]",89,0.39188,0.90638,0.75,0.73099,"[0.73684, 0.66667, 0.78947]",37,COMPLETED,21.242
39,20260108_043339,gln_phase2_TOP50.csv,50%,Preset_3,LSTM,42,256,1,[1024],False,L2,0.0,[],[],last,1024,silu,True,True,32,AdamW,,0.0002,1e-06,[0.68794326 2.1920904  0.91725768],0.02,1.0,0.11105,1.4465,0.5,0.4521,"[0.6, 0.28571, 0.47059]",93,0.72454,1.1634,0.54545,0.52564,"[0.5, 0.46154, 0.61538]",27,COMPLETED,22.158

40,20260108_043339,baseline_CASIAB_TOP50.csv,50%,Preset_4,LSTM,42,256,1,[96],False,nan,0.0,[],[],last,256,tanh,False,True,32,Adam,,0.001,0.0,[0.68794326 2.1920904  0.91725768],0.02,1.0,0.11991,2.11188,0.43182,0.35654,"[0.56522, 0.18182, 0.32258]",62,0.22755,2.42337,0.5,0.4547,"[0.51429, 0.28571, 0.5641]",37,COMPLETED,6.653
41,20260108_043339,baseline_OUMVLP_TOP50.csv,50%,Preset_4,LSTM,42,256,1,[96],False,nan,0.0,[],[],last,256,tanh,False,True,32,Adam,,0.001,0.0,[0.68794326 2.1920904  0.91725768],0.02,1.0,0.10908,1.6678,0.52273,0.43545,"[0.63636, 0.15385, 0.51613]",102,0.31792,1.81398,0.54545,0.52857,"[0.61905, 0.5, 0.46667]",59,COMPLETED,11.095
42,20260108_043339,gaitgl_GREW_BNNeck_TOP50.csv,50%,Preset_4,LSTM,42,256,1,[96],False,nan,0.0,[],[],last,256,tanh,False,True,32,Adam,,0.001,0.0,[0.68794326 2.1920904  0.91725768],0.02,1.0,0.11305,2.50654,0.45455,0.38996,"[0.48649, 0.14286, 0.54054]",81,0.35458,1.49621,0.59091,0.49785,"[0.60465, 0.22222, 0.66667]",41,COMPLETED,10.244
43,20260108_043339,gaitgl_GREW_TOP50.csv,50%,Preset_4,LSTM,42,256,1,[96],False,nan,0.0,[],[],last,256,tanh,False,True,32,Adam,,0.001,0.0,[0.68794326 2.1920904  0.91725768],0.02,1.0,0.10365,1.38303,0.47727,0.36662,"[0.51163, 0.0, 0.58824]",12,0.10987,1.47872,0.47727,0.40725,"[0.52174, 0.16667, 0.53333]",9,COMPLETED,1.486
44,20260108_043339,gaitgl_OUMVLP_TOP50.csv,50%,Preset_4,LSTM,42,256,1,[96],False,nan,0.0,[],[],last,256,tanh,False,True,32,Adam,,0.001,0.0,[0.68794326 2.1920904  0.91725768],0.02,1.0,0.11001,1.94286,0.5,0.36252,"[0.57143, 0.0, 0.51613]",74,0.15624,1.82995,0.59091,0.44558,"[0.69388, 0.0, 0.64286]",45,COMPLETED,9.339
45,20260108_043339,gaitgl_TOP50.csv,50%,Preset_4,LSTM,42,128,1,[96],False,nan,0.0,[],[],last,256,tanh,False,True,32,Adam,,0.001,0.0,[0.68794326 2.1920904  0.91725768],0.02,1.0,0.10737,1.96745,0.38636,0.3353,"[0.37838, 0.15385, 0.47368]",18,0.11657,2.22355,0.43182,0.37165,"[0.37838, 0.2, 0.53659]",14,COMPLETED,2.202
46,20260108_043339,gaitpart_GREW_TOP50.csv,50%,Preset_4,LSTM,42,256,1,[96],False,nan,0.0,[],[],last,256,tanh,False,True,32,Adam,,0.001,0.0,[0.68794326 2.1920904  0.91725768],0.02,1.0,0.11176,1.95902,0.47727,0.42407,"[0.57778, 0.25, 0.44444]",115,0.17111,2.37722,0.5,0.49314,"[0.52941, 0.41667, 0.53333]",93,COMPLETED,11.198
47,20260108_043339,gaitpart_OUMVLP_TOP50.csv,50%,Preset_4,LSTM,42,256,1,[96],False,nan,0.0,[],[],last,256,tanh,False,True,32,Adam,,0.001,0.0,[0.68794326 2.1920904  0.91725768],0.02,1.0,0.10896,1.60043,0.47727,0.40357,"[0.61905, 0.125, 0.46667]",266,0.62825,1.16694,0.63636,0.56815,"[0.69565, 0.36364, 0.64516]",70,COMPLETED,25.677
48,20260108_043339,gaitset_GREW_TOP50.csv,50%,Preset_4,LSTM,42,256,1,[96],False,nan,0.0,[],[],last,256,tanh,False,True,32,Adam,,0.001,0.0,[0.68794326 2.1920904  0.91725768],0.02,1.0,0.10993,2.62331,0.38636,0.32881,"[0.51163, 0.11765, 0.35714]",81,0.42868,3.60009,0.47727,0.43565,"[0.45714, 0.28571, 0.5641]",46,COMPLETED,10.134
49,20260108_043339,gaitset_OUMVLP_TOP50.csv,50%,Preset_4,LSTM,42,256,1,[96],False,nan,0.0,[],[],last,256,tanh,False,True,32,Adam,,0.001,0.0,[0.68794326 2.1920904  0.91725768],0.02,1.0,0.11002,2.02344,0.52273,0.41548,"[0.65385, 0.22222, 0.37037]",217,0.51879,1.80086,0.52273,0.49182,"[0.58824, 0.31579, 0.57143]",126,COMPLETED,27.211
50,20260108_043339,gaitset_TOP50.csv,50%,Preset_4,LSTM,42,256,1,[96],False,nan,0.0,[],[],last,256,tanh,False,True,32,Adam,,0.001,0.0,[0.68794326 2.1920904  0.91725768],0.02,1.0,0.11272,2.32932,0.36364,0.2963,"[0.44444, 0.0, 0.44444]",66,0.32982,2.26145,0.45455,0.4125,"[0.55, 0.25, 0.4375]",31,COMPLETED,8.351
51,20260108_043339,gln_phase1_TOP50.csv,50%,Preset_4,LSTM,42,256,1,[96],False,nan,0.0,[],[],last,256,tanh,False,True,32,Adam,,0.001,0.0,[0.68794326 2.1920904  0.91725768],0.02,1.0,0.11295,1.34332,0.56818,0.54167,"[0.625, 0.5, 0.5]",57,0.33494,1.17262,0.65909,0.64957,"[0.66667, 0.61538, 0.66667]",30,COMPLETED,8.055
52,20260108_043339,gln_phase2_TOP50.csv,50%,Preset_4,LSTM,42,256,1,[96],False,nan,0.0,[],[],last,256,tanh,False,True,32,Adam,,0.001,0.0,[0.68794326 2.1920904  0.91725768],0.02,1.0,0.10884,1.7259,0.45455,0.41583,"[0.41176, 0.28571, 0.55]",64,0.69994,1.14183,0.56818,0.55637,"[0.54054, 0.5, 0.62857]",18,COMPLETED,8.972

53,20260108_043339,baseline_CASIAB_TOP50.csv,50%,Preset_5,LSTM,42,256,1,[256],True,nan,0.0,[],[],last,,nan,False,True,64,AdamW,,0.0005,1e-05,[0.68794326 2.1920904  0.91725768],0.02,1.0,0.11584,2.30727,0.45455,0.32313,"[0.61224, 0.0, 0.35714]",124,0.27542,2.76402,0.47727,0.43828,"[0.45714, 0.30769, 0.55]",59,COMPLETED,9.593
54,20260108_043339,baseline_OUMVLP_TOP50.csv,50%,Preset_5,LSTM,42,256,1,[256],True,nan,0.0,[],[],last,,nan,False,True,64,AdamW,,0.0005,1e-05,[0.68794326 2.1920904  0.91725768],0.02,1.0,0.11391,2.26252,0.36364,0.3019,"[0.43902, 0.0, 0.46667]",153,0.48252,1.45972,0.56818,0.4211,"[0.6383, 0.0, 0.625]",58,COMPLETED,11.708
55,20260108_043339,gaitgl_GREW_BNNeck_TOP50.csv,50%,Preset_5,LSTM,42,256,1,[256],True,nan,0.0,[],[],last,,nan,False,True,64,AdamW,,0.0005,1e-05,[0.68794326 2.1920904  0.91725768],0.02,1.0,0.11668,2.62115,0.40909,0.37908,"[0.44444, 0.22222, 0.47059]",133,0.51682,2.07622,0.45455,0.4404,"[0.52632, 0.33333, 0.46154]",65,COMPLETED,12.719
56,20260108_043339,gaitgl_GREW_TOP50.csv,50%,Preset_5,LSTM,42,256,1,[256],True,nan,0.0,[],[],last,,nan,False,True,64,AdamW,,0.0005,1e-05,[0.68794326 2.1920904  0.91725768],0.02,1.0,0.10807,1.21744,0.47727,0.4061,"[0.55, 0.18182, 0.48649]",17,0.14369,1.24367,0.59091,0.47364,"[0.69091, 0.25, 0.48]",11,COMPLETED,1.694
57,20260108_043339,gaitgl_OUMVLP_TOP50.csv,50%,Preset_5,LSTM,42,256,1,[256],True,nan,0.0,[],[],last,,nan,False,True,64,AdamW,,0.0005,1e-05,[0.68794326 2.1920904  0.91725768],0.02,1.0,0.1163,1.51117,0.47727,0.35763,"[0.65385, 0.13333, 0.28571]",62,0.15132,1.34044,0.52273,0.44427,"[0.68085, 0.23529, 0.41667]",53,COMPLETED,6.058
58,20260108_043339,gaitgl_TOP50.csv,50%,Preset_5,LSTM,42,128,1,[256],True,nan,0.0,[],[],last,,nan,False,True,64,AdamW,,0.0005,1e-05,[0.68794326 2.1920904  0.91725768],0.02,1.0,0.11495,1.49407,0.36364,0.27665,"[0.36842, 0.0, 0.46154]",27,0.17552,1.67832,0.5,0.46412,"[0.47059, 0.36364, 0.55814]",16,COMPLETED,2.486
59,20260108_043339,gaitpart_GREW_TOP50.csv,50%,Preset_5,LSTM,42,256,1,[256],True,nan,0.0,[],[],last,,nan,False,True,64,AdamW,,0.0005,1e-05,[0.68794326 2.1920904  0.91725768],0.02,1.0,0.11634,2.58317,0.43182,0.42167,"[0.3871, 0.36364, 0.51429]",157,0.4513,1.65211,0.56818,0.55417,"[0.6, 0.5, 0.5625]",65,COMPLETED,9.902
60,20260108_043339,gaitpart_OUMVLP_TOP50.csv,50%,Preset_5,LSTM,42,256,1,[256],True,nan,0.0,[],[],last,,nan,False,True,64,AdamW,,0.0005,1e-05,[0.68794326 2.1920904  0.91725768],0.02,1.0,0.11219,1.71838,0.52273,0.48783,"[0.63158, 0.31579, 0.51613]",583,0.63196,1.12286,0.61364,0.58497,"[0.58824, 0.5, 0.66667]",104,COMPLETED,37.632
61,20260108_043339,gaitset_GREW_TOP50.csv,50%,Preset_5,LSTM,42,256,1,[256],True,nan,0.0,[],[],last,,nan,False,True,64,AdamW,,0.0005,1e-05,[0.68794326 2.1920904  0.91725768],0.02,1.0,0.11626,3.04731,0.29545,0.26179,"[0.23529, 0.11765, 0.43243]",103,0.30811,2.59487,0.54545,0.43704,"[0.66667, 0.2, 0.44444]",55,COMPLETED,9.877
62,20260108_043339,gaitset_OUMVLP_TOP50.csv,50%,Preset_5,LSTM,42,256,1,[256],True,nan,0.0,[],[],last,,nan,False,True,64,AdamW,,0.0005,1e-05,[0.68794326 2.1920904  0.91725768],0.02,1.0,0.11554,1.78817,0.5,0.4556,"[0.54054, 0.28571, 0.54054]",378,0.12942,2.18097,0.54545,0.48889,"[0.66667, 0.4, 0.4]",301,COMPLETED,36.016
63,20260108_043339,gaitset_TOP50.csv,50%,Preset_5,LSTM,42,256,1,[256],True,nan,0.0,[],[],last,,nan,False,True,64,AdamW,,0.0005,1e-05,[0.68794326 2.1920904  0.91725768],0.02,1.0,0.11548,2.59477,0.34091,0.2961,"[0.4186, 0.16667, 0.30303]",118,0.74599,1.30605,0.40909,0.38753,"[0.48649, 0.30769, 0.36842]",32,COMPLETED,11.187
64,20260108_043339,gln_phase1_TOP50.csv,50%,Preset_5,LSTM,42,256,1,[256],True,nan,0.0,[],[],last,,nan,False,True,64,AdamW,,0.0005,1e-05,[0.68794326 2.1920904  0.91725768],0.02,1.0,0.11772,1.49637,0.52273,0.49159,"[0.57895, 0.33333, 0.5625]",97,0.12365,1.31711,0.63636,0.60125,"[0.69767, 0.5, 0.60606]",92,COMPLETED,10.953
65,20260108_043339,gln_phase2_TOP50.csv,50%,Preset_5,LSTM,42,256,1,[256],True,nan,0.0,[],[],last,,nan,False,True,64,AdamW,,0.0005,1e-05,[0.68794326 2.1920904  0.91725768],0.02,1.0,0.11301,1.57433,0.52273,0.37805,"[0.63415, 0.0, 0.5]",100,0.62793,1.32357,0.52273,0.49174,"[0.48485, 0.375, 0.61538]",26,COMPLETED,11.446

66,20260108_043339,baseline_CASIAB_TOP50.csv,50%,Preset_6,LSTM,42,256,2,"[512, 512]",True,minmax,0.1,[1],[1],last,128,relu,True,False,96,AdamW,,0.0002,2e-06,[0.68794326 2.1920904  0.91725768],0.02,1.0,0.11049,2.01888,0.47727,0.36822,"[0.60465, 0.0, 0.5]",242,0.15391,2.15532,0.54545,0.45258,"[0.65217, 0.15385, 0.55172]",215,COMPLETED,29.82
67,20260108_043339,baseline_OUMVLP_TOP50.csv,50%,Preset_6,LSTM,42,256,2,"[512, 512]",True,minmax,0.1,[1],[1],last,128,relu,True,False,96,AdamW,,0.0002,2e-06,[0.68794326 2.1920904  0.91725768],0.02,1.0,0.1187,1.76708,0.52273,0.4883,"[0.5, 0.33333, 0.63158]",271,0.12108,1.4386,0.59091,0.52915,"[0.63158, 0.25, 0.70588]",262,COMPLETED,33.364
68,20260108_043339,gaitgl_GREW_BNNeck_TOP50.csv,50%,Preset_6,LSTM,42,256,2,"[512, 512]",True,minmax,0.1,[1],[1],last,128,relu,True,False,96,AdamW,,0.0002,2e-06,[0.68794326 2.1920904  0.91725768],0.02,1.0,0.10426,2.73876,0.34091,0.30363,"[0.37209, 0.125, 0.41379]",370,0.74683,1.28136,0.47727,0.4404,"[0.54054, 0.2, 0.58065]",211,COMPLETED,62.343
69,20260108_043339,gaitgl_GREW_TOP50.csv,50%,Preset_6,LSTM,42,256,2,"[512, 512]",True,minmax,0.1,[1],[1],last,128,relu,True,False,96,AdamW,,0.0002,2e-06,[0.68794326 2.1920904  0.91725768],0.02,1.0,0.10934,1.85625,0.54545,0.45466,"[0.61224, 0.2, 0.55172]",106,0.12819,1.89994,0.59091,0.54265,"[0.68085, 0.42857, 0.51852]",99,COMPLETED,17.891
70,20260108_043339,gaitgl_OUMVLP_TOP50.csv,50%,Preset_6,LSTM,42,256,2,"[512, 512]",True,minmax,0.1,[1],[1],last,128,relu,True,False,96,AdamW,,0.0002,2e-06,[0.68794326 2.1920904  0.91725768],0.02,1.0,0.10577,1.44734,0.54545,0.39111,"[0.64, 0.0, 0.53333]",342,0.22818,1.41403,0.63636,0.57355,"[0.69565, 0.4, 0.625]",303,COMPLETED,57.757
71,20260108_043339,gaitgl_TOP50.csv,50%,Preset_6,LSTM,42,128,2,"[512, 512]",True,minmax,0.1,[1],[1],last,128,relu,True,False,96,AdamW,,0.0002,2e-06,[0.68794326 2.1920904  0.91725768],0.02,1.0,0.11233,2.19765,0.47727,0.40113,"[0.57778, 0.14286, 0.48276]",122,0.12972,2.24531,0.47727,0.48121,"[0.48649, 0.5, 0.45714]",108,COMPLETED,19.557
72,20260108_043339,gaitpart_GREW_TOP50.csv,50%,Preset_6,LSTM,42,256,2,"[512, 512]",True,minmax,0.1,[1],[1],last,128,relu,True,False,96,AdamW,,0.0002,2e-06,[0.68794326 2.1920904  0.91725768],0.02,1.0,0.10401,2.11256,0.45455,0.41868,"[0.53659, 0.30769, 0.41176]",263,0.5027,1.57216,0.56818,0.54752,"[0.63636, 0.57143, 0.43478]",137,COMPLETED,26.254
73,20260108_043339,gaitpart_OUMVLP_TOP50.csv,50%,Preset_6,LSTM,42,256,2,"[512, 512]",True,minmax,0.1,[1],[1],last,128,relu,True,False,96,AdamW,,0.0002,2e-06,[0.68794326 2.1920904  0.91725768],0.02,1.0,0.10538,1.88312,0.38636,0.38141,"[0.42424, 0.32, 0.4]",679,0.18703,1.56769,0.61364,0.58709,"[0.59459, 0.5, 0.66667]",618,COMPLETED,67.681
74,20260108_043339,gaitset_GREW_TOP50.csv,50%,Preset_6,LSTM,42,256,2,"[512, 512]",True,minmax,0.1,[1],[1],last,128,relu,True,False,96,AdamW,,0.0002,2e-06,[0.68794326 2.1920904  0.91725768],0.02,1.0,0.10762,2.49348,0.29545,0.2788,"[0.35, 0.21053, 0.27586]",280,0.26824,1.83033,0.5,0.39927,"[0.62745, 0.2, 0.37037]",225,COMPLETED,46.27
75,20260108_043339,gaitset_OUMVLP_TOP50.csv,50%,Preset_6,LSTM,42,256,2,"[512, 512]",True,minmax,0.1,[1],[1],last,128,relu,True,False,96,AdamW,,0.0002,2e-06,[0.68794326 2.1920904  0.91725768],0.02,1.0,0.11901,1.92613,0.5,0.35487,"[0.68, 0.0, 0.38462]",644,0.1832,2.2157,0.47727,0.46166,"[0.51429, 0.25, 0.62069]",563,COMPLETED,106.87
76,20260108_043339,gaitset_TOP50.csv,50%,Preset_6,LSTM,42,256,2,"[512, 512]",True,minmax,0.1,[1],[1],last,128,relu,True,False,96,AdamW,,0.0002,2e-06,[0.68794326 2.1920904  0.91725768],0.02,1.0,0.11463,1.81599,0.5,0.43034,"[0.59459, 0.125, 0.57143]",159,0.56297,1.22815,0.56818,0.54548,"[0.61538, 0.42105, 0.6]",98,COMPLETED,26.438
77,20260108_043339,gln_phase1_TOP50.csv,50%,Preset_6,LSTM,42,256,2,"[512, 512]",True,minmax,0.1,[1],[1],last,128,relu,True,False,96,AdamW,,0.0002,2e-06,[0.68794326 2.1920904  0.91725768],0.02,1.0,0.11776,1.58298,0.59091,0.52875,"[0.65, 0.30769, 0.62857]",317,0.11734,1.11553,0.70455,0.68519,"[0.71795, 0.61538, 0.72222]",287,COMPLETED,65.774
78,20260108_043339,gln_phase2_TOP50.csv,50%,Preset_6,LSTM,42,256,2,"[512, 512]",True,minmax,0.1,[1],[1],last,128,relu,True,False,96,AdamW,,0.0002,2e-06,[0.68794326 2.1920904  0.91725768],0.02,1.0,0.10955,1.78311,0.54545,0.51091,"[0.66667, 0.42857, 0.4375]",362,0.12724,1.72784,0.63636,0.62428,"[0.7234, 0.66667, 0.48276]",349,COMPLETED,74.891

79,20260108_043339,baseline_CASIAB_TOP50.csv,50%,Preset_7,LSTM,42,256,2,"[96, 128]",True,L2,0.15,[1],[],mean,128,gelu,True,False,64,AdamW,,0.00025,1e-05,[0.68794326 2.1920904  0.91725768],0.02,1.0,0.11057,2.3139,0.45455,0.38506,"[0.52174, 0.18182, 0.45161]",343,0.2535,1.91281,0.56818,0.52139,"[0.65306, 0.44444, 0.46667]",225,COMPLETED,43.676
80,20260108_043339,baseline_OUMVLP_TOP50.csv,50%,Preset_7,LSTM,42,256,2,"[96, 128]",True,L2,0.15,[1],[],mean,128,gelu,True,False,64,AdamW,,0.00025,1e-05,[0.68794326 2.1920904  0.91725768],0.02,1.0,0.10451,2.39003,0.45455,0.35204,"[0.46154, 0.0, 0.59459]",522,0.35864,1.63743,0.56818,0.51068,"[0.61538, 0.25, 0.66667]",200,COMPLETED,65.901
81,20260108_043339,gaitgl_GREW_BNNeck_TOP50.csv,50%,Preset_7,LSTM,42,256,2,"[96, 128]",True,L2,0.15,[1],[],mean,128,gelu,True,False,64,AdamW,,0.00025,1e-05,[0.68794326 2.1920904  0.91725768],0.02,1.0,0.10675,2.8289,0.36364,0.2836,"[0.43902, 0.0, 0.41176]",290,0.34491,2.34607,0.45455,0.39647,"[0.52632, 0.11765, 0.54545]",143,COMPLETED,47.311
82,20260108_043339,gaitgl_GREW_TOP50.csv,50%,Preset_7,LSTM,42,256,2,"[96, 128]",True,L2,0.15,[1],[],mean,128,gelu,True,False,64,AdamW,,0.00025,1e-05,[0.68794326 2.1920904  0.91725768],0.02,1.0,0.10445,2.79262,0.34091,0.25718,"[0.4186, 0.0, 0.35294]",150,0.1129,2.82625,0.43182,0.39708,"[0.51282, 0.26667, 0.41176]",146,COMPLETED,24.107
83,20260108_043339,gaitgl_OUMVLP_TOP50.csv,50%,Preset_7,LSTM,42,256,2,"[96, 128]",True,L2,0.15,[1],[],mean,128,gelu,True,False,64,AdamW,,0.00025,1e-05,[0.68794326 2.1920904  0.91725768],0.02,1.0,0.10198,3.15409,0.27273,0.24213,"[0.35897, 0.125, 0.24242]",472,0.56911,1.33656,0.47727,0.40877,"[0.5, 0.2, 0.52632]",139,COMPLETED,75.592
84,20260108_043339,gaitgl_TOP50.csv,50%,Preset_7,LSTM,42,128,2,"[96, 128]",True,L2,0.15,[1],[],mean,128,gelu,True,False,64,AdamW,,0.00025,1e-05,[0.68794326 2.1920904  0.91725768],0.02,1.0,0.11134,2.21726,0.52273,0.44531,"[0.55814, 0.22222, 0.55556]",320,0.71782,1.19046,0.54545,0.52227,"[0.55, 0.42857, 0.58824]",48,COMPLETED,49.48
85,20260108_043339,gaitpart_GREW_TOP50.csv,50%,Preset_7,LSTM,42,256,2,"[96, 128]",True,L2,0.15,[1],[],mean,128,gelu,True,False,64,AdamW,,0.00025,1e-05,[0.68794326 2.1920904  0.91725768],0.02,1.0,0.11538,2.55126,0.47727,0.43574,"[0.5, 0.26667, 0.54054]",416,0.25999,2.40032,0.56818,0.53968,"[0.66667, 0.38095, 0.57143]",192,COMPLETED,44.233
86,20260108_043339,gaitpart_OUMVLP_TOP50.csv,50%,Preset_7,LSTM,42,256,2,"[96, 128]",True,L2,0.15,[1],[],mean,128,gelu,True,False,64,AdamW,,0.00025,1e-05,[0.68794326 2.1920904  0.91725768],0.02,1.0,0.1066,2.40377,0.45455,0.42663,"[0.5641, 0.31579, 0.4]",1476,0.26891,1.46859,0.65909,0.63137,"[0.7, 0.54545, 0.64865]",1240,COMPLETED,157.41
87,20260108_043339,gaitset_GREW_TOP50.csv,50%,Preset_7,LSTM,42,256,2,"[96, 128]",True,L2,0.15,[1],[],mean,128,gelu,True,False,64,AdamW,,0.00025,1e-05,[0.68794326 2.1920904  0.91725768],0.02,1.0,0.10251,2.43573,0.47727,0.43155,"[0.57143, 0.28571, 0.4375]",315,0.32268,1.58652,0.59091,0.54746,"[0.69767, 0.42857, 0.51613]",137,COMPLETED,50.079
88,20260108_043339,gaitset_OUMVLP_TOP50.csv,50%,Preset_7,LSTM,42,256,2,"[96, 128]",True,L2,0.15,[1],[],mean,128,gelu,True,False,64,AdamW,,0.00025,1e-05,[0.68794326 2.1920904  0.91725768],0.02,1.0,0.32964,2.7817,0.40909,0.35464,"[0.5, 0.14286, 0.42105]",820,0.63249,1.69321,0.40909,0.38935,"[0.55556, 0.3125, 0.3]",607,STOPPED,129.867
89,20260108_043339,gaitset_TOP50.csv,50%,Preset_7,LSTM,42,256,2,"[96, 128]",True,L2,0.15,[1],[],mean,128,gelu,True,False,64,AdamW,,0.00025,1e-05,[0.68794326 2.1920904  0.91725768],0.02,1.0,0.10933,3.0488,0.31818,0.28185,"[0.32432, 0.14286, 0.37838]",354,0.12233,2.868,0.45455,0.4345,"[0.52632, 0.35294, 0.42424]",319,COMPLETED,56.219
90,20260108_043339,gln_phase1_TOP50.csv,50%,Preset_7,LSTM,42,256,2,"[96, 128]",True,L2,0.15,[1],[],mean,128,gelu,True,False,64,AdamW,,0.00025,1e-05,[0.68794326 2.1920904  0.91725768],0.02,1.0,0.11346,2.23819,0.52273,0.49062,"[0.48649, 0.4, 0.58537]",363,0.32809,1.68284,0.61364,0.58574,"[0.65116, 0.5, 0.60606]",206,COMPLETED,69.726
91,20260108_043339,gln_phase2_TOP50.csv,50%,Preset_7,LSTM,42,256,2,"[96, 128]",True,L2,0.15,[1],[],mean,128,gelu,True,False,64,AdamW,,0.00025,1e-05,[0.68794326 2.1920904  0.91725768],0.02,1.0,0.10856,2.49293,0.40909,0.37811,"[0.46154, 0.23529, 0.4375]",307,0.19851,1.84609,0.56818,0.53434,"[0.57143, 0.4, 0.63158]",154,COMPLETED,58.74

92,20260108_043339,baseline_CASIAB_TOP50.csv,50%,Preset_8,LSTM,42,256,2,"[384, 384]",False,L2,0.0,[],[],last,,nan,False,True,96,AdamW,,0.0008,5e-06,[0.68794326 2.1920904  0.91725768],0.02,1.0,0.11072,2.65401,0.38636,0.28431,"[0.5, 0.0, 0.35294]",238,0.44365,1.54197,0.52273,0.51063,"[0.46667, 0.5, 0.56522]",151,COMPLETED,15.167
93,20260108_043339,baseline_OUMVLP_TOP50.csv,50%,Preset_8,LSTM,42,256,2,"[384, 384]",False,L2,0.0,[],[],last,,nan,False,True,96,AdamW,,0.0008,5e-06,[0.68794326 2.1920904  0.91725768],0.02,1.0,0.10751,2.81178,0.38636,0.34003,"[0.41026, 0.125, 0.48485]",439,0.63221,1.39792,0.52273,0.48526,"[0.53659, 0.36364, 0.55556]",88,COMPLETED,27.784
94,20260108_043339,gaitgl_GREW_BNNeck_TOP50.csv,50%,Preset_8,LSTM,42,256,2,"[384, 384]",False,L2,0.0,[],[],last,,nan,False,True,96,AdamW,,0.0008,5e-06,[0.68794326 2.1920904  0.91725768],0.02,1.0,0.11211,2.39509,0.45455,0.39015,"[0.54545, 0.125, 0.5]",204,0.45134,1.92257,0.52273,0.48969,"[0.6, 0.35294, 0.51613]",74,COMPLETED,16.607
95,20260108_043339,gaitgl_GREW_TOP50.csv,50%,Preset_8,LSTM,42,256,2,"[384, 384]",False,L2,0.0,[],[],last,,nan,False,True,96,AdamW,,0.0008,5e-06,[0.68794326 2.1920904  0.91725768],0.02,1.0,0.11292,2.3626,0.38636,0.36094,"[0.42105, 0.25, 0.41176]",82,0.57448,1.48491,0.52273,0.48556,"[0.61224, 0.44444, 0.4]",40,COMPLETED,6.614
96,20260108_043339,gaitgl_OUMVLP_TOP50.csv,50%,Preset_8,LSTM,42,256,2,"[384, 384]",False,L2,0.0,[],[],last,,nan,False,True,96,AdamW,,0.0008,5e-06,[0.68794326 2.1920904  0.91725768],0.02,1.0,0.11673,2.11577,0.38636,0.28431,"[0.5, 0.0, 0.35294]",334,0.36683,2.30812,0.52273,0.40548,"[0.59574, 0.0, 0.62069]",235,COMPLETED,27.238
97,20260108_043339,gaitgl_TOP50.csv,50%,Preset_8,LSTM,42,128,2,"[384, 384]",False,L2,0.0,[],[],last,,nan,False,True,96,AdamW,,0.0008,5e-06,[0.68794326 2.1920904  0.91725768],0.02,1.0,0.10665,1.96776,0.47727,0.35421,"[0.57778, 0.0, 0.48485]",120,0.16721,1.85814,0.56818,0.4697,"[0.68182, 0.18182, 0.54545]",86,COMPLETED,9.14
98,20260108_043339,gaitpart_GREW_TOP50.csv,50%,Preset_8,LSTM,42,256,2,"[384, 384]",False,L2,0.0,[],[],last,,nan,False,True,96,AdamW,,0.0008,5e-06,[0.68794326 2.1920904  0.91725768],0.02,1.0,0.1041,1.8144,0.5,0.45489,"[0.57895, 0.28571, 0.5]",340,0.373,1.7924,0.65909,0.6237,"[0.75556, 0.55556, 0.56]",256,COMPLETED,17.881
99,20260108_043339,gaitpart_OUMVLP_TOP50.csv,50%,Preset_8,LSTM,42,256,2,"[384, 384]",False,L2,0.0,[],[],last,,nan,False,True,96,AdamW,,0.0008,5e-06,[0.68794326 2.1920904  0.91725768],0.02,1.0,0.31002,1.20574,0.54545,0.4588,"[0.59459, 0.18182, 0.6]",872,0.32382,1.27255,0.68182,0.63095,"[0.75, 0.5, 0.64286]",642,STOPPED,45.184
100,20260108_043339,gaitset_GREW_TOP50.csv,50%,Preset_8,LSTM,42,256,2,"[384, 384]",False,L2,0.0,[],[],last,,nan,False,True,96,AdamW,,0.0008,5e-06,[0.68794326 2.1920904  0.91725768],0.02,1.0,0.10496,2.93782,0.36364,0.28011,"[0.42857, 0.0, 0.41176]",233,0.11314,2.29721,0.47727,0.46864,"[0.47059, 0.42105, 0.51429]",220,COMPLETED,18.803
101,20260108_043339,gaitset_OUMVLP_TOP50.csv,50%,Preset_8,LSTM,42,256,2,"[384, 384]",False,L2,0.0,[],[],last,,nan,False,True,96,AdamW,,0.0008,5e-06,[0.68794326 2.1920904  0.91725768],0.02,1.0,0.10463,2.4966,0.38636,0.3254,"[0.5, 0.14286, 0.33333]",1112,0.16443,2.05515,0.56818,0.48308,"[0.60465, 0.25, 0.59459]",1058,COMPLETED,89.805
102,20260108_043339,gaitset_TOP50.csv,50%,Preset_8,LSTM,42,256,2,"[384, 384]",False,L2,0.0,[],[],last,,nan,False,True,96,AdamW,,0.0008,5e-06,[0.68794326 2.1920904  0.91725768],0.02,1.0,0.10487,3.00114,0.29545,0.2593,"[0.41026, 0.11765, 0.25]",300,0.4291,2.39095,0.43182,0.38457,"[0.53333, 0.25, 0.37037]",114,COMPLETED,24.246
103,20260108_043339,gln_phase1_TOP50.csv,50%,Preset_8,LSTM,42,256,2,"[384, 384]",False,L2,0.0,[],[],last,,nan,False,True,96,AdamW,,0.0008,5e-06,[0.68794326 2.1920904  0.91725768],0.02,1.0,0.10433,2.30826,0.45455,0.41567,"[0.52381, 0.28571, 0.4375]",235,0.66627,0.97536,0.59091,0.58716,"[0.57895, 0.57143, 0.61111]",62,COMPLETED,23.253
104,20260108_043339,gln_phase2_TOP50.csv,50%,Preset_8,LSTM,42,256,2,"[384, 384]",False,L2,0.0,[],[],last,,nan,False,True,96,AdamW,,0.0008,5e-06,[0.68794326 2.1920904  0.91725768],0.02,1.0,0.11769,1.95548,0.5,0.45071,"[0.57778, 0.30769, 0.46667]",210,0.51319,1.55783,0.56818,0.54949,"[0.61905, 0.5, 0.52941]",65,COMPLETED,20.84

105,20260108_043339,baseline_CASIAB_TOP50.csv,50%,Preset_9,LSTM,42,256,2,"[160, 160]",True,minmax,0.2,[1],[],attention,128,relu,True,False,48,AdamW,,0.0002,2e-06,[0.68794326 2.1920904  0.91725768],0.02,1.0,0.10906,2.31862,0.47727,0.46394,"[0.51163, 0.42857, 0.45161]",897,0.22022,2.31586,0.56818,0.56845,"[0.57143, 0.57143, 0.5625]",817,COMPLETED,148.966
106,20260108_043339,baseline_OUMVLP_TOP50.csv,50%,Preset_9,LSTM,42,256,2,"[160, 160]",True,minmax,0.2,[1],[],attention,128,relu,True,False,48,AdamW,,0.0002,2e-06,[0.68794326 2.1920904  0.91725768],0.02,1.0,0.1091,3.20637,0.27273,0.21872,"[0.27778, 0.0, 0.37838]",626,0.70554,1.37481,0.5,0.41987,"[0.57778, 0.18182, 0.5]",220,COMPLETED,104.072
107,20260108_043339,gaitgl_GREW_BNNeck_TOP50.csv,50%,Preset_9,LSTM,42,256,2,"[160, 160]",True,minmax,0.2,[1],[],attention,128,relu,True,False,48,AdamW,,0.0002,2e-06,[0.68794326 2.1920904  0.91725768],0.02,1.0,1.10547,1.09333,0.47727,0.21538,"[0.64615, 0.0, 0.0]",127,1.10547,1.09333,0.47727,0.21538,"[0.64615, 0.0, 0.0]",127,STOPPED,26.778
108,20260108_043339,gaitgl_GREW_TOP50.csv,50%,Preset_9,LSTM,42,256,2,"[160, 160]",True,minmax,0.2,[1],[],attention,128,relu,True,False,48,AdamW,,0.0002,2e-06,[0.68794326 2.1920904  0.91725768],0.02,1.0,0.10865,1.98332,0.5,0.47176,"[0.55814, 0.4, 0.45714]",419,0.15905,2.14352,0.52273,0.48468,"[0.52632, 0.36364, 0.5641]",362,COMPLETED,87.023
109,20260108_043339,gaitgl_OUMVLP_TOP50.csv,50%,Preset_9,LSTM,42,256,2,"[160, 160]",True,minmax,0.2,[1],[],attention,128,relu,True,False,48,AdamW,,0.0002,2e-06,[0.68794326 2.1920904  0.91725768],0.02,1.0,1.10493,1.11652,0.15909,0.0915,"[0.0, 0.27451, 0.0]",152,1.10493,1.11652,0.15909,0.0915,"[0.0, 0.27451, 0.0]",152,STOPPED,31.657
110,20260108_043339,gaitgl_TOP50.csv,50%,Preset_9,LSTM,42,128,2,"[160, 160]",True,minmax,0.2,[1],[],attention,128,relu,True,False,48,AdamW,,0.0002,2e-06,[0.68794326 2.1920904  0.91725768],0.02,1.0,0.11759,2.15352,0.5,0.46123,"[0.6087, 0.4, 0.375]",372,0.45989,1.43528,0.54545,0.54167,"[0.625, 0.6, 0.4]",201,COMPLETED,75.269
111,20260108_043339,gaitpart_GREW_TOP50.csv,50%,Preset_9,LSTM,42,256,2,"[160, 160]",True,minmax,0.2,[1],[],attention,128,relu,True,False,48,AdamW,,0.0002,2e-06,[0.68794326 2.1920904  0.91725768],0.02,1.0,0.10866,2.75355,0.43182,0.39555,"[0.51282, 0.22222, 0.45161]",636,0.51107,1.3455,0.59091,0.51151,"[0.70833, 0.30769, 0.51852]",379,COMPLETED,89.658
112,20260108_043339,gaitpart_OUMVLP_TOP50.csv,50%,Preset_9,LSTM,42,256,2,"[160, 160]",True,minmax,0.2,[1],[],attention,128,relu,True,False,48,AdamW,,0.0002,2e-06,[0.68794326 2.1920904  0.91725768],0.02,1.0,0.10569,2.21875,0.5,0.45462,"[0.54545, 0.26667, 0.55172]",1792,0.50579,1.25957,0.63636,0.58704,"[0.66667, 0.44444, 0.65]",1053,COMPLETED,252.887
113,20260108_043339,gaitset_GREW_TOP50.csv,50%,Preset_9,LSTM,42,256,2,"[160, 160]",True,minmax,0.2,[1],[],attention,128,relu,True,False,48,AdamW,,0.0002,2e-06,[0.68794326 2.1920904  0.91725768],0.02,1.0,0.10958,2.46986,0.47727,0.43505,"[0.51429, 0.23529, 0.55556]",533,0.4133,2.06508,0.47727,0.43761,"[0.51282, 0.28571, 0.51429]",408,COMPLETED,109.275
114,20260108_043339,gaitset_OUMVLP_TOP50.csv,50%,Preset_9,LSTM,42,256,2,"[160, 160]",True,minmax,0.2,[1],[],attention,128,relu,True,False,48,AdamW,,0.0002,2e-06,[0.68794326 2.1920904  0.91725768],0.02,1.0,1.10742,1.08041,0.47727,0.21538,"[0.64615, 0.0, 0.0]",203,1.10742,1.08041,0.47727,0.21538,"[0.64615, 0.0, 0.0]",203,STOPPED,41.674
115,20260108_043339,gaitset_TOP50.csv,50%,Preset_9,LSTM,42,256,2,"[160, 160]",True,minmax,0.2,[1],[],attention,128,relu,True,False,48,AdamW,,0.0002,2e-06,[0.68794326 2.1920904  0.91725768],0.02,1.0,0.10708,2.39397,0.29545,0.24946,"[0.40909, 0.125, 0.21429]",447,0.71019,1.90057,0.47727,0.44531,"[0.55814, 0.33333, 0.44444]",274,COMPLETED,91.748
116,20260108_043339,gln_phase1_TOP50.csv,50%,Preset_9,LSTM,42,256,2,"[160, 160]",True,minmax,0.2,[1],[],attention,128,relu,True,False,48,AdamW,,0.0002,2e-06,[0.68794326 2.1920904  0.91725768],0.02,1.0,1.10707,1.089,0.36364,0.17778,"[0.0, 0.0, 0.53333]",133,1.10707,1.089,0.36364,0.17778,"[0.0, 0.0, 0.53333]",133,STOPPED,32.727
117,20260108_043339,gln_phase2_TOP50.csv,50%,Preset_9,LSTM,42,256,2,"[160, 160]",True,minmax,0.2,[1],[],attention,128,relu,True,False,48,AdamW,,0.0002,2e-06,[0.68794326 2.1920904  0.91725768],0.02,1.0,0.1138,2.9351,0.38636,0.29986,"[0.4878, 0.0, 0.41176]",715,0.22338,2.03274,0.52273,0.50947,"[0.59091, 0.5, 0.4375]",501,COMPLETED,177.601

118,20260108_043339,baseline_CASIAB_TOP50.csv,50%,Preset_10,LSTM,42,256,1,[192],True,L2,0.0,[],[],mean,128,relu,False,True,48,AdamW,,0.0003,1e-06,[0.68794326 2.1920904  0.91725768],0.02,1.0,0.10784,2.49311,0.45455,0.38347,"[0.55319, 0.22222, 0.375]",283,0.18357,2.42899,0.5,0.46734,"[0.57778, 0.4, 0.42424]",208,COMPLETED,29.0
119,20260108_043339,baseline_OUMVLP_TOP50.csv,50%,Preset_10,LSTM,42,256,1,[192],True,L2,0.0,[],[],mean,128,relu,False,True,48,AdamW,,0.0003,1e-06,[0.68794326 2.1920904  0.91725768],0.02,1.0,0.11305,2.1539,0.45455,0.38863,"[0.55814, 0.125, 0.48276]",391,0.26567,1.35676,0.54545,0.49161,"[0.60465, 0.30769, 0.5625]",223,COMPLETED,39.923
120,20260108_043339,gaitgl_GREW_BNNeck_TOP50.csv,50%,Preset_10,LSTM,42,256,1,[192],True,L2,0.0,[],[],mean,128,relu,False,True,48,AdamW,,0.0003,1e-06,[0.68794326 2.1920904  0.91725768],0.02,1.0,0.11207,2.62491,0.45455,0.38759,"[0.52381, 0.18182, 0.45714]",475,0.11384,2.29106,0.54545,0.44496,"[0.65306, 0.18182, 0.5]",439,COMPLETED,59.831
121,20260108_043339,gaitgl_GREW_TOP50.csv,50%,Preset_10,LSTM,42,256,1,[192],True,L2,0.0,[],[],mean,128,relu,False,True,48,AdamW,,0.0003,1e-06,[0.68794326 2.1920904  0.91725768],0.02,1.0,0.10872,2.86887,0.31818,0.24186,"[0.32558, 0.0, 0.4]",121,0.57734,1.30459,0.43182,0.42695,"[0.41026, 0.4, 0.47059]",51,COMPLETED,15.382
122,20260108_043339,gaitgl_OUMVLP_TOP50.csv,50%,Preset_10,LSTM,42,256,1,[192],True,L2,0.0,[],[],mean,128,relu,False,True,48,AdamW,,0.0003,1e-06,[0.68794326 2.1920904  0.91725768],0.02,1.0,0.11622,2.97012,0.34091,0.24492,"[0.46809, 0.0, 0.26667]",677,0.39317,2.61773,0.40909,0.40667,"[0.4, 0.32, 0.5]",294,STOPPED,85.633
123,20260108_043339,gaitgl_TOP50.csv,50%,Preset_10,LSTM,42,128,1,[192],True,L2,0.0,[],[],mean,128,relu,False,True,48,AdamW,,0.0003,1e-06,[0.68794326 2.1920904  0.91725768],0.02,1.0,0.11103,2.23544,0.47727,0.36179,"[0.58537, 0.0, 0.5]",298,0.53489,1.40408,0.59091,0.49399,"[0.66667, 0.16667, 0.64865]",97,COMPLETED,36.054
124,20260108_043339,gaitpart_GREW_TOP50.csv,50%,Preset_10,LSTM,42,256,1,[192],True,L2,0.0,[],[],mean,128,relu,False,True,48,AdamW,,0.0003,1e-06,[0.68794326 2.1920904  0.91725768],0.02,1.0,0.11095,2.5884,0.43182,0.41335,"[0.5, 0.35294, 0.3871]",284,0.62757,1.21906,0.56818,0.50997,"[0.66667, 0.30769, 0.55556]",87,COMPLETED,24.815
125,20260108_043339,gaitpart_OUMVLP_TOP50.csv,50%,Preset_10,LSTM,42,256,1,[192],True,L2,0.0,[],[],mean,128,relu,False,True,48,AdamW,,0.0003,1e-06,[0.68794326 2.1920904  0.91725768],0.02,1.0,0.11149,2.37072,0.45455,0.44141,"[0.5, 0.4, 0.42424]",1037,0.41231,1.44108,0.65909,0.61416,"[0.71429, 0.46154, 0.66667]",386,COMPLETED,90.96
126,20260108_043339,gaitset_GREW_TOP50.csv,50%,Preset_10,LSTM,42,256,1,[192],True,L2,0.0,[],[],mean,128,relu,False,True,48,AdamW,,0.0003,1e-06,[0.68794326 2.1920904  0.91725768],0.02,1.0,0.11224,2.45042,0.43182,0.3303,"[0.59091, 0.0, 0.4]",426,0.37744,2.38187,0.45455,0.43124,"[0.52632, 0.31579, 0.45161]",245,COMPLETED,53.396
127,20260108_043339,gaitset_OUMVLP_TOP50.csv,50%,Preset_10,LSTM,42,256,1,[192],True,L2,0.0,[],[],mean,128,relu,False,True,48,AdamW,,0.0003,1e-06,[0.68794326 2.1920904  0.91725768],0.02,1.0,0.10568,2.26743,0.43182,0.367,"[0.55814, 0.2, 0.34286]",1076,0.27951,1.72691,0.59091,0.55285,"[0.65, 0.44444, 0.5641]",531,COMPLETED,134.201
128,20260108_043339,gaitset_TOP50.csv,50%,Preset_10,LSTM,42,256,1,[192],True,L2,0.0,[],[],mean,128,relu,False,True,48,AdamW,,0.0003,1e-06,[0.68794326 2.1920904  0.91725768],0.02,1.0,0.10339,3.10571,0.38636,0.34748,"[0.46809, 0.26667, 0.30769]",439,0.19173,2.47708,0.38636,0.38384,"[0.43902, 0.4, 0.3125]",329,COMPLETED,55.114
129,20260108_043339,gln_phase1_TOP50.csv,50%,Preset_10,LSTM,42,256,1,[192],True,L2,0.0,[],[],mean,128,relu,False,True,48,AdamW,,0.0003,1e-06,[0.68794326 2.1920904  0.91725768],0.02,1.0,0.26499,1.69963,0.56818,0.51941,"[0.59459, 0.36364, 0.6]",651,0.63889,1.16101,0.63636,0.59617,"[0.68182, 0.46154, 0.64516]",285,STOPPED,96.685
130,20260108_043339,gln_phase2_TOP50.csv,50%,Preset_10,LSTM,42,256,1,[192],True,L2,0.0,[],[],mean,128,relu,False,True,48,AdamW,,0.0003,1e-06,[0.68794326 2.1920904  0.91725768],0.02,1.0,0.10637,2.3489,0.5,0.47066,"[0.58537, 0.375, 0.45161]",443,0.13788,2.27191,0.52273,0.49022,"[0.61905, 0.4, 0.45161]",436,COMPLETED,65.574

131,20260108_043339,baseline_CASIAB_TOP50.csv,50%,Preset_11,LSTM,42,256,1,[256],False,minmax,0.0,[],[],last,128,gelu,True,True,96,Adam,,0.0002,1e-06,[0.68794326 2.1920904  0.91725768],0.02,1.0,0.11687,2.22082,0.43182,0.33571,"[0.55, 0.0, 0.45714]",489,0.53644,1.56536,0.52273,0.50348,"[0.55556, 0.42857, 0.52632]",181,COMPLETED,26.145
132,20260108_043339,baseline_OUMVLP_TOP50.csv,50%,Preset_11,LSTM,42,256,1,[256],False,minmax,0.0,[],[],last,128,gelu,True,True,96,Adam,,0.0002,1e-06,[0.68794326 2.1920904  0.91725768],0.02,1.0,0.11966,2.14859,0.40909,0.36138,"[0.42105, 0.11765, 0.54545]",542,0.74012,1.23703,0.56818,0.49444,"[0.66667, 0.4, 0.41667]",134,COMPLETED,28.871
133,20260108_043339,gaitgl_GREW_BNNeck_TOP50.csv,50%,Preset_11,LSTM,42,256,1,[256],False,minmax,0.0,[],[],last,128,gelu,True,True,96,Adam,,0.0002,1e-06,[0.68794326 2.1920904  0.91725768],0.02,1.0,0.11404,2.64232,0.43182,0.36806,"[0.52381, 0.14286, 0.4375]",658,0.42366,1.84798,0.54545,0.49234,"[0.58537, 0.26667, 0.625]",404,COMPLETED,41.173
134,20260108_043339,gaitgl_GREW_TOP50.csv,50%,Preset_11,LSTM,42,256,1,[256],False,minmax,0.0,[],[],last,128,gelu,True,True,96,Adam,,0.0002,1e-06,[0.68794326 2.1920904  0.91725768],0.02,1.0,0.11522,1.86973,0.43182,0.40252,"[0.58824, 0.18182, 0.4375]",147,0.11304,1.5806,0.59091,0.48918,"[0.71429, 0.18182, 0.57143]",146,COMPLETED,9.279
135,20260108_043339,gaitgl_OUMVLP_TOP50.csv,50%,Preset_11,LSTM,42,256,1,[256],False,minmax,0.0,[],[],last,128,gelu,True,True,96,Adam,,0.0002,1e-06,[0.68794326 2.1920904  0.91725768],0.02,1.0,0.11035,2.91622,0.40909,0.33167,"[0.54167, 0.13333, 0.32]",646,0.25295,2.59342,0.47727,0.3981,"[0.57143, 0.14286, 0.48]",387,COMPLETED,40.767
136,20260108_043339,gaitgl_TOP50.csv,50%,Preset_11,LSTM,42,128,1,[256],False,minmax,0.0,[],[],last,128,gelu,True,True,96,Adam,,0.0002,1e-06,[0.68794326 2.1920904  0.91725768],0.02,1.0,0.11279,2.24558,0.45455,0.41877,"[0.5, 0.28571, 0.47059]",268,0.11616,2.25906,0.54545,0.45351,"[0.6383, 0.22222, 0.5]",247,COMPLETED,15.268
137,20260108_043339,gaitpart_GREW_TOP50.csv,50%,Preset_11,LSTM,42,256,1,[256],False,minmax,0.0,[],[],last,128,gelu,True,True,96,Adam,,0.0002,1e-06,[0.68794326 2.1920904  0.91725768],0.02,1.0,0.11533,2.4212,0.5,0.47589,"[0.48649, 0.35294, 0.58824]",402,0.26613,1.73719,0.59091,0.5816,"[0.57143, 0.52632, 0.64706]",285,COMPLETED,18.413
138,20260108_043339,gaitpart_OUMVLP_TOP50.csv,50%,Preset_11,LSTM,42,256,1,[256],False,minmax,0.0,[],[],last,128,gelu,True,True,96,Adam,,0.0002,1e-06,[0.68794326 2.1920904  0.91725768],0.02,1.0,0.10801,1.83828,0.5,0.45397,"[0.5641, 0.23529, 0.5625]",1221,0.65561,1.18581,0.61364,0.60471,"[0.63158, 0.57143, 0.61111]",482,COMPLETED,55.458
139,20260108_043339,gaitset_GREW_TOP50.csv,50%,Preset_11,LSTM,42,256,1,[256],False,minmax,0.0,[],[],last,128,gelu,True,True,96,Adam,,0.0002,1e-06,[0.68794326 2.1920904  0.91725768],0.02,1.0,0.11224,2.18983,0.38636,0.31746,"[0.53333, 0.13333, 0.28571]",450,0.1387,2.39873,0.5,0.4,"[0.61538, 0.2, 0.38462]",388,COMPLETED,28.206
140,20260108_043339,gaitset_OUMVLP_TOP50.csv,50%,Preset_11,LSTM,42,256,1,[256],False,minmax,0.0,[],[],last,128,gelu,True,True,96,Adam,,0.0002,1e-06,[0.68794326 2.1920904  0.91725768],0.02,1.0,0.1166,1.76965,0.43182,0.35516,"[0.54167, 0.16667, 0.35714]",1165,0.22234,2.14699,0.56818,0.51297,"[0.57143, 0.33333, 0.63415]",987,COMPLETED,72.317
141,20260108_043339,gaitset_TOP50.csv,50%,Preset_11,LSTM,42,256,1,[256],False,minmax,0.0,[],[],last,128,gelu,True,True,96,Adam,,0.0002,1e-06,[0.68794326 2.1920904  0.91725768],0.02,1.0,0.11838,2.38921,0.45455,0.39132,"[0.5641, 0.125, 0.48485]",392,0.2123,1.78205,0.5,0.45121,"[0.60465, 0.21053, 0.53846]",258,COMPLETED,24.339
142,20260108_043339,gln_phase1_TOP50.csv,50%,Preset_11,LSTM,42,256,1,[256],False,minmax,0.0,[],[],last,128,gelu,True,True,96,Adam,,0.0002,1e-06,[0.68794326 2.1920904  0.91725768],0.02,1.0,0.11542,1.42701,0.5,0.46042,"[0.63415, 0.33333, 0.41379]",486,0.62882,0.81465,0.70455,0.67663,"[0.74419, 0.6, 0.68571]",210,COMPLETED,34.883
143,20260108_043339,gln_phase2_TOP50.csv,50%,Preset_11,LSTM,42,256,1,[256],False,minmax,0.0,[],[],last,128,gelu,True,True,96,Adam,,0.0002,1e-06,[0.68794326 2.1920904  0.91725768],0.02,1.0,0.11581,2.58424,0.43182,0.42946,"[0.52381, 0.46154, 0.30303]",553,0.27364,2.12082,0.47727,0.48809,"[0.48649, 0.53333, 0.44444]",415,COMPLETED,40.425

144,20260108_043339,baseline_CASIAB_TOP50.csv,50%,Preset_12,LSTM,42,256,3,"[768, 512, 256]",False,nan,0.3,[1],"[1, 2]",attention,256,elu,True,False,64,AdamW,,1e-05,1e-05,[0.68794326 2.1920904  0.91725768],0.02,1.0,0.1189,2.17629,0.47727,0.40932,"[0.51163, 0.15385, 0.5625]",484,0.69273,1.27462,0.54545,0.49392,"[0.63415, 0.33333, 0.51429]",95,COMPLETED,77.844
145,20260108_043339,baseline_OUMVLP_TOP50.csv,50%,Preset_12,LSTM,42,256,3,"[768, 512, 256]",False,nan,0.3,[1],"[1, 2]",attention,256,elu,True,False,64,AdamW,,1e-05,1e-05,[0.68794326 2.1920904  0.91725768],0.02,1.0,0.1197,2.53534,0.40909,0.35475,"[0.48649, 0.13333, 0.44444]",639,0.6364,1.32816,0.5,0.42509,"[0.63415, 0.125, 0.51613]",151,COMPLETED,102.717
146,20260108_043339,gaitgl_GREW_BNNeck_TOP50.csv,50%,Preset_12,LSTM,42,256,3,"[768, 512, 256]",False,nan,0.3,[1],"[1, 2]",attention,256,elu,True,False,64,AdamW,,1e-05,1e-05,[0.68794326 2.1920904  0.91725768],0.02,1.0,0.11949,2.34534,0.47727,0.36695,"[0.57143, 0.0, 0.52941]",840,0.12379,2.2757,0.56818,0.50736,"[0.63636, 0.28571, 0.6]",744,COMPLETED,169.796
147,20260108_043339,gaitgl_GREW_TOP50.csv,50%,Preset_12,LSTM,42,256,3,"[768, 512, 256]",False,nan,0.3,[1],"[1, 2]",attention,256,elu,True,False,64,AdamW,,1e-05,1e-05,[0.68794326 2.1920904  0.91725768],0.02,1.0,0.11389,1.49168,0.45455,0.39123,"[0.47368, 0.2, 0.5]",107,0.238,1.19821,0.52273,0.44592,"[0.53659, 0.22222, 0.57895]",65,COMPLETED,21.583
148,20260108_043339,gaitgl_OUMVLP_TOP50.csv,50%,Preset_12,LSTM,42,256,3,"[768, 512, 256]",False,nan,0.3,[1],"[1, 2]",attention,256,elu,True,False,64,AdamW,,1e-05,1e-05,[0.68794326 2.1920904  0.91725768],0.02,1.0,0.11751,2.2019,0.47727,0.41524,"[0.6087, 0.26667, 0.37037]",408,0.22707,1.89907,0.54545,0.49063,"[0.62745, 0.4, 0.44444]",227,COMPLETED,82.124
149,20260108_043339,gaitgl_TOP50.csv,50%,Preset_12,LSTM,42,128,3,"[768, 512, 256]",False,nan,0.3,[1],"[1, 2]",attention,256,elu,True,False,64,AdamW,,1e-05,1e-05,[0.68794326 2.1920904  0.91725768],0.02,1.0,0.11588,1.78566,0.45455,0.38889,"[0.5, 0.18182, 0.48485]",121,0.56015,1.11118,0.54545,0.5404,"[0.59091, 0.54545, 0.48485]",40,COMPLETED,23.64
150,20260108_043339,gaitpart_GREW_TOP50.csv,50%,Preset_12,LSTM,42,256,3,"[768, 512, 256]",False,nan,0.3,[1],"[1, 2]",attention,256,elu,True,False,64,AdamW,,1e-05,1e-05,[0.68794326 2.1920904  0.91725768],0.02,1.0,0.11748,1.79772,0.52273,0.4211,"[0.69565, 0.15385, 0.41379]",701,0.46508,1.31683,0.63636,0.61296,"[0.75, 0.55556, 0.53333]",268,COMPLETED,95.626
151,20260108_043339,gaitpart_OUMVLP_TOP50.csv,50%,Preset_12,LSTM,42,256,3,"[768, 512, 256]",False,nan,0.3,[1],"[1, 2]",attention,256,elu,True,False,64,AdamW,,1e-05,1e-05,[0.68794326 2.1920904  0.91725768],0.02,1.0,0.11314,2.06479,0.54545,0.50915,"[0.64865, 0.33333, 0.54545]",1204,0.15069,1.66691,0.59091,0.5584,"[0.65116, 0.46154, 0.5625]",1121,COMPLETED,163.381
152,20260108_043339,gaitset_GREW_TOP50.csv,50%,Preset_12,LSTM,42,256,3,"[768, 512, 256]",False,nan,0.3,[1],"[1, 2]",attention,256,elu,True,False,64,AdamW,,1e-05,1e-05,[0.68794326 2.1920904  0.91725768],0.02,1.0,0.1156,2.39273,0.45455,0.40706,"[0.54054, 0.1, 0.58065]",636,0.50253,1.57478,0.5,0.48633,"[0.52632, 0.38095, 0.55172]",153,COMPLETED,126.999
153,20260108_043339,gaitset_OUMVLP_TOP50.csv,50%,Preset_12,LSTM,42,256,3,"[768, 512, 256]",False,nan,0.3,[1],"[1, 2]",attention,256,elu,True,False,64,AdamW,,1e-05,1e-05,[0.68794326 2.1920904  0.91725768],0.02,1.0,0.1124,2.33699,0.52273,0.43943,"[0.65, 0.18182, 0.48649]",1265,0.25932,2.4852,0.56818,0.51209,"[0.62857, 0.30769, 0.6]",831,COMPLETED,251.1
154,20260108_043339,gaitset_TOP50.csv,50%,Preset_12,LSTM,42,256,3,"[768, 512, 256]",False,nan,0.3,[1],"[1, 2]",attention,256,elu,True,False,64,AdamW,,1e-05,1e-05,[0.68794326 2.1920904  0.91725768],0.02,1.0,0.1137,2.6561,0.43182,0.35578,"[0.59091, 0.15385, 0.32258]",501,0.16675,2.53537,0.47727,0.42019,"[0.59574, 0.30769, 0.35714]",317,COMPLETED,99.954
155,20260108_043339,gln_phase1_TOP50.csv,50%,Preset_12,LSTM,42,256,3,"[768, 512, 256]",False,nan,0.3,[1],"[1, 2]",attention,256,elu,True,False,64,AdamW,,1e-05,1e-05,[0.68794326 2.1920904  0.91725768],0.02,1.0,0.11474,2.17765,0.43182,0.39252,"[0.52381, 0.26667, 0.3871]",458,0.65861,1.10211,0.54545,0.4963,"[0.6, 0.33333, 0.55556]",71,COMPLETED,111.226
156,20260108_043339,gln_phase2_TOP50.csv,50%,Preset_12,LSTM,42,256,3,"[768, 512, 256]",False,nan,0.3,[1],"[1, 2]",attention,256,elu,True,False,64,AdamW,,1e-05,1e-05,[0.68794326 2.1920904  0.91725768],0.02,1.0,0.11696,2.22878,0.45455,0.41388,"[0.41176, 0.23529, 0.59459]",434,0.46753,1.49315,0.52273,0.4883,"[0.5, 0.33333, 0.63158]",122,COMPLETED,105.622

157,20260108_043339,baseline_CASIAB_TOP50.csv,50%,Preset_13,LSTM,42,256,2,"[1024, 1536]",False,L2,0.3,[1],[1],last,512,gelu,True,False,32,AdamW,,0.0001,1e-06,[0.68794326 2.1920904  0.91725768],0.02,1.0,0.10283,2.37316,0.43182,0.30159,"[0.57143, 0.0, 0.33333]",134,0.16881,2.37951,0.5,0.47764,"[0.57143, 0.375, 0.48649]",92,COMPLETED,49.413
158,20260108_043339,baseline_OUMVLP_TOP50.csv,50%,Preset_13,LSTM,42,256,2,"[1024, 1536]",False,L2,0.3,[1],[1],last,512,gelu,True,False,32,AdamW,,0.0001,1e-06,[0.68794326 2.1920904  0.91725768],0.02,1.0,0.10622,1.96478,0.47727,0.41036,"[0.52632, 0.13333, 0.57143]",151,0.13621,1.55741,0.59091,0.53493,"[0.65306, 0.4, 0.55172]",126,COMPLETED,55.714
159,20260108_043339,gaitgl_GREW_BNNeck_TOP50.csv,50%,Preset_13,LSTM,42,256,2,"[1024, 1536]",False,L2,0.3,[1],[1],last,512,gelu,True,False,32,AdamW,,0.0001,1e-06,[0.68794326 2.1920904  0.91725768],0.02,1.0,0.10621,2.23541,0.47727,0.40696,"[0.57143, 0.13333, 0.51613]",93,0.28243,1.68587,0.56818,0.47816,"[0.61224, 0.22222, 0.6]",60,COMPLETED,46.44
160,20260108_043339,gaitgl_GREW_TOP50.csv,50%,Preset_13,LSTM,42,256,2,"[1024, 1536]",False,L2,0.3,[1],[1],last,512,gelu,True,False,32,AdamW,,0.0001,1e-06,[0.68794326 2.1920904  0.91725768],0.02,1.0,0.10491,2.2037,0.5,0.46419,"[0.4878, 0.33333, 0.57143]",48,0.10424,2.19744,0.52273,0.50427,"[0.51282, 0.42857, 0.57143]",46,COMPLETED,23.954
161,20260108_043339,gaitgl_OUMVLP_TOP50.csv,50%,Preset_13,LSTM,42,256,2,"[1024, 1536]",False,L2,0.3,[1],[1],last,512,gelu,True,False,32,AdamW,,0.0001,1e-06,[0.68794326 2.1920904  0.91725768],0.02,1.0,0.11289,2.83452,0.31818,0.28874,"[0.46154, 0.23077, 0.17391]",174,0.13511,2.12398,0.52273,0.44327,"[0.65217, 0.11765, 0.56]",152,COMPLETED,86.248
162,20260108_043339,gaitgl_TOP50.csv,50%,Preset_13,LSTM,42,128,2,"[1024, 1536]",False,L2,0.3,[1],[1],last,512,gelu,True,False,32,AdamW,,0.0001,1e-06,[0.68794326 2.1920904  0.91725768],0.02,1.0,0.11423,1.84428,0.47727,0.39444,"[0.58333, 0.2, 0.4]",56,0.21815,1.88062,0.54545,0.50965,"[0.55, 0.4, 0.57895]",40,COMPLETED,27.245
163,20260108_043339,gaitpart_GREW_TOP50.csv,50%,Preset_13,LSTM,42,256,2,"[1024, 1536]",False,L2,0.3,[1],[1],last,512,gelu,True,False,32,AdamW,,0.0001,1e-06,[0.68794326 2.1920904  0.91725768],0.02,1.0,0.1075,2.06796,0.52273,0.5073,"[0.52941, 0.42105, 0.57143]",150,0.12696,2.11883,0.54545,0.52968,"[0.63415, 0.52632, 0.42857]",123,COMPLETED,46.018
164,20260108_043339,gaitpart_OUMVLP_TOP50.csv,50%,Preset_13,LSTM,42,256,2,"[1024, 1536]",False,L2,0.3,[1],[1],last,512,gelu,True,False,32,AdamW,,0.0001,1e-06,[0.68794326 2.1920904  0.91725768],0.02,1.0,0.11525,2.60965,0.43182,0.42667,"[0.51429, 0.28571, 0.48]",448,0.71408,1.06633,0.65909,0.66013,"[0.66667, 0.66667, 0.64706]",159,COMPLETED,135.867
165,20260108_043339,gaitset_GREW_TOP50.csv,50%,Preset_13,LSTM,42,256,2,"[1024, 1536]",False,L2,0.3,[1],[1],last,512,gelu,True,False,32,AdamW,,0.0001,1e-06,[0.68794326 2.1920904  0.91725768],0.02,1.0,0.11293,2.81655,0.38636,0.36177,"[0.46512, 0.30769, 0.3125]",131,0.14232,2.55589,0.47727,0.40966,"[0.625, 0.30769, 0.2963]",113,COMPLETED,63.946
166,20260108_043339,gaitset_OUMVLP_TOP50.csv,50%,Preset_13,LSTM,42,256,2,"[1024, 1536]",False,L2,0.3,[1],[1],last,512,gelu,True,False,32,AdamW,,0.0001,1e-06,[0.68794326 2.1920904  0.91725768],0.02,1.0,0.11615,2.4455,0.47727,0.4016,"[0.55319, 0.2, 0.45161]",475,0.48326,2.0772,0.47727,0.44389,"[0.57143, 0.31579, 0.44444]",252,COMPLETED,231.763
167,20260108_043339,gaitset_TOP50.csv,50%,Preset_13,LSTM,42,256,2,"[1024, 1536]",False,L2,0.3,[1],[1],last,512,gelu,True,False,32,AdamW,,0.0001,1e-06,[0.68794326 2.1920904  0.91725768],0.02,1.0,0.11919,2.6001,0.31818,0.275,"[0.45, 0.125, 0.25]",94,0.65738,1.73314,0.36364,0.35167,"[0.43243, 0.3, 0.32258]",41,COMPLETED,45.981
168,20260108_043339,gln_phase1_TOP50.csv,50%,Preset_13,LSTM,42,256,2,"[1024, 1536]",False,L2,0.3,[1],[1],last,512,gelu,True,False,32,AdamW,,0.0001,1e-06,[0.68794326 2.1920904  0.91725768],0.02,1.0,0.11026,1.69316,0.56818,0.51536,"[0.5641, 0.33333, 0.64865]",117,0.18825,1.17128,0.68182,0.61103,"[0.7234, 0.4, 0.70968]",79,COMPLETED,70.078
169,20260108_043339,gln_phase2_TOP50.csv,50%,Preset_13,LSTM,42,256,2,"[1024, 1536]",False,L2,0.3,[1],[1],last,512,gelu,True,False,32,AdamW,,0.0001,1e-06,[0.68794326 2.1920904  0.91725768],0.02,1.0,0.10891,2.15209,0.43182,0.40154,"[0.43243, 0.28571, 0.48649]",116,0.18996,2.01388,0.56818,0.53216,"[0.65217, 0.46154, 0.48276]",103,COMPLETED,69.457

170,20260108_043339,baseline_CASIAB_TOP50.csv,50%,Preset_14,LSTM,42,256,1,[256],True,L2,0.0,[],[],mean,,nan,False,True,64,AdamW,,0.0005,1e-05,[0.68794326 2.1920904  0.91725768],0.02,1.0,0.11628,3.09613,0.40909,0.35149,"[0.4878, 0.16667, 0.4]",411,0.12112,2.55831,0.5,0.47456,"[0.55, 0.4, 0.47368]",348,COMPLETED,37.044
171,20260108_043339,baseline_OUMVLP_TOP50.csv,50%,Preset_14,LSTM,42,256,1,[256],True,L2,0.0,[],[],mean,,nan,False,True,64,AdamW,,0.0005,1e-05,[0.68794326 2.1920904  0.91725768],0.02,1.0,0.11858,2.19083,0.47727,0.40708,"[0.51429, 0.14286, 0.5641]",432,0.15573,1.95837,0.59091,0.54902,"[0.64706, 0.33333, 0.66667]",376,COMPLETED,38.581
172,20260108_043339,gaitgl_GREW_BNNeck_TOP50.csv,50%,Preset_14,LSTM,42,256,1,[256],True,L2,0.0,[],[],mean,,nan,False,True,64,AdamW,,0.0005,1e-05,[0.68794326 2.1920904  0.91725768],0.02,1.0,0.10641,3.01189,0.34091,0.32011,"[0.38095, 0.22222, 0.35714]",441,0.33012,1.95799,0.5,0.45818,"[0.52632, 0.30769, 0.54054]",135,COMPLETED,50.845
173,20260108_043339,gaitgl_GREW_TOP50.csv,50%,Preset_14,LSTM,42,256,1,[256],True,L2,0.0,[],[],mean,,nan,False,True,64,AdamW,,0.0005,1e-05,[0.68794326 2.1920904  0.91725768],0.02,1.0,0.10536,3.00919,0.36364,0.28286,"[0.43478, 0.0, 0.41379]",169,0.63814,1.54206,0.47727,0.45534,"[0.44444, 0.33333, 0.58824]",54,COMPLETED,19.387
174,20260108_043339,gaitgl_OUMVLP_TOP50.csv,50%,Preset_14,LSTM,42,256,1,[256],True,L2,0.0,[],[],mean,,nan,False,True,64,AdamW,,0.0005,1e-05,[0.68794326 2.1920904  0.91725768],0.02,1.0,0.10916,2.5432,0.43182,0.32963,"[0.48889, 0.0, 0.5]",650,0.25219,2.14364,0.5,0.45409,"[0.59459, 0.22222, 0.54545]",413,COMPLETED,74.626
175,20260108_043339,gaitgl_TOP50.csv,50%,Preset_14,LSTM,42,128,1,[256],True,L2,0.0,[],[],mean,,nan,False,True,64,AdamW,,0.0005,1e-05,[0.68794326 2.1920904  0.91725768],0.02,1.0,0.11858,2.13352,0.5,0.36427,"[0.62222, 0.0, 0.47059]",265,0.67328,1.48783,0.45455,0.41285,"[0.53659, 0.23529, 0.46667]",44,COMPLETED,26.742
176,20260108_043339,gaitpart_GREW_TOP50.csv,50%,Preset_14,LSTM,42,256,1,[256],True,L2,0.0,[],[],mean,,nan,False,True,64,AdamW,,0.0005,1e-05,[0.68794326 2.1920904  0.91725768],0.02,1.0,0.11867,2.77178,0.36364,0.35539,"[0.41026, 0.33333, 0.32258]",324,0.25285,1.78609,0.59091,0.55411,"[0.69565, 0.5, 0.46667]",161,COMPLETED,21.831
177,20260108_043339,gaitpart_OUMVLP_TOP50.csv,50%,Preset_14,LSTM,42,256,1,[256],True,L2,0.0,[],[],mean,,nan,False,True,64,AdamW,,0.0005,1e-05,[0.68794326 2.1920904  0.91725768],0.02,1.0,0.11469,2.82575,0.36364,0.36349,"[0.35714, 0.26667, 0.46667]",1513,0.46444,1.39168,0.70455,0.65245,"[0.7907, 0.5, 0.66667]",458,COMPLETED,101.943
178,20260108_043339,gaitset_GREW_TOP50.csv,50%,Preset_14,LSTM,42,256,1,[256],True,L2,0.0,[],[],mean,,nan,False,True,64,AdamW,,0.0005,1e-05,[0.68794326 2.1920904  0.91725768],0.02,1.0,0.1112,2.83943,0.36364,0.32619,"[0.45, 0.1, 0.42857]",476,0.3873,2.81155,0.54545,0.44017,"[0.65385, 0.22222, 0.44444]",303,COMPLETED,53.975
179,20260108_043339,gaitset_OUMVLP_TOP50.csv,50%,Preset_14,LSTM,42,256,1,[256],True,L2,0.0,[],[],mean,,nan,False,True,64,AdamW,,0.0005,1e-05,[0.68794326 2.1920904  0.91725768],0.02,1.0,0.4772,1.68703,0.40909,0.34769,"[0.36364, 0.14286, 0.53659]",674,0.74209,1.65251,0.61364,0.59619,"[0.68182, 0.58824, 0.51852]",468,STOPPED,75.929
180,20260108_043339,gaitset_TOP50.csv,50%,Preset_14,LSTM,42,256,1,[256],True,L2,0.0,[],[],mean,,nan,False,True,64,AdamW,,0.0005,1e-05,[0.68794326 2.1920904  0.91725768],0.02,1.0,0.11624,2.90399,0.31818,0.27933,"[0.45455, 0.23529, 0.14815]",522,0.67353,2.08447,0.45455,0.41071,"[0.54167, 0.33333, 0.35714]",118,COMPLETED,59.191
181,20260108_043339,gln_phase1_TOP50.csv,50%,Preset_14,LSTM,42,256,1,[256],True,L2,0.0,[],[],mean,,nan,False,True,64,AdamW,,0.0005,1e-05,[0.68794326 2.1920904  0.91725768],0.02,1.0,0.10994,2.3138,0.52273,0.38674,"[0.60465, 0.0, 0.55556]",514,0.51194,1.40391,0.56818,0.47937,"[0.62857, 0.14286, 0.66667]",243,COMPLETED,70.311
182,20260108_043339,gln_phase2_TOP50.csv,50%,Preset_14,LSTM,42,256,1,[256],True,L2,0.0,[],[],mean,,nan,False,True,64,AdamW,,0.0005,1e-05,[0.68794326 2.1920904  0.91725768],0.02,1.0,0.11615,2.35026,0.52273,0.36995,"[0.625, 0.0, 0.48485]",549,0.41559,2.04355,0.52273,0.47766,"[0.58537, 0.33333, 0.51429]",164,COMPLETED,75.422

183,20260108_043339,baseline_CASIAB_TOP50.csv,50%,Preset_15,LSTM,42,256,3,"[128, 128, 128]",False,L2,0.1,[1],"[1, 2]",last,64,tanh,False,False,64,AdamW,,0.001,0.0005,[0.68794326 2.1920904  0.91725768],0.02,1.0,0.11348,2.57426,0.43182,0.31343,"[0.55319, 0.0, 0.3871]",118,0.183,2.37853,0.40909,0.37859,"[0.46154, 0.25, 0.42424]",92,COMPLETED,15.972
184,20260108_043339,baseline_OUMVLP_TOP50.csv,50%,Preset_15,LSTM,42,256,3,"[128, 128, 128]",False,L2,0.1,[1],"[1, 2]",last,64,tanh,False,False,64,AdamW,,0.001,0.0005,[0.68794326 2.1920904  0.91725768],0.02,1.0,0.11045,2.33258,0.45455,0.42232,"[0.46512, 0.28571, 0.51613]",164,0.32811,1.68324,0.52273,0.48043,"[0.54545, 0.33333, 0.5625]",129,COMPLETED,22.194
185,20260108_043339,gaitgl_GREW_BNNeck_TOP50.csv,50%,Preset_15,LSTM,42,256,3,"[128, 128, 128]",False,L2,0.1,[1],"[1, 2]",last,64,tanh,False,False,64,AdamW,,0.001,0.0005,[0.68794326 2.1920904  0.91725768],0.02,1.0,0.10442,2.27116,0.47727,0.43878,"[0.52381, 0.30769, 0.48485]",110,0.13862,2.27195,0.5,0.4596,"[0.54545, 0.33333, 0.5]",93,COMPLETED,19.183
186,20260108_043339,gaitgl_GREW_TOP50.csv,50%,Preset_15,LSTM,42,256,3,"[128, 128, 128]",False,L2,0.1,[1],"[1, 2]",last,64,tanh,False,False,64,AdamW,,0.001,0.0005,[0.68794326 2.1920904  0.91725768],0.02,1.0,0.10273,1.68965,0.54545,0.45589,"[0.62222, 0.2, 0.54545]",47,0.26682,1.69476,0.59091,0.54291,"[0.59459, 0.4, 0.63415]",34,COMPLETED,8.23
187,20260108_043339,gaitgl_OUMVLP_TOP50.csv,50%,Preset_15,LSTM,42,256,3,"[128, 128, 128]",False,L2,0.1,[1],"[1, 2]",last,64,tanh,False,False,64,AdamW,,0.001,0.0005,[0.68794326 2.1920904  0.91725768],0.02,1.0,0.10184,1.68517,0.63636,0.5559,"[0.72, 0.30769, 0.64]",354,0.13523,1.7741,0.61364,0.57824,"[0.69767, 0.44444, 0.59259]",313,COMPLETED,61.467
188,20260108_043339,gaitgl_TOP50.csv,50%,Preset_15,LSTM,42,128,3,"[128, 128, 128]",False,L2,0.1,[1],"[1, 2]",last,64,tanh,False,False,64,AdamW,,0.001,0.0005,[0.68794326 2.1920904  0.91725768],0.02,1.0,0.11243,2.07084,0.47727,0.41217,"[0.5, 0.22222, 0.51429]",59,0.11731,2.20499,0.47727,0.45862,"[0.41176, 0.4, 0.5641]",49,COMPLETED,9.306
189,20260108_043339,gaitpart_GREW_TOP50.csv,50%,Preset_15,LSTM,42,256,3,"[128, 128, 128]",False,L2,0.1,[1],"[1, 2]",last,64,tanh,False,False,64,AdamW,,0.001,0.0005,[0.68794326 2.1920904  0.91725768],0.02,1.0,1.1048,1.0886,0.47727,0.21538,"[0.64615, 0.0, 0.0]",255,1.1048,1.0886,0.47727,0.21538,"[0.64615, 0.0, 0.0]",255,STOPPED,27.136
190,20260108_043339,gaitpart_OUMVLP_TOP50.csv,50%,Preset_15,LSTM,42,256,3,"[128, 128, 128]",False,L2,0.1,[1],"[1, 2]",last,64,tanh,False,False,64,AdamW,,0.001,0.0005,[0.68794326 2.1920904  0.91725768],0.02,1.0,0.5656,1.23786,0.59091,0.52479,"[0.66667, 0.30769, 0.6]",636,0.689,0.94341,0.65909,0.64034,"[0.68293, 0.57143, 0.66667]",407,STOPPED,67.975
191,20260108_043339,gaitset_GREW_TOP50.csv,50%,Preset_15,LSTM,42,256,3,"[128, 128, 128]",False,L2,0.1,[1],"[1, 2]",last,64,tanh,False,False,64,AdamW,,0.001,0.0005,[0.68794326 2.1920904  0.91725768],0.02,1.0,0.10255,3.16421,0.38636,0.36218,"[0.44444, 0.19048, 0.45161]",250,0.69655,1.90002,0.43182,0.3841,"[0.54545, 0.22222, 0.38462]",122,COMPLETED,42.981
192,20260108_043339,gaitset_OUMVLP_TOP50.csv,50%,Preset_15,LSTM,42,256,3,"[128, 128, 128]",False,L2,0.1,[1],"[1, 2]",last,64,tanh,False,False,64,AdamW,,0.001,0.0005,[0.68794326 2.1920904  0.91725768],0.02,1.0,1.10491,1.08882,0.47727,0.21538,"[0.64615, 0.0, 0.0]",123,1.10491,1.08882,0.47727,0.21538,"[0.64615, 0.0, 0.0]",123,STOPPED,21.225
193,20260108_043339,gaitset_TOP50.csv,50%,Preset_15,LSTM,42,256,3,"[128, 128, 128]",False,L2,0.1,[1],"[1, 2]",last,64,tanh,False,False,64,AdamW,,0.001,0.0005,[0.68794326 2.1920904  0.91725768],0.02,1.0,0.10867,2.57207,0.43182,0.347,"[0.58333, 0.18182, 0.27586]",105,0.15563,2.36732,0.47727,0.43285,"[0.56522, 0.33333, 0.4]",92,COMPLETED,18.069
194,20260108_043339,gln_phase1_TOP50.csv,50%,Preset_15,LSTM,42,256,3,"[128, 128, 128]",False,L2,0.1,[1],"[1, 2]",last,64,tanh,False,False,64,AdamW,,0.001,0.0005,[0.68794326 2.1920904  0.91725768],0.02,1.0,0.10788,1.13912,0.70455,0.67361,"[0.7619, 0.57143, 0.6875]",103,0.18514,0.95959,0.77273,0.73645,"[0.82927, 0.61538, 0.76471]",75,COMPLETED,21.13
195,20260108_043339,gln_phase2_TOP50.csv,50%,Preset_15,LSTM,42,256,3,"[128, 128, 128]",False,L2,0.1,[1],"[1, 2]",last,64,tanh,False,False,64,AdamW,,0.001,0.0005,[0.68794326 2.1920904  0.91725768],0.02,1.0,0.10607,2.65483,0.38636,0.37865,"[0.42424, 0.33333, 0.37838]",110,0.19415,2.19601,0.47727,0.46742,"[0.47368, 0.42857, 0.5]",92,COMPLETED,22.46

196,20260108_043339,baseline_CASIAB_TOP50.csv,50%,Preset_16,LSTM,42,256,3,"[768, 640, 512]",False,minmax,0.1,[2],"[1, 2]",max,768,relu,True,False,64,AdamW,,2e-05,1e-07,[0.68794326 2.1920904  0.91725768],0.02,1.0,0.11395,2.22228,0.31818,0.29527,"[0.41176, 0.08696, 0.3871]",431,0.11997,1.93936,0.5,0.42045,"[0.63636, 0.125, 0.5]",410,COMPLETED,75.524
197,20260108_043339,baseline_OUMVLP_TOP50.csv,50%,Preset_16,LSTM,42,256,3,"[768, 640, 512]",False,minmax,0.1,[2],"[1, 2]",max,768,relu,True,False,64,AdamW,,2e-05,1e-07,[0.68794326 2.1920904  0.91725768],0.02,1.0,0.11184,1.47735,0.54545,0.4152,"[0.57895, 0.0, 0.66667]",558,0.41169,1.25781,0.61364,0.5166,"[0.65116, 0.25, 0.64865]",368,COMPLETED,97.815
198,20260108_043339,gaitgl_GREW_BNNeck_TOP50.csv,50%,Preset_16,LSTM,42,256,3,"[768, 640, 512]",False,minmax,0.1,[2],"[1, 2]",max,768,relu,True,False,64,AdamW,,2e-05,1e-07,[0.68794326 2.1920904  0.91725768],0.02,1.0,0.11297,1.63484,0.45455,0.42188,"[0.55814, 0.27273, 0.43478]",544,0.13478,1.47362,0.52273,0.47106,"[0.61538, 0.23529, 0.5625]",477,COMPLETED,122.609
199,20260108_043339,gaitgl_GREW_TOP50.csv,50%,Preset_16,LSTM,42,256,3,"[768, 640, 512]",False,minmax,0.1,[2],"[1, 2]",max,768,relu,True,False,64,AdamW,,2e-05,1e-07,[0.68794326 2.1920904  0.91725768],0.02,1.0,0.11892,1.60548,0.43182,0.31759,"[0.57778, 0.0, 0.375]",270,0.22175,1.51911,0.5,0.45052,"[0.65116, 0.31579, 0.38462]",199,COMPLETED,60.785
200,20260108_043339,gaitgl_OUMVLP_TOP50.csv,50%,Preset_16,LSTM,42,256,3,"[768, 640, 512]",False,minmax,0.1,[2],"[1, 2]",max,768,relu,True,False,64,AdamW,,2e-05,1e-07,[0.68794326 2.1920904  0.91725768],0.02,1.0,0.1133,1.64846,0.45455,0.39894,"[0.51429, 0.11111, 0.57143]",501,0.13744,1.54347,0.54545,0.48827,"[0.62222, 0.25, 0.59259]",429,COMPLETED,112.893
201,20260108_043339,gaitgl_TOP50.csv,50%,Preset_16,LSTM,42,128,3,"[768, 640, 512]",False,minmax,0.1,[2],"[1, 2]",max,768,relu,True,False,64,AdamW,,2e-05,1e-07,[0.68794326 2.1920904  0.91725768],0.02,1.0,0.1084,1.71375,0.45455,0.39132,"[0.5641, 0.125, 0.48485]",288,0.13259,1.62565,0.52273,0.44246,"[0.59459, 0.15385, 0.57895]",260,COMPLETED,60.279
202,20260108_043339,gaitpart_GREW_TOP50.csv,50%,Preset_16,LSTM,42,256,3,"[768, 640, 512]",False,minmax,0.1,[2],"[1, 2]",max,768,relu,True,False,64,AdamW,,2e-05,1e-07,[0.68794326 2.1920904  0.91725768],0.02,1.0,0.11286,1.95547,0.5,0.48047,"[0.61111, 0.36364, 0.46667]",525,0.2534,1.38576,0.59091,0.50986,"[0.73913, 0.30769, 0.48276]",391,COMPLETED,72.768
203,20260108_043339,gaitpart_OUMVLP_TOP50.csv,50%,Preset_16,LSTM,42,256,3,"[768, 640, 512]",False,minmax,0.1,[2],"[1, 2]",max,768,relu,True,False,64,AdamW,,2e-05,1e-07,[0.68794326 2.1920904  0.91725768],0.02,1.0,0.11968,1.47237,0.54545,0.49923,"[0.60465, 0.36364, 0.52941]",971,0.40285,1.08253,0.63636,0.57862,"[0.75556, 0.42857, 0.55172]",631,COMPLETED,135.078
204,20260108_043339,gaitset_GREW_TOP50.csv,50%,Preset_16,LSTM,42,256,3,"[768, 640, 512]",False,minmax,0.1,[2],"[1, 2]",max,768,relu,True,False,64,AdamW,,2e-05,1e-07,[0.68794326 2.1920904  0.91725768],0.02,1.0,0.11524,2.39457,0.29545,0.29198,"[0.32258, 0.23077, 0.32258]",423,0.12851,2.00443,0.40909,0.3938,"[0.45714, 0.3, 0.42424]",378,COMPLETED,87.96
205,20260108_043339,gaitset_OUMVLP_TOP50.csv,50%,Preset_16,LSTM,42,256,3,"[768, 640, 512]",False,minmax,0.1,[2],"[1, 2]",max,768,relu,True,False,64,AdamW,,2e-05,1e-07,[0.68794326 2.1920904  0.91725768],0.02,1.0,0.11893,2.25972,0.45455,0.40209,"[0.55556, 0.10526, 0.54545]",995,0.23085,1.67945,0.56818,0.4998,"[0.69767, 0.25, 0.55172]",750,COMPLETED,206.556
206,20260108_043339,gaitset_TOP50.csv,50%,Preset_16,LSTM,42,256,3,"[768, 640, 512]",False,minmax,0.1,[2],"[1, 2]",max,768,relu,True,False,64,AdamW,,2e-05,1e-07,[0.68794326 2.1920904  0.91725768],0.02,1.0,0.11507,2.06176,0.45455,0.38959,"[0.51429, 0.16667, 0.4878]",413,0.12776,2.14553,0.5,0.42414,"[0.51429, 0.2, 0.55814]",395,COMPLETED,85.55
207,20260108_043339,gln_phase1_TOP50.csv,50%,Preset_16,LSTM,42,256,3,"[768, 640, 512]",False,minmax,0.1,[2],"[1, 2]",max,768,relu,True,False,64,AdamW,,2e-05,1e-07,[0.68794326 2.1920904  0.91725768],0.02,1.0,0.11719,1.5151,0.5,0.375,"[0.625, 0.0, 0.5]",644,0.70061,0.95574,0.59091,0.54298,"[0.65, 0.4, 0.57895]",256,COMPLETED,167.295
208,20260108_043339,gln_phase2_TOP50.csv,50%,Preset_16,LSTM,42,256,3,"[768, 640, 512]",False,minmax,0.1,[2],"[1, 2]",max,768,relu,True,False,64,AdamW,,2e-05,1e-07,[0.68794326 2.1920904  0.91725768],0.02,1.0,0.11422,1.52529,0.45455,0.3868,"[0.53659, 0.16667, 0.45714]",432,0.13058,1.54407,0.5,0.48672,"[0.5641, 0.44444, 0.45161]",411,COMPLETED,112.528

209,20260108_043339,baseline_CASIAB_TOP50.csv,50%,Preset_17,LSTM,42,256,1,[960],True,nan,0.0,[],[],last,960,relu,True,True,128,SGD,0.9,0.0008,1e-06,[0.68794326 2.1920904  0.91725768],0.02,1.0,0.11959,2.03205,0.38636,0.33282,"[0.46512, 0.13333, 0.4]",853,0.51506,1.39361,0.45455,0.40684,"[0.57143, 0.23529, 0.41379]",283,COMPLETED,68.27
210,20260108_043339,baseline_OUMVLP_TOP50.csv,50%,Preset_17,LSTM,42,256,1,[960],True,nan,0.0,[],[],last,960,relu,True,True,128,SGD,0.9,0.0008,1e-06,[0.68794326 2.1920904  0.91725768],0.02,1.0,0.11899,1.46012,0.47727,0.37364,"[0.52632, 0.0, 0.59459]",987,0.53957,1.11986,0.56818,0.50881,"[0.61111, 0.26667, 0.64865]",292,COMPLETED,79.05
211,20260108_043339,gaitgl_GREW_BNNeck_TOP50.csv,50%,Preset_17,LSTM,42,256,1,[960],True,nan,0.0,[],[],last,960,relu,True,True,128,SGD,0.9,0.0008,1e-06,[0.68794326 2.1920904  0.91725768],0.02,1.0,0.11874,1.64012,0.47727,0.43939,"[0.56522, 0.35294, 0.4]",1998,0.12881,1.72921,0.52273,0.47324,"[0.61224, 0.35294, 0.45455]",1903,COMPLETED,223.527
212,20260108_043339,gaitgl_GREW_TOP50.csv,50%,Preset_17,LSTM,42,256,1,[960],True,nan,0.0,[],[],last,960,relu,True,True,128,SGD,0.9,0.0008,1e-06,[0.68794326 2.1920904  0.91725768],0.02,1.0,0.1183,1.46381,0.54545,0.49238,"[0.58537, 0.28571, 0.60606]",210,0.73284,1.03988,0.56818,0.51081,"[0.68421, 0.30769, 0.54054]",50,COMPLETED,23.657
213,20260108_043339,gaitgl_OUMVLP_TOP50.csv,50%,Preset_17,LSTM,42,256,1,[960],True,nan,0.0,[],[],last,960,relu,True,True,128,SGD,0.9,0.0008,1e-06,[0.68794326 2.1920904  0.91725768],0.02,1.0,0.1182,2.41173,0.36364,0.3019,"[0.43902, 0.0, 0.46667]",888,0.57736,1.18453,0.47727,0.40629,"[0.44444, 0.14286, 0.63158]",216,COMPLETED,100.045
214,20260108_043339,gaitgl_TOP50.csv,50%,Preset_17,LSTM,42,128,1,[960],True,nan,0.0,[],[],last,960,relu,True,True,128,SGD,0.9,0.0008,1e-06,[0.68794326 2.1920904  0.91725768],0.02,1.0,0.11903,2.00679,0.38636,0.33488,"[0.43902, 0.15385, 0.41176]",346,0.15257,1.81102,0.43182,0.36766,"[0.51163, 0.15385, 0.4375]",249,COMPLETED,35.606
215,20260108_043339,gaitpart_GREW_TOP50.csv,50%,Preset_17,LSTM,42,256,1,[960],True,nan,0.0,[],[],last,960,relu,True,True,128,SGD,0.9,0.0008,1e-06,[0.68794326 2.1920904  0.91725768],0.02,1.0,0.11759,1.69886,0.5,0.46605,"[0.61538, 0.3, 0.48276]",1561,0.26427,1.19877,0.59091,0.55232,"[0.68293, 0.42857, 0.54545]",675,COMPLETED,95.162
216,20260108_043339,gaitpart_OUMVLP_TOP50.csv,50%,Preset_17,LSTM,42,256,1,[960],True,nan,0.0,[],[],last,960,relu,True,True,128,SGD,0.9,0.0008,1e-06,[0.68794326 2.1920904  0.91725768],0.02,1.0,0.11766,1.4306,0.5,0.46608,"[0.63158, 0.3, 0.46667]",3476,0.42016,1.07399,0.63636,0.59829,"[0.66667, 0.46154, 0.66667]",819,COMPLETED,211.233
217,20260108_043339,gaitset_GREW_TOP50.csv,50%,Preset_17,LSTM,42,256,1,[960],True,nan,0.0,[],[],last,960,relu,True,True,128,SGD,0.9,0.0008,1e-06,[0.68794326 2.1920904  0.91725768],0.02,1.0,0.11829,2.1355,0.34091,0.29815,"[0.45, 0.11111, 0.33333]",1042,0.12193,2.13179,0.40909,0.3416,"[0.55814, 0.13333, 0.33333]",995,COMPLETED,114.571
218,20260108_043339,gaitset_OUMVLP_TOP50.csv,50%,Preset_17,LSTM,42,256,1,[960],True,nan,0.0,[],[],last,960,relu,True,True,128,SGD,0.9,0.0008,1e-06,[0.68794326 2.1920904  0.91725768],0.02,1.0,0.11885,1.73085,0.38636,0.33567,"[0.47368, 0.13333, 0.4]",2742,0.43015,1.44456,0.54545,0.42471,"[0.69231, 0.18182, 0.4]",778,COMPLETED,300.381
219,20260108_043339,gaitset_TOP50.csv,50%,Preset_17,LSTM,42,256,1,[960],True,nan,0.0,[],[],last,960,relu,True,True,128,SGD,0.9,0.0008,1e-06,[0.68794326 2.1920904  0.91725768],0.02,1.0,0.1187,1.58587,0.5,0.47013,"[0.59459, 0.31579, 0.5]",826,0.13726,1.5017,0.52273,0.49174,"[0.61538, 0.375, 0.48485]",693,COMPLETED,90.616
220,20260108_043339,gln_phase1_TOP50.csv,50%,Preset_17,LSTM,42,256,1,[960],True,nan,0.0,[],[],last,960,relu,True,True,128,SGD,0.9,0.0008,1e-06,[0.68794326 2.1920904  0.91725768],0.02,1.0,0.11969,1.04601,0.61364,0.50875,"[0.69767, 0.2, 0.62857]",878,0.56037,0.91385,0.65909,0.64747,"[0.66667, 0.58824, 0.6875]",260,COMPLETED,126.334
221,20260108_043339,gln_phase2_TOP50.csv,50%,Preset_17,LSTM,42,256,1,[960],True,nan,0.0,[],[],last,960,relu,True,True,128,SGD,0.9,0.0008,1e-06,[0.68794326 2.1920904  0.91725768],0.02,1.0,0.11919,1.37876,0.45455,0.4198,"[0.47368, 0.28571, 0.5]",710,0.16763,1.24048,0.5,0.45733,"[0.55, 0.30769, 0.51429]",498,COMPLETED,102.136

222,20260108_043339,baseline_CASIAB_TOP50.csv,50%,Preset_18,LSTM,42,256,1,[128],False,nan,0.0,[],[],last,,nan,False,True,64,Adam,,0.003,0.0,[0.68794326 2.1920904  0.91725768],0.02,1.0,0.11043,2.3437,0.36364,0.3288,"[0.5, 0.21053, 0.27586]",73,0.16661,2.08468,0.47727,0.42302,"[0.61905, 0.25, 0.4]",58,COMPLETED,4.433
223,20260108_043339,baseline_OUMVLP_TOP50.csv,50%,Preset_18,LSTM,42,256,1,[128],False,nan,0.0,[],[],last,,nan,False,True,64,Adam,,0.003,0.0,[0.68794326 2.1920904  0.91725768],0.02,1.0,0.11528,1.72824,0.54545,0.50268,"[0.51282, 0.36364, 0.63158]",107,0.13163,1.52704,0.61364,0.55556,"[0.63636, 0.36364, 0.66667]",96,COMPLETED,6.561
224,20260108_043339,gaitgl_GREW_BNNeck_TOP50.csv,50%,Preset_18,LSTM,42,256,1,[128],False,nan,0.0,[],[],last,,nan,False,True,64,Adam,,0.003,0.0,[0.68794326 2.1920904  0.91725768],0.02,1.0,0.11264,2.38493,0.47727,0.44514,"[0.4878, 0.33333, 0.51429]",95,0.61996,1.33491,0.54545,0.50139,"[0.54054, 0.36364, 0.6]",36,COMPLETED,7.121
225,20260108_043339,gaitgl_GREW_TOP50.csv,50%,Preset_18,LSTM,42,256,1,[128],False,nan,0.0,[],[],last,,nan,False,True,64,Adam,,0.003,0.0,[0.68794326 2.1920904  0.91725768],0.02,1.0,0.10436,1.31941,0.54545,0.45004,"[0.65217, 0.18182, 0.51613]",18,0.10486,1.36409,0.56818,0.46674,"[0.66667, 0.18182, 0.55172]",17,COMPLETED,1.36
226,20260108_043339,gaitgl_OUMVLP_TOP50.csv,50%,Preset_18,LSTM,42,256,1,[128],False,nan,0.0,[],[],last,,nan,False,True,64,Adam,,0.003,0.0,[0.68794326 2.1920904  0.91725768],0.02,1.0,0.11155,2.20281,0.47727,0.35897,"[0.57692, 0.0, 0.5]",172,0.23582,1.95189,0.52273,0.44658,"[0.56522, 0.15385, 0.62069]",139,COMPLETED,12.652
227,20260108_043339,gaitgl_TOP50.csv,50%,Preset_18,LSTM,42,128,1,[128],False,nan,0.0,[],[],last,,nan,False,True,64,Adam,,0.003,0.0,[0.68794326 2.1920904  0.91725768],0.02,1.0,0.1065,1.70811,0.56818,0.47434,"[0.6383, 0.22222, 0.5625]",20,0.11258,1.89632,0.54545,0.50274,"[0.55, 0.36364, 0.59459]",16,COMPLETED,1.357
228,20260108_043339,gaitpart_GREW_TOP50.csv,50%,Preset_18,LSTM,42,256,1,[128],False,nan,0.0,[],[],last,,nan,False,True,64,Adam,,0.003,0.0,[0.68794326 2.1920904  0.91725768],0.02,1.0,0.10742,1.63296,0.52273,0.47416,"[0.58537, 0.30769, 0.52941]",105,0.26465,2.25105,0.54545,0.53859,"[0.54054, 0.45455, 0.62069]",90,COMPLETED,5.571
229,20260108_043339,gaitpart_OUMVLP_TOP50.csv,50%,Preset_18,LSTM,42,256,1,[128],False,nan,0.0,[],[],last,,nan,False,True,64,Adam,,0.003,0.0,[0.68794326 2.1920904  0.91725768],0.02,1.0,0.11112,1.40177,0.56818,0.52936,"[0.63636, 0.4, 0.55172]",430,0.46801,1.13604,0.68182,0.65929,"[0.68421, 0.57143, 0.72222]",219,COMPLETED,23.021
230,20260108_043339,gaitset_GREW_TOP50.csv,50%,Preset_18,LSTM,42,256,1,[128],False,nan,0.0,[],[],last,,nan,False,True,64,Adam,,0.003,0.0,[0.68794326 2.1920904  0.91725768],0.02,1.0,0.10612,2.4403,0.47727,0.43379,"[0.47059, 0.26667, 0.5641]",97,0.14597,2.14789,0.54545,0.45584,"[0.65116, 0.15385, 0.5625]",82,COMPLETED,7.004
231,20260108_043339,gaitset_OUMVLP_TOP50.csv,50%,Preset_18,LSTM,42,256,1,[128],False,nan,0.0,[],[],last,,nan,False,True,64,Adam,,0.003,0.0,[0.68794326 2.1920904  0.91725768],0.02,1.0,0.11375,1.68785,0.5,0.47823,"[0.5641, 0.4, 0.47059]",430,0.1174,1.74962,0.52273,0.4987,"[0.55556, 0.4, 0.54054]",426,COMPLETED,31.097
232,20260108_043339,gaitset_TOP50.csv,50%,Preset_18,LSTM,42,256,1,[128],False,nan,0.0,[],[],last,,nan,False,True,64,Adam,,0.003,0.0,[0.68794326 2.1920904  0.91725768],0.02,1.0,0.10956,1.50256,0.47727,0.41201,"[0.52174, 0.14286, 0.57143]",68,0.14889,1.562,0.56818,0.53679,"[0.58537, 0.4, 0.625]",54,COMPLETED,5.016
233,20260108_043339,gln_phase1_TOP50.csv,50%,Preset_18,LSTM,42,256,1,[128],False,nan,0.0,[],[],last,,nan,False,True,64,Adam,,0.003,0.0,[0.68794326 2.1920904  0.91725768],0.02,1.0,0.10671,1.2262,0.56818,0.56238,"[0.63158, 0.55556, 0.5]",72,0.35401,0.98972,0.68182,0.71494,"[0.62857, 0.83333, 0.68293]",41,COMPLETED,5.995
234,20260108_043339,gln_phase2_TOP50.csv,50%,Preset_18,LSTM,42,256,1,[128],False,nan,0.0,[],[],last,,nan,False,True,64,Adam,,0.003,0.0,[0.68794326 2.1920904  0.91725768],0.02,1.0,0.10994,2.04511,0.45455,0.41956,"[0.48649, 0.28571, 0.48649]",60,0.7331,1.33821,0.52273,0.50161,"[0.42424, 0.46154, 0.61905]",20,COMPLETED,4.973

235,20260108_043339,baseline_CASIAB_TOP50.csv,50%,Preset_19,LSTM,42,256,3,"[128, 192, 256]",False,L2,0.25,"[1, 2]",[1],last,128,leakyrelu,True,False,64,AdamW,,0.0004,1e-06,[0.68794326 2.1920904  0.91725768],0.02,1.0,0.1052,2.41179,0.43182,0.30571,"[0.56, 0.0, 0.35714]",226,0.58009,1.647,0.54545,0.45823,"[0.58824, 0.18182, 0.60465]",75,COMPLETED,28.534
236,20260108_043339,baseline_OUMVLP_TOP50.csv,50%,Preset_19,LSTM,42,256,3,"[128, 192, 256]",False,L2,0.25,"[1, 2]",[1],last,128,leakyrelu,True,False,64,AdamW,,0.0004,1e-06,[0.68794326 2.1920904  0.91725768],0.02,1.0,0.10555,2.53705,0.43182,0.37603,"[0.47368, 0.125, 0.52941]",299,0.14765,1.52699,0.63636,0.52524,"[0.70833, 0.22222, 0.64516]",260,COMPLETED,37.703
237,20260108_043339,gaitgl_GREW_BNNeck_TOP50.csv,50%,Preset_19,LSTM,42,256,3,"[128, 192, 256]",False,L2,0.25,"[1, 2]",[1],last,128,leakyrelu,True,False,64,AdamW,,0.0004,1e-06,[0.68794326 2.1920904  0.91725768],0.02,1.0,0.11065,2.33958,0.47727,0.43828,"[0.55, 0.30769, 0.45714]",160,0.64964,1.22159,0.59091,0.53076,"[0.69388, 0.35294, 0.54545]",59,COMPLETED,25.644
238,20260108_043339,gaitgl_GREW_TOP50.csv,50%,Preset_19,LSTM,42,256,3,"[128, 192, 256]",False,L2,0.25,"[1, 2]",[1],last,128,leakyrelu,True,False,64,AdamW,,0.0004,1e-06,[0.68794326 2.1920904  0.91725768],0.02,1.0,0.10729,2.67936,0.45455,0.41499,"[0.51163, 0.26667, 0.46667]",85,0.10729,2.67936,0.45455,0.41499,"[0.51163, 0.26667, 0.46667]",85,COMPLETED,13.63
239,20260108_043339,gaitgl_OUMVLP_TOP50.csv,50%,Preset_19,LSTM,42,256,3,"[128, 192, 256]",False,L2,0.25,"[1, 2]",[1],last,128,leakyrelu,True,False,64,AdamW,,0.0004,1e-06,[0.68794326 2.1920904  0.91725768],0.02,1.0,0.10114,1.94214,0.54545,0.49578,"[0.58537, 0.23529, 0.66667]",358,0.14287,1.53219,0.65909,0.60564,"[0.72727, 0.4, 0.68966]",342,COMPLETED,57.327
240,20260108_043339,gaitgl_TOP50.csv,50%,Preset_19,LSTM,42,128,3,"[128, 192, 256]",False,L2,0.25,"[1, 2]",[1],last,128,leakyrelu,True,False,64,AdamW,,0.0004,1e-06,[0.68794326 2.1920904  0.91725768],0.02,1.0,0.10853,1.82455,0.47727,0.40535,"[0.54545, 0.2, 0.47059]",101,0.10844,1.89533,0.54545,0.50631,"[0.60465, 0.4, 0.51429]",99,COMPLETED,15.803
241,20260108_043339,gaitpart_GREW_TOP50.csv,50%,Preset_19,LSTM,42,256,3,"[128, 192, 256]",False,L2,0.25,"[1, 2]",[1],last,128,leakyrelu,True,False,64,AdamW,,0.0004,1e-06,[0.68794326 2.1920904  0.91725768],0.02,1.0,0.1166,2.37508,0.43182,0.37115,"[0.47059, 0.14286, 0.5]",243,0.50163,1.41899,0.59091,0.56969,"[0.7, 0.52632, 0.48276]",65,COMPLETED,26.203
242,20260108_043339,gaitpart_OUMVLP_TOP50.csv,50%,Preset_19,LSTM,42,256,3,"[128, 192, 256]",False,L2,0.25,"[1, 2]",[1],last,128,leakyrelu,True,False,64,AdamW,,0.0004,1e-06,[0.68794326 2.1920904  0.91725768],0.02,1.0,0.12493,2.12156,0.5,0.47225,"[0.57895, 0.35294, 0.48485]",862,0.72103,0.99657,0.68182,0.65698,"[0.75556, 0.61538, 0.6]",246,STOPPED,93.043
243,20260108_043339,gaitset_GREW_TOP50.csv,50%,Preset_19,LSTM,42,256,3,"[128, 192, 256]",False,L2,0.25,"[1, 2]",[1],last,128,leakyrelu,True,False,64,AdamW,,0.0004,1e-06,[0.68794326 2.1920904  0.91725768],0.02,1.0,0.10136,3.49365,0.29545,0.28213,"[0.33333, 0.19048, 0.32258]",251,0.17513,2.37269,0.45455,0.42262,"[0.48649, 0.30769, 0.47368]",187,COMPLETED,39.493
244,20260108_043339,gaitset_OUMVLP_TOP50.csv,50%,Preset_19,LSTM,42,256,3,"[128, 192, 256]",False,L2,0.25,"[1, 2]",[1],last,128,leakyrelu,True,False,64,AdamW,,0.0004,1e-06,[0.68794326 2.1920904  0.91725768],0.02,1.0,0.11692,2.60171,0.38636,0.29815,"[0.45, 0.0, 0.44444]",868,0.10994,2.296,0.54545,0.50267,"[0.65217, 0.42105, 0.43478]",805,COMPLETED,136.659
245,20260108_043339,gaitset_TOP50.csv,50%,Preset_19,LSTM,42,256,3,"[128, 192, 256]",False,L2,0.25,"[1, 2]",[1],last,128,leakyrelu,True,False,64,AdamW,,0.0004,1e-06,[0.68794326 2.1920904  0.91725768],0.02,1.0,0.10694,2.79952,0.36364,0.27377,"[0.54545, 0.0, 0.27586]",182,0.20185,2.77506,0.40909,0.35646,"[0.5641, 0.10526, 0.4]",159,COMPLETED,28.564
246,20260108_043339,gln_phase1_TOP50.csv,50%,Preset_19,LSTM,42,256,3,"[128, 192, 256]",False,L2,0.25,"[1, 2]",[1],last,128,leakyrelu,True,False,64,AdamW,,0.0004,1e-06,[0.68794326 2.1920904  0.91725768],0.02,1.0,0.10941,1.63923,0.59091,0.52381,"[0.66667, 0.33333, 0.57143]",169,0.46256,1.02308,0.63636,0.62283,"[0.65, 0.57143, 0.64706]",84,COMPLETED,32.139
247,20260108_043339,gln_phase2_TOP50.csv,50%,Preset_19,LSTM,42,256,3,"[128, 192, 256]",False,L2,0.25,"[1, 2]",[1],last,128,leakyrelu,True,False,64,AdamW,,0.0004,1e-06,[0.68794326 2.1920904  0.91725768],0.02,1.0,0.1066,2.11154,0.5,0.42544,"[0.55, 0.2, 0.52632]",225,0.39344,1.86389,0.54545,0.5303,"[0.59091, 0.5, 0.5]",145,COMPLETED,43.328

248,20260108_043339,baseline_CASIAB_TOP50.csv,50%,Preset_20,LSTM,42,256,4,"[160, 160, 160, 160]",True,nan,0.4,[],[],max,128,relu,False,True,128,RMSprop,,0.0005,1e-07,[0.68794326 2.1920904  0.91725768],0.02,1.0,0.10272,1.98301,0.52273,0.36768,"[0.64151, 0.0, 0.46154]",405,0.65147,1.53415,0.52273,0.44091,"[0.55556, 0.18182, 0.58537]",162,COMPLETED,44.256
249,20260108_043339,baseline_OUMVLP_TOP50.csv,50%,Preset_20,LSTM,42,256,4,"[160, 160, 160, 160]",True,nan,0.4,[],[],max,128,relu,False,True,128,RMSprop,,0.0005,1e-07,[0.68794326 2.1920904  0.91725768],0.02,1.0,0.10137,1.74189,0.61364,0.50764,"[0.68, 0.22222, 0.62069]",512,0.15489,1.56291,0.61364,0.5887,"[0.61905, 0.5, 0.64706]",499,COMPLETED,55.432
250,20260108_043339,gaitgl_GREW_BNNeck_TOP50.csv,50%,Preset_20,LSTM,42,256,4,"[160, 160, 160, 160]",True,nan,0.4,[],[],max,128,relu,False,True,128,RMSprop,,0.0005,1e-07,[0.68794326 2.1920904  0.91725768],0.02,1.0,0.10237,2.56133,0.43182,0.37054,"[0.51163, 0.2, 0.4]",564,0.65307,1.40372,0.52273,0.50528,"[0.5641, 0.4, 0.55172]",382,COMPLETED,83.199
251,20260108_043339,gaitgl_GREW_TOP50.csv,50%,Preset_20,LSTM,42,256,4,"[160, 160, 160, 160]",True,nan,0.4,[],[],max,128,relu,False,True,128,RMSprop,,0.0005,1e-07,[0.68794326 2.1920904  0.91725768],0.02,1.0,0.10404,1.71554,0.52273,0.33333,"[0.66667, 0.0, 0.33333]",58,0.2521,1.21738,0.63636,0.45682,"[0.7234, 0.0, 0.64706]",51,COMPLETED,8.696
252,20260108_043339,gaitgl_OUMVLP_TOP50.csv,50%,Preset_20,LSTM,42,256,4,"[160, 160, 160, 160]",True,nan,0.4,[],[],max,128,relu,False,True,128,RMSprop,,0.0005,1e-07,[0.68794326 2.1920904  0.91725768],0.02,1.0,0.10101,1.99874,0.45455,0.33481,"[0.56, 0.0, 0.44444]",300,0.25327,2.40546,0.45455,0.44725,"[0.54545, 0.2963, 0.5]",255,COMPLETED,44.054
253,20260108_043339,gaitgl_TOP50.csv,50%,Preset_20,LSTM,42,128,4,"[160, 160, 160, 160]",True,nan,0.4,[],[],max,128,relu,False,True,128,RMSprop,,0.0005,1e-07,[0.68794326 2.1920904  0.91725768],0.02,1.0,0.10709,2.35198,0.43182,0.30237,"[0.52, 0.0, 0.3871]",61,0.46214,1.48535,0.52273,0.44473,"[0.57143, 0.22222, 0.54054]",32,COMPLETED,8.719
254,20260108_043339,gaitpart_GREW_TOP50.csv,50%,Preset_20,LSTM,42,256,4,"[160, 160, 160, 160]",True,nan,0.4,[],[],max,128,relu,False,True,128,RMSprop,,0.0005,1e-07,[0.68794326 2.1920904  0.91725768],0.02,1.0,0.1195,2.40823,0.43182,0.40401,"[0.51163, 0.31579, 0.38462]",578,0.33661,1.41773,0.59091,0.52134,"[0.69767, 0.28571, 0.58065]",397,COMPLETED,50.063
255,20260108_043339,gaitpart_OUMVLP_TOP50.csv,50%,Preset_20,LSTM,42,256,4,"[160, 160, 160, 160]",True,nan,0.4,[],[],max,128,relu,False,True,128,RMSprop,,0.0005,1e-07,[0.68794326 2.1920904  0.91725768],0.02,1.0,1.10614,1.08021,0.47727,0.21538,"[0.64615, 0.0, 0.0]",102,1.10614,1.08021,0.47727,0.21538,"[0.64615, 0.0, 0.0]",102,STOPPED,8.903
256,20260108_043339,gaitset_GREW_TOP50.csv,50%,Preset_20,LSTM,42,256,4,"[160, 160, 160, 160]",True,nan,0.4,[],[],max,128,relu,False,True,128,RMSprop,,0.0005,1e-07,[0.68794326 2.1920904  0.91725768],0.02,1.0,0.10946,2.13692,0.47727,0.35002,"[0.56522, 0.0, 0.48485]",473,0.4856,1.83683,0.52273,0.47362,"[0.59459, 0.28571, 0.54054]",322,COMPLETED,68.685
257,20260108_043339,gaitset_OUMVLP_TOP50.csv,50%,Preset_20,LSTM,42,256,4,"[160, 160, 160, 160]",True,nan,0.4,[],[],max,128,relu,False,True,128,RMSprop,,0.0005,1e-07,[0.68794326 2.1920904  0.91725768],0.02,1.0,0.10177,1.9586,0.5,0.44995,"[0.60465, 0.30769, 0.4375]",1151,0.36493,1.25822,0.63636,0.56725,"[0.68421, 0.33333, 0.68421]",831,COMPLETED,167.21
258,20260108_043339,gaitset_TOP50.csv,50%,Preset_20,LSTM,42,256,4,"[160, 160, 160, 160]",True,nan,0.4,[],[],max,128,relu,False,True,128,RMSprop,,0.0005,1e-07,[0.68794326 2.1920904  0.91725768],0.02,1.0,0.1102,2.82803,0.38636,0.28312,"[0.54167, 0.0, 0.30769]",305,0.31406,2.1405,0.38636,0.37967,"[0.42105, 0.38462, 0.33333]",176,COMPLETED,44.641
259,20260108_043339,gln_phase1_TOP50.csv,50%,Preset_20,LSTM,42,256,4,"[160, 160, 160, 160]",True,nan,0.4,[],[],max,128,relu,False,True,128,RMSprop,,0.0005,1e-07,[0.68794326 2.1920904  0.91725768],0.02,1.0,0.10287,2.35795,0.43182,0.43033,"[0.43243, 0.42105, 0.4375]",349,0.35179,1.33234,0.61364,0.59333,"[0.68, 0.6, 0.5]",180,COMPLETED,63.864
260,20260108_043339,gln_phase2_TOP50.csv,50%,Preset_20,LSTM,42,256,4,"[160, 160, 160, 160]",True,nan,0.4,[],[],max,128,relu,False,True,128,RMSprop,,0.0005,1e-07,[0.68794326 2.1920904  0.91725768],0.02,1.0,0.11155,1.83706,0.5,0.37123,"[0.55814, 0.0, 0.55556]",294,0.41376,1.39188,0.63636,0.57944,"[0.69388, 0.44444, 0.6]",203,COMPLETED,53.512

261,20260108_043339,baseline_CASIAB_TOP50.csv,50%,Preset_21,LSTM,42,256,3,"[256, 256, 256]",False,L2,0.0,[],[],last,256,silu,True,True,32,Adam,,0.001,1e-06,[0.68794326 2.1920904  0.91725768],0.02,1.0,0.1027,2.61096,0.40909,0.2996,"[0.54167, 0.0, 0.35714]",244,0.29003,2.06479,0.5,0.45071,"[0.57778, 0.30769, 0.46667]",130,COMPLETED,43.968
262,20260108_043339,baseline_OUMVLP_TOP50.csv,50%,Preset_21,LSTM,42,256,3,"[256, 256, 256]",False,L2,0.0,[],[],last,256,silu,True,True,32,Adam,,0.001,1e-06,[0.68794326 2.1920904  0.91725768],0.02,1.0,0.10798,2.47849,0.40909,0.35735,"[0.39024, 0.18182, 0.5]",237,0.20697,2.27674,0.5,0.47786,"[0.5, 0.35294, 0.58065]",210,COMPLETED,42.392
263,20260108_043339,gaitgl_GREW_BNNeck_TOP50.csv,50%,Preset_21,LSTM,42,256,3,"[256, 256, 256]",False,L2,0.0,[],[],last,256,silu,True,True,32,Adam,,0.001,1e-06,[0.68794326 2.1920904  0.91725768],0.02,1.0,1.10567,1.08949,0.47727,0.21538,"[0.64615, 0.0, 0.0]",190,1.10567,1.08949,0.47727,0.21538,"[0.64615, 0.0, 0.0]",190,STOPPED,43.651
264,20260108_043339,gaitgl_GREW_TOP50.csv,50%,Preset_21,LSTM,42,256,3,"[256, 256, 256]",False,L2,0.0,[],[],last,256,silu,True,True,32,Adam,,0.001,1e-06,[0.68794326 2.1920904  0.91725768],0.02,1.0,0.10442,2.4003,0.43182,0.3172,"[0.46512, 0.0, 0.48649]",48,0.3664,1.90524,0.54545,0.46016,"[0.59574, 0.22222, 0.5625]",34,COMPLETED,11.068
265,20260108_043339,gaitgl_OUMVLP_TOP50.csv,50%,Preset_21,LSTM,42,256,3,"[256, 256, 256]",False,L2,0.0,[],[],last,256,silu,True,True,32,Adam,,0.001,1e-06,[0.68794326 2.1920904  0.91725768],0.02,1.0,1.1105,1.09064,0.36364,0.17778,"[0.0, 0.0, 0.53333]",223,1.1105,1.09064,0.36364,0.17778,"[0.0, 0.0, 0.53333]",223,STOPPED,51.325
266,20260108_043339,gaitgl_TOP50.csv,50%,Preset_21,LSTM,42,128,3,"[256, 256, 256]",False,L2,0.0,[],[],last,256,silu,True,True,32,Adam,,0.001,1e-06,[0.68794326 2.1920904  0.91725768],0.02,1.0,0.10313,2.09871,0.5,0.37066,"[0.54054, 0.0, 0.57143]",88,0.19093,1.77072,0.52273,0.48629,"[0.57143, 0.36364, 0.52381]",61,COMPLETED,19.789
267,20260108_043339,gaitpart_GREW_TOP50.csv,50%,Preset_21,LSTM,42,256,3,"[256, 256, 256]",False,L2,0.0,[],[],last,256,silu,True,True,32,Adam,,0.001,1e-06,[0.68794326 2.1920904  0.91725768],0.02,1.0,1.10556,1.09106,0.36364,0.17778,"[0.0, 0.0, 0.53333]",149,1.10556,1.09106,0.36364,0.17778,"[0.0, 0.0, 0.53333]",149,STOPPED,22.595
268,20260108_043339,gaitpart_OUMVLP_TOP50.csv,50%,Preset_21,LSTM,42,256,3,"[256, 256, 256]",False,L2,0.0,[],[],last,256,silu,True,True,32,Adam,,0.001,1e-06,[0.68794326 2.1920904  0.91725768],0.02,1.0,0.50332,1.5736,0.52273,0.4902,"[0.47059, 0.33333, 0.66667]",682,0.54809,1.09319,0.65909,0.64957,"[0.66667, 0.61538, 0.66667]",375,STOPPED,103.906
269,20260108_043339,gaitset_GREW_TOP50.csv,50%,Preset_21,LSTM,42,256,3,"[256, 256, 256]",False,L2,0.0,[],[],last,256,silu,True,True,32,Adam,,0.001,1e-06,[0.68794326 2.1920904  0.91725768],0.02,1.0,0.11028,2.95331,0.29545,0.26338,"[0.37838, 0.11765, 0.29412]",311,0.47535,1.88234,0.38636,0.38446,"[0.37838, 0.375, 0.4]",90,COMPLETED,71.132
270,20260108_043339,gaitset_OUMVLP_TOP50.csv,50%,Preset_21,LSTM,42,256,3,"[256, 256, 256]",False,L2,0.0,[],[],last,256,silu,True,True,32,Adam,,0.001,1e-06,[0.68794326 2.1920904  0.91725768],0.02,1.0,1.10508,1.09011,0.47727,0.21538,"[0.64615, 0.0, 0.0]",279,1.10508,1.09011,0.47727,0.21538,"[0.64615, 0.0, 0.0]",279,STOPPED,63.788
271,20260108_043339,gaitset_TOP50.csv,50%,Preset_21,LSTM,42,256,3,"[256, 256, 256]",False,L2,0.0,[],[],last,256,silu,True,True,32,Adam,,0.001,1e-06,[0.68794326 2.1920904  0.91725768],0.02,1.0,1.11401,1.09015,0.47727,0.21538,"[0.64615, 0.0, 0.0]",114,1.11401,1.09015,0.47727,0.21538,"[0.64615, 0.0, 0.0]",114,STOPPED,25.958
272,20260108_043339,gln_phase1_TOP50.csv,50%,Preset_21,LSTM,42,256,3,"[256, 256, 256]",False,L2,0.0,[],[],last,256,silu,True,True,32,Adam,,0.001,1e-06,[0.68794326 2.1920904  0.91725768],0.02,1.0,0.10191,1.47392,0.61364,0.58091,"[0.63415, 0.46154, 0.64706]",209,0.12539,1.47139,0.68182,0.64193,"[0.68293, 0.5, 0.74286]",203,COMPLETED,58.733
273,20260108_043339,gln_phase2_TOP50.csv,50%,Preset_21,LSTM,42,256,3,"[256, 256, 256]",False,L2,0.0,[],[],last,256,silu,True,True,32,Adam,,0.001,1e-06,[0.68794326 2.1920904  0.91725768],0.02,1.0,0.10888,2.46475,0.40909,0.35288,"[0.4878, 0.13333, 0.4375]",164,0.24453,2.1914,0.47727,0.44016,"[0.48649, 0.30769, 0.52632]",121,COMPLETED,46.327

274,20260108_043339,baseline_CASIAB_TOP50.csv,50%,Preset_22,LSTM,42,256,1,[640],True,minmax,0.0,[],[],attention,512,gelu,False,True,64,Adam,,0.0008,0.0,[0.68794326 2.1920904  0.91725768],0.02,1.0,1.10485,1.09504,0.36364,0.17778,"[0.0, 0.0, 0.53333]",105,1.10485,1.09504,0.36364,0.17778,"[0.0, 0.0, 0.53333]",105,STOPPED,11.341
275,20260108_043339,baseline_OUMVLP_TOP50.csv,50%,Preset_22,LSTM,42,256,1,[640],True,minmax,0.0,[],[],attention,512,gelu,False,True,64,Adam,,0.0008,0.0,[0.68794326 2.1920904  0.91725768],0.02,1.0,1.10527,1.12427,0.15909,0.0915,"[0.0, 0.27451, 0.0]",121,1.10527,1.12427,0.15909,0.0915,"[0.0, 0.27451, 0.0]",121,STOPPED,13.115
276,20260108_043339,gaitgl_GREW_BNNeck_TOP50.csv,50%,Preset_22,LSTM,42,256,1,[640],True,minmax,0.0,[],[],attention,512,gelu,False,True,64,Adam,,0.0008,0.0,[0.68794326 2.1920904  0.91725768],0.02,1.0,1.10489,1.09357,0.36364,0.17778,"[0.0, 0.0, 0.53333]",119,1.10489,1.09357,0.36364,0.17778,"[0.0, 0.0, 0.53333]",119,STOPPED,16.127
277,20260108_043339,gaitgl_GREW_TOP50.csv,50%,Preset_22,LSTM,42,256,1,[640],True,minmax,0.0,[],[],attention,512,gelu,False,True,64,Adam,,0.0008,0.0,[0.68794326 2.1920904  0.91725768],0.02,1.0,1.1046,1.09495,0.47727,0.21538,"[0.64615, 0.0, 0.0]",132,1.1046,1.09495,0.47727,0.21538,"[0.64615, 0.0, 0.0]",132,STOPPED,17.983
278,20260108_043339,gaitgl_OUMVLP_TOP50.csv,50%,Preset_22,LSTM,42,256,1,[640],True,minmax,0.0,[],[],attention,512,gelu,False,True,64,Adam,,0.0008,0.0,[0.68794326 2.1920904  0.91725768],0.02,1.0,1.10468,1.09688,0.36364,0.17778,"[0.0, 0.0, 0.53333]",154,1.10468,1.09688,0.36364,0.17778,"[0.0, 0.0, 0.53333]",154,STOPPED,21.035
279,20260108_043339,gaitgl_TOP50.csv,50%,Preset_22,LSTM,42,128,1,[640],True,minmax,0.0,[],[],attention,512,gelu,False,True,64,Adam,,0.0008,0.0,[0.68794326 2.1920904  0.91725768],0.02,1.0,1.10502,1.08947,0.36364,0.17778,"[0.0, 0.0, 0.53333]",144,1.10502,1.08947,0.36364,0.17778,"[0.0, 0.0, 0.53333]",144,STOPPED,18.221
280,20260108_043339,gaitpart_GREW_TOP50.csv,50%,Preset_22,LSTM,42,256,1,[640],True,minmax,0.0,[],[],attention,512,gelu,False,True,64,Adam,,0.0008,0.0,[0.68794326 2.1920904  0.91725768],0.02,1.0,1.10502,1.089,0.47727,0.21538,"[0.64615, 0.0, 0.0]",141,1.10502,1.089,0.47727,0.21538,"[0.64615, 0.0, 0.0]",141,STOPPED,13.299
281,20260108_043339,gaitpart_OUMVLP_TOP50.csv,50%,Preset_22,LSTM,42,256,1,[640],True,minmax,0.0,[],[],attention,512,gelu,False,True,64,Adam,,0.0008,0.0,[0.68794326 2.1920904  0.91725768],0.02,1.0,1.10449,1.10414,0.15909,0.0915,"[0.0, 0.27451, 0.0]",148,1.10449,1.10414,0.15909,0.0915,"[0.0, 0.27451, 0.0]",148,STOPPED,14.05
282,20260108_043339,gaitset_GREW_TOP50.csv,50%,Preset_22,LSTM,42,256,1,[640],True,minmax,0.0,[],[],attention,512,gelu,False,True,64,Adam,,0.0008,0.0,[0.68794326 2.1920904  0.91725768],0.02,1.0,1.1047,1.09521,0.47727,0.21538,"[0.64615, 0.0, 0.0]",131,1.1047,1.09521,0.47727,0.21538,"[0.64615, 0.0, 0.0]",131,STOPPED,17.483
283,20260108_043339,gaitset_OUMVLP_TOP50.csv,50%,Preset_22,LSTM,42,256,1,[640],True,minmax,0.0,[],[],attention,512,gelu,False,True,64,Adam,,0.0008,0.0,[0.68794326 2.1920904  0.91725768],0.02,1.0,1.10518,1.09586,0.47727,0.21538,"[0.64615, 0.0, 0.0]",109,1.10518,1.09586,0.47727,0.21538,"[0.64615, 0.0, 0.0]",109,STOPPED,14.644
284,20260108_043339,gaitset_TOP50.csv,50%,Preset_22,LSTM,42,256,1,[640],True,minmax,0.0,[],[],attention,512,gelu,False,True,64,Adam,,0.0008,0.0,[0.68794326 2.1920904  0.91725768],0.02,1.0,1.10505,1.08842,0.47727,0.21538,"[0.64615, 0.0, 0.0]",129,1.10505,1.08842,0.47727,0.21538,"[0.64615, 0.0, 0.0]",129,STOPPED,17.22
285,20260108_043339,gln_phase1_TOP50.csv,50%,Preset_22,LSTM,42,256,1,[640],True,minmax,0.0,[],[],attention,512,gelu,False,True,64,Adam,,0.0008,0.0,[0.68794326 2.1920904  0.91725768],0.02,1.0,1.10472,1.09648,0.36364,0.17778,"[0.0, 0.0, 0.53333]",121,1.10472,1.09648,0.36364,0.17778,"[0.0, 0.0, 0.53333]",121,STOPPED,19.746
286,20260108_043339,gln_phase2_TOP50.csv,50%,Preset_22,LSTM,42,256,1,[640],True,minmax,0.0,[],[],attention,512,gelu,False,True,64,Adam,,0.0008,0.0,[0.68794326 2.1920904  0.91725768],0.02,1.0,1.10466,1.09506,0.47727,0.21538,"[0.64615, 0.0, 0.0]",137,1.10466,1.09506,0.47727,0.21538,"[0.64615, 0.0, 0.0]",137,STOPPED,22.182

287,20260108_043339,baseline_CASIAB_TOP50.csv,50%,Preset_23,LSTM,42,256,2,"[384, 384]",True,nan,0.15,[1],[1],last,128,relu,True,False,64,AdamW,,0.0003,1e-05,[0.68794326 2.1920904  0.91725768],0.02,1.0,0.10429,1.89501,0.5,0.37593,"[0.52174, 0.0, 0.60606]",41,0.44857,1.64299,0.45455,0.41706,"[0.51282, 0.22222, 0.51613]",21,COMPLETED,5.992
288,20260108_043339,baseline_OUMVLP_TOP50.csv,50%,Preset_23,LSTM,42,256,2,"[384, 384]",True,nan,0.15,[1],[1],last,128,relu,True,False,64,AdamW,,0.0003,1e-05,[0.68794326 2.1920904  0.91725768],0.02,1.0,0.11076,1.3461,0.59091,0.52817,"[0.65116, 0.26667, 0.66667]",54,0.30331,1.474,0.61364,0.53405,"[0.72, 0.36364, 0.51852]",33,COMPLETED,7.922
289,20260108_043339,gaitgl_GREW_BNNeck_TOP50.csv,50%,Preset_23,LSTM,42,256,2,"[384, 384]",True,nan,0.15,[1],[1],last,128,relu,True,False,64,AdamW,,0.0003,1e-05,[0.68794326 2.1920904  0.91725768],0.02,1.0,0.11188,1.92015,0.54545,0.42929,"[0.66667, 0.16667, 0.45455]",62,0.1741,1.68786,0.59091,0.49722,"[0.625, 0.2, 0.66667]",49,COMPLETED,11.441
290,20260108_043339,gaitgl_GREW_TOP50.csv,50%,Preset_23,LSTM,42,256,2,"[384, 384]",True,nan,0.15,[1],[1],last,128,relu,True,False,64,AdamW,,0.0003,1e-05,[0.68794326 2.1920904  0.91725768],0.02,1.0,0.10427,1.25953,0.47727,0.40945,"[0.4878, 0.2, 0.54054]",14,0.11691,1.341,0.61364,0.54762,"[0.66667, 0.33333, 0.64286]",10,COMPLETED,2.661
291,20260108_043339,gaitgl_OUMVLP_TOP50.csv,50%,Preset_23,LSTM,42,256,2,"[384, 384]",True,nan,0.15,[1],[1],last,128,relu,True,False,64,AdamW,,0.0003,1e-05,[0.68794326 2.1920904  0.91725768],0.02,1.0,0.1032,1.47585,0.52273,0.43501,"[0.62222, 0.16667, 0.51613]",50,0.20032,1.81132,0.56818,0.4741,"[0.65306, 0.15385, 0.61538]",23,COMPLETED,9.317
292,20260108_043339,gaitgl_TOP50.csv,50%,Preset_23,LSTM,42,128,2,"[384, 384]",True,nan,0.15,[1],[1],last,128,relu,True,False,64,AdamW,,0.0003,1e-05,[0.68794326 2.1920904  0.91725768],0.02,1.0,0.10598,1.56639,0.43182,0.4071,"[0.47619, 0.33333, 0.41176]",15,0.12142,1.86995,0.47727,0.44259,"[0.55, 0.33333, 0.44444]",10,COMPLETED,2.669
293,20260108_043339,gaitpart_GREW_TOP50.csv,50%,Preset_23,LSTM,42,256,2,"[384, 384]",True,nan,0.15,[1],[1],last,128,relu,True,False,64,AdamW,,0.0003,1e-05,[0.68794326 2.1920904  0.91725768],0.02,1.0,0.10875,2.07531,0.47727,0.44929,"[0.59459, 0.31579, 0.4375]",72,0.49603,1.63179,0.52273,0.47806,"[0.52941, 0.33333, 0.57143]",29,COMPLETED,8.522
294,20260108_043339,gaitpart_OUMVLP_TOP50.csv,50%,Preset_23,LSTM,42,256,2,"[384, 384]",True,nan,0.15,[1],[1],last,128,relu,True,False,64,AdamW,,0.0003,1e-05,[0.68794326 2.1920904  0.91725768],0.02,1.0,0.10678,1.73493,0.54545,0.49192,"[0.57895, 0.28571, 0.61111]",299,0.60914,1.04826,0.63636,0.61375,"[0.68293, 0.53333, 0.625]",91,COMPLETED,35.754
295,20260108_043339,gaitset_GREW_TOP50.csv,50%,Preset_23,LSTM,42,256,2,"[384, 384]",True,nan,0.15,[1],[1],last,128,relu,True,False,64,AdamW,,0.0003,1e-05,[0.68794326 2.1920904  0.91725768],0.02,1.0,0.10821,2.6991,0.29545,0.28667,"[0.34286, 0.16, 0.35714]",50,0.12425,2.41481,0.43182,0.39144,"[0.55, 0.21053, 0.41379]",45,COMPLETED,9.161
296,20260108_043339,gaitset_OUMVLP_TOP50.csv,50%,Preset_23,LSTM,42,256,2,"[384, 384]",True,nan,0.15,[1],[1],last,128,relu,True,False,64,AdamW,,0.0003,1e-05,[0.68794326 2.1920904  0.91725768],0.02,1.0,0.10457,1.59583,0.47727,0.40604,"[0.55, 0.15385, 0.51429]",155,0.64039,1.36862,0.5,0.4614,"[0.51429, 0.33333, 0.53659]",60,COMPLETED,28.139
297,20260108_043339,gaitset_TOP50.csv,50%,Preset_23,LSTM,42,256,2,"[384, 384]",True,nan,0.15,[1],[1],last,128,relu,True,False,64,AdamW,,0.0003,1e-05,[0.68794326 2.1920904  0.91725768],0.02,1.0,0.10746,1.97189,0.36364,0.30516,"[0.52381, 0.125, 0.26667]",42,0.22603,1.85108,0.5,0.46574,"[0.57778, 0.375, 0.44444]",28,COMPLETED,7.638
298,20260108_043339,gln_phase1_TOP50.csv,50%,Preset_23,LSTM,42,256,2,"[384, 384]",True,nan,0.15,[1],[1],last,128,relu,True,False,64,AdamW,,0.0003,1e-05,[0.68794326 2.1920904  0.91725768],0.02,1.0,0.10639,1.06024,0.63636,0.56489,"[0.71429, 0.33333, 0.64706]",44,0.10847,1.03782,0.68182,0.61914,"[0.72727, 0.44444, 0.68571]",43,COMPLETED,9.828
299,20260108_043339,gln_phase2_TOP50.csv,50%,Preset_23,LSTM,42,256,2,"[384, 384]",True,nan,0.15,[1],[1],last,128,relu,True,False,64,AdamW,,0.0003,1e-05,[0.68794326 2.1920904  0.91725768],0.02,1.0,0.10699,1.56965,0.54545,0.48406,"[0.65217, 0.33333, 0.46667]",37,0.17365,1.64183,0.59091,0.54291,"[0.63415, 0.4, 0.59459]",23,COMPLETED,8.377

300,20260108_043339,baseline_CASIAB_TOP50.csv,50%,Preset_24,LSTM,42,256,4,"[896, 768, 640, 512]",False,L2,0.4,[1],[1],attention,512,elu,True,False,16,AdamW,,1e-05,0.0,[0.68794326 2.1920904  0.91725768],0.02,1.0,0.10849,1.97547,0.56818,0.50286,"[0.68, 0.4, 0.42857]",651,0.10855,1.84166,0.61364,0.56645,"[0.66667, 0.44444, 0.58824]",647,COMPLETED,454.184
301,20260108_043339,baseline_OUMVLP_TOP50.csv,50%,Preset_24,LSTM,42,256,4,"[896, 768, 640, 512]",False,L2,0.4,[1],[1],attention,512,elu,True,False,16,AdamW,,1e-05,0.0,[0.68794326 2.1920904  0.91725768],0.02,1.0,0.10395,2.77419,0.43182,0.33333,"[0.47368, 0.0, 0.52632]",993,0.66598,1.61592,0.52273,0.4697,"[0.68182, 0.27273, 0.45455]",183,COMPLETED,693.278
302,20260108_043339,gaitgl_GREW_BNNeck_TOP50.csv,50%,Preset_24,LSTM,42,256,4,"[896, 768, 640, 512]",False,L2,0.4,[1],[1],attention,512,elu,True,False,16,AdamW,,1e-05,0.0,[0.68794326 2.1920904  0.91725768],0.02,1.0,0.11581,3.16098,0.38636,0.37522,"[0.35294, 0.27273, 0.5]",644,0.21104,2.27355,0.54545,0.51367,"[0.59459, 0.375, 0.57143]",410,COMPLETED,554.985
303,20260108_043339,gaitgl_GREW_TOP50.csv,50%,Preset_24,LSTM,42,256,4,"[896, 768, 640, 512]",False,L2,0.4,[1],[1],attention,512,elu,True,False,16,AdamW,,1e-05,0.0,[0.68794326 2.1920904  0.91725768],0.02,1.0,0.1106,2.58006,0.47727,0.42988,"[0.42424, 0.25, 0.61538]",413,0.56508,1.50076,0.52273,0.47963,"[0.60465, 0.36364, 0.47059]",93,COMPLETED,357.37
304,20260108_043339,gaitgl_OUMVLP_TOP50.csv,50%,Preset_24,LSTM,42,256,4,"[896, 768, 640, 512]",False,L2,0.4,[1],[1],attention,512,elu,True,False,16,AdamW,,1e-05,0.0,[0.68794326 2.1920904  0.91725768],0.02,1.0,0.23062,2.68658,0.43182,0.3574,"[0.52, 0.18182, 0.37037]",794,0.62495,1.79802,0.52273,0.43965,"[0.60465, 0.2, 0.51429]",267,STOPPED,684.769
305,20260108_043339,gaitgl_TOP50.csv,50%,Preset_24,LSTM,42,128,4,"[896, 768, 640, 512]",False,L2,0.4,[1],[1],attention,512,elu,True,False,16,AdamW,,1e-05,0.0,[0.68794326 2.1920904  0.91725768],0.02,1.0,0.10434,2.23771,0.5,0.367,"[0.54545, 0.0, 0.55556]",344,0.73825,1.39362,0.5,0.4759,"[0.53659, 0.375, 0.51613]",84,COMPLETED,292.328
306,20260108_043339,gaitpart_GREW_TOP50.csv,50%,Preset_24,LSTM,42,256,4,"[896, 768, 640, 512]",False,L2,0.4,[1],[1],attention,512,elu,True,False,16,AdamW,,1e-05,0.0,[0.68794326 2.1920904  0.91725768],0.02,1.0,0.11172,2.14776,0.56818,0.51465,"[0.72727, 0.4, 0.41667]",765,0.74272,1.36473,0.61364,0.55776,"[0.7907, 0.42105, 0.46154]",185,COMPLETED,427.183
307,20260108_043339,gaitpart_OUMVLP_TOP50.csv,50%,Preset_24,LSTM,42,256,4,"[896, 768, 640, 512]",False,L2,0.4,[1],[1],attention,512,elu,True,False,16,AdamW,,1e-05,0.0,[0.68794326 2.1920904  0.91725768],0.02,1.0,0.1034,2.76397,0.45455,0.3998,"[0.68293, 0.28571, 0.23077]",1633,0.39452,1.55023,0.56818,0.54505,"[0.58824, 0.46154, 0.58537]",980,COMPLETED,916.482
308,20260108_043339,gaitset_GREW_TOP50.csv,50%,Preset_24,LSTM,42,256,4,"[896, 768, 640, 512]",False,L2,0.4,[1],[1],attention,512,elu,True,False,16,AdamW,,1e-05,0.0,[0.68794326 2.1920904  0.91725768],0.02,1.0,0.11978,2.47296,0.52273,0.44827,"[0.63158, 0.125, 0.58824]",682,0.21799,2.38576,0.54545,0.49098,"[0.63158, 0.23529, 0.60606]",556,COMPLETED,582.034
309,20260108_043339,gaitset_OUMVLP_TOP50.csv,50%,Preset_24,LSTM,42,256,4,"[896, 768, 640, 512]",False,L2,0.4,[1],[1],attention,512,elu,True,False,16,AdamW,,1e-05,0.0,[0.68794326 2.1920904  0.91725768],0.02,1.0,0.1549,2.82162,0.45455,0.41692,"[0.51429, 0.25, 0.48649]",1689,0.30704,1.88127,0.59091,0.53391,"[0.66667, 0.36364, 0.57143]",1352,STOPPED,1437.228
310,20260108_043339,gaitset_TOP50.csv,50%,Preset_24,LSTM,42,256,4,"[896, 768, 640, 512]",False,L2,0.4,[1],[1],attention,512,elu,True,False,16,AdamW,,1e-05,0.0,[0.68794326 2.1920904  0.91725768],0.02,1.0,0.11324,2.73849,0.43182,0.3448,"[0.57143, 0.16667, 0.2963]",719,0.12481,2.6425,0.47727,0.41404,"[0.62222, 0.23529, 0.38462]",707,COMPLETED,613.337
311,20260108_043339,gln_phase1_TOP50.csv,50%,Preset_24,LSTM,42,256,4,"[896, 768, 640, 512]",False,L2,0.4,[1],[1],attention,512,elu,True,False,16,AdamW,,1e-05,0.0,[0.68794326 2.1920904  0.91725768],0.02,1.0,0.11618,2.33932,0.5,0.42251,"[0.57143, 0.18182, 0.51429]",791,0.19614,1.89212,0.59091,0.55328,"[0.6, 0.44444, 0.61538]",449,COMPLETED,737.038
312,20260108_043339,gln_phase2_TOP50.csv,50%,Preset_24,LSTM,42,256,4,"[896, 768, 640, 512]",False,L2,0.4,[1],[1],attention,512,elu,True,False,16,AdamW,,1e-05,0.0,[0.68794326 2.1920904  0.91725768],0.02,1.0,0.10591,2.98337,0.40909,0.35681,"[0.53659, 0.10526, 0.42857]",727,0.25093,2.06111,0.56818,0.50794,"[0.57143, 0.28571, 0.66667]",399,COMPLETED,679.291

313,20260108_043339,baseline_CASIAB_TOP50.csv,50%,Preset_25,LSTM,42,256,4,"[64, 160, 384, 896]",False,nan,0.25,"[1, 3]","[1, 2, 3]",last,256,gelu,False,False,64,AdamW,,0.0001,1e-06,[0.68794326 2.1920904  0.91725768],0.02,1.0,0.11099,1.70608,0.59091,0.47345,"[0.72, 0.18182, 0.51852]",151,0.12476,1.6472,0.63636,0.55584,"[0.73913, 0.30769, 0.62069]",143,COMPLETED,24.233
314,20260108_043339,baseline_OUMVLP_TOP50.csv,50%,Preset_25,LSTM,42,256,4,"[64, 160, 384, 896]",False,nan,0.25,"[1, 3]","[1, 2, 3]",last,256,gelu,False,False,64,AdamW,,0.0001,1e-06,[0.68794326 2.1920904  0.91725768],0.02,1.0,0.11256,1.93289,0.45455,0.41567,"[0.52381, 0.28571, 0.4375]",164,0.14922,2.04425,0.63636,0.61505,"[0.66667, 0.53333, 0.64516]",127,COMPLETED,26.165
315,20260108_043339,gaitgl_GREW_BNNeck_TOP50.csv,50%,Preset_25,LSTM,42,256,4,"[64, 160, 384, 896]",False,nan,0.25,"[1, 3]","[1, 2, 3]",last,256,gelu,False,False,64,AdamW,,0.0001,1e-06,[0.68794326 2.1920904  0.91725768],0.02,1.0,0.11564,2.00614,0.47727,0.39867,"[0.56, 0.22222, 0.41379]",220,0.52598,1.47608,0.56818,0.48096,"[0.61224, 0.25, 0.58065]",92,COMPLETED,45.258
316,20260108_043339,gaitgl_GREW_TOP50.csv,50%,Preset_25,LSTM,42,256,4,"[64, 160, 384, 896]",False,nan,0.25,"[1, 3]","[1, 2, 3]",last,256,gelu,False,False,64,AdamW,,0.0001,1e-06,[0.68794326 2.1920904  0.91725768],0.02,1.0,0.11853,2.42608,0.38636,0.28144,"[0.52174, 0.0, 0.32258]",45,0.1565,2.62388,0.40909,0.34205,"[0.52174, 0.18182, 0.32258]",32,COMPLETED,9.348
317,20260108_043339,gaitgl_OUMVLP_TOP50.csv,50%,Preset_25,LSTM,42,256,4,"[64, 160, 384, 896]",False,nan,0.25,"[1, 3]","[1, 2, 3]",last,256,gelu,False,False,64,AdamW,,0.0001,1e-06,[0.68794326 2.1920904  0.91725768],0.02,1.0,0.10516,2.18096,0.52273,0.47611,"[0.55814, 0.30769, 0.5625]",146,0.10709,1.88895,0.61364,0.55177,"[0.66667, 0.36364, 0.625]",143,COMPLETED,30.129
318,20260108_043339,gaitgl_TOP50.csv,50%,Preset_25,LSTM,42,128,4,"[64, 160, 384, 896]",False,nan,0.25,"[1, 3]","[1, 2, 3]",last,256,gelu,False,False,64,AdamW,,0.0001,1e-06,[0.68794326 2.1920904  0.91725768],0.02,1.0,0.1194,1.60455,0.45455,0.35112,"[0.51282, 0.0, 0.54054]",56,0.17506,1.6043,0.59091,0.53246,"[0.61538, 0.33333, 0.64865]",35,COMPLETED,11.413
319,20260108_043339,gaitpart_GREW_TOP50.csv,50%,Preset_25,LSTM,42,256,4,"[64, 160, 384, 896]",False,nan,0.25,"[1, 3]","[1, 2, 3]",last,256,gelu,False,False,64,AdamW,,0.0001,1e-06,[0.68794326 2.1920904  0.91725768],0.02,1.0,0.11182,1.54349,0.59091,0.52681,"[0.66667, 0.30769, 0.60606]",193,0.13177,1.69117,0.65909,0.57653,"[0.76596, 0.36364, 0.6]",167,COMPLETED,26.648
320,20260108_043339,gaitpart_OUMVLP_TOP50.csv,50%,Preset_25,LSTM,42,256,4,"[64, 160, 384, 896]",False,nan,0.25,"[1, 3]","[1, 2, 3]",last,256,gelu,False,False,64,AdamW,,0.0001,1e-06,[0.68794326 2.1920904  0.91725768],0.02,1.0,0.11011,1.93896,0.54545,0.49887,"[0.65217, 0.4, 0.44444]",327,0.61387,1.23707,0.61364,0.56053,"[0.65, 0.4, 0.63158]",121,COMPLETED,45.314
321,20260108_043339,gaitset_GREW_TOP50.csv,50%,Preset_25,LSTM,42,256,4,"[64, 160, 384, 896]",False,nan,0.25,"[1, 3]","[1, 2, 3]",last,256,gelu,False,False,64,AdamW,,0.0001,1e-06,[0.68794326 2.1920904  0.91725768],0.02,1.0,0.11518,1.82967,0.56818,0.42424,"[0.66667, 0.0, 0.60606]",173,0.11584,2.01864,0.54545,0.49192,"[0.61111, 0.28571, 0.57895]",169,COMPLETED,34.813
322,20260108_043339,gaitset_OUMVLP_TOP50.csv,50%,Preset_25,LSTM,42,256,4,"[64, 160, 384, 896]",False,nan,0.25,"[1, 3]","[1, 2, 3]",last,256,gelu,False,False,64,AdamW,,0.0001,1e-06,[0.68794326 2.1920904  0.91725768],0.02,1.0,0.11326,1.82322,0.47727,0.45274,"[0.52632, 0.31579, 0.51613]",278,0.17093,2.09872,0.5,0.4866,"[0.54054, 0.34783, 0.57143]",182,COMPLETED,58.075
323,20260108_043339,gaitset_TOP50.csv,50%,Preset_25,LSTM,42,256,4,"[64, 160, 384, 896]",False,nan,0.25,"[1, 3]","[1, 2, 3]",last,256,gelu,False,False,64,AdamW,,0.0001,1e-06,[0.68794326 2.1920904  0.91725768],0.02,1.0,0.10881,2.04796,0.43182,0.36806,"[0.5, 0.16667, 0.4375]",148,0.15953,2.21381,0.52273,0.4996,"[0.58537, 0.42857, 0.48485]",98,COMPLETED,31.343
324,20260108_043339,gln_phase1_TOP50.csv,50%,Preset_25,LSTM,42,256,4,"[64, 160, 384, 896]",False,nan,0.25,"[1, 3]","[1, 2, 3]",last,256,gelu,False,False,64,AdamW,,0.0001,1e-06,[0.68794326 2.1920904  0.91725768],0.02,1.0,0.10754,1.99522,0.47727,0.43758,"[0.48649, 0.28571, 0.54054]",144,0.38824,1.74652,0.56818,0.52487,"[0.55556, 0.4, 0.61905]",63,COMPLETED,36.753
325,20260108_043339,gln_phase2_TOP50.csv,50%,Preset_25,LSTM,42,256,4,"[64, 160, 384, 896]",False,nan,0.25,"[1, 3]","[1, 2, 3]",last,256,gelu,False,False,64,AdamW,,0.0001,1e-06,[0.68794326 2.1920904  0.91725768],0.02,1.0,0.11169,1.9349,0.47727,0.43943,"[0.53333, 0.33333, 0.45161]",156,0.3958,1.28429,0.65909,0.6222,"[0.71795, 0.5, 0.64865]",59,COMPLETED,39.122

326,20260108_043339,baseline_CASIAB_TOP50.csv,50%,Preset_26,LSTM,42,256,1,[64],True,L2,0.0,[],[],max,256,tanh,False,True,16,RMSprop,,0.0002,1e-05,[0.68794326 2.1920904  0.91725768],0.02,1.0,0.11886,1.88139,0.45455,0.40122,"[0.61905, 0.2, 0.38462]",205,0.12495,1.89492,0.52273,0.49942,"[0.63158, 0.4, 0.46667]",177,COMPLETED,51.856
327,20260108_043339,baseline_OUMVLP_TOP50.csv,50%,Preset_26,LSTM,42,256,1,[64],True,L2,0.0,[],[],max,256,tanh,False,True,16,RMSprop,,0.0002,1e-05,[0.68794326 2.1920904  0.91725768],0.02,1.0,0.11818,1.65478,0.47727,0.40895,"[0.5641, 0.13333, 0.52941]",360,0.48647,1.28954,0.61364,0.52923,"[0.72, 0.30769, 0.56]",99,COMPLETED,90.05
328,20260108_043339,gaitgl_GREW_BNNeck_TOP50.csv,50%,Preset_26,LSTM,42,256,1,[64],True,L2,0.0,[],[],max,256,tanh,False,True,16,RMSprop,,0.0002,1e-05,[0.68794326 2.1920904  0.91725768],0.02,1.0,0.11749,2.04196,0.36364,0.34144,"[0.4, 0.21053, 0.41379]",136,0.23389,1.77501,0.56818,0.47444,"[0.64, 0.25, 0.53333]",78,COMPLETED,40.731
329,20260108_043339,gaitgl_GREW_TOP50.csv,50%,Preset_26,LSTM,42,256,1,[64],True,L2,0.0,[],[],max,256,tanh,False,True,16,RMSprop,,0.0002,1e-05,[0.68794326 2.1920904  0.91725768],0.02,1.0,0.11417,1.57454,0.38636,0.37517,"[0.45, 0.35294, 0.32258]",69,0.13615,1.55478,0.43182,0.42443,"[0.46154, 0.4, 0.41176]",59,COMPLETED,21.128
330,20260108_043339,gaitgl_OUMVLP_TOP50.csv,50%,Preset_26,LSTM,42,256,1,[64],True,L2,0.0,[],[],max,256,tanh,False,True,16,RMSprop,,0.0002,1e-05,[0.68794326 2.1920904  0.91725768],0.02,1.0,0.11717,1.3786,0.52273,0.44091,"[0.58537, 0.18182, 0.55556]",225,0.11908,1.45481,0.54545,0.50519,"[0.62222, 0.33333, 0.56]",217,COMPLETED,67.143
331,20260108_043339,gaitgl_TOP50.csv,50%,Preset_26,LSTM,42,128,1,[64],True,L2,0.0,[],[],max,256,tanh,False,True,16,RMSprop,,0.0002,1e-05,[0.68794326 2.1920904  0.91725768],0.02,1.0,0.1177,1.60362,0.43182,0.41922,"[0.51282, 0.4, 0.34483]",82,0.1143,1.57128,0.45455,0.43716,"[0.47368, 0.35294, 0.48485]",80,COMPLETED,23.476
332,20260108_043339,gaitpart_GREW_TOP50.csv,50%,Preset_26,LSTM,42,256,1,[64],True,L2,0.0,[],[],max,256,tanh,False,True,16,RMSprop,,0.0002,1e-05,[0.68794326 2.1920904  0.91725768],0.02,1.0,0.11963,1.68848,0.54545,0.53383,"[0.58537, 0.5, 0.51613]",383,0.14211,1.83697,0.63636,0.60123,"[0.71111, 0.5, 0.59259]",265,COMPLETED,76.981
333,20260108_043339,gaitpart_OUMVLP_TOP50.csv,50%,Preset_26,LSTM,42,256,1,[64],True,L2,0.0,[],[],max,256,tanh,False,True,16,RMSprop,,0.0002,1e-05,[0.68794326 2.1920904  0.91725768],0.02,1.0,0.1162,1.20674,0.63636,0.59374,"[0.74419, 0.44444, 0.59259]",1442,0.48648,1.15965,0.70455,0.67814,"[0.73171, 0.6, 0.7027]",309,COMPLETED,280.627
334,20260108_043339,gaitset_GREW_TOP50.csv,50%,Preset_26,LSTM,42,256,1,[64],True,L2,0.0,[],[],max,256,tanh,False,True,16,RMSprop,,0.0002,1e-05,[0.68794326 2.1920904  0.91725768],0.02,1.0,0.11993,1.74518,0.31818,0.31669,"[0.2963, 0.26667, 0.3871]",166,0.1336,1.72324,0.54545,0.51173,"[0.51613, 0.4, 0.61905]",127,COMPLETED,47.69
335,20260108_043339,gaitset_OUMVLP_TOP50.csv,50%,Preset_26,LSTM,42,256,1,[64],True,L2,0.0,[],[],max,256,tanh,False,True,16,RMSprop,,0.0002,1e-05,[0.68794326 2.1920904  0.91725768],0.02,1.0,0.11699,1.81256,0.45455,0.43333,"[0.5, 0.28571, 0.51429]",878,0.1462,1.96365,0.52273,0.50135,"[0.45161, 0.46154, 0.59091]",558,COMPLETED,264.561
336,20260108_043339,gaitset_TOP50.csv,50%,Preset_26,LSTM,42,256,1,[64],True,L2,0.0,[],[],max,256,tanh,False,True,16,RMSprop,,0.0002,1e-05,[0.68794326 2.1920904  0.91725768],0.02,1.0,0.11947,2.14093,0.36364,0.29191,"[0.51064, 0.14286, 0.22222]",124,0.33746,1.59916,0.47727,0.40289,"[0.57143, 0.16667, 0.47059]",69,COMPLETED,40.268
337,20260108_043339,gln_phase1_TOP50.csv,50%,Preset_26,LSTM,42,256,1,[64],True,L2,0.0,[],[],max,256,tanh,False,True,16,RMSprop,,0.0002,1e-05,[0.68794326 2.1920904  0.91725768],0.02,1.0,0.11803,1.01137,0.61364,0.54672,"[0.68182, 0.33333, 0.625]",124,0.26494,0.95615,0.65909,0.63611,"[0.70833, 0.6, 0.6]",75,COMPLETED,45.724
338,20260108_043339,gln_phase2_TOP50.csv,50%,Preset_26,LSTM,42,256,1,[64],True,L2,0.0,[],[],max,256,tanh,False,True,16,RMSprop,,0.0002,1e-05,[0.68794326 2.1920904  0.91725768],0.02,1.0,0.11927,1.12467,0.56818,0.52518,"[0.65116, 0.35294, 0.57143]",126,0.1396,1.24494,0.63636,0.61316,"[0.61111, 0.54545, 0.68293]",98,COMPLETED,46.552

339,20260108_043339,baseline_CASIAB_TOP50.csv,50%,Preset_27,LSTM,42,256,1,[64],False,L2,0.0,[],[],last,,nan,False,True,64,Adam,,0.01,1e-07,[0.68794326 2.1920904  0.91725768],0.02,1.0,0.11385,2.59774,0.31818,0.25129,"[0.39024, 0.0, 0.36364]",110,0.14706,2.58488,0.47727,0.41667,"[0.58333, 0.25, 0.41667]",100,COMPLETED,7.541
340,20260108_043339,baseline_OUMVLP_TOP50.csv,50%,Preset_27,LSTM,42,256,1,[64],False,L2,0.0,[],[],last,,nan,False,True,64,Adam,,0.01,1e-07,[0.68794326 2.1920904  0.91725768],0.02,1.0,0.11445,1.90882,0.43182,0.40226,"[0.42105, 0.28571, 0.5]",151,0.14593,1.87763,0.56818,0.5327,"[0.6, 0.35294, 0.64516]",136,COMPLETED,10.358
341,20260108_043339,gaitgl_GREW_BNNeck_TOP50.csv,50%,Preset_27,LSTM,42,256,1,[64],False,L2,0.0,[],[],last,,nan,False,True,64,Adam,,0.01,1e-07,[0.68794326 2.1920904  0.91725768],0.02,1.0,0.11045,2.35831,0.47727,0.45417,"[0.55, 0.375, 0.4375]",74,0.4053,1.69308,0.56818,0.52947,"[0.66667, 0.4, 0.52174]",44,COMPLETED,6.113
342,20260108_043339,gaitgl_GREW_TOP50.csv,50%,Preset_27,LSTM,42,256,1,[64],False,L2,0.0,[],[],last,,nan,False,True,64,Adam,,0.01,1e-07,[0.68794326 2.1920904  0.91725768],0.02,1.0,0.11006,1.21874,0.61364,0.54116,"[0.73171, 0.28571, 0.60606]",36,0.11061,1.26699,0.63636,0.58557,"[0.73171, 0.4, 0.625]",35,COMPLETED,2.759
343,20260108_043339,gaitgl_OUMVLP_TOP50.csv,50%,Preset_27,LSTM,42,256,1,[64],False,L2,0.0,[],[],last,,nan,False,True,64,Adam,,0.01,1e-07,[0.68794326 2.1920904  0.91725768],0.02,1.0,0.11146,2.51686,0.40909,0.3551,"[0.43902, 0.18182, 0.44444]",229,0.5242,2.18937,0.47727,0.39204,"[0.58824, 0.13333, 0.45455]",139,COMPLETED,16.756
344,20260108_043339,gaitgl_TOP50.csv,50%,Preset_27,LSTM,42,128,1,[64],False,L2,0.0,[],[],last,,nan,False,True,64,Adam,,0.01,1e-07,[0.68794326 2.1920904  0.91725768],0.02,1.0,0.11123,2.30322,0.38636,0.33523,"[0.43902, 0.16667, 0.4]",43,0.38038,2.18152,0.45455,0.45421,"[0.47059, 0.45455, 0.4375]",27,COMPLETED,3.25
345,20260108_043339,gaitpart_GREW_TOP50.csv,50%,Preset_27,LSTM,42,256,1,[64],False,L2,0.0,[],[],last,,nan,False,True,64,Adam,,0.01,1e-07,[0.68794326 2.1920904  0.91725768],0.02,1.0,0.10721,1.76339,0.54545,0.48306,"[0.625, 0.28571, 0.53846]",120,0.13171,1.68986,0.56818,0.54634,"[0.57143, 0.46154, 0.60606]",104,COMPLETED,6.857
346,20260108_043339,gaitpart_OUMVLP_TOP50.csv,50%,Preset_27,LSTM,42,256,1,[64],False,L2,0.0,[],[],last,,nan,False,True,64,Adam,,0.01,1e-07,[0.68794326 2.1920904  0.91725768],0.02,1.0,0.1115,1.52329,0.52273,0.49216,"[0.58537, 0.375, 0.51613]",570,0.73949,1.0865,0.63636,0.608,"[0.60606, 0.5, 0.71795]",254,COMPLETED,30.645
347,20260108_043339,gaitset_GREW_TOP50.csv,50%,Preset_27,LSTM,42,256,1,[64],False,L2,0.0,[],[],last,,nan,False,True,64,Adam,,0.01,1e-07,[0.68794326 2.1920904  0.91725768],0.02,1.0,0.10677,2.26348,0.45455,0.37762,"[0.56522, 0.15385, 0.41379]",111,0.53532,1.63546,0.52273,0.41384,"[0.64151, 0.2, 0.4]",65,COMPLETED,8.336
348,20260108_043339,gaitset_OUMVLP_TOP50.csv,50%,Preset_27,LSTM,42,256,1,[64],False,L2,0.0,[],[],last,,nan,False,True,64,Adam,,0.01,1e-07,[0.68794326 2.1920904  0.91725768],0.02,1.0,0.11484,1.68186,0.54545,0.45695,"[0.63636, 0.15385, 0.58065]",538,0.34617,1.38923,0.59091,0.52991,"[0.61538, 0.30769, 0.66667]",381,COMPLETED,39.419
349,20260108_043339,gaitset_TOP50.csv,50%,Preset_27,LSTM,42,256,1,[64],False,L2,0.0,[],[],last,,nan,False,True,64,Adam,,0.01,1e-07,[0.68794326 2.1920904  0.91725768],0.02,1.0,0.1104,1.89299,0.43182,0.42278,"[0.45455, 0.4, 0.41379]",91,0.29078,1.77836,0.59091,0.55716,"[0.62222, 0.42857, 0.62069]",64,COMPLETED,6.715
350,20260108_043339,gln_phase1_TOP50.csv,50%,Preset_27,LSTM,42,256,1,[64],False,L2,0.0,[],[],last,,nan,False,True,64,Adam,,0.01,1e-07,[0.68794326 2.1920904  0.91725768],0.02,1.0,0.10763,1.29729,0.56818,0.47784,"[0.60465, 0.18182, 0.64706]",92,0.67103,0.91317,0.63636,0.60837,"[0.64865, 0.47059, 0.70588]",44,COMPLETED,7.549
351,20260108_043339,gln_phase2_TOP50.csv,50%,Preset_27,LSTM,42,256,1,[64],False,L2,0.0,[],[],last,,nan,False,True,64,Adam,,0.01,1e-07,[0.68794326 2.1920904  0.91725768],0.02,1.0,0.10975,1.73636,0.47727,0.40404,"[0.54545, 0.16667, 0.5]",75,0.36704,1.75228,0.5,0.49588,"[0.47059, 0.45455, 0.5625]",52,COMPLETED,6.503

352,20260108_043339,baseline_CASIAB_TOP50.csv,50%,Preset_28,LSTM,42,256,1,[512],False,L2,0.0,[],[],max,128,leakyrelu,False,True,64,AdamW,,0.001,0.0,[0.68794326 2.1920904  0.91725768],0.02,1.0,0.10481,1.96709,0.47727,0.35,"[0.58333, 0.0, 0.46667]",101,0.36399,1.36057,0.54545,0.50378,"[0.53659, 0.36364, 0.61111]",56,COMPLETED,6.724
353,20260108_043339,baseline_OUMVLP_TOP50.csv,50%,Preset_28,LSTM,42,256,1,[512],False,L2,0.0,[],[],max,128,leakyrelu,False,True,64,AdamW,,0.001,0.0,[0.68794326 2.1920904  0.91725768],0.02,1.0,0.10605,2.57708,0.38636,0.32738,"[0.52381, 0.125, 0.33333]",212,0.61538,1.19054,0.54545,0.48909,"[0.61905, 0.28571, 0.5625]",71,COMPLETED,14.132
354,20260108_043339,gaitgl_GREW_BNNeck_TOP50.csv,50%,Preset_28,LSTM,42,256,1,[512],False,L2,0.0,[],[],max,128,leakyrelu,False,True,64,AdamW,,0.001,0.0,[0.68794326 2.1920904  0.91725768],0.02,1.0,0.11388,2.25443,0.43182,0.39647,"[0.4878, 0.25, 0.45161]",82,0.57378,1.31397,0.47727,0.43687,"[0.51282, 0.23529, 0.5625]",37,COMPLETED,6.96
355,20260108_043339,gaitgl_GREW_TOP50.csv,50%,Preset_28,LSTM,42,256,1,[512],False,L2,0.0,[],[],max,128,leakyrelu,False,True,64,AdamW,,0.001,0.0,[0.68794326 2.1920904  0.91725768],0.02,1.0,0.10556,1.87615,0.40909,0.35858,"[0.4186, 0.2, 0.45714]",39,0.30888,1.42664,0.47727,0.44714,"[0.57778, 0.4, 0.36364]",24,COMPLETED,3.375
356,20260108_043339,gaitgl_OUMVLP_TOP50.csv,50%,Preset_28,LSTM,42,256,1,[512],False,L2,0.0,[],[],max,128,leakyrelu,False,True,64,AdamW,,0.001,0.0,[0.68794326 2.1920904  0.91725768],0.02,1.0,0.10994,2.11565,0.45455,0.3428,"[0.59091, 0.0, 0.4375]",106,0.52523,1.89832,0.45455,0.39647,"[0.54545, 0.11765, 0.52632]",83,COMPLETED,9.104
357,20260108_043339,gaitgl_TOP50.csv,50%,Preset_28,LSTM,42,128,1,[512],False,L2,0.0,[],[],max,128,leakyrelu,False,True,64,AdamW,,0.001,0.0,[0.68794326 2.1920904  0.91725768],0.02,1.0,0.11004,1.80659,0.45455,0.3596,"[0.54545, 0.0, 0.53333]",55,0.18168,1.68248,0.47727,0.43049,"[0.55814, 0.26667, 0.46667]",41,COMPLETED,4.157
358,20260108_043339,gaitpart_GREW_TOP50.csv,50%,Preset_28,LSTM,42,256,1,[512],False,L2,0.0,[],[],max,128,leakyrelu,False,True,64,AdamW,,0.001,0.0,[0.68794326 2.1920904  0.91725768],0.02,1.0,0.10757,2.11921,0.47727,0.392,"[0.62222, 0.16667, 0.3871]",173,0.3717,1.46089,0.59091,0.56433,"[0.66667, 0.52632, 0.5]",81,COMPLETED,10.484
359,20260108_043339,gaitpart_OUMVLP_TOP50.csv,50%,Preset_28,LSTM,42,256,1,[512],False,L2,0.0,[],[],max,128,leakyrelu,False,True,64,AdamW,,0.001,0.0,[0.68794326 2.1920904  0.91725768],0.02,1.0,0.10762,1.69195,0.56818,0.52927,"[0.68182, 0.44444, 0.46154]",468,0.56316,1.184,0.63636,0.62092,"[0.69565, 0.61538, 0.55172]",223,COMPLETED,28.525
360,20260108_043339,gaitset_GREW_TOP50.csv,50%,Preset_28,LSTM,42,256,1,[512],False,L2,0.0,[],[],max,128,leakyrelu,False,True,64,AdamW,,0.001,0.0,[0.68794326 2.1920904  0.91725768],0.02,1.0,0.10838,2.36372,0.40909,0.28243,"[0.57143, 0.0, 0.27586]",83,0.68762,1.47284,0.5,0.42732,"[0.54545, 0.22222, 0.51429]",40,COMPLETED,6.508
361,20260108_043339,gaitset_OUMVLP_TOP50.csv,50%,Preset_28,LSTM,42,256,1,[512],False,L2,0.0,[],[],max,128,leakyrelu,False,True,64,AdamW,,0.001,0.0,[0.68794326 2.1920904  0.91725768],0.02,1.0,0.1074,2.32634,0.5,0.444,"[0.59574, 0.30769, 0.42857]",358,0.30266,1.76548,0.54545,0.51586,"[0.63415, 0.42857, 0.48485]",208,COMPLETED,27.442
362,20260108_043339,gaitset_TOP50.csv,50%,Preset_28,LSTM,42,256,1,[512],False,L2,0.0,[],[],max,128,leakyrelu,False,True,64,AdamW,,0.001,0.0,[0.68794326 2.1920904  0.91725768],0.02,1.0,0.11042,2.08794,0.36364,0.31721,"[0.47368, 0.125, 0.35294]",69,0.46431,1.52344,0.45455,0.39048,"[0.57143, 0.26667, 0.33333]",40,COMPLETED,5.368
363,20260108_043339,gln_phase1_TOP50.csv,50%,Preset_28,LSTM,42,256,1,[512],False,L2,0.0,[],[],max,128,leakyrelu,False,True,64,AdamW,,0.001,0.0,[0.68794326 2.1920904  0.91725768],0.02,1.0,0.11362,1.28525,0.54545,0.4914,"[0.57895, 0.26667, 0.62857]",72,0.50752,1.02202,0.59091,0.54613,"[0.54545, 0.375, 0.71795]",39,COMPLETED,6.726
364,20260108_043339,gln_phase2_TOP50.csv,50%,Preset_28,LSTM,42,256,1,[512],False,L2,0.0,[],[],max,128,leakyrelu,False,True,64,AdamW,,0.001,0.0,[0.68794326 2.1920904  0.91725768],0.02,1.0,0.1076,1.69366,0.47727,0.39207,"[0.59574, 0.16667, 0.41379]",84,0.62556,1.21761,0.59091,0.57544,"[0.53333, 0.52632, 0.66667]",26,COMPLETED,7.65

365,20260108_043339,baseline_CASIAB_TOP50.csv,50%,Preset_29,LSTM,42,256,2,"[256, 384]",True,L2,0.0,[],[1],max,512,gelu,True,False,32,Adam,,0.0002,1e-05,[0.68794326 2.1920904  0.91725768],0.02,1.0,0.10635,1.44447,0.47727,0.36464,"[0.57778, 0.0, 0.51613]",47,0.25467,1.66803,0.47727,0.45182,"[0.59459, 0.26087, 0.5]",33,COMPLETED,11.725
366,20260108_043339,baseline_OUMVLP_TOP50.csv,50%,Preset_29,LSTM,42,256,2,"[256, 384]",True,L2,0.0,[],[1],max,512,gelu,True,False,32,Adam,,0.0002,1e-05,[0.68794326 2.1920904  0.91725768],0.02,1.0,0.11131,1.37459,0.59091,0.52145,"[0.69767, 0.26667, 0.6]",74,0.55295,1.32657,0.63636,0.525,"[0.70833, 0.2, 0.66667]",33,COMPLETED,18.859
367,20260108_043339,gaitgl_GREW_BNNeck_TOP50.csv,50%,Preset_29,LSTM,42,256,2,"[256, 384]",True,L2,0.0,[],[1],max,512,gelu,True,False,32,Adam,,0.0002,1e-05,[0.68794326 2.1920904  0.91725768],0.02,1.0,0.10797,1.27846,0.5,0.42489,"[0.53659, 0.16667, 0.57143]",40,0.67846,1.13002,0.5,0.45296,"[0.51429, 0.25, 0.59459]",16,COMPLETED,12.46
368,20260108_043339,gaitgl_GREW_TOP50.csv,50%,Preset_29,LSTM,42,256,2,"[256, 384]",True,L2,0.0,[],[1],max,512,gelu,True,False,32,Adam,,0.0002,1e-05,[0.68794326 2.1920904  0.91725768],0.02,1.0,0.10975,1.26995,0.47727,0.42302,"[0.61905, 0.25, 0.4]",22,0.10975,1.26995,0.47727,0.42302,"[0.61905, 0.25, 0.4]",22,COMPLETED,6.87
369,20260108_043339,gaitgl_OUMVLP_TOP50.csv,50%,Preset_29,LSTM,42,256,2,"[256, 384]",True,L2,0.0,[],[1],max,512,gelu,True,False,32,Adam,,0.0002,1e-05,[0.68794326 2.1920904  0.91725768],0.02,1.0,0.11044,1.5809,0.40909,0.32051,"[0.46154, 0.0, 0.5]",57,0.14383,1.73534,0.43182,0.41536,"[0.52941, 0.25, 0.46667]",50,COMPLETED,17.725
370,20260108_043339,gaitgl_TOP50.csv,50%,Preset_29,LSTM,42,128,2,"[256, 384]",True,L2,0.0,[],[1],max,512,gelu,True,False,32,Adam,,0.0002,1e-05,[0.68794326 2.1920904  0.91725768],0.02,1.0,0.10632,1.43315,0.38636,0.28063,"[0.47826, 0.0, 0.36364]",25,0.11025,1.42866,0.38636,0.36044,"[0.38889, 0.23529, 0.45714]",22,COMPLETED,7.518
371,20260108_043339,gaitpart_GREW_TOP50.csv,50%,Preset_29,LSTM,42,256,2,"[256, 384]",True,L2,0.0,[],[1],max,512,gelu,True,False,32,Adam,,0.0002,1e-05,[0.68794326 2.1920904  0.91725768],0.02,1.0,0.10663,1.53719,0.54545,0.48775,"[0.62222, 0.30769, 0.53333]",94,0.17891,1.45086,0.63636,0.56658,"[0.71111, 0.36364, 0.625]",61,COMPLETED,20.644
372,20260108_043339,gaitpart_OUMVLP_TOP50.csv,50%,Preset_29,LSTM,42,256,2,"[256, 384]",True,L2,0.0,[],[1],max,512,gelu,True,False,32,Adam,,0.0002,1e-05,[0.68794326 2.1920904  0.91725768],0.02,1.0,0.11019,1.23718,0.56818,0.53925,"[0.64865, 0.42857, 0.54054]",271,0.13242,1.25985,0.65909,0.63166,"[0.71795, 0.54545, 0.63158]",260,COMPLETED,58.352
373,20260108_043339,gaitset_GREW_TOP50.csv,50%,Preset_29,LSTM,42,256,2,"[256, 384]",True,L2,0.0,[],[1],max,512,gelu,True,False,32,Adam,,0.0002,1e-05,[0.68794326 2.1920904  0.91725768],0.02,1.0,0.10341,1.89935,0.38636,0.3543,"[0.4878, 0.19048, 0.38462]",56,0.1134,1.95563,0.45455,0.39923,"[0.57778, 0.23529, 0.38462]",49,COMPLETED,17.506
374,20260108_043339,gaitset_OUMVLP_TOP50.csv,50%,Preset_29,LSTM,42,256,2,"[256, 384]",True,L2,0.0,[],[1],max,512,gelu,True,False,32,Adam,,0.0002,1e-05,[0.68794326 2.1920904  0.91725768],0.02,1.0,0.10766,1.66142,0.45455,0.38866,"[0.48649, 0.16667, 0.51282]",131,0.13664,1.60982,0.52273,0.47049,"[0.61538, 0.26667, 0.52941]",124,COMPLETED,40.427
375,20260108_043339,gaitset_TOP50.csv,50%,Preset_29,LSTM,42,256,2,"[256, 384]",True,L2,0.0,[],[1],max,512,gelu,True,False,32,Adam,,0.0002,1e-05,[0.68794326 2.1920904  0.91725768],0.02,1.0,0.10851,1.6949,0.34091,0.26111,"[0.45, 0.0, 0.33333]",40,0.15483,2.14579,0.45455,0.39381,"[0.6087, 0.3, 0.27273]",24,COMPLETED,12.476
376,20260108_043339,gln_phase1_TOP50.csv,50%,Preset_29,LSTM,42,256,2,"[256, 384]",True,L2,0.0,[],[1],max,512,gelu,True,False,32,Adam,,0.0002,1e-05,[0.68794326 2.1920904  0.91725768],0.02,1.0,0.11009,1.18803,0.56818,0.50955,"[0.63158, 0.25, 0.64706]",45,0.1088,1.2155,0.63636,0.58051,"[0.72, 0.46154, 0.56]",42,COMPLETED,16.985
377,20260108_043339,gln_phase2_TOP50.csv,50%,Preset_29,LSTM,42,256,2,"[256, 384]",True,L2,0.0,[],[1],max,512,gelu,True,False,32,Adam,,0.0002,1e-05,[0.68794326 2.1920904  0.91725768],0.02,1.0,0.11562,1.2594,0.47727,0.45761,"[0.54054, 0.26087, 0.57143]",45,0.15799,1.28433,0.59091,0.55346,"[0.65116, 0.42857, 0.58065]",28,COMPLETED,17.262

378,20260108_043339,baseline_CASIAB_TOP50.csv,50%,Preset_30,LSTM,42,256,1,[256],False,L2,0.0,[],[],max,,nan,False,True,64,AdamW,,0.001,1e-05,[0.68794326 2.1920904  0.91725768],0.02,1.0,0.10922,3.06497,0.31818,0.29592,"[0.38095, 0.21053, 0.2963]",235,0.1459,2.10726,0.45455,0.45014,"[0.48889, 0.46154, 0.4]",117,COMPLETED,14.964
379,20260108_043339,baseline_OUMVLP_TOP50.csv,50%,Preset_30,LSTM,42,256,1,[256],False,L2,0.0,[],[],max,,nan,False,True,64,AdamW,,0.001,1e-05,[0.68794326 2.1920904  0.91725768],0.02,1.0,0.11643,2.4307,0.47727,0.41036,"[0.52632, 0.13333, 0.57143]",319,0.67544,1.37111,0.59091,0.5164,"[0.71111, 0.26667, 0.57143]",46,COMPLETED,20.558
380,20260108_043339,gaitgl_GREW_BNNeck_TOP50.csv,50%,Preset_30,LSTM,42,256,1,[256],False,L2,0.0,[],[],max,,nan,False,True,64,AdamW,,0.001,1e-05,[0.68794326 2.1920904  0.91725768],0.02,1.0,0.10151,2.40224,0.47727,0.39207,"[0.59574, 0.16667, 0.41379]",150,0.1354,2.08373,0.56818,0.48358,"[0.58537, 0.25, 0.61538]",113,COMPLETED,11.483
381,20260108_043339,gaitgl_GREW_TOP50.csv,50%,Preset_30,LSTM,42,256,1,[256],False,L2,0.0,[],[],max,,nan,False,True,64,AdamW,,0.001,1e-05,[0.68794326 2.1920904  0.91725768],0.02,1.0,0.10255,2.1853,0.45455,0.32,"[0.56, 0.0, 0.4]",72,0.33836,2.00842,0.5,0.45007,"[0.59091, 0.30769, 0.45161]",51,COMPLETED,5.431
382,20260108_043339,gaitgl_OUMVLP_TOP50.csv,50%,Preset_30,LSTM,42,256,1,[256],False,L2,0.0,[],[],max,,nan,False,True,64,AdamW,,0.001,1e-05,[0.68794326 2.1920904  0.91725768],0.02,1.0,0.11077,2.37976,0.47727,0.33333,"[0.61538, 0.0, 0.38462]",186,0.50822,1.49304,0.47727,0.40708,"[0.5641, 0.14286, 0.51429]",68,COMPLETED,13.975
383,20260108_043339,gaitgl_TOP50.csv,50%,Preset_30,LSTM,42,128,1,[256],False,L2,0.0,[],[],max,,nan,False,True,64,AdamW,,0.001,1e-05,[0.68794326 2.1920904  0.91725768],0.02,1.0,0.10194,2.57398,0.43182,0.36806,"[0.52381, 0.14286, 0.4375]",187,0.25476,2.18968,0.52273,0.4836,"[0.62222, 0.4, 0.42857]",114,COMPLETED,14.526
384,20260108_043339,gaitpart_GREW_TOP50.csv,50%,Preset_30,LSTM,42,256,1,[256],False,L2,0.0,[],[],max,,nan,False,True,64,AdamW,,0.001,1e-05,[0.68794326 2.1920904  0.91725768],0.02,1.0,0.10789,2.25799,0.47727,0.3945,"[0.63636, 0.13333, 0.41379]",206,0.48266,1.33588,0.54545,0.50912,"[0.68293, 0.4, 0.44444]",92,COMPLETED,12.01
385,20260108_043339,gaitpart_OUMVLP_TOP50.csv,50%,Preset_30,LSTM,42,256,1,[256],False,L2,0.0,[],[],max,,nan,False,True,64,AdamW,,0.001,1e-05,[0.68794326 2.1920904  0.91725768],0.02,1.0,0.10696,1.73518,0.56818,0.53434,"[0.63158, 0.4, 0.57143]",667,0.30319,1.21522,0.68182,0.64794,"[0.73171, 0.54545, 0.66667]",502,COMPLETED,40.542
386,20260108_043339,gaitset_GREW_TOP50.csv,50%,Preset_30,LSTM,42,256,1,[256],False,L2,0.0,[],[],max,,nan,False,True,64,AdamW,,0.001,1e-05,[0.68794326 2.1920904  0.91725768],0.02,1.0,0.10578,2.92108,0.38636,0.35185,"[0.47619, 0.22222, 0.35714]",120,0.74907,1.34516,0.43182,0.40938,"[0.28571, 0.34783, 0.59459]",45,COMPLETED,9.415
387,20260108_043339,gaitset_OUMVLP_TOP50.csv,50%,Preset_30,LSTM,42,256,1,[256],False,L2,0.0,[],[],max,,nan,False,True,64,AdamW,,0.001,1e-05,[0.68794326 2.1920904  0.91725768],0.02,1.0,0.10257,2.65584,0.40909,0.37331,"[0.51163, 0.28571, 0.32258]",629,0.4842,2.08556,0.52273,0.51636,"[0.51429, 0.43478, 0.6]",443,COMPLETED,49.367
388,20260108_043339,gaitset_TOP50.csv,50%,Preset_30,LSTM,42,256,1,[256],False,L2,0.0,[],[],max,,nan,False,True,64,AdamW,,0.001,1e-05,[0.68794326 2.1920904  0.91725768],0.02,1.0,0.10135,3.17398,0.34091,0.26765,"[0.45, 0.0, 0.35294]",201,0.29797,1.95971,0.52273,0.4506,"[0.62745, 0.30769, 0.41667]",66,COMPLETED,14.972
389,20260108_043339,gln_phase1_TOP50.csv,50%,Preset_30,LSTM,42,256,1,[256],False,L2,0.0,[],[],max,,nan,False,True,64,AdamW,,0.001,1e-05,[0.68794326 2.1920904  0.91725768],0.02,1.0,0.10143,2.03826,0.54545,0.41026,"[0.5641, 0.0, 0.66667]",240,0.16548,1.46485,0.65909,0.5433,"[0.74419, 0.2, 0.68571]",197,COMPLETED,20.617
390,20260108_043339,gln_phase2_TOP50.csv,50%,Preset_30,LSTM,42,256,1,[256],False,L2,0.0,[],[],max,,nan,False,True,64,AdamW,,0.001,1e-05,[0.68794326 2.1920904  0.91725768],0.02,1.0,0.10287,1.80058,0.56818,0.4792,"[0.6, 0.22222, 0.61538]",135,0.38696,1.16628,0.63636,0.61569,"[0.66667, 0.53333, 0.64706]",50,COMPLETED,11.606

391,20260108_043339,baseline_CASIAB_TOP50.csv,50%,Preset_31,LSTM,42,256,1,[64],True,minmax,0.0,[],[],last,768,silu,False,True,48,AdamW,,0.0002,1e-07,[0.68794326 2.1920904  0.91725768],0.02,1.0,0.11877,2.50188,0.5,0.41201,"[0.6, 0.22222, 0.41379]",625,0.1246,2.62883,0.54545,0.51739,"[0.65217, 0.5, 0.4]",550,COMPLETED,66.585
392,20260108_043339,baseline_OUMVLP_TOP50.csv,50%,Preset_31,LSTM,42,256,1,[64],True,minmax,0.0,[],[],last,768,silu,False,True,48,AdamW,,0.0002,1e-07,[0.68794326 2.1920904  0.91725768],0.02,1.0,0.11411,2.10506,0.36364,0.32041,"[0.48649, 0.11111, 0.36364]",673,0.39902,2.01809,0.54545,0.46649,"[0.58537, 0.25, 0.5641]",252,COMPLETED,68.33
393,20260108_043339,gaitgl_GREW_BNNeck_TOP50.csv,50%,Preset_31,LSTM,42,256,1,[64],True,minmax,0.0,[],[],last,768,silu,False,True,48,AdamW,,0.0002,1e-07,[0.68794326 2.1920904  0.91725768],0.02,1.0,0.11433,2.38427,0.36364,0.31889,"[0.43902, 0.11765, 0.4]",341,0.37543,2.14717,0.5,0.47194,"[0.5641, 0.3, 0.55172]",204,COMPLETED,43.672
394,20260108_043339,gaitgl_GREW_TOP50.csv,50%,Preset_31,LSTM,42,256,1,[64],True,minmax,0.0,[],[],last,768,silu,False,True,48,AdamW,,0.0002,1e-07,[0.68794326 2.1920904  0.91725768],0.02,1.0,0.11432,2.17143,0.47727,0.4083,"[0.53659, 0.14286, 0.54545]",186,0.33396,1.68976,0.52273,0.49245,"[0.57895, 0.35294, 0.54545]",96,COMPLETED,23.786
395,20260108_043339,gaitgl_OUMVLP_TOP50.csv,50%,Preset_31,LSTM,42,256,1,[64],True,minmax,0.0,[],[],last,768,silu,False,True,48,AdamW,,0.0002,1e-07,[0.68794326 2.1920904  0.91725768],0.02,1.0,0.11492,2.40614,0.40909,0.3786,"[0.5, 0.31579, 0.32]",337,0.12123,2.65683,0.43182,0.41608,"[0.5, 0.36364, 0.38462]",287,COMPLETED,43.107
396,20260108_043339,gaitgl_TOP50.csv,50%,Preset_31,LSTM,42,128,1,[64],True,minmax,0.0,[],[],last,768,silu,False,True,48,AdamW,,0.0002,1e-07,[0.68794326 2.1920904  0.91725768],0.02,1.0,0.11935,2.48122,0.38636,0.30509,"[0.55814, 0.0, 0.35714]",294,0.22984,2.41515,0.52273,0.43939,"[0.59091, 0.18182, 0.54545]",154,COMPLETED,32.522
397,20260108_043339,gaitpart_GREW_TOP50.csv,50%,Preset_31,LSTM,42,256,1,[64],True,minmax,0.0,[],[],last,768,silu,False,True,48,AdamW,,0.0002,1e-07,[0.68794326 2.1920904  0.91725768],0.02,1.0,0.11553,2.50678,0.40909,0.3848,"[0.42105, 0.2, 0.53333]",510,0.40063,1.71481,0.54545,0.44608,"[0.65306, 0.16667, 0.51852]",194,COMPLETED,41.412
398,20260108_043339,gaitpart_OUMVLP_TOP50.csv,50%,Preset_31,LSTM,42,256,1,[64],True,minmax,0.0,[],[],last,768,silu,False,True,48,AdamW,,0.0002,1e-07,[0.68794326 2.1920904  0.91725768],0.02,1.0,0.11718,1.92056,0.54545,0.51672,"[0.59459, 0.4, 0.55556]",1808,0.25227,1.90845,0.61364,0.59747,"[0.61538, 0.54545, 0.63158]",660,COMPLETED,147.65
399,20260108_043339,gaitset_GREW_TOP50.csv,50%,Preset_31,LSTM,42,256,1,[64],True,minmax,0.0,[],[],last,768,silu,False,True,48,AdamW,,0.0002,1e-07,[0.68794326 2.1920904  0.91725768],0.02,1.0,0.11831,2.34311,0.38636,0.34485,"[0.44444, 0.10526, 0.48485]",317,0.13059,2.46526,0.47727,0.40708,"[0.5641, 0.14286, 0.51429]",248,COMPLETED,36.115
400,20260108_043339,gaitset_OUMVLP_TOP50.csv,50%,Preset_31,LSTM,42,256,1,[64],True,minmax,0.0,[],[],last,768,silu,False,True,48,AdamW,,0.0002,1e-07,[0.68794326 2.1920904  0.91725768],0.02,1.0,0.11383,1.9405,0.52273,0.44463,"[0.58537, 0.22222, 0.52632]",956,0.2133,1.78269,0.63636,0.64091,"[0.65, 0.66667, 0.60606]",517,COMPLETED,110.398
401,20260108_043339,gaitset_TOP50.csv,50%,Preset_31,LSTM,42,256,1,[64],True,minmax,0.0,[],[],last,768,silu,False,True,48,AdamW,,0.0002,1e-07,[0.68794326 2.1920904  0.91725768],0.02,1.0,0.11931,2.00004,0.45455,0.40749,"[0.58537, 0.25, 0.3871]",502,0.19511,2.13392,0.52273,0.47535,"[0.59574, 0.36364, 0.46667]",346,COMPLETED,56.681
402,20260108_043339,gln_phase1_TOP50.csv,50%,Preset_31,LSTM,42,256,1,[64],True,minmax,0.0,[],[],last,768,silu,False,True,48,AdamW,,0.0002,1e-07,[0.68794326 2.1920904  0.91725768],0.02,1.0,0.11715,2.48322,0.47727,0.40742,"[0.55, 0.14286, 0.52941]",376,0.70862,1.32603,0.54545,0.50334,"[0.55814, 0.36364, 0.58824]",145,COMPLETED,52.324
403,20260108_043339,gln_phase2_TOP50.csv,50%,Preset_31,LSTM,42,256,1,[64],True,minmax,0.0,[],[],last,768,silu,False,True,48,AdamW,,0.0002,1e-07,[0.68794326 2.1920904  0.91725768],0.02,1.0,0.11264,1.90805,0.47727,0.40742,"[0.55, 0.14286, 0.52941]",412,0.13155,1.91461,0.56818,0.5086,"[0.63415, 0.26667, 0.625]",315,COMPLETED,57.785

404,20260108_043339,baseline_CASIAB_TOP50.csv,50%,Preset_32,LSTM,42,256,1,[448],False,L2,0.0,[],[],last,64,tanh,True,True,16,AdamW,,0.0001,1e-06,[0.68794326 2.1920904  0.91725768],0.02,1.0,0.10456,2.54681,0.38636,0.31836,"[0.52174, 0.16667, 0.26667]",228,0.47205,1.63273,0.47727,0.46272,"[0.46667, 0.38095, 0.54054]",70,COMPLETED,43.193
405,20260108_043339,baseline_OUMVLP_TOP50.csv,50%,Preset_32,LSTM,42,256,1,[448],False,L2,0.0,[],[],last,64,tanh,True,True,16,AdamW,,0.0001,1e-06,[0.68794326 2.1920904  0.91725768],0.02,1.0,0.10554,1.72153,0.54545,0.41266,"[0.59091, 0.0, 0.64706]",286,0.69041,1.26749,0.54545,0.48084,"[0.6383, 0.28571, 0.51852]",60,COMPLETED,54.638
406,20260108_043339,gaitgl_GREW_BNNeck_TOP50.csv,50%,Preset_32,LSTM,42,256,1,[448],False,L2,0.0,[],[],last,64,tanh,True,True,16,AdamW,,0.0001,1e-06,[0.68794326 2.1920904  0.91725768],0.02,1.0,0.10973,2.27139,0.47727,0.43494,"[0.51429, 0.25, 0.54054]",170,0.46802,1.8497,0.5,0.47776,"[0.51282, 0.375, 0.54545]",118,COMPLETED,38.063
407,20260108_043339,gaitgl_GREW_TOP50.csv,50%,Preset_32,LSTM,42,256,1,[448],False,L2,0.0,[],[],last,64,tanh,True,True,16,AdamW,,0.0001,1e-06,[0.68794326 2.1920904  0.91725768],0.02,1.0,0.11262,1.93889,0.45455,0.38033,"[0.53061, 0.18182, 0.42857]",50,0.15925,1.75779,0.52273,0.44637,"[0.54545, 0.22222, 0.57143]",34,COMPLETED,10.952
408,20260108_043339,gaitgl_OUMVLP_TOP50.csv,50%,Preset_32,LSTM,42,256,1,[448],False,L2,0.0,[],[],last,64,tanh,True,True,16,AdamW,,0.0001,1e-06,[0.68794326 2.1920904  0.91725768],0.02,1.0,0.10659,1.93939,0.52273,0.40161,"[0.61224, 0.0, 0.59259]",173,0.12474,2.13754,0.47727,0.44112,"[0.51282, 0.21053, 0.6]",164,COMPLETED,39.076
409,20260108_043339,gaitgl_TOP50.csv,50%,Preset_32,LSTM,42,128,1,[448],False,L2,0.0,[],[],last,64,tanh,True,True,16,AdamW,,0.0001,1e-06,[0.68794326 2.1920904  0.91725768],0.02,1.0,0.11194,1.73805,0.5,0.36869,"[0.68182, 0.0, 0.42424]",106,0.2822,1.62782,0.56818,0.53857,"[0.63158, 0.42857, 0.55556]",61,COMPLETED,22.703
410,20260108_043339,gaitpart_GREW_TOP50.csv,50%,Preset_32,LSTM,42,256,1,[448],False,L2,0.0,[],[],last,64,tanh,True,True,16,AdamW,,0.0001,1e-06,[0.68794326 2.1920904  0.91725768],0.02,1.0,0.11766,2.13521,0.45455,0.41273,"[0.53659, 0.25, 0.45161]",175,0.49235,1.20208,0.56818,0.53954,"[0.57895, 0.42857, 0.61111]",58,COMPLETED,26.719
411,20260108_043339,gaitpart_OUMVLP_TOP50.csv,50%,Preset_32,LSTM,42,256,1,[448],False,L2,0.0,[],[],last,64,tanh,True,True,16,AdamW,,0.0001,1e-06,[0.68794326 2.1920904  0.91725768],0.02,1.0,0.11003,2.02042,0.56818,0.53524,"[0.61111, 0.4, 0.59459]",632,0.65737,1.00435,0.65909,0.60225,"[0.69565, 0.44444, 0.66667]",99,COMPLETED,96.109
412,20260108_043339,gaitset_GREW_TOP50.csv,50%,Preset_32,LSTM,42,256,1,[448],False,L2,0.0,[],[],last,64,tanh,True,True,16,AdamW,,0.0001,1e-06,[0.68794326 2.1920904  0.91725768],0.02,1.0,0.11702,2.22819,0.47727,0.39207,"[0.59574, 0.16667, 0.41379]",152,0.2118,2.13293,0.45455,0.43573,"[0.44444, 0.33333, 0.52941]",101,COMPLETED,33.435
413,20260108_043339,gaitset_OUMVLP_TOP50.csv,50%,Preset_32,LSTM,42,256,1,[448],False,L2,0.0,[],[],last,64,tanh,True,True,16,AdamW,,0.0001,1e-06,[0.68794326 2.1920904  0.91725768],0.02,1.0,0.10943,2.11886,0.47727,0.40327,"[0.47059, 0.15385, 0.58537]",436,0.1119,1.66955,0.54545,0.45148,"[0.6383, 0.2, 0.51613]",435,COMPLETED,95.614
414,20260108_043339,gaitset_TOP50.csv,50%,Preset_32,LSTM,42,256,1,[448],False,L2,0.0,[],[],last,64,tanh,True,True,16,AdamW,,0.0001,1e-06,[0.68794326 2.1920904  0.91725768],0.02,1.0,0.10897,2.78152,0.34091,0.26316,"[0.42105, 0.0, 0.36842]",240,0.63257,1.59517,0.45455,0.39238,"[0.57143, 0.28571, 0.32]",61,COMPLETED,52.543
415,20260108_043339,gln_phase1_TOP50.csv,50%,Preset_32,LSTM,42,256,1,[448],False,L2,0.0,[],[],last,64,tanh,True,True,16,AdamW,,0.0001,1e-06,[0.68794326 2.1920904  0.91725768],0.02,1.0,0.10995,2.01089,0.5,0.4753,"[0.51163, 0.4, 0.51429]",224,0.74778,0.87788,0.68182,0.66032,"[0.66667, 0.6, 0.71429]",38,COMPLETED,55.808
416,20260108_043339,gln_phase2_TOP50.csv,50%,Preset_32,LSTM,42,256,1,[448],False,L2,0.0,[],[],last,64,tanh,True,True,16,AdamW,,0.0001,1e-06,[0.68794326 2.1920904  0.91725768],0.02,1.0,0.11426,2.03603,0.47727,0.45803,"[0.53659, 0.4, 0.4375]",160,0.64465,1.27064,0.61364,0.62109,"[0.54545, 0.66667, 0.65116]",47,COMPLETED,43.05

417,20260108_043339,baseline_CASIAB_TOP50.csv,50%,Preset_33,LSTM,42,256,2,"[288, 576]",False,minmax,0.0,[],[],last,128,relu,False,False,16,RMSprop,,0.00045,1e-06,[0.68794326 2.1920904  0.91725768],0.02,1.0,0.10359,2.194,0.40909,0.35873,"[0.47368, 0.11765, 0.48485]",203,0.12208,2.47466,0.52273,0.46694,"[0.63415, 0.26667, 0.5]",174,COMPLETED,62.351
418,20260108_043339,baseline_OUMVLP_TOP50.csv,50%,Preset_33,LSTM,42,256,2,"[288, 576]",False,minmax,0.0,[],[],last,128,relu,False,False,16,RMSprop,,0.00045,1e-06,[0.68794326 2.1920904  0.91725768],0.02,1.0,0.10435,2.08359,0.34091,0.27059,"[0.4, 0.0, 0.41176]",263,0.46283,1.4075,0.5,0.41987,"[0.57778, 0.18182, 0.5]",119,COMPLETED,80.622
419,20260108_043339,gaitgl_GREW_BNNeck_TOP50.csv,50%,Preset_33,LSTM,42,256,2,"[288, 576]",False,minmax,0.0,[],[],last,128,relu,False,False,16,RMSprop,,0.00045,1e-06,[0.68794326 2.1920904  0.91725768],0.02,1.0,1.10452,1.08938,0.47727,0.21538,"[0.64615, 0.0, 0.0]",306,1.10452,1.08938,0.47727,0.21538,"[0.64615, 0.0, 0.0]",306,STOPPED,114.235
420,20260108_043339,gaitgl_GREW_TOP50.csv,50%,Preset_33,LSTM,42,256,2,"[288, 576]",False,minmax,0.0,[],[],last,128,relu,False,False,16,RMSprop,,0.00045,1e-06,[0.68794326 2.1920904  0.91725768],0.02,1.0,1.10469,1.08924,0.47727,0.21538,"[0.64615, 0.0, 0.0]",122,1.10469,1.08924,0.47727,0.21538,"[0.64615, 0.0, 0.0]",122,STOPPED,45.166
421,20260108_043339,gaitgl_OUMVLP_TOP50.csv,50%,Preset_33,LSTM,42,256,2,"[288, 576]",False,minmax,0.0,[],[],last,128,relu,False,False,16,RMSprop,,0.00045,1e-06,[0.68794326 2.1920904  0.91725768],0.02,1.0,0.10297,2.20265,0.43182,0.37682,"[0.53659, 0.11111, 0.48276]",305,0.18147,2.23672,0.54545,0.48492,"[0.63636, 0.26667, 0.55172]",298,COMPLETED,114.767
422,20260108_043339,gaitgl_TOP50.csv,50%,Preset_33,LSTM,42,128,2,"[288, 576]",False,minmax,0.0,[],[],last,128,relu,False,False,16,RMSprop,,0.00045,1e-06,[0.68794326 2.1920904  0.91725768],0.02,1.0,1.10508,1.09111,0.47727,0.21538,"[0.64615, 0.0, 0.0]",112,1.10508,1.09111,0.47727,0.21538,"[0.64615, 0.0, 0.0]",112,STOPPED,38.154
423,20260108_043339,gaitpart_GREW_TOP50.csv,50%,Preset_33,LSTM,42,256,2,"[288, 576]",False,minmax,0.0,[],[],last,128,relu,False,False,16,RMSprop,,0.00045,1e-06,[0.68794326 2.1920904  0.91725768],0.02,1.0,0.1023,2.22068,0.43182,0.42221,"[0.42105, 0.375, 0.47059]",221,0.2265,2.18027,0.56818,0.55711,"[0.60465, 0.53333, 0.53333]",172,COMPLETED,58.227
424,20260108_043339,gaitpart_OUMVLP_TOP50.csv,50%,Preset_33,LSTM,42,256,2,"[288, 576]",False,minmax,0.0,[],[],last,128,relu,False,False,16,RMSprop,,0.00045,1e-06,[0.68794326 2.1920904  0.91725768],0.02,1.0,0.1025,1.42474,0.61364,0.54589,"[0.68293, 0.30769, 0.64706]",523,0.22467,1.35983,0.68182,0.64074,"[0.72222, 0.5, 0.7]",492,COMPLETED,131.962
425,20260108_043339,gaitset_GREW_TOP50.csv,50%,Preset_33,LSTM,42,256,2,"[288, 576]",False,minmax,0.0,[],[],last,128,relu,False,False,16,RMSprop,,0.00045,1e-06,[0.68794326 2.1920904  0.91725768],0.02,1.0,1.10498,1.08967,0.47727,0.21538,"[0.64615, 0.0, 0.0]",203,1.10498,1.08967,0.47727,0.21538,"[0.64615, 0.0, 0.0]",203,STOPPED,75.907
426,20260108_043339,gaitset_OUMVLP_TOP50.csv,50%,Preset_33,LSTM,42,256,2,"[288, 576]",False,minmax,0.0,[],[],last,128,relu,False,False,16,RMSprop,,0.00045,1e-06,[0.68794326 2.1920904  0.91725768],0.02,1.0,0.10311,1.80116,0.52273,0.43512,"[0.66667, 0.15385, 0.48485]",639,0.21195,2.02975,0.56818,0.53704,"[0.7, 0.44444, 0.46667]",539,COMPLETED,225.967
427,20260108_043339,gaitset_TOP50.csv,50%,Preset_33,LSTM,42,256,2,"[288, 576]",False,minmax,0.0,[],[],last,128,relu,False,False,16,RMSprop,,0.00045,1e-06,[0.68794326 2.1920904  0.91725768],0.02,1.0,0.10358,2.27262,0.34091,0.33615,"[0.37209, 0.33333, 0.30303]",242,0.56177,1.59083,0.5,0.46412,"[0.47059, 0.36364, 0.55814]",125,COMPLETED,85.465
428,20260108_043339,gln_phase1_TOP50.csv,50%,Preset_33,LSTM,42,256,2,"[288, 576]",False,minmax,0.0,[],[],last,128,relu,False,False,16,RMSprop,,0.00045,1e-06,[0.68794326 2.1920904  0.91725768],0.02,1.0,0.1034,2.04326,0.52273,0.44233,"[0.57143, 0.2, 0.55556]",301,0.52963,1.27834,0.61364,0.56896,"[0.69767, 0.42857, 0.58065]",127,COMPLETED,127.961
429,20260108_043339,gln_phase2_TOP50.csv,50%,Preset_33,LSTM,42,256,2,"[288, 576]",False,minmax,0.0,[],[],last,128,relu,False,False,16,RMSprop,,0.00045,1e-06,[0.68794326 2.1920904  0.91725768],0.02,1.0,0.10277,2.22952,0.43182,0.41296,"[0.48649, 0.28571, 0.46667]",233,0.54207,1.20822,0.61364,0.56896,"[0.69767, 0.42857, 0.58065]",101,COMPLETED,96.124

430,20260108_043339,baseline_CASIAB_TOP50.csv,50%,Preset_34,LSTM,42,256,4,"[384, 256, 192, 128]",False,L2,0.5,"[1, 3]","[1, 3]",max,1024,leakyrelu,True,False,32,AdamW,,0.0002,1e-07,[0.68794326 2.1920904  0.91725768],0.02,1.0,0.11039,2.65427,0.40909,0.30682,"[0.54545, 0.0, 0.375]",189,0.11724,2.06652,0.54545,0.49374,"[0.59459, 0.30769, 0.57895]",178,COMPLETED,56.631
431,20260108_043339,baseline_OUMVLP_TOP50.csv,50%,Preset_34,LSTM,42,256,4,"[384, 256, 192, 128]",False,L2,0.5,"[1, 3]","[1, 3]",max,1024,leakyrelu,True,False,32,AdamW,,0.0002,1e-07,[0.68794326 2.1920904  0.91725768],0.02,1.0,0.10163,2.5953,0.47727,0.39337,"[0.6087, 0.14286, 0.42857]",426,0.6438,1.76383,0.52273,0.49269,"[0.58065, 0.33333, 0.5641]",146,COMPLETED,126.827
432,20260108_043339,gaitgl_GREW_BNNeck_TOP50.csv,50%,Preset_34,LSTM,42,256,4,"[384, 256, 192, 128]",False,L2,0.5,"[1, 3]","[1, 3]",max,1024,leakyrelu,True,False,32,AdamW,,0.0002,1e-07,[0.68794326 2.1920904  0.91725768],0.02,1.0,0.10478,3.37488,0.25,0.24961,"[0.25641, 0.25, 0.24242]",282,0.60575,1.73347,0.38636,0.35979,"[0.34286, 0.22222, 0.51429]",111,COMPLETED,108.581
433,20260108_043339,gaitgl_GREW_TOP50.csv,50%,Preset_34,LSTM,42,256,4,"[384, 256, 192, 128]",False,L2,0.5,"[1, 3]","[1, 3]",max,1024,leakyrelu,True,False,32,AdamW,,0.0002,1e-07,[0.68794326 2.1920904  0.91725768],0.02,1.0,0.11544,2.20931,0.52273,0.47158,"[0.59091, 0.30769, 0.51613]",124,0.12083,2.12704,0.56818,0.53328,"[0.6383, 0.46154, 0.5]",113,COMPLETED,46.409
434,20260108_043339,gaitgl_OUMVLP_TOP50.csv,50%,Preset_34,LSTM,42,256,4,"[384, 256, 192, 128]",False,L2,0.5,"[1, 3]","[1, 3]",max,1024,leakyrelu,True,False,32,AdamW,,0.0002,1e-07,[0.68794326 2.1920904  0.91725768],0.02,1.0,0.10202,2.52037,0.45455,0.35,"[0.55, 0.0, 0.5]",249,0.39264,2.09522,0.52273,0.44199,"[0.63158, 0.15385, 0.54054]",162,COMPLETED,93.402
435,20260108_043339,gaitgl_TOP50.csv,50%,Preset_34,LSTM,42,128,4,"[384, 256, 192, 128]",False,L2,0.5,"[1, 3]","[1, 3]",max,1024,leakyrelu,True,False,32,AdamW,,0.0002,1e-07,[0.68794326 2.1920904  0.91725768],0.02,1.0,0.11793,2.40463,0.43182,0.31744,"[0.56522, 0.0, 0.3871]",121,0.18761,2.21146,0.47727,0.40741,"[0.51282, 0.15385, 0.55556]",79,COMPLETED,48.638
436,20260108_043339,gaitpart_GREW_TOP50.csv,50%,Preset_34,LSTM,42,256,4,"[384, 256, 192, 128]",False,L2,0.5,"[1, 3]","[1, 3]",max,1024,leakyrelu,True,False,32,AdamW,,0.0002,1e-07,[0.68794326 2.1920904  0.91725768],0.02,1.0,0.1153,2.50223,0.5,0.48231,"[0.61538, 0.44444, 0.3871]",376,0.42567,1.67032,0.61364,0.56085,"[0.80952, 0.44444, 0.42857]",207,COMPLETED,99.137
437,20260108_043339,gaitpart_OUMVLP_TOP50.csv,50%,Preset_34,LSTM,42,256,4,"[384, 256, 192, 128]",False,L2,0.5,"[1, 3]","[1, 3]",max,1024,leakyrelu,True,False,32,AdamW,,0.0002,1e-07,[0.68794326 2.1920904  0.91725768],0.02,1.0,1.11815,1.07178,0.47727,0.21538,"[0.64615, 0.0, 0.0]",114,1.11815,1.07178,0.47727,0.21538,"[0.64615, 0.0, 0.0]",114,STOPPED,29.538
438,20260108_043339,gaitset_GREW_TOP50.csv,50%,Preset_34,LSTM,42,256,4,"[384, 256, 192, 128]",False,L2,0.5,"[1, 3]","[1, 3]",max,1024,leakyrelu,True,False,32,AdamW,,0.0002,1e-07,[0.68794326 2.1920904  0.91725768],0.02,1.0,0.10553,2.7214,0.36364,0.28004,"[0.46512, 0.0, 0.375]",290,0.24471,2.40917,0.45455,0.43976,"[0.47368, 0.375, 0.47059]",195,COMPLETED,110.262
439,20260108_043339,gaitset_OUMVLP_TOP50.csv,50%,Preset_34,LSTM,42,256,4,"[384, 256, 192, 128]",False,L2,0.5,"[1, 3]","[1, 3]",max,1024,leakyrelu,True,False,32,AdamW,,0.0002,1e-07,[0.68794326 2.1920904  0.91725768],0.02,1.0,0.10905,2.55698,0.47727,0.40604,"[0.55, 0.15385, 0.51429]",833,0.50701,2.12764,0.54545,0.50915,"[0.64865, 0.33333, 0.54545]",515,COMPLETED,307.618
440,20260108_043339,gaitset_TOP50.csv,50%,Preset_34,LSTM,42,256,4,"[384, 256, 192, 128]",False,L2,0.5,"[1, 3]","[1, 3]",max,1024,leakyrelu,True,False,32,AdamW,,0.0002,1e-07,[0.68794326 2.1920904  0.91725768],0.02,1.0,0.10774,2.24746,0.54545,0.45743,"[0.61905, 0.18182, 0.57143]",159,0.17062,2.04869,0.52273,0.47963,"[0.55, 0.33333, 0.55556]",137,COMPLETED,58.573
441,20260108_043339,gln_phase1_TOP50.csv,50%,Preset_34,LSTM,42,256,4,"[384, 256, 192, 128]",False,L2,0.5,"[1, 3]","[1, 3]",max,1024,leakyrelu,True,False,32,AdamW,,0.0002,1e-07,[0.68794326 2.1920904  0.91725768],0.02,1.0,0.10516,1.85931,0.56818,0.50971,"[0.65, 0.30769, 0.57143]",189,0.24728,1.62559,0.65909,0.60183,"[0.78049, 0.4, 0.625]",133,COMPLETED,83.839
442,20260108_043339,gln_phase2_TOP50.csv,50%,Preset_34,LSTM,42,256,4,"[384, 256, 192, 128]",False,L2,0.5,"[1, 3]","[1, 3]",max,1024,leakyrelu,True,False,32,AdamW,,0.0002,1e-07,[0.68794326 2.1920904  0.91725768],0.02,1.0,0.11498,2.06353,0.54545,0.50609,"[0.66667, 0.4, 0.45161]",173,0.47867,1.45033,0.54545,0.52891,"[0.6, 0.47059, 0.51613]",96,COMPLETED,73.815
