id,timestamp,target_embedding,top_variant,source_params,model,seed,input_dim,channels,dilations,kernel_size,convs_per_block,activation,use_weight_norm,wn_on_skip,ln_block_end,pooling,fc_hidden,norm,dropout,batch_size,optimizer,momentum_sgd,learning_rate,weight_decay,class_weights,label_smoothing,clip_grad_norm,train_loss,test_loss,accuracy,f1_macro,f1_per_class,epochs_trained,train_loss_best_state,test_loss_best_state,best_accuracy,best_f1,best_f1_per_class,best_epoch,training,duration_sec
1,20260108_124434,baseline_CASIAB_TOP50.csv,50%,Preset_1,TCN,42,256,"[896, 768, 640]","[3, 6, 9]",2,2,leakyrelu,False,False,"[False, True, True]",attention,64,minmax,"[0.0, 0.0, 0.0]",96,Adam,,1e-05,2e-06,[0.68794326 2.1920904  0.91725768],0.02,1.0,0.11523,1.80694,0.45455,0.42029,"[0.55319, 0.4, 0.30769]",413,0.14367,1.62592,0.5,0.48272,"[0.57778, 0.5, 0.37037]",282,COMPLETED,43.251
2,20260108_124434,baseline_OUMVLP_TOP50.csv,50%,Preset_1,TCN,42,256,"[896, 768, 640]","[3, 6, 9]",2,2,leakyrelu,False,False,"[False, True, True]",attention,64,minmax,"[0.0, 0.0, 0.0]",96,Adam,,1e-05,2e-06,[0.68794326 2.1920904  0.91725768],0.02,1.0,0.11076,1.30811,0.5,0.45643,"[0.54545, 0.30769, 0.51613]",463,0.24441,1.16154,0.56818,0.53606,"[0.63415, 0.42857, 0.54545]",199,COMPLETED,47.799
3,20260108_124434,gaitgl_GREW_BNNeck_TOP50.csv,50%,Preset_1,TCN,42,256,"[896, 768, 640]","[3, 6, 9]",2,2,leakyrelu,False,False,"[False, True, True]",attention,64,minmax,"[0.0, 0.0, 0.0]",96,Adam,,1e-05,2e-06,[0.68794326 2.1920904  0.91725768],0.02,1.0,0.11707,2.10277,0.40909,0.3548,"[0.46154, 0.18182, 0.42105]",643,0.49801,1.12426,0.59091,0.49125,"[0.65306, 0.2, 0.62069]",192,COMPLETED,91.008
4,20260108_124434,gaitgl_GREW_TOP50.csv,50%,Preset_1,TCN,42,256,"[896, 768, 640]","[3, 6, 9]",2,2,leakyrelu,False,False,"[False, True, True]",attention,64,minmax,"[0.0, 0.0, 0.0]",96,Adam,,1e-05,2e-06,[0.68794326 2.1920904  0.91725768],0.02,1.0,0.11796,1.48361,0.56818,0.47386,"[0.66667, 0.16667, 0.58824]",290,0.1625,1.37468,0.59091,0.49116,"[0.68182, 0.16667, 0.625]",202,COMPLETED,41.225
5,20260108_124434,gaitgl_OUMVLP_TOP50.csv,50%,Preset_1,TCN,42,256,"[896, 768, 640]","[3, 6, 9]",2,2,leakyrelu,False,False,"[False, True, True]",attention,64,minmax,"[0.0, 0.0, 0.0]",96,Adam,,1e-05,2e-06,[0.68794326 2.1920904  0.91725768],0.02,1.0,0.11936,1.65235,0.38636,0.35,"[0.55, 0.25, 0.25]",423,0.14803,1.46927,0.5,0.47277,"[0.55556, 0.33333, 0.52941]",363,COMPLETED,60.049
6,20260108_124434,gaitgl_TOP50.csv,50%,Preset_1,TCN,42,128,"[896, 768, 640]","[3, 6, 9]",2,2,leakyrelu,False,False,"[False, True, True]",attention,64,minmax,"[0.0, 0.0, 0.0]",96,Adam,,1e-05,2e-06,[0.68794326 2.1920904  0.91725768],0.02,1.0,0.11481,1.77356,0.5,0.36451,"[0.6087, 0.0, 0.48485]",178,0.31423,1.42326,0.52273,0.42286,"[0.64, 0.2, 0.42857]",129,COMPLETED,24.277
7,20260108_124434,gaitpart_GREW_TOP50.csv,50%,Preset_1,TCN,42,256,"[896, 768, 640]","[3, 6, 9]",2,2,leakyrelu,False,False,"[False, True, True]",attention,64,minmax,"[0.0, 0.0, 0.0]",96,Adam,,1e-05,2e-06,[0.68794326 2.1920904  0.91725768],0.02,1.0,0.1159,2.05386,0.38636,0.33362,"[0.47619, 0.18182, 0.34286]",427,0.26873,1.98663,0.47727,0.44017,"[0.5, 0.30769, 0.51282]",368,COMPLETED,39.33
8,20260108_124434,gaitpart_OUMVLP_TOP50.csv,50%,Preset_1,TCN,42,256,"[896, 768, 640]","[3, 6, 9]",2,2,leakyrelu,False,False,"[False, True, True]",attention,64,minmax,"[0.0, 0.0, 0.0]",96,Adam,,1e-05,2e-06,[0.68794326 2.1920904  0.91725768],0.02,1.0,0.16253,2.32088,0.43182,0.42339,"[0.48485, 0.34783, 0.4375]",1067,0.24652,1.50073,0.56818,0.55361,"[0.61538, 0.5, 0.54545]",453,STOPPED,98.182
9,20260108_124434,gaitset_GREW_TOP50.csv,50%,Preset_1,TCN,42,256,"[896, 768, 640]","[3, 6, 9]",2,2,leakyrelu,False,False,"[False, True, True]",attention,64,minmax,"[0.0, 0.0, 0.0]",96,Adam,,1e-05,2e-06,[0.68794326 2.1920904  0.91725768],0.02,1.0,0.11514,1.62627,0.47727,0.41083,"[0.53659, 0.22222, 0.47368]",415,0.15602,1.49517,0.56818,0.53166,"[0.68182, 0.46154, 0.45161]",388,COMPLETED,57.85
10,20260108_124434,gaitset_OUMVLP_TOP50.csv,50%,Preset_1,TCN,42,256,"[896, 768, 640]","[3, 6, 9]",2,2,leakyrelu,False,False,"[False, True, True]",attention,64,minmax,"[0.0, 0.0, 0.0]",96,Adam,,1e-05,2e-06,[0.68794326 2.1920904  0.91725768],0.02,1.0,0.11921,1.5373,0.45455,0.34553,"[0.5, 0.0, 0.53659]",771,0.32906,1.22415,0.56818,0.50738,"[0.72727, 0.33333, 0.46154]",442,COMPLETED,107.387
11,20260108_124434,gaitset_TOP50.csv,50%,Preset_1,TCN,42,256,"[896, 768, 640]","[3, 6, 9]",2,2,leakyrelu,False,False,"[False, True, True]",attention,64,minmax,"[0.0, 0.0, 0.0]",96,Adam,,1e-05,2e-06,[0.68794326 2.1920904  0.91725768],0.02,1.0,0.1169,1.6918,0.34091,0.2637,"[0.47059, 0.15385, 0.16667]",255,0.31821,1.32539,0.54545,0.46528,"[0.58333, 0.25, 0.5625]",150,COMPLETED,35.505
12,20260108_124434,gln_phase1_TOP50.csv,50%,Preset_1,TCN,42,256,"[896, 768, 640]","[3, 6, 9]",2,2,leakyrelu,False,False,"[False, True, True]",attention,64,minmax,"[0.0, 0.0, 0.0]",96,Adam,,1e-05,2e-06,[0.68794326 2.1920904  0.91725768],0.02,1.0,0.11658,1.6988,0.5,0.43975,"[0.6383, 0.3, 0.38095]",825,0.59864,0.97254,0.63636,0.61317,"[0.58824, 0.53333, 0.71795]",121,COMPLETED,146.635
13,20260108_124434,gln_phase2_TOP50.csv,50%,Preset_1,TCN,42,256,"[896, 768, 640]","[3, 6, 9]",2,2,leakyrelu,False,False,"[False, True, True]",attention,64,minmax,"[0.0, 0.0, 0.0]",96,Adam,,1e-05,2e-06,[0.68794326 2.1920904  0.91725768],0.02,1.0,0.11778,1.60623,0.43182,0.42614,"[0.41176, 0.33333, 0.53333]",443,0.72936,1.02626,0.54545,0.536,"[0.53659, 0.5, 0.57143]",162,COMPLETED,78.704

14,20260108_124434,baseline_CASIAB_TOP50.csv,50%,Preset_2,TCN,42,256,"[256, 256, 384, 384]","[1, 2, 2, 4]",7,3,gelu,True,True,"[True, True, True, True]",last,256,L2,"[0.1, 0.1, 0.2, 0.2]",96,AdamW,,0.0002,5e-05,[0.68794326 2.1920904  0.91725768],0.02,1.0,0.10372,3.02798,0.38636,0.35839,"[0.36364, 0.25, 0.46154]",81,0.10301,2.28185,0.52273,0.47994,"[0.45714, 0.36364, 0.61905]",77,COMPLETED,9.001
15,20260108_124434,baseline_OUMVLP_TOP50.csv,50%,Preset_2,TCN,42,256,"[256, 256, 384, 384]","[1, 2, 2, 4]",7,3,gelu,True,True,"[True, True, True, True]",last,256,L2,"[0.1, 0.1, 0.2, 0.2]",96,AdamW,,0.0002,5e-05,[0.68794326 2.1920904  0.91725768],0.02,1.0,0.10381,2.33336,0.43182,0.37368,"[0.42105, 0.2, 0.5]",85,0.40383,1.35279,0.56818,0.49603,"[0.68, 0.36364, 0.44444]",44,COMPLETED,9.389
16,20260108_124434,gaitgl_GREW_BNNeck_TOP50.csv,50%,Preset_2,TCN,42,256,"[256, 256, 384, 384]","[1, 2, 2, 4]",7,3,gelu,True,True,"[True, True, True, True]",last,256,L2,"[0.1, 0.1, 0.2, 0.2]",96,AdamW,,0.0002,5e-05,[0.68794326 2.1920904  0.91725768],0.02,1.0,0.10318,1.68489,0.54545,0.46528,"[0.58333, 0.25, 0.5625]",49,0.11709,1.51208,0.59091,0.53398,"[0.6383, 0.36364, 0.6]",36,COMPLETED,6.522
17,20260108_124434,gaitgl_GREW_TOP50.csv,50%,Preset_2,TCN,42,256,"[256, 256, 384, 384]","[1, 2, 2, 4]",7,3,gelu,True,True,"[True, True, True, True]",last,256,L2,"[0.1, 0.1, 0.2, 0.2]",96,AdamW,,0.0002,5e-05,[0.68794326 2.1920904  0.91725768],0.02,1.0,0.10275,1.57289,0.56818,0.4,"[0.66667, 0.0, 0.53333]",26,0.10395,1.40025,0.63636,0.6037,"[0.7, 0.5, 0.61111]",24,COMPLETED,3.395
18,20260108_124434,gaitgl_OUMVLP_TOP50.csv,50%,Preset_2,TCN,42,256,"[256, 256, 384, 384]","[1, 2, 2, 4]",7,3,gelu,True,True,"[True, True, True, True]",last,256,L2,"[0.1, 0.1, 0.2, 0.2]",96,AdamW,,0.0002,5e-05,[0.68794326 2.1920904  0.91725768],0.02,1.0,0.10451,1.96119,0.52273,0.37797,"[0.61538, 0.0, 0.51852]",92,0.14511,1.28198,0.63636,0.56616,"[0.70588, 0.4, 0.59259]",62,COMPLETED,11.964
19,20260108_124434,gaitgl_TOP50.csv,50%,Preset_2,TCN,42,128,"[256, 256, 384, 384]","[1, 2, 2, 4]",7,3,gelu,True,True,"[True, True, True, True]",last,256,L2,"[0.1, 0.1, 0.2, 0.2]",96,AdamW,,0.0002,5e-05,[0.68794326 2.1920904  0.91725768],0.02,1.0,0.10649,1.70021,0.45455,0.31102,"[0.58824, 0.0, 0.34483]",22,0.31743,1.19237,0.5,0.43182,"[0.54545, 0.25, 0.5]",11,COMPLETED,2.787
20,20260108_124434,gaitpart_GREW_TOP50.csv,50%,Preset_2,TCN,42,256,"[256, 256, 384, 384]","[1, 2, 2, 4]",7,3,gelu,True,True,"[True, True, True, True]",last,256,L2,"[0.1, 0.1, 0.2, 0.2]",96,AdamW,,0.0002,5e-05,[0.68794326 2.1920904  0.91725768],0.02,1.0,0.10179,2.19474,0.47727,0.38902,"[0.6, 0.22222, 0.34483]",107,0.52764,1.09752,0.5,0.47479,"[0.5, 0.35294, 0.57143]",28,COMPLETED,11.259
21,20260108_124434,gaitpart_OUMVLP_TOP50.csv,50%,Preset_2,TCN,42,256,"[256, 256, 384, 384]","[1, 2, 2, 4]",7,3,gelu,True,True,"[True, True, True, True]",last,256,L2,"[0.1, 0.1, 0.2, 0.2]",96,AdamW,,0.0002,5e-05,[0.68794326 2.1920904  0.91725768],0.02,1.0,0.10336,2.27688,0.54545,0.51111,"[0.6, 0.33333, 0.6]",432,0.74502,0.99333,0.65909,0.64594,"[0.68293, 0.58824, 0.66667]",110,COMPLETED,44.715
22,20260108_124434,gaitset_GREW_TOP50.csv,50%,Preset_2,TCN,42,256,"[256, 256, 384, 384]","[1, 2, 2, 4]",7,3,gelu,True,True,"[True, True, True, True]",last,256,L2,"[0.1, 0.1, 0.2, 0.2]",96,AdamW,,0.0002,5e-05,[0.68794326 2.1920904  0.91725768],0.02,1.0,0.10356,1.5818,0.61364,0.54978,"[0.71429, 0.36364, 0.57143]",64,0.10356,1.5818,0.61364,0.54978,"[0.71429, 0.36364, 0.57143]",64,COMPLETED,8.259
23,20260108_124434,gaitset_OUMVLP_TOP50.csv,50%,Preset_2,TCN,42,256,"[256, 256, 384, 384]","[1, 2, 2, 4]",7,3,gelu,True,True,"[True, True, True, True]",last,256,L2,"[0.1, 0.1, 0.2, 0.2]",96,AdamW,,0.0002,5e-05,[0.68794326 2.1920904  0.91725768],0.02,1.0,0.10185,2.50479,0.40909,0.33217,"[0.57778, 0.14286, 0.27586]",306,0.11156,2.12197,0.52273,0.4743,"[0.6383, 0.4, 0.38462]",248,COMPLETED,39.147
24,20260108_124434,gaitset_TOP50.csv,50%,Preset_2,TCN,42,256,"[256, 256, 384, 384]","[1, 2, 2, 4]",7,3,gelu,True,True,"[True, True, True, True]",last,256,L2,"[0.1, 0.1, 0.2, 0.2]",96,AdamW,,0.0002,5e-05,[0.68794326 2.1920904  0.91725768],0.02,1.0,0.105,1.9934,0.47727,0.46963,"[0.51282, 0.44444, 0.45161]",44,0.18299,1.66168,0.52273,0.4882,"[0.62222, 0.42857, 0.41379]",27,COMPLETED,5.668
25,20260108_124434,gln_phase1_TOP50.csv,50%,Preset_2,TCN,42,256,"[256, 256, 384, 384]","[1, 2, 2, 4]",7,3,gelu,True,True,"[True, True, True, True]",last,256,L2,"[0.1, 0.1, 0.2, 0.2]",96,AdamW,,0.0002,5e-05,[0.68794326 2.1920904  0.91725768],0.02,1.0,0.10412,1.62713,0.54545,0.39546,"[0.65306, 0.0, 0.53333]",52,0.13051,1.62277,0.54545,0.45715,"[0.625, 0.15385, 0.59259]",47,COMPLETED,8.198
26,20260108_124434,gln_phase2_TOP50.csv,50%,Preset_2,TCN,42,256,"[256, 256, 384, 384]","[1, 2, 2, 4]",7,3,gelu,True,True,"[True, True, True, True]",last,256,L2,"[0.1, 0.1, 0.2, 0.2]",96,AdamW,,0.0002,5e-05,[0.68794326 2.1920904  0.91725768],0.02,1.0,0.10365,1.93745,0.52273,0.41989,"[0.67925, 0.30769, 0.27273]",60,0.12018,1.50645,0.59091,0.54367,"[0.69767, 0.4, 0.53333]",47,COMPLETED,9.322

27,20260108_124434,baseline_CASIAB_TOP50.csv,50%,Preset_3,TCN,42,256,"[384, 512, 512, 512]","[1, 2, 4, 8]",5,3,gelu,True,True,"[True, True, True, True]",max,512,minmax,"[None, 0.05, 0.1, 0.1]",96,AdamW,,0.00015,1e-05,[0.68794326 2.1920904  0.91725768],0.02,1.0,0.11423,2.12634,0.40909,0.27273,"[0.54545, 0.0, 0.27273]",88,0.23192,2.05032,0.38636,0.37222,"[0.45, 0.33333, 0.33333]",66,COMPLETED,11.641
28,20260108_124434,baseline_OUMVLP_TOP50.csv,50%,Preset_3,TCN,42,256,"[384, 512, 512, 512]","[1, 2, 4, 8]",5,3,gelu,True,True,"[True, True, True, True]",max,512,minmax,"[None, 0.05, 0.1, 0.1]",96,AdamW,,0.00015,1e-05,[0.68794326 2.1920904  0.91725768],0.02,1.0,0.11633,1.8315,0.40909,0.35185,"[0.21429, 0.22222, 0.61905]",118,0.61162,1.10132,0.52273,0.45857,"[0.62745, 0.36364, 0.38462]",44,COMPLETED,15.677
29,20260108_124434,gaitgl_GREW_BNNeck_TOP50.csv,50%,Preset_3,TCN,42,256,"[384, 512, 512, 512]","[1, 2, 4, 8]",5,3,gelu,True,True,"[True, True, True, True]",max,512,minmax,"[None, 0.05, 0.1, 0.1]",96,AdamW,,0.00015,1e-05,[0.68794326 2.1920904  0.91725768],0.02,1.0,0.10914,1.68704,0.36364,0.35362,"[0.4, 0.26087, 0.4]",90,0.25889,1.51384,0.45455,0.42845,"[0.52381, 0.3, 0.46154]",63,COMPLETED,15.367
30,20260108_124434,gaitgl_GREW_TOP50.csv,50%,Preset_3,TCN,42,256,"[384, 512, 512, 512]","[1, 2, 4, 8]",5,3,gelu,True,True,"[True, True, True, True]",max,512,minmax,"[None, 0.05, 0.1, 0.1]",96,AdamW,,0.00015,1e-05,[0.68794326 2.1920904  0.91725768],0.02,1.0,0.1105,1.27774,0.45455,0.34188,"[0.51282, 0.0, 0.51282]",42,0.11359,1.30543,0.5,0.36427,"[0.62222, 0.0, 0.47059]",40,COMPLETED,7.277
31,20260108_124434,gaitgl_OUMVLP_TOP50.csv,50%,Preset_3,TCN,42,256,"[384, 512, 512, 512]","[1, 2, 4, 8]",5,3,gelu,True,True,"[True, True, True, True]",max,512,minmax,"[None, 0.05, 0.1, 0.1]",96,AdamW,,0.00015,1e-05,[0.68794326 2.1920904  0.91725768],0.02,1.0,0.10942,1.28032,0.5,0.48889,"[0.55, 0.41667, 0.5]",123,0.11859,1.19235,0.63636,0.60719,"[0.69565, 0.53333, 0.59259]",119,COMPLETED,24.807
32,20260108_124434,gaitgl_TOP50.csv,50%,Preset_3,TCN,42,128,"[384, 512, 512, 512]","[1, 2, 4, 8]",5,3,gelu,True,True,"[True, True, True, True]",max,512,minmax,"[None, 0.05, 0.1, 0.1]",96,AdamW,,0.00015,1e-05,[0.68794326 2.1920904  0.91725768],0.02,1.0,0.10987,1.3656,0.40909,0.26638,"[0.57692, 0.0, 0.22222]",53,0.66738,1.13898,0.47727,0.46394,"[0.45161, 0.42857, 0.51163]",21,COMPLETED,10.97
33,20260108_124434,gaitpart_GREW_TOP50.csv,50%,Preset_3,TCN,42,256,"[384, 512, 512, 512]","[1, 2, 4, 8]",5,3,gelu,True,True,"[True, True, True, True]",max,512,minmax,"[None, 0.05, 0.1, 0.1]",96,AdamW,,0.00015,1e-05,[0.68794326 2.1920904  0.91725768],0.02,1.0,0.10878,1.60201,0.45455,0.41868,"[0.57143, 0.3, 0.38462]",116,0.11592,1.55962,0.54545,0.52688,"[0.57895, 0.42105, 0.58065]",90,COMPLETED,16.319
34,20260108_124434,gaitpart_OUMVLP_TOP50.csv,50%,Preset_3,TCN,42,256,"[384, 512, 512, 512]","[1, 2, 4, 8]",5,3,gelu,True,True,"[True, True, True, True]",max,512,minmax,"[None, 0.05, 0.1, 0.1]",96,AdamW,,0.00015,1e-05,[0.68794326 2.1920904  0.91725768],0.02,1.0,0.11136,1.41964,0.59091,0.5597,"[0.68293, 0.44444, 0.55172]",329,0.12757,1.33869,0.61364,0.5746,"[0.66667, 0.42857, 0.62857]",324,COMPLETED,45.646
35,20260108_124434,gaitset_GREW_TOP50.csv,50%,Preset_3,TCN,42,256,"[384, 512, 512, 512]","[1, 2, 4, 8]",5,3,gelu,True,True,"[True, True, True, True]",max,512,minmax,"[None, 0.05, 0.1, 0.1]",96,AdamW,,0.00015,1e-05,[0.68794326 2.1920904  0.91725768],0.02,1.0,0.10889,1.59062,0.45455,0.39938,"[0.57778, 0.25, 0.37037]",119,0.12212,1.64697,0.52273,0.48717,"[0.59091, 0.4, 0.47059]",85,COMPLETED,25.059
36,20260108_124434,gaitset_OUMVLP_TOP50.csv,50%,Preset_3,TCN,42,256,"[384, 512, 512, 512]","[1, 2, 4, 8]",5,3,gelu,True,True,"[True, True, True, True]",max,512,minmax,"[None, 0.05, 0.1, 0.1]",96,AdamW,,0.00015,1e-05,[0.68794326 2.1920904  0.91725768],0.02,1.0,0.10867,1.78356,0.47727,0.37128,"[0.64, 0.15385, 0.32]",380,0.21384,1.59637,0.54545,0.47833,"[0.69767, 0.28571, 0.45161]",323,COMPLETED,79.011
37,20260108_124434,gaitset_TOP50.csv,50%,Preset_3,TCN,42,256,"[384, 512, 512, 512]","[1, 2, 4, 8]",5,3,gelu,True,True,"[True, True, True, True]",max,512,minmax,"[None, 0.05, 0.1, 0.1]",96,AdamW,,0.00015,1e-05,[0.68794326 2.1920904  0.91725768],0.02,1.0,0.11313,1.58399,0.38636,0.26455,"[0.57143, 0.0, 0.22222]",97,0.11149,1.46343,0.52273,0.43965,"[0.51429, 0.2, 0.60465]",86,COMPLETED,20.228
38,20260108_124434,gln_phase1_TOP50.csv,50%,Preset_3,TCN,42,256,"[384, 512, 512, 512]","[1, 2, 4, 8]",5,3,gelu,True,True,"[True, True, True, True]",max,512,minmax,"[None, 0.05, 0.1, 0.1]",96,AdamW,,0.00015,1e-05,[0.68794326 2.1920904  0.91725768],0.02,1.0,0.1048,1.20409,0.56818,0.52778,"[0.65, 0.33333, 0.6]",139,0.11075,1.12835,0.61364,0.56734,"[0.68085, 0.42857, 0.59259]",135,COMPLETED,36.938
39,20260108_124434,gln_phase2_TOP50.csv,50%,Preset_3,TCN,42,256,"[384, 512, 512, 512]","[1, 2, 4, 8]",5,3,gelu,True,True,"[True, True, True, True]",max,512,minmax,"[None, 0.05, 0.1, 0.1]",96,AdamW,,0.00015,1e-05,[0.68794326 2.1920904  0.91725768],0.02,1.0,0.10772,1.59389,0.40909,0.38076,"[0.30769, 0.24, 0.59459]",116,0.1254,1.26953,0.52273,0.51313,"[0.58333, 0.57143, 0.38462]",101,COMPLETED,30.776

40,20260108_124434,baseline_CASIAB_TOP50.csv,50%,Preset_4,TCN,42,256,"[384, 384, 384, 512]","[1, 2, 3, 4]",7,2,gelu,True,False,"[True, True, True, True]",attention,128,L2,"[0.1, 0.1, 0.1, 0.1]",128,AdamW,,0.0001,1e-05,[0.68794326 2.1920904  0.91725768],0.02,1.0,0.10845,2.21176,0.43182,0.32828,"[0.5, 0.0, 0.48485]",75,0.22693,1.65361,0.52273,0.52698,"[0.54054, 0.55556, 0.48485]",46,COMPLETED,8.654
41,20260108_124434,baseline_OUMVLP_TOP50.csv,50%,Preset_4,TCN,42,256,"[384, 384, 384, 512]","[1, 2, 3, 4]",7,2,gelu,True,False,"[True, True, True, True]",attention,128,L2,"[0.1, 0.1, 0.1, 0.1]",128,AdamW,,0.0001,1e-05,[0.68794326 2.1920904  0.91725768],0.02,1.0,0.10614,1.72514,0.47727,0.3547,"[0.5, 0.0, 0.5641]",110,0.11492,1.45523,0.61364,0.53833,"[0.70833, 0.26667, 0.64]",100,COMPLETED,12.639
42,20260108_124434,gaitgl_GREW_BNNeck_TOP50.csv,50%,Preset_4,TCN,42,256,"[384, 384, 384, 512]","[1, 2, 3, 4]",7,2,gelu,True,False,"[True, True, True, True]",attention,128,L2,"[0.1, 0.1, 0.1, 0.1]",128,AdamW,,0.0001,1e-05,[0.68794326 2.1920904  0.91725768],0.02,1.0,0.10305,2.11939,0.45455,0.38943,"[0.48649, 0.18182, 0.5]",73,0.18549,1.95422,0.52273,0.44105,"[0.57143, 0.2, 0.55172]",60,COMPLETED,11.045
43,20260108_124434,gaitgl_GREW_TOP50.csv,50%,Preset_4,TCN,42,256,"[384, 384, 384, 512]","[1, 2, 3, 4]",7,2,gelu,True,False,"[True, True, True, True]",attention,128,L2,"[0.1, 0.1, 0.1, 0.1]",128,AdamW,,0.0001,1e-05,[0.68794326 2.1920904  0.91725768],0.02,1.0,0.10404,1.63207,0.38636,0.298,"[0.57143, 0.0, 0.32258]",35,0.107,1.35896,0.56818,0.42584,"[0.68293, 0.0, 0.59459]",33,COMPLETED,5.347
44,20260108_124434,gaitgl_OUMVLP_TOP50.csv,50%,Preset_4,TCN,42,256,"[384, 384, 384, 512]","[1, 2, 3, 4]",7,2,gelu,True,False,"[True, True, True, True]",attention,128,L2,"[0.1, 0.1, 0.1, 0.1]",128,AdamW,,0.0001,1e-05,[0.68794326 2.1920904  0.91725768],0.02,1.0,0.10764,1.22192,0.56818,0.4641,"[0.65385, 0.2, 0.53846]",98,0.12088,0.96721,0.72727,0.6549,"[0.75556, 0.44444, 0.76471]",91,COMPLETED,14.6
45,20260108_124434,gaitgl_TOP50.csv,50%,Preset_4,TCN,42,128,"[384, 384, 384, 512]","[1, 2, 3, 4]",7,2,gelu,True,False,"[True, True, True, True]",attention,128,L2,"[0.1, 0.1, 0.1, 0.1]",128,AdamW,,0.0001,1e-05,[0.68794326 2.1920904  0.91725768],0.02,1.0,0.10737,1.6465,0.52273,0.37505,"[0.59574, 0.0, 0.52941]",38,0.51374,1.27071,0.45455,0.45299,"[0.375, 0.45455, 0.52941]",18,COMPLETED,5.463
46,20260108_124434,gaitpart_GREW_TOP50.csv,50%,Preset_4,TCN,42,256,"[384, 384, 384, 512]","[1, 2, 3, 4]",7,2,gelu,True,False,"[True, True, True, True]",attention,128,L2,"[0.1, 0.1, 0.1, 0.1]",128,AdamW,,0.0001,1e-05,[0.68794326 2.1920904  0.91725768],0.02,1.0,0.11614,1.88632,0.5,0.41506,"[0.59574, 0.16667, 0.48276]",126,0.44455,1.54199,0.56818,0.53434,"[0.57143, 0.4, 0.63158]",89,COMPLETED,11.609
47,20260108_124434,gaitpart_OUMVLP_TOP50.csv,50%,Preset_4,TCN,42,256,"[384, 384, 384, 512]","[1, 2, 3, 4]",7,2,gelu,True,False,"[True, True, True, True]",attention,128,L2,"[0.1, 0.1, 0.1, 0.1]",128,AdamW,,0.0001,1e-05,[0.68794326 2.1920904  0.91725768],0.02,1.0,0.1052,1.51615,0.56818,0.52378,"[0.66667, 0.35294, 0.55172]",580,0.59174,1.11897,0.65909,0.62407,"[0.65, 0.5, 0.72222]",246,COMPLETED,53.67
48,20260108_124434,gaitset_GREW_TOP50.csv,50%,Preset_4,TCN,42,256,"[384, 384, 384, 512]","[1, 2, 3, 4]",7,2,gelu,True,False,"[True, True, True, True]",attention,128,L2,"[0.1, 0.1, 0.1, 0.1]",128,AdamW,,0.0001,1e-05,[0.68794326 2.1920904  0.91725768],0.02,1.0,0.11069,1.9168,0.5,0.45504,"[0.55, 0.28571, 0.52941]",90,0.11261,1.74422,0.54545,0.48673,"[0.63636, 0.30769, 0.51613]",86,COMPLETED,13.505
49,20260108_124434,gaitset_OUMVLP_TOP50.csv,50%,Preset_4,TCN,42,256,"[384, 384, 384, 512]","[1, 2, 3, 4]",7,2,gelu,True,False,"[True, True, True, True]",attention,128,L2,"[0.1, 0.1, 0.1, 0.1]",128,AdamW,,0.0001,1e-05,[0.68794326 2.1920904  0.91725768],0.02,1.0,0.1145,1.48694,0.52273,0.47053,"[0.61905, 0.30769, 0.48485]",335,0.13555,1.54653,0.61364,0.56185,"[0.69565, 0.44444, 0.54545]",292,COMPLETED,49.571
50,20260108_124434,gaitset_TOP50.csv,50%,Preset_4,TCN,42,256,"[384, 384, 384, 512]","[1, 2, 3, 4]",7,2,gelu,True,False,"[True, True, True, True]",attention,128,L2,"[0.1, 0.1, 0.1, 0.1]",128,AdamW,,0.0001,1e-05,[0.68794326 2.1920904  0.91725768],0.02,1.0,0.10905,2.00717,0.43182,0.36216,"[0.54167, 0.22222, 0.32258]",70,0.14636,1.8188,0.52273,0.46594,"[0.62745, 0.4, 0.37037]",45,COMPLETED,10.47
51,20260108_124434,gln_phase1_TOP50.csv,50%,Preset_4,TCN,42,256,"[384, 384, 384, 512]","[1, 2, 3, 4]",7,2,gelu,True,False,"[True, True, True, True]",attention,128,L2,"[0.1, 0.1, 0.1, 0.1]",128,AdamW,,0.0001,1e-05,[0.68794326 2.1920904  0.91725768],0.02,1.0,0.1056,1.57386,0.59091,0.50802,"[0.75556, 0.25, 0.51852]",71,0.1056,1.57386,0.59091,0.50802,"[0.75556, 0.25, 0.51852]",71,COMPLETED,12.882
52,20260108_124434,gln_phase2_TOP50.csv,50%,Preset_4,TCN,42,256,"[384, 384, 384, 512]","[1, 2, 3, 4]",7,2,gelu,True,False,"[True, True, True, True]",attention,128,L2,"[0.1, 0.1, 0.1, 0.1]",128,AdamW,,0.0001,1e-05,[0.68794326 2.1920904  0.91725768],0.02,1.0,0.10401,1.42039,0.65909,0.63137,"[0.7, 0.54545, 0.64865]",65,0.10725,1.28601,0.68182,0.63889,"[0.75, 0.5, 0.66667]",62,COMPLETED,11.771

53,20260108_124434,baseline_CASIAB_TOP50.csv,50%,Preset_5,TCN,42,256,"[384, 512, 640]","[1, 2, 4]",7,2,gelu,True,True,"[True, True, True]",max,256,minmax,"[0.05, 0.1, 0.1]",96,AdamW,,0.0001,1e-05,[0.68794326 2.1920904  0.91725768],0.02,1.0,0.11161,1.51389,0.40909,0.38118,"[0.44444, 0.26667, 0.43243]",96,0.12749,1.45412,0.47727,0.43865,"[0.56522, 0.36364, 0.3871]",89,COMPLETED,12.005
54,20260108_124434,baseline_OUMVLP_TOP50.csv,50%,Preset_5,TCN,42,256,"[384, 512, 640]","[1, 2, 4]",7,2,gelu,True,True,"[True, True, True]",max,256,minmax,"[0.05, 0.1, 0.1]",96,AdamW,,0.0001,1e-05,[0.68794326 2.1920904  0.91725768],0.02,1.0,0.11107,1.58053,0.45455,0.32997,"[0.44444, 0.0, 0.54545]",112,0.52683,1.17719,0.52273,0.47806,"[0.57143, 0.33333, 0.52941]",52,COMPLETED,14.053
55,20260108_124434,gaitgl_GREW_BNNeck_TOP50.csv,50%,Preset_5,TCN,42,256,"[384, 512, 640]","[1, 2, 4]",7,2,gelu,True,True,"[True, True, True]",max,256,minmax,"[0.05, 0.1, 0.1]",96,AdamW,,0.0001,1e-05,[0.68794326 2.1920904  0.91725768],0.02,1.0,0.11271,1.96924,0.5,0.31839,"[0.65517, 0.0, 0.3]",108,0.73263,1.10536,0.56818,0.47635,"[0.62222, 0.18182, 0.625]",65,COMPLETED,18.031
56,20260108_124434,gaitgl_GREW_TOP50.csv,50%,Preset_5,TCN,42,256,"[384, 512, 640]","[1, 2, 4]",7,2,gelu,True,True,"[True, True, True]",max,256,minmax,"[0.05, 0.1, 0.1]",96,AdamW,,0.0001,1e-05,[0.68794326 2.1920904  0.91725768],0.02,1.0,0.10973,1.33675,0.45455,0.33804,"[0.52632, 0.0, 0.4878]",45,0.24809,1.1112,0.54545,0.50917,"[0.65217, 0.46154, 0.41379]",28,COMPLETED,7.55
57,20260108_124434,gaitgl_OUMVLP_TOP50.csv,50%,Preset_5,TCN,42,256,"[384, 512, 640]","[1, 2, 4]",7,2,gelu,True,True,"[True, True, True]",max,256,minmax,"[0.05, 0.1, 0.1]",96,AdamW,,0.0001,1e-05,[0.68794326 2.1920904  0.91725768],0.02,1.0,0.10847,1.36036,0.54545,0.37037,"[0.66667, 0.0, 0.44444]",153,0.12926,1.5059,0.5,0.4537,"[0.5, 0.25, 0.61111]",141,COMPLETED,25.567
58,20260108_124434,gaitgl_TOP50.csv,50%,Preset_5,TCN,42,128,"[384, 512, 640]","[1, 2, 4]",7,2,gelu,True,True,"[True, True, True]",max,256,minmax,"[0.05, 0.1, 0.1]",96,AdamW,,0.0001,1e-05,[0.68794326 2.1920904  0.91725768],0.02,1.0,0.10745,1.35758,0.38636,0.33329,"[0.46512, 0.18182, 0.35294]",50,0.10947,1.46488,0.38636,0.33523,"[0.43902, 0.16667, 0.4]",49,COMPLETED,8.152
59,20260108_124434,gaitpart_GREW_TOP50.csv,50%,Preset_5,TCN,42,256,"[384, 512, 640]","[1, 2, 4]",7,2,gelu,True,True,"[True, True, True]",max,256,minmax,"[0.05, 0.1, 0.1]",96,AdamW,,0.0001,1e-05,[0.68794326 2.1920904  0.91725768],0.02,1.0,0.11538,1.76827,0.43182,0.41753,"[0.33333, 0.34783, 0.57143]",89,0.12641,1.35664,0.61364,0.5323,"[0.70588, 0.30769, 0.58333]",72,COMPLETED,9.616
60,20260108_124434,gaitpart_OUMVLP_TOP50.csv,50%,Preset_5,TCN,42,256,"[384, 512, 640]","[1, 2, 4]",7,2,gelu,True,True,"[True, True, True]",max,256,minmax,"[0.05, 0.1, 0.1]",96,AdamW,,0.0001,1e-05,[0.68794326 2.1920904  0.91725768],0.02,1.0,0.10729,1.06009,0.59091,0.53153,"[0.59459, 0.33333, 0.66667]",305,0.17875,1.30936,0.68182,0.61147,"[0.73171, 0.4, 0.7027]",273,COMPLETED,32.64
61,20260108_124434,gaitset_GREW_TOP50.csv,50%,Preset_5,TCN,42,256,"[384, 512, 640]","[1, 2, 4]",7,2,gelu,True,True,"[True, True, True]",max,256,minmax,"[0.05, 0.1, 0.1]",96,AdamW,,0.0001,1e-05,[0.68794326 2.1920904  0.91725768],0.02,1.0,0.10922,1.46544,0.43182,0.32927,"[0.5, 0.0, 0.4878]",99,0.12349,1.51182,0.52273,0.48458,"[0.63415, 0.35294, 0.46667]",91,COMPLETED,16.411
62,20260108_124434,gaitset_OUMVLP_TOP50.csv,50%,Preset_5,TCN,42,256,"[384, 512, 640]","[1, 2, 4]",7,2,gelu,True,True,"[True, True, True]",max,256,minmax,"[0.05, 0.1, 0.1]",96,AdamW,,0.0001,1e-05,[0.68794326 2.1920904  0.91725768],0.02,1.0,1.10612,1.09169,0.36364,0.17778,"[0.0, 0.0, 0.53333]",407,1.10612,1.09169,0.36364,0.17778,"[0.0, 0.0, 0.53333]",407,STOPPED,61.776
63,20260108_124434,gaitset_TOP50.csv,50%,Preset_5,TCN,42,256,"[384, 512, 640]","[1, 2, 4]",7,2,gelu,True,True,"[True, True, True]",max,256,minmax,"[0.05, 0.1, 0.1]",96,AdamW,,0.0001,1e-05,[0.68794326 2.1920904  0.91725768],0.02,1.0,0.1169,1.63782,0.43182,0.37225,"[0.47059, 0.13333, 0.51282]",80,0.63714,1.19919,0.47727,0.41083,"[0.6383, 0.33333, 0.26087]",33,COMPLETED,10.782
64,20260108_124434,gln_phase1_TOP50.csv,50%,Preset_5,TCN,42,256,"[384, 512, 640]","[1, 2, 4]",7,2,gelu,True,True,"[True, True, True]",max,256,minmax,"[0.05, 0.1, 0.1]",96,AdamW,,0.0001,1e-05,[0.68794326 2.1920904  0.91725768],0.02,1.0,0.11248,1.03341,0.65909,0.54439,"[0.72727, 0.2, 0.70588]",114,0.12169,1.07041,0.68182,0.6114,"[0.68421, 0.4, 0.75]",91,COMPLETED,19.312
65,20260108_124434,gln_phase2_TOP50.csv,50%,Preset_5,TCN,42,256,"[384, 512, 640]","[1, 2, 4]",7,2,gelu,True,True,"[True, True, True]",max,256,minmax,"[0.05, 0.1, 0.1]",96,AdamW,,0.0001,1e-05,[0.68794326 2.1920904  0.91725768],0.02,1.0,0.11063,1.64694,0.40909,0.38179,"[0.23077, 0.32, 0.59459]",106,0.12953,1.33454,0.54545,0.50223,"[0.5641, 0.36364, 0.57895]",91,COMPLETED,17.731

66,20260108_124434,baseline_CASIAB_TOP50.csv,50%,Preset_6,TCN,42,256,"[192, 256]","[1, 3]",7,2,gelu,True,True,"[True, True]",max,128,minmax,"[0.05, 0.1]",64,AdamW,,0.0001,5e-06,[0.68794326 2.1920904  0.91725768],0.02,1.0,0.11705,1.71423,0.40909,0.2923,"[0.4898, 0.0, 0.3871]",118,0.33059,1.39568,0.52273,0.51156,"[0.5641, 0.47059, 0.5]",58,COMPLETED,10.586
67,20260108_124434,baseline_OUMVLP_TOP50.csv,50%,Preset_6,TCN,42,256,"[192, 256]","[1, 3]",7,2,gelu,True,True,"[True, True]",max,128,minmax,"[0.05, 0.1]",64,AdamW,,0.0001,5e-06,[0.68794326 2.1920904  0.91725768],0.02,1.0,0.11641,1.57336,0.45455,0.41961,"[0.52941, 0.2, 0.52941]",149,0.13775,1.66191,0.56818,0.5098,"[0.52941, 0.33333, 0.66667]",119,COMPLETED,13.347
68,20260108_124434,gaitgl_GREW_BNNeck_TOP50.csv,50%,Preset_6,TCN,42,256,"[192, 256]","[1, 3]",7,2,gelu,True,True,"[True, True]",max,128,minmax,"[0.05, 0.1]",64,AdamW,,0.0001,5e-06,[0.68794326 2.1920904  0.91725768],0.02,1.0,0.1153,1.67741,0.36364,0.3034,"[0.48889, 0.125, 0.2963]",124,0.12242,1.50907,0.47727,0.43731,"[0.47368, 0.25, 0.58824]",97,COMPLETED,11.08
69,20260108_124434,gaitgl_GREW_TOP50.csv,50%,Preset_6,TCN,42,256,"[192, 256]","[1, 3]",7,2,gelu,True,True,"[True, True]",max,128,minmax,"[0.05, 0.1]",64,AdamW,,0.0001,5e-06,[0.68794326 2.1920904  0.91725768],0.02,1.0,0.11368,1.01834,0.59091,0.49349,"[0.65, 0.18182, 0.64865]",49,0.16973,1.133,0.61364,0.50373,"[0.70833, 0.22222, 0.58065]",31,COMPLETED,4.39
70,20260108_124434,gaitgl_OUMVLP_TOP50.csv,50%,Preset_6,TCN,42,256,"[192, 256]","[1, 3]",7,2,gelu,True,True,"[True, True]",max,128,minmax,"[0.05, 0.1]",64,AdamW,,0.0001,5e-06,[0.68794326 2.1920904  0.91725768],0.02,1.0,0.11636,1.49088,0.59091,0.47175,"[0.7037, 0.25, 0.46154]",175,0.15074,1.50605,0.5,0.4872,"[0.5, 0.42105, 0.54054]",111,COMPLETED,15.226
71,20260108_124434,gaitgl_TOP50.csv,50%,Preset_6,TCN,42,128,"[192, 256]","[1, 3]",7,2,gelu,True,True,"[True, True]",max,128,minmax,"[0.05, 0.1]",64,AdamW,,0.0001,5e-06,[0.68794326 2.1920904  0.91725768],0.02,1.0,0.10795,1.29863,0.5,0.39804,"[0.62745, 0.16667, 0.4]",59,0.20829,1.13187,0.52273,0.49238,"[0.54054, 0.4, 0.53659]",32,COMPLETED,4.792
72,20260108_124434,gaitpart_GREW_TOP50.csv,50%,Preset_6,TCN,42,256,"[192, 256]","[1, 3]",7,2,gelu,True,True,"[True, True]",max,128,minmax,"[0.05, 0.1]",64,AdamW,,0.0001,5e-06,[0.68794326 2.1920904  0.91725768],0.02,1.0,0.11364,1.24177,0.59091,0.56173,"[0.66667, 0.5, 0.51852]",130,0.26551,1.16049,0.63636,0.5844,"[0.73469, 0.5, 0.51852]",70,COMPLETED,10.166
73,20260108_124434,gaitpart_OUMVLP_TOP50.csv,50%,Preset_6,TCN,42,256,"[192, 256]","[1, 3]",7,2,gelu,True,True,"[True, True]",max,128,minmax,"[0.05, 0.1]",64,AdamW,,0.0001,5e-06,[0.68794326 2.1920904  0.91725768],0.02,1.0,0.11273,1.20853,0.5,0.47076,"[0.57895, 0.33333, 0.5]",340,0.1127,1.07076,0.68182,0.64939,"[0.7, 0.54545, 0.7027]",334,COMPLETED,25.648
74,20260108_124434,gaitset_GREW_TOP50.csv,50%,Preset_6,TCN,42,256,"[192, 256]","[1, 3]",7,2,gelu,True,True,"[True, True]",max,128,minmax,"[0.05, 0.1]",64,AdamW,,0.0001,5e-06,[0.68794326 2.1920904  0.91725768],0.02,1.0,0.11443,1.66789,0.43182,0.36741,"[0.52381, 0.16667, 0.41176]",108,0.13794,1.60214,0.47727,0.46405,"[0.54054, 0.4, 0.45161]",100,COMPLETED,9.084
75,20260108_124434,gaitset_OUMVLP_TOP50.csv,50%,Preset_6,TCN,42,256,"[192, 256]","[1, 3]",7,2,gelu,True,True,"[True, True]",max,128,minmax,"[0.05, 0.1]",64,AdamW,,0.0001,5e-06,[0.68794326 2.1920904  0.91725768],0.02,1.0,0.11475,1.61876,0.43182,0.4032,"[0.48485, 0.28571, 0.43902]",432,0.15986,1.64908,0.56818,0.53228,"[0.68182, 0.47059, 0.44444]",402,COMPLETED,35.414
76,20260108_124434,gaitset_TOP50.csv,50%,Preset_6,TCN,42,256,"[192, 256]","[1, 3]",7,2,gelu,True,True,"[True, True]",max,128,minmax,"[0.05, 0.1]",64,AdamW,,0.0001,5e-06,[0.68794326 2.1920904  0.91725768],0.02,1.0,0.11289,1.67017,0.36364,0.33112,"[0.5, 0.23529, 0.25806]",101,0.74372,1.21881,0.52273,0.48232,"[0.66667, 0.41667, 0.36364]",30,COMPLETED,8.032
77,20260108_124434,gln_phase1_TOP50.csv,50%,Preset_6,TCN,42,256,"[192, 256]","[1, 3]",7,2,gelu,True,True,"[True, True]",max,128,minmax,"[0.05, 0.1]",64,AdamW,,0.0001,5e-06,[0.68794326 2.1920904  0.91725768],0.02,1.0,0.11412,0.98176,0.63636,0.5641,"[0.71795, 0.30769, 0.66667]",115,0.11712,1.09201,0.68182,0.64259,"[0.75, 0.44444, 0.73333]",113,COMPLETED,9.774
78,20260108_124434,gln_phase2_TOP50.csv,50%,Preset_6,TCN,42,256,"[192, 256]","[1, 3]",7,2,gelu,True,True,"[True, True]",max,128,minmax,"[0.05, 0.1]",64,AdamW,,0.0001,5e-06,[0.68794326 2.1920904  0.91725768],0.02,1.0,0.11136,1.13787,0.59091,0.55854,"[0.6, 0.42857, 0.64706]",141,0.12288,1.12757,0.63636,0.59482,"[0.65, 0.42857, 0.70588]",107,COMPLETED,12.047

79,20260108_124434,baseline_CASIAB_TOP50.csv,50%,Preset_7,TCN,42,256,"[512, 512, 512]","[3, 6, 9]",5,1,hardswish,True,False,"[False, True, False]",last,128,minmax,"[0.0, 0.1, 0.1]",96,AdamW,,0.0002,1e-06,[0.68794326 2.1920904  0.91725768],0.02,1.0,0.11646,2.50004,0.43182,0.33403,"[0.46154, 0.0, 0.54054]",139,0.33309,2.09178,0.47727,0.45469,"[0.47059, 0.35294, 0.54054]",85,COMPLETED,8.164
80,20260108_124434,baseline_OUMVLP_TOP50.csv,50%,Preset_7,TCN,42,256,"[512, 512, 512]","[3, 6, 9]",5,1,hardswish,True,False,"[False, True, False]",last,128,minmax,"[0.0, 0.1, 0.1]",96,AdamW,,0.0002,1e-06,[0.68794326 2.1920904  0.91725768],0.02,1.0,0.11446,1.66591,0.56818,0.47104,"[0.66667, 0.15385, 0.59259]",148,0.11446,1.66591,0.56818,0.47104,"[0.66667, 0.15385, 0.59259]",148,COMPLETED,8.699
81,20260108_124434,gaitgl_GREW_BNNeck_TOP50.csv,50%,Preset_7,TCN,42,256,"[512, 512, 512]","[3, 6, 9]",5,1,hardswish,True,False,"[False, True, False]",last,128,minmax,"[0.0, 0.1, 0.1]",96,AdamW,,0.0002,1e-06,[0.68794326 2.1920904  0.91725768],0.02,1.0,0.11597,2.97529,0.36364,0.31813,"[0.42105, 0.13333, 0.4]",194,0.63148,1.36135,0.52273,0.47171,"[0.6, 0.28571, 0.52941]",77,COMPLETED,14.98
82,20260108_124434,gaitgl_GREW_TOP50.csv,50%,Preset_7,TCN,42,256,"[512, 512, 512]","[3, 6, 9]",5,1,hardswish,True,False,"[False, True, False]",last,128,minmax,"[0.0, 0.1, 0.1]",96,AdamW,,0.0002,1e-06,[0.68794326 2.1920904  0.91725768],0.02,1.0,0.10737,1.29824,0.59091,0.49182,"[0.69767, 0.22222, 0.55556]",47,0.13081,1.55794,0.59091,0.49474,"[0.68421, 0.2, 0.6]",42,COMPLETED,3.511
83,20260108_124434,gaitgl_OUMVLP_TOP50.csv,50%,Preset_7,TCN,42,256,"[512, 512, 512]","[3, 6, 9]",5,1,hardswish,True,False,"[False, True, False]",last,128,minmax,"[0.0, 0.1, 0.1]",96,AdamW,,0.0002,1e-06,[0.68794326 2.1920904  0.91725768],0.02,1.0,0.11061,1.64597,0.54545,0.41094,"[0.65217, 0.0, 0.58065]",175,0.1934,2.07236,0.54545,0.46822,"[0.60465, 0.13333, 0.66667]",162,COMPLETED,13.85
84,20260108_124434,gaitgl_TOP50.csv,50%,Preset_7,TCN,42,128,"[512, 512, 512]","[3, 6, 9]",5,1,hardswish,True,False,"[False, True, False]",last,128,minmax,"[0.0, 0.1, 0.1]",96,AdamW,,0.0002,1e-06,[0.68794326 2.1920904  0.91725768],0.02,1.0,0.11424,1.57386,0.52273,0.37937,"[0.6087, 0.0, 0.52941]",48,0.11047,1.63963,0.59091,0.55074,"[0.62857, 0.375, 0.64865]",47,COMPLETED,3.575
85,20260108_124434,gaitpart_GREW_TOP50.csv,50%,Preset_7,TCN,42,256,"[512, 512, 512]","[3, 6, 9]",5,1,hardswish,True,False,"[False, True, False]",last,128,minmax,"[0.0, 0.1, 0.1]",96,AdamW,,0.0002,1e-06,[0.68794326 2.1920904  0.91725768],0.02,1.0,0.11205,2.02387,0.47727,0.33838,"[0.64286, 0.18182, 0.19048]",163,0.18012,2.5154,0.52273,0.47227,"[0.55556, 0.26667, 0.59459]",117,COMPLETED,8.693
86,20260108_124434,gaitpart_OUMVLP_TOP50.csv,50%,Preset_7,TCN,42,256,"[512, 512, 512]","[3, 6, 9]",5,1,hardswish,True,False,"[False, True, False]",last,128,minmax,"[0.0, 0.1, 0.1]",96,AdamW,,0.0002,1e-06,[0.68794326 2.1920904  0.91725768],0.02,1.0,0.10532,1.82923,0.47727,0.44668,"[0.6, 0.35294, 0.3871]",534,0.48783,1.10177,0.63636,0.60125,"[0.69767, 0.5, 0.60606]",249,COMPLETED,29.498
87,20260108_124434,gaitset_GREW_TOP50.csv,50%,Preset_7,TCN,42,256,"[512, 512, 512]","[3, 6, 9]",5,1,hardswish,True,False,"[False, True, False]",last,128,minmax,"[0.0, 0.1, 0.1]",96,AdamW,,0.0002,1e-06,[0.68794326 2.1920904  0.91725768],0.02,1.0,0.11124,1.86023,0.43182,0.37277,"[0.54054, 0.13333, 0.44444]",137,0.51342,1.88341,0.43182,0.43301,"[0.4375, 0.4, 0.46154]",66,COMPLETED,10.063
88,20260108_124434,gaitset_OUMVLP_TOP50.csv,50%,Preset_7,TCN,42,256,"[512, 512, 512]","[3, 6, 9]",5,1,hardswish,True,False,"[False, True, False]",last,128,minmax,"[0.0, 0.1, 0.1]",96,AdamW,,0.0002,1e-06,[0.68794326 2.1920904  0.91725768],0.02,1.0,0.11779,1.80359,0.5,0.40287,"[0.65306, 0.22222, 0.33333]",584,0.13097,1.77986,0.61364,0.55874,"[0.73077, 0.54545, 0.4]",569,COMPLETED,43.241
89,20260108_124434,gaitset_TOP50.csv,50%,Preset_7,TCN,42,256,"[512, 512, 512]","[3, 6, 9]",5,1,hardswish,True,False,"[False, True, False]",last,128,minmax,"[0.0, 0.1, 0.1]",96,AdamW,,0.0002,1e-06,[0.68794326 2.1920904  0.91725768],0.02,1.0,0.11062,1.82673,0.45455,0.43421,"[0.48649, 0.3, 0.51613]",107,0.12012,1.50607,0.54545,0.5291,"[0.57143, 0.44444, 0.57143]",91,COMPLETED,7.955
90,20260108_124434,gln_phase1_TOP50.csv,50%,Preset_7,TCN,42,256,"[512, 512, 512]","[3, 6, 9]",5,1,hardswish,True,False,"[False, True, False]",last,128,minmax,"[0.0, 0.1, 0.1]",96,AdamW,,0.0002,1e-06,[0.68794326 2.1920904  0.91725768],0.02,1.0,0.11495,1.40604,0.56818,0.47077,"[0.65306, 0.16667, 0.59259]",167,0.74214,0.91032,0.61364,0.59664,"[0.64706, 0.47619, 0.66667]",52,COMPLETED,15.226
91,20260108_124434,gln_phase2_TOP50.csv,50%,Preset_7,TCN,42,256,"[512, 512, 512]","[3, 6, 9]",5,1,hardswish,True,False,"[False, True, False]",last,128,minmax,"[0.0, 0.1, 0.1]",96,AdamW,,0.0002,1e-06,[0.68794326 2.1920904  0.91725768],0.02,1.0,0.11106,1.78732,0.45455,0.3703,"[0.59574, 0.18182, 0.33333]",158,0.27886,2.13067,0.52273,0.49938,"[0.48276, 0.4, 0.61538]",76,COMPLETED,14.454

92,20260108_124434,baseline_CASIAB_TOP50.csv,50%,Preset_8,TCN,42,256,"[512, 512, 512, 512]","[1, 2, 4, 8]",5,2,gelu,True,True,"[True, True, True, True]",max,256,minmax,"[None, 0.05, 0.1, 0.1]",96,AdamW,,0.00015,1e-05,[0.68794326 2.1920904  0.91725768],0.02,1.0,0.11408,1.63162,0.47727,0.44444,"[0.54545, 0.36364, 0.42424]",105,0.11736,1.73942,0.52273,0.44595,"[0.65306, 0.25, 0.43478]",86,COMPLETED,11.789
93,20260108_124434,baseline_OUMVLP_TOP50.csv,50%,Preset_8,TCN,42,256,"[512, 512, 512, 512]","[1, 2, 4, 8]",5,2,gelu,True,True,"[True, True, True, True]",max,256,minmax,"[None, 0.05, 0.1, 0.1]",96,AdamW,,0.00015,1e-05,[0.68794326 2.1920904  0.91725768],0.02,1.0,0.10813,1.52737,0.52273,0.44003,"[0.59091, 0.16667, 0.5625]",128,0.10813,1.52737,0.52273,0.44003,"[0.59091, 0.16667, 0.5625]",128,COMPLETED,13.825
94,20260108_124434,gaitgl_GREW_BNNeck_TOP50.csv,50%,Preset_8,TCN,42,256,"[512, 512, 512, 512]","[1, 2, 4, 8]",5,2,gelu,True,True,"[True, True, True, True]",max,256,minmax,"[None, 0.05, 0.1, 0.1]",96,AdamW,,0.00015,1e-05,[0.68794326 2.1920904  0.91725768],0.02,1.0,0.10888,1.63377,0.43182,0.42198,"[0.47368, 0.34783, 0.44444]",104,0.14586,1.78401,0.5,0.43975,"[0.6383, 0.3, 0.38095]",93,COMPLETED,15.116
95,20260108_124434,gaitgl_GREW_TOP50.csv,50%,Preset_8,TCN,42,256,"[512, 512, 512, 512]","[1, 2, 4, 8]",5,2,gelu,True,True,"[True, True, True, True]",max,256,minmax,"[None, 0.05, 0.1, 0.1]",96,AdamW,,0.00015,1e-05,[0.68794326 2.1920904  0.91725768],0.02,1.0,0.10637,1.1499,0.47727,0.41604,"[0.53659, 0.25, 0.46154]",42,0.10611,1.14593,0.52273,0.45023,"[0.5641, 0.25, 0.53659]",41,COMPLETED,6.155
96,20260108_124434,gaitgl_OUMVLP_TOP50.csv,50%,Preset_8,TCN,42,256,"[512, 512, 512, 512]","[1, 2, 4, 8]",5,2,gelu,True,True,"[True, True, True, True]",max,256,minmax,"[None, 0.05, 0.1, 0.1]",96,AdamW,,0.00015,1e-05,[0.68794326 2.1920904  0.91725768],0.02,1.0,0.1088,1.24916,0.56818,0.46296,"[0.66667, 0.22222, 0.5]",160,0.11454,1.27622,0.56818,0.50965,"[0.59459, 0.28571, 0.64865]",144,COMPLETED,24.065
97,20260108_124434,gaitgl_TOP50.csv,50%,Preset_8,TCN,42,128,"[512, 512, 512, 512]","[1, 2, 4, 8]",5,2,gelu,True,True,"[True, True, True, True]",max,256,minmax,"[None, 0.05, 0.1, 0.1]",96,AdamW,,0.00015,1e-05,[0.68794326 2.1920904  0.91725768],0.02,1.0,0.10776,1.39506,0.40909,0.29167,"[0.5, 0.0, 0.375]",50,0.18541,1.51592,0.5,0.41414,"[0.42424, 0.18182, 0.63636]",40,COMPLETED,6.8
98,20260108_124434,gaitpart_GREW_TOP50.csv,50%,Preset_8,TCN,42,256,"[512, 512, 512, 512]","[1, 2, 4, 8]",5,2,gelu,True,True,"[True, True, True, True]",max,256,minmax,"[None, 0.05, 0.1, 0.1]",96,AdamW,,0.00015,1e-05,[0.68794326 2.1920904  0.91725768],0.02,1.0,0.10632,1.52685,0.52273,0.46781,"[0.59574, 0.30769, 0.5]",116,0.50776,1.24029,0.61364,0.58177,"[0.69388, 0.57143, 0.48]",60,COMPLETED,11.082
99,20260108_124434,gaitpart_OUMVLP_TOP50.csv,50%,Preset_8,TCN,42,256,"[512, 512, 512, 512]","[1, 2, 4, 8]",5,2,gelu,True,True,"[True, True, True, True]",max,256,minmax,"[None, 0.05, 0.1, 0.1]",96,AdamW,,0.00015,1e-05,[0.68794326 2.1920904  0.91725768],0.02,1.0,0.10553,1.47134,0.56818,0.50798,"[0.65, 0.28571, 0.58824]",297,0.55028,1.00435,0.65909,0.60386,"[0.68293, 0.44444, 0.68421]",182,COMPLETED,27.66
100,20260108_124434,gaitset_GREW_TOP50.csv,50%,Preset_8,TCN,42,256,"[512, 512, 512, 512]","[1, 2, 4, 8]",5,2,gelu,True,True,"[True, True, True, True]",max,256,minmax,"[None, 0.05, 0.1, 0.1]",96,AdamW,,0.00015,1e-05,[0.68794326 2.1920904  0.91725768],0.02,1.0,0.10851,2.06981,0.38636,0.35117,"[0.23077, 0.27273, 0.55]",109,0.71964,1.16634,0.45455,0.43667,"[0.48649, 0.35294, 0.47059]",38,COMPLETED,15.144
101,20260108_124434,gaitset_OUMVLP_TOP50.csv,50%,Preset_8,TCN,42,256,"[512, 512, 512, 512]","[1, 2, 4, 8]",5,2,gelu,True,True,"[True, True, True, True]",max,256,minmax,"[None, 0.05, 0.1, 0.1]",96,AdamW,,0.00015,1e-05,[0.68794326 2.1920904  0.91725768],0.02,1.0,0.10957,1.7913,0.43182,0.37086,"[0.52632, 0.15385, 0.43243]",397,0.47474,1.42254,0.56818,0.47033,"[0.66667, 0.18182, 0.5625]",218,COMPLETED,56.183
102,20260108_124434,gaitset_TOP50.csv,50%,Preset_8,TCN,42,256,"[512, 512, 512, 512]","[1, 2, 4, 8]",5,2,gelu,True,True,"[True, True, True, True]",max,256,minmax,"[None, 0.05, 0.1, 0.1]",96,AdamW,,0.00015,1e-05,[0.68794326 2.1920904  0.91725768],0.02,1.0,0.11009,1.49574,0.36364,0.35439,"[0.47059, 0.2963, 0.2963]",84,0.23646,1.19815,0.47727,0.42911,"[0.375, 0.30769, 0.60465]",63,COMPLETED,11.971
103,20260108_124434,gln_phase1_TOP50.csv,50%,Preset_8,TCN,42,256,"[512, 512, 512, 512]","[1, 2, 4, 8]",5,2,gelu,True,True,"[True, True, True, True]",max,256,minmax,"[None, 0.05, 0.1, 0.1]",96,AdamW,,0.00015,1e-05,[0.68794326 2.1920904  0.91725768],0.02,1.0,0.10946,1.16502,0.47727,0.40155,"[0.60465, 0.13333, 0.46667]",121,0.22691,1.29474,0.52273,0.50075,"[0.68421, 0.2963, 0.52174]",94,COMPLETED,21.887
104,20260108_124434,gln_phase2_TOP50.csv,50%,Preset_8,TCN,42,256,"[512, 512, 512, 512]","[1, 2, 4, 8]",5,2,gelu,True,True,"[True, True, True, True]",max,256,minmax,"[None, 0.05, 0.1, 0.1]",96,AdamW,,0.00015,1e-05,[0.68794326 2.1920904  0.91725768],0.02,1.0,0.10613,1.18863,0.52273,0.36471,"[0.62745, 0.0, 0.46667]",116,0.30799,1.12518,0.59091,0.55854,"[0.6, 0.42857, 0.64706]",74,COMPLETED,20.968

105,20260108_124434,baseline_CASIAB_TOP50.csv,50%,Preset_9,TCN,42,256,"[320, 448, 576, 448, 320]","[1, 2, 3, 4, 5]",9,2,mish,True,True,"[False, True, True, True, True]",max,256,minmax,"[0.0, 0.1, 0.1, 0.15, 0.2]",48,Adam,,3e-05,1e-05,[0.68794326 2.1920904  0.91725768],0.02,1.0,0.11309,1.72612,0.38636,0.28997,"[0.33333, 0.0, 0.53659]",75,0.1418,1.99079,0.38636,0.38515,"[0.33333, 0.38462, 0.4375]",68,COMPLETED,18.242
106,20260108_124434,baseline_OUMVLP_TOP50.csv,50%,Preset_9,TCN,42,256,"[320, 448, 576, 448, 320]","[1, 2, 3, 4, 5]",9,2,mish,True,True,"[False, True, True, True, True]",max,256,minmax,"[0.0, 0.1, 0.1, 0.15, 0.2]",48,Adam,,3e-05,1e-05,[0.68794326 2.1920904  0.91725768],0.02,1.0,0.11813,1.44653,0.47727,0.45,"[0.55, 0.3, 0.5]",119,0.1154,1.47667,0.59091,0.52077,"[0.69565, 0.33333, 0.53333]",115,COMPLETED,28.209
107,20260108_124434,gaitgl_GREW_BNNeck_TOP50.csv,50%,Preset_9,TCN,42,256,"[320, 448, 576, 448, 320]","[1, 2, 3, 4, 5]",9,2,mish,True,True,"[False, True, True, True, True]",max,256,minmax,"[0.0, 0.1, 0.1, 0.15, 0.2]",48,Adam,,3e-05,1e-05,[0.68794326 2.1920904  0.91725768],0.02,1.0,0.11724,1.70351,0.40909,0.39194,"[0.46154, 0.28571, 0.42857]",113,0.12061,1.77337,0.45455,0.43018,"[0.52381, 0.35294, 0.41379]",107,COMPLETED,30.811
108,20260108_124434,gaitgl_GREW_TOP50.csv,50%,Preset_9,TCN,42,256,"[320, 448, 576, 448, 320]","[1, 2, 3, 4, 5]",9,2,mish,True,True,"[False, True, True, True, True]",max,256,minmax,"[0.0, 0.1, 0.1, 0.15, 0.2]",48,Adam,,3e-05,1e-05,[0.68794326 2.1920904  0.91725768],0.02,1.0,0.11815,1.1868,0.5,0.45238,"[0.6, 0.4, 0.35714]",39,0.13227,1.04403,0.59091,0.57673,"[0.62222, 0.54545, 0.5625]",30,COMPLETED,10.659
109,20260108_124434,gaitgl_OUMVLP_TOP50.csv,50%,Preset_9,TCN,42,256,"[320, 448, 576, 448, 320]","[1, 2, 3, 4, 5]",9,2,mish,True,True,"[False, True, True, True, True]",max,256,minmax,"[0.0, 0.1, 0.1, 0.15, 0.2]",48,Adam,,3e-05,1e-05,[0.68794326 2.1920904  0.91725768],0.02,1.0,0.11077,1.43672,0.56818,0.45048,"[0.66667, 0.25, 0.43478]",141,0.18317,1.39362,0.54545,0.53053,"[0.63158, 0.32, 0.64]",108,COMPLETED,38.355
110,20260108_124434,gaitgl_TOP50.csv,50%,Preset_9,TCN,42,128,"[320, 448, 576, 448, 320]","[1, 2, 3, 4, 5]",9,2,mish,True,True,"[False, True, True, True, True]",max,256,minmax,"[0.0, 0.1, 0.1, 0.15, 0.2]",48,Adam,,3e-05,1e-05,[0.68794326 2.1920904  0.91725768],0.02,1.0,0.11635,1.25559,0.38636,0.3339,"[0.42105, 0.0, 0.58065]",42,0.16648,1.34461,0.47727,0.43389,"[0.48485, 0.22222, 0.59459]",30,COMPLETED,11.567
111,20260108_124434,gaitpart_GREW_TOP50.csv,50%,Preset_9,TCN,42,256,"[320, 448, 576, 448, 320]","[1, 2, 3, 4, 5]",9,2,mish,True,True,"[False, True, True, True, True]",max,256,minmax,"[0.0, 0.1, 0.1, 0.15, 0.2]",48,Adam,,3e-05,1e-05,[0.68794326 2.1920904  0.91725768],0.02,1.0,0.11491,1.37393,0.47727,0.47258,"[0.4375, 0.43478, 0.54545]",91,0.43515,1.08928,0.61364,0.5953,"[0.69767, 0.58824, 0.5]",32,COMPLETED,21.061
112,20260108_124434,gaitpart_OUMVLP_TOP50.csv,50%,Preset_9,TCN,42,256,"[320, 448, 576, 448, 320]","[1, 2, 3, 4, 5]",9,2,mish,True,True,"[False, True, True, True, True]",max,256,minmax,"[0.0, 0.1, 0.1, 0.15, 0.2]",48,Adam,,3e-05,1e-05,[0.68794326 2.1920904  0.91725768],0.02,1.0,0.11578,1.35903,0.59091,0.5362,"[0.69565, 0.35294, 0.56]",234,0.33017,1.11893,0.68182,0.63369,"[0.7027, 0.46154, 0.73684]",133,COMPLETED,54.072
113,20260108_124434,gaitset_GREW_TOP50.csv,50%,Preset_9,TCN,42,256,"[320, 448, 576, 448, 320]","[1, 2, 3, 4, 5]",9,2,mish,True,True,"[False, True, True, True, True]",max,256,minmax,"[0.0, 0.1, 0.1, 0.15, 0.2]",48,Adam,,3e-05,1e-05,[0.68794326 2.1920904  0.91725768],0.02,1.0,0.11766,1.56124,0.52273,0.41235,"[0.66667, 0.2, 0.37037]",89,0.1639,1.64966,0.56818,0.53222,"[0.5625, 0.4, 0.63415]",63,COMPLETED,25.289
114,20260108_124434,gaitset_OUMVLP_TOP50.csv,50%,Preset_9,TCN,42,256,"[320, 448, 576, 448, 320]","[1, 2, 3, 4, 5]",9,2,mish,True,True,"[False, True, True, True, True]",max,256,minmax,"[0.0, 0.1, 0.1, 0.15, 0.2]",48,Adam,,3e-05,1e-05,[0.68794326 2.1920904  0.91725768],0.02,1.0,0.10909,2.18331,0.47727,0.32978,"[0.64151, 0.0, 0.34783]",389,0.11708,1.60008,0.59091,0.47217,"[0.73469, 0.18182, 0.5]",357,COMPLETED,108.823
115,20260108_124434,gaitset_TOP50.csv,50%,Preset_9,TCN,42,256,"[320, 448, 576, 448, 320]","[1, 2, 3, 4, 5]",9,2,mish,True,True,"[False, True, True, True, True]",max,256,minmax,"[0.0, 0.1, 0.1, 0.15, 0.2]",48,Adam,,3e-05,1e-05,[0.68794326 2.1920904  0.91725768],0.02,1.0,0.1126,1.39616,0.43182,0.39564,"[0.5, 0.23529, 0.45161]",83,0.33313,1.2321,0.5,0.45455,"[0.58537, 0.30769, 0.47059]",49,COMPLETED,22.669
116,20260108_124434,gln_phase1_TOP50.csv,50%,Preset_9,TCN,42,256,"[320, 448, 576, 448, 320]","[1, 2, 3, 4, 5]",9,2,mish,True,True,"[False, True, True, True, True]",max,256,minmax,"[0.0, 0.1, 0.1, 0.15, 0.2]",48,Adam,,3e-05,1e-05,[0.68794326 2.1920904  0.91725768],0.02,1.0,0.11095,1.36904,0.5,0.36427,"[0.47059, 0.0, 0.62222]",114,0.65037,1.14145,0.54545,0.52635,"[0.52941, 0.42105, 0.62857]",62,COMPLETED,37.657
117,20260108_124434,gln_phase2_TOP50.csv,50%,Preset_9,TCN,42,256,"[320, 448, 576, 448, 320]","[1, 2, 3, 4, 5]",9,2,mish,True,True,"[False, True, True, True, True]",max,256,minmax,"[0.0, 0.1, 0.1, 0.15, 0.2]",48,Adam,,3e-05,1e-05,[0.68794326 2.1920904  0.91725768],0.02,1.0,0.10965,1.55646,0.43182,0.4125,"[0.5, 0.3, 0.4375]",113,0.29123,1.31204,0.65909,0.60399,"[0.68571, 0.44444, 0.68182]",78,COMPLETED,36.67

118,20260108_124434,baseline_CASIAB_TOP50.csv,50%,Preset_10,TCN,42,256,"[512, 512, 512, 1024]","[1, 2, 4, 6]",5,2,leakyrelu,True,True,"[True, True, True, True]",attention,512,L2,"[0.1, 0.1, 0.1, 0.1]",32,AdamW,,0.0001,1e-05,[0.68794326 2.1920904  0.91725768],0.02,1.0,0.1179,2.2996,0.36364,0.32037,"[0.35, 0.16667, 0.44444]",38,0.11946,2.06805,0.47727,0.41298,"[0.47619, 0.22222, 0.54054]",35,COMPLETED,12.308
119,20260108_124434,baseline_OUMVLP_TOP50.csv,50%,Preset_10,TCN,42,256,"[512, 512, 512, 1024]","[1, 2, 4, 6]",5,2,leakyrelu,True,True,"[True, True, True, True]",attention,512,L2,"[0.1, 0.1, 0.1, 0.1]",32,AdamW,,0.0001,1e-05,[0.68794326 2.1920904  0.91725768],0.02,1.0,0.10462,1.70145,0.54545,0.4578,"[0.5, 0.22222, 0.65116]",67,0.11016,1.53677,0.65909,0.55029,"[0.68293, 0.25, 0.71795]",65,COMPLETED,22.392
120,20260108_124434,gaitgl_GREW_BNNeck_TOP50.csv,50%,Preset_10,TCN,42,256,"[512, 512, 512, 1024]","[1, 2, 4, 6]",5,2,leakyrelu,True,True,"[True, True, True, True]",attention,512,L2,"[0.1, 0.1, 0.1, 0.1]",32,AdamW,,0.0001,1e-05,[0.68794326 2.1920904  0.91725768],0.02,1.0,0.10452,1.51349,0.56818,0.47973,"[0.65116, 0.14286, 0.64516]",47,0.13562,1.26088,0.63636,0.52579,"[0.73913, 0.25, 0.58824]",32,COMPLETED,18.299
121,20260108_124434,gaitgl_GREW_TOP50.csv,50%,Preset_10,TCN,42,256,"[512, 512, 512, 1024]","[1, 2, 4, 6]",5,2,leakyrelu,True,True,"[True, True, True, True]",attention,512,L2,"[0.1, 0.1, 0.1, 0.1]",32,AdamW,,0.0001,1e-05,[0.68794326 2.1920904  0.91725768],0.02,1.0,0.10857,1.32423,0.47727,0.42379,"[0.59091, 0.26667, 0.41379]",17,0.11278,1.2921,0.54545,0.48087,"[0.65217, 0.30769, 0.48276]",13,COMPLETED,6.705
122,20260108_124434,gaitgl_OUMVLP_TOP50.csv,50%,Preset_10,TCN,42,256,"[512, 512, 512, 1024]","[1, 2, 4, 6]",5,2,leakyrelu,True,True,"[True, True, True, True]",attention,512,L2,"[0.1, 0.1, 0.1, 0.1]",32,AdamW,,0.0001,1e-05,[0.68794326 2.1920904  0.91725768],0.02,1.0,0.11394,1.96751,0.45455,0.387,"[0.55, 0.15385, 0.45714]",53,0.11598,2.00377,0.54545,0.49104,"[0.68085, 0.44444, 0.34783]",51,COMPLETED,20.33
123,20260108_124434,gaitgl_TOP50.csv,50%,Preset_10,TCN,42,128,"[512, 512, 512, 1024]","[1, 2, 4, 6]",5,2,leakyrelu,True,True,"[True, True, True, True]",attention,512,L2,"[0.1, 0.1, 0.1, 0.1]",32,AdamW,,0.0001,1e-05,[0.68794326 2.1920904  0.91725768],0.02,1.0,0.10423,2.026,0.40909,0.34014,"[0.52174, 0.15385, 0.34483]",21,0.24653,1.44875,0.52273,0.43865,"[0.63415, 0.18182, 0.5]",11,COMPLETED,7.729
124,20260108_124434,gaitpart_GREW_TOP50.csv,50%,Preset_10,TCN,42,256,"[512, 512, 512, 1024]","[1, 2, 4, 6]",5,2,leakyrelu,True,True,"[True, True, True, True]",attention,512,L2,"[0.1, 0.1, 0.1, 0.1]",32,AdamW,,0.0001,1e-05,[0.68794326 2.1920904  0.91725768],0.02,1.0,0.10874,1.78915,0.40909,0.31364,"[0.6, 0.25, 0.09091]",56,0.13559,1.63932,0.54545,0.48269,"[0.64, 0.36364, 0.44444]",45,COMPLETED,18.547
125,20260108_124434,gaitpart_OUMVLP_TOP50.csv,50%,Preset_10,TCN,42,256,"[512, 512, 512, 1024]","[1, 2, 4, 6]",5,2,leakyrelu,True,True,"[True, True, True, True]",attention,512,L2,"[0.1, 0.1, 0.1, 0.1]",32,AdamW,,0.0001,1e-05,[0.68794326 2.1920904  0.91725768],0.02,1.0,0.11675,1.50039,0.63636,0.61313,"[0.7, 0.53333, 0.60606]",180,0.12171,1.38113,0.65909,0.64967,"[0.71795, 0.625, 0.60606]",136,COMPLETED,57.93
126,20260108_124434,gaitset_GREW_TOP50.csv,50%,Preset_10,TCN,42,256,"[512, 512, 512, 1024]","[1, 2, 4, 6]",5,2,leakyrelu,True,True,"[True, True, True, True]",attention,512,L2,"[0.1, 0.1, 0.1, 0.1]",32,AdamW,,0.0001,1e-05,[0.68794326 2.1920904  0.91725768],0.02,1.0,0.10196,2.47734,0.36364,0.31548,"[0.42857, 0.14286, 0.375]",57,0.65526,1.77195,0.47727,0.39173,"[0.60377, 0.28571, 0.28571]",30,COMPLETED,21.142
127,20260108_124434,gaitset_OUMVLP_TOP50.csv,50%,Preset_10,TCN,42,256,"[512, 512, 512, 1024]","[1, 2, 4, 6]",5,2,leakyrelu,True,True,"[True, True, True, True]",attention,512,L2,"[0.1, 0.1, 0.1, 0.1]",32,AdamW,,0.0001,1e-05,[0.68794326 2.1920904  0.91725768],0.02,1.0,0.11037,1.62653,0.54545,0.49503,"[0.66667, 0.47059, 0.34783]",98,0.11358,1.57487,0.59091,0.54265,"[0.68085, 0.42857, 0.51852]",95,COMPLETED,36.069
128,20260108_124434,gaitset_TOP50.csv,50%,Preset_10,TCN,42,256,"[512, 512, 512, 1024]","[1, 2, 4, 6]",5,2,leakyrelu,True,True,"[True, True, True, True]",attention,512,L2,"[0.1, 0.1, 0.1, 0.1]",32,AdamW,,0.0001,1e-05,[0.68794326 2.1920904  0.91725768],0.02,1.0,0.10676,2.06632,0.47727,0.38611,"[0.625, 0.2, 0.33333]",47,0.12514,2.13908,0.54545,0.42564,"[0.69231, 0.2, 0.38462]",33,COMPLETED,17.0
129,20260108_124434,gln_phase1_TOP50.csv,50%,Preset_10,TCN,42,256,"[512, 512, 512, 1024]","[1, 2, 4, 6]",5,2,leakyrelu,True,True,"[True, True, True, True]",attention,512,L2,"[0.1, 0.1, 0.1, 0.1]",32,AdamW,,0.0001,1e-05,[0.68794326 2.1920904  0.91725768],0.02,1.0,0.10373,1.57766,0.52273,0.47084,"[0.63158, 0.26667, 0.51429]",60,0.10519,1.54698,0.59091,0.56014,"[0.69767, 0.5, 0.48276]",57,COMPLETED,24.156
130,20260108_124434,gln_phase2_TOP50.csv,50%,Preset_10,TCN,42,256,"[512, 512, 512, 1024]","[1, 2, 4, 6]",5,2,leakyrelu,True,True,"[True, True, True, True]",attention,512,L2,"[0.1, 0.1, 0.1, 0.1]",32,AdamW,,0.0001,1e-05,[0.68794326 2.1920904  0.91725768],0.02,1.0,0.10726,1.52123,0.47727,0.45004,"[0.48649, 0.36364, 0.5]",37,0.24015,1.39512,0.59091,0.58386,"[0.61538, 0.55556, 0.58065]",23,COMPLETED,15.003

131,20260108_124434,baseline_CASIAB_TOP50.csv,50%,Preset_11,TCN,42,256,"[640, 448]","[3, 6]",3,2,hardswish,True,True,"[True, True]",mean,384,minmax,"[0.1, 0.1]",32,AdamW,,0.0001,0.0,[0.68794326 2.1920904  0.91725768],0.02,1.0,0.11046,1.85328,0.36364,0.33668,"[0.4878, 0.3, 0.22222]",119,0.40981,1.4493,0.5,0.47939,"[0.42424, 0.42857, 0.58537]",81,COMPLETED,20.618
132,20260108_124434,baseline_OUMVLP_TOP50.csv,50%,Preset_11,TCN,42,256,"[640, 448]","[3, 6]",3,2,hardswish,True,True,"[True, True]",mean,384,minmax,"[0.1, 0.1]",32,AdamW,,0.0001,0.0,[0.68794326 2.1920904  0.91725768],0.02,1.0,0.11403,1.74606,0.40909,0.35185,"[0.38889, 0.15385, 0.51282]",116,0.28229,1.32885,0.56818,0.48401,"[0.59091, 0.25, 0.61111]",81,COMPLETED,20.578
133,20260108_124434,gaitgl_GREW_BNNeck_TOP50.csv,50%,Preset_11,TCN,42,256,"[640, 448]","[3, 6]",3,2,hardswish,True,True,"[True, True]",mean,384,minmax,"[0.1, 0.1]",32,AdamW,,0.0001,0.0,[0.68794326 2.1920904  0.91725768],0.02,1.0,0.11436,2.08001,0.38636,0.35367,"[0.43243, 0.09524, 0.53333]",334,0.15822,2.62976,0.45455,0.40994,"[0.58537, 0.2, 0.44444]",304,COMPLETED,61.535
134,20260108_124434,gaitgl_GREW_TOP50.csv,50%,Preset_11,TCN,42,256,"[640, 448]","[3, 6]",3,2,hardswish,True,True,"[True, True]",mean,384,minmax,"[0.1, 0.1]",32,AdamW,,0.0001,0.0,[0.68794326 2.1920904  0.91725768],0.02,1.0,0.1113,1.32744,0.47727,0.43565,"[0.45714, 0.28571, 0.5641]",100,0.11007,1.36046,0.52273,0.47424,"[0.55, 0.26667, 0.60606]",98,COMPLETED,18.31
135,20260108_124434,gaitgl_OUMVLP_TOP50.csv,50%,Preset_11,TCN,42,256,"[640, 448]","[3, 6]",3,2,hardswish,True,True,"[True, True]",mean,384,minmax,"[0.1, 0.1]",32,AdamW,,0.0001,0.0,[0.68794326 2.1920904  0.91725768],0.02,1.0,0.10889,1.69856,0.45455,0.41706,"[0.48649, 0.23529, 0.52941]",203,0.11055,1.63044,0.54545,0.52206,"[0.60465, 0.46154, 0.5]",202,COMPLETED,36.962
136,20260108_124434,gaitgl_TOP50.csv,50%,Preset_11,TCN,42,128,"[640, 448]","[3, 6]",3,2,hardswish,True,True,"[True, True]",mean,384,minmax,"[0.1, 0.1]",32,AdamW,,0.0001,0.0,[0.68794326 2.1920904  0.91725768],0.02,1.0,0.1072,1.29685,0.45455,0.32639,"[0.54167, 0.0, 0.4375]",91,0.10935,1.3509,0.54545,0.50274,"[0.55, 0.36364, 0.59459]",89,COMPLETED,15.734
137,20260108_124434,gaitpart_GREW_TOP50.csv,50%,Preset_11,TCN,42,256,"[640, 448]","[3, 6]",3,2,hardswish,True,True,"[True, True]",mean,384,minmax,"[0.1, 0.1]",32,AdamW,,0.0001,0.0,[0.68794326 2.1920904  0.91725768],0.02,1.0,0.11196,1.51635,0.45455,0.44482,"[0.3871, 0.42105, 0.52632]",94,0.52031,1.06647,0.56818,0.56809,"[0.62222, 0.61538, 0.46667]",50,COMPLETED,14.239
138,20260108_124434,gaitpart_OUMVLP_TOP50.csv,50%,Preset_11,TCN,42,256,"[640, 448]","[3, 6]",3,2,hardswish,True,True,"[True, True]",mean,384,minmax,"[0.1, 0.1]",32,AdamW,,0.0001,0.0,[0.68794326 2.1920904  0.91725768],0.02,1.0,0.11505,1.44633,0.47727,0.46508,"[0.51429, 0.38095, 0.5]",280,0.12605,1.19256,0.63636,0.57971,"[0.73913, 0.42857, 0.57143]",244,COMPLETED,41.634
139,20260108_124434,gaitset_GREW_TOP50.csv,50%,Preset_11,TCN,42,256,"[640, 448]","[3, 6]",3,2,hardswish,True,True,"[True, True]",mean,384,minmax,"[0.1, 0.1]",32,AdamW,,0.0001,0.0,[0.68794326 2.1920904  0.91725768],0.02,1.0,0.10957,1.69614,0.40909,0.35366,"[0.45, 0.15385, 0.45714]",139,0.1517,1.86945,0.52273,0.43834,"[0.62222, 0.22222, 0.47059]",128,COMPLETED,22.402
140,20260108_124434,gaitset_OUMVLP_TOP50.csv,50%,Preset_11,TCN,42,256,"[640, 448]","[3, 6]",3,2,hardswish,True,True,"[True, True]",mean,384,minmax,"[0.1, 0.1]",32,AdamW,,0.0001,0.0,[0.68794326 2.1920904  0.91725768],0.02,1.0,0.11176,1.80448,0.47727,0.37179,"[0.61538, 0.0, 0.5]",463,0.11678,2.10548,0.54545,0.51236,"[0.62857, 0.35294, 0.55556]",418,COMPLETED,74.447
141,20260108_124434,gaitset_TOP50.csv,50%,Preset_11,TCN,42,256,"[640, 448]","[3, 6]",3,2,hardswish,True,True,"[True, True]",mean,384,minmax,"[0.1, 0.1]",32,AdamW,,0.0001,0.0,[0.68794326 2.1920904  0.91725768],0.02,1.0,0.10993,1.61304,0.47727,0.34114,"[0.65306, 0.0, 0.37037]",120,0.70859,1.38089,0.47727,0.40362,"[0.625, 0.22222, 0.36364]",81,COMPLETED,19.579
142,20260108_124434,gln_phase1_TOP50.csv,50%,Preset_11,TCN,42,256,"[640, 448]","[3, 6]",3,2,hardswish,True,True,"[True, True]",mean,384,minmax,"[0.1, 0.1]",32,AdamW,,0.0001,0.0,[0.68794326 2.1920904  0.91725768],0.02,1.0,0.11173,1.35101,0.54545,0.47912,"[0.65217, 0.26667, 0.51852]",263,0.12887,1.49546,0.61364,0.54489,"[0.68182, 0.30769, 0.64516]",252,COMPLETED,45.516
143,20260108_124434,gln_phase2_TOP50.csv,50%,Preset_11,TCN,42,256,"[640, 448]","[3, 6]",3,2,hardswish,True,True,"[True, True]",mean,384,minmax,"[0.1, 0.1]",32,AdamW,,0.0001,0.0,[0.68794326 2.1920904  0.91725768],0.02,1.0,0.11304,1.75625,0.38636,0.32569,"[0.51163, 0.14286, 0.32258]",248,0.30735,1.65228,0.47727,0.44525,"[0.59091, 0.4, 0.34483]",206,COMPLETED,42.312

144,20260108_124434,baseline_CASIAB_TOP50.csv,50%,Preset_12,TCN,42,256,"[448, 448, 448, 448]","[1, 2, 4, 8]",3,2,gelu,True,True,"[True, True, True, True]",mean,320,L2,"[0.1, 0.1, 0.1, 0.1]",40,AdamW,,2e-05,1e-05,[0.68794326 2.1920904  0.91725768],0.02,1.0,0.11878,1.70957,0.56818,0.46,"[0.68, 0.2, 0.5]",224,0.63974,1.10952,0.54545,0.532,"[0.61111, 0.47059, 0.51429]",74,COMPLETED,37.606
145,20260108_124434,baseline_OUMVLP_TOP50.csv,50%,Preset_12,TCN,42,256,"[448, 448, 448, 448]","[1, 2, 4, 8]",3,2,gelu,True,True,"[True, True, True, True]",mean,320,L2,"[0.1, 0.1, 0.1, 0.1]",40,AdamW,,2e-05,1e-05,[0.68794326 2.1920904  0.91725768],0.02,1.0,0.11942,2.10335,0.38636,0.29279,"[0.37838, 0.0, 0.5]",334,0.40858,1.46115,0.59091,0.49091,"[0.66667, 0.2, 0.60606]",150,COMPLETED,55.653
146,20260108_124434,gaitgl_GREW_BNNeck_TOP50.csv,50%,Preset_12,TCN,42,256,"[448, 448, 448, 448]","[1, 2, 4, 8]",3,2,gelu,True,True,"[True, True, True, True]",mean,320,L2,"[0.1, 0.1, 0.1, 0.1]",40,AdamW,,2e-05,1e-05,[0.68794326 2.1920904  0.91725768],0.02,1.0,0.11443,2.32456,0.36364,0.34122,"[0.38889, 0.21053, 0.42424]",212,0.16027,2.38943,0.45455,0.41667,"[0.55, 0.2, 0.5]",182,COMPLETED,36.31
147,20260108_124434,gaitgl_GREW_TOP50.csv,50%,Preset_12,TCN,42,256,"[448, 448, 448, 448]","[1, 2, 4, 8]",3,2,gelu,True,True,"[True, True, True, True]",mean,320,L2,"[0.1, 0.1, 0.1, 0.1]",40,AdamW,,2e-05,1e-05,[0.68794326 2.1920904  0.91725768],0.02,1.0,0.11423,1.58273,0.5,0.33571,"[0.60714, 0.0, 0.4]",131,0.51984,1.14299,0.52273,0.46748,"[0.625, 0.36364, 0.41379]",63,COMPLETED,22.399
148,20260108_124434,gaitgl_OUMVLP_TOP50.csv,50%,Preset_12,TCN,42,256,"[448, 448, 448, 448]","[1, 2, 4, 8]",3,2,gelu,True,True,"[True, True, True, True]",mean,320,L2,"[0.1, 0.1, 0.1, 0.1]",40,AdamW,,2e-05,1e-05,[0.68794326 2.1920904  0.91725768],0.02,1.0,0.11451,1.58321,0.5,0.45271,"[0.55814, 0.26667, 0.53333]",344,0.11733,1.67081,0.56818,0.52559,"[0.6383, 0.4, 0.53846]",343,COMPLETED,58.32
149,20260108_124434,gaitgl_TOP50.csv,50%,Preset_12,TCN,42,128,"[448, 448, 448, 448]","[1, 2, 4, 8]",3,2,gelu,True,True,"[True, True, True, True]",mean,320,L2,"[0.1, 0.1, 0.1, 0.1]",40,AdamW,,2e-05,1e-05,[0.68794326 2.1920904  0.91725768],0.02,1.0,0.11655,1.55311,0.52273,0.40465,"[0.58537, 0.0, 0.62857]",122,0.53533,1.15998,0.54545,0.45946,"[0.61224, 0.25, 0.51613]",62,COMPLETED,19.956
150,20260108_124434,gaitpart_GREW_TOP50.csv,50%,Preset_12,TCN,42,256,"[448, 448, 448, 448]","[1, 2, 4, 8]",3,2,gelu,True,True,"[True, True, True, True]",mean,320,L2,"[0.1, 0.1, 0.1, 0.1]",40,AdamW,,2e-05,1e-05,[0.68794326 2.1920904  0.91725768],0.02,1.0,0.11453,1.72181,0.54545,0.5291,"[0.57143, 0.44444, 0.57143]",313,0.26667,1.28188,0.63636,0.62283,"[0.65, 0.57143, 0.64706]",160,COMPLETED,53.331
151,20260108_124434,gaitpart_OUMVLP_TOP50.csv,50%,Preset_12,TCN,42,256,"[448, 448, 448, 448]","[1, 2, 4, 8]",3,2,gelu,True,True,"[True, True, True, True]",mean,320,L2,"[0.1, 0.1, 0.1, 0.1]",40,AdamW,,2e-05,1e-05,[0.68794326 2.1920904  0.91725768],0.02,1.0,0.11864,2.12986,0.59091,0.56701,"[0.63158, 0.44444, 0.625]",952,0.34313,1.35319,0.63636,0.61622,"[0.64865, 0.53333, 0.66667]",451,COMPLETED,180.721
152,20260108_124434,gaitset_GREW_TOP50.csv,50%,Preset_12,TCN,42,256,"[448, 448, 448, 448]","[1, 2, 4, 8]",3,2,gelu,True,True,"[True, True, True, True]",mean,320,L2,"[0.1, 0.1, 0.1, 0.1]",40,AdamW,,2e-05,1e-05,[0.68794326 2.1920904  0.91725768],0.02,1.0,0.10932,1.93799,0.45455,0.40689,"[0.58537, 0.23529, 0.4]",264,0.61739,1.35301,0.5,0.49853,"[0.48276, 0.5, 0.51282]",82,COMPLETED,59.041
153,20260108_124434,gaitset_OUMVLP_TOP50.csv,50%,Preset_12,TCN,42,256,"[448, 448, 448, 448]","[1, 2, 4, 8]",3,2,gelu,True,True,"[True, True, True, True]",mean,320,L2,"[0.1, 0.1, 0.1, 0.1]",40,AdamW,,2e-05,1e-05,[0.68794326 2.1920904  0.91725768],0.02,1.0,0.11881,2.04129,0.43182,0.3643,"[0.55814, 0.18182, 0.35294]",854,0.15659,2.85792,0.5,0.48692,"[0.5641, 0.48, 0.41667]",652,COMPLETED,191.25
154,20260108_124434,gaitset_TOP50.csv,50%,Preset_12,TCN,42,256,"[448, 448, 448, 448]","[1, 2, 4, 8]",3,2,gelu,True,True,"[True, True, True, True]",mean,320,L2,"[0.1, 0.1, 0.1, 0.1]",40,AdamW,,2e-05,1e-05,[0.68794326 2.1920904  0.91725768],0.02,1.0,0.11674,2.79067,0.31818,0.26691,"[0.47619, 0.11765, 0.2069]",195,0.17419,2.43952,0.40909,0.35149,"[0.4878, 0.16667, 0.4]",148,COMPLETED,43.55
155,20260108_124434,gln_phase1_TOP50.csv,50%,Preset_12,TCN,42,256,"[448, 448, 448, 448]","[1, 2, 4, 8]",3,2,gelu,True,True,"[True, True, True, True]",mean,320,L2,"[0.1, 0.1, 0.1, 0.1]",40,AdamW,,2e-05,1e-05,[0.68794326 2.1920904  0.91725768],0.02,1.0,0.11547,1.8568,0.47727,0.44306,"[0.41379, 0.3, 0.61538]",255,0.47879,1.13934,0.59091,0.55556,"[0.66667, 0.5, 0.5]",104,COMPLETED,66.165
156,20260108_124434,gln_phase2_TOP50.csv,50%,Preset_12,TCN,42,256,"[448, 448, 448, 448]","[1, 2, 4, 8]",3,2,gelu,True,True,"[True, True, True, True]",mean,320,L2,"[0.1, 0.1, 0.1, 0.1]",40,AdamW,,2e-05,1e-05,[0.68794326 2.1920904  0.91725768],0.02,1.0,0.11612,1.60789,0.45455,0.4123,"[0.55, 0.23529, 0.45161]",243,0.7239,0.98889,0.59091,0.52931,"[0.64865, 0.30769, 0.63158]",69,COMPLETED,63.603

157,20260108_124434,baseline_CASIAB_TOP50.csv,50%,Preset_13,TCN,42,256,"[192, 256, 320, 384, 448]","[1, 2, 3, 4, 5]",3,3,silu,True,True,"[True, True, True, True, True]",attention,256,L2,"[0.2, 0.2, 0.2, 0.2, 0.2]",56,AdamW,,2e-05,1e-05,[0.68794326 2.1920904  0.91725768],0.02,1.0,0.11209,2.18197,0.43182,0.42221,"[0.42105, 0.375, 0.47059]",138,0.45385,1.28216,0.5,0.47939,"[0.42424, 0.42857, 0.58537]",58,COMPLETED,28.911
158,20260108_124434,baseline_OUMVLP_TOP50.csv,50%,Preset_13,TCN,42,256,"[192, 256, 320, 384, 448]","[1, 2, 3, 4, 5]",3,3,silu,True,True,"[True, True, True, True, True]",attention,256,L2,"[0.2, 0.2, 0.2, 0.2, 0.2]",56,AdamW,,2e-05,1e-05,[0.68794326 2.1920904  0.91725768],0.02,1.0,0.11286,1.96491,0.43182,0.32341,"[0.54167, 0.0, 0.42857]",160,0.23465,1.60534,0.5,0.45271,"[0.55814, 0.26667, 0.53333]",103,COMPLETED,32.725
159,20260108_124434,gaitgl_GREW_BNNeck_TOP50.csv,50%,Preset_13,TCN,42,256,"[192, 256, 320, 384, 448]","[1, 2, 3, 4, 5]",3,3,silu,True,True,"[True, True, True, True, True]",attention,256,L2,"[0.2, 0.2, 0.2, 0.2, 0.2]",56,AdamW,,2e-05,1e-05,[0.68794326 2.1920904  0.91725768],0.02,1.0,0.11489,2.47031,0.34091,0.25718,"[0.4186, 0.0, 0.35294]",107,0.22682,1.92734,0.36364,0.27287,"[0.4186, 0.0, 0.4]",73,COMPLETED,22.46
160,20260108_124434,gaitgl_GREW_TOP50.csv,50%,Preset_13,TCN,42,256,"[192, 256, 320, 384, 448]","[1, 2, 3, 4, 5]",3,3,silu,True,True,"[True, True, True, True, True]",attention,256,L2,"[0.2, 0.2, 0.2, 0.2, 0.2]",56,AdamW,,2e-05,1e-05,[0.68794326 2.1920904  0.91725768],0.02,1.0,0.11519,2.24519,0.36364,0.25026,"[0.52, 0.0, 0.23077]",69,0.55552,1.24396,0.38636,0.36289,"[0.51282, 0.3, 0.27586]",32,COMPLETED,13.942
161,20260108_124434,gaitgl_OUMVLP_TOP50.csv,50%,Preset_13,TCN,42,256,"[192, 256, 320, 384, 448]","[1, 2, 3, 4, 5]",3,3,silu,True,True,"[True, True, True, True, True]",attention,256,L2,"[0.2, 0.2, 0.2, 0.2, 0.2]",56,AdamW,,2e-05,1e-05,[0.68794326 2.1920904  0.91725768],0.02,1.0,0.1175,1.87217,0.34091,0.23143,"[0.48, 0.0, 0.21429]",136,0.32904,1.4468,0.5,0.4205,"[0.59091, 0.2, 0.47059]",74,COMPLETED,26.66
162,20260108_124434,gaitgl_TOP50.csv,50%,Preset_13,TCN,42,128,"[192, 256, 320, 384, 448]","[1, 2, 3, 4, 5]",3,3,silu,True,True,"[True, True, True, True, True]",attention,256,L2,"[0.2, 0.2, 0.2, 0.2, 0.2]",56,AdamW,,2e-05,1e-05,[0.68794326 2.1920904  0.91725768],0.02,1.0,0.1139,1.87302,0.52273,0.43865,"[0.63415, 0.18182, 0.5]",63,0.15372,1.59171,0.54545,0.45426,"[0.66667, 0.18182, 0.51429]",52,COMPLETED,12.029
163,20260108_124434,gaitpart_GREW_TOP50.csv,50%,Preset_13,TCN,42,256,"[192, 256, 320, 384, 448]","[1, 2, 3, 4, 5]",3,3,silu,True,True,"[True, True, True, True, True]",attention,256,L2,"[0.2, 0.2, 0.2, 0.2, 0.2]",56,AdamW,,2e-05,1e-05,[0.68794326 2.1920904  0.91725768],0.02,1.0,0.11368,2.23728,0.38636,0.35535,"[0.45455, 0.26667, 0.34483]",174,0.13028,2.28516,0.47727,0.45322,"[0.52632, 0.33333, 0.5]",149,COMPLETED,33.054
164,20260108_124434,gaitpart_OUMVLP_TOP50.csv,50%,Preset_13,TCN,42,256,"[192, 256, 320, 384, 448]","[1, 2, 3, 4, 5]",3,3,silu,True,True,"[True, True, True, True, True]",attention,256,L2,"[0.2, 0.2, 0.2, 0.2, 0.2]",56,AdamW,,2e-05,1e-05,[0.68794326 2.1920904  0.91725768],0.02,1.0,0.11984,1.45844,0.5,0.47828,"[0.55, 0.4, 0.48485]",656,0.19089,1.36926,0.63636,0.61496,"[0.68085, 0.57143, 0.59259]",421,COMPLETED,124.414
165,20260108_124434,gaitset_GREW_TOP50.csv,50%,Preset_13,TCN,42,256,"[192, 256, 320, 384, 448]","[1, 2, 3, 4, 5]",3,3,silu,True,True,"[True, True, True, True, True]",attention,256,L2,"[0.2, 0.2, 0.2, 0.2, 0.2]",56,AdamW,,2e-05,1e-05,[0.68794326 2.1920904  0.91725768],0.02,1.0,0.11337,2.46204,0.43182,0.28086,"[0.59259, 0.0, 0.25]",121,0.11624,2.4658,0.45455,0.35937,"[0.6, 0.18182, 0.2963]",120,COMPLETED,25.098
166,20260108_124434,gaitset_OUMVLP_TOP50.csv,50%,Preset_13,TCN,42,256,"[192, 256, 320, 384, 448]","[1, 2, 3, 4, 5]",3,3,silu,True,True,"[True, True, True, True, True]",attention,256,L2,"[0.2, 0.2, 0.2, 0.2, 0.2]",56,AdamW,,2e-05,1e-05,[0.68794326 2.1920904  0.91725768],0.02,1.0,0.11703,1.56591,0.45455,0.38057,"[0.53061, 0.16667, 0.44444]",325,0.45364,1.14418,0.54545,0.53383,"[0.58537, 0.5, 0.51613]",130,COMPLETED,68.525
167,20260108_124434,gaitset_TOP50.csv,50%,Preset_13,TCN,42,256,"[192, 256, 320, 384, 448]","[1, 2, 3, 4, 5]",3,3,silu,True,True,"[True, True, True, True, True]",attention,256,L2,"[0.2, 0.2, 0.2, 0.2, 0.2]",56,AdamW,,2e-05,1e-05,[0.68794326 2.1920904  0.91725768],0.02,1.0,0.11377,2.11944,0.40909,0.35154,"[0.47619, 0.16667, 0.41176]",102,0.69751,1.17592,0.40909,0.39181,"[0.42105, 0.33333, 0.42105]",32,COMPLETED,20.142
168,20260108_124434,gln_phase1_TOP50.csv,50%,Preset_13,TCN,42,256,"[192, 256, 320, 384, 448]","[1, 2, 3, 4, 5]",3,3,silu,True,True,"[True, True, True, True, True]",attention,256,L2,"[0.2, 0.2, 0.2, 0.2, 0.2]",56,AdamW,,2e-05,1e-05,[0.68794326 2.1920904  0.91725768],0.02,1.0,0.11063,1.90462,0.47727,0.39202,"[0.62222, 0.15385, 0.4]",133,0.55012,1.1923,0.5,0.47828,"[0.55, 0.4, 0.48485]",53,COMPLETED,27.65
169,20260108_124434,gln_phase2_TOP50.csv,50%,Preset_13,TCN,42,256,"[192, 256, 320, 384, 448]","[1, 2, 3, 4, 5]",3,3,silu,True,True,"[True, True, True, True, True]",attention,256,L2,"[0.2, 0.2, 0.2, 0.2, 0.2]",56,AdamW,,2e-05,1e-05,[0.68794326 2.1920904  0.91725768],0.02,1.0,0.10906,1.99507,0.45455,0.34553,"[0.53659, 0.0, 0.5]",100,0.16318,1.72597,0.5,0.42509,"[0.57143, 0.15385, 0.55]",76,COMPLETED,20.369

170,20260108_124434,baseline_CASIAB_TOP50.csv,50%,Preset_14,TCN,42,256,[384],[7],7,1,silu,True,True,[True],mean,256,L2,[0.05],64,AdamW,,5e-05,1e-06,[0.68794326 2.1920904  0.91725768],0.02,1.0,0.11718,2.09531,0.45455,0.33493,"[0.55319, 0.0, 0.45161]",270,0.60989,1.16758,0.5,0.45861,"[0.58537, 0.33333, 0.45714]",94,COMPLETED,15.023
171,20260108_124434,baseline_OUMVLP_TOP50.csv,50%,Preset_14,TCN,42,256,[384],[7],7,1,silu,True,True,[True],mean,256,L2,[0.05],64,AdamW,,5e-05,1e-06,[0.68794326 2.1920904  0.91725768],0.02,1.0,0.11681,1.72449,0.47727,0.41799,"[0.51429, 0.11111, 0.62857]",381,0.17559,1.48077,0.61364,0.51251,"[0.66667, 0.22222, 0.64865]",309,COMPLETED,21.331
172,20260108_124434,gaitgl_GREW_BNNeck_TOP50.csv,50%,Preset_14,TCN,42,256,[384],[7],7,1,silu,True,True,[True],mean,256,L2,[0.05],64,AdamW,,5e-05,1e-06,[0.68794326 2.1920904  0.91725768],0.02,1.0,0.11451,1.89424,0.45455,0.41714,"[0.5, 0.23529, 0.51613]",305,0.71904,1.12408,0.47727,0.45789,"[0.47368, 0.3, 0.6]",78,COMPLETED,18.3
173,20260108_124434,gaitgl_GREW_TOP50.csv,50%,Preset_14,TCN,42,256,[384],[7],7,1,silu,True,True,[True],mean,256,L2,[0.05],64,AdamW,,5e-05,1e-06,[0.68794326 2.1920904  0.91725768],0.02,1.0,0.11675,1.5469,0.38636,0.35185,"[0.47619, 0.22222, 0.35714]",195,0.65304,1.05808,0.47727,0.40606,"[0.53333, 0.2, 0.48485]",69,COMPLETED,11.838
174,20260108_124434,gaitgl_OUMVLP_TOP50.csv,50%,Preset_14,TCN,42,256,[384],[7],7,1,silu,True,True,[True],mean,256,L2,[0.05],64,AdamW,,5e-05,1e-06,[0.68794326 2.1920904  0.91725768],0.02,1.0,0.11645,1.67654,0.43182,0.39853,"[0.51282, 0.2, 0.48276]",557,0.23915,1.39887,0.56818,0.47682,"[0.64865, 0.18182, 0.6]",328,COMPLETED,33.382
175,20260108_124434,gaitgl_TOP50.csv,50%,Preset_14,TCN,42,128,[384],[7],7,1,silu,True,True,[True],mean,256,L2,[0.05],64,AdamW,,5e-05,1e-06,[0.68794326 2.1920904  0.91725768],0.02,1.0,0.11853,1.47731,0.47727,0.4016,"[0.55319, 0.2, 0.45161]",209,0.3416,1.25128,0.52273,0.50855,"[0.5641, 0.46154, 0.5]",121,COMPLETED,11.065
176,20260108_124434,gaitpart_GREW_TOP50.csv,50%,Preset_14,TCN,42,256,[384],[7],7,1,silu,True,True,[True],mean,256,L2,[0.05],64,AdamW,,5e-05,1e-06,[0.68794326 2.1920904  0.91725768],0.02,1.0,0.11787,1.54239,0.61364,0.56603,"[0.7, 0.35294, 0.64516]",359,0.28918,1.16482,0.65909,0.58457,"[0.7234, 0.36364, 0.66667]",217,COMPLETED,18.252
177,20260108_124434,gaitpart_OUMVLP_TOP50.csv,50%,Preset_14,TCN,42,256,[384],[7],7,1,silu,True,True,[True],mean,256,L2,[0.05],64,AdamW,,5e-05,1e-06,[0.68794326 2.1920904  0.91725768],0.02,1.0,0.11641,1.40483,0.59091,0.54583,"[0.7, 0.375, 0.5625]",967,0.31264,1.11205,0.70455,0.66162,"[0.77273, 0.54545, 0.66667]",509,COMPLETED,48.355
178,20260108_124434,gaitset_GREW_TOP50.csv,50%,Preset_14,TCN,42,256,[384],[7],7,1,silu,True,True,[True],mean,256,L2,[0.05],64,AdamW,,5e-05,1e-06,[0.68794326 2.1920904  0.91725768],0.02,1.0,0.11918,1.80405,0.45455,0.39972,"[0.61905, 0.23529, 0.34483]",353,0.29777,1.38192,0.54545,0.45425,"[0.66667, 0.16667, 0.52941]",195,COMPLETED,20.25
179,20260108_124434,gaitset_OUMVLP_TOP50.csv,50%,Preset_14,TCN,42,256,[384],[7],7,1,silu,True,True,[True],mean,256,L2,[0.05],64,AdamW,,5e-05,1e-06,[0.68794326 2.1920904  0.91725768],0.02,1.0,0.11836,2.04564,0.43182,0.39531,"[0.53659, 0.28571, 0.36364]",1227,0.55085,1.39011,0.54545,0.48955,"[0.65385, 0.44444, 0.37037]",353,COMPLETED,70.026
180,20260108_124434,gaitset_TOP50.csv,50%,Preset_14,TCN,42,256,[384],[7],7,1,silu,True,True,[True],mean,256,L2,[0.05],64,AdamW,,5e-05,1e-06,[0.68794326 2.1920904  0.91725768],0.02,1.0,0.11784,2.16049,0.34091,0.29583,"[0.45, 0.125, 0.3125]",327,0.2342,1.79814,0.43182,0.37037,"[0.51282, 0.15385, 0.44444]",220,COMPLETED,18.57
181,20260108_124434,gln_phase1_TOP50.csv,50%,Preset_14,TCN,42,256,[384],[7],7,1,silu,True,True,[True],mean,256,L2,[0.05],64,AdamW,,5e-05,1e-06,[0.68794326 2.1920904  0.91725768],0.02,1.0,0.11692,1.47092,0.54545,0.48406,"[0.65217, 0.33333, 0.46667]",401,0.52131,0.9997,0.61364,0.58059,"[0.63158, 0.46154, 0.64865]",150,COMPLETED,26.015
182,20260108_124434,gln_phase2_TOP50.csv,50%,Preset_14,TCN,42,256,[384],[7],7,1,silu,True,True,[True],mean,256,L2,[0.05],64,AdamW,,5e-05,1e-06,[0.68794326 2.1920904  0.91725768],0.02,1.0,0.11763,1.57739,0.38636,0.33704,"[0.5, 0.11111, 0.4]",403,0.74788,1.05937,0.56818,0.50989,"[0.61538, 0.28571, 0.62857]",93,COMPLETED,25.793

183,20260108_124434,baseline_CASIAB_TOP50.csv,50%,Preset_15,TCN,42,256,"[256, 320, 384]","[1, 2, 4]",3,1,gelu,True,True,"[True, True, True]",mean,256,L2,"[0.05, 0.05, 0.05]",96,SGD,0.0,0.0006,1e-05,[0.68794326 2.1920904  0.91725768],0.02,1.0,0.44251,1.14069,0.45455,0.38759,"[0.52381, 0.18182, 0.45714]",5000,0.51373,1.12237,0.56818,0.5101,"[0.66667, 0.36364, 0.5]",4481,COMPLETED,324.519
184,20260108_124434,baseline_OUMVLP_TOP50.csv,50%,Preset_15,TCN,42,256,"[256, 320, 384]","[1, 2, 4]",3,1,gelu,True,True,"[True, True, True]",mean,256,L2,"[0.05, 0.05, 0.05]",96,SGD,0.0,0.0006,1e-05,[0.68794326 2.1920904  0.91725768],0.02,1.0,0.61135,1.138,0.36364,0.33571,"[0.45, 0.2, 0.35714]",5000,0.61966,1.08394,0.45455,0.41403,"[0.52381, 0.26667, 0.45161]",4899,COMPLETED,324.962
185,20260108_124434,gaitgl_GREW_BNNeck_TOP50.csv,50%,Preset_15,TCN,42,256,"[256, 320, 384]","[1, 2, 4]",3,1,gelu,True,True,"[True, True, True]",mean,256,L2,"[0.05, 0.05, 0.05]",96,SGD,0.0,0.0006,1e-05,[0.68794326 2.1920904  0.91725768],0.02,1.0,0.59204,1.10797,0.43182,0.37322,"[0.41026, 0.15385, 0.55556]",5000,0.74946,1.08018,0.45455,0.419,"[0.46154, 0.25, 0.54545]",3869,COMPLETED,340.184
186,20260108_124434,gaitgl_GREW_TOP50.csv,50%,Preset_15,TCN,42,256,"[256, 320, 384]","[1, 2, 4]",3,1,gelu,True,True,"[True, True, True]",mean,256,L2,"[0.05, 0.05, 0.05]",96,SGD,0.0,0.0006,1e-05,[0.68794326 2.1920904  0.91725768],0.02,1.0,0.42802,1.10668,0.43182,0.38817,"[0.54545, 0.28571, 0.33333]",5000,0.7417,1.05246,0.52273,0.47341,"[0.57895, 0.28571, 0.55556]",3115,COMPLETED,344.548
187,20260108_124434,gaitgl_OUMVLP_TOP50.csv,50%,Preset_15,TCN,42,256,"[256, 320, 384]","[1, 2, 4]",3,1,gelu,True,True,"[True, True, True]",mean,256,L2,"[0.05, 0.05, 0.05]",96,SGD,0.0,0.0006,1e-05,[0.68794326 2.1920904  0.91725768],0.02,1.0,0.90775,1.08357,0.31818,0.30398,"[0.41026, 0.34783, 0.15385]",5000,0.90775,1.08357,0.31818,0.30398,"[0.41026, 0.34783, 0.15385]",5000,COMPLETED,342.658
188,20260108_124434,gaitgl_TOP50.csv,50%,Preset_15,TCN,42,128,"[256, 320, 384]","[1, 2, 4]",3,1,gelu,True,True,"[True, True, True]",mean,256,L2,"[0.05, 0.05, 0.05]",96,SGD,0.0,0.0006,1e-05,[0.68794326 2.1920904  0.91725768],0.02,1.0,0.3515,1.18648,0.47727,0.44017,"[0.51282, 0.30769, 0.5]",5000,0.7405,1.04681,0.52273,0.47578,"[0.5641, 0.30769, 0.55556]",2949,COMPLETED,316.538
189,20260108_124434,gaitpart_GREW_TOP50.csv,50%,Preset_15,TCN,42,256,"[256, 320, 384]","[1, 2, 4]",3,1,gelu,True,True,"[True, True, True]",mean,256,L2,"[0.05, 0.05, 0.05]",96,SGD,0.0,0.0006,1e-05,[0.68794326 2.1920904  0.91725768],0.02,1.0,0.39268,1.06973,0.54545,0.52045,"[0.63415, 0.44444, 0.48276]",5000,0.4383,1.04773,0.59091,0.5716,"[0.63415, 0.5, 0.58065]",4657,COMPLETED,307.529
190,20260108_124434,gaitpart_OUMVLP_TOP50.csv,50%,Preset_15,TCN,42,256,"[256, 320, 384]","[1, 2, 4]",3,1,gelu,True,True,"[True, True, True]",mean,256,L2,"[0.05, 0.05, 0.05]",96,SGD,0.0,0.0006,1e-05,[0.68794326 2.1920904  0.91725768],0.02,1.0,1.09412,1.09979,0.25,0.25023,"[0.2069, 0.25806, 0.28571]",937,1.09412,1.09979,0.25,0.25023,"[0.2069, 0.25806, 0.28571]",937,STOPPED,63.179
191,20260108_124434,gaitset_GREW_TOP50.csv,50%,Preset_15,TCN,42,256,"[256, 320, 384]","[1, 2, 4]",3,1,gelu,True,True,"[True, True, True]",mean,256,L2,"[0.05, 0.05, 0.05]",96,SGD,0.0,0.0006,1e-05,[0.68794326 2.1920904  0.91725768],0.02,1.0,0.68681,1.09521,0.45455,0.38972,"[0.5, 0.14286, 0.52632]",5000,0.70546,1.11846,0.5,0.48033,"[0.59459, 0.36364, 0.48276]",4914,COMPLETED,394.51
192,20260108_124434,gaitset_OUMVLP_TOP50.csv,50%,Preset_15,TCN,42,256,"[256, 320, 384]","[1, 2, 4]",3,1,gelu,True,True,"[True, True, True]",mean,256,L2,"[0.05, 0.05, 0.05]",96,SGD,0.0,0.0006,1e-05,[0.68794326 2.1920904  0.91725768],0.02,1.0,1.10357,1.10458,0.15909,0.0915,"[0.0, 0.27451, 0.0]",375,1.10357,1.10458,0.15909,0.0915,"[0.0, 0.27451, 0.0]",375,STOPPED,29.508
193,20260108_124434,gaitset_TOP50.csv,50%,Preset_15,TCN,42,256,"[256, 320, 384]","[1, 2, 4]",3,1,gelu,True,True,"[True, True, True]",mean,256,L2,"[0.05, 0.05, 0.05]",96,SGD,0.0,0.0006,1e-05,[0.68794326 2.1920904  0.91725768],0.02,1.0,0.60099,1.23434,0.34091,0.2629,"[0.47619, 0.0, 0.3125]",5000,0.72456,1.19333,0.38636,0.37248,"[0.46154, 0.33333, 0.32258]",4061,COMPLETED,394.593
194,20260108_124434,gln_phase1_TOP50.csv,50%,Preset_15,TCN,42,256,"[256, 320, 384]","[1, 2, 4]",3,1,gelu,True,True,"[True, True, True]",mean,256,L2,"[0.05, 0.05, 0.05]",96,SGD,0.0,0.0006,1e-05,[0.68794326 2.1920904  0.91725768],0.02,1.0,0.80661,1.06109,0.43182,0.39748,"[0.45714, 0.23529, 0.5]",5000,0.80661,1.06109,0.43182,0.39748,"[0.45714, 0.23529, 0.5]",5000,COMPLETED,442.297
195,20260108_124434,gln_phase2_TOP50.csv,50%,Preset_15,TCN,42,256,"[256, 320, 384]","[1, 2, 4]",3,1,gelu,True,True,"[True, True, True]",mean,256,L2,"[0.05, 0.05, 0.05]",96,SGD,0.0,0.0006,1e-05,[0.68794326 2.1920904  0.91725768],0.02,1.0,0.76273,1.0301,0.54545,0.48989,"[0.57143, 0.26667, 0.63158]",5000,0.76273,1.0301,0.54545,0.48989,"[0.57143, 0.26667, 0.63158]",5000,COMPLETED,441.832

196,20260108_124434,baseline_CASIAB_TOP50.csv,50%,Preset_16,TCN,42,256,"[384, 512, 512, 512]","[1, 2, 4, 8]",5,2,gelu,True,True,"[True, True, True, True]",max,512,minmax,"[None, 0.05, 0.1, 0.1]",128,AdamW,,0.0001,1e-05,[0.68794326 2.1920904  0.91725768],0.02,1.0,0.11216,1.48708,0.5,0.34127,"[0.60714, 0.0, 0.41667]",119,0.11562,1.49047,0.5,0.44353,"[0.58333, 0.28571, 0.46154]",118,COMPLETED,14.455
197,20260108_124434,baseline_OUMVLP_TOP50.csv,50%,Preset_16,TCN,42,256,"[384, 512, 512, 512]","[1, 2, 4, 8]",5,2,gelu,True,True,"[True, True, True, True]",max,512,minmax,"[None, 0.05, 0.1, 0.1]",128,AdamW,,0.0001,1e-05,[0.68794326 2.1920904  0.91725768],0.02,1.0,0.11271,1.42567,0.47727,0.44571,"[0.57143, 0.28571, 0.48]",132,0.11973,1.33714,0.56818,0.51413,"[0.68085, 0.4, 0.46154]",117,COMPLETED,16.072
198,20260108_124434,gaitgl_GREW_BNNeck_TOP50.csv,50%,Preset_16,TCN,42,256,"[384, 512, 512, 512]","[1, 2, 4, 8]",5,2,gelu,True,True,"[True, True, True, True]",max,512,minmax,"[None, 0.05, 0.1, 0.1]",128,AdamW,,0.0001,1e-05,[0.68794326 2.1920904  0.91725768],0.02,1.0,0.1126,1.81359,0.38636,0.37546,"[0.42105, 0.26087, 0.44444]",100,0.13913,1.64914,0.47727,0.40095,"[0.56, 0.14286, 0.5]",84,COMPLETED,15.98
199,20260108_124434,gaitgl_GREW_TOP50.csv,50%,Preset_16,TCN,42,256,"[384, 512, 512, 512]","[1, 2, 4, 8]",5,2,gelu,True,True,"[True, True, True, True]",max,512,minmax,"[None, 0.05, 0.1, 0.1]",128,AdamW,,0.0001,1e-05,[0.68794326 2.1920904  0.91725768],0.02,1.0,0.10998,1.18575,0.45455,0.31979,"[0.59574, 0.0, 0.36364]",46,0.3075,1.08098,0.47727,0.40945,"[0.54054, 0.2, 0.4878]",28,COMPLETED,7.325
200,20260108_124434,gaitgl_OUMVLP_TOP50.csv,50%,Preset_16,TCN,42,256,"[384, 512, 512, 512]","[1, 2, 4, 8]",5,2,gelu,True,True,"[True, True, True, True]",max,512,minmax,"[None, 0.05, 0.1, 0.1]",128,AdamW,,0.0001,1e-05,[0.68794326 2.1920904  0.91725768],0.02,1.0,0.11872,1.40122,0.52273,0.38173,"[0.54054, 0.0, 0.60465]",209,0.116,1.21278,0.61364,0.54722,"[0.70833, 0.4, 0.53333]",179,COMPLETED,33.261
201,20260108_124434,gaitgl_TOP50.csv,50%,Preset_16,TCN,42,128,"[384, 512, 512, 512]","[1, 2, 4, 8]",5,2,gelu,True,True,"[True, True, True, True]",max,512,minmax,"[None, 0.05, 0.1, 0.1]",128,AdamW,,0.0001,1e-05,[0.68794326 2.1920904  0.91725768],0.02,1.0,0.11341,1.41329,0.43182,0.33147,"[0.47059, 0.0, 0.52381]",72,0.38104,1.11528,0.5,0.42408,"[0.52632, 0.18182, 0.5641]",34,COMPLETED,11.055
202,20260108_124434,gaitpart_GREW_TOP50.csv,50%,Preset_16,TCN,42,256,"[384, 512, 512, 512]","[1, 2, 4, 8]",5,2,gelu,True,True,"[True, True, True, True]",max,512,minmax,"[None, 0.05, 0.1, 0.1]",128,AdamW,,0.0001,1e-05,[0.68794326 2.1920904  0.91725768],0.02,1.0,0.11385,1.4719,0.47727,0.47852,"[0.41176, 0.5, 0.52381]",131,0.25373,1.69015,0.59091,0.54485,"[0.68, 0.5, 0.45455]",101,COMPLETED,13.309
203,20260108_124434,gaitpart_OUMVLP_TOP50.csv,50%,Preset_16,TCN,42,256,"[384, 512, 512, 512]","[1, 2, 4, 8]",5,2,gelu,True,True,"[True, True, True, True]",max,512,minmax,"[None, 0.05, 0.1, 0.1]",128,AdamW,,0.0001,1e-05,[0.68794326 2.1920904  0.91725768],0.02,1.0,0.11563,1.47372,0.43182,0.42381,"[0.51429, 0.35714, 0.4]",364,0.64385,0.9527,0.68182,0.6339,"[0.71795, 0.46154, 0.72222]",171,COMPLETED,36.182
204,20260108_124434,gaitset_GREW_TOP50.csv,50%,Preset_16,TCN,42,256,"[384, 512, 512, 512]","[1, 2, 4, 8]",5,2,gelu,True,True,"[True, True, True, True]",max,512,minmax,"[None, 0.05, 0.1, 0.1]",128,AdamW,,0.0001,1e-05,[0.68794326 2.1920904  0.91725768],0.02,1.0,0.1124,1.55093,0.36364,0.27471,"[0.3125, 0.0, 0.51163]",138,0.13465,1.54376,0.52273,0.45457,"[0.65217, 0.25, 0.46154]",122,COMPLETED,22.075
205,20260108_124434,gaitset_OUMVLP_TOP50.csv,50%,Preset_16,TCN,42,256,"[384, 512, 512, 512]","[1, 2, 4, 8]",5,2,gelu,True,True,"[True, True, True, True]",max,512,minmax,"[None, 0.05, 0.1, 0.1]",128,AdamW,,0.0001,1e-05,[0.68794326 2.1920904  0.91725768],0.02,1.0,0.10809,1.51399,0.45455,0.38866,"[0.51282, 0.16667, 0.48649]",457,0.1286,1.55999,0.5,0.45118,"[0.65116, 0.28571, 0.41667]",437,COMPLETED,72.271
206,20260108_124434,gaitset_TOP50.csv,50%,Preset_16,TCN,42,256,"[384, 512, 512, 512]","[1, 2, 4, 8]",5,2,gelu,True,True,"[True, True, True, True]",max,512,minmax,"[None, 0.05, 0.1, 0.1]",128,AdamW,,0.0001,1e-05,[0.68794326 2.1920904  0.91725768],0.02,1.0,0.11991,1.67481,0.34091,0.32286,"[0.375, 0.18182, 0.41176]",91,0.54335,1.31215,0.5,0.43268,"[0.62745, 0.47059, 0.2]",39,COMPLETED,14.338
207,20260108_124434,gln_phase1_TOP50.csv,50%,Preset_16,TCN,42,256,"[384, 512, 512, 512]","[1, 2, 4, 8]",5,2,gelu,True,True,"[True, True, True, True]",max,512,minmax,"[None, 0.05, 0.1, 0.1]",128,AdamW,,0.0001,1e-05,[0.68794326 2.1920904  0.91725768],0.02,1.0,0.1134,1.13514,0.52273,0.48337,"[0.6, 0.36364, 0.48649]",123,0.24795,1.00371,0.59091,0.5798,"[0.60606, 0.53333, 0.6]",82,COMPLETED,23.74
208,20260108_124434,gln_phase2_TOP50.csv,50%,Preset_16,TCN,42,256,"[384, 512, 512, 512]","[1, 2, 4, 8]",5,2,gelu,True,True,"[True, True, True, True]",max,512,minmax,"[None, 0.05, 0.1, 0.1]",128,AdamW,,0.0001,1e-05,[0.68794326 2.1920904  0.91725768],0.02,1.0,0.11256,0.9917,0.59091,0.53202,"[0.63415, 0.33333, 0.62857]",136,0.54285,0.99289,0.61364,0.60404,"[0.66667, 0.6, 0.54545]",73,COMPLETED,26.446

209,20260108_124434,baseline_CASIAB_TOP50.csv,50%,Preset_17,TCN,42,256,"[128, 128, 128, 128]","[1, 4, 7, 10]",3,2,prelu,False,True,"[False, True, False, False]",mean,256,L2,"[0.0, 0.0, 0.2, 0.0]",16,AdamW,,0.0001,0.0,[0.68794326 2.1920904  0.91725768],0.02,1.0,0.1168,1.72797,0.43182,0.30556,"[0.54167, 0.0, 0.375]",73,0.63532,1.27907,0.43182,0.42567,"[0.45161, 0.38095, 0.44444]",26,COMPLETED,26.204
210,20260108_124434,baseline_OUMVLP_TOP50.csv,50%,Preset_17,TCN,42,256,"[128, 128, 128, 128]","[1, 4, 7, 10]",3,2,prelu,False,True,"[False, True, False, False]",mean,256,L2,"[0.0, 0.0, 0.2, 0.0]",16,AdamW,,0.0001,0.0,[0.68794326 2.1920904  0.91725768],0.02,1.0,0.11161,1.52475,0.47727,0.35904,"[0.53659, 0.0, 0.54054]",104,0.18288,1.68043,0.54545,0.48492,"[0.63636, 0.26667, 0.55172]",67,COMPLETED,36.955
211,20260108_124434,gaitgl_GREW_BNNeck_TOP50.csv,50%,Preset_17,TCN,42,256,"[128, 128, 128, 128]","[1, 4, 7, 10]",3,2,prelu,False,True,"[False, True, False, False]",mean,256,L2,"[0.0, 0.0, 0.2, 0.0]",16,AdamW,,0.0001,0.0,[0.68794326 2.1920904  0.91725768],0.02,1.0,0.11555,1.87748,0.43182,0.37135,"[0.42105, 0.16667, 0.52632]",76,0.13663,1.93509,0.52273,0.44108,"[0.57778, 0.2, 0.54545]",60,COMPLETED,27.634
212,20260108_124434,gaitgl_GREW_TOP50.csv,50%,Preset_17,TCN,42,256,"[128, 128, 128, 128]","[1, 4, 7, 10]",3,2,prelu,False,True,"[False, True, False, False]",mean,256,L2,"[0.0, 0.0, 0.2, 0.0]",16,AdamW,,0.0001,0.0,[0.68794326 2.1920904  0.91725768],0.02,1.0,0.11023,1.54011,0.43182,0.32301,"[0.43243, 0.0, 0.53659]",46,0.11917,1.5969,0.5,0.40266,"[0.61538, 0.22222, 0.37037]",38,COMPLETED,16.513
213,20260108_124434,gaitgl_OUMVLP_TOP50.csv,50%,Preset_17,TCN,42,256,"[128, 128, 128, 128]","[1, 4, 7, 10]",3,2,prelu,False,True,"[False, True, False, False]",mean,256,L2,"[0.0, 0.0, 0.2, 0.0]",16,AdamW,,0.0001,0.0,[0.68794326 2.1920904  0.91725768],0.02,1.0,0.11917,1.45012,0.59091,0.47418,"[0.67857, 0.22222, 0.52174]",116,0.16118,1.29297,0.59091,0.51389,"[0.70833, 0.33333, 0.5]",98,COMPLETED,41.68
214,20260108_124434,gaitgl_TOP50.csv,50%,Preset_17,TCN,42,128,"[128, 128, 128, 128]","[1, 4, 7, 10]",3,2,prelu,False,True,"[False, True, False, False]",mean,256,L2,"[0.0, 0.0, 0.2, 0.0]",16,AdamW,,0.0001,0.0,[0.68794326 2.1920904  0.91725768],0.02,1.0,0.11237,1.4425,0.40909,0.35504,"[0.46512, 0.2, 0.4]",58,0.42275,1.30976,0.47727,0.44525,"[0.34483, 0.4, 0.59091]",27,COMPLETED,20.777
215,20260108_124434,gaitpart_GREW_TOP50.csv,50%,Preset_17,TCN,42,256,"[128, 128, 128, 128]","[1, 4, 7, 10]",3,2,prelu,False,True,"[False, True, False, False]",mean,256,L2,"[0.0, 0.0, 0.2, 0.0]",16,AdamW,,0.0001,0.0,[0.68794326 2.1920904  0.91725768],0.02,1.0,0.10838,1.88519,0.47727,0.43734,"[0.52632, 0.28571, 0.5]",96,0.30986,1.39542,0.56818,0.51385,"[0.68, 0.46154, 0.4]",49,COMPLETED,31.772
216,20260108_124434,gaitpart_OUMVLP_TOP50.csv,50%,Preset_17,TCN,42,256,"[128, 128, 128, 128]","[1, 4, 7, 10]",3,2,prelu,False,True,"[False, True, False, False]",mean,256,L2,"[0.0, 0.0, 0.2, 0.0]",16,AdamW,,0.0001,0.0,[0.68794326 2.1920904  0.91725768],0.02,1.0,0.1066,1.72376,0.52273,0.4912,"[0.61111, 0.3, 0.5625]",344,0.1622,1.20909,0.68182,0.64848,"[0.71429, 0.54545, 0.68571]",213,COMPLETED,114.925
217,20260108_124434,gaitset_GREW_TOP50.csv,50%,Preset_17,TCN,42,256,"[128, 128, 128, 128]","[1, 4, 7, 10]",3,2,prelu,False,True,"[False, True, False, False]",mean,256,L2,"[0.0, 0.0, 0.2, 0.0]",16,AdamW,,0.0001,0.0,[0.68794326 2.1920904  0.91725768],0.02,1.0,0.1101,1.52121,0.54545,0.38882,"[0.65217, 0.0, 0.51429]",120,0.50017,1.29979,0.59091,0.56459,"[0.66667, 0.42105, 0.60606]",42,COMPLETED,43.917
218,20260108_124434,gaitset_OUMVLP_TOP50.csv,50%,Preset_17,TCN,42,256,"[128, 128, 128, 128]","[1, 4, 7, 10]",3,2,prelu,False,True,"[False, True, False, False]",mean,256,L2,"[0.0, 0.0, 0.2, 0.0]",16,AdamW,,0.0001,0.0,[0.68794326 2.1920904  0.91725768],0.02,1.0,0.11888,2.01142,0.45455,0.41836,"[0.4, 0.33333, 0.52174]",232,0.11316,1.81421,0.5,0.4787,"[0.45714, 0.4, 0.57895]",230,COMPLETED,83.583
219,20260108_124434,gaitset_TOP50.csv,50%,Preset_17,TCN,42,256,"[128, 128, 128, 128]","[1, 4, 7, 10]",3,2,prelu,False,True,"[False, True, False, False]",mean,256,L2,"[0.0, 0.0, 0.2, 0.0]",16,AdamW,,0.0001,0.0,[0.68794326 2.1920904  0.91725768],0.02,1.0,0.11799,2.24089,0.38636,0.35178,"[0.5, 0.21053, 0.34483]",76,0.11799,2.24089,0.38636,0.35178,"[0.5, 0.21053, 0.34483]",76,COMPLETED,27.389
220,20260108_124434,gln_phase1_TOP50.csv,50%,Preset_17,TCN,42,256,"[128, 128, 128, 128]","[1, 4, 7, 10]",3,2,prelu,False,True,"[False, True, False, False]",mean,256,L2,"[0.0, 0.0, 0.2, 0.0]",16,AdamW,,0.0001,0.0,[0.68794326 2.1920904  0.91725768],0.02,1.0,0.11212,1.47554,0.43182,0.30561,"[0.36364, 0.0, 0.55319]",97,0.12391,1.33303,0.54545,0.54587,"[0.53659, 0.54545, 0.55556]",85,COMPLETED,36.029
221,20260108_124434,gln_phase2_TOP50.csv,50%,Preset_17,TCN,42,256,"[128, 128, 128, 128]","[1, 4, 7, 10]",3,2,prelu,False,True,"[False, True, False, False]",mean,256,L2,"[0.0, 0.0, 0.2, 0.0]",16,AdamW,,0.0001,0.0,[0.68794326 2.1920904  0.91725768],0.02,1.0,0.11647,1.34778,0.56818,0.47667,"[0.63636, 0.22222, 0.57143]",133,0.12755,1.5027,0.56818,0.51804,"[0.57143, 0.36364, 0.61905]",91,COMPLETED,49.614

222,20260108_124434,baseline_CASIAB_TOP50.csv,50%,Preset_18,TCN,42,256,"[448, 256]","[1, 2]",3,1,gelu,False,True,"[False, True]",max,256,L2,"[0.0, 0.0]",64,AdamW,,3e-05,1e-06,[0.68794326 2.1920904  0.91725768],0.02,1.0,0.11304,1.29093,0.43182,0.31667,"[0.45, 0.0, 0.5]",71,0.66301,1.09788,0.45455,0.43954,"[0.45714, 0.375, 0.48649]",29,COMPLETED,5.158
223,20260108_124434,baseline_OUMVLP_TOP50.csv,50%,Preset_18,TCN,42,256,"[448, 256]","[1, 2]",3,1,gelu,False,True,"[False, True]",max,256,L2,"[0.0, 0.0]",64,AdamW,,3e-05,1e-06,[0.68794326 2.1920904  0.91725768],0.02,1.0,0.11621,1.27541,0.52273,0.44082,"[0.54545, 0.14286, 0.63415]",93,0.61717,1.12461,0.47727,0.44514,"[0.4878, 0.33333, 0.51429]",39,COMPLETED,6.73
224,20260108_124434,gaitgl_GREW_BNNeck_TOP50.csv,50%,Preset_18,TCN,42,256,"[448, 256]","[1, 2]",3,1,gelu,False,True,"[False, True]",max,256,L2,"[0.0, 0.0]",64,AdamW,,3e-05,1e-06,[0.68794326 2.1920904  0.91725768],0.02,1.0,0.11285,1.50348,0.52273,0.47908,"[0.6383, 0.42857, 0.37037]",54,0.12219,1.43788,0.54545,0.50311,"[0.65217, 0.42857, 0.42857]",49,COMPLETED,4.189
225,20260108_124434,gaitgl_GREW_TOP50.csv,50%,Preset_18,TCN,42,256,"[448, 256]","[1, 2]",3,1,gelu,False,True,"[False, True]",max,256,L2,"[0.0, 0.0]",64,AdamW,,3e-05,1e-06,[0.68794326 2.1920904  0.91725768],0.02,1.0,0.10444,1.294,0.45455,0.34396,"[0.56522, 0.0, 0.46667]",41,0.6428,1.08596,0.47727,0.40981,"[0.54054, 0.13333, 0.55556]",20,COMPLETED,3.157
226,20260108_124434,gaitgl_OUMVLP_TOP50.csv,50%,Preset_18,TCN,42,256,"[448, 256]","[1, 2]",3,1,gelu,False,True,"[False, True]",max,256,L2,"[0.0, 0.0]",64,AdamW,,3e-05,1e-06,[0.68794326 2.1920904  0.91725768],0.02,1.0,0.11288,1.27291,0.5,0.39932,"[0.62745, 0.15385, 0.41667]",95,0.41268,1.19421,0.43182,0.41477,"[0.46154, 0.3, 0.48276]",55,COMPLETED,7.374
227,20260108_124434,gaitgl_TOP50.csv,50%,Preset_18,TCN,42,128,"[448, 256]","[1, 2]",3,1,gelu,False,True,"[False, True]",max,256,L2,"[0.0, 0.0]",64,AdamW,,3e-05,1e-06,[0.68794326 2.1920904  0.91725768],0.02,1.0,0.10599,1.29364,0.43182,0.34604,"[0.56, 0.18182, 0.2963]",43,0.65865,1.04697,0.5,0.46724,"[0.52381, 0.36364, 0.51429]",19,COMPLETED,3.176
228,20260108_124434,gaitpart_GREW_TOP50.csv,50%,Preset_18,TCN,42,256,"[448, 256]","[1, 2]",3,1,gelu,False,True,"[False, True]",max,256,L2,"[0.0, 0.0]",64,AdamW,,3e-05,1e-06,[0.68794326 2.1920904  0.91725768],0.02,1.0,0.1142,1.34481,0.45455,0.44605,"[0.4375, 0.32, 0.58065]",112,0.58319,1.01879,0.59091,0.56173,"[0.66667, 0.5, 0.51852]",43,COMPLETED,7.547
229,20260108_124434,gaitpart_OUMVLP_TOP50.csv,50%,Preset_18,TCN,42,256,"[448, 256]","[1, 2]",3,1,gelu,False,True,"[False, True]",max,256,L2,"[0.0, 0.0]",64,AdamW,,3e-05,1e-06,[0.68794326 2.1920904  0.91725768],0.02,1.0,0.11369,1.09415,0.61364,0.56589,"[0.69767, 0.4, 0.6]",469,0.1757,1.09683,0.61364,0.60513,"[0.61538, 0.57143, 0.62857]",432,COMPLETED,31.295
230,20260108_124434,gaitset_GREW_TOP50.csv,50%,Preset_18,TCN,42,256,"[448, 256]","[1, 2]",3,1,gelu,False,True,"[False, True]",max,256,L2,"[0.0, 0.0]",64,AdamW,,3e-05,1e-06,[0.68794326 2.1920904  0.91725768],0.02,1.0,0.10987,1.44318,0.40909,0.35149,"[0.4878, 0.16667, 0.4]",73,0.11911,1.4338,0.5,0.47661,"[0.54054, 0.375, 0.51429]",69,COMPLETED,5.745
231,20260108_124434,gaitset_OUMVLP_TOP50.csv,50%,Preset_18,TCN,42,256,"[448, 256]","[1, 2]",3,1,gelu,False,True,"[False, True]",max,256,L2,"[0.0, 0.0]",64,AdamW,,3e-05,1e-06,[0.68794326 2.1920904  0.91725768],0.02,1.0,0.11855,1.35665,0.47727,0.404,"[0.55814, 0.15385, 0.5]",258,0.13761,1.31705,0.52273,0.47339,"[0.5641, 0.25, 0.60606]",219,COMPLETED,19.967
232,20260108_124434,gaitset_TOP50.csv,50%,Preset_18,TCN,42,256,"[448, 256]","[1, 2]",3,1,gelu,False,True,"[False, True]",max,256,L2,"[0.0, 0.0]",64,AdamW,,3e-05,1e-06,[0.68794326 2.1920904  0.91725768],0.02,1.0,0.10833,1.49418,0.36364,0.28776,"[0.47619, 0.0, 0.3871]",51,0.29653,1.24292,0.5,0.35126,"[0.64, 0.0, 0.41379]",34,COMPLETED,3.895
233,20260108_124434,gln_phase1_TOP50.csv,50%,Preset_18,TCN,42,256,"[448, 256]","[1, 2]",3,1,gelu,False,True,"[False, True]",max,256,L2,"[0.0, 0.0]",64,AdamW,,3e-05,1e-06,[0.68794326 2.1920904  0.91725768],0.02,1.0,0.10946,0.95825,0.59091,0.48614,"[0.71111, 0.16667, 0.58065]",57,0.14292,1.03449,0.56818,0.54484,"[0.62857, 0.38095, 0.625]",49,COMPLETED,4.869
234,20260108_124434,gln_phase2_TOP50.csv,50%,Preset_18,TCN,42,256,"[448, 256]","[1, 2]",3,1,gelu,False,True,"[False, True]",max,256,L2,"[0.0, 0.0]",64,AdamW,,3e-05,1e-06,[0.68794326 2.1920904  0.91725768],0.02,1.0,0.1089,1.051,0.54545,0.48844,"[0.63415, 0.28571, 0.54545]",54,0.27905,0.96543,0.63636,0.57184,"[0.72727, 0.4, 0.58824]",37,COMPLETED,4.598

235,20260108_124434,baseline_CASIAB_TOP50.csv,50%,Preset_19,TCN,42,256,[640],[7],3,1,hardswish,True,True,[True],attention,448,L2,[0.1],40,AdamW,,2e-05,1e-05,[0.68794326 2.1920904  0.91725768],0.02,1.0,0.11709,2.2188,0.40909,0.28856,"[0.55319, 0.0, 0.3125]",191,0.74587,1.33319,0.36364,0.31481,"[0.5, 0.11111, 0.33333]",47,COMPLETED,20.554
236,20260108_124434,baseline_OUMVLP_TOP50.csv,50%,Preset_19,TCN,42,256,[640],[7],3,1,hardswish,True,True,[True],attention,448,L2,[0.1],40,AdamW,,2e-05,1e-05,[0.68794326 2.1920904  0.91725768],0.02,1.0,0.11682,2.93788,0.38636,0.27438,"[0.3125, 0.0, 0.51064]",264,0.62361,1.30465,0.5,0.42509,"[0.55, 0.15385, 0.57143]",72,COMPLETED,28.433
237,20260108_124434,gaitgl_GREW_BNNeck_TOP50.csv,50%,Preset_19,TCN,42,256,[640],[7],3,1,hardswish,True,True,[True],attention,448,L2,[0.1],40,AdamW,,2e-05,1e-05,[0.68794326 2.1920904  0.91725768],0.02,1.0,0.113,2.31655,0.5,0.44824,"[0.59091, 0.23529, 0.51852]",199,0.12159,2.37489,0.54545,0.501,"[0.65116, 0.33333, 0.51852]",186,COMPLETED,22.867
238,20260108_124434,gaitgl_GREW_TOP50.csv,50%,Preset_19,TCN,42,256,[640],[7],3,1,hardswish,True,True,[True],attention,448,L2,[0.1],40,AdamW,,2e-05,1e-05,[0.68794326 2.1920904  0.91725768],0.02,1.0,0.11619,1.41206,0.54545,0.46969,"[0.68085, 0.26667, 0.46154]",86,0.17472,1.2653,0.59091,0.52479,"[0.66667, 0.30769, 0.6]",63,COMPLETED,9.959
239,20260108_124434,gaitgl_OUMVLP_TOP50.csv,50%,Preset_19,TCN,42,256,[640],[7],3,1,hardswish,True,True,[True],attention,448,L2,[0.1],40,AdamW,,2e-05,1e-05,[0.68794326 2.1920904  0.91725768],0.02,1.0,0.11829,2.04951,0.47727,0.34815,"[0.6, 0.0, 0.44444]",213,0.46119,1.28364,0.5,0.37184,"[0.53659, 0.0, 0.57895]",74,COMPLETED,24.315
240,20260108_124434,gaitgl_TOP50.csv,50%,Preset_19,TCN,42,128,[640],[7],3,1,hardswish,True,True,[True],attention,448,L2,[0.1],40,AdamW,,2e-05,1e-05,[0.68794326 2.1920904  0.91725768],0.02,1.0,0.1185,2.5888,0.29545,0.26863,"[0.30769, 0.11111, 0.3871]",107,0.47911,1.30451,0.40909,0.38311,"[0.45455, 0.30769, 0.3871]",43,COMPLETED,11.591
241,20260108_124434,gaitpart_GREW_TOP50.csv,50%,Preset_19,TCN,42,256,[640],[7],3,1,hardswish,True,True,[True],attention,448,L2,[0.1],40,AdamW,,2e-05,1e-05,[0.68794326 2.1920904  0.91725768],0.02,1.0,0.11413,1.80059,0.45455,0.38033,"[0.53061, 0.18182, 0.42857]",282,0.67889,1.05286,0.52273,0.4996,"[0.48485, 0.42857, 0.58537]",71,COMPLETED,27.691
242,20260108_124434,gaitpart_OUMVLP_TOP50.csv,50%,Preset_19,TCN,42,256,[640],[7],3,1,hardswish,True,True,[True],attention,448,L2,[0.1],40,AdamW,,2e-05,1e-05,[0.68794326 2.1920904  0.91725768],0.02,1.0,0.11912,3.03398,0.40909,0.37965,"[0.57895, 0.16, 0.4]",1387,0.69599,1.66041,0.54545,0.49073,"[0.54545, 0.30769, 0.61905]",363,COMPLETED,135.021
243,20260108_124434,gaitset_GREW_TOP50.csv,50%,Preset_19,TCN,42,256,[640],[7],3,1,hardswish,True,True,[True],attention,448,L2,[0.1],40,AdamW,,2e-05,1e-05,[0.68794326 2.1920904  0.91725768],0.02,1.0,0.11714,2.46982,0.36364,0.34497,"[0.4, 0.19048, 0.44444]",175,0.72671,1.23193,0.47727,0.45651,"[0.47368, 0.33333, 0.5625]",51,COMPLETED,19.641
244,20260108_124434,gaitset_OUMVLP_TOP50.csv,50%,Preset_19,TCN,42,256,[640],[7],3,1,hardswish,True,True,[True],attention,448,L2,[0.1],40,AdamW,,2e-05,1e-05,[0.68794326 2.1920904  0.91725768],0.02,1.0,0.1174,1.75588,0.5,0.36957,"[0.6087, 0.0, 0.5]",535,0.16133,2.00567,0.59091,0.43844,"[0.66667, 0.0, 0.64865]",452,COMPLETED,59.865
245,20260108_124434,gaitset_TOP50.csv,50%,Preset_19,TCN,42,256,[640],[7],3,1,hardswish,True,True,[True],attention,448,L2,[0.1],40,AdamW,,2e-05,1e-05,[0.68794326 2.1920904  0.91725768],0.02,1.0,0.11776,2.74052,0.40909,0.2955,"[0.54167, 0.0, 0.34483]",183,0.7428,1.1665,0.47727,0.46494,"[0.53659, 0.44444, 0.41379]",36,COMPLETED,20.388
246,20260108_124434,gln_phase1_TOP50.csv,50%,Preset_19,TCN,42,256,[640],[7],3,1,hardswish,True,True,[True],attention,448,L2,[0.1],40,AdamW,,2e-05,1e-05,[0.68794326 2.1920904  0.91725768],0.02,1.0,0.11542,1.92574,0.47727,0.40661,"[0.53659, 0.15385, 0.52941]",203,0.74288,1.13159,0.47727,0.46566,"[0.5, 0.36364, 0.53333]",39,COMPLETED,24.297
247,20260108_124434,gln_phase2_TOP50.csv,50%,Preset_19,TCN,42,256,[640],[7],3,1,hardswish,True,True,[True],attention,448,L2,[0.1],40,AdamW,,2e-05,1e-05,[0.68794326 2.1920904  0.91725768],0.02,1.0,0.11727,1.61709,0.54545,0.46185,"[0.63158, 0.14286, 0.61111]",145,0.446,1.25674,0.59091,0.5672,"[0.68571, 0.44444, 0.57143]",59,COMPLETED,17.532

248,20260108_124434,baseline_CASIAB_TOP50.csv,50%,Preset_20,TCN,42,256,"[640, 768, 768, 640]","[1, 2, 4, 8]",5,2,mish,True,True,"[True, True, True, True]",attention,384,minmax,"[0.05, 0.1, 0.1, 0.1]",32,Adam,,3e-05,1e-05,[0.68794326 2.1920904  0.91725768],0.02,1.0,0.10567,2.09192,0.45455,0.33493,"[0.55319, 0.0, 0.45161]",94,0.21534,1.75743,0.52273,0.43752,"[0.63636, 0.14286, 0.53333]",65,COMPLETED,42.568
249,20260108_124434,baseline_OUMVLP_TOP50.csv,50%,Preset_20,TCN,42,256,"[640, 768, 768, 640]","[1, 2, 4, 8]",5,2,mish,True,True,"[True, True, True, True]",attention,384,minmax,"[0.05, 0.1, 0.1, 0.1]",32,Adam,,3e-05,1e-05,[0.68794326 2.1920904  0.91725768],0.02,1.0,0.10304,2.42073,0.43182,0.37333,"[0.43902, 0.16667, 0.51429]",135,0.13196,2.07933,0.47727,0.43452,"[0.54167, 0.33333, 0.42857]",108,COMPLETED,60.98
250,20260108_124434,gaitgl_GREW_BNNeck_TOP50.csv,50%,Preset_20,TCN,42,256,"[640, 768, 768, 640]","[1, 2, 4, 8]",5,2,mish,True,True,"[True, True, True, True]",attention,384,minmax,"[0.05, 0.1, 0.1, 0.1]",32,Adam,,3e-05,1e-05,[0.68794326 2.1920904  0.91725768],0.02,1.0,0.11044,2.26806,0.47727,0.32471,"[0.60377, 0.0, 0.37037]",133,0.40065,1.54559,0.52273,0.43889,"[0.6, 0.25, 0.46667]",90,COMPLETED,68.361
251,20260108_124434,gaitgl_GREW_TOP50.csv,50%,Preset_20,TCN,42,256,"[640, 768, 768, 640]","[1, 2, 4, 8]",5,2,mish,True,True,"[True, True, True, True]",attention,384,minmax,"[0.05, 0.1, 0.1, 0.1]",32,Adam,,3e-05,1e-05,[0.68794326 2.1920904  0.91725768],0.02,1.0,0.10601,1.61268,0.5,0.42838,"[0.63415, 0.11765, 0.53333]",50,0.11889,1.58754,0.59091,0.48438,"[0.69388, 0.16667, 0.59259]",46,COMPLETED,25.91
252,20260108_124434,gaitgl_OUMVLP_TOP50.csv,50%,Preset_20,TCN,42,256,"[640, 768, 768, 640]","[1, 2, 4, 8]",5,2,mish,True,True,"[True, True, True, True]",attention,384,minmax,"[0.05, 0.1, 0.1, 0.1]",32,Adam,,3e-05,1e-05,[0.68794326 2.1920904  0.91725768],0.02,1.0,0.10628,2.39121,0.45455,0.37859,"[0.58333, 0.11765, 0.43478]",155,0.12777,2.20044,0.54545,0.4582,"[0.61905, 0.2, 0.55556]",145,COMPLETED,79.747
253,20260108_124434,gaitgl_TOP50.csv,50%,Preset_20,TCN,42,128,"[640, 768, 768, 640]","[1, 2, 4, 8]",5,2,mish,True,True,"[True, True, True, True]",attention,384,minmax,"[0.05, 0.1, 0.1, 0.1]",32,Adam,,3e-05,1e-05,[0.68794326 2.1920904  0.91725768],0.02,1.0,0.10879,2.07706,0.45455,0.39978,"[0.4878, 0.25, 0.46154]",46,0.16214,1.69881,0.56818,0.54344,"[0.63415, 0.44444, 0.55172]",36,COMPLETED,23.556
254,20260108_124434,gaitpart_GREW_TOP50.csv,50%,Preset_20,TCN,42,256,"[640, 768, 768, 640]","[1, 2, 4, 8]",5,2,mish,True,True,"[True, True, True, True]",attention,384,minmax,"[0.05, 0.1, 0.1, 0.1]",32,Adam,,3e-05,1e-05,[0.68794326 2.1920904  0.91725768],0.02,1.0,0.10655,2.41757,0.45455,0.4537,"[0.45, 0.44444, 0.46667]",105,0.1544,2.13064,0.5,0.48381,"[0.54545, 0.44444, 0.46154]",80,COMPLETED,44.006
255,20260108_124434,gaitpart_OUMVLP_TOP50.csv,50%,Preset_20,TCN,42,256,"[640, 768, 768, 640]","[1, 2, 4, 8]",5,2,mish,True,True,"[True, True, True, True]",attention,384,minmax,"[0.05, 0.1, 0.1, 0.1]",32,Adam,,3e-05,1e-05,[0.68794326 2.1920904  0.91725768],0.02,1.0,0.45678,1.31815,0.61364,0.5417,"[0.71111, 0.33333, 0.58065]",388,0.29745,1.38507,0.68182,0.66406,"[0.71429, 0.58824, 0.68966]",212,STOPPED,150.666
256,20260108_124434,gaitset_GREW_TOP50.csv,50%,Preset_20,TCN,42,256,"[640, 768, 768, 640]","[1, 2, 4, 8]",5,2,mish,True,True,"[True, True, True, True]",attention,384,minmax,"[0.05, 0.1, 0.1, 0.1]",32,Adam,,3e-05,1e-05,[0.68794326 2.1920904  0.91725768],0.02,1.0,0.10734,1.82045,0.56818,0.4,"[0.66667, 0.0, 0.53333]",109,0.10755,1.84939,0.59091,0.4968,"[0.65217, 0.25, 0.58824]",108,COMPLETED,56.142
257,20260108_124434,gaitset_OUMVLP_TOP50.csv,50%,Preset_20,TCN,42,256,"[640, 768, 768, 640]","[1, 2, 4, 8]",5,2,mish,True,True,"[True, True, True, True]",attention,384,minmax,"[0.05, 0.1, 0.1, 0.1]",32,Adam,,3e-05,1e-05,[0.68794326 2.1920904  0.91725768],0.02,1.0,0.10504,2.13392,0.45455,0.33229,"[0.61224, 0.0, 0.38462]",324,0.13998,2.15185,0.52273,0.42924,"[0.6383, 0.16667, 0.48276]",302,COMPLETED,166.334
258,20260108_124434,gaitset_TOP50.csv,50%,Preset_20,TCN,42,256,"[640, 768, 768, 640]","[1, 2, 4, 8]",5,2,mish,True,True,"[True, True, True, True]",attention,384,minmax,"[0.05, 0.1, 0.1, 0.1]",32,Adam,,3e-05,1e-05,[0.68794326 2.1920904  0.91725768],0.02,1.0,0.11588,1.5595,0.47727,0.4159,"[0.59574, 0.23529, 0.41667]",62,0.68318,1.18432,0.43182,0.43064,"[0.45714, 0.43478, 0.4]",34,COMPLETED,31.769
259,20260108_124434,gln_phase1_TOP50.csv,50%,Preset_20,TCN,42,256,"[640, 768, 768, 640]","[1, 2, 4, 8]",5,2,mish,True,True,"[True, True, True, True]",attention,384,minmax,"[0.05, 0.1, 0.1, 0.1]",32,Adam,,3e-05,1e-05,[0.68794326 2.1920904  0.91725768],0.02,1.0,0.10322,1.49249,0.63636,0.52097,"[0.72, 0.22222, 0.62069]",120,0.67004,0.87062,0.65909,0.64846,"[0.64706, 0.61538, 0.68293]",57,COMPLETED,68.993
260,20260108_124434,gln_phase2_TOP50.csv,50%,Preset_20,TCN,42,256,"[640, 768, 768, 640]","[1, 2, 4, 8]",5,2,mish,True,True,"[True, True, True, True]",attention,384,minmax,"[0.05, 0.1, 0.1, 0.1]",32,Adam,,3e-05,1e-05,[0.68794326 2.1920904  0.91725768],0.02,1.0,0.10278,1.9974,0.5,0.43994,"[0.6087, 0.26667, 0.44444]",113,0.12364,1.8079,0.56818,0.5,"[0.66667, 0.33333, 0.5]",104,COMPLETED,65.044

261,20260108_124434,baseline_CASIAB_TOP50.csv,50%,Preset_21,TCN,42,256,"[192, 256, 320, 384]","[1, 2, 4, 8]",7,2,gelu,True,True,"[True, True, True, True]",attention,256,L2,"[None, 0.1, 0.1, 0.2]",96,AdamW,,0.0002,5e-05,[0.68794326 2.1920904  0.91725768],0.02,1.0,0.10591,1.77282,0.43182,0.37163,"[0.47619, 0.15385, 0.48485]",52,0.33393,1.26763,0.54545,0.44527,"[0.65306, 0.2, 0.48276]",26,COMPLETED,6.414
262,20260108_124434,baseline_OUMVLP_TOP50.csv,50%,Preset_21,TCN,42,256,"[192, 256, 320, 384]","[1, 2, 4, 8]",7,2,gelu,True,True,"[True, True, True, True]",attention,256,L2,"[None, 0.1, 0.1, 0.2]",96,AdamW,,0.0002,5e-05,[0.68794326 2.1920904  0.91725768],0.02,1.0,0.10544,1.92336,0.52273,0.38438,"[0.48649, 0.0, 0.66667]",103,0.15854,1.89494,0.56818,0.51447,"[0.55, 0.30769, 0.68571]",73,COMPLETED,12.754
263,20260108_124434,gaitgl_GREW_BNNeck_TOP50.csv,50%,Preset_21,TCN,42,256,"[192, 256, 320, 384]","[1, 2, 4, 8]",7,2,gelu,True,True,"[True, True, True, True]",attention,256,L2,"[None, 0.1, 0.1, 0.2]",96,AdamW,,0.0002,5e-05,[0.68794326 2.1920904  0.91725768],0.02,1.0,0.11694,2.13326,0.43182,0.32475,"[0.38889, 0.0, 0.58537]",46,0.14393,1.78702,0.56818,0.41035,"[0.625, 0.0, 0.60606]",29,COMPLETED,6.726
264,20260108_124434,gaitgl_GREW_TOP50.csv,50%,Preset_21,TCN,42,256,"[192, 256, 320, 384]","[1, 2, 4, 8]",7,2,gelu,True,True,"[True, True, True, True]",attention,256,L2,"[None, 0.1, 0.1, 0.2]",96,AdamW,,0.0002,5e-05,[0.68794326 2.1920904  0.91725768],0.02,1.0,0.11237,1.7097,0.5,0.36906,"[0.57778, 0.0, 0.52941]",30,0.10532,1.76872,0.5,0.42613,"[0.5641, 0.14286, 0.57143]",29,COMPLETED,4.188
265,20260108_124434,gaitgl_OUMVLP_TOP50.csv,50%,Preset_21,TCN,42,256,"[192, 256, 320, 384]","[1, 2, 4, 8]",7,2,gelu,True,True,"[True, True, True, True]",attention,256,L2,"[None, 0.1, 0.1, 0.2]",96,AdamW,,0.0002,5e-05,[0.68794326 2.1920904  0.91725768],0.02,1.0,0.11444,1.97182,0.34091,0.20144,"[0.50909, 0.0, 0.09524]",59,0.60747,1.26888,0.54545,0.4664,"[0.57143, 0.25, 0.57778]",24,COMPLETED,8.389
266,20260108_124434,gaitgl_TOP50.csv,50%,Preset_21,TCN,42,128,"[192, 256, 320, 384]","[1, 2, 4, 8]",7,2,gelu,True,True,"[True, True, True, True]",attention,256,L2,"[None, 0.1, 0.1, 0.2]",96,AdamW,,0.0002,5e-05,[0.68794326 2.1920904  0.91725768],0.02,1.0,0.10364,1.69287,0.47727,0.40871,"[0.53333, 0.22222, 0.47059]",31,0.1315,1.72671,0.47727,0.44676,"[0.55319, 0.4, 0.3871]",14,COMPLETED,4.305
267,20260108_124434,gaitpart_GREW_TOP50.csv,50%,Preset_21,TCN,42,256,"[192, 256, 320, 384]","[1, 2, 4, 8]",7,2,gelu,True,True,"[True, True, True, True]",attention,256,L2,"[None, 0.1, 0.1, 0.2]",96,AdamW,,0.0002,5e-05,[0.68794326 2.1920904  0.91725768],0.02,1.0,0.10355,2.08802,0.43182,0.33333,"[0.5, 0.0, 0.5]",102,0.1557,1.73041,0.43182,0.40147,"[0.46154, 0.28571, 0.45714]",71,COMPLETED,12.152
268,20260108_124434,gaitpart_OUMVLP_TOP50.csv,50%,Preset_21,TCN,42,256,"[192, 256, 320, 384]","[1, 2, 4, 8]",7,2,gelu,True,True,"[True, True, True, True]",attention,256,L2,"[None, 0.1, 0.1, 0.2]",96,AdamW,,0.0002,5e-05,[0.68794326 2.1920904  0.91725768],0.02,1.0,0.1024,1.56429,0.63636,0.54256,"[0.76, 0.30769, 0.56]",434,0.39201,1.07381,0.65909,0.64242,"[0.68421, 0.55556, 0.6875]",309,COMPLETED,50.782
269,20260108_124434,gaitset_GREW_TOP50.csv,50%,Preset_21,TCN,42,256,"[192, 256, 320, 384]","[1, 2, 4, 8]",7,2,gelu,True,True,"[True, True, True, True]",attention,256,L2,"[None, 0.1, 0.1, 0.2]",96,AdamW,,0.0002,5e-05,[0.68794326 2.1920904  0.91725768],0.02,1.0,0.10562,1.70723,0.5,0.38249,"[0.59574, 0.0, 0.55172]",63,0.12893,1.73247,0.54545,0.5,"[0.6, 0.4, 0.5]",52,COMPLETED,8.956
270,20260108_124434,gaitset_OUMVLP_TOP50.csv,50%,Preset_21,TCN,42,256,"[192, 256, 320, 384]","[1, 2, 4, 8]",7,2,gelu,True,True,"[True, True, True, True]",attention,256,L2,"[None, 0.1, 0.1, 0.2]",96,AdamW,,0.0002,5e-05,[0.68794326 2.1920904  0.91725768],0.02,1.0,0.10484,2.17673,0.47727,0.40794,"[0.5, 0.2, 0.52381]",232,0.17734,1.49343,0.59091,0.55355,"[0.69767, 0.44444, 0.51852]",190,COMPLETED,32.175
271,20260108_124434,gaitset_TOP50.csv,50%,Preset_21,TCN,42,256,"[192, 256, 320, 384]","[1, 2, 4, 8]",7,2,gelu,True,True,"[True, True, True, True]",attention,256,L2,"[None, 0.1, 0.1, 0.2]",96,AdamW,,0.0002,5e-05,[0.68794326 2.1920904  0.91725768],0.02,1.0,0.11074,1.80837,0.47727,0.33793,"[0.6, 0.0, 0.41379]",40,0.11981,1.97531,0.52273,0.42997,"[0.6383, 0.2, 0.45161]",38,COMPLETED,5.587
272,20260108_124434,gln_phase1_TOP50.csv,50%,Preset_21,TCN,42,256,"[192, 256, 320, 384]","[1, 2, 4, 8]",7,2,gelu,True,True,"[True, True, True, True]",attention,256,L2,"[None, 0.1, 0.1, 0.2]",96,AdamW,,0.0002,5e-05,[0.68794326 2.1920904  0.91725768],0.02,1.0,0.11184,1.33972,0.59091,0.44638,"[0.73913, 0.0, 0.6]",57,0.10874,1.42158,0.61364,0.5417,"[0.71111, 0.33333, 0.58065]",53,COMPLETED,9.482
273,20260108_124434,gln_phase2_TOP50.csv,50%,Preset_21,TCN,42,256,"[192, 256, 320, 384]","[1, 2, 4, 8]",7,2,gelu,True,True,"[True, True, True, True]",attention,256,L2,"[None, 0.1, 0.1, 0.2]",96,AdamW,,0.0002,5e-05,[0.68794326 2.1920904  0.91725768],0.02,1.0,0.11998,1.47457,0.47727,0.34598,"[0.52632, 0.0, 0.51163]",55,0.18214,1.61171,0.56818,0.53559,"[0.57143, 0.44444, 0.59091]",23,COMPLETED,9.067

274,20260108_124434,baseline_CASIAB_TOP50.csv,50%,Preset_22,TCN,42,256,"[384, 576, 768]","[3, 6, 9]",3,2,silu,True,True,"[True, True, False]",max,320,L2,"[0.05, 0.1, 0.1]",40,Adam,,3e-05,1e-05,[0.68794326 2.1920904  0.91725768],0.02,1.0,0.11157,1.31345,0.52273,0.44314,"[0.57778, 0.22222, 0.52941]",56,0.43774,1.03122,0.56818,0.55366,"[0.63158, 0.5, 0.52941]",31,COMPLETED,10.976
275,20260108_124434,baseline_OUMVLP_TOP50.csv,50%,Preset_22,TCN,42,256,"[384, 576, 768]","[3, 6, 9]",3,2,silu,True,True,"[True, True, False]",max,320,L2,"[0.05, 0.1, 0.1]",40,Adam,,3e-05,1e-05,[0.68794326 2.1920904  0.91725768],0.02,1.0,0.11248,1.40592,0.5,0.42847,"[0.57143, 0.13333, 0.58065]",84,0.12967,1.40588,0.59091,0.51972,"[0.68085, 0.28571, 0.59259]",72,COMPLETED,16.489
276,20260108_124434,gaitgl_GREW_BNNeck_TOP50.csv,50%,Preset_22,TCN,42,256,"[384, 576, 768]","[3, 6, 9]",3,2,silu,True,True,"[True, True, False]",max,320,L2,"[0.05, 0.1, 0.1]",40,Adam,,3e-05,1e-05,[0.68794326 2.1920904  0.91725768],0.02,1.0,0.11235,1.50039,0.38636,0.33784,"[0.42857, 0.13333, 0.45161]",52,0.47711,1.11353,0.56818,0.47917,"[0.625, 0.25, 0.5625]",26,COMPLETED,11.193
277,20260108_124434,gaitgl_GREW_TOP50.csv,50%,Preset_22,TCN,42,256,"[384, 576, 768]","[3, 6, 9]",3,2,silu,True,True,"[True, True, False]",max,320,L2,"[0.05, 0.1, 0.1]",40,Adam,,3e-05,1e-05,[0.68794326 2.1920904  0.91725768],0.02,1.0,0.10777,1.04962,0.52273,0.38333,"[0.6, 0.0, 0.55]",37,0.10777,1.04962,0.52273,0.38333,"[0.6, 0.0, 0.55]",37,COMPLETED,8.01
278,20260108_124434,gaitgl_OUMVLP_TOP50.csv,50%,Preset_22,TCN,42,256,"[384, 576, 768]","[3, 6, 9]",3,2,silu,True,True,"[True, True, False]",max,320,L2,"[0.05, 0.1, 0.1]",40,Adam,,3e-05,1e-05,[0.68794326 2.1920904  0.91725768],0.02,1.0,0.11731,1.22568,0.45455,0.38393,"[0.57143, 0.14286, 0.4375]",71,0.11825,1.21129,0.52273,0.43056,"[0.625, 0.2, 0.46667]",68,COMPLETED,15.045
279,20260108_124434,gaitgl_TOP50.csv,50%,Preset_22,TCN,42,128,"[384, 576, 768]","[3, 6, 9]",3,2,silu,True,True,"[True, True, False]",max,320,L2,"[0.05, 0.1, 0.1]",40,Adam,,3e-05,1e-05,[0.68794326 2.1920904  0.91725768],0.02,1.0,0.10726,1.13233,0.45455,0.38187,"[0.53846, 0.25, 0.35714]",37,0.12191,1.0943,0.5,0.42679,"[0.55814, 0.22222, 0.5]",32,COMPLETED,7.78
280,20260108_124434,gaitpart_GREW_TOP50.csv,50%,Preset_22,TCN,42,256,"[384, 576, 768]","[3, 6, 9]",3,2,silu,True,True,"[True, True, False]",max,320,L2,"[0.05, 0.1, 0.1]",40,Adam,,3e-05,1e-05,[0.68794326 2.1920904  0.91725768],0.02,1.0,0.11601,1.51896,0.43182,0.34524,"[0.58333, 0.16667, 0.28571]",72,0.28053,1.23416,0.47727,0.44421,"[0.51282, 0.33333, 0.48649]",46,COMPLETED,13.521
281,20260108_124434,gaitpart_OUMVLP_TOP50.csv,50%,Preset_22,TCN,42,256,"[384, 576, 768]","[3, 6, 9]",3,2,silu,True,True,"[True, True, False]",max,320,L2,"[0.05, 0.1, 0.1]",40,Adam,,3e-05,1e-05,[0.68794326 2.1920904  0.91725768],0.02,1.0,0.11621,1.48535,0.56818,0.54443,"[0.63158, 0.42105, 0.58065]",241,0.32092,1.08334,0.65909,0.6305,"[0.64865, 0.5, 0.74286]",120,COMPLETED,44.901
282,20260108_124434,gaitset_GREW_TOP50.csv,50%,Preset_22,TCN,42,256,"[384, 576, 768]","[3, 6, 9]",3,2,silu,True,True,"[True, True, False]",max,320,L2,"[0.05, 0.1, 0.1]",40,Adam,,3e-05,1e-05,[0.68794326 2.1920904  0.91725768],0.02,1.0,0.11459,1.42243,0.52273,0.43434,"[0.63636, 0.18182, 0.48485]",61,0.13082,1.39559,0.59091,0.51917,"[0.69388, 0.36364, 0.5]",53,COMPLETED,13.154
283,20260108_124434,gaitset_OUMVLP_TOP50.csv,50%,Preset_22,TCN,42,256,"[384, 576, 768]","[3, 6, 9]",3,2,silu,True,True,"[True, True, False]",max,320,L2,"[0.05, 0.1, 0.1]",40,Adam,,3e-05,1e-05,[0.68794326 2.1920904  0.91725768],0.02,1.0,0.11812,1.47021,0.52273,0.4623,"[0.625, 0.33333, 0.42857]",160,0.23436,1.29304,0.59091,0.53608,"[0.65, 0.36364, 0.59459]",116,COMPLETED,34.058
284,20260108_124434,gaitset_TOP50.csv,50%,Preset_22,TCN,42,256,"[384, 576, 768]","[3, 6, 9]",3,2,silu,True,True,"[True, True, False]",max,320,L2,"[0.05, 0.1, 0.1]",40,Adam,,3e-05,1e-05,[0.68794326 2.1920904  0.91725768],0.02,1.0,0.11089,1.50268,0.38636,0.25708,"[0.54902, 0.0, 0.22222]",52,0.7249,1.10128,0.45455,0.3868,"[0.53659, 0.16667, 0.45714]",17,COMPLETED,11.15
285,20260108_124434,gln_phase1_TOP50.csv,50%,Preset_22,TCN,42,256,"[384, 576, 768]","[3, 6, 9]",3,2,silu,True,True,"[True, True, False]",max,320,L2,"[0.05, 0.1, 0.1]",40,Adam,,3e-05,1e-05,[0.68794326 2.1920904  0.91725768],0.02,1.0,0.11099,1.07172,0.5,0.4245,"[0.5641, 0.15385, 0.55556]",57,0.51538,0.96576,0.59091,0.55556,"[0.66667, 0.42857, 0.57143]",25,COMPLETED,13.939
286,20260108_124434,gln_phase2_TOP50.csv,50%,Preset_22,TCN,42,256,"[384, 576, 768]","[3, 6, 9]",3,2,silu,True,True,"[True, True, False]",max,320,L2,"[0.05, 0.1, 0.1]",40,Adam,,3e-05,1e-05,[0.68794326 2.1920904  0.91725768],0.02,1.0,0.11034,0.96654,0.61364,0.58695,"[0.60606, 0.47059, 0.68421]",53,0.1918,0.96813,0.63636,0.6182,"[0.60606, 0.52632, 0.72222]",38,COMPLETED,12.879

287,20260108_124434,baseline_CASIAB_TOP50.csv,50%,Preset_23,TCN,42,256,[768],[9],5,2,gelu,True,False,[True],attention,384,L2,[0.05],32,AdamW,,2e-05,1e-05,[0.68794326 2.1920904  0.91725768],0.02,1.0,0.11127,2.31921,0.47727,0.35383,"[0.59091, 0.0, 0.47059]",191,0.17029,2.48156,0.5,0.4153,"[0.63636, 0.14286, 0.46667]",137,COMPLETED,35.233
288,20260108_124434,baseline_OUMVLP_TOP50.csv,50%,Preset_23,TCN,42,256,[768],[9],5,2,gelu,True,False,[True],attention,384,L2,[0.05],32,AdamW,,2e-05,1e-05,[0.68794326 2.1920904  0.91725768],0.02,1.0,0.11373,2.71097,0.40909,0.35332,"[0.43243, 0.15385, 0.47368]",257,0.61887,1.74113,0.45455,0.41369,"[0.42424, 0.22222, 0.59459]",84,COMPLETED,47.323
289,20260108_124434,gaitgl_GREW_BNNeck_TOP50.csv,50%,Preset_23,TCN,42,256,[768],[9],5,2,gelu,True,False,[True],attention,384,L2,[0.05],32,AdamW,,2e-05,1e-05,[0.68794326 2.1920904  0.91725768],0.02,1.0,0.11527,2.4218,0.38636,0.33537,"[0.43902, 0.14286, 0.42424]",143,0.73569,1.21511,0.45455,0.4137,"[0.57895, 0.21053, 0.45161]",32,COMPLETED,28.712
290,20260108_124434,gaitgl_GREW_TOP50.csv,50%,Preset_23,TCN,42,256,[768],[9],5,2,gelu,True,False,[True],attention,384,L2,[0.05],32,AdamW,,2e-05,1e-05,[0.68794326 2.1920904  0.91725768],0.02,1.0,0.11149,1.68197,0.5,0.36275,"[0.58824, 0.0, 0.5]",74,0.71203,1.07131,0.52273,0.47685,"[0.60465, 0.21053, 0.61538]",20,COMPLETED,14.75
291,20260108_124434,gaitgl_OUMVLP_TOP50.csv,50%,Preset_23,TCN,42,256,[768],[9],5,2,gelu,True,False,[True],attention,384,L2,[0.05],32,AdamW,,2e-05,1e-05,[0.68794326 2.1920904  0.91725768],0.02,1.0,0.10824,1.86099,0.45455,0.35106,"[0.55319, 0.0, 0.5]",183,0.65254,1.09642,0.52273,0.44091,"[0.58537, 0.18182, 0.55556]",46,COMPLETED,36.369
292,20260108_124434,gaitgl_TOP50.csv,50%,Preset_23,TCN,42,128,[768],[9],5,2,gelu,True,False,[True],attention,384,L2,[0.05],32,AdamW,,2e-05,1e-05,[0.68794326 2.1920904  0.91725768],0.02,1.0,0.1146,2.39074,0.40909,0.40248,"[0.43243, 0.375, 0.4]",101,0.19024,2.01515,0.5,0.49897,"[0.47059, 0.5, 0.52632]",61,COMPLETED,19.877
293,20260108_124434,gaitpart_GREW_TOP50.csv,50%,Preset_23,TCN,42,256,[768],[9],5,2,gelu,True,False,[True],attention,384,L2,[0.05],32,AdamW,,2e-05,1e-05,[0.68794326 2.1920904  0.91725768],0.02,1.0,0.11716,2.27414,0.43182,0.32963,"[0.5, 0.0, 0.48889]",254,0.2007,1.85866,0.54545,0.45917,"[0.63158, 0.18182, 0.5641]",195,COMPLETED,45.03
294,20260108_124434,gaitpart_OUMVLP_TOP50.csv,50%,Preset_23,TCN,42,256,[768],[9],5,2,gelu,True,False,[True],attention,384,L2,[0.05],32,AdamW,,2e-05,1e-05,[0.68794326 2.1920904  0.91725768],0.02,1.0,0.11854,3.14605,0.34091,0.33825,"[0.30303, 0.33333, 0.37838]",765,0.64638,1.13545,0.63636,0.59617,"[0.68182, 0.46154, 0.64516]",273,COMPLETED,135.586
295,20260108_124434,gaitset_GREW_TOP50.csv,50%,Preset_23,TCN,42,256,[768],[9],5,2,gelu,True,False,[True],attention,384,L2,[0.05],32,AdamW,,2e-05,1e-05,[0.68794326 2.1920904  0.91725768],0.02,1.0,0.11069,2.53869,0.34091,0.3129,"[0.54054, 0.14815, 0.25]",229,0.33622,1.96947,0.52273,0.49318,"[0.5625, 0.35294, 0.5641]",113,COMPLETED,45.559
296,20260108_124434,gaitset_OUMVLP_TOP50.csv,50%,Preset_23,TCN,42,256,[768],[9],5,2,gelu,True,False,[True],attention,384,L2,[0.05],32,AdamW,,2e-05,1e-05,[0.68794326 2.1920904  0.91725768],0.02,1.0,0.11791,2.05164,0.5,0.44928,"[0.6, 0.4, 0.34783]",323,0.14183,2.1043,0.52273,0.48726,"[0.60465, 0.4, 0.45714]",265,COMPLETED,64.526
297,20260108_124434,gaitset_TOP50.csv,50%,Preset_23,TCN,42,256,[768],[9],5,2,gelu,True,False,[True],attention,384,L2,[0.05],32,AdamW,,2e-05,1e-05,[0.68794326 2.1920904  0.91725768],0.02,1.0,0.11434,2.98667,0.27273,0.21292,"[0.37209, 0.0, 0.26667]",155,0.56001,1.4069,0.47727,0.4061,"[0.48649, 0.18182, 0.55]",48,COMPLETED,30.963
298,20260108_124434,gln_phase1_TOP50.csv,50%,Preset_23,TCN,42,256,[768],[9],5,2,gelu,True,False,[True],attention,384,L2,[0.05],32,AdamW,,2e-05,1e-05,[0.68794326 2.1920904  0.91725768],0.02,1.0,0.11219,2.08868,0.40909,0.37765,"[0.48649, 0.22222, 0.42424]",166,0.13329,2.11575,0.5,0.45023,"[0.61538, 0.23529, 0.5]",150,COMPLETED,36.72
299,20260108_124434,gln_phase2_TOP50.csv,50%,Preset_23,TCN,42,256,[768],[9],5,2,gelu,True,False,[True],attention,384,L2,[0.05],32,AdamW,,2e-05,1e-05,[0.68794326 2.1920904  0.91725768],0.02,1.0,0.11336,1.89562,0.5,0.49897,"[0.52632, 0.5, 0.47059]",137,0.38943,1.22987,0.61364,0.58244,"[0.66667, 0.5, 0.58065]",61,COMPLETED,30.015

300,20260108_124434,baseline_CASIAB_TOP50.csv,50%,Preset_24,TCN,42,256,"[256, 256]","[1, 4]",7,3,gelu,True,True,"[True, True]",max,256,minmax,"[0.1, 0.1]",96,AdamW,,0.00015,5e-06,[0.68794326 2.1920904  0.91725768],0.02,1.0,0.11455,1.90207,0.43182,0.43597,"[0.47368, 0.47059, 0.36364]",175,0.2464,1.61497,0.45455,0.446,"[0.52632, 0.45455, 0.35714]",108,COMPLETED,14.294
301,20260108_124434,baseline_OUMVLP_TOP50.csv,50%,Preset_24,TCN,42,256,"[256, 256]","[1, 4]",7,3,gelu,True,True,"[True, True]",max,256,minmax,"[0.1, 0.1]",96,AdamW,,0.00015,5e-06,[0.68794326 2.1920904  0.91725768],0.02,1.0,0.11578,1.93169,0.40909,0.31129,"[0.42105, 0.0, 0.51282]",216,0.42413,1.30948,0.5,0.43994,"[0.6087, 0.26667, 0.44444]",109,COMPLETED,17.593
302,20260108_124434,gaitgl_GREW_BNNeck_TOP50.csv,50%,Preset_24,TCN,42,256,"[256, 256]","[1, 4]",7,3,gelu,True,True,"[True, True]",max,256,minmax,"[0.1, 0.1]",96,AdamW,,0.00015,5e-06,[0.68794326 2.1920904  0.91725768],0.02,1.0,0.11114,2.19009,0.34091,0.30808,"[0.4, 0.1, 0.42424]",155,0.70626,1.10396,0.52273,0.42142,"[0.62963, 0.25, 0.38462]",56,COMPLETED,13.978
303,20260108_124434,gaitgl_GREW_TOP50.csv,50%,Preset_24,TCN,42,256,"[256, 256]","[1, 4]",7,3,gelu,True,True,"[True, True]",max,256,minmax,"[0.1, 0.1]",96,AdamW,,0.00015,5e-06,[0.68794326 2.1920904  0.91725768],0.02,1.0,0.10909,1.31182,0.45455,0.38719,"[0.58824, 0.33333, 0.24]",85,0.10853,1.26581,0.54545,0.53535,"[0.63636, 0.54545, 0.42424]",84,COMPLETED,7.71
304,20260108_124434,gaitgl_OUMVLP_TOP50.csv,50%,Preset_24,TCN,42,256,"[256, 256]","[1, 4]",7,3,gelu,True,True,"[True, True]",max,256,minmax,"[0.1, 0.1]",96,AdamW,,0.00015,5e-06,[0.68794326 2.1920904  0.91725768],0.02,1.0,0.10819,1.45164,0.52273,0.44074,"[0.6, 0.16667, 0.55556]",223,0.11087,1.33393,0.59091,0.52588,"[0.68182, 0.33333, 0.5625]",222,COMPLETED,19.904
305,20260108_124434,gaitgl_TOP50.csv,50%,Preset_24,TCN,42,128,"[256, 256]","[1, 4]",7,3,gelu,True,True,"[True, True]",max,256,minmax,"[0.1, 0.1]",96,AdamW,,0.00015,5e-06,[0.68794326 2.1920904  0.91725768],0.02,1.0,0.11501,1.50749,0.43182,0.41549,"[0.46154, 0.33333, 0.45161]",84,0.11889,1.66207,0.5,0.46468,"[0.4, 0.375, 0.61905]",76,COMPLETED,7.174
306,20260108_124434,gaitpart_GREW_TOP50.csv,50%,Preset_24,TCN,42,256,"[256, 256]","[1, 4]",7,3,gelu,True,True,"[True, True]",max,256,minmax,"[0.1, 0.1]",96,AdamW,,0.00015,5e-06,[0.68794326 2.1920904  0.91725768],0.02,1.0,0.11043,1.79856,0.45455,0.41912,"[0.48889, 0.28571, 0.48276]",172,0.21446,1.64386,0.54545,0.52286,"[0.59091, 0.46154, 0.51613]",137,COMPLETED,13.21
307,20260108_124434,gaitpart_OUMVLP_TOP50.csv,50%,Preset_24,TCN,42,256,"[256, 256]","[1, 4]",7,3,gelu,True,True,"[True, True]",max,256,minmax,"[0.1, 0.1]",96,AdamW,,0.00015,5e-06,[0.68794326 2.1920904  0.91725768],0.02,1.0,0.11126,1.86189,0.47727,0.43524,"[0.52941, 0.25, 0.52632]",466,0.12482,1.52851,0.63636,0.56802,"[0.7234, 0.4, 0.58065]",449,COMPLETED,35.413
308,20260108_124434,gaitset_GREW_TOP50.csv,50%,Preset_24,TCN,42,256,"[256, 256]","[1, 4]",7,3,gelu,True,True,"[True, True]",max,256,minmax,"[0.1, 0.1]",96,AdamW,,0.00015,5e-06,[0.68794326 2.1920904  0.91725768],0.02,1.0,0.11569,1.40273,0.54545,0.44311,"[0.68085, 0.18182, 0.46667]",155,0.36001,1.33191,0.54545,0.53166,"[0.54545, 0.47059, 0.57895]",83,COMPLETED,13.528
309,20260108_124434,gaitset_OUMVLP_TOP50.csv,50%,Preset_24,TCN,42,256,"[256, 256]","[1, 4]",7,3,gelu,True,True,"[True, True]",max,256,minmax,"[0.1, 0.1]",96,AdamW,,0.00015,5e-06,[0.68794326 2.1920904  0.91725768],0.02,1.0,0.11454,1.76399,0.45455,0.32313,"[0.61224, 0.0, 0.35714]",569,0.27582,1.96941,0.5,0.47778,"[0.6, 0.33333, 0.5]",358,COMPLETED,50.124
310,20260108_124434,gaitset_TOP50.csv,50%,Preset_24,TCN,42,256,"[256, 256]","[1, 4]",7,3,gelu,True,True,"[True, True]",max,256,minmax,"[0.1, 0.1]",96,AdamW,,0.00015,5e-06,[0.68794326 2.1920904  0.91725768],0.02,1.0,0.11097,1.91208,0.34091,0.24799,"[0.52174, 0.0, 0.22222]",190,0.74005,1.30839,0.43182,0.39304,"[0.57143, 0.30769, 0.3]",49,COMPLETED,16.838
311,20260108_124434,gln_phase1_TOP50.csv,50%,Preset_24,TCN,42,256,"[256, 256]","[1, 4]",7,3,gelu,True,True,"[True, True]",max,256,minmax,"[0.1, 0.1]",96,AdamW,,0.00015,5e-06,[0.68794326 2.1920904  0.91725768],0.02,1.0,0.11868,1.35937,0.52273,0.46838,"[0.66667, 0.2, 0.53846]",180,0.1251,1.2924,0.63636,0.55354,"[0.73469, 0.33333, 0.59259]",153,COMPLETED,18.615
312,20260108_124434,gln_phase2_TOP50.csv,50%,Preset_24,TCN,42,256,"[256, 256]","[1, 4]",7,3,gelu,True,True,"[True, True]",max,256,minmax,"[0.1, 0.1]",96,AdamW,,0.00015,5e-06,[0.68794326 2.1920904  0.91725768],0.02,1.0,0.11829,1.28992,0.56818,0.51033,"[0.64865, 0.23529, 0.64706]",158,0.14417,1.31567,0.65909,0.58159,"[0.72222, 0.28571, 0.73684]",130,COMPLETED,16.838

313,20260108_124434,baseline_CASIAB_TOP50.csv,50%,Preset_25,TCN,42,256,"[768, 768, 768]","[1, 2, 4]",3,2,gelu,True,True,"[True, True, True]",attention,256,L2,"[0.1, 0.1, 0.1]",96,Adam,,8e-05,1e-05,[0.68794326 2.1920904  0.91725768],0.02,1.0,0.1081,1.89442,0.40909,0.31111,"[0.47619, 0.0, 0.45714]",83,0.47497,1.37451,0.54545,0.51247,"[0.63636, 0.42105, 0.48]",34,COMPLETED,12.709
314,20260108_124434,baseline_OUMVLP_TOP50.csv,50%,Preset_25,TCN,42,256,"[768, 768, 768]","[1, 2, 4]",3,2,gelu,True,True,"[True, True, True]",attention,256,L2,"[0.1, 0.1, 0.1]",96,Adam,,8e-05,1e-05,[0.68794326 2.1920904  0.91725768],0.02,1.0,0.10624,1.79362,0.47727,0.35302,"[0.47368, 0.0, 0.58537]",136,0.1894,1.68979,0.56818,0.48623,"[0.7234, 0.23529, 0.5]",80,COMPLETED,20.681
315,20260108_124434,gaitgl_GREW_BNNeck_TOP50.csv,50%,Preset_25,TCN,42,256,"[768, 768, 768]","[1, 2, 4]",3,2,gelu,True,True,"[True, True, True]",attention,256,L2,"[0.1, 0.1, 0.1]",96,Adam,,8e-05,1e-05,[0.68794326 2.1920904  0.91725768],0.02,1.0,0.11364,2.37043,0.38636,0.2721,"[0.52, 0.0, 0.2963]",81,0.24122,2.01416,0.45455,0.41946,"[0.4878, 0.28571, 0.48485]",49,COMPLETED,16.327
316,20260108_124434,gaitgl_GREW_TOP50.csv,50%,Preset_25,TCN,42,256,"[768, 768, 768]","[1, 2, 4]",3,2,gelu,True,True,"[True, True, True]",attention,256,L2,"[0.1, 0.1, 0.1]",96,Adam,,8e-05,1e-05,[0.68794326 2.1920904  0.91725768],0.02,1.0,0.10782,1.33903,0.5,0.42593,"[0.66667, 0.11111, 0.5]",28,0.34188,1.03663,0.63636,0.46098,"[0.68293, 0.0, 0.7]",17,COMPLETED,5.598
317,20260108_124434,gaitgl_OUMVLP_TOP50.csv,50%,Preset_25,TCN,42,256,"[768, 768, 768]","[1, 2, 4]",3,2,gelu,True,True,"[True, True, True]",attention,256,L2,"[0.1, 0.1, 0.1]",96,Adam,,8e-05,1e-05,[0.68794326 2.1920904  0.91725768],0.02,1.0,0.10656,1.64896,0.54545,0.41378,"[0.67857, 0.18182, 0.38095]",136,0.38608,1.32899,0.56818,0.48623,"[0.7234, 0.23529, 0.5]",47,COMPLETED,27.26
318,20260108_124434,gaitgl_TOP50.csv,50%,Preset_25,TCN,42,128,"[768, 768, 768]","[1, 2, 4]",3,2,gelu,True,True,"[True, True, True]",attention,256,L2,"[0.1, 0.1, 0.1]",96,Adam,,8e-05,1e-05,[0.68794326 2.1920904  0.91725768],0.02,1.0,0.10931,1.65849,0.52273,0.49055,"[0.58537, 0.35294, 0.53333]",41,0.10931,1.65849,0.52273,0.49055,"[0.58537, 0.35294, 0.53333]",41,COMPLETED,8.183
319,20260108_124434,gaitpart_GREW_TOP50.csv,50%,Preset_25,TCN,42,256,"[768, 768, 768]","[1, 2, 4]",3,2,gelu,True,True,"[True, True, True]",attention,256,L2,"[0.1, 0.1, 0.1]",96,Adam,,8e-05,1e-05,[0.68794326 2.1920904  0.91725768],0.02,1.0,0.11327,2.0844,0.5,0.50211,"[0.4878, 0.5, 0.51852]",161,0.11167,1.8011,0.65909,0.63179,"[0.72, 0.61538, 0.56]",160,COMPLETED,20.616
320,20260108_124434,gaitpart_OUMVLP_TOP50.csv,50%,Preset_25,TCN,42,256,"[768, 768, 768]","[1, 2, 4]",3,2,gelu,True,True,"[True, True, True]",attention,256,L2,"[0.1, 0.1, 0.1]",96,Adam,,8e-05,1e-05,[0.68794326 2.1920904  0.91725768],0.02,1.0,0.13383,1.60658,0.52273,0.4697,"[0.68182, 0.36364, 0.36364]",487,0.2326,1.02366,0.68182,0.63527,"[0.73913, 0.5, 0.66667]",373,STOPPED,59.314
321,20260108_124434,gaitset_GREW_TOP50.csv,50%,Preset_25,TCN,42,256,"[768, 768, 768]","[1, 2, 4]",3,2,gelu,True,True,"[True, True, True]",attention,256,L2,"[0.1, 0.1, 0.1]",96,Adam,,8e-05,1e-05,[0.68794326 2.1920904  0.91725768],0.02,1.0,0.10494,2.16164,0.43182,0.34462,"[0.56, 0.15385, 0.32]",86,0.12702,2.02751,0.45455,0.37721,"[0.57778, 0.15385, 0.4]",60,COMPLETED,17.051
322,20260108_124434,gaitset_OUMVLP_TOP50.csv,50%,Preset_25,TCN,42,256,"[768, 768, 768]","[1, 2, 4]",3,2,gelu,True,True,"[True, True, True]",attention,256,L2,"[0.1, 0.1, 0.1]",96,Adam,,8e-05,1e-05,[0.68794326 2.1920904  0.91725768],0.02,1.0,0.10814,2.08971,0.40909,0.3537,"[0.44444, 0.16667, 0.45]",326,0.12411,1.91801,0.52273,0.50326,"[0.63158, 0.41667, 0.46154]",285,COMPLETED,64.042
323,20260108_124434,gaitset_TOP50.csv,50%,Preset_25,TCN,42,256,"[768, 768, 768]","[1, 2, 4]",3,2,gelu,True,True,"[True, True, True]",attention,256,L2,"[0.1, 0.1, 0.1]",96,Adam,,8e-05,1e-05,[0.68794326 2.1920904  0.91725768],0.02,1.0,0.10885,1.84552,0.52273,0.38942,"[0.69767, 0.0, 0.47059]",74,0.18902,2.33991,0.5,0.44709,"[0.61905, 0.22222, 0.5]",56,COMPLETED,14.586
324,20260108_124434,gln_phase1_TOP50.csv,50%,Preset_25,TCN,42,256,"[768, 768, 768]","[1, 2, 4]",3,2,gelu,True,True,"[True, True, True]",attention,256,L2,"[0.1, 0.1, 0.1]",96,Adam,,8e-05,1e-05,[0.68794326 2.1920904  0.91725768],0.02,1.0,0.11288,1.93238,0.52273,0.44179,"[0.5641, 0.16667, 0.59459]",75,0.1617,1.71271,0.61364,0.49984,"[0.70588, 0.22222, 0.57143]",58,COMPLETED,18.62
325,20260108_124434,gln_phase2_TOP50.csv,50%,Preset_25,TCN,42,256,"[768, 768, 768]","[1, 2, 4]",3,2,gelu,True,True,"[True, True, True]",attention,256,L2,"[0.1, 0.1, 0.1]",96,Adam,,8e-05,1e-05,[0.68794326 2.1920904  0.91725768],0.02,1.0,0.10955,1.78108,0.40909,0.37143,"[0.52381, 0.19048, 0.4]",76,0.46885,1.19872,0.68182,0.60268,"[0.75676, 0.33333, 0.71795]",27,COMPLETED,18.932

326,20260108_124434,baseline_CASIAB_TOP50.csv,50%,Preset_26,TCN,42,256,"[256, 384, 512, 640]","[1, 2, 4, 8]",5,2,gelu,True,True,"[True, True, True, True]",attention,384,L2,"[0.05, 0.05, 0.1, 0.1]",64,AdamW,,0.00015,0.0001,[0.68794326 2.1920904  0.91725768],0.02,1.0,0.10769,1.90076,0.36364,0.26993,"[0.4898, 0.0, 0.32]",41,0.13425,1.98307,0.47727,0.45636,"[0.5, 0.35294, 0.51613]",36,COMPLETED,7.491
327,20260108_124434,baseline_OUMVLP_TOP50.csv,50%,Preset_26,TCN,42,256,"[256, 384, 512, 640]","[1, 2, 4, 8]",5,2,gelu,True,True,"[True, True, True, True]",attention,384,L2,"[0.05, 0.05, 0.1, 0.1]",64,AdamW,,0.00015,0.0001,[0.68794326 2.1920904  0.91725768],0.02,1.0,0.10376,1.46072,0.54545,0.45913,"[0.60465, 0.16667, 0.60606]",83,0.10449,1.50048,0.61364,0.5524,"[0.63636, 0.33333, 0.6875]",82,COMPLETED,15.28
328,20260108_124434,gaitgl_GREW_BNNeck_TOP50.csv,50%,Preset_26,TCN,42,256,"[256, 384, 512, 640]","[1, 2, 4, 8]",5,2,gelu,True,True,"[True, True, True, True]",attention,384,L2,"[0.05, 0.05, 0.1, 0.1]",64,AdamW,,0.00015,0.0001,[0.68794326 2.1920904  0.91725768],0.02,1.0,0.1045,1.72293,0.52273,0.46296,"[0.62222, 0.26667, 0.5]",43,0.1258,1.56995,0.61364,0.50817,"[0.69388, 0.25, 0.58065]",37,COMPLETED,9.471
329,20260108_124434,gaitgl_GREW_TOP50.csv,50%,Preset_26,TCN,42,256,"[256, 384, 512, 640]","[1, 2, 4, 8]",5,2,gelu,True,True,"[True, True, True, True]",attention,384,L2,"[0.05, 0.05, 0.1, 0.1]",64,AdamW,,0.00015,0.0001,[0.68794326 2.1920904  0.91725768],0.02,1.0,0.10284,1.46668,0.59091,0.48889,"[0.66667, 0.2, 0.6]",21,0.10738,1.36074,0.63636,0.59263,"[0.69565, 0.46154, 0.62069]",17,COMPLETED,4.595
330,20260108_124434,gaitgl_OUMVLP_TOP50.csv,50%,Preset_26,TCN,42,256,"[256, 384, 512, 640]","[1, 2, 4, 8]",5,2,gelu,True,True,"[True, True, True, True]",attention,384,L2,"[0.05, 0.05, 0.1, 0.1]",64,AdamW,,0.00015,0.0001,[0.68794326 2.1920904  0.91725768],0.02,1.0,0.1031,1.49698,0.5,0.39853,"[0.61224, 0.0, 0.58333]",48,0.12574,1.55144,0.56818,0.41241,"[0.61224, 0.0, 0.625]",42,COMPLETED,10.272
331,20260108_124434,gaitgl_TOP50.csv,50%,Preset_26,TCN,42,128,"[256, 384, 512, 640]","[1, 2, 4, 8]",5,2,gelu,True,True,"[True, True, True, True]",attention,384,L2,"[0.05, 0.05, 0.1, 0.1]",64,AdamW,,0.00015,0.0001,[0.68794326 2.1920904  0.91725768],0.02,1.0,0.10506,2.05695,0.5,0.36622,"[0.55319, 0.0, 0.54545]",21,0.10512,1.79244,0.5,0.42278,"[0.55319, 0.18182, 0.53333]",20,COMPLETED,4.405
332,20260108_124434,gaitpart_GREW_TOP50.csv,50%,Preset_26,TCN,42,256,"[256, 384, 512, 640]","[1, 2, 4, 8]",5,2,gelu,True,True,"[True, True, True, True]",attention,384,L2,"[0.05, 0.05, 0.1, 0.1]",64,AdamW,,0.00015,0.0001,[0.68794326 2.1920904  0.91725768],0.02,1.0,0.11394,1.96475,0.47727,0.35758,"[0.61818, 0.18182, 0.27273]",83,0.11149,1.77278,0.56818,0.53216,"[0.65217, 0.46154, 0.48276]",80,COMPLETED,14.736
333,20260108_124434,gaitpart_OUMVLP_TOP50.csv,50%,Preset_26,TCN,42,256,"[256, 384, 512, 640]","[1, 2, 4, 8]",5,2,gelu,True,True,"[True, True, True, True]",attention,384,L2,"[0.05, 0.05, 0.1, 0.1]",64,AdamW,,0.00015,0.0001,[0.68794326 2.1920904  0.91725768],0.02,1.0,0.10374,1.42998,0.68182,0.64392,"[0.75556, 0.53333, 0.64286]",350,0.40748,1.02652,0.70455,0.70536,"[0.71429, 0.71429, 0.6875]",235,COMPLETED,60.118
334,20260108_124434,gaitset_GREW_TOP50.csv,50%,Preset_26,TCN,42,256,"[256, 384, 512, 640]","[1, 2, 4, 8]",5,2,gelu,True,True,"[True, True, True, True]",attention,384,L2,"[0.05, 0.05, 0.1, 0.1]",64,AdamW,,0.00015,0.0001,[0.68794326 2.1920904  0.91725768],0.02,1.0,0.10361,2.07025,0.38636,0.27042,"[0.55319, 0.0, 0.25806]",52,0.10909,2.59411,0.36364,0.36475,"[0.41379, 0.26667, 0.41379]",46,COMPLETED,11.223
335,20260108_124434,gaitset_OUMVLP_TOP50.csv,50%,Preset_26,TCN,42,256,"[256, 384, 512, 640]","[1, 2, 4, 8]",5,2,gelu,True,True,"[True, True, True, True]",attention,384,L2,"[0.05, 0.05, 0.1, 0.1]",64,AdamW,,0.00015,0.0001,[0.68794326 2.1920904  0.91725768],0.02,1.0,0.10516,1.63645,0.52273,0.3731,"[0.73469, 0.0, 0.38462]",191,0.16555,1.50817,0.63636,0.45556,"[0.75556, 0.0, 0.61111]",144,COMPLETED,40.519
336,20260108_124434,gaitset_TOP50.csv,50%,Preset_26,TCN,42,256,"[256, 384, 512, 640]","[1, 2, 4, 8]",5,2,gelu,True,True,"[True, True, True, True]",attention,384,L2,"[0.05, 0.05, 0.1, 0.1]",64,AdamW,,0.00015,0.0001,[0.68794326 2.1920904  0.91725768],0.02,1.0,0.1068,1.93911,0.43182,0.29124,"[0.56604, 0.0, 0.30769]",39,0.5712,1.22904,0.47727,0.45756,"[0.51282, 0.375, 0.48485]",9,COMPLETED,8.293
337,20260108_124434,gln_phase1_TOP50.csv,50%,Preset_26,TCN,42,256,"[256, 384, 512, 640]","[1, 2, 4, 8]",5,2,gelu,True,True,"[True, True, True, True]",attention,384,L2,"[0.05, 0.05, 0.1, 0.1]",64,AdamW,,0.00015,0.0001,[0.68794326 2.1920904  0.91725768],0.02,1.0,0.11129,1.44124,0.54545,0.40226,"[0.64865, 0.0, 0.55814]",40,0.13665,1.42955,0.65909,0.53022,"[0.76923, 0.25, 0.57143]",34,COMPLETED,10.073
338,20260108_124434,gln_phase2_TOP50.csv,50%,Preset_26,TCN,42,256,"[256, 384, 512, 640]","[1, 2, 4, 8]",5,2,gelu,True,True,"[True, True, True, True]",attention,384,L2,"[0.05, 0.05, 0.1, 0.1]",64,AdamW,,0.00015,0.0001,[0.68794326 2.1920904  0.91725768],0.02,1.0,0.1063,1.40323,0.56818,0.46667,"[0.66667, 0.2, 0.53333]",46,0.15546,1.33174,0.59091,0.58519,"[0.6, 0.55556, 0.6]",30,COMPLETED,11.478

339,20260108_124434,baseline_CASIAB_TOP50.csv,50%,Preset_27,TCN,42,256,"[512, 512]","[1, 2]",3,1,gelu,True,True,"[True, True]",attention,320,L2,"[0.0, 0.1]",48,AdamW,,2e-05,1e-05,[0.68794326 2.1920904  0.91725768],0.02,1.0,0.11457,1.51821,0.45455,0.32927,"[0.4878, 0.0, 0.5]",136,0.73048,1.11459,0.5,0.44197,"[0.59574, 0.28571, 0.44444]",38,COMPLETED,15.124
340,20260108_124434,baseline_OUMVLP_TOP50.csv,50%,Preset_27,TCN,42,256,"[512, 512]","[1, 2]",3,1,gelu,True,True,"[True, True]",attention,320,L2,"[0.0, 0.1]",48,AdamW,,2e-05,1e-05,[0.68794326 2.1920904  0.91725768],0.02,1.0,0.11531,1.97543,0.52273,0.38448,"[0.56522, 0.0, 0.58824]",204,0.1238,1.87962,0.54545,0.39898,"[0.6087, 0.0, 0.58824]",186,COMPLETED,22.459
341,20260108_124434,gaitgl_GREW_BNNeck_TOP50.csv,50%,Preset_27,TCN,42,256,"[512, 512]","[1, 2]",3,1,gelu,True,True,"[True, True]",attention,320,L2,"[0.0, 0.1]",48,AdamW,,2e-05,1e-05,[0.68794326 2.1920904  0.91725768],0.02,1.0,0.1131,1.90064,0.43182,0.31983,"[0.48889, 0.0, 0.47059]",124,0.12239,1.91988,0.43182,0.36651,"[0.52174, 0.13333, 0.44444]",114,COMPLETED,14.762
342,20260108_124434,gaitgl_GREW_TOP50.csv,50%,Preset_27,TCN,42,256,"[512, 512]","[1, 2]",3,1,gelu,True,True,"[True, True]",attention,320,L2,"[0.0, 0.1]",48,AdamW,,2e-05,1e-05,[0.68794326 2.1920904  0.91725768],0.02,1.0,0.1158,2.29334,0.34091,0.25231,"[0.44444, 0.0, 0.3125]",79,0.3515,1.56451,0.40909,0.30681,"[0.53333, 0.0, 0.3871]",40,COMPLETED,9.389
343,20260108_124434,gaitgl_OUMVLP_TOP50.csv,50%,Preset_27,TCN,42,256,"[512, 512]","[1, 2]",3,1,gelu,True,True,"[True, True]",attention,320,L2,"[0.0, 0.1]",48,AdamW,,2e-05,1e-05,[0.68794326 2.1920904  0.91725768],0.02,1.0,0.11676,2.10331,0.45455,0.34392,"[0.55556, 0.0, 0.47619]",153,0.12617,1.77381,0.52273,0.38316,"[0.58537, 0.0, 0.5641]",139,COMPLETED,18.129
344,20260108_124434,gaitgl_TOP50.csv,50%,Preset_27,TCN,42,128,"[512, 512]","[1, 2]",3,1,gelu,True,True,"[True, True]",attention,320,L2,"[0.0, 0.1]",48,AdamW,,2e-05,1e-05,[0.68794326 2.1920904  0.91725768],0.02,1.0,0.11459,1.81605,0.45455,0.39211,"[0.45, 0.2, 0.52632]",87,0.14702,1.62822,0.47727,0.41058,"[0.47619, 0.2, 0.55556]",69,COMPLETED,9.869
345,20260108_124434,gaitpart_GREW_TOP50.csv,50%,Preset_27,TCN,42,256,"[512, 512]","[1, 2]",3,1,gelu,True,True,"[True, True]",attention,320,L2,"[0.0, 0.1]",48,AdamW,,2e-05,1e-05,[0.68794326 2.1920904  0.91725768],0.02,1.0,0.11281,2.00301,0.40909,0.35215,"[0.46512, 0.15385, 0.4375]",126,0.65083,1.20774,0.47727,0.47504,"[0.47059, 0.45455, 0.5]",47,COMPLETED,13.067
346,20260108_124434,gaitpart_OUMVLP_TOP50.csv,50%,Preset_27,TCN,42,256,"[512, 512]","[1, 2]",3,1,gelu,True,True,"[True, True]",attention,320,L2,"[0.0, 0.1]",48,AdamW,,2e-05,1e-05,[0.68794326 2.1920904  0.91725768],0.02,1.0,0.11589,2.18583,0.45455,0.43684,"[0.45714, 0.27273, 0.58065]",747,0.64321,1.20014,0.63636,0.62782,"[0.62857, 0.58824, 0.66667]",241,COMPLETED,76.627
347,20260108_124434,gaitset_GREW_TOP50.csv,50%,Preset_27,TCN,42,256,"[512, 512]","[1, 2]",3,1,gelu,True,True,"[True, True]",attention,320,L2,"[0.0, 0.1]",48,AdamW,,2e-05,1e-05,[0.68794326 2.1920904  0.91725768],0.02,1.0,0.11449,1.69866,0.43182,0.36382,"[0.55814, 0.13333, 0.4]",108,0.74806,1.11879,0.43182,0.43103,"[0.3871, 0.44444, 0.46154]",37,COMPLETED,12.71
348,20260108_124434,gaitset_OUMVLP_TOP50.csv,50%,Preset_27,TCN,42,256,"[512, 512]","[1, 2]",3,1,gelu,True,True,"[True, True]",attention,320,L2,"[0.0, 0.1]",48,AdamW,,2e-05,1e-05,[0.68794326 2.1920904  0.91725768],0.02,1.0,0.11388,2.62468,0.34091,0.3002,"[0.37838, 0.13333, 0.38889]",340,0.14412,2.32578,0.45455,0.39206,"[0.47619, 0.2, 0.5]",297,COMPLETED,39.844
349,20260108_124434,gaitset_TOP50.csv,50%,Preset_27,TCN,42,256,"[512, 512]","[1, 2]",3,1,gelu,True,True,"[True, True]",attention,320,L2,"[0.0, 0.1]",48,AdamW,,2e-05,1e-05,[0.68794326 2.1920904  0.91725768],0.02,1.0,0.11641,2.60486,0.38636,0.35535,"[0.45455, 0.26667, 0.34483]",114,0.17201,2.2446,0.40909,0.38749,"[0.47619, 0.33333, 0.35294]",82,COMPLETED,13.532
350,20260108_124434,gln_phase1_TOP50.csv,50%,Preset_27,TCN,42,256,"[512, 512]","[1, 2]",3,1,gelu,True,True,"[True, True]",attention,320,L2,"[0.0, 0.1]",48,AdamW,,2e-05,1e-05,[0.68794326 2.1920904  0.91725768],0.02,1.0,0.11722,1.90764,0.5,0.41595,"[0.62222, 0.14286, 0.48276]",137,0.31715,1.64769,0.56818,0.53382,"[0.68293, 0.4, 0.51852]",73,COMPLETED,17.204
351,20260108_124434,gln_phase2_TOP50.csv,50%,Preset_27,TCN,42,256,"[512, 512]","[1, 2]",3,1,gelu,True,True,"[True, True]",attention,320,L2,"[0.0, 0.1]",48,AdamW,,2e-05,1e-05,[0.68794326 2.1920904  0.91725768],0.02,1.0,0.11318,2.00908,0.45455,0.41589,"[0.51282, 0.25, 0.48485]",93,0.74388,1.1663,0.5,0.45504,"[0.52941, 0.28571, 0.55]",37,COMPLETED,11.778

352,20260108_124434,baseline_CASIAB_TOP50.csv,50%,Preset_28,TCN,42,256,"[192, 256, 384, 512]","[1, 2, 4, 8]",3,2,silu,True,True,"[True, True, True, True]",max,256,minmax,"[None, 0.05, 0.05, 0.1]",96,AdamW,,0.00015,1e-05,[0.68794326 2.1920904  0.91725768],0.02,1.0,0.11868,1.56993,0.43182,0.31258,"[0.47619, 0.0, 0.46154]",74,0.54688,1.01058,0.56818,0.52256,"[0.62222, 0.4, 0.54545]",29,COMPLETED,8.676
353,20260108_124434,baseline_OUMVLP_TOP50.csv,50%,Preset_28,TCN,42,256,"[192, 256, 384, 512]","[1, 2, 4, 8]",3,2,silu,True,True,"[True, True, True, True]",max,256,minmax,"[None, 0.05, 0.05, 0.1]",96,AdamW,,0.00015,1e-05,[0.68794326 2.1920904  0.91725768],0.02,1.0,0.11913,1.4955,0.47727,0.40128,"[0.4, 0.15385, 0.65]",138,0.15676,1.27086,0.61364,0.55366,"[0.65217, 0.36364, 0.64516]",79,COMPLETED,15.617
354,20260108_124434,gaitgl_GREW_BNNeck_TOP50.csv,50%,Preset_28,TCN,42,256,"[192, 256, 384, 512]","[1, 2, 4, 8]",3,2,silu,True,True,"[True, True, True, True]",max,256,minmax,"[None, 0.05, 0.05, 0.1]",96,AdamW,,0.00015,1e-05,[0.68794326 2.1920904  0.91725768],0.02,1.0,0.11351,2.08481,0.25,0.24128,"[0.19355, 0.16667, 0.36364]",113,0.35822,1.4868,0.47727,0.41604,"[0.53659, 0.25, 0.46154]",47,COMPLETED,14.709
355,20260108_124434,gaitgl_GREW_TOP50.csv,50%,Preset_28,TCN,42,256,"[192, 256, 384, 512]","[1, 2, 4, 8]",3,2,silu,True,True,"[True, True, True, True]",max,256,minmax,"[None, 0.05, 0.05, 0.1]",96,AdamW,,0.00015,1e-05,[0.68794326 2.1920904  0.91725768],0.02,1.0,0.11374,1.18918,0.40909,0.39242,"[0.5, 0.38095, 0.2963]",44,0.10842,1.1935,0.5,0.47229,"[0.57143, 0.3, 0.54545]",43,COMPLETED,5.685
356,20260108_124434,gaitgl_OUMVLP_TOP50.csv,50%,Preset_28,TCN,42,256,"[192, 256, 384, 512]","[1, 2, 4, 8]",3,2,silu,True,True,"[True, True, True, True]",max,256,minmax,"[None, 0.05, 0.05, 0.1]",96,AdamW,,0.00015,1e-05,[0.68794326 2.1920904  0.91725768],0.02,1.0,0.10773,1.3788,0.47727,0.43977,"[0.51163, 0.30769, 0.5]",223,0.12175,1.44301,0.59091,0.56643,"[0.63415, 0.44444, 0.62069]",170,COMPLETED,28.642
357,20260108_124434,gaitgl_TOP50.csv,50%,Preset_28,TCN,42,128,"[192, 256, 384, 512]","[1, 2, 4, 8]",3,2,silu,True,True,"[True, True, True, True]",max,256,minmax,"[None, 0.05, 0.05, 0.1]",96,AdamW,,0.00015,1e-05,[0.68794326 2.1920904  0.91725768],0.02,1.0,0.11793,1.46287,0.5,0.43333,"[0.5, 0.25, 0.55]",45,0.46838,1.09751,0.52273,0.49081,"[0.55814, 0.4, 0.51429]",22,COMPLETED,5.587
358,20260108_124434,gaitpart_GREW_TOP50.csv,50%,Preset_28,TCN,42,256,"[192, 256, 384, 512]","[1, 2, 4, 8]",3,2,silu,True,True,"[True, True, True, True]",max,256,minmax,"[None, 0.05, 0.05, 0.1]",96,AdamW,,0.00015,1e-05,[0.68794326 2.1920904  0.91725768],0.02,1.0,0.10774,1.33113,0.52273,0.5,"[0.57143, 0.42857, 0.5]",112,0.11207,1.57926,0.52273,0.5037,"[0.5, 0.4, 0.61111]",83,COMPLETED,12.111
359,20260108_124434,gaitpart_OUMVLP_TOP50.csv,50%,Preset_28,TCN,42,256,"[192, 256, 384, 512]","[1, 2, 4, 8]",3,2,silu,True,True,"[True, True, True, True]",max,256,minmax,"[None, 0.05, 0.05, 0.1]",96,AdamW,,0.00015,1e-05,[0.68794326 2.1920904  0.91725768],0.02,1.0,0.10983,1.27596,0.5,0.45976,"[0.61905, 0.31579, 0.44444]",344,0.1372,1.57282,0.65909,0.62009,"[0.62857, 0.5, 0.73171]",306,COMPLETED,36.909
360,20260108_124434,gaitset_GREW_TOP50.csv,50%,Preset_28,TCN,42,256,"[192, 256, 384, 512]","[1, 2, 4, 8]",3,2,silu,True,True,"[True, True, True, True]",max,256,minmax,"[None, 0.05, 0.05, 0.1]",96,AdamW,,0.00015,1e-05,[0.68794326 2.1920904  0.91725768],0.02,1.0,0.11085,1.90755,0.47727,0.42413,"[0.66667, 0.32, 0.28571]",90,0.20106,1.43345,0.5,0.49145,"[0.52632, 0.46154, 0.48649]",56,COMPLETED,11.363
361,20260108_124434,gaitset_OUMVLP_TOP50.csv,50%,Preset_28,TCN,42,256,"[192, 256, 384, 512]","[1, 2, 4, 8]",3,2,silu,True,True,"[True, True, True, True]",max,256,minmax,"[None, 0.05, 0.05, 0.1]",96,AdamW,,0.00015,1e-05,[0.68794326 2.1920904  0.91725768],0.02,1.0,0.11788,1.76439,0.5,0.39717,"[0.65306, 0.15385, 0.38462]",416,0.12949,1.97878,0.52273,0.48611,"[0.63415, 0.28571, 0.53846]",384,COMPLETED,52.198
362,20260108_124434,gaitset_TOP50.csv,50%,Preset_28,TCN,42,256,"[192, 256, 384, 512]","[1, 2, 4, 8]",3,2,silu,True,True,"[True, True, True, True]",max,256,minmax,"[None, 0.05, 0.05, 0.1]",96,AdamW,,0.00015,1e-05,[0.68794326 2.1920904  0.91725768],0.02,1.0,0.11203,1.4599,0.38636,0.37304,"[0.44444, 0.26087, 0.41379]",88,0.11776,1.49434,0.54545,0.47249,"[0.65385, 0.36364, 0.4]",69,COMPLETED,11.019
363,20260108_124434,gln_phase1_TOP50.csv,50%,Preset_28,TCN,42,256,"[192, 256, 384, 512]","[1, 2, 4, 8]",3,2,silu,True,True,"[True, True, True, True]",max,256,minmax,"[None, 0.05, 0.05, 0.1]",96,AdamW,,0.00015,1e-05,[0.68794326 2.1920904  0.91725768],0.02,1.0,0.11945,2.24518,0.47727,0.32471,"[0.37037, 0.0, 0.60377]",90,0.20612,1.52374,0.5,0.45425,"[0.55556, 0.26667, 0.54054]",68,COMPLETED,13.274
364,20260108_124434,gln_phase2_TOP50.csv,50%,Preset_28,TCN,42,256,"[192, 256, 384, 512]","[1, 2, 4, 8]",3,2,silu,True,True,"[True, True, True, True]",max,256,minmax,"[None, 0.05, 0.05, 0.1]",96,AdamW,,0.00015,1e-05,[0.68794326 2.1920904  0.91725768],0.02,1.0,0.1188,1.3293,0.43182,0.40354,"[0.34483, 0.31579, 0.55]",131,0.22424,1.06683,0.63636,0.61237,"[0.66667, 0.54545, 0.625]",53,COMPLETED,19.32

365,20260108_124434,baseline_CASIAB_TOP50.csv,50%,Preset_29,TCN,42,256,"[512, 512, 512, 512]","[1, 2, 4, 8]",3,2,gelu,True,True,"[True, True, True, True]",max,256,minmax,"[0.05, 0.05, 0.1, 0.1]",128,AdamW,,0.00012,5e-06,[0.68794326 2.1920904  0.91725768],0.02,1.0,0.11515,1.46445,0.5,0.45771,"[0.48649, 0.30769, 0.57895]",159,0.11515,1.46445,0.5,0.45771,"[0.48649, 0.30769, 0.57895]",159,COMPLETED,16.83
366,20260108_124434,baseline_OUMVLP_TOP50.csv,50%,Preset_29,TCN,42,256,"[512, 512, 512, 512]","[1, 2, 4, 8]",3,2,gelu,True,True,"[True, True, True, True]",max,256,minmax,"[0.05, 0.05, 0.1, 0.1]",128,AdamW,,0.00012,5e-06,[0.68794326 2.1920904  0.91725768],0.02,1.0,0.11477,1.39819,0.5,0.37369,"[0.6383, 0.0, 0.48276]",181,0.56922,1.18775,0.54545,0.45965,"[0.6, 0.2, 0.57895]",110,COMPLETED,19.264
367,20260108_124434,gaitgl_GREW_BNNeck_TOP50.csv,50%,Preset_29,TCN,42,256,"[512, 512, 512, 512]","[1, 2, 4, 8]",3,2,gelu,True,True,"[True, True, True, True]",max,256,minmax,"[0.05, 0.05, 0.1, 0.1]",128,AdamW,,0.00012,5e-06,[0.68794326 2.1920904  0.91725768],0.02,1.0,0.10965,1.64648,0.38636,0.3375,"[0.45, 0.125, 0.4375]",141,0.16541,1.58587,0.52273,0.43859,"[0.6087, 0.22222, 0.48485]",114,COMPLETED,19.946
368,20260108_124434,gaitgl_GREW_TOP50.csv,50%,Preset_29,TCN,42,256,"[512, 512, 512, 512]","[1, 2, 4, 8]",3,2,gelu,True,True,"[True, True, True, True]",max,256,minmax,"[0.05, 0.05, 0.1, 0.1]",128,AdamW,,0.00012,5e-06,[0.68794326 2.1920904  0.91725768],0.02,1.0,0.10551,1.15024,0.54545,0.4534,"[0.62745, 0.25, 0.48276]",77,0.15471,1.09563,0.59091,0.52841,"[0.67925, 0.44444, 0.46154]",57,COMPLETED,10.866
369,20260108_124434,gaitgl_OUMVLP_TOP50.csv,50%,Preset_29,TCN,42,256,"[512, 512, 512, 512]","[1, 2, 4, 8]",3,2,gelu,True,True,"[True, True, True, True]",max,256,minmax,"[0.05, 0.05, 0.1, 0.1]",128,AdamW,,0.00012,5e-06,[0.68794326 2.1920904  0.91725768],0.02,1.0,0.11698,1.22548,0.5,0.41401,"[0.6087, 0.16667, 0.46667]",206,0.22323,1.43276,0.47727,0.46784,"[0.5625, 0.30769, 0.53333]",149,COMPLETED,28.909
370,20260108_124434,gaitgl_TOP50.csv,50%,Preset_29,TCN,42,128,"[512, 512, 512, 512]","[1, 2, 4, 8]",3,2,gelu,True,True,"[True, True, True, True]",max,256,minmax,"[0.05, 0.05, 0.1, 0.1]",128,AdamW,,0.00012,5e-06,[0.68794326 2.1920904  0.91725768],0.02,1.0,0.1093,1.29603,0.47727,0.44432,"[0.57143, 0.3, 0.46154]",82,0.11031,1.3633,0.54545,0.4793,"[0.65217, 0.28571, 0.5]",72,COMPLETED,10.922
371,20260108_124434,gaitpart_GREW_TOP50.csv,50%,Preset_29,TCN,42,256,"[512, 512, 512, 512]","[1, 2, 4, 8]",3,2,gelu,True,True,"[True, True, True, True]",max,256,minmax,"[0.05, 0.05, 0.1, 0.1]",128,AdamW,,0.00012,5e-06,[0.68794326 2.1920904  0.91725768],0.02,1.0,0.10827,1.54421,0.52273,0.51515,"[0.33333, 0.54545, 0.66667]",186,0.49178,1.12757,0.59091,0.61155,"[0.54054, 0.70588, 0.58824]",78,COMPLETED,16.158
372,20260108_124434,gaitpart_OUMVLP_TOP50.csv,50%,Preset_29,TCN,42,256,"[512, 512, 512, 512]","[1, 2, 4, 8]",3,2,gelu,True,True,"[True, True, True, True]",max,256,minmax,"[0.05, 0.05, 0.1, 0.1]",128,AdamW,,0.00012,5e-06,[0.68794326 2.1920904  0.91725768],0.02,1.0,0.1094,1.42809,0.52273,0.48828,"[0.61538, 0.33333, 0.51613]",520,0.61383,1.21374,0.63636,0.58659,"[0.64865, 0.44444, 0.66667]",210,COMPLETED,45.637
373,20260108_124434,gaitset_GREW_TOP50.csv,50%,Preset_29,TCN,42,256,"[512, 512, 512, 512]","[1, 2, 4, 8]",3,2,gelu,True,True,"[True, True, True, True]",max,256,minmax,"[0.05, 0.05, 0.1, 0.1]",128,AdamW,,0.00012,5e-06,[0.68794326 2.1920904  0.91725768],0.02,1.0,0.10895,1.46158,0.43182,0.34985,"[0.57895, 0.0, 0.47059]",164,0.11528,1.6604,0.45455,0.42148,"[0.5641, 0.18182, 0.51852]",160,COMPLETED,22.569
374,20260108_124434,gaitset_OUMVLP_TOP50.csv,50%,Preset_29,TCN,42,256,"[512, 512, 512, 512]","[1, 2, 4, 8]",3,2,gelu,True,True,"[True, True, True, True]",max,256,minmax,"[0.05, 0.05, 0.1, 0.1]",128,AdamW,,0.00012,5e-06,[0.68794326 2.1920904  0.91725768],0.02,1.0,0.10767,1.6505,0.45455,0.33179,"[0.625, 0.0, 0.37037]",615,0.10845,1.51304,0.52273,0.46236,"[0.68293, 0.26667, 0.4375]",588,COMPLETED,84.467
375,20260108_124434,gaitset_TOP50.csv,50%,Preset_29,TCN,42,256,"[512, 512, 512, 512]","[1, 2, 4, 8]",3,2,gelu,True,True,"[True, True, True, True]",max,256,minmax,"[0.05, 0.05, 0.1, 0.1]",128,AdamW,,0.00012,5e-06,[0.68794326 2.1920904  0.91725768],0.02,1.0,0.11424,1.4975,0.36364,0.35017,"[0.44444, 0.27273, 0.33333]",124,0.38826,1.63991,0.5,0.47488,"[0.32, 0.5, 0.60465]",73,COMPLETED,17.068
376,20260108_124434,gln_phase1_TOP50.csv,50%,Preset_29,TCN,42,256,"[512, 512, 512, 512]","[1, 2, 4, 8]",3,2,gelu,True,True,"[True, True, True, True]",max,256,minmax,"[0.05, 0.05, 0.1, 0.1]",128,AdamW,,0.00012,5e-06,[0.68794326 2.1920904  0.91725768],0.02,1.0,0.11247,1.26544,0.43182,0.3331,"[0.51282, 0.0, 0.48649]",153,0.14531,1.31219,0.52273,0.4563,"[0.66667, 0.22222, 0.48]",140,COMPLETED,25.669
377,20260108_124434,gln_phase2_TOP50.csv,50%,Preset_29,TCN,42,256,"[512, 512, 512, 512]","[1, 2, 4, 8]",3,2,gelu,True,True,"[True, True, True, True]",max,256,minmax,"[0.05, 0.05, 0.1, 0.1]",128,AdamW,,0.00012,5e-06,[0.68794326 2.1920904  0.91725768],0.02,1.0,0.11266,1.1584,0.54545,0.51681,"[0.62222, 0.46154, 0.46667]",151,0.14103,1.17802,0.65909,0.63211,"[0.66667, 0.54545, 0.68421]",130,COMPLETED,25.29

378,20260108_124434,baseline_CASIAB_TOP50.csv,50%,Preset_30,TCN,42,256,"[256, 384, 512]","[1, 2, 4]",5,3,leakyrelu,True,True,"[True, True, True]",attention,256,L2,"[None, 0.05, 0.1]",96,Adam,,0.00012,1e-05,[0.68794326 2.1920904  0.91725768],0.02,1.0,0.10693,1.96988,0.47727,0.35271,"[0.5, 0.0, 0.55814]",56,0.10782,1.92945,0.5,0.4556,"[0.54054, 0.28571, 0.54054]",53,COMPLETED,7.499
379,20260108_124434,baseline_OUMVLP_TOP50.csv,50%,Preset_30,TCN,42,256,"[256, 384, 512]","[1, 2, 4]",5,3,leakyrelu,True,True,"[True, True, True]",attention,256,L2,"[None, 0.05, 0.1]",96,Adam,,0.00012,1e-05,[0.68794326 2.1920904  0.91725768],0.02,1.0,0.10876,1.66012,0.38636,0.28161,"[0.5, 0.0, 0.34483]",86,0.16365,1.65594,0.40909,0.40371,"[0.375, 0.32, 0.51613]",72,COMPLETED,11.46
380,20260108_124434,gaitgl_GREW_BNNeck_TOP50.csv,50%,Preset_30,TCN,42,256,"[256, 384, 512]","[1, 2, 4]",5,3,leakyrelu,True,True,"[True, True, True]",attention,256,L2,"[None, 0.05, 0.1]",96,Adam,,0.00012,1e-05,[0.68794326 2.1920904  0.91725768],0.02,1.0,0.10426,1.94003,0.47727,0.39444,"[0.58333, 0.2, 0.4]",63,0.28236,1.43008,0.54545,0.46254,"[0.55, 0.22222, 0.61538]",25,COMPLETED,10.168
381,20260108_124434,gaitgl_GREW_TOP50.csv,50%,Preset_30,TCN,42,256,"[256, 384, 512]","[1, 2, 4]",5,3,leakyrelu,True,True,"[True, True, True]",attention,256,L2,"[None, 0.05, 0.1]",96,Adam,,0.00012,1e-05,[0.68794326 2.1920904  0.91725768],0.02,1.0,0.10942,1.68263,0.45455,0.41966,"[0.47619, 0.26667, 0.51613]",31,0.27264,1.40733,0.47727,0.45094,"[0.33333, 0.42857, 0.59091]",20,COMPLETED,5.002
382,20260108_124434,gaitgl_OUMVLP_TOP50.csv,50%,Preset_30,TCN,42,256,"[256, 384, 512]","[1, 2, 4]",5,3,leakyrelu,True,True,"[True, True, True]",attention,256,L2,"[None, 0.05, 0.1]",96,Adam,,0.00012,1e-05,[0.68794326 2.1920904  0.91725768],0.02,1.0,0.10506,1.6263,0.5,0.4723,"[0.54545, 0.35294, 0.51852]",91,0.18222,1.68284,0.52273,0.49331,"[0.54054, 0.33333, 0.60606]",53,COMPLETED,14.477
383,20260108_124434,gaitgl_TOP50.csv,50%,Preset_30,TCN,42,128,"[256, 384, 512]","[1, 2, 4]",5,3,leakyrelu,True,True,"[True, True, True]",attention,256,L2,"[None, 0.05, 0.1]",96,Adam,,0.00012,1e-05,[0.68794326 2.1920904  0.91725768],0.02,1.0,0.11017,1.83114,0.43182,0.37299,"[0.46512, 0.15385, 0.5]",34,0.11853,2.10628,0.47727,0.48816,"[0.36364, 0.57143, 0.52941]",30,COMPLETED,5.311
384,20260108_124434,gaitpart_GREW_TOP50.csv,50%,Preset_30,TCN,42,256,"[256, 384, 512]","[1, 2, 4]",5,3,leakyrelu,True,True,"[True, True, True]",attention,256,L2,"[None, 0.05, 0.1]",96,Adam,,0.00012,1e-05,[0.68794326 2.1920904  0.91725768],0.02,1.0,0.1036,1.63451,0.56818,0.54201,"[0.61905, 0.46154, 0.54545]",84,0.30953,1.35117,0.65909,0.60712,"[0.73913, 0.46154, 0.62069]",54,COMPLETED,10.339
385,20260108_124434,gaitpart_OUMVLP_TOP50.csv,50%,Preset_30,TCN,42,256,"[256, 384, 512]","[1, 2, 4]",5,3,leakyrelu,True,True,"[True, True, True]",attention,256,L2,"[None, 0.05, 0.1]",96,Adam,,0.00012,1e-05,[0.68794326 2.1920904  0.91725768],0.02,1.0,0.10681,1.17306,0.52273,0.49972,"[0.47059, 0.42857, 0.6]",282,0.17614,1.2038,0.63636,0.62818,"[0.51613, 0.63158, 0.73684]",194,COMPLETED,34.87
386,20260108_124434,gaitset_GREW_TOP50.csv,50%,Preset_30,TCN,42,256,"[256, 384, 512]","[1, 2, 4]",5,3,leakyrelu,True,True,"[True, True, True]",attention,256,L2,"[None, 0.05, 0.1]",96,Adam,,0.00012,1e-05,[0.68794326 2.1920904  0.91725768],0.02,1.0,0.10556,2.17392,0.38636,0.27023,"[0.57692, 0.14286, 0.09091]",75,0.10977,1.88648,0.5,0.4596,"[0.54545, 0.33333, 0.5]",61,COMPLETED,11.891
387,20260108_124434,gaitset_OUMVLP_TOP50.csv,50%,Preset_30,TCN,42,256,"[256, 384, 512]","[1, 2, 4]",5,3,leakyrelu,True,True,"[True, True, True]",attention,256,L2,"[None, 0.05, 0.1]",96,Adam,,0.00012,1e-05,[0.68794326 2.1920904  0.91725768],0.02,1.0,0.11558,1.39109,0.52273,0.47411,"[0.62745, 0.46154, 0.33333]",150,0.12337,1.16993,0.63636,0.64357,"[0.64865, 0.66667, 0.61538]",122,COMPLETED,23.455
388,20260108_124434,gaitset_TOP50.csv,50%,Preset_30,TCN,42,256,"[256, 384, 512]","[1, 2, 4]",5,3,leakyrelu,True,True,"[True, True, True]",attention,256,L2,"[None, 0.05, 0.1]",96,Adam,,0.00012,1e-05,[0.68794326 2.1920904  0.91725768],0.02,1.0,0.10711,2.06496,0.34091,0.27368,"[0.42105, 0.0, 0.4]",56,0.23513,1.98508,0.45455,0.38366,"[0.3871, 0.22222, 0.54167]",29,COMPLETED,9.009
389,20260108_124434,gln_phase1_TOP50.csv,50%,Preset_30,TCN,42,256,"[256, 384, 512]","[1, 2, 4]",5,3,leakyrelu,True,True,"[True, True, True]",attention,256,L2,"[None, 0.05, 0.1]",96,Adam,,0.00012,1e-05,[0.68794326 2.1920904  0.91725768],0.02,1.0,0.10702,2.3584,0.38636,0.34179,"[0.5641, 0.09091, 0.37037]",50,0.39057,1.26184,0.54545,0.45445,"[0.625, 0.22222, 0.51613]",23,COMPLETED,9.4
390,20260108_124434,gln_phase2_TOP50.csv,50%,Preset_30,TCN,42,256,"[256, 384, 512]","[1, 2, 4]",5,3,leakyrelu,True,True,"[True, True, True]",attention,256,L2,"[None, 0.05, 0.1]",96,Adam,,0.00012,1e-05,[0.68794326 2.1920904  0.91725768],0.02,1.0,0.11338,1.72609,0.45455,0.35837,"[0.61224, 0.14286, 0.32]",54,0.56219,1.07445,0.59091,0.49421,"[0.63415, 0.18182, 0.66667]",22,COMPLETED,10.131

391,20260108_124434,baseline_CASIAB_TOP50.csv,50%,Preset_31,TCN,42,256,[256],[1],7,2,hardswish,False,False,[False],last,128,L2,[0.3],16,AdamW,,0.001,1e-06,[0.68794326 2.1920904  0.91725768],0.02,1.0,0.11436,2.18857,0.47727,0.44286,"[0.6, 0.3, 0.42857]",136,0.17266,2.84002,0.5,0.47316,"[0.60465, 0.44444, 0.37037]",53,COMPLETED,26.27
392,20260108_124434,baseline_OUMVLP_TOP50.csv,50%,Preset_31,TCN,42,256,[256],[1],7,2,hardswish,False,False,[False],last,128,L2,[0.3],16,AdamW,,0.001,1e-06,[0.68794326 2.1920904  0.91725768],0.02,1.0,0.11554,2.07484,0.38636,0.34109,"[0.34146, 0.18182, 0.5]",133,0.60835,1.58839,0.54545,0.46758,"[0.55814, 0.25, 0.59459]",35,COMPLETED,26.011
393,20260108_124434,gaitgl_GREW_BNNeck_TOP50.csv,50%,Preset_31,TCN,42,256,[256],[1],7,2,hardswish,False,False,[False],last,128,L2,[0.3],16,AdamW,,0.001,1e-06,[0.68794326 2.1920904  0.91725768],0.02,1.0,0.11879,1.94365,0.38636,0.36541,"[0.35897, 0.26667, 0.47059]",104,0.1903,2.41351,0.54545,0.53704,"[0.52381, 0.44444, 0.64286]",44,COMPLETED,20.596
394,20260108_124434,gaitgl_GREW_TOP50.csv,50%,Preset_31,TCN,42,256,[256],[1],7,2,hardswish,False,False,[False],last,128,L2,[0.3],16,AdamW,,0.001,1e-06,[0.68794326 2.1920904  0.91725768],0.02,1.0,0.10702,1.48414,0.52273,0.4417,"[0.57778, 0.16667, 0.58065]",18,0.10821,1.4898,0.56818,0.50992,"[0.61905, 0.28571, 0.625]",16,COMPLETED,3.516
395,20260108_124434,gaitgl_OUMVLP_TOP50.csv,50%,Preset_31,TCN,42,256,[256],[1],7,2,hardswish,False,False,[False],last,128,L2,[0.3],16,AdamW,,0.001,1e-06,[0.68794326 2.1920904  0.91725768],0.02,1.0,0.1116,2.20371,0.43182,0.37299,"[0.46512, 0.15385, 0.5]",118,0.11879,2.06885,0.47727,0.4126,"[0.52381, 0.13333, 0.58065]",97,COMPLETED,23.626
396,20260108_124434,gaitgl_TOP50.csv,50%,Preset_31,TCN,42,128,[256],[1],7,2,hardswish,False,False,[False],last,128,L2,[0.3],16,AdamW,,0.001,1e-06,[0.68794326 2.1920904  0.91725768],0.02,1.0,0.10903,2.03407,0.43182,0.32927,"[0.4878, 0.0, 0.5]",63,0.1249,2.70055,0.47727,0.43554,"[0.52381, 0.26667, 0.51613]",43,COMPLETED,12.083
397,20260108_124434,gaitpart_GREW_TOP50.csv,50%,Preset_31,TCN,42,256,[256],[1],7,2,hardswish,False,False,[False],last,128,L2,[0.3],16,AdamW,,0.001,1e-06,[0.68794326 2.1920904  0.91725768],0.02,1.0,0.10834,2.10797,0.47727,0.48484,"[0.46154, 0.52632, 0.46667]",85,0.1656,2.47115,0.52273,0.52392,"[0.52632, 0.54545, 0.5]",54,COMPLETED,16.153
398,20260108_124434,gaitpart_OUMVLP_TOP50.csv,50%,Preset_31,TCN,42,256,[256],[1],7,2,hardswish,False,False,[False],last,128,L2,[0.3],16,AdamW,,0.001,1e-06,[0.68794326 2.1920904  0.91725768],0.02,1.0,0.11355,1.3131,0.63636,0.59829,"[0.66667, 0.46154, 0.66667]",387,0.15142,1.20537,0.70455,0.67577,"[0.75, 0.57143, 0.70588]",360,COMPLETED,72.236
399,20260108_124434,gaitset_GREW_TOP50.csv,50%,Preset_31,TCN,42,256,[256],[1],7,2,hardswish,False,False,[False],last,128,L2,[0.3],16,AdamW,,0.001,1e-06,[0.68794326 2.1920904  0.91725768],0.02,1.0,0.11427,2.18732,0.40909,0.3803,"[0.42424, 0.26667, 0.45]",104,0.13338,2.17002,0.52273,0.46717,"[0.66667, 0.25, 0.48485]",94,COMPLETED,20.397
400,20260108_124434,gaitset_OUMVLP_TOP50.csv,50%,Preset_31,TCN,42,256,[256],[1],7,2,hardswish,False,False,[False],last,128,L2,[0.3],16,AdamW,,0.001,1e-06,[0.68794326 2.1920904  0.91725768],0.02,1.0,0.1117,1.7194,0.5,0.36054,"[0.65306, 0.0, 0.42857]",333,0.27143,1.7726,0.61364,0.54134,"[0.69565, 0.30769, 0.62069]",158,COMPLETED,65.819
401,20260108_124434,gaitset_TOP50.csv,50%,Preset_31,TCN,42,256,[256],[1],7,2,hardswish,False,False,[False],last,128,L2,[0.3],16,AdamW,,0.001,1e-06,[0.68794326 2.1920904  0.91725768],0.02,1.0,0.11759,1.85217,0.45455,0.36382,"[0.55814, 0.0, 0.53333]",113,0.58532,1.31357,0.54545,0.48425,"[0.71429, 0.2, 0.53846]",24,COMPLETED,22.666
402,20260108_124434,gln_phase1_TOP50.csv,50%,Preset_31,TCN,42,256,[256],[1],7,2,hardswish,False,False,[False],last,128,L2,[0.3],16,AdamW,,0.001,1e-06,[0.68794326 2.1920904  0.91725768],0.02,1.0,0.11366,1.4656,0.59091,0.53611,"[0.70833, 0.5, 0.4]",138,0.57791,0.85798,0.72727,0.71465,"[0.75, 0.66667, 0.72727]",27,COMPLETED,28.115
403,20260108_124434,gln_phase2_TOP50.csv,50%,Preset_31,TCN,42,256,[256],[1],7,2,hardswish,False,False,[False],last,128,L2,[0.3],16,AdamW,,0.001,1e-06,[0.68794326 2.1920904  0.91725768],0.02,1.0,0.11055,1.35341,0.59091,0.49235,"[0.66667, 0.18182, 0.62857]",135,0.11859,1.76218,0.63636,0.56307,"[0.73684, 0.28571, 0.66667]",84,COMPLETED,27.336

404,20260108_124434,baseline_CASIAB_TOP50.csv,50%,Preset_32,TCN,42,256,"[512, 512, 512]","[1, 3, 9]",5,2,gelu,True,True,"[True, True, True]",max,512,minmax,"[None, 0.05, 0.1]",96,AdamW,,0.00012,1e-05,[0.68794326 2.1920904  0.91725768],0.02,1.0,0.10795,1.58745,0.36364,0.33571,"[0.45, 0.2, 0.35714]",118,0.58632,1.23223,0.47727,0.46195,"[0.55556, 0.36364, 0.46667]",42,COMPLETED,13.158
405,20260108_124434,baseline_OUMVLP_TOP50.csv,50%,Preset_32,TCN,42,256,"[512, 512, 512]","[1, 3, 9]",5,2,gelu,True,True,"[True, True, True]",max,512,minmax,"[None, 0.05, 0.1]",96,AdamW,,0.00012,1e-05,[0.68794326 2.1920904  0.91725768],0.02,1.0,0.11062,1.536,0.40909,0.38039,"[0.41176, 0.2, 0.52941]",154,0.35365,1.28896,0.61364,0.51768,"[0.63636, 0.25, 0.66667]",84,COMPLETED,17.083
406,20260108_124434,gaitgl_GREW_BNNeck_TOP50.csv,50%,Preset_32,TCN,42,256,"[512, 512, 512]","[1, 3, 9]",5,2,gelu,True,True,"[True, True, True]",max,512,minmax,"[None, 0.05, 0.1]",96,AdamW,,0.00012,1e-05,[0.68794326 2.1920904  0.91725768],0.02,1.0,0.1157,1.77915,0.43182,0.42075,"[0.5, 0.30769, 0.45455]",101,0.21886,1.40169,0.52273,0.44309,"[0.6087, 0.25, 0.47059]",69,COMPLETED,14.531
407,20260108_124434,gaitgl_GREW_TOP50.csv,50%,Preset_32,TCN,42,256,"[512, 512, 512]","[1, 3, 9]",5,2,gelu,True,True,"[True, True, True]",max,512,minmax,"[None, 0.05, 0.1]",96,AdamW,,0.00012,1e-05,[0.68794326 2.1920904  0.91725768],0.02,1.0,0.11303,1.38267,0.47727,0.39207,"[0.41379, 0.16667, 0.59574]",48,0.13677,1.09718,0.54545,0.40027,"[0.6383, 0.0, 0.5625]",40,COMPLETED,6.95
408,20260108_124434,gaitgl_OUMVLP_TOP50.csv,50%,Preset_32,TCN,42,256,"[512, 512, 512]","[1, 3, 9]",5,2,gelu,True,True,"[True, True, True]",max,512,minmax,"[None, 0.05, 0.1]",96,AdamW,,0.00012,1e-05,[0.68794326 2.1920904  0.91725768],0.02,1.0,0.11145,1.20163,0.54545,0.45223,"[0.6383, 0.16667, 0.55172]",154,0.17043,1.27138,0.54545,0.45965,"[0.6, 0.2, 0.57895]",129,COMPLETED,22.3
409,20260108_124434,gaitgl_TOP50.csv,50%,Preset_32,TCN,42,128,"[512, 512, 512]","[1, 3, 9]",5,2,gelu,True,True,"[True, True, True]",max,512,minmax,"[None, 0.05, 0.1]",96,AdamW,,0.00012,1e-05,[0.68794326 2.1920904  0.91725768],0.02,1.0,0.10852,1.17525,0.52273,0.36471,"[0.62745, 0.0, 0.46667]",56,0.13406,1.37893,0.45455,0.42452,"[0.55814, 0.45455, 0.26087]",50,COMPLETED,7.756
410,20260108_124434,gaitpart_GREW_TOP50.csv,50%,Preset_32,TCN,42,256,"[512, 512, 512]","[1, 3, 9]",5,2,gelu,True,True,"[True, True, True]",max,512,minmax,"[None, 0.05, 0.1]",96,AdamW,,0.00012,1e-05,[0.68794326 2.1920904  0.91725768],0.02,1.0,0.10833,1.49989,0.38636,0.3368,"[0.42857, 0.18182, 0.4]",140,0.12277,1.46575,0.61364,0.61111,"[0.66667, 0.66667, 0.5]",118,COMPLETED,13.22
411,20260108_124434,gaitpart_OUMVLP_TOP50.csv,50%,Preset_32,TCN,42,256,"[512, 512, 512]","[1, 3, 9]",5,2,gelu,True,True,"[True, True, True]",max,512,minmax,"[None, 0.05, 0.1]",96,AdamW,,0.00012,1e-05,[0.68794326 2.1920904  0.91725768],0.02,1.0,0.10787,1.38356,0.54545,0.51089,"[0.61111, 0.33333, 0.58824]",344,0.13836,1.30975,0.72727,0.65245,"[0.7907, 0.44444, 0.72222]",267,COMPLETED,32.426
412,20260108_124434,gaitset_GREW_TOP50.csv,50%,Preset_32,TCN,42,256,"[512, 512, 512]","[1, 3, 9]",5,2,gelu,True,True,"[True, True, True]",max,512,minmax,"[None, 0.05, 0.1]",96,AdamW,,0.00012,1e-05,[0.68794326 2.1920904  0.91725768],0.02,1.0,0.11994,1.48942,0.40909,0.35403,"[0.5, 0.11765, 0.44444]",128,0.1746,1.42959,0.47727,0.40613,"[0.53659, 0.18182, 0.5]",89,COMPLETED,17.898
413,20260108_124434,gaitset_OUMVLP_TOP50.csv,50%,Preset_32,TCN,42,256,"[512, 512, 512]","[1, 3, 9]",5,2,gelu,True,True,"[True, True, True]",max,512,minmax,"[None, 0.05, 0.1]",96,AdamW,,0.00012,1e-05,[0.68794326 2.1920904  0.91725768],0.02,1.0,0.11351,1.90291,0.38636,0.28845,"[0.3871, 0.0, 0.47826]",418,0.67075,1.449,0.5,0.47548,"[0.63158, 0.33333, 0.46154]",195,COMPLETED,58.447
414,20260108_124434,gaitset_TOP50.csv,50%,Preset_32,TCN,42,256,"[512, 512, 512]","[1, 3, 9]",5,2,gelu,True,True,"[True, True, True]",max,512,minmax,"[None, 0.05, 0.1]",96,AdamW,,0.00012,1e-05,[0.68794326 2.1920904  0.91725768],0.02,1.0,0.10547,1.35935,0.38636,0.33852,"[0.42424, 0.11765, 0.47368]",105,0.1255,1.24489,0.52273,0.43623,"[0.6087, 0.2, 0.5]",86,COMPLETED,14.724
415,20260108_124434,gln_phase1_TOP50.csv,50%,Preset_32,TCN,42,256,"[512, 512, 512]","[1, 3, 9]",5,2,gelu,True,True,"[True, True, True]",max,512,minmax,"[None, 0.05, 0.1]",96,AdamW,,0.00012,1e-05,[0.68794326 2.1920904  0.91725768],0.02,1.0,0.10685,1.17637,0.54545,0.49056,"[0.62222, 0.33333, 0.51613]",133,0.16155,1.03552,0.59091,0.5285,"[0.65217, 0.33333, 0.6]",102,COMPLETED,23.579
416,20260108_124434,gln_phase2_TOP50.csv,50%,Preset_32,TCN,42,256,"[512, 512, 512]","[1, 3, 9]",5,2,gelu,True,True,"[True, True, True]",max,512,minmax,"[None, 0.05, 0.1]",96,AdamW,,0.00012,1e-05,[0.68794326 2.1920904  0.91725768],0.02,1.0,0.10934,1.1065,0.59091,0.53398,"[0.6383, 0.36364, 0.6]",114,0.11852,1.2036,0.56818,0.56166,"[0.54054, 0.53333, 0.61111]",103,COMPLETED,20.291

417,20260108_124434,baseline_CASIAB_TOP50.csv,50%,Preset_33,TCN,42,256,"[256, 384, 512, 512]","[1, 3, 5, 7]",3,2,leakyrelu,True,True,"[True, True, True, True]",max,256,minmax,"[0.05, 0.05, 0.05, 0.05]",64,AdamW,,0.00015,1e-05,[0.68794326 2.1920904  0.91725768],0.02,1.0,0.11301,1.5349,0.40909,0.3804,"[0.42105, 0.23529, 0.48485]",64,0.1076,1.50988,0.40909,0.38437,"[0.41026, 0.28571, 0.45714]",57,COMPLETED,9.621
418,20260108_124434,baseline_OUMVLP_TOP50.csv,50%,Preset_33,TCN,42,256,"[256, 384, 512, 512]","[1, 3, 5, 7]",3,2,leakyrelu,True,True,"[True, True, True, True]",max,256,minmax,"[0.05, 0.05, 0.05, 0.05]",64,AdamW,,0.00015,1e-05,[0.68794326 2.1920904  0.91725768],0.02,1.0,0.10644,1.36251,0.54545,0.39921,"[0.65217, 0.0, 0.54545]",98,0.11752,1.36254,0.5,0.43392,"[0.55556, 0.11765, 0.62857]",90,COMPLETED,14.666
419,20260108_124434,gaitgl_GREW_BNNeck_TOP50.csv,50%,Preset_33,TCN,42,256,"[256, 384, 512, 512]","[1, 3, 5, 7]",3,2,leakyrelu,True,True,"[True, True, True, True]",max,256,minmax,"[0.05, 0.05, 0.05, 0.05]",64,AdamW,,0.00015,1e-05,[0.68794326 2.1920904  0.91725768],0.02,1.0,0.11465,1.72507,0.43182,0.33165,"[0.55556, 0.16667, 0.27273]",90,0.19415,1.50257,0.59091,0.47768,"[0.69231, 0.22222, 0.51852]",69,COMPLETED,14.784
420,20260108_124434,gaitgl_GREW_TOP50.csv,50%,Preset_33,TCN,42,256,"[256, 384, 512, 512]","[1, 3, 5, 7]",3,2,leakyrelu,True,True,"[True, True, True, True]",max,256,minmax,"[0.05, 0.05, 0.05, 0.05]",64,AdamW,,0.00015,1e-05,[0.68794326 2.1920904  0.91725768],0.02,1.0,0.10525,1.12547,0.47727,0.42984,"[0.58537, 0.26667, 0.4375]",34,0.10716,1.08309,0.5,0.46174,"[0.57143, 0.4, 0.41379]",33,COMPLETED,5.426
421,20260108_124434,gaitgl_OUMVLP_TOP50.csv,50%,Preset_33,TCN,42,256,"[256, 384, 512, 512]","[1, 3, 5, 7]",3,2,leakyrelu,True,True,"[True, True, True, True]",max,256,minmax,"[0.05, 0.05, 0.05, 0.05]",64,AdamW,,0.00015,1e-05,[0.68794326 2.1920904  0.91725768],0.02,1.0,0.10998,1.11845,0.59091,0.49002,"[0.68182, 0.2, 0.58824]",159,0.11303,1.19261,0.56818,0.53241,"[0.61111, 0.375, 0.61111]",141,COMPLETED,25.727
422,20260108_124434,gaitgl_TOP50.csv,50%,Preset_33,TCN,42,128,"[256, 384, 512, 512]","[1, 3, 5, 7]",3,2,leakyrelu,True,True,"[True, True, True, True]",max,256,minmax,"[0.05, 0.05, 0.05, 0.05]",64,AdamW,,0.00015,1e-05,[0.68794326 2.1920904  0.91725768],0.02,1.0,0.10887,1.56247,0.45455,0.33761,"[0.51282, 0.0, 0.5]",33,0.11005,1.47608,0.40909,0.39524,"[0.43243, 0.31579, 0.4375]",31,COMPLETED,5.289
423,20260108_124434,gaitpart_GREW_TOP50.csv,50%,Preset_33,TCN,42,256,"[256, 384, 512, 512]","[1, 3, 5, 7]",3,2,leakyrelu,True,True,"[True, True, True, True]",max,256,minmax,"[0.05, 0.05, 0.05, 0.05]",64,AdamW,,0.00015,1e-05,[0.68794326 2.1920904  0.91725768],0.02,1.0,0.1127,1.43329,0.47727,0.42554,"[0.59091, 0.28571, 0.4]",70,0.13076,1.5444,0.54545,0.53939,"[0.6, 0.53333, 0.48485]",63,COMPLETED,10.093
424,20260108_124434,gaitpart_OUMVLP_TOP50.csv,50%,Preset_33,TCN,42,256,"[256, 384, 512, 512]","[1, 3, 5, 7]",3,2,leakyrelu,True,True,"[True, True, True, True]",max,256,minmax,"[0.05, 0.05, 0.05, 0.05]",64,AdamW,,0.00015,1e-05,[0.68794326 2.1920904  0.91725768],0.02,1.0,0.11514,1.49514,0.47727,0.4241,"[0.6087, 0.31579, 0.34783]",214,0.30622,1.15051,0.63636,0.62424,"[0.66667, 0.6, 0.60606]",121,COMPLETED,30.689
425,20260108_124434,gaitset_GREW_TOP50.csv,50%,Preset_33,TCN,42,256,"[256, 384, 512, 512]","[1, 3, 5, 7]",3,2,leakyrelu,True,True,"[True, True, True, True]",max,256,minmax,"[0.05, 0.05, 0.05, 0.05]",64,AdamW,,0.00015,1e-05,[0.68794326 2.1920904  0.91725768],0.02,1.0,0.1116,1.42998,0.5,0.39927,"[0.62745, 0.2, 0.37037]",82,0.20309,1.52985,0.56818,0.4579,"[0.67925, 0.25, 0.44444]",56,COMPLETED,13.255
426,20260108_124434,gaitset_OUMVLP_TOP50.csv,50%,Preset_33,TCN,42,256,"[256, 384, 512, 512]","[1, 3, 5, 7]",3,2,leakyrelu,True,True,"[True, True, True, True]",max,256,minmax,"[0.05, 0.05, 0.05, 0.05]",64,AdamW,,0.00015,1e-05,[0.68794326 2.1920904  0.91725768],0.02,1.0,0.11469,1.69742,0.43182,0.37397,"[0.52632, 0.125, 0.47059]",324,0.13211,1.63482,0.56818,0.53417,"[0.62222, 0.42857, 0.55172]",230,COMPLETED,52.033
427,20260108_124434,gaitset_TOP50.csv,50%,Preset_33,TCN,42,256,"[256, 384, 512, 512]","[1, 3, 5, 7]",3,2,leakyrelu,True,True,"[True, True, True, True]",max,256,minmax,"[0.05, 0.05, 0.05, 0.05]",64,AdamW,,0.00015,1e-05,[0.68794326 2.1920904  0.91725768],0.02,1.0,0.11095,1.5399,0.40909,0.39729,"[0.47368, 0.37037, 0.34783]",57,0.56682,1.10514,0.5,0.49977,"[0.51282, 0.5, 0.48649]",29,COMPLETED,9.184
428,20260108_124434,gln_phase1_TOP50.csv,50%,Preset_33,TCN,42,256,"[256, 384, 512, 512]","[1, 3, 5, 7]",3,2,leakyrelu,True,True,"[True, True, True, True]",max,256,minmax,"[0.05, 0.05, 0.05, 0.05]",64,AdamW,,0.00015,1e-05,[0.68794326 2.1920904  0.91725768],0.02,1.0,0.1157,1.23541,0.54545,0.45148,"[0.6383, 0.2, 0.51613]",77,0.42353,1.24908,0.52273,0.50684,"[0.59459, 0.33333, 0.59259]",50,COMPLETED,14.024
429,20260108_124434,gln_phase2_TOP50.csv,50%,Preset_33,TCN,42,256,"[256, 384, 512, 512]","[1, 3, 5, 7]",3,2,leakyrelu,True,True,"[True, True, True, True]",max,256,minmax,"[0.05, 0.05, 0.05, 0.05]",64,AdamW,,0.00015,1e-05,[0.68794326 2.1920904  0.91725768],0.02,1.0,0.11914,1.39123,0.5,0.47475,"[0.59091, 0.5, 0.33333]",94,0.11531,1.17501,0.59091,0.58433,"[0.61905, 0.57143, 0.5625]",90,COMPLETED,17.191

430,20260108_124434,baseline_CASIAB_TOP50.csv,50%,Preset_34,TCN,42,256,"[320, 448, 576]","[1, 3, 5]",3,3,gelu,True,False,"[True, True, True]",attention,256,minmax,"[0.0, 0.1, 0.2]",56,AdamW,,2e-05,1e-06,[0.68794326 2.1920904  0.91725768],0.02,1.0,0.11584,2.16478,0.5,0.42886,"[0.52381, 0.22222, 0.54054]",208,0.14005,1.99155,0.52273,0.51779,"[0.51282, 0.5, 0.54054]",167,COMPLETED,33.192
431,20260108_124434,baseline_OUMVLP_TOP50.csv,50%,Preset_34,TCN,42,256,"[320, 448, 576]","[1, 3, 5]",3,3,gelu,True,False,"[True, True, True]",attention,256,minmax,"[0.0, 0.1, 0.2]",56,AdamW,,2e-05,1e-06,[0.68794326 2.1920904  0.91725768],0.02,1.0,0.11426,2.06108,0.38636,0.33954,"[0.40909, 0.14286, 0.46667]",275,0.61823,1.20806,0.47727,0.48232,"[0.36364, 0.53333, 0.55]",88,COMPLETED,43.995
432,20260108_124434,gaitgl_GREW_BNNeck_TOP50.csv,50%,Preset_34,TCN,42,256,"[320, 448, 576]","[1, 3, 5]",3,3,gelu,True,False,"[True, True, True]",attention,256,minmax,"[0.0, 0.1, 0.2]",56,AdamW,,2e-05,1e-06,[0.68794326 2.1920904  0.91725768],0.02,1.0,0.11977,2.5691,0.34091,0.30517,"[0.41026, 0.10526, 0.4]",291,0.13341,2.39441,0.45455,0.38997,"[0.53659, 0.13333, 0.5]",275,COMPLETED,52.602
433,20260108_124434,gaitgl_GREW_TOP50.csv,50%,Preset_34,TCN,42,256,"[320, 448, 576]","[1, 3, 5]",3,3,gelu,True,False,"[True, True, True]",attention,256,minmax,"[0.0, 0.1, 0.2]",56,AdamW,,2e-05,1e-06,[0.68794326 2.1920904  0.91725768],0.02,1.0,0.1136,1.86317,0.56818,0.40907,"[0.69388, 0.0, 0.53333]",112,0.22289,1.45143,0.56818,0.46296,"[0.66667, 0.22222, 0.5]",83,COMPLETED,20.209
434,20260108_124434,gaitgl_OUMVLP_TOP50.csv,50%,Preset_34,TCN,42,256,"[320, 448, 576]","[1, 3, 5]",3,3,gelu,True,False,"[True, True, True]",attention,256,minmax,"[0.0, 0.1, 0.2]",56,AdamW,,2e-05,1e-06,[0.68794326 2.1920904  0.91725768],0.02,1.0,0.1148,1.53366,0.52273,0.41071,"[0.70833, 0.16667, 0.35714]",326,0.57731,1.1052,0.54545,0.51923,"[0.7, 0.47059, 0.3871]",109,COMPLETED,58.557
435,20260108_124434,gaitgl_TOP50.csv,50%,Preset_34,TCN,42,128,"[320, 448, 576]","[1, 3, 5]",3,3,gelu,True,False,"[True, True, True]",attention,256,minmax,"[0.0, 0.1, 0.2]",56,AdamW,,2e-05,1e-06,[0.68794326 2.1920904  0.91725768],0.02,1.0,0.11465,1.56507,0.56818,0.43245,"[0.65217, 0.0, 0.64516]",165,0.23504,1.38324,0.59091,0.44444,"[0.66667, 0.0, 0.66667]",109,COMPLETED,29.611
436,20260108_124434,gaitpart_GREW_TOP50.csv,50%,Preset_34,TCN,42,256,"[320, 448, 576]","[1, 3, 5]",3,3,gelu,True,False,"[True, True, True]",attention,256,minmax,"[0.0, 0.1, 0.2]",56,AdamW,,2e-05,1e-06,[0.68794326 2.1920904  0.91725768],0.02,1.0,0.11818,1.86222,0.47727,0.40883,"[0.58537, 0.125, 0.51613]",203,0.22658,1.52969,0.52273,0.48889,"[0.6, 0.33333, 0.53333]",150,COMPLETED,31.859
437,20260108_124434,gaitpart_OUMVLP_TOP50.csv,50%,Preset_34,TCN,42,256,"[320, 448, 576]","[1, 3, 5]",3,3,gelu,True,False,"[True, True, True]",attention,256,minmax,"[0.0, 0.1, 0.2]",56,AdamW,,2e-05,1e-06,[0.68794326 2.1920904  0.91725768],0.02,1.0,0.25163,1.54054,0.5,0.47521,"[0.51282, 0.4, 0.51282]",444,0.29095,1.38982,0.54545,0.49833,"[0.61224, 0.4, 0.48276]",311,STOPPED,68.507
438,20260108_124434,gaitset_GREW_TOP50.csv,50%,Preset_34,TCN,42,256,"[320, 448, 576]","[1, 3, 5]",3,3,gelu,True,False,"[True, True, True]",attention,256,minmax,"[0.0, 0.1, 0.2]",56,AdamW,,2e-05,1e-06,[0.68794326 2.1920904  0.91725768],0.02,1.0,0.11788,1.95105,0.45455,0.31576,"[0.57692, 0.0, 0.37037]",289,0.4457,1.4518,0.52273,0.50265,"[0.66667, 0.55556, 0.28571]",123,COMPLETED,54.05
439,20260108_124434,gaitset_OUMVLP_TOP50.csv,50%,Preset_34,TCN,42,256,"[320, 448, 576]","[1, 3, 5]",3,3,gelu,True,False,"[True, True, True]",attention,256,minmax,"[0.0, 0.1, 0.2]",56,AdamW,,2e-05,1e-06,[0.68794326 2.1920904  0.91725768],0.02,1.0,0.11717,1.97931,0.40909,0.34906,"[0.47826, 0.18182, 0.3871]",644,0.25071,1.77755,0.56818,0.47337,"[0.6383, 0.18182, 0.6]",387,COMPLETED,119.447
440,20260108_124434,gaitset_TOP50.csv,50%,Preset_34,TCN,42,256,"[320, 448, 576]","[1, 3, 5]",3,3,gelu,True,False,"[True, True, True]",attention,256,minmax,"[0.0, 0.1, 0.2]",56,AdamW,,2e-05,1e-06,[0.68794326 2.1920904  0.91725768],0.02,1.0,0.11644,1.59009,0.45455,0.40269,"[0.56522, 0.28571, 0.35714]",200,0.17593,1.50689,0.47727,0.45089,"[0.53659, 0.33333, 0.48276]",158,COMPLETED,36.972
441,20260108_124434,gln_phase1_TOP50.csv,50%,Preset_34,TCN,42,256,"[320, 448, 576]","[1, 3, 5]",3,3,gelu,True,False,"[True, True, True]",attention,256,minmax,"[0.0, 0.1, 0.2]",56,AdamW,,2e-05,1e-06,[0.68794326 2.1920904  0.91725768],0.02,1.0,0.11504,2.12673,0.38636,0.33553,"[0.46154, 0.16667, 0.37838]",301,0.53095,1.19526,0.52273,0.43838,"[0.61905, 0.16667, 0.52941]",95,COMPLETED,64.662
442,20260108_124434,gln_phase2_TOP50.csv,50%,Preset_34,TCN,42,256,"[320, 448, 576]","[1, 3, 5]",3,3,gelu,True,False,"[True, True, True]",attention,256,minmax,"[0.0, 0.1, 0.2]",56,AdamW,,2e-05,1e-06,[0.68794326 2.1920904  0.91725768],0.02,1.0,0.11437,1.32002,0.5,0.46032,"[0.61905, 0.33333, 0.42857]",235,0.28584,1.12131,0.63636,0.59717,"[0.68293, 0.46154, 0.64706]",150,COMPLETED,50.602

443,20260108_124434,baseline_CASIAB_TOP50.csv,50%,Preset_35,TCN,42,256,"[256, 256]","[3, 6]",3,2,silu,True,True,"[True, True]",attention,192,minmax,"[0.0, 0.0]",56,Adam,,5e-05,1e-05,[0.68794326 2.1920904  0.91725768],0.02,1.0,0.11317,2.32473,0.45455,0.3342,"[0.54545, 0.0, 0.45714]",378,0.25214,1.99158,0.54545,0.46111,"[0.58333, 0.2, 0.6]",236,COMPLETED,36.443
444,20260108_124434,baseline_OUMVLP_TOP50.csv,50%,Preset_35,TCN,42,256,"[256, 256]","[3, 6]",3,2,silu,True,True,"[True, True]",attention,192,minmax,"[0.0, 0.0]",56,Adam,,5e-05,1e-05,[0.68794326 2.1920904  0.91725768],0.02,1.0,0.11475,2.56603,0.38636,0.31857,"[0.41026, 0.0, 0.54545]",357,0.2505,2.33821,0.47727,0.45534,"[0.44444, 0.33333, 0.58824]",270,COMPLETED,34.229
445,20260108_124434,gaitgl_GREW_BNNeck_TOP50.csv,50%,Preset_35,TCN,42,256,"[256, 256]","[3, 6]",3,2,silu,True,True,"[True, True]",attention,192,minmax,"[0.0, 0.0]",56,Adam,,5e-05,1e-05,[0.68794326 2.1920904  0.91725768],0.02,1.0,0.11945,2.5517,0.40909,0.40234,"[0.47368, 0.4, 0.33333]",396,0.13672,2.39141,0.43182,0.42453,"[0.48649, 0.4, 0.3871]",345,COMPLETED,40.913
446,20260108_124434,gaitgl_GREW_TOP50.csv,50%,Preset_35,TCN,42,256,"[256, 256]","[3, 6]",3,2,silu,True,True,"[True, True]",attention,192,minmax,"[0.0, 0.0]",56,Adam,,5e-05,1e-05,[0.68794326 2.1920904  0.91725768],0.02,1.0,0.11348,2.19698,0.40909,0.34719,"[0.51163, 0.14286, 0.3871]",161,0.12795,2.27286,0.45455,0.43289,"[0.53659, 0.375, 0.3871]",146,COMPLETED,16.896
447,20260108_124434,gaitgl_OUMVLP_TOP50.csv,50%,Preset_35,TCN,42,256,"[256, 256]","[3, 6]",3,2,silu,True,True,"[True, True]",attention,192,minmax,"[0.0, 0.0]",56,Adam,,5e-05,1e-05,[0.68794326 2.1920904  0.91725768],0.02,1.0,0.11162,2.17288,0.47727,0.45509,"[0.48649, 0.33333, 0.54545]",419,0.27546,1.72816,0.54545,0.52901,"[0.63158, 0.47059, 0.48485]",262,COMPLETED,42.491
448,20260108_124434,gaitgl_TOP50.csv,50%,Preset_35,TCN,42,128,"[256, 256]","[3, 6]",3,2,silu,True,True,"[True, True]",attention,192,minmax,"[0.0, 0.0]",56,Adam,,5e-05,1e-05,[0.68794326 2.1920904  0.91725768],0.02,1.0,0.11763,2.473,0.38636,0.35317,"[0.47619, 0.25, 0.33333]",169,0.52156,1.26362,0.45455,0.44361,"[0.47368, 0.4, 0.45714]",73,COMPLETED,15.925
449,20260108_124434,gaitpart_GREW_TOP50.csv,50%,Preset_35,TCN,42,256,"[256, 256]","[3, 6]",3,2,silu,True,True,"[True, True]",attention,192,minmax,"[0.0, 0.0]",56,Adam,,5e-05,1e-05,[0.68794326 2.1920904  0.91725768],0.02,1.0,0.11346,2.17147,0.52273,0.47194,"[0.65217, 0.4, 0.36364]",302,0.34204,1.40343,0.52273,0.51852,"[0.5, 0.5, 0.55556]",153,COMPLETED,27.159
450,20260108_124434,gaitpart_OUMVLP_TOP50.csv,50%,Preset_35,TCN,42,256,"[256, 256]","[3, 6]",3,2,silu,True,True,"[True, True]",attention,192,minmax,"[0.0, 0.0]",56,Adam,,5e-05,1e-05,[0.68794326 2.1920904  0.91725768],0.02,1.0,0.28362,1.64341,0.59091,0.43611,"[0.70833, 0.0, 0.6]",695,0.26627,1.31084,0.61364,0.56876,"[0.68421, 0.375, 0.64706]",462,STOPPED,62.319
451,20260108_124434,gaitset_GREW_TOP50.csv,50%,Preset_35,TCN,42,256,"[256, 256]","[3, 6]",3,2,silu,True,True,"[True, True]",attention,192,minmax,"[0.0, 0.0]",56,Adam,,5e-05,1e-05,[0.68794326 2.1920904  0.91725768],0.02,1.0,0.11592,1.95356,0.54545,0.46275,"[0.66667, 0.13333, 0.58824]",251,0.11108,1.86056,0.56818,0.47703,"[0.7, 0.14286, 0.58824]",248,COMPLETED,26.051
452,20260108_124434,gaitset_OUMVLP_TOP50.csv,50%,Preset_35,TCN,42,256,"[256, 256]","[3, 6]",3,2,silu,True,True,"[True, True]",attention,192,minmax,"[0.0, 0.0]",56,Adam,,5e-05,1e-05,[0.68794326 2.1920904  0.91725768],0.02,1.0,0.44613,2.64518,0.40909,0.4115,"[0.47059, 0.42105, 0.34286]",692,0.56646,1.28124,0.54545,0.53252,"[0.57143, 0.47059, 0.55556]",321,STOPPED,68.973
453,20260108_124434,gaitset_TOP50.csv,50%,Preset_35,TCN,42,256,"[256, 256]","[3, 6]",3,2,silu,True,True,"[True, True]",attention,192,minmax,"[0.0, 0.0]",56,Adam,,5e-05,1e-05,[0.68794326 2.1920904  0.91725768],0.02,1.0,0.11572,2.1501,0.47727,0.43684,"[0.53659, 0.22222, 0.55172]",325,0.68721,1.21232,0.52273,0.51263,"[0.57895, 0.47619, 0.48276]",107,COMPLETED,33.275
454,20260108_124434,gln_phase1_TOP50.csv,50%,Preset_35,TCN,42,256,"[256, 256]","[3, 6]",3,2,silu,True,True,"[True, True]",attention,192,minmax,"[0.0, 0.0]",56,Adam,,5e-05,1e-05,[0.68794326 2.1920904  0.91725768],0.02,1.0,0.11054,2.4544,0.45455,0.3875,"[0.6, 0.125, 0.4375]",501,0.54199,1.4176,0.56818,0.50971,"[0.65, 0.30769, 0.57143]",172,COMPLETED,54.949
455,20260108_124434,gln_phase2_TOP50.csv,50%,Preset_35,TCN,42,256,"[256, 256]","[3, 6]",3,2,silu,True,True,"[True, True]",attention,192,minmax,"[0.0, 0.0]",56,Adam,,5e-05,1e-05,[0.68794326 2.1920904  0.91725768],0.02,1.0,0.1121,2.57556,0.34091,0.25987,"[0.43478, 0.0, 0.34483]",402,0.22031,2.43629,0.45455,0.39276,"[0.51163, 0.13333, 0.53333]",248,COMPLETED,43.419

456,20260108_124434,baseline_CASIAB_TOP50.csv,50%,Preset_36,TCN,42,256,"[128, 160, 192, 224, 256]","[1, 2, 4, 8, 16]",5,2,gelu,True,True,"[True, True, True, True, True]",max,320,nan,"[None, 0.05, 0.1, 0.1, 0.15]",96,AdamW,,0.0002,0.0,[0.68794326 2.1920904  0.91725768],0.02,1.0,0.10617,1.35079,0.45455,0.42051,"[0.46154, 0.28571, 0.51429]",23,0.59959,1.08704,0.47727,0.44869,"[0.43243, 0.36364, 0.55]",7,COMPLETED,3.19
457,20260108_124434,baseline_OUMVLP_TOP50.csv,50%,Preset_36,TCN,42,256,"[128, 160, 192, 224, 256]","[1, 2, 4, 8, 16]",5,2,gelu,True,True,"[True, True, True, True, True]",max,320,nan,"[None, 0.05, 0.1, 0.1, 0.15]",96,AdamW,,0.0002,0.0,[0.68794326 2.1920904  0.91725768],0.02,1.0,0.11036,1.36593,0.56818,0.41479,"[0.6383, 0.0, 0.60606]",32,0.11502,1.40027,0.56818,0.47449,"[0.54054, 0.2, 0.68293]",29,COMPLETED,4.108
458,20260108_124434,gaitgl_GREW_BNNeck_TOP50.csv,50%,Preset_36,TCN,42,256,"[128, 160, 192, 224, 256]","[1, 2, 4, 8, 16]",5,2,gelu,True,True,"[True, True, True, True, True]",max,320,nan,"[None, 0.05, 0.1, 0.1, 0.15]",96,AdamW,,0.0002,0.0,[0.68794326 2.1920904  0.91725768],0.02,1.0,0.10648,1.453,0.43182,0.35507,"[0.56522, 0.16667, 0.33333]",23,0.3889,1.18785,0.5,0.41734,"[0.58824, 0.25, 0.41379]",10,COMPLETED,3.196
459,20260108_124434,gaitgl_GREW_TOP50.csv,50%,Preset_36,TCN,42,256,"[128, 160, 192, 224, 256]","[1, 2, 4, 8, 16]",5,2,gelu,True,True,"[True, True, True, True, True]",max,320,nan,"[None, 0.05, 0.1, 0.1, 0.15]",96,AdamW,,0.0002,0.0,[0.68794326 2.1920904  0.91725768],0.02,1.0,0.10409,1.12413,0.45455,0.35837,"[0.61224, 0.14286, 0.32]",16,0.66501,1.03418,0.54545,0.39567,"[0.71429, 0.2, 0.27273]",5,COMPLETED,2.147
460,20260108_124434,gaitgl_OUMVLP_TOP50.csv,50%,Preset_36,TCN,42,256,"[128, 160, 192, 224, 256]","[1, 2, 4, 8, 16]",5,2,gelu,True,True,"[True, True, True, True, True]",max,320,nan,"[None, 0.05, 0.1, 0.1, 0.15]",96,AdamW,,0.0002,0.0,[0.68794326 2.1920904  0.91725768],0.02,1.0,0.11294,1.44757,0.43182,0.25132,"[0.64286, 0.0, 0.11111]",32,0.26967,1.24501,0.40909,0.35621,"[0.48649, 0.125, 0.45714]",17,COMPLETED,4.199
461,20260108_124434,gaitgl_TOP50.csv,50%,Preset_36,TCN,42,128,"[128, 160, 192, 224, 256]","[1, 2, 4, 8, 16]",5,2,gelu,True,True,"[True, True, True, True, True]",max,320,nan,"[None, 0.05, 0.1, 0.1, 0.15]",96,AdamW,,0.0002,0.0,[0.68794326 2.1920904  0.91725768],0.02,1.0,0.10321,1.16723,0.40909,0.30808,"[0.5, 0.0, 0.42424]",16,0.67089,1.08443,0.40909,0.34698,"[0.5, 0.15385, 0.3871]",3,COMPLETED,2.022
462,20260108_124434,gaitpart_GREW_TOP50.csv,50%,Preset_36,TCN,42,256,"[128, 160, 192, 224, 256]","[1, 2, 4, 8, 16]",5,2,gelu,True,True,"[True, True, True, True, True]",max,320,nan,"[None, 0.05, 0.1, 0.1, 0.15]",96,AdamW,,0.0002,0.0,[0.68794326 2.1920904  0.91725768],0.02,1.0,0.10743,1.2959,0.40909,0.35163,"[0.4878, 0.14286, 0.42424]",37,0.16459,1.21766,0.47727,0.40556,"[0.5, 0.16667, 0.55]",22,COMPLETED,4.762
463,20260108_124434,gaitpart_OUMVLP_TOP50.csv,50%,Preset_36,TCN,42,256,"[128, 160, 192, 224, 256]","[1, 2, 4, 8, 16]",5,2,gelu,True,True,"[True, True, True, True, True]",max,320,nan,"[None, 0.05, 0.1, 0.1, 0.15]",96,AdamW,,0.0002,0.0,[0.68794326 2.1920904  0.91725768],0.02,1.0,0.10975,1.06339,0.63636,0.54041,"[0.77551, 0.28571, 0.56]",219,0.1093,0.89508,0.68182,0.64461,"[0.74419, 0.5, 0.68966]",215,COMPLETED,26.989
464,20260108_124434,gaitset_GREW_TOP50.csv,50%,Preset_36,TCN,42,256,"[128, 160, 192, 224, 256]","[1, 2, 4, 8, 16]",5,2,gelu,True,True,"[True, True, True, True, True]",max,320,nan,"[None, 0.05, 0.1, 0.1, 0.15]",96,AdamW,,0.0002,0.0,[0.68794326 2.1920904  0.91725768],0.02,1.0,0.10959,1.42593,0.36364,0.3516,"[0.44444, 0.24, 0.37037]",22,0.22948,1.12743,0.5,0.47944,"[0.45161, 0.42857, 0.55814]",13,COMPLETED,3.223
465,20260108_124434,gaitset_OUMVLP_TOP50.csv,50%,Preset_36,TCN,42,256,"[128, 160, 192, 224, 256]","[1, 2, 4, 8, 16]",5,2,gelu,True,True,"[True, True, True, True, True]",max,320,nan,"[None, 0.05, 0.1, 0.1, 0.15]",96,AdamW,,0.0002,0.0,[0.68794326 2.1920904  0.91725768],0.02,1.0,0.10625,1.39812,0.43182,0.31744,"[0.56522, 0.0, 0.3871]",132,0.15329,1.51484,0.52273,0.50056,"[0.61538, 0.34783, 0.53846]",75,COMPLETED,17.669
466,20260108_124434,gaitset_TOP50.csv,50%,Preset_36,TCN,42,256,"[128, 160, 192, 224, 256]","[1, 2, 4, 8, 16]",5,2,gelu,True,True,"[True, True, True, True, True]",max,320,nan,"[None, 0.05, 0.1, 0.1, 0.15]",96,AdamW,,0.0002,0.0,[0.68794326 2.1920904  0.91725768],0.02,1.0,0.10632,1.27382,0.5,0.41839,"[0.6087, 0.22222, 0.42424]",20,0.10634,1.27107,0.5,0.45313,"[0.59574, 0.36364, 0.4]",19,COMPLETED,2.579
467,20260108_124434,gln_phase1_TOP50.csv,50%,Preset_36,TCN,42,256,"[128, 160, 192, 224, 256]","[1, 2, 4, 8, 16]",5,2,gelu,True,True,"[True, True, True, True, True]",max,320,nan,"[None, 0.05, 0.1, 0.1, 0.15]",96,AdamW,,0.0002,0.0,[0.68794326 2.1920904  0.91725768],0.02,1.0,0.11004,1.20125,0.45455,0.42709,"[0.5641, 0.27273, 0.44444]",26,0.17624,1.07122,0.5,0.48418,"[0.55556, 0.36364, 0.53333]",16,COMPLETED,3.854
468,20260108_124434,gln_phase2_TOP50.csv,50%,Preset_36,TCN,42,256,"[128, 160, 192, 224, 256]","[1, 2, 4, 8, 16]",5,2,gelu,True,True,"[True, True, True, True, True]",max,320,nan,"[None, 0.05, 0.1, 0.1, 0.15]",96,AdamW,,0.0002,0.0,[0.68794326 2.1920904  0.91725768],0.02,1.0,0.10618,0.86493,0.63636,0.60252,"[0.71795, 0.44444, 0.64516]",21,0.10618,0.86493,0.63636,0.60252,"[0.71795, 0.44444, 0.64516]",21,COMPLETED,2.939

469,20260108_124434,baseline_CASIAB_TOP50.csv,50%,Preset_37,TCN,42,256,"[160, 192]","[1, 2]",7,1,gelu,False,True,"[False, True]",max,,L2,"[0.2, 0.3]",96,AdamW,,0.0001,5e-05,[0.68794326 2.1920904  0.91725768],0.02,1.0,0.11734,1.48072,0.5,0.45771,"[0.48649, 0.30769, 0.57895]",172,0.33662,1.11343,0.54545,0.54533,"[0.54054, 0.54545, 0.55]",82,COMPLETED,9.476
470,20260108_124434,baseline_OUMVLP_TOP50.csv,50%,Preset_37,TCN,42,256,"[160, 192]","[1, 2]",7,1,gelu,False,True,"[False, True]",max,,L2,"[0.2, 0.3]",96,AdamW,,0.0001,5e-05,[0.68794326 2.1920904  0.91725768],0.02,1.0,0.11641,1.64216,0.52273,0.4367,"[0.6383, 0.13333, 0.53846]",314,0.64471,1.15806,0.52273,0.472,"[0.58537, 0.25, 0.58065]",83,COMPLETED,17.058
471,20260108_124434,gaitgl_GREW_BNNeck_TOP50.csv,50%,Preset_37,TCN,42,256,"[160, 192]","[1, 2]",7,1,gelu,False,True,"[False, True]",max,,L2,"[0.2, 0.3]",96,AdamW,,0.0001,5e-05,[0.68794326 2.1920904  0.91725768],0.02,1.0,0.11861,1.64554,0.45455,0.38462,"[0.53333, 0.15385, 0.46667]",173,0.12546,1.60899,0.54545,0.45869,"[0.60465, 0.2, 0.57143]",142,COMPLETED,10.296
472,20260108_124434,gaitgl_GREW_TOP50.csv,50%,Preset_37,TCN,42,256,"[160, 192]","[1, 2]",7,1,gelu,False,True,"[False, True]",max,,L2,"[0.2, 0.3]",96,AdamW,,0.0001,5e-05,[0.68794326 2.1920904  0.91725768],0.02,1.0,0.1127,1.28809,0.59091,0.54153,"[0.63636, 0.4, 0.58824]",89,0.1127,1.28809,0.59091,0.54153,"[0.63636, 0.4, 0.58824]",89,COMPLETED,5.578
473,20260108_124434,gaitgl_OUMVLP_TOP50.csv,50%,Preset_37,TCN,42,256,"[160, 192]","[1, 2]",7,1,gelu,False,True,"[False, True]",max,,L2,"[0.2, 0.3]",96,AdamW,,0.0001,5e-05,[0.68794326 2.1920904  0.91725768],0.02,1.0,0.11978,1.43157,0.5,0.41595,"[0.62222, 0.14286, 0.48276]",330,0.22084,1.31927,0.56818,0.47784,"[0.60465, 0.18182, 0.64706]",172,COMPLETED,19.465
474,20260108_124434,gaitgl_TOP50.csv,50%,Preset_37,TCN,42,128,"[160, 192]","[1, 2]",7,1,gelu,False,True,"[False, True]",max,,L2,"[0.2, 0.3]",96,AdamW,,0.0001,5e-05,[0.68794326 2.1920904  0.91725768],0.02,1.0,0.11925,1.45841,0.43182,0.31503,"[0.53333, 0.0, 0.41176]",103,0.70072,1.07206,0.47727,0.40606,"[0.53333, 0.2, 0.48485]",27,COMPLETED,5.511
475,20260108_124434,gaitpart_GREW_TOP50.csv,50%,Preset_37,TCN,42,256,"[160, 192]","[1, 2]",7,1,gelu,False,True,"[False, True]",max,,L2,"[0.2, 0.3]",96,AdamW,,0.0001,5e-05,[0.68794326 2.1920904  0.91725768],0.02,1.0,0.1171,1.64279,0.54545,0.51266,"[0.60465, 0.4, 0.53333]",296,0.11475,1.65696,0.63636,0.63426,"[0.61111, 0.625, 0.66667]",289,COMPLETED,14.541
476,20260108_124434,gaitpart_OUMVLP_TOP50.csv,50%,Preset_37,TCN,42,256,"[160, 192]","[1, 2]",7,1,gelu,False,True,"[False, True]",max,,L2,"[0.2, 0.3]",96,AdamW,,0.0001,5e-05,[0.68794326 2.1920904  0.91725768],0.02,1.0,0.11678,1.21462,0.56818,0.52502,"[0.66667, 0.31579, 0.59259]",1266,0.55843,1.08691,0.68182,0.64583,"[0.75, 0.5, 0.6875]",468,COMPLETED,61.867
477,20260108_124434,gaitset_GREW_TOP50.csv,50%,Preset_37,TCN,42,256,"[160, 192]","[1, 2]",7,1,gelu,False,True,"[False, True]",max,,L2,"[0.2, 0.3]",96,AdamW,,0.0001,5e-05,[0.68794326 2.1920904  0.91725768],0.02,1.0,0.11583,1.44692,0.54545,0.45258,"[0.65217, 0.15385, 0.55172]",217,0.28115,1.50719,0.56818,0.53272,"[0.59459, 0.375, 0.62857]",111,COMPLETED,12.791
478,20260108_124434,gaitset_OUMVLP_TOP50.csv,50%,Preset_37,TCN,42,256,"[160, 192]","[1, 2]",7,1,gelu,False,True,"[False, True]",max,,L2,"[0.2, 0.3]",96,AdamW,,0.0001,5e-05,[0.68794326 2.1920904  0.91725768],0.02,1.0,0.11857,1.6576,0.43182,0.39142,"[0.52174, 0.30769, 0.34483]",1049,0.12323,1.79656,0.5,0.49073,"[0.55, 0.47059, 0.45161]",867,COMPLETED,61.284
479,20260108_124434,gaitset_TOP50.csv,50%,Preset_37,TCN,42,256,"[160, 192]","[1, 2]",7,1,gelu,False,True,"[False, True]",max,,L2,"[0.2, 0.3]",96,AdamW,,0.0001,5e-05,[0.68794326 2.1920904  0.91725768],0.02,1.0,0.11908,1.83503,0.38636,0.33693,"[0.46154, 0.125, 0.42424]",166,0.28484,1.33494,0.45455,0.38302,"[0.55814, 0.16667, 0.42424]",85,COMPLETED,9.733
480,20260108_124434,gln_phase1_TOP50.csv,50%,Preset_37,TCN,42,256,"[160, 192]","[1, 2]",7,1,gelu,False,True,"[False, True]",max,,L2,"[0.2, 0.3]",96,AdamW,,0.0001,5e-05,[0.68794326 2.1920904  0.91725768],0.02,1.0,0.11286,1.15464,0.54545,0.51028,"[0.61538, 0.35294, 0.5625]",194,0.13396,1.1632,0.61364,0.59241,"[0.62857, 0.5, 0.64865]",150,COMPLETED,12.409
481,20260108_124434,gln_phase2_TOP50.csv,50%,Preset_37,TCN,42,256,"[160, 192]","[1, 2]",7,1,gelu,False,True,"[False, True]",max,,L2,"[0.2, 0.3]",96,AdamW,,0.0001,5e-05,[0.68794326 2.1920904  0.91725768],0.02,1.0,0.11749,1.09021,0.59091,0.55074,"[0.64865, 0.375, 0.62857]",183,0.13176,1.11365,0.70455,0.66475,"[0.73913, 0.54545, 0.70968]",147,COMPLETED,11.761

482,20260108_124434,baseline_CASIAB_TOP50.csv,50%,Preset_38,TCN,42,256,[64],[1],3,2,leakyrelu,True,False,[True],last,,L2,[0.0],96,RMSprop,,0.0005,2e-06,[0.68794326 2.1920904  0.91725768],0.02,1.0,0.11183,2.3492,0.29545,0.28478,"[0.34286, 0.16667, 0.34483]",286,0.23456,1.53388,0.59091,0.47692,"[0.69231, 0.2, 0.53846]",167,COMPLETED,14.723
483,20260108_124434,baseline_OUMVLP_TOP50.csv,50%,Preset_38,TCN,42,256,[64],[1],3,2,leakyrelu,True,False,[True],last,,L2,[0.0],96,RMSprop,,0.0005,2e-06,[0.68794326 2.1920904  0.91725768],0.02,1.0,0.11672,1.80925,0.38636,0.34111,"[0.43902, 0.11765, 0.46667]",310,0.14705,1.64938,0.52273,0.49174,"[0.48485, 0.375, 0.61538]",231,COMPLETED,15.963
484,20260108_124434,gaitgl_GREW_BNNeck_TOP50.csv,50%,Preset_38,TCN,42,256,[64],[1],3,2,leakyrelu,True,False,[True],last,,L2,[0.0],96,RMSprop,,0.0005,2e-06,[0.68794326 2.1920904  0.91725768],0.02,1.0,0.11778,1.71507,0.52273,0.47729,"[0.56522, 0.33333, 0.53333]",191,0.38681,1.09405,0.56818,0.56347,"[0.5641, 0.52632, 0.6]",80,COMPLETED,10.711
485,20260108_124434,gaitgl_GREW_TOP50.csv,50%,Preset_38,TCN,42,256,[64],[1],3,2,leakyrelu,True,False,[True],last,,L2,[0.0],96,RMSprop,,0.0005,2e-06,[0.68794326 2.1920904  0.91725768],0.02,1.0,0.11327,1.69672,0.59091,0.55727,"[0.54054, 0.42857, 0.7027]",73,0.22064,1.33656,0.61364,0.57835,"[0.55556, 0.46154, 0.71795]",45,COMPLETED,4.126
486,20260108_124434,gaitgl_OUMVLP_TOP50.csv,50%,Preset_38,TCN,42,256,[64],[1],3,2,leakyrelu,True,False,[True],last,,L2,[0.0],96,RMSprop,,0.0005,2e-06,[0.68794326 2.1920904  0.91725768],0.02,1.0,0.11491,2.33317,0.38636,0.2759,"[0.52, 0.0, 0.30769]",611,0.23447,2.04415,0.45455,0.43721,"[0.4, 0.4, 0.51163]",382,COMPLETED,33.817
487,20260108_124434,gaitgl_TOP50.csv,50%,Preset_38,TCN,42,128,[64],[1],3,2,leakyrelu,True,False,[True],last,,L2,[0.0],96,RMSprop,,0.0005,2e-06,[0.68794326 2.1920904  0.91725768],0.02,1.0,0.10663,2.10726,0.36364,0.27436,"[0.47826, 0.0, 0.34483]",117,0.38119,1.21298,0.45455,0.3902,"[0.5, 0.2, 0.47059]",45,COMPLETED,5.877
488,20260108_124434,gaitpart_GREW_TOP50.csv,50%,Preset_38,TCN,42,256,[64],[1],3,2,leakyrelu,True,False,[True],last,,L2,[0.0],96,RMSprop,,0.0005,2e-06,[0.68794326 2.1920904  0.91725768],0.02,1.0,0.10594,1.94585,0.43182,0.40598,"[0.5, 0.33333, 0.38462]",310,0.40505,1.24173,0.54545,0.49426,"[0.55, 0.28571, 0.64706]",142,COMPLETED,14.246
489,20260108_124434,gaitpart_OUMVLP_TOP50.csv,50%,Preset_38,TCN,42,256,[64],[1],3,2,leakyrelu,True,False,[True],last,,L2,[0.0],96,RMSprop,,0.0005,2e-06,[0.68794326 2.1920904  0.91725768],0.02,1.0,0.1145,1.13795,0.54545,0.5,"[0.625, 0.375, 0.5]",986,0.12441,0.90345,0.72727,0.6994,"[0.71429, 0.57143, 0.8125]",928,COMPLETED,45.127
490,20260108_124434,gaitset_GREW_TOP50.csv,50%,Preset_38,TCN,42,256,[64],[1],3,2,leakyrelu,True,False,[True],last,,L2,[0.0],96,RMSprop,,0.0005,2e-06,[0.68794326 2.1920904  0.91725768],0.02,1.0,0.11726,2.08841,0.38636,0.30918,"[0.57778, 0.14286, 0.2069]",327,0.13746,2.16047,0.45455,0.44772,"[0.55, 0.47059, 0.32258]",277,COMPLETED,18.025
491,20260108_124434,gaitset_OUMVLP_TOP50.csv,50%,Preset_38,TCN,42,256,[64],[1],3,2,leakyrelu,True,False,[True],last,,L2,[0.0],96,RMSprop,,0.0005,2e-06,[0.68794326 2.1920904  0.91725768],0.02,1.0,1.02265,1.05948,0.43182,0.2792,"[0.61538, 0.0, 0.22222]",220,1.02265,1.05948,0.43182,0.2792,"[0.61538, 0.0, 0.22222]",220,STOPPED,12.072
492,20260108_124434,gaitset_TOP50.csv,50%,Preset_38,TCN,42,256,[64],[1],3,2,leakyrelu,True,False,[True],last,,L2,[0.0],96,RMSprop,,0.0005,2e-06,[0.68794326 2.1920904  0.91725768],0.02,1.0,0.11641,1.34678,0.56818,0.5643,"[0.60465, 0.58824, 0.5]",223,0.19337,1.16306,0.61364,0.61202,"[0.61538, 0.6, 0.62069]",152,COMPLETED,12.468
493,20260108_124434,gln_phase1_TOP50.csv,50%,Preset_38,TCN,42,256,[64],[1],3,2,leakyrelu,True,False,[True],last,,L2,[0.0],96,RMSprop,,0.0005,2e-06,[0.68794326 2.1920904  0.91725768],0.02,1.0,0.11024,1.94172,0.40909,0.38012,"[0.47368, 0.2, 0.46667]",226,0.62949,1.08349,0.54545,0.52863,"[0.57895, 0.44444, 0.5625]",71,COMPLETED,13.608
494,20260108_124434,gln_phase2_TOP50.csv,50%,Preset_38,TCN,42,256,[64],[1],3,2,leakyrelu,True,False,[True],last,,L2,[0.0],96,RMSprop,,0.0005,2e-06,[0.68794326 2.1920904  0.91725768],0.02,1.0,0.11402,1.77671,0.54545,0.49708,"[0.52632, 0.33333, 0.63158]",219,0.29034,1.28986,0.56818,0.5455,"[0.52632, 0.46154, 0.64865]",131,COMPLETED,13.219

495,20260108_124434,baseline_CASIAB_TOP50.csv,50%,Preset_39,TCN,42,256,"[512, 640, 768]","[2, 4, 8]",3,2,mish,True,False,"[True, True, True]",attention,256,L2,"[0.05, 0.1, 0.1]",96,Adam,,0.0001,1e-05,[0.68794326 2.1920904  0.91725768],0.02,1.0,0.1098,2.13464,0.38636,0.3337,"[0.44444, 0.14286, 0.41379]",46,0.14818,1.74706,0.47727,0.43569,"[0.52632, 0.23529, 0.54545]",38,COMPLETED,6.226
496,20260108_124434,baseline_OUMVLP_TOP50.csv,50%,Preset_39,TCN,42,256,"[512, 640, 768]","[2, 4, 8]",3,2,mish,True,False,"[True, True, True]",attention,256,L2,"[0.05, 0.1, 0.1]",96,Adam,,0.0001,1e-05,[0.68794326 2.1920904  0.91725768],0.02,1.0,0.10741,2.32575,0.40909,0.349,"[0.30303, 0.22222, 0.52174]",119,0.13888,1.94106,0.54545,0.50139,"[0.6, 0.36364, 0.54054]",82,COMPLETED,16.047
497,20260108_124434,gaitgl_GREW_BNNeck_TOP50.csv,50%,Preset_39,TCN,42,256,"[512, 640, 768]","[2, 4, 8]",3,2,mish,True,False,"[True, True, True]",attention,256,L2,"[0.05, 0.1, 0.1]",96,Adam,,0.0001,1e-05,[0.68794326 2.1920904  0.91725768],0.02,1.0,0.10815,1.66104,0.43182,0.43004,"[0.46154, 0.42857, 0.4]",60,0.29939,1.50358,0.52273,0.5098,"[0.57778, 0.5, 0.45161]",26,COMPLETED,10.818
498,20260108_124434,gaitgl_GREW_TOP50.csv,50%,Preset_39,TCN,42,256,"[512, 640, 768]","[2, 4, 8]",3,2,mish,True,False,"[True, True, True]",attention,256,L2,"[0.05, 0.1, 0.1]",96,Adam,,0.0001,1e-05,[0.68794326 2.1920904  0.91725768],0.02,1.0,0.11047,1.54648,0.54545,0.46152,"[0.59091, 0.22222, 0.57143]",26,0.11305,1.4918,0.54545,0.51999,"[0.57895, 0.44444, 0.53659]",24,COMPLETED,4.661
499,20260108_124434,gaitgl_OUMVLP_TOP50.csv,50%,Preset_39,TCN,42,256,"[512, 640, 768]","[2, 4, 8]",3,2,mish,True,False,"[True, True, True]",attention,256,L2,"[0.05, 0.1, 0.1]",96,Adam,,0.0001,1e-05,[0.68794326 2.1920904  0.91725768],0.02,1.0,0.11099,2.10177,0.45455,0.24286,"[0.63333, 0.0, 0.09524]",87,0.1317,1.52651,0.61364,0.50936,"[0.68085, 0.22222, 0.625]",55,COMPLETED,15.458
500,20260108_124434,gaitgl_TOP50.csv,50%,Preset_39,TCN,42,128,"[512, 640, 768]","[2, 4, 8]",3,2,mish,True,False,"[True, True, True]",attention,256,L2,"[0.05, 0.1, 0.1]",96,Adam,,0.0001,1e-05,[0.68794326 2.1920904  0.91725768],0.02,1.0,0.10797,1.79097,0.40909,0.31852,"[0.4, 0.0, 0.55556]",24,0.13517,1.54956,0.54545,0.40565,"[0.58537, 0.0, 0.63158]",18,COMPLETED,4.105
501,20260108_124434,gaitpart_GREW_TOP50.csv,50%,Preset_39,TCN,42,256,"[512, 640, 768]","[2, 4, 8]",3,2,mish,True,False,"[True, True, True]",attention,256,L2,"[0.05, 0.1, 0.1]",96,Adam,,0.0001,1e-05,[0.68794326 2.1920904  0.91725768],0.02,1.0,0.1084,1.46461,0.54545,0.49529,"[0.62222, 0.36364, 0.5]",109,0.18779,1.78677,0.59091,0.53619,"[0.68, 0.42857, 0.5]",62,COMPLETED,13.083
502,20260108_124434,gaitpart_OUMVLP_TOP50.csv,50%,Preset_39,TCN,42,256,"[512, 640, 768]","[2, 4, 8]",3,2,mish,True,False,"[True, True, True]",attention,256,L2,"[0.05, 0.1, 0.1]",96,Adam,,0.0001,1e-05,[0.68794326 2.1920904  0.91725768],0.02,1.0,0.21692,1.93875,0.43182,0.40649,"[0.52381, 0.34783, 0.34783]",469,0.70917,0.99349,0.63636,0.5876,"[0.68421, 0.44444, 0.63415]",243,STOPPED,53.229
503,20260108_124434,gaitset_GREW_TOP50.csv,50%,Preset_39,TCN,42,256,"[512, 640, 768]","[2, 4, 8]",3,2,mish,True,False,"[True, True, True]",attention,256,L2,"[0.05, 0.1, 0.1]",96,Adam,,0.0001,1e-05,[0.68794326 2.1920904  0.91725768],0.02,1.0,0.10605,2.06397,0.34091,0.30097,"[0.375, 0.11765, 0.41026]",67,0.46884,1.48791,0.52273,0.45411,"[0.69565, 0.33333, 0.33333]",44,COMPLETED,11.778
504,20260108_124434,gaitset_OUMVLP_TOP50.csv,50%,Preset_39,TCN,42,256,"[512, 640, 768]","[2, 4, 8]",3,2,mish,True,False,"[True, True, True]",attention,256,L2,"[0.05, 0.1, 0.1]",96,Adam,,0.0001,1e-05,[0.68794326 2.1920904  0.91725768],0.02,1.0,0.11698,1.84297,0.59091,0.54485,"[0.68, 0.5, 0.45455]",248,0.12136,1.48484,0.56818,0.55322,"[0.58824, 0.5, 0.57143]",235,COMPLETED,43.158
505,20260108_124434,gaitset_TOP50.csv,50%,Preset_39,TCN,42,256,"[512, 640, 768]","[2, 4, 8]",3,2,mish,True,False,"[True, True, True]",attention,256,L2,"[0.05, 0.1, 0.1]",96,Adam,,0.0001,1e-05,[0.68794326 2.1920904  0.91725768],0.02,1.0,0.10897,2.24066,0.36364,0.3624,"[0.39024, 0.36364, 0.33333]",71,0.13244,1.79802,0.45455,0.44972,"[0.45, 0.42857, 0.47059]",59,COMPLETED,12.404
506,20260108_124434,gln_phase1_TOP50.csv,50%,Preset_39,TCN,42,256,"[512, 640, 768]","[2, 4, 8]",3,2,mish,True,False,"[True, True, True]",attention,256,L2,"[0.05, 0.1, 0.1]",96,Adam,,0.0001,1e-05,[0.68794326 2.1920904  0.91725768],0.02,1.0,0.11139,1.31949,0.61364,0.46467,"[0.74286, 0.0, 0.65116]",62,0.20143,1.01961,0.68182,0.59283,"[0.8, 0.33333, 0.64516]",39,COMPLETED,12.896
507,20260108_124434,gln_phase2_TOP50.csv,50%,Preset_39,TCN,42,256,"[512, 640, 768]","[2, 4, 8]",3,2,mish,True,False,"[True, True, True]",attention,256,L2,"[0.05, 0.1, 0.1]",96,Adam,,0.0001,1e-05,[0.68794326 2.1920904  0.91725768],0.02,1.0,0.11445,2.04722,0.45455,0.39938,"[0.57778, 0.25, 0.37037]",67,0.10769,1.99271,0.52273,0.47235,"[0.57895, 0.26667, 0.57143]",63,COMPLETED,14.024

508,20260108_124434,baseline_CASIAB_TOP50.csv,50%,Preset_40,TCN,42,256,"[256, 384, 512, 640]","[1, 2, 4, 8]",3,2,gelu,True,True,"[True, True, True, True]",mean,256,L2,"[0.05, 0.05, 0.05, 0.05]",96,Adam,,0.00012,1e-05,[0.68794326 2.1920904  0.91725768],0.02,1.0,0.11367,1.64495,0.38636,0.29465,"[0.41026, 0.0, 0.47368]",65,0.26294,1.80822,0.52273,0.47852,"[0.62222, 0.33333, 0.48]",53,COMPLETED,8.183
509,20260108_124434,baseline_OUMVLP_TOP50.csv,50%,Preset_40,TCN,42,256,"[256, 384, 512, 640]","[1, 2, 4, 8]",3,2,gelu,True,True,"[True, True, True, True]",mean,256,L2,"[0.05, 0.05, 0.05, 0.05]",96,Adam,,0.00012,1e-05,[0.68794326 2.1920904  0.91725768],0.02,1.0,0.10679,1.53946,0.5,0.37094,"[0.51282, 0.0, 0.6]",99,0.31022,1.23541,0.52273,0.49044,"[0.60465, 0.4, 0.46667]",46,COMPLETED,12.371
510,20260108_124434,gaitgl_GREW_BNNeck_TOP50.csv,50%,Preset_40,TCN,42,256,"[256, 384, 512, 640]","[1, 2, 4, 8]",3,2,gelu,True,True,"[True, True, True, True]",mean,256,L2,"[0.05, 0.05, 0.05, 0.05]",96,Adam,,0.00012,1e-05,[0.68794326 2.1920904  0.91725768],0.02,1.0,0.10606,1.59801,0.38636,0.28819,"[0.35294, 0.0, 0.51163]",79,0.54707,1.61161,0.59091,0.46473,"[0.68966, 0.25, 0.45455]",51,COMPLETED,12.113
511,20260108_124434,gaitgl_GREW_TOP50.csv,50%,Preset_40,TCN,42,256,"[256, 384, 512, 640]","[1, 2, 4, 8]",3,2,gelu,True,True,"[True, True, True, True]",mean,256,L2,"[0.05, 0.05, 0.05, 0.05]",96,Adam,,0.00012,1e-05,[0.68794326 2.1920904  0.91725768],0.02,1.0,0.10382,1.4354,0.43182,0.29443,"[0.53846, 0.0, 0.34483]",56,0.22065,1.48534,0.47727,0.41728,"[0.59574, 0.28571, 0.37037]",41,COMPLETED,8.48
512,20260108_124434,gaitgl_OUMVLP_TOP50.csv,50%,Preset_40,TCN,42,256,"[256, 384, 512, 640]","[1, 2, 4, 8]",3,2,gelu,True,True,"[True, True, True, True]",mean,256,L2,"[0.05, 0.05, 0.05, 0.05]",96,Adam,,0.00012,1e-05,[0.68794326 2.1920904  0.91725768],0.02,1.0,0.10473,1.44669,0.45455,0.33417,"[0.52632, 0.0, 0.47619]",121,0.17041,1.47975,0.56818,0.41577,"[0.66667, 0.0, 0.58065]",90,COMPLETED,18.439
513,20260108_124434,gaitgl_TOP50.csv,50%,Preset_40,TCN,42,128,"[256, 384, 512, 640]","[1, 2, 4, 8]",3,2,gelu,True,True,"[True, True, True, True]",mean,256,L2,"[0.05, 0.05, 0.05, 0.05]",96,Adam,,0.00012,1e-05,[0.68794326 2.1920904  0.91725768],0.02,1.0,0.10617,1.32036,0.47727,0.39207,"[0.59574, 0.16667, 0.41379]",47,0.2091,1.24492,0.47727,0.41349,"[0.45714, 0.25, 0.53333]",35,COMPLETED,6.841
514,20260108_124434,gaitpart_GREW_TOP50.csv,50%,Preset_40,TCN,42,256,"[256, 384, 512, 640]","[1, 2, 4, 8]",3,2,gelu,True,True,"[True, True, True, True]",mean,256,L2,"[0.05, 0.05, 0.05, 0.05]",96,Adam,,0.00012,1e-05,[0.68794326 2.1920904  0.91725768],0.02,1.0,0.11732,1.56791,0.43182,0.41454,"[0.5, 0.26087, 0.48276]",101,0.25946,1.44561,0.54545,0.53957,"[0.58537, 0.53333, 0.5]",59,COMPLETED,11.884
515,20260108_124434,gaitpart_OUMVLP_TOP50.csv,50%,Preset_40,TCN,42,256,"[256, 384, 512, 640]","[1, 2, 4, 8]",3,2,gelu,True,True,"[True, True, True, True]",mean,256,L2,"[0.05, 0.05, 0.05, 0.05]",96,Adam,,0.00012,1e-05,[0.68794326 2.1920904  0.91725768],0.02,1.0,0.11008,1.16333,0.63636,0.61667,"[0.65, 0.53333, 0.66667]",304,0.11622,1.20803,0.65909,0.64391,"[0.69565, 0.61538, 0.62069]",297,COMPLETED,35.583
516,20260108_124434,gaitset_GREW_TOP50.csv,50%,Preset_40,TCN,42,256,"[256, 384, 512, 640]","[1, 2, 4, 8]",3,2,gelu,True,True,"[True, True, True, True]",mean,256,L2,"[0.05, 0.05, 0.05, 0.05]",96,Adam,,0.00012,1e-05,[0.68794326 2.1920904  0.91725768],0.02,1.0,0.10856,1.64547,0.5,0.35054,"[0.6, 0.0, 0.45161]",124,0.69814,1.09965,0.54545,0.52102,"[0.57895, 0.42857, 0.55556]",20,COMPLETED,18.493
517,20260108_124434,gaitset_OUMVLP_TOP50.csv,50%,Preset_40,TCN,42,256,"[256, 384, 512, 640]","[1, 2, 4, 8]",3,2,gelu,True,True,"[True, True, True, True]",mean,256,L2,"[0.05, 0.05, 0.05, 0.05]",96,Adam,,0.00012,1e-05,[0.68794326 2.1920904  0.91725768],0.02,1.0,0.11761,1.54369,0.45455,0.38702,"[0.47059, 0.16667, 0.52381]",174,0.11743,1.45582,0.56818,0.51126,"[0.68085, 0.35294, 0.5]",172,COMPLETED,26.148
518,20260108_124434,gaitset_TOP50.csv,50%,Preset_40,TCN,42,256,"[256, 384, 512, 640]","[1, 2, 4, 8]",3,2,gelu,True,True,"[True, True, True, True]",mean,256,L2,"[0.05, 0.05, 0.05, 0.05]",96,Adam,,0.00012,1e-05,[0.68794326 2.1920904  0.91725768],0.02,1.0,0.11693,2.018,0.25,0.22563,"[0.25, 0.11111, 0.31579]",62,0.38625,1.48139,0.43182,0.34449,"[0.58333, 0.15385, 0.2963]",29,COMPLETED,9.378
519,20260108_124434,gln_phase1_TOP50.csv,50%,Preset_40,TCN,42,256,"[256, 384, 512, 640]","[1, 2, 4, 8]",3,2,gelu,True,True,"[True, True, True, True]",mean,256,L2,"[0.05, 0.05, 0.05, 0.05]",96,Adam,,0.00012,1e-05,[0.68794326 2.1920904  0.91725768],0.02,1.0,0.11087,1.09032,0.59091,0.47499,"[0.72, 0.22222, 0.48276]",101,0.131,1.23879,0.63636,0.5332,"[0.68293, 0.25, 0.66667]",90,COMPLETED,18.42
520,20260108_124434,gln_phase2_TOP50.csv,50%,Preset_40,TCN,42,256,"[256, 384, 512, 640]","[1, 2, 4, 8]",3,2,gelu,True,True,"[True, True, True, True]",mean,256,L2,"[0.05, 0.05, 0.05, 0.05]",96,Adam,,0.00012,1e-05,[0.68794326 2.1920904  0.91725768],0.02,1.0,0.11238,1.51311,0.54545,0.4848,"[0.48276, 0.33333, 0.6383]",67,0.46577,1.00274,0.59091,0.49587,"[0.61538, 0.22222, 0.65]",28,COMPLETED,12.057

521,20260108_124434,baseline_CASIAB_TOP50.csv,50%,Preset_41,TCN,42,256,"[512, 640, 640]","[1, 2, 4]",7,2,gelu,True,True,"[True, True, True]",attention,256,L2,"[0.05, 0.1, 0.1]",64,Adam,,8e-05,1e-05,[0.68794326 2.1920904  0.91725768],0.02,1.0,0.1142,2.13014,0.54545,0.49392,"[0.51429, 0.33333, 0.63415]",51,0.34325,1.45767,0.59091,0.53608,"[0.59459, 0.36364, 0.65]",29,COMPLETED,10.721
522,20260108_124434,baseline_OUMVLP_TOP50.csv,50%,Preset_41,TCN,42,256,"[512, 640, 640]","[1, 2, 4]",7,2,gelu,True,True,"[True, True, True]",attention,256,L2,"[0.05, 0.1, 0.1]",64,Adam,,8e-05,1e-05,[0.68794326 2.1920904  0.91725768],0.02,1.0,0.10495,1.73759,0.52273,0.44207,"[0.51282, 0.18182, 0.63158]",105,0.23868,1.40936,0.59091,0.49916,"[0.63636, 0.25, 0.61111]",67,COMPLETED,22.011
523,20260108_124434,gaitgl_GREW_BNNeck_TOP50.csv,50%,Preset_41,TCN,42,256,"[512, 640, 640]","[1, 2, 4]",7,2,gelu,True,True,"[True, True, True]",attention,256,L2,"[0.05, 0.1, 0.1]",64,Adam,,8e-05,1e-05,[0.68794326 2.1920904  0.91725768],0.02,1.0,0.1044,1.87311,0.45455,0.34701,"[0.51163, 0.0, 0.52941]",41,0.23465,1.64208,0.47727,0.47191,"[0.51429, 0.43478, 0.46667]",21,COMPLETED,10.805
524,20260108_124434,gaitgl_GREW_TOP50.csv,50%,Preset_41,TCN,42,256,"[512, 640, 640]","[1, 2, 4]",7,2,gelu,True,True,"[True, True, True]",attention,256,L2,"[0.05, 0.1, 0.1]",64,Adam,,8e-05,1e-05,[0.68794326 2.1920904  0.91725768],0.02,1.0,0.10741,1.67459,0.5,0.337,"[0.65385, 0.0, 0.35714]",22,0.10764,1.52745,0.56818,0.47844,"[0.63415, 0.22222, 0.57895]",21,COMPLETED,5.88
525,20260108_124434,gaitgl_OUMVLP_TOP50.csv,50%,Preset_41,TCN,42,256,"[512, 640, 640]","[1, 2, 4]",7,2,gelu,True,True,"[True, True, True]",attention,256,L2,"[0.05, 0.1, 0.1]",64,Adam,,8e-05,1e-05,[0.68794326 2.1920904  0.91725768],0.02,1.0,0.11271,1.43016,0.54545,0.45705,"[0.6087, 0.18182, 0.58065]",70,0.21195,1.55314,0.54545,0.51672,"[0.55556, 0.4, 0.59459]",63,COMPLETED,18.104
526,20260108_124434,gaitgl_TOP50.csv,50%,Preset_41,TCN,42,128,"[512, 640, 640]","[1, 2, 4]",7,2,gelu,True,True,"[True, True, True]",attention,256,L2,"[0.05, 0.1, 0.1]",64,Adam,,8e-05,1e-05,[0.68794326 2.1920904  0.91725768],0.02,1.0,0.10683,1.78323,0.54545,0.49558,"[0.59091, 0.33333, 0.5625]",26,0.13853,1.84655,0.54545,0.50907,"[0.6, 0.44444, 0.48276]",17,COMPLETED,6.651
527,20260108_124434,gaitpart_GREW_TOP50.csv,50%,Preset_41,TCN,42,256,"[512, 640, 640]","[1, 2, 4]",7,2,gelu,True,True,"[True, True, True]",attention,256,L2,"[0.05, 0.1, 0.1]",64,Adam,,8e-05,1e-05,[0.68794326 2.1920904  0.91725768],0.02,1.0,0.11169,1.78631,0.5,0.46724,"[0.52381, 0.36364, 0.51429]",91,0.68825,1.19972,0.56818,0.53801,"[0.51613, 0.46154, 0.63636]",31,COMPLETED,16.869
528,20260108_124434,gaitpart_OUMVLP_TOP50.csv,50%,Preset_41,TCN,42,256,"[512, 640, 640]","[1, 2, 4]",7,2,gelu,True,True,"[True, True, True]",attention,256,L2,"[0.05, 0.1, 0.1]",64,Adam,,8e-05,1e-05,[0.68794326 2.1920904  0.91725768],0.02,1.0,0.51106,1.43144,0.52273,0.51896,"[0.57895, 0.52632, 0.45161]",307,0.54214,1.26934,0.56818,0.55598,"[0.61111, 0.47619, 0.58065]",174,STOPPED,51.937
529,20260108_124434,gaitset_GREW_TOP50.csv,50%,Preset_41,TCN,42,256,"[512, 640, 640]","[1, 2, 4]",7,2,gelu,True,True,"[True, True, True]",attention,256,L2,"[0.05, 0.1, 0.1]",64,Adam,,8e-05,1e-05,[0.68794326 2.1920904  0.91725768],0.02,1.0,0.1149,2.01263,0.34091,0.28837,"[0.46512, 0.13333, 0.26667]",46,0.12078,1.93633,0.45455,0.37088,"[0.57692, 0.25, 0.28571]",41,COMPLETED,12.003
530,20260108_124434,gaitset_OUMVLP_TOP50.csv,50%,Preset_41,TCN,42,256,"[512, 640, 640]","[1, 2, 4]",7,2,gelu,True,True,"[True, True, True]",attention,256,L2,"[0.05, 0.1, 0.1]",64,Adam,,8e-05,1e-05,[0.68794326 2.1920904  0.91725768],0.02,1.0,0.10421,1.71728,0.56818,0.44952,"[0.72, 0.2, 0.42857]",189,0.74793,1.43211,0.56818,0.50538,"[0.66667, 0.33333, 0.51613]",133,COMPLETED,48.34
531,20260108_124434,gaitset_TOP50.csv,50%,Preset_41,TCN,42,256,"[512, 640, 640]","[1, 2, 4]",7,2,gelu,True,True,"[True, True, True]",attention,256,L2,"[0.05, 0.1, 0.1]",64,Adam,,8e-05,1e-05,[0.68794326 2.1920904  0.91725768],0.02,1.0,0.10603,1.92633,0.43182,0.32828,"[0.5, 0.0, 0.48485]",47,0.14766,1.85306,0.47727,0.40972,"[0.5, 0.16667, 0.5625]",31,COMPLETED,12.148
532,20260108_124434,gln_phase1_TOP50.csv,50%,Preset_41,TCN,42,256,"[512, 640, 640]","[1, 2, 4]",7,2,gelu,True,True,"[True, True, True]",attention,256,L2,"[0.05, 0.1, 0.1]",64,Adam,,8e-05,1e-05,[0.68794326 2.1920904  0.91725768],0.02,1.0,0.10926,1.22314,0.63636,0.56802,"[0.7234, 0.4, 0.58065]",51,0.12791,1.4107,0.63636,0.57778,"[0.66667, 0.4, 0.66667]",42,COMPLETED,15.701
533,20260108_124434,gln_phase2_TOP50.csv,50%,Preset_41,TCN,42,256,"[512, 640, 640]","[1, 2, 4]",7,2,gelu,True,True,"[True, True, True]",attention,256,L2,"[0.05, 0.1, 0.1]",64,Adam,,8e-05,1e-05,[0.68794326 2.1920904  0.91725768],0.02,1.0,0.10406,1.36346,0.56818,0.51176,"[0.57895, 0.30769, 0.64865]",53,0.11306,1.07229,0.65909,0.57574,"[0.77551, 0.4, 0.55172]",38,COMPLETED,16.187

534,20260108_124434,baseline_CASIAB_TOP50.csv,50%,Preset_42,TCN,42,256,"[384, 256, 192, 128]","[2, 4, 8, 16]",3,1,elu,False,False,"[True, False, False, False]",max,256,L2,"[0.0, 0.1, 0.1, 0.0]",16,RMSprop,,1e-05,5e-07,[0.68794326 2.1920904  0.91725768],0.02,1.0,0.11521,1.41846,0.59091,0.48237,"[0.69388, 0.18182, 0.57143]",152,0.1562,1.30629,0.54545,0.48775,"[0.62222, 0.30769, 0.53333]",122,COMPLETED,45.13
535,20260108_124434,baseline_OUMVLP_TOP50.csv,50%,Preset_42,TCN,42,256,"[384, 256, 192, 128]","[2, 4, 8, 16]",3,1,elu,False,False,"[True, False, False, False]",max,256,L2,"[0.0, 0.1, 0.1, 0.0]",16,RMSprop,,1e-05,5e-07,[0.68794326 2.1920904  0.91725768],0.02,1.0,0.1157,1.69166,0.43182,0.35271,"[0.55814, 0.0, 0.5]",219,0.32155,1.29362,0.52273,0.44156,"[0.57143, 0.18182, 0.57143]",125,COMPLETED,64.759
536,20260108_124434,gaitgl_GREW_BNNeck_TOP50.csv,50%,Preset_42,TCN,42,256,"[384, 256, 192, 128]","[2, 4, 8, 16]",3,1,elu,False,False,"[True, False, False, False]",max,256,L2,"[0.0, 0.1, 0.1, 0.0]",16,RMSprop,,1e-05,5e-07,[0.68794326 2.1920904  0.91725768],0.02,1.0,0.11613,1.35176,0.47727,0.41536,"[0.51064, 0.14286, 0.59259]",132,0.27992,1.15986,0.54545,0.50005,"[0.52381, 0.26667, 0.70968]",78,COMPLETED,39.442
537,20260108_124434,gaitgl_GREW_TOP50.csv,50%,Preset_42,TCN,42,256,"[384, 256, 192, 128]","[2, 4, 8, 16]",3,1,elu,False,False,"[True, False, False, False]",max,256,L2,"[0.0, 0.1, 0.1, 0.0]",16,RMSprop,,1e-05,5e-07,[0.68794326 2.1920904  0.91725768],0.02,1.0,0.11462,1.12476,0.54545,0.48176,"[0.65306, 0.36364, 0.42857]",87,0.16578,1.09895,0.54545,0.53333,"[0.6, 0.5, 0.5]",67,COMPLETED,25.871
538,20260108_124434,gaitgl_OUMVLP_TOP50.csv,50%,Preset_42,TCN,42,256,"[384, 256, 192, 128]","[2, 4, 8, 16]",3,1,elu,False,False,"[True, False, False, False]",max,256,L2,"[0.0, 0.1, 0.1, 0.0]",16,RMSprop,,1e-05,5e-07,[0.68794326 2.1920904  0.91725768],0.02,1.0,0.1193,1.14344,0.5,0.36371,"[0.60465, 0.0, 0.48649]",217,0.18555,1.01739,0.56818,0.55574,"[0.65116, 0.54545, 0.47059]",158,COMPLETED,64.597
539,20260108_124434,gaitgl_TOP50.csv,50%,Preset_42,TCN,42,128,"[384, 256, 192, 128]","[2, 4, 8, 16]",3,1,elu,False,False,"[True, False, False, False]",max,256,L2,"[0.0, 0.1, 0.1, 0.0]",16,RMSprop,,1e-05,5e-07,[0.68794326 2.1920904  0.91725768],0.02,1.0,0.11447,1.08214,0.43182,0.3125,"[0.5, 0.0, 0.4375]",86,0.47868,1.02616,0.52273,0.53095,"[0.53659, 0.57143, 0.48485]",35,COMPLETED,25.156
540,20260108_124434,gaitpart_GREW_TOP50.csv,50%,Preset_42,TCN,42,256,"[384, 256, 192, 128]","[2, 4, 8, 16]",3,1,elu,False,False,"[True, False, False, False]",max,256,L2,"[0.0, 0.1, 0.1, 0.0]",16,RMSprop,,1e-05,5e-07,[0.68794326 2.1920904  0.91725768],0.02,1.0,0.11707,1.19525,0.59091,0.56439,"[0.65116, 0.47059, 0.57143]",208,0.57215,1.02598,0.65909,0.65278,"[0.66667, 0.625, 0.66667]",85,COMPLETED,51.678
541,20260108_124434,gaitpart_OUMVLP_TOP50.csv,50%,Preset_42,TCN,42,256,"[384, 256, 192, 128]","[2, 4, 8, 16]",3,1,elu,False,False,"[True, False, False, False]",max,256,L2,"[0.0, 0.1, 0.1, 0.0]",16,RMSprop,,1e-05,5e-07,[0.68794326 2.1920904  0.91725768],0.02,1.0,0.11649,1.29924,0.61364,0.57598,"[0.71429, 0.42105, 0.59259]",632,0.57194,1.01907,0.68182,0.65085,"[0.73171, 0.53333, 0.6875]",253,COMPLETED,150.052
542,20260108_124434,gaitset_GREW_TOP50.csv,50%,Preset_42,TCN,42,256,"[384, 256, 192, 128]","[2, 4, 8, 16]",3,1,elu,False,False,"[True, False, False, False]",max,256,L2,"[0.0, 0.1, 0.1, 0.0]",16,RMSprop,,1e-05,5e-07,[0.68794326 2.1920904  0.91725768],0.02,1.0,0.11918,1.46529,0.5,0.40787,"[0.65217, 0.14286, 0.42857]",164,0.12752,1.38581,0.52273,0.43468,"[0.62222, 0.18182, 0.5]",145,COMPLETED,44.361
543,20260108_124434,gaitset_OUMVLP_TOP50.csv,50%,Preset_42,TCN,42,256,"[384, 256, 192, 128]","[2, 4, 8, 16]",3,1,elu,False,False,"[True, False, False, False]",max,256,L2,"[0.0, 0.1, 0.1, 0.0]",16,RMSprop,,1e-05,5e-07,[0.68794326 2.1920904  0.91725768],0.02,1.0,0.11635,1.74399,0.5,0.47119,"[0.5641, 0.33333, 0.51613]",586,0.13359,1.74889,0.54545,0.49495,"[0.63636, 0.36364, 0.48485]",492,COMPLETED,158.061
544,20260108_124434,gaitset_TOP50.csv,50%,Preset_42,TCN,42,256,"[384, 256, 192, 128]","[2, 4, 8, 16]",3,1,elu,False,False,"[True, False, False, False]",max,256,L2,"[0.0, 0.1, 0.1, 0.0]",16,RMSprop,,1e-05,5e-07,[0.68794326 2.1920904  0.91725768],0.02,1.0,0.11744,1.33453,0.47727,0.43444,"[0.55814, 0.30769, 0.4375]",127,0.71652,1.05054,0.59091,0.54051,"[0.68, 0.46154, 0.48]",29,COMPLETED,34.272
545,20260108_124434,gln_phase1_TOP50.csv,50%,Preset_42,TCN,42,256,"[384, 256, 192, 128]","[2, 4, 8, 16]",3,1,elu,False,False,"[True, False, False, False]",max,256,L2,"[0.0, 0.1, 0.1, 0.0]",16,RMSprop,,1e-05,5e-07,[0.68794326 2.1920904  0.91725768],0.02,1.0,0.1151,1.15254,0.5,0.48074,"[0.59459, 0.38095, 0.46667]",151,0.13206,1.06457,0.59091,0.5672,"[0.62857, 0.44444, 0.62857]",125,COMPLETED,41.292
546,20260108_124434,gln_phase2_TOP50.csv,50%,Preset_42,TCN,42,256,"[384, 256, 192, 128]","[2, 4, 8, 16]",3,1,elu,False,False,"[True, False, False, False]",max,256,L2,"[0.0, 0.1, 0.1, 0.0]",16,RMSprop,,1e-05,5e-07,[0.68794326 2.1920904  0.91725768],0.02,1.0,0.11485,1.05533,0.59091,0.49116,"[0.68182, 0.16667, 0.625]",141,0.55218,1.00006,0.61364,0.58104,"[0.69767, 0.5, 0.54545]",49,COMPLETED,38.603
