id,timestamp,target_embedding,source_params,model,seed,input_dim,channels,dilations,kernel_size,convs_per_block,activation,use_weight_norm,wn_on_skip,dropout,ln_block_end,pooling,fc_hidden,batch_size,optimizer,momentum_sgd,lr,weight_decay,norm,label_smoothing,clip_grad_norm,class_weights,train_loss,accuracy,epochs_trained,f1_macro,best_f1,best_epoch,best_state_loss,training,duration_sec

1,20251012_183155,baseline_CASIAB.csv,Best_configs,TCN,42,256,"[256, 256]","[2, 3]",9,1,relu,False,True,"[None, 0.2]","[True, True]",max,64.0,96,RMSprop,,0.0001,1e-05,L2,0.03,1.0,"[1.0, 3.1864, 1.3333]",0.14119,0.47727,561,0.40664,0.56679,437,0.14252,STOPPED,34.036
2,20251012_183155,baseline_OUMVLP.csv,Best_configs,TCN,42,256,"[256, 256]","[2, 3]",9,1,relu,False,True,"[None, 0.2]","[True, True]",max,64.0,96,RMSprop,,0.0001,1e-05,L2,0.03,1.0,"[1.0, 3.1864, 1.3333]",0.14055,0.47727,611,0.40863,0.5726,567,0.14077,STOPPED,35.093
3,20251012_183155,gaitgl.csv,Best_configs,TCN,42,128,"[256, 256]","[2, 3]",9,1,relu,False,True,"[None, 0.2]","[True, True]",max,64.0,96,RMSprop,,0.0001,1e-05,L2,0.03,1.0,"[1.0, 3.1864, 1.3333]",0.14159,0.47727,332,0.3372,0.52927,201,0.1426,STOPPED,25.355
4,20251012_183155,gaitgl_GREW.csv,Best_configs,TCN,42,256,"[256, 256]","[2, 3]",9,1,relu,False,True,"[None, 0.2]","[True, True]",max,64.0,96,RMSprop,,0.0001,1e-05,L2,0.03,1.0,"[1.0, 3.1864, 1.3333]",0.14222,0.52273,272,0.37407,0.45191,33,0.22037,STOPPED,23.061
5,20251012_183155,gaitgl_GREW_BNNeck.csv,Best_configs,TCN,42,256,"[256, 256]","[2, 3]",9,1,relu,False,True,"[None, 0.2]","[True, True]",max,64.0,96,RMSprop,,0.0001,1e-05,L2,0.03,1.0,"[1.0, 3.1864, 1.3333]",0.14112,0.52273,488,0.43135,0.49586,174,0.15283,STOPPED,41.52
6,20251012_183155,gaitgl_OUMVLP.csv,Best_configs,TCN,42,256,"[256, 256]","[2, 3]",9,1,relu,False,True,"[None, 0.2]","[True, True]",max,64.0,96,RMSprop,,0.0001,1e-05,L2,0.03,1.0,"[1.0, 3.1864, 1.3333]",0.14107,0.59091,614,0.55515,0.59171,502,0.141,STOPPED,52.025
7,20251012_183155,gaitpart_GREW.csv,Best_configs,TCN,42,256,"[256, 256]","[2, 3]",9,1,relu,False,True,"[None, 0.2]","[True, True]",max,64.0,96,RMSprop,,0.0001,1e-05,L2,0.03,1.0,"[1.0, 3.1864, 1.3333]",0.14057,0.54545,630,0.48037,0.60609,303,0.14955,STOPPED,26.231
8,20251012_183155,gaitpart_OUMVLP.csv,Best_configs,TCN,42,256,"[256, 256]","[2, 3]",9,1,relu,False,True,"[None, 0.2]","[True, True]",max,64.0,96,RMSprop,,0.0001,1e-05,L2,0.03,1.0,"[1.0, 3.1864, 1.3333]",0.15031,0.59091,665,0.48237,0.57407,553,0.15574,STOPPED,28.055
9,20251012_183155,gaitset.csv,Best_configs,TCN,42,256,"[256, 256]","[2, 3]",9,1,relu,False,True,"[None, 0.2]","[True, True]",max,64.0,96,RMSprop,,0.0001,1e-05,L2,0.03,1.0,"[1.0, 3.1864, 1.3333]",0.14572,0.40909,511,0.37755,0.51296,236,0.15293,STOPPED,42.448
10,20251012_183155,gaitset_GREW.csv,Best_configs,TCN,42,256,"[256, 256]","[2, 3]",9,1,relu,False,True,"[None, 0.2]","[True, True]",max,64.0,96,RMSprop,,0.0001,1e-05,L2,0.03,1.0,"[1.0, 3.1864, 1.3333]",0.14111,0.45455,519,0.41418,0.51176,514,0.14146,STOPPED,44.497
11,20251012_183155,gaitset_OUMVLP.csv,Best_configs,TCN,42,256,"[256, 256]","[2, 3]",9,1,relu,False,True,"[None, 0.2]","[True, True]",max,64.0,96,RMSprop,,0.0001,1e-05,L2,0.03,1.0,"[1.0, 3.1864, 1.3333]",1.10969,0.36364,140,0.17778,0.17778,140,,STOPPED,12.159
12,20251012_183155,gln_phase1.csv,Best_configs,TCN,42,256,"[256, 256]","[2, 3]",9,1,relu,False,True,"[None, 0.2]","[True, True]",max,64.0,96,RMSprop,,0.0001,1e-05,L2,0.03,1.0,"[1.0, 3.1864, 1.3333]",0.14075,0.61364,318,0.50271,0.57469,104,0.17934,STOPPED,35.126
13,20251012_183155,gln_phase2.csv,Best_configs,TCN,42,256,"[256, 256]","[2, 3]",9,1,relu,False,True,"[None, 0.2]","[True, True]",max,64.0,96,RMSprop,,0.0001,1e-05,L2,0.03,1.0,"[1.0, 3.1864, 1.3333]",0.14199,0.54545,388,0.45455,0.58927,193,0.15923,STOPPED,43.352

27,20251012_183155,baseline_CASIAB.csv,Best_configs,TCN,42,256,"[896, 768, 640]","[3, 6, 9]",2,2,leakyrelu,False,False,"[None, None, None]","[False, True, True]",attention,64.0,96,Adam,,1e-05,2e-06,minmax,0.03,1.0,"[1.0, 3.1864, 1.3333]",0.14013,0.38636,956,0.31923,0.44833,303,0.20721,STOPPED,336.631
28,20251012_183155,baseline_OUMVLP.csv,Best_configs,TCN,42,256,"[896, 768, 640]","[3, 6, 9]",2,2,leakyrelu,False,False,"[None, None, None]","[False, True, True]",attention,64.0,96,Adam,,1e-05,2e-06,minmax,0.03,1.0,"[1.0, 3.1864, 1.3333]",0.13987,0.36364,1028,0.26684,0.40495,869,0.14232,STOPPED,361.605
29,20251012_183155,gaitgl.csv,Best_configs,TCN,42,128,"[896, 768, 640]","[3, 6, 9]",2,2,leakyrelu,False,False,"[None, None, None]","[False, True, True]",attention,64.0,96,Adam,,1e-05,2e-06,minmax,0.03,1.0,"[1.0, 3.1864, 1.3333]",0.13963,0.34091,483,0.29948,0.4183,138,0.31117,STOPPED,241.697
30,20251012_183155,gaitgl_GREW.csv,Best_configs,TCN,42,256,"[896, 768, 640]","[3, 6, 9]",2,2,leakyrelu,False,False,"[None, None, None]","[False, True, True]",attention,64.0,96,Adam,,1e-05,2e-06,minmax,0.03,1.0,"[1.0, 3.1864, 1.3333]",0.13959,0.38636,632,0.33947,0.45004,391,0.14168,STOPPED,324.333
31,20251012_183155,gaitgl_GREW_BNNeck.csv,Best_configs,TCN,42,256,"[896, 768, 640]","[3, 6, 9]",2,2,leakyrelu,False,False,"[None, None, None]","[False, True, True]",attention,64.0,96,Adam,,1e-05,2e-06,minmax,0.03,1.0,"[1.0, 3.1864, 1.3333]",0.14595,0.5,1182,0.48334,0.4996,1019,0.14557,STOPPED,607.569
32,20251012_183155,gaitgl_OUMVLP.csv,Best_configs,TCN,42,256,"[896, 768, 640]","[3, 6, 9]",2,2,leakyrelu,False,False,"[None, None, None]","[False, True, True]",attention,64.0,96,Adam,,1e-05,2e-06,minmax,0.03,1.0,"[1.0, 3.1864, 1.3333]",0.14199,0.38636,1083,0.29645,0.42691,409,0.27459,STOPPED,556.418
33,20251012_183155,gaitpart_GREW.csv,Best_configs,TCN,42,256,"[896, 768, 640]","[3, 6, 9]",2,2,leakyrelu,False,False,"[None, None, None]","[False, True, True]",attention,64.0,96,Adam,,1e-05,2e-06,minmax,0.03,1.0,"[1.0, 3.1864, 1.3333]",0.14028,0.43182,836,0.34058,0.49596,264,0.19788,STOPPED,176.279
34,20251012_183155,gaitpart_OUMVLP.csv,Best_configs,TCN,42,256,"[896, 768, 640]","[3, 6, 9]",2,2,leakyrelu,False,False,"[None, None, None]","[False, True, True]",attention,64.0,96,Adam,,1e-05,2e-06,minmax,0.03,1.0,"[1.0, 3.1864, 1.3333]",0.14248,0.43182,1427,0.36034,0.56053,1214,0.19787,STOPPED,300.421
35,20251012_183155,gaitset.csv,Best_configs,TCN,42,256,"[896, 768, 640]","[3, 6, 9]",2,2,leakyrelu,False,False,"[None, None, None]","[False, True, True]",attention,64.0,96,Adam,,1e-05,2e-06,minmax,0.03,1.0,"[1.0, 3.1864, 1.3333]",0.14043,0.43182,1016,0.38457,0.49304,295,0.26215,STOPPED,510.907
36,20251012_183155,gaitset_GREW.csv,Best_configs,TCN,42,256,"[896, 768, 640]","[3, 6, 9]",2,2,leakyrelu,False,False,"[None, None, None]","[False, True, True]",attention,64.0,96,Adam,,1e-05,2e-06,minmax,0.03,1.0,"[1.0, 3.1864, 1.3333]",0.14106,0.47727,944,0.40162,0.45346,172,0.32693,STOPPED,475.231
37,20251012_183155,gaitset_OUMVLP.csv,Best_configs,TCN,42,256,"[896, 768, 640]","[3, 6, 9]",2,2,leakyrelu,False,False,"[None, None, None]","[False, True, True]",attention,64.0,96,Adam,,1e-05,2e-06,minmax,0.03,1.0,"[1.0, 3.1864, 1.3333]",0.18935,0.36364,1310,0.27863,0.44115,1295,0.17084,STOPPED,659.419
38,20251012_183155,gln_phase1.csv,Best_configs,TCN,42,256,"[896, 768, 640]","[3, 6, 9]",2,2,leakyrelu,False,False,"[None, None, None]","[False, True, True]",attention,64.0,96,Adam,,1e-05,2e-06,minmax,0.03,1.0,"[1.0, 3.1864, 1.3333]",0.14111,0.43182,1160,0.36825,0.55556,278,0.30257,STOPPED,833.555
39,20251012_183155,gln_phase2.csv,Best_configs,TCN,42,256,"[896, 768, 640]","[3, 6, 9]",2,2,leakyrelu,False,False,"[None, None, None]","[False, True, True]",attention,64.0,96,Adam,,1e-05,2e-06,minmax,0.03,1.0,"[1.0, 3.1864, 1.3333]",0.14119,0.40909,1403,0.38941,0.46667,530,0.18929,STOPPED,1009.0

40,20251012_183155,baseline_CASIAB.csv,Best_configs,TCN,42,256,[256],[1],7,2,hardswish,False,False,[0.3],[False],last,128.0,16,AdamW,,0.001,1e-06,L2,0.03,1.0,"[1.0, 3.1864, 1.3333]",0.16757,0.56818,422,0.54194,0.57977,421,0.17439,STOPPED,67.072
41,20251012_183155,baseline_OUMVLP.csv,Best_configs,TCN,42,256,[256],[1],7,2,hardswish,False,False,[0.3],[False],last,128.0,16,AdamW,,0.001,1e-06,L2,0.03,1.0,"[1.0, 3.1864, 1.3333]",0.15066,0.47727,555,0.40656,0.50199,204,0.17399,STOPPED,88.352
42,20251012_183155,gaitgl.csv,Best_configs,TCN,42,128,[256],[1],7,2,hardswish,False,False,[0.3],[False],last,128.0,16,AdamW,,0.001,1e-06,L2,0.03,1.0,"[1.0, 3.1864, 1.3333]",0.14279,0.38636,259,0.38398,0.43127,224,0.14499,STOPPED,45.1
43,20251012_183155,gaitgl_GREW.csv,Best_configs,TCN,42,256,[256],[1],7,2,hardswish,False,False,[0.3],[False],last,128.0,16,AdamW,,0.001,1e-06,L2,0.03,1.0,"[1.0, 3.1864, 1.3333]",0.14192,0.47727,246,0.40863,0.44271,195,0.14301,STOPPED,44.977
44,20251012_183155,gaitgl_GREW_BNNeck.csv,Best_configs,TCN,42,256,[256],[1],7,2,hardswish,False,False,[0.3],[False],last,128.0,16,AdamW,,0.001,1e-06,L2,0.03,1.0,"[1.0, 3.1864, 1.3333]",0.15236,0.45455,545,0.43018,0.54265,377,0.17833,STOPPED,100.02
45,20251012_183155,gaitgl_OUMVLP.csv,Best_configs,TCN,42,256,[256],[1],7,2,hardswish,False,False,[0.3],[False],last,128.0,16,AdamW,,0.001,1e-06,L2,0.03,1.0,"[1.0, 3.1864, 1.3333]",0.1418,0.40909,318,0.30319,0.40794,120,0.15494,STOPPED,58.249
46,20251012_183155,gaitpart_GREW.csv,Best_configs,TCN,42,256,[256],[1],7,2,hardswish,False,False,[0.3],[False],last,128.0,16,AdamW,,0.001,1e-06,L2,0.03,1.0,"[1.0, 3.1864, 1.3333]",0.15987,0.40909,381,0.36772,0.55583,113,0.15298,STOPPED,57.826
47,20251012_183155,gaitpart_OUMVLP.csv,Best_configs,TCN,42,256,[256],[1],7,2,hardswish,False,False,[0.3],[False],last,128.0,16,AdamW,,0.001,1e-06,L2,0.03,1.0,"[1.0, 3.1864, 1.3333]",0.17366,0.52273,360,0.50563,0.63471,321,0.19401,STOPPED,55.196
48,20251012_183155,gaitset.csv,Best_configs,TCN,42,256,[256],[1],7,2,hardswish,False,False,[0.3],[False],last,128.0,16,AdamW,,0.001,1e-06,L2,0.03,1.0,"[1.0, 3.1864, 1.3333]",0.14553,0.45455,518,0.32778,0.543,279,0.18253,STOPPED,94.962
49,20251012_183155,gaitset_GREW.csv,Best_configs,TCN,42,256,[256],[1],7,2,hardswish,False,False,[0.3],[False],last,128.0,16,AdamW,,0.001,1e-06,L2,0.03,1.0,"[1.0, 3.1864, 1.3333]",0.1421,0.43182,257,0.36919,0.42672,168,0.29648,STOPPED,46.788
50,20251012_183155,gaitset_OUMVLP.csv,Best_configs,TCN,42,256,[256],[1],7,2,hardswish,False,False,[0.3],[False],last,128.0,16,AdamW,,0.001,1e-06,L2,0.03,1.0,"[1.0, 3.1864, 1.3333]",0.15098,0.52273,469,0.42924,0.54725,346,0.23358,STOPPED,86.349
51,20251012_183155,gln_phase1.csv,Best_configs,TCN,42,256,[256],[1],7,2,hardswish,False,False,[0.3],[False],last,128.0,16,AdamW,,0.001,1e-06,L2,0.03,1.0,"[1.0, 3.1864, 1.3333]",0.1538,0.5,289,0.3602,0.62735,35,0.34859,STOPPED,58.688
52,20251012_183155,gln_phase2.csv,Best_configs,TCN,42,256,[256],[1],7,2,hardswish,False,False,[0.3],[False],last,128.0,16,AdamW,,0.001,1e-06,L2,0.03,1.0,"[1.0, 3.1864, 1.3333]",0.19786,0.45455,348,0.4088,0.56053,52,0.23413,STOPPED,70.661

53,20251012_183155,baseline_CASIAB.csv,Best_configs,TCN,42,256,"[192, 192]","[1, 2]",7,1,mish,False,True,"[0.3, 0.3]","[False, True]",max,,32,AdamW,,0.0001,1e-06,L2,0.03,1.0,"[1.0, 3.1864, 1.3333]",0.14448,0.5,762,0.36957,0.50998,232,0.14986,STOPPED,74.047
54,20251012_183155,baseline_OUMVLP.csv,Best_configs,TCN,42,256,"[192, 192]","[1, 2]",7,1,mish,False,True,"[0.3, 0.3]","[False, True]",max,,32,AdamW,,0.0001,1e-06,L2,0.03,1.0,"[1.0, 3.1864, 1.3333]",0.1446,0.5,958,0.41987,0.50311,252,0.15484,STOPPED,93.153
55,20251012_183155,gaitgl.csv,Best_configs,TCN,42,128,"[192, 192]","[1, 2]",7,1,mish,False,True,"[0.3, 0.3]","[False, True]",max,,32,AdamW,,0.0001,1e-06,L2,0.03,1.0,"[1.0, 3.1864, 1.3333]",0.14535,0.45455,573,0.34102,0.50152,374,0.14665,STOPPED,58.523
56,20251012_183155,gaitgl_GREW.csv,Best_configs,TCN,42,256,"[192, 192]","[1, 2]",7,1,mish,False,True,"[0.3, 0.3]","[False, True]",max,,32,AdamW,,0.0001,1e-06,L2,0.03,1.0,"[1.0, 3.1864, 1.3333]",0.14489,0.54545,496,0.46016,0.47609,449,0.14488,STOPPED,55.348
57,20251012_183155,gaitgl_GREW_BNNeck.csv,Best_configs,TCN,42,256,"[192, 192]","[1, 2]",7,1,mish,False,True,"[0.3, 0.3]","[False, True]",max,,32,AdamW,,0.0001,1e-06,L2,0.03,1.0,"[1.0, 3.1864, 1.3333]",0.14569,0.5,650,0.40687,0.55781,544,0.14616,STOPPED,72.702
58,20251012_183155,gaitgl_OUMVLP.csv,Best_configs,TCN,42,256,"[192, 192]","[1, 2]",7,1,mish,False,True,"[0.3, 0.3]","[False, True]",max,,32,AdamW,,0.0001,1e-06,L2,0.03,1.0,"[1.0, 3.1864, 1.3333]",0.14357,0.61364,917,0.543,0.59305,621,0.14575,STOPPED,96.558
59,20251012_183155,gaitpart_GREW.csv,Best_configs,TCN,42,256,"[192, 192]","[1, 2]",7,1,mish,False,True,"[0.3, 0.3]","[False, True]",max,,32,AdamW,,0.0001,1e-06,L2,0.03,1.0,"[1.0, 3.1864, 1.3333]",0.14299,0.54545,1021,0.46598,0.57204,125,0.21694,STOPPED,82.871
60,20251012_183155,gaitpart_OUMVLP.csv,Best_configs,TCN,42,256,"[192, 192]","[1, 2]",7,1,mish,False,True,"[0.3, 0.3]","[False, True]",max,,32,AdamW,,0.0001,1e-06,L2,0.03,1.0,"[1.0, 3.1864, 1.3333]",0.14503,0.54545,1031,0.49084,0.56429,319,0.191,STOPPED,81.446
61,20251012_183155,gaitset.csv,Best_configs,TCN,42,256,"[192, 192]","[1, 2]",7,1,mish,False,True,"[0.3, 0.3]","[False, True]",max,,32,AdamW,,0.0001,1e-06,L2,0.03,1.0,"[1.0, 3.1864, 1.3333]",0.14611,0.36364,701,0.27377,0.34121,408,0.14582,STOPPED,65.401
62,20251012_183155,gaitset_GREW.csv,Best_configs,TCN,42,256,"[192, 192]","[1, 2]",7,1,mish,False,True,"[0.3, 0.3]","[False, True]",max,,32,AdamW,,0.0001,1e-06,L2,0.03,1.0,"[1.0, 3.1864, 1.3333]",0.14519,0.5,700,0.42063,0.52991,139,0.16011,STOPPED,65.724
63,20251012_183155,gaitset_OUMVLP.csv,Best_configs,TCN,42,256,"[192, 192]","[1, 2]",7,1,mish,False,True,"[0.3, 0.3]","[False, True]",max,,32,AdamW,,0.0001,1e-06,L2,0.03,1.0,"[1.0, 3.1864, 1.3333]",0.14507,0.43182,1175,0.32634,0.50681,986,0.14861,STOPPED,120.935
64,20251012_183155,gln_phase1.csv,Best_configs,TCN,42,256,"[192, 192]","[1, 2]",7,1,mish,False,True,"[0.3, 0.3]","[False, True]",max,,32,AdamW,,0.0001,1e-06,L2,0.03,1.0,"[1.0, 3.1864, 1.3333]",0.14591,0.52273,533,0.4623,0.58655,196,0.14927,STOPPED,65.07
65,20251012_183155,gln_phase2.csv,Best_configs,TCN,42,256,"[192, 192]","[1, 2]",7,1,mish,False,True,"[0.3, 0.3]","[False, True]",max,,32,AdamW,,0.0001,1e-06,L2,0.03,1.0,"[1.0, 3.1864, 1.3333]",0.14529,0.52273,843,0.43892,0.63187,247,0.14928,STOPPED,102.982

66,20251012_183155,baseline_CASIAB.csv,Best_configs,TCN,42,256,[512],[3],7,2,mish,True,False,[None],[False],last,,32,AdamW,,0.0002,2e-06,L2,0.03,1.0,"[1.0, 3.1864, 1.3333]",0.14117,0.38636,870,0.37174,0.44421,415,0.15547,STOPPED,165.835
67,20251012_183155,baseline_OUMVLP.csv,Best_configs,TCN,42,256,[512],[3],7,2,mish,True,False,[None],[False],last,,32,AdamW,,0.0002,2e-06,L2,0.03,1.0,"[1.0, 3.1864, 1.3333]",0.16965,0.34091,1074,0.31238,0.42169,139,0.30064,STOPPED,199.01
68,20251012_183155,gaitgl.csv,Best_configs,TCN,42,128,[512],[3],7,2,mish,True,False,[None],[False],last,,32,AdamW,,0.0002,2e-06,L2,0.03,1.0,"[1.0, 3.1864, 1.3333]",0.14528,0.34091,733,0.25605,0.38923,43,0.27978,STOPPED,161.97
69,20251012_183155,gaitgl_GREW.csv,Best_configs,TCN,42,256,[512],[3],7,2,mish,True,False,[None],[False],last,,32,AdamW,,0.0002,2e-06,L2,0.03,1.0,"[1.0, 3.1864, 1.3333]",0.14169,0.5,317,0.47513,0.52326,304,0.14097,STOPPED,73.586
70,20251012_183155,gaitgl_GREW_BNNeck.csv,Best_configs,TCN,42,256,[512],[3],7,2,mish,True,False,[None],[False],last,,32,AdamW,,0.0002,2e-06,L2,0.03,1.0,"[1.0, 3.1864, 1.3333]",0.14103,0.38636,945,0.36279,0.51075,191,0.23996,STOPPED,217.45
71,20251012_183155,gaitgl_OUMVLP.csv,Best_configs,TCN,42,256,[512],[3],7,2,mish,True,False,[None],[False],last,,32,AdamW,,0.0002,2e-06,L2,0.03,1.0,"[1.0, 3.1864, 1.3333]",0.14173,0.47727,812,0.43701,0.49449,189,0.15653,STOPPED,185.316
72,20251012_183155,gaitpart_GREW.csv,Best_configs,TCN,42,256,[512],[3],7,2,mish,True,False,[None],[False],last,,32,AdamW,,0.0002,2e-06,L2,0.03,1.0,"[1.0, 3.1864, 1.3333]",0.14083,0.5,1538,0.5,0.61287,240,0.2176,STOPPED,179.267
73,20251012_183155,gaitpart_OUMVLP.csv,Best_configs,TCN,42,256,[512],[3],7,2,mish,True,False,[None],[False],last,,32,AdamW,,0.0002,2e-06,L2,0.03,1.0,"[1.0, 3.1864, 1.3333]",0.14716,0.52273,1478,0.43514,0.47925,1448,0.15552,STOPPED,171.355
74,20251012_183155,gaitset.csv,Best_configs,TCN,42,256,[512],[3],7,2,mish,True,False,[None],[False],last,,32,AdamW,,0.0002,2e-06,L2,0.03,1.0,"[1.0, 3.1864, 1.3333]",0.14057,0.43182,804,0.41954,0.45462,116,0.29761,STOPPED,181.24
75,20251012_183155,gaitset_GREW.csv,Best_configs,TCN,42,256,[512],[3],7,2,mish,True,False,[None],[False],last,,32,AdamW,,0.0002,2e-06,L2,0.03,1.0,"[1.0, 3.1864, 1.3333]",0.14099,0.40909,1406,0.38118,0.47407,225,0.15631,STOPPED,318.522
76,20251012_183155,gaitset_OUMVLP.csv,Best_configs,TCN,42,256,[512],[3],7,2,mish,True,False,[None],[False],last,,32,AdamW,,0.0002,2e-06,L2,0.03,1.0,"[1.0, 3.1864, 1.3333]",0.15303,0.5,1587,0.49293,0.61751,771,0.2155,STOPPED,406.048
77,20251012_183155,gln_phase1.csv,Best_configs,TCN,42,256,[512],[3],7,2,mish,True,False,[None],[False],last,,32,AdamW,,0.0002,2e-06,L2,0.03,1.0,"[1.0, 3.1864, 1.3333]",0.14066,0.38636,1059,0.34546,0.42765,765,0.15814,STOPPED,413.804
78,20251012_183155,gln_phase2.csv,Best_configs,TCN,42,256,[512],[3],7,2,mish,True,False,[None],[False],last,,32,AdamW,,0.0002,2e-06,L2,0.03,1.0,"[1.0, 3.1864, 1.3333]",0.14347,0.5,872,0.49007,0.56143,221,0.21957,STOPPED,340.318

79,20251012_183155,baseline_CASIAB.csv,Best_configs,TCN,42,256,"[96, 96, 96]","[1, 4, 7]",9,1,gelu,True,False,"[0.1, 0.1, 0.1]","[True, True, False]",last,,96,AdamW,,0.0002,2e-06,L2,0.03,1.0,"[1.0, 3.1864, 1.3333]",0.14301,0.54545,448,0.39079,0.51073,221,0.14376,STOPPED,28.404
80,20251012_183155,baseline_OUMVLP.csv,Best_configs,TCN,42,256,"[96, 96, 96]","[1, 4, 7]",9,1,gelu,True,False,"[0.1, 0.1, 0.1]","[True, True, False]",last,,96,AdamW,,0.0002,2e-06,L2,0.03,1.0,"[1.0, 3.1864, 1.3333]",0.143,0.45455,449,0.38972,0.47817,86,0.26192,STOPPED,27.948
81,20251012_183155,gaitgl.csv,Best_configs,TCN,42,128,"[96, 96, 96]","[1, 4, 7]",9,1,gelu,True,False,"[0.1, 0.1, 0.1]","[True, True, False]",last,,96,AdamW,,0.0002,2e-06,L2,0.03,1.0,"[1.0, 3.1864, 1.3333]",0.14186,0.5,456,0.4241,0.49162,154,0.14537,STOPPED,31.056
82,20251012_183155,gaitgl_GREW.csv,Best_configs,TCN,42,256,"[96, 96, 96]","[1, 4, 7]",9,1,gelu,True,False,"[0.1, 0.1, 0.1]","[True, True, False]",last,,96,AdamW,,0.0002,2e-06,L2,0.03,1.0,"[1.0, 3.1864, 1.3333]",0.14133,0.54545,400,0.40455,0.56852,274,0.14209,STOPPED,30.852
83,20251012_183155,gaitgl_GREW_BNNeck.csv,Best_configs,TCN,42,256,"[96, 96, 96]","[1, 4, 7]",9,1,gelu,True,False,"[0.1, 0.1, 0.1]","[True, True, False]",last,,96,AdamW,,0.0002,2e-06,L2,0.03,1.0,"[1.0, 3.1864, 1.3333]",0.14204,0.45455,459,0.41032,0.47412,290,0.14366,STOPPED,35.482
84,20251012_183155,gaitgl_OUMVLP.csv,Best_configs,TCN,42,256,"[96, 96, 96]","[1, 4, 7]",9,1,gelu,True,False,"[0.1, 0.1, 0.1]","[True, True, False]",last,,96,AdamW,,0.0002,2e-06,L2,0.03,1.0,"[1.0, 3.1864, 1.3333]",0.14831,0.56818,468,0.47667,0.54153,132,0.16523,STOPPED,36.023
85,20251012_183155,gaitpart_GREW.csv,Best_configs,TCN,42,256,"[96, 96, 96]","[1, 4, 7]",9,1,gelu,True,False,"[0.1, 0.1, 0.1]","[True, True, False]",last,,96,AdamW,,0.0002,2e-06,L2,0.03,1.0,"[1.0, 3.1864, 1.3333]",0.14196,0.47727,711,0.40864,0.59661,192,0.15087,STOPPED,40.72
86,20251012_183155,gaitpart_OUMVLP.csv,Best_configs,TCN,42,256,"[96, 96, 96]","[1, 4, 7]",9,1,gelu,True,False,"[0.1, 0.1, 0.1]","[True, True, False]",last,,96,AdamW,,0.0002,2e-06,L2,0.03,1.0,"[1.0, 3.1864, 1.3333]",0.14333,0.54545,800,0.45426,0.55727,626,0.14579,STOPPED,45.646
87,20251012_183155,gaitset.csv,Best_configs,TCN,42,256,"[96, 96, 96]","[1, 4, 7]",9,1,gelu,True,False,"[0.1, 0.1, 0.1]","[True, True, False]",last,,96,AdamW,,0.0002,2e-06,L2,0.03,1.0,"[1.0, 3.1864, 1.3333]",0.14247,0.36364,581,0.31054,0.39613,252,0.14385,STOPPED,46.037
88,20251012_183155,gaitset_GREW.csv,Best_configs,TCN,42,256,"[96, 96, 96]","[1, 4, 7]",9,1,gelu,True,False,"[0.1, 0.1, 0.1]","[True, True, False]",last,,96,AdamW,,0.0002,2e-06,L2,0.03,1.0,"[1.0, 3.1864, 1.3333]",0.14183,0.54545,734,0.39333,0.54456,423,0.14291,STOPPED,57.301
89,20251012_183155,gaitset_OUMVLP.csv,Best_configs,TCN,42,256,"[96, 96, 96]","[1, 4, 7]",9,1,gelu,True,False,"[0.1, 0.1, 0.1]","[True, True, False]",last,,96,AdamW,,0.0002,2e-06,L2,0.03,1.0,"[1.0, 3.1864, 1.3333]",0.14388,0.68182,904,0.65843,0.65843,904,0.14388,STOPPED,70.566
90,20251012_183155,gln_phase1.csv,Best_configs,TCN,42,256,"[96, 96, 96]","[1, 4, 7]",9,1,gelu,True,False,"[0.1, 0.1, 0.1]","[True, True, False]",last,,96,AdamW,,0.0002,2e-06,L2,0.03,1.0,"[1.0, 3.1864, 1.3333]",0.14204,0.43182,517,0.3376,0.44176,256,0.14349,STOPPED,49.088
91,20251012_183155,gln_phase2.csv,Best_configs,TCN,42,256,"[96, 96, 96]","[1, 4, 7]",9,1,gelu,True,False,"[0.1, 0.1, 0.1]","[True, True, False]",last,,96,AdamW,,0.0002,2e-06,L2,0.03,1.0,"[1.0, 3.1864, 1.3333]",0.14222,0.47727,621,0.3514,0.40833,348,0.14314,STOPPED,59.022

105,20251012_183155,baseline_CASIAB.csv,Best_configs,TCN,42,256,"[128, 128, 128, 128]","[1, 4, 7, 10]",3,2,prelu,False,True,"[None, None, 0.2, None]","[False, True, False, False]",mean,256.0,16,AdamW,,0.0001,0.0,L2,0.03,1.0,"[1.0, 3.1864, 1.3333]",0.14216,0.43182,403,0.29443,0.42386,268,0.14964,STOPPED,94.421
106,20251012_183155,baseline_OUMVLP.csv,Best_configs,TCN,42,256,"[128, 128, 128, 128]","[1, 4, 7, 10]",3,2,prelu,False,True,"[None, None, 0.2, None]","[False, True, False, False]",mean,256.0,16,AdamW,,0.0001,0.0,L2,0.03,1.0,"[1.0, 3.1864, 1.3333]",0.14161,0.47727,511,0.34897,0.46373,111,0.17181,STOPPED,112.425
107,20251012_183155,gaitgl.csv,Best_configs,TCN,42,128,"[128, 128, 128, 128]","[1, 4, 7, 10]",3,2,prelu,False,True,"[None, None, 0.2, None]","[False, True, False, False]",mean,256.0,16,AdamW,,0.0001,0.0,L2,0.03,1.0,"[1.0, 3.1864, 1.3333]",0.14199,0.43182,363,0.35344,0.44309,147,0.1425,STOPPED,79.607
108,20251012_183155,gaitgl_GREW.csv,Best_configs,TCN,42,256,"[128, 128, 128, 128]","[1, 4, 7, 10]",3,2,prelu,False,True,"[None, None, 0.2, None]","[False, True, False, False]",mean,256.0,16,AdamW,,0.0001,0.0,L2,0.03,1.0,"[1.0, 3.1864, 1.3333]",0.14147,0.54545,382,0.38272,0.40494,132,0.14425,STOPPED,95.833
109,20251012_183155,gaitgl_GREW_BNNeck.csv,Best_configs,TCN,42,256,"[128, 128, 128, 128]","[1, 4, 7, 10]",3,2,prelu,False,True,"[None, None, 0.2, None]","[False, True, False, False]",mean,256.0,16,AdamW,,0.0001,0.0,L2,0.03,1.0,"[1.0, 3.1864, 1.3333]",0.14196,0.43182,355,0.31973,0.45381,91,0.20382,STOPPED,90.343
110,20251012_183155,gaitgl_OUMVLP.csv,Best_configs,TCN,42,256,"[128, 128, 128, 128]","[1, 4, 7, 10]",3,2,prelu,False,True,"[None, None, 0.2, None]","[False, True, False, False]",mean,256.0,16,AdamW,,0.0001,0.0,L2,0.03,1.0,"[1.0, 3.1864, 1.3333]",0.17766,0.47727,503,0.3069,0.45556,422,0.14487,STOPPED,127.871
111,20251012_183155,gaitpart_GREW.csv,Best_configs,TCN,42,256,"[128, 128, 128, 128]","[1, 4, 7, 10]",3,2,prelu,False,True,"[None, None, 0.2, None]","[False, True, False, False]",mean,256.0,16,AdamW,,0.0001,0.0,L2,0.03,1.0,"[1.0, 3.1864, 1.3333]",0.17897,0.45455,329,0.42896,0.53689,87,0.18131,STOPPED,80.019
112,20251012_183155,gaitpart_OUMVLP.csv,Best_configs,TCN,42,256,"[128, 128, 128, 128]","[1, 4, 7, 10]",3,2,prelu,False,True,"[None, None, 0.2, None]","[False, True, False, False]",mean,256.0,16,AdamW,,0.0001,0.0,L2,0.03,1.0,"[1.0, 3.1864, 1.3333]",0.16044,0.56818,456,0.47581,0.55338,380,0.18022,STOPPED,111.067
113,20251012_183155,gaitset.csv,Best_configs,TCN,42,256,"[128, 128, 128, 128]","[1, 4, 7, 10]",3,2,prelu,False,True,"[None, None, 0.2, None]","[False, True, False, False]",mean,256.0,16,AdamW,,0.0001,0.0,L2,0.03,1.0,"[1.0, 3.1864, 1.3333]",0.14187,0.38636,379,0.32552,0.44162,110,0.20775,STOPPED,95.661
114,20251012_183155,gaitset_GREW.csv,Best_configs,TCN,42,256,"[128, 128, 128, 128]","[1, 4, 7, 10]",3,2,prelu,False,True,"[None, None, 0.2, None]","[False, True, False, False]",mean,256.0,16,AdamW,,0.0001,0.0,L2,0.03,1.0,"[1.0, 3.1864, 1.3333]",0.14257,0.40909,530,0.39259,0.53606,477,0.28983,STOPPED,136.63
115,20251012_183155,gaitset_OUMVLP.csv,Best_configs,TCN,42,256,"[128, 128, 128, 128]","[1, 4, 7, 10]",3,2,prelu,False,True,"[None, None, 0.2, None]","[False, True, False, False]",mean,256.0,16,AdamW,,0.0001,0.0,L2,0.03,1.0,"[1.0, 3.1864, 1.3333]",0.14446,0.52273,536,0.45833,0.57208,176,0.29804,STOPPED,137.418
116,20251012_183155,gln_phase1.csv,Best_configs,TCN,42,256,"[128, 128, 128, 128]","[1, 4, 7, 10]",3,2,prelu,False,True,"[None, None, 0.2, None]","[False, True, False, False]",mean,256.0,16,AdamW,,0.0001,0.0,L2,0.03,1.0,"[1.0, 3.1864, 1.3333]",0.18868,0.36364,398,0.34127,0.42061,379,0.17676,STOPPED,109.899
117,20251012_183155,gln_phase2.csv,Best_configs,TCN,42,256,"[128, 128, 128, 128]","[1, 4, 7, 10]",3,2,prelu,False,True,"[None, None, 0.2, None]","[False, True, False, False]",mean,256.0,16,AdamW,,0.0001,0.0,L2,0.03,1.0,"[1.0, 3.1864, 1.3333]",0.14254,0.47727,462,0.36486,0.45981,115,0.15259,STOPPED,127.861

131,20251012_183155,baseline_CASIAB.csv,Best_configs,TCN,42,256,[512],[1],7,1,relu,False,False,[0.1],[False],attention,256.0,16,Adam,,0.0005,1e-06,L2,0.03,1.0,"[1.0, 3.1864, 1.3333]",0.14549,0.43182,271,0.40128,0.56498,42,0.15282,STOPPED,55.135
132,20251012_183155,baseline_OUMVLP.csv,Best_configs,TCN,42,256,[512],[1],7,1,relu,False,False,[0.1],[False],attention,256.0,16,Adam,,0.0005,1e-06,L2,0.03,1.0,"[1.0, 3.1864, 1.3333]",0.14173,0.5,247,0.46823,0.51977,236,0.16969,STOPPED,50.329
133,20251012_183155,gaitgl.csv,Best_configs,TCN,42,128,[512],[1],7,1,relu,False,False,[0.1],[False],attention,256.0,16,Adam,,0.0005,1e-06,L2,0.03,1.0,"[1.0, 3.1864, 1.3333]",0.14383,0.38636,479,0.3374,0.44327,58,0.14752,STOPPED,125.695
134,20251012_183155,gaitgl_GREW.csv,Best_configs,TCN,42,256,[512],[1],7,1,relu,False,False,[0.1],[False],attention,256.0,16,Adam,,0.0005,1e-06,L2,0.03,1.0,"[1.0, 3.1864, 1.3333]",0.14346,0.40909,212,0.38393,0.41956,184,0.15009,STOPPED,57.775
135,20251012_183155,gaitgl_GREW_BNNeck.csv,Best_configs,TCN,42,256,[512],[1],7,1,relu,False,False,[0.1],[False],attention,256.0,16,Adam,,0.0005,1e-06,L2,0.03,1.0,"[1.0, 3.1864, 1.3333]",0.14209,0.5,329,0.4694,0.48864,128,0.15734,STOPPED,89.758
136,20251012_183155,gaitgl_OUMVLP.csv,Best_configs,TCN,42,256,[512],[1],7,1,relu,False,False,[0.1],[False],attention,256.0,16,Adam,,0.0005,1e-06,L2,0.03,1.0,"[1.0, 3.1864, 1.3333]",0.1418,0.47727,217,0.39869,0.45589,57,0.15584,STOPPED,59.028
137,20251012_183155,gaitpart_GREW.csv,Best_configs,TCN,42,256,[512],[1],7,1,relu,False,False,[0.1],[False],attention,256.0,16,Adam,,0.0005,1e-06,L2,0.03,1.0,"[1.0, 3.1864, 1.3333]",0.14156,0.38636,370,0.30606,0.46172,284,0.33661,STOPPED,70.166
138,20251012_183155,gaitpart_OUMVLP.csv,Best_configs,TCN,42,256,[512],[1],7,1,relu,False,False,[0.1],[False],attention,256.0,16,Adam,,0.0005,1e-06,L2,0.03,1.0,"[1.0, 3.1864, 1.3333]",0.14241,0.43182,312,0.37107,0.47046,198,0.14445,STOPPED,59.144
139,20251012_183155,gaitset.csv,Best_configs,TCN,42,256,[512],[1],7,1,relu,False,False,[0.1],[False],attention,256.0,16,Adam,,0.0005,1e-06,L2,0.03,1.0,"[1.0, 3.1864, 1.3333]",0.14228,0.47727,385,0.38406,0.43485,103,0.34187,STOPPED,104.651
140,20251012_183155,gaitset_GREW.csv,Best_configs,TCN,42,256,[512],[1],7,1,relu,False,False,[0.1],[False],attention,256.0,16,Adam,,0.0005,1e-06,L2,0.03,1.0,"[1.0, 3.1864, 1.3333]",0.14251,0.40909,265,0.35665,0.41204,227,0.14309,STOPPED,72.259
141,20251012_183155,gaitset_OUMVLP.csv,Best_configs,TCN,42,256,[512],[1],7,1,relu,False,False,[0.1],[False],attention,256.0,16,Adam,,0.0005,1e-06,L2,0.03,1.0,"[1.0, 3.1864, 1.3333]",0.14172,0.5,488,0.44339,0.48879,212,0.15774,STOPPED,132.451
142,20251012_183155,gln_phase1.csv,Best_configs,TCN,42,256,[512],[1],7,1,relu,False,False,[0.1],[False],attention,256.0,16,Adam,,0.0005,1e-06,L2,0.03,1.0,"[1.0, 3.1864, 1.3333]",0.14318,0.34091,362,0.30134,0.39143,191,0.31459,STOPPED,109.821
143,20251012_183155,gln_phase2.csv,Best_configs,TCN,42,256,[512],[1],7,1,relu,False,False,[0.1],[False],attention,256.0,16,Adam,,0.0005,1e-06,L2,0.03,1.0,"[1.0, 3.1864, 1.3333]",0.14287,0.43182,452,0.3674,0.45425,172,0.17625,STOPPED,137.018

209,20251012_183155,baseline_CASIAB.csv,Best_configs,TCN,42,256,"[256, 320, 384, 448, 512]","[1, 2, 3, 4, 6]",7,2,leakyrelu,True,True,"[0.1, 0.1, 0.1, 0.2, 0.2]","[True, True, True, False, False]",max,128.0,128,AdamW,,0.0002,0.0001,L2,0.03,1.0,"[1.0, 3.1864, 1.3333]",0.13992,0.45455,305,0.38506,0.54276,246,0.14022,STOPPED,115.45
210,20251012_183155,baseline_OUMVLP.csv,Best_configs,TCN,42,256,"[256, 320, 384, 448, 512]","[1, 2, 3, 4, 6]",7,2,leakyrelu,True,True,"[0.1, 0.1, 0.1, 0.2, 0.2]","[True, True, True, False, False]",max,128.0,128,AdamW,,0.0002,0.0001,L2,0.03,1.0,"[1.0, 3.1864, 1.3333]",1.1096,0.36364,126,0.17778,0.17778,126,,STOPPED,47.567
211,20251012_183155,gaitgl.csv,Best_configs,TCN,42,128,"[256, 320, 384, 448, 512]","[1, 2, 3, 4, 6]",7,2,leakyrelu,True,True,"[0.1, 0.1, 0.1, 0.2, 0.2]","[True, True, True, False, False]",max,128.0,128,AdamW,,0.0002,0.0001,L2,0.03,1.0,"[1.0, 3.1864, 1.3333]",0.14123,0.45455,222,0.31951,0.44011,99,0.14073,STOPPED,137.281
212,20251012_183155,gaitgl_GREW.csv,Best_configs,TCN,42,256,"[256, 320, 384, 448, 512]","[1, 2, 3, 4, 6]",7,2,leakyrelu,True,True,"[0.1, 0.1, 0.1, 0.2, 0.2]","[True, True, True, False, False]",max,128.0,128,AdamW,,0.0002,0.0001,L2,0.03,1.0,"[1.0, 3.1864, 1.3333]",0.13983,0.43182,277,0.30646,0.39062,83,0.16308,STOPPED,174.138
213,20251012_183155,gaitgl_GREW_BNNeck.csv,Best_configs,TCN,42,256,"[256, 320, 384, 448, 512]","[1, 2, 3, 4, 6]",7,2,leakyrelu,True,True,"[0.1, 0.1, 0.1, 0.2, 0.2]","[True, True, True, False, False]",max,128.0,128,AdamW,,0.0002,0.0001,L2,0.03,1.0,"[1.0, 3.1864, 1.3333]",0.13971,0.52273,320,0.48166,0.50396,94,0.14041,STOPPED,201.353
214,20251012_183155,gaitgl_OUMVLP.csv,Best_configs,TCN,42,256,"[256, 320, 384, 448, 512]","[1, 2, 3, 4, 6]",7,2,leakyrelu,True,True,"[0.1, 0.1, 0.1, 0.2, 0.2]","[True, True, True, False, False]",max,128.0,128,AdamW,,0.0002,0.0001,L2,0.03,1.0,"[1.0, 3.1864, 1.3333]",1.10774,0.15909,113,0.0915,0.0915,113,,STOPPED,70.895
215,20251012_183155,gaitpart_GREW.csv,Best_configs,TCN,42,256,"[256, 320, 384, 448, 512]","[1, 2, 3, 4, 6]",7,2,leakyrelu,True,True,"[0.1, 0.1, 0.1, 0.2, 0.2]","[True, True, True, False, False]",max,128.0,128,AdamW,,0.0002,0.0001,L2,0.03,1.0,"[1.0, 3.1864, 1.3333]",0.14014,0.5,495,0.46832,0.50913,376,0.13987,STOPPED,133.076
216,20251012_183155,gaitpart_OUMVLP.csv,Best_configs,TCN,42,256,"[256, 320, 384, 448, 512]","[1, 2, 3, 4, 6]",7,2,leakyrelu,True,True,"[0.1, 0.1, 0.1, 0.2, 0.2]","[True, True, True, False, False]",max,128.0,128,AdamW,,0.0002,0.0001,L2,0.03,1.0,"[1.0, 3.1864, 1.3333]",1.10851,0.36364,128,0.17778,0.17778,128,,STOPPED,34.421
217,20251012_183155,gaitset.csv,Best_configs,TCN,42,256,"[256, 320, 384, 448, 512]","[1, 2, 3, 4, 6]",7,2,leakyrelu,True,True,"[0.1, 0.1, 0.1, 0.2, 0.2]","[True, True, True, False, False]",max,128.0,128,AdamW,,0.0002,0.0001,L2,0.03,1.0,"[1.0, 3.1864, 1.3333]",0.1399,0.29545,351,0.23232,0.34217,39,0.23729,STOPPED,218.35
218,20251012_183155,gaitset_GREW.csv,Best_configs,TCN,42,256,"[256, 320, 384, 448, 512]","[1, 2, 3, 4, 6]",7,2,leakyrelu,True,True,"[0.1, 0.1, 0.1, 0.2, 0.2]","[True, True, True, False, False]",max,128.0,128,AdamW,,0.0002,0.0001,L2,0.03,1.0,"[1.0, 3.1864, 1.3333]",1.10823,0.15909,124,0.0915,0.0915,124,,STOPPED,77.119
219,20251012_183155,gaitset_OUMVLP.csv,Best_configs,TCN,42,256,"[256, 320, 384, 448, 512]","[1, 2, 3, 4, 6]",7,2,leakyrelu,True,True,"[0.1, 0.1, 0.1, 0.2, 0.2]","[True, True, True, False, False]",max,128.0,128,AdamW,,0.0002,0.0001,L2,0.03,1.0,"[1.0, 3.1864, 1.3333]",1.10749,0.47727,200,0.21538,0.21538,200,,STOPPED,124.319
220,20251012_183155,gln_phase1.csv,Best_configs,TCN,42,256,"[256, 320, 384, 448, 512]","[1, 2, 3, 4, 6]",7,2,leakyrelu,True,True,"[0.1, 0.1, 0.1, 0.2, 0.2]","[True, True, True, False, False]",max,128.0,128,AdamW,,0.0002,0.0001,L2,0.03,1.0,"[1.0, 3.1864, 1.3333]",1.10863,0.47727,151,0.21538,0.21538,151,,STOPPED,125.602
221,20251012_183155,gln_phase2.csv,Best_configs,TCN,42,256,"[256, 320, 384, 448, 512]","[1, 2, 3, 4, 6]",7,2,leakyrelu,True,True,"[0.1, 0.1, 0.1, 0.2, 0.2]","[True, True, True, False, False]",max,128.0,128,AdamW,,0.0002,0.0001,L2,0.03,1.0,"[1.0, 3.1864, 1.3333]",0.14033,0.38636,337,0.28144,0.38366,97,0.15166,STOPPED,279.999

235,20251012_183155,baseline_CASIAB.csv,Best_configs,TCN,42,256,"[192, 256, 320, 384, 448, 512]","[1, 2, 4, 6, 9, 12]",5,3,gelu,True,True,"[None, 0.1, 0.1, 0.1, 0.2, 0.2]","[True, True, True, True, True, True]",attention,256.0,96,AdamW,,0.0001,1e-05,L2,0.03,1.0,"[1.0, 3.1864, 1.3333]",0.13994,0.5,186,0.41849,0.47667,70,0.1412,STOPPED,86.454
236,20251012_183155,baseline_OUMVLP.csv,Best_configs,TCN,42,256,"[192, 256, 320, 384, 448, 512]","[1, 2, 4, 6, 9, 12]",5,3,gelu,True,True,"[None, 0.1, 0.1, 0.1, 0.2, 0.2]","[True, True, True, True, True, True]",attention,256.0,96,AdamW,,0.0001,1e-05,L2,0.03,1.0,"[1.0, 3.1864, 1.3333]",0.13972,0.54545,219,0.40027,0.51804,39,0.19704,STOPPED,101.509
237,20251012_183155,gaitgl.csv,Best_configs,TCN,42,128,"[192, 256, 320, 384, 448, 512]","[1, 2, 4, 6, 9, 12]",5,3,gelu,True,True,"[None, 0.1, 0.1, 0.1, 0.2, 0.2]","[True, True, True, True, True, True]",attention,256.0,96,AdamW,,0.0001,1e-05,L2,0.03,1.0,"[1.0, 3.1864, 1.3333]",0.14003,0.31818,218,0.22028,0.37568,78,0.14065,STOPPED,163.082
238,20251012_183155,gaitgl_GREW.csv,Best_configs,TCN,42,256,"[192, 256, 320, 384, 448, 512]","[1, 2, 4, 6, 9, 12]",5,3,gelu,True,True,"[None, 0.1, 0.1, 0.1, 0.2, 0.2]","[True, True, True, True, True, True]",attention,256.0,96,AdamW,,0.0001,1e-05,L2,0.03,1.0,"[1.0, 3.1864, 1.3333]",0.1398,0.40909,212,0.2967,0.45199,22,0.15018,STOPPED,160.598
239,20251012_183155,gaitgl_GREW_BNNeck.csv,Best_configs,TCN,42,256,"[192, 256, 320, 384, 448, 512]","[1, 2, 4, 6, 9, 12]",5,3,gelu,True,True,"[None, 0.1, 0.1, 0.1, 0.2, 0.2]","[True, True, True, True, True, True]",attention,256.0,96,AdamW,,0.0001,1e-05,L2,0.03,1.0,"[1.0, 3.1864, 1.3333]",0.13994,0.52273,241,0.44056,0.54722,65,0.17001,STOPPED,182.666
240,20251012_183155,gaitgl_OUMVLP.csv,Best_configs,TCN,42,256,"[192, 256, 320, 384, 448, 512]","[1, 2, 4, 6, 9, 12]",5,3,gelu,True,True,"[None, 0.1, 0.1, 0.1, 0.2, 0.2]","[True, True, True, True, True, True]",attention,256.0,96,AdamW,,0.0001,1e-05,L2,0.03,1.0,"[1.0, 3.1864, 1.3333]",0.13985,0.47727,282,0.38406,0.47132,46,0.16409,STOPPED,213.768
241,20251012_183155,gaitpart_GREW.csv,Best_configs,TCN,42,256,"[192, 256, 320, 384, 448, 512]","[1, 2, 4, 6, 9, 12]",5,3,gelu,True,True,"[None, 0.1, 0.1, 0.1, 0.2, 0.2]","[True, True, True, True, True, True]",attention,256.0,96,AdamW,,0.0001,1e-05,L2,0.03,1.0,"[1.0, 3.1864, 1.3333]",0.14001,0.5,270,0.40776,0.46883,117,0.1532,STOPPED,85.016
242,20251012_183155,gaitpart_OUMVLP.csv,Best_configs,TCN,42,256,"[192, 256, 320, 384, 448, 512]","[1, 2, 4, 6, 9, 12]",5,3,gelu,True,True,"[None, 0.1, 0.1, 0.1, 0.2, 0.2]","[True, True, True, True, True, True]",attention,256.0,96,AdamW,,0.0001,1e-05,L2,0.03,1.0,"[1.0, 3.1864, 1.3333]",0.13985,0.47727,405,0.40208,0.4674,254,0.14375,STOPPED,126.937
243,20251012_183155,gaitset.csv,Best_configs,TCN,42,256,"[192, 256, 320, 384, 448, 512]","[1, 2, 4, 6, 9, 12]",5,3,gelu,True,True,"[None, 0.1, 0.1, 0.1, 0.2, 0.2]","[True, True, True, True, True, True]",attention,256.0,96,AdamW,,0.0001,1e-05,L2,0.03,1.0,"[1.0, 3.1864, 1.3333]",0.13967,0.47727,230,0.40827,0.42398,40,0.14719,STOPPED,172.247
244,20251012_183155,gaitset_GREW.csv,Best_configs,TCN,42,256,"[192, 256, 320, 384, 448, 512]","[1, 2, 4, 6, 9, 12]",5,3,gelu,True,True,"[None, 0.1, 0.1, 0.1, 0.2, 0.2]","[True, True, True, True, True, True]",attention,256.0,96,AdamW,,0.0001,1e-05,L2,0.03,1.0,"[1.0, 3.1864, 1.3333]",0.13953,0.43182,241,0.29778,0.42285,24,0.34423,STOPPED,180.423
245,20251012_183155,gaitset_OUMVLP.csv,Best_configs,TCN,42,256,"[192, 256, 320, 384, 448, 512]","[1, 2, 4, 6, 9, 12]",5,3,gelu,True,True,"[None, 0.1, 0.1, 0.1, 0.2, 0.2]","[True, True, True, True, True, True]",attention,256.0,96,AdamW,,0.0001,1e-05,L2,0.03,1.0,"[1.0, 3.1864, 1.3333]",0.1401,0.5,540,0.41852,0.54453,294,0.14455,STOPPED,334.54
246,20251012_183155,gln_phase1.csv,Best_configs,TCN,42,256,"[192, 256, 320, 384, 448, 512]","[1, 2, 4, 6, 9, 12]",5,3,gelu,True,True,"[None, 0.1, 0.1, 0.1, 0.2, 0.2]","[True, True, True, True, True, True]",attention,256.0,96,AdamW,,0.0001,1e-05,L2,0.03,1.0,"[1.0, 3.1864, 1.3333]",0.14047,0.38636,232,0.32676,0.49145,35,0.17972,STOPPED,179.987
247,20251012_183155,gln_phase2.csv,Best_configs,TCN,42,256,"[192, 256, 320, 384, 448, 512]","[1, 2, 4, 6, 9, 12]",5,3,gelu,True,True,"[None, 0.1, 0.1, 0.1, 0.2, 0.2]","[True, True, True, True, True, True]",attention,256.0,96,AdamW,,0.0001,1e-05,L2,0.03,1.0,"[1.0, 3.1864, 1.3333]",0.14,0.56818,240,0.4152,0.54651,51,0.14808,STOPPED,185.927

261,20251012_183155,baseline_CASIAB.csv,Best_configs,TCN,42,256,"[256, 256, 384, 384]","[1, 2, 2, 4]",7,3,gelu,True,True,"[0.1, 0.1, 0.2, 0.2]","[True, True, True, True]",last,256.0,96,AdamW,,0.0002,5e-05,L2,0.03,1.0,"[1.0, 3.1864, 1.3333]",0.13961,0.61364,391,0.54291,0.56463,62,0.14391,STOPPED,95.257
262,20251012_183155,baseline_OUMVLP.csv,Best_configs,TCN,42,256,"[256, 256, 384, 384]","[1, 2, 2, 4]",7,3,gelu,True,True,"[0.1, 0.1, 0.2, 0.2]","[True, True, True, True]",last,256.0,96,AdamW,,0.0002,5e-05,L2,0.03,1.0,"[1.0, 3.1864, 1.3333]",0.13961,0.45455,353,0.38889,0.51678,144,0.14046,STOPPED,86.37
263,20251012_183155,gaitgl.csv,Best_configs,TCN,42,128,"[256, 256, 384, 384]","[1, 2, 2, 4]",7,3,gelu,True,True,"[0.1, 0.1, 0.2, 0.2]","[True, True, True, True]",last,256.0,96,AdamW,,0.0002,5e-05,L2,0.03,1.0,"[1.0, 3.1864, 1.3333]",0.14019,0.47727,222,0.35002,0.42174,17,0.1726,STOPPED,87.868
264,20251012_183155,gaitgl_GREW.csv,Best_configs,TCN,42,256,"[256, 256, 384, 384]","[1, 2, 2, 4]",7,3,gelu,True,True,"[0.1, 0.1, 0.2, 0.2]","[True, True, True, True]",last,256.0,96,AdamW,,0.0002,5e-05,L2,0.03,1.0,"[1.0, 3.1864, 1.3333]",0.13968,0.52273,272,0.39557,0.46061,254,0.13967,STOPPED,110.173
265,20251012_183155,gaitgl_GREW_BNNeck.csv,Best_configs,TCN,42,256,"[256, 256, 384, 384]","[1, 2, 2, 4]",7,3,gelu,True,True,"[0.1, 0.1, 0.2, 0.2]","[True, True, True, True]",last,256.0,96,AdamW,,0.0002,5e-05,L2,0.03,1.0,"[1.0, 3.1864, 1.3333]",0.14014,0.45455,279,0.33623,0.42893,94,0.14031,STOPPED,112.933
266,20251012_183155,gaitgl_OUMVLP.csv,Best_configs,TCN,42,256,"[256, 256, 384, 384]","[1, 2, 2, 4]",7,3,gelu,True,True,"[0.1, 0.1, 0.2, 0.2]","[True, True, True, True]",last,256.0,96,AdamW,,0.0002,5e-05,L2,0.03,1.0,"[1.0, 3.1864, 1.3333]",0.13982,0.54545,353,0.41277,0.51135,143,0.14268,STOPPED,143.063
267,20251012_183155,gaitpart_GREW.csv,Best_configs,TCN,42,256,"[256, 256, 384, 384]","[1, 2, 2, 4]",7,3,gelu,True,True,"[0.1, 0.1, 0.2, 0.2]","[True, True, True, True]",last,256.0,96,AdamW,,0.0002,5e-05,L2,0.03,1.0,"[1.0, 3.1864, 1.3333]",0.13983,0.5,403,0.4649,0.56116,279,0.14067,STOPPED,80.572
268,20251012_183155,gaitpart_OUMVLP.csv,Best_configs,TCN,42,256,"[256, 256, 384, 384]","[1, 2, 2, 4]",7,3,gelu,True,True,"[0.1, 0.1, 0.2, 0.2]","[True, True, True, True]",last,256.0,96,AdamW,,0.0002,5e-05,L2,0.03,1.0,"[1.0, 3.1864, 1.3333]",0.14012,0.61364,465,0.57521,0.59942,166,0.30114,STOPPED,105.617
269,20251012_183155,gaitset.csv,Best_configs,TCN,42,256,"[256, 256, 384, 384]","[1, 2, 2, 4]",7,3,gelu,True,True,"[0.1, 0.1, 0.2, 0.2]","[True, True, True, True]",last,256.0,96,AdamW,,0.0002,5e-05,L2,0.03,1.0,"[1.0, 3.1864, 1.3333]",0.14057,0.45455,173,0.40309,0.4925,24,0.28414,STOPPED,88.787
270,20251012_183155,gaitset_GREW.csv,Best_configs,TCN,42,256,"[256, 256, 384, 384]","[1, 2, 2, 4]",7,3,gelu,True,True,"[0.1, 0.1, 0.2, 0.2]","[True, True, True, True]",last,256.0,96,AdamW,,0.0002,5e-05,L2,0.03,1.0,"[1.0, 3.1864, 1.3333]",0.13954,0.54545,458,0.40489,0.52339,204,0.14004,STOPPED,196.912
271,20251012_183155,gaitset_OUMVLP.csv,Best_configs,TCN,42,256,"[256, 256, 384, 384]","[1, 2, 2, 4]",7,3,gelu,True,True,"[0.1, 0.1, 0.2, 0.2]","[True, True, True, True]",last,256.0,96,AdamW,,0.0002,5e-05,L2,0.03,1.0,"[1.0, 3.1864, 1.3333]",0.14733,0.56818,574,0.53241,0.65312,482,0.14058,STOPPED,235.157
272,20251012_183155,gln_phase1.csv,Best_configs,TCN,42,256,"[256, 256, 384, 384]","[1, 2, 2, 4]",7,3,gelu,True,True,"[0.1, 0.1, 0.2, 0.2]","[True, True, True, True]",last,256.0,96,AdamW,,0.0002,5e-05,L2,0.03,1.0,"[1.0, 3.1864, 1.3333]",0.14038,0.56818,333,0.47156,0.53323,43,0.17224,STOPPED,173.601
273,20251012_183155,gln_phase2.csv,Best_configs,TCN,42,256,"[256, 256, 384, 384]","[1, 2, 2, 4]",7,3,gelu,True,True,"[0.1, 0.1, 0.2, 0.2]","[True, True, True, True]",last,256.0,96,AdamW,,0.0002,5e-05,L2,0.03,1.0,"[1.0, 3.1864, 1.3333]",0.13968,0.43182,373,0.38565,0.49056,102,0.14874,STOPPED,194.755

287,20251013_002802,baseline_CASIAB.csv,Best_configs,TCN,42,256,"[224, 288, 352, 416, 480]","[1, 2, 4, 8, 16]",5,2,gelu,True,True,"[None, 0.1, 0.1, 0.1, 0.2]","[True, True, True, True, True]",mean,192.0,128,AdamW,,0.0001,1e-05,L2,0.03,1.0,"[1.0, 3.1864, 1.3333]",0.14048,0.45455,272,0.32741,0.44531,161,0.14128,STOPPED,63.954
288,20251013_002802,baseline_OUMVLP.csv,Best_configs,TCN,42,256,"[224, 288, 352, 416, 480]","[1, 2, 4, 8, 16]",5,2,gelu,True,True,"[None, 0.1, 0.1, 0.1, 0.2]","[True, True, True, True, True]",mean,192.0,128,AdamW,,0.0001,1e-05,L2,0.03,1.0,"[1.0, 3.1864, 1.3333]",0.14012,0.45455,291,0.33271,0.59931,84,0.18299,STOPPED,68.549
289,20251013_002802,gaitgl.csv,Best_configs,TCN,42,128,"[224, 288, 352, 416, 480]","[1, 2, 4, 8, 16]",5,2,gelu,True,True,"[None, 0.1, 0.1, 0.1, 0.2]","[True, True, True, True, True]",mean,192.0,128,AdamW,,0.0001,1e-05,L2,0.03,1.0,"[1.0, 3.1864, 1.3333]",0.13999,0.45455,200,0.31634,0.41597,45,0.22734,STOPPED,71.622
290,20251013_002802,gaitgl_GREW.csv,Best_configs,TCN,42,256,"[224, 288, 352, 416, 480]","[1, 2, 4, 8, 16]",5,2,gelu,True,True,"[None, 0.1, 0.1, 0.1, 0.2]","[True, True, True, True, True]",mean,192.0,128,AdamW,,0.0001,1e-05,L2,0.03,1.0,"[1.0, 3.1864, 1.3333]",0.13983,0.5,185,0.362,0.50774,77,0.1417,STOPPED,68.18
291,20251013_002802,gaitgl_GREW_BNNeck.csv,Best_configs,TCN,42,256,"[224, 288, 352, 416, 480]","[1, 2, 4, 8, 16]",5,2,gelu,True,True,"[None, 0.1, 0.1, 0.1, 0.2]","[True, True, True, True, True]",mean,192.0,128,AdamW,,0.0001,1e-05,L2,0.03,1.0,"[1.0, 3.1864, 1.3333]",0.13994,0.40909,233,0.35948,0.41902,105,0.14181,STOPPED,85.78
292,20251013_002802,gaitgl_OUMVLP.csv,Best_configs,TCN,42,256,"[224, 288, 352, 416, 480]","[1, 2, 4, 8, 16]",5,2,gelu,True,True,"[None, 0.1, 0.1, 0.1, 0.2]","[True, True, True, True, True]",mean,192.0,128,AdamW,,0.0001,1e-05,L2,0.03,1.0,"[1.0, 3.1864, 1.3333]",0.1398,0.52273,350,0.37879,0.46667,198,0.14175,STOPPED,128.992
293,20251013_002802,gaitpart_GREW.csv,Best_configs,TCN,42,256,"[224, 288, 352, 416, 480]","[1, 2, 4, 8, 16]",5,2,gelu,True,True,"[None, 0.1, 0.1, 0.1, 0.2]","[True, True, True, True, True]",mean,192.0,128,AdamW,,0.0001,1e-05,L2,0.03,1.0,"[1.0, 3.1864, 1.3333]",0.15387,0.45455,180,0.41488,0.53612,89,0.16292,STOPPED,32.23
294,20251013_002802,gaitpart_OUMVLP.csv,Best_configs,TCN,42,256,"[224, 288, 352, 416, 480]","[1, 2, 4, 8, 16]",5,2,gelu,True,True,"[None, 0.1, 0.1, 0.1, 0.2]","[True, True, True, True, True]",mean,192.0,128,AdamW,,0.0001,1e-05,L2,0.03,1.0,"[1.0, 3.1864, 1.3333]",0.14544,0.59091,456,0.45029,0.57778,194,0.21341,STOPPED,81.651
295,20251013_002802,gaitset.csv,Best_configs,TCN,42,256,"[224, 288, 352, 416, 480]","[1, 2, 4, 8, 16]",5,2,gelu,True,True,"[None, 0.1, 0.1, 0.1, 0.2]","[True, True, True, True, True]",mean,192.0,128,AdamW,,0.0001,1e-05,L2,0.03,1.0,"[1.0, 3.1864, 1.3333]",0.14017,0.38636,219,0.27774,0.34377,92,0.14369,STOPPED,79.799
296,20251013_002802,gaitset_GREW.csv,Best_configs,TCN,42,256,"[224, 288, 352, 416, 480]","[1, 2, 4, 8, 16]",5,2,gelu,True,True,"[None, 0.1, 0.1, 0.1, 0.2]","[True, True, True, True, True]",mean,192.0,128,AdamW,,0.0001,1e-05,L2,0.03,1.0,"[1.0, 3.1864, 1.3333]",0.14125,0.5,217,0.36149,0.36149,217,0.14125,STOPPED,79.709
297,20251013_002802,gaitset_OUMVLP.csv,Best_configs,TCN,42,256,"[224, 288, 352, 416, 480]","[1, 2, 4, 8, 16]",5,2,gelu,True,True,"[None, 0.1, 0.1, 0.1, 0.2]","[True, True, True, True, True]",mean,192.0,128,AdamW,,0.0001,1e-05,L2,0.03,1.0,"[1.0, 3.1864, 1.3333]",0.14362,0.5,441,0.3626,0.55749,383,0.14207,STOPPED,159.921
298,20251013_002802,gln_phase1.csv,Best_configs,TCN,42,256,"[224, 288, 352, 416, 480]","[1, 2, 4, 8, 16]",5,2,gelu,True,True,"[None, 0.1, 0.1, 0.1, 0.2]","[True, True, True, True, True]",mean,192.0,128,AdamW,,0.0001,1e-05,L2,0.03,1.0,"[1.0, 3.1864, 1.3333]",0.13983,0.52273,241,0.35669,0.4772,129,0.14116,STOPPED,117.177
299,20251013_002802,gln_phase2.csv,Best_configs,TCN,42,256,"[224, 288, 352, 416, 480]","[1, 2, 4, 8, 16]",5,2,gelu,True,True,"[None, 0.1, 0.1, 0.1, 0.2]","[True, True, True, True, True]",mean,192.0,128,AdamW,,0.0001,1e-05,L2,0.03,1.0,"[1.0, 3.1864, 1.3333]",0.14064,0.52273,261,0.43795,0.55556,140,0.14119,STOPPED,127.512

300,20251013_002802,baseline_CASIAB.csv,Best_configs,TCN,42,256,"[448, 576]","[1, 4]",11,3,leakyrelu,True,True,"[0.2, 0.2]","[True, True]",max,256.0,96,AdamW,,0.0002,5e-05,L2,0.03,1.0,"[1.0, 3.1864, 1.3333]",0.14167,0.59091,164,0.52339,0.57071,100,0.1423,STOPPED,64.26
301,20251013_002802,baseline_OUMVLP.csv,Best_configs,TCN,42,256,"[448, 576]","[1, 4]",11,3,leakyrelu,True,True,"[0.2, 0.2]","[True, True]",max,256.0,96,AdamW,,0.0002,5e-05,L2,0.03,1.0,"[1.0, 3.1864, 1.3333]",0.14191,0.47727,271,0.40414,0.47963,66,0.17486,STOPPED,105.188
302,20251013_002802,gaitgl.csv,Best_configs,TCN,42,128,"[448, 576]","[1, 4]",11,3,leakyrelu,True,True,"[0.2, 0.2]","[True, True]",max,256.0,96,AdamW,,0.0002,5e-05,L2,0.03,1.0,"[1.0, 3.1864, 1.3333]",0.14265,0.47727,102,0.40789,0.53652,56,0.14149,STOPPED,58.324
303,20251013_002802,gaitgl_GREW.csv,Best_configs,TCN,42,256,"[448, 576]","[1, 4]",11,3,leakyrelu,True,True,"[0.2, 0.2]","[True, True]",max,256.0,96,AdamW,,0.0002,5e-05,L2,0.03,1.0,"[1.0, 3.1864, 1.3333]",0.14412,0.38636,184,0.2963,0.41583,65,0.14246,STOPPED,106.606
304,20251013_002802,gaitgl_GREW_BNNeck.csv,Best_configs,TCN,42,256,"[448, 576]","[1, 4]",11,3,leakyrelu,True,True,"[0.2, 0.2]","[True, True]",max,256.0,96,AdamW,,0.0002,5e-05,L2,0.03,1.0,"[1.0, 3.1864, 1.3333]",0.14401,0.40909,170,0.35413,0.44198,56,0.14913,STOPPED,98.602
305,20251013_002802,gaitgl_OUMVLP.csv,Best_configs,TCN,42,256,"[448, 576]","[1, 4]",11,3,leakyrelu,True,True,"[0.2, 0.2]","[True, True]",max,256.0,96,AdamW,,0.0002,5e-05,L2,0.03,1.0,"[1.0, 3.1864, 1.3333]",0.14092,0.5,193,0.45466,0.55272,76,0.14703,STOPPED,111.859
306,20251013_002802,gaitpart_GREW.csv,Best_configs,TCN,42,256,"[448, 576]","[1, 4]",11,3,leakyrelu,True,True,"[0.2, 0.2]","[True, True]",max,256.0,96,AdamW,,0.0002,5e-05,L2,0.03,1.0,"[1.0, 3.1864, 1.3333]",0.14234,0.45455,252,0.40053,0.46746,244,0.14675,STOPPED,57.176
307,20251013_002802,gaitpart_OUMVLP.csv,Best_configs,TCN,42,256,"[448, 576]","[1, 4]",11,3,leakyrelu,True,True,"[0.2, 0.2]","[True, True]",max,256.0,96,AdamW,,0.0002,5e-05,L2,0.03,1.0,"[1.0, 3.1864, 1.3333]",0.14187,0.59091,371,0.51738,0.54569,369,0.1415,STOPPED,84.299
308,20251013_002802,gaitset.csv,Best_configs,TCN,42,256,"[448, 576]","[1, 4]",11,3,leakyrelu,True,True,"[0.2, 0.2]","[True, True]",max,256.0,96,AdamW,,0.0002,5e-05,L2,0.03,1.0,"[1.0, 3.1864, 1.3333]",0.14704,0.47727,206,0.32099,0.40759,97,0.14548,STOPPED,118.054
309,20251013_002802,gaitset_GREW.csv,Best_configs,TCN,42,256,"[448, 576]","[1, 4]",11,3,leakyrelu,True,True,"[0.2, 0.2]","[True, True]",max,256.0,96,AdamW,,0.0002,5e-05,L2,0.03,1.0,"[1.0, 3.1864, 1.3333]",0.14116,0.47727,262,0.37475,0.47933,49,0.17082,STOPPED,150.37
310,20251013_002802,gaitset_OUMVLP.csv,Best_configs,TCN,42,256,"[448, 576]","[1, 4]",11,3,leakyrelu,True,True,"[0.2, 0.2]","[True, True]",max,256.0,96,AdamW,,0.0002,5e-05,L2,0.03,1.0,"[1.0, 3.1864, 1.3333]",0.14189,0.36364,351,0.29104,0.43099,217,0.15523,STOPPED,201.349
311,20251013_002802,gln_phase1.csv,Best_configs,TCN,42,256,"[448, 576]","[1, 4]",11,3,leakyrelu,True,True,"[0.2, 0.2]","[True, True]",max,256.0,96,AdamW,,0.0002,5e-05,L2,0.03,1.0,"[1.0, 3.1864, 1.3333]",0.1421,0.54545,134,0.44415,0.52799,57,0.14537,STOPPED,111.414
312,20251013_002802,gln_phase2.csv,Best_configs,TCN,42,256,"[448, 576]","[1, 4]",11,3,leakyrelu,True,True,"[0.2, 0.2]","[True, True]",max,256.0,96,AdamW,,0.0002,5e-05,L2,0.03,1.0,"[1.0, 3.1864, 1.3333]",0.14661,0.52273,119,0.49044,0.52594,100,0.14404,STOPPED,111.825

326,20251013_002802,baseline_CASIAB.csv,Best_configs,TCN,42,256,"[192, 256, 320, 384]","[1, 2, 4, 8]",7,2,gelu,True,True,"[None, 0.1, 0.1, 0.2]","[True, True, True, True]",attention,256.0,96,AdamW,,0.0002,5e-05,L2,0.03,1.0,"[1.0, 3.1864, 1.3333]",0.13962,0.59091,177,0.48677,0.58742,35,0.15932,STOPPED,37.709
327,20251013_002802,baseline_OUMVLP.csv,Best_configs,TCN,42,256,"[192, 256, 320, 384]","[1, 2, 4, 8]",7,2,gelu,True,True,"[None, 0.1, 0.1, 0.2]","[True, True, True, True]",attention,256.0,96,AdamW,,0.0002,5e-05,L2,0.03,1.0,"[1.0, 3.1864, 1.3333]",0.13985,0.59091,162,0.5348,0.55545,99,0.14164,STOPPED,34.513
328,20251013_002802,gaitgl.csv,Best_configs,TCN,42,128,"[192, 256, 320, 384]","[1, 2, 4, 8]",7,2,gelu,True,True,"[None, 0.1, 0.1, 0.2]","[True, True, True, True]",attention,256.0,96,AdamW,,0.0002,5e-05,L2,0.03,1.0,"[1.0, 3.1864, 1.3333]",0.14077,0.5,122,0.34799,0.47949,23,0.16685,STOPPED,40.289
329,20251013_002802,gaitgl_GREW.csv,Best_configs,TCN,42,256,"[192, 256, 320, 384]","[1, 2, 4, 8]",7,2,gelu,True,True,"[None, 0.1, 0.1, 0.2]","[True, True, True, True]",attention,256.0,96,AdamW,,0.0002,5e-05,L2,0.03,1.0,"[1.0, 3.1864, 1.3333]",0.13995,0.61364,106,0.51111,0.52854,59,0.13967,STOPPED,36.217
330,20251013_002802,gaitgl_GREW_BNNeck.csv,Best_configs,TCN,42,256,"[192, 256, 320, 384]","[1, 2, 4, 8]",7,2,gelu,True,True,"[None, 0.1, 0.1, 0.2]","[True, True, True, True]",attention,256.0,96,AdamW,,0.0002,5e-05,L2,0.03,1.0,"[1.0, 3.1864, 1.3333]",0.1398,0.38636,138,0.28114,0.39607,39,0.17715,STOPPED,46.908
331,20251013_002802,gaitgl_OUMVLP.csv,Best_configs,TCN,42,256,"[192, 256, 320, 384]","[1, 2, 4, 8]",7,2,gelu,True,True,"[None, 0.1, 0.1, 0.2]","[True, True, True, True]",attention,256.0,96,AdamW,,0.0002,5e-05,L2,0.03,1.0,"[1.0, 3.1864, 1.3333]",0.13953,0.40909,198,0.34845,0.47436,59,0.15739,STOPPED,67.42
332,20251013_002802,gaitpart_GREW.csv,Best_configs,TCN,42,256,"[192, 256, 320, 384]","[1, 2, 4, 8]",7,2,gelu,True,True,"[None, 0.1, 0.1, 0.2]","[True, True, True, True]",attention,256.0,96,AdamW,,0.0002,5e-05,L2,0.03,1.0,"[1.0, 3.1864, 1.3333]",0.1445,0.5,161,0.46296,0.55309,99,0.1443,STOPPED,25.174
333,20251013_002802,gaitpart_OUMVLP.csv,Best_configs,TCN,42,256,"[192, 256, 320, 384]","[1, 2, 4, 8]",7,2,gelu,True,True,"[None, 0.1, 0.1, 0.2]","[True, True, True, True]",attention,256.0,96,AdamW,,0.0002,5e-05,L2,0.03,1.0,"[1.0, 3.1864, 1.3333]",0.14034,0.47727,315,0.35644,0.46407,217,0.25182,STOPPED,49.668
334,20251013_002802,gaitset.csv,Best_configs,TCN,42,256,"[192, 256, 320, 384]","[1, 2, 4, 8]",7,2,gelu,True,True,"[None, 0.1, 0.1, 0.2]","[True, True, True, True]",attention,256.0,96,AdamW,,0.0002,5e-05,L2,0.03,1.0,"[1.0, 3.1864, 1.3333]",0.13975,0.38636,192,0.25356,0.47658,43,0.21877,STOPPED,64.564
335,20251013_002802,gaitset_GREW.csv,Best_configs,TCN,42,256,"[192, 256, 320, 384]","[1, 2, 4, 8]",7,2,gelu,True,True,"[None, 0.1, 0.1, 0.2]","[True, True, True, True]",attention,256.0,96,AdamW,,0.0002,5e-05,L2,0.03,1.0,"[1.0, 3.1864, 1.3333]",0.13964,0.45455,199,0.35724,0.42751,168,0.14024,STOPPED,67.125
336,20251013_002802,gaitset_OUMVLP.csv,Best_configs,TCN,42,256,"[192, 256, 320, 384]","[1, 2, 4, 8]",7,2,gelu,True,True,"[None, 0.1, 0.1, 0.2]","[True, True, True, True]",attention,256.0,96,AdamW,,0.0002,5e-05,L2,0.03,1.0,"[1.0, 3.1864, 1.3333]",0.13995,0.56818,320,0.46486,0.51952,175,0.23548,STOPPED,107.876
337,20251013_002802,gln_phase1.csv,Best_configs,TCN,42,256,"[192, 256, 320, 384]","[1, 2, 4, 8]",7,2,gelu,True,True,"[None, 0.1, 0.1, 0.2]","[True, True, True, True]",attention,256.0,96,AdamW,,0.0002,5e-05,L2,0.03,1.0,"[1.0, 3.1864, 1.3333]",0.13987,0.40909,187,0.30657,0.54723,41,0.26054,STOPPED,83.629
338,20251013_002802,gln_phase2.csv,Best_configs,TCN,42,256,"[192, 256, 320, 384]","[1, 2, 4, 8]",7,2,gelu,True,True,"[None, 0.1, 0.1, 0.2]","[True, True, True, True]",attention,256.0,96,AdamW,,0.0002,5e-05,L2,0.03,1.0,"[1.0, 3.1864, 1.3333]",0.14025,0.59091,180,0.51836,0.55758,44,0.18311,STOPPED,80.645

339,20251013_002802,baseline_CASIAB.csv,Best_configs,TCN,42,256,"[224, 224, 224]","[1, 3, 9]",9,2,silu,True,True,"[0.1, 0.1, 0.2]","[True, True, True]",attention,256.0,96,AdamW,,0.0003,5e-05,L2,0.03,1.0,"[1.0, 3.1864, 1.3333]",0.13993,0.61364,202,0.51599,0.53251,68,0.15985,STOPPED,28.913
340,20251013_002802,baseline_OUMVLP.csv,Best_configs,TCN,42,256,"[224, 224, 224]","[1, 3, 9]",9,2,silu,True,True,"[0.1, 0.1, 0.2]","[True, True, True]",attention,256.0,96,AdamW,,0.0003,5e-05,L2,0.03,1.0,"[1.0, 3.1864, 1.3333]",0.14005,0.47727,247,0.36252,0.59474,65,0.33131,STOPPED,35.336
341,20251013_002802,gaitgl.csv,Best_configs,TCN,42,128,"[224, 224, 224]","[1, 3, 9]",9,2,silu,True,True,"[0.1, 0.1, 0.2]","[True, True, True]",attention,256.0,96,AdamW,,0.0003,5e-05,L2,0.03,1.0,"[1.0, 3.1864, 1.3333]",0.14085,0.43182,155,0.38001,0.45833,35,0.16061,STOPPED,31.959
342,20251013_002802,gaitgl_GREW.csv,Best_configs,TCN,42,256,"[224, 224, 224]","[1, 3, 9]",9,2,silu,True,True,"[0.1, 0.1, 0.2]","[True, True, True]",attention,256.0,96,AdamW,,0.0003,5e-05,L2,0.03,1.0,"[1.0, 3.1864, 1.3333]",0.13972,0.47727,149,0.35302,0.47591,26,0.16207,STOPPED,32.424
343,20251013_002802,gaitgl_GREW_BNNeck.csv,Best_configs,TCN,42,256,"[224, 224, 224]","[1, 3, 9]",9,2,silu,True,True,"[0.1, 0.1, 0.2]","[True, True, True]",attention,256.0,96,AdamW,,0.0003,5e-05,L2,0.03,1.0,"[1.0, 3.1864, 1.3333]",0.13981,0.47727,185,0.41128,0.46218,108,0.14072,STOPPED,40.284
344,20251013_002802,gaitgl_OUMVLP.csv,Best_configs,TCN,42,256,"[224, 224, 224]","[1, 3, 9]",9,2,silu,True,True,"[0.1, 0.1, 0.2]","[True, True, True]",attention,256.0,96,AdamW,,0.0003,5e-05,L2,0.03,1.0,"[1.0, 3.1864, 1.3333]",0.14046,0.52273,262,0.42608,0.49495,78,0.1491,STOPPED,57.044
345,20251013_002802,gaitpart_GREW.csv,Best_configs,TCN,42,256,"[224, 224, 224]","[1, 3, 9]",9,2,silu,True,True,"[0.1, 0.1, 0.2]","[True, True, True]",attention,256.0,96,AdamW,,0.0003,5e-05,L2,0.03,1.0,"[1.0, 3.1864, 1.3333]",0.14705,0.5,179,0.4337,0.47078,132,0.14337,STOPPED,18.958
346,20251013_002802,gaitpart_OUMVLP.csv,Best_configs,TCN,42,256,"[224, 224, 224]","[1, 3, 9]",9,2,silu,True,True,"[0.1, 0.1, 0.2]","[True, True, True]",attention,256.0,96,AdamW,,0.0003,5e-05,L2,0.03,1.0,"[1.0, 3.1864, 1.3333]",0.13993,0.47727,428,0.40922,0.50877,348,0.14115,STOPPED,45.632
347,20251013_002802,gaitset.csv,Best_configs,TCN,42,256,"[224, 224, 224]","[1, 3, 9]",9,2,silu,True,True,"[0.1, 0.1, 0.2]","[True, True, True]",attention,256.0,96,AdamW,,0.0003,5e-05,L2,0.03,1.0,"[1.0, 3.1864, 1.3333]",0.14022,0.34091,189,0.29468,0.32017,36,0.28406,STOPPED,39.532
348,20251013_002802,gaitset_GREW.csv,Best_configs,TCN,42,256,"[224, 224, 224]","[1, 3, 9]",9,2,silu,True,True,"[0.1, 0.1, 0.2]","[True, True, True]",attention,256.0,96,AdamW,,0.0003,5e-05,L2,0.03,1.0,"[1.0, 3.1864, 1.3333]",0.14016,0.54545,222,0.45128,0.53019,99,0.14505,STOPPED,46.857
349,20251013_002802,gaitset_OUMVLP.csv,Best_configs,TCN,42,256,"[224, 224, 224]","[1, 3, 9]",9,2,silu,True,True,"[0.1, 0.1, 0.2]","[True, True, True]",attention,256.0,96,AdamW,,0.0003,5e-05,L2,0.03,1.0,"[1.0, 3.1864, 1.3333]",0.14088,0.36364,358,0.22617,0.3573,140,0.28951,STOPPED,75.197
350,20251013_002802,gln_phase1.csv,Best_configs,TCN,42,256,"[224, 224, 224]","[1, 3, 9]",9,2,silu,True,True,"[0.1, 0.1, 0.2]","[True, True, True]",attention,256.0,96,AdamW,,0.0003,5e-05,L2,0.03,1.0,"[1.0, 3.1864, 1.3333]",0.13982,0.43182,251,0.37115,0.46823,70,0.15346,STOPPED,71.882
351,20251013_002802,gln_phase2.csv,Best_configs,TCN,42,256,"[224, 224, 224]","[1, 3, 9]",9,2,silu,True,True,"[0.1, 0.1, 0.2]","[True, True, True]",attention,256.0,96,AdamW,,0.0003,5e-05,L2,0.03,1.0,"[1.0, 3.1864, 1.3333]",0.14805,0.54545,182,0.41477,0.46265,85,0.15013,STOPPED,52.265

352,20251013_002802,baseline_CASIAB.csv,Best_configs,TCN,42,256,"[256, 256, 256, 256]","[1, 2, 4, 8]",9,3,gelu,True,True,"[0.1, 0.1, 0.1, 0.1]","[True, True, True, True]",max,128.0,128,AdamW,,0.0002,0.0001,L2,0.03,1.0,"[1.0, 3.1864, 1.3333]",0.14049,0.56818,253,0.50557,0.57673,120,0.14413,STOPPED,66.352
353,20251013_002802,baseline_OUMVLP.csv,Best_configs,TCN,42,256,"[256, 256, 256, 256]","[1, 2, 4, 8]",9,3,gelu,True,True,"[0.1, 0.1, 0.1, 0.1]","[True, True, True, True]",max,128.0,128,AdamW,,0.0002,0.0001,L2,0.03,1.0,"[1.0, 3.1864, 1.3333]",0.14185,0.45455,257,0.38889,0.52373,58,0.32458,STOPPED,67.234
354,20251013_002802,gaitgl.csv,Best_configs,TCN,42,128,"[256, 256, 256, 256]","[1, 2, 4, 8]",9,3,gelu,True,True,"[0.1, 0.1, 0.1, 0.1]","[True, True, True, True]",max,128.0,128,AdamW,,0.0002,0.0001,L2,0.03,1.0,"[1.0, 3.1864, 1.3333]",0.14067,0.5,171,0.42414,0.52638,77,0.1422,STOPPED,78.29
355,20251013_002802,gaitgl_GREW.csv,Best_configs,TCN,42,256,"[256, 256, 256, 256]","[1, 2, 4, 8]",9,3,gelu,True,True,"[0.1, 0.1, 0.1, 0.1]","[True, True, True, True]",max,128.0,128,AdamW,,0.0002,0.0001,L2,0.03,1.0,"[1.0, 3.1864, 1.3333]",0.14053,0.47727,223,0.40091,0.51795,82,0.14179,STOPPED,104.614
356,20251013_002802,gaitgl_GREW_BNNeck.csv,Best_configs,TCN,42,256,"[256, 256, 256, 256]","[1, 2, 4, 8]",9,3,gelu,True,True,"[0.1, 0.1, 0.1, 0.1]","[True, True, True, True]",max,128.0,128,AdamW,,0.0002,0.0001,L2,0.03,1.0,"[1.0, 3.1864, 1.3333]",0.14235,0.40909,148,0.35218,0.44571,54,0.22347,STOPPED,69.481
357,20251013_002802,gaitgl_OUMVLP.csv,Best_configs,TCN,42,256,"[256, 256, 256, 256]","[1, 2, 4, 8]",9,3,gelu,True,True,"[0.1, 0.1, 0.1, 0.1]","[True, True, True, True]",max,128.0,128,AdamW,,0.0002,0.0001,L2,0.03,1.0,"[1.0, 3.1864, 1.3333]",0.14197,0.59091,229,0.43175,0.51297,143,0.14361,STOPPED,107.56
358,20251013_002802,gaitpart_GREW.csv,Best_configs,TCN,42,256,"[256, 256, 256, 256]","[1, 2, 4, 8]",9,3,gelu,True,True,"[0.1, 0.1, 0.1, 0.1]","[True, True, True, True]",max,128.0,128,AdamW,,0.0002,0.0001,L2,0.03,1.0,"[1.0, 3.1864, 1.3333]",0.14,0.5,360,0.48704,0.63727,85,0.20394,STOPPED,56.79
359,20251013_002802,gaitpart_OUMVLP.csv,Best_configs,TCN,42,256,"[256, 256, 256, 256]","[1, 2, 4, 8]",9,3,gelu,True,True,"[0.1, 0.1, 0.1, 0.1]","[True, True, True, True]",max,128.0,128,AdamW,,0.0002,0.0001,L2,0.03,1.0,"[1.0, 3.1864, 1.3333]",0.14072,0.5,515,0.41953,0.56794,426,0.14174,STOPPED,81.589
360,20251013_002802,gaitset.csv,Best_configs,TCN,42,256,"[256, 256, 256, 256]","[1, 2, 4, 8]",9,3,gelu,True,True,"[0.1, 0.1, 0.1, 0.1]","[True, True, True, True]",max,128.0,128,AdamW,,0.0002,0.0001,L2,0.03,1.0,"[1.0, 3.1864, 1.3333]",0.14322,0.43182,242,0.30556,0.39732,48,0.19798,STOPPED,110.751
361,20251013_002802,gaitset_GREW.csv,Best_configs,TCN,42,256,"[256, 256, 256, 256]","[1, 2, 4, 8]",9,3,gelu,True,True,"[0.1, 0.1, 0.1, 0.1]","[True, True, True, True]",max,128.0,128,AdamW,,0.0002,0.0001,L2,0.03,1.0,"[1.0, 3.1864, 1.3333]",0.14193,0.61364,371,0.5101,0.52799,154,0.14299,STOPPED,169.836
362,20251013_002802,gaitset_OUMVLP.csv,Best_configs,TCN,42,256,"[256, 256, 256, 256]","[1, 2, 4, 8]",9,3,gelu,True,True,"[0.1, 0.1, 0.1, 0.1]","[True, True, True, True]",max,128.0,128,AdamW,,0.0002,0.0001,L2,0.03,1.0,"[1.0, 3.1864, 1.3333]",0.14718,0.29545,551,0.29683,0.64296,481,0.14013,STOPPED,252.05
363,20251013_002802,gln_phase1.csv,Best_configs,TCN,42,256,"[256, 256, 256, 256]","[1, 2, 4, 8]",9,3,gelu,True,True,"[0.1, 0.1, 0.1, 0.1]","[True, True, True, True]",max,128.0,128,AdamW,,0.0002,0.0001,L2,0.03,1.0,"[1.0, 3.1864, 1.3333]",0.14311,0.5,268,0.35913,0.51198,77,0.15037,STOPPED,137.198
364,20251013_002802,gln_phase2.csv,Best_configs,TCN,42,256,"[256, 256, 256, 256]","[1, 2, 4, 8]",9,3,gelu,True,True,"[0.1, 0.1, 0.1, 0.1]","[True, True, True, True]",max,128.0,128,AdamW,,0.0002,0.0001,L2,0.03,1.0,"[1.0, 3.1864, 1.3333]",0.14181,0.54545,274,0.4016,0.50359,248,0.14269,STOPPED,140.543

365,20251013_002802,baseline_CASIAB.csv,Best_configs,TCN,42,256,"[160, 192, 224, 256, 320, 384]","[1, 2, 4, 8, 16, 32]",5,2,gelu,True,True,"[None, 0.1, 0.1, 0.2, 0.2, 0.2]","[True, True, True, True, True, True]",attention,256.0,96,AdamW,,0.0001,1e-05,L2,0.03,1.0,"[1.0, 3.1864, 1.3333]",0.13985,0.47727,170,0.35383,0.52137,49,0.16818,STOPPED,37.128
366,20251013_002802,baseline_OUMVLP.csv,Best_configs,TCN,42,256,"[160, 192, 224, 256, 320, 384]","[1, 2, 4, 8, 16, 32]",5,2,gelu,True,True,"[None, 0.1, 0.1, 0.2, 0.2, 0.2]","[True, True, True, True, True, True]",attention,256.0,96,AdamW,,0.0001,1e-05,L2,0.03,1.0,"[1.0, 3.1864, 1.3333]",0.13959,0.52273,177,0.43267,0.55711,112,0.14033,STOPPED,38.659
367,20251013_002802,gaitgl.csv,Best_configs,TCN,42,128,"[160, 192, 224, 256, 320, 384]","[1, 2, 4, 8, 16, 32]",5,2,gelu,True,True,"[None, 0.1, 0.1, 0.2, 0.2, 0.2]","[True, True, True, True, True, True]",attention,256.0,96,AdamW,,0.0001,1e-05,L2,0.03,1.0,"[1.0, 3.1864, 1.3333]",0.13978,0.31818,124,0.27786,0.37999,18,0.19391,STOPPED,42.508
368,20251013_002802,gaitgl_GREW.csv,Best_configs,TCN,42,256,"[160, 192, 224, 256, 320, 384]","[1, 2, 4, 8, 16, 32]",5,2,gelu,True,True,"[None, 0.1, 0.1, 0.2, 0.2, 0.2]","[True, True, True, True, True, True]",attention,256.0,96,AdamW,,0.0001,1e-05,L2,0.03,1.0,"[1.0, 3.1864, 1.3333]",0.1397,0.47727,114,0.39435,0.45615,26,0.14416,STOPPED,40.168
369,20251013_002802,gaitgl_GREW_BNNeck.csv,Best_configs,TCN,42,256,"[160, 192, 224, 256, 320, 384]","[1, 2, 4, 8, 16, 32]",5,2,gelu,True,True,"[None, 0.1, 0.1, 0.2, 0.2, 0.2]","[True, True, True, True, True, True]",attention,256.0,96,AdamW,,0.0001,1e-05,L2,0.03,1.0,"[1.0, 3.1864, 1.3333]",0.13986,0.36364,156,0.27513,0.37778,81,0.14235,STOPPED,55.07
370,20251013_002802,gaitgl_OUMVLP.csv,Best_configs,TCN,42,256,"[160, 192, 224, 256, 320, 384]","[1, 2, 4, 8, 16, 32]",5,2,gelu,True,True,"[None, 0.1, 0.1, 0.2, 0.2, 0.2]","[True, True, True, True, True, True]",attention,256.0,96,AdamW,,0.0001,1e-05,L2,0.03,1.0,"[1.0, 3.1864, 1.3333]",0.13969,0.52273,176,0.38199,0.42571,83,0.14088,STOPPED,62.282
371,20251013_002802,gaitpart_GREW.csv,Best_configs,TCN,42,256,"[160, 192, 224, 256, 320, 384]","[1, 2, 4, 8, 16, 32]",5,2,gelu,True,True,"[None, 0.1, 0.1, 0.2, 0.2, 0.2]","[True, True, True, True, True, True]",attention,256.0,96,AdamW,,0.0001,1e-05,L2,0.03,1.0,"[1.0, 3.1864, 1.3333]",0.14027,0.45455,197,0.42308,0.47158,123,0.17672,STOPPED,31.203
372,20251013_002802,gaitpart_OUMVLP.csv,Best_configs,TCN,42,256,"[160, 192, 224, 256, 320, 384]","[1, 2, 4, 8, 16, 32]",5,2,gelu,True,True,"[None, 0.1, 0.1, 0.2, 0.2, 0.2]","[True, True, True, True, True, True]",attention,256.0,96,AdamW,,0.0001,1e-05,L2,0.03,1.0,"[1.0, 3.1864, 1.3333]",0.13983,0.40909,392,0.38829,0.51065,181,0.18434,STOPPED,61.975
373,20251013_002802,gaitset.csv,Best_configs,TCN,42,256,"[160, 192, 224, 256, 320, 384]","[1, 2, 4, 8, 16, 32]",5,2,gelu,True,True,"[None, 0.1, 0.1, 0.2, 0.2, 0.2]","[True, True, True, True, True, True]",attention,256.0,96,AdamW,,0.0001,1e-05,L2,0.03,1.0,"[1.0, 3.1864, 1.3333]",0.13959,0.5,143,0.36148,0.42544,37,0.16408,STOPPED,49.506
374,20251013_002802,gaitset_GREW.csv,Best_configs,TCN,42,256,"[160, 192, 224, 256, 320, 384]","[1, 2, 4, 8, 16, 32]",5,2,gelu,True,True,"[None, 0.1, 0.1, 0.2, 0.2, 0.2]","[True, True, True, True, True, True]",attention,256.0,96,AdamW,,0.0001,1e-05,L2,0.03,1.0,"[1.0, 3.1864, 1.3333]",0.14345,0.43182,203,0.30556,0.46925,58,0.15452,STOPPED,70.456
375,20251013_002802,gaitset_OUMVLP.csv,Best_configs,TCN,42,256,"[160, 192, 224, 256, 320, 384]","[1, 2, 4, 8, 16, 32]",5,2,gelu,True,True,"[None, 0.1, 0.1, 0.2, 0.2, 0.2]","[True, True, True, True, True, True]",attention,256.0,96,AdamW,,0.0001,1e-05,L2,0.03,1.0,"[1.0, 3.1864, 1.3333]",0.13965,0.5,328,0.34127,0.53035,148,0.16267,STOPPED,113.848
376,20251013_002802,gln_phase1.csv,Best_configs,TCN,42,256,"[160, 192, 224, 256, 320, 384]","[1, 2, 4, 8, 16, 32]",5,2,gelu,True,True,"[None, 0.1, 0.1, 0.2, 0.2, 0.2]","[True, True, True, True, True, True]",attention,256.0,96,AdamW,,0.0001,1e-05,L2,0.03,1.0,"[1.0, 3.1864, 1.3333]",0.13969,0.52273,194,0.37778,0.52778,97,0.14647,STOPPED,91.428
377,20251013_002802,gln_phase2.csv,Best_configs,TCN,42,256,"[160, 192, 224, 256, 320, 384]","[1, 2, 4, 8, 16, 32]",5,2,gelu,True,True,"[None, 0.1, 0.1, 0.2, 0.2, 0.2]","[True, True, True, True, True, True]",attention,256.0,96,AdamW,,0.0001,1e-05,L2,0.03,1.0,"[1.0, 3.1864, 1.3333]",0.13969,0.47727,172,0.41352,0.5029,58,0.15683,STOPPED,81.006

391,20251013_002802,baseline_CASIAB.csv,Best_configs,TCN,42,256,"[192, 256, 320]","[1, 2, 8]",7,3,leakyrelu,True,True,"[0.1, 0.2, 0.2]","[True, True, True]",attention,384.0,96,AdamW,,0.0002,5e-05,L2,0.03,1.0,"[1.0, 3.1864, 1.3333]",0.13997,0.45455,204,0.33424,0.35421,178,0.14022,STOPPED,36.023
392,20251013_002802,baseline_OUMVLP.csv,Best_configs,TCN,42,256,"[192, 256, 320]","[1, 2, 8]",7,3,leakyrelu,True,True,"[0.1, 0.2, 0.2]","[True, True, True]",attention,384.0,96,AdamW,,0.0002,5e-05,L2,0.03,1.0,"[1.0, 3.1864, 1.3333]",0.13959,0.59091,265,0.52894,0.55309,135,0.14552,STOPPED,46.82
393,20251013_002802,gaitgl.csv,Best_configs,TCN,42,128,"[192, 256, 320]","[1, 2, 8]",7,3,leakyrelu,True,True,"[0.1, 0.2, 0.2]","[True, True, True]",attention,384.0,96,AdamW,,0.0002,5e-05,L2,0.03,1.0,"[1.0, 3.1864, 1.3333]",0.14005,0.40909,204,0.35084,0.44966,19,0.24609,STOPPED,59.058
394,20251013_002802,gaitgl_GREW.csv,Best_configs,TCN,42,256,"[192, 256, 320]","[1, 2, 8]",7,3,leakyrelu,True,True,"[0.1, 0.2, 0.2]","[True, True, True]",attention,384.0,96,AdamW,,0.0002,5e-05,L2,0.03,1.0,"[1.0, 3.1864, 1.3333]",0.14006,0.45455,142,0.33891,0.40743,38,0.15083,STOPPED,42.469
395,20251013_002802,gaitgl_GREW_BNNeck.csv,Best_configs,TCN,42,256,"[192, 256, 320]","[1, 2, 8]",7,3,leakyrelu,True,True,"[0.1, 0.2, 0.2]","[True, True, True]",attention,384.0,96,AdamW,,0.0002,5e-05,L2,0.03,1.0,"[1.0, 3.1864, 1.3333]",0.1398,0.52273,210,0.44105,0.52962,59,0.14696,STOPPED,62.775
396,20251013_002802,gaitgl_OUMVLP.csv,Best_configs,TCN,42,256,"[192, 256, 320]","[1, 2, 8]",7,3,leakyrelu,True,True,"[0.1, 0.2, 0.2]","[True, True, True]",attention,384.0,96,AdamW,,0.0002,5e-05,L2,0.03,1.0,"[1.0, 3.1864, 1.3333]",0.14244,0.43182,242,0.33113,0.45056,48,0.30918,STOPPED,72.321
397,20251013_002802,gaitpart_GREW.csv,Best_configs,TCN,42,256,"[192, 256, 320]","[1, 2, 8]",7,3,leakyrelu,True,True,"[0.1, 0.2, 0.2]","[True, True, True]",attention,384.0,96,AdamW,,0.0002,5e-05,L2,0.03,1.0,"[1.0, 3.1864, 1.3333]",0.14002,0.40909,251,0.28968,0.42521,108,0.16021,STOPPED,30.185
398,20251013_002802,gaitpart_OUMVLP.csv,Best_configs,TCN,42,256,"[192, 256, 320]","[1, 2, 8]",7,3,leakyrelu,True,True,"[0.1, 0.2, 0.2]","[True, True, True]",attention,384.0,96,AdamW,,0.0002,5e-05,L2,0.03,1.0,"[1.0, 3.1864, 1.3333]",0.14404,0.45455,368,0.39123,0.51354,233,0.14409,STOPPED,44.374
399,20251013_002802,gaitset.csv,Best_configs,TCN,42,256,"[192, 256, 320]","[1, 2, 8]",7,3,leakyrelu,True,True,"[0.1, 0.2, 0.2]","[True, True, True]",attention,384.0,96,AdamW,,0.0002,5e-05,L2,0.03,1.0,"[1.0, 3.1864, 1.3333]",0.13976,0.40909,159,0.32011,0.42857,53,0.15794,STOPPED,46.764
400,20251013_002802,gaitset_GREW.csv,Best_configs,TCN,42,256,"[192, 256, 320]","[1, 2, 8]",7,3,leakyrelu,True,True,"[0.1, 0.2, 0.2]","[True, True, True]",attention,384.0,96,AdamW,,0.0002,5e-05,L2,0.03,1.0,"[1.0, 3.1864, 1.3333]",0.16463,0.47727,206,0.33261,0.4733,191,0.16676,STOPPED,60.737
401,20251013_002802,gaitset_OUMVLP.csv,Best_configs,TCN,42,256,"[192, 256, 320]","[1, 2, 8]",7,3,leakyrelu,True,True,"[0.1, 0.2, 0.2]","[True, True, True]",attention,384.0,96,AdamW,,0.0002,5e-05,L2,0.03,1.0,"[1.0, 3.1864, 1.3333]",0.14171,0.38636,324,0.31452,0.39276,200,0.16619,STOPPED,95.778
402,20251013_002802,gln_phase1.csv,Best_configs,TCN,42,256,"[192, 256, 320]","[1, 2, 8]",7,3,leakyrelu,True,True,"[0.1, 0.2, 0.2]","[True, True, True]",attention,384.0,96,AdamW,,0.0002,5e-05,L2,0.03,1.0,"[1.0, 3.1864, 1.3333]",0.13994,0.52273,193,0.4364,0.47715,43,0.20123,STOPPED,75.355
403,20251013_002802,gln_phase2.csv,Best_configs,TCN,42,256,"[192, 256, 320]","[1, 2, 8]",7,3,leakyrelu,True,True,"[0.1, 0.2, 0.2]","[True, True, True]",attention,384.0,96,AdamW,,0.0002,5e-05,L2,0.03,1.0,"[1.0, 3.1864, 1.3333]",0.13977,0.45455,163,0.33939,0.42557,79,0.141,STOPPED,63.712

430,20251013_002802,baseline_CASIAB.csv,Best_configs,TCN,42,256,"[128, 160, 192, 224, 256]","[1, 2, 4, 8, 16]",5,2,gelu,True,True,"[None, 0.1, 0.1, 0.1, 0.1]","[True, True, True, False, False]",mean,128.0,128,AdamW,,0.0001,1e-05,L2,0.03,1.0,"[1.0, 3.1864, 1.3333]",0.14136,0.54545,301,0.39583,0.5,211,0.14212,STOPPED,38.612
431,20251013_002802,baseline_OUMVLP.csv,Best_configs,TCN,42,256,"[128, 160, 192, 224, 256]","[1, 2, 4, 8, 16]",5,2,gelu,True,True,"[None, 0.1, 0.1, 0.1, 0.1]","[True, True, True, False, False]",mean,128.0,128,AdamW,,0.0001,1e-05,L2,0.03,1.0,"[1.0, 3.1864, 1.3333]",0.1439,0.34091,436,0.24473,0.39158,127,0.34572,STOPPED,55.899
432,20251013_002802,gaitgl.csv,Best_configs,TCN,42,128,"[128, 160, 192, 224, 256]","[1, 2, 4, 8, 16]",5,2,gelu,True,True,"[None, 0.1, 0.1, 0.1, 0.1]","[True, True, True, False, False]",mean,128.0,128,AdamW,,0.0001,1e-05,L2,0.03,1.0,"[1.0, 3.1864, 1.3333]",0.14157,0.38636,238,0.25882,0.35147,103,0.22893,STOPPED,47.03
433,20251013_002802,gaitgl_GREW.csv,Best_configs,TCN,42,256,"[128, 160, 192, 224, 256]","[1, 2, 4, 8, 16]",5,2,gelu,True,True,"[None, 0.1, 0.1, 0.1, 0.1]","[True, True, True, False, False]",mean,128.0,128,AdamW,,0.0001,1e-05,L2,0.03,1.0,"[1.0, 3.1864, 1.3333]",0.14007,0.54545,276,0.39517,0.44596,127,0.1686,STOPPED,57.708
434,20251013_002802,gaitgl_GREW_BNNeck.csv,Best_configs,TCN,42,256,"[128, 160, 192, 224, 256]","[1, 2, 4, 8, 16]",5,2,gelu,True,True,"[None, 0.1, 0.1, 0.1, 0.1]","[True, True, True, False, False]",mean,128.0,128,AdamW,,0.0001,1e-05,L2,0.03,1.0,"[1.0, 3.1864, 1.3333]",0.14068,0.52273,300,0.44705,0.46512,143,0.17417,STOPPED,62.702
435,20251013_002802,gaitgl_OUMVLP.csv,Best_configs,TCN,42,256,"[128, 160, 192, 224, 256]","[1, 2, 4, 8, 16]",5,2,gelu,True,True,"[None, 0.1, 0.1, 0.1, 0.1]","[True, True, True, False, False]",mean,128.0,128,AdamW,,0.0001,1e-05,L2,0.03,1.0,"[1.0, 3.1864, 1.3333]",0.14045,0.54545,467,0.34583,0.45705,175,0.18591,STOPPED,97.614
436,20251013_002802,gaitpart_GREW.csv,Best_configs,TCN,42,256,"[128, 160, 192, 224, 256]","[1, 2, 4, 8, 16]",5,2,gelu,True,True,"[None, 0.1, 0.1, 0.1, 0.1]","[True, True, True, False, False]",mean,128.0,128,AdamW,,0.0001,1e-05,L2,0.03,1.0,"[1.0, 3.1864, 1.3333]",0.14317,0.59091,349,0.5179,0.56201,234,0.15575,STOPPED,32.46
437,20251013_002802,gaitpart_OUMVLP.csv,Best_configs,TCN,42,256,"[128, 160, 192, 224, 256]","[1, 2, 4, 8, 16]",5,2,gelu,True,True,"[None, 0.1, 0.1, 0.1, 0.1]","[True, True, True, False, False]",mean,128.0,128,AdamW,,0.0001,1e-05,L2,0.03,1.0,"[1.0, 3.1864, 1.3333]",0.14408,0.56818,575,0.40842,0.55709,417,0.14878,STOPPED,53.671
438,20251013_002802,gaitset.csv,Best_configs,TCN,42,256,"[128, 160, 192, 224, 256]","[1, 2, 4, 8, 16]",5,2,gelu,True,True,"[None, 0.1, 0.1, 0.1, 0.1]","[True, True, True, False, False]",mean,128.0,128,AdamW,,0.0001,1e-05,L2,0.03,1.0,"[1.0, 3.1864, 1.3333]",0.13998,0.40909,334,0.30033,0.40393,121,0.17325,STOPPED,66.322
439,20251013_002802,gaitset_GREW.csv,Best_configs,TCN,42,256,"[128, 160, 192, 224, 256]","[1, 2, 4, 8, 16]",5,2,gelu,True,True,"[None, 0.1, 0.1, 0.1, 0.1]","[True, True, True, False, False]",mean,128.0,128,AdamW,,0.0001,1e-05,L2,0.03,1.0,"[1.0, 3.1864, 1.3333]",0.14006,0.5,333,0.32164,0.40741,177,0.16424,STOPPED,66.352
440,20251013_002802,gaitset_OUMVLP.csv,Best_configs,TCN,42,256,"[128, 160, 192, 224, 256]","[1, 2, 4, 8, 16]",5,2,gelu,True,True,"[None, 0.1, 0.1, 0.1, 0.1]","[True, True, True, False, False]",mean,128.0,128,AdamW,,0.0001,1e-05,L2,0.03,1.0,"[1.0, 3.1864, 1.3333]",0.14356,0.5,567,0.34412,0.44416,428,0.17767,STOPPED,113.046
441,20251013_002802,gln_phase1.csv,Best_configs,TCN,42,256,"[128, 160, 192, 224, 256]","[1, 2, 4, 8, 16]",5,2,gelu,True,True,"[None, 0.1, 0.1, 0.1, 0.1]","[True, True, True, False, False]",mean,128.0,128,AdamW,,0.0001,1e-05,L2,0.03,1.0,"[1.0, 3.1864, 1.3333]",0.13974,0.36364,388,0.3547,0.44205,300,0.14091,STOPPED,95.084
442,20251013_002802,gln_phase2.csv,Best_configs,TCN,42,256,"[128, 160, 192, 224, 256]","[1, 2, 4, 8, 16]",5,2,gelu,True,True,"[None, 0.1, 0.1, 0.1, 0.1]","[True, True, True, False, False]",mean,128.0,128,AdamW,,0.0001,1e-05,L2,0.03,1.0,"[1.0, 3.1864, 1.3333]",0.14244,0.47727,289,0.30905,0.46745,99,0.2811,STOPPED,70.905

456,20251013_002802,baseline_CASIAB.csv,Best_configs,TCN,42,256,"[256, 384]","[1, 4]",9,3,gelu,True,True,"[0.2, 0.2]","[True, True]",attention,,96,AdamW,,0.0002,5e-05,L2,0.03,1.0,"[1.0, 3.1864, 1.3333]",0.14095,0.47727,224,0.40404,0.4775,49,0.3328,STOPPED,52.181
457,20251013_002802,baseline_OUMVLP.csv,Best_configs,TCN,42,256,"[256, 384]","[1, 4]",9,3,gelu,True,True,"[0.2, 0.2]","[True, True]",attention,,96,AdamW,,0.0002,5e-05,L2,0.03,1.0,"[1.0, 3.1864, 1.3333]",0.13978,0.40909,288,0.35143,0.45457,85,0.16704,STOPPED,66.937
458,20251013_002802,gaitgl.csv,Best_configs,TCN,42,128,"[256, 384]","[1, 4]",9,3,gelu,True,True,"[0.2, 0.2]","[True, True]",attention,,96,AdamW,,0.0002,5e-05,L2,0.03,1.0,"[1.0, 3.1864, 1.3333]",0.17336,0.43182,135,0.39614,0.58696,133,0.25441,STOPPED,37.359
459,20251013_002802,gaitgl_GREW.csv,Best_configs,TCN,42,256,"[256, 384]","[1, 4]",9,3,gelu,True,True,"[0.2, 0.2]","[True, True]",attention,,96,AdamW,,0.0002,5e-05,L2,0.03,1.0,"[1.0, 3.1864, 1.3333]",0.14106,0.52273,164,0.38745,0.4127,23,0.22956,STOPPED,46.923
460,20251013_002802,gaitgl_GREW_BNNeck.csv,Best_configs,TCN,42,256,"[256, 384]","[1, 4]",9,3,gelu,True,True,"[0.2, 0.2]","[True, True]",attention,,96,AdamW,,0.0002,5e-05,L2,0.03,1.0,"[1.0, 3.1864, 1.3333]",0.14023,0.47727,221,0.39869,0.49306,65,0.15804,STOPPED,63.304
461,20251013_002802,gaitgl_OUMVLP.csv,Best_configs,TCN,42,256,"[256, 384]","[1, 4]",9,3,gelu,True,True,"[0.2, 0.2]","[True, True]",attention,,96,AdamW,,0.0002,5e-05,L2,0.03,1.0,"[1.0, 3.1864, 1.3333]",0.14407,0.47727,208,0.33333,0.47899,76,0.16614,STOPPED,59.862
462,20251013_002802,gaitpart_GREW.csv,Best_configs,TCN,42,256,"[256, 384]","[1, 4]",9,3,gelu,True,True,"[0.2, 0.2]","[True, True]",attention,,96,AdamW,,0.0002,5e-05,L2,0.03,1.0,"[1.0, 3.1864, 1.3333]",0.14001,0.5,327,0.45031,0.53276,99,0.21968,STOPPED,59.524
463,20251013_002802,gaitpart_OUMVLP.csv,Best_configs,TCN,42,256,"[256, 384]","[1, 4]",9,3,gelu,True,True,"[0.2, 0.2]","[True, True]",attention,,96,AdamW,,0.0002,5e-05,L2,0.03,1.0,"[1.0, 3.1864, 1.3333]",0.14232,0.52273,493,0.45833,0.57633,178,0.2327,STOPPED,89.822
464,20251013_002802,gaitset.csv,Best_configs,TCN,42,256,"[256, 384]","[1, 4]",9,3,gelu,True,True,"[0.2, 0.2]","[True, True]",attention,,96,AdamW,,0.0002,5e-05,L2,0.03,1.0,"[1.0, 3.1864, 1.3333]",0.14004,0.43182,250,0.32051,0.44214,105,0.1415,STOPPED,70.895
465,20251013_002802,gaitset_GREW.csv,Best_configs,TCN,42,256,"[256, 384]","[1, 4]",9,3,gelu,True,True,"[0.2, 0.2]","[True, True]",attention,,96,AdamW,,0.0002,5e-05,L2,0.03,1.0,"[1.0, 3.1864, 1.3333]",0.14006,0.45455,287,0.41714,0.47134,158,0.14068,STOPPED,81.281
466,20251013_002802,gaitset_OUMVLP.csv,Best_configs,TCN,42,256,"[256, 384]","[1, 4]",9,3,gelu,True,True,"[0.2, 0.2]","[True, True]",attention,,96,AdamW,,0.0002,5e-05,L2,0.03,1.0,"[1.0, 3.1864, 1.3333]",0.14779,0.36364,512,0.30386,0.44566,292,0.1547,STOPPED,144.891
467,20251013_002802,gln_phase1.csv,Best_configs,TCN,42,256,"[256, 384]","[1, 4]",9,3,gelu,True,True,"[0.2, 0.2]","[True, True]",attention,,96,AdamW,,0.0002,5e-05,L2,0.03,1.0,"[1.0, 3.1864, 1.3333]",0.16125,0.45455,161,0.41946,0.45253,119,0.14231,STOPPED,61.917
468,20251013_002802,gln_phase2.csv,Best_configs,TCN,42,256,"[256, 384]","[1, 4]",9,3,gelu,True,True,"[0.2, 0.2]","[True, True]",attention,,96,AdamW,,0.0002,5e-05,L2,0.03,1.0,"[1.0, 3.1864, 1.3333]",0.14085,0.61364,179,0.54099,0.55619,174,0.14107,STOPPED,68.737

469,20251013_002802,baseline_CASIAB.csv,Best_configs,TCN,42,256,"[192, 224, 256, 320]","[1, 2, 4, 4]",9,2,gelu,True,True,"[0.1, 0.1, 0.2, 0.2]","[True, True, True, True]",last,256.0,96,AdamW,,0.0002,5e-05,L2,0.03,1.0,"[1.0, 3.1864, 1.3333]",0.16191,0.54545,110,0.4405,0.49531,98,0.14368,STOPPED,20.622
470,20251013_002802,baseline_OUMVLP.csv,Best_configs,TCN,42,256,"[192, 224, 256, 320]","[1, 2, 4, 4]",9,2,gelu,True,True,"[0.1, 0.1, 0.2, 0.2]","[True, True, True, True]",last,256.0,96,AdamW,,0.0002,5e-05,L2,0.03,1.0,"[1.0, 3.1864, 1.3333]",0.14031,0.5,187,0.4753,0.4753,187,0.14031,STOPPED,34.902
471,20251013_002802,gaitgl.csv,Best_configs,TCN,42,128,"[192, 224, 256, 320]","[1, 2, 4, 4]",9,2,gelu,True,True,"[0.1, 0.1, 0.2, 0.2]","[True, True, True, True]",last,256.0,96,AdamW,,0.0002,5e-05,L2,0.03,1.0,"[1.0, 3.1864, 1.3333]",0.14037,0.5,109,0.41579,0.48122,28,0.1438,STOPPED,33.626
472,20251013_002802,gaitgl_GREW.csv,Best_configs,TCN,42,256,"[192, 224, 256, 320]","[1, 2, 4, 4]",9,2,gelu,True,True,"[0.1, 0.1, 0.2, 0.2]","[True, True, True, True]",last,256.0,96,AdamW,,0.0002,5e-05,L2,0.03,1.0,"[1.0, 3.1864, 1.3333]",0.14006,0.54545,121,0.40669,0.47148,55,0.13988,STOPPED,38.537
473,20251013_002802,gaitgl_GREW_BNNeck.csv,Best_configs,TCN,42,256,"[192, 224, 256, 320]","[1, 2, 4, 4]",9,2,gelu,True,True,"[0.1, 0.1, 0.2, 0.2]","[True, True, True, True]",last,256.0,96,AdamW,,0.0002,5e-05,L2,0.03,1.0,"[1.0, 3.1864, 1.3333]",0.1404,0.40909,186,0.29891,0.43358,56,0.14257,STOPPED,59.225
474,20251013_002802,gaitgl_OUMVLP.csv,Best_configs,TCN,42,256,"[192, 224, 256, 320]","[1, 2, 4, 4]",9,2,gelu,True,True,"[0.1, 0.1, 0.2, 0.2]","[True, True, True, True]",last,256.0,96,AdamW,,0.0002,5e-05,L2,0.03,1.0,"[1.0, 3.1864, 1.3333]",0.13959,0.47727,264,0.34441,0.46797,91,0.18924,STOPPED,84.107
475,20251013_002802,gaitpart_GREW.csv,Best_configs,TCN,42,256,"[192, 224, 256, 320]","[1, 2, 4, 4]",9,2,gelu,True,True,"[0.1, 0.1, 0.2, 0.2]","[True, True, True, True]",last,256.0,96,AdamW,,0.0002,5e-05,L2,0.03,1.0,"[1.0, 3.1864, 1.3333]",0.14044,0.54545,217,0.43287,0.50493,126,0.14156,STOPPED,28.065
476,20251013_002802,gaitpart_OUMVLP.csv,Best_configs,TCN,42,256,"[192, 224, 256, 320]","[1, 2, 4, 4]",9,2,gelu,True,True,"[0.1, 0.1, 0.2, 0.2]","[True, True, True, True]",last,256.0,96,AdamW,,0.0002,5e-05,L2,0.03,1.0,"[1.0, 3.1864, 1.3333]",0.14388,0.43182,418,0.39903,0.56755,200,0.23352,STOPPED,54.188
477,20251013_002802,gaitset.csv,Best_configs,TCN,42,256,"[192, 224, 256, 320]","[1, 2, 4, 4]",9,2,gelu,True,True,"[0.1, 0.1, 0.2, 0.2]","[True, True, True, True]",last,256.0,96,AdamW,,0.0002,5e-05,L2,0.03,1.0,"[1.0, 3.1864, 1.3333]",0.14053,0.45455,156,0.38391,0.45408,83,0.14047,STOPPED,48.844
478,20251013_002802,gaitset_GREW.csv,Best_configs,TCN,42,256,"[192, 224, 256, 320]","[1, 2, 4, 4]",9,2,gelu,True,True,"[0.1, 0.1, 0.2, 0.2]","[True, True, True, True]",last,256.0,96,AdamW,,0.0002,5e-05,L2,0.03,1.0,"[1.0, 3.1864, 1.3333]",0.14062,0.47727,160,0.40091,0.50936,88,0.14236,STOPPED,50.236
479,20251013_002802,gaitset_OUMVLP.csv,Best_configs,TCN,42,256,"[192, 224, 256, 320]","[1, 2, 4, 4]",9,2,gelu,True,True,"[0.1, 0.1, 0.2, 0.2]","[True, True, True, True]",last,256.0,96,AdamW,,0.0002,5e-05,L2,0.03,1.0,"[1.0, 3.1864, 1.3333]",0.2181,0.56818,437,0.37885,0.51738,319,0.25384,STOPPED,137.392
480,20251013_002802,gln_phase1.csv,Best_configs,TCN,42,256,"[192, 224, 256, 320]","[1, 2, 4, 4]",9,2,gelu,True,True,"[0.1, 0.1, 0.2, 0.2]","[True, True, True, True]",last,256.0,96,AdamW,,0.0002,5e-05,L2,0.03,1.0,"[1.0, 3.1864, 1.3333]",0.13981,0.54545,176,0.44496,0.51297,69,0.17311,STOPPED,71.118
481,20251013_002802,gln_phase2.csv,Best_configs,TCN,42,256,"[192, 224, 256, 320]","[1, 2, 4, 4]",9,2,gelu,True,True,"[0.1, 0.1, 0.2, 0.2]","[True, True, True, True]",last,256.0,96,AdamW,,0.0002,5e-05,L2,0.03,1.0,"[1.0, 3.1864, 1.3333]",0.14019,0.47727,187,0.40656,0.47293,23,0.32097,STOPPED,75.397

495,20251013_002802,baseline_CASIAB.csv,Best_configs,TCN,42,256,"[384, 512, 640]","[1, 2, 3]",11,1,silu,True,True,"[0.1, 0.1, 0.1]","[True, True, False]",mean,,128,AdamW,,0.0002,5e-05,L2,0.03,1.0,"[1.0, 3.1864, 1.3333]",0.14219,0.56818,268,0.48122,0.56891,220,0.14315,STOPPED,69.306
496,20251013_002802,baseline_OUMVLP.csv,Best_configs,TCN,42,256,"[384, 512, 640]","[1, 2, 3]",11,1,silu,True,True,"[0.1, 0.1, 0.1]","[True, True, False]",mean,,128,AdamW,,0.0002,5e-05,L2,0.03,1.0,"[1.0, 3.1864, 1.3333]",0.14079,0.5,360,0.42877,0.54141,134,0.16724,STOPPED,93.022
497,20251013_002802,gaitgl.csv,Best_configs,TCN,42,128,"[384, 512, 640]","[1, 2, 3]",11,1,silu,True,True,"[0.1, 0.1, 0.1]","[True, True, False]",mean,,128,AdamW,,0.0002,5e-05,L2,0.03,1.0,"[1.0, 3.1864, 1.3333]",0.14091,0.47727,228,0.33631,0.38924,99,0.15097,STOPPED,83.456
498,20251013_002802,gaitgl_GREW.csv,Best_configs,TCN,42,256,"[384, 512, 640]","[1, 2, 3]",11,1,silu,True,True,"[0.1, 0.1, 0.1]","[True, True, False]",mean,,128,AdamW,,0.0002,5e-05,L2,0.03,1.0,"[1.0, 3.1864, 1.3333]",0.14003,0.54545,239,0.45833,0.49449,106,0.15406,STOPPED,90.857
499,20251013_002802,gaitgl_GREW_BNNeck.csv,Best_configs,TCN,42,256,"[384, 512, 640]","[1, 2, 3]",11,1,silu,True,True,"[0.1, 0.1, 0.1]","[True, True, False]",mean,,128,AdamW,,0.0002,5e-05,L2,0.03,1.0,"[1.0, 3.1864, 1.3333]",0.14099,0.45455,372,0.41341,0.4759,231,0.15163,STOPPED,140.998
500,20251013_002802,gaitgl_OUMVLP.csv,Best_configs,TCN,42,256,"[384, 512, 640]","[1, 2, 3]",11,1,silu,True,True,"[0.1, 0.1, 0.1]","[True, True, False]",mean,,128,AdamW,,0.0002,5e-05,L2,0.03,1.0,"[1.0, 3.1864, 1.3333]",0.1397,0.54545,288,0.43846,0.47912,154,0.1418,STOPPED,108.872
501,20251013_002802,gaitpart_GREW.csv,Best_configs,TCN,42,256,"[384, 512, 640]","[1, 2, 3]",11,1,silu,True,True,"[0.1, 0.1, 0.1]","[True, True, False]",mean,,128,AdamW,,0.0002,5e-05,L2,0.03,1.0,"[1.0, 3.1864, 1.3333]",0.14052,0.45455,300,0.41636,0.54651,95,0.28851,STOPPED,57.966
502,20251013_002802,gaitpart_OUMVLP.csv,Best_configs,TCN,42,256,"[384, 512, 640]","[1, 2, 3]",11,1,silu,True,True,"[0.1, 0.1, 0.1]","[True, True, False]",mean,,128,AdamW,,0.0002,5e-05,L2,0.03,1.0,"[1.0, 3.1864, 1.3333]",0.14044,0.47727,438,0.41388,0.52479,383,0.14079,STOPPED,84.498
503,20251013_002802,gaitset.csv,Best_configs,TCN,42,256,"[384, 512, 640]","[1, 2, 3]",11,1,silu,True,True,"[0.1, 0.1, 0.1]","[True, True, False]",mean,,128,AdamW,,0.0002,5e-05,L2,0.03,1.0,"[1.0, 3.1864, 1.3333]",0.14009,0.36364,452,0.29191,0.39905,165,0.25234,STOPPED,167.502
504,20251013_002802,gaitset_GREW.csv,Best_configs,TCN,42,256,"[384, 512, 640]","[1, 2, 3]",11,1,silu,True,True,"[0.1, 0.1, 0.1]","[True, True, False]",mean,,128,AdamW,,0.0002,5e-05,L2,0.03,1.0,"[1.0, 3.1864, 1.3333]",1.10831,0.36364,60,0.17778,0.17778,60,,STOPPED,22.184
505,20251013_002802,gaitset_OUMVLP.csv,Best_configs,TCN,42,256,"[384, 512, 640]","[1, 2, 3]",11,1,silu,True,True,"[0.1, 0.1, 0.1]","[True, True, False]",mean,,128,AdamW,,0.0002,5e-05,L2,0.03,1.0,"[1.0, 3.1864, 1.3333]",1.10768,0.40909,58,0.24269,0.24269,58,,STOPPED,21.401
506,20251013_002802,gln_phase1.csv,Best_configs,TCN,42,256,"[384, 512, 640]","[1, 2, 3]",11,1,silu,True,True,"[0.1, 0.1, 0.1]","[True, True, False]",mean,,128,AdamW,,0.0002,5e-05,L2,0.03,1.0,"[1.0, 3.1864, 1.3333]",0.14172,0.45455,329,0.38801,0.52137,233,0.14762,STOPPED,174.827
507,20251013_002802,gln_phase2.csv,Best_configs,TCN,42,256,"[384, 512, 640]","[1, 2, 3]",11,1,silu,True,True,"[0.1, 0.1, 0.1]","[True, True, False]",mean,,128,AdamW,,0.0002,5e-05,L2,0.03,1.0,"[1.0, 3.1864, 1.3333]",0.14101,0.54545,249,0.39933,0.52849,179,0.14208,STOPPED,132.709

508,20251013_002802,baseline_CASIAB.csv,Best_configs,TCN,42,256,"[160, 192, 224, 256, 320, 384]","[1, 2, 3, 4, 6, 9]",3,2,gelu,True,True,"[None, 0.1, 0.1, 0.1, 0.2, 0.2]","[True, True, True, True, True, True]",attention,256.0,96,AdamW,,0.0001,1e-05,L2,0.03,1.0,"[1.0, 3.1864, 1.3333]",0.13979,0.47727,163,0.34601,0.50631,108,0.1406,STOPPED,29.91
509,20251013_002802,baseline_OUMVLP.csv,Best_configs,TCN,42,256,"[160, 192, 224, 256, 320, 384]","[1, 2, 3, 4, 6, 9]",3,2,gelu,True,True,"[None, 0.1, 0.1, 0.1, 0.2, 0.2]","[True, True, True, True, True, True]",attention,256.0,96,AdamW,,0.0001,1e-05,L2,0.03,1.0,"[1.0, 3.1864, 1.3333]",0.13968,0.5,231,0.37566,0.43939,127,0.14099,STOPPED,42.211
510,20251013_002802,gaitgl.csv,Best_configs,TCN,42,128,"[160, 192, 224, 256, 320, 384]","[1, 2, 3, 4, 6, 9]",3,2,gelu,True,True,"[None, 0.1, 0.1, 0.1, 0.2, 0.2]","[True, True, True, True, True, True]",attention,256.0,96,AdamW,,0.0001,1e-05,L2,0.03,1.0,"[1.0, 3.1864, 1.3333]",0.14052,0.47727,144,0.35968,0.50729,32,0.14969,STOPPED,39.66
511,20251013_002802,gaitgl_GREW.csv,Best_configs,TCN,42,256,"[160, 192, 224, 256, 320, 384]","[1, 2, 3, 4, 6, 9]",3,2,gelu,True,True,"[None, 0.1, 0.1, 0.1, 0.2, 0.2]","[True, True, True, True, True, True]",attention,256.0,96,AdamW,,0.0001,1e-05,L2,0.03,1.0,"[1.0, 3.1864, 1.3333]",0.14007,0.45455,141,0.39204,0.45943,33,0.14199,STOPPED,40.267
512,20251013_002802,gaitgl_GREW_BNNeck.csv,Best_configs,TCN,42,256,"[160, 192, 224, 256, 320, 384]","[1, 2, 3, 4, 6, 9]",3,2,gelu,True,True,"[None, 0.1, 0.1, 0.1, 0.2, 0.2]","[True, True, True, True, True, True]",attention,256.0,96,AdamW,,0.0001,1e-05,L2,0.03,1.0,"[1.0, 3.1864, 1.3333]",0.14068,0.47727,164,0.39444,0.45359,73,0.14171,STOPPED,46.898
513,20251013_002802,gaitgl_OUMVLP.csv,Best_configs,TCN,42,256,"[160, 192, 224, 256, 320, 384]","[1, 2, 3, 4, 6, 9]",3,2,gelu,True,True,"[None, 0.1, 0.1, 0.1, 0.2, 0.2]","[True, True, True, True, True, True]",attention,256.0,96,AdamW,,0.0001,1e-05,L2,0.03,1.0,"[1.0, 3.1864, 1.3333]",0.13983,0.45455,222,0.41441,0.54293,59,0.18082,STOPPED,63.417
514,20251013_002802,gaitpart_GREW.csv,Best_configs,TCN,42,256,"[160, 192, 224, 256, 320, 384]","[1, 2, 3, 4, 6, 9]",3,2,gelu,True,True,"[None, 0.1, 0.1, 0.1, 0.2, 0.2]","[True, True, True, True, True, True]",attention,256.0,96,AdamW,,0.0001,1e-05,L2,0.03,1.0,"[1.0, 3.1864, 1.3333]",0.14005,0.5,222,0.41667,0.57534,38,0.26643,STOPPED,32.104
515,20251013_002802,gaitpart_OUMVLP.csv,Best_configs,TCN,42,256,"[160, 192, 224, 256, 320, 384]","[1, 2, 3, 4, 6, 9]",3,2,gelu,True,True,"[None, 0.1, 0.1, 0.1, 0.2, 0.2]","[True, True, True, True, True, True]",attention,256.0,96,AdamW,,0.0001,1e-05,L2,0.03,1.0,"[1.0, 3.1864, 1.3333]",0.14433,0.5,274,0.35126,0.51795,95,0.25487,STOPPED,39.651
516,20251013_002802,gaitset.csv,Best_configs,TCN,42,256,"[160, 192, 224, 256, 320, 384]","[1, 2, 3, 4, 6, 9]",3,2,gelu,True,True,"[None, 0.1, 0.1, 0.1, 0.2, 0.2]","[True, True, True, True, True, True]",attention,256.0,96,AdamW,,0.0001,1e-05,L2,0.03,1.0,"[1.0, 3.1864, 1.3333]",0.14639,0.45455,157,0.33183,0.44956,132,0.14084,STOPPED,44.025
517,20251013_002802,gaitset_GREW.csv,Best_configs,TCN,42,256,"[160, 192, 224, 256, 320, 384]","[1, 2, 3, 4, 6, 9]",3,2,gelu,True,True,"[None, 0.1, 0.1, 0.1, 0.2, 0.2]","[True, True, True, True, True, True]",attention,256.0,96,AdamW,,0.0001,1e-05,L2,0.03,1.0,"[1.0, 3.1864, 1.3333]",0.14004,0.40909,231,0.34017,0.43729,112,0.14187,STOPPED,64.793
518,20251013_002802,gaitset_OUMVLP.csv,Best_configs,TCN,42,256,"[160, 192, 224, 256, 320, 384]","[1, 2, 3, 4, 6, 9]",3,2,gelu,True,True,"[None, 0.1, 0.1, 0.1, 0.2, 0.2]","[True, True, True, True, True, True]",attention,256.0,96,AdamW,,0.0001,1e-05,L2,0.03,1.0,"[1.0, 3.1864, 1.3333]",0.13962,0.43182,304,0.39191,0.48468,106,0.26407,STOPPED,85.462
519,20251013_002802,gln_phase1.csv,Best_configs,TCN,42,256,"[160, 192, 224, 256, 320, 384]","[1, 2, 3, 4, 6, 9]",3,2,gelu,True,True,"[None, 0.1, 0.1, 0.1, 0.2, 0.2]","[True, True, True, True, True, True]",attention,256.0,96,AdamW,,0.0001,1e-05,L2,0.03,1.0,"[1.0, 3.1864, 1.3333]",0.14009,0.5,199,0.38057,0.46001,93,0.16376,STOPPED,74.35
520,20251013_002802,gln_phase2.csv,Best_configs,TCN,42,256,"[160, 192, 224, 256, 320, 384]","[1, 2, 3, 4, 6, 9]",3,2,gelu,True,True,"[None, 0.1, 0.1, 0.1, 0.2, 0.2]","[True, True, True, True, True, True]",attention,256.0,96,AdamW,,0.0001,1e-05,L2,0.03,1.0,"[1.0, 3.1864, 1.3333]",0.13974,0.5,184,0.40868,0.45445,72,0.14239,STOPPED,68.612

547,20251013_002802,baseline_CASIAB.csv,Best_configs,TCN,42,256,"[224, 256, 320]","[1, 2, 4]",5,2,gelu,True,True,"[None, 0.1, 0.2]","[True, True, True]",attention,256.0,96,AdamW,,0.0002,5e-05,L2,0.03,1.0,"[1.0, 3.1864, 1.3333]",0.13986,0.5,190,0.3719,0.48573,38,0.222,STOPPED,24.26
548,20251013_002802,baseline_OUMVLP.csv,Best_configs,TCN,42,256,"[224, 256, 320]","[1, 2, 4]",5,2,gelu,True,True,"[None, 0.1, 0.2]","[True, True, True]",attention,256.0,96,AdamW,,0.0002,5e-05,L2,0.03,1.0,"[1.0, 3.1864, 1.3333]",0.13954,0.45455,228,0.32381,0.55325,110,0.15191,STOPPED,29.119
549,20251013_002802,gaitgl.csv,Best_configs,TCN,42,128,"[224, 256, 320]","[1, 2, 4]",5,2,gelu,True,True,"[None, 0.1, 0.2]","[True, True, True]",attention,256.0,96,AdamW,,0.0002,5e-05,L2,0.03,1.0,"[1.0, 3.1864, 1.3333]",0.14017,0.5,136,0.36444,0.37778,123,0.14011,STOPPED,26.632
550,20251013_002802,gaitgl_GREW.csv,Best_configs,TCN,42,256,"[224, 256, 320]","[1, 2, 4]",5,2,gelu,True,True,"[None, 0.1, 0.2]","[True, True, True]",attention,256.0,96,AdamW,,0.0002,5e-05,L2,0.03,1.0,"[1.0, 3.1864, 1.3333]",0.13997,0.59091,141,0.47768,0.50936,45,0.1407,STOPPED,29.038
551,20251013_002802,gaitgl_GREW_BNNeck.csv,Best_configs,TCN,42,256,"[224, 256, 320]","[1, 2, 4]",5,2,gelu,True,True,"[None, 0.1, 0.2]","[True, True, True]",attention,256.0,96,AdamW,,0.0002,5e-05,L2,0.03,1.0,"[1.0, 3.1864, 1.3333]",0.14005,0.47727,200,0.36618,0.46641,125,0.14,STOPPED,40.998
552,20251013_002802,gaitgl_OUMVLP.csv,Best_configs,TCN,42,256,"[224, 256, 320]","[1, 2, 4]",5,2,gelu,True,True,"[None, 0.1, 0.2]","[True, True, True]",attention,256.0,96,AdamW,,0.0002,5e-05,L2,0.03,1.0,"[1.0, 3.1864, 1.3333]",0.1401,0.52273,241,0.39645,0.58654,109,0.14893,STOPPED,49.837
553,20251013_002802,gaitpart_GREW.csv,Best_configs,TCN,42,256,"[224, 256, 320]","[1, 2, 4]",5,2,gelu,True,True,"[None, 0.1, 0.2]","[True, True, True]",attention,256.0,96,AdamW,,0.0002,5e-05,L2,0.03,1.0,"[1.0, 3.1864, 1.3333]",0.14167,0.52273,176,0.4798,0.48245,166,0.15426,STOPPED,16.076
554,20251013_002802,gaitpart_OUMVLP.csv,Best_configs,TCN,42,256,"[224, 256, 320]","[1, 2, 4]",5,2,gelu,True,True,"[None, 0.1, 0.2]","[True, True, True]",attention,256.0,96,AdamW,,0.0002,5e-05,L2,0.03,1.0,"[1.0, 3.1864, 1.3333]",0.13972,0.59091,380,0.54736,0.59762,325,0.14021,STOPPED,35.143
555,20251013_002802,gaitset.csv,Best_configs,TCN,42,256,"[224, 256, 320]","[1, 2, 4]",5,2,gelu,True,True,"[None, 0.1, 0.2]","[True, True, True]",attention,256.0,96,AdamW,,0.0002,5e-05,L2,0.03,1.0,"[1.0, 3.1864, 1.3333]",0.14028,0.31818,129,0.23148,0.39869,42,0.16612,STOPPED,25.933
556,20251013_002802,gaitset_GREW.csv,Best_configs,TCN,42,256,"[224, 256, 320]","[1, 2, 4]",5,2,gelu,True,True,"[None, 0.1, 0.2]","[True, True, True]",attention,256.0,96,AdamW,,0.0002,5e-05,L2,0.03,1.0,"[1.0, 3.1864, 1.3333]",0.14027,0.52273,157,0.37607,0.45004,88,0.14115,STOPPED,31.749
557,20251013_002802,gaitset_OUMVLP.csv,Best_configs,TCN,42,256,"[224, 256, 320]","[1, 2, 4]",5,2,gelu,True,True,"[None, 0.1, 0.2]","[True, True, True]",attention,256.0,96,AdamW,,0.0002,5e-05,L2,0.03,1.0,"[1.0, 3.1864, 1.3333]",0.14115,0.45455,305,0.37222,0.4749,224,0.22512,STOPPED,61.506
558,20251013_002802,gln_phase1.csv,Best_configs,TCN,42,256,"[224, 256, 320]","[1, 2, 4]",5,2,gelu,True,True,"[None, 0.1, 0.2]","[True, True, True]",attention,256.0,96,AdamW,,0.0002,5e-05,L2,0.03,1.0,"[1.0, 3.1864, 1.3333]",0.13992,0.5,200,0.37123,0.45798,52,0.15321,STOPPED,54.108
559,20251013_002802,gln_phase2.csv,Best_configs,TCN,42,256,"[224, 256, 320]","[1, 2, 4]",5,2,gelu,True,True,"[None, 0.1, 0.2]","[True, True, True]",attention,256.0,96,AdamW,,0.0002,5e-05,L2,0.03,1.0,"[1.0, 3.1864, 1.3333]",0.13982,0.52273,169,0.37889,0.49237,29,0.31178,STOPPED,45.73

560,20251013_002802,baseline_CASIAB.csv,Best_configs,TCN,42,256,"[512, 640]","[1, 3]",7,2,leakyrelu,True,True,"[0.1, 0.2]","[True, True]",max,256.0,96,AdamW,,0.0002,5e-05,L2,0.03,1.0,"[1.0, 3.1864, 1.3333]",0.14242,0.54545,170,0.41277,0.52692,103,0.14432,STOPPED,51.265
561,20251013_002802,baseline_OUMVLP.csv,Best_configs,TCN,42,256,"[512, 640]","[1, 3]",7,2,leakyrelu,True,True,"[0.1, 0.2]","[True, True]",max,256.0,96,AdamW,,0.0002,5e-05,L2,0.03,1.0,"[1.0, 3.1864, 1.3333]",0.14233,0.59091,231,0.442,0.543,55,0.18437,STOPPED,69.64
562,20251013_002802,gaitgl.csv,Best_configs,TCN,42,128,"[512, 640]","[1, 3]",7,2,leakyrelu,True,True,"[0.1, 0.2]","[True, True]",max,256.0,96,AdamW,,0.0002,5e-05,L2,0.03,1.0,"[1.0, 3.1864, 1.3333]",0.14199,0.54545,147,0.4534,0.49457,143,0.14148,STOPPED,63.124
563,20251013_002802,gaitgl_GREW.csv,Best_configs,TCN,42,256,"[512, 640]","[1, 3]",7,2,leakyrelu,True,True,"[0.1, 0.2]","[True, True]",max,256.0,96,AdamW,,0.0002,5e-05,L2,0.03,1.0,"[1.0, 3.1864, 1.3333]",0.14052,0.54545,161,0.39788,0.49349,84,0.14117,STOPPED,71.01
564,20251013_002802,gaitgl_GREW_BNNeck.csv,Best_configs,TCN,42,256,"[512, 640]","[1, 3]",7,2,leakyrelu,True,True,"[0.1, 0.2]","[True, True]",max,256.0,96,AdamW,,0.0002,5e-05,L2,0.03,1.0,"[1.0, 3.1864, 1.3333]",0.14162,0.40909,267,0.35333,0.4443,175,0.14116,STOPPED,117.705
565,20251013_002802,gaitgl_OUMVLP.csv,Best_configs,TCN,42,256,"[512, 640]","[1, 3]",7,2,leakyrelu,True,True,"[0.1, 0.2]","[True, True]",max,256.0,96,AdamW,,0.0002,5e-05,L2,0.03,1.0,"[1.0, 3.1864, 1.3333]",0.1414,0.38636,184,0.28672,0.46435,50,0.18762,STOPPED,81.32
566,20251013_002802,gaitpart_GREW.csv,Best_configs,TCN,42,256,"[512, 640]","[1, 3]",7,2,leakyrelu,True,True,"[0.1, 0.2]","[True, True]",max,256.0,96,AdamW,,0.0002,5e-05,L2,0.03,1.0,"[1.0, 3.1864, 1.3333]",0.14109,0.40909,324,0.35988,0.48851,143,0.14244,STOPPED,59.524
567,20251013_002802,gaitpart_OUMVLP.csv,Best_configs,TCN,42,256,"[512, 640]","[1, 3]",7,2,leakyrelu,True,True,"[0.1, 0.2]","[True, True]",max,256.0,96,AdamW,,0.0002,5e-05,L2,0.03,1.0,"[1.0, 3.1864, 1.3333]",0.14517,0.47727,370,0.37408,0.49007,152,0.14547,STOPPED,67.608
568,20251013_002802,gaitset.csv,Best_configs,TCN,42,256,"[512, 640]","[1, 3]",7,2,leakyrelu,True,True,"[0.1, 0.2]","[True, True]",max,256.0,96,AdamW,,0.0002,5e-05,L2,0.03,1.0,"[1.0, 3.1864, 1.3333]",0.14154,0.38636,175,0.25641,0.33312,41,0.14847,STOPPED,75.79
569,20251013_002802,gaitset_GREW.csv,Best_configs,TCN,42,256,"[512, 640]","[1, 3]",7,2,leakyrelu,True,True,"[0.1, 0.2]","[True, True]",max,256.0,96,AdamW,,0.0002,5e-05,L2,0.03,1.0,"[1.0, 3.1864, 1.3333]",0.14373,0.43182,223,0.33333,0.49161,99,0.14544,STOPPED,96.514
570,20251013_002802,gaitset_OUMVLP.csv,Best_configs,TCN,42,256,"[512, 640]","[1, 3]",7,2,leakyrelu,True,True,"[0.1, 0.2]","[True, True]",max,256.0,96,AdamW,,0.0002,5e-05,L2,0.03,1.0,"[1.0, 3.1864, 1.3333]",0.14287,0.40909,282,0.37983,0.48018,281,0.14188,STOPPED,122.379
571,20251013_002802,gln_phase1.csv,Best_configs,TCN,42,256,"[512, 640]","[1, 3]",7,2,leakyrelu,True,True,"[0.1, 0.2]","[True, True]",max,256.0,96,AdamW,,0.0002,5e-05,L2,0.03,1.0,"[1.0, 3.1864, 1.3333]",0.14232,0.59091,169,0.42751,0.57714,100,0.14448,STOPPED,102.79
572,20251013_002802,gln_phase2.csv,Best_configs,TCN,42,256,"[512, 640]","[1, 3]",7,2,leakyrelu,True,True,"[0.1, 0.2]","[True, True]",max,256.0,96,AdamW,,0.0002,5e-05,L2,0.03,1.0,"[1.0, 3.1864, 1.3333]",0.14133,0.5,221,0.45877,0.5,82,0.1419,STOPPED,133.893

573,20251013_002802,baseline_CASIAB.csv,Best_configs,TCN,42,256,"[192, 256, 320, 384]","[1, 2, 4, 8]",5,3,gelu,True,True,"[None, 0.1, 0.1, 0.2]","[True, True, True, False]",mean,192.0,128,AdamW,,0.0001,1e-05,L2,0.03,1.0,"[1.0, 3.1864, 1.3333]",0.14055,0.59091,386,0.53333,0.57809,248,0.14399,STOPPED,91.661
574,20251013_002802,baseline_OUMVLP.csv,Best_configs,TCN,42,256,"[192, 256, 320, 384]","[1, 2, 4, 8]",5,3,gelu,True,True,"[None, 0.1, 0.1, 0.2]","[True, True, True, False]",mean,192.0,128,AdamW,,0.0001,1e-05,L2,0.03,1.0,"[1.0, 3.1864, 1.3333]",0.13993,0.45455,390,0.44035,0.52536,183,0.14274,STOPPED,92.32
575,20251013_002802,gaitgl.csv,Best_configs,TCN,42,128,"[192, 256, 320, 384]","[1, 2, 4, 8]",5,3,gelu,True,True,"[None, 0.1, 0.1, 0.2]","[True, True, True, False]",mean,192.0,128,AdamW,,0.0001,1e-05,L2,0.03,1.0,"[1.0, 3.1864, 1.3333]",0.14003,0.43182,258,0.30688,0.43882,74,0.2374,STOPPED,98.445
576,20251013_002802,gaitgl_GREW.csv,Best_configs,TCN,42,256,"[192, 256, 320, 384]","[1, 2, 4, 8]",5,3,gelu,True,True,"[None, 0.1, 0.1, 0.2]","[True, True, True, False]",mean,192.0,128,AdamW,,0.0001,1e-05,L2,0.03,1.0,"[1.0, 3.1864, 1.3333]",0.14005,0.5,256,0.36149,0.41941,62,0.2614,STOPPED,100.738
577,20251013_002802,gaitgl_GREW_BNNeck.csv,Best_configs,TCN,42,256,"[192, 256, 320, 384]","[1, 2, 4, 8]",5,3,gelu,True,True,"[None, 0.1, 0.1, 0.2]","[True, True, True, False]",mean,192.0,128,AdamW,,0.0001,1e-05,L2,0.03,1.0,"[1.0, 3.1864, 1.3333]",0.14048,0.5,297,0.32284,0.45434,88,0.33151,STOPPED,117.205
578,20251013_002802,gaitgl_OUMVLP.csv,Best_configs,TCN,42,256,"[192, 256, 320, 384]","[1, 2, 4, 8]",5,3,gelu,True,True,"[None, 0.1, 0.1, 0.2]","[True, True, True, False]",mean,192.0,128,AdamW,,0.0001,1e-05,L2,0.03,1.0,"[1.0, 3.1864, 1.3333]",0.14038,0.40909,417,0.40233,0.51403,303,0.17667,STOPPED,164.759
579,20251013_002802,gaitpart_GREW.csv,Best_configs,TCN,42,256,"[192, 256, 320, 384]","[1, 2, 4, 8]",5,3,gelu,True,True,"[None, 0.1, 0.1, 0.2]","[True, True, True, False]",mean,192.0,128,AdamW,,0.0001,1e-05,L2,0.03,1.0,"[1.0, 3.1864, 1.3333]",0.14097,0.56818,360,0.50496,0.5727,160,0.17765,STOPPED,57.4
580,20251013_002802,gaitpart_OUMVLP.csv,Best_configs,TCN,42,256,"[192, 256, 320, 384]","[1, 2, 4, 8]",5,3,gelu,True,True,"[None, 0.1, 0.1, 0.2]","[True, True, True, False]",mean,192.0,128,AdamW,,0.0001,1e-05,L2,0.03,1.0,"[1.0, 3.1864, 1.3333]",0.14438,0.43182,501,0.3709,0.58343,415,0.14271,STOPPED,79.779
581,20251013_002802,gaitset.csv,Best_configs,TCN,42,256,"[192, 256, 320, 384]","[1, 2, 4, 8]",5,3,gelu,True,True,"[None, 0.1, 0.1, 0.2]","[True, True, True, False]",mean,192.0,128,AdamW,,0.0001,1e-05,L2,0.03,1.0,"[1.0, 3.1864, 1.3333]",0.13996,0.5,375,0.35926,0.41319,155,0.16964,STOPPED,144.644
582,20251013_002802,gaitset_GREW.csv,Best_configs,TCN,42,256,"[192, 256, 320, 384]","[1, 2, 4, 8]",5,3,gelu,True,True,"[None, 0.1, 0.1, 0.2]","[True, True, True, False]",mean,192.0,128,AdamW,,0.0001,1e-05,L2,0.03,1.0,"[1.0, 3.1864, 1.3333]",0.14019,0.45455,351,0.30725,0.40519,96,0.32063,STOPPED,135.499
583,20251013_002802,gaitset_OUMVLP.csv,Best_configs,TCN,42,256,"[192, 256, 320, 384]","[1, 2, 4, 8]",5,3,gelu,True,True,"[None, 0.1, 0.1, 0.2]","[True, True, True, False]",mean,192.0,128,AdamW,,0.0001,1e-05,L2,0.03,1.0,"[1.0, 3.1864, 1.3333]",0.14108,0.52273,632,0.34343,0.48074,322,0.19824,STOPPED,243.288
584,20251013_002802,gln_phase1.csv,Best_configs,TCN,42,256,"[192, 256, 320, 384]","[1, 2, 4, 8]",5,3,gelu,True,True,"[None, 0.1, 0.1, 0.2]","[True, True, True, False]",mean,192.0,128,AdamW,,0.0001,1e-05,L2,0.03,1.0,"[1.0, 3.1864, 1.3333]",0.14038,0.43182,398,0.44848,0.51886,356,0.1416,STOPPED,195.381
585,20251013_002802,gln_phase2.csv,Best_configs,TCN,42,256,"[192, 256, 320, 384]","[1, 2, 4, 8]",5,3,gelu,True,True,"[None, 0.1, 0.1, 0.2]","[True, True, True, False]",mean,192.0,128,AdamW,,0.0001,1e-05,L2,0.03,1.0,"[1.0, 3.1864, 1.3333]",0.14038,0.63636,362,0.59325,0.65207,191,0.14881,STOPPED,177.84

586,20251013_002802,baseline_CASIAB.csv,Best_configs,TCN,42,256,"[320, 384]","[1, 2]",11,2,silu,True,True,"[0.1, 0.2]","[True, True]",attention,256.0,96,AdamW,,0.0002,5e-05,L2,0.03,1.0,"[1.0, 3.1864, 1.3333]",0.13993,0.47727,231,0.34873,0.50216,58,0.15512,STOPPED,53.054
587,20251013_002802,baseline_OUMVLP.csv,Best_configs,TCN,42,256,"[320, 384]","[1, 2]",11,2,silu,True,True,"[0.1, 0.2]","[True, True]",attention,256.0,96,AdamW,,0.0002,5e-05,L2,0.03,1.0,"[1.0, 3.1864, 1.3333]",0.13981,0.54545,249,0.4016,0.54291,113,0.14211,STOPPED,57.155
588,20251013_002802,gaitgl.csv,Best_configs,TCN,42,128,"[320, 384]","[1, 2]",11,2,silu,True,True,"[0.1, 0.2]","[True, True]",attention,256.0,96,AdamW,,0.0002,5e-05,L2,0.03,1.0,"[1.0, 3.1864, 1.3333]",0.14079,0.47727,154,0.39766,0.54545,35,0.14995,STOPPED,42.705
589,20251013_002802,gaitgl_GREW.csv,Best_configs,TCN,42,256,"[320, 384]","[1, 2]",11,2,silu,True,True,"[0.1, 0.2]","[True, True]",attention,256.0,96,AdamW,,0.0002,5e-05,L2,0.03,1.0,"[1.0, 3.1864, 1.3333]",0.13999,0.47727,186,0.41217,0.48629,32,0.14624,STOPPED,53.411
590,20251013_002802,gaitgl_GREW_BNNeck.csv,Best_configs,TCN,42,256,"[320, 384]","[1, 2]",11,2,silu,True,True,"[0.1, 0.2]","[True, True]",attention,256.0,96,AdamW,,0.0002,5e-05,L2,0.03,1.0,"[1.0, 3.1864, 1.3333]",0.14036,0.43182,180,0.32292,0.43186,48,0.20637,STOPPED,51.816
591,20251013_002802,gaitgl_OUMVLP.csv,Best_configs,TCN,42,256,"[320, 384]","[1, 2]",11,2,silu,True,True,"[0.1, 0.2]","[True, True]",attention,256.0,96,AdamW,,0.0002,5e-05,L2,0.03,1.0,"[1.0, 3.1864, 1.3333]",0.13996,0.52273,205,0.44923,0.53233,83,0.14502,STOPPED,58.869
592,20251013_002802,gaitpart_GREW.csv,Best_configs,TCN,42,256,"[320, 384]","[1, 2]",11,2,silu,True,True,"[0.1, 0.2]","[True, True]",attention,256.0,96,AdamW,,0.0002,5e-05,L2,0.03,1.0,"[1.0, 3.1864, 1.3333]",0.14064,0.45455,220,0.41316,0.51587,139,0.1897,STOPPED,40.279
593,20251013_002802,gaitpart_OUMVLP.csv,Best_configs,TCN,42,256,"[320, 384]","[1, 2]",11,2,silu,True,True,"[0.1, 0.2]","[True, True]",attention,256.0,96,AdamW,,0.0002,5e-05,L2,0.03,1.0,"[1.0, 3.1864, 1.3333]",0.14026,0.43182,387,0.32162,0.49162,140,0.26355,STOPPED,71.531
594,20251013_002802,gaitset.csv,Best_configs,TCN,42,256,"[320, 384]","[1, 2]",11,2,silu,True,True,"[0.1, 0.2]","[True, True]",attention,256.0,96,AdamW,,0.0002,5e-05,L2,0.03,1.0,"[1.0, 3.1864, 1.3333]",0.14074,0.43182,166,0.32075,0.41551,35,0.29883,STOPPED,46.743
595,20251013_002802,gaitset_GREW.csv,Best_configs,TCN,42,256,"[320, 384]","[1, 2]",11,2,silu,True,True,"[0.1, 0.2]","[True, True]",attention,256.0,96,AdamW,,0.0002,5e-05,L2,0.03,1.0,"[1.0, 3.1864, 1.3333]",0.14021,0.5,229,0.37295,0.46963,157,0.14026,STOPPED,65.162
596,20251013_002802,gaitset_OUMVLP.csv,Best_configs,TCN,42,256,"[320, 384]","[1, 2]",11,2,silu,True,True,"[0.1, 0.2]","[True, True]",attention,256.0,96,AdamW,,0.0002,5e-05,L2,0.03,1.0,"[1.0, 3.1864, 1.3333]",1.09755,0.27273,77,0.22659,0.22659,77,,STOPPED,21.922
597,20251013_002802,gln_phase1.csv,Best_configs,TCN,42,256,"[320, 384]","[1, 2]",11,2,silu,True,True,"[0.1, 0.2]","[True, True]",attention,256.0,96,AdamW,,0.0002,5e-05,L2,0.03,1.0,"[1.0, 3.1864, 1.3333]",0.14005,0.54545,173,0.40489,0.4832,76,0.1654,STOPPED,68.062
598,20251013_002802,gln_phase2.csv,Best_configs,TCN,42,256,"[320, 384]","[1, 2]",11,2,silu,True,True,"[0.1, 0.2]","[True, True]",attention,256.0,96,AdamW,,0.0002,5e-05,L2,0.03,1.0,"[1.0, 3.1864, 1.3333]",0.14001,0.5,196,0.35964,0.46173,92,0.14763,STOPPED,77.045

599,20251013_002802,baseline_CASIAB.csv,Best_configs,TCN,42,256,"[160, 192, 224, 256, 320]","[1, 2, 3, 5, 9]",3,2,gelu,True,True,"[None, 0.1, 0.1, 0.1, 0.2]","[True, True, True, True, True]",attention,256.0,96,AdamW,,0.0001,5e-05,L2,0.03,1.0,"[1.0, 3.1864, 1.3333]",0.13978,0.43182,186,0.30571,0.41919,31,0.24111,STOPPED,27.665
600,20251013_002802,baseline_OUMVLP.csv,Best_configs,TCN,42,256,"[160, 192, 224, 256, 320]","[1, 2, 3, 5, 9]",3,2,gelu,True,True,"[None, 0.1, 0.1, 0.1, 0.2]","[True, True, True, True, True]",attention,256.0,96,AdamW,,0.0001,5e-05,L2,0.03,1.0,"[1.0, 3.1864, 1.3333]",0.1414,0.59091,205,0.43651,0.53595,63,0.1998,STOPPED,30.432
601,20251013_002802,gaitgl.csv,Best_configs,TCN,42,128,"[160, 192, 224, 256, 320]","[1, 2, 3, 5, 9]",3,2,gelu,True,True,"[None, 0.1, 0.1, 0.1, 0.2]","[True, True, True, True, True]",attention,256.0,96,AdamW,,0.0001,5e-05,L2,0.03,1.0,"[1.0, 3.1864, 1.3333]",0.14128,0.5,153,0.35462,0.42019,26,0.15017,STOPPED,31.893
602,20251013_002802,gaitgl_GREW.csv,Best_configs,TCN,42,256,"[160, 192, 224, 256, 320]","[1, 2, 3, 5, 9]",3,2,gelu,True,True,"[None, 0.1, 0.1, 0.1, 0.2]","[True, True, True, True, True]",attention,256.0,96,AdamW,,0.0001,5e-05,L2,0.03,1.0,"[1.0, 3.1864, 1.3333]",0.13979,0.34091,159,0.27813,0.37797,55,0.1411,STOPPED,34.696
603,20251013_002802,gaitgl_GREW_BNNeck.csv,Best_configs,TCN,42,256,"[160, 192, 224, 256, 320]","[1, 2, 3, 5, 9]",3,2,gelu,True,True,"[None, 0.1, 0.1, 0.1, 0.2]","[True, True, True, True, True]",attention,256.0,96,AdamW,,0.0001,5e-05,L2,0.03,1.0,"[1.0, 3.1864, 1.3333]",0.14463,0.45455,187,0.41925,0.49757,42,0.15513,STOPPED,40.993
604,20251013_002802,gaitgl_OUMVLP.csv,Best_configs,TCN,42,256,"[160, 192, 224, 256, 320]","[1, 2, 3, 5, 9]",3,2,gelu,True,True,"[None, 0.1, 0.1, 0.1, 0.2]","[True, True, True, True, True]",attention,256.0,96,AdamW,,0.0001,5e-05,L2,0.03,1.0,"[1.0, 3.1864, 1.3333]",0.13965,0.38636,210,0.32919,0.42984,96,0.14518,STOPPED,45.842
605,20251013_002802,gaitpart_GREW.csv,Best_configs,TCN,42,256,"[160, 192, 224, 256, 320]","[1, 2, 3, 5, 9]",3,2,gelu,True,True,"[None, 0.1, 0.1, 0.1, 0.2]","[True, True, True, True, True]",attention,256.0,96,AdamW,,0.0001,5e-05,L2,0.03,1.0,"[1.0, 3.1864, 1.3333]",0.13965,0.47727,210,0.42849,0.51651,122,0.14387,STOPPED,25.167
606,20251013_002802,gaitpart_OUMVLP.csv,Best_configs,TCN,42,256,"[160, 192, 224, 256, 320]","[1, 2, 3, 5, 9]",3,2,gelu,True,True,"[None, 0.1, 0.1, 0.1, 0.2]","[True, True, True, True, True]",attention,256.0,96,AdamW,,0.0001,5e-05,L2,0.03,1.0,"[1.0, 3.1864, 1.3333]",0.14055,0.52273,345,0.44314,0.57406,209,0.14452,STOPPED,41.396
607,20251013_002802,gaitset.csv,Best_configs,TCN,42,256,"[160, 192, 224, 256, 320]","[1, 2, 3, 5, 9]",3,2,gelu,True,True,"[None, 0.1, 0.1, 0.1, 0.2]","[True, True, True, True, True]",attention,256.0,96,AdamW,,0.0001,5e-05,L2,0.03,1.0,"[1.0, 3.1864, 1.3333]",0.14003,0.52273,161,0.37075,0.5224,144,0.14603,STOPPED,34.462
608,20251013_002802,gaitset_GREW.csv,Best_configs,TCN,42,256,"[160, 192, 224, 256, 320]","[1, 2, 3, 5, 9]",3,2,gelu,True,True,"[None, 0.1, 0.1, 0.1, 0.2]","[True, True, True, True, True]",attention,256.0,96,AdamW,,0.0001,5e-05,L2,0.03,1.0,"[1.0, 3.1864, 1.3333]",0.13988,0.56818,202,0.47672,0.57629,98,0.14113,STOPPED,43.003
609,20251013_002802,gaitset_OUMVLP.csv,Best_configs,TCN,42,256,"[160, 192, 224, 256, 320]","[1, 2, 3, 5, 9]",3,2,gelu,True,True,"[None, 0.1, 0.1, 0.1, 0.2]","[True, True, True, True, True]",attention,256.0,96,AdamW,,0.0001,5e-05,L2,0.03,1.0,"[1.0, 3.1864, 1.3333]",0.14136,0.40909,328,0.39094,0.48861,274,0.14252,STOPPED,70.015
610,20251013_002802,gln_phase1.csv,Best_configs,TCN,42,256,"[160, 192, 224, 256, 320]","[1, 2, 3, 5, 9]",3,2,gelu,True,True,"[None, 0.1, 0.1, 0.1, 0.2]","[True, True, True, True, True]",attention,256.0,96,AdamW,,0.0001,5e-05,L2,0.03,1.0,"[1.0, 3.1864, 1.3333]",0.13974,0.43182,204,0.31495,0.49145,52,0.18741,STOPPED,58.644
611,20251013_002802,gln_phase2.csv,Best_configs,TCN,42,256,"[160, 192, 224, 256, 320]","[1, 2, 3, 5, 9]",3,2,gelu,True,True,"[None, 0.1, 0.1, 0.1, 0.2]","[True, True, True, True, True]",attention,256.0,96,AdamW,,0.0001,5e-05,L2,0.03,1.0,"[1.0, 3.1864, 1.3333]",0.14051,0.56818,150,0.4733,0.57778,90,0.14023,STOPPED,43.312

612,20251013_002802,baseline_CASIAB.csv,Best_configs,TCN,42,256,"[256, 256, 256, 256]","[1, 2, 4, 8]",7,2,gelu,True,True,"[0.1, 0.1, 0.1, 0.1]","[True, True, True, True]",mean,128.0,128,AdamW,,0.0002,5e-05,L2,0.03,1.0,"[1.0, 3.1864, 1.3333]",0.14023,0.52273,280,0.44821,0.49812,130,0.1448,STOPPED,46.825
613,20251013_002802,baseline_OUMVLP.csv,Best_configs,TCN,42,256,"[256, 256, 256, 256]","[1, 2, 4, 8]",7,2,gelu,True,True,"[0.1, 0.1, 0.1, 0.1]","[True, True, True, True]",mean,128.0,128,AdamW,,0.0002,5e-05,L2,0.03,1.0,"[1.0, 3.1864, 1.3333]",0.13957,0.43182,396,0.36751,0.48275,112,0.29105,STOPPED,66.118
614,20251013_002802,gaitgl.csv,Best_configs,TCN,42,128,"[256, 256, 256, 256]","[1, 2, 4, 8]",7,2,gelu,True,True,"[0.1, 0.1, 0.1, 0.1]","[True, True, True, True]",mean,128.0,128,AdamW,,0.0002,5e-05,L2,0.03,1.0,"[1.0, 3.1864, 1.3333]",0.13986,0.47727,236,0.34028,0.40269,45,0.3279,STOPPED,66.002
615,20251013_002802,gaitgl_GREW.csv,Best_configs,TCN,42,256,"[256, 256, 256, 256]","[1, 2, 4, 8]",7,2,gelu,True,True,"[0.1, 0.1, 0.1, 0.1]","[True, True, True, True]",mean,128.0,128,AdamW,,0.0002,5e-05,L2,0.03,1.0,"[1.0, 3.1864, 1.3333]",0.14011,0.54545,192,0.37203,0.39158,72,0.15367,STOPPED,55.838
616,20251013_002802,gaitgl_GREW_BNNeck.csv,Best_configs,TCN,42,256,"[256, 256, 256, 256]","[1, 2, 4, 8]",7,2,gelu,True,True,"[0.1, 0.1, 0.1, 0.1]","[True, True, True, True]",mean,128.0,128,AdamW,,0.0002,5e-05,L2,0.03,1.0,"[1.0, 3.1864, 1.3333]",0.13971,0.43182,313,0.36213,0.45,108,0.15794,STOPPED,90.789
617,20251013_002802,gaitgl_OUMVLP.csv,Best_configs,TCN,42,256,"[256, 256, 256, 256]","[1, 2, 4, 8]",7,2,gelu,True,True,"[0.1, 0.1, 0.1, 0.1]","[True, True, True, True]",mean,128.0,128,AdamW,,0.0002,5e-05,L2,0.03,1.0,"[1.0, 3.1864, 1.3333]",0.13982,0.43182,364,0.37083,0.46667,256,0.14183,STOPPED,105.71
618,20251013_002802,gaitpart_GREW.csv,Best_configs,TCN,42,256,"[256, 256, 256, 256]","[1, 2, 4, 8]",7,2,gelu,True,True,"[0.1, 0.1, 0.1, 0.1]","[True, True, True, True]",mean,128.0,128,AdamW,,0.0002,5e-05,L2,0.03,1.0,"[1.0, 3.1864, 1.3333]",0.13999,0.45455,363,0.43261,0.59406,128,0.24617,STOPPED,39.025
619,20251013_002802,gaitpart_OUMVLP.csv,Best_configs,TCN,42,256,"[256, 256, 256, 256]","[1, 2, 4, 8]",7,2,gelu,True,True,"[0.1, 0.1, 0.1, 0.1]","[True, True, True, True]",mean,128.0,128,AdamW,,0.0002,5e-05,L2,0.03,1.0,"[1.0, 3.1864, 1.3333]",0.20583,0.54545,599,0.47324,0.59241,458,0.15366,STOPPED,64.555
620,20251013_002802,gaitset.csv,Best_configs,TCN,42,256,"[256, 256, 256, 256]","[1, 2, 4, 8]",7,2,gelu,True,True,"[0.1, 0.1, 0.1, 0.1]","[True, True, True, True]",mean,128.0,128,AdamW,,0.0002,5e-05,L2,0.03,1.0,"[1.0, 3.1864, 1.3333]",0.13978,0.38636,302,0.25302,0.31347,95,0.18915,STOPPED,85.349
621,20251013_002802,gaitset_GREW.csv,Best_configs,TCN,42,256,"[256, 256, 256, 256]","[1, 2, 4, 8]",7,2,gelu,True,True,"[0.1, 0.1, 0.1, 0.1]","[True, True, True, True]",mean,128.0,128,AdamW,,0.0002,5e-05,L2,0.03,1.0,"[1.0, 3.1864, 1.3333]",0.13992,0.56818,316,0.40877,0.45581,116,0.23138,STOPPED,89.391
622,20251013_002802,gaitset_OUMVLP.csv,Best_configs,TCN,42,256,"[256, 256, 256, 256]","[1, 2, 4, 8]",7,2,gelu,True,True,"[0.1, 0.1, 0.1, 0.1]","[True, True, True, True]",mean,128.0,128,AdamW,,0.0002,5e-05,L2,0.03,1.0,"[1.0, 3.1864, 1.3333]",0.14392,0.43182,670,0.40712,0.51073,630,0.14139,STOPPED,189.464
623,20251013_002802,gln_phase1.csv,Best_configs,TCN,42,256,"[256, 256, 256, 256]","[1, 2, 4, 8]",7,2,gelu,True,True,"[0.1, 0.1, 0.1, 0.1]","[True, True, True, True]",mean,128.0,128,AdamW,,0.0002,5e-05,L2,0.03,1.0,"[1.0, 3.1864, 1.3333]",0.14132,0.56818,226,0.48122,0.55263,153,0.15801,STOPPED,71.386
624,20251013_002802,gln_phase2.csv,Best_configs,TCN,42,256,"[256, 256, 256, 256]","[1, 2, 4, 8]",7,2,gelu,True,True,"[0.1, 0.1, 0.1, 0.1]","[True, True, True, True]",mean,128.0,128,AdamW,,0.0002,5e-05,L2,0.03,1.0,"[1.0, 3.1864, 1.3333]",0.14347,0.56818,237,0.47784,0.53584,117,0.21208,STOPPED,75.175

625,20251013_002802,baseline_CASIAB.csv,Best_configs,TCN,42,256,"[160, 192]","[1, 2]",7,1,gelu,False,True,"[0.2, 0.3]","[False, True]",max,,96,AdamW,,0.0001,5e-05,L2,0.03,1.0,"[1.0, 3.1864, 1.3333]",0.1462,0.5,571,0.45198,0.51999,412,0.14808,STOPPED,34.91
626,20251013_002802,baseline_OUMVLP.csv,Best_configs,TCN,42,256,"[160, 192]","[1, 2]",7,1,gelu,False,True,"[0.2, 0.3]","[False, True]",max,,96,AdamW,,0.0001,5e-05,L2,0.03,1.0,"[1.0, 3.1864, 1.3333]",0.14929,0.43182,585,0.37249,0.59167,223,0.23213,STOPPED,35.836
627,20251013_002802,gaitgl.csv,Best_configs,TCN,42,128,"[160, 192]","[1, 2]",7,1,gelu,False,True,"[0.2, 0.3]","[False, True]",max,,96,AdamW,,0.0001,5e-05,L2,0.03,1.0,"[1.0, 3.1864, 1.3333]",0.14664,0.47727,480,0.34921,0.41777,76,0.18934,STOPPED,35.335
628,20251013_002802,gaitgl_GREW.csv,Best_configs,TCN,42,256,"[160, 192]","[1, 2]",7,1,gelu,False,True,"[0.2, 0.3]","[False, True]",max,,96,AdamW,,0.0001,5e-05,L2,0.03,1.0,"[1.0, 3.1864, 1.3333]",0.14525,0.43182,384,0.38492,0.42984,295,0.14717,STOPPED,32.176
629,20251013_002802,gaitgl_GREW_BNNeck.csv,Best_configs,TCN,42,256,"[160, 192]","[1, 2]",7,1,gelu,False,True,"[0.2, 0.3]","[False, True]",max,,96,AdamW,,0.0001,5e-05,L2,0.03,1.0,"[1.0, 3.1864, 1.3333]",0.15486,0.45455,453,0.37834,0.43499,111,0.20234,STOPPED,37.899
630,20251013_002802,gaitgl_OUMVLP.csv,Best_configs,TCN,42,256,"[160, 192]","[1, 2]",7,1,gelu,False,True,"[0.2, 0.3]","[False, True]",max,,96,AdamW,,0.0001,5e-05,L2,0.03,1.0,"[1.0, 3.1864, 1.3333]",0.1506,0.47727,504,0.37799,0.50035,202,0.23719,STOPPED,42.189
631,20251013_002802,gaitpart_GREW.csv,Best_configs,TCN,42,256,"[160, 192]","[1, 2]",7,1,gelu,False,True,"[0.2, 0.3]","[False, True]",max,,96,AdamW,,0.0001,5e-05,L2,0.03,1.0,"[1.0, 3.1864, 1.3333]",0.14716,0.43182,592,0.41484,0.55225,212,0.22026,STOPPED,30.232
632,20251013_002802,gaitpart_OUMVLP.csv,Best_configs,TCN,42,256,"[160, 192]","[1, 2]",7,1,gelu,False,True,"[0.2, 0.3]","[False, True]",max,,96,AdamW,,0.0001,5e-05,L2,0.03,1.0,"[1.0, 3.1864, 1.3333]",0.16237,0.40909,865,0.40598,0.50029,658,0.18358,STOPPED,44.434
633,20251013_002802,gaitset.csv,Best_configs,TCN,42,256,"[160, 192]","[1, 2]",7,1,gelu,False,True,"[0.2, 0.3]","[False, True]",max,,96,AdamW,,0.0001,5e-05,L2,0.03,1.0,"[1.0, 3.1864, 1.3333]",0.15194,0.43182,285,0.31352,0.40031,162,0.16393,STOPPED,23.621
634,20251013_002802,gaitset_GREW.csv,Best_configs,TCN,42,256,"[160, 192]","[1, 2]",7,1,gelu,False,True,"[0.2, 0.3]","[False, True]",max,,96,AdamW,,0.0001,5e-05,L2,0.03,1.0,"[1.0, 3.1864, 1.3333]",0.14817,0.54545,554,0.49079,0.50971,234,0.16136,STOPPED,46.013
635,20251013_002802,gaitset_OUMVLP.csv,Best_configs,TCN,42,256,"[160, 192]","[1, 2]",7,1,gelu,False,True,"[0.2, 0.3]","[False, True]",max,,96,AdamW,,0.0001,5e-05,L2,0.03,1.0,"[1.0, 3.1864, 1.3333]",0.19183,0.40909,1006,0.34325,0.61557,968,0.16583,STOPPED,84.192
636,20251013_002802,gln_phase1.csv,Best_configs,TCN,42,256,"[160, 192]","[1, 2]",7,1,gelu,False,True,"[0.2, 0.3]","[False, True]",max,,96,AdamW,,0.0001,5e-05,L2,0.03,1.0,"[1.0, 3.1864, 1.3333]",0.15202,0.5,383,0.36015,0.52923,362,0.14978,STOPPED,40.211
637,20251013_002802,gln_phase2.csv,Best_configs,TCN,42,256,"[160, 192]","[1, 2]",7,1,gelu,False,True,"[0.2, 0.3]","[False, True]",max,,96,AdamW,,0.0001,5e-05,L2,0.03,1.0,"[1.0, 3.1864, 1.3333]",0.14858,0.59091,409,0.53743,0.64447,404,0.14881,STOPPED,42.779

651,20251013_002802,baseline_CASIAB.csv,Best_configs,TCN,42,256,"[128, 160, 192, 224]","[1, 2, 3, 5]",7,1,gelu,False,True,"[None, 0.1, 0.1, 0.2]","[False, False, True, True]",max,,96,AdamW,,0.0002,1e-05,L2,0.03,1.0,"[1.0, 3.1864, 1.3333]",0.14783,0.5,244,0.45469,0.49304,241,0.14647,STOPPED,20.25
652,20251013_002802,baseline_OUMVLP.csv,Best_configs,TCN,42,256,"[128, 160, 192, 224]","[1, 2, 3, 5]",7,1,gelu,False,True,"[None, 0.1, 0.1, 0.2]","[False, False, True, True]",max,,96,AdamW,,0.0002,1e-05,L2,0.03,1.0,"[1.0, 3.1864, 1.3333]",0.14722,0.52273,315,0.49122,0.53398,79,0.20374,STOPPED,26.019
653,20251013_002802,gaitgl.csv,Best_configs,TCN,42,128,"[128, 160, 192, 224]","[1, 2, 3, 5]",7,1,gelu,False,True,"[None, 0.1, 0.1, 0.2]","[False, False, True, True]",max,,96,AdamW,,0.0002,1e-05,L2,0.03,1.0,"[1.0, 3.1864, 1.3333]",0.14569,0.45455,213,0.4,0.53957,195,0.14634,STOPPED,23.318
654,20251013_002802,gaitgl_GREW.csv,Best_configs,TCN,42,256,"[128, 160, 192, 224]","[1, 2, 3, 5]",7,1,gelu,False,True,"[None, 0.1, 0.1, 0.2]","[False, False, True, True]",max,,96,AdamW,,0.0002,1e-05,L2,0.03,1.0,"[1.0, 3.1864, 1.3333]",0.14396,0.47727,377,0.40606,0.50245,354,0.14328,STOPPED,45.648
655,20251013_002802,gaitgl_GREW_BNNeck.csv,Best_configs,TCN,42,256,"[128, 160, 192, 224]","[1, 2, 3, 5]",7,1,gelu,False,True,"[None, 0.1, 0.1, 0.2]","[False, False, True, True]",max,,96,AdamW,,0.0002,1e-05,L2,0.03,1.0,"[1.0, 3.1864, 1.3333]",0.14613,0.43182,423,0.36854,0.51975,83,0.15617,STOPPED,51.334
656,20251013_002802,gaitgl_OUMVLP.csv,Best_configs,TCN,42,256,"[128, 160, 192, 224]","[1, 2, 3, 5]",7,1,gelu,False,True,"[None, 0.1, 0.1, 0.2]","[False, False, True, True]",max,,96,AdamW,,0.0002,1e-05,L2,0.03,1.0,"[1.0, 3.1864, 1.3333]",0.145,0.5,417,0.36364,0.5659,397,0.14348,STOPPED,50.909
657,20251013_002802,gaitpart_GREW.csv,Best_configs,TCN,42,256,"[128, 160, 192, 224]","[1, 2, 3, 5]",7,1,gelu,False,True,"[None, 0.1, 0.1, 0.2]","[False, False, True, True]",max,,96,AdamW,,0.0002,1e-05,L2,0.03,1.0,"[1.0, 3.1864, 1.3333]",0.15441,0.5,271,0.40208,0.53898,112,0.20614,STOPPED,18.527
658,20251013_002802,gaitpart_OUMVLP.csv,Best_configs,TCN,42,256,"[128, 160, 192, 224]","[1, 2, 3, 5]",7,1,gelu,False,True,"[None, 0.1, 0.1, 0.2]","[False, False, True, True]",max,,96,AdamW,,0.0002,1e-05,L2,0.03,1.0,"[1.0, 3.1864, 1.3333]",0.1445,0.45455,630,0.42442,0.62633,385,0.16334,STOPPED,43.226
659,20251013_002802,gaitset.csv,Best_configs,TCN,42,256,"[128, 160, 192, 224]","[1, 2, 3, 5]",7,1,gelu,False,True,"[None, 0.1, 0.1, 0.2]","[False, False, True, True]",max,,96,AdamW,,0.0002,1e-05,L2,0.03,1.0,"[1.0, 3.1864, 1.3333]",0.14676,0.43182,210,0.34618,0.40067,72,0.15555,STOPPED,25.316
660,20251013_002802,gaitset_GREW.csv,Best_configs,TCN,42,256,"[128, 160, 192, 224]","[1, 2, 3, 5]",7,1,gelu,False,True,"[None, 0.1, 0.1, 0.2]","[False, False, True, True]",max,,96,AdamW,,0.0002,1e-05,L2,0.03,1.0,"[1.0, 3.1864, 1.3333]",0.14662,0.43182,371,0.37627,0.45841,250,0.14575,STOPPED,44.858
661,20251013_002802,gaitset_OUMVLP.csv,Best_configs,TCN,42,256,"[128, 160, 192, 224]","[1, 2, 3, 5]",7,1,gelu,False,True,"[None, 0.1, 0.1, 0.2]","[False, False, True, True]",max,,96,AdamW,,0.0002,1e-05,L2,0.03,1.0,"[1.0, 3.1864, 1.3333]",0.17935,0.45455,584,0.2954,0.55,564,0.15009,STOPPED,70.639
662,20251013_002802,gln_phase1.csv,Best_configs,TCN,42,256,"[128, 160, 192, 224]","[1, 2, 3, 5]",7,1,gelu,False,True,"[None, 0.1, 0.1, 0.2]","[False, False, True, True]",max,,96,AdamW,,0.0002,1e-05,L2,0.03,1.0,"[1.0, 3.1864, 1.3333]",0.14447,0.54545,313,0.48673,0.54585,288,0.14583,STOPPED,48.067
663,20251013_002802,gln_phase2.csv,Best_configs,TCN,42,256,"[128, 160, 192, 224]","[1, 2, 3, 5]",7,1,gelu,False,True,"[None, 0.1, 0.1, 0.2]","[False, False, True, True]",max,,96,AdamW,,0.0002,1e-05,L2,0.03,1.0,"[1.0, 3.1864, 1.3333]",0.14687,0.47727,291,0.45847,0.54946,174,0.14855,STOPPED,44.514

664,20251013_002802,baseline_CASIAB.csv,Best_configs,TCN,42,256,"[224, 224]","[1, 3]",9,1,prelu,False,True,"[0.2, 0.2]","[False, True]",mean,,96,AdamW,,0.0001,5e-05,L2,0.03,1.0,"[1.0, 3.1864, 1.3333]",0.14381,0.54545,575,0.45004,0.51836,522,0.14712,STOPPED,42.174
665,20251013_002802,baseline_OUMVLP.csv,Best_configs,TCN,42,256,"[224, 224]","[1, 3]",9,1,prelu,False,True,"[0.2, 0.2]","[False, True]",mean,,96,AdamW,,0.0001,5e-05,L2,0.03,1.0,"[1.0, 3.1864, 1.3333]",0.15165,0.31818,723,0.31518,0.53413,581,0.21737,STOPPED,53.23
666,20251013_002802,gaitgl.csv,Best_configs,TCN,42,128,"[224, 224]","[1, 3]",9,1,prelu,False,True,"[0.2, 0.2]","[False, True]",mean,,96,AdamW,,0.0001,5e-05,L2,0.03,1.0,"[1.0, 3.1864, 1.3333]",0.14604,0.43182,397,0.29932,0.37846,173,0.25653,STOPPED,37.603
667,20251013_002802,gaitgl_GREW.csv,Best_configs,TCN,42,256,"[224, 224]","[1, 3]",9,1,prelu,False,True,"[0.2, 0.2]","[False, True]",mean,,96,AdamW,,0.0001,5e-05,L2,0.03,1.0,"[1.0, 3.1864, 1.3333]",0.1421,0.47727,379,0.44541,0.49575,302,0.1452,STOPPED,40.04
668,20251013_002802,gaitgl_GREW_BNNeck.csv,Best_configs,TCN,42,256,"[224, 224]","[1, 3]",9,1,prelu,False,True,"[0.2, 0.2]","[False, True]",mean,,96,AdamW,,0.0001,5e-05,L2,0.03,1.0,"[1.0, 3.1864, 1.3333]",0.17253,0.29545,502,0.26416,0.42701,496,0.1523,STOPPED,52.738
669,20251013_002802,gaitgl_OUMVLP.csv,Best_configs,TCN,42,256,"[224, 224]","[1, 3]",9,1,prelu,False,True,"[0.2, 0.2]","[False, True]",mean,,96,AdamW,,0.0001,5e-05,L2,0.03,1.0,"[1.0, 3.1864, 1.3333]",0.1501,0.47727,805,0.41568,0.56053,725,0.16009,STOPPED,84.784
670,20251013_002802,gaitpart_GREW.csv,Best_configs,TCN,42,256,"[224, 224]","[1, 3]",9,1,prelu,False,True,"[0.2, 0.2]","[False, True]",mean,,96,AdamW,,0.0001,5e-05,L2,0.03,1.0,"[1.0, 3.1864, 1.3333]",0.14529,0.5,591,0.44739,0.55707,200,0.29927,STOPPED,36.334
671,20251013_002802,gaitpart_OUMVLP.csv,Best_configs,TCN,42,256,"[224, 224]","[1, 3]",9,1,prelu,False,True,"[0.2, 0.2]","[False, True]",mean,,96,AdamW,,0.0001,5e-05,L2,0.03,1.0,"[1.0, 3.1864, 1.3333]",0.17427,0.5,723,0.47229,0.52688,570,0.24033,STOPPED,44.336
672,20251013_002802,gaitset.csv,Best_configs,TCN,42,256,"[224, 224]","[1, 3]",9,1,prelu,False,True,"[0.2, 0.2]","[False, True]",mean,,96,AdamW,,0.0001,5e-05,L2,0.03,1.0,"[1.0, 3.1864, 1.3333]",0.14659,0.36364,502,0.33819,0.41721,494,0.14362,STOPPED,51.68
673,20251013_002802,gaitset_GREW.csv,Best_configs,TCN,42,256,"[224, 224]","[1, 3]",9,1,prelu,False,True,"[0.2, 0.2]","[False, True]",mean,,96,AdamW,,0.0001,5e-05,L2,0.03,1.0,"[1.0, 3.1864, 1.3333]",0.14778,0.52273,535,0.40952,0.50926,303,0.19028,STOPPED,55.266
674,20251013_002802,gaitset_OUMVLP.csv,Best_configs,TCN,42,256,"[224, 224]","[1, 3]",9,1,prelu,False,True,"[0.2, 0.2]","[False, True]",mean,,96,AdamW,,0.0001,5e-05,L2,0.03,1.0,"[1.0, 3.1864, 1.3333]",0.30962,0.45455,784,0.35944,0.43857,783,0.33087,STOPPED,81.186
675,20251013_002802,gln_phase1.csv,Best_configs,TCN,42,256,"[224, 224]","[1, 3]",9,1,prelu,False,True,"[0.2, 0.2]","[False, True]",mean,,96,AdamW,,0.0001,5e-05,L2,0.03,1.0,"[1.0, 3.1864, 1.3333]",0.14663,0.40909,634,0.39436,0.55722,574,0.1656,STOPPED,87.021
676,20251013_002802,gln_phase2.csv,Best_configs,TCN,42,256,"[224, 224]","[1, 3]",9,1,prelu,False,True,"[0.2, 0.2]","[False, True]",mean,,96,AdamW,,0.0001,5e-05,L2,0.03,1.0,"[1.0, 3.1864, 1.3333]",0.1457,0.38636,556,0.37817,0.49022,441,0.15178,STOPPED,76.793

677,20251013_002802,baseline_CASIAB.csv,Best_configs,TCN,42,256,"[192, 256, 320]","[1, 2, 4]",9,2,gelu,True,True,"[0.1, 0.1, 0.2]","[True, True, True]",attention,256.0,96,AdamW,,0.0002,5e-05,L2,0.03,1.0,"[1.0, 3.1864, 1.3333]",0.13997,0.45455,241,0.38391,0.50855,50,0.15922,STOPPED,38.091
678,20251013_002802,baseline_OUMVLP.csv,Best_configs,TCN,42,256,"[192, 256, 320]","[1, 2, 4]",9,2,gelu,True,True,"[0.1, 0.1, 0.2]","[True, True, True]",attention,256.0,96,AdamW,,0.0002,5e-05,L2,0.03,1.0,"[1.0, 3.1864, 1.3333]",0.13966,0.52273,288,0.50388,0.58171,119,0.14469,STOPPED,45.219
679,20251013_002802,gaitgl.csv,Best_configs,TCN,42,128,"[192, 256, 320]","[1, 2, 4]",9,2,gelu,True,True,"[0.1, 0.1, 0.2]","[True, True, True]",attention,256.0,96,AdamW,,0.0002,5e-05,L2,0.03,1.0,"[1.0, 3.1864, 1.3333]",0.14012,0.47727,133,0.33586,0.45023,24,0.15449,STOPPED,33.764
680,20251013_002802,gaitgl_GREW.csv,Best_configs,TCN,42,256,"[192, 256, 320]","[1, 2, 4]",9,2,gelu,True,True,"[0.1, 0.1, 0.2]","[True, True, True]",attention,256.0,96,AdamW,,0.0002,5e-05,L2,0.03,1.0,"[1.0, 3.1864, 1.3333]",0.14029,0.52273,128,0.36963,0.565,52,0.14064,STOPPED,34.106
681,20251013_002802,gaitgl_GREW_BNNeck.csv,Best_configs,TCN,42,256,"[192, 256, 320]","[1, 2, 4]",9,2,gelu,True,True,"[0.1, 0.1, 0.2]","[True, True, True]",attention,256.0,96,AdamW,,0.0002,5e-05,L2,0.03,1.0,"[1.0, 3.1864, 1.3333]",0.14051,0.38636,190,0.29229,0.45189,76,0.14706,STOPPED,50.467
682,20251013_002802,gaitgl_OUMVLP.csv,Best_configs,TCN,42,256,"[192, 256, 320]","[1, 2, 4]",9,2,gelu,True,True,"[0.1, 0.1, 0.2]","[True, True, True]",attention,256.0,96,AdamW,,0.0002,5e-05,L2,0.03,1.0,"[1.0, 3.1864, 1.3333]",0.14004,0.61364,157,0.5417,0.56548,35,0.31086,STOPPED,41.935
683,20251013_002802,gaitpart_GREW.csv,Best_configs,TCN,42,256,"[192, 256, 320]","[1, 2, 4]",9,2,gelu,True,True,"[0.1, 0.1, 0.2]","[True, True, True]",attention,256.0,96,AdamW,,0.0002,5e-05,L2,0.03,1.0,"[1.0, 3.1864, 1.3333]",0.14043,0.5,264,0.41477,0.53618,64,0.27742,STOPPED,29.467
684,20251013_002802,gaitpart_OUMVLP.csv,Best_configs,TCN,42,256,"[192, 256, 320]","[1, 2, 4]",9,2,gelu,True,True,"[0.1, 0.1, 0.2]","[True, True, True]",attention,256.0,96,AdamW,,0.0002,5e-05,L2,0.03,1.0,"[1.0, 3.1864, 1.3333]",0.14036,0.52273,386,0.39386,0.59829,303,0.14217,STOPPED,42.782
685,20251013_002802,gaitset.csv,Best_configs,TCN,42,256,"[192, 256, 320]","[1, 2, 4]",9,2,gelu,True,True,"[0.1, 0.1, 0.2]","[True, True, True]",attention,256.0,96,AdamW,,0.0002,5e-05,L2,0.03,1.0,"[1.0, 3.1864, 1.3333]",0.14009,0.29545,161,0.22269,0.30646,47,0.15485,STOPPED,42.054
686,20251013_002802,gaitset_GREW.csv,Best_configs,TCN,42,256,"[192, 256, 320]","[1, 2, 4]",9,2,gelu,True,True,"[0.1, 0.1, 0.2]","[True, True, True]",attention,256.0,96,AdamW,,0.0002,5e-05,L2,0.03,1.0,"[1.0, 3.1864, 1.3333]",0.13983,0.40909,148,0.32917,0.4588,55,0.1818,STOPPED,38.728
687,20251013_002802,gaitset_OUMVLP.csv,Best_configs,TCN,42,256,"[192, 256, 320]","[1, 2, 4]",9,2,gelu,True,True,"[0.1, 0.1, 0.2]","[True, True, True]",attention,256.0,96,AdamW,,0.0002,5e-05,L2,0.03,1.0,"[1.0, 3.1864, 1.3333]",0.14582,0.52273,373,0.49044,0.55192,364,0.22528,STOPPED,97.655
688,20251013_002802,gln_phase1.csv,Best_configs,TCN,42,256,"[192, 256, 320]","[1, 2, 4]",9,2,gelu,True,True,"[0.1, 0.1, 0.2]","[True, True, True]",attention,256.0,96,AdamW,,0.0002,5e-05,L2,0.03,1.0,"[1.0, 3.1864, 1.3333]",0.14029,0.54545,198,0.46016,0.56337,45,0.31478,STOPPED,66.446
689,20251013_002802,gln_phase2.csv,Best_configs,TCN,42,256,"[192, 256, 320]","[1, 2, 4]",9,2,gelu,True,True,"[0.1, 0.1, 0.2]","[True, True, True]",attention,256.0,96,AdamW,,0.0002,5e-05,L2,0.03,1.0,"[1.0, 3.1864, 1.3333]",0.1399,0.56818,172,0.5098,0.59332,46,0.17701,STOPPED,57.564

703,20251013_002802,baseline_CASIAB.csv,Best_configs,TCN,42,256,"[256, 320]","[1, 2]",11,1,silu,False,True,"[0.1, 0.2]","[False, True]",max,,96,AdamW,,0.0001,5e-05,L2,0.03,1.0,"[1.0, 3.1864, 1.3333]",0.1471,0.5,258,0.42514,0.55004,196,0.14744,STOPPED,22.245
704,20251013_002802,baseline_OUMVLP.csv,Best_configs,TCN,42,256,"[256, 320]","[1, 2]",11,1,silu,False,True,"[0.1, 0.2]","[False, True]",max,,96,AdamW,,0.0001,5e-05,L2,0.03,1.0,"[1.0, 3.1864, 1.3333]",0.14653,0.56818,391,0.50728,0.57896,220,0.15278,STOPPED,33.484
705,20251013_002802,gaitgl.csv,Best_configs,TCN,42,128,"[256, 320]","[1, 2]",11,1,silu,False,True,"[0.1, 0.2]","[False, True]",max,,96,AdamW,,0.0001,5e-05,L2,0.03,1.0,"[1.0, 3.1864, 1.3333]",0.1445,0.43182,172,0.3743,0.52638,171,0.14445,STOPPED,20.4
706,20251013_002802,gaitgl_GREW.csv,Best_configs,TCN,42,256,"[256, 320]","[1, 2]",11,1,silu,False,True,"[0.1, 0.2]","[False, True]",max,,96,AdamW,,0.0001,5e-05,L2,0.03,1.0,"[1.0, 3.1864, 1.3333]",0.14443,0.45455,150,0.41283,0.52734,72,0.14954,STOPPED,19.657
707,20251013_002802,gaitgl_GREW_BNNeck.csv,Best_configs,TCN,42,256,"[256, 320]","[1, 2]",11,1,silu,False,True,"[0.1, 0.2]","[False, True]",max,,96,AdamW,,0.0001,5e-05,L2,0.03,1.0,"[1.0, 3.1864, 1.3333]",0.14468,0.40909,406,0.3532,0.43492,131,0.15266,STOPPED,52.864
708,20251013_002802,gaitgl_OUMVLP.csv,Best_configs,TCN,42,256,"[256, 320]","[1, 2]",11,1,silu,False,True,"[0.1, 0.2]","[False, True]",max,,96,AdamW,,0.0001,5e-05,L2,0.03,1.0,"[1.0, 3.1864, 1.3333]",0.14607,0.40909,397,0.3807,0.53093,262,0.15549,STOPPED,51.866
709,20251013_002802,gaitpart_GREW.csv,Best_configs,TCN,42,256,"[256, 320]","[1, 2]",11,1,silu,False,True,"[0.1, 0.2]","[False, True]",max,,96,AdamW,,0.0001,5e-05,L2,0.03,1.0,"[1.0, 3.1864, 1.3333]",0.1456,0.52273,524,0.5039,0.57576,303,0.15817,STOPPED,34.323
710,20251013_002802,gaitpart_OUMVLP.csv,Best_configs,TCN,42,256,"[256, 320]","[1, 2]",11,1,silu,False,True,"[0.1, 0.2]","[False, True]",max,,96,AdamW,,0.0001,5e-05,L2,0.03,1.0,"[1.0, 3.1864, 1.3333]",0.16132,0.56818,697,0.47802,0.54441,619,0.16624,STOPPED,46.032
711,20251013_002802,gaitset.csv,Best_configs,TCN,42,256,"[256, 320]","[1, 2]",11,1,silu,False,True,"[0.1, 0.2]","[False, True]",max,,96,AdamW,,0.0001,5e-05,L2,0.03,1.0,"[1.0, 3.1864, 1.3333]",0.14523,0.40909,328,0.34463,0.40684,138,0.15143,STOPPED,42.74
712,20251013_002802,gaitset_GREW.csv,Best_configs,TCN,42,256,"[256, 320]","[1, 2]",11,1,silu,False,True,"[0.1, 0.2]","[False, True]",max,,96,AdamW,,0.0001,5e-05,L2,0.03,1.0,"[1.0, 3.1864, 1.3333]",0.15086,0.54545,324,0.45072,0.5278,238,0.14755,STOPPED,41.826
713,20251013_002802,gaitset_OUMVLP.csv,Best_configs,TCN,42,256,"[256, 320]","[1, 2]",11,1,silu,False,True,"[0.1, 0.2]","[False, True]",max,,96,AdamW,,0.0001,5e-05,L2,0.03,1.0,"[1.0, 3.1864, 1.3333]",0.20586,0.54545,719,0.3956,0.53019,629,0.15959,STOPPED,92.585
714,20251013_002802,gln_phase1.csv,Best_configs,TCN,42,256,"[256, 320]","[1, 2]",11,1,silu,False,True,"[0.1, 0.2]","[False, True]",max,,96,AdamW,,0.0001,5e-05,L2,0.03,1.0,"[1.0, 3.1864, 1.3333]",0.14904,0.54545,403,0.39921,0.57813,216,0.14619,STOPPED,70.541
715,20251013_002802,gln_phase2.csv,Best_configs,TCN,42,256,"[256, 320]","[1, 2]",11,1,silu,False,True,"[0.1, 0.2]","[False, True]",max,,96,AdamW,,0.0001,5e-05,L2,0.03,1.0,"[1.0, 3.1864, 1.3333]",0.14705,0.59091,200,0.52292,0.62719,137,0.14841,STOPPED,35.032

716,20251013_002802,baseline_CASIAB.csv,Best_configs,TCN,42,256,"[160, 224, 288]","[1, 2, 4]",7,2,gelu,False,True,"[None, 0.1, 0.2]","[False, True, True]",attention,256.0,96,AdamW,,0.0002,1e-05,L2,0.03,1.0,"[1.0, 3.1864, 1.3333]",0.13985,0.47727,220,0.40091,0.52544,67,0.15598,STOPPED,29.485
717,20251013_002802,baseline_OUMVLP.csv,Best_configs,TCN,42,256,"[160, 224, 288]","[1, 2, 4]",7,2,gelu,False,True,"[None, 0.1, 0.2]","[False, True, True]",attention,256.0,96,AdamW,,0.0002,1e-05,L2,0.03,1.0,"[1.0, 3.1864, 1.3333]",0.14293,0.45455,188,0.32982,0.47804,158,0.19787,STOPPED,25.133
718,20251013_002802,gaitgl.csv,Best_configs,TCN,42,128,"[160, 224, 288]","[1, 2, 4]",7,2,gelu,False,True,"[None, 0.1, 0.2]","[False, True, True]",attention,256.0,96,AdamW,,0.0002,1e-05,L2,0.03,1.0,"[1.0, 3.1864, 1.3333]",0.14115,0.43182,179,0.33926,0.39799,35,0.19077,STOPPED,34.439
719,20251013_002802,gaitgl_GREW.csv,Best_configs,TCN,42,256,"[160, 224, 288]","[1, 2, 4]",7,2,gelu,False,True,"[None, 0.1, 0.2]","[False, True, True]",attention,256.0,96,AdamW,,0.0002,1e-05,L2,0.03,1.0,"[1.0, 3.1864, 1.3333]",0.14004,0.40909,231,0.30654,0.4021,40,0.14587,STOPPED,47.29
720,20251013_002802,gaitgl_GREW_BNNeck.csv,Best_configs,TCN,42,256,"[160, 224, 288]","[1, 2, 4]",7,2,gelu,False,True,"[None, 0.1, 0.2]","[False, True, True]",attention,256.0,96,AdamW,,0.0002,1e-05,L2,0.03,1.0,"[1.0, 3.1864, 1.3333]",0.14016,0.47727,197,0.44258,0.58757,38,0.29134,STOPPED,40.0
721,20251013_002802,gaitgl_OUMVLP.csv,Best_configs,TCN,42,256,"[160, 224, 288]","[1, 2, 4]",7,2,gelu,False,True,"[None, 0.1, 0.2]","[False, True, True]",attention,256.0,96,AdamW,,0.0002,1e-05,L2,0.03,1.0,"[1.0, 3.1864, 1.3333]",0.13969,0.54545,277,0.45148,0.53889,147,0.14131,STOPPED,56.364
722,20251013_002802,gaitpart_GREW.csv,Best_configs,TCN,42,256,"[160, 224, 288]","[1, 2, 4]",7,2,gelu,False,True,"[None, 0.1, 0.2]","[False, True, True]",attention,256.0,96,AdamW,,0.0002,1e-05,L2,0.03,1.0,"[1.0, 3.1864, 1.3333]",0.18828,0.45455,217,0.43653,0.59985,147,0.1518,STOPPED,22.041
723,20251013_002802,gaitpart_OUMVLP.csv,Best_configs,TCN,42,256,"[160, 224, 288]","[1, 2, 4]",7,2,gelu,False,True,"[None, 0.1, 0.2]","[False, True, True]",attention,256.0,96,AdamW,,0.0002,1e-05,L2,0.03,1.0,"[1.0, 3.1864, 1.3333]",0.14018,0.52273,526,0.40404,0.45745,291,0.31987,STOPPED,53.124
724,20251013_002802,gaitset.csv,Best_configs,TCN,42,256,"[160, 224, 288]","[1, 2, 4]",7,2,gelu,False,True,"[None, 0.1, 0.2]","[False, True, True]",attention,256.0,96,AdamW,,0.0002,1e-05,L2,0.03,1.0,"[1.0, 3.1864, 1.3333]",0.14111,0.38636,214,0.33132,0.47364,105,0.14777,STOPPED,42.566
725,20251013_002802,gaitset_GREW.csv,Best_configs,TCN,42,256,"[160, 224, 288]","[1, 2, 4]",7,2,gelu,False,True,"[None, 0.1, 0.2]","[False, True, True]",attention,256.0,96,AdamW,,0.0002,1e-05,L2,0.03,1.0,"[1.0, 3.1864, 1.3333]",0.14015,0.47727,250,0.36822,0.43928,128,0.19312,STOPPED,49.702
726,20251013_002802,gaitset_OUMVLP.csv,Best_configs,TCN,42,256,"[160, 224, 288]","[1, 2, 4]",7,2,gelu,False,True,"[None, 0.1, 0.2]","[False, True, True]",attention,256.0,96,AdamW,,0.0002,1e-05,L2,0.03,1.0,"[1.0, 3.1864, 1.3333]",1.10326,0.47727,116,0.21538,0.21538,116,,STOPPED,22.935
727,20251013_002802,gln_phase1.csv,Best_configs,TCN,42,256,"[160, 224, 288]","[1, 2, 4]",7,2,gelu,False,True,"[None, 0.1, 0.2]","[False, True, True]",attention,256.0,96,AdamW,,0.0002,1e-05,L2,0.03,1.0,"[1.0, 3.1864, 1.3333]",0.14197,0.59091,217,0.40451,0.46641,184,0.14079,STOPPED,58.344
728,20251013_002802,gln_phase2.csv,Best_configs,TCN,42,256,"[160, 224, 288]","[1, 2, 4]",7,2,gelu,False,True,"[None, 0.1, 0.2]","[False, True, True]",attention,256.0,96,AdamW,,0.0002,1e-05,L2,0.03,1.0,"[1.0, 3.1864, 1.3333]",0.13991,0.38636,224,0.36257,0.45964,87,0.14319,STOPPED,60.236
