id,timestamp,target_embedding,source_params,model,seed,channels,dilations,ln_block_end,dropout,num_blocks,kernel_size,convs_per_block,activation,use_weight_norm,wn_on_skip,pooling,fc_hidden,batch_size,optimizer,momentum_sgd,lr,weight_decay,norm,input_dim,train_loss,test_loss,accuracy,f1_macro,f1_per_class,best_accuracy,best_f1,best_f1_per_class,best_epoch,train_loss_best_state,test_loss_best_state,epochs_trained,training,duration_sec
170,20251204_015035,baseline_CASIAB.csv,Preset_v2_1,TCN,42,"[896, 768, 640]","[3, 6, 9]","[False, True, True]","[None, None, None]",3,2,2,leakyrelu,False,False,attention,64.0,96,Adam,,1e-05,2e-06,minmax,256,0.08469,2.09639,0.5,0.46347,"[0.51163, 0.33333, 0.54545]",0.52273,0.51774,"[0.52381, 0.5, 0.52941]",355,0.12684,2.00824,381,COMPLETED,51.078
171,20251204_015035,baseline_OUMVLP.csv,Preset_v2_1,TCN,42,"[896, 768, 640]","[3, 6, 9]","[False, True, True]","[None, None, None]",3,2,2,leakyrelu,False,False,attention,64.0,96,Adam,,1e-05,2e-06,minmax,256,0.09335,1.79774,0.43182,0.37944,"[0.43243, 0.11765, 0.58824]",0.54545,0.4596,"[0.59091, 0.18182, 0.60606]",294,0.26846,1.31925,446,COMPLETED,57.909
172,20251204_015035,gaitgl.csv,Preset_v2_1,TCN,42,"[896, 768, 640]","[3, 6, 9]","[False, True, True]","[None, None, None]",3,2,2,leakyrelu,False,False,attention,64.0,96,Adam,,1e-05,2e-06,minmax,128,0.08355,2.55261,0.36364,0.31018,"[0.46512, 0.14286, 0.32258]",0.45455,0.45589,"[0.43243, 0.46154, 0.47368]",226,0.26975,1.96721,302,COMPLETED,56.282
173,20251204_015035,gaitgl_GREW.csv,Preset_v2_1,TCN,42,"[896, 768, 640]","[3, 6, 9]","[False, True, True]","[None, None, None]",3,2,2,leakyrelu,False,False,attention,64.0,96,Adam,,1e-05,2e-06,minmax,256,0.09524,1.28081,0.5,0.49145,"[0.52632, 0.46154, 0.48649]",0.56818,0.562,"[0.54054, 0.54545, 0.6]",233,0.11362,1.27838,244,COMPLETED,48.168
174,20251204_015035,gaitgl_GREW_BNNeck.csv,Preset_v2_1,TCN,42,"[896, 768, 640]","[3, 6, 9]","[False, True, True]","[None, None, None]",3,2,2,leakyrelu,False,False,attention,64.0,96,Adam,,1e-05,2e-06,minmax,256,1.00676,1.01447,0.47727,0.21538,"[0.64615, 0.0, 0.0]",0.47727,0.21538,"[0.64615, 0.0, 0.0]",124,1.00676,1.01447,124,STOPPED,24.433
175,20251204_015035,gaitgl_OUMVLP.csv,Preset_v2_1,TCN,42,"[896, 768, 640]","[3, 6, 9]","[False, True, True]","[None, None, None]",3,2,2,leakyrelu,False,False,attention,64.0,96,Adam,,1e-05,2e-06,minmax,256,0.07787,2.48567,0.38636,0.33464,"[0.46512, 0.125, 0.41379]",0.45455,0.43232,"[0.36364, 0.4, 0.53333]",573,0.4696,1.73131,706,COMPLETED,139.236
176,20251204_015035,gaitpart_GREW.csv,Preset_v2_1,TCN,42,"[896, 768, 640]","[3, 6, 9]","[False, True, True]","[None, None, None]",3,2,2,leakyrelu,False,False,attention,64.0,96,Adam,,1e-05,2e-06,minmax,256,0.08771,1.82642,0.45455,0.40277,"[0.57778, 0.28571, 0.34483]",0.52273,0.49022,"[0.61905, 0.4, 0.45161]",281,0.19878,1.59904,371,COMPLETED,35.358
177,20251204_015035,gaitpart_OUMVLP.csv,Preset_v2_1,TCN,42,"[896, 768, 640]","[3, 6, 9]","[False, True, True]","[None, None, None]",3,2,2,leakyrelu,False,False,attention,64.0,96,Adam,,1e-05,2e-06,minmax,256,0.17937,2.14962,0.47727,0.45038,"[0.42424, 0.31579, 0.61111]",0.61364,0.56891,"[0.65116, 0.44444, 0.61111]",570,0.39381,1.2369,991,STOPPED,93.78
178,20251204_015035,gaitset.csv,Preset_v2_1,TCN,42,"[896, 768, 640]","[3, 6, 9]","[False, True, True]","[None, None, None]",3,2,2,leakyrelu,False,False,attention,64.0,96,Adam,,1e-05,2e-06,minmax,256,0.0958,1.97614,0.45455,0.34148,"[0.54167, 0.0, 0.48276]",0.54545,0.46528,"[0.58333, 0.25, 0.5625]",173,0.74259,1.07433,382,COMPLETED,73.588
179,20251204_015035,gaitset_GREW.csv,Preset_v2_1,TCN,42,"[896, 768, 640]","[3, 6, 9]","[False, True, True]","[None, None, None]",3,2,2,leakyrelu,False,False,attention,64.0,96,Adam,,1e-05,2e-06,minmax,256,0.08674,2.10692,0.38636,0.28873,"[0.4878, 0.0, 0.37838]",0.54545,0.44349,"[0.66667, 0.25, 0.41379]",374,0.18322,2.00636,389,COMPLETED,74.991
180,20251204_015035,gaitset_OUMVLP.csv,Preset_v2_1,TCN,42,"[896, 768, 640]","[3, 6, 9]","[False, True, True]","[None, None, None]",3,2,2,leakyrelu,False,False,attention,64.0,96,Adam,,1e-05,2e-06,minmax,256,0.08684,1.64386,0.47727,0.40357,"[0.61905, 0.125, 0.46667]",0.63636,0.56235,"[0.7234, 0.36364, 0.6]",972,0.16811,1.44677,1064,COMPLETED,204.841
181,20251204_015035,gln_phase1.csv,Preset_v2_1,TCN,42,"[896, 768, 640]","[3, 6, 9]","[False, True, True]","[None, None, None]",3,2,2,leakyrelu,False,False,attention,64.0,96,Adam,,1e-05,2e-06,minmax,256,0.08859,1.03415,0.63636,0.62937,"[0.66667, 0.61538, 0.60606]",0.68182,0.71622,"[0.66667, 0.83333, 0.64865]",436,0.25337,0.90797,536,COMPLETED,140.923
182,20251204_015035,gln_phase2.csv,Preset_v2_1,TCN,42,"[896, 768, 640]","[3, 6, 9]","[False, True, True]","[None, None, None]",3,2,2,leakyrelu,False,False,attention,64.0,96,Adam,,1e-05,2e-06,minmax,256,0.09058,1.30492,0.52273,0.43729,"[0.59574, 0.2, 0.51613]",0.61364,0.55256,"[0.68293, 0.36364, 0.61111]",421,0.23548,1.15359,518,COMPLETED,136.259

183,20251204_020946,baseline_CASIAB.csv,Preset_v2_2,TCN,42,"[256, 256, 256, 256]","[1, 2, 4, 8]","[True, True, True, True]","[None, 0.05, 0.1, 0.1]",4,5,3,gelu,True,True,max,256.0,96,AdamW,,0.00018,0.0001,minmax,256,0.04315,2.62571,0.38636,0.28144,"[0.52174, 0.0, 0.32258]",0.45455,0.39815,"[0.5, 0.25, 0.44444]",153,0.16628,2.25524,174,COMPLETED,17.402
184,20251204_020946,baseline_OUMVLP.csv,Preset_v2_2,TCN,42,"[256, 256, 256, 256]","[1, 2, 4, 8]","[True, True, True, True]","[None, 0.05, 0.1, 0.1]",4,5,3,gelu,True,True,max,256.0,96,AdamW,,0.00018,0.0001,minmax,256,0.07994,2.45313,0.5,0.42832,"[0.53333, 0.22222, 0.52941]",0.56818,0.48231,"[0.6087, 0.25, 0.58824]",229,0.31886,1.60372,251,COMPLETED,24.376
185,20251204_020946,gaitgl.csv,Preset_v2_2,TCN,42,"[256, 256, 256, 256]","[1, 2, 4, 8]","[True, True, True, True]","[None, 0.05, 0.1, 0.1]",4,5,3,gelu,True,True,max,256.0,96,AdamW,,0.00018,0.0001,minmax,128,0.04257,1.69836,0.40909,0.29952,"[0.56522, 0.0, 0.33333]",0.52273,0.43965,"[0.51429, 0.2, 0.60465]",56,0.27869,1.4773,76,COMPLETED,8.366
186,20251204_020946,gaitgl_GREW.csv,Preset_v2_2,TCN,42,"[256, 256, 256, 256]","[1, 2, 4, 8]","[True, True, True, True]","[None, 0.05, 0.1, 0.1]",4,5,3,gelu,True,True,max,256.0,96,AdamW,,0.00018,0.0001,minmax,256,0.05005,1.34361,0.47727,0.34217,"[0.54167, 0.0, 0.48485]",0.5,0.47154,"[0.42424, 0.375, 0.61538]",90,0.15754,1.31355,98,COMPLETED,11.66
187,20251204_020946,gaitgl_GREW_BNNeck.csv,Preset_v2_2,TCN,42,"[256, 256, 256, 256]","[1, 2, 4, 8]","[True, True, True, True]","[None, 0.05, 0.1, 0.1]",4,5,3,gelu,True,True,max,256.0,96,AdamW,,0.00018,0.0001,minmax,256,0.08115,1.97977,0.5,0.47148,"[0.59574, 0.46154, 0.35714]",0.5,0.49106,"[0.51163, 0.46154, 0.5]",238,0.09506,1.73981,242,COMPLETED,33.214
188,20251204_020946,gaitgl_OUMVLP.csv,Preset_v2_2,TCN,42,"[256, 256, 256, 256]","[1, 2, 4, 8]","[True, True, True, True]","[None, 0.05, 0.1, 0.1]",4,5,3,gelu,True,True,max,256.0,96,AdamW,,0.00018,0.0001,minmax,256,0.05942,3.41981,0.38636,0.28908,"[0.56, 0.13333, 0.17391]",0.40909,0.38291,"[0.4375, 0.18182, 0.52941]",320,0.40529,1.99104,349,COMPLETED,50.013
189,20251204_020946,gaitpart_GREW.csv,Preset_v2_2,TCN,42,"[256, 256, 256, 256]","[1, 2, 4, 8]","[True, True, True, True]","[None, 0.05, 0.1, 0.1]",4,5,3,gelu,True,True,max,256.0,96,AdamW,,0.00018,0.0001,minmax,256,0.02682,2.79052,0.43182,0.40952,"[0.5, 0.3, 0.42857]",0.59091,0.54718,"[0.68, 0.5, 0.46154]",166,0.29957,2.10432,211,COMPLETED,20.563
190,20251204_020946,gaitpart_OUMVLP.csv,Preset_v2_2,TCN,42,"[256, 256, 256, 256]","[1, 2, 4, 8]","[True, True, True, True]","[None, 0.05, 0.1, 0.1]",4,5,3,gelu,True,True,max,256.0,96,AdamW,,0.00018,0.0001,minmax,256,0.06509,2.54042,0.54545,0.45223,"[0.6383, 0.16667, 0.55172]",0.63636,0.58606,"[0.64706, 0.44444, 0.66667]",381,0.45967,1.35159,566,COMPLETED,55.041
191,20251204_020946,gaitset.csv,Preset_v2_2,TCN,42,"[256, 256, 256, 256]","[1, 2, 4, 8]","[True, True, True, True]","[None, 0.05, 0.1, 0.1]",4,5,3,gelu,True,True,max,256.0,96,AdamW,,0.00018,0.0001,minmax,256,0.06714,1.84907,0.43182,0.28086,"[0.59259, 0.0, 0.25]",0.54545,0.53488,"[0.46667, 0.53333, 0.60465]",111,0.53385,1.24822,164,COMPLETED,22.849
192,20251204_020946,gaitset_GREW.csv,Preset_v2_2,TCN,42,"[256, 256, 256, 256]","[1, 2, 4, 8]","[True, True, True, True]","[None, 0.05, 0.1, 0.1]",4,5,3,gelu,True,True,max,256.0,96,AdamW,,0.00018,0.0001,minmax,256,0.03801,2.42854,0.38636,0.33888,"[0.42105, 0.125, 0.47059]",0.47727,0.41604,"[0.46154, 0.25, 0.53659]",199,0.30278,1.78802,227,COMPLETED,31.638
193,20251204_020946,gaitset_OUMVLP.csv,Preset_v2_2,TCN,42,"[256, 256, 256, 256]","[1, 2, 4, 8]","[True, True, True, True]","[None, 0.05, 0.1, 0.1]",4,5,3,gelu,True,True,max,256.0,96,AdamW,,0.00018,0.0001,minmax,256,0.06892,2.33982,0.40909,0.37413,"[0.3871, 0.23529, 0.5]",0.45455,0.44141,"[0.42424, 0.4, 0.5]",519,0.25955,1.78649,571,COMPLETED,79.449
194,20251204_020946,gln_phase1.csv,Preset_v2_2,TCN,42,"[256, 256, 256, 256]","[1, 2, 4, 8]","[True, True, True, True]","[None, 0.05, 0.1, 0.1]",4,5,3,gelu,True,True,max,256.0,96,AdamW,,0.00018,0.0001,minmax,256,0.05439,1.51928,0.5,0.37094,"[0.6, 0.0, 0.51282]",0.61364,0.44322,"[0.71429, 0.0, 0.61538]",95,0.48784,0.99875,157,COMPLETED,28.525
195,20251204_020946,gln_phase2.csv,Preset_v2_2,TCN,42,"[256, 256, 256, 256]","[1, 2, 4, 8]","[True, True, True, True]","[None, 0.05, 0.1, 0.1]",4,5,3,gelu,True,True,max,256.0,96,AdamW,,0.00018,0.0001,minmax,256,0.03922,2.10682,0.54545,0.55722,"[0.57143, 0.61538, 0.48485]",0.61364,0.59333,"[0.68, 0.6, 0.5]",180,0.09059,1.73798,197,COMPLETED,35.785

196,20251204_021659,baseline_CASIAB.csv,Preset_v2_3,TCN,42,"[128, 128, 128, 128]","[1, 4, 7, 10]","[False, True, False, False]","[None, None, 0.2, None]",4,3,2,prelu,False,True,mean,256.0,16,AdamW,,0.0001,0.0,L2,256,0.04861,3.8444,0.47727,0.38741,"[0.61224, 0.13333, 0.41667]",0.47727,0.43743,"[0.57895, 0.2, 0.53333]",44,0.21707,2.16421,51,COMPLETED,14.163
197,20251204_021659,baseline_OUMVLP.csv,Preset_v2_3,TCN,42,"[128, 128, 128, 128]","[1, 4, 7, 10]","[False, True, False, False]","[None, None, 0.2, None]",4,3,2,prelu,False,True,mean,256.0,16,AdamW,,0.0001,0.0,L2,256,0.02783,3.25579,0.47727,0.43899,"[0.4878, 0.26667, 0.5625]",0.61364,0.51245,"[0.66667, 0.25, 0.62069]",53,0.23226,1.9827,71,COMPLETED,19.868
198,20251204_021659,gaitgl.csv,Preset_v2_3,TCN,42,"[128, 128, 128, 128]","[1, 4, 7, 10]","[False, True, False, False]","[None, None, 0.2, None]",4,3,2,prelu,False,True,mean,256.0,16,AdamW,,0.0001,0.0,L2,128,0.02393,3.07785,0.40909,0.35938,"[0.55814, 0.2, 0.32]",0.52273,0.45,"[0.55, 0.25, 0.55]",36,0.32483,1.49411,52,COMPLETED,15.023
199,20251204_021659,gaitgl_GREW.csv,Preset_v2_3,TCN,42,"[128, 128, 128, 128]","[1, 4, 7, 10]","[False, True, False, False]","[None, None, 0.2, None]",4,3,2,prelu,False,True,mean,256.0,16,AdamW,,0.0001,0.0,L2,256,0.01475,2.67179,0.47727,0.40514,"[0.54545, 0.15385, 0.51613]",0.5,0.42011,"[0.57143, 0.22222, 0.46667]",37,0.12934,1.93269,48,COMPLETED,14.1
200,20251204_021659,gaitgl_GREW_BNNeck.csv,Preset_v2_3,TCN,42,"[128, 128, 128, 128]","[1, 4, 7, 10]","[False, True, False, False]","[None, None, 0.2, None]",4,3,2,prelu,False,True,mean,256.0,16,AdamW,,0.0001,0.0,L2,256,0.09114,3.5061,0.40909,0.34618,"[0.53061, 0.22222, 0.28571]",0.5,0.46827,"[0.55319, 0.4, 0.45161]",41,0.38762,1.4459,55,COMPLETED,16.042
201,20251204_021659,gaitgl_OUMVLP.csv,Preset_v2_3,TCN,42,"[128, 128, 128, 128]","[1, 4, 7, 10]","[False, True, False, False]","[None, None, 0.2, None]",4,3,2,prelu,False,True,mean,256.0,16,AdamW,,0.0001,0.0,L2,256,0.02551,3.58638,0.47727,0.45707,"[0.57895, 0.34783, 0.44444]",0.47727,0.45707,"[0.57895, 0.34783, 0.44444]",91,0.02551,3.58638,91,COMPLETED,26.353
202,20251204_021659,gaitpart_GREW.csv,Preset_v2_3,TCN,42,"[128, 128, 128, 128]","[1, 4, 7, 10]","[False, True, False, False]","[None, None, 0.2, None]",4,3,2,prelu,False,True,mean,256.0,16,AdamW,,0.0001,0.0,L2,256,0.0364,2.35108,0.45455,0.3782,"[0.60465, 0.14286, 0.3871]",0.5,0.4746,"[0.63158, 0.42857, 0.36364]",51,0.09772,2.13558,57,COMPLETED,15.902
203,20251204_021659,gaitpart_OUMVLP.csv,Preset_v2_3,TCN,42,"[128, 128, 128, 128]","[1, 4, 7, 10]","[False, True, False, False]","[None, None, 0.2, None]",4,3,2,prelu,False,True,mean,256.0,16,AdamW,,0.0001,0.0,L2,256,0.02031,1.95638,0.54545,0.4183,"[0.66667, 0.0, 0.58824]",0.59091,0.57143,"[0.66667, 0.47619, 0.57143]",114,0.05505,1.78335,123,COMPLETED,33.822
204,20251204_021659,gaitset.csv,Preset_v2_3,TCN,42,"[128, 128, 128, 128]","[1, 4, 7, 10]","[False, True, False, False]","[None, None, 0.2, None]",4,3,2,prelu,False,True,mean,256.0,16,AdamW,,0.0001,0.0,L2,256,0.02104,4.06856,0.31818,0.31009,"[0.41176, 0.2963, 0.22222]",0.43182,0.40826,"[0.55, 0.43478, 0.24]",52,0.17607,3.01903,57,COMPLETED,16.823
205,20251204_021659,gaitset_GREW.csv,Preset_v2_3,TCN,42,"[128, 128, 128, 128]","[1, 4, 7, 10]","[False, True, False, False]","[None, None, 0.2, None]",4,3,2,prelu,False,True,mean,256.0,16,AdamW,,0.0001,0.0,L2,256,0.03207,2.4781,0.5,0.41964,"[0.65116, 0.125, 0.48276]",0.54545,0.44343,"[0.68085, 0.16667, 0.48276]",51,0.17351,1.71482,62,COMPLETED,18.002
206,20251204_021659,gaitset_OUMVLP.csv,Preset_v2_3,TCN,42,"[128, 128, 128, 128]","[1, 4, 7, 10]","[False, True, False, False]","[None, None, 0.2, None]",4,3,2,prelu,False,True,mean,256.0,16,AdamW,,0.0001,0.0,L2,256,0.04366,3.19457,0.5,0.49499,"[0.54054, 0.44444, 0.5]",0.65909,0.58927,"[0.73077, 0.44444, 0.59259]",137,0.41518,1.57006,178,COMPLETED,51.43
207,20251204_021659,gln_phase1.csv,Preset_v2_3,TCN,42,"[128, 128, 128, 128]","[1, 4, 7, 10]","[False, True, False, False]","[None, None, 0.2, None]",4,3,2,prelu,False,True,mean,256.0,16,AdamW,,0.0001,0.0,L2,256,0.04403,2.75595,0.38636,0.38444,"[0.38889, 0.32, 0.44444]",0.47727,0.45525,"[0.51282, 0.35294, 0.5]",47,0.38742,1.41769,64,COMPLETED,19.398
208,20251204_021659,gln_phase2.csv,Preset_v2_3,TCN,42,"[128, 128, 128, 128]","[1, 4, 7, 10]","[False, True, False, False]","[None, None, 0.2, None]",4,3,2,prelu,False,True,mean,256.0,16,AdamW,,0.0001,0.0,L2,256,0.02186,3.24016,0.36364,0.35229,"[0.52941, 0.14286, 0.38462]",0.54545,0.49899,"[0.51429, 0.36364, 0.61905]",38,0.40435,1.50109,53,COMPLETED,15.924

209,20251204_022149,baseline_CASIAB.csv,Preset_v2_4,TCN,42,"[1024, 896, 768, 640]","[1, 2, 4, 8]","[True, True, True, True]","[0.05, 0.1, 0.1, 0.15]",4,3,2,gelu,True,True,attention,512.0,32,AdamW,,0.00012,0.0001,L2,256,0.09282,2.85889,0.45455,0.29714,"[0.57143, 0.0, 0.32]",0.54545,0.39249,"[0.65116, 0.0, 0.52632]",34,0.74577,1.26714,49,COMPLETED,22.941
210,20251204_022149,baseline_OUMVLP.csv,Preset_v2_4,TCN,42,"[1024, 896, 768, 640]","[1, 2, 4, 8]","[True, True, True, True]","[0.05, 0.1, 0.1, 0.15]",4,3,2,gelu,True,True,attention,512.0,32,AdamW,,0.00012,0.0001,L2,256,0.01549,2.74657,0.5,0.42496,"[0.54545, 0.2, 0.52941]",0.65909,0.55135,"[0.68182, 0.25, 0.72222]",50,0.59116,1.32114,81,COMPLETED,37.906
211,20251204_022149,gaitgl.csv,Preset_v2_4,TCN,42,"[1024, 896, 768, 640]","[1, 2, 4, 8]","[True, True, True, True]","[0.05, 0.1, 0.1, 0.15]",4,3,2,gelu,True,True,attention,512.0,32,AdamW,,0.00012,0.0001,L2,128,0.00752,3.68743,0.36364,0.26713,"[0.48889, 0.0, 0.3125]",0.5,0.42353,"[0.47059, 0.22222, 0.57778]",16,0.52326,1.72164,42,COMPLETED,26.441
212,20251204_022149,gaitgl_GREW.csv,Preset_v2_4,TCN,42,"[1024, 896, 768, 640]","[1, 2, 4, 8]","[True, True, True, True]","[0.05, 0.1, 0.1, 0.15]",4,3,2,gelu,True,True,attention,512.0,32,AdamW,,0.00012,0.0001,L2,256,0.00584,2.87045,0.47727,0.39428,"[0.59574, 0.2, 0.3871]",0.54545,0.48406,"[0.65217, 0.33333, 0.46667]",33,0.0502,2.1689,36,COMPLETED,22.939
213,20251204_022149,gaitgl_GREW_BNNeck.csv,Preset_v2_4,TCN,42,"[1024, 896, 768, 640]","[1, 2, 4, 8]","[True, True, True, True]","[0.05, 0.1, 0.1, 0.15]",4,3,2,gelu,True,True,attention,512.0,32,AdamW,,0.00012,0.0001,L2,256,0.00263,2.38929,0.5,0.43915,"[0.62222, 0.26667, 0.42857]",0.59091,0.53188,"[0.69565, 0.4, 0.5]",37,0.15109,1.88936,42,COMPLETED,26.899
214,20251204_022149,gaitgl_OUMVLP.csv,Preset_v2_4,TCN,42,"[1024, 896, 768, 640]","[1, 2, 4, 8]","[True, True, True, True]","[0.05, 0.1, 0.1, 0.15]",4,3,2,gelu,True,True,attention,512.0,32,AdamW,,0.00012,0.0001,L2,256,1.00596,1.01371,0.47727,0.21538,"[0.64615, 0.0, 0.0]",0.47727,0.21538,"[0.64615, 0.0, 0.0]",193,1.00596,1.01371,193,STOPPED,122.599
215,20251204_022149,gaitpart_GREW.csv,Preset_v2_4,TCN,42,"[1024, 896, 768, 640]","[1, 2, 4, 8]","[True, True, True, True]","[0.05, 0.1, 0.1, 0.15]",4,3,2,gelu,True,True,attention,512.0,32,AdamW,,0.00012,0.0001,L2,256,0.01012,2.48432,0.52273,0.49044,"[0.60465, 0.4, 0.46667]",0.54545,0.53652,"[0.5641, 0.5, 0.54545]",115,0.05032,2.08482,119,COMPLETED,48.526
216,20251204_022149,gaitpart_OUMVLP.csv,Preset_v2_4,TCN,42,"[1024, 896, 768, 640]","[1, 2, 4, 8]","[True, True, True, True]","[0.05, 0.1, 0.1, 0.15]",4,3,2,gelu,True,True,attention,512.0,32,AdamW,,0.00012,0.0001,L2,256,1.00681,1.01425,0.47727,0.21538,"[0.64615, 0.0, 0.0]",0.47727,0.21538,"[0.64615, 0.0, 0.0]",321,1.00681,1.01425,321,STOPPED,130.24
217,20251204_022149,gaitset.csv,Preset_v2_4,TCN,42,"[1024, 896, 768, 640]","[1, 2, 4, 8]","[True, True, True, True]","[0.05, 0.1, 0.1, 0.15]",4,3,2,gelu,True,True,attention,512.0,32,AdamW,,0.00012,0.0001,L2,256,0.0023,3.39641,0.40909,0.3306,"[0.54167, 0.15385, 0.2963]",0.5,0.44434,"[0.61224, 0.36364, 0.35714]",54,0.13378,2.40681,65,COMPLETED,41.057
218,20251204_022149,gaitset_GREW.csv,Preset_v2_4,TCN,42,"[1024, 896, 768, 640]","[1, 2, 4, 8]","[True, True, True, True]","[0.05, 0.1, 0.1, 0.15]",4,3,2,gelu,True,True,attention,512.0,32,AdamW,,0.00012,0.0001,L2,256,1.00626,1.01356,0.47727,0.21538,"[0.64615, 0.0, 0.0]",0.47727,0.21538,"[0.64615, 0.0, 0.0]",142,1.00626,1.01356,142,STOPPED,88.927
219,20251204_022149,gaitset_OUMVLP.csv,Preset_v2_4,TCN,42,"[1024, 896, 768, 640]","[1, 2, 4, 8]","[True, True, True, True]","[0.05, 0.1, 0.1, 0.15]",4,3,2,gelu,True,True,attention,512.0,32,AdamW,,0.00012,0.0001,L2,256,1.00715,1.01611,0.47727,0.21538,"[0.64615, 0.0, 0.0]",0.47727,0.21538,"[0.64615, 0.0, 0.0]",144,1.00715,1.01611,144,STOPPED,90.223
220,20251204_022149,gln_phase1.csv,Preset_v2_4,TCN,42,"[1024, 896, 768, 640]","[1, 2, 4, 8]","[True, True, True, True]","[0.05, 0.1, 0.1, 0.15]",4,3,2,gelu,True,True,attention,512.0,32,AdamW,,0.00012,0.0001,L2,256,0.06379,2.50868,0.54545,0.49179,"[0.6087, 0.33333, 0.53333]",0.61364,0.50486,"[0.69388, 0.2, 0.62069]",69,0.45409,1.24976,90,COMPLETED,72.314
221,20251204_022149,gln_phase2.csv,Preset_v2_4,TCN,42,"[1024, 896, 768, 640]","[1, 2, 4, 8]","[True, True, True, True]","[0.05, 0.1, 0.1, 0.15]",4,3,2,gelu,True,True,attention,512.0,32,AdamW,,0.00012,0.0001,L2,256,0.01725,2.42149,0.59091,0.51334,"[0.69388, 0.30769, 0.53846]",0.59091,0.51334,"[0.69388, 0.30769, 0.53846]",65,0.01725,2.42149,65,COMPLETED,52.253

222,20251204_023509,baseline_CASIAB.csv,Preset_v2_5,TCN,42,"[128, 160, 192, 224, 256]","[1, 2, 4, 8, 16]","[True, True, True, False, False]","[None, 0.1, 0.1, 0.1, 0.1]",5,5,2,gelu,True,True,mean,128.0,128,AdamW,,0.0001,1e-05,L2,256,0.07552,2.36544,0.40909,0.30499,"[0.53659, 0.0, 0.37838]",0.56818,0.45857,"[0.69388, 0.18182, 0.5]",137,0.15656,1.62518,146,COMPLETED,13.227
223,20251204_023509,baseline_OUMVLP.csv,Preset_v2_5,TCN,42,"[128, 160, 192, 224, 256]","[1, 2, 4, 8, 16]","[True, True, True, False, False]","[None, 0.1, 0.1, 0.1, 0.1]",5,5,2,gelu,True,True,mean,128.0,128,AdamW,,0.0001,1e-05,L2,256,0.02391,3.59252,0.45455,0.35958,"[0.57692, 0.18182, 0.32]",0.47727,0.45139,"[0.45, 0.36364, 0.54054]",124,0.27459,1.78102,146,COMPLETED,13.028
224,20251204_023509,gaitgl.csv,Preset_v2_5,TCN,42,"[128, 160, 192, 224, 256]","[1, 2, 4, 8, 16]","[True, True, True, False, False]","[None, 0.1, 0.1, 0.1, 0.1]",5,5,2,gelu,True,True,mean,128.0,128,AdamW,,0.0001,1e-05,L2,128,0.03125,2.37749,0.54545,0.39259,"[0.62222, 0.0, 0.55556]",0.56818,0.41148,"[0.61538, 0.0, 0.61905]",119,0.12344,1.49549,125,COMPLETED,13.178
225,20251204_023509,gaitgl_GREW.csv,Preset_v2_5,TCN,42,"[128, 160, 192, 224, 256]","[1, 2, 4, 8, 16]","[True, True, True, False, False]","[None, 0.1, 0.1, 0.1, 0.1]",5,5,2,gelu,True,True,mean,128.0,128,AdamW,,0.0001,1e-05,L2,256,0.05533,2.92876,0.5,0.35054,"[0.45161, 0.0, 0.6]",0.56818,0.4127,"[0.57143, 0.0, 0.66667]",105,0.3345,1.45931,126,COMPLETED,14.219
226,20251204_023509,gaitgl_GREW_BNNeck.csv,Preset_v2_5,TCN,42,"[128, 160, 192, 224, 256]","[1, 2, 4, 8, 16]","[True, True, True, False, False]","[None, 0.1, 0.1, 0.1, 0.1]",5,5,2,gelu,True,True,mean,128.0,128,AdamW,,0.0001,1e-05,L2,256,0.03191,3.62758,0.47727,0.40899,"[0.41176, 0.25, 0.56522]",0.52273,0.44956,"[0.55814, 0.25, 0.54054]",151,0.21729,2.49603,171,COMPLETED,19.233
227,20251204_023509,gaitgl_OUMVLP.csv,Preset_v2_5,TCN,42,"[128, 160, 192, 224, 256]","[1, 2, 4, 8, 16]","[True, True, True, False, False]","[None, 0.1, 0.1, 0.1, 0.1]",5,5,2,gelu,True,True,mean,128.0,128,AdamW,,0.0001,1e-05,L2,256,0.07668,3.87263,0.43182,0.30808,"[0.5, 0.0, 0.42424]",0.47727,0.39766,"[0.375, 0.22222, 0.59574]",203,0.23381,2.2241,229,COMPLETED,25.799
228,20251204_023509,gaitpart_GREW.csv,Preset_v2_5,TCN,42,"[128, 160, 192, 224, 256]","[1, 2, 4, 8, 16]","[True, True, True, False, False]","[None, 0.1, 0.1, 0.1, 0.1]",5,5,2,gelu,True,True,mean,128.0,128,AdamW,,0.0001,1e-05,L2,256,0.03933,3.05497,0.43182,0.3927,"[0.58537, 0.27273, 0.32]",0.56818,0.5101,"[0.66667, 0.5, 0.36364]",164,0.40868,2.43734,225,COMPLETED,18.517
229,20251204_023509,gaitpart_OUMVLP.csv,Preset_v2_5,TCN,42,"[128, 160, 192, 224, 256]","[1, 2, 4, 8, 16]","[True, True, True, False, False]","[None, 0.1, 0.1, 0.1, 0.1]",5,5,2,gelu,True,True,mean,128.0,128,AdamW,,0.0001,1e-05,L2,256,0.06101,1.9246,0.52273,0.48492,"[0.61905, 0.35294, 0.48276]",0.56818,0.53925,"[0.59459, 0.42857, 0.59459]",376,0.12611,1.62193,387,COMPLETED,31.259
230,20251204_023509,gaitset.csv,Preset_v2_5,TCN,42,"[128, 160, 192, 224, 256]","[1, 2, 4, 8, 16]","[True, True, True, False, False]","[None, 0.1, 0.1, 0.1, 0.1]",5,5,2,gelu,True,True,mean,128.0,128,AdamW,,0.0001,1e-05,L2,256,0.0228,3.76508,0.43182,0.3183,"[0.42857, 0.0, 0.52632]",0.56818,0.41241,"[0.61224, 0.0, 0.625]",166,0.12773,3.29016,176,COMPLETED,19.875
231,20251204_023509,gaitset_GREW.csv,Preset_v2_5,TCN,42,"[128, 160, 192, 224, 256]","[1, 2, 4, 8, 16]","[True, True, True, False, False]","[None, 0.1, 0.1, 0.1, 0.1]",5,5,2,gelu,True,True,mean,128.0,128,AdamW,,0.0001,1e-05,L2,256,0.02416,3.07179,0.45455,0.32844,"[0.47368, 0.0, 0.51163]",0.52273,0.37884,"[0.51429, 0.0, 0.62222]",195,0.22749,2.36395,221,COMPLETED,24.61
232,20251204_023509,gaitset_OUMVLP.csv,Preset_v2_5,TCN,42,"[128, 160, 192, 224, 256]","[1, 2, 4, 8, 16]","[True, True, True, False, False]","[None, 0.1, 0.1, 0.1, 0.1]",5,5,2,gelu,True,True,mean,128.0,128,AdamW,,0.0001,1e-05,L2,256,0.0634,3.30013,0.45455,0.32629,"[0.52174, 0.0, 0.45714]",0.47727,0.46904,"[0.47619, 0.44444, 0.48649]",389,0.0645,2.85489,391,COMPLETED,43.522
233,20251204_023509,gln_phase1.csv,Preset_v2_5,TCN,42,"[128, 160, 192, 224, 256]","[1, 2, 4, 8, 16]","[True, True, True, False, False]","[None, 0.1, 0.1, 0.1, 0.1]",5,5,2,gelu,True,True,mean,128.0,128,AdamW,,0.0001,1e-05,L2,256,0.03779,3.26081,0.47727,0.35478,"[0.54054, 0.0, 0.52381]",0.56818,0.41004,"[0.65116, 0.0, 0.57895]",151,0.48302,1.31418,198,COMPLETED,28.592
234,20251204_023509,gln_phase2.csv,Preset_v2_5,TCN,42,"[128, 160, 192, 224, 256]","[1, 2, 4, 8, 16]","[True, True, True, False, False]","[None, 0.1, 0.1, 0.1, 0.1]",5,5,2,gelu,True,True,mean,128.0,128,AdamW,,0.0001,1e-05,L2,256,0.03837,2.73741,0.47727,0.34,"[0.59574, 0.0, 0.42424]",0.54545,0.46275,"[0.59459, 0.22222, 0.57143]",124,0.47922,1.29608,160,COMPLETED,22.997

235,20251204_024011,baseline_CASIAB.csv,Preset_v2_6,TCN,42,"[896, 768, 640]","[1, 2, 4]","[True, True, True]","[0.05, 0.1, 0.1]",3,3,2,gelu,True,True,attention,512.0,64,AdamW,,0.00015,5e-05,L2,256,0.03847,3.03014,0.38636,0.28788,"[0.5, 0.0, 0.36364]",0.52273,0.46193,"[0.63636, 0.26667, 0.48276]",52,0.17256,2.09856,63,COMPLETED,14.641
236,20251204_024011,baseline_OUMVLP.csv,Preset_v2_6,TCN,42,"[896, 768, 640]","[1, 2, 4]","[True, True, True]","[0.05, 0.1, 0.1]",3,3,2,gelu,True,True,attention,512.0,64,AdamW,,0.00015,5e-05,L2,256,0.03159,2.40702,0.5,0.42412,"[0.55, 0.18182, 0.54054]",0.54545,0.4928,"[0.5641, 0.28571, 0.62857]",114,0.65405,1.40548,162,COMPLETED,37.504
237,20251204_024011,gaitgl.csv,Preset_v2_6,TCN,42,"[896, 768, 640]","[1, 2, 4]","[True, True, True]","[0.05, 0.1, 0.1]",3,3,2,gelu,True,True,attention,512.0,64,AdamW,,0.00015,5e-05,L2,128,0.02084,2.20639,0.54545,0.43915,"[0.66667, 0.22222, 0.42857]",0.54545,0.43915,"[0.66667, 0.22222, 0.42857]",33,0.02084,2.20639,33,COMPLETED,11.402
238,20251204_024011,gaitgl_GREW.csv,Preset_v2_6,TCN,42,"[896, 768, 640]","[1, 2, 4]","[True, True, True]","[0.05, 0.1, 0.1]",3,3,2,gelu,True,True,attention,512.0,64,AdamW,,0.00015,5e-05,L2,256,0.01636,2.17299,0.5,0.35887,"[0.625, 0.0, 0.45161]",0.52273,0.46522,"[0.63636, 0.30769, 0.45161]",22,0.56479,1.21105,35,COMPLETED,12.341
239,20251204_024011,gaitgl_GREW_BNNeck.csv,Preset_v2_6,TCN,42,"[896, 768, 640]","[1, 2, 4]","[True, True, True]","[0.05, 0.1, 0.1]",3,3,2,gelu,True,True,attention,512.0,64,AdamW,,0.00015,5e-05,L2,256,0.01015,2.60653,0.47727,0.40337,"[0.57143, 0.15385, 0.48485]",0.54545,0.45707,"[0.6087, 0.2, 0.5625]",77,0.04289,2.56532,79,COMPLETED,27.949
240,20251204_024011,gaitgl_OUMVLP.csv,Preset_v2_6,TCN,42,"[896, 768, 640]","[1, 2, 4]","[True, True, True]","[0.05, 0.1, 0.1]",3,3,2,gelu,True,True,attention,512.0,64,AdamW,,0.00015,5e-05,L2,256,0.00624,2.27553,0.38636,0.28506,"[0.46809, 0.0, 0.3871]",0.47727,0.40871,"[0.53333, 0.22222, 0.47059]",42,0.18168,1.47163,48,COMPLETED,16.787
241,20251204_024011,gaitpart_GREW.csv,Preset_v2_6,TCN,42,"[896, 768, 640]","[1, 2, 4]","[True, True, True]","[0.05, 0.1, 0.1]",3,3,2,gelu,True,True,attention,512.0,64,AdamW,,0.00015,5e-05,L2,256,0.03588,1.76442,0.54545,0.50899,"[0.57143, 0.4, 0.55556]",0.59091,0.53801,"[0.67925, 0.5, 0.43478]",118,0.02502,2.97818,120,COMPLETED,21.493
242,20251204_024011,gaitpart_OUMVLP.csv,Preset_v2_6,TCN,42,"[896, 768, 640]","[1, 2, 4]","[True, True, True]","[0.05, 0.1, 0.1]",3,3,2,gelu,True,True,attention,512.0,64,AdamW,,0.00015,5e-05,L2,256,0.03471,2.48172,0.47727,0.35,"[0.58333, 0.0, 0.46667]",0.54545,0.45833,"[0.70833, 0.26667, 0.4]",287,0.54499,1.37287,342,COMPLETED,60.519
243,20251204_024011,gaitset.csv,Preset_v2_6,TCN,42,"[896, 768, 640]","[1, 2, 4]","[True, True, True]","[0.05, 0.1, 0.1]",3,3,2,gelu,True,True,attention,512.0,64,AdamW,,0.00015,5e-05,L2,256,0.01298,3.37638,0.36364,0.24889,"[0.48, 0.0, 0.26667]",0.52273,0.29598,"[0.67742, 0.0, 0.21053]",62,0.31383,2.11444,71,COMPLETED,24.195
244,20251204_024011,gaitset_GREW.csv,Preset_v2_6,TCN,42,"[896, 768, 640]","[1, 2, 4]","[True, True, True]","[0.05, 0.1, 0.1]",3,3,2,gelu,True,True,attention,512.0,64,AdamW,,0.00015,5e-05,L2,256,0.01913,3.09579,0.38636,0.35719,"[0.57895, 0.2069, 0.28571]",0.54545,0.52544,"[0.58537, 0.46154, 0.52941]",134,0.0066,2.49849,135,COMPLETED,45.994
245,20251204_024011,gaitset_OUMVLP.csv,Preset_v2_6,TCN,42,"[896, 768, 640]","[1, 2, 4]","[True, True, True]","[0.05, 0.1, 0.1]",3,3,2,gelu,True,True,attention,512.0,64,AdamW,,0.00015,5e-05,L2,256,1.00615,1.01736,0.47727,0.21538,"[0.64615, 0.0, 0.0]",0.47727,0.21538,"[0.64615, 0.0, 0.0]",309,1.00615,1.01736,309,STOPPED,105.037
246,20251204_024011,gln_phase1.csv,Preset_v2_6,TCN,42,"[896, 768, 640]","[1, 2, 4]","[True, True, True]","[0.05, 0.1, 0.1]",3,3,2,gelu,True,True,attention,512.0,64,AdamW,,0.00015,5e-05,L2,256,0.0113,2.5055,0.5,0.42453,"[0.57895, 0.18182, 0.51282]",0.63636,0.50973,"[0.74074, 0.25, 0.53846]",178,0.22785,1.47398,187,COMPLETED,84.903
247,20251204_024011,gln_phase2.csv,Preset_v2_6,TCN,42,"[896, 768, 640]","[1, 2, 4]","[True, True, True]","[0.05, 0.1, 0.1]",3,3,2,gelu,True,True,attention,512.0,64,AdamW,,0.00015,5e-05,L2,256,0.01826,2.79048,0.47727,0.39387,"[0.58333, 0.15385, 0.44444]",0.56818,0.46795,"[0.65385, 0.25, 0.5]",122,0.51795,1.46942,135,COMPLETED,61.447

248,20251204_024910,baseline_CASIAB.csv,Preset_v2_7,TCN,42,"[256, 320, 384, 448, 512]","[1, 2, 3, 4, 6]","[True, True, True, False, False]","[0.1, 0.1, 0.1, 0.2, 0.2]",5,7,2,leakyrelu,True,True,max,128.0,128,AdamW,,0.0002,0.0001,L2,256,0.02687,2.34105,0.54545,0.44989,"[0.62745, 0.22222, 0.5]",0.56818,0.47596,"[0.625, 0.22222, 0.58065]",110,0.0629,2.08183,112,COMPLETED,18.736
249,20251204_024910,baseline_OUMVLP.csv,Preset_v2_7,TCN,42,"[256, 320, 384, 448, 512]","[1, 2, 3, 4, 6]","[True, True, True, False, False]","[0.1, 0.1, 0.1, 0.2, 0.2]",5,7,2,leakyrelu,True,True,max,128.0,128,AdamW,,0.0002,0.0001,L2,256,0.03663,2.43082,0.40909,0.31946,"[0.4878, 0.0, 0.47059]",0.59091,0.53114,"[0.61905, 0.30769, 0.66667]",195,0.49014,1.2181,233,COMPLETED,38.787
250,20251204_024910,gaitgl.csv,Preset_v2_7,TCN,42,"[256, 320, 384, 448, 512]","[1, 2, 3, 4, 6]","[True, True, True, False, False]","[0.1, 0.1, 0.1, 0.2, 0.2]",5,7,2,leakyrelu,True,True,max,128.0,128,AdamW,,0.0002,0.0001,L2,128,0.02253,3.3059,0.40909,0.31313,"[0.45455, 0.0, 0.48485]",0.47727,0.34398,"[0.54545, 0.0, 0.48649]",48,0.5088,1.7468,63,COMPLETED,14.635
251,20251204_024910,gaitgl_GREW.csv,Preset_v2_7,TCN,42,"[256, 320, 384, 448, 512]","[1, 2, 3, 4, 6]","[True, True, True, False, False]","[0.1, 0.1, 0.1, 0.2, 0.2]",5,7,2,leakyrelu,True,True,max,128.0,128,AdamW,,0.0002,0.0001,L2,256,0.00754,2.25442,0.45455,0.33183,"[0.51064, 0.0, 0.48485]",0.52273,0.44566,"[0.55814, 0.15385, 0.625]",67,0.18549,1.67511,72,COMPLETED,17.463
252,20251204_024910,gaitgl_GREW_BNNeck.csv,Preset_v2_7,TCN,42,"[256, 320, 384, 448, 512]","[1, 2, 3, 4, 6]","[True, True, True, False, False]","[0.1, 0.1, 0.1, 0.2, 0.2]",5,7,2,leakyrelu,True,True,max,128.0,128,AdamW,,0.0002,0.0001,L2,256,0.02756,3.31538,0.45455,0.41632,"[0.51163, 0.28571, 0.45161]",0.52273,0.52735,"[0.53659, 0.54545, 0.5]",94,0.28852,1.96345,120,COMPLETED,28.843
253,20251204_024910,gaitgl_OUMVLP.csv,Preset_v2_7,TCN,42,"[256, 320, 384, 448, 512]","[1, 2, 3, 4, 6]","[True, True, True, False, False]","[0.1, 0.1, 0.1, 0.2, 0.2]",5,7,2,leakyrelu,True,True,max,128.0,128,AdamW,,0.0002,0.0001,L2,256,0.02241,2.40966,0.63636,0.58606,"[0.66667, 0.44444, 0.64706]",0.63636,0.58606,"[0.66667, 0.44444, 0.64706]",175,0.02241,2.40966,175,COMPLETED,42.248
254,20251204_024910,gaitpart_GREW.csv,Preset_v2_7,TCN,42,"[256, 320, 384, 448, 512]","[1, 2, 3, 4, 6]","[True, True, True, False, False]","[0.1, 0.1, 0.1, 0.2, 0.2]",5,7,2,leakyrelu,True,True,max,128.0,128,AdamW,,0.0002,0.0001,L2,256,1.00897,1.01636,0.47727,0.21538,"[0.64615, 0.0, 0.0]",0.47727,0.21538,"[0.64615, 0.0, 0.0]",212,1.00897,1.01636,212,STOPPED,24.857
255,20251204_024910,gaitpart_OUMVLP.csv,Preset_v2_7,TCN,42,"[256, 320, 384, 448, 512]","[1, 2, 3, 4, 6]","[True, True, True, False, False]","[0.1, 0.1, 0.1, 0.2, 0.2]",5,7,2,leakyrelu,True,True,max,128.0,128,AdamW,,0.0002,0.0001,L2,256,1.00775,1.01847,0.47727,0.21538,"[0.64615, 0.0, 0.0]",0.47727,0.21538,"[0.64615, 0.0, 0.0]",216,1.00775,1.01847,216,STOPPED,25.119
256,20251204_024910,gaitset.csv,Preset_v2_7,TCN,42,"[256, 320, 384, 448, 512]","[1, 2, 3, 4, 6]","[True, True, True, False, False]","[0.1, 0.1, 0.1, 0.2, 0.2]",5,7,2,leakyrelu,True,True,max,128.0,128,AdamW,,0.0002,0.0001,L2,256,0.02683,2.5194,0.47727,0.34154,"[0.64, 0.0, 0.38462]",0.54545,0.38462,"[0.65385, 0.0, 0.5]",98,0.07808,1.99742,102,COMPLETED,24.026
257,20251204_024910,gaitset_GREW.csv,Preset_v2_7,TCN,42,"[256, 320, 384, 448, 512]","[1, 2, 3, 4, 6]","[True, True, True, False, False]","[0.1, 0.1, 0.1, 0.2, 0.2]",5,7,2,leakyrelu,True,True,max,128.0,128,AdamW,,0.0002,0.0001,L2,256,1.00533,1.01367,0.47727,0.21538,"[0.64615, 0.0, 0.0]",0.47727,0.21538,"[0.64615, 0.0, 0.0]",118,1.00533,1.01367,118,STOPPED,27.673
258,20251204_024910,gaitset_OUMVLP.csv,Preset_v2_7,TCN,42,"[256, 320, 384, 448, 512]","[1, 2, 3, 4, 6]","[True, True, True, False, False]","[0.1, 0.1, 0.1, 0.2, 0.2]",5,7,2,leakyrelu,True,True,max,128.0,128,AdamW,,0.0002,0.0001,L2,256,1.01639,1.01638,0.47727,0.21538,"[0.64615, 0.0, 0.0]",0.47727,0.21538,"[0.64615, 0.0, 0.0]",225,1.01639,1.01638,225,STOPPED,53.433
259,20251204_024910,gln_phase1.csv,Preset_v2_7,TCN,42,"[256, 320, 384, 448, 512]","[1, 2, 3, 4, 6]","[True, True, True, False, False]","[0.1, 0.1, 0.1, 0.2, 0.2]",5,7,2,leakyrelu,True,True,max,128.0,128,AdamW,,0.0002,0.0001,L2,256,0.08984,2.4361,0.52273,0.41239,"[0.66667, 0.15385, 0.41667]",0.56818,0.55014,"[0.6383, 0.54545, 0.46667]",76,0.47772,1.13446,99,COMPLETED,32.534
260,20251204_024910,gln_phase2.csv,Preset_v2_7,TCN,42,"[256, 320, 384, 448, 512]","[1, 2, 3, 4, 6]","[True, True, True, False, False]","[0.1, 0.1, 0.1, 0.2, 0.2]",5,7,2,leakyrelu,True,True,max,128.0,128,AdamW,,0.0002,0.0001,L2,256,0.07378,3.18274,0.34091,0.29884,"[0.41026, 0.13333, 0.35294]",0.5,0.42662,"[0.60714, 0.4, 0.27273]",96,0.37951,1.43947,120,COMPLETED,39.277

261,20251204_025552,baseline_CASIAB.csv,Preset_v2_8,TCN,42,"[160, 192]","[1, 2]","[False, True]","[0.2, 0.3]",2,7,1,gelu,False,True,max,,96,AdamW,,0.0001,5e-05,L2,256,0.09841,1.80151,0.40909,0.31216,"[0.45, 0.0, 0.48649]",0.52273,0.47475,"[0.59091, 0.33333, 0.5]",154,0.34357,1.21384,222,COMPLETED,10.393
262,20251204_025552,baseline_OUMVLP.csv,Preset_v2_8,TCN,42,"[160, 192]","[1, 2]","[False, True]","[0.2, 0.3]",2,7,1,gelu,False,True,max,,96,AdamW,,0.0001,5e-05,L2,256,0.07874,1.7227,0.5,0.42492,"[0.52632, 0.15385, 0.59459]",0.56818,0.50977,"[0.65116, 0.23529, 0.64286]",304,0.15659,1.37121,339,COMPLETED,15.518
263,20251204_025552,gaitgl.csv,Preset_v2_8,TCN,42,"[160, 192]","[1, 2]","[False, True]","[0.2, 0.3]",2,7,1,gelu,False,True,max,,96,AdamW,,0.0001,5e-05,L2,128,0.09639,1.36745,0.36364,0.2585,"[0.4898, 0.0, 0.28571]",0.45455,0.38911,"[0.53333, 0.22222, 0.41176]",103,0.28675,1.12638,151,COMPLETED,7.226
264,20251204_025552,gaitgl_GREW.csv,Preset_v2_8,TCN,42,"[160, 192]","[1, 2]","[False, True]","[0.2, 0.3]",2,7,1,gelu,False,True,max,,96,AdamW,,0.0001,5e-05,L2,256,0.08149,1.18962,0.52273,0.35588,"[0.65385, 0.0, 0.41379]",0.56818,0.4579,"[0.67925, 0.25, 0.44444]",97,0.22339,1.04263,128,COMPLETED,7.393
265,20251204_025552,gaitgl_GREW_BNNeck.csv,Preset_v2_8,TCN,42,"[160, 192]","[1, 2]","[False, True]","[0.2, 0.3]",2,7,1,gelu,False,True,max,,96,AdamW,,0.0001,5e-05,L2,256,0.08881,1.85294,0.47727,0.40725,"[0.52174, 0.2, 0.5]",0.52273,0.48841,"[0.56522, 0.4, 0.5]",176,0.20937,1.46614,220,COMPLETED,12.709
266,20251204_025552,gaitgl_OUMVLP.csv,Preset_v2_8,TCN,42,"[160, 192]","[1, 2]","[False, True]","[0.2, 0.3]",2,7,1,gelu,False,True,max,,96,AdamW,,0.0001,5e-05,L2,256,0.06449,1.32881,0.54545,0.45278,"[0.625, 0.2, 0.53333]",0.59091,0.54848,"[0.5625, 0.4, 0.68293]",259,0.4414,1.12971,371,COMPLETED,21.538
267,20251204_025552,gaitpart_GREW.csv,Preset_v2_8,TCN,42,"[160, 192]","[1, 2]","[False, True]","[0.2, 0.3]",2,7,1,gelu,False,True,max,,96,AdamW,,0.0001,5e-05,L2,256,0.07991,1.7709,0.54545,0.47838,"[0.66667, 0.28571, 0.48276]",0.61364,0.55059,"[0.71698, 0.5, 0.43478]",323,0.10215,1.83882,347,COMPLETED,14.37
268,20251204_025552,gaitpart_OUMVLP.csv,Preset_v2_8,TCN,42,"[160, 192]","[1, 2]","[False, True]","[0.2, 0.3]",2,7,1,gelu,False,True,max,,96,AdamW,,0.0001,5e-05,L2,256,0.08136,1.65799,0.54545,0.45708,"[0.68293, 0.14286, 0.54545]",0.54545,0.5,"[0.66667, 0.33333, 0.5]",648,0.36051,1.34291,836,COMPLETED,34.735
269,20251204_025552,gaitset.csv,Preset_v2_8,TCN,42,"[160, 192]","[1, 2]","[False, True]","[0.2, 0.3]",2,7,1,gelu,False,True,max,,96,AdamW,,0.0001,5e-05,L2,256,0.06516,1.88618,0.36364,0.26772,"[0.45833, 0.0, 0.34483]",0.47727,0.35006,"[0.61538, 0.0, 0.43478]",148,0.31696,1.37591,240,COMPLETED,13.54
270,20251204_025552,gaitset_GREW.csv,Preset_v2_8,TCN,42,"[160, 192]","[1, 2]","[False, True]","[0.2, 0.3]",2,7,1,gelu,False,True,max,,96,AdamW,,0.0001,5e-05,L2,256,0.08606,1.71509,0.40909,0.35158,"[0.55, 0.11765, 0.3871]",0.52273,0.44463,"[0.58537, 0.22222, 0.52632]",189,0.31501,1.23597,260,COMPLETED,14.592
271,20251204_025552,gaitset_OUMVLP.csv,Preset_v2_8,TCN,42,"[160, 192]","[1, 2]","[False, True]","[0.2, 0.3]",2,7,1,gelu,False,True,max,,96,AdamW,,0.0001,5e-05,L2,256,0.09727,1.73858,0.5,0.45818,"[0.54054, 0.30769, 0.52632]",0.59091,0.58481,"[0.6383, 0.6, 0.51613]",560,0.5203,1.10819,908,COMPLETED,51.197
272,20251204_025552,gln_phase1.csv,Preset_v2_8,TCN,42,"[160, 192]","[1, 2]","[False, True]","[0.2, 0.3]",2,7,1,gelu,False,True,max,,96,AdamW,,0.0001,5e-05,L2,256,0.08882,1.38855,0.56818,0.47222,"[0.66667, 0.25, 0.5]",0.59091,0.54241,"[0.66667, 0.44444, 0.51613]",115,0.50849,0.98412,218,COMPLETED,15.085
273,20251204_025552,gln_phase2.csv,Preset_v2_8,TCN,42,"[160, 192]","[1, 2]","[False, True]","[0.2, 0.3]",2,7,1,gelu,False,True,max,,96,AdamW,,0.0001,5e-05,L2,256,0.08438,1.23553,0.52273,0.48889,"[0.6, 0.33333, 0.53333]",0.61364,0.60471,"[0.61111, 0.57143, 0.63158]",111,0.43524,0.9425,210,COMPLETED,14.445

274,20251204_025959,baseline_CASIAB.csv,Preset_v2_9,TCN,42,"[512, 512, 512]","[1, 2, 8]","[False, True, False]","[0.1, 0.1, 0.1]",3,9,2,mish,True,True,mean,256.0,48,AdamW,,0.0003,0.0,,256,0.03714,4.47014,0.43182,0.3496,"[0.58333, 0.11765, 0.34783]",0.5,0.46817,"[0.63415, 0.4, 0.37037]",46,0.51702,1.71299,59,COMPLETED,12.699
275,20251204_025959,baseline_OUMVLP.csv,Preset_v2_9,TCN,42,"[512, 512, 512]","[1, 2, 8]","[False, True, False]","[0.1, 0.1, 0.1]",3,9,2,mish,True,True,mean,256.0,48,AdamW,,0.0003,0.0,,256,0.02517,3.09006,0.5,0.3728,"[0.52381, 0.0, 0.59459]",0.59091,0.49572,"[0.63636, 0.22222, 0.62857]",79,0.1261,2.50362,101,COMPLETED,21.491
276,20251204_025959,gaitgl.csv,Preset_v2_9,TCN,42,"[512, 512, 512]","[1, 2, 8]","[False, True, False]","[0.1, 0.1, 0.1]",3,9,2,mish,True,True,mean,256.0,48,AdamW,,0.0003,0.0,,128,0.00608,4.63074,0.45455,0.2965,"[0.58182, 0.0, 0.30769]",0.5,0.42837,"[0.53659, 0.22222, 0.52632]",17,0.14807,3.56317,33,COMPLETED,9.627
277,20251204_025959,gaitgl_GREW.csv,Preset_v2_9,TCN,42,"[512, 512, 512]","[1, 2, 8]","[False, True, False]","[0.1, 0.1, 0.1]",3,9,2,mish,True,True,mean,256.0,48,AdamW,,0.0003,0.0,,256,0.01252,4.35209,0.40909,0.34789,"[0.55319, 0.3, 0.19048]",0.52273,0.49585,"[0.57143, 0.4, 0.51613]",59,0.28341,2.32136,73,COMPLETED,21.82
278,20251204_025959,gaitgl_GREW_BNNeck.csv,Preset_v2_9,TCN,42,"[512, 512, 512]","[1, 2, 8]","[False, True, False]","[0.1, 0.1, 0.1]",3,9,2,mish,True,True,mean,256.0,48,AdamW,,0.0003,0.0,,256,0.05682,8.44186,0.31818,0.28462,"[0.3, 0.15385, 0.4]",0.38636,0.4133,"[0.25, 0.54545, 0.44444]",196,0.46606,2.44942,231,COMPLETED,68.93
279,20251204_025959,gaitgl_OUMVLP.csv,Preset_v2_9,TCN,42,"[512, 512, 512]","[1, 2, 8]","[False, True, False]","[0.1, 0.1, 0.1]",3,9,2,mish,True,True,mean,256.0,48,AdamW,,0.0003,0.0,,256,0.0123,5.58837,0.36364,0.32137,"[0.53659, 0.16667, 0.26087]",0.47727,0.4309,"[0.59574, 0.36364, 0.33333]",102,0.63784,1.4814,139,COMPLETED,41.544
280,20251204_025959,gaitpart_GREW.csv,Preset_v2_9,TCN,42,"[512, 512, 512]","[1, 2, 8]","[False, True, False]","[0.1, 0.1, 0.1]",3,9,2,mish,True,True,mean,256.0,48,AdamW,,0.0003,0.0,,256,0.01545,4.08501,0.38636,0.34338,"[0.51163, 0.22222, 0.2963]",0.54545,0.51672,"[0.55556, 0.4, 0.59459]",43,0.6432,1.14676,82,COMPLETED,14.355
281,20251204_025959,gaitpart_OUMVLP.csv,Preset_v2_9,TCN,42,"[512, 512, 512]","[1, 2, 8]","[False, True, False]","[0.1, 0.1, 0.1]",3,9,2,mish,True,True,mean,256.0,48,AdamW,,0.0003,0.0,,256,0.02636,3.62527,0.43182,0.36484,"[0.60465, 0.10526, 0.38462]",0.59091,0.55188,"[0.68421, 0.4, 0.57143]",206,0.29807,1.60344,243,COMPLETED,42.575
282,20251204_025959,gaitset.csv,Preset_v2_9,TCN,42,"[512, 512, 512]","[1, 2, 8]","[False, True, False]","[0.1, 0.1, 0.1]",3,9,2,mish,True,True,mean,256.0,48,AdamW,,0.0003,0.0,,256,0.02755,4.44294,0.40909,0.35889,"[0.55814, 0.22222, 0.2963]",0.40909,0.4143,"[0.22222, 0.55556, 0.46512]",59,0.54389,2.16835,85,COMPLETED,25.263
283,20251204_025959,gaitset_GREW.csv,Preset_v2_9,TCN,42,"[512, 512, 512]","[1, 2, 8]","[False, True, False]","[0.1, 0.1, 0.1]",3,9,2,mish,True,True,mean,256.0,48,AdamW,,0.0003,0.0,,256,0.01614,3.40655,0.5,0.42544,"[0.52632, 0.2, 0.55]",0.59091,0.54086,"[0.65116, 0.4, 0.57143]",129,0.06068,3.40156,142,COMPLETED,42.459
284,20251204_025959,gaitset_OUMVLP.csv,Preset_v2_9,TCN,42,"[512, 512, 512]","[1, 2, 8]","[False, True, False]","[0.1, 0.1, 0.1]",3,9,2,mish,True,True,mean,256.0,48,AdamW,,0.0003,0.0,,256,0.04429,2.30438,0.56818,0.50804,"[0.7027, 0.25, 0.57143]",0.61364,0.54553,"[0.68421, 0.28571, 0.66667]",410,0.10773,1.83355,416,COMPLETED,123.689
285,20251204_025959,gln_phase1.csv,Preset_v2_9,TCN,42,"[512, 512, 512]","[1, 2, 8]","[False, True, False]","[0.1, 0.1, 0.1]",3,9,2,mish,True,True,mean,256.0,48,AdamW,,0.0003,0.0,,256,0.02112,3.58888,0.43182,0.37627,"[0.52632, 0.11765, 0.48485]",0.59091,0.48605,"[0.69565, 0.2, 0.5625]",52,0.58503,1.35404,103,COMPLETED,38.683
286,20251204_025959,gln_phase2.csv,Preset_v2_9,TCN,42,"[512, 512, 512]","[1, 2, 8]","[False, True, False]","[0.1, 0.1, 0.1]",3,9,2,mish,True,True,mean,256.0,48,AdamW,,0.0003,0.0,,256,0.02079,3.70794,0.36364,0.28945,"[0.45455, 0.0, 0.41379]",0.47727,0.44421,"[0.48649, 0.33333, 0.51282]",63,0.26072,2.33959,93,COMPLETED,34.919

287,20251204_030831,baseline_CASIAB.csv,Preset_v2_10,TCN,42,"[128, 160, 192, 224]","[1, 2, 3, 5]","[False, False, True, True]","[None, 0.1, 0.1, 0.2]",4,7,1,gelu,False,True,max,,96,AdamW,,0.0002,1e-05,L2,256,0.05546,1.66285,0.45455,0.33023,"[0.55319, 0.0, 0.4375]",0.45455,0.44916,"[0.48649, 0.42857, 0.43243]",52,0.5685,1.18818,106,COMPLETED,6.778
288,20251204_030831,baseline_OUMVLP.csv,Preset_v2_10,TCN,42,"[128, 160, 192, 224]","[1, 2, 3, 5]","[False, False, True, True]","[None, 0.1, 0.1, 0.2]",4,7,1,gelu,False,True,max,,96,AdamW,,0.0002,1e-05,L2,256,0.07153,1.82114,0.5,0.4753,"[0.51163, 0.4, 0.51429]",0.56818,0.53682,"[0.57778, 0.44444, 0.58824]",98,0.39277,1.29368,140,COMPLETED,8.883
289,20251204_030831,gaitgl.csv,Preset_v2_10,TCN,42,"[128, 160, 192, 224]","[1, 2, 3, 5]","[False, False, True, True]","[None, 0.1, 0.1, 0.2]",4,7,1,gelu,False,True,max,,96,AdamW,,0.0002,1e-05,L2,128,0.06804,1.17883,0.47727,0.34837,"[0.57143, 0.0, 0.47368]",0.47727,0.38374,"[0.61224, 0.18182, 0.35714]",25,0.6744,1.06863,58,COMPLETED,3.901
290,20251204_030831,gaitgl_GREW.csv,Preset_v2_10,TCN,42,"[128, 160, 192, 224]","[1, 2, 3, 5]","[False, False, True, True]","[None, 0.1, 0.1, 0.2]",4,7,1,gelu,False,True,max,,96,AdamW,,0.0002,1e-05,L2,256,0.06406,1.08413,0.47727,0.34497,"[0.57778, 0.0, 0.45714]",0.61364,0.44308,"[0.69767, 0.0, 0.63158]",34,0.24899,1.02202,49,COMPLETED,3.613
291,20251204_030831,gaitgl_GREW_BNNeck.csv,Preset_v2_10,TCN,42,"[128, 160, 192, 224]","[1, 2, 3, 5]","[False, False, True, True]","[None, 0.1, 0.1, 0.2]",4,7,1,gelu,False,True,max,,96,AdamW,,0.0002,1e-05,L2,256,0.07996,1.47921,0.47727,0.40514,"[0.54545, 0.15385, 0.51613]",0.54545,0.46254,"[0.55, 0.22222, 0.61538]",41,0.64372,1.14339,88,COMPLETED,6.617
292,20251204_030831,gaitgl_OUMVLP.csv,Preset_v2_10,TCN,42,"[128, 160, 192, 224]","[1, 2, 3, 5]","[False, False, True, True]","[None, 0.1, 0.1, 0.2]",4,7,1,gelu,False,True,max,,96,AdamW,,0.0002,1e-05,L2,256,0.07691,1.4183,0.56818,0.44841,"[0.67857, 0.25, 0.41667]",0.54545,0.51212,"[0.63636, 0.4, 0.5]",145,0.18225,1.19028,161,COMPLETED,11.923
293,20251204_030831,gaitpart_GREW.csv,Preset_v2_10,TCN,42,"[128, 160, 192, 224]","[1, 2, 3, 5]","[False, False, True, True]","[None, 0.1, 0.1, 0.2]",4,7,1,gelu,False,True,max,,96,AdamW,,0.0002,1e-05,L2,256,0.06309,1.62377,0.45455,0.37729,"[0.56522, 0.16667, 0.4]",0.54545,0.52669,"[0.65, 0.54545, 0.38462]",143,0.29348,1.38762,168,COMPLETED,9.609
294,20251204_030831,gaitpart_OUMVLP.csv,Preset_v2_10,TCN,42,"[128, 160, 192, 224]","[1, 2, 3, 5]","[False, False, True, True]","[None, 0.1, 0.1, 0.2]",4,7,1,gelu,False,True,max,,96,AdamW,,0.0002,1e-05,L2,256,0.09716,1.56021,0.52273,0.44333,"[0.63415, 0.13333, 0.5625]",0.59091,0.55074,"[0.64865, 0.375, 0.62857]",381,0.28037,1.42555,425,COMPLETED,23.855
295,20251204_030831,gaitset.csv,Preset_v2_10,TCN,42,"[128, 160, 192, 224]","[1, 2, 3, 5]","[False, False, True, True]","[None, 0.1, 0.1, 0.2]",4,7,1,gelu,False,True,max,,96,AdamW,,0.0002,1e-05,L2,256,0.06229,1.46968,0.5,0.36389,"[0.625, 0.0, 0.46667]",0.56818,0.41148,"[0.61905, 0.0, 0.61538]",52,0.37377,1.26778,74,COMPLETED,5.526
296,20251204_030831,gaitset_GREW.csv,Preset_v2_10,TCN,42,"[128, 160, 192, 224]","[1, 2, 3, 5]","[False, False, True, True]","[None, 0.1, 0.1, 0.2]",4,7,1,gelu,False,True,max,,96,AdamW,,0.0002,1e-05,L2,256,0.06515,1.58519,0.34091,0.29038,"[0.4878, 0.13333, 0.25]",0.52273,0.44233,"[0.55556, 0.2, 0.57143]",96,0.27359,1.36888,116,COMPLETED,8.547
297,20251204_030831,gaitset_OUMVLP.csv,Preset_v2_10,TCN,42,"[128, 160, 192, 224]","[1, 2, 3, 5]","[False, False, True, True]","[None, 0.1, 0.1, 0.2]",4,7,1,gelu,False,True,max,,96,AdamW,,0.0002,1e-05,L2,256,0.06621,2.05452,0.56818,0.45833,"[0.70833, 0.2, 0.46667]",0.56818,0.51806,"[0.65, 0.36364, 0.54054]",431,0.25076,1.54853,476,COMPLETED,34.641
298,20251204_030831,gln_phase1.csv,Preset_v2_10,TCN,42,"[128, 160, 192, 224]","[1, 2, 3, 5]","[False, False, True, True]","[None, 0.1, 0.1, 0.2]",4,7,1,gelu,False,True,max,,96,AdamW,,0.0002,1e-05,L2,256,0.06002,1.23487,0.43182,0.3122,"[0.53659, 0.0, 0.4]",0.59091,0.56763,"[0.65116, 0.5, 0.55172]",34,0.64411,1.04872,90,COMPLETED,8.424
299,20251204_030831,gln_phase2.csv,Preset_v2_10,TCN,42,"[128, 160, 192, 224]","[1, 2, 3, 5]","[False, False, True, True]","[None, 0.1, 0.1, 0.2]",4,7,1,gelu,False,True,max,,96,AdamW,,0.0002,1e-05,L2,256,0.07413,1.0039,0.61364,0.51053,"[0.68293, 0.2, 0.64865]",0.56818,0.55,"[0.5, 0.5, 0.65]",63,0.34416,1.04258,89,COMPLETED,8.236

300,20251204_031106,baseline_CASIAB.csv,Preset_v2_11,TCN,42,"[256, 384, 512, 640]","[1, 2, 4, 8]","[True, True, True, True]","[0.05, 0.05, 0.1, 0.1]",4,5,2,gelu,True,True,attention,384.0,64,AdamW,,0.00015,0.0001,L2,256,0.0193,2.6246,0.52273,0.35669,"[0.64151, 0.0, 0.42857]",0.56818,0.4579,"[0.67925, 0.25, 0.44444]",37,0.09398,2.17496,41,COMPLETED,7.61
301,20251204_031106,baseline_OUMVLP.csv,Preset_v2_11,TCN,42,"[256, 384, 512, 640]","[1, 2, 4, 8]","[True, True, True, True]","[0.05, 0.05, 0.1, 0.1]",4,5,2,gelu,True,True,attention,384.0,64,AdamW,,0.00015,0.0001,L2,256,0.01546,2.06196,0.54545,0.49161,"[0.60465, 0.30769, 0.5625]",0.61364,0.55758,"[0.66667, 0.4, 0.60606]",61,0.03801,1.92557,63,COMPLETED,11.47
302,20251204_031106,gaitgl.csv,Preset_v2_11,TCN,42,"[256, 384, 512, 640]","[1, 2, 4, 8]","[True, True, True, True]","[0.05, 0.05, 0.1, 0.1]",4,5,2,gelu,True,True,attention,384.0,64,AdamW,,0.00015,0.0001,L2,128,0.02883,2.59434,0.40909,0.3547,"[0.5, 0.15385, 0.41026]",0.5,0.42857,"[0.66667, 0.33333, 0.28571]",19,0.09933,2.10508,23,COMPLETED,5.831
303,20251204_031106,gaitgl_GREW.csv,Preset_v2_11,TCN,42,"[256, 384, 512, 640]","[1, 2, 4, 8]","[True, True, True, True]","[0.05, 0.05, 0.1, 0.1]",4,5,2,gelu,True,True,attention,384.0,64,AdamW,,0.00015,0.0001,L2,256,0.00865,2.10574,0.52273,0.4443,"[0.56522, 0.22222, 0.54545]",0.61364,0.51508,"[0.62857, 0.25, 0.66667]",23,0.1648,1.84621,28,COMPLETED,7.242
304,20251204_031106,gaitgl_GREW_BNNeck.csv,Preset_v2_11,TCN,42,"[256, 384, 512, 640]","[1, 2, 4, 8]","[True, True, True, True]","[0.05, 0.05, 0.1, 0.1]",4,5,2,gelu,True,True,attention,384.0,64,AdamW,,0.00015,0.0001,L2,256,0.0341,2.13273,0.5,0.43178,"[0.625, 0.28571, 0.38462]",0.56818,0.47844,"[0.63415, 0.22222, 0.57895]",25,0.06524,2.07541,27,COMPLETED,7.043
305,20251204_031106,gaitgl_OUMVLP.csv,Preset_v2_11,TCN,42,"[256, 384, 512, 640]","[1, 2, 4, 8]","[True, True, True, True]","[0.05, 0.05, 0.1, 0.1]",4,5,2,gelu,True,True,attention,384.0,64,AdamW,,0.00015,0.0001,L2,256,0.01679,1.78874,0.47727,0.41789,"[0.58333, 0.28571, 0.38462]",0.54545,0.46667,"[0.55, 0.25, 0.6]",32,0.17489,1.37904,41,COMPLETED,10.477
306,20251204_031106,gaitpart_GREW.csv,Preset_v2_11,TCN,42,"[256, 384, 512, 640]","[1, 2, 4, 8]","[True, True, True, True]","[0.05, 0.05, 0.1, 0.1]",4,5,2,gelu,True,True,attention,384.0,64,AdamW,,0.00015,0.0001,L2,256,0.01336,2.18789,0.52273,0.41604,"[0.68, 0.13333, 0.43478]",0.63636,0.52979,"[0.68293, 0.22222, 0.68421]",49,0.74328,0.95381,76,COMPLETED,11.708
307,20251204_031106,gaitpart_OUMVLP.csv,Preset_v2_11,TCN,42,"[256, 384, 512, 640]","[1, 2, 4, 8]","[True, True, True, True]","[0.05, 0.05, 0.1, 0.1]",4,5,2,gelu,True,True,attention,384.0,64,AdamW,,0.00015,0.0001,L2,256,0.01717,2.96543,0.54545,0.45946,"[0.51613, 0.25, 0.61224]",0.70455,0.61885,"[0.82051, 0.33333, 0.7027]",217,0.11018,1.48066,226,COMPLETED,34.609
308,20251204_031106,gaitset.csv,Preset_v2_11,TCN,42,"[256, 384, 512, 640]","[1, 2, 4, 8]","[True, True, True, True]","[0.05, 0.05, 0.1, 0.1]",4,5,2,gelu,True,True,attention,384.0,64,AdamW,,0.00015,0.0001,L2,256,0.01036,2.27603,0.40909,0.30525,"[0.47826, 0.0, 0.4375]",0.56818,0.5192,"[0.64151, 0.46154, 0.45455]",25,0.20846,1.53646,36,COMPLETED,9.107
309,20251204_031106,gaitset_GREW.csv,Preset_v2_11,TCN,42,"[256, 384, 512, 640]","[1, 2, 4, 8]","[True, True, True, True]","[0.05, 0.05, 0.1, 0.1]",4,5,2,gelu,True,True,attention,384.0,64,AdamW,,0.00015,0.0001,L2,256,0.00492,1.88348,0.54545,0.45888,"[0.61538, 0.16667, 0.59459]",0.52273,0.49269,"[0.5641, 0.33333, 0.58065]",32,0.53896,1.12116,45,COMPLETED,11.292
310,20251204_031106,gaitset_OUMVLP.csv,Preset_v2_11,TCN,42,"[256, 384, 512, 640]","[1, 2, 4, 8]","[True, True, True, True]","[0.05, 0.05, 0.1, 0.1]",4,5,2,gelu,True,True,attention,384.0,64,AdamW,,0.00015,0.0001,L2,256,0.02624,2.02093,0.59091,0.48852,"[0.68085, 0.22222, 0.5625]",0.63636,0.56663,"[0.71698, 0.44444, 0.53846]",248,0.21701,1.66424,262,COMPLETED,65.408
311,20251204_031106,gln_phase1.csv,Preset_v2_11,TCN,42,"[256, 384, 512, 640]","[1, 2, 4, 8]","[True, True, True, True]","[0.05, 0.05, 0.1, 0.1]",4,5,2,gelu,True,True,attention,384.0,64,AdamW,,0.00015,0.0001,L2,256,0.00961,2.56453,0.47727,0.34626,"[0.625, 0.0, 0.41379]",0.59091,0.47567,"[0.73469, 0.15385, 0.53846]",33,0.23072,1.32312,52,COMPLETED,17.091
312,20251204_031106,gln_phase2.csv,Preset_v2_11,TCN,42,"[256, 384, 512, 640]","[1, 2, 4, 8]","[True, True, True, True]","[0.05, 0.05, 0.1, 0.1]",4,5,2,gelu,True,True,attention,384.0,64,AdamW,,0.00015,0.0001,L2,256,0.03028,2.75361,0.40909,0.34432,"[0.57143, 0.30769, 0.15385]",0.47727,0.40827,"[0.55814, 0.22222, 0.44444]",39,0.0392,2.21339,40,COMPLETED,13.042

313,20251204_031452,baseline_CASIAB.csv,Preset_v2_12,TCN,42,"[128, 160, 192, 224, 256]","[1, 2, 4, 8, 16]","[True, True, True, True, True]","[None, 0.05, 0.1, 0.1, 0.15]",5,5,2,gelu,True,True,max,320.0,96,AdamW,,0.0002,0.0,,256,0.0378,1.08057,0.54545,0.38904,"[0.61538, 0.0, 0.55172]",0.54545,0.50504,"[0.625, 0.42857, 0.46154]",29,0.07142,1.11077,32,COMPLETED,3.455
314,20251204_031452,baseline_OUMVLP.csv,Preset_v2_12,TCN,42,"[128, 160, 192, 224, 256]","[1, 2, 4, 8, 16]","[True, True, True, True, True]","[None, 0.05, 0.1, 0.1, 0.15]",5,5,2,gelu,True,True,max,320.0,96,AdamW,,0.0002,0.0,,256,0.04521,1.29099,0.43182,0.37835,"[0.4, 0.22222, 0.51282]",0.5,0.45899,"[0.52381, 0.30769, 0.54545]",25,0.34965,1.15008,43,COMPLETED,4.718
315,20251204_031452,gaitgl.csv,Preset_v2_12,TCN,42,"[128, 160, 192, 224, 256]","[1, 2, 4, 8, 16]","[True, True, True, True, True]","[None, 0.05, 0.1, 0.1, 0.15]",5,5,2,gelu,True,True,max,320.0,96,AdamW,,0.0002,0.0,,128,0.04976,1.04913,0.45455,0.32387,"[0.52, 0.0, 0.45161]",0.47727,0.33856,"[0.54902, 0.0, 0.46667]",23,0.05497,1.07539,24,COMPLETED,3.018
316,20251204_031452,gaitgl_GREW.csv,Preset_v2_12,TCN,42,"[128, 160, 192, 224, 256]","[1, 2, 4, 8, 16]","[True, True, True, True, True]","[None, 0.05, 0.1, 0.1, 0.15]",5,5,2,gelu,True,True,max,320.0,96,AdamW,,0.0002,0.0,,256,0.03201,1.11253,0.47727,0.2746,"[0.63333, 0.0, 0.19048]",0.52273,0.33433,"[0.65517, 0.0, 0.34783]",11,0.27161,1.05347,20,COMPLETED,2.651
317,20251204_031452,gaitgl_GREW_BNNeck.csv,Preset_v2_12,TCN,42,"[128, 160, 192, 224, 256]","[1, 2, 4, 8, 16]","[True, True, True, True, True]","[None, 0.05, 0.1, 0.1, 0.15]",5,5,2,gelu,True,True,max,320.0,96,AdamW,,0.0002,0.0,,256,0.04842,1.26221,0.5,0.42105,"[0.56522, 0.18182, 0.51613]",0.52273,0.47222,"[0.58333, 0.33333, 0.5]",26,0.07151,1.24165,28,COMPLETED,3.731
318,20251204_031452,gaitgl_OUMVLP.csv,Preset_v2_12,TCN,42,"[128, 160, 192, 224, 256]","[1, 2, 4, 8, 16]","[True, True, True, True, True]","[None, 0.05, 0.1, 0.1, 0.15]",5,5,2,gelu,True,True,max,320.0,96,AdamW,,0.0002,0.0,,256,0.04885,1.41942,0.45455,0.31237,"[0.60377, 0.0, 0.33333]",0.47727,0.4133,"[0.54545, 0.25, 0.44444]",18,0.65432,1.11397,45,COMPLETED,5.907
319,20251204_031452,gaitpart_GREW.csv,Preset_v2_12,TCN,42,"[128, 160, 192, 224, 256]","[1, 2, 4, 8, 16]","[True, True, True, True, True]","[None, 0.05, 0.1, 0.1, 0.15]",5,5,2,gelu,True,True,max,320.0,96,AdamW,,0.0002,0.0,,256,0.06821,1.30028,0.47727,0.35271,"[0.55814, 0.0, 0.5]",0.61364,0.48576,"[0.72727, 0.25, 0.48]",39,0.181,1.26396,47,COMPLETED,4.83
320,20251204_031452,gaitpart_OUMVLP.csv,Preset_v2_12,TCN,42,"[128, 160, 192, 224, 256]","[1, 2, 4, 8, 16]","[True, True, True, True, True]","[None, 0.05, 0.1, 0.1, 0.15]",5,5,2,gelu,True,True,max,320.0,96,AdamW,,0.0002,0.0,,256,0.04729,1.1063,0.54545,0.39921,"[0.65217, 0.0, 0.54545]",0.63636,0.60511,"[0.66667, 0.5, 0.64865]",144,0.07153,1.07542,151,COMPLETED,15.277
321,20251204_031452,gaitset.csv,Preset_v2_12,TCN,42,"[128, 160, 192, 224, 256]","[1, 2, 4, 8, 16]","[True, True, True, True, True]","[None, 0.05, 0.1, 0.1, 0.15]",5,5,2,gelu,True,True,max,320.0,96,AdamW,,0.0002,0.0,,256,0.06312,1.43061,0.43182,0.28395,"[0.55556, 0.0, 0.2963]",0.47727,0.38336,"[0.60377, 0.25, 0.2963]",6,0.71486,1.05873,24,COMPLETED,3.13
322,20251204_031452,gaitset_GREW.csv,Preset_v2_12,TCN,42,"[128, 160, 192, 224, 256]","[1, 2, 4, 8, 16]","[True, True, True, True, True]","[None, 0.05, 0.1, 0.1, 0.15]",5,5,2,gelu,True,True,max,320.0,96,AdamW,,0.0002,0.0,,256,0.03982,1.2985,0.47727,0.34554,"[0.52381, 0.0, 0.51282]",0.5,0.37123,"[0.55556, 0.0, 0.55814]",20,0.28627,1.10764,34,COMPLETED,4.433
323,20251204_031452,gaitset_OUMVLP.csv,Preset_v2_12,TCN,42,"[128, 160, 192, 224, 256]","[1, 2, 4, 8, 16]","[True, True, True, True, True]","[None, 0.05, 0.1, 0.1, 0.15]",5,5,2,gelu,True,True,max,320.0,96,AdamW,,0.0002,0.0,,256,0.03936,1.59689,0.47727,0.40388,"[0.58537, 0.18182, 0.44444]",0.56818,0.52846,"[0.6383, 0.42857, 0.51852]",123,0.15946,1.34404,132,COMPLETED,17.029
324,20251204_031452,gln_phase1.csv,Preset_v2_12,TCN,42,"[128, 160, 192, 224, 256]","[1, 2, 4, 8, 16]","[True, True, True, True, True]","[None, 0.05, 0.1, 0.1, 0.15]",5,5,2,gelu,True,True,max,320.0,96,AdamW,,0.0002,0.0,,256,0.05865,1.07931,0.45455,0.32967,"[0.51282, 0.0, 0.47619]",0.5,0.49413,"[0.42424, 0.5, 0.55814]",15,0.31129,1.06742,26,COMPLETED,4.166
325,20251204_031452,gln_phase2.csv,Preset_v2_12,TCN,42,"[128, 160, 192, 224, 256]","[1, 2, 4, 8, 16]","[True, True, True, True, True]","[None, 0.05, 0.1, 0.1, 0.15]",5,5,2,gelu,True,True,max,320.0,96,AdamW,,0.0002,0.0,,256,0.06212,1.14401,0.54545,0.38272,"[0.62963, 0.0, 0.51852]",0.54545,0.45999,"[0.58537, 0.2, 0.59459]",21,0.13277,0.98249,27,COMPLETED,4.308

326,20251204_031622,baseline_CASIAB.csv,Preset_v2_13,TCN,42,"[192, 256, 320, 384]","[1, 2, 4, 8]","[True, True, True, True]","[None, 0.1, 0.1, 0.2]",4,7,2,gelu,True,True,attention,256.0,96,AdamW,,0.0002,5e-05,L2,256,0.0139,2.22151,0.45455,0.38364,"[0.54545, 0.15385, 0.45161]",0.59091,0.54718,"[0.68, 0.5, 0.46154]",49,0.34717,1.30446,68,COMPLETED,8.112
327,20251204_031622,baseline_OUMVLP.csv,Preset_v2_13,TCN,42,"[192, 256, 320, 384]","[1, 2, 4, 8]","[True, True, True, True]","[None, 0.1, 0.1, 0.2]",4,7,2,gelu,True,True,attention,256.0,96,AdamW,,0.0002,5e-05,L2,256,0.03656,2.44116,0.47727,0.4303,"[0.42424, 0.26667, 0.6]",0.59091,0.53695,"[0.62222, 0.36364, 0.625]",84,0.30321,1.39018,103,COMPLETED,12.148
328,20251204_031622,gaitgl.csv,Preset_v2_13,TCN,42,"[192, 256, 320, 384]","[1, 2, 4, 8]","[True, True, True, True]","[None, 0.1, 0.1, 0.2]",4,7,2,gelu,True,True,attention,256.0,96,AdamW,,0.0002,5e-05,L2,128,0.01854,2.59273,0.45455,0.37804,"[0.56522, 0.18182, 0.3871]",0.59091,0.49854,"[0.66667, 0.25, 0.57895]",18,0.14654,1.72965,23,COMPLETED,3.796
329,20251204_031622,gaitgl_GREW.csv,Preset_v2_13,TCN,42,"[192, 256, 320, 384]","[1, 2, 4, 8]","[True, True, True, True]","[None, 0.1, 0.1, 0.2]",4,7,2,gelu,True,True,attention,256.0,96,AdamW,,0.0002,5e-05,L2,256,0.00738,2.01808,0.56818,0.40835,"[0.69565, 0.0, 0.52941]",0.5,0.42646,"[0.55556, 0.2, 0.52381]",17,0.68834,1.14226,33,COMPLETED,5.624
330,20251204_031622,gaitgl_GREW_BNNeck.csv,Preset_v2_13,TCN,42,"[192, 256, 320, 384]","[1, 2, 4, 8]","[True, True, True, True]","[None, 0.1, 0.1, 0.2]",4,7,2,gelu,True,True,attention,256.0,96,AdamW,,0.0002,5e-05,L2,256,0.01584,2.26268,0.47727,0.40087,"[0.55319, 0.16667, 0.48276]",0.52273,0.44925,"[0.52632, 0.25, 0.57143]",43,0.07935,2.06469,47,COMPLETED,8.028
331,20251204_031622,gaitgl_OUMVLP.csv,Preset_v2_13,TCN,42,"[192, 256, 320, 384]","[1, 2, 4, 8]","[True, True, True, True]","[None, 0.1, 0.1, 0.2]",4,7,2,gelu,True,True,attention,256.0,96,AdamW,,0.0002,5e-05,L2,256,0.01412,2.08796,0.40909,0.40808,"[0.4, 0.4, 0.42424]",0.56818,0.4684,"[0.69091, 0.33333, 0.38095]",85,0.63198,1.07546,116,COMPLETED,19.761
332,20251204_031622,gaitpart_GREW.csv,Preset_v2_13,TCN,42,"[192, 256, 320, 384]","[1, 2, 4, 8]","[True, True, True, True]","[None, 0.1, 0.1, 0.2]",4,7,2,gelu,True,True,attention,256.0,96,AdamW,,0.0002,5e-05,L2,256,0.01685,2.32458,0.52273,0.47218,"[0.58537, 0.28571, 0.54545]",0.56818,0.52846,"[0.6383, 0.42857, 0.51852]",121,0.02186,2.28242,122,COMPLETED,12.319
333,20251204_031622,gaitpart_OUMVLP.csv,Preset_v2_13,TCN,42,"[192, 256, 320, 384]","[1, 2, 4, 8]","[True, True, True, True]","[None, 0.1, 0.1, 0.2]",4,7,2,gelu,True,True,attention,256.0,96,AdamW,,0.0002,5e-05,L2,256,0.05619,1.7579,0.54545,0.52532,"[0.61538, 0.44444, 0.51613]",0.63636,0.62885,"[0.68293, 0.61538, 0.58824]",477,0.08998,1.49702,481,COMPLETED,47.704
334,20251204_031622,gaitset.csv,Preset_v2_13,TCN,42,"[192, 256, 320, 384]","[1, 2, 4, 8]","[True, True, True, True]","[None, 0.1, 0.1, 0.2]",4,7,2,gelu,True,True,attention,256.0,96,AdamW,,0.0002,5e-05,L2,256,0.08792,2.22612,0.52273,0.37884,"[0.62222, 0.0, 0.51429]",0.54545,0.44833,"[0.64, 0.22222, 0.48276]",35,0.67367,1.05564,57,COMPLETED,9.644
335,20251204_031622,gaitset_GREW.csv,Preset_v2_13,TCN,42,"[192, 256, 320, 384]","[1, 2, 4, 8]","[True, True, True, True]","[None, 0.1, 0.1, 0.2]",4,7,2,gelu,True,True,attention,256.0,96,AdamW,,0.0002,5e-05,L2,256,0.02868,2.48111,0.5,0.35126,"[0.64, 0.0, 0.41379]",0.56818,0.52817,"[0.65116, 0.4, 0.53333]",58,0.42733,1.35792,77,COMPLETED,12.869
336,20251204_031622,gaitset_OUMVLP.csv,Preset_v2_13,TCN,42,"[192, 256, 320, 384]","[1, 2, 4, 8]","[True, True, True, True]","[None, 0.1, 0.1, 0.2]",4,7,2,gelu,True,True,attention,256.0,96,AdamW,,0.0002,5e-05,L2,256,1.00454,1.01691,0.47727,0.21538,"[0.64615, 0.0, 0.0]",0.47727,0.21538,"[0.64615, 0.0, 0.0]",136,1.00454,1.01691,136,STOPPED,22.575
337,20251204_031622,gln_phase1.csv,Preset_v2_13,TCN,42,"[192, 256, 320, 384]","[1, 2, 4, 8]","[True, True, True, True]","[None, 0.1, 0.1, 0.2]",4,7,2,gelu,True,True,attention,256.0,96,AdamW,,0.0002,5e-05,L2,256,0.01859,2.53712,0.38636,0.27778,"[0.5, 0.0, 0.33333]",0.63636,0.54055,"[0.77551, 0.30769, 0.53846]",55,0.22055,1.2393,82,COMPLETED,18.126
338,20251204_031622,gln_phase2.csv,Preset_v2_13,TCN,42,"[192, 256, 320, 384]","[1, 2, 4, 8]","[True, True, True, True]","[None, 0.1, 0.1, 0.2]",4,7,2,gelu,True,True,attention,256.0,96,AdamW,,0.0002,5e-05,L2,256,0.01285,1.67055,0.56818,0.42165,"[0.63636, 0.0, 0.62857]",0.56818,0.53618,"[0.5641, 0.44444, 0.6]",41,0.24223,1.29785,67,COMPLETED,14.697

339,20251204_031951,baseline_CASIAB.csv,Preset_v2_14,TCN,42,"[224, 288, 352, 416, 480]","[1, 2, 4, 8, 16]","[True, True, True, True, True]","[None, 0.1, 0.1, 0.1, 0.2]",5,5,2,gelu,True,True,mean,192.0,128,AdamW,,0.0001,1e-05,L2,256,0.04589,1.85057,0.54545,0.50794,"[0.61905, 0.33333, 0.57143]",0.54545,0.50794,"[0.61905, 0.33333, 0.57143]",86,0.04589,1.85057,86,COMPLETED,11.974
340,20251204_031951,baseline_OUMVLP.csv,Preset_v2_14,TCN,42,"[224, 288, 352, 416, 480]","[1, 2, 4, 8, 16]","[True, True, True, True, True]","[None, 0.1, 0.1, 0.1, 0.2]",5,5,2,gelu,True,True,mean,192.0,128,AdamW,,0.0001,1e-05,L2,256,0.03763,1.88048,0.59091,0.48889,"[0.66667, 0.2, 0.6]",0.59091,0.52594,"[0.68085, 0.36364, 0.53333]",75,0.2218,1.36294,100,COMPLETED,13.781
341,20251204_031951,gaitgl.csv,Preset_v2_14,TCN,42,"[224, 288, 352, 416, 480]","[1, 2, 4, 8, 16]","[True, True, True, True, True]","[None, 0.1, 0.1, 0.1, 0.2]",5,5,2,gelu,True,True,mean,192.0,128,AdamW,,0.0001,1e-05,L2,128,0.03301,2.13956,0.40909,0.24269,"[0.5614, 0.0, 0.16667]",0.47727,0.45005,"[0.51282, 0.36364, 0.47368]",47,0.37898,1.21768,60,COMPLETED,11.72
342,20251204_031951,gaitgl_GREW.csv,Preset_v2_14,TCN,42,"[224, 288, 352, 416, 480]","[1, 2, 4, 8, 16]","[True, True, True, True, True]","[None, 0.1, 0.1, 0.1, 0.2]",5,5,2,gelu,True,True,mean,192.0,128,AdamW,,0.0001,1e-05,L2,256,0.01986,1.18813,0.52273,0.43558,"[0.58824, 0.2, 0.51852]",0.63636,0.52963,"[0.66667, 0.2, 0.72222]",53,0.07586,1.06986,56,COMPLETED,11.562
343,20251204_031951,gaitgl_GREW_BNNeck.csv,Preset_v2_14,TCN,42,"[224, 288, 352, 416, 480]","[1, 2, 4, 8, 16]","[True, True, True, True, True]","[None, 0.1, 0.1, 0.1, 0.2]",5,5,2,gelu,True,True,mean,192.0,128,AdamW,,0.0001,1e-05,L2,256,0.04981,1.97694,0.47727,0.38625,"[0.58824, 0.15385, 0.41667]",0.5,0.42277,"[0.48649, 0.18182, 0.6]",69,0.07321,1.59287,72,COMPLETED,14.787
344,20251204_031951,gaitgl_OUMVLP.csv,Preset_v2_14,TCN,42,"[224, 288, 352, 416, 480]","[1, 2, 4, 8, 16]","[True, True, True, True, True]","[None, 0.1, 0.1, 0.1, 0.2]",5,5,2,gelu,True,True,mean,192.0,128,AdamW,,0.0001,1e-05,L2,256,0.03783,1.68811,0.54545,0.44722,"[0.69231, 0.28571, 0.36364]",0.5,0.48942,"[0.61111, 0.35714, 0.5]",116,0.2303,1.39507,126,COMPLETED,25.671
345,20251204_031951,gaitpart_GREW.csv,Preset_v2_14,TCN,42,"[224, 288, 352, 416, 480]","[1, 2, 4, 8, 16]","[True, True, True, True, True]","[None, 0.1, 0.1, 0.1, 0.2]",5,5,2,gelu,True,True,mean,192.0,128,AdamW,,0.0001,1e-05,L2,256,0.05107,1.46319,0.5,0.39804,"[0.62745, 0.16667, 0.4]",0.54545,0.5135,"[0.65116, 0.45455, 0.43478]",123,0.08885,1.53659,127,COMPLETED,13.254
346,20251204_031951,gaitpart_OUMVLP.csv,Preset_v2_14,TCN,42,"[224, 288, 352, 416, 480]","[1, 2, 4, 8, 16]","[True, True, True, True, True]","[None, 0.1, 0.1, 0.1, 0.2]",5,5,2,gelu,True,True,mean,192.0,128,AdamW,,0.0001,1e-05,L2,256,0.07036,1.81127,0.56818,0.41026,"[0.69231, 0.0, 0.53846]",0.56818,0.50164,"[0.65306, 0.33333, 0.51852]",219,0.70607,1.07354,292,COMPLETED,29.84
347,20251204_031951,gaitset.csv,Preset_v2_14,TCN,42,"[224, 288, 352, 416, 480]","[1, 2, 4, 8, 16]","[True, True, True, True, True]","[None, 0.1, 0.1, 0.1, 0.2]",5,5,2,gelu,True,True,mean,192.0,128,AdamW,,0.0001,1e-05,L2,256,0.05513,2.16099,0.36364,0.25048,"[0.49057, 0.0, 0.26087]",0.47727,0.33024,"[0.57692, 0.0, 0.41379]",46,0.66883,1.23552,70,COMPLETED,14.21
348,20251204_031951,gaitset_GREW.csv,Preset_v2_14,TCN,42,"[224, 288, 352, 416, 480]","[1, 2, 4, 8, 16]","[True, True, True, True, True]","[None, 0.1, 0.1, 0.1, 0.2]",5,5,2,gelu,True,True,mean,192.0,128,AdamW,,0.0001,1e-05,L2,256,0.05659,1.96448,0.47727,0.44386,"[0.4, 0.3, 0.63158]",0.52273,0.4902,"[0.47059, 0.33333, 0.66667]",86,0.07598,1.56541,90,COMPLETED,18.116
349,20251204_031951,gaitset_OUMVLP.csv,Preset_v2_14,TCN,42,"[224, 288, 352, 416, 480]","[1, 2, 4, 8, 16]","[True, True, True, True, True]","[None, 0.1, 0.1, 0.1, 0.2]",5,5,2,gelu,True,True,mean,192.0,128,AdamW,,0.0001,1e-05,L2,256,0.04155,1.42904,0.52273,0.44003,"[0.59091, 0.16667, 0.5625]",0.54545,0.51242,"[0.6087, 0.42857, 0.5]",205,0.31542,1.17841,254,COMPLETED,50.808
350,20251204_031951,gln_phase1.csv,Preset_v2_14,TCN,42,"[224, 288, 352, 416, 480]","[1, 2, 4, 8, 16]","[True, True, True, True, True]","[None, 0.1, 0.1, 0.1, 0.2]",5,5,2,gelu,True,True,mean,192.0,128,AdamW,,0.0001,1e-05,L2,256,0.05409,1.93318,0.52273,0.4555,"[0.6383, 0.26667, 0.46154]",0.61364,0.53358,"[0.70175, 0.44444, 0.45455]",82,0.21067,2.26383,91,COMPLETED,26.931
351,20251204_031951,gln_phase2.csv,Preset_v2_14,TCN,42,"[224, 288, 352, 416, 480]","[1, 2, 4, 8, 16]","[True, True, True, True, True]","[None, 0.1, 0.1, 0.1, 0.2]",5,5,2,gelu,True,True,mean,192.0,128,AdamW,,0.0001,1e-05,L2,256,0.03897,1.54952,0.54545,0.51183,"[0.61111, 0.35294, 0.57143]",0.59091,0.54937,"[0.68, 0.53333, 0.43478]",81,0.06096,1.56089,83,COMPLETED,24.452

352,20251204_032433,baseline_CASIAB.csv,Preset_v2_15,TCN,42,"[256, 320, 384, 448, 512]","[1, 2, 3, 4, 6]","[True, True, True, True, True]","[None, 0.1, 0.1, 0.1, 0.1]",5,7,2,gelu,True,True,attention,256.0,96,AdamW,,0.00018,0.0,,256,0.01155,1.94683,0.5,0.41925,"[0.61905, 0.15385, 0.48485]",0.56818,0.51207,"[0.62222, 0.33333, 0.58065]",45,0.06411,1.58012,48,COMPLETED,8.818
353,20251204_032433,baseline_OUMVLP.csv,Preset_v2_15,TCN,42,"[256, 320, 384, 448, 512]","[1, 2, 3, 4, 6]","[True, True, True, True, True]","[None, 0.1, 0.1, 0.1, 0.1]",5,7,2,gelu,True,True,attention,256.0,96,AdamW,,0.00018,0.0,,256,0.01636,2.60618,0.45455,0.40172,"[0.55319, 0.23529, 0.41667]",0.45455,0.4426,"[0.47619, 0.4, 0.45161]",38,0.21576,1.58299,60,COMPLETED,10.937
354,20251204_032433,gaitgl.csv,Preset_v2_15,TCN,42,"[256, 320, 384, 448, 512]","[1, 2, 3, 4, 6]","[True, True, True, True, True]","[None, 0.1, 0.1, 0.1, 0.1]",5,7,2,gelu,True,True,attention,256.0,96,AdamW,,0.00018,0.0,,128,0.00769,2.76185,0.34091,0.21178,"[0.48148, 0.0, 0.15385]",0.40909,0.36125,"[0.46154, 0.22222, 0.4]",10,0.05795,1.98513,14,COMPLETED,3.756
355,20251204_032433,gaitgl_GREW.csv,Preset_v2_15,TCN,42,"[256, 320, 384, 448, 512]","[1, 2, 3, 4, 6]","[True, True, True, True, True]","[None, 0.1, 0.1, 0.1, 0.1]",5,7,2,gelu,True,True,attention,256.0,96,AdamW,,0.00018,0.0,,256,0.00482,1.99598,0.5,0.35054,"[0.6, 0.0, 0.45161]",0.59091,0.43312,"[0.71111, 0.0, 0.58824]",18,0.0706,1.35999,22,COMPLETED,6.087
356,20251204_032433,gaitgl_GREW_BNNeck.csv,Preset_v2_15,TCN,42,"[256, 320, 384, 448, 512]","[1, 2, 3, 4, 6]","[True, True, True, True, True]","[None, 0.1, 0.1, 0.1, 0.1]",5,7,2,gelu,True,True,attention,256.0,96,AdamW,,0.00018,0.0,,256,0.01865,2.41175,0.56818,0.4737,"[0.62745, 0.22222, 0.57143]",0.56818,0.50581,"[0.6383, 0.30769, 0.57143]",39,0.06793,1.90133,42,COMPLETED,11.536
357,20251204_032433,gaitgl_OUMVLP.csv,Preset_v2_15,TCN,42,"[256, 320, 384, 448, 512]","[1, 2, 3, 4, 6]","[True, True, True, True, True]","[None, 0.1, 0.1, 0.1, 0.1]",5,7,2,gelu,True,True,attention,256.0,96,AdamW,,0.00018,0.0,,256,0.01442,1.9384,0.52273,0.44233,"[0.57143, 0.2, 0.55556]",0.56818,0.47844,"[0.57895, 0.22222, 0.63415]",38,0.10553,1.66342,43,COMPLETED,11.756
358,20251204_032433,gaitpart_GREW.csv,Preset_v2_15,TCN,42,"[256, 320, 384, 448, 512]","[1, 2, 3, 4, 6]","[True, True, True, True, True]","[None, 0.1, 0.1, 0.1, 0.1]",5,7,2,gelu,True,True,attention,256.0,96,AdamW,,0.00018,0.0,,256,0.01902,2.07207,0.5,0.40266,"[0.61538, 0.22222, 0.37037]",0.54545,0.55078,"[0.5641, 0.58824, 0.5]",73,0.29278,1.53664,78,COMPLETED,11.003
359,20251204_032433,gaitpart_OUMVLP.csv,Preset_v2_15,TCN,42,"[256, 320, 384, 448, 512]","[1, 2, 3, 4, 6]","[True, True, True, True, True]","[None, 0.1, 0.1, 0.1, 0.1]",5,7,2,gelu,True,True,attention,256.0,96,AdamW,,0.00018,0.0,,256,1.00645,1.0216,0.38636,0.2319,"[0.16, 0.0, 0.53571]",0.38636,0.2319,"[0.16, 0.0, 0.53571]",139,1.00645,1.0216,139,STOPPED,19.29
360,20251204_032433,gaitset.csv,Preset_v2_15,TCN,42,"[256, 320, 384, 448, 512]","[1, 2, 3, 4, 6]","[True, True, True, True, True]","[None, 0.1, 0.1, 0.1, 0.1]",5,7,2,gelu,True,True,attention,256.0,96,AdamW,,0.00018,0.0,,256,0.03841,2.18855,0.47727,0.35478,"[0.52381, 0.0, 0.54054]",0.52273,0.44585,"[0.57143, 0.25, 0.51613]",27,0.34641,1.42307,38,COMPLETED,10.178
361,20251204_032433,gaitset_GREW.csv,Preset_v2_15,TCN,42,"[256, 320, 384, 448, 512]","[1, 2, 3, 4, 6]","[True, True, True, True, True]","[None, 0.1, 0.1, 0.1, 0.1]",5,7,2,gelu,True,True,attention,256.0,96,AdamW,,0.00018,0.0,,256,0.02054,2.11867,0.40909,0.27959,"[0.56604, 0.0, 0.27273]",0.43182,0.3924,"[0.55814, 0.28571, 0.33333]",35,0.385,1.36706,52,COMPLETED,13.922
362,20251204_032433,gaitset_OUMVLP.csv,Preset_v2_15,TCN,42,"[256, 320, 384, 448, 512]","[1, 2, 3, 4, 6]","[True, True, True, True, True]","[None, 0.1, 0.1, 0.1, 0.1]",5,7,2,gelu,True,True,attention,256.0,96,AdamW,,0.00018,0.0,,256,1.01158,1.02027,0.47727,0.21538,"[0.64615, 0.0, 0.0]",0.47727,0.21538,"[0.64615, 0.0, 0.0]",259,1.01158,1.02027,259,STOPPED,68.827
363,20251204_032433,gln_phase1.csv,Preset_v2_15,TCN,42,"[256, 320, 384, 448, 512]","[1, 2, 3, 4, 6]","[True, True, True, True, True]","[None, 0.1, 0.1, 0.1, 0.1]",5,7,2,gelu,True,True,attention,256.0,96,AdamW,,0.00018,0.0,,256,0.01155,2.27481,0.43182,0.32051,"[0.5, 0.0, 0.46154]",0.56818,0.46769,"[0.68085, 0.22222, 0.5]",24,0.26157,1.54883,46,COMPLETED,16.598
364,20251204_032433,gln_phase2.csv,Preset_v2_15,TCN,42,"[256, 320, 384, 448, 512]","[1, 2, 3, 4, 6]","[True, True, True, True, True]","[None, 0.1, 0.1, 0.1, 0.1]",5,7,2,gelu,True,True,attention,256.0,96,AdamW,,0.00018,0.0,,256,0.05892,2.05027,0.52273,0.37903,"[0.57895, 0.0, 0.55814]",0.56818,0.54093,"[0.65, 0.42105, 0.55172]",35,0.08218,1.79246,36,COMPLETED,13.087

365,20251204_032813,baseline_CASIAB.csv,Preset_v2_16,TCN,42,"[256, 256, 384, 384]","[1, 2, 2, 4]","[True, True, True, True]","[0.1, 0.1, 0.2, 0.2]",4,7,3,gelu,True,True,last,256.0,96,AdamW,,0.0002,5e-05,L2,256,0.08716,2.90274,0.52273,0.4043,"[0.64286, 0.22222, 0.34783]",0.63636,0.62014,"[0.68293, 0.57143, 0.60606]",52,0.21939,1.6016,86,COMPLETED,12.473
366,20251204_032813,baseline_OUMVLP.csv,Preset_v2_16,TCN,42,"[256, 256, 384, 384]","[1, 2, 2, 4]","[True, True, True, True]","[0.1, 0.1, 0.2, 0.2]",4,7,3,gelu,True,True,last,256.0,96,AdamW,,0.0002,5e-05,L2,256,0.01608,1.86037,0.59091,0.53732,"[0.5641, 0.36364, 0.68421]",0.63636,0.62303,"[0.57143, 0.6, 0.69767]",66,0.4195,1.03484,99,COMPLETED,14.35
367,20251204_032813,gaitgl.csv,Preset_v2_16,TCN,42,"[256, 256, 384, 384]","[1, 2, 2, 4]","[True, True, True, True]","[0.1, 0.1, 0.2, 0.2]",4,7,3,gelu,True,True,last,256.0,96,AdamW,,0.0002,5e-05,L2,128,0.0383,2.88258,0.43182,0.3691,"[0.53659, 0.18182, 0.38889]",0.52273,0.45034,"[0.55556, 0.25, 0.54545]",15,0.49966,1.41895,32,COMPLETED,6.532
368,20251204_032813,gaitgl_GREW.csv,Preset_v2_16,TCN,42,"[256, 256, 384, 384]","[1, 2, 2, 4]","[True, True, True, True]","[0.1, 0.1, 0.2, 0.2]",4,7,3,gelu,True,True,last,256.0,96,AdamW,,0.0002,5e-05,L2,256,0.01558,2.32918,0.45455,0.39076,"[0.47619, 0.16667, 0.52941]",0.52273,0.43333,"[0.6, 0.2, 0.5]",24,0.01285,2.34288,25,COMPLETED,5.38
369,20251204_032813,gaitgl_GREW_BNNeck.csv,Preset_v2_16,TCN,42,"[256, 256, 384, 384]","[1, 2, 2, 4]","[True, True, True, True]","[0.1, 0.1, 0.2, 0.2]",4,7,3,gelu,True,True,last,256.0,96,AdamW,,0.0002,5e-05,L2,256,0.01986,1.85754,0.52273,0.49784,"[0.5641, 0.4, 0.52941]",0.54545,0.52206,"[0.5, 0.46154, 0.60465]",39,0.2556,1.3879,58,COMPLETED,12.38
370,20251204_032813,gaitgl_OUMVLP.csv,Preset_v2_16,TCN,42,"[256, 256, 384, 384]","[1, 2, 2, 4]","[True, True, True, True]","[0.1, 0.1, 0.2, 0.2]",4,7,3,gelu,True,True,last,256.0,96,AdamW,,0.0002,5e-05,L2,256,0.02191,2.27892,0.5,0.37179,"[0.5, 0.0, 0.61538]",0.63636,0.47267,"[0.70833, 0.0, 0.70968]",62,0.47572,1.3558,100,COMPLETED,21.321
371,20251204_032813,gaitpart_GREW.csv,Preset_v2_16,TCN,42,"[256, 256, 384, 384]","[1, 2, 2, 4]","[True, True, True, True]","[0.1, 0.1, 0.2, 0.2]",4,7,3,gelu,True,True,last,256.0,96,AdamW,,0.0002,5e-05,L2,256,0.02424,1.95493,0.54545,0.50947,"[0.6383, 0.46154, 0.42857]",0.59091,0.54718,"[0.68, 0.5, 0.46154]",112,0.04168,1.90927,115,COMPLETED,13.669
372,20251204_032813,gaitpart_OUMVLP.csv,Preset_v2_16,TCN,42,"[256, 256, 384, 384]","[1, 2, 2, 4]","[True, True, True, True]","[0.1, 0.1, 0.2, 0.2]",4,7,3,gelu,True,True,last,256.0,96,AdamW,,0.0002,5e-05,L2,256,0.04999,1.85357,0.52273,0.49848,"[0.55, 0.4, 0.54545]",0.65909,0.67417,"[0.62857, 0.72727, 0.66667]",512,0.57923,1.06501,639,COMPLETED,75.62
373,20251204_032813,gaitset.csv,Preset_v2_16,TCN,42,"[256, 256, 384, 384]","[1, 2, 2, 4]","[True, True, True, True]","[0.1, 0.1, 0.2, 0.2]",4,7,3,gelu,True,True,last,256.0,96,AdamW,,0.0002,5e-05,L2,256,0.01519,2.8402,0.38636,0.30808,"[0.5, 0.0, 0.42424]",0.52273,0.44735,"[0.57778, 0.25, 0.51429]",28,0.55032,1.13917,52,COMPLETED,10.912
374,20251204_032813,gaitset_GREW.csv,Preset_v2_16,TCN,42,"[256, 256, 384, 384]","[1, 2, 2, 4]","[True, True, True, True]","[0.1, 0.1, 0.2, 0.2]",4,7,3,gelu,True,True,last,256.0,96,AdamW,,0.0002,5e-05,L2,256,0.04153,2.4317,0.52273,0.46748,"[0.625, 0.36364, 0.41379]",0.54545,0.48269,"[0.64, 0.36364, 0.44444]",51,0.46274,1.4168,77,COMPLETED,16.092
375,20251204_032813,gaitset_OUMVLP.csv,Preset_v2_16,TCN,42,"[256, 256, 384, 384]","[1, 2, 2, 4]","[True, True, True, True]","[0.1, 0.1, 0.2, 0.2]",4,7,3,gelu,True,True,last,256.0,96,AdamW,,0.0002,5e-05,L2,256,0.05324,2.47738,0.52273,0.43752,"[0.63636, 0.14286, 0.53333]",0.61364,0.49059,"[0.7451, 0.16667, 0.56]",537,0.12019,2.25623,548,COMPLETED,113.608
376,20251204_032813,gln_phase1.csv,Preset_v2_16,TCN,42,"[256, 256, 384, 384]","[1, 2, 2, 4]","[True, True, True, True]","[0.1, 0.1, 0.2, 0.2]",4,7,3,gelu,True,True,last,256.0,96,AdamW,,0.0002,5e-05,L2,256,0.02858,2.12134,0.47727,0.35414,"[0.59574, 0.0, 0.46667]",0.56818,0.54949,"[0.61538, 0.47059, 0.5625]",49,0.23506,1.39459,57,COMPLETED,15.887
377,20251204_032813,gln_phase2.csv,Preset_v2_16,TCN,42,"[256, 256, 384, 384]","[1, 2, 2, 4]","[True, True, True, True]","[0.1, 0.1, 0.2, 0.2]",4,7,3,gelu,True,True,last,256.0,96,AdamW,,0.0002,5e-05,L2,256,0.03366,2.69616,0.47727,0.31273,"[0.61818, 0.0, 0.32]",0.54545,0.46053,"[0.55, 0.2, 0.63158]",29,0.58463,1.21545,50,COMPLETED,13.959

378,20251204_135154,baseline_CASIAB.csv,Preset_v2_1,TCN,42,"[896, 768, 640]","[1, 2, 4]","[True, True, True]","[None, 0.05, 0.1]",3,3,2,gelu,True,True,attention,256,96,AdamW,,0.00018,1e-05,minmax,256,1.00683,1.01455,0.47727,0.21538,"[0.64615, 0.0, 0.0]",0.47727,0.21538,"[0.64615, 0.0, 0.0]",148,1.00683,1.01455,148,STOPPED,25.387
379,20251204_135154,baseline_OUMVLP.csv,Preset_v2_1,TCN,42,"[896, 768, 640]","[1, 2, 4]","[True, True, True]","[None, 0.05, 0.1]",3,3,2,gelu,True,True,attention,256,96,AdamW,,0.00018,1e-05,minmax,256,1.00535,1.01382,0.47727,0.21538,"[0.64615, 0.0, 0.0]",0.47727,0.21538,"[0.64615, 0.0, 0.0]",168,1.00535,1.01382,168,STOPPED,28.383
380,20251204_135154,gaitgl.csv,Preset_v2_1,TCN,42,"[896, 768, 640]","[1, 2, 4]","[True, True, True]","[None, 0.05, 0.1]",3,3,2,gelu,True,True,attention,256,96,AdamW,,0.00018,1e-05,minmax,128,1.011,1.01776,0.47727,0.21538,"[0.64615, 0.0, 0.0]",0.47727,0.21538,"[0.64615, 0.0, 0.0]",135,1.011,1.01776,135,STOPPED,32.968
381,20251204_135154,gaitgl_GREW.csv,Preset_v2_1,TCN,42,"[896, 768, 640]","[1, 2, 4]","[True, True, True]","[None, 0.05, 0.1]",3,3,2,gelu,True,True,attention,256,96,AdamW,,0.00018,1e-05,minmax,256,1.00822,1.01932,0.47727,0.21538,"[0.64615, 0.0, 0.0]",0.47727,0.21538,"[0.64615, 0.0, 0.0]",112,1.00822,1.01932,112,STOPPED,28.861
382,20251204_135154,gaitgl_GREW_BNNeck.csv,Preset_v2_1,TCN,42,"[896, 768, 640]","[1, 2, 4]","[True, True, True]","[None, 0.05, 0.1]",3,3,2,gelu,True,True,attention,256,96,AdamW,,0.00018,1e-05,minmax,256,1.01328,1.02242,0.47727,0.21538,"[0.64615, 0.0, 0.0]",0.47727,0.21538,"[0.64615, 0.0, 0.0]",161,1.01328,1.02242,161,STOPPED,40.77
383,20251204_135154,gaitgl_OUMVLP.csv,Preset_v2_1,TCN,42,"[896, 768, 640]","[1, 2, 4]","[True, True, True]","[None, 0.05, 0.1]",3,3,2,gelu,True,True,attention,256,96,AdamW,,0.00018,1e-05,minmax,256,1.00649,1.0151,0.47727,0.21538,"[0.64615, 0.0, 0.0]",0.47727,0.21538,"[0.64615, 0.0, 0.0]",118,1.00649,1.0151,118,STOPPED,29.995
384,20251204_135154,gaitpart_GREW.csv,Preset_v2_1,TCN,42,"[896, 768, 640]","[1, 2, 4]","[True, True, True]","[None, 0.05, 0.1]",3,3,2,gelu,True,True,attention,256,96,AdamW,,0.00018,1e-05,minmax,256,1.00581,1.01326,0.47727,0.21538,"[0.64615, 0.0, 0.0]",0.47727,0.21538,"[0.64615, 0.0, 0.0]",122,1.00581,1.01326,122,STOPPED,14.523
385,20251204_135154,gaitpart_OUMVLP.csv,Preset_v2_1,TCN,42,"[896, 768, 640]","[1, 2, 4]","[True, True, True]","[None, 0.05, 0.1]",3,3,2,gelu,True,True,attention,256,96,AdamW,,0.00018,1e-05,minmax,256,1.00798,1.01534,0.47727,0.21538,"[0.64615, 0.0, 0.0]",0.47727,0.21538,"[0.64615, 0.0, 0.0]",144,1.00798,1.01534,144,STOPPED,17.078
386,20251204_135154,gaitset.csv,Preset_v2_1,TCN,42,"[896, 768, 640]","[1, 2, 4]","[True, True, True]","[None, 0.05, 0.1]",3,3,2,gelu,True,True,attention,256,96,AdamW,,0.00018,1e-05,minmax,256,1.0062,1.01427,0.47727,0.21538,"[0.64615, 0.0, 0.0]",0.47727,0.21538,"[0.64615, 0.0, 0.0]",121,1.0062,1.01427,121,STOPPED,30.265
387,20251204_135154,gaitset_GREW.csv,Preset_v2_1,TCN,42,"[896, 768, 640]","[1, 2, 4]","[True, True, True]","[None, 0.05, 0.1]",3,3,2,gelu,True,True,attention,256,96,AdamW,,0.00018,1e-05,minmax,256,1.00633,1.01535,0.47727,0.21538,"[0.64615, 0.0, 0.0]",0.47727,0.21538,"[0.64615, 0.0, 0.0]",130,1.00633,1.01535,130,STOPPED,32.203
388,20251204_135154,gaitset_OUMVLP.csv,Preset_v2_1,TCN,42,"[896, 768, 640]","[1, 2, 4]","[True, True, True]","[None, 0.05, 0.1]",3,3,2,gelu,True,True,attention,256,96,AdamW,,0.00018,1e-05,minmax,256,1.00553,1.01333,0.47727,0.21538,"[0.64615, 0.0, 0.0]",0.47727,0.21538,"[0.64615, 0.0, 0.0]",144,1.00553,1.01333,144,STOPPED,35.212
389,20251204_135154,gln_phase1.csv,Preset_v2_1,TCN,42,"[896, 768, 640]","[1, 2, 4]","[True, True, True]","[None, 0.05, 0.1]",3,3,2,gelu,True,True,attention,256,96,AdamW,,0.00018,1e-05,minmax,256,1.00759,1.01444,0.47727,0.21538,"[0.64615, 0.0, 0.0]",0.47727,0.21538,"[0.64615, 0.0, 0.0]",145,1.00759,1.01444,145,STOPPED,47.598
390,20251204_135154,gln_phase2.csv,Preset_v2_1,TCN,42,"[896, 768, 640]","[1, 2, 4]","[True, True, True]","[None, 0.05, 0.1]",3,3,2,gelu,True,True,attention,256,96,AdamW,,0.00018,1e-05,minmax,256,1.00542,1.01443,0.47727,0.21538,"[0.64615, 0.0, 0.0]",0.47727,0.21538,"[0.64615, 0.0, 0.0]",146,1.00542,1.01443,146,STOPPED,47.864

391,20251204_135905,baseline_CASIAB.csv,Preset_v2_2,TCN,42,"[512, 512, 512, 512]","[1, 2, 4, 8]","[True, True, True, True]","[None, 0.05, 0.1, 0.1]",4,5,2,gelu,True,True,max,256,96,AdamW,,0.00015,1e-05,minmax,256,0.05057,2.55593,0.40909,0.38746,"[0.41026, 0.30769, 0.44444]",0.40909,0.38746,"[0.41026, 0.30769, 0.44444]",183,0.05057,2.55593,183,COMPLETED,23.993
392,20251204_135905,baseline_OUMVLP.csv,Preset_v2_2,TCN,42,"[512, 512, 512, 512]","[1, 2, 4, 8]","[True, True, True, True]","[None, 0.05, 0.1, 0.1]",4,5,2,gelu,True,True,max,256,96,AdamW,,0.00015,1e-05,minmax,256,0.03875,1.99849,0.5,0.36525,"[0.59574, 0.0, 0.5]",0.61364,0.49568,"[0.7037, 0.2, 0.58333]",180,0.10177,2.11328,186,COMPLETED,24.057
393,20251204_135905,gaitgl.csv,Preset_v2_2,TCN,42,"[512, 512, 512, 512]","[1, 2, 4, 8]","[True, True, True, True]","[None, 0.05, 0.1, 0.1]",4,5,2,gelu,True,True,max,256,96,AdamW,,0.00015,1e-05,minmax,128,0.04806,1.61504,0.40909,0.26211,"[0.55556, 0.0, 0.23077]",0.5,0.3622,"[0.55, 0.0, 0.53659]",47,0.31255,1.38657,58,COMPLETED,10.884
394,20251204_135905,gaitgl_GREW.csv,Preset_v2_2,TCN,42,"[512, 512, 512, 512]","[1, 2, 4, 8]","[True, True, True, True]","[None, 0.05, 0.1, 0.1]",4,5,2,gelu,True,True,max,256,96,AdamW,,0.00015,1e-05,minmax,256,0.05443,1.45451,0.47727,0.2943,"[0.61017, 0.0, 0.27273]",0.54545,0.4914,"[0.57895, 0.26667, 0.62857]",47,0.61295,1.09656,64,COMPLETED,12.333
395,20251204_135905,gaitgl_GREW_BNNeck.csv,Preset_v2_2,TCN,42,"[512, 512, 512, 512]","[1, 2, 4, 8]","[True, True, True, True]","[None, 0.05, 0.1, 0.1]",4,5,2,gelu,True,True,max,256,96,AdamW,,0.00015,1e-05,minmax,256,1.00495,1.01343,0.47727,0.21538,"[0.64615, 0.0, 0.0]",0.47727,0.21538,"[0.64615, 0.0, 0.0]",130,1.00495,1.01343,130,STOPPED,25.02
396,20251204_135905,gaitgl_OUMVLP.csv,Preset_v2_2,TCN,42,"[512, 512, 512, 512]","[1, 2, 4, 8]","[True, True, True, True]","[None, 0.05, 0.1, 0.1]",4,5,2,gelu,True,True,max,256,96,AdamW,,0.00015,1e-05,minmax,256,0.0544,3.1585,0.5,0.43265,"[0.61224, 0.28571, 0.4]",0.5,0.45462,"[0.54545, 0.26667, 0.55172]",356,0.21537,1.93394,376,COMPLETED,72.177
397,20251204_135905,gaitpart_GREW.csv,Preset_v2_2,TCN,42,"[512, 512, 512, 512]","[1, 2, 4, 8]","[True, True, True, True]","[None, 0.05, 0.1, 0.1]",4,5,2,gelu,True,True,max,256,96,AdamW,,0.00015,1e-05,minmax,256,0.04471,2.49712,0.52273,0.41548,"[0.65385, 0.22222, 0.37037]",0.54545,0.52028,"[0.61538, 0.54545, 0.4]",143,0.62156,1.65222,191,COMPLETED,18.576
398,20251204_135905,gaitpart_OUMVLP.csv,Preset_v2_2,TCN,42,"[512, 512, 512, 512]","[1, 2, 4, 8]","[True, True, True, True]","[None, 0.05, 0.1, 0.1]",4,5,2,gelu,True,True,max,256,96,AdamW,,0.00015,1e-05,minmax,256,1.00645,1.01506,0.47727,0.21538,"[0.64615, 0.0, 0.0]",0.47727,0.21538,"[0.64615, 0.0, 0.0]",164,1.00645,1.01506,164,STOPPED,15.908
399,20251204_135905,gaitset.csv,Preset_v2_2,TCN,42,"[512, 512, 512, 512]","[1, 2, 4, 8]","[True, True, True, True]","[None, 0.05, 0.1, 0.1]",4,5,2,gelu,True,True,max,256,96,AdamW,,0.00015,1e-05,minmax,256,0.03696,1.7249,0.40909,0.32028,"[0.53659, 0.0, 0.42424]",0.54545,0.51111,"[0.62857, 0.33333, 0.57143]",122,0.1229,1.38509,138,COMPLETED,26.107
400,20251204_135905,gaitset_GREW.csv,Preset_v2_2,TCN,42,"[512, 512, 512, 512]","[1, 2, 4, 8]","[True, True, True, True]","[None, 0.05, 0.1, 0.1]",4,5,2,gelu,True,True,max,256,96,AdamW,,0.00015,1e-05,minmax,256,0.01984,2.65112,0.40909,0.34205,"[0.52174, 0.18182, 0.32258]",0.47727,0.41583,"[0.52381, 0.25, 0.47368]",256,0.22016,2.34141,289,COMPLETED,54.33
401,20251204_135905,gaitset_OUMVLP.csv,Preset_v2_2,TCN,42,"[512, 512, 512, 512]","[1, 2, 4, 8]","[True, True, True, True]","[None, 0.05, 0.1, 0.1]",4,5,2,gelu,True,True,max,256,96,AdamW,,0.00015,1e-05,minmax,256,1.00516,1.01313,0.47727,0.21538,"[0.64615, 0.0, 0.0]",0.47727,0.21538,"[0.64615, 0.0, 0.0]",165,1.00516,1.01313,165,STOPPED,31.1
402,20251204_135905,gln_phase1.csv,Preset_v2_2,TCN,42,"[512, 512, 512, 512]","[1, 2, 4, 8]","[True, True, True, True]","[None, 0.05, 0.1, 0.1]",4,5,2,gelu,True,True,max,256,96,AdamW,,0.00015,1e-05,minmax,256,0.03585,1.49063,0.52273,0.44592,"[0.53659, 0.22222, 0.57895]",0.61364,0.55926,"[0.66667, 0.4, 0.61111]",158,0.69544,0.9629,222,COMPLETED,55.793
403,20251204_135905,gln_phase2.csv,Preset_v2_2,TCN,42,"[512, 512, 512, 512]","[1, 2, 4, 8]","[True, True, True, True]","[None, 0.05, 0.1, 0.1]",4,5,2,gelu,True,True,max,256,96,AdamW,,0.00015,1e-05,minmax,256,0.03734,1.57651,0.63636,0.65641,"[0.66667, 0.76923, 0.53333]",0.63636,0.65641,"[0.66667, 0.76923, 0.53333]",172,0.03734,1.57651,172,COMPLETED,43.203

404,20251204_140613,baseline_CASIAB.csv,Preset_v2_3,TCN,42,"[384, 384, 384]","[1, 3, 9]","[True, False, True]","[0.05, 0.05, 0.05]",3,7,2,leakyrelu,False,False,attention,128,64,Adam,,0.0001,2e-06,L2,256,0.02507,2.34246,0.5,0.36649,"[0.58333, 0.0, 0.51613]",0.52273,0.43056,"[0.625, 0.16667, 0.5]",55,0.29638,1.59077,63,COMPLETED,6.84
405,20251204_140613,baseline_OUMVLP.csv,Preset_v2_3,TCN,42,"[384, 384, 384]","[1, 3, 9]","[True, False, True]","[0.05, 0.05, 0.05]",3,7,2,leakyrelu,False,False,attention,128,64,Adam,,0.0001,2e-06,L2,256,0.01949,2.3971,0.43182,0.4019,"[0.41026, 0.25, 0.54545]",0.59091,0.49667,"[0.64, 0.25, 0.6]",87,0.47439,1.27284,129,COMPLETED,13.648
406,20251204_140613,gaitgl.csv,Preset_v2_3,TCN,42,"[384, 384, 384]","[1, 3, 9]","[True, False, True]","[0.05, 0.05, 0.05]",3,7,2,leakyrelu,False,False,attention,128,64,Adam,,0.0001,2e-06,L2,128,0.03258,2.13186,0.5,0.42877,"[0.5, 0.22222, 0.5641]",0.54545,0.46211,"[0.6, 0.22222, 0.5641]",23,0.50885,1.16235,36,COMPLETED,4.506
407,20251204_140613,gaitgl_GREW.csv,Preset_v2_3,TCN,42,"[384, 384, 384]","[1, 3, 9]","[True, False, True]","[0.05, 0.05, 0.05]",3,7,2,leakyrelu,False,False,attention,128,64,Adam,,0.0001,2e-06,L2,256,0.0226,1.96977,0.5,0.42414,"[0.55814, 0.2, 0.51429]",0.5,0.46465,"[0.54545, 0.36364, 0.48485]",40,0.04057,1.71129,42,COMPLETED,5.644
408,20251204_140613,gaitgl_GREW_BNNeck.csv,Preset_v2_3,TCN,42,"[384, 384, 384]","[1, 3, 9]","[True, False, True]","[0.05, 0.05, 0.05]",3,7,2,leakyrelu,False,False,attention,128,64,Adam,,0.0001,2e-06,L2,256,0.01637,2.48143,0.40909,0.38251,"[0.47619, 0.30769, 0.36364]",0.54545,0.4741,"[0.65306, 0.30769, 0.46154]",60,0.10698,1.8237,65,COMPLETED,8.744
409,20251204_140613,gaitgl_OUMVLP.csv,Preset_v2_3,TCN,42,"[384, 384, 384]","[1, 3, 9]","[True, False, True]","[0.05, 0.05, 0.05]",3,7,2,leakyrelu,False,False,attention,128,64,Adam,,0.0001,2e-06,L2,256,0.02507,1.91739,0.56818,0.45369,"[0.67925, 0.18182, 0.5]",0.54545,0.4759,"[0.64, 0.30769, 0.48]",98,0.03799,1.76743,100,COMPLETED,13.367
410,20251204_140613,gaitpart_GREW.csv,Preset_v2_3,TCN,42,"[384, 384, 384]","[1, 3, 9]","[True, False, True]","[0.05, 0.05, 0.05]",3,7,2,leakyrelu,False,False,attention,128,64,Adam,,0.0001,2e-06,L2,256,0.03146,2.26847,0.47727,0.42407,"[0.57778, 0.25, 0.44444]",0.56818,0.50513,"[0.65385, 0.4, 0.46154]",97,0.41884,1.55353,141,COMPLETED,12.624
411,20251204_140613,gaitpart_OUMVLP.csv,Preset_v2_3,TCN,42,"[384, 384, 384]","[1, 3, 9]","[True, False, True]","[0.05, 0.05, 0.05]",3,7,2,leakyrelu,False,False,attention,128,64,Adam,,0.0001,2e-06,L2,256,0.02665,2.33885,0.5,0.41953,"[0.63415, 0.15385, 0.47059]",0.56818,0.47932,"[0.64706, 0.2, 0.59091]",268,0.56544,1.09597,328,COMPLETED,29.442
412,20251204_140613,gaitset.csv,Preset_v2_3,TCN,42,"[384, 384, 384]","[1, 3, 9]","[True, False, True]","[0.05, 0.05, 0.05]",3,7,2,leakyrelu,False,False,attention,128,64,Adam,,0.0001,2e-06,L2,256,0.02118,2.42589,0.38636,0.3065,"[0.53061, 0.16667, 0.22222]",0.43182,0.37388,"[0.57778, 0.21053, 0.33333]",43,0.41931,1.54783,57,COMPLETED,7.536
413,20251204_140613,gaitset_GREW.csv,Preset_v2_3,TCN,42,"[384, 384, 384]","[1, 3, 9]","[True, False, True]","[0.05, 0.05, 0.05]",3,7,2,leakyrelu,False,False,attention,128,64,Adam,,0.0001,2e-06,L2,256,0.02548,2.08458,0.47727,0.37647,"[0.6, 0.0, 0.52941]",0.5,0.43889,"[0.62222, 0.25, 0.44444]",117,0.18504,1.62656,133,COMPLETED,17.379
414,20251204_140613,gaitset_OUMVLP.csv,Preset_v2_3,TCN,42,"[384, 384, 384]","[1, 3, 9]","[True, False, True]","[0.05, 0.05, 0.05]",3,7,2,leakyrelu,False,False,attention,128,64,Adam,,0.0001,2e-06,L2,256,0.032,2.75014,0.34091,0.28918,"[0.45833, 0.23529, 0.17391]",0.45455,0.43735,"[0.42424, 0.375, 0.51282]",197,0.57157,1.44266,275,COMPLETED,35.961
415,20251204_140613,gln_phase1.csv,Preset_v2_3,TCN,42,"[384, 384, 384]","[1, 3, 9]","[True, False, True]","[0.05, 0.05, 0.05]",3,7,2,leakyrelu,False,False,attention,128,64,Adam,,0.0001,2e-06,L2,256,0.03365,1.86072,0.52273,0.45549,"[0.65217, 0.28571, 0.42857]",0.59091,0.4748,"[0.70588, 0.2, 0.51852]",59,0.18768,1.30641,71,COMPLETED,12.424
416,20251204_140613,gln_phase2.csv,Preset_v2_3,TCN,42,"[384, 384, 384]","[1, 3, 9]","[True, False, True]","[0.05, 0.05, 0.05]",3,7,2,leakyrelu,False,False,attention,128,64,Adam,,0.0001,2e-06,L2,256,0.01969,2.14104,0.47727,0.39869,"[0.57778, 0.16667, 0.45161]",0.56818,0.53473,"[0.55556, 0.4, 0.64865]",52,0.67949,1.07465,78,COMPLETED,13.419

417,20251204_140929,baseline_CASIAB.csv,Preset_v2_4,TCN,42,"[256, 384, 512, 512]","[1, 2, 4, 8]","[True, True, True, True]","[None, 0.05, 0.1, 0.1]",4,5,3,gelu,True,True,max,256,96,AdamW,,0.0002,1e-05,minmax,256,0.04427,2.73751,0.43182,0.39794,"[0.47368, 0.23529, 0.48485]",0.52273,0.48526,"[0.53659, 0.36364, 0.55556]",185,0.45218,1.32835,222,COMPLETED,31.164
418,20251204_140929,baseline_OUMVLP.csv,Preset_v2_4,TCN,42,"[256, 384, 512, 512]","[1, 2, 4, 8]","[True, True, True, True]","[None, 0.05, 0.1, 0.1]",4,5,3,gelu,True,True,max,256,96,AdamW,,0.0002,1e-05,minmax,256,0.02862,2.28301,0.54545,0.39472,"[0.55, 0.0, 0.63415]",0.59091,0.54339,"[0.61905, 0.4, 0.61111]",272,0.28466,1.7306,285,COMPLETED,39.931
419,20251204_140929,gaitgl.csv,Preset_v2_4,TCN,42,"[256, 384, 512, 512]","[1, 2, 4, 8]","[True, True, True, True]","[None, 0.05, 0.1, 0.1]",4,5,3,gelu,True,True,max,256,96,AdamW,,0.0002,1e-05,minmax,128,0.02922,1.78637,0.45455,0.3157,"[0.56, 0.0, 0.3871]",0.45455,0.40155,"[0.60465, 0.26667, 0.33333]",85,0.03432,1.5054,86,COMPLETED,16.75
420,20251204_140929,gaitgl_GREW.csv,Preset_v2_4,TCN,42,"[256, 384, 512, 512]","[1, 2, 4, 8]","[True, True, True, True]","[None, 0.05, 0.1, 0.1]",4,5,3,gelu,True,True,max,256,96,AdamW,,0.0002,1e-05,minmax,256,0.03432,1.4102,0.54545,0.48611,"[0.66667, 0.375, 0.41667]",0.54545,0.48611,"[0.66667, 0.375, 0.41667]",63,0.03432,1.4102,63,COMPLETED,12.848
421,20251204_140929,gaitgl_GREW_BNNeck.csv,Preset_v2_4,TCN,42,"[256, 384, 512, 512]","[1, 2, 4, 8]","[True, True, True, True]","[None, 0.05, 0.1, 0.1]",4,5,3,gelu,True,True,max,256,96,AdamW,,0.0002,1e-05,minmax,256,1.01068,1.01659,0.47727,0.21538,"[0.64615, 0.0, 0.0]",0.47727,0.21538,"[0.64615, 0.0, 0.0]",283,1.01068,1.01659,283,STOPPED,57.572
422,20251204_140929,gaitgl_OUMVLP.csv,Preset_v2_4,TCN,42,"[256, 384, 512, 512]","[1, 2, 4, 8]","[True, True, True, True]","[None, 0.05, 0.1, 0.1]",4,5,3,gelu,True,True,max,256,96,AdamW,,0.0002,1e-05,minmax,256,0.04874,3.99393,0.31818,0.27959,"[0.37209, 0.13333, 0.33333]",0.52273,0.34639,"[0.65455, 0.0, 0.38462]",413,0.5372,1.73963,547,COMPLETED,111.047
423,20251204_140929,gaitpart_GREW.csv,Preset_v2_4,TCN,42,"[256, 384, 512, 512]","[1, 2, 4, 8]","[True, True, True, True]","[None, 0.05, 0.1, 0.1]",4,5,3,gelu,True,True,max,256,96,AdamW,,0.0002,1e-05,minmax,256,0.05063,2.58838,0.47727,0.39943,"[0.57778, 0.15385, 0.46667]",0.54545,0.45879,"[0.6087, 0.22222, 0.54545]",345,0.0551,2.5797,346,COMPLETED,39.986
424,20251204_140929,gaitpart_OUMVLP.csv,Preset_v2_4,TCN,42,"[256, 384, 512, 512]","[1, 2, 4, 8]","[True, True, True, True]","[None, 0.05, 0.1, 0.1]",4,5,3,gelu,True,True,max,256,96,AdamW,,0.0002,1e-05,minmax,256,0.06296,2.91264,0.36364,0.27419,"[0.5, 0.0, 0.32258]",0.63636,0.58606,"[0.64706, 0.44444, 0.66667]",677,0.60713,1.21108,914,COMPLETED,105.031
425,20251204_140929,gaitset.csv,Preset_v2_4,TCN,42,"[256, 384, 512, 512]","[1, 2, 4, 8]","[True, True, True, True]","[None, 0.05, 0.1, 0.1]",4,5,3,gelu,True,True,max,256,96,AdamW,,0.0002,1e-05,minmax,256,0.03931,2.43749,0.43182,0.30939,"[0.58333, 0.0, 0.34483]",0.47727,0.42937,"[0.57143, 0.25, 0.46667]",122,0.47498,1.27656,163,COMPLETED,32.375
426,20251204_140929,gaitset_GREW.csv,Preset_v2_4,TCN,42,"[256, 384, 512, 512]","[1, 2, 4, 8]","[True, True, True, True]","[None, 0.05, 0.1, 0.1]",4,5,3,gelu,True,True,max,256,96,AdamW,,0.0002,1e-05,minmax,256,1.00526,1.01849,0.47727,0.21538,"[0.64615, 0.0, 0.0]",0.47727,0.21538,"[0.64615, 0.0, 0.0]",236,1.00526,1.01849,236,STOPPED,46.916
427,20251204_140929,gaitset_OUMVLP.csv,Preset_v2_4,TCN,42,"[256, 384, 512, 512]","[1, 2, 4, 8]","[True, True, True, True]","[None, 0.05, 0.1, 0.1]",4,5,3,gelu,True,True,max,256,96,AdamW,,0.0002,1e-05,minmax,256,1.00539,1.01368,0.47727,0.21538,"[0.64615, 0.0, 0.0]",0.47727,0.21538,"[0.64615, 0.0, 0.0]",112,1.00539,1.01368,112,STOPPED,22.379
428,20251204_140929,gln_phase1.csv,Preset_v2_4,TCN,42,"[256, 384, 512, 512]","[1, 2, 4, 8]","[True, True, True, True]","[None, 0.05, 0.1, 0.1]",4,5,3,gelu,True,True,max,256,96,AdamW,,0.0002,1e-05,minmax,256,0.04354,1.71811,0.59091,0.42125,"[0.69231, 0.0, 0.57143]",0.65909,0.59259,"[0.71111, 0.4, 0.66667]",251,0.12541,1.41393,256,COMPLETED,68.001
429,20251204_140929,gln_phase2.csv,Preset_v2_4,TCN,42,"[256, 384, 512, 512]","[1, 2, 4, 8]","[True, True, True, True]","[None, 0.05, 0.1, 0.1]",4,5,3,gelu,True,True,max,256,96,AdamW,,0.0002,1e-05,minmax,256,0.03244,2.52068,0.45455,0.37222,"[0.58333, 0.2, 0.33333]",0.52273,0.475,"[0.625, 0.4, 0.4]",282,0.13306,2.24998,288,COMPLETED,85.886

430,20251204_142054,baseline_CASIAB.csv,Preset_v2_5,TCN,42,"[512, 640, 768]","[2, 4, 8]","[True, True, True]","[0.05, 0.1, 0.1]",3,3,2,mish,True,False,attention,256,96,Adam,,0.0001,1e-05,L2,256,0.03382,2.15991,0.5,0.40868,"[0.61224, 0.2, 0.41379]",0.56818,0.42328,"[0.71429, 0.0, 0.55556]",51,0.56956,1.42074,62,COMPLETED,9.407
431,20251204_142054,baseline_OUMVLP.csv,Preset_v2_5,TCN,42,"[512, 640, 768]","[2, 4, 8]","[True, True, True]","[0.05, 0.1, 0.1]",3,3,2,mish,True,False,attention,256,96,Adam,,0.0001,1e-05,L2,256,0.0365,1.88647,0.5,0.36957,"[0.6087, 0.0, 0.5]",0.56818,0.41775,"[0.68182, 0.0, 0.57143]",98,0.09374,1.85731,102,COMPLETED,15.297
432,20251204_142054,gaitgl.csv,Preset_v2_5,TCN,42,"[512, 640, 768]","[2, 4, 8]","[True, True, True]","[0.05, 0.1, 0.1]",3,3,2,mish,True,False,attention,256,96,Adam,,0.0001,1e-05,L2,128,0.03509,2.13987,0.54545,0.49513,"[0.65116, 0.36364, 0.47059]",0.54545,0.49513,"[0.65116, 0.36364, 0.47059]",34,0.03509,2.13987,34,COMPLETED,7.358
433,20251204_142054,gaitgl_GREW.csv,Preset_v2_5,TCN,42,"[512, 640, 768]","[2, 4, 8]","[True, True, True]","[0.05, 0.1, 0.1]",3,3,2,mish,True,False,attention,256,96,Adam,,0.0001,1e-05,L2,256,0.02366,2.38029,0.45455,0.2462,"[0.63333, 0.0, 0.10526]",0.52273,0.46212,"[0.63636, 0.25, 0.5]",28,0.31077,1.41596,37,COMPLETED,8.346
434,20251204_142054,gaitgl_GREW_BNNeck.csv,Preset_v2_5,TCN,42,"[512, 640, 768]","[2, 4, 8]","[True, True, True]","[0.05, 0.1, 0.1]",3,3,2,mish,True,False,attention,256,96,Adam,,0.0001,1e-05,L2,256,0.07973,2.32686,0.45455,0.32596,"[0.54545, 0.0, 0.43243]",0.52273,0.44592,"[0.53659, 0.22222, 0.57895]",37,0.60258,1.14716,57,COMPLETED,12.721
435,20251204_142054,gaitgl_OUMVLP.csv,Preset_v2_5,TCN,42,"[512, 640, 768]","[2, 4, 8]","[True, True, True]","[0.05, 0.1, 0.1]",3,3,2,mish,True,False,attention,256,96,Adam,,0.0001,1e-05,L2,256,0.0341,2.0074,0.47727,0.34,"[0.59574, 0.0, 0.42424]",0.54545,0.37887,"[0.65385, 0.0, 0.48276]",73,0.29138,1.66374,84,COMPLETED,18.875
436,20251204_142054,gaitpart_GREW.csv,Preset_v2_5,TCN,42,"[512, 640, 768]","[2, 4, 8]","[True, True, True]","[0.05, 0.1, 0.1]",3,3,2,mish,True,False,attention,256,96,Adam,,0.0001,1e-05,L2,256,0.03099,2.52766,0.40909,0.30462,"[0.6, 0.15385, 0.16]",0.59091,0.49655,"[0.68966, 0.4, 0.4]",98,0.21375,1.95499,108,COMPLETED,12.177
437,20251204_142054,gaitpart_OUMVLP.csv,Preset_v2_5,TCN,42,"[512, 640, 768]","[2, 4, 8]","[True, True, True]","[0.05, 0.1, 0.1]",3,3,2,mish,True,False,attention,256,96,Adam,,0.0001,1e-05,L2,256,1.01247,1.0343,0.47727,0.21538,"[0.64615, 0.0, 0.0]",0.47727,0.21538,"[0.64615, 0.0, 0.0]",447,1.01247,1.0343,447,STOPPED,49.737
438,20251204_142054,gaitset.csv,Preset_v2_5,TCN,42,"[512, 640, 768]","[2, 4, 8]","[True, True, True]","[0.05, 0.1, 0.1]",3,3,2,mish,True,False,attention,256,96,Adam,,0.0001,1e-05,L2,256,0.0395,2.3612,0.40909,0.35215,"[0.46512, 0.15385, 0.4375]",0.45455,0.40952,"[0.53333, 0.26667, 0.42857]",57,0.18531,1.92116,70,COMPLETED,15.311
439,20251204_142054,gaitset_GREW.csv,Preset_v2_5,TCN,42,"[512, 640, 768]","[2, 4, 8]","[True, True, True]","[0.05, 0.1, 0.1]",3,3,2,mish,True,False,attention,256,96,Adam,,0.0001,1e-05,L2,256,0.02873,2.07514,0.5,0.39047,"[0.64151, 0.22222, 0.30769]",0.52273,0.46764,"[0.66667, 0.42857, 0.30769]",123,0.14127,1.76536,128,COMPLETED,28.062
440,20251204_142054,gaitset_OUMVLP.csv,Preset_v2_5,TCN,42,"[512, 640, 768]","[2, 4, 8]","[True, True, True]","[0.05, 0.1, 0.1]",3,3,2,mish,True,False,attention,256,96,Adam,,0.0001,1e-05,L2,256,0.03496,2.17509,0.36364,0.33927,"[0.42857, 0.26667, 0.32258]",0.56818,0.5887,"[0.61224, 0.76923, 0.38462]",375,0.21778,1.66281,385,COMPLETED,83.771
441,20251204_142054,gln_phase1.csv,Preset_v2_5,TCN,42,"[512, 640, 768]","[2, 4, 8]","[True, True, True]","[0.05, 0.1, 0.1]",3,3,2,mish,True,False,attention,256,96,Adam,,0.0001,1e-05,L2,256,0.02586,1.37867,0.65909,0.59365,"[0.71429, 0.4, 0.66667]",0.68182,0.60375,"[0.7619, 0.36364, 0.68571]",59,0.21828,1.09007,82,COMPLETED,23.953
442,20251204_142054,gln_phase2.csv,Preset_v2_5,TCN,42,"[512, 640, 768]","[2, 4, 8]","[True, True, True]","[0.05, 0.1, 0.1]",3,3,2,mish,True,False,attention,256,96,Adam,,0.0001,1e-05,L2,256,0.02743,2.56236,0.40909,0.31571,"[0.53333, 0.0, 0.41379]",0.47727,0.45241,"[0.41176, 0.4, 0.54545]",56,0.2593,1.77175,87,COMPLETED,25.309

443,20251204_142618,baseline_CASIAB.csv,Preset_v2_6,TCN,42,"[192, 256, 256]","[1, 2, 4]","[True, True, True]","[None, 0.05, 0.05]",3,5,2,gelu,True,True,max,128,64,AdamW,,0.00015,1e-05,minmax,256,0.05683,1.81695,0.40909,0.29918,"[0.46512, 0.0, 0.43243]",0.43182,0.40128,"[0.47368, 0.28571, 0.44444]",83,0.07137,1.78087,85,COMPLETED,7.936
444,20251204_142618,baseline_OUMVLP.csv,Preset_v2_6,TCN,42,"[192, 256, 256]","[1, 2, 4]","[True, True, True]","[None, 0.05, 0.05]",3,5,2,gelu,True,True,max,128,64,AdamW,,0.00015,1e-05,minmax,256,0.06716,1.7325,0.45455,0.39329,"[0.42105, 0.22222, 0.53659]",0.52273,0.44587,"[0.5, 0.22222, 0.61538]",121,0.11615,1.56648,126,COMPLETED,11.745
445,20251204_142618,gaitgl.csv,Preset_v2_6,TCN,42,"[192, 256, 256]","[1, 2, 4]","[True, True, True]","[None, 0.05, 0.05]",3,5,2,gelu,True,True,max,128,64,AdamW,,0.00015,1e-05,minmax,128,0.0295,1.56069,0.5,0.37879,"[0.59091, 0.0, 0.54545]",0.52273,0.38038,"[0.625, 0.0, 0.51613]",43,0.06246,1.46369,46,COMPLETED,4.66
446,20251204_142618,gaitgl_GREW.csv,Preset_v2_6,TCN,42,"[192, 256, 256]","[1, 2, 4]","[True, True, True]","[None, 0.05, 0.05]",3,5,2,gelu,True,True,max,128,64,AdamW,,0.00015,1e-05,minmax,256,0.04056,1.37712,0.47727,0.35344,"[0.6087, 0.0, 0.45161]",0.59091,0.43175,"[0.66667, 0.0, 0.62857]",36,0.19172,1.14477,42,COMPLETED,4.484
447,20251204_142618,gaitgl_GREW_BNNeck.csv,Preset_v2_6,TCN,42,"[192, 256, 256]","[1, 2, 4]","[True, True, True]","[None, 0.05, 0.05]",3,5,2,gelu,True,True,max,128,64,AdamW,,0.00015,1e-05,minmax,256,0.07937,1.80593,0.38636,0.3333,"[0.4878, 0.125, 0.3871]",0.56818,0.43631,"[0.67797, 0.25, 0.38095]",128,0.3725,1.38709,159,COMPLETED,16.857
448,20251204_142618,gaitgl_OUMVLP.csv,Preset_v2_6,TCN,42,"[192, 256, 256]","[1, 2, 4]","[True, True, True]","[None, 0.05, 0.05]",3,5,2,gelu,True,True,max,128,64,AdamW,,0.00015,1e-05,minmax,256,0.03658,2.0384,0.45455,0.38416,"[0.58537, 0.14286, 0.42424]",0.5,0.41521,"[0.65116, 0.14286, 0.45161]",187,0.08278,1.67817,191,COMPLETED,20.295
449,20251204_142618,gaitpart_GREW.csv,Preset_v2_6,TCN,42,"[192, 256, 256]","[1, 2, 4]","[True, True, True]","[None, 0.05, 0.05]",3,5,2,gelu,True,True,max,128,64,AdamW,,0.00015,1e-05,minmax,256,0.06286,1.61445,0.5,0.45466,"[0.57143, 0.30769, 0.48485]",0.61364,0.56051,"[0.72, 0.5, 0.46154]",102,0.05941,1.82805,103,COMPLETED,9.042
450,20251204_142618,gaitpart_OUMVLP.csv,Preset_v2_6,TCN,42,"[192, 256, 256]","[1, 2, 4]","[True, True, True]","[None, 0.05, 0.05]",3,5,2,gelu,True,True,max,128,64,AdamW,,0.00015,1e-05,minmax,256,0.04201,1.86428,0.5,0.47119,"[0.5641, 0.33333, 0.51613]",0.59091,0.55806,"[0.57895, 0.42857, 0.66667]",324,0.29737,1.28655,343,COMPLETED,30.506
451,20251204_142618,gaitset.csv,Preset_v2_6,TCN,42,"[192, 256, 256]","[1, 2, 4]","[True, True, True]","[None, 0.05, 0.05]",3,5,2,gelu,True,True,max,128,64,AdamW,,0.00015,1e-05,minmax,256,0.03091,1.59767,0.43182,0.30161,"[0.56, 0.0, 0.34483]",0.43182,0.41663,"[0.3871, 0.375, 0.4878]",73,0.16439,1.41846,88,COMPLETED,9.35
452,20251204_142618,gaitset_GREW.csv,Preset_v2_6,TCN,42,"[192, 256, 256]","[1, 2, 4]","[True, True, True]","[None, 0.05, 0.05]",3,5,2,gelu,True,True,max,128,64,AdamW,,0.00015,1e-05,minmax,256,0.05647,1.51223,0.56818,0.47625,"[0.63415, 0.2, 0.59459]",0.56818,0.47625,"[0.63415, 0.2, 0.59459]",82,0.20659,1.28619,96,COMPLETED,10.072
453,20251204_142618,gaitset_OUMVLP.csv,Preset_v2_6,TCN,42,"[192, 256, 256]","[1, 2, 4]","[True, True, True]","[None, 0.05, 0.05]",3,5,2,gelu,True,True,max,128,64,AdamW,,0.00015,1e-05,minmax,256,0.07613,2.15604,0.54545,0.45734,"[0.66667, 0.14286, 0.5625]",0.59091,0.4899,"[0.68182, 0.18182, 0.60606]",502,0.39401,1.50342,581,COMPLETED,61.163
454,20251204_142618,gln_phase1.csv,Preset_v2_6,TCN,42,"[192, 256, 256]","[1, 2, 4]","[True, True, True]","[None, 0.05, 0.05]",3,5,2,gelu,True,True,max,128,64,AdamW,,0.00015,1e-05,minmax,256,0.06302,1.34729,0.56818,0.50833,"[0.65, 0.25, 0.625]",0.59091,0.53157,"[0.63636, 0.33333, 0.625]",93,0.25937,1.15386,110,COMPLETED,14.07
455,20251204_142618,gln_phase2.csv,Preset_v2_6,TCN,42,"[192, 256, 256]","[1, 2, 4]","[True, True, True]","[None, 0.05, 0.05]",3,5,2,gelu,True,True,max,128,64,AdamW,,0.00015,1e-05,minmax,256,0.05488,1.35578,0.52273,0.43041,"[0.62745, 0.25, 0.41379]",0.59091,0.57125,"[0.65217, 0.54545, 0.51613]",89,0.38346,1.03066,112,COMPLETED,14.445

456,20251204_143007,baseline_CASIAB.csv,Preset_v2_7,TCN,42,"[256, 256]","[1, 4]","[True, True]","[0.1, 0.1]",2,7,3,gelu,True,True,max,256,96,AdamW,,0.00015,5e-06,minmax,256,0.03758,3.09666,0.47727,0.39252,"[0.59574, 0.18182, 0.4]",0.47727,0.4581,"[0.4878, 0.4, 0.48649]",215,0.1488,2.59369,221,COMPLETED,15.975
457,20251204_143007,baseline_OUMVLP.csv,Preset_v2_7,TCN,42,"[256, 256]","[1, 4]","[True, True]","[0.1, 0.1]",2,7,3,gelu,True,True,max,256,96,AdamW,,0.00015,5e-06,minmax,256,0.0719,2.07682,0.5,0.42414,"[0.55814, 0.2, 0.51429]",0.59091,0.48642,"[0.66667, 0.2, 0.59259]",187,0.34541,1.60222,233,COMPLETED,16.509
458,20251204_143007,gaitgl.csv,Preset_v2_7,TCN,42,"[256, 256]","[1, 4]","[True, True]","[0.1, 0.1]",2,7,3,gelu,True,True,max,256,96,AdamW,,0.00015,5e-06,minmax,128,0.06864,1.50446,0.5,0.35462,"[0.61224, 0.0, 0.45161]",0.45455,0.41563,"[0.47059, 0.25, 0.52632]",63,0.5806,1.17776,96,COMPLETED,8.55
459,20251204_143007,gaitgl_GREW.csv,Preset_v2_7,TCN,42,"[256, 256]","[1, 4]","[True, True]","[0.1, 0.1]",2,7,3,gelu,True,True,max,256,96,AdamW,,0.00015,5e-06,minmax,256,0.08716,1.24377,0.43182,0.40271,"[0.47619, 0.30769, 0.42424]",0.52273,0.44697,"[0.59091, 0.25, 0.5]",78,0.24595,1.12511,92,COMPLETED,9.079
460,20251204_143007,gaitgl_GREW_BNNeck.csv,Preset_v2_7,TCN,42,"[256, 256]","[1, 4]","[True, True]","[0.1, 0.1]",2,7,3,gelu,True,True,max,256,96,AdamW,,0.00015,5e-06,minmax,256,0.05005,2.32847,0.43182,0.31393,"[0.57143, 0.0, 0.37037]",0.54545,0.46649,"[0.5641, 0.25, 0.58537]",233,0.22335,1.73014,254,COMPLETED,25.034
461,20251204_143007,gaitgl_OUMVLP.csv,Preset_v2_7,TCN,42,"[256, 256]","[1, 4]","[True, True]","[0.1, 0.1]",2,7,3,gelu,True,True,max,256,96,AdamW,,0.00015,5e-06,minmax,256,0.05653,2.65708,0.45455,0.36111,"[0.625, 0.125, 0.33333]",0.47727,0.43701,"[0.5625, 0.22222, 0.52632]",269,0.51556,1.55899,349,COMPLETED,34.358
462,20251204_143007,gaitpart_GREW.csv,Preset_v2_7,TCN,42,"[256, 256]","[1, 4]","[True, True]","[0.1, 0.1]",2,7,3,gelu,True,True,max,256,96,AdamW,,0.00015,5e-06,minmax,256,0.08056,2.46336,0.54545,0.47028,"[0.68085, 0.25, 0.48]",0.61364,0.56364,"[0.69091, 0.54545, 0.45455]",190,0.74569,1.9144,226,COMPLETED,14.751
463,20251204_143007,gaitpart_OUMVLP.csv,Preset_v2_7,TCN,42,"[256, 256]","[1, 4]","[True, True]","[0.1, 0.1]",2,7,3,gelu,True,True,max,256,96,AdamW,,0.00015,5e-06,minmax,256,0.05211,2.40283,0.59091,0.47217,"[0.73469, 0.18182, 0.5]",0.65909,0.6222,"[0.64865, 0.5, 0.71795]",407,0.69561,1.0523,621,COMPLETED,40.407
464,20251204_143007,gaitset.csv,Preset_v2_7,TCN,42,"[256, 256]","[1, 4]","[True, True]","[0.1, 0.1]",2,7,3,gelu,True,True,max,256,96,AdamW,,0.00015,5e-06,minmax,256,0.06838,1.70899,0.5,0.41925,"[0.61905, 0.15385, 0.48485]",0.52273,0.44697,"[0.5, 0.25, 0.59091]",114,0.4946,1.22718,179,COMPLETED,17.529
465,20251204_143007,gaitset_GREW.csv,Preset_v2_7,TCN,42,"[256, 256]","[1, 4]","[True, True]","[0.1, 0.1]",2,7,3,gelu,True,True,max,256,96,AdamW,,0.00015,5e-06,minmax,256,0.05799,2.44783,0.45455,0.38938,"[0.51429, 0.15385, 0.5]",0.54545,0.54434,"[0.55814, 0.54545, 0.52941]",188,0.13705,2.05914,195,COMPLETED,18.799
466,20251204_143007,gaitset_OUMVLP.csv,Preset_v2_7,TCN,42,"[256, 256]","[1, 4]","[True, True]","[0.1, 0.1]",2,7,3,gelu,True,True,max,256,96,AdamW,,0.00015,5e-06,minmax,256,0.05541,2.32929,0.45455,0.39076,"[0.52941, 0.14286, 0.5]",0.54545,0.51722,"[0.61111, 0.4, 0.54054]",829,0.32783,1.67858,883,COMPLETED,84.864
467,20251204_143007,gln_phase1.csv,Preset_v2_7,TCN,42,"[256, 256]","[1, 4]","[True, True]","[0.1, 0.1]",2,7,3,gelu,True,True,max,256,96,AdamW,,0.00015,5e-06,minmax,256,0.05092,1.58962,0.45455,0.3342,"[0.54545, 0.0, 0.45714]",0.59091,0.46691,"[0.71698, 0.22222, 0.46154]",180,0.37887,1.34385,218,COMPLETED,27.52
468,20251204_143007,gln_phase2.csv,Preset_v2_7,TCN,42,"[256, 256]","[1, 4]","[True, True]","[0.1, 0.1]",2,7,3,gelu,True,True,max,256,96,AdamW,,0.00015,5e-06,minmax,256,0.0546,1.4815,0.5,0.45339,"[0.5641, 0.26667, 0.52941]",0.59091,0.5672,"[0.62857, 0.44444, 0.62857]",119,0.6816,1.09738,208,COMPLETED,26.25

469,20251204_143600,baseline_CASIAB.csv,Preset_v2_8,TCN,42,"[384, 512, 512]","[1, 2, 4]","[True, True, True]","[None, 0.05, 0.1]",3,3,1,leakyrelu,True,True,attention,256,128,Adam,,0.0002,1e-05,L2,256,0.04063,2.91263,0.47727,0.35748,"[0.55814, 0.0, 0.51429]",0.45455,0.42489,"[0.52174, 0.35294, 0.4]",80,0.60889,1.5031,110,COMPLETED,7.887
470,20251204_143600,baseline_OUMVLP.csv,Preset_v2_8,TCN,42,"[384, 512, 512]","[1, 2, 4]","[True, True, True]","[None, 0.05, 0.1]",3,3,1,leakyrelu,True,True,attention,256,128,Adam,,0.0002,1e-05,L2,256,0.04371,2.0942,0.45455,0.38996,"[0.43243, 0.14286, 0.59459]",0.52273,0.47436,"[0.5, 0.30769, 0.61538]",205,0.29235,1.53171,218,COMPLETED,15.561
471,20251204_143600,gaitgl.csv,Preset_v2_8,TCN,42,"[384, 512, 512]","[1, 2, 4]","[True, True, True]","[None, 0.05, 0.1]",3,3,1,leakyrelu,True,True,attention,256,128,Adam,,0.0002,1e-05,L2,128,0.06158,2.1141,0.5,0.37229,"[0.54545, 0.0, 0.57143]",0.47727,0.41604,"[0.46154, 0.25, 0.53659]",45,0.52034,1.2713,70,COMPLETED,6.642
472,20251204_143600,gaitgl_GREW.csv,Preset_v2_8,TCN,42,"[384, 512, 512]","[1, 2, 4]","[True, True, True]","[None, 0.05, 0.1]",3,3,1,leakyrelu,True,True,attention,256,128,Adam,,0.0002,1e-05,L2,256,0.02653,1.95812,0.5,0.39062,"[0.62963, 0.22222, 0.32]",0.56818,0.52632,"[0.57895, 0.4, 0.6]",65,0.57019,1.12562,80,COMPLETED,8.43
473,20251204_143600,gaitgl_GREW_BNNeck.csv,Preset_v2_8,TCN,42,"[384, 512, 512]","[1, 2, 4]","[True, True, True]","[None, 0.05, 0.1]",3,3,1,leakyrelu,True,True,attention,256,128,Adam,,0.0002,1e-05,L2,256,0.08196,2.06507,0.56818,0.47747,"[0.65, 0.15385, 0.62857]",0.59091,0.49335,"[0.65116, 0.18182, 0.64706]",156,0.03899,2.31898,158,COMPLETED,16.64
474,20251204_143600,gaitgl_OUMVLP.csv,Preset_v2_8,TCN,42,"[384, 512, 512]","[1, 2, 4]","[True, True, True]","[None, 0.05, 0.1]",3,3,1,leakyrelu,True,True,attention,256,128,Adam,,0.0002,1e-05,L2,256,0.05931,2.07381,0.5,0.4457,"[0.61905, 0.23529, 0.48276]",0.5,0.48523,"[0.51282, 0.42857, 0.51429]",143,0.26956,1.4444,160,COMPLETED,16.766
475,20251204_143600,gaitpart_GREW.csv,Preset_v2_8,TCN,42,"[384, 512, 512]","[1, 2, 4]","[True, True, True]","[None, 0.05, 0.1]",3,3,1,leakyrelu,True,True,attention,256,128,Adam,,0.0002,1e-05,L2,256,0.04055,2.46673,0.45455,0.32,"[0.56, 0.0, 0.4]",0.56818,0.51354,"[0.61905, 0.33333, 0.58824]",189,0.3224,1.50873,200,COMPLETED,11.464
476,20251204_143600,gaitpart_OUMVLP.csv,Preset_v2_8,TCN,42,"[384, 512, 512]","[1, 2, 4]","[True, True, True]","[None, 0.05, 0.1]",3,3,1,leakyrelu,True,True,attention,256,128,Adam,,0.0002,1e-05,L2,256,0.0425,2.42802,0.5,0.41849,"[0.59574, 0.22222, 0.4375]",0.54545,0.49056,"[0.62222, 0.33333, 0.51613]",471,0.10647,1.98397,476,COMPLETED,27.016
477,20251204_143600,gaitset.csv,Preset_v2_8,TCN,42,"[384, 512, 512]","[1, 2, 4]","[True, True, True]","[None, 0.05, 0.1]",3,3,1,leakyrelu,True,True,attention,256,128,Adam,,0.0002,1e-05,L2,256,0.06586,2.69776,0.38636,0.28061,"[0.48889, 0.0, 0.35294]",0.45455,0.3939,"[0.48889, 0.22222, 0.47059]",79,0.66386,1.35807,114,COMPLETED,11.896
478,20251204_143600,gaitset_GREW.csv,Preset_v2_8,TCN,42,"[384, 512, 512]","[1, 2, 4]","[True, True, True]","[None, 0.05, 0.1]",3,3,1,leakyrelu,True,True,attention,256,128,Adam,,0.0002,1e-05,L2,256,0.03963,2.04542,0.45455,0.38007,"[0.56522, 0.2, 0.375]",0.52273,0.47432,"[0.61905, 0.33333, 0.47059]",207,0.20664,1.50267,216,COMPLETED,22.089
479,20251204_143600,gaitset_OUMVLP.csv,Preset_v2_8,TCN,42,"[384, 512, 512]","[1, 2, 4]","[True, True, True]","[None, 0.05, 0.1]",3,3,1,leakyrelu,True,True,attention,256,128,Adam,,0.0002,1e-05,L2,256,1.00627,1.01335,0.47727,0.21538,"[0.64615, 0.0, 0.0]",0.47727,0.21538,"[0.64615, 0.0, 0.0]",131,1.00627,1.01335,131,STOPPED,13.357
480,20251204_143600,gln_phase1.csv,Preset_v2_8,TCN,42,"[384, 512, 512]","[1, 2, 4]","[True, True, True]","[None, 0.05, 0.1]",3,3,1,leakyrelu,True,True,attention,256,128,Adam,,0.0002,1e-05,L2,256,0.05527,1.73489,0.54545,0.44303,"[0.69565, 0.18182, 0.45161]",0.63636,0.56481,"[0.75, 0.33333, 0.61111]",100,0.06587,1.87967,101,COMPLETED,15.348
481,20251204_143600,gln_phase2.csv,Preset_v2_8,TCN,42,"[384, 512, 512]","[1, 2, 4]","[True, True, True]","[None, 0.05, 0.1]",3,3,1,leakyrelu,True,True,attention,256,128,Adam,,0.0002,1e-05,L2,256,0.03629,2.22914,0.5,0.45282,"[0.57143, 0.23529, 0.55172]",0.54545,0.51412,"[0.63636, 0.44444, 0.46154]",109,0.13444,1.9538,118,COMPLETED,17.659

482,20251204_143925,baseline_CASIAB.csv,Preset_v2_9,TCN,42,"[512, 512, 512]","[1, 3, 9]","[True, True, True]","[None, 0.05, 0.1]",3,5,2,gelu,True,True,max,512,96,AdamW,,0.00012,1e-05,minmax,256,0.03846,1.70596,0.47727,0.34028,"[0.58333, 0.0, 0.4375]",0.45455,0.375,"[0.625, 0.2, 0.3]",106,0.135,1.77613,116,COMPLETED,14.436
483,20251204_143925,baseline_OUMVLP.csv,Preset_v2_9,TCN,42,"[512, 512, 512]","[1, 3, 9]","[True, True, True]","[None, 0.05, 0.1]",3,5,2,gelu,True,True,max,512,96,AdamW,,0.00012,1e-05,minmax,256,0.03822,1.60236,0.54545,0.46016,"[0.59574, 0.22222, 0.5625]",0.61364,0.55556,"[0.66667, 0.4, 0.6]",146,0.28684,1.21345,171,COMPLETED,21.299
484,20251204_143925,gaitgl.csv,Preset_v2_9,TCN,42,"[512, 512, 512]","[1, 3, 9]","[True, True, True]","[None, 0.05, 0.1]",3,5,2,gelu,True,True,max,512,96,AdamW,,0.00012,1e-05,minmax,128,0.04502,1.53483,0.47727,0.34394,"[0.55814, 0.0, 0.47368]",0.5,0.46016,"[0.56522, 0.36364, 0.45161]",63,0.05554,1.47614,64,COMPLETED,11.776
485,20251204_143925,gaitgl_GREW.csv,Preset_v2_9,TCN,42,"[512, 512, 512]","[1, 3, 9]","[True, True, True]","[None, 0.05, 0.1]",3,5,2,gelu,True,True,max,512,96,AdamW,,0.00012,1e-05,minmax,256,0.05196,1.14311,0.47727,0.34126,"[0.47059, 0.0, 0.55319]",0.56818,0.40884,"[0.58824, 0.0, 0.6383]",58,0.22141,1.26061,65,COMPLETED,12.554
486,20251204_143925,gaitgl_GREW_BNNeck.csv,Preset_v2_9,TCN,42,"[512, 512, 512]","[1, 3, 9]","[True, True, True]","[None, 0.05, 0.1]",3,5,2,gelu,True,True,max,512,96,AdamW,,0.00012,1e-05,minmax,256,0.03682,1.92692,0.47727,0.3862,"[0.58824, 0.2, 0.37037]",0.52273,0.44091,"[0.58537, 0.18182, 0.55556]",161,0.67083,1.2124,195,COMPLETED,37.578
487,20251204_143925,gaitgl_OUMVLP.csv,Preset_v2_9,TCN,42,"[512, 512, 512]","[1, 3, 9]","[True, True, True]","[None, 0.05, 0.1]",3,5,2,gelu,True,True,max,512,96,AdamW,,0.00012,1e-05,minmax,256,0.06084,2.47769,0.52273,0.39899,"[0.66667, 0.16667, 0.36364]",0.47727,0.43182,"[0.55814, 0.28571, 0.45161]",319,0.31831,1.70123,340,COMPLETED,65.744
488,20251204_143925,gaitpart_GREW.csv,Preset_v2_9,TCN,42,"[512, 512, 512]","[1, 3, 9]","[True, True, True]","[None, 0.05, 0.1]",3,5,2,gelu,True,True,max,512,96,AdamW,,0.00012,1e-05,minmax,256,0.05473,1.82373,0.52273,0.51579,"[0.5641, 0.52174, 0.46154]",0.59091,0.52954,"[0.69231, 0.46154, 0.43478]",105,0.29732,1.62496,131,COMPLETED,12.489
489,20251204_143925,gaitpart_OUMVLP.csv,Preset_v2_9,TCN,42,"[512, 512, 512]","[1, 3, 9]","[True, True, True]","[None, 0.05, 0.1]",3,5,2,gelu,True,True,max,512,96,AdamW,,0.00012,1e-05,minmax,256,0.05471,2.39939,0.52273,0.46553,"[0.46667, 0.30769, 0.62222]",0.65909,0.59446,"[0.69767, 0.4, 0.68571]",391,0.28854,1.19856,413,COMPLETED,39.496
490,20251204_143925,gaitset.csv,Preset_v2_9,TCN,42,"[512, 512, 512]","[1, 3, 9]","[True, True, True]","[None, 0.05, 0.1]",3,5,2,gelu,True,True,max,512,96,AdamW,,0.00012,1e-05,minmax,256,0.03946,1.75914,0.45455,0.32165,"[0.55319, 0.0, 0.41176]",0.5,0.45238,"[0.6, 0.4, 0.35714]",83,0.49711,1.26492,132,COMPLETED,24.853
491,20251204_143925,gaitset_GREW.csv,Preset_v2_9,TCN,42,"[512, 512, 512]","[1, 3, 9]","[True, True, True]","[None, 0.05, 0.1]",3,5,2,gelu,True,True,max,512,96,AdamW,,0.00012,1e-05,minmax,256,0.05664,1.55782,0.54545,0.45351,"[0.6383, 0.22222, 0.5]",0.54545,0.45351,"[0.6383, 0.22222, 0.5]",148,0.05664,1.55782,148,COMPLETED,27.983
492,20251204_143925,gaitset_OUMVLP.csv,Preset_v2_9,TCN,42,"[512, 512, 512]","[1, 3, 9]","[True, True, True]","[None, 0.05, 0.1]",3,5,2,gelu,True,True,max,512,96,AdamW,,0.00012,1e-05,minmax,256,0.06312,2.09376,0.45455,0.39129,"[0.54054, 0.13333, 0.5]",0.56818,0.47033,"[0.66667, 0.18182, 0.5625]",638,0.59622,1.31392,739,COMPLETED,138.94
493,20251204_143925,gln_phase1.csv,Preset_v2_9,TCN,42,"[512, 512, 512]","[1, 3, 9]","[True, True, True]","[None, 0.05, 0.1]",3,5,2,gelu,True,True,max,512,96,AdamW,,0.00012,1e-05,minmax,256,0.0562,1.2551,0.52273,0.46357,"[0.62222, 0.28571, 0.48276]",0.61364,0.51251,"[0.66667, 0.22222, 0.64865]",120,0.25277,1.00661,148,COMPLETED,37.38
494,20251204_143925,gln_phase2.csv,Preset_v2_9,TCN,42,"[512, 512, 512]","[1, 3, 9]","[True, True, True]","[None, 0.05, 0.1]",3,5,2,gelu,True,True,max,512,96,AdamW,,0.00012,1e-05,minmax,256,0.04457,1.29872,0.54545,0.5134,"[0.59574, 0.44444, 0.5]",0.61364,0.6125,"[0.65, 0.625, 0.5625]",134,0.22843,1.26173,155,COMPLETED,38.975

495,20251204_144743,baseline_CASIAB.csv,Preset_v2_10,TCN,42,"[256, 384, 512, 640]","[1, 2, 4, 8]","[True, True, True, True]","[0.05, 0.05, 0.05, 0.05]",4,3,2,gelu,True,True,mean,256,96,Adam,,0.00012,1e-05,L2,256,0.04417,1.7236,0.43182,0.43213,"[0.41176, 0.38462, 0.5]",0.61364,0.60361,"[0.65116, 0.58824, 0.57143]",55,0.14204,1.32958,61,COMPLETED,7.833
496,20251204_144743,baseline_OUMVLP.csv,Preset_v2_10,TCN,42,"[256, 384, 512, 640]","[1, 2, 4, 8]","[True, True, True, True]","[0.05, 0.05, 0.05, 0.05]",4,3,2,gelu,True,True,mean,256,96,Adam,,0.00012,1e-05,L2,256,0.03863,1.62074,0.45455,0.41667,"[0.5, 0.25, 0.5]",0.59091,0.53894,"[0.65385, 0.44444, 0.51852]",60,0.30534,1.21887,73,COMPLETED,9.365
497,20251204_144743,gaitgl.csv,Preset_v2_10,TCN,42,"[256, 384, 512, 640]","[1, 2, 4, 8]","[True, True, True, True]","[0.05, 0.05, 0.05, 0.05]",4,3,2,gelu,True,True,mean,256,96,Adam,,0.00012,1e-05,L2,128,0.01983,2.26195,0.40909,0.34096,"[0.58333, 0.28571, 0.15385]",0.54545,0.51264,"[0.64865, 0.375, 0.51429]",50,0.10161,1.83717,55,COMPLETED,9.746
498,20251204_144743,gaitgl_GREW.csv,Preset_v2_10,TCN,42,"[256, 384, 512, 640]","[1, 2, 4, 8]","[True, True, True, True]","[0.05, 0.05, 0.05, 0.05]",4,3,2,gelu,True,True,mean,256,96,Adam,,0.00012,1e-05,L2,256,0.02442,1.614,0.5,0.43182,"[0.5, 0.25, 0.54545]",0.54545,0.53166,"[0.57895, 0.47059, 0.54545]",40,0.0941,1.32105,44,COMPLETED,8.089
499,20251204_144743,gaitgl_GREW_BNNeck.csv,Preset_v2_10,TCN,42,"[256, 384, 512, 640]","[1, 2, 4, 8]","[True, True, True, True]","[0.05, 0.05, 0.05, 0.05]",4,3,2,gelu,True,True,mean,256,96,Adam,,0.00012,1e-05,L2,256,0.02409,2.28636,0.40909,0.35278,"[0.45833, 0.2, 0.4]",0.54545,0.42294,"[0.65517, 0.25, 0.36364]",57,0.23012,2.36257,65,COMPLETED,11.921
500,20251204_144743,gaitgl_OUMVLP.csv,Preset_v2_10,TCN,42,"[256, 384, 512, 640]","[1, 2, 4, 8]","[True, True, True, True]","[0.05, 0.05, 0.05, 0.05]",4,3,2,gelu,True,True,mean,256,96,Adam,,0.00012,1e-05,L2,256,0.03437,1.6086,0.45455,0.40393,"[0.60465, 0.19048, 0.41667]",0.47727,0.45211,"[0.5, 0.31579, 0.54054]",98,0.25867,1.46235,110,COMPLETED,20.184
501,20251204_144743,gaitpart_GREW.csv,Preset_v2_10,TCN,42,"[256, 384, 512, 640]","[1, 2, 4, 8]","[True, True, True, True]","[0.05, 0.05, 0.05, 0.05]",4,3,2,gelu,True,True,mean,256,96,Adam,,0.00012,1e-05,L2,256,0.06882,1.52901,0.56818,0.51848,"[0.69767, 0.375, 0.48276]",0.61364,0.58368,"[0.71795, 0.47059, 0.5625]",70,0.09623,1.38036,74,COMPLETED,7.843
502,20251204_144743,gaitpart_OUMVLP.csv,Preset_v2_10,TCN,42,"[256, 384, 512, 640]","[1, 2, 4, 8]","[True, True, True, True]","[0.05, 0.05, 0.05, 0.05]",4,3,2,gelu,True,True,mean,256,96,Adam,,0.00012,1e-05,L2,256,0.04038,1.54024,0.61364,0.54489,"[0.68182, 0.30769, 0.64516]",0.63636,0.57201,"[0.66667, 0.36364, 0.68571]",181,0.25212,1.17851,192,COMPLETED,19.451
503,20251204_144743,gaitset.csv,Preset_v2_10,TCN,42,"[256, 384, 512, 640]","[1, 2, 4, 8]","[True, True, True, True]","[0.05, 0.05, 0.05, 0.05]",4,3,2,gelu,True,True,mean,256,96,Adam,,0.00012,1e-05,L2,256,0.03824,2.70928,0.36364,0.29111,"[0.5, 0.13333, 0.24]",0.43182,0.42563,"[0.43243, 0.4, 0.44444]",40,0.44453,1.27186,58,COMPLETED,10.344
504,20251204_144743,gaitset_GREW.csv,Preset_v2_10,TCN,42,"[256, 384, 512, 640]","[1, 2, 4, 8]","[True, True, True, True]","[0.05, 0.05, 0.05, 0.05]",4,3,2,gelu,True,True,mean,256,96,Adam,,0.00012,1e-05,L2,256,0.01835,1.81346,0.38636,0.35223,"[0.51282, 0.21053, 0.33333]",0.45455,0.44314,"[0.52941, 0.33333, 0.46667]",64,0.0649,1.76149,71,COMPLETED,12.69
505,20251204_144743,gaitset_OUMVLP.csv,Preset_v2_10,TCN,42,"[256, 384, 512, 640]","[1, 2, 4, 8]","[True, True, True, True]","[0.05, 0.05, 0.05, 0.05]",4,3,2,gelu,True,True,mean,256,96,Adam,,0.00012,1e-05,L2,256,0.02609,1.83488,0.61364,0.49714,"[0.72, 0.2, 0.57143]",0.63636,0.58205,"[0.69565, 0.44444, 0.60606]",138,0.47691,1.10834,191,COMPLETED,34.07
506,20251204_144743,gln_phase1.csv,Preset_v2_10,TCN,42,"[256, 384, 512, 640]","[1, 2, 4, 8]","[True, True, True, True]","[0.05, 0.05, 0.05, 0.05]",4,3,2,gelu,True,True,mean,256,96,Adam,,0.00012,1e-05,L2,256,0.02055,1.38002,0.52273,0.36963,"[0.6383, 0.0, 0.47059]",0.59091,0.54891,"[0.66667, 0.46154, 0.51852]",83,0.02617,1.35053,84,COMPLETED,20.364
507,20251204_144743,gln_phase2.csv,Preset_v2_10,TCN,42,"[256, 384, 512, 640]","[1, 2, 4, 8]","[True, True, True, True]","[0.05, 0.05, 0.05, 0.05]",4,3,2,gelu,True,True,mean,256,96,Adam,,0.00012,1e-05,L2,256,0.04413,1.58734,0.5,0.48215,"[0.59459, 0.33333, 0.51852]",0.59091,0.53687,"[0.63158, 0.36364, 0.61538]",60,0.19416,1.19741,68,COMPLETED,16.525

508,20251204_145106,baseline_CASIAB.csv,Preset_v2_11,TCN,42,"[384, 384, 384, 384]","[1, 2, 4, 8]","[True, True, True, True]","[None, 0.05, 0.1, 0.1]",4,5,2,silu,True,True,max,256,96,AdamW,,0.00018,2e-05,minmax,256,0.04075,2.09403,0.36364,0.31527,"[0.43902, 0.15385, 0.35294]",0.43182,0.40456,"[0.46154, 0.30769, 0.44444]",143,0.16411,1.81793,148,COMPLETED,16.649
509,20251204_145106,baseline_OUMVLP.csv,Preset_v2_11,TCN,42,"[384, 384, 384, 384]","[1, 2, 4, 8]","[True, True, True, True]","[None, 0.05, 0.1, 0.1]",4,5,2,silu,True,True,max,256,96,AdamW,,0.00018,2e-05,minmax,256,0.0411,2.19041,0.56818,0.47774,"[0.60465, 0.2, 0.62857]",0.56818,0.50997,"[0.62222, 0.30769, 0.6]",183,0.45587,1.33489,239,COMPLETED,26.89
510,20251204_145106,gaitgl.csv,Preset_v2_11,TCN,42,"[384, 384, 384, 384]","[1, 2, 4, 8]","[True, True, True, True]","[None, 0.05, 0.1, 0.1]",4,5,2,silu,True,True,max,256,96,AdamW,,0.00018,2e-05,minmax,128,0.02604,1.76444,0.43182,0.30237,"[0.52, 0.0, 0.3871]",0.47727,0.35004,"[0.52632, 0.0, 0.52381]",70,0.03094,1.81828,71,COMPLETED,11.22
511,20251204_145106,gaitgl_GREW.csv,Preset_v2_11,TCN,42,"[384, 384, 384, 384]","[1, 2, 4, 8]","[True, True, True, True]","[None, 0.05, 0.1, 0.1]",4,5,2,silu,True,True,max,256,96,AdamW,,0.00018,2e-05,minmax,256,0.02544,1.47334,0.5,0.36237,"[0.54167, 0.0, 0.54545]",0.52273,0.44117,"[0.52632, 0.18182, 0.61538]",93,0.22285,1.29625,103,COMPLETED,17.385
512,20251204_145106,gaitgl_GREW_BNNeck.csv,Preset_v2_11,TCN,42,"[384, 384, 384, 384]","[1, 2, 4, 8]","[True, True, True, True]","[None, 0.05, 0.1, 0.1]",4,5,2,silu,True,True,max,256,96,AdamW,,0.00018,2e-05,minmax,256,1.00562,1.01381,0.47727,0.21538,"[0.64615, 0.0, 0.0]",0.47727,0.21538,"[0.64615, 0.0, 0.0]",156,1.00562,1.01381,156,STOPPED,26.166
513,20251204_145106,gaitgl_OUMVLP.csv,Preset_v2_11,TCN,42,"[384, 384, 384, 384]","[1, 2, 4, 8]","[True, True, True, True]","[None, 0.05, 0.1, 0.1]",4,5,2,silu,True,True,max,256,96,AdamW,,0.00018,2e-05,minmax,256,0.05359,4.06044,0.40909,0.30113,"[0.58824, 0.13333, 0.18182]",0.45455,0.38128,"[0.54902, 0.25, 0.34483]",336,0.61195,2.60901,387,COMPLETED,65.084
514,20251204_145106,gaitpart_GREW.csv,Preset_v2_11,TCN,42,"[384, 384, 384, 384]","[1, 2, 4, 8]","[True, True, True, True]","[None, 0.05, 0.1, 0.1]",4,5,2,silu,True,True,max,256,96,AdamW,,0.00018,2e-05,minmax,256,0.03942,2.36704,0.5,0.46483,"[0.59091, 0.375, 0.42857]",0.54545,0.52341,"[0.6087, 0.5, 0.46154]",158,0.06596,2.26681,160,COMPLETED,14.701
515,20251204_145106,gaitpart_OUMVLP.csv,Preset_v2_11,TCN,42,"[384, 384, 384, 384]","[1, 2, 4, 8]","[True, True, True, True]","[None, 0.05, 0.1, 0.1]",4,5,2,silu,True,True,max,256,96,AdamW,,0.00018,2e-05,minmax,256,1.00818,1.0145,0.47727,0.21538,"[0.64615, 0.0, 0.0]",0.47727,0.21538,"[0.64615, 0.0, 0.0]",132,1.00818,1.0145,132,STOPPED,11.835
516,20251204_145106,gaitset.csv,Preset_v2_11,TCN,42,"[384, 384, 384, 384]","[1, 2, 4, 8]","[True, True, True, True]","[None, 0.05, 0.1, 0.1]",4,5,2,silu,True,True,max,256,96,AdamW,,0.00018,2e-05,minmax,256,0.07103,2.00639,0.43182,0.33291,"[0.57692, 0.18182, 0.24]",0.43182,0.43011,"[0.45, 0.42857, 0.41176]",74,0.52766,1.25881,105,COMPLETED,17.276
517,20251204_145106,gaitset_GREW.csv,Preset_v2_11,TCN,42,"[384, 384, 384, 384]","[1, 2, 4, 8]","[True, True, True, True]","[None, 0.05, 0.1, 0.1]",4,5,2,silu,True,True,max,256,96,AdamW,,0.00018,2e-05,minmax,256,0.04349,2.66039,0.38636,0.34205,"[0.44444, 0.11111, 0.47059]",0.54545,0.45079,"[0.66667, 0.4, 0.28571]",210,0.21142,1.87494,222,COMPLETED,36.267
518,20251204_145106,gaitset_OUMVLP.csv,Preset_v2_11,TCN,42,"[384, 384, 384, 384]","[1, 2, 4, 8]","[True, True, True, True]","[None, 0.05, 0.1, 0.1]",4,5,2,silu,True,True,max,256,96,AdamW,,0.00018,2e-05,minmax,256,1.00994,1.01996,0.47727,0.21538,"[0.64615, 0.0, 0.0]",0.47727,0.21538,"[0.64615, 0.0, 0.0]",185,1.00994,1.01996,185,STOPPED,30.145
519,20251204_145106,gln_phase1.csv,Preset_v2_11,TCN,42,"[384, 384, 384, 384]","[1, 2, 4, 8]","[True, True, True, True]","[None, 0.05, 0.1, 0.1]",4,5,2,silu,True,True,max,256,96,AdamW,,0.00018,2e-05,minmax,256,0.03368,1.55494,0.5,0.36591,"[0.57143, 0.0, 0.52632]",0.63636,0.53363,"[0.66667, 0.25, 0.68421]",129,0.5213,0.94983,172,COMPLETED,37.321
520,20251204_145106,gln_phase2.csv,Preset_v2_11,TCN,42,"[384, 384, 384, 384]","[1, 2, 4, 8]","[True, True, True, True]","[None, 0.05, 0.1, 0.1]",4,5,2,silu,True,True,max,256,96,AdamW,,0.00018,2e-05,minmax,256,0.05606,1.81322,0.52273,0.47535,"[0.61224, 0.4, 0.41379]",0.59091,0.57125,"[0.65217, 0.54545, 0.51613]",126,0.30754,1.29942,157,COMPLETED,34.175

521,20251204_145705,baseline_CASIAB.csv,Preset_v2_12,TCN,42,"[512, 640, 640]","[1, 2, 4]","[True, True, True]","[0.05, 0.1, 0.1]",3,7,2,gelu,True,True,attention,256,64,Adam,,8e-05,1e-05,L2,256,0.03557,1.89171,0.59091,0.53623,"[0.6087, 0.33333, 0.66667]",0.59091,0.53623,"[0.6087, 0.33333, 0.66667]",56,0.03557,1.89171,56,COMPLETED,12.569
522,20251204_145705,baseline_OUMVLP.csv,Preset_v2_12,TCN,42,"[512, 640, 640]","[1, 2, 4]","[True, True, True]","[0.05, 0.1, 0.1]",3,7,2,gelu,True,True,attention,256,64,Adam,,8e-05,1e-05,L2,256,0.03244,2.11609,0.40909,0.37949,"[0.38889, 0.23529, 0.51429]",0.54545,0.45707,"[0.6087, 0.2, 0.5625]",87,0.03933,1.97704,88,COMPLETED,19.465
523,20251204_145705,gaitgl.csv,Preset_v2_12,TCN,42,"[512, 640, 640]","[1, 2, 4]","[True, True, True]","[0.05, 0.1, 0.1]",3,7,2,gelu,True,True,attention,256,64,Adam,,8e-05,1e-05,L2,128,0.01419,1.92498,0.52273,0.37505,"[0.59574, 0.0, 0.52941]",0.43182,0.40926,"[0.45, 0.33333, 0.44444]",23,0.21054,1.70192,30,COMPLETED,9.557
524,20251204_145705,gaitgl_GREW.csv,Preset_v2_12,TCN,42,"[512, 640, 640]","[1, 2, 4]","[True, True, True]","[0.05, 0.1, 0.1]",3,7,2,gelu,True,True,attention,256,64,Adam,,8e-05,1e-05,L2,256,0.01638,1.97101,0.47727,0.34,"[0.59574, 0.0, 0.42424]",0.5,0.4206,"[0.60465, 0.2, 0.45714]",25,0.17042,1.47401,33,COMPLETED,10.826
525,20251204_145705,gaitgl_GREW_BNNeck.csv,Preset_v2_12,TCN,42,"[512, 640, 640]","[1, 2, 4]","[True, True, True]","[0.05, 0.1, 0.1]",3,7,2,gelu,True,True,attention,256,64,Adam,,8e-05,1e-05,L2,256,0.06269,2.43168,0.47727,0.42125,"[0.57143, 0.30769, 0.38462]",0.56818,0.52632,"[0.6, 0.4, 0.57895]",22,0.48916,1.25355,48,COMPLETED,15.756
526,20251204_145705,gaitgl_OUMVLP.csv,Preset_v2_12,TCN,42,"[512, 640, 640]","[1, 2, 4]","[True, True, True]","[0.05, 0.1, 0.1]",3,7,2,gelu,True,True,attention,256,64,Adam,,8e-05,1e-05,L2,256,0.02969,2.26883,0.45455,0.30792,"[0.60377, 0.0, 0.32]",0.52273,0.44697,"[0.59091, 0.25, 0.5]",39,0.36934,1.46385,68,COMPLETED,22.22
527,20251204_145705,gaitpart_GREW.csv,Preset_v2_12,TCN,42,"[512, 640, 640]","[1, 2, 4]","[True, True, True]","[0.05, 0.1, 0.1]",3,7,2,gelu,True,True,attention,256,64,Adam,,8e-05,1e-05,L2,256,0.02098,2.5002,0.36364,0.33289,"[0.4878, 0.25, 0.26087]",0.5,0.42033,"[0.62745, 0.28571, 0.34783]",86,0.04338,2.68966,95,COMPLETED,16.887
528,20251204_145705,gaitpart_OUMVLP.csv,Preset_v2_12,TCN,42,"[512, 640, 640]","[1, 2, 4]","[True, True, True]","[0.05, 0.1, 0.1]",3,7,2,gelu,True,True,attention,256,64,Adam,,8e-05,1e-05,L2,256,0.05674,1.72952,0.59091,0.54298,"[0.65, 0.4, 0.57895]",0.61364,0.60322,"[0.65, 0.57143, 0.58824]",221,0.29658,1.286,262,COMPLETED,46.246
529,20251204_145705,gaitset.csv,Preset_v2_12,TCN,42,"[512, 640, 640]","[1, 2, 4]","[True, True, True]","[0.05, 0.1, 0.1]",3,7,2,gelu,True,True,attention,256,64,Adam,,8e-05,1e-05,L2,256,0.07745,2.77553,0.36364,0.27967,"[0.43902, 0.0, 0.4]",0.5,0.34495,"[0.61818, 0.0, 0.41667]",20,0.71125,1.26904,45,COMPLETED,14.286
530,20251204_145705,gaitset_GREW.csv,Preset_v2_12,TCN,42,"[512, 640, 640]","[1, 2, 4]","[True, True, True]","[0.05, 0.1, 0.1]",3,7,2,gelu,True,True,attention,256,64,Adam,,8e-05,1e-05,L2,256,0.06212,2.24401,0.5,0.34568,"[0.66667, 0.0, 0.37037]",0.43182,0.38435,"[0.58537, 0.21053, 0.35714]",42,0.27144,1.65828,56,COMPLETED,17.76
531,20251204_145705,gaitset_OUMVLP.csv,Preset_v2_12,TCN,42,"[512, 640, 640]","[1, 2, 4]","[True, True, True]","[0.05, 0.1, 0.1]",3,7,2,gelu,True,True,attention,256,64,Adam,,8e-05,1e-05,L2,256,0.05545,2.70924,0.31818,0.25576,"[0.37838, 0.0, 0.38889]",0.43182,0.37381,"[0.59091, 0.21053, 0.32]",168,0.34455,2.18217,183,COMPLETED,58.023
532,20251204_145705,gln_phase1.csv,Preset_v2_12,TCN,42,"[512, 640, 640]","[1, 2, 4]","[True, True, True]","[0.05, 0.1, 0.1]",3,7,2,gelu,True,True,attention,256,64,Adam,,8e-05,1e-05,L2,256,0.02461,1.94241,0.43182,0.37033,"[0.5, 0.15385, 0.45714]",0.59091,0.49169,"[0.69565, 0.25, 0.52941]",32,0.38686,1.14423,49,COMPLETED,20.268
533,20251204_145705,gln_phase2.csv,Preset_v2_12,TCN,42,"[512, 640, 640]","[1, 2, 4]","[True, True, True]","[0.05, 0.1, 0.1]",3,7,2,gelu,True,True,attention,256,64,Adam,,8e-05,1e-05,L2,256,0.02063,2.48153,0.5,0.47316,"[0.60465, 0.44444, 0.37037]",0.52273,0.49331,"[0.55556, 0.35294, 0.57143]",55,0.07164,1.79213,58,COMPLETED,23.973

534,20251204_150209,baseline_CASIAB.csv,Preset_v2_13,TCN,42,"[192, 256, 384]","[1, 2, 4]","[True, False, True]","[0.05, 0.05, 0.05]",3,3,2,leakyrelu,False,False,max,128,64,RMSprop,,0.0003,0.0,minmax,256,1.01006,1.01373,0.47727,0.21538,"[0.64615, 0.0, 0.0]",0.47727,0.21538,"[0.64615, 0.0, 0.0]",196,1.01006,1.01373,196,STOPPED,16.784
535,20251204_150209,baseline_OUMVLP.csv,Preset_v2_13,TCN,42,"[192, 256, 384]","[1, 2, 4]","[True, False, True]","[0.05, 0.05, 0.05]",3,3,2,leakyrelu,False,False,max,128,64,RMSprop,,0.0003,0.0,minmax,256,1.00686,1.01599,0.47727,0.21538,"[0.64615, 0.0, 0.0]",0.47727,0.21538,"[0.64615, 0.0, 0.0]",119,1.00686,1.01599,119,STOPPED,10.001
536,20251204_150209,gaitgl.csv,Preset_v2_13,TCN,42,"[192, 256, 384]","[1, 2, 4]","[True, False, True]","[0.05, 0.05, 0.05]",3,3,2,leakyrelu,False,False,max,128,64,RMSprop,,0.0003,0.0,minmax,128,1.01005,1.01539,0.47727,0.21538,"[0.64615, 0.0, 0.0]",0.47727,0.21538,"[0.64615, 0.0, 0.0]",138,1.01005,1.01539,138,STOPPED,12.679
537,20251204_150209,gaitgl_GREW.csv,Preset_v2_13,TCN,42,"[192, 256, 384]","[1, 2, 4]","[True, False, True]","[0.05, 0.05, 0.05]",3,3,2,leakyrelu,False,False,max,128,64,RMSprop,,0.0003,0.0,minmax,256,1.00852,1.0146,0.47727,0.21538,"[0.64615, 0.0, 0.0]",0.47727,0.21538,"[0.64615, 0.0, 0.0]",381,1.00852,1.0146,381,STOPPED,38.147
538,20251204_150209,gaitgl_GREW_BNNeck.csv,Preset_v2_13,TCN,42,"[192, 256, 384]","[1, 2, 4]","[True, False, True]","[0.05, 0.05, 0.05]",3,3,2,leakyrelu,False,False,max,128,64,RMSprop,,0.0003,0.0,minmax,256,1.00607,1.01715,0.47727,0.21538,"[0.64615, 0.0, 0.0]",0.47727,0.21538,"[0.64615, 0.0, 0.0]",284,1.00607,1.01715,284,STOPPED,28.071
539,20251204_150209,gaitgl_OUMVLP.csv,Preset_v2_13,TCN,42,"[192, 256, 384]","[1, 2, 4]","[True, False, True]","[0.05, 0.05, 0.05]",3,3,2,leakyrelu,False,False,max,128,64,RMSprop,,0.0003,0.0,minmax,256,1.0064,1.019,0.47727,0.21538,"[0.64615, 0.0, 0.0]",0.47727,0.21538,"[0.64615, 0.0, 0.0]",186,1.0064,1.019,186,STOPPED,18.697
540,20251204_150209,gaitpart_GREW.csv,Preset_v2_13,TCN,42,"[192, 256, 384]","[1, 2, 4]","[True, False, True]","[0.05, 0.05, 0.05]",3,3,2,leakyrelu,False,False,max,128,64,RMSprop,,0.0003,0.0,minmax,256,1.00627,1.01436,0.47727,0.21538,"[0.64615, 0.0, 0.0]",0.47727,0.21538,"[0.64615, 0.0, 0.0]",192,1.00627,1.01436,192,STOPPED,15.342
541,20251204_150209,gaitpart_OUMVLP.csv,Preset_v2_13,TCN,42,"[192, 256, 384]","[1, 2, 4]","[True, False, True]","[0.05, 0.05, 0.05]",3,3,2,leakyrelu,False,False,max,128,64,RMSprop,,0.0003,0.0,minmax,256,1.00683,1.01333,0.47727,0.21538,"[0.64615, 0.0, 0.0]",0.47727,0.21538,"[0.64615, 0.0, 0.0]",144,1.00683,1.01333,144,STOPPED,11.556
542,20251204_150209,gaitset.csv,Preset_v2_13,TCN,42,"[192, 256, 384]","[1, 2, 4]","[True, False, True]","[0.05, 0.05, 0.05]",3,3,2,leakyrelu,False,False,max,128,64,RMSprop,,0.0003,0.0,minmax,256,0.04468,2.69773,0.43182,0.3314,"[0.6, 0.13333, 0.26087]",0.59091,0.5019,"[0.72, 0.28571, 0.5]",520,0.66402,1.3262,561,COMPLETED,55.037
543,20251204_150209,gaitset_GREW.csv,Preset_v2_13,TCN,42,"[192, 256, 384]","[1, 2, 4]","[True, False, True]","[0.05, 0.05, 0.05]",3,3,2,leakyrelu,False,False,max,128,64,RMSprop,,0.0003,0.0,minmax,256,1.00741,1.01407,0.47727,0.21538,"[0.64615, 0.0, 0.0]",0.47727,0.21538,"[0.64615, 0.0, 0.0]",321,1.00741,1.01407,321,STOPPED,31.51
544,20251204_150209,gaitset_OUMVLP.csv,Preset_v2_13,TCN,42,"[192, 256, 384]","[1, 2, 4]","[True, False, True]","[0.05, 0.05, 0.05]",3,3,2,leakyrelu,False,False,max,128,64,RMSprop,,0.0003,0.0,minmax,256,1.01237,1.01396,0.47727,0.21538,"[0.64615, 0.0, 0.0]",0.47727,0.21538,"[0.64615, 0.0, 0.0]",125,1.01237,1.01396,125,STOPPED,12.229
545,20251204_150209,gln_phase1.csv,Preset_v2_13,TCN,42,"[192, 256, 384]","[1, 2, 4]","[True, False, True]","[0.05, 0.05, 0.05]",3,3,2,leakyrelu,False,False,max,128,64,RMSprop,,0.0003,0.0,minmax,256,1.00804,1.01409,0.47727,0.21538,"[0.64615, 0.0, 0.0]",0.47727,0.21538,"[0.64615, 0.0, 0.0]",105,1.00804,1.01409,105,STOPPED,12.887
546,20251204_150209,gln_phase2.csv,Preset_v2_13,TCN,42,"[192, 256, 384]","[1, 2, 4]","[True, False, True]","[0.05, 0.05, 0.05]",3,3,2,leakyrelu,False,False,max,128,64,RMSprop,,0.0003,0.0,minmax,256,1.00857,1.01813,0.47727,0.21538,"[0.64615, 0.0, 0.0]",0.47727,0.21538,"[0.64615, 0.0, 0.0]",214,1.00857,1.01813,214,STOPPED,26.334

547,20251204_150712,baseline_CASIAB.csv,Preset_v2_14,TCN,42,"[256, 512]","[1, 4]","[True, True]","[0.05, 0.1]",2,5,2,gelu,True,True,mean,256,128,AdamW,,0.0001,1e-05,minmax,256,1.00835,1.02132,0.47727,0.21538,"[0.64615, 0.0, 0.0]",0.47727,0.21538,"[0.64615, 0.0, 0.0]",185,1.00835,1.02132,185,STOPPED,12.47
548,20251204_150712,baseline_OUMVLP.csv,Preset_v2_14,TCN,42,"[256, 512]","[1, 4]","[True, True]","[0.05, 0.1]",2,5,2,gelu,True,True,mean,256,128,AdamW,,0.0001,1e-05,minmax,256,1.00573,1.01463,0.47727,0.21538,"[0.64615, 0.0, 0.0]",0.47727,0.21538,"[0.64615, 0.0, 0.0]",277,1.00573,1.01463,277,STOPPED,17.852
549,20251204_150712,gaitgl.csv,Preset_v2_14,TCN,42,"[256, 512]","[1, 4]","[True, True]","[0.05, 0.1]",2,5,2,gelu,True,True,mean,256,128,AdamW,,0.0001,1e-05,minmax,128,1.00594,1.01378,0.47727,0.21538,"[0.64615, 0.0, 0.0]",0.47727,0.21538,"[0.64615, 0.0, 0.0]",283,1.00594,1.01378,283,STOPPED,20.127
550,20251204_150712,gaitgl_GREW.csv,Preset_v2_14,TCN,42,"[256, 512]","[1, 4]","[True, True]","[0.05, 0.1]",2,5,2,gelu,True,True,mean,256,128,AdamW,,0.0001,1e-05,minmax,256,1.00632,1.01455,0.47727,0.21538,"[0.64615, 0.0, 0.0]",0.47727,0.21538,"[0.64615, 0.0, 0.0]",110,1.00632,1.01455,110,STOPPED,8.789
551,20251204_150712,gaitgl_GREW_BNNeck.csv,Preset_v2_14,TCN,42,"[256, 512]","[1, 4]","[True, True]","[0.05, 0.1]",2,5,2,gelu,True,True,mean,256,128,AdamW,,0.0001,1e-05,minmax,256,1.00551,1.01473,0.47727,0.21538,"[0.64615, 0.0, 0.0]",0.47727,0.21538,"[0.64615, 0.0, 0.0]",131,1.00551,1.01473,131,STOPPED,10.434
552,20251204_150712,gaitgl_OUMVLP.csv,Preset_v2_14,TCN,42,"[256, 512]","[1, 4]","[True, True]","[0.05, 0.1]",2,5,2,gelu,True,True,mean,256,128,AdamW,,0.0001,1e-05,minmax,256,1.00676,1.01388,0.47727,0.21538,"[0.64615, 0.0, 0.0]",0.47727,0.21538,"[0.64615, 0.0, 0.0]",120,1.00676,1.01388,120,STOPPED,9.567
553,20251204_150712,gaitpart_GREW.csv,Preset_v2_14,TCN,42,"[256, 512]","[1, 4]","[True, True]","[0.05, 0.1]",2,5,2,gelu,True,True,mean,256,128,AdamW,,0.0001,1e-05,minmax,256,0.0771,2.6548,0.47727,0.40269,"[0.56522, 0.14286, 0.5]",0.59091,0.51975,"[0.67925, 0.4, 0.48]",418,0.25955,2.2547,452,COMPLETED,21.947
554,20251204_150712,gaitpart_OUMVLP.csv,Preset_v2_14,TCN,42,"[256, 512]","[1, 4]","[True, True]","[0.05, 0.1]",2,5,2,gelu,True,True,mean,256,128,AdamW,,0.0001,1e-05,minmax,256,1.00486,1.01392,0.47727,0.21538,"[0.64615, 0.0, 0.0]",0.47727,0.21538,"[0.64615, 0.0, 0.0]",134,1.00486,1.01392,134,STOPPED,6.498
555,20251204_150712,gaitset.csv,Preset_v2_14,TCN,42,"[256, 512]","[1, 4]","[True, True]","[0.05, 0.1]",2,5,2,gelu,True,True,mean,256,128,AdamW,,0.0001,1e-05,minmax,256,1.00561,1.01474,0.47727,0.21538,"[0.64615, 0.0, 0.0]",0.47727,0.21538,"[0.64615, 0.0, 0.0]",178,1.00561,1.01474,178,STOPPED,13.942
556,20251204_150712,gaitset_GREW.csv,Preset_v2_14,TCN,42,"[256, 512]","[1, 4]","[True, True]","[0.05, 0.1]",2,5,2,gelu,True,True,mean,256,128,AdamW,,0.0001,1e-05,minmax,256,1.00766,1.01437,0.47727,0.21538,"[0.64615, 0.0, 0.0]",0.47727,0.21538,"[0.64615, 0.0, 0.0]",120,1.00766,1.01437,120,STOPPED,9.335
557,20251204_150712,gaitset_OUMVLP.csv,Preset_v2_14,TCN,42,"[256, 512]","[1, 4]","[True, True]","[0.05, 0.1]",2,5,2,gelu,True,True,mean,256,128,AdamW,,0.0001,1e-05,minmax,256,1.00624,1.01481,0.47727,0.21538,"[0.64615, 0.0, 0.0]",0.47727,0.21538,"[0.64615, 0.0, 0.0]",188,1.00624,1.01481,188,STOPPED,14.677
558,20251204_150712,gln_phase1.csv,Preset_v2_14,TCN,42,"[256, 512]","[1, 4]","[True, True]","[0.05, 0.1]",2,5,2,gelu,True,True,mean,256,128,AdamW,,0.0001,1e-05,minmax,256,1.01026,1.01976,0.47727,0.21538,"[0.64615, 0.0, 0.0]",0.47727,0.21538,"[0.64615, 0.0, 0.0]",189,1.01026,1.01976,189,STOPPED,20.035
559,20251204_150712,gln_phase2.csv,Preset_v2_14,TCN,42,"[256, 512]","[1, 4]","[True, True]","[0.05, 0.1]",2,5,2,gelu,True,True,mean,256,128,AdamW,,0.0001,1e-05,minmax,256,1.00796,1.01732,0.47727,0.21538,"[0.64615, 0.0, 0.0]",0.47727,0.21538,"[0.64615, 0.0, 0.0]",139,1.00796,1.01732,139,STOPPED,14.712

560,20251204_151026,baseline_CASIAB.csv,Preset_v2_15,TCN,42,"[640, 640, 640]","[1, 2, 4]","[True, True, True]","[0.1, 0.1, 0.1]",3,3,1,gelu,True,True,attention,256,96,Adam,,8e-05,1e-05,L2,256,0.04493,2.77704,0.40909,0.34378,"[0.52174, 0.125, 0.38462]",0.47727,0.44329,"[0.43243, 0.33333, 0.5641]",112,0.10326,2.36083,123,COMPLETED,9.589
561,20251204_151026,baseline_OUMVLP.csv,Preset_v2_15,TCN,42,"[640, 640, 640]","[1, 2, 4]","[True, True, True]","[0.1, 0.1, 0.1]",3,3,1,gelu,True,True,attention,256,96,Adam,,8e-05,1e-05,L2,256,0.05357,2.0516,0.54545,0.4127,"[0.57143, 0.0, 0.66667]",0.52273,0.472,"[0.58537, 0.25, 0.58065]",127,0.38751,1.46677,154,COMPLETED,12.009
562,20251204_151026,gaitgl.csv,Preset_v2_15,TCN,42,"[640, 640, 640]","[1, 2, 4]","[True, True, True]","[0.1, 0.1, 0.1]",3,3,1,gelu,True,True,attention,256,96,Adam,,8e-05,1e-05,L2,128,0.05559,2.39412,0.5,0.33571,"[0.60714, 0.0, 0.4]",0.45455,0.39962,"[0.47826, 0.25, 0.47059]",27,0.64524,1.13948,48,COMPLETED,5.302
563,20251204_151026,gaitgl_GREW.csv,Preset_v2_15,TCN,42,"[640, 640, 640]","[1, 2, 4]","[True, True, True]","[0.1, 0.1, 0.1]",3,3,1,gelu,True,True,attention,256,96,Adam,,8e-05,1e-05,L2,256,0.05602,2.46074,0.47727,0.34912,"[0.59574, 0.0, 0.45161]",0.5,0.48957,"[0.53659, 0.46154, 0.47059]",36,0.199,1.82249,48,COMPLETED,5.63
564,20251204_151026,gaitgl_GREW_BNNeck.csv,Preset_v2_15,TCN,42,"[640, 640, 640]","[1, 2, 4]","[True, True, True]","[0.1, 0.1, 0.1]",3,3,1,gelu,True,True,attention,256,96,Adam,,8e-05,1e-05,L2,256,0.0717,2.03248,0.5,0.42732,"[0.54545, 0.22222, 0.51429]",0.54545,0.46549,"[0.59091, 0.25, 0.55556]",87,0.07243,2.07024,89,COMPLETED,10.303
565,20251204_151026,gaitgl_OUMVLP.csv,Preset_v2_15,TCN,42,"[640, 640, 640]","[1, 2, 4]","[True, True, True]","[0.1, 0.1, 0.1]",3,3,1,gelu,True,True,attention,256,96,Adam,,8e-05,1e-05,L2,256,0.04279,1.75386,0.52273,0.43859,"[0.6087, 0.22222, 0.48485]",0.56818,0.48308,"[0.59459, 0.25, 0.60465]",89,0.21328,1.72264,104,COMPLETED,12.06
566,20251204_151026,gaitpart_GREW.csv,Preset_v2_15,TCN,42,"[640, 640, 640]","[1, 2, 4]","[True, True, True]","[0.1, 0.1, 0.1]",3,3,1,gelu,True,True,attention,256,96,Adam,,8e-05,1e-05,L2,256,0.07164,2.94474,0.43182,0.37611,"[0.54167, 0.26667, 0.32]",0.52273,0.50649,"[0.59091, 0.5, 0.42857]",132,0.36994,1.69056,174,COMPLETED,11.335
567,20251204_151026,gaitpart_OUMVLP.csv,Preset_v2_15,TCN,42,"[640, 640, 640]","[1, 2, 4]","[True, True, True]","[0.1, 0.1, 0.1]",3,3,1,gelu,True,True,attention,256,96,Adam,,8e-05,1e-05,L2,256,0.06675,2.05242,0.40909,0.30012,"[0.57778, 0.0, 0.32258]",0.52273,0.4416,"[0.61538, 0.15385, 0.55556]",256,0.42717,1.13388,287,COMPLETED,19.539
568,20251204_151026,gaitset.csv,Preset_v2_15,TCN,42,"[640, 640, 640]","[1, 2, 4]","[True, True, True]","[0.1, 0.1, 0.1]",3,3,1,gelu,True,True,attention,256,96,Adam,,8e-05,1e-05,L2,256,0.06327,2.63601,0.43182,0.3094,"[0.55319, 0.0, 0.375]",0.47727,0.40404,"[0.54545, 0.18182, 0.48485]",77,0.33612,2.15447,93,COMPLETED,10.693
569,20251204_151026,gaitset_GREW.csv,Preset_v2_15,TCN,42,"[640, 640, 640]","[1, 2, 4]","[True, True, True]","[0.1, 0.1, 0.1]",3,3,1,gelu,True,True,attention,256,96,Adam,,8e-05,1e-05,L2,256,0.09613,2.6003,0.31818,0.27492,"[0.4878, 0.08696, 0.25]",0.47727,0.43384,"[0.48485, 0.26667, 0.55]",111,0.17211,2.20467,132,COMPLETED,14.828
570,20251204_151026,gaitset_OUMVLP.csv,Preset_v2_15,TCN,42,"[640, 640, 640]","[1, 2, 4]","[True, True, True]","[0.1, 0.1, 0.1]",3,3,1,gelu,True,True,attention,256,96,Adam,,8e-05,1e-05,L2,256,0.07242,2.30303,0.38636,0.33519,"[0.53333, 0.25, 0.22222]",0.47727,0.45308,"[0.52174, 0.4, 0.4375]",425,0.22058,2.0024,455,COMPLETED,52.018
571,20251204_151026,gln_phase1.csv,Preset_v2_15,TCN,42,"[640, 640, 640]","[1, 2, 4]","[True, True, True]","[0.1, 0.1, 0.1]",3,3,1,gelu,True,True,attention,256,96,Adam,,8e-05,1e-05,L2,256,0.0637,2.40549,0.5,0.3684,"[0.59091, 0.0, 0.51429]",0.56818,0.50188,"[0.68182, 0.30769, 0.51613]",92,0.25463,1.87939,104,COMPLETED,16.191
572,20251204_151026,gln_phase2.csv,Preset_v2_15,TCN,42,"[640, 640, 640]","[1, 2, 4]","[True, True, True]","[0.1, 0.1, 0.1]",3,3,1,gelu,True,True,attention,256,96,Adam,,8e-05,1e-05,L2,256,0.05701,2.62366,0.52273,0.44923,"[0.64, 0.30769, 0.4]",0.54545,0.46598,"[0.68, 0.33333, 0.38462]",106,0.21451,2.25383,116,COMPLETED,18.284

573,20251204_151358,baseline_CASIAB.csv,Preset_v2_16,TCN,42,"[384, 512, 512, 512]","[1, 2, 4, 8]","[True, True, True, True]","[None, 0.05, 0.1, 0.1]",4,5,3,gelu,True,True,max,512,96,AdamW,,0.00015,1e-05,minmax,256,0.04168,2.31158,0.45455,0.3945,"[0.52174, 0.25, 0.41176]",0.56818,0.4877,"[0.69388, 0.30769, 0.46154]",107,0.3064,1.55746,126,COMPLETED,20.004
574,20251204_151358,baseline_OUMVLP.csv,Preset_v2_16,TCN,42,"[384, 512, 512, 512]","[1, 2, 4, 8]","[True, True, True, True]","[None, 0.05, 0.1, 0.1]",4,5,3,gelu,True,True,max,512,96,AdamW,,0.00015,1e-05,minmax,256,0.0173,1.92468,0.52273,0.43135,"[0.61224, 0.18182, 0.5]",0.59091,0.50026,"[0.62222, 0.25, 0.62857]",213,0.02566,1.99134,214,COMPLETED,34.005
575,20251204_151358,gaitgl.csv,Preset_v2_16,TCN,42,"[384, 512, 512, 512]","[1, 2, 4, 8]","[True, True, True, True]","[None, 0.05, 0.1, 0.1]",4,5,3,gelu,True,True,max,512,96,AdamW,,0.00015,1e-05,minmax,128,0.02104,1.41663,0.52273,0.37075,"[0.61224, 0.0, 0.5]",0.52273,0.44056,"[0.58333, 0.22222, 0.51613]",46,0.03659,1.25021,48,COMPLETED,11.187
576,20251204_151358,gaitgl_GREW.csv,Preset_v2_16,TCN,42,"[384, 512, 512, 512]","[1, 2, 4, 8]","[True, True, True, True]","[None, 0.05, 0.1, 0.1]",4,5,3,gelu,True,True,max,512,96,AdamW,,0.00015,1e-05,minmax,256,0.01785,1.26955,0.45455,0.31548,"[0.57143, 0.0, 0.375]",0.45455,0.42801,"[0.52381, 0.31579, 0.44444]",52,0.32059,1.12266,66,COMPLETED,15.993
577,20251204_151358,gaitgl_GREW_BNNeck.csv,Preset_v2_16,TCN,42,"[384, 512, 512, 512]","[1, 2, 4, 8]","[True, True, True, True]","[None, 0.05, 0.1, 0.1]",4,5,3,gelu,True,True,max,512,96,AdamW,,0.00015,1e-05,minmax,256,0.99993,1.01481,0.47727,0.21538,"[0.64615, 0.0, 0.0]",0.47727,0.21538,"[0.64615, 0.0, 0.0]",129,0.99993,1.01481,129,STOPPED,31.085
578,20251204_151358,gaitgl_OUMVLP.csv,Preset_v2_16,TCN,42,"[384, 512, 512, 512]","[1, 2, 4, 8]","[True, True, True, True]","[None, 0.05, 0.1, 0.1]",4,5,3,gelu,True,True,max,512,96,AdamW,,0.00015,1e-05,minmax,256,1.00725,1.01732,0.47727,0.21538,"[0.64615, 0.0, 0.0]",0.47727,0.21538,"[0.64615, 0.0, 0.0]",161,1.00725,1.01732,161,STOPPED,38.978
579,20251204_151358,gaitpart_GREW.csv,Preset_v2_16,TCN,42,"[384, 512, 512, 512]","[1, 2, 4, 8]","[True, True, True, True]","[None, 0.05, 0.1, 0.1]",4,5,3,gelu,True,True,max,512,96,AdamW,,0.00015,1e-05,minmax,256,0.06654,2.59645,0.45455,0.43492,"[0.51429, 0.33333, 0.45714]",0.61364,0.56051,"[0.72, 0.5, 0.46154]",153,0.23102,2.44383,173,COMPLETED,21.492
580,20251204_151358,gaitpart_OUMVLP.csv,Preset_v2_16,TCN,42,"[384, 512, 512, 512]","[1, 2, 4, 8]","[True, True, True, True]","[None, 0.05, 0.1, 0.1]",4,5,3,gelu,True,True,max,512,96,AdamW,,0.00015,1e-05,minmax,256,0.04475,2.00318,0.5,0.4195,"[0.60465, 0.15385, 0.5]",0.68182,0.66703,"[0.68571, 0.61538, 0.7]",548,0.26949,1.24966,603,COMPLETED,77.694
581,20251204_151358,gaitset.csv,Preset_v2_16,TCN,42,"[384, 512, 512, 512]","[1, 2, 4, 8]","[True, True, True, True]","[None, 0.05, 0.1, 0.1]",4,5,3,gelu,True,True,max,512,96,AdamW,,0.00015,1e-05,minmax,256,0.03964,1.77973,0.38636,0.31967,"[0.55814, 0.125, 0.27586]",0.52273,0.45092,"[0.52381, 0.25, 0.57895]",72,0.57626,1.11379,121,COMPLETED,29.495
582,20251204_151358,gaitset_GREW.csv,Preset_v2_16,TCN,42,"[384, 512, 512, 512]","[1, 2, 4, 8]","[True, True, True, True]","[None, 0.05, 0.1, 0.1]",4,5,3,gelu,True,True,max,512,96,AdamW,,0.00015,1e-05,minmax,256,0.08167,2.50951,0.45455,0.38321,"[0.4375, 0.16667, 0.54545]",0.56818,0.47917,"[0.625, 0.25, 0.5625]",121,0.51944,1.375,145,COMPLETED,34.44
583,20251204_151358,gaitset_OUMVLP.csv,Preset_v2_16,TCN,42,"[384, 512, 512, 512]","[1, 2, 4, 8]","[True, True, True, True]","[None, 0.05, 0.1, 0.1]",4,5,3,gelu,True,True,max,512,96,AdamW,,0.00015,1e-05,minmax,256,1.00468,1.01432,0.47727,0.21538,"[0.64615, 0.0, 0.0]",0.47727,0.21538,"[0.64615, 0.0, 0.0]",113,1.00468,1.01432,113,STOPPED,26.571
584,20251204_151358,gln_phase1.csv,Preset_v2_16,TCN,42,"[384, 512, 512, 512]","[1, 2, 4, 8]","[True, True, True, True]","[None, 0.05, 0.1, 0.1]",4,5,3,gelu,True,True,max,512,96,AdamW,,0.00015,1e-05,minmax,256,0.04451,1.60856,0.47727,0.35393,"[0.60465, 0.0, 0.45714]",0.52273,0.49794,"[0.54545, 0.26087, 0.6875]",124,0.3042,1.11495,163,COMPLETED,51.542
585,20251204_151358,gln_phase2.csv,Preset_v2_16,TCN,42,"[384, 512, 512, 512]","[1, 2, 4, 8]","[True, True, True, True]","[None, 0.05, 0.1, 0.1]",4,5,3,gelu,True,True,max,512,96,AdamW,,0.00015,1e-05,minmax,256,0.02544,2.05713,0.5,0.49557,"[0.5, 0.47059, 0.51613]",0.56818,0.55711,"[0.60465, 0.53333, 0.53333]",158,0.37128,1.46801,178,COMPLETED,55.771

586,20251204_152141,baseline_CASIAB.csv,Preset_v2_17,TCN,42,"[256, 256, 256]","[1, 3, 9]","[True, True, True]","[0.05, 0.1, 0.1]",3,7,2,gelu,True,True,max,256,96,AdamW,,0.00012,1e-05,minmax,256,0.07275,1.68847,0.40909,0.30075,"[0.42857, 0.0, 0.47368]",0.40909,0.38374,"[0.42105, 0.28571, 0.44444]",97,0.63708,1.21406,145,COMPLETED,10.196
587,20251204_152141,baseline_OUMVLP.csv,Preset_v2_17,TCN,42,"[256, 256, 256]","[1, 3, 9]","[True, True, True]","[0.05, 0.1, 0.1]",3,7,2,gelu,True,True,max,256,96,AdamW,,0.00012,1e-05,minmax,256,0.06604,1.60077,0.47727,0.40794,"[0.52381, 0.2, 0.5]",0.61364,0.55906,"[0.65217, 0.4, 0.625]",182,0.17315,1.43465,211,COMPLETED,14.655
588,20251204_152141,gaitgl.csv,Preset_v2_17,TCN,42,"[256, 256, 256]","[1, 3, 9]","[True, True, True]","[0.05, 0.1, 0.1]",3,7,2,gelu,True,True,max,256,96,AdamW,,0.00012,1e-05,minmax,128,0.05288,1.35763,0.40909,0.35084,"[0.48889, 0.2, 0.36364]",0.45455,0.38056,"[0.54167, 0.2, 0.4]",64,0.18952,1.27741,80,COMPLETED,6.42
589,20251204_152141,gaitgl_GREW.csv,Preset_v2_17,TCN,42,"[256, 256, 256]","[1, 3, 9]","[True, True, True]","[0.05, 0.1, 0.1]",3,7,2,gelu,True,True,max,256,96,AdamW,,0.00012,1e-05,minmax,256,0.05313,1.19759,0.43182,0.31163,"[0.51064, 0.0, 0.42424]",0.45455,0.42361,"[0.5, 0.33333, 0.4375]",68,0.10858,1.1815,73,COMPLETED,6.642
590,20251204_152141,gaitgl_GREW_BNNeck.csv,Preset_v2_17,TCN,42,"[256, 256, 256]","[1, 3, 9]","[True, True, True]","[0.05, 0.1, 0.1]",3,7,2,gelu,True,True,max,256,96,AdamW,,0.00012,1e-05,minmax,256,0.0644,1.83377,0.5,0.41301,"[0.58824, 0.22222, 0.42857]",0.54545,0.4534,"[0.62745, 0.25, 0.48276]",218,0.4566,1.28388,264,COMPLETED,25.429
591,20251204_152141,gaitgl_OUMVLP.csv,Preset_v2_17,TCN,42,"[256, 256, 256]","[1, 3, 9]","[True, True, True]","[0.05, 0.1, 0.1]",3,7,2,gelu,True,True,max,256,96,AdamW,,0.00012,1e-05,minmax,256,0.06165,1.61327,0.54545,0.39453,"[0.57895, 0.0, 0.60465]",0.52273,0.48917,"[0.6, 0.31579, 0.55172]",257,0.14856,1.33338,281,COMPLETED,27.663
592,20251204_152141,gaitpart_GREW.csv,Preset_v2_17,TCN,42,"[256, 256, 256]","[1, 3, 9]","[True, True, True]","[0.05, 0.1, 0.1]",3,7,2,gelu,True,True,max,256,96,AdamW,,0.00012,1e-05,minmax,256,0.04839,2.017,0.5,0.46667,"[0.6, 0.33333, 0.46667]",0.56818,0.55606,"[0.65, 0.53333, 0.48485]",165,0.17426,1.68766,179,COMPLETED,12.846
593,20251204_152141,gaitpart_OUMVLP.csv,Preset_v2_17,TCN,42,"[256, 256, 256]","[1, 3, 9]","[True, True, True]","[0.05, 0.1, 0.1]",3,7,2,gelu,True,True,max,256,96,AdamW,,0.00012,1e-05,minmax,256,0.04036,1.68919,0.54545,0.44949,"[0.68182, 0.16667, 0.5]",0.63636,0.57234,"[0.75, 0.42857, 0.53846]",504,0.10931,1.70465,511,COMPLETED,33.29
594,20251204_152141,gaitset.csv,Preset_v2_17,TCN,42,"[256, 256, 256]","[1, 3, 9]","[True, True, True]","[0.05, 0.1, 0.1]",3,7,2,gelu,True,True,max,256,96,AdamW,,0.00012,1e-05,minmax,256,0.08231,1.31432,0.5,0.36906,"[0.57778, 0.0, 0.52941]",0.52273,0.43834,"[0.47059, 0.22222, 0.62222]",109,0.63206,1.20651,148,COMPLETED,13.004
595,20251204_152141,gaitset_GREW.csv,Preset_v2_17,TCN,42,"[256, 256, 256]","[1, 3, 9]","[True, True, True]","[0.05, 0.1, 0.1]",3,7,2,gelu,True,True,max,256,96,AdamW,,0.00012,1e-05,minmax,256,0.08026,1.56027,0.54545,0.46032,"[0.57143, 0.14286, 0.66667]",0.61364,0.51608,"[0.66667, 0.25, 0.63158]",136,0.19419,1.26903,155,COMPLETED,13.474
596,20251204_152141,gaitset_OUMVLP.csv,Preset_v2_17,TCN,42,"[256, 256, 256]","[1, 3, 9]","[True, True, True]","[0.05, 0.1, 0.1]",3,7,2,gelu,True,True,max,256,96,AdamW,,0.00012,1e-05,minmax,256,1.00346,1.01398,0.47727,0.21538,"[0.64615, 0.0, 0.0]",0.47727,0.21538,"[0.64615, 0.0, 0.0]",150,1.00346,1.01398,150,STOPPED,13.098
597,20251204_152141,gln_phase1.csv,Preset_v2_17,TCN,42,"[256, 256, 256]","[1, 3, 9]","[True, True, True]","[0.05, 0.1, 0.1]",3,7,2,gelu,True,True,max,256,96,AdamW,,0.00012,1e-05,minmax,256,0.07644,1.26655,0.59091,0.56085,"[0.66667, 0.44444, 0.57143]",0.61364,0.58772,"[0.63158, 0.5, 0.63158]",167,0.35259,1.09544,200,COMPLETED,22.484
598,20251204_152141,gln_phase2.csv,Preset_v2_17,TCN,42,"[256, 256, 256]","[1, 3, 9]","[True, True, True]","[0.05, 0.1, 0.1]",3,7,2,gelu,True,True,max,256,96,AdamW,,0.00012,1e-05,minmax,256,0.09098,1.35524,0.56818,0.48266,"[0.61905, 0.25, 0.57895]",0.56818,0.55366,"[0.63158, 0.5, 0.52941]",145,0.16608,1.21456,159,COMPLETED,18.048

599,20251204_152532,baseline_CASIAB.csv,Preset_v2_18,TCN,42,"[512, 512, 640, 640]","[1, 2, 4, 8]","[True, True, True, True]","[0.05, 0.05, 0.1, 0.1]",4,3,2,leakyrelu,True,True,attention,256,64,Adam,,0.0001,1e-05,L2,256,0.0134,2.3954,0.47727,0.44327,"[0.51163, 0.33333, 0.48485]",0.47727,0.47419,"[0.47619, 0.46154, 0.48485]",54,0.02552,2.16118,56,COMPLETED,8.396
600,20251204_152532,baseline_OUMVLP.csv,Preset_v2_18,TCN,42,"[512, 512, 640, 640]","[1, 2, 4, 8]","[True, True, True, True]","[0.05, 0.05, 0.1, 0.1]",4,3,2,leakyrelu,True,True,attention,256,64,Adam,,0.0001,1e-05,L2,256,0.02395,1.82766,0.43182,0.32839,"[0.42105, 0.0, 0.5641]",0.54545,0.46331,"[0.59091, 0.15385, 0.64516]",51,0.33919,1.12906,65,COMPLETED,10.25
601,20251204_152532,gaitgl.csv,Preset_v2_18,TCN,42,"[512, 512, 640, 640]","[1, 2, 4, 8]","[True, True, True, True]","[0.05, 0.05, 0.1, 0.1]",4,3,2,leakyrelu,True,True,attention,256,64,Adam,,0.0001,1e-05,L2,128,0.0292,1.96127,0.5,0.39118,"[0.59459, 0.0, 0.57895]",0.47727,0.40708,"[0.5641, 0.14286, 0.51429]",24,0.19848,1.54329,32,COMPLETED,7.018
602,20251204_152532,gaitgl_GREW.csv,Preset_v2_18,TCN,42,"[512, 512, 640, 640]","[1, 2, 4, 8]","[True, True, True, True]","[0.05, 0.05, 0.1, 0.1]",4,3,2,leakyrelu,True,True,attention,256,64,Adam,,0.0001,1e-05,L2,256,0.01682,2.76362,0.34091,0.2399,"[0.41667, 0.0, 0.30303]",0.40909,0.29167,"[0.5, 0.0, 0.375]",26,0.22093,1.93907,39,COMPLETED,8.62
603,20251204_152532,gaitgl_GREW_BNNeck.csv,Preset_v2_18,TCN,42,"[512, 512, 640, 640]","[1, 2, 4, 8]","[True, True, True, True]","[0.05, 0.05, 0.1, 0.1]",4,3,2,leakyrelu,True,True,attention,256,64,Adam,,0.0001,1e-05,L2,256,0.05214,2.44695,0.36364,0.3034,"[0.48889, 0.125, 0.2963]",0.5,0.40868,"[0.61224, 0.2, 0.41379]",37,0.22651,1.72762,45,COMPLETED,9.837
604,20251204_152532,gaitgl_OUMVLP.csv,Preset_v2_18,TCN,42,"[512, 512, 640, 640]","[1, 2, 4, 8]","[True, True, True, True]","[0.05, 0.05, 0.1, 0.1]",4,3,2,leakyrelu,True,True,attention,256,64,Adam,,0.0001,1e-05,L2,256,0.0258,1.63976,0.5,0.37184,"[0.57895, 0.0, 0.53659]",0.56818,0.41479,"[0.6383, 0.0, 0.60606]",39,0.24656,1.11498,49,COMPLETED,10.707
605,20251204_152532,gaitpart_GREW.csv,Preset_v2_18,TCN,42,"[512, 512, 640, 640]","[1, 2, 4, 8]","[True, True, True, True]","[0.05, 0.05, 0.1, 0.1]",4,3,2,leakyrelu,True,True,attention,256,64,Adam,,0.0001,1e-05,L2,256,0.03777,2.48356,0.38636,0.35754,"[0.47368, 0.23529, 0.36364]",0.56818,0.4877,"[0.69388, 0.30769, 0.46154]",56,0.41644,1.43644,78,COMPLETED,10.559
606,20251204_152532,gaitpart_OUMVLP.csv,Preset_v2_18,TCN,42,"[512, 512, 640, 640]","[1, 2, 4, 8]","[True, True, True, True]","[0.05, 0.05, 0.1, 0.1]",4,3,2,leakyrelu,True,True,attention,256,64,Adam,,0.0001,1e-05,L2,256,0.05093,2.37666,0.5,0.37879,"[0.59091, 0.0, 0.54545]",0.56818,0.53434,"[0.63158, 0.4, 0.57143]",198,0.44466,1.36879,228,COMPLETED,30.929
607,20251204_152532,gaitset.csv,Preset_v2_18,TCN,42,"[512, 512, 640, 640]","[1, 2, 4, 8]","[True, True, True, True]","[0.05, 0.05, 0.1, 0.1]",4,3,2,leakyrelu,True,True,attention,256,64,Adam,,0.0001,1e-05,L2,256,0.01741,2.74285,0.38636,0.33122,"[0.47619, 0.15385, 0.36364]",0.52273,0.49048,"[0.5, 0.4, 0.57143]",15,0.59642,1.38,56,COMPLETED,11.601
608,20251204_152532,gaitset_GREW.csv,Preset_v2_18,TCN,42,"[512, 512, 640, 640]","[1, 2, 4, 8]","[True, True, True, True]","[0.05, 0.05, 0.1, 0.1]",4,3,2,leakyrelu,True,True,attention,256,64,Adam,,0.0001,1e-05,L2,256,0.04803,2.40676,0.45455,0.39167,"[0.55, 0.125, 0.5]",0.52273,0.43295,"[0.625, 0.22222, 0.45161]",57,0.35824,1.56902,79,COMPLETED,16.767
609,20251204_152532,gaitset_OUMVLP.csv,Preset_v2_18,TCN,42,"[512, 512, 640, 640]","[1, 2, 4, 8]","[True, True, True, True]","[0.05, 0.05, 0.1, 0.1]",4,3,2,leakyrelu,True,True,attention,256,64,Adam,,0.0001,1e-05,L2,256,0.01708,2.53581,0.43182,0.35473,"[0.55319, 0.15385, 0.35714]",0.52273,0.4098,"[0.63158, 0.25, 0.34783]",104,0.56166,1.2994,168,COMPLETED,35.645
610,20251204_152532,gln_phase1.csv,Preset_v2_18,TCN,42,"[512, 512, 640, 640]","[1, 2, 4, 8]","[True, True, True, True]","[0.05, 0.05, 0.1, 0.1]",4,3,2,leakyrelu,True,True,attention,256,64,Adam,,0.0001,1e-05,L2,256,0.01704,1.88367,0.52273,0.42853,"[0.65217, 0.18182, 0.45161]",0.61364,0.51087,"[0.68182, 0.22222, 0.62857]",48,0.11139,1.50092,53,COMPLETED,14.423
611,20251204_152532,gln_phase2.csv,Preset_v2_18,TCN,42,"[512, 512, 640, 640]","[1, 2, 4, 8]","[True, True, True, True]","[0.05, 0.05, 0.1, 0.1]",4,3,2,leakyrelu,True,True,attention,256,64,Adam,,0.0001,1e-05,L2,256,0.03623,2.29076,0.38636,0.35888,"[0.47368, 0.25, 0.35294]",0.38636,0.35888,"[0.47368, 0.25, 0.35294]",44,0.03623,2.29076,44,COMPLETED,12.171

612,20251204_152854,baseline_CASIAB.csv,Preset_v2_19,TCN,42,"[192, 192, 256, 256]","[1, 2, 4, 8]","[True, True, True, True]","[None, 0.05, 0.05, 0.1]",4,5,2,gelu,True,True,mean,128,64,AdamW,,0.00015,1e-05,minmax,256,1.00534,1.01337,0.47727,0.21538,"[0.64615, 0.0, 0.0]",0.47727,0.21538,"[0.64615, 0.0, 0.0]",111,1.00534,1.01337,111,STOPPED,12.221
613,20251204_152854,baseline_OUMVLP.csv,Preset_v2_19,TCN,42,"[192, 192, 256, 256]","[1, 2, 4, 8]","[True, True, True, True]","[None, 0.05, 0.05, 0.1]",4,5,2,gelu,True,True,mean,128,64,AdamW,,0.00015,1e-05,minmax,256,0.07827,3.58273,0.43182,0.37944,"[0.43243, 0.11765, 0.58824]",0.52273,0.44758,"[0.47368, 0.25, 0.61905]",409,0.31322,2.05427,451,COMPLETED,48.48
614,20251204_152854,gaitgl.csv,Preset_v2_19,TCN,42,"[192, 192, 256, 256]","[1, 2, 4, 8]","[True, True, True, True]","[None, 0.05, 0.05, 0.1]",4,5,2,gelu,True,True,mean,128,64,AdamW,,0.00015,1e-05,minmax,128,1.00714,1.01449,0.47727,0.21538,"[0.64615, 0.0, 0.0]",0.47727,0.21538,"[0.64615, 0.0, 0.0]",154,1.00714,1.01449,154,STOPPED,16.729
615,20251204_152854,gaitgl_GREW.csv,Preset_v2_19,TCN,42,"[192, 192, 256, 256]","[1, 2, 4, 8]","[True, True, True, True]","[None, 0.05, 0.05, 0.1]",4,5,2,gelu,True,True,mean,128,64,AdamW,,0.00015,1e-05,minmax,256,1.00878,1.01772,0.47727,0.21538,"[0.64615, 0.0, 0.0]",0.47727,0.21538,"[0.64615, 0.0, 0.0]",103,1.00878,1.01772,103,STOPPED,11.817
616,20251204_152854,gaitgl_GREW_BNNeck.csv,Preset_v2_19,TCN,42,"[192, 192, 256, 256]","[1, 2, 4, 8]","[True, True, True, True]","[None, 0.05, 0.05, 0.1]",4,5,2,gelu,True,True,mean,128,64,AdamW,,0.00015,1e-05,minmax,256,1.00604,1.01457,0.47727,0.21538,"[0.64615, 0.0, 0.0]",0.47727,0.21538,"[0.64615, 0.0, 0.0]",206,1.00604,1.01457,206,STOPPED,23.781
617,20251204_152854,gaitgl_OUMVLP.csv,Preset_v2_19,TCN,42,"[192, 192, 256, 256]","[1, 2, 4, 8]","[True, True, True, True]","[None, 0.05, 0.05, 0.1]",4,5,2,gelu,True,True,mean,128,64,AdamW,,0.00015,1e-05,minmax,256,1.0074,1.01434,0.47727,0.21538,"[0.64615, 0.0, 0.0]",0.47727,0.21538,"[0.64615, 0.0, 0.0]",117,1.0074,1.01434,117,STOPPED,13.578
618,20251204_152854,gaitpart_GREW.csv,Preset_v2_19,TCN,42,"[192, 192, 256, 256]","[1, 2, 4, 8]","[True, True, True, True]","[None, 0.05, 0.05, 0.1]",4,5,2,gelu,True,True,mean,128,64,AdamW,,0.00015,1e-05,minmax,256,0.03857,3.31015,0.5,0.40776,"[0.625, 0.15385, 0.44444]",0.54545,0.46795,"[0.65385, 0.33333, 0.41667]",262,0.23091,2.57772,288,COMPLETED,29.656
619,20251204_152854,gaitpart_OUMVLP.csv,Preset_v2_19,TCN,42,"[192, 192, 256, 256]","[1, 2, 4, 8]","[True, True, True, True]","[None, 0.05, 0.05, 0.1]",4,5,2,gelu,True,True,mean,128,64,AdamW,,0.00015,1e-05,minmax,256,0.03957,2.1164,0.56818,0.4742,"[0.65116, 0.2, 0.57143]",0.61364,0.58004,"[0.62857, 0.46154, 0.65]",517,0.2407,1.91466,527,COMPLETED,55.16
620,20251204_152854,gaitset.csv,Preset_v2_19,TCN,42,"[192, 192, 256, 256]","[1, 2, 4, 8]","[True, True, True, True]","[None, 0.05, 0.05, 0.1]",4,5,2,gelu,True,True,mean,128,64,AdamW,,0.00015,1e-05,minmax,256,1.00693,1.0143,0.47727,0.21538,"[0.64615, 0.0, 0.0]",0.47727,0.21538,"[0.64615, 0.0, 0.0]",192,1.00693,1.0143,192,STOPPED,22.01
621,20251204_152854,gaitset_GREW.csv,Preset_v2_19,TCN,42,"[192, 192, 256, 256]","[1, 2, 4, 8]","[True, True, True, True]","[None, 0.05, 0.05, 0.1]",4,5,2,gelu,True,True,mean,128,64,AdamW,,0.00015,1e-05,minmax,256,1.0056,1.01416,0.47727,0.21538,"[0.64615, 0.0, 0.0]",0.47727,0.21538,"[0.64615, 0.0, 0.0]",195,1.0056,1.01416,195,STOPPED,22.975
622,20251204_152854,gaitset_OUMVLP.csv,Preset_v2_19,TCN,42,"[192, 192, 256, 256]","[1, 2, 4, 8]","[True, True, True, True]","[None, 0.05, 0.05, 0.1]",4,5,2,gelu,True,True,mean,128,64,AdamW,,0.00015,1e-05,minmax,256,1.00657,1.015,0.47727,0.21538,"[0.64615, 0.0, 0.0]",0.47727,0.21538,"[0.64615, 0.0, 0.0]",167,1.00657,1.015,167,STOPPED,19.214
623,20251204_152854,gln_phase1.csv,Preset_v2_19,TCN,42,"[192, 192, 256, 256]","[1, 2, 4, 8]","[True, True, True, True]","[None, 0.05, 0.05, 0.1]",4,5,2,gelu,True,True,mean,128,64,AdamW,,0.00015,1e-05,minmax,256,1.00617,1.01464,0.47727,0.21538,"[0.64615, 0.0, 0.0]",0.47727,0.21538,"[0.64615, 0.0, 0.0]",167,1.00617,1.01464,167,STOPPED,22.743
624,20251204_152854,gln_phase2.csv,Preset_v2_19,TCN,42,"[192, 192, 256, 256]","[1, 2, 4, 8]","[True, True, True, True]","[None, 0.05, 0.05, 0.1]",4,5,2,gelu,True,True,mean,128,64,AdamW,,0.00015,1e-05,minmax,256,1.00713,1.01407,0.47727,0.21538,"[0.64615, 0.0, 0.0]",0.47727,0.21538,"[0.64615, 0.0, 0.0]",129,1.00713,1.01407,129,STOPPED,17.483

625,20251204_153423,baseline_CASIAB.csv,Preset_v2_20,TCN,42,"[384, 512]","[1, 4]","[True, True]","[0.05, 0.1]",2,9,2,gelu,True,True,max,256,96,AdamW,,8e-05,1e-05,L2,256,0.04742,1.42182,0.52273,0.37075,"[0.61224, 0.0, 0.5]",0.52273,0.48473,"[0.54054, 0.36364, 0.55]",57,0.15265,1.23723,64,COMPLETED,5.737
626,20251204_153423,baseline_OUMVLP.csv,Preset_v2_20,TCN,42,"[384, 512]","[1, 4]","[True, True]","[0.05, 0.1]",2,9,2,gelu,True,True,max,256,96,AdamW,,8e-05,1e-05,L2,256,0.05691,1.64621,0.5,0.42903,"[0.43243, 0.25, 0.60465]",0.52273,0.47381,"[0.57143, 0.25, 0.6]",92,0.09857,1.52083,95,COMPLETED,9.119
627,20251204_153423,gaitgl.csv,Preset_v2_20,TCN,42,"[384, 512]","[1, 4]","[True, True]","[0.05, 0.1]",2,9,2,gelu,True,True,max,256,96,AdamW,,8e-05,1e-05,L2,128,0.04589,1.27054,0.47727,0.34354,"[0.53061, 0.0, 0.5]",0.43182,0.37726,"[0.46512, 0.22222, 0.44444]",28,0.11434,1.13416,34,COMPLETED,4.29
628,20251204_153423,gaitgl_GREW.csv,Preset_v2_20,TCN,42,"[384, 512]","[1, 4]","[True, True]","[0.05, 0.1]",2,9,2,gelu,True,True,max,256,96,AdamW,,8e-05,1e-05,L2,256,0.03749,1.11948,0.5,0.34568,"[0.59259, 0.0, 0.44444]",0.56818,0.41242,"[0.6087, 0.0, 0.62857]",27,0.05308,1.04989,29,COMPLETED,3.936
629,20251204_153423,gaitgl_GREW_BNNeck.csv,Preset_v2_20,TCN,42,"[384, 512]","[1, 4]","[True, True]","[0.05, 0.1]",2,9,2,gelu,True,True,max,256,96,AdamW,,8e-05,1e-05,L2,256,0.04652,1.35813,0.45455,0.32197,"[0.54167, 0.0, 0.42424]",0.54545,0.42294,"[0.65517, 0.25, 0.36364]",52,0.08392,1.4107,56,COMPLETED,7.532
630,20251204_153423,gaitgl_OUMVLP.csv,Preset_v2_20,TCN,42,"[384, 512]","[1, 4]","[True, True]","[0.05, 0.1]",2,9,2,gelu,True,True,max,256,96,AdamW,,8e-05,1e-05,L2,256,0.0425,1.36822,0.43182,0.31763,"[0.59574, 0.0, 0.35714]",0.47727,0.43612,"[0.60465, 0.33333, 0.37037]",91,0.10757,1.32004,100,COMPLETED,13.422
631,20251204_153423,gaitpart_GREW.csv,Preset_v2_20,TCN,42,"[384, 512]","[1, 4]","[True, True]","[0.05, 0.1]",2,9,2,gelu,True,True,max,256,96,AdamW,,8e-05,1e-05,L2,256,0.04706,1.53864,0.47727,0.43025,"[0.59574, 0.375, 0.32]",0.54545,0.48889,"[0.64151, 0.46154, 0.36364]",69,0.34183,1.30705,98,COMPLETED,7.328
632,20251204_153423,gaitpart_OUMVLP.csv,Preset_v2_20,TCN,42,"[384, 512]","[1, 4]","[True, True]","[0.05, 0.1]",2,9,2,gelu,True,True,max,256,96,AdamW,,8e-05,1e-05,L2,256,0.0491,1.41765,0.56818,0.52182,"[0.65116, 0.4, 0.51429]",0.59091,0.57601,"[0.65, 0.52632, 0.55172]",217,0.25271,1.21105,251,COMPLETED,18.292
633,20251204_153423,gaitset.csv,Preset_v2_20,TCN,42,"[384, 512]","[1, 4]","[True, True]","[0.05, 0.1]",2,9,2,gelu,True,True,max,256,96,AdamW,,8e-05,1e-05,L2,256,0.0423,1.73419,0.45455,0.31136,"[0.57692, 0.0, 0.35714]",0.5,0.35606,"[0.58333, 0.0, 0.48485]",12,0.74521,1.0787,53,COMPLETED,7.127
634,20251204_153423,gaitset_GREW.csv,Preset_v2_20,TCN,42,"[384, 512]","[1, 4]","[True, True]","[0.05, 0.1]",2,9,2,gelu,True,True,max,256,96,AdamW,,8e-05,1e-05,L2,256,0.08045,1.48554,0.52273,0.37505,"[0.59574, 0.0, 0.52941]",0.59091,0.49091,"[0.66667, 0.2, 0.60606]",57,0.29765,1.11971,71,COMPLETED,9.391
635,20251204_153423,gaitset_OUMVLP.csv,Preset_v2_20,TCN,42,"[384, 512]","[1, 4]","[True, True]","[0.05, 0.1]",2,9,2,gelu,True,True,max,256,96,AdamW,,8e-05,1e-05,L2,256,0.04733,1.44894,0.54545,0.44949,"[0.66667, 0.18182, 0.5]",0.63636,0.58982,"[0.72727, 0.46154, 0.58065]",272,0.05879,1.43792,276,COMPLETED,36.492
636,20251204_153423,gln_phase1.csv,Preset_v2_20,TCN,42,"[384, 512]","[1, 4]","[True, True]","[0.05, 0.1]",2,9,2,gelu,True,True,max,256,96,AdamW,,8e-05,1e-05,L2,256,0.06635,1.39872,0.54545,0.37203,"[0.65455, 0.0, 0.46154]",0.54545,0.44264,"[0.67857, 0.36364, 0.28571]",35,0.33663,1.15209,54,COMPLETED,9.221
637,20251204_153423,gln_phase2.csv,Preset_v2_20,TCN,42,"[384, 512]","[1, 4]","[True, True]","[0.05, 0.1]",2,9,2,gelu,True,True,max,256,96,AdamW,,8e-05,1e-05,L2,256,0.05577,1.10735,0.47727,0.34821,"[0.55814, 0.0, 0.48649]",0.56818,0.53618,"[0.6, 0.44444, 0.5641]",56,0.08016,1.11347,58,COMPLETED,9.857

638,20251204_153659,baseline_CASIAB.csv,Preset_v2_21,TCN,42,"[512, 512, 512, 512]","[1, 2, 4, 8]","[True, True, True, True]","[0.05, 0.05, 0.1, 0.1]",4,3,2,gelu,True,True,max,256,128,AdamW,,0.00012,5e-06,minmax,256,0.05324,1.87704,0.54545,0.44678,"[0.64, 0.18182, 0.51852]",0.54545,0.44678,"[0.64, 0.18182, 0.51852]",209,0.05324,1.87704,209,COMPLETED,20.604
639,20251204_153659,baseline_OUMVLP.csv,Preset_v2_21,TCN,42,"[512, 512, 512, 512]","[1, 2, 4, 8]","[True, True, True, True]","[0.05, 0.05, 0.1, 0.1]",4,3,2,gelu,True,True,max,256,128,AdamW,,0.00012,5e-06,minmax,256,0.08302,1.80917,0.47727,0.41211,"[0.4878, 0.22222, 0.52632]",0.56818,0.48434,"[0.57143, 0.25, 0.63158]",208,0.56272,1.32361,275,COMPLETED,27.057
640,20251204_153659,gaitgl.csv,Preset_v2_21,TCN,42,"[512, 512, 512, 512]","[1, 2, 4, 8]","[True, True, True, True]","[0.05, 0.05, 0.1, 0.1]",4,3,2,gelu,True,True,max,256,128,AdamW,,0.00012,5e-06,minmax,128,0.04497,1.38659,0.43182,0.31258,"[0.47619, 0.0, 0.46154]",0.43182,0.41445,"[0.53659, 0.42105, 0.28571]",78,0.4415,1.1634,103,COMPLETED,14.462
641,20251204_153659,gaitgl_GREW.csv,Preset_v2_21,TCN,42,"[512, 512, 512, 512]","[1, 2, 4, 8]","[True, True, True, True]","[0.05, 0.05, 0.1, 0.1]",4,3,2,gelu,True,True,max,256,128,AdamW,,0.00012,5e-06,minmax,256,0.04565,1.15754,0.43182,0.30725,"[0.52174, 0.0, 0.4]",0.52273,0.37075,"[0.61224, 0.0, 0.5]",83,0.18188,1.13991,94,COMPLETED,14.128
642,20251204_153659,gaitgl_GREW_BNNeck.csv,Preset_v2_21,TCN,42,"[512, 512, 512, 512]","[1, 2, 4, 8]","[True, True, True, True]","[0.05, 0.05, 0.1, 0.1]",4,3,2,gelu,True,True,max,256,128,AdamW,,0.00012,5e-06,minmax,256,0.08055,1.75859,0.45455,0.37788,"[0.55319, 0.16667, 0.41379]",0.52273,0.44544,"[0.5641, 0.22222, 0.55]",252,0.66196,1.12547,324,COMPLETED,49.07
643,20251204_153659,gaitgl_OUMVLP.csv,Preset_v2_21,TCN,42,"[512, 512, 512, 512]","[1, 2, 4, 8]","[True, True, True, True]","[0.05, 0.05, 0.1, 0.1]",4,3,2,gelu,True,True,max,256,128,AdamW,,0.00012,5e-06,minmax,256,0.07572,2.08313,0.43182,0.38937,"[0.53333, 0.2, 0.43478]",0.5,0.45238,"[0.5, 0.28571, 0.57143]",479,0.4706,1.63176,541,COMPLETED,82.774
644,20251204_153659,gaitpart_GREW.csv,Preset_v2_21,TCN,42,"[512, 512, 512, 512]","[1, 2, 4, 8]","[True, True, True, True]","[0.05, 0.05, 0.1, 0.1]",4,3,2,gelu,True,True,max,256,128,AdamW,,0.00012,5e-06,minmax,256,0.05935,2.1242,0.52273,0.46334,"[0.61224, 0.33333, 0.44444]",0.59091,0.53801,"[0.67925, 0.5, 0.43478]",212,0.32039,1.83955,247,COMPLETED,19.262
645,20251204_153659,gaitpart_OUMVLP.csv,Preset_v2_21,TCN,42,"[512, 512, 512, 512]","[1, 2, 4, 8]","[True, True, True, True]","[0.05, 0.05, 0.1, 0.1]",4,3,2,gelu,True,True,max,256,128,AdamW,,0.00012,5e-06,minmax,256,0.03472,1.75289,0.59091,0.48514,"[0.71111, 0.18182, 0.5625]",0.65909,0.59521,"[0.7027, 0.4, 0.68293]",483,0.52158,1.08192,616,COMPLETED,48.237
646,20251204_153659,gaitset.csv,Preset_v2_21,TCN,42,"[512, 512, 512, 512]","[1, 2, 4, 8]","[True, True, True, True]","[0.05, 0.05, 0.1, 0.1]",4,3,2,gelu,True,True,max,256,128,AdamW,,0.00012,5e-06,minmax,256,0.05154,1.61652,0.38636,0.30606,"[0.55319, 0.125, 0.24]",0.52273,0.48473,"[0.54054, 0.36364, 0.55]",165,0.31005,1.34528,194,COMPLETED,29.0
647,20251204_153659,gaitset_GREW.csv,Preset_v2_21,TCN,42,"[512, 512, 512, 512]","[1, 2, 4, 8]","[True, True, True, True]","[0.05, 0.05, 0.1, 0.1]",4,3,2,gelu,True,True,max,256,128,AdamW,,0.00012,5e-06,minmax,256,0.06701,2.20732,0.36364,0.33677,"[0.48649, 0.19048, 0.33333]",0.5,0.45455,"[0.57143, 0.36364, 0.42857]",250,0.19092,1.85871,275,COMPLETED,40.701
648,20251204_153659,gaitset_OUMVLP.csv,Preset_v2_21,TCN,42,"[512, 512, 512, 512]","[1, 2, 4, 8]","[True, True, True, True]","[0.05, 0.05, 0.1, 0.1]",4,3,2,gelu,True,True,max,256,128,AdamW,,0.00012,5e-06,minmax,256,1.01075,1.01705,0.47727,0.21538,"[0.64615, 0.0, 0.0]",0.47727,0.21538,"[0.64615, 0.0, 0.0]",194,1.01075,1.01705,194,STOPPED,29.374
649,20251204_153659,gln_phase1.csv,Preset_v2_21,TCN,42,"[512, 512, 512, 512]","[1, 2, 4, 8]","[True, True, True, True]","[0.05, 0.05, 0.1, 0.1]",4,3,2,gelu,True,True,max,256,128,AdamW,,0.00012,5e-06,minmax,256,0.06163,1.29031,0.61364,0.44877,"[0.69767, 0.0, 0.64865]",0.63636,0.61622,"[0.66667, 0.53333, 0.64865]",219,0.29391,1.16885,246,COMPLETED,50.157
650,20251204_153659,gln_phase2.csv,Preset_v2_21,TCN,42,"[512, 512, 512, 512]","[1, 2, 4, 8]","[True, True, True, True]","[0.05, 0.05, 0.1, 0.1]",4,3,2,gelu,True,True,max,256,128,AdamW,,0.00012,5e-06,minmax,256,0.08032,1.47679,0.43182,0.3924,"[0.55814, 0.33333, 0.28571]",0.56818,0.53671,"[0.61905, 0.42857, 0.5625]",200,0.21015,1.1639,216,COMPLETED,44.001

651,20251204_154503,baseline_CASIAB.csv,Preset_v2_22,TCN,42,"[256, 384, 512]","[1, 2, 4]","[True, True, True]","[None, 0.05, 0.1]",3,5,3,leakyrelu,True,True,attention,256,96,Adam,,0.00012,1e-05,L2,256,0.05098,2.14956,0.45455,0.36515,"[0.55, 0.0, 0.54545]",0.5,0.4457,"[0.61905, 0.23529, 0.48276]",58,0.17652,1.73435,66,COMPLETED,8.271
652,20251204_154503,baseline_OUMVLP.csv,Preset_v2_22,TCN,42,"[256, 384, 512]","[1, 2, 4]","[True, True, True]","[None, 0.05, 0.1]",3,5,3,leakyrelu,True,True,attention,256,96,Adam,,0.00012,1e-05,L2,256,0.04687,2.20227,0.36364,0.32275,"[0.28571, 0.11111, 0.57143]",0.47727,0.4672,"[0.45714, 0.44444, 0.5]",65,0.55715,1.35099,126,COMPLETED,14.788
653,20251204_154503,gaitgl.csv,Preset_v2_22,TCN,42,"[256, 384, 512]","[1, 2, 4]","[True, True, True]","[None, 0.05, 0.1]",3,5,3,leakyrelu,True,True,attention,256,96,Adam,,0.00012,1e-05,L2,128,0.02009,1.98045,0.45455,0.3342,"[0.54545, 0.0, 0.45714]",0.47727,0.43761,"[0.51282, 0.28571, 0.51429]",35,0.06701,1.86082,38,COMPLETED,5.973
654,20251204_154503,gaitgl_GREW.csv,Preset_v2_22,TCN,42,"[256, 384, 512]","[1, 2, 4]","[True, True, True]","[None, 0.05, 0.1]",3,5,3,leakyrelu,True,True,attention,256,96,Adam,,0.00012,1e-05,L2,256,0.03561,2.49921,0.38636,0.28796,"[0.48889, 0.0, 0.375]",0.5,0.37544,"[0.52632, 0.0, 0.6]",29,0.25833,1.52598,42,COMPLETED,6.597
655,20251204_154503,gaitgl_GREW_BNNeck.csv,Preset_v2_22,TCN,42,"[256, 384, 512]","[1, 2, 4]","[True, True, True]","[None, 0.05, 0.1]",3,5,3,leakyrelu,True,True,attention,256,96,Adam,,0.00012,1e-05,L2,256,0.03147,1.95962,0.47727,0.36351,"[0.55, 0.0, 0.54054]",0.54545,0.45965,"[0.6, 0.2, 0.57895]",51,0.10917,1.81035,56,COMPLETED,8.752
656,20251204_154503,gaitgl_OUMVLP.csv,Preset_v2_22,TCN,42,"[256, 384, 512]","[1, 2, 4]","[True, True, True]","[None, 0.05, 0.1]",3,5,3,leakyrelu,True,True,attention,256,96,Adam,,0.00012,1e-05,L2,256,0.037,2.33741,0.52273,0.3975,"[0.54545, 0.0, 0.64706]",0.52273,0.445,"[0.55319, 0.18182, 0.6]",61,0.60906,1.08165,116,COMPLETED,18.602
657,20251204_154503,gaitpart_GREW.csv,Preset_v2_22,TCN,42,"[256, 384, 512]","[1, 2, 4]","[True, True, True]","[None, 0.05, 0.1]",3,5,3,leakyrelu,True,True,attention,256,96,Adam,,0.00012,1e-05,L2,256,0.05224,2.05529,0.47727,0.42281,"[0.60465, 0.25, 0.41379]",0.52273,0.49044,"[0.60465, 0.4, 0.46667]",144,0.25478,1.63085,165,COMPLETED,16.173
658,20251204_154503,gaitpart_OUMVLP.csv,Preset_v2_22,TCN,42,"[256, 384, 512]","[1, 2, 4]","[True, True, True]","[None, 0.05, 0.1]",3,5,3,leakyrelu,True,True,attention,256,96,Adam,,0.00012,1e-05,L2,256,0.04538,1.62309,0.56818,0.50719,"[0.66667, 0.26667, 0.58824]",0.65909,0.61575,"[0.7, 0.46154, 0.68571]",164,0.47895,0.9515,204,COMPLETED,21.259
659,20251204_154503,gaitset.csv,Preset_v2_22,TCN,42,"[256, 384, 512]","[1, 2, 4]","[True, True, True]","[None, 0.05, 0.1]",3,5,3,leakyrelu,True,True,attention,256,96,Adam,,0.00012,1e-05,L2,256,0.07849,1.89101,0.5,0.42444,"[0.54054, 0.15385, 0.57895]",0.54545,0.49161,"[0.60465, 0.30769, 0.5625]",59,0.15873,1.43358,66,COMPLETED,10.108
660,20251204_154503,gaitset_GREW.csv,Preset_v2_22,TCN,42,"[256, 384, 512]","[1, 2, 4]","[True, True, True]","[None, 0.05, 0.1]",3,5,3,leakyrelu,True,True,attention,256,96,Adam,,0.00012,1e-05,L2,256,0.05044,1.9241,0.52273,0.38388,"[0.62222, 0.0, 0.52941]",0.52273,0.44047,"[0.63636, 0.13333, 0.55172]",49,0.56962,1.15446,78,COMPLETED,12.742
661,20251204_154503,gaitset_OUMVLP.csv,Preset_v2_22,TCN,42,"[256, 384, 512]","[1, 2, 4]","[True, True, True]","[None, 0.05, 0.1]",3,5,3,leakyrelu,True,True,attention,256,96,Adam,,0.00012,1e-05,L2,256,0.04759,2.50801,0.38636,0.33181,"[0.46512, 0.16667, 0.36364]",0.47727,0.40091,"[0.56522, 0.2, 0.4375]",201,0.25396,1.64446,225,COMPLETED,35.146
662,20251204_154503,gln_phase1.csv,Preset_v2_22,TCN,42,"[256, 384, 512]","[1, 2, 4]","[True, True, True]","[None, 0.05, 0.1]",3,5,3,leakyrelu,True,True,attention,256,96,Adam,,0.00012,1e-05,L2,256,0.04369,2.4304,0.47727,0.28283,"[0.66667, 0.0, 0.18182]",0.5,0.40625,"[0.6383, 0.16667, 0.41379]",65,0.14369,1.86197,73,COMPLETED,15.499
663,20251204_154503,gln_phase2.csv,Preset_v2_22,TCN,42,"[256, 384, 512]","[1, 2, 4]","[True, True, True]","[None, 0.05, 0.1]",3,5,3,leakyrelu,True,True,attention,256,96,Adam,,0.00012,1e-05,L2,256,0.03564,2.23965,0.45455,0.37073,"[0.56, 0.18182, 0.37037]",0.54545,0.51242,"[0.6087, 0.42857, 0.5]",49,0.11974,1.821,66,COMPLETED,14.115

664,20251204_154825,baseline_CASIAB.csv,Preset_v2_23,TCN,42,"[384, 384]","[1, 4]","[True, True]","[0.1, 0.1]",2,7,2,gelu,True,True,max,256,96,SGD,0.0,0.0005,1e-05,minmax,256,0.04126,2.31557,0.43182,0.33126,"[0.56522, 0.0, 0.42857]",0.47727,0.41586,"[0.6087, 0.22222, 0.41667]",302,0.67675,1.16707,565,COMPLETED,37.682
665,20251204_154825,baseline_OUMVLP.csv,Preset_v2_23,TCN,42,"[384, 384]","[1, 4]","[True, True]","[0.1, 0.1]",2,7,2,gelu,True,True,max,256,96,SGD,0.0,0.0005,1e-05,minmax,256,0.06003,2.26113,0.34091,0.30366,"[0.47619, 0.17391, 0.26087]",0.56818,0.47667,"[0.63636, 0.22222, 0.57143]",632,0.4051,1.17228,709,COMPLETED,46.381
666,20251204_154825,gaitgl.csv,Preset_v2_23,TCN,42,"[384, 384]","[1, 4]","[True, True]","[0.1, 0.1]",2,7,2,gelu,True,True,max,256,96,SGD,0.0,0.0005,1e-05,minmax,128,0.05502,1.48422,0.40909,0.28571,"[0.57143, 0.0, 0.28571]",0.40909,0.39869,"[0.52941, 0.37037, 0.2963]",293,0.29159,1.34366,342,COMPLETED,29.259
667,20251204_154825,gaitgl_GREW.csv,Preset_v2_23,TCN,42,"[384, 384]","[1, 4]","[True, True]","[0.1, 0.1]",2,7,2,gelu,True,True,max,256,96,SGD,0.0,0.0005,1e-05,minmax,256,0.0598,2.3746,0.43182,0.28395,"[0.2963, 0.0, 0.55556]",0.43182,0.41865,"[0.43243, 0.35294, 0.47059]",291,0.27659,1.18954,313,COMPLETED,29.576
668,20251204_154825,gaitgl_GREW_BNNeck.csv,Preset_v2_23,TCN,42,"[384, 384]","[1, 4]","[True, True]","[0.1, 0.1]",2,7,2,gelu,True,True,max,256,96,SGD,0.0,0.0005,1e-05,minmax,256,0.07696,2.05475,0.43182,0.36382,"[0.55814, 0.13333, 0.4]",0.52273,0.44735,"[0.57778, 0.25, 0.51429]",644,0.4237,1.32538,759,COMPLETED,72.154
669,20251204_154825,gaitgl_OUMVLP.csv,Preset_v2_23,TCN,42,"[384, 384]","[1, 4]","[True, True]","[0.1, 0.1]",2,7,2,gelu,True,True,max,256,96,SGD,0.0,0.0005,1e-05,minmax,256,0.05605,2.5272,0.36364,0.35935,"[0.32, 0.25806, 0.5]",0.54545,0.48826,"[0.63415, 0.25, 0.58065]",901,0.27758,1.21686,1060,COMPLETED,101.863
670,20251204_154825,gaitpart_GREW.csv,Preset_v2_23,TCN,42,"[384, 384]","[1, 4]","[True, True]","[0.1, 0.1]",2,7,2,gelu,True,True,max,256,96,SGD,0.0,0.0005,1e-05,minmax,256,0.08637,2.05957,0.5,0.44339,"[0.6087, 0.30769, 0.41379]",0.63636,0.59564,"[0.71698, 0.61538, 0.45455]",555,0.47428,1.35614,776,COMPLETED,47.413
671,20251204_154825,gaitpart_OUMVLP.csv,Preset_v2_23,TCN,42,"[384, 384]","[1, 4]","[True, True]","[0.1, 0.1]",2,7,2,gelu,True,True,max,256,96,SGD,0.0,0.0005,1e-05,minmax,256,0.06532,1.58055,0.59091,0.49587,"[0.61538, 0.22222, 0.65]",0.63636,0.59717,"[0.64706, 0.46154, 0.68293]",1327,0.46451,1.08301,1871,COMPLETED,115.884
672,20251204_154825,gaitset.csv,Preset_v2_23,TCN,42,"[384, 384]","[1, 4]","[True, True]","[0.1, 0.1]",2,7,2,gelu,True,True,max,256,96,SGD,0.0,0.0005,1e-05,minmax,256,0.08184,2.30142,0.47727,0.31273,"[0.61818, 0.0, 0.32]",0.5,0.46448,"[0.44444, 0.36364, 0.58537]",347,0.66779,1.14982,518,COMPLETED,48.235
673,20251204_154825,gaitset_GREW.csv,Preset_v2_23,TCN,42,"[384, 384]","[1, 4]","[True, True]","[0.1, 0.1]",2,7,2,gelu,True,True,max,256,96,SGD,0.0,0.0005,1e-05,minmax,256,0.08321,1.82994,0.54545,0.46085,"[0.57143, 0.2, 0.61111]",0.61364,0.51508,"[0.66667, 0.25, 0.62857]",481,0.39529,1.17659,553,COMPLETED,51.851
674,20251204_154825,gaitset_OUMVLP.csv,Preset_v2_23,TCN,42,"[384, 384]","[1, 4]","[True, True]","[0.1, 0.1]",2,7,2,gelu,True,True,max,256,96,SGD,0.0,0.0005,1e-05,minmax,256,0.8587,1.0565,0.40909,0.22239,"[0.57627, 0.0, 0.09091]",0.40909,0.22239,"[0.57627, 0.0, 0.09091]",1060,0.8587,1.0565,1060,STOPPED,98.504
675,20251204_154825,gln_phase1.csv,Preset_v2_23,TCN,42,"[384, 384]","[1, 4]","[True, True]","[0.1, 0.1]",2,7,2,gelu,True,True,max,256,96,SGD,0.0,0.0005,1e-05,minmax,256,0.05923,2.06951,0.45455,0.36443,"[0.60377, 0.30769, 0.18182]",0.59091,0.56372,"[0.68421, 0.44444, 0.5625]",556,0.18217,1.20927,588,COMPLETED,75.155
676,20251204_154825,gln_phase2.csv,Preset_v2_23,TCN,42,"[384, 384]","[1, 4]","[True, True]","[0.1, 0.1]",2,7,2,gelu,True,True,max,256,96,SGD,0.0,0.0005,1e-05,minmax,256,0.06206,1.87952,0.54545,0.491,"[0.66667, 0.54545, 0.26087]",0.59091,0.56184,"[0.65217, 0.5, 0.53333]",494,0.34205,1.13417,551,COMPLETED,69.773

677,20251204_160223,baseline_CASIAB.csv,Preset_v2_24,TCN,42,"[256, 384, 384]","[1, 2, 4]","[True, True, True]","[0.05, 0.05, 0.05]",3,3,1,gelu,True,True,mean,128,64,SGD,0.0,0.0008,5e-06,minmax,256,1.00308,1.0144,0.47727,0.21538,"[0.64615, 0.0, 0.0]",0.47727,0.21538,"[0.64615, 0.0, 0.0]",623,1.00308,1.0144,623,STOPPED,45.699
678,20251204_160223,baseline_OUMVLP.csv,Preset_v2_24,TCN,42,"[256, 384, 384]","[1, 2, 4]","[True, True, True]","[0.05, 0.05, 0.05]",3,3,1,gelu,True,True,mean,128,64,SGD,0.0,0.0008,5e-06,minmax,256,1.0061,1.01722,0.47727,0.21538,"[0.64615, 0.0, 0.0]",0.47727,0.21538,"[0.64615, 0.0, 0.0]",111,1.0061,1.01722,111,STOPPED,8.141
679,20251204_160223,gaitgl.csv,Preset_v2_24,TCN,42,"[256, 384, 384]","[1, 2, 4]","[True, True, True]","[0.05, 0.05, 0.05]",3,3,1,gelu,True,True,mean,128,64,SGD,0.0,0.0008,5e-06,minmax,128,1.00548,1.01733,0.47727,0.21538,"[0.64615, 0.0, 0.0]",0.47727,0.21538,"[0.64615, 0.0, 0.0]",217,1.00548,1.01733,217,STOPPED,16.777
680,20251204_160223,gaitgl_GREW.csv,Preset_v2_24,TCN,42,"[256, 384, 384]","[1, 2, 4]","[True, True, True]","[0.05, 0.05, 0.05]",3,3,1,gelu,True,True,mean,128,64,SGD,0.0,0.0008,5e-06,minmax,256,1.00634,1.01706,0.47727,0.21538,"[0.64615, 0.0, 0.0]",0.47727,0.21538,"[0.64615, 0.0, 0.0]",363,1.00634,1.01706,363,STOPPED,31.276
681,20251204_160223,gaitgl_GREW_BNNeck.csv,Preset_v2_24,TCN,42,"[256, 384, 384]","[1, 2, 4]","[True, True, True]","[0.05, 0.05, 0.05]",3,3,1,gelu,True,True,mean,128,64,SGD,0.0,0.0008,5e-06,minmax,256,1.007,1.01491,0.47727,0.21538,"[0.64615, 0.0, 0.0]",0.47727,0.21538,"[0.64615, 0.0, 0.0]",169,1.007,1.01491,169,STOPPED,14.364
682,20251204_160223,gaitgl_OUMVLP.csv,Preset_v2_24,TCN,42,"[256, 384, 384]","[1, 2, 4]","[True, True, True]","[0.05, 0.05, 0.05]",3,3,1,gelu,True,True,mean,128,64,SGD,0.0,0.0008,5e-06,minmax,256,1.00468,1.01543,0.47727,0.21538,"[0.64615, 0.0, 0.0]",0.47727,0.21538,"[0.64615, 0.0, 0.0]",170,1.00468,1.01543,170,STOPPED,14.64
683,20251204_160223,gaitpart_GREW.csv,Preset_v2_24,TCN,42,"[256, 384, 384]","[1, 2, 4]","[True, True, True]","[0.05, 0.05, 0.05]",3,3,1,gelu,True,True,mean,128,64,SGD,0.0,0.0008,5e-06,minmax,256,1.0086,1.01814,0.47727,0.21538,"[0.64615, 0.0, 0.0]",0.56818,0.51444,"[0.61538, 0.33333, 0.59459]",1035,0.3828,1.20373,1250,STOPPED,92.049
684,20251204_160223,gaitpart_OUMVLP.csv,Preset_v2_24,TCN,42,"[256, 384, 384]","[1, 2, 4]","[True, True, True]","[0.05, 0.05, 0.05]",3,3,1,gelu,True,True,mean,128,64,SGD,0.0,0.0008,5e-06,minmax,256,1.00358,1.01486,0.47727,0.21538,"[0.64615, 0.0, 0.0]",0.47727,0.21538,"[0.64615, 0.0, 0.0]",487,1.00358,1.01486,487,STOPPED,37.356
685,20251204_160223,gaitset.csv,Preset_v2_24,TCN,42,"[256, 384, 384]","[1, 2, 4]","[True, True, True]","[0.05, 0.05, 0.05]",3,3,1,gelu,True,True,mean,128,64,SGD,0.0,0.0008,5e-06,minmax,256,1.005,1.01435,0.47727,0.21538,"[0.64615, 0.0, 0.0]",0.47727,0.21538,"[0.64615, 0.0, 0.0]",261,1.005,1.01435,261,STOPPED,23.964
686,20251204_160223,gaitset_GREW.csv,Preset_v2_24,TCN,42,"[256, 384, 384]","[1, 2, 4]","[True, True, True]","[0.05, 0.05, 0.05]",3,3,1,gelu,True,True,mean,128,64,SGD,0.0,0.0008,5e-06,minmax,256,1.00667,1.01353,0.47727,0.21538,"[0.64615, 0.0, 0.0]",0.47727,0.21538,"[0.64615, 0.0, 0.0]",204,1.00667,1.01353,204,STOPPED,18.742
687,20251204_160223,gaitset_OUMVLP.csv,Preset_v2_24,TCN,42,"[256, 384, 384]","[1, 2, 4]","[True, True, True]","[0.05, 0.05, 0.05]",3,3,1,gelu,True,True,mean,128,64,SGD,0.0,0.0008,5e-06,minmax,256,1.00692,1.01331,0.47727,0.21538,"[0.64615, 0.0, 0.0]",0.47727,0.21538,"[0.64615, 0.0, 0.0]",116,1.00692,1.01331,116,STOPPED,10.599
688,20251204_160223,gln_phase1.csv,Preset_v2_24,TCN,42,"[256, 384, 384]","[1, 2, 4]","[True, True, True]","[0.05, 0.05, 0.05]",3,3,1,gelu,True,True,mean,128,64,SGD,0.0,0.0008,5e-06,minmax,256,1.00771,1.01409,0.47727,0.21538,"[0.64615, 0.0, 0.0]",0.47727,0.21538,"[0.64615, 0.0, 0.0]",156,1.00771,1.01409,156,STOPPED,17.553
689,20251204_160223,gln_phase2.csv,Preset_v2_24,TCN,42,"[256, 384, 384]","[1, 2, 4]","[True, True, True]","[0.05, 0.05, 0.05]",3,3,1,gelu,True,True,mean,128,64,SGD,0.0,0.0008,5e-06,minmax,256,1.00587,1.01392,0.47727,0.21538,"[0.64615, 0.0, 0.0]",0.47727,0.21538,"[0.64615, 0.0, 0.0]",219,1.00587,1.01392,219,STOPPED,24.259

690,20251204_160832,baseline_CASIAB.csv,Preset_v2_25,TCN,42,"[512, 640, 768, 768]","[1, 2, 4, 8]","[True, True, True, True]","[0.05, 0.1, 0.1, 0.1]",4,5,2,gelu,True,True,attention,256,96,Adam,,0.0001,1e-05,L2,256,0.01583,2.29506,0.52273,0.44637,"[0.54545, 0.22222, 0.57143]",0.52273,0.44637,"[0.54545, 0.22222, 0.57143]",68,0.01583,2.29506,68,COMPLETED,13.734
691,20251204_160832,baseline_OUMVLP.csv,Preset_v2_25,TCN,42,"[512, 640, 768, 768]","[1, 2, 4, 8]","[True, True, True, True]","[0.05, 0.1, 0.1, 0.1]",4,5,2,gelu,True,True,attention,256,96,Adam,,0.0001,1e-05,L2,256,0.02627,2.06357,0.52273,0.43838,"[0.61905, 0.16667, 0.52941]",0.54545,0.4963,"[0.6, 0.33333, 0.55556]",70,0.45257,1.28855,82,COMPLETED,16.36
692,20251204_160832,gaitgl.csv,Preset_v2_25,TCN,42,"[512, 640, 768, 768]","[1, 2, 4, 8]","[True, True, True, True]","[0.05, 0.1, 0.1, 0.1]",4,5,2,gelu,True,True,attention,256,96,Adam,,0.0001,1e-05,L2,128,0.0107,2.43881,0.38636,0.32222,"[0.5, 0.2, 0.26667]",0.5,0.39125,"[0.61818, 0.22222, 0.33333]",21,0.157,1.78367,32,COMPLETED,9.645
693,20251204_160832,gaitgl_GREW.csv,Preset_v2_25,TCN,42,"[512, 640, 768, 768]","[1, 2, 4, 8]","[True, True, True, True]","[0.05, 0.1, 0.1, 0.1]",4,5,2,gelu,True,True,attention,256,96,Adam,,0.0001,1e-05,L2,256,0.01155,1.96413,0.40909,0.29925,"[0.51064, 0.0, 0.3871]",0.52273,0.38472,"[0.6087, 0.0, 0.54545]",22,0.46947,1.1233,33,COMPLETED,10.176
694,20251204_160832,gaitgl_GREW_BNNeck.csv,Preset_v2_25,TCN,42,"[512, 640, 768, 768]","[1, 2, 4, 8]","[True, True, True, True]","[0.05, 0.1, 0.1, 0.1]",4,5,2,gelu,True,True,attention,256,96,Adam,,0.0001,1e-05,L2,256,0.01341,2.43576,0.54545,0.46373,"[0.59574, 0.25, 0.54545]",0.52273,0.4975,"[0.45714, 0.44444, 0.59091]",46,0.24049,1.61339,55,COMPLETED,16.947
695,20251204_160832,gaitgl_OUMVLP.csv,Preset_v2_25,TCN,42,"[512, 640, 768, 768]","[1, 2, 4, 8]","[True, True, True, True]","[0.05, 0.1, 0.1, 0.1]",4,5,2,gelu,True,True,attention,256,96,Adam,,0.0001,1e-05,L2,256,0.05313,1.7561,0.56818,0.44437,"[0.67857, 0.2, 0.45455]",0.63636,0.52727,"[0.76364, 0.36364, 0.45455]",77,0.6843,1.23461,94,COMPLETED,28.821
696,20251204_160832,gaitpart_GREW.csv,Preset_v2_25,TCN,42,"[512, 640, 768, 768]","[1, 2, 4, 8]","[True, True, True, True]","[0.05, 0.1, 0.1, 0.1]",4,5,2,gelu,True,True,attention,256,96,Adam,,0.0001,1e-05,L2,256,0.03545,2.03614,0.47727,0.39134,"[0.62745, 0.28571, 0.26087]",0.59091,0.54276,"[0.62222, 0.4, 0.60606]",77,0.67994,1.05518,113,COMPLETED,17.223
697,20251204_160832,gaitpart_OUMVLP.csv,Preset_v2_25,TCN,42,"[512, 640, 768, 768]","[1, 2, 4, 8]","[True, True, True, True]","[0.05, 0.1, 0.1, 0.1]",4,5,2,gelu,True,True,attention,256,96,Adam,,0.0001,1e-05,L2,256,0.9656,1.0609,0.38636,0.25862,"[0.27586, 0.0, 0.5]",0.38636,0.25862,"[0.27586, 0.0, 0.5]",240,0.9656,1.0609,240,STOPPED,36.297
698,20251204_160832,gaitset.csv,Preset_v2_25,TCN,42,"[512, 640, 768, 768]","[1, 2, 4, 8]","[True, True, True, True]","[0.05, 0.1, 0.1, 0.1]",4,5,2,gelu,True,True,attention,256,96,Adam,,0.0001,1e-05,L2,256,0.01631,3.09842,0.38636,0.28936,"[0.46809, 0.0, 0.4]",0.52273,0.41384,"[0.64151, 0.2, 0.4]",22,0.55636,1.36425,62,COMPLETED,18.664
699,20251204_160832,gaitset_GREW.csv,Preset_v2_25,TCN,42,"[512, 640, 768, 768]","[1, 2, 4, 8]","[True, True, True, True]","[0.05, 0.1, 0.1, 0.1]",4,5,2,gelu,True,True,attention,256,96,Adam,,0.0001,1e-05,L2,256,0.02202,2.05097,0.52273,0.47275,"[0.61538, 0.22222, 0.58065]",0.61364,0.54853,"[0.69388, 0.4, 0.55172]",160,0.27071,1.78968,166,COMPLETED,50.132
700,20251204_160832,gaitset_OUMVLP.csv,Preset_v2_25,TCN,42,"[512, 640, 768, 768]","[1, 2, 4, 8]","[True, True, True, True]","[0.05, 0.1, 0.1, 0.1]",4,5,2,gelu,True,True,attention,256,96,Adam,,0.0001,1e-05,L2,256,0.04915,2.37719,0.38636,0.3,"[0.5, 0.0, 0.4]",0.5,0.49819,"[0.52381, 0.52632, 0.44444]",437,0.06714,2.19843,439,COMPLETED,132.261
701,20251204_160832,gln_phase1.csv,Preset_v2_25,TCN,42,"[512, 640, 768, 768]","[1, 2, 4, 8]","[True, True, True, True]","[0.05, 0.1, 0.1, 0.1]",4,5,2,gelu,True,True,attention,256,96,Adam,,0.0001,1e-05,L2,256,0.00918,1.89515,0.61364,0.50572,"[0.71111, 0.2, 0.60606]",0.61364,0.55758,"[0.66667, 0.4, 0.60606]",62,0.5008,1.06298,113,COMPLETED,45.481
702,20251204_160832,gln_phase2.csv,Preset_v2_25,TCN,42,"[512, 640, 768, 768]","[1, 2, 4, 8]","[True, True, True, True]","[0.05, 0.1, 0.1, 0.1]",4,5,2,gelu,True,True,attention,256,96,Adam,,0.0001,1e-05,L2,256,0.02328,2.45619,0.5,0.41579,"[0.59574, 0.2, 0.45161]",0.54545,0.45426,"[0.66667, 0.18182, 0.51429]",35,0.73736,1.10436,65,COMPLETED,26.22

703,20251204_161550,baseline_CASIAB.csv,Preset_v2_26,TCN,42,"[192, 256, 384, 512]","[1, 2, 4, 8]","[True, True, True, True]","[None, 0.05, 0.05, 0.1]",4,3,2,silu,True,True,max,256,96,AdamW,,0.00015,1e-05,minmax,256,0.96967,0.99638,0.5,0.35163,"[0.58824, 0.0, 0.46667]",0.5,0.35163,"[0.58824, 0.0, 0.46667]",157,0.96967,0.99638,157,STOPPED,16.465
704,20251204_161550,baseline_OUMVLP.csv,Preset_v2_26,TCN,42,"[192, 256, 384, 512]","[1, 2, 4, 8]","[True, True, True, True]","[None, 0.05, 0.05, 0.1]",4,3,2,silu,True,True,max,256,96,AdamW,,0.00015,1e-05,minmax,256,0.03825,2.2425,0.61364,0.50237,"[0.69231, 0.22222, 0.59259]",0.61364,0.50486,"[0.69388, 0.2, 0.62069]",326,0.27053,1.55593,377,COMPLETED,42.329
705,20251204_161550,gaitgl.csv,Preset_v2_26,TCN,42,"[192, 256, 384, 512]","[1, 2, 4, 8]","[True, True, True, True]","[None, 0.05, 0.05, 0.1]",4,3,2,silu,True,True,max,256,96,AdamW,,0.00015,1e-05,minmax,128,0.01902,2.02359,0.43182,0.31111,"[0.48889, 0.0, 0.44444]",0.47727,0.41453,"[0.57692, 0.33333, 0.33333]",94,0.07396,1.73513,98,COMPLETED,14.038
706,20251204_161550,gaitgl_GREW.csv,Preset_v2_26,TCN,42,"[192, 256, 384, 512]","[1, 2, 4, 8]","[True, True, True, True]","[None, 0.05, 0.05, 0.1]",4,3,2,silu,True,True,max,256,96,AdamW,,0.00015,1e-05,minmax,256,0.01859,1.68227,0.52273,0.45092,"[0.52381, 0.25, 0.57895]",0.52273,0.50332,"[0.59459, 0.36364, 0.55172]",82,0.151,1.3993,88,COMPLETED,13.568
707,20251204_161550,gaitgl_GREW_BNNeck.csv,Preset_v2_26,TCN,42,"[192, 256, 384, 512]","[1, 2, 4, 8]","[True, True, True, True]","[None, 0.05, 0.05, 0.1]",4,3,2,silu,True,True,max,256,96,AdamW,,0.00015,1e-05,minmax,256,1.00697,1.01506,0.47727,0.21538,"[0.64615, 0.0, 0.0]",0.47727,0.21538,"[0.64615, 0.0, 0.0]",143,1.00697,1.01506,143,STOPPED,21.945
708,20251204_161550,gaitgl_OUMVLP.csv,Preset_v2_26,TCN,42,"[192, 256, 384, 512]","[1, 2, 4, 8]","[True, True, True, True]","[None, 0.05, 0.05, 0.1]",4,3,2,silu,True,True,max,256,96,AdamW,,0.00015,1e-05,minmax,256,0.06837,4.45508,0.47727,0.36364,"[0.54545, 0.0, 0.54545]",0.59091,0.43175,"[0.66667, 0.0, 0.62857]",543,0.35274,2.24849,676,COMPLETED,103.774
709,20251204_161550,gaitpart_GREW.csv,Preset_v2_26,TCN,42,"[192, 256, 384, 512]","[1, 2, 4, 8]","[True, True, True, True]","[None, 0.05, 0.05, 0.1]",4,3,2,silu,True,True,max,256,96,AdamW,,0.00015,1e-05,minmax,256,0.0157,3.12994,0.47727,0.41718,"[0.6087, 0.28571, 0.35714]",0.59091,0.57906,"[0.65385, 0.66667, 0.41667]",151,0.49665,1.63821,198,COMPLETED,19.833
710,20251204_161550,gaitpart_OUMVLP.csv,Preset_v2_26,TCN,42,"[192, 256, 384, 512]","[1, 2, 4, 8]","[True, True, True, True]","[None, 0.05, 0.05, 0.1]",4,3,2,silu,True,True,max,256,96,AdamW,,0.00015,1e-05,minmax,256,0.04286,1.78759,0.61364,0.54767,"[0.66667, 0.26667, 0.70968]",0.65909,0.58721,"[0.70833, 0.36364, 0.68966]",833,0.10171,1.90102,877,COMPLETED,87.687
711,20251204_161550,gaitset.csv,Preset_v2_26,TCN,42,"[192, 256, 384, 512]","[1, 2, 4, 8]","[True, True, True, True]","[None, 0.05, 0.05, 0.1]",4,3,2,silu,True,True,max,256,96,AdamW,,0.00015,1e-05,minmax,256,0.0523,2.10229,0.5,0.3602,"[0.59574, 0.0, 0.48485]",0.5,0.45068,"[0.58537, 0.26667, 0.5]",144,0.20693,1.69702,158,COMPLETED,23.671
712,20251204_161550,gaitset_GREW.csv,Preset_v2_26,TCN,42,"[192, 256, 384, 512]","[1, 2, 4, 8]","[True, True, True, True]","[None, 0.05, 0.05, 0.1]",4,3,2,silu,True,True,max,256,96,AdamW,,0.00015,1e-05,minmax,256,0.03382,3.63119,0.36364,0.26356,"[0.46809, 0.0, 0.32258]",0.45455,0.39956,"[0.59574, 0.35294, 0.25]",445,0.13824,2.76908,451,COMPLETED,67.448
713,20251204_161550,gaitset_OUMVLP.csv,Preset_v2_26,TCN,42,"[192, 256, 384, 512]","[1, 2, 4, 8]","[True, True, True, True]","[None, 0.05, 0.05, 0.1]",4,3,2,silu,True,True,max,256,96,AdamW,,0.00015,1e-05,minmax,256,1.00821,1.01499,0.47727,0.21538,"[0.64615, 0.0, 0.0]",0.47727,0.21538,"[0.64615, 0.0, 0.0]",198,1.00821,1.01499,198,STOPPED,29.402
714,20251204_161550,gln_phase1.csv,Preset_v2_26,TCN,42,"[192, 256, 384, 512]","[1, 2, 4, 8]","[True, True, True, True]","[None, 0.05, 0.05, 0.1]",4,3,2,silu,True,True,max,256,96,AdamW,,0.00015,1e-05,minmax,256,0.0616,1.89214,0.47727,0.40794,"[0.52381, 0.2, 0.5]",0.54545,0.51679,"[0.57895, 0.4, 0.57143]",234,0.11172,1.63329,241,COMPLETED,47.973
715,20251204_161550,gln_phase2.csv,Preset_v2_26,TCN,42,"[192, 256, 384, 512]","[1, 2, 4, 8]","[True, True, True, True]","[None, 0.05, 0.05, 0.1]",4,3,2,silu,True,True,max,256,96,AdamW,,0.00015,1e-05,minmax,256,0.08795,1.63121,0.63636,0.60636,"[0.71111, 0.54545, 0.5625]",0.61364,0.61739,"[0.65217, 0.66667, 0.53333]",218,0.21754,1.69479,229,COMPLETED,45.265

716,20251204_162459,baseline_CASIAB.csv,Preset_v2_27,TCN,42,"[256, 256, 384]","[1, 3, 9]","[True, True, True]","[0.05, 0.05, 0.1]",3,5,2,gelu,True,True,max,256,96,RMSprop,,0.0002,0.0,L2,256,0.03584,1.89075,0.43182,0.31503,"[0.53333, 0.0, 0.41176]",0.52273,0.45857,"[0.62745, 0.36364, 0.38462]",145,0.21502,1.59365,158,COMPLETED,13.685
717,20251204_162459,baseline_OUMVLP.csv,Preset_v2_27,TCN,42,"[256, 256, 384]","[1, 3, 9]","[True, True, True]","[0.05, 0.05, 0.1]",3,5,2,gelu,True,True,max,256,96,RMSprop,,0.0002,0.0,L2,256,0.0418,1.44333,0.56818,0.47374,"[0.65116, 0.18182, 0.58824]",0.59091,0.49116,"[0.66667, 0.18182, 0.625]",200,0.14581,1.3222,207,COMPLETED,18.076
718,20251204_162459,gaitgl.csv,Preset_v2_27,TCN,42,"[256, 256, 384]","[1, 3, 9]","[True, True, True]","[0.05, 0.05, 0.1]",3,5,2,gelu,True,True,max,256,96,RMSprop,,0.0002,0.0,L2,128,0.02902,1.50584,0.45455,0.38637,"[0.51064, 0.18182, 0.46667]",0.52273,0.50754,"[0.46667, 0.47059, 0.58537]",95,0.65159,1.26111,113,COMPLETED,12.229
719,20251204_162459,gaitgl_GREW.csv,Preset_v2_27,TCN,42,"[256, 256, 384]","[1, 3, 9]","[True, True, True]","[0.05, 0.05, 0.1]",3,5,2,gelu,True,True,max,256,96,RMSprop,,0.0002,0.0,L2,256,0.03312,1.25492,0.47727,0.34432,"[0.46154, 0.0, 0.57143]",0.54545,0.39158,"[0.61224, 0.0, 0.5625]",103,0.54481,1.07716,116,COMPLETED,13.731
720,20251204_162459,gaitgl_GREW_BNNeck.csv,Preset_v2_27,TCN,42,"[256, 256, 384]","[1, 3, 9]","[True, True, True]","[0.05, 0.05, 0.1]",3,5,2,gelu,True,True,max,256,96,RMSprop,,0.0002,0.0,L2,256,0.03562,2.01755,0.5,0.34708,"[0.62745, 0.0, 0.41379]",0.47727,0.41349,"[0.45714, 0.25, 0.53333]",159,0.25616,1.68132,173,COMPLETED,20.528
721,20251204_162459,gaitgl_OUMVLP.csv,Preset_v2_27,TCN,42,"[256, 256, 384]","[1, 3, 9]","[True, True, True]","[0.05, 0.05, 0.1]",3,5,2,gelu,True,True,max,256,96,RMSprop,,0.0002,0.0,L2,256,0.02727,1.13467,0.52273,0.43965,"[0.60465, 0.2, 0.51429]",0.52273,0.50583,"[0.47059, 0.46154, 0.58537]",198,0.03257,1.32477,200,COMPLETED,23.792
722,20251204_162459,gaitpart_GREW.csv,Preset_v2_27,TCN,42,"[256, 256, 384]","[1, 3, 9]","[True, True, True]","[0.05, 0.05, 0.1]",3,5,2,gelu,True,True,max,256,96,RMSprop,,0.0002,0.0,L2,256,0.07433,2.06331,0.47727,0.34023,"[0.62069, 0.2, 0.2]",0.5,0.45845,"[0.47059, 0.33333, 0.57143]",251,0.3905,1.35962,258,COMPLETED,20.024
723,20251204_162459,gaitpart_OUMVLP.csv,Preset_v2_27,TCN,42,"[256, 256, 384]","[1, 3, 9]","[True, True, True]","[0.05, 0.05, 0.1]",3,5,2,gelu,True,True,max,256,96,RMSprop,,0.0002,0.0,L2,256,1.00723,1.01641,0.47727,0.21538,"[0.64615, 0.0, 0.0]",0.47727,0.21538,"[0.64615, 0.0, 0.0]",238,1.00723,1.01641,238,STOPPED,18.563
724,20251204_162459,gaitset.csv,Preset_v2_27,TCN,42,"[256, 256, 384]","[1, 3, 9]","[True, True, True]","[0.05, 0.05, 0.1]",3,5,2,gelu,True,True,max,256,96,RMSprop,,0.0002,0.0,L2,256,0.05478,1.68589,0.40909,0.35109,"[0.47826, 0.2, 0.375]",0.40909,0.40842,"[0.33333, 0.43478, 0.45714]",177,0.1079,2.07072,184,COMPLETED,21.437
725,20251204_162459,gaitset_GREW.csv,Preset_v2_27,TCN,42,"[256, 256, 384]","[1, 3, 9]","[True, True, True]","[0.05, 0.05, 0.1]",3,5,2,gelu,True,True,max,256,96,RMSprop,,0.0002,0.0,L2,256,0.06413,1.53376,0.5,0.38717,"[0.64151, 0.2, 0.32]",0.52273,0.44544,"[0.55, 0.22222, 0.5641]",242,0.08026,1.51969,245,COMPLETED,28.637
726,20251204_162459,gaitset_OUMVLP.csv,Preset_v2_27,TCN,42,"[256, 256, 384]","[1, 3, 9]","[True, True, True]","[0.05, 0.05, 0.1]",3,5,2,gelu,True,True,max,256,96,RMSprop,,0.0002,0.0,L2,256,0.03954,2.06093,0.40909,0.34071,"[0.51064, 0.16667, 0.34483]",0.45455,0.41956,"[0.43243, 0.28571, 0.54054]",422,0.39249,1.40421,465,COMPLETED,53.979
727,20251204_162459,gln_phase1.csv,Preset_v2_27,TCN,42,"[256, 256, 384]","[1, 3, 9]","[True, True, True]","[0.05, 0.05, 0.1]",3,5,2,gelu,True,True,max,256,96,RMSprop,,0.0002,0.0,L2,256,0.0248,1.49994,0.54545,0.39386,"[0.65217, 0.0, 0.52941]",0.59091,0.48605,"[0.69565, 0.2, 0.5625]",133,0.12987,1.31602,141,COMPLETED,21.179
728,20251204_162459,gln_phase2.csv,Preset_v2_27,TCN,42,"[256, 256, 384]","[1, 3, 9]","[True, True, True]","[0.05, 0.05, 0.1]",3,5,2,gelu,True,True,max,256,96,RMSprop,,0.0002,0.0,L2,256,0.03149,1.47884,0.47727,0.40727,"[0.5, 0.14286, 0.57895]",0.52273,0.47375,"[0.5641, 0.28571, 0.57143]",117,0.2139,1.24115,133,COMPLETED,20.01

729,20251204_162959,baseline_CASIAB.csv,Preset_v2_28,TCN,42,"[640, 640]","[1, 4]","[True, True]","[0.05, 0.05]",2,3,1,gelu,True,True,attention,256,128,Adam,,8e-05,1e-05,minmax,256,0.05812,2.64082,0.5,0.42465,"[0.53659, 0.18182, 0.55556]",0.54545,0.55784,"[0.55814, 0.61538, 0.5]",440,0.32465,1.8948,558,COMPLETED,42.201
730,20251204_162959,baseline_OUMVLP.csv,Preset_v2_28,TCN,42,"[640, 640]","[1, 4]","[True, True]","[0.05, 0.05]",2,3,1,gelu,True,True,attention,256,128,Adam,,8e-05,1e-05,minmax,256,0.04092,3.1758,0.45455,0.38808,"[0.43243, 0.18182, 0.55]",0.54545,0.49374,"[0.57895, 0.30769, 0.59459]",674,0.21027,1.88963,737,COMPLETED,55.939
731,20251204_162959,gaitgl.csv,Preset_v2_28,TCN,42,"[640, 640]","[1, 4]","[True, True]","[0.05, 0.05]",2,3,1,gelu,True,True,attention,256,128,Adam,,8e-05,1e-05,minmax,128,0.06947,3.60193,0.31818,0.22491,"[0.41667, 0.0, 0.25806]",0.40909,0.39423,"[0.47619, 0.36364, 0.34286]",233,0.32158,1.87288,283,COMPLETED,28.314
732,20251204_162959,gaitgl_GREW.csv,Preset_v2_28,TCN,42,"[640, 640]","[1, 4]","[True, True]","[0.05, 0.05]",2,3,1,gelu,True,True,attention,256,128,Adam,,8e-05,1e-05,minmax,256,0.05327,2.30793,0.47727,0.36662,"[0.51163, 0.0, 0.58824]",0.61364,0.57923,"[0.65116, 0.46154, 0.625]",293,0.18791,1.69459,327,COMPLETED,37.58
733,20251204_162959,gaitgl_GREW_BNNeck.csv,Preset_v2_28,TCN,42,"[640, 640]","[1, 4]","[True, True]","[0.05, 0.05]",2,3,1,gelu,True,True,attention,256,128,Adam,,8e-05,1e-05,minmax,256,1.00554,1.01479,0.47727,0.21538,"[0.64615, 0.0, 0.0]",0.47727,0.21538,"[0.64615, 0.0, 0.0]",181,1.00554,1.01479,181,STOPPED,20.849
734,20251204_162959,gaitgl_OUMVLP.csv,Preset_v2_28,TCN,42,"[640, 640]","[1, 4]","[True, True]","[0.05, 0.05]",2,3,1,gelu,True,True,attention,256,128,Adam,,8e-05,1e-05,minmax,256,1.00702,1.01454,0.47727,0.21538,"[0.64615, 0.0, 0.0]",0.47727,0.21538,"[0.64615, 0.0, 0.0]",131,1.00702,1.01454,131,STOPPED,14.935
735,20251204_162959,gaitpart_GREW.csv,Preset_v2_28,TCN,42,"[640, 640]","[1, 4]","[True, True]","[0.05, 0.05]",2,3,1,gelu,True,True,attention,256,128,Adam,,8e-05,1e-05,minmax,256,1.01437,1.02691,0.47727,0.21538,"[0.64615, 0.0, 0.0]",0.47727,0.21538,"[0.64615, 0.0, 0.0]",114,1.01437,1.02691,114,STOPPED,6.539
736,20251204_162959,gaitpart_OUMVLP.csv,Preset_v2_28,TCN,42,"[640, 640]","[1, 4]","[True, True]","[0.05, 0.05]",2,3,1,gelu,True,True,attention,256,128,Adam,,8e-05,1e-05,minmax,256,1.0084,1.01757,0.47727,0.21538,"[0.64615, 0.0, 0.0]",0.47727,0.21538,"[0.64615, 0.0, 0.0]",203,1.0084,1.01757,203,STOPPED,11.657
737,20251204_162959,gaitset.csv,Preset_v2_28,TCN,42,"[640, 640]","[1, 4]","[True, True]","[0.05, 0.05]",2,3,1,gelu,True,True,attention,256,128,Adam,,8e-05,1e-05,minmax,256,0.06523,1.9783,0.40909,0.36882,"[0.51163, 0.25, 0.34483]",0.59091,0.49812,"[0.6383, 0.25, 0.60606]",213,0.68142,1.1195,336,COMPLETED,37.638
738,20251204_162959,gaitset_GREW.csv,Preset_v2_28,TCN,42,"[640, 640]","[1, 4]","[True, True]","[0.05, 0.05]",2,3,1,gelu,True,True,attention,256,128,Adam,,8e-05,1e-05,minmax,256,0.06693,2.926,0.45455,0.37762,"[0.56522, 0.15385, 0.41379]",0.47727,0.39952,"[0.56522, 0.16667, 0.46667]",690,0.1555,2.60726,697,COMPLETED,77.794
739,20251204_162959,gaitset_OUMVLP.csv,Preset_v2_28,TCN,42,"[640, 640]","[1, 4]","[True, True]","[0.05, 0.05]",2,3,1,gelu,True,True,attention,256,128,Adam,,8e-05,1e-05,minmax,256,0.99822,1.01368,0.47727,0.21538,"[0.64615, 0.0, 0.0]",0.47727,0.21538,"[0.64615, 0.0, 0.0]",589,0.99822,1.01368,589,STOPPED,65.228
740,20251204_162959,gln_phase1.csv,Preset_v2_28,TCN,42,"[640, 640]","[1, 4]","[True, True]","[0.05, 0.05]",2,3,1,gelu,True,True,attention,256,128,Adam,,8e-05,1e-05,minmax,256,1.00494,1.01464,0.47727,0.21538,"[0.64615, 0.0, 0.0]",0.47727,0.21538,"[0.64615, 0.0, 0.0]",109,1.00494,1.01464,109,STOPPED,16.572
741,20251204_162959,gln_phase2.csv,Preset_v2_28,TCN,42,"[640, 640]","[1, 4]","[True, True]","[0.05, 0.05]",2,3,1,gelu,True,True,attention,256,128,Adam,,8e-05,1e-05,minmax,256,0.05822,2.57674,0.47727,0.39879,"[0.59091, 0.15385, 0.45161]",0.59091,0.57236,"[0.6383, 0.54545, 0.53333]",743,0.26863,1.86868,930,COMPLETED,141.61

742,20251204_163931,baseline_CASIAB.csv,Preset_v2_29,TCN,42,"[384, 512, 640]","[1, 2, 4]","[True, True, True]","[0.05, 0.1, 0.1]",3,7,2,gelu,True,True,max,256,96,AdamW,,0.0001,1e-05,minmax,256,0.03466,2.26788,0.38636,0.28418,"[0.48889, 0.0, 0.36364]",0.43182,0.39925,"[0.4878, 0.28571, 0.42424]",161,0.66064,1.30188,214,COMPLETED,34.737
743,20251204_163931,baseline_OUMVLP.csv,Preset_v2_29,TCN,42,"[384, 512, 640]","[1, 2, 4]","[True, True, True]","[0.05, 0.1, 0.1]",3,7,2,gelu,True,True,max,256,96,AdamW,,0.0001,1e-05,minmax,256,0.03012,1.73387,0.52273,0.44207,"[0.51282, 0.18182, 0.63158]",0.59091,0.53404,"[0.55556, 0.36364, 0.68293]",316,0.44962,1.20155,338,COMPLETED,53.831
744,20251204_163931,gaitgl.csv,Preset_v2_29,TCN,42,"[384, 512, 640]","[1, 2, 4]","[True, True, True]","[0.05, 0.1, 0.1]",3,7,2,gelu,True,True,max,256,96,AdamW,,0.0001,1e-05,minmax,128,0.02824,1.8075,0.45455,0.32883,"[0.5, 0.0, 0.48649]",0.5,0.49883,"[0.51163, 0.5, 0.48485]",108,0.03575,1.69609,109,COMPLETED,33.127
745,20251204_163931,gaitgl_GREW.csv,Preset_v2_29,TCN,42,"[384, 512, 640]","[1, 2, 4]","[True, True, True]","[0.05, 0.1, 0.1]",3,7,2,gelu,True,True,max,256,96,AdamW,,0.0001,1e-05,minmax,256,0.0151,1.71205,0.52273,0.38232,"[0.51282, 0.0, 0.63415]",0.45455,0.44809,"[0.48485, 0.30769, 0.55172]",101,0.11065,1.40468,106,COMPLETED,32.999
746,20251204_163931,gaitgl_GREW_BNNeck.csv,Preset_v2_29,TCN,42,"[384, 512, 640]","[1, 2, 4]","[True, True, True]","[0.05, 0.1, 0.1]",3,7,2,gelu,True,True,max,256,96,AdamW,,0.0001,1e-05,minmax,256,1.00614,1.01364,0.47727,0.21538,"[0.64615, 0.0, 0.0]",0.47727,0.21538,"[0.64615, 0.0, 0.0]",133,1.00614,1.01364,133,STOPPED,42.006
747,20251204_163931,gaitgl_OUMVLP.csv,Preset_v2_29,TCN,42,"[384, 512, 640]","[1, 2, 4]","[True, True, True]","[0.05, 0.1, 0.1]",3,7,2,gelu,True,True,max,256,96,AdamW,,0.0001,1e-05,minmax,256,1.00737,1.01647,0.47727,0.21538,"[0.64615, 0.0, 0.0]",0.47727,0.21538,"[0.64615, 0.0, 0.0]",142,1.00737,1.01647,142,STOPPED,43.964
748,20251204_163931,gaitpart_GREW.csv,Preset_v2_29,TCN,42,"[384, 512, 640]","[1, 2, 4]","[True, True, True]","[0.05, 0.1, 0.1]",3,7,2,gelu,True,True,max,256,96,AdamW,,0.0001,1e-05,minmax,256,0.02779,2.28219,0.47727,0.46494,"[0.53659, 0.44444, 0.41379]",0.61364,0.5978,"[0.68182, 0.63158, 0.48]",172,0.29513,1.34306,192,COMPLETED,29.086
749,20251204_163931,gaitpart_OUMVLP.csv,Preset_v2_29,TCN,42,"[384, 512, 640]","[1, 2, 4]","[True, True, True]","[0.05, 0.1, 0.1]",3,7,2,gelu,True,True,max,256,96,AdamW,,0.0001,1e-05,minmax,256,1.00598,1.01519,0.47727,0.21538,"[0.64615, 0.0, 0.0]",0.47727,0.21538,"[0.64615, 0.0, 0.0]",138,1.00598,1.01519,138,STOPPED,20.552
750,20251204_163931,gaitset.csv,Preset_v2_29,TCN,42,"[384, 512, 640]","[1, 2, 4]","[True, True, True]","[0.05, 0.1, 0.1]",3,7,2,gelu,True,True,max,256,96,AdamW,,0.0001,1e-05,minmax,256,0.02777,2.06234,0.45455,0.34377,"[0.60377, 0.16667, 0.26087]",0.52273,0.44544,"[0.5641, 0.22222, 0.55]",114,0.49596,1.11011,157,COMPLETED,48.014
751,20251204_163931,gaitset_GREW.csv,Preset_v2_29,TCN,42,"[384, 512, 640]","[1, 2, 4]","[True, True, True]","[0.05, 0.1, 0.1]",3,7,2,gelu,True,True,max,256,96,AdamW,,0.0001,1e-05,minmax,256,0.04014,2.20864,0.5,0.3684,"[0.59091, 0.0, 0.51429]",0.54545,0.46218,"[0.57895, 0.22222, 0.58537]",204,0.23278,1.69423,228,COMPLETED,69.759
752,20251204_163931,gaitset_OUMVLP.csv,Preset_v2_29,TCN,42,"[384, 512, 640]","[1, 2, 4]","[True, True, True]","[0.05, 0.1, 0.1]",3,7,2,gelu,True,True,max,256,96,AdamW,,0.0001,1e-05,minmax,256,1.00802,1.01559,0.47727,0.21538,"[0.64615, 0.0, 0.0]",0.47727,0.21538,"[0.64615, 0.0, 0.0]",112,1.00802,1.01559,112,STOPPED,33.613
753,20251204_163931,gln_phase1.csv,Preset_v2_29,TCN,42,"[384, 512, 640]","[1, 2, 4]","[True, True, True]","[0.05, 0.1, 0.1]",3,7,2,gelu,True,True,max,256,96,AdamW,,0.0001,1e-05,minmax,256,0.0351,1.24348,0.61364,0.5746,"[0.66667, 0.42857, 0.62857]",0.68182,0.66032,"[0.71429, 0.6, 0.66667]",221,0.17675,1.09277,234,COMPLETED,96.645
754,20251204_163931,gln_phase2.csv,Preset_v2_29,TCN,42,"[384, 512, 640]","[1, 2, 4]","[True, True, True]","[0.05, 0.1, 0.1]",3,7,2,gelu,True,True,max,256,96,AdamW,,0.0001,1e-05,minmax,256,0.05745,2.39365,0.43182,0.41096,"[0.53659, 0.4, 0.2963]",0.56818,0.55145,"[0.68, 0.66667, 0.30769]",336,0.09755,1.7657,340,COMPLETED,87.385

755,20251204_165012,baseline_CASIAB.csv,Preset_v2_30,TCN,42,"[256, 320, 384, 448]","[1, 2, 4, 8]","[True, True, True, True]","[0.05, 0.05, 0.05, 0.05]",4,3,2,gelu,True,True,mean,256,96,Adam,,0.00012,1e-05,L2,256,0.02053,2.03229,0.5,0.42679,"[0.55814, 0.22222, 0.5]",0.52273,0.43863,"[0.60465, 0.18182, 0.52941]",50,0.25978,1.35481,63,COMPLETED,6.765
756,20251204_165012,baseline_OUMVLP.csv,Preset_v2_30,TCN,42,"[256, 320, 384, 448]","[1, 2, 4, 8]","[True, True, True, True]","[0.05, 0.05, 0.05, 0.05]",4,3,2,gelu,True,True,mean,256,96,Adam,,0.00012,1e-05,L2,256,0.05783,1.98635,0.52273,0.44378,"[0.57143, 0.15385, 0.60606]",0.56818,0.47609,"[0.62222, 0.2, 0.60606]",77,0.162,1.63725,87,COMPLETED,8.939
757,20251204_165012,gaitgl.csv,Preset_v2_30,TCN,42,"[256, 320, 384, 448]","[1, 2, 4, 8]","[True, True, True, True]","[0.05, 0.05, 0.05, 0.05]",4,3,2,gelu,True,True,mean,256,96,Adam,,0.00012,1e-05,L2,128,0.03575,1.65334,0.40909,0.30461,"[0.61224, 0.19048, 0.11111]",0.52273,0.49238,"[0.53659, 0.4, 0.54054]",53,0.0894,1.46403,54,COMPLETED,6.76
758,20251204_165012,gaitgl_GREW.csv,Preset_v2_30,TCN,42,"[256, 320, 384, 448]","[1, 2, 4, 8]","[True, True, True, True]","[0.05, 0.05, 0.05, 0.05]",4,3,2,gelu,True,True,mean,256,96,Adam,,0.00012,1e-05,L2,256,0.03803,1.29376,0.54545,0.39898,"[0.6087, 0.0, 0.58824]",0.52273,0.49331,"[0.55556, 0.35294, 0.57143]",55,0.06865,1.3489,57,COMPLETED,7.507
759,20251204_165012,gaitgl_GREW_BNNeck.csv,Preset_v2_30,TCN,42,"[256, 320, 384, 448]","[1, 2, 4, 8]","[True, True, True, True]","[0.05, 0.05, 0.05, 0.05]",4,3,2,gelu,True,True,mean,256,96,Adam,,0.00012,1e-05,L2,256,0.03321,1.89802,0.34091,0.3026,"[0.46512, 0.18182, 0.26087]",0.47727,0.39507,"[0.57143, 0.2, 0.41379]",45,0.4597,1.25946,68,COMPLETED,8.996
760,20251204_165012,gaitgl_OUMVLP.csv,Preset_v2_30,TCN,42,"[256, 320, 384, 448]","[1, 2, 4, 8]","[True, True, True, True]","[0.05, 0.05, 0.05, 0.05]",4,3,2,gelu,True,True,mean,256,96,Adam,,0.00012,1e-05,L2,256,0.0218,1.76622,0.45455,0.37983,"[0.61905, 0.13333, 0.3871]",0.5,0.43446,"[0.6383, 0.21053, 0.45455]",106,0.05913,1.85528,110,COMPLETED,14.453
761,20251204_165012,gaitpart_GREW.csv,Preset_v2_30,TCN,42,"[256, 320, 384, 448]","[1, 2, 4, 8]","[True, True, True, True]","[0.05, 0.05, 0.05, 0.05]",4,3,2,gelu,True,True,mean,256,96,Adam,,0.00012,1e-05,L2,256,0.05776,2.07217,0.43182,0.4246,"[0.5, 0.35714, 0.41667]",0.54545,0.51645,"[0.60465, 0.42857, 0.51613]",77,0.0993,1.62046,81,COMPLETED,7.95
762,20251204_165012,gaitpart_OUMVLP.csv,Preset_v2_30,TCN,42,"[256, 320, 384, 448]","[1, 2, 4, 8]","[True, True, True, True]","[0.05, 0.05, 0.05, 0.05]",4,3,2,gelu,True,True,mean,256,96,Adam,,0.00012,1e-05,L2,256,0.03262,1.73742,0.5,0.42703,"[0.55, 0.14286, 0.58824]",0.59091,0.49235,"[0.66667, 0.18182, 0.62857]",189,0.11522,1.65937,194,COMPLETED,17.865
763,20251204_165012,gaitset.csv,Preset_v2_30,TCN,42,"[256, 320, 384, 448]","[1, 2, 4, 8]","[True, True, True, True]","[0.05, 0.05, 0.05, 0.05]",4,3,2,gelu,True,True,mean,256,96,Adam,,0.00012,1e-05,L2,256,0.03053,2.96338,0.27273,0.24882,"[0.38889, 0.09091, 0.26667]",0.5,0.35606,"[0.58333, 0.0, 0.48485]",38,0.56985,1.25467,75,COMPLETED,9.746
764,20251204_165012,gaitset_GREW.csv,Preset_v2_30,TCN,42,"[256, 320, 384, 448]","[1, 2, 4, 8]","[True, True, True, True]","[0.05, 0.05, 0.05, 0.05]",4,3,2,gelu,True,True,mean,256,96,Adam,,0.00012,1e-05,L2,256,0.03096,2.07517,0.43182,0.3628,"[0.4, 0.16667, 0.52174]",0.45455,0.4152,"[0.57895, 0.2, 0.46667]",70,0.21824,1.26454,81,COMPLETED,10.407
765,20251204_165012,gaitset_OUMVLP.csv,Preset_v2_30,TCN,42,"[256, 320, 384, 448]","[1, 2, 4, 8]","[True, True, True, True]","[0.05, 0.05, 0.05, 0.05]",4,3,2,gelu,True,True,mean,256,96,Adam,,0.00012,1e-05,L2,256,0.03323,1.71495,0.52273,0.46999,"[0.59091, 0.28571, 0.53333]",0.63636,0.57692,"[0.73077, 0.5, 0.5]",209,0.14126,1.89108,218,COMPLETED,27.742
766,20251204_165012,gln_phase1.csv,Preset_v2_30,TCN,42,"[256, 320, 384, 448]","[1, 2, 4, 8]","[True, True, True, True]","[0.05, 0.05, 0.05, 0.05]",4,3,2,gelu,True,True,mean,256,96,Adam,,0.00012,1e-05,L2,256,0.02974,1.85985,0.52273,0.45786,"[0.6383, 0.23529, 0.5]",0.54545,0.4783,"[0.62745, 0.28571, 0.52174]",83,0.11085,1.58497,92,COMPLETED,15.62
767,20251204_165012,gln_phase2.csv,Preset_v2_30,TCN,42,"[256, 320, 384, 448]","[1, 2, 4, 8]","[True, True, True, True]","[0.05, 0.05, 0.05, 0.05]",4,3,2,gelu,True,True,mean,256,96,Adam,,0.00012,1e-05,L2,256,0.03231,1.60466,0.56818,0.46171,"[0.68, 0.16667, 0.53846]",0.59091,0.51726,"[0.68, 0.33333, 0.53846]",74,0.13478,1.25253,85,COMPLETED,14.384

768,20251204_165303,baseline_CASIAB.csv,Preset_v2_31,TCN,42,"[512, 512, 640]","[1, 2, 4]","[True, True, True]","[None, 0.05, 0.1]",3,5,3,leakyrelu,True,True,attention,256,64,Adam,,0.00015,1e-05,minmax,256,1.00586,1.01571,0.47727,0.21538,"[0.64615, 0.0, 0.0]",0.47727,0.21538,"[0.64615, 0.0, 0.0]",134,1.00586,1.01571,134,STOPPED,25.098
769,20251204_165303,baseline_OUMVLP.csv,Preset_v2_31,TCN,42,"[512, 512, 640]","[1, 2, 4]","[True, True, True]","[None, 0.05, 0.1]",3,5,3,leakyrelu,True,True,attention,256,64,Adam,,0.00015,1e-05,minmax,256,0.85425,1.05093,0.47727,0.34553,"[0.5, 0.0, 0.53659]",0.47727,0.34553,"[0.5, 0.0, 0.53659]",212,0.85425,1.05093,212,STOPPED,36.892
770,20251204_165303,gaitgl.csv,Preset_v2_31,TCN,42,"[512, 512, 640]","[1, 2, 4]","[True, True, True]","[None, 0.05, 0.1]",3,5,3,leakyrelu,True,True,attention,256,64,Adam,,0.00015,1e-05,minmax,128,1.00599,1.01363,0.47727,0.21538,"[0.64615, 0.0, 0.0]",0.47727,0.21538,"[0.64615, 0.0, 0.0]",134,1.00599,1.01363,134,STOPPED,35.209
771,20251204_165303,gaitgl_GREW.csv,Preset_v2_31,TCN,42,"[512, 512, 640]","[1, 2, 4]","[True, True, True]","[None, 0.05, 0.1]",3,5,3,leakyrelu,True,True,attention,256,64,Adam,,0.00015,1e-05,minmax,256,0.06411,2.69662,0.47727,0.43886,"[0.5, 0.21053, 0.60606]",0.52273,0.47304,"[0.54054, 0.25, 0.62857]",123,0.27161,1.93876,130,COMPLETED,35.778
772,20251204_165303,gaitgl_GREW_BNNeck.csv,Preset_v2_31,TCN,42,"[512, 512, 640]","[1, 2, 4]","[True, True, True]","[None, 0.05, 0.1]",3,5,3,leakyrelu,True,True,attention,256,64,Adam,,0.00015,1e-05,minmax,256,1.00569,1.01464,0.47727,0.21538,"[0.64615, 0.0, 0.0]",0.47727,0.21538,"[0.64615, 0.0, 0.0]",202,1.00569,1.01464,202,STOPPED,52.863
773,20251204_165303,gaitgl_OUMVLP.csv,Preset_v2_31,TCN,42,"[512, 512, 640]","[1, 2, 4]","[True, True, True]","[None, 0.05, 0.1]",3,5,3,leakyrelu,True,True,attention,256,64,Adam,,0.00015,1e-05,minmax,256,1.00937,1.01958,0.47727,0.21538,"[0.64615, 0.0, 0.0]",0.47727,0.21538,"[0.64615, 0.0, 0.0]",179,1.00937,1.01958,179,STOPPED,46.83
774,20251204_165303,gaitpart_GREW.csv,Preset_v2_31,TCN,42,"[512, 512, 640]","[1, 2, 4]","[True, True, True]","[None, 0.05, 0.1]",3,5,3,leakyrelu,True,True,attention,256,64,Adam,,0.00015,1e-05,minmax,256,0.84887,1.08355,0.43182,0.31258,"[0.47619, 0.0, 0.46154]",0.43182,0.31258,"[0.47619, 0.0, 0.46154]",210,0.84887,1.08355,210,STOPPED,30.506
775,20251204_165303,gaitpart_OUMVLP.csv,Preset_v2_31,TCN,42,"[512, 512, 640]","[1, 2, 4]","[True, True, True]","[None, 0.05, 0.1]",3,5,3,leakyrelu,True,True,attention,256,64,Adam,,0.00015,1e-05,minmax,256,1.00558,1.01379,0.47727,0.21538,"[0.64615, 0.0, 0.0]",0.47727,0.21538,"[0.64615, 0.0, 0.0]",105,1.00558,1.01379,105,STOPPED,16.878
776,20251204_165303,gaitset.csv,Preset_v2_31,TCN,42,"[512, 512, 640]","[1, 2, 4]","[True, True, True]","[None, 0.05, 0.1]",3,5,3,leakyrelu,True,True,attention,256,64,Adam,,0.00015,1e-05,minmax,256,0.04203,1.78422,0.5,0.47985,"[0.59091, 0.46154, 0.3871]",0.56818,0.53894,"[0.6, 0.42857, 0.58824]",135,0.27961,1.18972,168,COMPLETED,44.792
777,20251204_165303,gaitset_GREW.csv,Preset_v2_31,TCN,42,"[512, 512, 640]","[1, 2, 4]","[True, True, True]","[None, 0.05, 0.1]",3,5,3,leakyrelu,True,True,attention,256,64,Adam,,0.00015,1e-05,minmax,256,1.00731,1.01531,0.47727,0.21538,"[0.64615, 0.0, 0.0]",0.47727,0.21538,"[0.64615, 0.0, 0.0]",139,1.00731,1.01531,139,STOPPED,37.052
778,20251204_165303,gaitset_OUMVLP.csv,Preset_v2_31,TCN,42,"[512, 512, 640]","[1, 2, 4]","[True, True, True]","[None, 0.05, 0.1]",3,5,3,leakyrelu,True,True,attention,256,64,Adam,,0.00015,1e-05,minmax,256,1.00831,1.01904,0.47727,0.21538,"[0.64615, 0.0, 0.0]",0.47727,0.21538,"[0.64615, 0.0, 0.0]",190,1.00831,1.01904,190,STOPPED,48.912
779,20251204_165303,gln_phase1.csv,Preset_v2_31,TCN,42,"[512, 512, 640]","[1, 2, 4]","[True, True, True]","[None, 0.05, 0.1]",3,5,3,leakyrelu,True,True,attention,256,64,Adam,,0.00015,1e-05,minmax,256,1.00913,1.01376,0.47727,0.21538,"[0.64615, 0.0, 0.0]",0.47727,0.21538,"[0.64615, 0.0, 0.0]",119,1.00913,1.01376,119,STOPPED,41.41
780,20251204_165303,gln_phase2.csv,Preset_v2_31,TCN,42,"[512, 512, 640]","[1, 2, 4]","[True, True, True]","[None, 0.05, 0.1]",3,5,3,leakyrelu,True,True,attention,256,64,Adam,,0.00015,1e-05,minmax,256,1.0079,1.01408,0.47727,0.21538,"[0.64615, 0.0, 0.0]",0.47727,0.21538,"[0.64615, 0.0, 0.0]",120,1.0079,1.01408,120,STOPPED,41.767

781,20251204_170132,baseline_CASIAB.csv,Preset_v2_32,TCN,42,"[192, 256]","[1, 3]","[True, True]","[0.05, 0.1]",2,7,2,gelu,True,True,max,128,64,AdamW,,0.0001,5e-06,minmax,256,0.03279,2.0003,0.45455,0.32381,"[0.57143, 0.0, 0.4]",0.5,0.4241,"[0.56522, 0.22222, 0.48485]",104,0.20273,1.52744,114,COMPLETED,9.856
782,20251204_170132,baseline_OUMVLP.csv,Preset_v2_32,TCN,42,"[192, 256]","[1, 3]","[True, True]","[0.05, 0.1]",2,7,2,gelu,True,True,max,128,64,AdamW,,0.0001,5e-06,minmax,256,0.07495,1.96139,0.5,0.41667,"[0.375, 0.25, 0.625]",0.61364,0.56114,"[0.63636, 0.4, 0.64706]",114,0.3522,1.25277,132,COMPLETED,11.419
783,20251204_170132,gaitgl.csv,Preset_v2_32,TCN,42,"[192, 256]","[1, 3]","[True, True]","[0.05, 0.1]",2,7,2,gelu,True,True,max,128,64,AdamW,,0.0001,5e-06,minmax,128,0.02512,1.8951,0.45455,0.31902,"[0.61224, 0.0, 0.34483]",0.40909,0.37774,"[0.42424, 0.23529, 0.47368]",42,0.14818,1.50574,49,COMPLETED,4.291
784,20251204_170132,gaitgl_GREW.csv,Preset_v2_32,TCN,42,"[192, 256]","[1, 3]","[True, True]","[0.05, 0.1]",2,7,2,gelu,True,True,max,128,64,AdamW,,0.0001,5e-06,minmax,256,0.02965,1.56254,0.5,0.42831,"[0.45714, 0.25, 0.57778]",0.52273,0.44501,"[0.51282, 0.22222, 0.6]",43,0.14655,1.29463,49,COMPLETED,4.682
785,20251204_170132,gaitgl_GREW_BNNeck.csv,Preset_v2_32,TCN,42,"[192, 256]","[1, 3]","[True, True]","[0.05, 0.1]",2,7,2,gelu,True,True,max,128,64,AdamW,,0.0001,5e-06,minmax,256,0.03937,2.23063,0.45455,0.38759,"[0.52381, 0.18182, 0.45714]",0.5,0.43932,"[0.6, 0.33333, 0.38462]",136,0.06583,1.96679,139,COMPLETED,13.103
786,20251204_170132,gaitgl_OUMVLP.csv,Preset_v2_32,TCN,42,"[192, 256]","[1, 3]","[True, True]","[0.05, 0.1]",2,7,2,gelu,True,True,max,128,64,AdamW,,0.0001,5e-06,minmax,256,0.02906,2.04593,0.40909,0.2963,"[0.5, 0.0, 0.38889]",0.52273,0.4443,"[0.54545, 0.22222, 0.56522]",169,0.32462,1.55501,191,COMPLETED,18.259
787,20251204_170132,gaitpart_GREW.csv,Preset_v2_32,TCN,42,"[192, 256]","[1, 3]","[True, True]","[0.05, 0.1]",2,7,2,gelu,True,True,max,128,64,AdamW,,0.0001,5e-06,minmax,256,0.03734,1.86189,0.47727,0.3862,"[0.58824, 0.2, 0.37037]",0.52273,0.46553,"[0.62222, 0.30769, 0.46667]",88,0.2158,1.33478,103,COMPLETED,8.506
788,20251204_170132,gaitpart_OUMVLP.csv,Preset_v2_32,TCN,42,"[192, 256]","[1, 3]","[True, True]","[0.05, 0.1]",2,7,2,gelu,True,True,max,128,64,AdamW,,0.0001,5e-06,minmax,256,0.04723,1.62218,0.56818,0.47071,"[0.66667, 0.2, 0.54545]",0.56818,0.5302,"[0.68421, 0.28571, 0.62069]",249,0.44864,1.21807,327,COMPLETED,27.471
789,20251204_170132,gaitset.csv,Preset_v2_32,TCN,42,"[192, 256]","[1, 3]","[True, True]","[0.05, 0.1]",2,7,2,gelu,True,True,max,128,64,AdamW,,0.0001,5e-06,minmax,256,0.03268,2.25411,0.36364,0.2925,"[0.52174, 0.125, 0.23077]",0.45455,0.44293,"[0.53659, 0.42857, 0.36364]",56,0.48238,1.21615,93,COMPLETED,9.035
790,20251204_170132,gaitset_GREW.csv,Preset_v2_32,TCN,42,"[192, 256]","[1, 3]","[True, True]","[0.05, 0.1]",2,7,2,gelu,True,True,max,128,64,AdamW,,0.0001,5e-06,minmax,256,0.03744,1.86563,0.43182,0.39801,"[0.44444, 0.23529, 0.51429]",0.52273,0.44273,"[0.55814, 0.18182, 0.58824]",88,0.16893,1.61994,107,COMPLETED,10.123
791,20251204_170132,gaitset_OUMVLP.csv,Preset_v2_32,TCN,42,"[192, 256]","[1, 3]","[True, True]","[0.05, 0.1]",2,7,2,gelu,True,True,max,128,64,AdamW,,0.0001,5e-06,minmax,256,0.05296,2.00026,0.45455,0.35689,"[0.61905, 0.0, 0.45161]",0.52273,0.50357,"[0.59459, 0.4, 0.51613]",405,0.30995,1.47082,487,COMPLETED,45.711
792,20251204_170132,gln_phase1.csv,Preset_v2_32,TCN,42,"[192, 256]","[1, 3]","[True, True]","[0.05, 0.1]",2,7,2,gelu,True,True,max,128,64,AdamW,,0.0001,5e-06,minmax,256,0.08318,1.32933,0.59091,0.49306,"[0.66667, 0.25, 0.5625]",0.59091,0.54736,"[0.65217, 0.44444, 0.54545]",87,0.2843,1.08263,113,COMPLETED,12.736
793,20251204_170132,gln_phase2.csv,Preset_v2_32,TCN,42,"[192, 256]","[1, 3]","[True, True]","[0.05, 0.1]",2,7,2,gelu,True,True,max,128,64,AdamW,,0.0001,5e-06,minmax,256,0.02856,1.44848,0.59091,0.53233,"[0.68085, 0.4, 0.51613]",0.65909,0.65758,"[0.7, 0.66667, 0.60606]",100,0.10665,1.30807,105,COMPLETED,11.75

794,20251204_170453,baseline_CASIAB.csv,Preset_v2_33,TCN,42,"[768, 768, 768]","[1, 2, 4]","[True, True, True]","[0.1, 0.1, 0.1]",3,3,2,gelu,True,True,attention,256,96,Adam,,8e-05,1e-05,L2,256,0.06892,2.41068,0.52273,0.35462,"[0.67925, 0.0, 0.38462]",0.52273,0.47078,"[0.60465, 0.30769, 0.5]",82,0.18037,1.88798,90,COMPLETED,13.308
795,20251204_170453,baseline_OUMVLP.csv,Preset_v2_33,TCN,42,"[768, 768, 768]","[1, 2, 4]","[True, True, True]","[0.1, 0.1, 0.1]",3,3,2,gelu,True,True,attention,256,96,Adam,,8e-05,1e-05,L2,256,0.08854,1.95277,0.5,0.43056,"[0.44444, 0.125, 0.72222]",0.68182,0.6214,"[0.68293, 0.44444, 0.73684]",115,0.19819,1.40156,128,COMPLETED,18.77
796,20251204_170453,gaitgl.csv,Preset_v2_33,TCN,42,"[768, 768, 768]","[1, 2, 4]","[True, True, True]","[0.1, 0.1, 0.1]",3,3,2,gelu,True,True,attention,256,96,Adam,,8e-05,1e-05,L2,128,0.02184,2.8922,0.40909,0.31174,"[0.46154, 0.0, 0.47368]",0.5,0.43182,"[0.5, 0.25, 0.54545]",34,0.30177,1.9706,51,COMPLETED,10.903
797,20251204_170453,gaitgl_GREW.csv,Preset_v2_33,TCN,42,"[768, 768, 768]","[1, 2, 4]","[True, True, True]","[0.1, 0.1, 0.1]",3,3,2,gelu,True,True,attention,256,96,Adam,,8e-05,1e-05,L2,256,0.05633,1.83402,0.54545,0.44897,"[0.70588, 0.30769, 0.33333]",0.56818,0.47932,"[0.72, 0.33333, 0.38462]",49,0.06146,1.73779,50,COMPLETED,11.246
798,20251204_170453,gaitgl_GREW_BNNeck.csv,Preset_v2_33,TCN,42,"[768, 768, 768]","[1, 2, 4]","[True, True, True]","[0.1, 0.1, 0.1]",3,3,2,gelu,True,True,attention,256,96,Adam,,8e-05,1e-05,L2,256,0.03999,1.84416,0.54545,0.48775,"[0.62222, 0.30769, 0.53333]",0.59091,0.52381,"[0.66667, 0.33333, 0.57143]",80,0.11209,1.59339,89,COMPLETED,19.952
799,20251204_170453,gaitgl_OUMVLP.csv,Preset_v2_33,TCN,42,"[768, 768, 768]","[1, 2, 4]","[True, True, True]","[0.1, 0.1, 0.1]",3,3,2,gelu,True,True,attention,256,96,Adam,,8e-05,1e-05,L2,256,0.06363,1.92381,0.40909,0.33302,"[0.57778, 0.125, 0.2963]",0.43182,0.41451,"[0.47059, 0.31579, 0.45714]",112,0.09362,1.97491,115,COMPLETED,25.654
800,20251204_170453,gaitpart_GREW.csv,Preset_v2_33,TCN,42,"[768, 768, 768]","[1, 2, 4]","[True, True, True]","[0.1, 0.1, 0.1]",3,3,2,gelu,True,True,attention,256,96,Adam,,8e-05,1e-05,L2,256,0.08069,2.66719,0.5,0.44841,"[0.58333, 0.33333, 0.42857]",0.59091,0.55328,"[0.61538, 0.44444, 0.6]",70,0.51331,1.21292,147,COMPLETED,16.57
801,20251204_170453,gaitpart_OUMVLP.csv,Preset_v2_33,TCN,42,"[768, 768, 768]","[1, 2, 4]","[True, True, True]","[0.1, 0.1, 0.1]",3,3,2,gelu,True,True,attention,256,96,Adam,,8e-05,1e-05,L2,256,0.04045,1.81958,0.5,0.37566,"[0.55556, 0.0, 0.57143]",0.54545,0.48774,"[0.65385, 0.46154, 0.34783]",145,0.72581,1.06793,240,COMPLETED,27.045
802,20251204_170453,gaitset.csv,Preset_v2_33,TCN,42,"[768, 768, 768]","[1, 2, 4]","[True, True, True]","[0.1, 0.1, 0.1]",3,3,2,gelu,True,True,attention,256,96,Adam,,8e-05,1e-05,L2,256,0.05188,2.43636,0.38636,0.29293,"[0.45455, 0.0, 0.42424]",0.59091,0.47955,"[0.70588, 0.25, 0.48276]",44,0.57081,1.33808,95,COMPLETED,20.87
803,20251204_170453,gaitset_GREW.csv,Preset_v2_33,TCN,42,"[768, 768, 768]","[1, 2, 4]","[True, True, True]","[0.1, 0.1, 0.1]",3,3,2,gelu,True,True,attention,256,96,Adam,,8e-05,1e-05,L2,256,0.05294,1.8574,0.47727,0.44016,"[0.48649, 0.30769, 0.52632]",0.56818,0.50628,"[0.65217, 0.33333, 0.53333]",73,0.29367,1.22855,86,COMPLETED,18.963
804,20251204_170453,gaitset_OUMVLP.csv,Preset_v2_33,TCN,42,"[768, 768, 768]","[1, 2, 4]","[True, True, True]","[0.1, 0.1, 0.1]",3,3,2,gelu,True,True,attention,256,96,Adam,,8e-05,1e-05,L2,256,0.07645,2.24238,0.38636,0.30473,"[0.52, 0.13333, 0.26087]",0.45455,0.42203,"[0.47059, 0.30769, 0.4878]",237,0.58925,1.65361,301,COMPLETED,66.007
805,20251204_170453,gln_phase1.csv,Preset_v2_33,TCN,42,"[768, 768, 768]","[1, 2, 4]","[True, True, True]","[0.1, 0.1, 0.1]",3,3,2,gelu,True,True,attention,256,96,Adam,,8e-05,1e-05,L2,256,0.04348,1.63053,0.61364,0.51177,"[0.68293, 0.16667, 0.68571]",0.61364,0.56931,"[0.68293, 0.4, 0.625]",99,0.14527,1.45197,112,COMPLETED,32.939
806,20251204_170453,gln_phase2.csv,Preset_v2_33,TCN,42,"[768, 768, 768]","[1, 2, 4]","[True, True, True]","[0.1, 0.1, 0.1]",3,3,2,gelu,True,True,attention,256,96,Adam,,8e-05,1e-05,L2,256,0.05008,2.99634,0.45455,0.4375,"[0.5, 0.375, 0.4375]",0.52273,0.49122,"[0.59091, 0.4, 0.48276]",70,0.21089,2.13738,83,COMPLETED,25.752

807,20251204_171016,baseline_CASIAB.csv,Preset_v2_34,TCN,42,"[384, 512, 512, 512]","[1, 2, 4, 8]","[True, True, True, True]","[None, 0.05, 0.1, 0.1]",4,5,2,gelu,True,True,max,512,128,AdamW,,0.0001,1e-05,minmax,256,0.04567,2.22047,0.45455,0.37854,"[0.55319, 0.15385, 0.42857]",0.5,0.46407,"[0.45714, 0.36364, 0.57143]",166,0.56624,1.3586,226,COMPLETED,33.695
808,20251204_171016,baseline_OUMVLP.csv,Preset_v2_34,TCN,42,"[384, 512, 512, 512]","[1, 2, 4, 8]","[True, True, True, True]","[None, 0.05, 0.1, 0.1]",4,5,2,gelu,True,True,max,512,128,AdamW,,0.0001,1e-05,minmax,256,0.06792,1.65024,0.54545,0.4995,"[0.53659, 0.33333, 0.62857]",0.61364,0.57192,"[0.60465, 0.44444, 0.66667]",308,0.06074,1.55867,309,COMPLETED,46.128
809,20251204_171016,gaitgl.csv,Preset_v2_34,TCN,42,"[384, 512, 512, 512]","[1, 2, 4, 8]","[True, True, True, True]","[None, 0.05, 0.1, 0.1]",4,5,2,gelu,True,True,max,512,128,AdamW,,0.0001,1e-05,minmax,128,0.04216,1.50775,0.43182,0.31503,"[0.53333, 0.0, 0.41176]",0.45455,0.32845,"[0.52381, 0.0, 0.46154]",81,0.39352,1.42488,94,COMPLETED,20.253
810,20251204_171016,gaitgl_GREW.csv,Preset_v2_34,TCN,42,"[384, 512, 512, 512]","[1, 2, 4, 8]","[True, True, True, True]","[None, 0.05, 0.1, 0.1]",4,5,2,gelu,True,True,max,512,128,AdamW,,0.0001,1e-05,minmax,256,0.03254,1.25696,0.40909,0.29947,"[0.54545, 0.0, 0.35294]",0.5,0.37607,"[0.5641, 0.0, 0.5641]",88,0.22966,1.14047,98,COMPLETED,21.971
811,20251204_171016,gaitgl_GREW_BNNeck.csv,Preset_v2_34,TCN,42,"[384, 512, 512, 512]","[1, 2, 4, 8]","[True, True, True, True]","[None, 0.05, 0.1, 0.1]",4,5,2,gelu,True,True,max,512,128,AdamW,,0.0001,1e-05,minmax,256,0.04743,2.70044,0.43182,0.36239,"[0.53333, 0.15385, 0.4]",0.5,0.49145,"[0.52632, 0.46154, 0.48649]",392,0.46553,1.46386,467,COMPLETED,105.302
812,20251204_171016,gaitgl_OUMVLP.csv,Preset_v2_34,TCN,42,"[384, 512, 512, 512]","[1, 2, 4, 8]","[True, True, True, True]","[None, 0.05, 0.1, 0.1]",4,5,2,gelu,True,True,max,512,128,AdamW,,0.0001,1e-05,minmax,256,0.06612,2.63609,0.45455,0.3902,"[0.5, 0.2, 0.47059]",0.45455,0.40053,"[0.46512, 0.25, 0.48649]",523,0.3535,1.74371,539,COMPLETED,121.319
813,20251204_171016,gaitpart_GREW.csv,Preset_v2_34,TCN,42,"[384, 512, 512, 512]","[1, 2, 4, 8]","[True, True, True, True]","[None, 0.05, 0.1, 0.1]",4,5,2,gelu,True,True,max,512,128,AdamW,,0.0001,1e-05,minmax,256,0.0328,1.8119,0.5,0.48206,"[0.58537, 0.47619, 0.38462]",0.54545,0.51768,"[0.63636, 0.5, 0.41667]",151,0.49953,1.43481,194,COMPLETED,21.763
814,20251204_171016,gaitpart_OUMVLP.csv,Preset_v2_34,TCN,42,"[384, 512, 512, 512]","[1, 2, 4, 8]","[True, True, True, True]","[None, 0.05, 0.1, 0.1]",4,5,2,gelu,True,True,max,512,128,AdamW,,0.0001,1e-05,minmax,256,1.01179,1.01944,0.47727,0.21538,"[0.64615, 0.0, 0.0]",0.47727,0.21538,"[0.64615, 0.0, 0.0]",294,1.01179,1.01944,294,STOPPED,32.651
815,20251204_171016,gaitset.csv,Preset_v2_34,TCN,42,"[384, 512, 512, 512]","[1, 2, 4, 8]","[True, True, True, True]","[None, 0.05, 0.1, 0.1]",4,5,2,gelu,True,True,max,512,128,AdamW,,0.0001,1e-05,minmax,256,0.07676,1.78479,0.38636,0.33704,"[0.5, 0.11111, 0.4]",0.54545,0.51837,"[0.56522, 0.44444, 0.54545]",120,0.6832,1.24942,168,COMPLETED,36.758
816,20251204_171016,gaitset_GREW.csv,Preset_v2_34,TCN,42,"[384, 512, 512, 512]","[1, 2, 4, 8]","[True, True, True, True]","[None, 0.05, 0.1, 0.1]",4,5,2,gelu,True,True,max,512,128,AdamW,,0.0001,1e-05,minmax,256,0.06314,1.85027,0.47727,0.39903,"[0.57778, 0.18182, 0.4375]",0.56818,0.48122,"[0.62222, 0.25, 0.57143]",184,0.34249,1.39961,224,COMPLETED,49.138
817,20251204_171016,gaitset_OUMVLP.csv,Preset_v2_34,TCN,42,"[384, 512, 512, 512]","[1, 2, 4, 8]","[True, True, True, True]","[None, 0.05, 0.1, 0.1]",4,5,2,gelu,True,True,max,512,128,AdamW,,0.0001,1e-05,minmax,256,1.02329,1.02528,0.47727,0.21538,"[0.64615, 0.0, 0.0]",0.47727,0.21538,"[0.64615, 0.0, 0.0]",108,1.02329,1.02528,108,STOPPED,23.718
818,20251204_171016,gln_phase1.csv,Preset_v2_34,TCN,42,"[384, 512, 512, 512]","[1, 2, 4, 8]","[True, True, True, True]","[None, 0.05, 0.1, 0.1]",4,5,2,gelu,True,True,max,512,128,AdamW,,0.0001,1e-05,minmax,256,0.06266,1.17215,0.52273,0.44567,"[0.66667, 0.28571, 0.38462]",0.59091,0.56916,"[0.58824, 0.47059, 0.64865]",228,0.32631,1.11604,263,COMPLETED,81.106
819,20251204_171016,gln_phase2.csv,Preset_v2_34,TCN,42,"[384, 512, 512, 512]","[1, 2, 4, 8]","[True, True, True, True]","[None, 0.05, 0.1, 0.1]",4,5,2,gelu,True,True,max,512,128,AdamW,,0.0001,1e-05,minmax,256,0.04695,1.66071,0.56818,0.47222,"[0.66667, 0.25, 0.5]",0.61364,0.63419,"[0.66667, 0.76923, 0.46667]",352,0.23392,1.41181,365,COMPLETED,112.632

820,20251204_172218,baseline_CASIAB.csv,Preset_v2_35,TCN,42,"[256, 320, 384]","[1, 2, 4]","[True, True, True]","[0.05, 0.05, 0.05]",3,3,1,gelu,True,True,mean,256,96,SGD,0.0,0.0006,1e-05,L2,256,0.06516,1.92346,0.45455,0.43544,"[0.4878, 0.3, 0.51852]",0.59091,0.47998,"[0.67925, 0.22222, 0.53846]",553,0.09813,2.06133,561,COMPLETED,40.507
821,20251204_172218,baseline_OUMVLP.csv,Preset_v2_35,TCN,42,"[256, 320, 384]","[1, 2, 4]","[True, True, True]","[0.05, 0.05, 0.05]",3,3,1,gelu,True,True,mean,256,96,SGD,0.0,0.0006,1e-05,L2,256,0.07625,1.78734,0.36364,0.34765,"[0.37838, 0.18182, 0.48276]",0.63636,0.55874,"[0.72, 0.36364, 0.59259]",641,0.10112,1.71054,663,COMPLETED,47.562
822,20251204_172218,gaitgl.csv,Preset_v2_35,TCN,42,"[256, 320, 384]","[1, 2, 4]","[True, True, True]","[0.05, 0.05, 0.05]",3,3,1,gelu,True,True,mean,256,96,SGD,0.0,0.0006,1e-05,L2,128,0.09917,1.54168,0.5,0.35163,"[0.58824, 0.0, 0.46667]",0.47727,0.46695,"[0.55556, 0.42105, 0.42424]",505,0.22589,1.40292,559,COMPLETED,45.762
823,20251204_172218,gaitgl_GREW.csv,Preset_v2_35,TCN,42,"[256, 320, 384]","[1, 2, 4]","[True, True, True]","[0.05, 0.05, 0.05]",3,3,1,gelu,True,True,mean,256,96,SGD,0.0,0.0006,1e-05,L2,256,0.06431,1.17583,0.59091,0.48465,"[0.68, 0.22222, 0.55172]",0.61364,0.56114,"[0.63636, 0.4, 0.64706]",531,0.18795,0.99516,572,COMPLETED,52.883
824,20251204_172218,gaitgl_GREW_BNNeck.csv,Preset_v2_35,TCN,42,"[256, 320, 384]","[1, 2, 4]","[True, True, True]","[0.05, 0.05, 0.05]",3,3,1,gelu,True,True,mean,256,96,SGD,0.0,0.0006,1e-05,L2,256,0.08135,1.61306,0.45455,0.39238,"[0.57143, 0.28571, 0.32]",0.54545,0.43485,"[0.65455, 0.25, 0.4]",681,0.28338,1.31833,755,COMPLETED,69.758
825,20251204_172218,gaitgl_OUMVLP.csv,Preset_v2_35,TCN,42,"[256, 320, 384]","[1, 2, 4]","[True, True, True]","[0.05, 0.05, 0.05]",3,3,1,gelu,True,True,mean,256,96,SGD,0.0,0.0006,1e-05,L2,256,0.07534,1.42949,0.45455,0.40853,"[0.57778, 0.3, 0.34783]",0.54545,0.54483,"[0.57895, 0.55556, 0.5]",1041,0.19119,1.23675,1110,COMPLETED,102.525
826,20251204_172218,gaitpart_GREW.csv,Preset_v2_35,TCN,42,"[256, 320, 384]","[1, 2, 4]","[True, True, True]","[0.05, 0.05, 0.05]",3,3,1,gelu,True,True,mean,256,96,SGD,0.0,0.0006,1e-05,L2,256,0.07243,1.69137,0.38636,0.38654,"[0.46667, 0.32258, 0.37037]",0.56818,0.51323,"[0.66667, 0.44444, 0.42857]",462,0.26513,1.17247,525,COMPLETED,34.427
827,20251204_172218,gaitpart_OUMVLP.csv,Preset_v2_35,TCN,42,"[256, 320, 384]","[1, 2, 4]","[True, True, True]","[0.05, 0.05, 0.05]",3,3,1,gelu,True,True,mean,256,96,SGD,0.0,0.0006,1e-05,L2,256,0.07222,1.74,0.56818,0.38415,"[0.69091, 0.0, 0.46154]",0.59091,0.55415,"[0.61538, 0.4, 0.64706]",838,0.22535,1.17967,947,COMPLETED,62.016
828,20251204_172218,gaitset.csv,Preset_v2_35,TCN,42,"[256, 320, 384]","[1, 2, 4]","[True, True, True]","[0.05, 0.05, 0.05]",3,3,1,gelu,True,True,mean,256,96,SGD,0.0,0.0006,1e-05,L2,256,0.06729,2.17352,0.31818,0.31029,"[0.42424, 0.27586, 0.23077]",0.47727,0.45048,"[0.4878, 0.36364, 0.5]",543,0.30165,1.46482,671,COMPLETED,60.214
829,20251204_172218,gaitset_GREW.csv,Preset_v2_35,TCN,42,"[256, 320, 384]","[1, 2, 4]","[True, True, True]","[0.05, 0.05, 0.05]",3,3,1,gelu,True,True,mean,256,96,SGD,0.0,0.0006,1e-05,L2,256,0.08694,1.88765,0.36364,0.35439,"[0.47059, 0.22222, 0.37037]",0.45455,0.44444,"[0.54545, 0.36364, 0.42424]",811,0.12426,1.70472,836,COMPLETED,75.781
830,20251204_172218,gaitset_OUMVLP.csv,Preset_v2_35,TCN,42,"[256, 320, 384]","[1, 2, 4]","[True, True, True]","[0.05, 0.05, 0.05]",3,3,1,gelu,True,True,mean,256,96,SGD,0.0,0.0006,1e-05,L2,256,0.07719,1.46275,0.59091,0.53481,"[0.71111, 0.33333, 0.56]",0.68182,0.63531,"[0.7451, 0.54545, 0.61538]",1542,0.28938,1.12124,1705,COMPLETED,153.941
831,20251204_172218,gln_phase1.csv,Preset_v2_35,TCN,42,"[256, 320, 384]","[1, 2, 4]","[True, True, True]","[0.05, 0.05, 0.05]",3,3,1,gelu,True,True,mean,256,96,SGD,0.0,0.0006,1e-05,L2,256,0.08009,1.63565,0.43182,0.41739,"[0.52941, 0.24, 0.48276]",0.56818,0.49916,"[0.65385, 0.36364, 0.48]",738,0.28299,1.25553,849,COMPLETED,95.326
832,20251204_172218,gln_phase2.csv,Preset_v2_35,TCN,42,"[256, 320, 384]","[1, 2, 4]","[True, True, True]","[0.05, 0.05, 0.05]",3,3,1,gelu,True,True,mean,256,96,SGD,0.0,0.0006,1e-05,L2,256,0.07441,1.5768,0.45455,0.45445,"[0.5, 0.34483, 0.51852]",0.61364,0.57757,"[0.68293, 0.46154, 0.58824]",687,0.3065,1.05288,828,COMPLETED,81.223

833,20251204_202248,baseline_CASIAB.csv,Preset_v2_1,TCN,42,"[1024, 1024, 1024]","[1, 2, 3]","[True, True, True]","[0.05, 0.05, 0.05]",3,5,2,gelu,True,True,attention,512,64,AdamW,,0.0001,1e-05,minmax,256,1.00743,1.01523,0.47727,0.21538,"[0.64615, 0.0, 0.0]",0.47727,0.21538,"[0.64615, 0.0, 0.0]",109,1.00743,1.01523,109,STOPPED,35.396
834,20251204_202248,baseline_OUMVLP.csv,Preset_v2_1,TCN,42,"[1024, 1024, 1024]","[1, 2, 3]","[True, True, True]","[0.05, 0.05, 0.05]",3,5,2,gelu,True,True,attention,512,64,AdamW,,0.0001,1e-05,minmax,256,1.00788,1.01698,0.47727,0.21538,"[0.64615, 0.0, 0.0]",0.47727,0.21538,"[0.64615, 0.0, 0.0]",122,1.00788,1.01698,122,STOPPED,39.919
835,20251204_202248,gaitgl.csv,Preset_v2_1,TCN,42,"[1024, 1024, 1024]","[1, 2, 3]","[True, True, True]","[0.05, 0.05, 0.05]",3,5,2,gelu,True,True,attention,512,64,AdamW,,0.0001,1e-05,minmax,128,0.03285,2.85212,0.40909,0.37897,"[0.47619, 0.28571, 0.375]",0.45455,0.42984,"[0.53659, 0.35294, 0.4]",94,0.43042,1.62909,102,COMPLETED,48.874
836,20251204_202248,gaitgl_GREW.csv,Preset_v2_1,TCN,42,"[1024, 1024, 1024]","[1, 2, 3]","[True, True, True]","[0.05, 0.05, 0.05]",3,5,2,gelu,True,True,attention,512,64,AdamW,,0.0001,1e-05,minmax,256,1.00646,1.01479,0.47727,0.21538,"[0.64615, 0.0, 0.0]",0.47727,0.21538,"[0.64615, 0.0, 0.0]",179,1.00646,1.01479,179,STOPPED,86.427
837,20251204_202248,gaitgl_GREW_BNNeck.csv,Preset_v2_1,TCN,42,"[1024, 1024, 1024]","[1, 2, 3]","[True, True, True]","[0.05, 0.05, 0.05]",3,5,2,gelu,True,True,attention,512,64,AdamW,,0.0001,1e-05,minmax,256,1.00549,1.01489,0.47727,0.21538,"[0.64615, 0.0, 0.0]",0.47727,0.21538,"[0.64615, 0.0, 0.0]",280,1.00549,1.01489,280,STOPPED,131.907
838,20251204_202248,gaitgl_OUMVLP.csv,Preset_v2_1,TCN,42,"[1024, 1024, 1024]","[1, 2, 3]","[True, True, True]","[0.05, 0.05, 0.05]",3,5,2,gelu,True,True,attention,512,64,AdamW,,0.0001,1e-05,minmax,256,1.00627,1.01352,0.47727,0.21538,"[0.64615, 0.0, 0.0]",0.47727,0.21538,"[0.64615, 0.0, 0.0]",199,1.00627,1.01352,199,STOPPED,93.961
839,20251204_202248,gaitpart_GREW.csv,Preset_v2_1,TCN,42,"[1024, 1024, 1024]","[1, 2, 3]","[True, True, True]","[0.05, 0.05, 0.05]",3,5,2,gelu,True,True,attention,512,64,AdamW,,0.0001,1e-05,minmax,256,0.0562,3.14232,0.52273,0.47222,"[0.58333, 0.33333, 0.5]",0.54545,0.53374,"[0.55, 0.47059, 0.58065]",176,0.46944,1.44975,215,COMPLETED,55.251
840,20251204_202248,gaitpart_OUMVLP.csv,Preset_v2_1,TCN,42,"[1024, 1024, 1024]","[1, 2, 3]","[True, True, True]","[0.05, 0.05, 0.05]",3,5,2,gelu,True,True,attention,512,64,AdamW,,0.0001,1e-05,minmax,256,1.00812,1.01726,0.47727,0.21538,"[0.64615, 0.0, 0.0]",0.47727,0.21538,"[0.64615, 0.0, 0.0]",245,1.00812,1.01726,245,STOPPED,62.147
841,20251204_202248,gaitset.csv,Preset_v2_1,TCN,42,"[1024, 1024, 1024]","[1, 2, 3]","[True, True, True]","[0.05, 0.05, 0.05]",3,5,2,gelu,True,True,attention,512,64,AdamW,,0.0001,1e-05,minmax,256,0.02732,2.43132,0.45455,0.34933,"[0.56522, 0.0, 0.48276]",0.47727,0.43261,"[0.54545, 0.28571, 0.46667]",87,0.26283,1.53774,101,COMPLETED,46.438
842,20251204_202248,gaitset_GREW.csv,Preset_v2_1,TCN,42,"[1024, 1024, 1024]","[1, 2, 3]","[True, True, True]","[0.05, 0.05, 0.05]",3,5,2,gelu,True,True,attention,512,64,AdamW,,0.0001,1e-05,minmax,256,1.00918,1.01718,0.47727,0.21538,"[0.64615, 0.0, 0.0]",0.47727,0.21538,"[0.64615, 0.0, 0.0]",218,1.00918,1.01718,218,STOPPED,99.914
843,20251204_202248,gaitset_OUMVLP.csv,Preset_v2_1,TCN,42,"[1024, 1024, 1024]","[1, 2, 3]","[True, True, True]","[0.05, 0.05, 0.05]",3,5,2,gelu,True,True,attention,512,64,AdamW,,0.0001,1e-05,minmax,256,1.00959,1.01571,0.47727,0.21538,"[0.64615, 0.0, 0.0]",0.47727,0.21538,"[0.64615, 0.0, 0.0]",218,1.00959,1.01571,218,STOPPED,100.272
844,20251204_202248,gln_phase1.csv,Preset_v2_1,TCN,42,"[1024, 1024, 1024]","[1, 2, 3]","[True, True, True]","[0.05, 0.05, 0.05]",3,5,2,gelu,True,True,attention,512,64,AdamW,,0.0001,1e-05,minmax,256,1.00557,1.01452,0.47727,0.21538,"[0.64615, 0.0, 0.0]",0.47727,0.21538,"[0.64615, 0.0, 0.0]",153,1.00557,1.01452,153,STOPPED,93.412
845,20251204_202248,gln_phase2.csv,Preset_v2_1,TCN,42,"[1024, 1024, 1024]","[1, 2, 3]","[True, True, True]","[0.05, 0.05, 0.05]",3,5,2,gelu,True,True,attention,512,64,AdamW,,0.0001,1e-05,minmax,256,0.03333,3.57159,0.43182,0.41961,"[0.42105, 0.35294, 0.48485]",0.5,0.4862,"[0.54545, 0.46154, 0.45161]",262,0.25748,2.74489,291,COMPLETED,178.076

846,20251204_204057,baseline_CASIAB.csv,Preset_v2_2,TCN,42,"[512, 768, 1024]","[3, 6, 9]","[True, True, True]","[0.1, 0.1, 0.1]",3,3,2,silu,True,True,mean,256,96,Adam,,0.0002,1e-05,minmax,256,1.00868,1.01651,0.47727,0.21538,"[0.64615, 0.0, 0.0]",0.47727,0.21538,"[0.64615, 0.0, 0.0]",189,1.00868,1.01651,189,STOPPED,26.426
847,20251204_204057,baseline_OUMVLP.csv,Preset_v2_2,TCN,42,"[512, 768, 1024]","[3, 6, 9]","[True, True, True]","[0.1, 0.1, 0.1]",3,3,2,silu,True,True,mean,256,96,Adam,,0.0002,1e-05,minmax,256,1.01111,1.02001,0.47727,0.21538,"[0.64615, 0.0, 0.0]",0.47727,0.21538,"[0.64615, 0.0, 0.0]",154,1.01111,1.02001,154,STOPPED,22.334
848,20251204_204057,gaitgl.csv,Preset_v2_2,TCN,42,"[512, 768, 1024]","[3, 6, 9]","[True, True, True]","[0.1, 0.1, 0.1]",3,3,2,silu,True,True,mean,256,96,Adam,,0.0002,1e-05,minmax,128,1.00793,1.01642,0.47727,0.21538,"[0.64615, 0.0, 0.0]",0.47727,0.21538,"[0.64615, 0.0, 0.0]",171,1.00793,1.01642,171,STOPPED,34.749
849,20251204_204057,gaitgl_GREW.csv,Preset_v2_2,TCN,42,"[512, 768, 1024]","[3, 6, 9]","[True, True, True]","[0.1, 0.1, 0.1]",3,3,2,silu,True,True,mean,256,96,Adam,,0.0002,1e-05,minmax,256,1.00956,1.01754,0.47727,0.21538,"[0.64615, 0.0, 0.0]",0.47727,0.21538,"[0.64615, 0.0, 0.0]",163,1.00956,1.01754,163,STOPPED,35.096
850,20251204_204057,gaitgl_GREW_BNNeck.csv,Preset_v2_2,TCN,42,"[512, 768, 1024]","[3, 6, 9]","[True, True, True]","[0.1, 0.1, 0.1]",3,3,2,silu,True,True,mean,256,96,Adam,,0.0002,1e-05,minmax,256,1.00699,1.01429,0.47727,0.21538,"[0.64615, 0.0, 0.0]",0.47727,0.21538,"[0.64615, 0.0, 0.0]",220,1.00699,1.01429,220,STOPPED,46.223
851,20251204_204057,gaitgl_OUMVLP.csv,Preset_v2_2,TCN,42,"[512, 768, 1024]","[3, 6, 9]","[True, True, True]","[0.1, 0.1, 0.1]",3,3,2,silu,True,True,mean,256,96,Adam,,0.0002,1e-05,minmax,256,1.00772,1.0163,0.47727,0.21538,"[0.64615, 0.0, 0.0]",0.47727,0.21538,"[0.64615, 0.0, 0.0]",151,1.00772,1.0163,151,STOPPED,32.515
852,20251204_204057,gaitpart_GREW.csv,Preset_v2_2,TCN,42,"[512, 768, 1024]","[3, 6, 9]","[True, True, True]","[0.1, 0.1, 0.1]",3,3,2,silu,True,True,mean,256,96,Adam,,0.0002,1e-05,minmax,256,1.00826,1.01491,0.47727,0.21538,"[0.64615, 0.0, 0.0]",0.47727,0.21538,"[0.64615, 0.0, 0.0]",217,1.00826,1.01491,217,STOPPED,22.826
853,20251204_204057,gaitpart_OUMVLP.csv,Preset_v2_2,TCN,42,"[512, 768, 1024]","[3, 6, 9]","[True, True, True]","[0.1, 0.1, 0.1]",3,3,2,silu,True,True,mean,256,96,Adam,,0.0002,1e-05,minmax,256,1.00702,1.01746,0.47727,0.21538,"[0.64615, 0.0, 0.0]",0.47727,0.21538,"[0.64615, 0.0, 0.0]",120,1.00702,1.01746,120,STOPPED,13.59
854,20251204_204057,gaitset.csv,Preset_v2_2,TCN,42,"[512, 768, 1024]","[3, 6, 9]","[True, True, True]","[0.1, 0.1, 0.1]",3,3,2,silu,True,True,mean,256,96,Adam,,0.0002,1e-05,minmax,256,1.00645,1.01497,0.47727,0.21538,"[0.64615, 0.0, 0.0]",0.47727,0.21538,"[0.64615, 0.0, 0.0]",124,1.00645,1.01497,124,STOPPED,25.753
855,20251204_204057,gaitset_GREW.csv,Preset_v2_2,TCN,42,"[512, 768, 1024]","[3, 6, 9]","[True, True, True]","[0.1, 0.1, 0.1]",3,3,2,silu,True,True,mean,256,96,Adam,,0.0002,1e-05,minmax,256,1.00816,1.01693,0.47727,0.21538,"[0.64615, 0.0, 0.0]",0.47727,0.21538,"[0.64615, 0.0, 0.0]",141,1.00816,1.01693,141,STOPPED,28.959
856,20251204_204057,gaitset_OUMVLP.csv,Preset_v2_2,TCN,42,"[512, 768, 1024]","[3, 6, 9]","[True, True, True]","[0.1, 0.1, 0.1]",3,3,2,silu,True,True,mean,256,96,Adam,,0.0002,1e-05,minmax,256,1.00712,1.01426,0.47727,0.21538,"[0.64615, 0.0, 0.0]",0.47727,0.21538,"[0.64615, 0.0, 0.0]",114,1.00712,1.01426,114,STOPPED,23.482
857,20251204_204057,gln_phase1.csv,Preset_v2_2,TCN,42,"[512, 768, 1024]","[3, 6, 9]","[True, True, True]","[0.1, 0.1, 0.1]",3,3,2,silu,True,True,mean,256,96,Adam,,0.0002,1e-05,minmax,256,1.01075,1.01746,0.47727,0.21538,"[0.64615, 0.0, 0.0]",0.47727,0.21538,"[0.64615, 0.0, 0.0]",156,1.01075,1.01746,156,STOPPED,42.818
858,20251204_204057,gln_phase2.csv,Preset_v2_2,TCN,42,"[512, 768, 1024]","[3, 6, 9]","[True, True, True]","[0.1, 0.1, 0.1]",3,3,2,silu,True,True,mean,256,96,Adam,,0.0002,1e-05,minmax,256,1.00788,1.0147,0.47727,0.21538,"[0.64615, 0.0, 0.0]",0.47727,0.21538,"[0.64615, 0.0, 0.0]",230,1.00788,1.0147,230,STOPPED,61.49

859,20251204_204808,baseline_CASIAB.csv,Preset_v2_3,TCN,42,"[256, 512, 768, 1024]","[4, 3, 2, 1]","[True, False, True, True]","[0.05, 0.05, 0.05, 0.05]",4,5,2,leakyrelu,False,False,max,256,128,RMSprop,,0.0003,0.0,minmax,256,1.00667,1.01578,0.47727,0.21538,"[0.64615, 0.0, 0.0]",0.47727,0.21538,"[0.64615, 0.0, 0.0]",137,1.00667,1.01578,137,STOPPED,21.151
860,20251204_204808,baseline_OUMVLP.csv,Preset_v2_3,TCN,42,"[256, 512, 768, 1024]","[4, 3, 2, 1]","[True, False, True, True]","[0.05, 0.05, 0.05, 0.05]",4,5,2,leakyrelu,False,False,max,256,128,RMSprop,,0.0003,0.0,minmax,256,1.0104,1.01371,0.47727,0.21538,"[0.64615, 0.0, 0.0]",0.47727,0.21538,"[0.64615, 0.0, 0.0]",213,1.0104,1.01371,213,STOPPED,32.919
861,20251204_204808,gaitgl.csv,Preset_v2_3,TCN,42,"[256, 512, 768, 1024]","[4, 3, 2, 1]","[True, False, True, True]","[0.05, 0.05, 0.05, 0.05]",4,5,2,leakyrelu,False,False,max,256,128,RMSprop,,0.0003,0.0,minmax,128,1.0072,1.02338,0.47727,0.21538,"[0.64615, 0.0, 0.0]",0.47727,0.21538,"[0.64615, 0.0, 0.0]",299,1.0072,1.02338,299,STOPPED,69.621
862,20251204_204808,gaitgl_GREW.csv,Preset_v2_3,TCN,42,"[256, 512, 768, 1024]","[4, 3, 2, 1]","[True, False, True, True]","[0.05, 0.05, 0.05, 0.05]",4,5,2,leakyrelu,False,False,max,256,128,RMSprop,,0.0003,0.0,minmax,256,1.00566,1.01353,0.47727,0.21538,"[0.64615, 0.0, 0.0]",0.47727,0.21538,"[0.64615, 0.0, 0.0]",158,1.00566,1.01353,158,STOPPED,38.324
863,20251204_204808,gaitgl_GREW_BNNeck.csv,Preset_v2_3,TCN,42,"[256, 512, 768, 1024]","[4, 3, 2, 1]","[True, False, True, True]","[0.05, 0.05, 0.05, 0.05]",4,5,2,leakyrelu,False,False,max,256,128,RMSprop,,0.0003,0.0,minmax,256,1.0062,1.01725,0.47727,0.21538,"[0.64615, 0.0, 0.0]",0.47727,0.21538,"[0.64615, 0.0, 0.0]",174,1.0062,1.01725,174,STOPPED,42.234
864,20251204_204808,gaitgl_OUMVLP.csv,Preset_v2_3,TCN,42,"[256, 512, 768, 1024]","[4, 3, 2, 1]","[True, False, True, True]","[0.05, 0.05, 0.05, 0.05]",4,5,2,leakyrelu,False,False,max,256,128,RMSprop,,0.0003,0.0,minmax,256,1.00967,1.01574,0.47727,0.21538,"[0.64615, 0.0, 0.0]",0.47727,0.21538,"[0.64615, 0.0, 0.0]",165,1.00967,1.01574,165,STOPPED,40.054
865,20251204_204808,gaitpart_GREW.csv,Preset_v2_3,TCN,42,"[256, 512, 768, 1024]","[4, 3, 2, 1]","[True, False, True, True]","[0.05, 0.05, 0.05, 0.05]",4,5,2,leakyrelu,False,False,max,256,128,RMSprop,,0.0003,0.0,minmax,256,1.00681,1.0164,0.47727,0.21538,"[0.64615, 0.0, 0.0]",0.47727,0.21538,"[0.64615, 0.0, 0.0]",204,1.00681,1.0164,204,STOPPED,21.691
866,20251204_204808,gaitpart_OUMVLP.csv,Preset_v2_3,TCN,42,"[256, 512, 768, 1024]","[4, 3, 2, 1]","[True, False, True, True]","[0.05, 0.05, 0.05, 0.05]",4,5,2,leakyrelu,False,False,max,256,128,RMSprop,,0.0003,0.0,minmax,256,1.00849,1.01322,0.47727,0.21538,"[0.64615, 0.0, 0.0]",0.47727,0.21538,"[0.64615, 0.0, 0.0]",199,1.00849,1.01322,199,STOPPED,21.232
867,20251204_204808,gaitset.csv,Preset_v2_3,TCN,42,"[256, 512, 768, 1024]","[4, 3, 2, 1]","[True, False, True, True]","[0.05, 0.05, 0.05, 0.05]",4,5,2,leakyrelu,False,False,max,256,128,RMSprop,,0.0003,0.0,minmax,256,1.00808,1.01863,0.47727,0.21538,"[0.64615, 0.0, 0.0]",0.47727,0.21538,"[0.64615, 0.0, 0.0]",138,1.00808,1.01863,138,STOPPED,32.695
868,20251204_204808,gaitset_GREW.csv,Preset_v2_3,TCN,42,"[256, 512, 768, 1024]","[4, 3, 2, 1]","[True, False, True, True]","[0.05, 0.05, 0.05, 0.05]",4,5,2,leakyrelu,False,False,max,256,128,RMSprop,,0.0003,0.0,minmax,256,1.00878,1.01458,0.47727,0.21538,"[0.64615, 0.0, 0.0]",0.47727,0.21538,"[0.64615, 0.0, 0.0]",228,1.00878,1.01458,228,STOPPED,54.053
869,20251204_204808,gaitset_OUMVLP.csv,Preset_v2_3,TCN,42,"[256, 512, 768, 1024]","[4, 3, 2, 1]","[True, False, True, True]","[0.05, 0.05, 0.05, 0.05]",4,5,2,leakyrelu,False,False,max,256,128,RMSprop,,0.0003,0.0,minmax,256,1.00907,1.01914,0.47727,0.21538,"[0.64615, 0.0, 0.0]",0.47727,0.21538,"[0.64615, 0.0, 0.0]",170,1.00907,1.01914,170,STOPPED,40.253
870,20251204_204808,gln_phase1.csv,Preset_v2_3,TCN,42,"[256, 512, 768, 1024]","[4, 3, 2, 1]","[True, False, True, True]","[0.05, 0.05, 0.05, 0.05]",4,5,2,leakyrelu,False,False,max,256,128,RMSprop,,0.0003,0.0,minmax,256,1.01512,1.01372,0.47727,0.21538,"[0.64615, 0.0, 0.0]",0.47727,0.21538,"[0.64615, 0.0, 0.0]",244,1.01512,1.01372,244,STOPPED,83.783
871,20251204_204808,gln_phase2.csv,Preset_v2_3,TCN,42,"[256, 512, 768, 1024]","[4, 3, 2, 1]","[True, False, True, True]","[0.05, 0.05, 0.05, 0.05]",4,5,2,leakyrelu,False,False,max,256,128,RMSprop,,0.0003,0.0,minmax,256,1.00651,1.01516,0.47727,0.21538,"[0.64615, 0.0, 0.0]",0.47727,0.21538,"[0.64615, 0.0, 0.0]",148,1.00651,1.01516,148,STOPPED,50.922

872,20251204_205733,baseline_CASIAB.csv,Preset_v2_4,TCN,42,"[384, 384, 384, 512]","[1, 2, 3, 4]","[True, True, True, True]","[0.1, 0.1, 0.1, 0.1]",4,7,2,gelu,True,False,attention,128,128,AdamW,,0.0001,1e-05,L2,256,0.08491,1.95341,0.47727,0.39869,"[0.57778, 0.16667, 0.45161]",0.59091,0.51917,"[0.69388, 0.36364, 0.5]",90,0.35019,1.22624,121,COMPLETED,13.74
873,20251204_205733,baseline_OUMVLP.csv,Preset_v2_4,TCN,42,"[384, 384, 384, 512]","[1, 2, 3, 4]","[True, True, True, True]","[0.1, 0.1, 0.1, 0.1]",4,7,2,gelu,True,False,attention,128,128,AdamW,,0.0001,1e-05,L2,256,0.06727,1.8295,0.52273,0.47385,"[0.52632, 0.26667, 0.62857]",0.59091,0.5285,"[0.65217, 0.33333, 0.6]",208,0.16743,1.60118,218,COMPLETED,24.868
874,20251204_205733,gaitgl.csv,Preset_v2_4,TCN,42,"[384, 384, 384, 512]","[1, 2, 3, 4]","[True, True, True, True]","[0.1, 0.1, 0.1, 0.1]",4,7,2,gelu,True,False,attention,128,128,AdamW,,0.0001,1e-05,L2,128,0.0343,2.3403,0.38636,0.28502,"[0.52174, 0.0, 0.33333]",0.47727,0.45525,"[0.51282, 0.35294, 0.5]",35,0.22204,1.5653,48,COMPLETED,7.742
875,20251204_205733,gaitgl_GREW.csv,Preset_v2_4,TCN,42,"[384, 384, 384, 512]","[1, 2, 3, 4]","[True, True, True, True]","[0.1, 0.1, 0.1, 0.1]",4,7,2,gelu,True,False,attention,128,128,AdamW,,0.0001,1e-05,L2,256,0.0507,1.99392,0.45455,0.31171,"[0.62745, 0.0, 0.30769]",0.61364,0.51508,"[0.66667, 0.25, 0.62857]",35,0.59105,1.06739,50,COMPLETED,8.543
876,20251204_205733,gaitgl_GREW_BNNeck.csv,Preset_v2_4,TCN,42,"[384, 384, 384, 512]","[1, 2, 3, 4]","[True, True, True, True]","[0.1, 0.1, 0.1, 0.1]",4,7,2,gelu,True,False,attention,128,128,AdamW,,0.0001,1e-05,L2,256,0.03795,2.63563,0.43182,0.31605,"[0.51064, 0.0, 0.4375]",0.52273,0.49043,"[0.57778, 0.375, 0.51852]",58,0.70209,1.21174,111,COMPLETED,19.318
877,20251204_205733,gaitgl_OUMVLP.csv,Preset_v2_4,TCN,42,"[384, 384, 384, 512]","[1, 2, 3, 4]","[True, True, True, True]","[0.1, 0.1, 0.1, 0.1]",4,7,2,gelu,True,False,attention,128,128,AdamW,,0.0001,1e-05,L2,256,0.07084,1.62005,0.5,0.36591,"[0.57143, 0.0, 0.52632]",0.47727,0.43494,"[0.54054, 0.25, 0.51429]",175,0.25436,1.13725,205,COMPLETED,35.154
878,20251204_205733,gaitpart_GREW.csv,Preset_v2_4,TCN,42,"[384, 384, 384, 512]","[1, 2, 3, 4]","[True, True, True, True]","[0.1, 0.1, 0.1, 0.1]",4,7,2,gelu,True,False,attention,128,128,AdamW,,0.0001,1e-05,L2,256,0.04027,2.21699,0.47727,0.43182,"[0.55814, 0.28571, 0.45161]",0.54545,0.4848,"[0.6383, 0.33333, 0.48276]",199,0.06258,2.11817,202,COMPLETED,18.27
879,20251204_205733,gaitpart_OUMVLP.csv,Preset_v2_4,TCN,42,"[384, 384, 384, 512]","[1, 2, 3, 4]","[True, True, True, True]","[0.1, 0.1, 0.1, 0.1]",4,7,2,gelu,True,False,attention,128,128,AdamW,,0.0001,1e-05,L2,256,0.07842,1.36282,0.63636,0.57807,"[0.68421, 0.4, 0.65]",0.65909,0.66111,"[0.65, 0.66667, 0.66667]",383,0.41569,1.14133,437,COMPLETED,39.601
880,20251204_205733,gaitset.csv,Preset_v2_4,TCN,42,"[384, 384, 384, 512]","[1, 2, 3, 4]","[True, True, True, True]","[0.1, 0.1, 0.1, 0.1]",4,7,2,gelu,True,False,attention,128,128,AdamW,,0.0001,1e-05,L2,256,0.03333,2.92439,0.29545,0.26045,"[0.42105, 0.125, 0.23529]",0.43182,0.39549,"[0.54545, 0.33333, 0.30769]",88,0.13101,2.12334,95,COMPLETED,16.025
881,20251204_205733,gaitset_GREW.csv,Preset_v2_4,TCN,42,"[384, 384, 384, 512]","[1, 2, 3, 4]","[True, True, True, True]","[0.1, 0.1, 0.1, 0.1]",4,7,2,gelu,True,False,attention,128,128,AdamW,,0.0001,1e-05,L2,256,0.0297,2.09772,0.40909,0.37028,"[0.55, 0.19048, 0.37037]",0.52273,0.47084,"[0.51429, 0.26667, 0.63158]",183,0.05364,1.88418,187,COMPLETED,31.484
882,20251204_205733,gaitset_OUMVLP.csv,Preset_v2_4,TCN,42,"[384, 384, 384, 512]","[1, 2, 3, 4]","[True, True, True, True]","[0.1, 0.1, 0.1, 0.1]",4,7,2,gelu,True,False,attention,128,128,AdamW,,0.0001,1e-05,L2,256,0.06983,1.83504,0.5,0.47302,"[0.55, 0.35294, 0.51613]",0.61364,0.55405,"[0.67925, 0.44444, 0.53846]",507,0.3862,1.41937,560,COMPLETED,94.161
883,20251204_205733,gln_phase1.csv,Preset_v2_4,TCN,42,"[384, 384, 384, 512]","[1, 2, 3, 4]","[True, True, True, True]","[0.1, 0.1, 0.1, 0.1]",4,7,2,gelu,True,False,attention,128,128,AdamW,,0.0001,1e-05,L2,256,0.05217,1.89633,0.47727,0.35,"[0.55, 0.0, 0.5]",0.45455,0.4405,"[0.54054, 0.38095, 0.4]",104,0.23714,1.37584,119,COMPLETED,28.582
884,20251204_205733,gln_phase2.csv,Preset_v2_4,TCN,42,"[384, 384, 384, 512]","[1, 2, 3, 4]","[True, True, True, True]","[0.1, 0.1, 0.1, 0.1]",4,7,2,gelu,True,False,attention,128,128,AdamW,,0.0001,1e-05,L2,256,0.03591,1.8738,0.5,0.36898,"[0.63636, 0.0, 0.47059]",0.52273,0.46357,"[0.62222, 0.28571, 0.48276]",111,0.0743,1.64697,114,COMPLETED,27.291

885,20251204_210353,baseline_CASIAB.csv,Preset_v2_5,TCN,42,"[128, 256, 512]","[3, 6, 9]","[True, True, True]","[0.05, 0.05, 0.05]",3,3,2,gelu,True,True,mean,128,64,Adam,,0.00015,1e-05,minmax,256,1.00605,1.01362,0.47727,0.21538,"[0.64615, 0.0, 0.0]",0.47727,0.21538,"[0.64615, 0.0, 0.0]",107,1.00605,1.01362,107,STOPPED,10.378
886,20251204_210353,baseline_OUMVLP.csv,Preset_v2_5,TCN,42,"[128, 256, 512]","[3, 6, 9]","[True, True, True]","[0.05, 0.05, 0.05]",3,3,2,gelu,True,True,mean,128,64,Adam,,0.00015,1e-05,minmax,256,1.00633,1.01339,0.47727,0.21538,"[0.64615, 0.0, 0.0]",0.47727,0.21538,"[0.64615, 0.0, 0.0]",129,1.00633,1.01339,129,STOPPED,12.244
887,20251204_210353,gaitgl.csv,Preset_v2_5,TCN,42,"[128, 256, 512]","[3, 6, 9]","[True, True, True]","[0.05, 0.05, 0.05]",3,3,2,gelu,True,True,mean,128,64,Adam,,0.00015,1e-05,minmax,128,1.00304,1.01581,0.47727,0.21538,"[0.64615, 0.0, 0.0]",0.47727,0.21538,"[0.64615, 0.0, 0.0]",234,1.00304,1.01581,234,STOPPED,21.964
888,20251204_210353,gaitgl_GREW.csv,Preset_v2_5,TCN,42,"[128, 256, 512]","[3, 6, 9]","[True, True, True]","[0.05, 0.05, 0.05]",3,3,2,gelu,True,True,mean,128,64,Adam,,0.00015,1e-05,minmax,256,1.00565,1.01479,0.47727,0.21538,"[0.64615, 0.0, 0.0]",0.47727,0.21538,"[0.64615, 0.0, 0.0]",200,1.00565,1.01479,200,STOPPED,20.698
889,20251204_210353,gaitgl_GREW_BNNeck.csv,Preset_v2_5,TCN,42,"[128, 256, 512]","[3, 6, 9]","[True, True, True]","[0.05, 0.05, 0.05]",3,3,2,gelu,True,True,mean,128,64,Adam,,0.00015,1e-05,minmax,256,1.00575,1.01328,0.47727,0.21538,"[0.64615, 0.0, 0.0]",0.47727,0.21538,"[0.64615, 0.0, 0.0]",143,1.00575,1.01328,143,STOPPED,14.903
890,20251204_210353,gaitgl_OUMVLP.csv,Preset_v2_5,TCN,42,"[128, 256, 512]","[3, 6, 9]","[True, True, True]","[0.05, 0.05, 0.05]",3,3,2,gelu,True,True,mean,128,64,Adam,,0.00015,1e-05,minmax,256,1.00623,1.01435,0.47727,0.21538,"[0.64615, 0.0, 0.0]",0.47727,0.21538,"[0.64615, 0.0, 0.0]",115,1.00623,1.01435,115,STOPPED,12.024
891,20251204_210353,gaitpart_GREW.csv,Preset_v2_5,TCN,42,"[128, 256, 512]","[3, 6, 9]","[True, True, True]","[0.05, 0.05, 0.05]",3,3,2,gelu,True,True,mean,128,64,Adam,,0.00015,1e-05,minmax,256,0.09714,2.44192,0.43182,0.41111,"[0.5, 0.4, 0.33333]",0.56818,0.52862,"[0.66667, 0.55556, 0.36364]",318,0.25821,1.94862,330,COMPLETED,29.796
892,20251204_210353,gaitpart_OUMVLP.csv,Preset_v2_5,TCN,42,"[128, 256, 512]","[3, 6, 9]","[True, True, True]","[0.05, 0.05, 0.05]",3,3,2,gelu,True,True,mean,128,64,Adam,,0.00015,1e-05,minmax,256,0.07166,2.10052,0.52273,0.50769,"[0.51429, 0.36364, 0.64516]",0.63636,0.59617,"[0.68182, 0.46154, 0.64516]",519,0.4839,1.11901,599,COMPLETED,53.824
893,20251204_210353,gaitset.csv,Preset_v2_5,TCN,42,"[128, 256, 512]","[3, 6, 9]","[True, True, True]","[0.05, 0.05, 0.05]",3,3,2,gelu,True,True,mean,128,64,Adam,,0.00015,1e-05,minmax,256,1.00565,1.01416,0.47727,0.21538,"[0.64615, 0.0, 0.0]",0.47727,0.21538,"[0.64615, 0.0, 0.0]",205,1.00565,1.01416,205,STOPPED,20.754
894,20251204_210353,gaitset_GREW.csv,Preset_v2_5,TCN,42,"[128, 256, 512]","[3, 6, 9]","[True, True, True]","[0.05, 0.05, 0.05]",3,3,2,gelu,True,True,mean,128,64,Adam,,0.00015,1e-05,minmax,256,1.00708,1.01383,0.47727,0.21538,"[0.64615, 0.0, 0.0]",0.47727,0.21538,"[0.64615, 0.0, 0.0]",161,1.00708,1.01383,161,STOPPED,16.691
895,20251204_210353,gaitset_OUMVLP.csv,Preset_v2_5,TCN,42,"[128, 256, 512]","[3, 6, 9]","[True, True, True]","[0.05, 0.05, 0.05]",3,3,2,gelu,True,True,mean,128,64,Adam,,0.00015,1e-05,minmax,256,1.00627,1.01406,0.47727,0.21538,"[0.64615, 0.0, 0.0]",0.47727,0.21538,"[0.64615, 0.0, 0.0]",164,1.00627,1.01406,164,STOPPED,16.708
896,20251204_210353,gln_phase1.csv,Preset_v2_5,TCN,42,"[128, 256, 512]","[3, 6, 9]","[True, True, True]","[0.05, 0.05, 0.05]",3,3,2,gelu,True,True,mean,128,64,Adam,,0.00015,1e-05,minmax,256,1.00903,1.01914,0.47727,0.21538,"[0.64615, 0.0, 0.0]",0.47727,0.21538,"[0.64615, 0.0, 0.0]",181,1.00903,1.01914,181,STOPPED,22.399
897,20251204_210353,gln_phase2.csv,Preset_v2_5,TCN,42,"[128, 256, 512]","[3, 6, 9]","[True, True, True]","[0.05, 0.05, 0.05]",3,3,2,gelu,True,True,mean,128,64,Adam,,0.00015,1e-05,minmax,256,1.0054,1.01355,0.47727,0.21538,"[0.64615, 0.0, 0.0]",0.47727,0.21538,"[0.64615, 0.0, 0.0]",168,1.0054,1.01355,168,STOPPED,20.612

898,20251204_210839,baseline_CASIAB.csv,Preset_v2_6,TCN,42,"[256, 256, 512, 512]","[7, 5, 3, 1]","[True, True, True, True]","[0.1, 0.1, 0.1, 0.1]",4,5,3,leakyrelu,True,True,max,256,96,AdamW,,0.0002,1e-05,L2,256,0.03735,1.54046,0.47727,0.34394,"[0.55814, 0.0, 0.47368]",0.54545,0.49046,"[0.625, 0.36364, 0.48276]",60,0.04921,1.34941,61,COMPLETED,8.023
899,20251204_210839,baseline_OUMVLP.csv,Preset_v2_6,TCN,42,"[256, 256, 512, 512]","[7, 5, 3, 1]","[True, True, True, True]","[0.1, 0.1, 0.1, 0.1]",4,5,3,leakyrelu,True,True,max,256,96,AdamW,,0.0002,1e-05,L2,256,0.06175,1.6204,0.52273,0.4436,"[0.44444, 0.25, 0.63636]",0.56818,0.48653,"[0.69388, 0.28571, 0.48]",60,0.34357,1.11704,82,COMPLETED,10.686
900,20251204_210839,gaitgl.csv,Preset_v2_6,TCN,42,"[256, 256, 512, 512]","[7, 5, 3, 1]","[True, True, True, True]","[0.1, 0.1, 0.1, 0.1]",4,5,3,leakyrelu,True,True,max,256,96,AdamW,,0.0002,1e-05,L2,128,0.03725,1.1186,0.47727,0.34079,"[0.56522, 0.0, 0.45714]",0.5,0.40907,"[0.59259, 0.25, 0.38462]",34,0.04736,1.15472,35,COMPLETED,6.435
901,20251204_210839,gaitgl_GREW.csv,Preset_v2_6,TCN,42,"[256, 256, 512, 512]","[7, 5, 3, 1]","[True, True, True, True]","[0.1, 0.1, 0.1, 0.1]",4,5,3,leakyrelu,True,True,max,256,96,AdamW,,0.0002,1e-05,L2,256,0.03111,1.07604,0.54545,0.39015,"[0.625, 0.0, 0.54545]",0.59091,0.42222,"[0.66667, 0.0, 0.6]",35,0.069,1.02501,38,COMPLETED,7.275
902,20251204_210839,gaitgl_GREW_BNNeck.csv,Preset_v2_6,TCN,42,"[256, 256, 512, 512]","[7, 5, 3, 1]","[True, True, True, True]","[0.1, 0.1, 0.1, 0.1]",4,5,3,leakyrelu,True,True,max,256,96,AdamW,,0.0002,1e-05,L2,256,0.07518,1.811,0.5,0.35536,"[0.63333, 0.22222, 0.21053]",0.52273,0.47158,"[0.59091, 0.30769, 0.51613]",32,0.41207,1.09919,54,COMPLETED,10.285
903,20251204_210839,gaitgl_OUMVLP.csv,Preset_v2_6,TCN,42,"[256, 256, 512, 512]","[7, 5, 3, 1]","[True, True, True, True]","[0.1, 0.1, 0.1, 0.1]",4,5,3,leakyrelu,True,True,max,256,96,AdamW,,0.0002,1e-05,L2,256,0.04294,1.44601,0.56818,0.40877,"[0.68085, 0.0, 0.54545]",0.56818,0.47489,"[0.68182, 0.14286, 0.6]",70,0.24924,1.10512,88,COMPLETED,16.836
904,20251204_210839,gaitpart_GREW.csv,Preset_v2_6,TCN,42,"[256, 256, 512, 512]","[7, 5, 3, 1]","[True, True, True, True]","[0.1, 0.1, 0.1, 0.1]",4,5,3,leakyrelu,True,True,max,256,96,AdamW,,0.0002,1e-05,L2,256,0.02575,1.45886,0.45455,0.38889,"[0.5, 0.16667, 0.5]",0.54545,0.48953,"[0.6383, 0.36364, 0.46667]",85,0.12502,1.29653,90,COMPLETED,9.95
905,20251204_210839,gaitpart_OUMVLP.csv,Preset_v2_6,TCN,42,"[256, 256, 512, 512]","[7, 5, 3, 1]","[True, True, True, True]","[0.1, 0.1, 0.1, 0.1]",4,5,3,leakyrelu,True,True,max,256,96,AdamW,,0.0002,1e-05,L2,256,0.05725,1.82618,0.40909,0.37143,"[0.52381, 0.19048, 0.4]",0.63636,0.57211,"[0.65, 0.36364, 0.7027]",197,0.20896,1.46251,222,COMPLETED,24.2
906,20251204_210839,gaitset.csv,Preset_v2_6,TCN,42,"[256, 256, 512, 512]","[7, 5, 3, 1]","[True, True, True, True]","[0.1, 0.1, 0.1, 0.1]",4,5,3,leakyrelu,True,True,max,256,96,AdamW,,0.0002,1e-05,L2,256,0.07649,1.66386,0.43182,0.28846,"[0.61538, 0.0, 0.25]",0.5,0.35462,"[0.61224, 0.0, 0.45161]",26,0.52175,1.11082,48,COMPLETED,8.969
907,20251204_210839,gaitset_GREW.csv,Preset_v2_6,TCN,42,"[256, 256, 512, 512]","[7, 5, 3, 1]","[True, True, True, True]","[0.1, 0.1, 0.1, 0.1]",4,5,3,leakyrelu,True,True,max,256,96,AdamW,,0.0002,1e-05,L2,256,0.06795,1.23454,0.54545,0.35952,"[0.67857, 0.0, 0.4]",0.52273,0.44108,"[0.54545, 0.2, 0.57778]",64,0.07972,1.2236,65,COMPLETED,12.109
908,20251204_210839,gaitset_OUMVLP.csv,Preset_v2_6,TCN,42,"[256, 256, 512, 512]","[7, 5, 3, 1]","[True, True, True, True]","[0.1, 0.1, 0.1, 0.1]",4,5,3,leakyrelu,True,True,max,256,96,AdamW,,0.0002,1e-05,L2,256,0.03503,1.52343,0.45455,0.3279,"[0.6087, 0.0, 0.375]",0.5,0.46193,"[0.59091, 0.33333, 0.46154]",194,0.2836,1.2291,230,COMPLETED,43.035
909,20251204_210839,gln_phase1.csv,Preset_v2_6,TCN,42,"[256, 256, 512, 512]","[7, 5, 3, 1]","[True, True, True, True]","[0.1, 0.1, 0.1, 0.1]",4,5,3,leakyrelu,True,True,max,256,96,AdamW,,0.0002,1e-05,L2,256,0.04571,1.16875,0.5,0.35528,"[0.6087, 0.0, 0.45714]",0.47727,0.44093,"[0.63415, 0.30769, 0.38095]",37,0.22964,1.12527,49,COMPLETED,12.17
910,20251204_210839,gln_phase2.csv,Preset_v2_6,TCN,42,"[256, 256, 512, 512]","[7, 5, 3, 1]","[True, True, True, True]","[0.1, 0.1, 0.1, 0.1]",4,5,3,leakyrelu,True,True,max,256,96,AdamW,,0.0002,1e-05,L2,256,0.0747,1.1899,0.54545,0.5188,"[0.54054, 0.44444, 0.57143]",0.54545,0.51952,"[0.5641, 0.44444, 0.55]",54,0.12476,1.11102,61,COMPLETED,15.261

911,20251204_211200,baseline_CASIAB.csv,Preset_v2_7,TCN,42,"[512, 512, 512]","[2, 5, 8]","[True, False, True]","[0.05, 0.05, 0.05]",3,3,1,silu,False,False,attention,256,64,RMSprop,,0.0003,1e-05,minmax,256,1.00641,1.01696,0.47727,0.21538,"[0.64615, 0.0, 0.0]",0.47727,0.21538,"[0.64615, 0.0, 0.0]",183,1.00641,1.01696,183,STOPPED,13.603
912,20251204_211200,baseline_OUMVLP.csv,Preset_v2_7,TCN,42,"[512, 512, 512]","[2, 5, 8]","[True, False, True]","[0.05, 0.05, 0.05]",3,3,1,silu,False,False,attention,256,64,RMSprop,,0.0003,1e-05,minmax,256,1.01064,1.01944,0.47727,0.21538,"[0.64615, 0.0, 0.0]",0.47727,0.21538,"[0.64615, 0.0, 0.0]",174,1.01064,1.01944,174,STOPPED,12.888
913,20251204_211200,gaitgl.csv,Preset_v2_7,TCN,42,"[512, 512, 512]","[2, 5, 8]","[True, False, True]","[0.05, 0.05, 0.05]",3,3,1,silu,False,False,attention,256,64,RMSprop,,0.0003,1e-05,minmax,128,1.00772,1.0201,0.47727,0.21538,"[0.64615, 0.0, 0.0]",0.47727,0.21538,"[0.64615, 0.0, 0.0]",149,1.00772,1.0201,149,STOPPED,12.8
914,20251204_211200,gaitgl_GREW.csv,Preset_v2_7,TCN,42,"[512, 512, 512]","[2, 5, 8]","[True, False, True]","[0.05, 0.05, 0.05]",3,3,1,silu,False,False,attention,256,64,RMSprop,,0.0003,1e-05,minmax,256,1.00725,1.01406,0.47727,0.21538,"[0.64615, 0.0, 0.0]",0.47727,0.21538,"[0.64615, 0.0, 0.0]",134,1.00725,1.01406,134,STOPPED,12.785
915,20251204_211200,gaitgl_GREW_BNNeck.csv,Preset_v2_7,TCN,42,"[512, 512, 512]","[2, 5, 8]","[True, False, True]","[0.05, 0.05, 0.05]",3,3,1,silu,False,False,attention,256,64,RMSprop,,0.0003,1e-05,minmax,256,1.00932,1.01797,0.47727,0.21538,"[0.64615, 0.0, 0.0]",0.47727,0.21538,"[0.64615, 0.0, 0.0]",217,1.00932,1.01797,217,STOPPED,20.95
916,20251204_211200,gaitgl_OUMVLP.csv,Preset_v2_7,TCN,42,"[512, 512, 512]","[2, 5, 8]","[True, False, True]","[0.05, 0.05, 0.05]",3,3,1,silu,False,False,attention,256,64,RMSprop,,0.0003,1e-05,minmax,256,1.01043,1.01732,0.47727,0.21538,"[0.64615, 0.0, 0.0]",0.47727,0.21538,"[0.64615, 0.0, 0.0]",191,1.01043,1.01732,191,STOPPED,18.193
917,20251204_211200,gaitpart_GREW.csv,Preset_v2_7,TCN,42,"[512, 512, 512]","[2, 5, 8]","[True, False, True]","[0.05, 0.05, 0.05]",3,3,1,silu,False,False,attention,256,64,RMSprop,,0.0003,1e-05,minmax,256,1.00897,1.02263,0.47727,0.21538,"[0.64615, 0.0, 0.0]",0.47727,0.21538,"[0.64615, 0.0, 0.0]",155,1.00897,1.02263,155,STOPPED,10.366
918,20251204_211200,gaitpart_OUMVLP.csv,Preset_v2_7,TCN,42,"[512, 512, 512]","[2, 5, 8]","[True, False, True]","[0.05, 0.05, 0.05]",3,3,1,silu,False,False,attention,256,64,RMSprop,,0.0003,1e-05,minmax,256,1.00718,1.01463,0.47727,0.21538,"[0.64615, 0.0, 0.0]",0.47727,0.21538,"[0.64615, 0.0, 0.0]",186,1.00718,1.01463,186,STOPPED,12.553
919,20251204_211200,gaitset.csv,Preset_v2_7,TCN,42,"[512, 512, 512]","[2, 5, 8]","[True, False, True]","[0.05, 0.05, 0.05]",3,3,1,silu,False,False,attention,256,64,RMSprop,,0.0003,1e-05,minmax,256,1.00824,1.02036,0.47727,0.21538,"[0.64615, 0.0, 0.0]",0.47727,0.21538,"[0.64615, 0.0, 0.0]",231,1.00824,1.02036,231,STOPPED,21.89
920,20251204_211200,gaitset_GREW.csv,Preset_v2_7,TCN,42,"[512, 512, 512]","[2, 5, 8]","[True, False, True]","[0.05, 0.05, 0.05]",3,3,1,silu,False,False,attention,256,64,RMSprop,,0.0003,1e-05,minmax,256,1.00738,1.01968,0.47727,0.21538,"[0.64615, 0.0, 0.0]",0.47727,0.21538,"[0.64615, 0.0, 0.0]",251,1.00738,1.01968,251,STOPPED,23.543
921,20251204_211200,gaitset_OUMVLP.csv,Preset_v2_7,TCN,42,"[512, 512, 512]","[2, 5, 8]","[True, False, True]","[0.05, 0.05, 0.05]",3,3,1,silu,False,False,attention,256,64,RMSprop,,0.0003,1e-05,minmax,256,1.00823,1.01472,0.47727,0.21538,"[0.64615, 0.0, 0.0]",0.47727,0.21538,"[0.64615, 0.0, 0.0]",177,1.00823,1.01472,177,STOPPED,16.663
922,20251204_211200,gln_phase1.csv,Preset_v2_7,TCN,42,"[512, 512, 512]","[2, 5, 8]","[True, False, True]","[0.05, 0.05, 0.05]",3,3,1,silu,False,False,attention,256,64,RMSprop,,0.0003,1e-05,minmax,256,1.00803,1.01478,0.47727,0.21538,"[0.64615, 0.0, 0.0]",0.47727,0.21538,"[0.64615, 0.0, 0.0]",191,1.00803,1.01478,191,STOPPED,23.308
923,20251204_211200,gln_phase2.csv,Preset_v2_7,TCN,42,"[512, 512, 512]","[2, 5, 8]","[True, False, True]","[0.05, 0.05, 0.05]",3,3,1,silu,False,False,attention,256,64,RMSprop,,0.0003,1e-05,minmax,256,1.00957,1.02086,0.47727,0.21538,"[0.64615, 0.0, 0.0]",0.47727,0.21538,"[0.64615, 0.0, 0.0]",162,1.00957,1.02086,162,STOPPED,19.795

924,20251204_211553,baseline_CASIAB.csv,Preset_v2_8,TCN,42,"[1024, 512, 256]","[3, 2, 1]","[True, True, True]","[0.1, 0.1, 0.1]",3,5,2,gelu,True,True,mean,512,32,AdamW,,0.0001,1e-05,minmax,256,1.00649,1.01348,0.47727,0.21538,"[0.64615, 0.0, 0.0]",0.47727,0.21538,"[0.64615, 0.0, 0.0]",122,1.00649,1.01348,122,STOPPED,32.93
925,20251204_211553,baseline_OUMVLP.csv,Preset_v2_8,TCN,42,"[1024, 512, 256]","[3, 2, 1]","[True, True, True]","[0.1, 0.1, 0.1]",3,5,2,gelu,True,True,mean,512,32,AdamW,,0.0001,1e-05,minmax,256,1.00604,1.01392,0.47727,0.21538,"[0.64615, 0.0, 0.0]",0.47727,0.21538,"[0.64615, 0.0, 0.0]",136,1.00604,1.01392,136,STOPPED,36.785
926,20251204_211553,gaitgl.csv,Preset_v2_8,TCN,42,"[1024, 512, 256]","[3, 2, 1]","[True, True, True]","[0.1, 0.1, 0.1]",3,5,2,gelu,True,True,mean,512,32,AdamW,,0.0001,1e-05,minmax,128,1.00613,1.01523,0.47727,0.21538,"[0.64615, 0.0, 0.0]",0.47727,0.21538,"[0.64615, 0.0, 0.0]",281,1.00613,1.01523,281,STOPPED,95.129
927,20251204_211553,gaitgl_GREW.csv,Preset_v2_8,TCN,42,"[1024, 512, 256]","[3, 2, 1]","[True, True, True]","[0.1, 0.1, 0.1]",3,5,2,gelu,True,True,mean,512,32,AdamW,,0.0001,1e-05,minmax,256,1.00508,1.01448,0.47727,0.21538,"[0.64615, 0.0, 0.0]",0.47727,0.21538,"[0.64615, 0.0, 0.0]",190,1.00508,1.01448,190,STOPPED,66.783
928,20251204_211553,gaitgl_GREW_BNNeck.csv,Preset_v2_8,TCN,42,"[1024, 512, 256]","[3, 2, 1]","[True, True, True]","[0.1, 0.1, 0.1]",3,5,2,gelu,True,True,mean,512,32,AdamW,,0.0001,1e-05,minmax,256,1.00695,1.01437,0.47727,0.21538,"[0.64615, 0.0, 0.0]",0.47727,0.21538,"[0.64615, 0.0, 0.0]",111,1.00695,1.01437,111,STOPPED,38.419
929,20251204_211553,gaitgl_OUMVLP.csv,Preset_v2_8,TCN,42,"[1024, 512, 256]","[3, 2, 1]","[True, True, True]","[0.1, 0.1, 0.1]",3,5,2,gelu,True,True,mean,512,32,AdamW,,0.0001,1e-05,minmax,256,1.00584,1.01433,0.47727,0.21538,"[0.64615, 0.0, 0.0]",0.47727,0.21538,"[0.64615, 0.0, 0.0]",191,1.00584,1.01433,191,STOPPED,66.272
930,20251204_211553,gaitpart_GREW.csv,Preset_v2_8,TCN,42,"[1024, 512, 256]","[3, 2, 1]","[True, True, True]","[0.1, 0.1, 0.1]",3,5,2,gelu,True,True,mean,512,32,AdamW,,0.0001,1e-05,minmax,256,1.00567,1.01475,0.47727,0.21538,"[0.64615, 0.0, 0.0]",0.47727,0.21538,"[0.64615, 0.0, 0.0]",147,1.00567,1.01475,147,STOPPED,36.455
931,20251204_211553,gaitpart_OUMVLP.csv,Preset_v2_8,TCN,42,"[1024, 512, 256]","[3, 2, 1]","[True, True, True]","[0.1, 0.1, 0.1]",3,5,2,gelu,True,True,mean,512,32,AdamW,,0.0001,1e-05,minmax,256,1.00729,1.01458,0.47727,0.21538,"[0.64615, 0.0, 0.0]",0.47727,0.21538,"[0.64615, 0.0, 0.0]",198,1.00729,1.01458,198,STOPPED,49.116
932,20251204_211553,gaitset.csv,Preset_v2_8,TCN,42,"[1024, 512, 256]","[3, 2, 1]","[True, True, True]","[0.1, 0.1, 0.1]",3,5,2,gelu,True,True,mean,512,32,AdamW,,0.0001,1e-05,minmax,256,1.00617,1.01363,0.47727,0.21538,"[0.64615, 0.0, 0.0]",0.47727,0.21538,"[0.64615, 0.0, 0.0]",140,1.00617,1.01363,140,STOPPED,47.67
933,20251204_211553,gaitset_GREW.csv,Preset_v2_8,TCN,42,"[1024, 512, 256]","[3, 2, 1]","[True, True, True]","[0.1, 0.1, 0.1]",3,5,2,gelu,True,True,mean,512,32,AdamW,,0.0001,1e-05,minmax,256,1.00641,1.01454,0.47727,0.21538,"[0.64615, 0.0, 0.0]",0.47727,0.21538,"[0.64615, 0.0, 0.0]",276,1.00641,1.01454,276,STOPPED,93.903
934,20251204_211553,gaitset_OUMVLP.csv,Preset_v2_8,TCN,42,"[1024, 512, 256]","[3, 2, 1]","[True, True, True]","[0.1, 0.1, 0.1]",3,5,2,gelu,True,True,mean,512,32,AdamW,,0.0001,1e-05,minmax,256,1.00595,1.01496,0.47727,0.21538,"[0.64615, 0.0, 0.0]",0.47727,0.21538,"[0.64615, 0.0, 0.0]",123,1.00595,1.01496,123,STOPPED,41.834
935,20251204_211553,gln_phase1.csv,Preset_v2_8,TCN,42,"[1024, 512, 256]","[3, 2, 1]","[True, True, True]","[0.1, 0.1, 0.1]",3,5,2,gelu,True,True,mean,512,32,AdamW,,0.0001,1e-05,minmax,256,1.00824,1.01409,0.47727,0.21538,"[0.64615, 0.0, 0.0]",0.47727,0.21538,"[0.64615, 0.0, 0.0]",197,1.00824,1.01409,197,STOPPED,84.694
936,20251204_211553,gln_phase2.csv,Preset_v2_8,TCN,42,"[1024, 512, 256]","[3, 2, 1]","[True, True, True]","[0.1, 0.1, 0.1]",3,5,2,gelu,True,True,mean,512,32,AdamW,,0.0001,1e-05,minmax,256,1.00631,1.01582,0.47727,0.21538,"[0.64615, 0.0, 0.0]",0.47727,0.21538,"[0.64615, 0.0, 0.0]",125,1.00631,1.01582,125,STOPPED,53.658

937,20251204_212832,baseline_CASIAB.csv,Preset_v2_9,TCN,42,"[768, 768, 768, 768]","[1, 4, 7, 10]","[True, True, True, True]","[0.05, 0.05, 0.05, 0.05]",4,3,2,leakyrelu,True,True,attention,256,96,Adam,,0.00015,1e-05,L2,256,0.05778,3.00568,0.43182,0.20765,"[0.62295, 0.0, 0.0]",0.59091,0.55316,"[0.68182, 0.46154, 0.51613]",67,0.08302,1.98897,71,COMPLETED,12.458
938,20251204_212832,baseline_OUMVLP.csv,Preset_v2_9,TCN,42,"[768, 768, 768, 768]","[1, 4, 7, 10]","[True, True, True, True]","[0.05, 0.05, 0.05, 0.05]",4,3,2,leakyrelu,True,True,attention,256,96,Adam,,0.00015,1e-05,L2,256,0.04888,2.15258,0.5,0.42856,"[0.5641, 0.13333, 0.58824]",0.56818,0.53385,"[0.64, 0.5, 0.46154]",68,0.72533,1.04356,123,COMPLETED,21.439
939,20251204_212832,gaitgl.csv,Preset_v2_9,TCN,42,"[768, 768, 768, 768]","[1, 4, 7, 10]","[True, True, True, True]","[0.05, 0.05, 0.05, 0.05]",4,3,2,leakyrelu,True,True,attention,256,96,Adam,,0.00015,1e-05,L2,128,0.04657,2.40891,0.43182,0.31279,"[0.5098, 0.0, 0.42857]",0.47727,0.44327,"[0.51163, 0.33333, 0.48485]",36,0.13412,1.83897,41,COMPLETED,10.578
940,20251204_212832,gaitgl_GREW.csv,Preset_v2_9,TCN,42,"[768, 768, 768, 768]","[1, 4, 7, 10]","[True, True, True, True]","[0.05, 0.05, 0.05, 0.05]",4,3,2,leakyrelu,True,True,attention,256,96,Adam,,0.00015,1e-05,L2,256,0.00733,2.39915,0.45455,0.37702,"[0.53846, 0.22222, 0.37037]",0.5,0.42166,"[0.56, 0.22222, 0.48276]",42,0.02069,2.23656,44,COMPLETED,11.86
941,20251204_212832,gaitgl_GREW_BNNeck.csv,Preset_v2_9,TCN,42,"[768, 768, 768, 768]","[1, 4, 7, 10]","[True, True, True, True]","[0.05, 0.05, 0.05, 0.05]",4,3,2,leakyrelu,True,True,attention,256,96,Adam,,0.00015,1e-05,L2,256,0.02576,2.13668,0.5,0.37407,"[0.62222, 0.0, 0.5]",0.52273,0.44298,"[0.57895, 0.2, 0.55]",45,0.46819,1.26998,80,COMPLETED,21.456
942,20251204_212832,gaitgl_OUMVLP.csv,Preset_v2_9,TCN,42,"[768, 768, 768, 768]","[1, 4, 7, 10]","[True, True, True, True]","[0.05, 0.05, 0.05, 0.05]",4,3,2,leakyrelu,True,True,attention,256,96,Adam,,0.00015,1e-05,L2,256,0.0597,1.52916,0.52273,0.43167,"[0.61224, 0.2, 0.48276]",0.54545,0.48421,"[0.62745, 0.36364, 0.46154]",62,0.27731,1.27876,74,COMPLETED,20.144
943,20251204_212832,gaitpart_GREW.csv,Preset_v2_9,TCN,42,"[768, 768, 768, 768]","[1, 4, 7, 10]","[True, True, True, True]","[0.05, 0.05, 0.05, 0.05]",4,3,2,leakyrelu,True,True,attention,256,96,Adam,,0.00015,1e-05,L2,256,0.08958,2.237,0.40909,0.3842,"[0.52381, 0.35294, 0.27586]",0.59091,0.5284,"[0.66667, 0.4, 0.51852]",120,0.4666,1.60347,143,COMPLETED,19.246
944,20251204_212832,gaitpart_OUMVLP.csv,Preset_v2_9,TCN,42,"[768, 768, 768, 768]","[1, 4, 7, 10]","[True, True, True, True]","[0.05, 0.05, 0.05, 0.05]",4,3,2,leakyrelu,True,True,attention,256,96,Adam,,0.00015,1e-05,L2,256,0.03342,2.56577,0.43182,0.31343,"[0.55319, 0.0, 0.3871]",0.61364,0.56994,"[0.65, 0.44444, 0.61538]",210,0.59286,1.05027,277,COMPLETED,36.011
945,20251204_212832,gaitset.csv,Preset_v2_9,TCN,42,"[768, 768, 768, 768]","[1, 4, 7, 10]","[True, True, True, True]","[0.05, 0.05, 0.05, 0.05]",4,3,2,leakyrelu,True,True,attention,256,96,Adam,,0.00015,1e-05,L2,256,0.03465,2.60802,0.43182,0.32634,"[0.56522, 0.0, 0.41379]",0.52273,0.50232,"[0.5641, 0.42857, 0.51429]",55,0.22689,1.68697,69,COMPLETED,18.26
946,20251204_212832,gaitset_GREW.csv,Preset_v2_9,TCN,42,"[768, 768, 768, 768]","[1, 4, 7, 10]","[True, True, True, True]","[0.05, 0.05, 0.05, 0.05]",4,3,2,leakyrelu,True,True,attention,256,96,Adam,,0.00015,1e-05,L2,256,0.0591,2.98858,0.40909,0.31975,"[0.54545, 0.0, 0.41379]",0.52273,0.40741,"[0.55556, 0.0, 0.66667]",91,0.42167,1.39563,129,COMPLETED,34.038
947,20251204_212832,gaitset_OUMVLP.csv,Preset_v2_9,TCN,42,"[768, 768, 768, 768]","[1, 4, 7, 10]","[True, True, True, True]","[0.05, 0.05, 0.05, 0.05]",4,3,2,leakyrelu,True,True,attention,256,96,Adam,,0.00015,1e-05,L2,256,0.07901,2.62546,0.38636,0.3671,"[0.4186, 0.30769, 0.375]",0.47727,0.47348,"[0.53333, 0.5, 0.3871]",227,0.55506,1.58874,282,COMPLETED,74.179
948,20251204_212832,gln_phase1.csv,Preset_v2_9,TCN,42,"[768, 768, 768, 768]","[1, 4, 7, 10]","[True, True, True, True]","[0.05, 0.05, 0.05, 0.05]",4,3,2,leakyrelu,True,True,attention,256,96,Adam,,0.00015,1e-05,L2,256,0.0406,2.0836,0.5,0.38531,"[0.61538, 0.0, 0.54054]",0.61364,0.44444,"[0.66667, 0.0, 0.66667]",74,0.25155,1.76766,84,COMPLETED,29.713
949,20251204_212832,gln_phase2.csv,Preset_v2_9,TCN,42,"[768, 768, 768, 768]","[1, 4, 7, 10]","[True, True, True, True]","[0.05, 0.05, 0.05, 0.05]",4,3,2,leakyrelu,True,True,attention,256,96,Adam,,0.00015,1e-05,L2,256,0.03983,2.22235,0.52273,0.4417,"[0.57778, 0.16667, 0.58065]",0.54545,0.45705,"[0.6087, 0.18182, 0.58065]",87,0.06979,2.04591,89,COMPLETED,31.56

950,20251204_213428,baseline_CASIAB.csv,Preset_v2_10,TCN,42,"[512, 512, 768]","[3, 6, 9]","[True, True, True]","[0.05, 0.1, 0.1]",3,7,2,gelu,True,True,mean,256,96,AdamW,,0.00012,1e-05,minmax,256,1.00771,1.01828,0.47727,0.21538,"[0.64615, 0.0, 0.0]",0.47727,0.21538,"[0.64615, 0.0, 0.0]",113,1.00771,1.01828,113,STOPPED,16.03
951,20251204_213428,baseline_OUMVLP.csv,Preset_v2_10,TCN,42,"[512, 512, 768]","[3, 6, 9]","[True, True, True]","[0.05, 0.1, 0.1]",3,7,2,gelu,True,True,mean,256,96,AdamW,,0.00012,1e-05,minmax,256,1.00817,1.01835,0.47727,0.21538,"[0.64615, 0.0, 0.0]",0.47727,0.21538,"[0.64615, 0.0, 0.0]",149,1.00817,1.01835,149,STOPPED,21.107
952,20251204_213428,gaitgl.csv,Preset_v2_10,TCN,42,"[512, 512, 768]","[3, 6, 9]","[True, True, True]","[0.05, 0.1, 0.1]",3,7,2,gelu,True,True,mean,256,96,AdamW,,0.00012,1e-05,minmax,128,1.00682,1.01402,0.47727,0.21538,"[0.64615, 0.0, 0.0]",0.47727,0.21538,"[0.64615, 0.0, 0.0]",128,1.00682,1.01402,128,STOPPED,26.523
953,20251204_213428,gaitgl_GREW.csv,Preset_v2_10,TCN,42,"[512, 512, 768]","[3, 6, 9]","[True, True, True]","[0.05, 0.1, 0.1]",3,7,2,gelu,True,True,mean,256,96,AdamW,,0.00012,1e-05,minmax,256,1.00579,1.01363,0.47727,0.21538,"[0.64615, 0.0, 0.0]",0.47727,0.21538,"[0.64615, 0.0, 0.0]",208,1.00579,1.01363,208,STOPPED,45.098
954,20251204_213428,gaitgl_GREW_BNNeck.csv,Preset_v2_10,TCN,42,"[512, 512, 768]","[3, 6, 9]","[True, True, True]","[0.05, 0.1, 0.1]",3,7,2,gelu,True,True,mean,256,96,AdamW,,0.00012,1e-05,minmax,256,1.00554,1.01385,0.47727,0.21538,"[0.64615, 0.0, 0.0]",0.47727,0.21538,"[0.64615, 0.0, 0.0]",202,1.00554,1.01385,202,STOPPED,43.705
955,20251204_213428,gaitgl_OUMVLP.csv,Preset_v2_10,TCN,42,"[512, 512, 768]","[3, 6, 9]","[True, True, True]","[0.05, 0.1, 0.1]",3,7,2,gelu,True,True,mean,256,96,AdamW,,0.00012,1e-05,minmax,256,1.0063,1.01379,0.47727,0.21538,"[0.64615, 0.0, 0.0]",0.47727,0.21538,"[0.64615, 0.0, 0.0]",141,1.0063,1.01379,141,STOPPED,30.566
956,20251204_213428,gaitpart_GREW.csv,Preset_v2_10,TCN,42,"[512, 512, 768]","[3, 6, 9]","[True, True, True]","[0.05, 0.1, 0.1]",3,7,2,gelu,True,True,mean,256,96,AdamW,,0.00012,1e-05,minmax,256,0.0517,2.00482,0.45455,0.4123,"[0.55, 0.23529, 0.45161]",0.54545,0.53406,"[0.47059, 0.5, 0.63158]",407,0.29382,1.35715,424,COMPLETED,44.721
957,20251204_213428,gaitpart_OUMVLP.csv,Preset_v2_10,TCN,42,"[512, 512, 768]","[3, 6, 9]","[True, True, True]","[0.05, 0.1, 0.1]",3,7,2,gelu,True,True,mean,256,96,AdamW,,0.00012,1e-05,minmax,256,1.0111,1.01728,0.47727,0.21538,"[0.64615, 0.0, 0.0]",0.47727,0.21538,"[0.64615, 0.0, 0.0]",156,1.0111,1.01728,156,STOPPED,16.362
958,20251204_213428,gaitset.csv,Preset_v2_10,TCN,42,"[512, 512, 768]","[3, 6, 9]","[True, True, True]","[0.05, 0.1, 0.1]",3,7,2,gelu,True,True,mean,256,96,AdamW,,0.00012,1e-05,minmax,256,1.00578,1.01374,0.47727,0.21538,"[0.64615, 0.0, 0.0]",0.47727,0.21538,"[0.64615, 0.0, 0.0]",226,1.00578,1.01374,226,STOPPED,48.252
959,20251204_213428,gaitset_GREW.csv,Preset_v2_10,TCN,42,"[512, 512, 768]","[3, 6, 9]","[True, True, True]","[0.05, 0.1, 0.1]",3,7,2,gelu,True,True,mean,256,96,AdamW,,0.00012,1e-05,minmax,256,1.00714,1.01371,0.47727,0.21538,"[0.64615, 0.0, 0.0]",0.47727,0.21538,"[0.64615, 0.0, 0.0]",174,1.00714,1.01371,174,STOPPED,37.189
960,20251204_213428,gaitset_OUMVLP.csv,Preset_v2_10,TCN,42,"[512, 512, 768]","[3, 6, 9]","[True, True, True]","[0.05, 0.1, 0.1]",3,7,2,gelu,True,True,mean,256,96,AdamW,,0.00012,1e-05,minmax,256,1.0066,1.01723,0.47727,0.21538,"[0.64615, 0.0, 0.0]",0.47727,0.21538,"[0.64615, 0.0, 0.0]",180,1.0066,1.01723,180,STOPPED,38.385
961,20251204_213428,gln_phase1.csv,Preset_v2_10,TCN,42,"[512, 512, 768]","[3, 6, 9]","[True, True, True]","[0.05, 0.1, 0.1]",3,7,2,gelu,True,True,mean,256,96,AdamW,,0.00012,1e-05,minmax,256,1.00531,1.01405,0.47727,0.21538,"[0.64615, 0.0, 0.0]",0.47727,0.21538,"[0.64615, 0.0, 0.0]",149,1.00531,1.01405,149,STOPPED,41.857
962,20251204_213428,gln_phase2.csv,Preset_v2_10,TCN,42,"[512, 512, 768]","[3, 6, 9]","[True, True, True]","[0.05, 0.1, 0.1]",3,7,2,gelu,True,True,mean,256,96,AdamW,,0.00012,1e-05,minmax,256,1.00697,1.01345,0.47727,0.21538,"[0.64615, 0.0, 0.0]",0.47727,0.21538,"[0.64615, 0.0, 0.0]",131,1.00697,1.01345,131,STOPPED,36.908

963,20251204_214210,baseline_CASIAB.csv,Preset_v2_11,TCN,42,"[256, 384, 512]","[5, 3, 1]","[True, True, True]","[0.05, 0.05, 0.05]",3,5,2,gelu,True,True,max,128,64,RMSprop,,0.0002,0.0,L2,256,0.01948,2.0791,0.54545,0.38973,"[0.65306, 0.0, 0.51613]",0.47727,0.39435,"[0.59574, 0.14286, 0.44444]",140,0.43029,1.41925,155,COMPLETED,15.633
964,20251204_214210,baseline_OUMVLP.csv,Preset_v2_11,TCN,42,"[256, 384, 512]","[5, 3, 1]","[True, True, True]","[0.05, 0.05, 0.05]",3,5,2,gelu,True,True,max,128,64,RMSprop,,0.0002,0.0,L2,256,0.01475,1.5771,0.59091,0.49091,"[0.66667, 0.2, 0.60606]",0.59091,0.49259,"[0.66667, 0.2, 0.61111]",144,0.04719,1.44851,148,COMPLETED,14.932
965,20251204_214210,gaitgl.csv,Preset_v2_11,TCN,42,"[256, 384, 512]","[5, 3, 1]","[True, True, True]","[0.05, 0.05, 0.05]",3,5,2,gelu,True,True,max,128,64,RMSprop,,0.0002,0.0,L2,128,0.02372,2.0315,0.36364,0.25215,"[0.4898, 0.0, 0.26667]",0.43182,0.39145,"[0.53333, 0.30769, 0.33333]",60,0.07455,1.58736,63,COMPLETED,7.451
966,20251204_214210,gaitgl_GREW.csv,Preset_v2_11,TCN,42,"[256, 384, 512]","[5, 3, 1]","[True, True, True]","[0.05, 0.05, 0.05]",3,5,2,gelu,True,True,max,128,64,RMSprop,,0.0002,0.0,L2,256,0.01531,1.65082,0.5,0.36111,"[0.58333, 0.0, 0.5]",0.54545,0.4588,"[0.59574, 0.2, 0.58065]",63,0.03402,1.47525,66,COMPLETED,8.386
967,20251204_214210,gaitgl_GREW_BNNeck.csv,Preset_v2_11,TCN,42,"[256, 384, 512]","[5, 3, 1]","[True, True, True]","[0.05, 0.05, 0.05]",3,5,2,gelu,True,True,max,128,64,RMSprop,,0.0002,0.0,L2,256,0.01232,1.70528,0.52273,0.43834,"[0.62222, 0.22222, 0.47059]",0.54545,0.47032,"[0.69565, 0.23529, 0.48]",78,0.34667,1.4473,87,COMPLETED,11.197
968,20251204_214210,gaitgl_OUMVLP.csv,Preset_v2_11,TCN,42,"[256, 384, 512]","[5, 3, 1]","[True, True, True]","[0.05, 0.05, 0.05]",3,5,2,gelu,True,True,max,128,64,RMSprop,,0.0002,0.0,L2,256,0.03151,1.44298,0.54545,0.46152,"[0.59091, 0.22222, 0.57143]",0.56818,0.53328,"[0.6383, 0.46154, 0.5]",141,0.05293,1.3974,143,COMPLETED,18.031
969,20251204_214210,gaitpart_GREW.csv,Preset_v2_11,TCN,42,"[256, 384, 512]","[5, 3, 1]","[True, True, True]","[0.05, 0.05, 0.05]",3,5,2,gelu,True,True,max,128,64,RMSprop,,0.0002,0.0,L2,256,0.01534,1.81156,0.54545,0.48952,"[0.64, 0.4, 0.42857]",0.54545,0.50702,"[0.625, 0.44444, 0.45161]",188,0.51927,1.45155,199,COMPLETED,18.208
970,20251204_214210,gaitpart_OUMVLP.csv,Preset_v2_11,TCN,42,"[256, 384, 512]","[5, 3, 1]","[True, True, True]","[0.05, 0.05, 0.05]",3,5,2,gelu,True,True,max,128,64,RMSprop,,0.0002,0.0,L2,256,0.02435,1.70717,0.52273,0.47428,"[0.60465, 0.33333, 0.48485]",0.56818,0.51941,"[0.6, 0.36364, 0.59459]",261,0.10932,1.38761,282,COMPLETED,26.077
971,20251204_214210,gaitset.csv,Preset_v2_11,TCN,42,"[256, 384, 512]","[5, 3, 1]","[True, True, True]","[0.05, 0.05, 0.05]",3,5,2,gelu,True,True,max,128,64,RMSprop,,0.0002,0.0,L2,256,0.02019,1.9917,0.45455,0.32428,"[0.58824, 0.0, 0.38462]",0.56818,0.39506,"[0.66667, 0.0, 0.51852]",78,0.5275,1.33115,99,COMPLETED,12.361
972,20251204_214210,gaitset_GREW.csv,Preset_v2_11,TCN,42,"[256, 384, 512]","[5, 3, 1]","[True, True, True]","[0.05, 0.05, 0.05]",3,5,2,gelu,True,True,max,128,64,RMSprop,,0.0002,0.0,L2,256,0.02016,1.99456,0.40909,0.28333,"[0.58333, 0.0, 0.26667]",0.54545,0.37766,"[0.68852, 0.22222, 0.22222]",139,0.50051,1.6574,148,COMPLETED,18.344
973,20251204_214210,gaitset_OUMVLP.csv,Preset_v2_11,TCN,42,"[256, 384, 512]","[5, 3, 1]","[True, True, True]","[0.05, 0.05, 0.05]",3,5,2,gelu,True,True,max,128,64,RMSprop,,0.0002,0.0,L2,256,0.03526,2.22216,0.38636,0.2687,"[0.5098, 0.0, 0.2963]",0.47727,0.42125,"[0.57143, 0.30769, 0.38462]",250,0.64852,1.39284,291,COMPLETED,36.086
974,20251204_214210,gln_phase1.csv,Preset_v2_11,TCN,42,"[256, 384, 512]","[5, 3, 1]","[True, True, True]","[0.05, 0.05, 0.05]",3,5,2,gelu,True,True,max,128,64,RMSprop,,0.0002,0.0,L2,256,0.01561,1.53786,0.5,0.42407,"[0.55, 0.16667, 0.55556]",0.65909,0.52599,"[0.78431, 0.22222, 0.57143]",105,0.42317,1.2163,117,COMPLETED,18.91
975,20251204_214210,gln_phase2.csv,Preset_v2_11,TCN,42,"[256, 384, 512]","[5, 3, 1]","[True, True, True]","[0.05, 0.05, 0.05]",3,5,2,gelu,True,True,max,128,64,RMSprop,,0.0002,0.0,L2,256,0.01963,1.9461,0.45455,0.30753,"[0.6, 0.0, 0.32258]",0.43182,0.40008,"[0.57143, 0.35294, 0.27586]",96,0.57123,1.37438,105,COMPLETED,16.961

976,20251204_214606,baseline_CASIAB.csv,Preset_v2_12,TCN,42,"[128, 128, 256, 256]","[3, 6, 9, 12]","[True, True, True, True]","[0.1, 0.1, 0.1, 0.1]",4,3,2,silu,True,True,attention,128,64,Adam,,0.00018,1e-05,minmax,256,0.87467,1.10625,0.5,0.34248,"[0.62745, 0.0, 0.4]",0.5,0.34248,"[0.62745, 0.0, 0.4]",391,0.87467,1.10625,391,STOPPED,41.779
977,20251204_214606,baseline_OUMVLP.csv,Preset_v2_12,TCN,42,"[128, 128, 256, 256]","[3, 6, 9, 12]","[True, True, True, True]","[0.1, 0.1, 0.1, 0.1]",4,3,2,silu,True,True,attention,128,64,Adam,,0.00018,1e-05,minmax,256,0.91984,1.07482,0.38636,0.25882,"[0.5098, 0.0, 0.26667]",0.38636,0.25882,"[0.5098, 0.0, 0.26667]",449,0.91984,1.07482,449,STOPPED,47.747
978,20251204_214606,gaitgl.csv,Preset_v2_12,TCN,42,"[128, 128, 256, 256]","[3, 6, 9, 12]","[True, True, True, True]","[0.1, 0.1, 0.1, 0.1]",4,3,2,silu,True,True,attention,128,64,Adam,,0.00018,1e-05,minmax,128,0.03986,2.85568,0.45455,0.3708,"[0.6087, 0.13333, 0.37037]",0.59091,0.49916,"[0.63636, 0.25, 0.61111]",151,0.38241,1.69971,194,COMPLETED,21.485
979,20251204_214606,gaitgl_GREW.csv,Preset_v2_12,TCN,42,"[128, 128, 256, 256]","[3, 6, 9, 12]","[True, True, True, True]","[0.1, 0.1, 0.1, 0.1]",4,3,2,silu,True,True,attention,128,64,Adam,,0.00018,1e-05,minmax,256,1.00777,1.01809,0.47727,0.21538,"[0.64615, 0.0, 0.0]",0.47727,0.21538,"[0.64615, 0.0, 0.0]",265,1.00777,1.01809,265,STOPPED,31.71
980,20251204_214606,gaitgl_GREW_BNNeck.csv,Preset_v2_12,TCN,42,"[128, 128, 256, 256]","[3, 6, 9, 12]","[True, True, True, True]","[0.1, 0.1, 0.1, 0.1]",4,3,2,silu,True,True,attention,128,64,Adam,,0.00018,1e-05,minmax,256,1.00585,1.01331,0.47727,0.21538,"[0.64615, 0.0, 0.0]",0.47727,0.21538,"[0.64615, 0.0, 0.0]",117,1.00585,1.01331,117,STOPPED,13.968
981,20251204_214606,gaitgl_OUMVLP.csv,Preset_v2_12,TCN,42,"[128, 128, 256, 256]","[3, 6, 9, 12]","[True, True, True, True]","[0.1, 0.1, 0.1, 0.1]",4,3,2,silu,True,True,attention,128,64,Adam,,0.00018,1e-05,minmax,256,1.00682,1.01536,0.47727,0.21538,"[0.64615, 0.0, 0.0]",0.47727,0.21538,"[0.64615, 0.0, 0.0]",284,1.00682,1.01536,284,STOPPED,33.776
982,20251204_214606,gaitpart_GREW.csv,Preset_v2_12,TCN,42,"[128, 128, 256, 256]","[3, 6, 9, 12]","[True, True, True, True]","[0.1, 0.1, 0.1, 0.1]",4,3,2,silu,True,True,attention,128,64,Adam,,0.00018,1e-05,minmax,256,0.64143,1.45042,0.43182,0.30237,"[0.52, 0.0, 0.3871]",0.52273,0.35802,"[0.62963, 0.0, 0.44444]",196,0.71114,1.61536,292,STOPPED,30.482
983,20251204_214606,gaitpart_OUMVLP.csv,Preset_v2_12,TCN,42,"[128, 128, 256, 256]","[3, 6, 9, 12]","[True, True, True, True]","[0.1, 0.1, 0.1, 0.1]",4,3,2,silu,True,True,attention,128,64,Adam,,0.00018,1e-05,minmax,256,1.00469,1.01429,0.47727,0.21538,"[0.64615, 0.0, 0.0]",0.47727,0.21538,"[0.64615, 0.0, 0.0]",250,1.00469,1.01429,250,STOPPED,26.168
984,20251204_214606,gaitset.csv,Preset_v2_12,TCN,42,"[128, 128, 256, 256]","[3, 6, 9, 12]","[True, True, True, True]","[0.1, 0.1, 0.1, 0.1]",4,3,2,silu,True,True,attention,128,64,Adam,,0.00018,1e-05,minmax,256,0.06173,2.63694,0.36364,0.30357,"[0.45833, 0.16667, 0.28571]",0.54545,0.52748,"[0.52632, 0.46154, 0.59459]",154,0.72965,1.05279,273,COMPLETED,32.735
985,20251204_214606,gaitset_GREW.csv,Preset_v2_12,TCN,42,"[128, 128, 256, 256]","[3, 6, 9, 12]","[True, True, True, True]","[0.1, 0.1, 0.1, 0.1]",4,3,2,silu,True,True,attention,128,64,Adam,,0.00018,1e-05,minmax,256,1.00678,1.01649,0.47727,0.21538,"[0.64615, 0.0, 0.0]",0.47727,0.21538,"[0.64615, 0.0, 0.0]",104,1.00678,1.01649,104,STOPPED,13.777
986,20251204_214606,gaitset_OUMVLP.csv,Preset_v2_12,TCN,42,"[128, 128, 256, 256]","[3, 6, 9, 12]","[True, True, True, True]","[0.1, 0.1, 0.1, 0.1]",4,3,2,silu,True,True,attention,128,64,Adam,,0.00018,1e-05,minmax,256,1.00648,1.01347,0.47727,0.21538,"[0.64615, 0.0, 0.0]",0.47727,0.21538,"[0.64615, 0.0, 0.0]",191,1.00648,1.01347,191,STOPPED,24.2
987,20251204_214606,gln_phase1.csv,Preset_v2_12,TCN,42,"[128, 128, 256, 256]","[3, 6, 9, 12]","[True, True, True, True]","[0.1, 0.1, 0.1, 0.1]",4,3,2,silu,True,True,attention,128,64,Adam,,0.00018,1e-05,minmax,256,1.00619,1.01358,0.47727,0.21538,"[0.64615, 0.0, 0.0]",0.47727,0.21538,"[0.64615, 0.0, 0.0]",289,1.00619,1.01358,289,STOPPED,39.971
988,20251204_214606,gln_phase2.csv,Preset_v2_12,TCN,42,"[128, 128, 256, 256]","[3, 6, 9, 12]","[True, True, True, True]","[0.1, 0.1, 0.1, 0.1]",4,3,2,silu,True,True,attention,128,64,Adam,,0.00018,1e-05,minmax,256,1.00603,1.01444,0.47727,0.21538,"[0.64615, 0.0, 0.0]",0.47727,0.21538,"[0.64615, 0.0, 0.0]",167,1.00603,1.01444,167,STOPPED,23.485

989,20251204_215241,baseline_CASIAB.csv,Preset_v2_13,TCN,42,"[384, 512, 640]","[1, 4, 7]","[True, True, True]","[0.05, 0.1, 0.1]",3,3,1,leakyrelu,True,False,mean,256,96,AdamW,,0.0001,1e-05,L2,256,0.03579,2.03107,0.54545,0.45278,"[0.625, 0.2, 0.53333]",0.56818,0.51515,"[0.63636, 0.36364, 0.54545]",107,0.04534,1.92755,110,COMPLETED,8.589
990,20251204_215241,baseline_OUMVLP.csv,Preset_v2_13,TCN,42,"[384, 512, 640]","[1, 4, 7]","[True, True, True]","[0.05, 0.1, 0.1]",3,3,1,leakyrelu,True,False,mean,256,96,AdamW,,0.0001,1e-05,L2,256,0.06016,1.58766,0.5,0.42424,"[0.54545, 0.18182, 0.54545]",0.61364,0.50728,"[0.67925, 0.25, 0.59259]",102,0.30508,1.30774,128,COMPLETED,9.936
991,20251204_215241,gaitgl.csv,Preset_v2_13,TCN,42,"[384, 512, 640]","[1, 4, 7]","[True, True, True]","[0.05, 0.1, 0.1]",3,3,1,leakyrelu,True,False,mean,256,96,AdamW,,0.0001,1e-05,L2,128,0.06196,1.5655,0.40909,0.39108,"[0.46154, 0.33333, 0.37838]",0.5,0.40833,"[0.625, 0.2, 0.4]",68,0.10441,1.39654,73,COMPLETED,7.902
992,20251204_215241,gaitgl_GREW.csv,Preset_v2_13,TCN,42,"[384, 512, 640]","[1, 4, 7]","[True, True, True]","[0.05, 0.1, 0.1]",3,3,1,leakyrelu,True,False,mean,256,96,AdamW,,0.0001,1e-05,L2,256,0.04902,1.33218,0.56818,0.41208,"[0.60465, 0.0, 0.63158]",0.59091,0.48984,"[0.66667, 0.22222, 0.58065]",64,0.16447,1.23265,72,COMPLETED,8.376
993,20251204_215241,gaitgl_GREW_BNNeck.csv,Preset_v2_13,TCN,42,"[384, 512, 640]","[1, 4, 7]","[True, True, True]","[0.05, 0.1, 0.1]",3,3,1,leakyrelu,True,False,mean,256,96,AdamW,,0.0001,1e-05,L2,256,0.06167,2.05842,0.43182,0.34943,"[0.5283, 0.2, 0.32]",0.45455,0.4334,"[0.41026, 0.36364, 0.52632]",90,0.49973,1.46964,109,COMPLETED,12.633
994,20251204_215241,gaitgl_OUMVLP.csv,Preset_v2_13,TCN,42,"[384, 512, 640]","[1, 4, 7]","[True, True, True]","[0.05, 0.1, 0.1]",3,3,1,leakyrelu,True,False,mean,256,96,AdamW,,0.0001,1e-05,L2,256,0.04614,1.3903,0.54545,0.46506,"[0.60465, 0.25, 0.54054]",0.54545,0.46506,"[0.60465, 0.25, 0.54054]",160,0.04614,1.3903,160,COMPLETED,18.663
995,20251204_215241,gaitpart_GREW.csv,Preset_v2_13,TCN,42,"[384, 512, 640]","[1, 4, 7]","[True, True, True]","[0.05, 0.1, 0.1]",3,3,1,leakyrelu,True,False,mean,256,96,AdamW,,0.0001,1e-05,L2,256,0.0722,1.54456,0.5,0.36389,"[0.625, 0.0, 0.46667]",0.54545,0.51677,"[0.65116, 0.47059, 0.42857]",114,0.1221,1.39399,135,COMPLETED,9.217
996,20251204_215241,gaitpart_OUMVLP.csv,Preset_v2_13,TCN,42,"[384, 512, 640]","[1, 4, 7]","[True, True, True]","[0.05, 0.1, 0.1]",3,3,1,leakyrelu,True,False,mean,256,96,AdamW,,0.0001,1e-05,L2,256,0.06687,1.56526,0.52273,0.37861,"[0.65306, 0.0, 0.48276]",0.54545,0.51736,"[0.57143, 0.4, 0.58065]",230,0.21802,1.30869,250,COMPLETED,16.325
997,20251204_215241,gaitset.csv,Preset_v2_13,TCN,42,"[384, 512, 640]","[1, 4, 7]","[True, True, True]","[0.05, 0.1, 0.1]",3,3,1,leakyrelu,True,False,mean,256,96,AdamW,,0.0001,1e-05,L2,256,0.04468,2.23611,0.40909,0.26923,"[0.57692, 0.0, 0.23077]",0.47727,0.33737,"[0.625, 0.0, 0.3871]",83,0.3763,1.63367,109,COMPLETED,12.432
998,20251204_215241,gaitset_GREW.csv,Preset_v2_13,TCN,42,"[384, 512, 640]","[1, 4, 7]","[True, True, True]","[0.05, 0.1, 0.1]",3,3,1,leakyrelu,True,False,mean,256,96,AdamW,,0.0001,1e-05,L2,256,0.06467,1.47187,0.5,0.4245,"[0.5641, 0.15385, 0.55556]",0.56818,0.48266,"[0.57895, 0.25, 0.61905]",84,0.4632,1.15602,117,COMPLETED,13.288
999,20251204_215241,gaitset_OUMVLP.csv,Preset_v2_13,TCN,42,"[384, 512, 640]","[1, 4, 7]","[True, True, True]","[0.05, 0.1, 0.1]",3,3,1,leakyrelu,True,False,mean,256,96,AdamW,,0.0001,1e-05,L2,256,0.07577,1.63669,0.45455,0.43411,"[0.45714, 0.31579, 0.52941]",0.59091,0.45951,"[0.70175, 0.22222, 0.45455]",321,0.21041,1.55078,359,COMPLETED,40.839
1000,20251204_215241,gln_phase1.csv,Preset_v2_13,TCN,42,"[384, 512, 640]","[1, 4, 7]","[True, True, True]","[0.05, 0.1, 0.1]",3,3,1,leakyrelu,True,False,mean,256,96,AdamW,,0.0001,1e-05,L2,256,0.04631,1.41139,0.47727,0.45,"[0.55, 0.3, 0.5]",0.56818,0.5368,"[0.68182, 0.5, 0.42857]",97,0.34469,1.18902,124,COMPLETED,19.516
1001,20251204_215241,gln_phase2.csv,Preset_v2_13,TCN,42,"[384, 512, 640]","[1, 4, 7]","[True, True, True]","[0.05, 0.1, 0.1]",3,3,1,leakyrelu,True,False,mean,256,96,AdamW,,0.0001,1e-05,L2,256,0.04605,1.49589,0.54545,0.45148,"[0.6383, 0.2, 0.51613]",0.54545,0.49161,"[0.60465, 0.30769, 0.5625]",122,0.09211,1.29834,137,COMPLETED,21.583

1002,20251204_215614,baseline_CASIAB.csv,Preset_v2_14,TCN,42,"[512, 640, 768, 896]","[12, 8, 4, 1]","[True, True, True, True]","[0.05, 0.05, 0.1, 0.1]",4,3,2,gelu,True,True,attention,512,48,Adam,,0.00015,1e-05,minmax,256,1.00584,1.01337,0.47727,0.21538,"[0.64615, 0.0, 0.0]",0.47727,0.21538,"[0.64615, 0.0, 0.0]",142,1.00584,1.01337,142,STOPPED,38.003
1003,20251204_215614,baseline_OUMVLP.csv,Preset_v2_14,TCN,42,"[512, 640, 768, 896]","[12, 8, 4, 1]","[True, True, True, True]","[0.05, 0.05, 0.1, 0.1]",4,3,2,gelu,True,True,attention,512,48,Adam,,0.00015,1e-05,minmax,256,1.00852,1.01895,0.47727,0.21538,"[0.64615, 0.0, 0.0]",0.47727,0.21538,"[0.64615, 0.0, 0.0]",174,1.00852,1.01895,174,STOPPED,45.3
1004,20251204_215614,gaitgl.csv,Preset_v2_14,TCN,42,"[512, 640, 768, 896]","[12, 8, 4, 1]","[True, True, True, True]","[0.05, 0.05, 0.1, 0.1]",4,3,2,gelu,True,True,attention,512,48,Adam,,0.00015,1e-05,minmax,128,1.00789,1.01828,0.47727,0.21538,"[0.64615, 0.0, 0.0]",0.47727,0.21538,"[0.64615, 0.0, 0.0]",137,1.00789,1.01828,137,STOPPED,53.184
1005,20251204_215614,gaitgl_GREW.csv,Preset_v2_14,TCN,42,"[512, 640, 768, 896]","[12, 8, 4, 1]","[True, True, True, True]","[0.05, 0.05, 0.1, 0.1]",4,3,2,gelu,True,True,attention,512,48,Adam,,0.00015,1e-05,minmax,256,1.00557,1.01396,0.47727,0.21538,"[0.64615, 0.0, 0.0]",0.47727,0.21538,"[0.64615, 0.0, 0.0]",199,1.00557,1.01396,199,STOPPED,72.947
1006,20251204_215614,gaitgl_GREW_BNNeck.csv,Preset_v2_14,TCN,42,"[512, 640, 768, 896]","[12, 8, 4, 1]","[True, True, True, True]","[0.05, 0.05, 0.1, 0.1]",4,3,2,gelu,True,True,attention,512,48,Adam,,0.00015,1e-05,minmax,256,1.00894,1.01986,0.47727,0.21538,"[0.64615, 0.0, 0.0]",0.47727,0.21538,"[0.64615, 0.0, 0.0]",183,1.00894,1.01986,183,STOPPED,57.561
1007,20251204_215614,gaitgl_OUMVLP.csv,Preset_v2_14,TCN,42,"[512, 640, 768, 896]","[12, 8, 4, 1]","[True, True, True, True]","[0.05, 0.05, 0.1, 0.1]",4,3,2,gelu,True,True,attention,512,48,Adam,,0.00015,1e-05,minmax,256,1.00709,1.01443,0.47727,0.21538,"[0.64615, 0.0, 0.0]",0.47727,0.21538,"[0.64615, 0.0, 0.0]",141,1.00709,1.01443,141,STOPPED,45.415
1008,20251204_215614,gaitpart_GREW.csv,Preset_v2_14,TCN,42,"[512, 640, 768, 896]","[12, 8, 4, 1]","[True, True, True, True]","[0.05, 0.05, 0.1, 0.1]",4,3,2,gelu,True,True,attention,512,48,Adam,,0.00015,1e-05,minmax,256,1.00842,1.01438,0.47727,0.21538,"[0.64615, 0.0, 0.0]",0.47727,0.21538,"[0.64615, 0.0, 0.0]",112,1.00842,1.01438,112,STOPPED,23.042
1009,20251204_215614,gaitpart_OUMVLP.csv,Preset_v2_14,TCN,42,"[512, 640, 768, 896]","[12, 8, 4, 1]","[True, True, True, True]","[0.05, 0.05, 0.1, 0.1]",4,3,2,gelu,True,True,attention,512,48,Adam,,0.00015,1e-05,minmax,256,1.00591,1.01357,0.47727,0.21538,"[0.64615, 0.0, 0.0]",0.47727,0.21538,"[0.64615, 0.0, 0.0]",163,1.00591,1.01357,163,STOPPED,30.14
1010,20251204_215614,gaitset.csv,Preset_v2_14,TCN,42,"[512, 640, 768, 896]","[12, 8, 4, 1]","[True, True, True, True]","[0.05, 0.05, 0.1, 0.1]",4,3,2,gelu,True,True,attention,512,48,Adam,,0.00015,1e-05,minmax,256,1.00604,1.01536,0.47727,0.21538,"[0.64615, 0.0, 0.0]",0.47727,0.21538,"[0.64615, 0.0, 0.0]",129,1.00604,1.01536,129,STOPPED,39.997
1011,20251204_215614,gaitset_GREW.csv,Preset_v2_14,TCN,42,"[512, 640, 768, 896]","[12, 8, 4, 1]","[True, True, True, True]","[0.05, 0.05, 0.1, 0.1]",4,3,2,gelu,True,True,attention,512,48,Adam,,0.00015,1e-05,minmax,256,1.00666,1.01587,0.47727,0.21538,"[0.64615, 0.0, 0.0]",0.47727,0.21538,"[0.64615, 0.0, 0.0]",190,1.00666,1.01587,190,STOPPED,56.533
1012,20251204_215614,gaitset_OUMVLP.csv,Preset_v2_14,TCN,42,"[512, 640, 768, 896]","[12, 8, 4, 1]","[True, True, True, True]","[0.05, 0.05, 0.1, 0.1]",4,3,2,gelu,True,True,attention,512,48,Adam,,0.00015,1e-05,minmax,256,1.00587,1.01558,0.47727,0.21538,"[0.64615, 0.0, 0.0]",0.47727,0.21538,"[0.64615, 0.0, 0.0]",141,1.00587,1.01558,141,STOPPED,43.235
1013,20251204_215614,gln_phase1.csv,Preset_v2_14,TCN,42,"[512, 640, 768, 896]","[12, 8, 4, 1]","[True, True, True, True]","[0.05, 0.05, 0.1, 0.1]",4,3,2,gelu,True,True,attention,512,48,Adam,,0.00015,1e-05,minmax,256,1.00714,1.01777,0.47727,0.21538,"[0.64615, 0.0, 0.0]",0.47727,0.21538,"[0.64615, 0.0, 0.0]",142,1.00714,1.01777,142,STOPPED,57.062
1014,20251204_215614,gln_phase2.csv,Preset_v2_14,TCN,42,"[512, 640, 768, 896]","[12, 8, 4, 1]","[True, True, True, True]","[0.05, 0.05, 0.1, 0.1]",4,3,2,gelu,True,True,attention,512,48,Adam,,0.00015,1e-05,minmax,256,1.00839,1.01834,0.47727,0.21538,"[0.64615, 0.0, 0.0]",0.47727,0.21538,"[0.64615, 0.0, 0.0]",117,1.00839,1.01834,117,STOPPED,48.165

1015,20251204_220641,baseline_CASIAB.csv,Preset_v2_15,TCN,42,"[256, 256, 384]","[3, 6, 9]","[True, True, True]","[0.05, 0.1, 0.1]",3,3,3,silu,True,True,max,256,96,AdamW,,0.00012,1e-05,L2,256,0.0633,1.45606,0.5,0.35926,"[0.57778, 0.0, 0.5]",0.56818,0.47434,"[0.6383, 0.22222, 0.5625]",62,0.06276,1.47446,64,COMPLETED,5.515
1016,20251204_220641,baseline_OUMVLP.csv,Preset_v2_15,TCN,42,"[256, 256, 384]","[3, 6, 9]","[True, True, True]","[0.05, 0.1, 0.1]",3,3,3,silu,True,True,max,256,96,AdamW,,0.00012,1e-05,L2,256,0.04991,1.65642,0.47727,0.40155,"[0.4, 0.2, 0.60465]",0.61364,0.51768,"[0.63636, 0.25, 0.66667]",83,0.05887,1.31891,86,COMPLETED,7.209
1017,20251204_220641,gaitgl.csv,Preset_v2_15,TCN,42,"[256, 256, 384]","[3, 6, 9]","[True, True, True]","[0.05, 0.1, 0.1]",3,3,3,silu,True,True,max,256,96,AdamW,,0.00012,1e-05,L2,128,0.06727,1.25085,0.40909,0.29542,"[0.53333, 0.0, 0.35294]",0.47727,0.40914,"[0.42424, 0.25, 0.55319]",26,0.22823,1.16486,37,COMPLETED,3.512
1018,20251204_220641,gaitgl_GREW.csv,Preset_v2_15,TCN,42,"[256, 256, 384]","[3, 6, 9]","[True, True, True]","[0.05, 0.1, 0.1]",3,3,3,silu,True,True,max,256,96,AdamW,,0.00012,1e-05,L2,256,0.07075,1.29863,0.36364,0.25921,"[0.43478, 0.0, 0.34286]",0.45455,0.32927,"[0.5, 0.0, 0.4878]",27,0.25228,1.11607,38,COMPLETED,3.878
1019,20251204_220641,gaitgl_GREW_BNNeck.csv,Preset_v2_15,TCN,42,"[256, 256, 384]","[3, 6, 9]","[True, True, True]","[0.05, 0.1, 0.1]",3,3,3,silu,True,True,max,256,96,AdamW,,0.00012,1e-05,L2,256,0.04361,1.46091,0.43182,0.30177,"[0.54167, 0.0, 0.36364]",0.59091,0.45,"[0.7, 0.25, 0.4]",55,0.09946,1.65191,61,COMPLETED,6.307
1020,20251204_220641,gaitgl_OUMVLP.csv,Preset_v2_15,TCN,42,"[256, 256, 384]","[3, 6, 9]","[True, True, True]","[0.05, 0.1, 0.1]",3,3,3,silu,True,True,max,256,96,AdamW,,0.00012,1e-05,L2,256,0.05079,1.58384,0.5,0.35328,"[0.61538, 0.0, 0.44444]",0.5,0.45455,"[0.58537, 0.30769, 0.47059]",88,0.08211,1.36487,92,COMPLETED,9.454
1021,20251204_220641,gaitpart_GREW.csv,Preset_v2_15,TCN,42,"[256, 256, 384]","[3, 6, 9]","[True, True, True]","[0.05, 0.1, 0.1]",3,3,3,silu,True,True,max,256,96,AdamW,,0.00012,1e-05,L2,256,0.05385,1.28847,0.47727,0.39179,"[0.6087, 0.16667, 0.4]",0.54545,0.51768,"[0.63636, 0.5, 0.41667]",77,0.17454,1.14451,93,COMPLETED,7.43
1022,20251204_220641,gaitpart_OUMVLP.csv,Preset_v2_15,TCN,42,"[256, 256, 384]","[3, 6, 9]","[True, True, True]","[0.05, 0.1, 0.1]",3,3,3,silu,True,True,max,256,96,AdamW,,0.00012,1e-05,L2,256,0.07124,1.28438,0.63636,0.56589,"[0.69767, 0.33333, 0.66667]",0.63636,0.56589,"[0.69767, 0.33333, 0.66667]",207,0.07124,1.28438,207,COMPLETED,16.272
1023,20251204_220641,gaitset.csv,Preset_v2_15,TCN,42,"[256, 256, 384]","[3, 6, 9]","[True, True, True]","[0.05, 0.1, 0.1]",3,3,3,silu,True,True,max,256,96,AdamW,,0.00012,1e-05,L2,256,0.05617,1.42624,0.45455,0.30009,"[0.59259, 0.0, 0.30769]",0.54545,0.38693,"[0.62745, 0.0, 0.53333]",33,0.5006,1.12811,55,COMPLETED,5.692
1024,20251204_220641,gaitset_GREW.csv,Preset_v2_15,TCN,42,"[256, 256, 384]","[3, 6, 9]","[True, True, True]","[0.05, 0.1, 0.1]",3,3,3,silu,True,True,max,256,96,AdamW,,0.00012,1e-05,L2,256,0.05631,1.27778,0.52273,0.36605,"[0.61538, 0.0, 0.48276]",0.54545,0.45589,"[0.62222, 0.2, 0.54545]",70,0.08662,1.13363,74,COMPLETED,7.623
1025,20251204_220641,gaitset_OUMVLP.csv,Preset_v2_15,TCN,42,"[256, 256, 384]","[3, 6, 9]","[True, True, True]","[0.05, 0.1, 0.1]",3,3,3,silu,True,True,max,256,96,AdamW,,0.00012,1e-05,L2,256,0.05363,1.47957,0.5,0.46989,"[0.56522, 0.4, 0.44444]",0.61364,0.57259,"[0.69231, 0.54545, 0.48]",208,0.42636,1.46989,228,COMPLETED,23.286
1026,20251204_220641,gln_phase1.csv,Preset_v2_15,TCN,42,"[256, 256, 384]","[3, 6, 9]","[True, True, True]","[0.05, 0.1, 0.1]",3,3,3,silu,True,True,max,256,96,AdamW,,0.00012,1e-05,L2,256,0.06992,1.26417,0.52273,0.35152,"[0.65455, 0.0, 0.4]",0.54545,0.44527,"[0.65306, 0.2, 0.48276]",48,0.14758,1.12841,55,COMPLETED,7.199
1027,20251204_220641,gln_phase2.csv,Preset_v2_15,TCN,42,"[256, 256, 384]","[3, 6, 9]","[True, True, True]","[0.05, 0.1, 0.1]",3,3,3,silu,True,True,max,256,96,AdamW,,0.00012,1e-05,L2,256,0.05445,1.04655,0.47727,0.40613,"[0.5, 0.18182, 0.53659]",0.52273,0.50594,"[0.57143, 0.46154, 0.48485]",46,0.1966,1.02393,60,COMPLETED,7.651

1028,20251204_220846,baseline_CASIAB.csv,Preset_v2_16,TCN,42,"[128, 256, 384, 512]","[3, 5, 7, 9]","[True, True, True, True]","[0.05, 0.05, 0.05, 0.05]",4,3,3,silu,True,True,mean,128,64,Adam,,0.0002,1e-05,minmax,256,1.00544,1.01423,0.47727,0.21538,"[0.64615, 0.0, 0.0]",0.47727,0.21538,"[0.64615, 0.0, 0.0]",134,1.00544,1.01423,134,STOPPED,19.081
1029,20251204_220846,baseline_OUMVLP.csv,Preset_v2_16,TCN,42,"[128, 256, 384, 512]","[3, 5, 7, 9]","[True, True, True, True]","[0.05, 0.05, 0.05, 0.05]",4,3,3,silu,True,True,mean,128,64,Adam,,0.0002,1e-05,minmax,256,1.00622,1.01381,0.47727,0.21538,"[0.64615, 0.0, 0.0]",0.47727,0.21538,"[0.64615, 0.0, 0.0]",121,1.00622,1.01381,121,STOPPED,17.112
1030,20251204_220846,gaitgl.csv,Preset_v2_16,TCN,42,"[128, 256, 384, 512]","[3, 5, 7, 9]","[True, True, True, True]","[0.05, 0.05, 0.05, 0.05]",4,3,3,silu,True,True,mean,128,64,Adam,,0.0002,1e-05,minmax,128,1.00645,1.01463,0.47727,0.21538,"[0.64615, 0.0, 0.0]",0.47727,0.21538,"[0.64615, 0.0, 0.0]",170,1.00645,1.01463,170,STOPPED,25.418
1031,20251204_220846,gaitgl_GREW.csv,Preset_v2_16,TCN,42,"[128, 256, 384, 512]","[3, 5, 7, 9]","[True, True, True, True]","[0.05, 0.05, 0.05, 0.05]",4,3,3,silu,True,True,mean,128,64,Adam,,0.0002,1e-05,minmax,256,1.00599,1.01426,0.47727,0.21538,"[0.64615, 0.0, 0.0]",0.47727,0.21538,"[0.64615, 0.0, 0.0]",181,1.00599,1.01426,181,STOPPED,28.613
1032,20251204_220846,gaitgl_GREW_BNNeck.csv,Preset_v2_16,TCN,42,"[128, 256, 384, 512]","[3, 5, 7, 9]","[True, True, True, True]","[0.05, 0.05, 0.05, 0.05]",4,3,3,silu,True,True,mean,128,64,Adam,,0.0002,1e-05,minmax,256,1.00728,1.01426,0.47727,0.21538,"[0.64615, 0.0, 0.0]",0.47727,0.21538,"[0.64615, 0.0, 0.0]",123,1.00728,1.01426,123,STOPPED,19.885
1033,20251204_220846,gaitgl_OUMVLP.csv,Preset_v2_16,TCN,42,"[128, 256, 384, 512]","[3, 5, 7, 9]","[True, True, True, True]","[0.05, 0.05, 0.05, 0.05]",4,3,3,silu,True,True,mean,128,64,Adam,,0.0002,1e-05,minmax,256,1.00647,1.01399,0.47727,0.21538,"[0.64615, 0.0, 0.0]",0.47727,0.21538,"[0.64615, 0.0, 0.0]",151,1.00647,1.01399,151,STOPPED,23.993
1034,20251204_220846,gaitpart_GREW.csv,Preset_v2_16,TCN,42,"[128, 256, 384, 512]","[3, 5, 7, 9]","[True, True, True, True]","[0.05, 0.05, 0.05, 0.05]",4,3,3,silu,True,True,mean,128,64,Adam,,0.0002,1e-05,minmax,256,1.00891,1.01873,0.47727,0.21538,"[0.64615, 0.0, 0.0]",0.47727,0.21538,"[0.64615, 0.0, 0.0]",134,1.00891,1.01873,134,STOPPED,18.291
1035,20251204_220846,gaitpart_OUMVLP.csv,Preset_v2_16,TCN,42,"[128, 256, 384, 512]","[3, 5, 7, 9]","[True, True, True, True]","[0.05, 0.05, 0.05, 0.05]",4,3,3,silu,True,True,mean,128,64,Adam,,0.0002,1e-05,minmax,256,1.00873,1.0172,0.47727,0.21538,"[0.64615, 0.0, 0.0]",0.47727,0.21538,"[0.64615, 0.0, 0.0]",267,1.00873,1.0172,267,STOPPED,37.004
1036,20251204_220846,gaitset.csv,Preset_v2_16,TCN,42,"[128, 256, 384, 512]","[3, 5, 7, 9]","[True, True, True, True]","[0.05, 0.05, 0.05, 0.05]",4,3,3,silu,True,True,mean,128,64,Adam,,0.0002,1e-05,minmax,256,1.00563,1.01444,0.47727,0.21538,"[0.64615, 0.0, 0.0]",0.47727,0.21538,"[0.64615, 0.0, 0.0]",181,1.00563,1.01444,181,STOPPED,28.152
1037,20251204_220846,gaitset_GREW.csv,Preset_v2_16,TCN,42,"[128, 256, 384, 512]","[3, 5, 7, 9]","[True, True, True, True]","[0.05, 0.05, 0.05, 0.05]",4,3,3,silu,True,True,mean,128,64,Adam,,0.0002,1e-05,minmax,256,1.00552,1.01352,0.47727,0.21538,"[0.64615, 0.0, 0.0]",0.47727,0.21538,"[0.64615, 0.0, 0.0]",170,1.00552,1.01352,170,STOPPED,26.61
1038,20251204_220846,gaitset_OUMVLP.csv,Preset_v2_16,TCN,42,"[128, 256, 384, 512]","[3, 5, 7, 9]","[True, True, True, True]","[0.05, 0.05, 0.05, 0.05]",4,3,3,silu,True,True,mean,128,64,Adam,,0.0002,1e-05,minmax,256,1.00606,1.01358,0.47727,0.21538,"[0.64615, 0.0, 0.0]",0.47727,0.21538,"[0.64615, 0.0, 0.0]",104,1.00606,1.01358,104,STOPPED,16.801
1039,20251204_220846,gln_phase1.csv,Preset_v2_16,TCN,42,"[128, 256, 384, 512]","[3, 5, 7, 9]","[True, True, True, True]","[0.05, 0.05, 0.05, 0.05]",4,3,3,silu,True,True,mean,128,64,Adam,,0.0002,1e-05,minmax,256,1.00549,1.01396,0.47727,0.21538,"[0.64615, 0.0, 0.0]",0.47727,0.21538,"[0.64615, 0.0, 0.0]",139,1.00549,1.01396,139,STOPPED,27.311
1040,20251204_220846,gln_phase2.csv,Preset_v2_16,TCN,42,"[128, 256, 384, 512]","[3, 5, 7, 9]","[True, True, True, True]","[0.05, 0.05, 0.05, 0.05]",4,3,3,silu,True,True,mean,128,64,Adam,,0.0002,1e-05,minmax,256,1.00618,1.01528,0.47727,0.21538,"[0.64615, 0.0, 0.0]",0.47727,0.21538,"[0.64615, 0.0, 0.0]",187,1.00618,1.01528,187,STOPPED,36.205

1041,20251204_221424,baseline_CASIAB.csv,Preset_v2_17,TCN,42,"[512, 512, 512, 1024]","[1, 2, 4, 6]","[True, True, True, True]","[0.1, 0.1, 0.1, 0.1]",4,5,2,leakyrelu,True,True,attention,512,32,AdamW,,0.0001,1e-05,L2,256,0.01059,1.78564,0.56818,0.47795,"[0.58537, 0.18182, 0.66667]",0.56818,0.51222,"[0.5641, 0.26667, 0.70588]",32,0.0322,1.66274,34,COMPLETED,10.587
1042,20251204_221424,baseline_OUMVLP.csv,Preset_v2_17,TCN,42,"[512, 512, 512, 1024]","[1, 2, 4, 6]","[True, True, True, True]","[0.1, 0.1, 0.1, 0.1]",4,5,2,leakyrelu,True,True,attention,512,32,AdamW,,0.0001,1e-05,L2,256,0.07048,2.45475,0.5,0.39697,"[0.59091, 0.0, 0.6]",0.54545,0.46667,"[0.6, 0.13333, 0.66667]",39,0.15689,1.63173,46,COMPLETED,14.346
1043,20251204_221424,gaitgl.csv,Preset_v2_17,TCN,42,"[512, 512, 512, 1024]","[1, 2, 4, 6]","[True, True, True, True]","[0.1, 0.1, 0.1, 0.1]",4,5,2,leakyrelu,True,True,attention,512,32,AdamW,,0.0001,1e-05,L2,128,0.01681,2.11627,0.56818,0.51176,"[0.6383, 0.36364, 0.53333]",0.56818,0.51176,"[0.6383, 0.36364, 0.53333]",18,0.01681,2.11627,18,COMPLETED,7.273
1044,20251204_221424,gaitgl_GREW.csv,Preset_v2_17,TCN,42,"[512, 512, 512, 1024]","[1, 2, 4, 6]","[True, True, True, True]","[0.1, 0.1, 0.1, 0.1]",4,5,2,leakyrelu,True,True,attention,512,32,AdamW,,0.0001,1e-05,L2,256,0.00406,2.60605,0.43182,0.3945,"[0.55319, 0.36364, 0.26667]",0.43182,0.3945,"[0.55319, 0.36364, 0.26667]",23,0.00406,2.60605,23,COMPLETED,9.581
1045,20251204_221424,gaitgl_GREW_BNNeck.csv,Preset_v2_17,TCN,42,"[512, 512, 512, 1024]","[1, 2, 4, 6]","[True, True, True, True]","[0.1, 0.1, 0.1, 0.1]",4,5,2,leakyrelu,True,True,attention,512,32,AdamW,,0.0001,1e-05,L2,256,0.01941,2.1035,0.47727,0.48226,"[0.47619, 0.5, 0.47059]",0.47727,0.48226,"[0.47619, 0.5, 0.47059]",29,0.01941,2.1035,29,COMPLETED,12.879
1046,20251204_221424,gaitgl_OUMVLP.csv,Preset_v2_17,TCN,42,"[512, 512, 512, 1024]","[1, 2, 4, 6]","[True, True, True, True]","[0.1, 0.1, 0.1, 0.1]",4,5,2,leakyrelu,True,True,attention,512,32,AdamW,,0.0001,1e-05,L2,256,0.014,1.96586,0.47727,0.36797,"[0.61905, 0.0, 0.48485]",0.5,0.44846,"[0.60465, 0.22222, 0.51852]",22,0.40644,1.21016,34,COMPLETED,13.91
1047,20251204_221424,gaitpart_GREW.csv,Preset_v2_17,TCN,42,"[512, 512, 512, 1024]","[1, 2, 4, 6]","[True, True, True, True]","[0.1, 0.1, 0.1, 0.1]",4,5,2,leakyrelu,True,True,attention,512,32,AdamW,,0.0001,1e-05,L2,256,0.00983,2.53678,0.47727,0.39943,"[0.57778, 0.15385, 0.46667]",0.5,0.46193,"[0.61905, 0.35294, 0.41379]",69,0.18484,2.02162,75,COMPLETED,21.269
1048,20251204_221424,gaitpart_OUMVLP.csv,Preset_v2_17,TCN,42,"[512, 512, 512, 1024]","[1, 2, 4, 6]","[True, True, True, True]","[0.1, 0.1, 0.1, 0.1]",4,5,2,leakyrelu,True,True,attention,512,32,AdamW,,0.0001,1e-05,L2,256,0.01652,2.27404,0.5,0.42564,"[0.5641, 0.2, 0.51282]",0.59091,0.53737,"[0.66667, 0.4, 0.54545]",91,0.53408,1.19447,111,COMPLETED,31.08
1049,20251204_221424,gaitset.csv,Preset_v2_17,TCN,42,"[512, 512, 512, 1024]","[1, 2, 4, 6]","[True, True, True, True]","[0.1, 0.1, 0.1, 0.1]",4,5,2,leakyrelu,True,True,attention,512,32,AdamW,,0.0001,1e-05,L2,256,0.01705,3.3187,0.40909,0.34127,"[0.5, 0.16667, 0.35714]",0.47727,0.40483,"[0.6, 0.26667, 0.34783]",23,0.10279,2.28862,28,COMPLETED,10.86
1050,20251204_221424,gaitset_GREW.csv,Preset_v2_17,TCN,42,"[512, 512, 512, 1024]","[1, 2, 4, 6]","[True, True, True, True]","[0.1, 0.1, 0.1, 0.1]",4,5,2,leakyrelu,True,True,attention,512,32,AdamW,,0.0001,1e-05,L2,256,0.00509,3.16118,0.43182,0.31343,"[0.55319, 0.0, 0.3871]",0.5,0.40779,"[0.61224, 0.16667, 0.44444]",32,0.48909,1.46559,49,COMPLETED,18.958
1051,20251204_221424,gaitset_OUMVLP.csv,Preset_v2_17,TCN,42,"[512, 512, 512, 1024]","[1, 2, 4, 6]","[True, True, True, True]","[0.1, 0.1, 0.1, 0.1]",4,5,2,leakyrelu,True,True,attention,512,32,AdamW,,0.0001,1e-05,L2,256,0.0097,1.99869,0.63636,0.59829,"[0.66667, 0.46154, 0.66667]",0.68182,0.64802,"[0.71111, 0.54545, 0.6875]",124,0.09518,1.62965,140,COMPLETED,55.824
1052,20251204_221424,gln_phase1.csv,Preset_v2_17,TCN,42,"[512, 512, 512, 1024]","[1, 2, 4, 6]","[True, True, True, True]","[0.1, 0.1, 0.1, 0.1]",4,5,2,leakyrelu,True,True,attention,512,32,AdamW,,0.0001,1e-05,L2,256,0.00877,2.0833,0.47727,0.34512,"[0.59091, 0.0, 0.44444]",0.59091,0.42268,"[0.73469, 0.0, 0.53333]",18,0.34631,1.27035,28,COMPLETED,14.216
1053,20251204_221424,gln_phase2.csv,Preset_v2_17,TCN,42,"[512, 512, 512, 1024]","[1, 2, 4, 6]","[True, True, True, True]","[0.1, 0.1, 0.1, 0.1]",4,5,2,leakyrelu,True,True,attention,512,32,AdamW,,0.0001,1e-05,L2,256,0.00662,2.35702,0.52273,0.45812,"[0.66667, 0.30769, 0.4]",0.52273,0.50635,"[0.61905, 0.5, 0.4]",32,0.06638,2.24124,36,COMPLETED,17.634

1054,20251204_221839,baseline_CASIAB.csv,Preset_v2_18,TCN,42,"[384, 384, 512]","[2, 5, 8]","[True, True, True]","[0.05, 0.05, 0.1]",3,3,2,gelu,True,True,mean,256,96,Adam,,0.0001,1e-05,minmax,256,0.06747,3.75379,0.40909,0.41162,"[0.4, 0.42105, 0.41379]",0.43182,0.4252,"[0.45455, 0.42105, 0.4]",425,0.3051,2.37074,466,COMPLETED,38.596
1055,20251204_221839,baseline_OUMVLP.csv,Preset_v2_18,TCN,42,"[384, 384, 512]","[2, 5, 8]","[True, True, True]","[0.05, 0.05, 0.1]",3,3,2,gelu,True,True,mean,256,96,Adam,,0.0001,1e-05,minmax,256,1.00543,1.01676,0.47727,0.21538,"[0.64615, 0.0, 0.0]",0.47727,0.21538,"[0.64615, 0.0, 0.0]",140,1.00543,1.01676,140,STOPPED,11.196
1056,20251204_221839,gaitgl.csv,Preset_v2_18,TCN,42,"[384, 384, 512]","[2, 5, 8]","[True, True, True]","[0.05, 0.05, 0.1]",3,3,2,gelu,True,True,mean,256,96,Adam,,0.0001,1e-05,minmax,128,1.01305,1.01912,0.47727,0.21538,"[0.64615, 0.0, 0.0]",0.47727,0.21538,"[0.64615, 0.0, 0.0]",113,1.01305,1.01912,113,STOPPED,12.186
1057,20251204_221839,gaitgl_GREW.csv,Preset_v2_18,TCN,42,"[384, 384, 512]","[2, 5, 8]","[True, True, True]","[0.05, 0.05, 0.1]",3,3,2,gelu,True,True,mean,256,96,Adam,,0.0001,1e-05,minmax,256,1.01265,1.02201,0.47727,0.21538,"[0.64615, 0.0, 0.0]",0.47727,0.21538,"[0.64615, 0.0, 0.0]",102,1.01265,1.02201,102,STOPPED,11.744
1058,20251204_221839,gaitgl_GREW_BNNeck.csv,Preset_v2_18,TCN,42,"[384, 384, 512]","[2, 5, 8]","[True, True, True]","[0.05, 0.05, 0.1]",3,3,2,gelu,True,True,mean,256,96,Adam,,0.0001,1e-05,minmax,256,1.01328,1.0213,0.47727,0.21538,"[0.64615, 0.0, 0.0]",0.47727,0.21538,"[0.64615, 0.0, 0.0]",123,1.01328,1.0213,123,STOPPED,14.273
1059,20251204_221839,gaitgl_OUMVLP.csv,Preset_v2_18,TCN,42,"[384, 384, 512]","[2, 5, 8]","[True, True, True]","[0.05, 0.05, 0.1]",3,3,2,gelu,True,True,mean,256,96,Adam,,0.0001,1e-05,minmax,256,1.00686,1.0167,0.47727,0.21538,"[0.64615, 0.0, 0.0]",0.47727,0.21538,"[0.64615, 0.0, 0.0]",176,1.00686,1.0167,176,STOPPED,20.37
1060,20251204_221839,gaitpart_GREW.csv,Preset_v2_18,TCN,42,"[384, 384, 512]","[2, 5, 8]","[True, True, True]","[0.05, 0.05, 0.1]",3,3,2,gelu,True,True,mean,256,96,Adam,,0.0001,1e-05,minmax,256,0.07209,2.2958,0.43182,0.36767,"[0.58537, 0.11765, 0.4]",0.59091,0.52245,"[0.7037, 0.5, 0.36364]",338,0.20056,2.27475,360,COMPLETED,26.769
1061,20251204_221839,gaitpart_OUMVLP.csv,Preset_v2_18,TCN,42,"[384, 384, 512]","[2, 5, 8]","[True, True, True]","[0.05, 0.05, 0.1]",3,3,2,gelu,True,True,mean,256,96,Adam,,0.0001,1e-05,minmax,256,1.00648,1.01707,0.47727,0.21538,"[0.64615, 0.0, 0.0]",0.47727,0.21538,"[0.64615, 0.0, 0.0]",115,1.00648,1.01707,115,STOPPED,8.645
1062,20251204_221839,gaitset.csv,Preset_v2_18,TCN,42,"[384, 384, 512]","[2, 5, 8]","[True, True, True]","[0.05, 0.05, 0.1]",3,3,2,gelu,True,True,mean,256,96,Adam,,0.0001,1e-05,minmax,256,1.00543,1.01405,0.47727,0.21538,"[0.64615, 0.0, 0.0]",0.47727,0.21538,"[0.64615, 0.0, 0.0]",155,1.00543,1.01405,155,STOPPED,16.986
1063,20251204_221839,gaitset_GREW.csv,Preset_v2_18,TCN,42,"[384, 384, 512]","[2, 5, 8]","[True, True, True]","[0.05, 0.05, 0.1]",3,3,2,gelu,True,True,mean,256,96,Adam,,0.0001,1e-05,minmax,256,1.0073,1.01596,0.47727,0.21538,"[0.64615, 0.0, 0.0]",0.47727,0.21538,"[0.64615, 0.0, 0.0]",127,1.0073,1.01596,127,STOPPED,14.242
1064,20251204_221839,gaitset_OUMVLP.csv,Preset_v2_18,TCN,42,"[384, 384, 512]","[2, 5, 8]","[True, True, True]","[0.05, 0.05, 0.1]",3,3,2,gelu,True,True,mean,256,96,Adam,,0.0001,1e-05,minmax,256,1.00592,1.01488,0.47727,0.21538,"[0.64615, 0.0, 0.0]",0.47727,0.21538,"[0.64615, 0.0, 0.0]",120,1.00592,1.01488,120,STOPPED,13.172
1065,20251204_221839,gln_phase1.csv,Preset_v2_18,TCN,42,"[384, 384, 512]","[2, 5, 8]","[True, True, True]","[0.05, 0.05, 0.1]",3,3,2,gelu,True,True,mean,256,96,Adam,,0.0001,1e-05,minmax,256,1.00722,1.01709,0.47727,0.21538,"[0.64615, 0.0, 0.0]",0.47727,0.21538,"[0.64615, 0.0, 0.0]",178,1.00722,1.01709,178,STOPPED,25.832
1066,20251204_221839,gln_phase2.csv,Preset_v2_18,TCN,42,"[384, 384, 512]","[2, 5, 8]","[True, True, True]","[0.05, 0.05, 0.1]",3,3,2,gelu,True,True,mean,256,96,Adam,,0.0001,1e-05,minmax,256,1.00803,1.01709,0.47727,0.21538,"[0.64615, 0.0, 0.0]",0.47727,0.21538,"[0.64615, 0.0, 0.0]",224,1.00803,1.01709,224,STOPPED,31.961

1067,20251204_222259,baseline_CASIAB.csv,Preset_v2_19,TCN,42,"[256, 384, 512, 512]","[1, 3, 5, 7]","[True, True, True, True]","[0.05, 0.05, 0.05, 0.05]",4,3,2,leakyrelu,True,True,max,256,64,AdamW,,0.00015,1e-05,minmax,256,0.03784,2.30027,0.45455,0.3902,"[0.5, 0.2, 0.47059]",0.5,0.45313,"[0.59574, 0.36364, 0.4]",117,0.12874,2.03122,122,COMPLETED,15.585
1068,20251204_222259,baseline_OUMVLP.csv,Preset_v2_19,TCN,42,"[256, 384, 512, 512]","[1, 3, 5, 7]","[True, True, True, True]","[0.05, 0.05, 0.05, 0.05]",4,3,2,leakyrelu,True,True,max,256,64,AdamW,,0.00015,1e-05,minmax,256,0.07759,1.67311,0.54545,0.45466,"[0.61224, 0.2, 0.55172]",0.54545,0.5,"[0.59091, 0.36364, 0.54545]",185,0.61337,1.1007,213,COMPLETED,25.69
1069,20251204_222259,gaitgl.csv,Preset_v2_19,TCN,42,"[256, 384, 512, 512]","[1, 3, 5, 7]","[True, True, True, True]","[0.05, 0.05, 0.05, 0.05]",4,3,2,leakyrelu,True,True,max,256,64,AdamW,,0.00015,1e-05,minmax,128,0.03136,2.10209,0.29545,0.18864,"[0.42308, 0.0, 0.14286]",0.45455,0.3325,"[0.52381, 0.0, 0.47368]",45,0.26048,1.51202,51,COMPLETED,7.264
1070,20251204_222259,gaitgl_GREW.csv,Preset_v2_19,TCN,42,"[256, 384, 512, 512]","[1, 3, 5, 7]","[True, True, True, True]","[0.05, 0.05, 0.05, 0.05]",4,3,2,leakyrelu,True,True,max,256,64,AdamW,,0.00015,1e-05,minmax,256,0.01291,1.5308,0.52273,0.37715,"[0.59091, 0.0, 0.54054]",0.56818,0.47917,"[0.625, 0.25, 0.5625]",73,0.0292,1.415,75,COMPLETED,11.265
1071,20251204_222259,gaitgl_GREW_BNNeck.csv,Preset_v2_19,TCN,42,"[256, 384, 512, 512]","[1, 3, 5, 7]","[True, True, True, True]","[0.05, 0.05, 0.05, 0.05]",4,3,2,leakyrelu,True,True,max,256,64,AdamW,,0.00015,1e-05,minmax,256,0.0433,3.01503,0.47727,0.39428,"[0.59574, 0.2, 0.3871]",0.54545,0.48176,"[0.65306, 0.36364, 0.42857]",440,0.39936,2.03721,498,COMPLETED,75.456
1072,20251204_222259,gaitgl_OUMVLP.csv,Preset_v2_19,TCN,42,"[256, 384, 512, 512]","[1, 3, 5, 7]","[True, True, True, True]","[0.05, 0.05, 0.05, 0.05]",4,3,2,leakyrelu,True,True,max,256,64,AdamW,,0.00015,1e-05,minmax,256,0.02775,2.38244,0.5,0.42251,"[0.59574, 0.13333, 0.53846]",0.59091,0.47804,"[0.69231, 0.18182, 0.56]",364,0.33541,1.52045,420,COMPLETED,62.798
1073,20251204_222259,gaitpart_GREW.csv,Preset_v2_19,TCN,42,"[256, 384, 512, 512]","[1, 3, 5, 7]","[True, True, True, True]","[0.05, 0.05, 0.05, 0.05]",4,3,2,leakyrelu,True,True,max,256,64,AdamW,,0.00015,1e-05,minmax,256,0.04,2.01584,0.45455,0.41938,"[0.55814, 0.3, 0.4]",0.52273,0.50063,"[0.59091, 0.47619, 0.43478]",110,0.30414,1.68978,129,COMPLETED,14.412
1074,20251204_222259,gaitpart_OUMVLP.csv,Preset_v2_19,TCN,42,"[256, 384, 512, 512]","[1, 3, 5, 7]","[True, True, True, True]","[0.05, 0.05, 0.05, 0.05]",4,3,2,leakyrelu,True,True,max,256,64,AdamW,,0.00015,1e-05,minmax,256,0.05895,1.79794,0.54545,0.38538,"[0.64, 0.0, 0.51613]",0.61364,0.60954,"[0.61538, 0.58824, 0.625]",477,0.39755,1.33053,493,COMPLETED,58.104
1075,20251204_222259,gaitset.csv,Preset_v2_19,TCN,42,"[256, 384, 512, 512]","[1, 3, 5, 7]","[True, True, True, True]","[0.05, 0.05, 0.05, 0.05]",4,3,2,leakyrelu,True,True,max,256,64,AdamW,,0.00015,1e-05,minmax,256,0.08674,1.7372,0.40909,0.28333,"[0.6, 0.0, 0.25]",0.52273,0.45,"[0.55, 0.25, 0.55]",78,0.74858,1.06998,121,COMPLETED,17.809
1076,20251204_222259,gaitset_GREW.csv,Preset_v2_19,TCN,42,"[256, 384, 512, 512]","[1, 3, 5, 7]","[True, True, True, True]","[0.05, 0.05, 0.05, 0.05]",4,3,2,leakyrelu,True,True,max,256,64,AdamW,,0.00015,1e-05,minmax,256,0.02194,2.37124,0.36364,0.31517,"[0.43902, 0.14286, 0.36364]",0.56818,0.45223,"[0.70588, 0.22222, 0.42857]",192,0.1249,2.14208,200,COMPLETED,29.631
1077,20251204_222259,gaitset_OUMVLP.csv,Preset_v2_19,TCN,42,"[256, 384, 512, 512]","[1, 3, 5, 7]","[True, True, True, True]","[0.05, 0.05, 0.05, 0.05]",4,3,2,leakyrelu,True,True,max,256,64,AdamW,,0.00015,1e-05,minmax,256,0.04663,2.13935,0.59091,0.48157,"[0.73913, 0.15385, 0.55172]",0.59091,0.49415,"[0.73684, 0.16667, 0.57895]",915,0.19144,1.72177,933,COMPLETED,145.744
1078,20251204_222259,gln_phase1.csv,Preset_v2_19,TCN,42,"[256, 384, 512, 512]","[1, 3, 5, 7]","[True, True, True, True]","[0.05, 0.05, 0.05, 0.05]",4,3,2,leakyrelu,True,True,max,256,64,AdamW,,0.00015,1e-05,minmax,256,0.03104,1.4269,0.52273,0.43965,"[0.60465, 0.2, 0.51429]",0.61364,0.53621,"[0.70833, 0.30769, 0.59259]",113,0.60191,0.93629,149,COMPLETED,34.586
1079,20251204_222259,gln_phase2.csv,Preset_v2_19,TCN,42,"[256, 384, 512, 512]","[1, 3, 5, 7]","[True, True, True, True]","[0.05, 0.05, 0.05, 0.05]",4,3,2,leakyrelu,True,True,max,256,64,AdamW,,0.00015,1e-05,minmax,256,0.05149,1.52841,0.5,0.42088,"[0.57778, 0.2, 0.48485]",0.54545,0.4914,"[0.68, 0.53333, 0.26087]",69,0.68099,1.14168,111,COMPLETED,26.756

1080,20251204_223158,baseline_CASIAB.csv,Preset_v2_20,TCN,42,"[512, 640, 768]","[4, 6, 8]","[True, False, True]","[0.05, 0.1, 0.1]",3,5,2,silu,False,False,attention,256,64,Adam,,0.00012,1e-05,L2,256,0.03967,2.08453,0.54545,0.45879,"[0.6087, 0.22222, 0.54545]",0.54545,0.48611,"[0.625, 0.33333, 0.5]",53,0.0641,2.02803,54,COMPLETED,10.193
1081,20251204_223158,baseline_OUMVLP.csv,Preset_v2_20,TCN,42,"[512, 640, 768]","[4, 6, 8]","[True, False, True]","[0.05, 0.1, 0.1]",3,5,2,silu,False,False,attention,256,64,Adam,,0.00012,1e-05,L2,256,0.05291,2.50354,0.45455,0.41564,"[0.51163, 0.23529, 0.5]",0.65909,0.57469,"[0.74074, 0.4, 0.58333]",119,0.23905,2.11682,132,COMPLETED,24.776
1082,20251204_223158,gaitgl.csv,Preset_v2_20,TCN,42,"[512, 640, 768]","[4, 6, 8]","[True, False, True]","[0.05, 0.1, 0.1]",3,5,2,silu,False,False,attention,256,64,Adam,,0.00012,1e-05,L2,128,0.01921,2.72854,0.45455,0.39156,"[0.63636, 0.34783, 0.19048]",0.45455,0.39156,"[0.63636, 0.34783, 0.19048]",25,0.01921,2.72854,25,COMPLETED,7.057
1083,20251204_223158,gaitgl_GREW.csv,Preset_v2_20,TCN,42,"[512, 640, 768]","[4, 6, 8]","[True, False, True]","[0.05, 0.1, 0.1]",3,5,2,silu,False,False,attention,256,64,Adam,,0.00012,1e-05,L2,256,0.01354,2.27052,0.45455,0.33417,"[0.52632, 0.0, 0.47619]",0.47727,0.44862,"[0.47059, 0.36364, 0.51163]",26,0.02084,2.23508,27,COMPLETED,7.79
1084,20251204_223158,gaitgl_GREW_BNNeck.csv,Preset_v2_20,TCN,42,"[512, 640, 768]","[4, 6, 8]","[True, False, True]","[0.05, 0.1, 0.1]",3,5,2,silu,False,False,attention,256,64,Adam,,0.00012,1e-05,L2,256,0.01761,3.37494,0.43182,0.3882,"[0.52174, 0.28571, 0.35714]",0.45455,0.43176,"[0.51282, 0.31579, 0.46667]",53,0.13193,2.43759,58,COMPLETED,16.819
1085,20251204_223158,gaitgl_OUMVLP.csv,Preset_v2_20,TCN,42,"[512, 640, 768]","[4, 6, 8]","[True, False, True]","[0.05, 0.1, 0.1]",3,5,2,silu,False,False,attention,256,64,Adam,,0.00012,1e-05,L2,256,0.02658,2.13967,0.5,0.41874,"[0.62222, 0.22222, 0.41176]",0.54545,0.45351,"[0.6383, 0.22222, 0.5]",110,0.0551,1.98986,112,COMPLETED,32.136
1086,20251204_223158,gaitpart_GREW.csv,Preset_v2_20,TCN,42,"[512, 640, 768]","[4, 6, 8]","[True, False, True]","[0.05, 0.1, 0.1]",3,5,2,silu,False,False,attention,256,64,Adam,,0.00012,1e-05,L2,256,0.01244,3.00851,0.43182,0.41358,"[0.4878, 0.35294, 0.4]",0.52273,0.47233,"[0.625, 0.47619, 0.31579]",123,0.06791,2.89369,134,COMPLETED,20.08
1087,20251204_223158,gaitpart_OUMVLP.csv,Preset_v2_20,TCN,42,"[512, 640, 768]","[4, 6, 8]","[True, False, True]","[0.05, 0.1, 0.1]",3,5,2,silu,False,False,attention,256,64,Adam,,0.00012,1e-05,L2,256,0.0286,2.36257,0.59091,0.49116,"[0.66667, 0.18182, 0.625]",0.59091,0.58716,"[0.57895, 0.57143, 0.61111]",315,0.23501,1.49915,321,COMPLETED,47.146
1088,20251204_223158,gaitset.csv,Preset_v2_20,TCN,42,"[512, 640, 768]","[4, 6, 8]","[True, False, True]","[0.05, 0.1, 0.1]",3,5,2,silu,False,False,attention,256,64,Adam,,0.00012,1e-05,L2,256,0.01677,3.47961,0.31818,0.24242,"[0.36364, 0.0, 0.36364]",0.5,0.357,"[0.58824, 0.0, 0.48276]",29,0.59653,1.39653,57,COMPLETED,15.915
1089,20251204_223158,gaitset_GREW.csv,Preset_v2_20,TCN,42,"[512, 640, 768]","[4, 6, 8]","[True, False, True]","[0.05, 0.1, 0.1]",3,5,2,silu,False,False,attention,256,64,Adam,,0.00012,1e-05,L2,256,0.01304,2.55978,0.52273,0.44997,"[0.57143, 0.13333, 0.64516]",0.52273,0.49784,"[0.52941, 0.4, 0.5641]",94,0.32069,1.83699,111,COMPLETED,31.69
1090,20251204_223158,gaitset_OUMVLP.csv,Preset_v2_20,TCN,42,"[512, 640, 768]","[4, 6, 8]","[True, False, True]","[0.05, 0.1, 0.1]",3,5,2,silu,False,False,attention,256,64,Adam,,0.00012,1e-05,L2,256,1.00479,1.01656,0.47727,0.21538,"[0.64615, 0.0, 0.0]",0.47727,0.21538,"[0.64615, 0.0, 0.0]",118,1.00479,1.01656,118,STOPPED,33.256
1091,20251204_223158,gln_phase1.csv,Preset_v2_20,TCN,42,"[512, 640, 768]","[4, 6, 8]","[True, False, True]","[0.05, 0.1, 0.1]",3,5,2,silu,False,False,attention,256,64,Adam,,0.00012,1e-05,L2,256,0.03426,1.5717,0.54545,0.47293,"[0.66667, 0.30769, 0.44444]",0.59091,0.56715,"[0.68293, 0.5, 0.51852]",49,0.19119,1.25336,59,COMPLETED,22.002
1092,20251204_223158,gln_phase2.csv,Preset_v2_20,TCN,42,"[512, 640, 768]","[4, 6, 8]","[True, False, True]","[0.05, 0.1, 0.1]",3,5,2,silu,False,False,attention,256,64,Adam,,0.00012,1e-05,L2,256,0.0266,2.65587,0.54545,0.39546,"[0.65306, 0.0, 0.53333]",0.56818,0.57335,"[0.5, 0.61538, 0.60465]",21,0.69687,1.14354,48,COMPLETED,18.016

1093,20251204_223701,baseline_CASIAB.csv,Preset_v2_21,TCN,42,"[256, 192, 128]","[1, 3, 5]","[True, True, True]","[0.1, 0.1, 0.1]",3,5,2,silu,True,True,mean,128,64,RMSprop,,0.0002,0.0,minmax,256,1.00607,1.01636,0.47727,0.21538,"[0.64615, 0.0, 0.0]",0.47727,0.21538,"[0.64615, 0.0, 0.0]",202,1.00607,1.01636,202,STOPPED,19.262
1094,20251204_223701,baseline_OUMVLP.csv,Preset_v2_21,TCN,42,"[256, 192, 128]","[1, 3, 5]","[True, True, True]","[0.1, 0.1, 0.1]",3,5,2,silu,True,True,mean,128,64,RMSprop,,0.0002,0.0,minmax,256,1.00668,1.01652,0.47727,0.21538,"[0.64615, 0.0, 0.0]",0.47727,0.21538,"[0.64615, 0.0, 0.0]",120,1.00668,1.01652,120,STOPPED,11.302
1095,20251204_223701,gaitgl.csv,Preset_v2_21,TCN,42,"[256, 192, 128]","[1, 3, 5]","[True, True, True]","[0.1, 0.1, 0.1]",3,5,2,silu,True,True,mean,128,64,RMSprop,,0.0002,0.0,minmax,128,1.00596,1.0141,0.47727,0.21538,"[0.64615, 0.0, 0.0]",0.47727,0.21538,"[0.64615, 0.0, 0.0]",264,1.00596,1.0141,264,STOPPED,26.167
1096,20251204_223701,gaitgl_GREW.csv,Preset_v2_21,TCN,42,"[256, 192, 128]","[1, 3, 5]","[True, True, True]","[0.1, 0.1, 0.1]",3,5,2,silu,True,True,mean,128,64,RMSprop,,0.0002,0.0,minmax,256,1.00833,1.01394,0.47727,0.21538,"[0.64615, 0.0, 0.0]",0.47727,0.21538,"[0.64615, 0.0, 0.0]",243,1.00833,1.01394,243,STOPPED,26.944
1097,20251204_223701,gaitgl_GREW_BNNeck.csv,Preset_v2_21,TCN,42,"[256, 192, 128]","[1, 3, 5]","[True, True, True]","[0.1, 0.1, 0.1]",3,5,2,silu,True,True,mean,128,64,RMSprop,,0.0002,0.0,minmax,256,1.00601,1.01359,0.47727,0.21538,"[0.64615, 0.0, 0.0]",0.47727,0.21538,"[0.64615, 0.0, 0.0]",175,1.00601,1.01359,175,STOPPED,18.882
1098,20251204_223701,gaitgl_OUMVLP.csv,Preset_v2_21,TCN,42,"[256, 192, 128]","[1, 3, 5]","[True, True, True]","[0.1, 0.1, 0.1]",3,5,2,silu,True,True,mean,128,64,RMSprop,,0.0002,0.0,minmax,256,1.00659,1.01652,0.47727,0.21538,"[0.64615, 0.0, 0.0]",0.47727,0.21538,"[0.64615, 0.0, 0.0]",268,1.00659,1.01652,268,STOPPED,31.01
1099,20251204_223701,gaitpart_GREW.csv,Preset_v2_21,TCN,42,"[256, 192, 128]","[1, 3, 5]","[True, True, True]","[0.1, 0.1, 0.1]",3,5,2,silu,True,True,mean,128,64,RMSprop,,0.0002,0.0,minmax,256,1.00771,1.0162,0.47727,0.21538,"[0.64615, 0.0, 0.0]",0.47727,0.21538,"[0.64615, 0.0, 0.0]",192,1.00771,1.0162,192,STOPPED,18.105
1100,20251204_223701,gaitpart_OUMVLP.csv,Preset_v2_21,TCN,42,"[256, 192, 128]","[1, 3, 5]","[True, True, True]","[0.1, 0.1, 0.1]",3,5,2,silu,True,True,mean,128,64,RMSprop,,0.0002,0.0,minmax,256,1.00638,1.01362,0.47727,0.21538,"[0.64615, 0.0, 0.0]",0.47727,0.21538,"[0.64615, 0.0, 0.0]",129,1.00638,1.01362,129,STOPPED,11.623
1101,20251204_223701,gaitset.csv,Preset_v2_21,TCN,42,"[256, 192, 128]","[1, 3, 5]","[True, True, True]","[0.1, 0.1, 0.1]",3,5,2,silu,True,True,mean,128,64,RMSprop,,0.0002,0.0,minmax,256,1.00728,1.01469,0.47727,0.21538,"[0.64615, 0.0, 0.0]",0.47727,0.21538,"[0.64615, 0.0, 0.0]",238,1.00728,1.01469,238,STOPPED,26.298
1102,20251204_223701,gaitset_GREW.csv,Preset_v2_21,TCN,42,"[256, 192, 128]","[1, 3, 5]","[True, True, True]","[0.1, 0.1, 0.1]",3,5,2,silu,True,True,mean,128,64,RMSprop,,0.0002,0.0,minmax,256,1.00814,1.01794,0.47727,0.21538,"[0.64615, 0.0, 0.0]",0.47727,0.21538,"[0.64615, 0.0, 0.0]",129,1.00814,1.01794,129,STOPPED,12.859
1103,20251204_223701,gaitset_OUMVLP.csv,Preset_v2_21,TCN,42,"[256, 192, 128]","[1, 3, 5]","[True, True, True]","[0.1, 0.1, 0.1]",3,5,2,silu,True,True,mean,128,64,RMSprop,,0.0002,0.0,minmax,256,1.00622,1.01404,0.47727,0.21538,"[0.64615, 0.0, 0.0]",0.47727,0.21538,"[0.64615, 0.0, 0.0]",138,1.00622,1.01404,138,STOPPED,13.707
1104,20251204_223701,gln_phase1.csv,Preset_v2_21,TCN,42,"[256, 192, 128]","[1, 3, 5]","[True, True, True]","[0.1, 0.1, 0.1]",3,5,2,silu,True,True,mean,128,64,RMSprop,,0.0002,0.0,minmax,256,1.00871,1.01449,0.47727,0.21538,"[0.64615, 0.0, 0.0]",0.47727,0.21538,"[0.64615, 0.0, 0.0]",173,1.00871,1.01449,173,STOPPED,19.959
1105,20251204_223701,gln_phase2.csv,Preset_v2_21,TCN,42,"[256, 192, 128]","[1, 3, 5]","[True, True, True]","[0.1, 0.1, 0.1]",3,5,2,silu,True,True,mean,128,64,RMSprop,,0.0002,0.0,minmax,256,1.00614,1.0145,0.47727,0.21538,"[0.64615, 0.0, 0.0]",0.47727,0.21538,"[0.64615, 0.0, 0.0]",265,1.00614,1.0145,265,STOPPED,34.916

1106,20251204_224146,baseline_CASIAB.csv,Preset_v2_22,TCN,42,"[384, 512, 512, 512]","[1, 4, 7, 10]","[True, True, True, True]","[0.05, 0.1, 0.1, 0.1]",4,3,3,leakyrelu,True,True,max,256,96,AdamW,,0.0001,1e-05,minmax,256,0.06622,1.6039,0.45455,0.32741,"[0.53061, 0.0, 0.45161]",0.47727,0.41168,"[0.5, 0.22222, 0.51282]",133,0.16401,1.4247,150,COMPLETED,22.107
1107,20251204_224146,baseline_OUMVLP.csv,Preset_v2_22,TCN,42,"[384, 512, 512, 512]","[1, 4, 7, 10]","[True, True, True, True]","[0.05, 0.1, 0.1, 0.1]",4,3,3,leakyrelu,True,True,max,256,96,AdamW,,0.0001,1e-05,minmax,256,0.06699,1.5634,0.45455,0.38808,"[0.43243, 0.18182, 0.55]",0.59091,0.54441,"[0.60465, 0.4, 0.62857]",186,0.374,1.11207,220,COMPLETED,28.849
1108,20251204_224146,gaitgl.csv,Preset_v2_22,TCN,42,"[384, 512, 512, 512]","[1, 4, 7, 10]","[True, True, True, True]","[0.05, 0.1, 0.1, 0.1]",4,3,3,leakyrelu,True,True,max,256,96,AdamW,,0.0001,1e-05,minmax,128,0.04475,1.3588,0.47727,0.33024,"[0.57692, 0.0, 0.41379]",0.45455,0.41604,"[0.5, 0.23529, 0.51282]",71,0.27679,1.29149,89,COMPLETED,16.912
1109,20251204_224146,gaitgl_GREW.csv,Preset_v2_22,TCN,42,"[384, 512, 512, 512]","[1, 4, 7, 10]","[True, True, True, True]","[0.05, 0.1, 0.1, 0.1]",4,3,3,leakyrelu,True,True,max,256,96,AdamW,,0.0001,1e-05,minmax,256,0.05038,1.21926,0.5,0.42174,"[0.56522, 0.2, 0.5]",0.5,0.42174,"[0.56522, 0.2, 0.5]",89,0.05038,1.21926,89,COMPLETED,22.28
1110,20251204_224146,gaitgl_GREW_BNNeck.csv,Preset_v2_22,TCN,42,"[384, 512, 512, 512]","[1, 4, 7, 10]","[True, True, True, True]","[0.05, 0.1, 0.1, 0.1]",4,3,3,leakyrelu,True,True,max,256,96,AdamW,,0.0001,1e-05,minmax,256,0.09587,2.01254,0.5,0.40907,"[0.59259, 0.25, 0.38462]",0.59091,0.46473,"[0.68966, 0.25, 0.45455]",197,0.37879,1.49054,242,COMPLETED,52.953
1111,20251204_224146,gaitgl_OUMVLP.csv,Preset_v2_22,TCN,42,"[384, 512, 512, 512]","[1, 4, 7, 10]","[True, True, True, True]","[0.05, 0.1, 0.1, 0.1]",4,3,3,leakyrelu,True,True,max,256,96,AdamW,,0.0001,1e-05,minmax,256,0.04929,1.67595,0.47727,0.40824,"[0.55556, 0.14286, 0.52632]",0.56818,0.47547,"[0.65, 0.18182, 0.59459]",275,0.10056,1.1868,281,COMPLETED,55.537
1112,20251204_224146,gaitpart_GREW.csv,Preset_v2_22,TCN,42,"[384, 512, 512, 512]","[1, 4, 7, 10]","[True, True, True, True]","[0.05, 0.1, 0.1, 0.1]",4,3,3,leakyrelu,True,True,max,256,96,AdamW,,0.0001,1e-05,minmax,256,0.06983,1.89957,0.47727,0.38675,"[0.57692, 0.16667, 0.41667]",0.54545,0.53333,"[0.6, 0.5, 0.5]",114,0.51422,1.18126,168,COMPLETED,19.237
1113,20251204_224146,gaitpart_OUMVLP.csv,Preset_v2_22,TCN,42,"[384, 512, 512, 512]","[1, 4, 7, 10]","[True, True, True, True]","[0.05, 0.1, 0.1, 0.1]",4,3,3,leakyrelu,True,True,max,256,96,AdamW,,0.0001,1e-05,minmax,256,0.05604,1.51788,0.5,0.43928,"[0.65116, 0.22222, 0.44444]",0.59091,0.53687,"[0.63158, 0.36364, 0.61538]",473,0.32155,1.24352,538,COMPLETED,59.152
1114,20251204_224146,gaitset.csv,Preset_v2_22,TCN,42,"[384, 512, 512, 512]","[1, 4, 7, 10]","[True, True, True, True]","[0.05, 0.1, 0.1, 0.1]",4,3,3,leakyrelu,True,True,max,256,96,AdamW,,0.0001,1e-05,minmax,256,0.06407,1.54718,0.43182,0.34604,"[0.56, 0.18182, 0.2963]",0.56818,0.52536,"[0.60465, 0.4, 0.57143]",120,0.41898,1.128,151,COMPLETED,28.38
1115,20251204_224146,gaitset_GREW.csv,Preset_v2_22,TCN,42,"[384, 512, 512, 512]","[1, 4, 7, 10]","[True, True, True, True]","[0.05, 0.1, 0.1, 0.1]",4,3,3,leakyrelu,True,True,max,256,96,AdamW,,0.0001,1e-05,minmax,256,0.05583,1.43166,0.38636,0.34017,"[0.41026, 0.2, 0.41026]",0.47727,0.45151,"[0.5641, 0.35294, 0.4375]",150,0.11812,1.32948,155,COMPLETED,29.874
1116,20251204_224146,gaitset_OUMVLP.csv,Preset_v2_22,TCN,42,"[384, 512, 512, 512]","[1, 4, 7, 10]","[True, True, True, True]","[0.05, 0.1, 0.1, 0.1]",4,3,3,leakyrelu,True,True,max,256,96,AdamW,,0.0001,1e-05,minmax,256,0.03954,1.57463,0.52273,0.37943,"[0.6383, 0.0, 0.5]",0.56818,0.50965,"[0.64865, 0.28571, 0.59459]",564,0.439,1.13598,748,COMPLETED,232.391
1117,20251204_224146,gln_phase1.csv,Preset_v2_22,TCN,42,"[384, 512, 512, 512]","[1, 4, 7, 10]","[True, True, True, True]","[0.05, 0.1, 0.1, 0.1]",4,3,3,leakyrelu,True,True,max,256,96,AdamW,,0.0001,1e-05,minmax,256,0.04785,1.48197,0.47727,0.35904,"[0.54054, 0.0, 0.53659]",0.59091,0.52923,"[0.68293, 0.33333, 0.57143]",121,0.47631,1.07868,183,COMPLETED,76.71
1118,20251204_224146,gln_phase2.csv,Preset_v2_22,TCN,42,"[384, 512, 512, 512]","[1, 4, 7, 10]","[True, True, True, True]","[0.05, 0.1, 0.1, 0.1]",4,3,3,leakyrelu,True,True,max,256,96,AdamW,,0.0001,1e-05,minmax,256,0.05794,1.27498,0.61364,0.55991,"[0.62857, 0.4, 0.65116]",0.61364,0.57006,"[0.63158, 0.44444, 0.63415]",125,0.35751,1.02095,165,COMPLETED,69.314

1119,20251204_225354,baseline_CASIAB.csv,Preset_v2_23,TCN,42,"[512, 512]","[3, 6]","[True, True]","[0.05, 0.05]",2,3,1,silu,True,True,attention,256,96,Adam,,0.00018,1e-05,minmax,256,1.00664,1.01515,0.47727,0.21538,"[0.64615, 0.0, 0.0]",0.47727,0.21538,"[0.64615, 0.0, 0.0]",108,1.00664,1.01515,108,STOPPED,8.539
1120,20251204_225354,baseline_OUMVLP.csv,Preset_v2_23,TCN,42,"[512, 512]","[3, 6]","[True, True]","[0.05, 0.05]",2,3,1,silu,True,True,attention,256,96,Adam,,0.00018,1e-05,minmax,256,1.00551,1.01517,0.47727,0.21538,"[0.64615, 0.0, 0.0]",0.47727,0.21538,"[0.64615, 0.0, 0.0]",112,1.00551,1.01517,112,STOPPED,8.567
1121,20251204_225354,gaitgl.csv,Preset_v2_23,TCN,42,"[512, 512]","[3, 6]","[True, True]","[0.05, 0.05]",2,3,1,silu,True,True,attention,256,96,Adam,,0.00018,1e-05,minmax,128,0.06674,3.3847,0.36364,0.27218,"[0.37209, 0.0, 0.44444]",0.40909,0.38055,"[0.42105, 0.25, 0.47059]",224,0.20924,2.90369,235,COMPLETED,20.307
1122,20251204_225354,gaitgl_GREW.csv,Preset_v2_23,TCN,42,"[512, 512]","[3, 6]","[True, True]","[0.05, 0.05]",2,3,1,silu,True,True,attention,256,96,Adam,,0.00018,1e-05,minmax,256,1.00828,1.0203,0.47727,0.21538,"[0.64615, 0.0, 0.0]",0.47727,0.21538,"[0.64615, 0.0, 0.0]",286,1.00828,1.0203,286,STOPPED,21.912
1123,20251204_225354,gaitgl_GREW_BNNeck.csv,Preset_v2_23,TCN,42,"[512, 512]","[3, 6]","[True, True]","[0.05, 0.05]",2,3,1,silu,True,True,attention,256,96,Adam,,0.00018,1e-05,minmax,256,1.00851,1.01569,0.47727,0.21538,"[0.64615, 0.0, 0.0]",0.47727,0.21538,"[0.64615, 0.0, 0.0]",108,1.00851,1.01569,108,STOPPED,8.614
1124,20251204_225354,gaitgl_OUMVLP.csv,Preset_v2_23,TCN,42,"[512, 512]","[3, 6]","[True, True]","[0.05, 0.05]",2,3,1,silu,True,True,attention,256,96,Adam,,0.00018,1e-05,minmax,256,1.00941,1.01553,0.47727,0.21538,"[0.64615, 0.0, 0.0]",0.47727,0.21538,"[0.64615, 0.0, 0.0]",149,1.00941,1.01553,149,STOPPED,11.738
1125,20251204_225354,gaitpart_GREW.csv,Preset_v2_23,TCN,42,"[512, 512]","[3, 6]","[True, True]","[0.05, 0.05]",2,3,1,silu,True,True,attention,256,96,Adam,,0.00018,1e-05,minmax,256,1.0079,1.01548,0.47727,0.21538,"[0.64615, 0.0, 0.0]",0.47727,0.21538,"[0.64615, 0.0, 0.0]",172,1.0079,1.01548,172,STOPPED,9.582
1126,20251204_225354,gaitpart_OUMVLP.csv,Preset_v2_23,TCN,42,"[512, 512]","[3, 6]","[True, True]","[0.05, 0.05]",2,3,1,silu,True,True,attention,256,96,Adam,,0.00018,1e-05,minmax,256,1.00673,1.01587,0.47727,0.21538,"[0.64615, 0.0, 0.0]",0.47727,0.21538,"[0.64615, 0.0, 0.0]",136,1.00673,1.01587,136,STOPPED,7.358
1127,20251204_225354,gaitset.csv,Preset_v2_23,TCN,42,"[512, 512]","[3, 6]","[True, True]","[0.05, 0.05]",2,3,1,silu,True,True,attention,256,96,Adam,,0.00018,1e-05,minmax,256,1.0126,1.01744,0.47727,0.21538,"[0.64615, 0.0, 0.0]",0.47727,0.21538,"[0.64615, 0.0, 0.0]",246,1.0126,1.01744,246,STOPPED,19.211
1128,20251204_225354,gaitset_GREW.csv,Preset_v2_23,TCN,42,"[512, 512]","[3, 6]","[True, True]","[0.05, 0.05]",2,3,1,silu,True,True,attention,256,96,Adam,,0.00018,1e-05,minmax,256,1.00683,1.01662,0.47727,0.21538,"[0.64615, 0.0, 0.0]",0.47727,0.21538,"[0.64615, 0.0, 0.0]",108,1.00683,1.01662,108,STOPPED,8.192
1129,20251204_225354,gaitset_OUMVLP.csv,Preset_v2_23,TCN,42,"[512, 512]","[3, 6]","[True, True]","[0.05, 0.05]",2,3,1,silu,True,True,attention,256,96,Adam,,0.00018,1e-05,minmax,256,1.00862,1.02009,0.47727,0.21538,"[0.64615, 0.0, 0.0]",0.47727,0.21538,"[0.64615, 0.0, 0.0]",179,1.00862,1.02009,179,STOPPED,14.227
1130,20251204_225354,gln_phase1.csv,Preset_v2_23,TCN,42,"[512, 512]","[3, 6]","[True, True]","[0.05, 0.05]",2,3,1,silu,True,True,attention,256,96,Adam,,0.00018,1e-05,minmax,256,1.00798,1.01597,0.47727,0.21538,"[0.64615, 0.0, 0.0]",0.47727,0.21538,"[0.64615, 0.0, 0.0]",130,1.00798,1.01597,130,STOPPED,13.358
1131,20251204_225354,gln_phase2.csv,Preset_v2_23,TCN,42,"[512, 512]","[3, 6]","[True, True]","[0.05, 0.05]",2,3,1,silu,True,True,attention,256,96,Adam,,0.00018,1e-05,minmax,256,1.01802,1.02155,0.47727,0.21538,"[0.64615, 0.0, 0.0]",0.47727,0.21538,"[0.64615, 0.0, 0.0]",125,1.01802,1.02155,125,STOPPED,12.458

1132,20251204_225652,baseline_CASIAB.csv,Preset_v2_24,TCN,42,"[256, 256, 512, 512]","[2, 4, 6, 8]","[True, True, True, True]","[0.05, 0.05, 0.1, 0.1]",4,3,2,gelu,True,True,mean,256,64,AdamW,,0.00012,1e-05,L2,256,0.02445,2.67419,0.5,0.37222,"[0.58333, 0.0, 0.53333]",0.52273,0.50656,"[0.55814, 0.46154, 0.5]",58,0.09675,2.43625,61,COMPLETED,6.691
1133,20251204_225652,baseline_OUMVLP.csv,Preset_v2_24,TCN,42,"[256, 256, 512, 512]","[2, 4, 6, 8]","[True, True, True, True]","[0.05, 0.05, 0.1, 0.1]",4,3,2,gelu,True,True,mean,256,64,AdamW,,0.00012,1e-05,L2,256,0.03456,2.07291,0.45455,0.3907,"[0.47368, 0.14286, 0.55556]",0.61364,0.54291,"[0.68, 0.33333, 0.61538]",71,0.17196,1.73057,78,COMPLETED,8.509
1134,20251204_225652,gaitgl.csv,Preset_v2_24,TCN,42,"[256, 256, 512, 512]","[2, 4, 6, 8]","[True, True, True, True]","[0.05, 0.05, 0.1, 0.1]",4,3,2,gelu,True,True,mean,256,64,AdamW,,0.00012,1e-05,L2,128,0.0236,2.59806,0.38636,0.32639,"[0.52381, 0.14286, 0.3125]",0.56818,0.51804,"[0.57143, 0.36364, 0.61905]",38,0.16131,2.07307,45,COMPLETED,6.141
1135,20251204_225652,gaitgl_GREW.csv,Preset_v2_24,TCN,42,"[256, 256, 512, 512]","[2, 4, 6, 8]","[True, True, True, True]","[0.05, 0.05, 0.1, 0.1]",4,3,2,gelu,True,True,mean,256,64,AdamW,,0.00012,1e-05,L2,256,0.02517,1.66726,0.52273,0.41333,"[0.64151, 0.18182, 0.41667]",0.56818,0.47862,"[0.61905, 0.22222, 0.59459]",47,0.02649,1.34621,48,COMPLETED,7.41
1136,20251204_225652,gaitgl_GREW_BNNeck.csv,Preset_v2_24,TCN,42,"[256, 256, 512, 512]","[2, 4, 6, 8]","[True, True, True, True]","[0.05, 0.05, 0.1, 0.1]",4,3,2,gelu,True,True,mean,256,64,AdamW,,0.00012,1e-05,L2,256,0.01573,2.53745,0.34091,0.29575,"[0.40909, 0.13333, 0.34483]",0.45455,0.39497,"[0.47619, 0.22222, 0.48649]",41,0.59722,1.23761,55,COMPLETED,7.738
1137,20251204_225652,gaitgl_OUMVLP.csv,Preset_v2_24,TCN,42,"[256, 256, 512, 512]","[2, 4, 6, 8]","[True, True, True, True]","[0.05, 0.05, 0.1, 0.1]",4,3,2,gelu,True,True,mean,256,64,AdamW,,0.00012,1e-05,L2,256,0.01137,2.61753,0.43182,0.41667,"[0.5, 0.33333, 0.41667]",0.5,0.46769,"[0.60465, 0.36364, 0.43478]",100,0.02321,2.35707,103,COMPLETED,14.115
1138,20251204_225652,gaitpart_GREW.csv,Preset_v2_24,TCN,42,"[256, 256, 512, 512]","[2, 4, 6, 8]","[True, True, True, True]","[0.05, 0.05, 0.1, 0.1]",4,3,2,gelu,True,True,mean,256,64,AdamW,,0.00012,1e-05,L2,256,0.03406,1.9722,0.56818,0.52676,"[0.69767, 0.42105, 0.46154]",0.59091,0.55355,"[0.69767, 0.44444, 0.51852]",71,0.08454,1.72834,74,COMPLETED,9.627
1139,20251204_225652,gaitpart_OUMVLP.csv,Preset_v2_24,TCN,42,"[256, 256, 512, 512]","[2, 4, 6, 8]","[True, True, True, True]","[0.05, 0.05, 0.1, 0.1]",4,3,2,gelu,True,True,mean,256,64,AdamW,,0.00012,1e-05,L2,256,0.03121,1.71931,0.52273,0.43167,"[0.61224, 0.2, 0.48276]",0.61364,0.55296,"[0.66667, 0.36364, 0.62857]",95,0.56395,1.0946,134,COMPLETED,17.143
1140,20251204_225652,gaitset.csv,Preset_v2_24,TCN,42,"[256, 256, 512, 512]","[2, 4, 6, 8]","[True, True, True, True]","[0.05, 0.05, 0.1, 0.1]",4,3,2,gelu,True,True,mean,256,64,AdamW,,0.00012,1e-05,L2,256,0.0202,3.53856,0.38636,0.33883,"[0.5, 0.28571, 0.23077]",0.40909,0.38047,"[0.51064, 0.4, 0.23077]",58,0.03968,3.22727,61,COMPLETED,12.722
1141,20251204_225652,gaitset_GREW.csv,Preset_v2_24,TCN,42,"[256, 256, 512, 512]","[2, 4, 6, 8]","[True, True, True, True]","[0.05, 0.05, 0.1, 0.1]",4,3,2,gelu,True,True,mean,256,64,AdamW,,0.00012,1e-05,L2,256,0.02986,2.23531,0.36364,0.36236,"[0.45161, 0.2069, 0.42857]",0.59091,0.52849,"[0.61111, 0.30769, 0.66667]",56,0.16071,1.47702,68,COMPLETED,14.14
1142,20251204_225652,gaitset_OUMVLP.csv,Preset_v2_24,TCN,42,"[256, 256, 512, 512]","[2, 4, 6, 8]","[True, True, True, True]","[0.05, 0.05, 0.1, 0.1]",4,3,2,gelu,True,True,mean,256,64,AdamW,,0.00012,1e-05,L2,256,0.06573,1.8029,0.5,0.41597,"[0.58333, 0.18182, 0.48276]",0.56818,0.51354,"[0.61905, 0.33333, 0.58824]",153,0.16822,1.55617,158,COMPLETED,32.637
1143,20251204_225652,gln_phase1.csv,Preset_v2_24,TCN,42,"[256, 256, 512, 512]","[2, 4, 6, 8]","[True, True, True, True]","[0.05, 0.05, 0.1, 0.1]",4,3,2,gelu,True,True,mean,256,64,AdamW,,0.00012,1e-05,L2,256,0.02735,2.16155,0.5,0.47624,"[0.61538, 0.33333, 0.48]",0.5,0.49033,"[0.58824, 0.4, 0.48276]",66,0.13075,1.59004,73,COMPLETED,19.541
1144,20251204_225652,gln_phase2.csv,Preset_v2_24,TCN,42,"[256, 256, 512, 512]","[2, 4, 6, 8]","[True, True, True, True]","[0.05, 0.05, 0.1, 0.1]",4,3,2,gelu,True,True,mean,256,64,AdamW,,0.00012,1e-05,L2,256,0.02004,1.62803,0.56818,0.50791,"[0.63636, 0.26667, 0.62069]",0.54545,0.54994,"[0.51429, 0.57143, 0.5641]",55,0.14292,1.42817,64,COMPLETED,17.009

1145,20251204_230000,baseline_CASIAB.csv,Preset_v2_25,TCN,42,"[1024, 768, 512]","[5, 3, 1]","[True, False, True]","[0.1, 0.1, 0.1]",3,7,2,gelu,True,True,attention,512,64,Adam,,0.0001,1e-05,minmax,256,1.00754,1.01429,0.47727,0.21538,"[0.64615, 0.0, 0.0]",0.47727,0.21538,"[0.64615, 0.0, 0.0]",134,1.00754,1.01429,134,STOPPED,67.204
1146,20251204_230000,baseline_OUMVLP.csv,Preset_v2_25,TCN,42,"[1024, 768, 512]","[5, 3, 1]","[True, False, True]","[0.1, 0.1, 0.1]",3,7,2,gelu,True,True,attention,512,64,Adam,,0.0001,1e-05,minmax,256,1.00568,1.01368,0.47727,0.21538,"[0.64615, 0.0, 0.0]",0.47727,0.21538,"[0.64615, 0.0, 0.0]",128,1.00568,1.01368,128,STOPPED,64.606
1147,20251204_230000,gaitgl.csv,Preset_v2_25,TCN,42,"[1024, 768, 512]","[5, 3, 1]","[True, False, True]","[0.1, 0.1, 0.1]",3,7,2,gelu,True,True,attention,512,64,Adam,,0.0001,1e-05,minmax,128,1.00545,1.01386,0.47727,0.21538,"[0.64615, 0.0, 0.0]",0.47727,0.21538,"[0.64615, 0.0, 0.0]",154,1.00545,1.01386,154,STOPPED,108.93
1148,20251204_230000,gaitgl_GREW.csv,Preset_v2_25,TCN,42,"[1024, 768, 512]","[5, 3, 1]","[True, False, True]","[0.1, 0.1, 0.1]",3,7,2,gelu,True,True,attention,512,64,Adam,,0.0001,1e-05,minmax,256,1.00595,1.01395,0.47727,0.21538,"[0.64615, 0.0, 0.0]",0.47727,0.21538,"[0.64615, 0.0, 0.0]",110,1.00595,1.01395,110,STOPPED,48.349
1149,20251204_230000,gaitgl_GREW_BNNeck.csv,Preset_v2_25,TCN,42,"[1024, 768, 512]","[5, 3, 1]","[True, False, True]","[0.1, 0.1, 0.1]",3,7,2,gelu,True,True,attention,512,64,Adam,,0.0001,1e-05,minmax,256,1.00884,1.01639,0.47727,0.21538,"[0.64615, 0.0, 0.0]",0.47727,0.21538,"[0.64615, 0.0, 0.0]",115,1.00884,1.01639,115,STOPPED,49.501
1150,20251204_230000,gaitgl_OUMVLP.csv,Preset_v2_25,TCN,42,"[1024, 768, 512]","[5, 3, 1]","[True, False, True]","[0.1, 0.1, 0.1]",3,7,2,gelu,True,True,attention,512,64,Adam,,0.0001,1e-05,minmax,256,1.00778,1.01535,0.47727,0.21538,"[0.64615, 0.0, 0.0]",0.47727,0.21538,"[0.64615, 0.0, 0.0]",119,1.00778,1.01535,119,STOPPED,51.439
1151,20251204_230000,gaitpart_GREW.csv,Preset_v2_25,TCN,42,"[1024, 768, 512]","[5, 3, 1]","[True, False, True]","[0.1, 0.1, 0.1]",3,7,2,gelu,True,True,attention,512,64,Adam,,0.0001,1e-05,minmax,256,1.00908,1.01543,0.47727,0.21538,"[0.64615, 0.0, 0.0]",0.47727,0.21538,"[0.64615, 0.0, 0.0]",141,1.00908,1.01543,141,STOPPED,31.96
1152,20251204_230000,gaitpart_OUMVLP.csv,Preset_v2_25,TCN,42,"[1024, 768, 512]","[5, 3, 1]","[True, False, True]","[0.1, 0.1, 0.1]",3,7,2,gelu,True,True,attention,512,64,Adam,,0.0001,1e-05,minmax,256,1.0056,1.01425,0.47727,0.21538,"[0.64615, 0.0, 0.0]",0.47727,0.21538,"[0.64615, 0.0, 0.0]",304,1.0056,1.01425,304,STOPPED,58.904
1153,20251204_230000,gaitset.csv,Preset_v2_25,TCN,42,"[1024, 768, 512]","[5, 3, 1]","[True, False, True]","[0.1, 0.1, 0.1]",3,7,2,gelu,True,True,attention,512,64,Adam,,0.0001,1e-05,minmax,256,1.01073,1.02153,0.47727,0.21538,"[0.64615, 0.0, 0.0]",0.47727,0.21538,"[0.64615, 0.0, 0.0]",168,1.01073,1.02153,168,STOPPED,68.64
1154,20251204_230000,gaitset_GREW.csv,Preset_v2_25,TCN,42,"[1024, 768, 512]","[5, 3, 1]","[True, False, True]","[0.1, 0.1, 0.1]",3,7,2,gelu,True,True,attention,512,64,Adam,,0.0001,1e-05,minmax,256,1.00621,1.01335,0.47727,0.21538,"[0.64615, 0.0, 0.0]",0.47727,0.21538,"[0.64615, 0.0, 0.0]",167,1.00621,1.01335,167,STOPPED,68.468
1155,20251204_230000,gaitset_OUMVLP.csv,Preset_v2_25,TCN,42,"[1024, 768, 512]","[5, 3, 1]","[True, False, True]","[0.1, 0.1, 0.1]",3,7,2,gelu,True,True,attention,512,64,Adam,,0.0001,1e-05,minmax,256,1.0058,1.01316,0.47727,0.21538,"[0.64615, 0.0, 0.0]",0.47727,0.21538,"[0.64615, 0.0, 0.0]",140,1.0058,1.01316,140,STOPPED,58.382
1156,20251204_230000,gln_phase1.csv,Preset_v2_25,TCN,42,"[1024, 768, 512]","[5, 3, 1]","[True, False, True]","[0.1, 0.1, 0.1]",3,7,2,gelu,True,True,attention,512,64,Adam,,0.0001,1e-05,minmax,256,1.0054,1.01367,0.47727,0.21538,"[0.64615, 0.0, 0.0]",0.47727,0.21538,"[0.64615, 0.0, 0.0]",130,1.0054,1.01367,130,STOPPED,73.08
1157,20251204_230000,gln_phase2.csv,Preset_v2_25,TCN,42,"[1024, 768, 512]","[5, 3, 1]","[True, False, True]","[0.1, 0.1, 0.1]",3,7,2,gelu,True,True,attention,512,64,Adam,,0.0001,1e-05,minmax,256,1.00829,1.01776,0.47727,0.21538,"[0.64615, 0.0, 0.0]",0.47727,0.21538,"[0.64615, 0.0, 0.0]",212,1.00829,1.01776,212,STOPPED,108.311

1158,20251205_115311,baseline_CASIAB.csv,Preset_v2_1,TCN,42,"[512, 384, 256]","[1, 3, 9]","[True, True, True]","[0.0, 0.0, 0.1]",3,3,2,gelu,True,True,attention,256,48,AdamW,,5e-05,1e-05,L2,256,0.05969,1.76784,0.47727,0.40269,"[0.56522, 0.14286, 0.5]",0.56818,0.47784,"[0.60465, 0.18182, 0.64706]",32,0.3311,1.26279,42,COMPLETED,6.005
1159,20251205_115311,baseline_OUMVLP.csv,Preset_v2_1,TCN,42,"[512, 384, 256]","[1, 3, 9]","[True, True, True]","[0.0, 0.0, 0.1]",3,3,2,gelu,True,True,attention,256,48,AdamW,,5e-05,1e-05,L2,256,0.05144,1.73837,0.54545,0.44311,"[0.68085, 0.18182, 0.46667]",0.52273,0.47355,"[0.58537, 0.23529, 0.6]",52,0.1141,1.53574,57,COMPLETED,8.024
1160,20251205_115311,gaitgl.csv,Preset_v2_1,TCN,42,"[512, 384, 256]","[1, 3, 9]","[True, True, True]","[0.0, 0.0, 0.1]",3,3,2,gelu,True,True,attention,256,48,AdamW,,5e-05,1e-05,L2,128,0.02858,1.90565,0.52273,0.37007,"[0.62745, 0.0, 0.48276]",0.59091,0.40979,"[0.69091, 0.0, 0.53846]",28,0.11332,1.65947,34,COMPLETED,5.23
1161,20251205_115311,gaitgl_GREW.csv,Preset_v2_1,TCN,42,"[512, 384, 256]","[1, 3, 9]","[True, True, True]","[0.0, 0.0, 0.1]",3,3,2,gelu,True,True,attention,256,48,AdamW,,5e-05,1e-05,L2,256,0.0317,2.19968,0.36364,0.25522,"[0.4898, 0.0, 0.27586]",0.43182,0.3059,"[0.53061, 0.0, 0.3871]",20,0.3657,1.3718,30,COMPLETED,4.906
1162,20251205_115311,gaitgl_GREW_BNNeck.csv,Preset_v2_1,TCN,42,"[512, 384, 256]","[1, 3, 9]","[True, True, True]","[0.0, 0.0, 0.1]",3,3,2,gelu,True,True,attention,256,48,AdamW,,5e-05,1e-05,L2,256,0.07519,2.87367,0.43182,0.27804,"[0.5614, 0.0, 0.27273]",0.40909,0.34556,"[0.52, 0.25, 0.26667]",27,0.43727,1.57215,49,COMPLETED,7.86
1163,20251205_115311,gaitgl_OUMVLP.csv,Preset_v2_1,TCN,42,"[512, 384, 256]","[1, 3, 9]","[True, True, True]","[0.0, 0.0, 0.1]",3,3,2,gelu,True,True,attention,256,48,AdamW,,5e-05,1e-05,L2,256,0.02801,1.40084,0.59091,0.42577,"[0.70588, 0.0, 0.57143]",0.63636,0.52365,"[0.70588, 0.22222, 0.64286]",47,0.24989,1.15696,63,COMPLETED,9.419
1164,20251205_115311,gaitpart_GREW.csv,Preset_v2_1,TCN,42,"[512, 384, 256]","[1, 3, 9]","[True, True, True]","[0.0, 0.0, 0.1]",3,3,2,gelu,True,True,attention,256,48,AdamW,,5e-05,1e-05,L2,256,0.09284,2.36983,0.40909,0.29979,"[0.56604, 0.13333, 0.2]",0.43182,0.39627,"[0.51064, 0.33333, 0.34483]",56,0.16984,1.81653,64,COMPLETED,7.677
1165,20251205_115311,gaitpart_OUMVLP.csv,Preset_v2_1,TCN,42,"[512, 384, 256]","[1, 3, 9]","[True, True, True]","[0.0, 0.0, 0.1]",3,3,2,gelu,True,True,attention,256,48,AdamW,,5e-05,1e-05,L2,256,0.06488,1.76336,0.45455,0.39577,"[0.61538, 0.10526, 0.46667]",0.63636,0.53236,"[0.73171, 0.25, 0.61538]",63,0.57076,1.15954,122,COMPLETED,14.015
1166,20251205_115311,gaitset.csv,Preset_v2_1,TCN,42,"[512, 384, 256]","[1, 3, 9]","[True, True, True]","[0.0, 0.0, 0.1]",3,3,2,gelu,True,True,attention,256,48,AdamW,,5e-05,1e-05,L2,256,0.02913,2.49789,0.36364,0.26243,"[0.44444, 0.0, 0.34286]",0.47727,0.33631,"[0.57143, 0.0, 0.4375]",25,0.59942,1.28131,45,COMPLETED,6.634
1167,20251205_115311,gaitset_GREW.csv,Preset_v2_1,TCN,42,"[512, 384, 256]","[1, 3, 9]","[True, True, True]","[0.0, 0.0, 0.1]",3,3,2,gelu,True,True,attention,256,48,AdamW,,5e-05,1e-05,L2,256,0.04211,2.44781,0.40909,0.34831,"[0.53659, 0.13333, 0.375]",0.5,0.46205,"[0.60465, 0.35294, 0.42857]",47,0.16447,1.95852,55,COMPLETED,7.881
1168,20251205_115311,gaitset_OUMVLP.csv,Preset_v2_1,TCN,42,"[512, 384, 256]","[1, 3, 9]","[True, True, True]","[0.0, 0.0, 0.1]",3,3,2,gelu,True,True,attention,256,48,AdamW,,5e-05,1e-05,L2,256,0.05721,2.06587,0.5,0.41667,"[0.58333, 0.16667, 0.5]",0.5,0.45466,"[0.48485, 0.30769, 0.57143]",128,0.22127,1.85675,144,COMPLETED,20.337
1169,20251205_115311,gln_phase1.csv,Preset_v2_1,TCN,42,"[512, 384, 256]","[1, 3, 9]","[True, True, True]","[0.0, 0.0, 0.1]",3,3,2,gelu,True,True,attention,256,48,AdamW,,5e-05,1e-05,L2,256,0.06968,1.78601,0.45455,0.38366,"[0.58537, 0.15385, 0.41176]",0.5,0.43178,"[0.625, 0.28571, 0.38462]",53,0.08089,1.71595,54,COMPLETED,9.178
1170,20251205_115311,gln_phase2.csv,Preset_v2_1,TCN,42,"[512, 384, 256]","[1, 3, 9]","[True, True, True]","[0.0, 0.0, 0.1]",3,3,2,gelu,True,True,attention,256,48,AdamW,,5e-05,1e-05,L2,256,0.051,1.58105,0.47727,0.44258,"[0.52381, 0.33333, 0.47059]",0.52273,0.50918,"[0.52941, 0.46154, 0.53659]",41,0.05882,1.68076,42,COMPLETED,7.134

1171,20251205_115519,baseline_CASIAB.csv,Preset_v2_2,TCN,42,"[384, 576, 768]","[3, 6, 9]","[True, True, False]","[0.05, 0.1, 0.1]",3,3,2,silu,True,True,max,320,40,Adam,,3e-05,1e-05,L2,256,0.06017,1.31777,0.52273,0.44247,"[0.59091, 0.22222, 0.51429]",0.59091,0.48852,"[0.68085, 0.22222, 0.5625]",42,0.09293,1.2796,46,COMPLETED,6.876
1172,20251205_115519,baseline_OUMVLP.csv,Preset_v2_2,TCN,42,"[384, 576, 768]","[3, 6, 9]","[True, True, False]","[0.05, 0.1, 0.1]",3,3,2,silu,True,True,max,320,40,Adam,,3e-05,1e-05,L2,256,0.06273,1.44333,0.54545,0.50334,"[0.55814, 0.36364, 0.58824]",0.56818,0.52751,"[0.57143, 0.4, 0.61111]",38,0.37652,1.153,59,COMPLETED,8.577
1173,20251205_115519,gaitgl.csv,Preset_v2_2,TCN,42,"[384, 576, 768]","[3, 6, 9]","[True, True, False]","[0.05, 0.1, 0.1]",3,3,2,silu,True,True,max,320,40,Adam,,3e-05,1e-05,L2,128,0.06177,1.09849,0.40909,0.28827,"[0.4898, 0.0, 0.375]",0.47727,0.34553,"[0.53659, 0.0, 0.5]",20,0.34171,1.03871,33,COMPLETED,5.931
1174,20251205_115519,gaitgl_GREW.csv,Preset_v2_2,TCN,42,"[384, 576, 768]","[3, 6, 9]","[True, True, False]","[0.05, 0.1, 0.1]",3,3,2,silu,True,True,max,320,40,Adam,,3e-05,1e-05,L2,256,0.05625,1.06857,0.52273,0.36471,"[0.62745, 0.0, 0.46667]",0.56818,0.4,"[0.66667, 0.0, 0.53333]",13,0.64974,0.99318,33,COMPLETED,6.086
1175,20251205_115519,gaitgl_GREW_BNNeck.csv,Preset_v2_2,TCN,42,"[384, 576, 768]","[3, 6, 9]","[True, True, False]","[0.05, 0.1, 0.1]",3,3,2,silu,True,True,max,320,40,Adam,,3e-05,1e-05,L2,256,0.06733,1.3558,0.45455,0.38128,"[0.54902, 0.25, 0.34483]",0.5,0.41301,"[0.58824, 0.22222, 0.42857]",39,0.09521,1.26748,43,COMPLETED,7.961
1176,20251205_115519,gaitgl_OUMVLP.csv,Preset_v2_2,TCN,42,"[384, 576, 768]","[3, 6, 9]","[True, True, False]","[0.05, 0.1, 0.1]",3,3,2,silu,True,True,max,320,40,Adam,,3e-05,1e-05,L2,256,0.07947,1.18146,0.45455,0.38981,"[0.57895, 0.13333, 0.45714]",0.54545,0.44313,"[0.71111, 0.16667, 0.45161]",56,0.15827,1.10428,65,COMPLETED,12.019
1177,20251205_115519,gaitpart_GREW.csv,Preset_v2_2,TCN,42,"[384, 576, 768]","[3, 6, 9]","[True, True, False]","[0.05, 0.1, 0.1]",3,3,2,silu,True,True,max,320,40,Adam,,3e-05,1e-05,L2,256,0.06363,1.51888,0.54545,0.47394,"[0.64151, 0.36364, 0.41667]",0.56818,0.51766,"[0.6087, 0.36364, 0.58065]",47,0.12649,1.20902,54,COMPLETED,7.212
1178,20251205_115519,gaitpart_OUMVLP.csv,Preset_v2_2,TCN,42,"[384, 576, 768]","[3, 6, 9]","[True, True, False]","[0.05, 0.1, 0.1]",3,3,2,silu,True,True,max,320,40,Adam,,3e-05,1e-05,L2,256,0.06561,1.5236,0.56818,0.49618,"[0.68085, 0.30769, 0.5]",0.61364,0.5799,"[0.69767, 0.47059, 0.57143]",65,0.32987,1.21684,95,COMPLETED,12.732
1179,20251205_115519,gaitset.csv,Preset_v2_2,TCN,42,"[384, 576, 768]","[3, 6, 9]","[True, True, False]","[0.05, 0.1, 0.1]",3,3,2,silu,True,True,max,320,40,Adam,,3e-05,1e-05,L2,256,0.06629,1.38201,0.47727,0.33401,"[0.58824, 0.0, 0.41379]",0.52273,0.37075,"[0.61224, 0.0, 0.5]",31,0.24207,1.17459,45,COMPLETED,8.357
1180,20251205_115519,gaitset_GREW.csv,Preset_v2_2,TCN,42,"[384, 576, 768]","[3, 6, 9]","[True, True, False]","[0.05, 0.1, 0.1]",3,3,2,silu,True,True,max,320,40,Adam,,3e-05,1e-05,L2,256,0.06578,1.21067,0.54545,0.38435,"[0.65306, 0.0, 0.5]",0.47727,0.43829,"[0.53659, 0.30769, 0.47059]",28,0.45935,1.08645,50,COMPLETED,9.168
1181,20251205_115519,gaitset_OUMVLP.csv,Preset_v2_2,TCN,42,"[384, 576, 768]","[3, 6, 9]","[True, True, False]","[0.05, 0.1, 0.1]",3,3,2,silu,True,True,max,320,40,Adam,,3e-05,1e-05,L2,256,0.07321,1.28952,0.52273,0.47339,"[0.5641, 0.25, 0.60606]",0.59091,0.55075,"[0.63636, 0.44444, 0.57143]",91,0.24205,1.0953,119,COMPLETED,21.821
1182,20251205_115519,gln_phase1.csv,Preset_v2_2,TCN,42,"[384, 576, 768]","[3, 6, 9]","[True, True, False]","[0.05, 0.1, 0.1]",3,3,2,silu,True,True,max,320,40,Adam,,3e-05,1e-05,L2,256,0.0699,1.15368,0.47727,0.33584,"[0.59574, 0.0, 0.41176]",0.52273,0.48207,"[0.6087, 0.4, 0.4375]",45,0.07509,1.11831,46,COMPLETED,11.008
1183,20251205_115519,gln_phase2.csv,Preset_v2_2,TCN,42,"[384, 576, 768]","[3, 6, 9]","[True, True, False]","[0.05, 0.1, 0.1]",3,3,2,silu,True,True,max,320,40,Adam,,3e-05,1e-05,L2,256,0.07181,1.00074,0.59091,0.43056,"[0.66667, 0.0, 0.625]",0.65909,0.62719,"[0.71111, 0.54545, 0.625]",38,0.14128,0.97463,46,COMPLETED,10.854

1184,20251205_115742,baseline_CASIAB.csv,Preset_v2_3,TCN,42,"[768, 640, 512]","[1, 3, 5]","[True, True, True]","[0.1, 0.1, 0.2]",3,5,2,mish,True,True,attention,384,32,AdamW,,2e-05,1e-05,minmax,256,0.07405,2.60291,0.47727,0.41128,"[0.51163, 0.22222, 0.5]",0.5,0.46806,"[0.54054, 0.36364, 0.5]",72,0.7272,1.18887,115,COMPLETED,29.742
1185,20251205_115742,baseline_OUMVLP.csv,Preset_v2_3,TCN,42,"[768, 640, 512]","[1, 3, 5]","[True, True, True]","[0.1, 0.1, 0.2]",3,5,2,mish,True,True,attention,384,32,AdamW,,2e-05,1e-05,minmax,256,0.05838,1.63611,0.52273,0.44207,"[0.51282, 0.18182, 0.63158]",0.61364,0.51931,"[0.62222, 0.25, 0.68571]",146,0.33377,1.17987,167,COMPLETED,42.94
1186,20251205_115742,gaitgl.csv,Preset_v2_3,TCN,42,"[768, 640, 512]","[1, 3, 5]","[True, True, True]","[0.1, 0.1, 0.2]",3,5,2,mish,True,True,attention,384,32,AdamW,,2e-05,1e-05,minmax,128,0.06816,2.37753,0.45455,0.40078,"[0.54902, 0.33333, 0.32]",0.43182,0.43004,"[0.4, 0.42857, 0.46154]",83,0.3079,1.73794,97,COMPLETED,31.031
1187,20251205_115742,gaitgl_GREW.csv,Preset_v2_3,TCN,42,"[768, 640, 512]","[1, 3, 5]","[True, True, True]","[0.1, 0.1, 0.2]",3,5,2,mish,True,True,attention,384,32,AdamW,,2e-05,1e-05,minmax,256,0.0177,2.29336,0.45455,0.32985,"[0.57778, 0.0, 0.41176]",0.52273,0.49174,"[0.61538, 0.375, 0.48485]",83,0.07234,2.03068,92,COMPLETED,30.157
1188,20251205_115742,gaitgl_GREW_BNNeck.csv,Preset_v2_3,TCN,42,"[768, 640, 512]","[1, 3, 5]","[True, True, True]","[0.1, 0.1, 0.2]",3,5,2,mish,True,True,attention,384,32,AdamW,,2e-05,1e-05,minmax,256,1.00537,1.01395,0.47727,0.21538,"[0.64615, 0.0, 0.0]",0.47727,0.21538,"[0.64615, 0.0, 0.0]",168,1.00537,1.01395,168,STOPPED,54.643
1189,20251205_115742,gaitgl_OUMVLP.csv,Preset_v2_3,TCN,42,"[768, 640, 512]","[1, 3, 5]","[True, True, True]","[0.1, 0.1, 0.2]",3,5,2,mish,True,True,attention,384,32,AdamW,,2e-05,1e-05,minmax,256,0.06475,3.11545,0.40909,0.35504,"[0.46512, 0.13333, 0.46667]",0.43182,0.375,"[0.5, 0.125, 0.5]",218,0.0874,3.12828,220,COMPLETED,71.947
1190,20251205_115742,gaitpart_GREW.csv,Preset_v2_3,TCN,42,"[768, 640, 512]","[1, 3, 5]","[True, True, True]","[0.1, 0.1, 0.2]",3,5,2,mish,True,True,attention,384,32,AdamW,,2e-05,1e-05,minmax,256,0.09865,2.76667,0.40909,0.38281,"[0.4878, 0.30769, 0.35294]",0.5,0.48234,"[0.55814, 0.44444, 0.44444]",106,0.38762,1.80443,156,COMPLETED,36.525
1191,20251205_115742,gaitpart_OUMVLP.csv,Preset_v2_3,TCN,42,"[768, 640, 512]","[1, 3, 5]","[True, True, True]","[0.1, 0.1, 0.2]",3,5,2,mish,True,True,attention,384,32,AdamW,,2e-05,1e-05,minmax,256,0.03969,2.51817,0.54545,0.40349,"[0.62222, 0.0, 0.58824]",0.52273,0.4855,"[0.60465, 0.33333, 0.51852]",352,0.09941,2.31888,365,COMPLETED,85.279
1192,20251205_115742,gaitset.csv,Preset_v2_3,TCN,42,"[768, 640, 512]","[1, 3, 5]","[True, True, True]","[0.1, 0.1, 0.2]",3,5,2,mish,True,True,attention,384,32,AdamW,,2e-05,1e-05,minmax,256,0.06553,1.76499,0.52273,0.42209,"[0.64, 0.18182, 0.44444]",0.52273,0.47078,"[0.60465, 0.30769, 0.5]",81,0.27503,1.38775,90,COMPLETED,28.739
1193,20251205_115742,gaitset_GREW.csv,Preset_v2_3,TCN,42,"[768, 640, 512]","[1, 3, 5]","[True, True, True]","[0.1, 0.1, 0.2]",3,5,2,mish,True,True,attention,384,32,AdamW,,2e-05,1e-05,minmax,256,0.07579,2.12397,0.43182,0.36914,"[0.53659, 0.13333, 0.4375]",0.56818,0.44327,"[0.69091, 0.22222, 0.41667]",129,0.59799,1.44218,154,COMPLETED,49.088
1194,20251205_115742,gaitset_OUMVLP.csv,Preset_v2_3,TCN,42,"[768, 640, 512]","[1, 3, 5]","[True, True, True]","[0.1, 0.1, 0.2]",3,5,2,mish,True,True,attention,384,32,AdamW,,2e-05,1e-05,minmax,256,0.07258,1.8715,0.52273,0.42236,"[0.69565, 0.14286, 0.42857]",0.59091,0.55,"[0.75, 0.4, 0.5]",305,0.4185,1.27286,379,COMPLETED,122.219
1195,20251205_115742,gln_phase1.csv,Preset_v2_3,TCN,42,"[768, 640, 512]","[1, 3, 5]","[True, True, True]","[0.1, 0.1, 0.2]",3,5,2,mish,True,True,attention,384,32,AdamW,,2e-05,1e-05,minmax,256,0.07729,1.85569,0.47727,0.36996,"[0.57143, 0.0, 0.53846]",0.63636,0.5967,"[0.62857, 0.46154, 0.7]",122,0.59425,1.00376,162,COMPLETED,66.877
1196,20251205_115742,gln_phase2.csv,Preset_v2_3,TCN,42,"[768, 640, 512]","[1, 3, 5]","[True, True, True]","[0.1, 0.1, 0.2]",3,5,2,mish,True,True,attention,384,32,AdamW,,2e-05,1e-05,minmax,256,0.044,2.90776,0.43182,0.36277,"[0.54545, 0.14286, 0.4]",0.54545,0.55877,"[0.55, 0.6, 0.52632]",139,0.54001,1.45925,183,COMPLETED,73.233

1197,20251205_121645,baseline_CASIAB.csv,Preset_v2_1,TCN,42,"[256, 320, 384]","[2, 4, 8]","[False, True, True]","[0.1, 0.1, 0.1]",3,3,2,gelu,False,True,mean,256,56,AdamW,,5e-05,1e-06,nan,256,0.06311,2.50784,0.56818,0.46296,"[0.66667, 0.22222, 0.5]",0.59091,0.48465,"[0.68, 0.22222, 0.55172]",74,0.18752,1.93836,94,COMPLETED,9.111
1198,20251205_121645,baseline_OUMVLP.csv,Preset_v2_1,TCN,42,"[256, 320, 384]","[2, 4, 8]","[False, True, True]","[0.1, 0.1, 0.1]",3,3,2,gelu,False,True,mean,256,56,AdamW,,5e-05,1e-06,nan,256,0.08528,2.31429,0.47727,0.43114,"[0.55814, 0.23529, 0.5]",0.52273,0.47174,"[0.57778, 0.28571, 0.55172]",97,0.1692,1.91396,121,COMPLETED,9.667
1199,20251205_121645,gaitgl.csv,Preset_v2_1,TCN,42,"[256, 320, 384]","[2, 4, 8]","[False, True, True]","[0.1, 0.1, 0.1]",3,3,2,gelu,False,True,mean,256,56,AdamW,,5e-05,1e-06,nan,128,0.07071,2.24693,0.43182,0.35859,"[0.55319, 0.2, 0.32258]",0.45455,0.41722,"[0.54054, 0.26667, 0.44444]",62,0.08395,2.15553,64,COMPLETED,5.39
1200,20251205_121645,gaitgl_GREW.csv,Preset_v2_1,TCN,42,"[256, 320, 384]","[2, 4, 8]","[False, True, True]","[0.1, 0.1, 0.1]",3,3,2,gelu,False,True,mean,256,56,AdamW,,5e-05,1e-06,nan,256,0.06304,1.98119,0.43182,0.39189,"[0.53659, 0.21053, 0.42857]",0.59091,0.55727,"[0.59459, 0.42857, 0.64865]",57,0.11488,1.76554,65,COMPLETED,6.104
1201,20251205_121645,gaitgl_GREW_BNNeck.csv,Preset_v2_1,TCN,42,"[256, 320, 384]","[2, 4, 8]","[False, True, True]","[0.1, 0.1, 0.1]",3,3,2,gelu,False,True,mean,256,56,AdamW,,5e-05,1e-06,nan,256,0.09526,2.05903,0.47727,0.41718,"[0.6087, 0.28571, 0.35714]",0.5,0.44231,"[0.57692, 0.33333, 0.41667]",105,0.13974,1.99097,115,COMPLETED,10.503
1202,20251205_121645,gaitgl_OUMVLP.csv,Preset_v2_1,TCN,42,"[256, 320, 384]","[2, 4, 8]","[False, True, True]","[0.1, 0.1, 0.1]",3,3,2,gelu,False,True,mean,256,56,AdamW,,5e-05,1e-06,nan,256,0.07682,2.34207,0.47727,0.4142,"[0.62222, 0.25, 0.37037]",0.5,0.45313,"[0.59574, 0.36364, 0.4]",113,0.28099,1.53478,163,COMPLETED,14.792
1203,20251205_121645,gaitpart_GREW.csv,Preset_v2_1,TCN,42,"[256, 320, 384]","[2, 4, 8]","[False, True, True]","[0.1, 0.1, 0.1]",3,3,2,gelu,False,True,mean,256,56,AdamW,,5e-05,1e-06,nan,256,0.08568,2.14215,0.47727,0.39252,"[0.59574, 0.18182, 0.4]",0.59091,0.52944,"[0.70833, 0.4, 0.48]",92,0.1473,1.84555,106,COMPLETED,8.155
1204,20251205_121645,gaitpart_OUMVLP.csv,Preset_v2_1,TCN,42,"[256, 320, 384]","[2, 4, 8]","[False, True, True]","[0.1, 0.1, 0.1]",3,3,2,gelu,False,True,mean,256,56,AdamW,,5e-05,1e-06,nan,256,0.07603,1.62548,0.54545,0.43452,"[0.70833, 0.16667, 0.42857]",0.56818,0.51176,"[0.64865, 0.30769, 0.57895]",126,0.4548,1.19647,232,COMPLETED,18.352
1205,20251205_121645,gaitset.csv,Preset_v2_1,TCN,42,"[256, 320, 384]","[2, 4, 8]","[False, True, True]","[0.1, 0.1, 0.1]",3,3,2,gelu,False,True,mean,256,56,AdamW,,5e-05,1e-06,nan,256,0.07895,3.40175,0.36364,0.2389,"[0.5098, 0.0, 0.2069]",0.45455,0.35727,"[0.58182, 0.25, 0.24]",74,0.22752,2.43914,103,COMPLETED,9.291
1206,20251205_121645,gaitset_GREW.csv,Preset_v2_1,TCN,42,"[256, 320, 384]","[2, 4, 8]","[False, True, True]","[0.1, 0.1, 0.1]",3,3,2,gelu,False,True,mean,256,56,AdamW,,5e-05,1e-06,nan,256,0.07612,2.00235,0.47727,0.4136,"[0.57143, 0.11765, 0.55172]",0.5,0.48418,"[0.55556, 0.36364, 0.53333]",95,0.1501,1.70801,110,COMPLETED,10.011
1207,20251205_121645,gaitset_OUMVLP.csv,Preset_v2_1,TCN,42,"[256, 320, 384]","[2, 4, 8]","[False, True, True]","[0.1, 0.1, 0.1]",3,3,2,gelu,False,True,mean,256,56,AdamW,,5e-05,1e-06,nan,256,0.08812,2.54059,0.47727,0.45206,"[0.55556, 0.31579, 0.48485]",0.5,0.48018,"[0.54054, 0.4, 0.5]",174,0.46733,1.44204,372,COMPLETED,33.615
1208,20251205_121645,gln_phase1.csv,Preset_v2_1,TCN,42,"[256, 320, 384]","[2, 4, 8]","[False, True, True]","[0.1, 0.1, 0.1]",3,3,2,gelu,False,True,mean,256,56,AdamW,,5e-05,1e-06,nan,256,0.06416,2.35338,0.52273,0.47083,"[0.6, 0.25, 0.5625]",0.54545,0.50913,"[0.61905, 0.375, 0.53333]",128,0.06856,2.29249,130,COMPLETED,14.7
1209,20251205_121645,gln_phase2.csv,Preset_v2_1,TCN,42,"[256, 320, 384]","[2, 4, 8]","[False, True, True]","[0.1, 0.1, 0.1]",3,3,2,gelu,False,True,mean,256,56,AdamW,,5e-05,1e-06,nan,256,0.08253,2.22434,0.40909,0.37778,"[0.55, 0.16667, 0.41667]",0.59091,0.49251,"[0.59459, 0.2, 0.68293]",79,0.31221,1.45176,124,COMPLETED,13.832

1210,20251205_121942,baseline_CASIAB.csv,Preset_v2_2,TCN,42,"[512, 640, 512]","[1, 2, 4]","[True, False, True]","[0.1, 0.1, 0.1]",3,5,2,hardswish,True,True,mean,384,32,Adam,,0.0001,0.0,L2,256,0.02369,1.85164,0.52273,0.42924,"[0.6383, 0.16667, 0.48276]",0.52273,0.50955,"[0.61111, 0.43478, 0.48276]",25,0.35105,1.34883,35,COMPLETED,6.978
1211,20251205_121942,baseline_OUMVLP.csv,Preset_v2_2,TCN,42,"[512, 640, 512]","[1, 2, 4]","[True, False, True]","[0.1, 0.1, 0.1]",3,5,2,hardswish,True,True,mean,384,32,Adam,,0.0001,0.0,L2,256,0.06777,2.31299,0.36364,0.30418,"[0.25806, 0.14286, 0.51163]",0.59091,0.53077,"[0.6383, 0.33333, 0.62069]",38,0.15342,1.51352,44,COMPLETED,8.666
1212,20251205_121942,gaitgl.csv,Preset_v2_2,TCN,42,"[512, 640, 512]","[1, 2, 4]","[True, False, True]","[0.1, 0.1, 0.1]",3,5,2,hardswish,True,True,mean,384,32,Adam,,0.0001,0.0,L2,128,0.01042,1.82782,0.43182,0.34449,"[0.58333, 0.15385, 0.2963]",0.5,0.43182,"[0.5, 0.25, 0.54545]",25,0.15738,1.46643,30,COMPLETED,6.919
1213,20251205_121942,gaitgl_GREW.csv,Preset_v2_2,TCN,42,"[512, 640, 512]","[1, 2, 4]","[True, False, True]","[0.1, 0.1, 0.1]",3,5,2,hardswish,True,True,mean,384,32,Adam,,0.0001,0.0,L2,256,0.00587,1.75734,0.47727,0.44324,"[0.58537, 0.31579, 0.42857]",0.52273,0.47399,"[0.6, 0.30769, 0.51429]",23,0.09159,1.40736,27,COMPLETED,6.443
1214,20251205_121942,gaitgl_GREW_BNNeck.csv,Preset_v2_2,TCN,42,"[512, 640, 512]","[1, 2, 4]","[True, False, True]","[0.1, 0.1, 0.1]",3,5,2,hardswish,True,True,mean,384,32,Adam,,0.0001,0.0,L2,256,0.01148,2.08513,0.38636,0.33132,"[0.46512, 0.15385, 0.375]",0.43182,0.37104,"[0.48889, 0.2, 0.42424]",33,0.0426,1.75586,37,COMPLETED,8.886
1215,20251205_121942,gaitgl_OUMVLP.csv,Preset_v2_2,TCN,42,"[512, 640, 512]","[1, 2, 4]","[True, False, True]","[0.1, 0.1, 0.1]",3,5,2,hardswish,True,True,mean,384,32,Adam,,0.0001,0.0,L2,256,0.02597,1.83788,0.43182,0.38682,"[0.58537, 0.19048, 0.38462]",0.5,0.44678,"[0.48276, 0.26667, 0.59091]",39,0.27159,1.50557,48,COMPLETED,11.423
1216,20251205_121942,gaitpart_GREW.csv,Preset_v2_2,TCN,42,"[512, 640, 512]","[1, 2, 4]","[True, False, True]","[0.1, 0.1, 0.1]",3,5,2,hardswish,True,True,mean,384,32,Adam,,0.0001,0.0,L2,256,0.01301,2.17865,0.40909,0.39668,"[0.45, 0.35294, 0.3871]",0.56818,0.52422,"[0.66667, 0.46154, 0.44444]",43,0.05095,2.2392,46,COMPLETED,8.433
1217,20251205_121942,gaitpart_OUMVLP.csv,Preset_v2_2,TCN,42,"[512, 640, 512]","[1, 2, 4]","[True, False, True]","[0.1, 0.1, 0.1]",3,5,2,hardswish,True,True,mean,384,32,Adam,,0.0001,0.0,L2,256,0.01881,1.87607,0.59091,0.42692,"[0.65217, 0.0, 0.62857]",0.59091,0.56197,"[0.68421, 0.42105, 0.58065]",93,0.02185,1.61574,94,COMPLETED,16.946
1218,20251205_121942,gaitset.csv,Preset_v2_2,TCN,42,"[512, 640, 512]","[1, 2, 4]","[True, False, True]","[0.1, 0.1, 0.1]",3,5,2,hardswish,True,True,mean,384,32,Adam,,0.0001,0.0,L2,256,0.00647,2.40808,0.40909,0.28615,"[0.53846, 0.0, 0.32]",0.40909,0.34616,"[0.55319, 0.23529, 0.25]",31,0.14169,1.86701,38,COMPLETED,8.904
1219,20251205_121942,gaitset_GREW.csv,Preset_v2_2,TCN,42,"[512, 640, 512]","[1, 2, 4]","[True, False, True]","[0.1, 0.1, 0.1]",3,5,2,hardswish,True,True,mean,384,32,Adam,,0.0001,0.0,L2,256,0.03615,1.64381,0.45455,0.39587,"[0.54054, 0.11765, 0.52941]",0.54545,0.45278,"[0.625, 0.2, 0.53333]",37,0.1511,1.33842,44,COMPLETED,10.308
1220,20251205_121942,gaitset_OUMVLP.csv,Preset_v2_2,TCN,42,"[512, 640, 512]","[1, 2, 4]","[True, False, True]","[0.1, 0.1, 0.1]",3,5,2,hardswish,True,True,mean,384,32,Adam,,0.0001,0.0,L2,256,0.02977,2.61947,0.47727,0.43865,"[0.56522, 0.36364, 0.3871]",0.5,0.50505,"[0.54545, 0.54545, 0.42424]",185,0.4466,1.7015,209,COMPLETED,48.638
1221,20251205_121942,gln_phase1.csv,Preset_v2_2,TCN,42,"[512, 640, 512]","[1, 2, 4]","[True, False, True]","[0.1, 0.1, 0.1]",3,5,2,hardswish,True,True,mean,384,32,Adam,,0.0001,0.0,L2,256,0.01803,2.38214,0.47727,0.46247,"[0.61111, 0.2963, 0.48]",0.54545,0.52,"[0.61905, 0.38095, 0.56]",41,0.17334,1.38952,48,COMPLETED,13.855
1222,20251205_121942,gln_phase2.csv,Preset_v2_2,TCN,42,"[512, 640, 512]","[1, 2, 4]","[True, False, True]","[0.1, 0.1, 0.1]",3,5,2,hardswish,True,True,mean,384,32,Adam,,0.0001,0.0,L2,256,0.01323,1.76786,0.45455,0.40973,"[0.53659, 0.1, 0.59259]",0.56818,0.56567,"[0.5625, 0.55556, 0.57895]",36,0.32891,1.68333,45,COMPLETED,13.098

1223,20251205_122246,baseline_CASIAB.csv,Preset_v2_3,TCN,42,"[320, 448, 576]","[1, 3, 6]","[True, True, True]","[0.0, 0.1, 0.15]",3,3,3,silu,True,False,attention,256,48,AdamW,,3e-05,1e-05,minmax,256,0.09548,2.50363,0.5,0.45733,"[0.55, 0.30769, 0.51429]",0.56818,0.51944,"[0.625, 0.4, 0.53333]",128,0.27605,1.89325,176,COMPLETED,27.282
1224,20251205_122246,baseline_OUMVLP.csv,Preset_v2_3,TCN,42,"[320, 448, 576]","[1, 3, 6]","[True, True, True]","[0.0, 0.1, 0.15]",3,3,3,silu,True,False,attention,256,48,AdamW,,3e-05,1e-05,minmax,256,0.07321,1.47001,0.54545,0.46234,"[0.55814, 0.18182, 0.64706]",0.59091,0.49962,"[0.59091, 0.22222, 0.68571]",97,0.38744,1.10972,139,COMPLETED,21.383
1225,20251205_122246,gaitgl.csv,Preset_v2_3,TCN,42,"[320, 448, 576]","[1, 3, 6]","[True, True, True]","[0.0, 0.1, 0.15]",3,3,3,silu,True,False,attention,256,48,AdamW,,3e-05,1e-05,minmax,128,0.05173,3.11354,0.36364,0.32505,"[0.4, 0.22222, 0.35294]",0.45455,0.43258,"[0.51064, 0.4, 0.3871]",82,0.26692,2.21827,105,COMPLETED,19.535
1226,20251205_122246,gaitgl_GREW.csv,Preset_v2_3,TCN,42,"[320, 448, 576]","[1, 3, 6]","[True, True, True]","[0.0, 0.1, 0.15]",3,3,3,silu,True,False,attention,256,48,AdamW,,3e-05,1e-05,minmax,256,0.04239,2.39367,0.5,0.45238,"[0.57143, 0.28571, 0.5]",0.54545,0.52227,"[0.58824, 0.42857, 0.55]",70,0.37153,1.38354,108,COMPLETED,20.869
1227,20251205_122246,gaitgl_GREW_BNNeck.csv,Preset_v2_3,TCN,42,"[320, 448, 576]","[1, 3, 6]","[True, True, True]","[0.0, 0.1, 0.15]",3,3,3,silu,True,False,attention,256,48,AdamW,,3e-05,1e-05,minmax,256,0.06262,2.76975,0.45455,0.37888,"[0.56522, 0.14286, 0.42857]",0.52273,0.44956,"[0.55814, 0.25, 0.54054]",194,0.55378,1.44517,291,COMPLETED,55.998
1228,20251205_122246,gaitgl_OUMVLP.csv,Preset_v2_3,TCN,42,"[320, 448, 576]","[1, 3, 6]","[True, True, True]","[0.0, 0.1, 0.15]",3,3,3,silu,True,False,attention,256,48,AdamW,,3e-05,1e-05,minmax,256,0.08705,3.58679,0.47727,0.47593,"[0.45, 0.44444, 0.53333]",0.5,0.51469,"[0.4878, 0.57143, 0.48485]",252,0.1486,3.17822,274,COMPLETED,52.803
1229,20251205_122246,gaitpart_GREW.csv,Preset_v2_3,TCN,42,"[320, 448, 576]","[1, 3, 6]","[True, True, True]","[0.0, 0.1, 0.15]",3,3,3,silu,True,False,attention,256,48,AdamW,,3e-05,1e-05,minmax,256,0.04769,2.27779,0.40909,0.34034,"[0.53333, 0.14286, 0.34483]",0.47727,0.40535,"[0.47059, 0.2, 0.54545]",87,0.62991,1.33591,153,COMPLETED,21.884
1230,20251205_122246,gaitpart_OUMVLP.csv,Preset_v2_3,TCN,42,"[320, 448, 576]","[1, 3, 6]","[True, True, True]","[0.0, 0.1, 0.15]",3,3,3,silu,True,False,attention,256,48,AdamW,,3e-05,1e-05,minmax,256,0.07491,2.05765,0.54545,0.50594,"[0.65116, 0.4, 0.46667]",0.59091,0.57666,"[0.65306, 0.61538, 0.46154]",200,0.64083,1.17036,371,COMPLETED,52.633
1231,20251205_122246,gaitset.csv,Preset_v2_3,TCN,42,"[320, 448, 576]","[1, 3, 6]","[True, True, True]","[0.0, 0.1, 0.15]",3,3,3,silu,True,False,attention,256,48,AdamW,,3e-05,1e-05,minmax,256,0.06829,2.55224,0.36364,0.2585,"[0.4898, 0.0, 0.28571]",0.47727,0.4076,"[0.46154, 0.16667, 0.59459]",81,0.66345,1.26219,138,COMPLETED,26.228
1232,20251205_122246,gaitset_GREW.csv,Preset_v2_3,TCN,42,"[320, 448, 576]","[1, 3, 6]","[True, True, True]","[0.0, 0.1, 0.15]",3,3,3,silu,True,False,attention,256,48,AdamW,,3e-05,1e-05,minmax,256,0.03359,2.29325,0.47727,0.43444,"[0.55814, 0.30769, 0.4375]",0.52273,0.458,"[0.64, 0.36364, 0.37037]",145,0.13346,2.31039,156,COMPLETED,29.67
1233,20251205_122246,gaitset_OUMVLP.csv,Preset_v2_3,TCN,42,"[320, 448, 576]","[1, 3, 6]","[True, True, True]","[0.0, 0.1, 0.15]",3,3,3,silu,True,False,attention,256,48,AdamW,,3e-05,1e-05,minmax,256,0.06138,1.97022,0.47727,0.40306,"[0.58537, 0.16667, 0.45714]",0.5,0.49288,"[0.55556, 0.46154, 0.46154]",279,0.31735,1.60771,292,COMPLETED,55.281
1234,20251205_122246,gln_phase1.csv,Preset_v2_3,TCN,42,"[320, 448, 576]","[1, 3, 6]","[True, True, True]","[0.0, 0.1, 0.15]",3,3,3,silu,True,False,attention,256,48,AdamW,,3e-05,1e-05,minmax,256,0.05439,2.47482,0.47727,0.37229,"[0.57143, 0.0, 0.54545]",0.56818,0.46533,"[0.68085, 0.18182, 0.53333]",109,0.3307,1.63286,161,COMPLETED,39.81
1235,20251205_122246,gln_phase2.csv,Preset_v2_3,TCN,42,"[320, 448, 576]","[1, 3, 6]","[True, True, True]","[0.0, 0.1, 0.15]",3,3,3,silu,True,False,attention,256,48,AdamW,,3e-05,1e-05,minmax,256,0.06904,1.99563,0.61364,0.57467,"[0.68182, 0.46154, 0.58065]",0.61364,0.57467,"[0.68182, 0.46154, 0.58065]",172,0.06904,1.99563,172,COMPLETED,42.998

1236,20251205_123047,baseline_CASIAB.csv,Preset_v2_4,TCN,42,"[512, 512, 512]","[1, 2, 4]","[False, True, True]","[0.0, 0.0, 0.1]",3,3,3,relu,True,True,max,256,64,AdamW,,2e-05,1e-06,L2,256,0.0846,1.22567,0.54545,0.39111,"[0.64, 0.0, 0.53333]",0.54545,0.45278,"[0.625, 0.2, 0.53333]",128,0.23593,1.08713,175,COMPLETED,22.488
1237,20251205_123047,baseline_OUMVLP.csv,Preset_v2_4,TCN,42,"[512, 512, 512]","[1, 2, 4]","[False, True, True]","[0.0, 0.0, 0.1]",3,3,3,relu,True,True,max,256,64,AdamW,,2e-05,1e-06,L2,256,0.09993,1.26118,0.56818,0.53682,"[0.57778, 0.44444, 0.58824]",0.59091,0.55484,"[0.57143, 0.44444, 0.64865]",156,0.292,1.09214,232,COMPLETED,28.514
1238,20251205_123047,gaitgl.csv,Preset_v2_4,TCN,42,"[512, 512, 512]","[1, 2, 4]","[False, True, True]","[0.0, 0.0, 0.1]",3,3,3,relu,True,True,max,256,64,AdamW,,2e-05,1e-06,L2,128,0.08719,1.15014,0.40909,0.28086,"[0.52, 0.0, 0.32258]",0.47727,0.34593,"[0.4878, 0.0, 0.55]",68,0.26576,1.10692,100,COMPLETED,15.62
1239,20251205_123047,gaitgl_GREW.csv,Preset_v2_4,TCN,42,"[512, 512, 512]","[1, 2, 4]","[False, True, True]","[0.0, 0.0, 0.1]",3,3,3,relu,True,True,max,256,64,AdamW,,2e-05,1e-06,L2,256,0.09008,0.97956,0.54545,0.44532,"[0.64151, 0.25, 0.44444]",0.56818,0.47444,"[0.64, 0.25, 0.53333]",95,0.09948,0.96569,99,COMPLETED,16.496
1240,20251205_123047,gaitgl_GREW_BNNeck.csv,Preset_v2_4,TCN,42,"[512, 512, 512]","[1, 2, 4]","[False, True, True]","[0.0, 0.0, 0.1]",3,3,3,relu,True,True,max,256,64,AdamW,,2e-05,1e-06,L2,256,0.08548,1.14688,0.47727,0.39469,"[0.57692, 0.25, 0.35714]",0.52273,0.44444,"[0.58333, 0.25, 0.5]",112,0.26781,1.04868,163,COMPLETED,26.834
1241,20251205_123047,gaitgl_OUMVLP.csv,Preset_v2_4,TCN,42,"[512, 512, 512]","[1, 2, 4]","[False, True, True]","[0.0, 0.0, 0.1]",3,3,3,relu,True,True,max,256,64,AdamW,,2e-05,1e-06,L2,256,0.08645,1.1586,0.5,0.34672,"[0.65306, 0.0, 0.3871]",0.54545,0.45762,"[0.63636, 0.22222, 0.51429]",266,0.10082,1.14083,275,COMPLETED,45.346
1242,20251205_123047,gaitpart_GREW.csv,Preset_v2_4,TCN,42,"[512, 512, 512]","[1, 2, 4]","[False, True, True]","[0.0, 0.0, 0.1]",3,3,3,relu,True,True,max,256,64,AdamW,,2e-05,1e-06,L2,256,0.07639,1.4608,0.5,0.35562,"[0.65306, 0.0, 0.41379]",0.54545,0.50821,"[0.64, 0.5, 0.38462]",138,0.37372,1.10579,213,COMPLETED,22.858
1243,20251205_123047,gaitpart_OUMVLP.csv,Preset_v2_4,TCN,42,"[512, 512, 512]","[1, 2, 4]","[False, True, True]","[0.0, 0.0, 0.1]",3,3,3,relu,True,True,max,256,64,AdamW,,2e-05,1e-06,L2,256,0.09501,1.36979,0.52273,0.43071,"[0.6383, 0.15385, 0.5]",0.59091,0.56197,"[0.68421, 0.42105, 0.58065]",426,0.1023,1.36851,431,COMPLETED,46.018
1244,20251205_123047,gaitset.csv,Preset_v2_4,TCN,42,"[512, 512, 512]","[1, 2, 4]","[False, True, True]","[0.0, 0.0, 0.1]",3,3,3,relu,True,True,max,256,64,AdamW,,2e-05,1e-06,L2,256,0.08278,1.32522,0.43182,0.30237,"[0.52, 0.0, 0.3871]",0.5,0.34568,"[0.59259, 0.0, 0.44444]",42,0.73703,1.06635,164,COMPLETED,26.861
1245,20251205_123047,gaitset_GREW.csv,Preset_v2_4,TCN,42,"[512, 512, 512]","[1, 2, 4]","[False, True, True]","[0.0, 0.0, 0.1]",3,3,3,relu,True,True,max,256,64,AdamW,,2e-05,1e-06,L2,256,0.07961,1.08682,0.47727,0.33311,"[0.61224, 0.0, 0.3871]",0.56818,0.47632,"[0.65, 0.2, 0.57895]",189,0.10182,1.06798,203,COMPLETED,32.866
1246,20251205_123047,gaitset_OUMVLP.csv,Preset_v2_4,TCN,42,"[512, 512, 512]","[1, 2, 4]","[False, True, True]","[0.0, 0.0, 0.1]",3,3,3,relu,True,True,max,256,64,AdamW,,2e-05,1e-06,L2,256,0.07943,1.33516,0.5,0.45877,"[0.55814, 0.33333, 0.48485]",0.61364,0.54856,"[0.66667, 0.36364, 0.61538]",351,0.3979,1.06444,534,COMPLETED,86.843
1247,20251205_123047,gln_phase1.csv,Preset_v2_4,TCN,42,"[512, 512, 512]","[1, 2, 4]","[False, True, True]","[0.0, 0.0, 0.1]",3,3,3,relu,True,True,max,256,64,AdamW,,2e-05,1e-06,L2,256,0.09976,1.03249,0.43182,0.31145,"[0.54545, 0.0, 0.38889]",0.52273,0.48056,"[0.62222, 0.375, 0.44444]",128,0.23672,1.01823,179,COMPLETED,37.759
1248,20251205_123047,gln_phase2.csv,Preset_v2_4,TCN,42,"[512, 512, 512]","[1, 2, 4]","[False, True, True]","[0.0, 0.0, 0.1]",3,3,3,relu,True,True,max,256,64,AdamW,,2e-05,1e-06,L2,256,0.09456,1.03598,0.54545,0.45833,"[0.625, 0.25, 0.5]",0.56818,0.47792,"[0.6383, 0.25, 0.54545]",135,0.1504,1.00883,159,COMPLETED,33.58

1249,20251205_123823,baseline_CASIAB.csv,Preset_v2_5,TCN,42,"[640, 768, 896]","[2, 4, 8]","[True, True, True]","[0.1, 0.1, 0.2]",3,3,2,gelu,True,True,attention,512,32,AdamW,,2e-05,1e-05,nan,256,0.05575,2.50953,0.5,0.45845,"[0.57143, 0.33333, 0.47059]",0.52273,0.4798,"[0.59091, 0.36364, 0.48485]",26,0.11462,2.08572,31,COMPLETED,8.341
1250,20251205_123823,baseline_OUMVLP.csv,Preset_v2_5,TCN,42,"[640, 768, 896]","[2, 4, 8]","[True, True, True]","[0.1, 0.1, 0.2]",3,3,2,gelu,True,True,attention,512,32,AdamW,,2e-05,1e-05,nan,256,0.06253,2.37717,0.54545,0.37818,"[0.65455, 0.0, 0.48]",0.59091,0.42912,"[0.66667, 0.0, 0.62069]",34,0.07751,2.27054,36,COMPLETED,9.706
1251,20251205_123823,gaitgl.csv,Preset_v2_5,TCN,42,"[640, 768, 896]","[2, 4, 8]","[True, True, True]","[0.1, 0.1, 0.2]",3,3,2,gelu,True,True,attention,512,32,AdamW,,2e-05,1e-05,nan,128,0.02549,1.89018,0.47727,0.41411,"[0.52174, 0.25, 0.47059]",0.5,0.43254,"[0.53333, 0.25, 0.51429]",18,0.04548,1.78736,20,COMPLETED,6.448
1252,20251205_123823,gaitgl_GREW.csv,Preset_v2_5,TCN,42,"[640, 768, 896]","[2, 4, 8]","[True, True, True]","[0.1, 0.1, 0.2]",3,3,2,gelu,True,True,attention,512,32,AdamW,,2e-05,1e-05,nan,256,0.03085,1.9243,0.47727,0.38964,"[0.66667, 0.11765, 0.38462]",0.54545,0.39453,"[0.60465, 0.0, 0.57895]",11,0.3711,1.18255,21,COMPLETED,7.113
1253,20251205_123823,gaitgl_GREW_BNNeck.csv,Preset_v2_5,TCN,42,"[640, 768, 896]","[2, 4, 8]","[True, True, True]","[0.1, 0.1, 0.2]",3,3,2,gelu,True,True,attention,512,32,AdamW,,2e-05,1e-05,nan,256,0.06808,2.58723,0.40909,0.36157,"[0.52174, 0.26667, 0.2963]",0.47727,0.44502,"[0.57143, 0.36364, 0.4]",23,0.16977,1.89069,31,COMPLETED,10.109
1254,20251205_123823,gaitgl_OUMVLP.csv,Preset_v2_5,TCN,42,"[640, 768, 896]","[2, 4, 8]","[True, True, True]","[0.1, 0.1, 0.2]",3,3,2,gelu,True,True,attention,512,32,AdamW,,2e-05,1e-05,nan,256,0.04613,1.96919,0.40909,0.35544,"[0.45455, 0.2, 0.41176]",0.5,0.45189,"[0.56522, 0.30769, 0.48276]",15,0.60396,1.31067,29,COMPLETED,9.267
1255,20251205_123823,gaitpart_GREW.csv,Preset_v2_5,TCN,42,"[640, 768, 896]","[2, 4, 8]","[True, True, True]","[0.1, 0.1, 0.2]",3,3,2,gelu,True,True,attention,512,32,AdamW,,2e-05,1e-05,nan,256,0.08805,2.11491,0.43182,0.39444,"[0.48889, 0.25, 0.44444]",0.52273,0.46696,"[0.59574, 0.26667, 0.53846]",31,0.10311,1.8697,36,COMPLETED,8.311
1256,20251205_123823,gaitpart_OUMVLP.csv,Preset_v2_5,TCN,42,"[640, 768, 896]","[2, 4, 8]","[True, True, True]","[0.1, 0.1, 0.2]",3,3,2,gelu,True,True,attention,512,32,AdamW,,2e-05,1e-05,nan,256,0.05977,2.2082,0.5,0.41667,"[0.58333, 0.2, 0.46667]",0.52273,0.47475,"[0.59091, 0.33333, 0.5]",58,0.27274,1.57925,80,COMPLETED,18.203
1257,20251205_123823,gaitset.csv,Preset_v2_5,TCN,42,"[640, 768, 896]","[2, 4, 8]","[True, True, True]","[0.1, 0.1, 0.2]",3,3,2,gelu,True,True,attention,512,32,AdamW,,2e-05,1e-05,nan,256,0.04932,2.49267,0.5,0.41474,"[0.59574, 0.18182, 0.46667]",0.5,0.41579,"[0.59574, 0.2, 0.45161]",29,0.06249,2.76655,30,COMPLETED,9.521
1258,20251205_123823,gaitset_GREW.csv,Preset_v2_5,TCN,42,"[640, 768, 896]","[2, 4, 8]","[True, True, True]","[0.1, 0.1, 0.2]",3,3,2,gelu,True,True,attention,512,32,AdamW,,2e-05,1e-05,nan,256,0.03139,2.3891,0.43182,0.37861,"[0.57895, 0.10526, 0.45161]",0.56818,0.4573,"[0.7234, 0.18182, 0.46667]",25,0.11034,1.69768,35,COMPLETED,10.996
1259,20251205_123823,gaitset_OUMVLP.csv,Preset_v2_5,TCN,42,"[640, 768, 896]","[2, 4, 8]","[True, True, True]","[0.1, 0.1, 0.2]",3,3,2,gelu,True,True,attention,512,32,AdamW,,2e-05,1e-05,nan,256,0.03154,2.42704,0.40909,0.29192,"[0.55319, 0.0, 0.32258]",0.47727,0.35,"[0.55, 0.0, 0.5]",52,0.22041,1.90072,80,COMPLETED,25.049
1260,20251205_123823,gln_phase1.csv,Preset_v2_5,TCN,42,"[640, 768, 896]","[2, 4, 8]","[True, True, True]","[0.1, 0.1, 0.2]",3,3,2,gelu,True,True,attention,512,32,AdamW,,2e-05,1e-05,nan,256,0.03595,2.31534,0.38636,0.33084,"[0.53659, 0.11111, 0.34483]",0.59091,0.5,"[0.6, 0.25, 0.65]",19,0.35959,1.32416,35,COMPLETED,13.707
1261,20251205_123823,gln_phase2.csv,Preset_v2_5,TCN,42,"[640, 768, 896]","[2, 4, 8]","[True, True, True]","[0.1, 0.1, 0.2]",3,3,2,gelu,True,True,attention,512,32,AdamW,,2e-05,1e-05,nan,256,0.03092,1.34498,0.54545,0.53509,"[0.52632, 0.5, 0.57895]",0.59091,0.5933,"[0.61905, 0.61538, 0.54545]",19,0.12609,1.10116,26,COMPLETED,10.17

1262,20251205_124103,baseline_CASIAB.csv,Preset_v2_6,TCN,42,"[256, 256]","[3, 6]","[True, True]","[0.0, 0.0]",2,3,2,silu,True,True,attention,192,56,Adam,,5e-05,1e-05,minmax,256,0.0858,4.25712,0.43182,0.41818,"[0.45, 0.35294, 0.45161]",0.45455,0.44843,"[0.46512, 0.42857, 0.45161]",178,0.15337,3.43402,194,COMPLETED,14.492
1263,20251205_124103,baseline_OUMVLP.csv,Preset_v2_6,TCN,42,"[256, 256]","[3, 6]","[True, True]","[0.0, 0.0]",2,3,2,silu,True,True,attention,192,56,Adam,,5e-05,1e-05,minmax,256,0.08448,2.95557,0.5,0.46674,"[0.53659, 0.36364, 0.5]",0.56818,0.56213,"[0.58537, 0.54545, 0.55556]",174,0.30471,1.62789,240,COMPLETED,17.5
1264,20251205_124103,gaitgl.csv,Preset_v2_6,TCN,42,"[256, 256]","[3, 6]","[True, True]","[0.0, 0.0]",2,3,2,silu,True,True,attention,192,56,Adam,,5e-05,1e-05,minmax,128,0.07439,2.4533,0.45455,0.41157,"[0.58537, 0.28571, 0.36364]",0.52273,0.4982,"[0.59459, 0.4, 0.5]",133,0.12742,2.28348,140,COMPLETED,10.531
1265,20251205_124103,gaitgl_GREW.csv,Preset_v2_6,TCN,42,"[256, 256]","[3, 6]","[True, True]","[0.0, 0.0]",2,3,2,silu,True,True,attention,192,56,Adam,,5e-05,1e-05,minmax,256,0.07789,2.81842,0.45455,0.34051,"[0.56, 0.0, 0.46154]",0.47727,0.39952,"[0.56522, 0.16667, 0.46667]",129,0.0929,2.57575,130,COMPLETED,10.607
1266,20251205_124103,gaitgl_GREW_BNNeck.csv,Preset_v2_6,TCN,42,"[256, 256]","[3, 6]","[True, True]","[0.0, 0.0]",2,3,2,silu,True,True,attention,192,56,Adam,,5e-05,1e-05,minmax,256,0.06547,3.10099,0.45455,0.3881,"[0.53659, 0.14286, 0.48485]",0.59091,0.56131,"[0.63415, 0.46154, 0.58824]",193,0.36927,1.5228,335,COMPLETED,27.264
1267,20251205_124103,gaitgl_OUMVLP.csv,Preset_v2_6,TCN,42,"[256, 256]","[3, 6]","[True, True]","[0.0, 0.0]",2,3,2,silu,True,True,attention,192,56,Adam,,5e-05,1e-05,minmax,256,0.07206,3.94281,0.45455,0.38016,"[0.55319, 0.14286, 0.44444]",0.47727,0.42544,"[0.56522, 0.26667, 0.44444]",249,0.14339,3.37367,266,COMPLETED,21.625
1268,20251205_124103,gaitpart_GREW.csv,Preset_v2_6,TCN,42,"[256, 256]","[3, 6]","[True, True]","[0.0, 0.0]",2,3,2,silu,True,True,attention,192,56,Adam,,5e-05,1e-05,minmax,256,0.06119,3.02618,0.52273,0.50674,"[0.47059, 0.42105, 0.62857]",0.61364,0.58709,"[0.66667, 0.5, 0.59459]",129,0.29409,1.70809,181,COMPLETED,13.14
1269,20251205_124103,gaitpart_OUMVLP.csv,Preset_v2_6,TCN,42,"[256, 256]","[3, 6]","[True, True]","[0.0, 0.0]",2,3,2,silu,True,True,attention,192,56,Adam,,5e-05,1e-05,minmax,256,0.08091,4.51415,0.40909,0.33273,"[0.55319, 0.125, 0.32]",0.52273,0.50322,"[0.48649, 0.42857, 0.59459]",287,0.59529,1.82495,513,COMPLETED,36.929
1270,20251205_124103,gaitset.csv,Preset_v2_6,TCN,42,"[256, 256]","[3, 6]","[True, True]","[0.0, 0.0]",2,3,2,silu,True,True,attention,192,56,Adam,,5e-05,1e-05,minmax,256,0.09394,3.76236,0.47727,0.38406,"[0.6, 0.18182, 0.37037]",0.52273,0.50135,"[0.59091, 0.46154, 0.45161]",213,0.10341,2.80192,220,COMPLETED,19.042
1271,20251205_124103,gaitset_GREW.csv,Preset_v2_6,TCN,42,"[256, 256]","[3, 6]","[True, True]","[0.0, 0.0]",2,3,2,silu,True,True,attention,192,56,Adam,,5e-05,1e-05,minmax,256,0.07497,3.41562,0.36364,0.35112,"[0.41026, 0.27273, 0.37037]",0.52273,0.48175,"[0.6, 0.42857, 0.41667]",204,0.22618,2.93944,219,COMPLETED,18.204
1272,20251205_124103,gaitset_OUMVLP.csv,Preset_v2_6,TCN,42,"[256, 256]","[3, 6]","[True, True]","[0.0, 0.0]",2,3,2,silu,True,True,attention,192,56,Adam,,5e-05,1e-05,minmax,256,0.05622,3.03688,0.59091,0.51473,"[0.74419, 0.26667, 0.53333]",0.63636,0.60636,"[0.71111, 0.54545, 0.5625]",431,0.36634,1.74311,527,COMPLETED,42.775
1273,20251205_124103,gln_phase1.csv,Preset_v2_6,TCN,42,"[256, 256]","[3, 6]","[True, True]","[0.0, 0.0]",2,3,2,silu,True,True,attention,192,56,Adam,,5e-05,1e-05,minmax,256,0.07834,4.19096,0.38636,0.33852,"[0.42424, 0.11765, 0.47368]",0.52273,0.44592,"[0.57895, 0.22222, 0.53659]",151,0.4229,1.59122,250,COMPLETED,22.664
1274,20251205_124103,gln_phase2.csv,Preset_v2_6,TCN,42,"[256, 256]","[3, 6]","[True, True]","[0.0, 0.0]",2,3,2,silu,True,True,attention,192,56,Adam,,5e-05,1e-05,minmax,256,0.0712,2.9104,0.47727,0.42857,"[0.59091, 0.30769, 0.3871]",0.52273,0.49495,"[0.60465, 0.42857, 0.45161]",243,0.10005,2.80006,249,COMPLETED,22.536

1275,20251205_124554,baseline_CASIAB.csv,Preset_v2_7,TCN,42,"[384, 512]","[1, 3]","[True, True]","[0.1, 0.1]",2,7,1,mish,False,True,max,256,40,AdamW,,3e-05,1e-05,L2,256,0.07466,1.32741,0.59091,0.49349,"[0.65217, 0.22222, 0.60606]",0.59091,0.49349,"[0.65217, 0.22222, 0.60606]",59,0.09356,1.29306,62,COMPLETED,5.46
1276,20251205_124554,baseline_OUMVLP.csv,Preset_v2_7,TCN,42,"[384, 512]","[1, 3]","[True, True]","[0.1, 0.1]",2,7,1,mish,False,True,max,256,40,AdamW,,3e-05,1e-05,L2,256,0.07679,1.50781,0.59091,0.55307,"[0.6087, 0.44444, 0.60606]",0.59091,0.55307,"[0.6087, 0.44444, 0.60606]",86,0.07679,1.50781,86,COMPLETED,7.159
1277,20251205_124554,gaitgl.csv,Preset_v2_7,TCN,42,"[384, 512]","[1, 3]","[True, True]","[0.1, 0.1]",2,7,1,mish,False,True,max,256,40,AdamW,,3e-05,1e-05,L2,128,0.06971,1.15775,0.43182,0.30327,"[0.5098, 0.0, 0.4]",0.5,0.33571,"[0.60714, 0.0, 0.4]",14,0.66139,1.00513,41,COMPLETED,3.704
1278,20251205_124554,gaitgl_GREW.csv,Preset_v2_7,TCN,42,"[384, 512]","[1, 3]","[True, True]","[0.1, 0.1]",2,7,1,mish,False,True,max,256,40,AdamW,,3e-05,1e-05,L2,256,0.06713,0.98719,0.54545,0.39466,"[0.59574, 0.0, 0.58824]",0.56818,0.41035,"[0.625, 0.0, 0.60606]",32,0.11526,0.97967,38,COMPLETED,3.763
1279,20251205_124554,gaitgl_GREW_BNNeck.csv,Preset_v2_7,TCN,42,"[384, 512]","[1, 3]","[True, True]","[0.1, 0.1]",2,7,1,mish,False,True,max,256,40,AdamW,,3e-05,1e-05,L2,256,0.07272,1.28604,0.47727,0.41604,"[0.51163, 0.25, 0.48649]",0.54545,0.45946,"[0.61224, 0.25, 0.51613]",50,0.1329,1.2298,60,COMPLETED,5.881
1280,20251205_124554,gaitgl_OUMVLP.csv,Preset_v2_7,TCN,42,"[384, 512]","[1, 3]","[True, True]","[0.1, 0.1]",2,7,1,mish,False,True,max,256,40,AdamW,,3e-05,1e-05,L2,256,0.07329,1.10217,0.52273,0.43863,"[0.60465, 0.18182, 0.52941]",0.59091,0.4921,"[0.68085, 0.25, 0.54545]",100,0.11128,1.08044,109,COMPLETED,10.853
1281,20251205_124554,gaitpart_GREW.csv,Preset_v2_7,TCN,42,"[384, 512]","[1, 3]","[True, True]","[0.1, 0.1]",2,7,1,mish,False,True,max,256,40,AdamW,,3e-05,1e-05,L2,256,0.07885,1.1225,0.59091,0.51917,"[0.69388, 0.36364, 0.5]",0.61364,0.59528,"[0.68085, 0.625, 0.48]",73,0.17033,1.05652,88,COMPLETED,7.158
1282,20251205_124554,gaitpart_OUMVLP.csv,Preset_v2_7,TCN,42,"[384, 512]","[1, 3]","[True, True]","[0.1, 0.1]",2,7,1,mish,False,True,max,256,40,AdamW,,3e-05,1e-05,L2,256,0.0731,1.38916,0.56818,0.50029,"[0.68182, 0.28571, 0.53333]",0.61364,0.59048,"[0.7, 0.5, 0.57143]",165,0.19551,1.35057,200,COMPLETED,15.54
1283,20251205_124554,gaitset.csv,Preset_v2_7,TCN,42,"[384, 512]","[1, 3]","[True, True]","[0.1, 0.1]",2,7,1,mish,False,True,max,256,40,AdamW,,3e-05,1e-05,L2,256,0.07152,1.41783,0.40909,0.27473,"[0.53846, 0.0, 0.28571]",0.47727,0.31349,"[0.60714, 0.0, 0.33333]",16,0.69831,1.09006,56,COMPLETED,5.532
1284,20251205_124554,gaitset_GREW.csv,Preset_v2_7,TCN,42,"[384, 512]","[1, 3]","[True, True]","[0.1, 0.1]",2,7,1,mish,False,True,max,256,40,AdamW,,3e-05,1e-05,L2,256,0.08093,1.18704,0.5,0.37831,"[0.65217, 0.0, 0.48276]",0.59091,0.5249,"[0.68293, 0.28571, 0.60606]",67,0.10381,1.1445,72,COMPLETED,7.101
1285,20251205_124554,gaitset_OUMVLP.csv,Preset_v2_7,TCN,42,"[384, 512]","[1, 3]","[True, True]","[0.1, 0.1]",2,7,1,mish,False,True,max,256,40,AdamW,,3e-05,1e-05,L2,256,0.09393,1.56824,0.5,0.45869,"[0.51282, 0.30769, 0.55556]",0.63636,0.55147,"[0.73077, 0.36364, 0.56]",214,0.13328,1.51716,231,COMPLETED,22.593
1286,20251205_124554,gln_phase1.csv,Preset_v2_7,TCN,42,"[384, 512]","[1, 3]","[True, True]","[0.1, 0.1]",2,7,1,mish,False,True,max,256,40,AdamW,,3e-05,1e-05,L2,256,0.07831,1.1037,0.5,0.35544,"[0.59574, 0.0, 0.47059]",0.54545,0.49899,"[0.61905, 0.36364, 0.51429]",47,0.19229,1.01852,63,COMPLETED,7.684
1287,20251205_124554,gln_phase2.csv,Preset_v2_7,TCN,42,"[384, 512]","[1, 3]","[True, True]","[0.1, 0.1]",2,7,1,mish,False,True,max,256,40,AdamW,,3e-05,1e-05,L2,256,0.08228,1.04813,0.54545,0.39259,"[0.62222, 0.0, 0.55556]",0.63636,0.57719,"[0.7, 0.4, 0.63158]",40,0.27387,0.961,61,COMPLETED,7.438

1288,20251205_124757,baseline_CASIAB.csv,Preset_v2_8,TCN,42,"[640, 768]","[3, 6]","[True, True]","[0.0, 0.1]",2,3,2,gelu,True,True,attention,320,48,Adam,,2e-05,1e-06,L2,256,0.06844,2.18493,0.40909,0.3848,"[0.42105, 0.2, 0.53333]",0.54545,0.50833,"[0.65, 0.375, 0.5]",36,0.66587,1.23546,100,COMPLETED,13.646
1289,20251205_124757,baseline_OUMVLP.csv,Preset_v2_8,TCN,42,"[640, 768]","[3, 6]","[True, True]","[0.0, 0.1]",2,3,2,gelu,True,True,attention,320,48,Adam,,2e-05,1e-06,L2,256,0.05738,2.50954,0.47727,0.35904,"[0.53659, 0.0, 0.54054]",0.56818,0.47609,"[0.62222, 0.2, 0.60606]",90,0.10759,2.29171,96,COMPLETED,12.463
1290,20251205_124757,gaitgl.csv,Preset_v2_8,TCN,42,"[640, 768]","[3, 6]","[True, True]","[0.0, 0.1]",2,3,2,gelu,True,True,attention,320,48,Adam,,2e-05,1e-06,L2,128,0.07228,2.12189,0.40909,0.29668,"[0.47826, 0.0, 0.41176]",0.40909,0.35284,"[0.38889, 0.18182, 0.4878]",32,0.45541,1.48569,54,COMPLETED,9.022
1291,20251205_124757,gaitgl_GREW.csv,Preset_v2_8,TCN,42,"[640, 768]","[3, 6]","[True, True]","[0.0, 0.1]",2,3,2,gelu,True,True,attention,320,48,Adam,,2e-05,1e-06,L2,256,0.05742,2.06773,0.54545,0.48629,"[0.65116, 0.30769, 0.5]",0.59091,0.57018,"[0.63158, 0.5, 0.57895]",45,0.11044,1.81796,51,COMPLETED,9.135
1292,20251205_124757,gaitgl_GREW_BNNeck.csv,Preset_v2_8,TCN,42,"[640, 768]","[3, 6]","[True, True]","[0.0, 0.1]",2,3,2,gelu,True,True,attention,320,48,Adam,,2e-05,1e-06,L2,256,0.07335,2.62444,0.38636,0.31755,"[0.4898, 0.14286, 0.32]",0.38636,0.31755,"[0.4898, 0.14286, 0.32]",66,0.07335,2.62444,66,COMPLETED,11.75
1293,20251205_124757,gaitgl_OUMVLP.csv,Preset_v2_8,TCN,42,"[640, 768]","[3, 6]","[True, True]","[0.0, 0.1]",2,3,2,gelu,True,True,attention,320,48,Adam,,2e-05,1e-06,L2,256,0.06727,2.24551,0.43182,0.32233,"[0.55319, 0.0, 0.41379]",0.5,0.35556,"[0.62222, 0.0, 0.44444]",41,0.70086,1.07395,80,COMPLETED,14.142
1294,20251205_124757,gaitpart_GREW.csv,Preset_v2_8,TCN,42,"[640, 768]","[3, 6]","[True, True]","[0.0, 0.1]",2,3,2,gelu,True,True,attention,320,48,Adam,,2e-05,1e-06,L2,256,0.06583,2.74029,0.43182,0.36276,"[0.62222, 0.23529, 0.23077]",0.5,0.44014,"[0.66667, 0.26667, 0.3871]",76,0.22719,1.95918,99,COMPLETED,12.195
1295,20251205_124757,gaitpart_OUMVLP.csv,Preset_v2_8,TCN,42,"[640, 768]","[3, 6]","[True, True]","[0.0, 0.1]",2,3,2,gelu,True,True,attention,320,48,Adam,,2e-05,1e-06,L2,256,0.08118,1.39469,0.5,0.37392,"[0.65116, 0.0, 0.47059]",0.56818,0.52222,"[0.66667, 0.4, 0.5]",144,0.16955,1.16593,168,COMPLETED,20.351
1296,20251205_124757,gaitset.csv,Preset_v2_8,TCN,42,"[640, 768]","[3, 6]","[True, True]","[0.0, 0.1]",2,3,2,gelu,True,True,attention,320,48,Adam,,2e-05,1e-06,L2,256,0.05606,2.12088,0.40909,0.29304,"[0.57143, 0.0, 0.30769]",0.54545,0.45869,"[0.60465, 0.2, 0.57143]",39,0.46379,1.32517,74,COMPLETED,13.008
1297,20251205_124757,gaitset_GREW.csv,Preset_v2_8,TCN,42,"[640, 768]","[3, 6]","[True, True]","[0.0, 0.1]",2,3,2,gelu,True,True,attention,320,48,Adam,,2e-05,1e-06,L2,256,0.07671,2.40104,0.40909,0.36439,"[0.57143, 0.26087, 0.26087]",0.56818,0.50997,"[0.66667, 0.30769, 0.55556]",46,0.46503,1.39329,71,COMPLETED,12.396
1298,20251205_124757,gaitset_OUMVLP.csv,Preset_v2_8,TCN,42,"[640, 768]","[3, 6]","[True, True]","[0.0, 0.1]",2,3,2,gelu,True,True,attention,320,48,Adam,,2e-05,1e-06,L2,256,0.05669,2.66898,0.47727,0.42669,"[0.58333, 0.31579, 0.38095]",0.56818,0.51672,"[0.65385, 0.46154, 0.43478]",185,0.10771,2.49861,191,COMPLETED,33.255
1299,20251205_124757,gln_phase1.csv,Preset_v2_8,TCN,42,"[640, 768]","[3, 6]","[True, True]","[0.0, 0.1]",2,3,2,gelu,True,True,attention,320,48,Adam,,2e-05,1e-06,L2,256,0.06722,2.91009,0.40909,0.34325,"[0.57143, 0.125, 0.33333]",0.5,0.4596,"[0.59091, 0.36364, 0.42424]",47,0.31919,1.73605,80,COMPLETED,17.246
1300,20251205_124757,gln_phase2.csv,Preset_v2_8,TCN,42,"[640, 768]","[3, 6]","[True, True]","[0.0, 0.1]",2,3,2,gelu,True,True,attention,320,48,Adam,,2e-05,1e-06,L2,256,0.08706,2.32169,0.45455,0.33761,"[0.51282, 0.0, 0.5]",0.61364,0.50135,"[0.7234, 0.2, 0.58065]",66,0.06949,1.68706,68,COMPLETED,14.636

1301,20251205_125125,baseline_CASIAB.csv,Preset_v2_9,TCN,42,"[640, 448]","[3, 6]","[True, True]","[0.1, 0.1]",2,3,2,hardswish,True,True,mean,384,32,AdamW,,0.0001,0.0,minmax,256,0.04631,3.8345,0.47727,0.4299,"[0.57143, 0.26667, 0.45161]",0.54545,0.50741,"[0.62222, 0.4, 0.5]",220,0.11938,2.92502,230,COMPLETED,33.765
1302,20251205_125125,baseline_OUMVLP.csv,Preset_v2_9,TCN,42,"[640, 448]","[3, 6]","[True, True]","[0.1, 0.1]",2,3,2,hardswish,True,True,mean,384,32,AdamW,,0.0001,0.0,minmax,256,0.04059,2.04579,0.47727,0.40585,"[0.53659, 0.16667, 0.51429]",0.59091,0.5,"[0.6, 0.25, 0.65]",217,0.12568,1.71774,229,COMPLETED,33.707
1303,20251205_125125,gaitgl.csv,Preset_v2_9,TCN,42,"[640, 448]","[3, 6]","[True, True]","[0.1, 0.1]",2,3,2,hardswish,True,True,mean,384,32,AdamW,,0.0001,0.0,minmax,128,0.03602,3.49625,0.29545,0.22349,"[0.47826, 0.08696, 0.10526]",0.45455,0.42857,"[0.52381, 0.33333, 0.42857]",153,0.1813,2.05015,163,COMPLETED,26.097
1304,20251205_125125,gaitgl_GREW.csv,Preset_v2_9,TCN,42,"[640, 448]","[3, 6]","[True, True]","[0.1, 0.1]",2,3,2,hardswish,True,True,mean,384,32,AdamW,,0.0001,0.0,minmax,256,0.04313,3.51262,0.47727,0.46117,"[0.5641, 0.43478, 0.38462]",0.54545,0.54478,"[0.55556, 0.54545, 0.53333]",269,0.11514,2.67386,284,COMPLETED,47.264
1305,20251205_125125,gaitgl_GREW_BNNeck.csv,Preset_v2_9,TCN,42,"[640, 448]","[3, 6]","[True, True]","[0.1, 0.1]",2,3,2,hardswish,True,True,mean,384,32,AdamW,,0.0001,0.0,minmax,256,1.00664,1.0153,0.47727,0.21538,"[0.64615, 0.0, 0.0]",0.47727,0.21538,"[0.64615, 0.0, 0.0]",314,1.00664,1.0153,314,STOPPED,52.099
1306,20251205_125125,gaitgl_OUMVLP.csv,Preset_v2_9,TCN,42,"[640, 448]","[3, 6]","[True, True]","[0.1, 0.1]",2,3,2,hardswish,True,True,mean,384,32,AdamW,,0.0001,0.0,minmax,256,1.00565,1.01454,0.47727,0.21538,"[0.64615, 0.0, 0.0]",0.47727,0.21538,"[0.64615, 0.0, 0.0]",123,1.00565,1.01454,123,STOPPED,20.649
1307,20251205_125125,gaitpart_GREW.csv,Preset_v2_9,TCN,42,"[640, 448]","[3, 6]","[True, True]","[0.1, 0.1]",2,3,2,hardswish,True,True,mean,384,32,AdamW,,0.0001,0.0,minmax,256,0.04047,2.20913,0.5,0.45969,"[0.6087, 0.4, 0.37037]",0.56818,0.5331,"[0.65385, 0.54545, 0.4]",105,0.26263,1.73796,122,COMPLETED,17.118
1308,20251205_125125,gaitpart_OUMVLP.csv,Preset_v2_9,TCN,42,"[640, 448]","[3, 6]","[True, True]","[0.1, 0.1]",2,3,2,hardswish,True,True,mean,384,32,AdamW,,0.0001,0.0,minmax,256,0.05628,2.0295,0.5,0.44099,"[0.6087, 0.28571, 0.42857]",0.65909,0.64444,"[0.66667, 0.6, 0.66667]",251,0.65395,1.07889,332,COMPLETED,46.049
1309,20251205_125125,gaitset.csv,Preset_v2_9,TCN,42,"[640, 448]","[3, 6]","[True, True]","[0.1, 0.1]",2,3,2,hardswish,True,True,mean,384,32,AdamW,,0.0001,0.0,minmax,256,0.052,3.3897,0.38636,0.33565,"[0.6, 0.08696, 0.32]",0.54545,0.3923,"[0.63636, 0.0, 0.54054]",196,0.58127,1.32486,237,COMPLETED,39.112
1310,20251205_125125,gaitset_GREW.csv,Preset_v2_9,TCN,42,"[640, 448]","[3, 6]","[True, True]","[0.1, 0.1]",2,3,2,hardswish,True,True,mean,384,32,AdamW,,0.0001,0.0,minmax,256,1.0063,1.01348,0.47727,0.21538,"[0.64615, 0.0, 0.0]",0.47727,0.21538,"[0.64615, 0.0, 0.0]",107,1.0063,1.01348,107,STOPPED,17.618
1311,20251205_125125,gaitset_OUMVLP.csv,Preset_v2_9,TCN,42,"[640, 448]","[3, 6]","[True, True]","[0.1, 0.1]",2,3,2,hardswish,True,True,mean,384,32,AdamW,,0.0001,0.0,minmax,256,1.00613,1.01356,0.47727,0.21538,"[0.64615, 0.0, 0.0]",0.47727,0.21538,"[0.64615, 0.0, 0.0]",165,1.00613,1.01356,165,STOPPED,27.274
1312,20251205_125125,gln_phase1.csv,Preset_v2_9,TCN,42,"[640, 448]","[3, 6]","[True, True]","[0.1, 0.1]",2,3,2,hardswish,True,True,mean,384,32,AdamW,,0.0001,0.0,minmax,256,1.0057,1.01476,0.47727,0.21538,"[0.64615, 0.0, 0.0]",0.47727,0.21538,"[0.64615, 0.0, 0.0]",205,1.0057,1.01476,205,STOPPED,40.007
1313,20251205_125125,gln_phase2.csv,Preset_v2_9,TCN,42,"[640, 448]","[3, 6]","[True, True]","[0.1, 0.1]",2,3,2,hardswish,True,True,mean,384,32,AdamW,,0.0001,0.0,minmax,256,1.00731,1.0145,0.47727,0.21538,"[0.64615, 0.0, 0.0]",0.47727,0.21538,"[0.64615, 0.0, 0.0]",152,1.00731,1.0145,152,STOPPED,29.858

1314,20251205_125849,baseline_CASIAB.csv,Preset_v2_10,TCN,42,"[768, 512]","[3, 7]","[True, True]","[0.1, 0.1]",2,3,3,silu,True,True,attention,448,32,AdamW,,2e-05,1e-05,L2,256,0.06409,2.53577,0.38636,0.35952,"[0.45, 0.2, 0.42857]",0.43182,0.40255,"[0.43902, 0.23529, 0.53333]",64,0.19591,2.01543,80,COMPLETED,17.559
1315,20251205_125849,baseline_OUMVLP.csv,Preset_v2_10,TCN,42,"[768, 512]","[3, 7]","[True, True]","[0.1, 0.1]",2,3,3,silu,True,True,attention,448,32,AdamW,,2e-05,1e-05,L2,256,0.06664,2.90648,0.36364,0.32472,"[0.41176, 0.10526, 0.45714]",0.52273,0.38232,"[0.51282, 0.0, 0.63415]",55,0.30776,1.68402,102,COMPLETED,22.118
1316,20251205_125849,gaitgl.csv,Preset_v2_10,TCN,42,"[768, 512]","[3, 7]","[True, True]","[0.1, 0.1]",2,3,3,silu,True,True,attention,448,32,AdamW,,2e-05,1e-05,L2,128,0.0655,2.18182,0.40909,0.30287,"[0.47619, 0.0, 0.43243]",0.47727,0.35,"[0.55, 0.0, 0.5]",36,0.2968,1.47585,50,COMPLETED,12.506
1317,20251205_125849,gaitgl_GREW.csv,Preset_v2_10,TCN,42,"[768, 512]","[3, 7]","[True, True]","[0.1, 0.1]",2,3,3,silu,True,True,attention,448,32,AdamW,,2e-05,1e-05,L2,256,0.05922,2.19811,0.52273,0.44473,"[0.52381, 0.18182, 0.62857]",0.59091,0.49495,"[0.63636, 0.18182, 0.66667]",49,0.06721,2.18817,50,COMPLETED,12.784
1318,20251205_125849,gaitgl_GREW_BNNeck.csv,Preset_v2_10,TCN,42,"[768, 512]","[3, 7]","[True, True]","[0.1, 0.1]",2,3,3,silu,True,True,attention,448,32,AdamW,,2e-05,1e-05,L2,256,0.05976,2.87504,0.43182,0.39647,"[0.4878, 0.25, 0.45161]",0.47727,0.43829,"[0.53659, 0.30769, 0.47059]",69,0.12823,2.60133,78,COMPLETED,20.066
1319,20251205_125849,gaitgl_OUMVLP.csv,Preset_v2_10,TCN,42,"[768, 512]","[3, 7]","[True, True]","[0.1, 0.1]",2,3,3,silu,True,True,attention,448,32,AdamW,,2e-05,1e-05,L2,256,0.08825,2.25478,0.5,0.44008,"[0.6087, 0.25, 0.46154]",0.52273,0.49174,"[0.48485, 0.375, 0.61538]",72,0.1863,2.21488,84,COMPLETED,21.409
1320,20251205_125849,gaitpart_GREW.csv,Preset_v2_10,TCN,42,"[768, 512]","[3, 7]","[True, True]","[0.1, 0.1]",2,3,3,silu,True,True,attention,448,32,AdamW,,2e-05,1e-05,L2,256,0.06411,3.06547,0.47727,0.41568,"[0.59574, 0.26667, 0.38462]",0.52273,0.49512,"[0.58537, 0.4, 0.5]",75,0.14277,2.16831,91,COMPLETED,18.636
1321,20251205_125849,gaitpart_OUMVLP.csv,Preset_v2_10,TCN,42,"[768, 512]","[3, 7]","[True, True]","[0.1, 0.1]",2,3,3,silu,True,True,attention,448,32,AdamW,,2e-05,1e-05,L2,256,0.08862,2.17071,0.43182,0.36564,"[0.55814, 0.125, 0.41379]",0.56818,0.45434,"[0.67925, 0.22222, 0.46154]",76,0.56734,1.24913,142,COMPLETED,28.682
1322,20251205_125849,gaitset.csv,Preset_v2_10,TCN,42,"[768, 512]","[3, 7]","[True, True]","[0.1, 0.1]",2,3,3,silu,True,True,attention,448,32,AdamW,,2e-05,1e-05,L2,256,0.07167,2.86353,0.36364,0.28642,"[0.48889, 0.0, 0.37037]",0.38636,0.33282,"[0.46512, 0.13333, 0.4]",64,0.11417,2.61705,70,COMPLETED,17.732
1323,20251205_125849,gaitset_GREW.csv,Preset_v2_10,TCN,42,"[768, 512]","[3, 7]","[True, True]","[0.1, 0.1]",2,3,3,silu,True,True,attention,448,32,AdamW,,2e-05,1e-05,L2,256,0.06627,2.849,0.38636,0.3428,"[0.48485, 0.11111, 0.43243]",0.43182,0.41534,"[0.48889, 0.4, 0.35714]",58,0.14272,2.24911,71,COMPLETED,17.906
1324,20251205_125849,gaitset_OUMVLP.csv,Preset_v2_10,TCN,42,"[768, 512]","[3, 7]","[True, True]","[0.1, 0.1]",2,3,3,silu,True,True,attention,448,32,AdamW,,2e-05,1e-05,L2,256,0.04967,2.58018,0.36364,0.26768,"[0.5, 0.0, 0.30303]",0.47727,0.41386,"[0.58824, 0.33333, 0.32]",139,0.11256,2.45394,161,COMPLETED,40.462
1325,20251205_125849,gln_phase1.csv,Preset_v2_10,TCN,42,"[768, 512]","[3, 7]","[True, True]","[0.1, 0.1]",2,3,3,silu,True,True,attention,448,32,AdamW,,2e-05,1e-05,L2,256,0.07729,2.87192,0.40909,0.39155,"[0.5, 0.26087, 0.41379]",0.52273,0.46936,"[0.6, 0.36364, 0.44444]",43,0.32569,1.59633,73,COMPLETED,22.756
1326,20251205_125849,gln_phase2.csv,Preset_v2_10,TCN,42,"[768, 512]","[3, 7]","[True, True]","[0.1, 0.1]",2,3,3,silu,True,True,attention,448,32,AdamW,,2e-05,1e-05,L2,256,0.05845,2.26734,0.36364,0.334,"[0.48649, 0.08696, 0.42857]",0.54545,0.45651,"[0.62222, 0.16667, 0.58065]",57,0.16588,1.75793,76,COMPLETED,25.031

1327,20251205_130341,baseline_CASIAB.csv,Preset_v2_11,TCN,42,"[448, 256]","[1, 2]","[False, True]","[0.0, 0.0]",2,3,1,gelu,False,True,max,256,64,AdamW,,3e-05,1e-06,L2,256,0.06618,1.22768,0.56818,0.40847,"[0.71111, 0.0, 0.51429]",0.52273,0.43468,"[0.62222, 0.18182, 0.5]",40,0.58783,1.0368,74,COMPLETED,4.395
1328,20251205_130341,baseline_OUMVLP.csv,Preset_v2_11,TCN,42,"[448, 256]","[1, 2]","[False, True]","[0.0, 0.0]",2,3,1,gelu,False,True,max,256,64,AdamW,,3e-05,1e-06,L2,256,0.09012,1.28758,0.59091,0.54386,"[0.6, 0.4, 0.63158]",0.59091,0.55464,"[0.59091, 0.44444, 0.62857]",90,0.08953,1.25928,92,COMPLETED,5.138
1329,20251205_130341,gaitgl.csv,Preset_v2_11,TCN,42,"[448, 256]","[1, 2]","[False, True]","[0.0, 0.0]",2,3,1,gelu,False,True,max,256,64,AdamW,,3e-05,1e-06,L2,128,0.05356,1.23446,0.54545,0.4534,"[0.62745, 0.25, 0.48276]",0.54545,0.4534,"[0.62745, 0.25, 0.48276]",52,0.06872,1.20112,54,COMPLETED,3.327
1330,20251205_130341,gaitgl_GREW.csv,Preset_v2_11,TCN,42,"[448, 256]","[1, 2]","[False, True]","[0.0, 0.0]",2,3,1,gelu,False,True,max,256,64,AdamW,,3e-05,1e-06,L2,256,0.04963,1.14759,0.45455,0.32165,"[0.55319, 0.0, 0.41176]",0.54545,0.46549,"[0.59091, 0.25, 0.55556]",42,0.12608,1.08642,48,COMPLETED,3.303
1331,20251205_130341,gaitgl_GREW_BNNeck.csv,Preset_v2_11,TCN,42,"[448, 256]","[1, 2]","[False, True]","[0.0, 0.0]",2,3,1,gelu,False,True,max,256,64,AdamW,,3e-05,1e-06,L2,256,0.05717,1.33996,0.47727,0.32099,"[0.59259, 0.0, 0.37037]",0.52273,0.37778,"[0.6, 0.0, 0.53333]",63,0.06168,1.2558,64,COMPLETED,4.273
1332,20251205_130341,gaitgl_OUMVLP.csv,Preset_v2_11,TCN,42,"[448, 256]","[1, 2]","[False, True]","[0.0, 0.0]",2,3,1,gelu,False,True,max,256,64,AdamW,,3e-05,1e-06,L2,256,0.06929,1.04948,0.52273,0.47465,"[0.6087, 0.36364, 0.45161]",0.54545,0.49642,"[0.61538, 0.33333, 0.54054]",77,0.3152,1.01652,99,COMPLETED,7.213
1333,20251205_130341,gaitpart_GREW.csv,Preset_v2_11,TCN,42,"[448, 256]","[1, 2]","[False, True]","[0.0, 0.0]",2,3,1,gelu,False,True,max,256,64,AdamW,,3e-05,1e-06,L2,256,0.05876,1.44117,0.43182,0.35859,"[0.55319, 0.2, 0.32258]",0.5,0.42835,"[0.55, 0.22222, 0.51282]",95,0.16264,1.32228,113,COMPLETED,5.931
1334,20251205_130341,gaitpart_OUMVLP.csv,Preset_v2_11,TCN,42,"[448, 256]","[1, 2]","[False, True]","[0.0, 0.0]",2,3,1,gelu,False,True,max,256,64,AdamW,,3e-05,1e-06,L2,256,0.06871,1.08515,0.61364,0.56498,"[0.71429, 0.4, 0.58065]",0.65909,0.6329,"[0.72727, 0.57143, 0.6]",216,0.15174,1.08066,248,COMPLETED,13.008
1335,20251205_130341,gaitset.csv,Preset_v2_11,TCN,42,"[448, 256]","[1, 2]","[False, True]","[0.0, 0.0]",2,3,1,gelu,False,True,max,256,64,AdamW,,3e-05,1e-06,L2,256,0.06709,1.31829,0.43182,0.30667,"[0.52, 0.0, 0.4]",0.45455,0.37238,"[0.56, 0.2, 0.35714]",53,0.17187,1.20444,63,COMPLETED,4.314
1336,20251205_130341,gaitset_GREW.csv,Preset_v2_11,TCN,42,"[448, 256]","[1, 2]","[False, True]","[0.0, 0.0]",2,3,1,gelu,False,True,max,256,64,AdamW,,3e-05,1e-06,L2,256,0.05944,1.29312,0.5,0.357,"[0.58824, 0.0, 0.48276]",0.5,0.42063,"[0.61905, 0.14286, 0.5]",66,0.26472,1.10752,83,COMPLETED,5.574
1337,20251205_130341,gaitset_OUMVLP.csv,Preset_v2_11,TCN,42,"[448, 256]","[1, 2]","[False, True]","[0.0, 0.0]",2,3,1,gelu,False,True,max,256,64,AdamW,,3e-05,1e-06,L2,256,0.06943,1.25278,0.45455,0.38808,"[0.55, 0.18182, 0.43243]",0.54545,0.48953,"[0.6383, 0.36364, 0.46667]",203,0.13271,1.23754,236,COMPLETED,15.597
1338,20251205_130341,gln_phase1.csv,Preset_v2_11,TCN,42,"[448, 256]","[1, 2]","[False, True]","[0.0, 0.0]",2,3,1,gelu,False,True,max,256,64,AdamW,,3e-05,1e-06,L2,256,0.06488,0.99596,0.56818,0.42572,"[0.65217, 0.0, 0.625]",0.56818,0.46166,"[0.68, 0.22222, 0.48276]",38,0.49153,0.9958,64,COMPLETED,5.33
1339,20251205_130341,gln_phase2.csv,Preset_v2_11,TCN,42,"[448, 256]","[1, 2]","[False, True]","[0.0, 0.0]",2,3,1,gelu,False,True,max,256,64,AdamW,,3e-05,1e-06,L2,256,0.06277,1.10547,0.59091,0.57778,"[0.66667, 0.6, 0.46667]",0.59091,0.57778,"[0.66667, 0.6, 0.46667]",72,0.06277,1.10547,72,COMPLETED,5.948

1340,20251205_130519,baseline_CASIAB.csv,Preset_v2_12,TCN,42,"[448, 448, 448, 448]","[1, 2, 4, 8]","[True, True, True, True]","[0.1, 0.1, 0.1, 0.1]",4,3,2,gelu,True,True,mean,320,40,AdamW,,2e-05,1e-05,L2,256,0.07829,2.96503,0.43182,0.36918,"[0.54545, 0.11765, 0.44444]",0.52273,0.44746,"[0.64, 0.28571, 0.41667]",99,0.25723,2.03611,139,COMPLETED,20.704
1341,20251205_130519,baseline_OUMVLP.csv,Preset_v2_12,TCN,42,"[448, 448, 448, 448]","[1, 2, 4, 8]","[True, True, True, True]","[0.1, 0.1, 0.1, 0.1]",4,3,2,gelu,True,True,mean,320,40,AdamW,,2e-05,1e-05,L2,256,0.0871,3.06773,0.47727,0.39992,"[0.41176, 0.15385, 0.63415]",0.56818,0.47584,"[0.625, 0.18182, 0.62069]",137,0.2587,1.83882,181,COMPLETED,27.035
1342,20251205_130519,gaitgl.csv,Preset_v2_12,TCN,42,"[448, 448, 448, 448]","[1, 2, 4, 8]","[True, True, True, True]","[0.1, 0.1, 0.1, 0.1]",4,3,2,gelu,True,True,mean,320,40,AdamW,,2e-05,1e-05,L2,128,0.06998,1.78055,0.40909,0.37057,"[0.5641, 0.19048, 0.35714]",0.54545,0.49899,"[0.61905, 0.36364, 0.51429]",88,0.17823,1.47383,100,COMPLETED,16.967
1343,20251205_130519,gaitgl_GREW.csv,Preset_v2_12,TCN,42,"[448, 448, 448, 448]","[1, 2, 4, 8]","[True, True, True, True]","[0.1, 0.1, 0.1, 0.1]",4,3,2,gelu,True,True,mean,320,40,AdamW,,2e-05,1e-05,L2,256,0.07145,2.29357,0.40909,0.32468,"[0.54545, 0.0, 0.42857]",0.45455,0.39129,"[0.5, 0.13333, 0.54054]",78,0.22314,1.6206,95,COMPLETED,16.944
1344,20251205_130519,gaitgl_GREW_BNNeck.csv,Preset_v2_12,TCN,42,"[448, 448, 448, 448]","[1, 2, 4, 8]","[True, True, True, True]","[0.1, 0.1, 0.1, 0.1]",4,3,2,gelu,True,True,mean,320,40,AdamW,,2e-05,1e-05,L2,256,0.06158,2.73932,0.47727,0.44594,"[0.55319, 0.4, 0.38462]",0.52273,0.47756,"[0.58824, 0.4, 0.44444]",129,0.11003,2.47644,141,COMPLETED,25.189
1345,20251205_130519,gaitgl_OUMVLP.csv,Preset_v2_12,TCN,42,"[448, 448, 448, 448]","[1, 2, 4, 8]","[True, True, True, True]","[0.1, 0.1, 0.1, 0.1]",4,3,2,gelu,True,True,mean,320,40,AdamW,,2e-05,1e-05,L2,256,0.08588,2.23326,0.45455,0.41443,"[0.55, 0.21053, 0.48276]",0.56818,0.46954,"[0.53333, 0.22222, 0.65306]",170,0.567,1.76866,245,COMPLETED,43.752
1346,20251205_130519,gaitpart_GREW.csv,Preset_v2_12,TCN,42,"[448, 448, 448, 448]","[1, 2, 4, 8]","[True, True, True, True]","[0.1, 0.1, 0.1, 0.1]",4,3,2,gelu,True,True,mean,320,40,AdamW,,2e-05,1e-05,L2,256,0.08136,2.32748,0.54545,0.44375,"[0.66667, 0.18182, 0.48276]",0.52273,0.47465,"[0.55, 0.28571, 0.58824]",112,0.29223,1.55014,152,COMPLETED,21.63
1347,20251205_130519,gaitpart_OUMVLP.csv,Preset_v2_12,TCN,42,"[448, 448, 448, 448]","[1, 2, 4, 8]","[True, True, True, True]","[0.1, 0.1, 0.1, 0.1]",4,3,2,gelu,True,True,mean,320,40,AdamW,,2e-05,1e-05,L2,256,0.07021,2.03806,0.52273,0.50296,"[0.59459, 0.38095, 0.53333]",0.65909,0.64077,"[0.68421, 0.57143, 0.66667]",255,0.33234,1.43293,385,COMPLETED,55.169
1348,20251205_130519,gaitset.csv,Preset_v2_12,TCN,42,"[448, 448, 448, 448]","[1, 2, 4, 8]","[True, True, True, True]","[0.1, 0.1, 0.1, 0.1]",4,3,2,gelu,True,True,mean,320,40,AdamW,,2e-05,1e-05,L2,256,0.08314,3.29894,0.29545,0.25017,"[0.4186, 0.125, 0.2069]",0.36364,0.35231,"[0.44444, 0.3, 0.3125]",99,0.40475,2.05304,135,COMPLETED,24.112
1349,20251205_130519,gaitset_GREW.csv,Preset_v2_12,TCN,42,"[448, 448, 448, 448]","[1, 2, 4, 8]","[True, True, True, True]","[0.1, 0.1, 0.1, 0.1]",4,3,2,gelu,True,True,mean,320,40,AdamW,,2e-05,1e-05,L2,256,0.07419,2.20744,0.38636,0.38393,"[0.4375, 0.21429, 0.5]",0.59091,0.49457,"[0.65306, 0.25, 0.58065]",107,0.3868,1.27668,153,COMPLETED,27.219
1350,20251205_130519,gaitset_OUMVLP.csv,Preset_v2_12,TCN,42,"[448, 448, 448, 448]","[1, 2, 4, 8]","[True, True, True, True]","[0.1, 0.1, 0.1, 0.1]",4,3,2,gelu,True,True,mean,320,40,AdamW,,2e-05,1e-05,L2,256,0.07701,2.85785,0.43182,0.42492,"[0.44444, 0.36364, 0.46667]",0.54545,0.54372,"[0.57143, 0.54545, 0.51429]",302,0.39117,1.57779,474,COMPLETED,85.493
1351,20251205_130519,gln_phase1.csv,Preset_v2_12,TCN,42,"[448, 448, 448, 448]","[1, 2, 4, 8]","[True, True, True, True]","[0.1, 0.1, 0.1, 0.1]",4,3,2,gelu,True,True,mean,320,40,AdamW,,2e-05,1e-05,L2,256,0.09622,2.82273,0.40909,0.37696,"[0.55, 0.26087, 0.32]",0.5,0.46407,"[0.45714, 0.36364, 0.57143]",108,0.38326,1.46487,165,COMPLETED,35.222
1352,20251205_130519,gln_phase2.csv,Preset_v2_12,TCN,42,"[448, 448, 448, 448]","[1, 2, 4, 8]","[True, True, True, True]","[0.1, 0.1, 0.1, 0.1]",4,3,2,gelu,True,True,mean,320,40,AdamW,,2e-05,1e-05,L2,256,0.05835,2.7034,0.36364,0.3503,"[0.43243, 0.08, 0.53846]",0.47727,0.45937,"[0.52941, 0.375, 0.47368]",101,0.32718,1.57101,145,COMPLETED,30.926

1353,20251205_131243,baseline_CASIAB.csv,Preset_v2_13,TCN,42,"[640, 768, 768, 640]","[1, 2, 4, 8]","[True, True, True, True]","[0.05, 0.1, 0.1, 0.1]",4,5,2,mish,True,True,attention,384,32,Adam,,3e-05,1e-05,minmax,256,0.03305,2.96075,0.38636,0.29449,"[0.43902, 0.0, 0.44444]",0.52273,0.47445,"[0.4375, 0.36364, 0.62222]",87,0.49961,1.52222,113,COMPLETED,40.605
1354,20251205_131243,baseline_OUMVLP.csv,Preset_v2_13,TCN,42,"[640, 768, 768, 640]","[1, 2, 4, 8]","[True, True, True, True]","[0.05, 0.1, 0.1, 0.1]",4,5,2,mish,True,True,attention,384,32,Adam,,3e-05,1e-05,minmax,256,0.02303,1.89624,0.54545,0.53509,"[0.47368, 0.5, 0.63158]",0.59091,0.57547,"[0.51429, 0.54545, 0.66667]",103,0.28715,1.66056,111,COMPLETED,39.849
1355,20251205_131243,gaitgl.csv,Preset_v2_13,TCN,42,"[640, 768, 768, 640]","[1, 2, 4, 8]","[True, True, True, True]","[0.05, 0.1, 0.1, 0.1]",4,5,2,mish,True,True,attention,384,32,Adam,,3e-05,1e-05,minmax,128,0.0468,2.47473,0.34091,0.29076,"[0.52381, 0.18182, 0.16667]",0.45455,0.41032,"[0.55814, 0.28571, 0.3871]",65,0.07609,2.44967,68,COMPLETED,31.34
1356,20251205_131243,gaitgl_GREW.csv,Preset_v2_13,TCN,42,"[640, 768, 768, 640]","[1, 2, 4, 8]","[True, True, True, True]","[0.05, 0.1, 0.1, 0.1]",4,5,2,mish,True,True,attention,384,32,Adam,,3e-05,1e-05,minmax,256,0.01021,2.36384,0.54545,0.45556,"[0.66667, 0.2, 0.5]",0.54545,0.45556,"[0.66667, 0.2, 0.5]",53,0.04248,1.96372,56,COMPLETED,26.401
1357,20251205_131243,gaitgl_GREW_BNNeck.csv,Preset_v2_13,TCN,42,"[640, 768, 768, 640]","[1, 2, 4, 8]","[True, True, True, True]","[0.05, 0.1, 0.1, 0.1]",4,5,2,mish,True,True,attention,384,32,Adam,,3e-05,1e-05,minmax,256,1.00797,1.01527,0.47727,0.21538,"[0.64615, 0.0, 0.0]",0.47727,0.21538,"[0.64615, 0.0, 0.0]",140,1.00797,1.01527,140,STOPPED,65.545
1358,20251205_131243,gaitgl_OUMVLP.csv,Preset_v2_13,TCN,42,"[640, 768, 768, 640]","[1, 2, 4, 8]","[True, True, True, True]","[0.05, 0.1, 0.1, 0.1]",4,5,2,mish,True,True,attention,384,32,Adam,,3e-05,1e-05,minmax,256,0.01207,3.34957,0.31818,0.27671,"[0.42857, 0.10526, 0.2963]",0.45455,0.37909,"[0.54167, 0.18182, 0.41379]",195,0.23406,2.77329,209,COMPLETED,98.242
1359,20251205_131243,gaitpart_GREW.csv,Preset_v2_13,TCN,42,"[640, 768, 768, 640]","[1, 2, 4, 8]","[True, True, True, True]","[0.05, 0.1, 0.1, 0.1]",4,5,2,mish,True,True,attention,384,32,Adam,,3e-05,1e-05,minmax,256,0.03876,2.53707,0.52273,0.43382,"[0.65385, 0.26667, 0.38095]",0.54545,0.52707,"[0.5641, 0.46154, 0.55556]",78,0.46139,1.25553,96,COMPLETED,31.662
1360,20251205_131243,gaitpart_OUMVLP.csv,Preset_v2_13,TCN,42,"[640, 768, 768, 640]","[1, 2, 4, 8]","[True, True, True, True]","[0.05, 0.1, 0.1, 0.1]",4,5,2,mish,True,True,attention,384,32,Adam,,3e-05,1e-05,minmax,256,0.02647,2.33238,0.52273,0.43423,"[0.65116, 0.16667, 0.48485]",0.63636,0.57719,"[0.64865, 0.4, 0.68293]",170,0.67864,1.05054,240,COMPLETED,78.038
1361,20251205_131243,gaitset.csv,Preset_v2_13,TCN,42,"[640, 768, 768, 640]","[1, 2, 4, 8]","[True, True, True, True]","[0.05, 0.1, 0.1, 0.1]",4,5,2,mish,True,True,attention,384,32,Adam,,3e-05,1e-05,minmax,256,0.04405,1.88208,0.45455,0.38632,"[0.53333, 0.14286, 0.48276]",0.56818,0.46825,"[0.66667, 0.16667, 0.57143]",68,0.07557,1.77671,71,COMPLETED,32.967
1362,20251205_131243,gaitset_GREW.csv,Preset_v2_13,TCN,42,"[640, 768, 768, 640]","[1, 2, 4, 8]","[True, True, True, True]","[0.05, 0.1, 0.1, 0.1]",4,5,2,mish,True,True,attention,384,32,Adam,,3e-05,1e-05,minmax,256,0.00749,2.75006,0.40909,0.35114,"[0.4878, 0.15385, 0.41176]",0.43182,0.41334,"[0.42424, 0.31579, 0.5]",155,0.47948,1.63023,170,COMPLETED,78.56
1363,20251205_131243,gaitset_OUMVLP.csv,Preset_v2_13,TCN,42,"[640, 768, 768, 640]","[1, 2, 4, 8]","[True, True, True, True]","[0.05, 0.1, 0.1, 0.1]",4,5,2,mish,True,True,attention,384,32,Adam,,3e-05,1e-05,minmax,256,1.00929,1.01352,0.47727,0.21538,"[0.64615, 0.0, 0.0]",0.47727,0.21538,"[0.64615, 0.0, 0.0]",217,1.00929,1.01352,217,STOPPED,100.196
1364,20251205_131243,gln_phase1.csv,Preset_v2_13,TCN,42,"[640, 768, 768, 640]","[1, 2, 4, 8]","[True, True, True, True]","[0.05, 0.1, 0.1, 0.1]",4,5,2,mish,True,True,attention,384,32,Adam,,3e-05,1e-05,minmax,256,0.03437,1.48004,0.61364,0.58896,"[0.68182, 0.53333, 0.55172]",0.65909,0.62912,"[0.73913, 0.58824, 0.56]",74,0.27755,1.02908,99,COMPLETED,57.244
1365,20251205_131243,gln_phase2.csv,Preset_v2_13,TCN,42,"[640, 768, 768, 640]","[1, 2, 4, 8]","[True, True, True, True]","[0.05, 0.1, 0.1, 0.1]",4,5,2,mish,True,True,attention,384,32,Adam,,3e-05,1e-05,minmax,256,1.00929,1.01638,0.47727,0.21538,"[0.64615, 0.0, 0.0]",0.47727,0.21538,"[0.64615, 0.0, 0.0]",143,1.00929,1.01638,143,STOPPED,82.487

1366,20251205_132542,baseline_CASIAB.csv,Preset_v2_14,TCN,42,"[320, 384, 448, 512]","[2, 4, 8, 16]","[True, True, True, True]","[0.05, 0.05, 0.1, 0.1]",4,3,2,silu,True,True,max,256,48,AdamW,,5e-05,1e-06,L2,256,0.03664,1.49678,0.47727,0.34222,"[0.56, 0.0, 0.46667]",0.54545,0.39158,"[0.61224, 0.0, 0.5625]",17,0.38239,1.16169,30,COMPLETED,4.605
1367,20251205_132542,baseline_OUMVLP.csv,Preset_v2_14,TCN,42,"[320, 384, 448, 512]","[2, 4, 8, 16]","[True, True, True, True]","[0.05, 0.05, 0.1, 0.1]",4,3,2,silu,True,True,max,256,48,AdamW,,5e-05,1e-06,L2,256,0.02497,1.45539,0.5,0.42251,"[0.57143, 0.18182, 0.51429]",0.61364,0.51389,"[0.66667, 0.25, 0.625]",26,0.25062,1.19928,38,COMPLETED,5.746
1368,20251205_132542,gaitgl.csv,Preset_v2_14,TCN,42,"[320, 384, 448, 512]","[2, 4, 8, 16]","[True, True, True, True]","[0.05, 0.05, 0.1, 0.1]",4,3,2,silu,True,True,max,256,48,AdamW,,5e-05,1e-06,L2,128,0.03728,1.05306,0.47727,0.32031,"[0.60377, 0.0, 0.35714]",0.52273,0.44444,"[0.58333, 0.25, 0.5]",14,0.169,0.99897,21,COMPLETED,3.773
1369,20251205_132542,gaitgl_GREW.csv,Preset_v2_14,TCN,42,"[320, 384, 448, 512]","[2, 4, 8, 16]","[True, True, True, True]","[0.05, 0.05, 0.1, 0.1]",4,3,2,silu,True,True,max,256,48,AdamW,,5e-05,1e-06,L2,256,0.03138,1.19277,0.54545,0.38924,"[0.6383, 0.0, 0.52941]",0.54545,0.38924,"[0.6383, 0.0, 0.52941]",20,0.03138,1.19277,20,COMPLETED,3.663
1370,20251205_132542,gaitgl_GREW_BNNeck.csv,Preset_v2_14,TCN,42,"[320, 384, 448, 512]","[2, 4, 8, 16]","[True, True, True, True]","[0.05, 0.05, 0.1, 0.1]",4,3,2,silu,True,True,max,256,48,AdamW,,5e-05,1e-06,L2,256,0.04574,1.37444,0.52273,0.36372,"[0.62963, 0.0, 0.46154]",0.47727,0.40722,"[0.54545, 0.14286, 0.53333]",23,0.12514,1.1523,29,COMPLETED,5.267
1371,20251205_132542,gaitgl_OUMVLP.csv,Preset_v2_14,TCN,42,"[320, 384, 448, 512]","[2, 4, 8, 16]","[True, True, True, True]","[0.05, 0.05, 0.1, 0.1]",4,3,2,silu,True,True,max,256,48,AdamW,,5e-05,1e-06,L2,256,0.04396,1.26491,0.47727,0.34601,"[0.55319, 0.0, 0.48485]",0.52273,0.44697,"[0.59091, 0.25, 0.5]",27,0.45127,1.05087,42,COMPLETED,7.674
1372,20251205_132542,gaitpart_GREW.csv,Preset_v2_14,TCN,42,"[320, 384, 448, 512]","[2, 4, 8, 16]","[True, True, True, True]","[0.05, 0.05, 0.1, 0.1]",4,3,2,silu,True,True,max,256,48,AdamW,,5e-05,1e-06,L2,256,0.0752,1.42597,0.43182,0.41359,"[0.51282, 0.35294, 0.375]",0.52273,0.49504,"[0.61905, 0.42857, 0.4375]",36,0.10971,1.20247,41,COMPLETED,6.115
1373,20251205_132542,gaitpart_OUMVLP.csv,Preset_v2_14,TCN,42,"[320, 384, 448, 512]","[2, 4, 8, 16]","[True, True, True, True]","[0.05, 0.05, 0.1, 0.1]",4,3,2,silu,True,True,max,256,48,AdamW,,5e-05,1e-06,L2,256,0.031,1.47375,0.52273,0.43939,"[0.59091, 0.18182, 0.54545]",0.56818,0.54058,"[0.65116, 0.47059, 0.5]",61,0.26407,1.16392,90,COMPLETED,13.237
1374,20251205_132542,gaitset.csv,Preset_v2_14,TCN,42,"[320, 384, 448, 512]","[2, 4, 8, 16]","[True, True, True, True]","[0.05, 0.05, 0.1, 0.1]",4,3,2,silu,True,True,max,256,48,AdamW,,5e-05,1e-06,L2,256,0.0424,1.46894,0.5,0.36111,"[0.58333, 0.0, 0.5]",0.52273,0.37612,"[0.61224, 0.0, 0.51613]",26,0.06183,1.3556,28,COMPLETED,5.131
1375,20251205_132542,gaitset_GREW.csv,Preset_v2_14,TCN,42,"[320, 384, 448, 512]","[2, 4, 8, 16]","[True, True, True, True]","[0.05, 0.05, 0.1, 0.1]",4,3,2,silu,True,True,max,256,48,AdamW,,5e-05,1e-06,L2,256,0.05277,1.25998,0.5,0.35544,"[0.59574, 0.0, 0.47059]",0.5,0.42412,"[0.54054, 0.18182, 0.55]",23,0.21439,1.09588,32,COMPLETED,5.752
1376,20251205_132542,gaitset_OUMVLP.csv,Preset_v2_14,TCN,42,"[320, 384, 448, 512]","[2, 4, 8, 16]","[True, True, True, True]","[0.05, 0.05, 0.1, 0.1]",4,3,2,silu,True,True,max,256,48,AdamW,,5e-05,1e-06,L2,256,0.0592,1.62197,0.45455,0.39282,"[0.47368, 0.13333, 0.57143]",0.61364,0.48316,"[0.72727, 0.22222, 0.5]",94,0.05662,1.6399,96,COMPLETED,17.869
1377,20251205_132542,gln_phase1.csv,Preset_v2_14,TCN,42,"[320, 384, 448, 512]","[2, 4, 8, 16]","[True, True, True, True]","[0.05, 0.05, 0.1, 0.1]",4,3,2,silu,True,True,max,256,48,AdamW,,5e-05,1e-06,L2,256,0.04542,1.20121,0.54545,0.38538,"[0.64, 0.0, 0.51613]",0.59091,0.53391,"[0.66667, 0.36364, 0.57143]",17,0.31753,1.06463,29,COMPLETED,6.732
1378,20251205_132542,gln_phase2.csv,Preset_v2_14,TCN,42,"[320, 384, 448, 512]","[2, 4, 8, 16]","[True, True, True, True]","[0.05, 0.05, 0.1, 0.1]",4,3,2,silu,True,True,max,256,48,AdamW,,5e-05,1e-06,L2,256,0.0398,1.02122,0.59091,0.42022,"[0.68, 0.0, 0.58065]",0.61364,0.58479,"[0.68293, 0.5, 0.57143]",24,0.08649,0.93564,27,COMPLETED,6.531

1379,20251205_132729,baseline_CASIAB.csv,Preset_v2_15,TCN,42,"[640, 640, 512, 384]","[3, 6, 9, 12]","[True, True, True, True]","[0.1, 0.1, 0.15, 0.15]",4,3,2,gelu,False,False,attention,448,32,AdamW,,2e-05,1e-05,L2,256,0.08836,2.78246,0.5,0.46296,"[0.5, 0.33333, 0.55556]",0.52273,0.47953,"[0.47368, 0.33333, 0.63158]",93,0.07675,2.73915,94,COMPLETED,21.756
1380,20251205_132729,baseline_OUMVLP.csv,Preset_v2_15,TCN,42,"[640, 640, 512, 384]","[3, 6, 9, 12]","[True, True, True, True]","[0.1, 0.1, 0.15, 0.15]",4,3,2,gelu,False,False,attention,448,32,AdamW,,2e-05,1e-05,L2,256,0.07211,2.80904,0.54545,0.45823,"[0.54054, 0.2, 0.63415]",0.59091,0.54359,"[0.5641, 0.4, 0.66667]",75,0.26621,1.91448,125,COMPLETED,28.736
1381,20251205_132729,gaitgl.csv,Preset_v2_15,TCN,42,"[640, 640, 512, 384]","[3, 6, 9, 12]","[True, True, True, True]","[0.1, 0.1, 0.15, 0.15]",4,3,2,gelu,False,False,attention,448,32,AdamW,,2e-05,1e-05,L2,128,0.07726,2.28766,0.38636,0.28194,"[0.53333, 0.0, 0.3125]",0.5,0.42632,"[0.5, 0.2, 0.57895]",43,0.12872,2.10291,50,COMPLETED,13.198
1382,20251205_132729,gaitgl_GREW.csv,Preset_v2_15,TCN,42,"[640, 640, 512, 384]","[3, 6, 9, 12]","[True, True, True, True]","[0.1, 0.1, 0.15, 0.15]",4,3,2,gelu,False,False,attention,448,32,AdamW,,2e-05,1e-05,L2,256,0.06599,1.79502,0.52273,0.37901,"[0.65217, 0.0, 0.48485]",0.61364,0.4324,"[0.73469, 0.0, 0.5625]",32,0.41619,1.26567,49,COMPLETED,13.259
1383,20251205_132729,gaitgl_GREW_BNNeck.csv,Preset_v2_15,TCN,42,"[640, 640, 512, 384]","[3, 6, 9, 12]","[True, True, True, True]","[0.1, 0.1, 0.15, 0.15]",4,3,2,gelu,False,False,attention,448,32,AdamW,,2e-05,1e-05,L2,256,0.07234,2.64031,0.45455,0.44075,"[0.46512, 0.4, 0.45714]",0.56818,0.51345,"[0.625, 0.36364, 0.55172]",72,0.0683,2.20718,75,COMPLETED,20.32
1384,20251205_132729,gaitgl_OUMVLP.csv,Preset_v2_15,TCN,42,"[640, 640, 512, 384]","[3, 6, 9, 12]","[True, True, True, True]","[0.1, 0.1, 0.15, 0.15]",4,3,2,gelu,False,False,attention,448,32,AdamW,,2e-05,1e-05,L2,256,0.06874,2.06176,0.52273,0.42893,"[0.6383, 0.18182, 0.46667]",0.56818,0.52145,"[0.69767, 0.4, 0.46667]",89,0.4359,1.21779,115,COMPLETED,31.172
1385,20251205_132729,gaitpart_GREW.csv,Preset_v2_15,TCN,42,"[640, 640, 512, 384]","[3, 6, 9, 12]","[True, True, True, True]","[0.1, 0.1, 0.15, 0.15]",4,3,2,gelu,False,False,attention,448,32,AdamW,,2e-05,1e-05,L2,256,0.05362,2.1068,0.5,0.44537,"[0.63415, 0.23529, 0.46667]",0.63636,0.54629,"[0.78431, 0.4, 0.45455]",121,0.1505,1.95146,139,COMPLETED,30.063
1386,20251205_132729,gaitpart_OUMVLP.csv,Preset_v2_15,TCN,42,"[640, 640, 512, 384]","[3, 6, 9, 12]","[True, True, True, True]","[0.1, 0.1, 0.15, 0.15]",4,3,2,gelu,False,False,attention,448,32,AdamW,,2e-05,1e-05,L2,256,0.07051,2.46223,0.47727,0.35264,"[0.57143, 0.0, 0.48649]",0.54545,0.5404,"[0.54054, 0.5, 0.58065]",197,0.28897,1.68484,307,COMPLETED,66.042
1387,20251205_132729,gaitset.csv,Preset_v2_15,TCN,42,"[640, 640, 512, 384]","[3, 6, 9, 12]","[True, True, True, True]","[0.1, 0.1, 0.15, 0.15]",4,3,2,gelu,False,False,attention,448,32,AdamW,,2e-05,1e-05,L2,256,0.0714,2.46944,0.47727,0.42899,"[0.58537, 0.25, 0.45161]",0.47727,0.42899,"[0.58537, 0.25, 0.45161]",87,0.0714,2.46944,87,COMPLETED,23.339
1388,20251205_132729,gaitset_GREW.csv,Preset_v2_15,TCN,42,"[640, 640, 512, 384]","[3, 6, 9, 12]","[True, True, True, True]","[0.1, 0.1, 0.15, 0.15]",4,3,2,gelu,False,False,attention,448,32,AdamW,,2e-05,1e-05,L2,256,0.06185,2.51256,0.5,0.38444,"[0.66667, 0.16667, 0.32]",0.5,0.43952,"[0.64, 0.42857, 0.25]",75,0.41384,2.0619,94,COMPLETED,25.152
1389,20251205_132729,gaitset_OUMVLP.csv,Preset_v2_15,TCN,42,"[640, 640, 512, 384]","[3, 6, 9, 12]","[True, True, True, True]","[0.1, 0.1, 0.15, 0.15]",4,3,2,gelu,False,False,attention,448,32,AdamW,,2e-05,1e-05,L2,256,0.06207,2.88785,0.45455,0.38462,"[0.6, 0.15385, 0.4]",0.59091,0.54086,"[0.65116, 0.4, 0.57143]",178,0.5889,1.21774,309,COMPLETED,82.218
1390,20251205_132729,gln_phase1.csv,Preset_v2_15,TCN,42,"[640, 640, 512, 384]","[3, 6, 9, 12]","[True, True, True, True]","[0.1, 0.1, 0.15, 0.15]",4,3,2,gelu,False,False,attention,448,32,AdamW,,2e-05,1e-05,L2,256,0.06197,1.96174,0.56818,0.46667,"[0.66667, 0.2, 0.53333]",0.61364,0.50875,"[0.69767, 0.2, 0.62857]",63,0.22569,1.75755,90,COMPLETED,29.646
1391,20251205_132729,gln_phase2.csv,Preset_v2_15,TCN,42,"[640, 640, 512, 384]","[3, 6, 9, 12]","[True, True, True, True]","[0.1, 0.1, 0.15, 0.15]",4,3,2,gelu,False,False,attention,448,32,AdamW,,2e-05,1e-05,L2,256,0.06065,2.6895,0.47727,0.40656,"[0.52174, 0.18182, 0.51613]",0.52273,0.48339,"[0.55319, 0.36364, 0.53333]",73,0.19726,2.15777,88,COMPLETED,29.681

1392,20251205_133438,baseline_CASIAB.csv,Preset_v2_16,TCN,42,"[256, 384, 512, 384]","[1, 2, 4, 8]","[False, True, True, True]","[0.0, 0.1, 0.1, 0.1]",4,5,2,hardswish,True,True,mean,320,56,Adam,,0.0001,0.0,minmax,256,0.03433,4.66584,0.38636,0.29737,"[0.52174, 0.0, 0.37037]",0.47727,0.40606,"[0.53333, 0.2, 0.48485]",120,0.20766,3.1406,132,COMPLETED,16.742
1393,20251205_133438,baseline_OUMVLP.csv,Preset_v2_16,TCN,42,"[256, 384, 512, 384]","[1, 2, 4, 8]","[False, True, True, True]","[0.0, 0.1, 0.1, 0.1]",4,5,2,hardswish,True,True,mean,320,56,Adam,,0.0001,0.0,minmax,256,0.09199,3.83671,0.47727,0.40185,"[0.38889, 0.16667, 0.65]",0.52273,0.48424,"[0.47368, 0.36364, 0.61538]",177,0.39928,1.75471,224,COMPLETED,28.166
1394,20251205_133438,gaitgl.csv,Preset_v2_16,TCN,42,"[256, 384, 512, 384]","[1, 2, 4, 8]","[False, True, True, True]","[0.0, 0.1, 0.1, 0.1]",4,5,2,hardswish,True,True,mean,320,56,Adam,,0.0001,0.0,minmax,128,0.02667,4.76756,0.43182,0.38682,"[0.58537, 0.19048, 0.38462]",0.5,0.45159,"[0.57143, 0.25, 0.53333]",149,0.47068,3.5649,158,COMPLETED,24.03
1395,20251205_133438,gaitgl_GREW.csv,Preset_v2_16,TCN,42,"[256, 384, 512, 384]","[1, 2, 4, 8]","[False, True, True, True]","[0.0, 0.1, 0.1, 0.1]",4,5,2,hardswish,True,True,mean,320,56,Adam,,0.0001,0.0,minmax,256,0.02429,4.65771,0.43182,0.4137,"[0.47368, 0.31579, 0.45161]",0.5,0.49557,"[0.5, 0.47059, 0.51613]",134,0.22825,2.38877,155,COMPLETED,24.884
1396,20251205_133438,gaitgl_GREW_BNNeck.csv,Preset_v2_16,TCN,42,"[256, 384, 512, 384]","[1, 2, 4, 8]","[False, True, True, True]","[0.0, 0.1, 0.1, 0.1]",4,5,2,hardswish,True,True,mean,320,56,Adam,,0.0001,0.0,minmax,256,1.00692,1.01372,0.47727,0.21538,"[0.64615, 0.0, 0.0]",0.47727,0.21538,"[0.64615, 0.0, 0.0]",111,1.00692,1.01372,111,STOPPED,17.766
1397,20251205_133438,gaitgl_OUMVLP.csv,Preset_v2_16,TCN,42,"[256, 384, 512, 384]","[1, 2, 4, 8]","[False, True, True, True]","[0.0, 0.1, 0.1, 0.1]",4,5,2,hardswish,True,True,mean,320,56,Adam,,0.0001,0.0,minmax,256,0.06671,5.29157,0.40909,0.30785,"[0.55319, 0.0, 0.37037]",0.5,0.42723,"[0.51163, 0.18182, 0.58824]",402,0.31068,2.92702,416,COMPLETED,67.125
1398,20251205_133438,gaitpart_GREW.csv,Preset_v2_16,TCN,42,"[256, 384, 512, 384]","[1, 2, 4, 8]","[False, True, True, True]","[0.0, 0.1, 0.1, 0.1]",4,5,2,hardswish,True,True,mean,320,56,Adam,,0.0001,0.0,minmax,256,0.04251,3.17958,0.40909,0.39446,"[0.43902, 0.31579, 0.42857]",0.56818,0.53582,"[0.62745, 0.5, 0.48]",84,0.1737,2.44091,102,COMPLETED,15.123
1399,20251205_133438,gaitpart_OUMVLP.csv,Preset_v2_16,TCN,42,"[256, 384, 512, 384]","[1, 2, 4, 8]","[False, True, True, True]","[0.0, 0.1, 0.1, 0.1]",4,5,2,hardswish,True,True,mean,320,56,Adam,,0.0001,0.0,minmax,256,0.05249,2.0006,0.5,0.43928,"[0.65116, 0.22222, 0.44444]",0.56818,0.5101,"[0.5, 0.36364, 0.66667]",117,0.51084,1.2796,150,COMPLETED,21.32
1400,20251205_133438,gaitset.csv,Preset_v2_16,TCN,42,"[256, 384, 512, 384]","[1, 2, 4, 8]","[False, True, True, True]","[0.0, 0.1, 0.1, 0.1]",4,5,2,hardswish,True,True,mean,320,56,Adam,,0.0001,0.0,minmax,256,0.08843,6.09402,0.36364,0.29188,"[0.51064, 0.125, 0.24]",0.45455,0.42416,"[0.52174, 0.36364, 0.3871]",184,0.27509,3.04079,199,COMPLETED,50.823
1401,20251205_133438,gaitset_GREW.csv,Preset_v2_16,TCN,42,"[256, 384, 512, 384]","[1, 2, 4, 8]","[False, True, True, True]","[0.0, 0.1, 0.1, 0.1]",4,5,2,hardswish,True,True,mean,320,56,Adam,,0.0001,0.0,minmax,256,0.09489,4.68892,0.47727,0.41568,"[0.59574, 0.26667, 0.38462]",0.5,0.46116,"[0.55319, 0.36364, 0.46667]",365,0.21291,3.1785,399,COMPLETED,101.965
1402,20251205_133438,gaitset_OUMVLP.csv,Preset_v2_16,TCN,42,"[256, 384, 512, 384]","[1, 2, 4, 8]","[False, True, True, True]","[0.0, 0.1, 0.1, 0.1]",4,5,2,hardswish,True,True,mean,320,56,Adam,,0.0001,0.0,minmax,256,1.00683,1.01477,0.47727,0.21538,"[0.64615, 0.0, 0.0]",0.47727,0.21538,"[0.64615, 0.0, 0.0]",138,1.00683,1.01477,138,STOPPED,35.413
1403,20251205_133438,gln_phase1.csv,Preset_v2_16,TCN,42,"[256, 384, 512, 384]","[1, 2, 4, 8]","[False, True, True, True]","[0.0, 0.1, 0.1, 0.1]",4,5,2,hardswish,True,True,mean,320,56,Adam,,0.0001,0.0,minmax,256,1.00659,1.01366,0.47727,0.21538,"[0.64615, 0.0, 0.0]",0.47727,0.21538,"[0.64615, 0.0, 0.0]",142,1.00659,1.01366,142,STOPPED,49.084
1404,20251205_133438,gln_phase2.csv,Preset_v2_16,TCN,42,"[256, 384, 512, 384]","[1, 2, 4, 8]","[False, True, True, True]","[0.0, 0.1, 0.1, 0.1]",4,5,2,hardswish,True,True,mean,320,56,Adam,,0.0001,0.0,minmax,256,1.00531,1.01378,0.47727,0.21538,"[0.64615, 0.0, 0.0]",0.47727,0.21538,"[0.64615, 0.0, 0.0]",209,1.00531,1.01378,209,STOPPED,43.026

1405,20251205_134308,baseline_CASIAB.csv,Preset_v2_17,TCN,42,"[384, 512, 640, 768, 640]","[1, 2, 4, 8, 16]","[True, True, True, True, True]","[0.0, 0.0, 0.1, 0.1, 0.25]",5,5,1,gelu,False,False,attention,384,32,AdamW,,2e-05,1e-05,L2,256,0.02688,2.36947,0.43182,0.37456,"[0.45, 0.2, 0.47368]",0.43182,0.37517,"[0.43902, 0.2, 0.48649]",31,0.02809,2.37116,32,COMPLETED,7.448
1406,20251205_134308,baseline_OUMVLP.csv,Preset_v2_17,TCN,42,"[384, 512, 640, 768, 640]","[1, 2, 4, 8, 16]","[True, True, True, True, True]","[0.0, 0.0, 0.1, 0.1, 0.25]",5,5,1,gelu,False,False,attention,384,32,AdamW,,2e-05,1e-05,L2,256,0.01913,1.99584,0.5,0.4236,"[0.56522, 0.15385, 0.55172]",0.5,0.48087,"[0.46154, 0.375, 0.60606]",33,0.10177,1.79553,45,COMPLETED,10.456
1407,20251205_134308,gaitgl.csv,Preset_v2_17,TCN,42,"[384, 512, 640, 768, 640]","[1, 2, 4, 8, 16]","[True, True, True, True, True]","[0.0, 0.0, 0.1, 0.1, 0.25]",5,5,1,gelu,False,False,attention,384,32,AdamW,,2e-05,1e-05,L2,128,0.0324,2.3764,0.5,0.40266,"[0.61538, 0.22222, 0.37037]",0.52273,0.46748,"[0.625, 0.36364, 0.41379]",24,0.06627,2.05929,27,COMPLETED,7.297
1408,20251205_134308,gaitgl_GREW.csv,Preset_v2_17,TCN,42,"[384, 512, 640, 768, 640]","[1, 2, 4, 8, 16]","[True, True, True, True, True]","[0.0, 0.0, 0.1, 0.1, 0.25]",5,5,1,gelu,False,False,attention,384,32,AdamW,,2e-05,1e-05,L2,256,0.03313,2.0477,0.40909,0.35726,"[0.41026, 0.2, 0.46154]",0.45455,0.39282,"[0.43243, 0.22222, 0.52381]",17,0.41544,1.28011,25,COMPLETED,6.89
1409,20251205_134308,gaitgl_GREW_BNNeck.csv,Preset_v2_17,TCN,42,"[384, 512, 640, 768, 640]","[1, 2, 4, 8, 16]","[True, True, True, True, True]","[0.0, 0.0, 0.1, 0.1, 0.25]",5,5,1,gelu,False,False,attention,384,32,AdamW,,2e-05,1e-05,L2,256,0.04673,2.23128,0.5,0.40952,"[0.6, 0.2, 0.42857]",0.47727,0.4096,"[0.52174, 0.22222, 0.48485]",29,0.04266,2.05523,30,COMPLETED,8.203
1410,20251205_134308,gaitgl_OUMVLP.csv,Preset_v2_17,TCN,42,"[384, 512, 640, 768, 640]","[1, 2, 4, 8, 16]","[True, True, True, True, True]","[0.0, 0.0, 0.1, 0.1, 0.25]",5,5,1,gelu,False,False,attention,384,32,AdamW,,2e-05,1e-05,L2,256,0.05697,2.3431,0.43182,0.31983,"[0.48889, 0.0, 0.47059]",0.54545,0.49376,"[0.58537, 0.30769, 0.58824]",45,0.11855,1.92237,50,COMPLETED,13.716
1411,20251205_134308,gaitpart_GREW.csv,Preset_v2_17,TCN,42,"[384, 512, 640, 768, 640]","[1, 2, 4, 8, 16]","[True, True, True, True, True]","[0.0, 0.0, 0.1, 0.1, 0.25]",5,5,1,gelu,False,False,attention,384,32,AdamW,,2e-05,1e-05,L2,256,0.0582,1.75551,0.5,0.4754,"[0.55319, 0.42857, 0.44444]",0.5,0.4754,"[0.55319, 0.42857, 0.44444]",41,0.0582,1.75551,41,COMPLETED,9.025
1412,20251205_134308,gaitpart_OUMVLP.csv,Preset_v2_17,TCN,42,"[384, 512, 640, 768, 640]","[1, 2, 4, 8, 16]","[True, True, True, True, True]","[0.0, 0.0, 0.1, 0.1, 0.25]",5,5,1,gelu,False,False,attention,384,32,AdamW,,2e-05,1e-05,L2,256,0.02945,2.06015,0.54545,0.51028,"[0.61538, 0.35294, 0.5625]",0.56818,0.53524,"[0.59459, 0.4, 0.61111]",71,0.13548,1.66608,97,COMPLETED,20.299
1413,20251205_134308,gaitset.csv,Preset_v2_17,TCN,42,"[384, 512, 640, 768, 640]","[1, 2, 4, 8, 16]","[True, True, True, True, True]","[0.0, 0.0, 0.1, 0.1, 0.25]",5,5,1,gelu,False,False,attention,384,32,AdamW,,2e-05,1e-05,L2,256,0.05117,3.18101,0.40909,0.31795,"[0.56, 0.15385, 0.24]",0.40909,0.38249,"[0.45, 0.28571, 0.41176]",26,0.12732,2.3435,34,COMPLETED,9.294
1414,20251205_134308,gaitset_GREW.csv,Preset_v2_17,TCN,42,"[384, 512, 640, 768, 640]","[1, 2, 4, 8, 16]","[True, True, True, True, True]","[0.0, 0.0, 0.1, 0.1, 0.25]",5,5,1,gelu,False,False,attention,384,32,AdamW,,2e-05,1e-05,L2,256,0.05514,2.44091,0.36364,0.33375,"[0.51429, 0.08696, 0.4]",0.5,0.41959,"[0.65306, 0.28571, 0.32]",24,0.27976,1.50701,41,COMPLETED,11.127
1415,20251205_134308,gaitset_OUMVLP.csv,Preset_v2_17,TCN,42,"[384, 512, 640, 768, 640]","[1, 2, 4, 8, 16]","[True, True, True, True, True]","[0.0, 0.0, 0.1, 0.1, 0.25]",5,5,1,gelu,False,False,attention,384,32,AdamW,,2e-05,1e-05,L2,256,0.05124,1.85995,0.54545,0.54372,"[0.57143, 0.54545, 0.51429]",0.54545,0.54587,"[0.53659, 0.54545, 0.55556]",87,0.17009,1.91394,100,COMPLETED,26.845
1416,20251205_134308,gln_phase1.csv,Preset_v2_17,TCN,42,"[384, 512, 640, 768, 640]","[1, 2, 4, 8, 16]","[True, True, True, True, True]","[0.0, 0.0, 0.1, 0.1, 0.25]",5,5,1,gelu,False,False,attention,384,32,AdamW,,2e-05,1e-05,L2,256,0.09512,1.81639,0.54545,0.39788,"[0.62222, 0.0, 0.57143]",0.52273,0.51667,"[0.55, 0.5, 0.5]",22,0.22012,1.38385,32,COMPLETED,10.848
1417,20251205_134308,gln_phase2.csv,Preset_v2_17,TCN,42,"[384, 512, 640, 768, 640]","[1, 2, 4, 8, 16]","[True, True, True, True, True]","[0.0, 0.0, 0.1, 0.1, 0.25]",5,5,1,gelu,False,False,attention,384,32,AdamW,,2e-05,1e-05,L2,256,0.04595,1.19787,0.56818,0.51194,"[0.65306, 0.4, 0.48276]",0.59091,0.55727,"[0.64865, 0.42857, 0.59459]",23,0.20106,1.08519,31,COMPLETED,10.456

1418,20251205_134555,baseline_CASIAB.csv,Preset_v2_18,TCN,42,"[320, 448, 576, 448, 320]","[1, 2, 3, 4, 5]","[False, True, True, True, True]","[0.0, 0.1, 0.1, 0.15, 0.2]",5,9,2,mish,True,True,max,256,48,Adam,,3e-05,1e-05,minmax,256,0.06257,2.32315,0.38636,0.34017,"[0.41026, 0.2, 0.41026]",0.5,0.36264,"[0.52381, 0.0, 0.5641]",66,0.67909,1.16411,97,COMPLETED,23.94
1419,20251205_134555,baseline_OUMVLP.csv,Preset_v2_18,TCN,42,"[320, 448, 576, 448, 320]","[1, 2, 3, 4, 5]","[False, True, True, True, True]","[0.0, 0.1, 0.1, 0.15, 0.2]",5,9,2,mish,True,True,max,256,48,Adam,,3e-05,1e-05,minmax,256,0.04232,1.9457,0.5,0.41919,"[0.59091, 0.18182, 0.48485]",0.56818,0.50386,"[0.65217, 0.30769, 0.55172]",92,0.26342,1.50565,102,COMPLETED,25.529
1420,20251205_134555,gaitgl.csv,Preset_v2_18,TCN,42,"[320, 448, 576, 448, 320]","[1, 2, 3, 4, 5]","[False, True, True, True, True]","[0.0, 0.1, 0.1, 0.15, 0.2]",5,9,2,mish,True,True,max,256,48,Adam,,3e-05,1e-05,minmax,128,0.02528,2.08391,0.40909,0.27473,"[0.53846, 0.0, 0.28571]",0.45455,0.41039,"[0.54545, 0.28571, 0.4]",51,0.28314,1.31082,60,COMPLETED,20.414
1421,20251205_134555,gaitgl_GREW.csv,Preset_v2_18,TCN,42,"[320, 448, 576, 448, 320]","[1, 2, 3, 4, 5]","[False, True, True, True, True]","[0.0, 0.1, 0.1, 0.15, 0.2]",5,9,2,mish,True,True,max,256,48,Adam,,3e-05,1e-05,minmax,256,0.01936,1.36539,0.63636,0.53363,"[0.66667, 0.25, 0.68421]",0.63636,0.53363,"[0.66667, 0.25, 0.68421]",66,0.01936,1.36539,66,COMPLETED,22.99
1422,20251205_134555,gaitgl_GREW_BNNeck.csv,Preset_v2_18,TCN,42,"[320, 448, 576, 448, 320]","[1, 2, 3, 4, 5]","[False, True, True, True, True]","[0.0, 0.1, 0.1, 0.15, 0.2]",5,9,2,mish,True,True,max,256,48,Adam,,3e-05,1e-05,minmax,256,1.0067,1.01404,0.47727,0.21538,"[0.64615, 0.0, 0.0]",0.47727,0.21538,"[0.64615, 0.0, 0.0]",184,1.0067,1.01404,184,STOPPED,62.946
1423,20251205_134555,gaitgl_OUMVLP.csv,Preset_v2_18,TCN,42,"[320, 448, 576, 448, 320]","[1, 2, 3, 4, 5]","[False, True, True, True, True]","[0.0, 0.1, 0.1, 0.15, 0.2]",5,9,2,mish,True,True,max,256,48,Adam,,3e-05,1e-05,minmax,256,0.0366,2.29343,0.31818,0.24773,"[0.39024, 0.0, 0.35294]",0.38636,0.37451,"[0.41176, 0.3, 0.41176]",199,0.36909,1.81793,215,COMPLETED,73.444
1424,20251205_134555,gaitpart_GREW.csv,Preset_v2_18,TCN,42,"[320, 448, 576, 448, 320]","[1, 2, 3, 4, 5]","[False, True, True, True, True]","[0.0, 0.1, 0.1, 0.15, 0.2]",5,9,2,mish,True,True,max,256,48,Adam,,3e-05,1e-05,minmax,256,0.04014,1.65164,0.52273,0.42986,"[0.625, 0.18182, 0.48276]",0.54545,0.52605,"[0.59459, 0.42105, 0.5625]",58,0.2356,1.29409,75,COMPLETED,16.879
1425,20251205_134555,gaitpart_OUMVLP.csv,Preset_v2_18,TCN,42,"[320, 448, 576, 448, 320]","[1, 2, 3, 4, 5]","[False, True, True, True, True]","[0.0, 0.1, 0.1, 0.15, 0.2]",5,9,2,mish,True,True,max,256,48,Adam,,3e-05,1e-05,minmax,256,0.06161,2.12694,0.47727,0.43524,"[0.52941, 0.25, 0.52632]",0.54545,0.5198,"[0.54545, 0.42857, 0.58537]",233,0.22763,1.83456,250,COMPLETED,54.199
1426,20251205_134555,gaitset.csv,Preset_v2_18,TCN,42,"[320, 448, 576, 448, 320]","[1, 2, 3, 4, 5]","[False, True, True, True, True]","[0.0, 0.1, 0.1, 0.15, 0.2]",5,9,2,mish,True,True,max,256,48,Adam,,3e-05,1e-05,minmax,256,0.03725,1.68718,0.45455,0.32581,"[0.55319, 0.0, 0.42424]",0.54545,0.49899,"[0.61905, 0.36364, 0.51429]",86,0.12138,1.45926,91,COMPLETED,30.741
1427,20251205_134555,gaitset_GREW.csv,Preset_v2_18,TCN,42,"[320, 448, 576, 448, 320]","[1, 2, 3, 4, 5]","[False, True, True, True, True]","[0.0, 0.1, 0.1, 0.15, 0.2]",5,9,2,mish,True,True,max,256,48,Adam,,3e-05,1e-05,minmax,256,0.05253,2.2097,0.29545,0.2689,"[0.38889, 0.09524, 0.32258]",0.47727,0.40613,"[0.53659, 0.18182, 0.5]",112,0.04106,2.0025,114,COMPLETED,38.817
1428,20251205_134555,gaitset_OUMVLP.csv,Preset_v2_18,TCN,42,"[320, 448, 576, 448, 320]","[1, 2, 3, 4, 5]","[False, True, True, True, True]","[0.0, 0.1, 0.1, 0.15, 0.2]",5,9,2,mish,True,True,max,256,48,Adam,,3e-05,1e-05,minmax,256,1.01272,1.01629,0.47727,0.21538,"[0.64615, 0.0, 0.0]",0.47727,0.21538,"[0.64615, 0.0, 0.0]",121,1.01272,1.01629,121,STOPPED,41.138
1429,20251205_134555,gln_phase1.csv,Preset_v2_18,TCN,42,"[320, 448, 576, 448, 320]","[1, 2, 3, 4, 5]","[False, True, True, True, True]","[0.0, 0.1, 0.1, 0.15, 0.2]",5,9,2,mish,True,True,max,256,48,Adam,,3e-05,1e-05,minmax,256,0.02585,1.44858,0.56818,0.47917,"[0.625, 0.25, 0.5625]",0.63636,0.65556,"[0.65116, 0.72727, 0.58824]",100,0.44099,0.97178,130,COMPLETED,56.806
1430,20251205_134555,gln_phase2.csv,Preset_v2_18,TCN,42,"[320, 448, 576, 448, 320]","[1, 2, 3, 4, 5]","[False, True, True, True, True]","[0.0, 0.1, 0.1, 0.15, 0.2]",5,9,2,mish,True,True,max,256,48,Adam,,3e-05,1e-05,minmax,256,0.01913,1.90241,0.45455,0.4008,"[0.59091, 0.26667, 0.34483]",0.56818,0.53212,"[0.68293, 0.42857, 0.48485]",110,0.25687,1.28759,130,COMPLETED,56.656

1431,20251205_135454,baseline_CASIAB.csv,Preset_v2_19,TCN,42,"[512, 448, 384, 320, 256]","[1, 3, 6, 9, 12]","[True, True, True, True, True]","[0.0, 0.1, 0.1, 0.15, 0.2]",5,3,2,silu,True,True,attention,320,40,AdamW,,2e-05,1e-06,L2,256,0.07311,2.02994,0.5,0.40805,"[0.60377, 0.25, 0.37037]",0.52273,0.47513,"[0.6383, 0.4, 0.3871]",41,0.08896,1.83352,44,COMPLETED,10.265
1432,20251205_135454,baseline_OUMVLP.csv,Preset_v2_19,TCN,42,"[512, 448, 384, 320, 256]","[1, 3, 6, 9, 12]","[True, True, True, True, True]","[0.0, 0.1, 0.1, 0.15, 0.2]",5,3,2,silu,True,True,attention,320,40,AdamW,,2e-05,1e-06,L2,256,0.04908,1.45844,0.5,0.4505,"[0.58537, 0.25, 0.51613]",0.59091,0.52594,"[0.68085, 0.36364, 0.53333]",29,0.37809,1.08275,46,COMPLETED,10.441
1433,20251205_135454,gaitgl.csv,Preset_v2_19,TCN,42,"[512, 448, 384, 320, 256]","[1, 3, 6, 9, 12]","[True, True, True, True, True]","[0.0, 0.1, 0.1, 0.15, 0.2]",5,3,2,silu,True,True,attention,320,40,AdamW,,2e-05,1e-06,L2,128,0.04653,1.9392,0.40909,0.34222,"[0.5, 0.18182, 0.34483]",0.45455,0.38506,"[0.52174, 0.18182, 0.45161]",28,0.14436,1.69092,34,COMPLETED,8.574
1434,20251205_135454,gaitgl_GREW.csv,Preset_v2_19,TCN,42,"[512, 448, 384, 320, 256]","[1, 3, 6, 9, 12]","[True, True, True, True, True]","[0.0, 0.1, 0.1, 0.15, 0.2]",5,3,2,silu,True,True,attention,320,40,AdamW,,2e-05,1e-06,L2,256,0.03902,1.67954,0.45455,0.32952,"[0.56, 0.0, 0.42857]",0.47727,0.37531,"[0.59259, 0.2, 0.33333]",32,0.10199,1.75926,37,COMPLETED,9.172
1435,20251205_135454,gaitgl_GREW_BNNeck.csv,Preset_v2_19,TCN,42,"[512, 448, 384, 320, 256]","[1, 3, 6, 9, 12]","[True, True, True, True, True]","[0.0, 0.1, 0.1, 0.15, 0.2]",5,3,2,silu,True,True,attention,320,40,AdamW,,2e-05,1e-06,L2,256,0.05221,2.01083,0.38636,0.27905,"[0.48, 0.0, 0.35714]",0.47727,0.32214,"[0.58182, 0.0, 0.38462]",20,0.69905,1.12128,38,COMPLETED,9.301
1436,20251205_135454,gaitgl_OUMVLP.csv,Preset_v2_19,TCN,42,"[512, 448, 384, 320, 256]","[1, 3, 6, 9, 12]","[True, True, True, True, True]","[0.0, 0.1, 0.1, 0.15, 0.2]",5,3,2,silu,True,True,attention,320,40,AdamW,,2e-05,1e-06,L2,256,0.07114,1.38041,0.52273,0.44079,"[0.54054, 0.18182, 0.6]",0.52273,0.44079,"[0.54054, 0.18182, 0.6]",45,0.07114,1.38041,45,COMPLETED,11.392
1437,20251205_135454,gaitpart_GREW.csv,Preset_v2_19,TCN,42,"[512, 448, 384, 320, 256]","[1, 3, 6, 9, 12]","[True, True, True, True, True]","[0.0, 0.1, 0.1, 0.15, 0.2]",5,3,2,silu,True,True,attention,320,40,AdamW,,2e-05,1e-06,L2,256,0.07418,1.73709,0.45455,0.41798,"[0.4878, 0.25, 0.51613]",0.56818,0.47692,"[0.61538, 0.2, 0.61538]",33,0.32404,1.28348,55,COMPLETED,12.454
1438,20251205_135454,gaitpart_OUMVLP.csv,Preset_v2_19,TCN,42,"[512, 448, 384, 320, 256]","[1, 3, 6, 9, 12]","[True, True, True, True, True]","[0.0, 0.1, 0.1, 0.15, 0.2]",5,3,2,silu,True,True,attention,320,40,AdamW,,2e-05,1e-06,L2,256,0.09265,1.76285,0.5,0.42496,"[0.54545, 0.2, 0.52941]",0.56818,0.48401,"[0.59091, 0.25, 0.61111]",55,0.35594,1.18934,85,COMPLETED,19.38
1439,20251205_135454,gaitset.csv,Preset_v2_19,TCN,42,"[512, 448, 384, 320, 256]","[1, 3, 6, 9, 12]","[True, True, True, True, True]","[0.0, 0.1, 0.1, 0.15, 0.2]",5,3,2,silu,True,True,attention,320,40,AdamW,,2e-05,1e-06,L2,256,0.05764,2.01903,0.36364,0.31212,"[0.5, 0.13333, 0.30303]",0.5,0.34991,"[0.61224, 0.0, 0.4375]",21,0.52956,1.18202,40,COMPLETED,10.007
1440,20251205_135454,gaitset_GREW.csv,Preset_v2_19,TCN,42,"[512, 448, 384, 320, 256]","[1, 3, 6, 9, 12]","[True, True, True, True, True]","[0.0, 0.1, 0.1, 0.15, 0.2]",5,3,2,silu,True,True,attention,320,40,AdamW,,2e-05,1e-06,L2,256,0.0727,2.07338,0.34091,0.2582,"[0.48889, 0.0, 0.28571]",0.45455,0.37788,"[0.55319, 0.16667, 0.41379]",43,0.08017,2.04968,45,COMPLETED,11.45
1441,20251205_135454,gaitset_OUMVLP.csv,Preset_v2_19,TCN,42,"[512, 448, 384, 320, 256]","[1, 3, 6, 9, 12]","[True, True, True, True, True]","[0.0, 0.1, 0.1, 0.15, 0.2]",5,3,2,silu,True,True,attention,320,40,AdamW,,2e-05,1e-06,L2,256,0.08007,1.55975,0.54545,0.45278,"[0.625, 0.2, 0.53333]",0.59091,0.51836,"[0.69565, 0.30769, 0.55172]",76,0.12028,1.4809,92,COMPLETED,22.814
1442,20251205_135454,gln_phase1.csv,Preset_v2_19,TCN,42,"[512, 448, 384, 320, 256]","[1, 3, 6, 9, 12]","[True, True, True, True, True]","[0.0, 0.1, 0.1, 0.15, 0.2]",5,3,2,silu,True,True,attention,320,40,AdamW,,2e-05,1e-06,L2,256,0.06775,1.83955,0.45455,0.38923,"[0.54545, 0.22222, 0.4]",0.59091,0.48852,"[0.68085, 0.22222, 0.5625]",37,0.09785,1.49281,41,COMPLETED,12.088
1443,20251205_135454,gln_phase2.csv,Preset_v2_19,TCN,42,"[512, 448, 384, 320, 256]","[1, 3, 6, 9, 12]","[True, True, True, True, True]","[0.0, 0.1, 0.1, 0.15, 0.2]",5,3,2,silu,True,True,attention,320,40,AdamW,,2e-05,1e-06,L2,256,0.04879,1.52508,0.54545,0.40631,"[0.6383, 0.0, 0.58065]",0.54545,0.45983,"[0.5641, 0.2, 0.61538]",28,0.22409,1.1923,38,COMPLETED,10.787

1444,20251205_135747,baseline_CASIAB.csv,Preset_v2_20,TCN,42,[768],[9],[True],[0.05],1,5,2,gelu,True,False,attention,384,32,AdamW,,2e-05,1e-05,L2,256,0.05912,3.08553,0.45455,0.35105,"[0.6087, 0.0, 0.44444]",0.59091,0.4679,"[0.7037, 0.2, 0.5]",81,0.33547,2.27792,125,COMPLETED,18.248
1445,20251205_135747,baseline_OUMVLP.csv,Preset_v2_20,TCN,42,[768],[9],[True],[0.05],1,5,2,gelu,True,False,attention,384,32,AdamW,,2e-05,1e-05,L2,256,0.06848,2.91534,0.36364,0.31081,"[0.43243, 0.0, 0.5]",0.56818,0.41208,"[0.60465, 0.0, 0.63158]",49,0.63267,1.06066,129,COMPLETED,18.77
1446,20251205_135747,gaitgl.csv,Preset_v2_20,TCN,42,[768],[9],[True],[0.05],1,5,2,gelu,True,False,attention,384,32,AdamW,,2e-05,1e-05,L2,128,0.06461,2.72637,0.47727,0.42464,"[0.59574, 0.33333, 0.34483]",0.47727,0.43074,"[0.57143, 0.36364, 0.35714]",65,0.07328,2.62999,66,COMPLETED,10.87
1447,20251205_135747,gaitgl_GREW.csv,Preset_v2_20,TCN,42,[768],[9],[True],[0.05],1,5,2,gelu,True,False,attention,384,32,AdamW,,2e-05,1e-05,L2,256,0.07566,2.29381,0.47727,0.45079,"[0.57143, 0.38095, 0.4]",0.5,0.48525,"[0.58537, 0.5, 0.37037]",46,0.09927,2.12138,50,COMPLETED,8.754
1448,20251205_135747,gaitgl_GREW_BNNeck.csv,Preset_v2_20,TCN,42,[768],[9],[True],[0.05],1,5,2,gelu,True,False,attention,384,32,AdamW,,2e-05,1e-05,L2,256,0.08641,2.2646,0.5,0.42088,"[0.57778, 0.2, 0.48485]",0.5,0.47738,"[0.52381, 0.375, 0.53333]",78,0.14712,1.77176,93,COMPLETED,16.076
1449,20251205_135747,gaitgl_OUMVLP.csv,Preset_v2_20,TCN,42,[768],[9],[True],[0.05],1,5,2,gelu,True,False,attention,384,32,AdamW,,2e-05,1e-05,L2,256,0.08501,2.77506,0.52273,0.48861,"[0.6087, 0.42857, 0.42857]",0.59091,0.57666,"[0.63415, 0.53333, 0.5625]",113,0.09284,2.64444,115,COMPLETED,19.732
1450,20251205_135747,gaitpart_GREW.csv,Preset_v2_20,TCN,42,[768],[9],[True],[0.05],1,5,2,gelu,True,False,attention,384,32,AdamW,,2e-05,1e-05,L2,256,0.09434,2.62085,0.63636,0.6037,"[0.61111, 0.5, 0.7]",0.61364,0.62412,"[0.59459, 0.66667, 0.61111]",153,0.17553,2.16909,173,COMPLETED,23.493
1451,20251205_135747,gaitpart_OUMVLP.csv,Preset_v2_20,TCN,42,[768],[9],[True],[0.05],1,5,2,gelu,True,False,attention,384,32,AdamW,,2e-05,1e-05,L2,256,0.09538,2.76908,0.52273,0.44152,"[0.63158, 0.16667, 0.52632]",0.65909,0.59167,"[0.70833, 0.4, 0.66667]",175,0.40595,1.07055,334,COMPLETED,45.274
1452,20251205_135747,gaitset.csv,Preset_v2_20,TCN,42,[768],[9],[True],[0.05],1,5,2,gelu,True,False,attention,384,32,AdamW,,2e-05,1e-05,L2,256,0.07083,4.46001,0.31818,0.26402,"[0.44444, 0.13333, 0.21429]",0.38636,0.3433,"[0.5, 0.30769, 0.22222]",103,0.07082,4.38856,105,COMPLETED,17.956
1453,20251205_135747,gaitset_GREW.csv,Preset_v2_20,TCN,42,[768],[9],[True],[0.05],1,5,2,gelu,True,False,attention,384,32,AdamW,,2e-05,1e-05,L2,256,0.08294,3.32118,0.27273,0.24675,"[0.41026, 0.08, 0.25]",0.47727,0.36347,"[0.61818, 0.22222, 0.25]",58,0.39421,1.98354,96,COMPLETED,16.323
1454,20251205_135747,gaitset_OUMVLP.csv,Preset_v2_20,TCN,42,[768],[9],[True],[0.05],1,5,2,gelu,True,False,attention,384,32,AdamW,,2e-05,1e-05,L2,256,0.06823,2.41449,0.45455,0.39151,"[0.57895, 0.125, 0.47059]",0.54545,0.47021,"[0.71111, 0.28571, 0.41379]",255,0.19609,2.29355,279,COMPLETED,47.724
1455,20251205_135747,gln_phase1.csv,Preset_v2_20,TCN,42,[768],[9],[True],[0.05],1,5,2,gelu,True,False,attention,384,32,AdamW,,2e-05,1e-05,L2,256,0.0935,2.85833,0.47727,0.40352,"[0.55814, 0.18182, 0.47059]",0.52273,0.51481,"[0.6, 0.5, 0.44444]",74,0.23136,1.94614,98,COMPLETED,19.912
1456,20251205_135747,gln_phase2.csv,Preset_v2_20,TCN,42,[768],[9],[True],[0.05],1,5,2,gelu,True,False,attention,384,32,AdamW,,2e-05,1e-05,L2,256,0.06468,2.28034,0.40909,0.33863,"[0.48649, 0.0, 0.52941]",0.5,0.45733,"[0.51429, 0.30769, 0.55]",52,0.26108,1.57794,74,COMPLETED,15.013

1457,20251205_140240,baseline_CASIAB.csv,Preset_v2_21,TCN,42,[640],[9],[True],[0.1],1,5,3,mish,True,True,max,320,56,Adam,,3e-05,1e-05,minmax,256,0.08928,1.9577,0.47727,0.34217,"[0.54167, 0.0, 0.48485]",0.52273,0.37888,"[0.56522, 0.0, 0.57143]",74,0.57179,1.14466,120,COMPLETED,14.441
1458,20251205_140240,baseline_OUMVLP.csv,Preset_v2_21,TCN,42,[640],[9],[True],[0.1],1,5,3,mish,True,True,max,320,56,Adam,,3e-05,1e-05,minmax,256,0.0687,1.83653,0.56818,0.52373,"[0.6087, 0.4, 0.5625]",0.61364,0.54541,"[0.68, 0.36364, 0.59259]",142,0.1927,1.48453,169,COMPLETED,18.84
1459,20251205_140240,gaitgl.csv,Preset_v2_21,TCN,42,[640],[9],[True],[0.1],1,5,3,mish,True,True,max,320,56,Adam,,3e-05,1e-05,minmax,128,0.06503,1.52851,0.38636,0.32639,"[0.5, 0.16667, 0.3125]",0.40909,0.38249,"[0.45, 0.28571, 0.41176]",75,0.16319,1.36213,85,COMPLETED,12.502
1460,20251205_140240,gaitgl_GREW.csv,Preset_v2_21,TCN,42,[640],[9],[True],[0.1],1,5,3,mish,True,True,max,320,56,Adam,,3e-05,1e-05,minmax,256,0.05001,1.88253,0.52273,0.37851,"[0.57143, 0.0, 0.5641]",0.52273,0.38333,"[0.6, 0.0, 0.55]",49,0.56875,1.09622,67,COMPLETED,10.535
1461,20251205_140240,gaitgl_GREW_BNNeck.csv,Preset_v2_21,TCN,42,[640],[9],[True],[0.1],1,5,3,mish,True,True,max,320,56,Adam,,3e-05,1e-05,minmax,256,0.06334,1.74517,0.45455,0.38502,"[0.52174, 0.16667, 0.46667]",0.54545,0.45714,"[0.6, 0.2, 0.57143]",75,0.73532,1.06861,117,COMPLETED,18.375
1462,20251205_140240,gaitgl_OUMVLP.csv,Preset_v2_21,TCN,42,[640],[9],[True],[0.1],1,5,3,mish,True,True,max,320,56,Adam,,3e-05,1e-05,minmax,256,0.07301,1.453,0.5,0.42251,"[0.57143, 0.18182, 0.51429]",0.5,0.47828,"[0.55, 0.4, 0.48485]",117,0.61693,1.11416,169,COMPLETED,26.573
1463,20251205_140240,gaitpart_GREW.csv,Preset_v2_21,TCN,42,[640],[9],[True],[0.1],1,5,3,mish,True,True,max,320,56,Adam,,3e-05,1e-05,minmax,256,0.08214,1.78383,0.54545,0.5037,"[0.66667, 0.44444, 0.4]",0.52273,0.51919,"[0.6, 0.53333, 0.42424]",114,0.40862,1.21347,165,COMPLETED,15.805
1464,20251205_140240,gaitpart_OUMVLP.csv,Preset_v2_21,TCN,42,[640],[9],[True],[0.1],1,5,3,mish,True,True,max,320,56,Adam,,3e-05,1e-05,minmax,256,0.08081,1.80804,0.47727,0.35507,"[0.56522, 0.0, 0.5]",0.61364,0.59702,"[0.57895, 0.54545, 0.66667]",187,0.56899,1.10212,329,COMPLETED,31.085
1465,20251205_140240,gaitset.csv,Preset_v2_21,TCN,42,[640],[9],[True],[0.1],1,5,3,mish,True,True,max,320,56,Adam,,3e-05,1e-05,minmax,256,0.07934,1.66974,0.5,0.40625,"[0.6383, 0.16667, 0.41379]",0.5,0.41201,"[0.6, 0.22222, 0.41379]",79,0.56838,1.17933,114,COMPLETED,17.758
1466,20251205_140240,gaitset_GREW.csv,Preset_v2_21,TCN,42,[640],[9],[True],[0.1],1,5,3,mish,True,True,max,320,56,Adam,,3e-05,1e-05,minmax,256,0.09391,1.46262,0.52273,0.43267,"[0.6383, 0.22222, 0.4375]",0.59091,0.49859,"[0.65116, 0.25, 0.59459]",111,0.19824,1.36364,121,COMPLETED,18.92
1467,20251205_140240,gaitset_OUMVLP.csv,Preset_v2_21,TCN,42,[640],[9],[True],[0.1],1,5,3,mish,True,True,max,320,56,Adam,,3e-05,1e-05,minmax,256,0.09986,1.87869,0.45455,0.41692,"[0.51429, 0.25, 0.48649]",0.54545,0.52748,"[0.59459, 0.46154, 0.52632]",228,0.42316,1.23606,338,COMPLETED,52.657
1468,20251205_140240,gln_phase1.csv,Preset_v2_21,TCN,42,[640],[9],[True],[0.1],1,5,3,mish,True,True,max,320,56,Adam,,3e-05,1e-05,minmax,256,0.06388,1.46133,0.5,0.3586,"[0.6383, 0.0, 0.4375]",0.54545,0.45983,"[0.61538, 0.2, 0.5641]",90,0.48135,1.01559,129,COMPLETED,25.884
1469,20251205_140240,gln_phase2.csv,Preset_v2_21,TCN,42,[640],[9],[True],[0.1],1,5,3,mish,True,True,max,320,56,Adam,,3e-05,1e-05,minmax,256,0.04803,1.57557,0.5,0.35125,"[0.66667, 0.0, 0.3871]",0.52273,0.47483,"[0.66667, 0.46154, 0.2963]",104,0.1833,1.35723,122,COMPLETED,24.701

1470,20251205_140743,baseline_CASIAB.csv,Preset_v2_22,TCN,42,[384],[7],[True],[0.05],1,7,1,silu,True,True,mean,256,64,AdamW,,5e-05,1e-06,L2,256,0.09319,1.71857,0.52273,0.375,"[0.625, 0.0, 0.5]",0.56818,0.51739,"[0.65217, 0.4, 0.5]",249,0.14888,1.58518,277,COMPLETED,15.425
1471,20251205_140743,baseline_OUMVLP.csv,Preset_v2_22,TCN,42,[384],[7],[True],[0.05],1,7,1,silu,True,True,mean,256,64,AdamW,,5e-05,1e-06,L2,256,0.08545,1.56042,0.52273,0.47612,"[0.53659, 0.28571, 0.60606]",0.56818,0.52546,"[0.59574, 0.4, 0.58065]",313,0.15739,1.51077,344,COMPLETED,19.297
1472,20251205_140743,gaitgl.csv,Preset_v2_22,TCN,42,[384],[7],[True],[0.05],1,7,1,silu,True,True,mean,256,64,AdamW,,5e-05,1e-06,L2,128,0.08818,1.44668,0.40909,0.28472,"[0.54167, 0.0, 0.3125]",0.5,0.4225,"[0.52941, 0.16667, 0.57143]",226,0.14444,1.41122,245,COMPLETED,14.765
1473,20251205_140743,gaitgl_GREW.csv,Preset_v2_22,TCN,42,[384],[7],[True],[0.05],1,7,1,silu,True,True,mean,256,64,AdamW,,5e-05,1e-06,L2,256,0.08532,1.2217,0.52273,0.38975,"[0.55814, 0.0, 0.61111]",0.54545,0.39724,"[0.64, 0.0, 0.55172]",211,0.10391,1.25077,219,COMPLETED,15.577
1474,20251205_140743,gaitgl_GREW_BNNeck.csv,Preset_v2_22,TCN,42,[384],[7],[True],[0.05],1,7,1,silu,True,True,mean,256,64,AdamW,,5e-05,1e-06,L2,256,0.07803,2.04934,0.40909,0.35109,"[0.47826, 0.2, 0.375]",0.5,0.42556,"[0.56, 0.25, 0.46667]",153,0.65801,1.21886,318,COMPLETED,22.536
1475,20251205_140743,gaitgl_OUMVLP.csv,Preset_v2_22,TCN,42,[384],[7],[True],[0.05],1,7,1,silu,True,True,mean,256,64,AdamW,,5e-05,1e-06,L2,256,0.07972,1.29022,0.45455,0.3956,"[0.57143, 0.30769, 0.30769]",0.59091,0.56099,"[0.57143, 0.46154, 0.65]",385,0.25828,1.19933,468,COMPLETED,32.706
1476,20251205_140743,gaitpart_GREW.csv,Preset_v2_22,TCN,42,[384],[7],[True],[0.05],1,7,1,silu,True,True,mean,256,64,AdamW,,5e-05,1e-06,L2,256,0.08038,1.32641,0.52273,0.43071,"[0.6383, 0.15385, 0.5]",0.59091,0.53608,"[0.59459, 0.36364, 0.65]",244,0.23126,1.14665,318,COMPLETED,16.084
1477,20251205_140743,gaitpart_OUMVLP.csv,Preset_v2_22,TCN,42,[384],[7],[True],[0.05],1,7,1,silu,True,True,mean,256,64,AdamW,,5e-05,1e-06,L2,256,0.08591,1.50589,0.59091,0.49251,"[0.68293, 0.2, 0.59459]",0.68182,0.63826,"[0.72727, 0.5, 0.6875]",367,0.41875,1.1788,617,COMPLETED,31.601
1478,20251205_140743,gaitset.csv,Preset_v2_22,TCN,42,[384],[7],[True],[0.05],1,7,1,silu,True,True,mean,256,64,AdamW,,5e-05,1e-06,L2,256,0.08775,2.2535,0.36364,0.25993,"[0.52174, 0.0, 0.25806]",0.45455,0.32997,"[0.54545, 0.0, 0.44444]",164,0.6311,1.2268,333,COMPLETED,23.401
1479,20251205_140743,gaitset_GREW.csv,Preset_v2_22,TCN,42,[384],[7],[True],[0.05],1,7,1,silu,True,True,mean,256,64,AdamW,,5e-05,1e-06,L2,256,0.08127,1.47333,0.52273,0.39763,"[0.60465, 0.0, 0.58824]",0.54545,0.50152,"[0.55556, 0.36364, 0.58537]",293,0.28525,1.27545,373,COMPLETED,25.992
1480,20251205_140743,gaitset_OUMVLP.csv,Preset_v2_22,TCN,42,[384],[7],[True],[0.05],1,7,1,silu,True,True,mean,256,64,AdamW,,5e-05,1e-06,L2,256,0.0789,1.96289,0.56818,0.51806,"[0.65, 0.36364, 0.54054]",0.59091,0.53404,"[0.68293, 0.36364, 0.55556]",735,0.31625,1.40391,1055,COMPLETED,73.583
1481,20251205_140743,gln_phase1.csv,Preset_v2_22,TCN,42,[384],[7],[True],[0.05],1,7,1,silu,True,True,mean,256,64,AdamW,,5e-05,1e-06,L2,256,0.09207,1.75257,0.47727,0.34126,"[0.55319, 0.0, 0.47059]",0.54545,0.52206,"[0.60465, 0.46154, 0.5]",343,0.15316,1.59355,388,COMPLETED,33.933
1482,20251205_140743,gln_phase2.csv,Preset_v2_22,TCN,42,[384],[7],[True],[0.05],1,7,1,silu,True,True,mean,256,64,AdamW,,5e-05,1e-06,L2,256,0.0813,1.72691,0.54545,0.45999,"[0.58537, 0.2, 0.59459]",0.59091,0.50021,"[0.61905, 0.25, 0.63158]",324,0.17973,1.48937,380,COMPLETED,33.127

1483,20251205_141355,baseline_CASIAB.csv,Preset_v2_23,TCN,42,[640],[7],[True],[0.1],1,3,1,hardswish,True,True,attention,448,40,AdamW,,2e-05,1e-05,L2,256,0.0778,3.57742,0.34091,0.32,"[0.42105, 0.18182, 0.35714]",0.45455,0.44908,"[0.46154, 0.42857, 0.45714]",84,0.18191,2.60398,110,COMPLETED,9.835
1484,20251205_141355,baseline_OUMVLP.csv,Preset_v2_23,TCN,42,[640],[7],[True],[0.1],1,3,1,hardswish,True,True,attention,448,40,AdamW,,2e-05,1e-05,L2,256,0.08505,3.67265,0.43182,0.36634,"[0.54545, 0.125, 0.42857]",0.54545,0.46528,"[0.58333, 0.25, 0.5625]",73,0.38534,1.63958,130,COMPLETED,11.787
1485,20251205_141355,gaitgl.csv,Preset_v2_23,TCN,42,[640],[7],[True],[0.1],1,3,1,hardswish,True,True,attention,448,40,AdamW,,2e-05,1e-05,L2,128,0.07747,2.58645,0.5,0.37805,"[0.63415, 0.0, 0.5]",0.54545,0.4588,"[0.6, 0.18182, 0.59459]",53,0.24035,1.81276,73,COMPLETED,7.326
1486,20251205_141355,gaitgl_GREW.csv,Preset_v2_23,TCN,42,[640],[7],[True],[0.1],1,3,1,hardswish,True,True,attention,448,40,AdamW,,2e-05,1e-05,L2,256,0.06866,2.80823,0.40909,0.34926,"[0.58537, 0.10526, 0.35714]",0.52273,0.43968,"[0.61905, 0.2, 0.5]",41,0.28626,1.6748,64,COMPLETED,7.201
1487,20251205_141355,gaitgl_GREW_BNNeck.csv,Preset_v2_23,TCN,42,[640],[7],[True],[0.1],1,3,1,hardswish,True,True,attention,448,40,AdamW,,2e-05,1e-05,L2,256,0.07415,4.51405,0.40909,0.38343,"[0.51163, 0.35294, 0.28571]",0.45455,0.43558,"[0.53333, 0.42857, 0.34483]",81,0.13602,3.67037,96,COMPLETED,10.814
1488,20251205_141355,gaitgl_OUMVLP.csv,Preset_v2_23,TCN,42,[640],[7],[True],[0.1],1,3,1,hardswish,True,True,attention,448,40,AdamW,,2e-05,1e-05,L2,256,0.08974,2.60329,0.45455,0.45248,"[0.45714, 0.30769, 0.59259]",0.59091,0.49718,"[0.62222, 0.18182, 0.6875]",66,0.33094,1.35921,103,COMPLETED,11.466
1489,20251205_141355,gaitpart_GREW.csv,Preset_v2_23,TCN,42,[640],[7],[True],[0.1],1,3,1,hardswish,True,True,attention,448,40,AdamW,,2e-05,1e-05,L2,256,0.07745,4.50668,0.43182,0.41111,"[0.5, 0.33333, 0.4]",0.47727,0.46864,"[0.4878, 0.44444, 0.47368]",104,0.34766,2.11153,167,COMPLETED,14.093
1490,20251205_141355,gaitpart_OUMVLP.csv,Preset_v2_23,TCN,42,[640],[7],[True],[0.1],1,3,1,hardswish,True,True,attention,448,40,AdamW,,2e-05,1e-05,L2,256,0.07413,3.31089,0.54545,0.50079,"[0.66667, 0.35294, 0.48276]",0.65909,0.63211,"[0.68421, 0.54545, 0.66667]",233,0.45411,1.31194,426,COMPLETED,35.935
1491,20251205_141355,gaitset.csv,Preset_v2_23,TCN,42,[640],[7],[True],[0.1],1,3,1,hardswish,True,True,attention,448,40,AdamW,,2e-05,1e-05,L2,256,0.07476,4.44759,0.36364,0.26932,"[0.46512, 0.0, 0.34286]",0.5,0.34248,"[0.62745, 0.0, 0.4]",38,0.67385,1.36816,104,COMPLETED,11.753
1492,20251205_141355,gaitset_GREW.csv,Preset_v2_23,TCN,42,[640],[7],[True],[0.1],1,3,1,hardswish,True,True,attention,448,40,AdamW,,2e-05,1e-05,L2,256,0.076,3.45999,0.40909,0.31111,"[0.53333, 0.0, 0.4]",0.52273,0.37778,"[0.57778, 0.0, 0.55556]",61,0.36615,1.63138,96,COMPLETED,10.629
1493,20251205_141355,gaitset_OUMVLP.csv,Preset_v2_23,TCN,42,[640],[7],[True],[0.1],1,3,1,hardswish,True,True,attention,448,40,AdamW,,2e-05,1e-05,L2,256,0.08025,3.8419,0.52273,0.47277,"[0.54054, 0.26667, 0.61111]",0.56818,0.54503,"[0.57895, 0.46154, 0.59459]",250,0.40574,2.21153,385,COMPLETED,42.938
1494,20251205_141355,gln_phase1.csv,Preset_v2_23,TCN,42,[640],[7],[True],[0.1],1,3,1,hardswish,True,True,attention,448,40,AdamW,,2e-05,1e-05,L2,256,0.07967,3.74124,0.38636,0.35362,"[0.5, 0.19048, 0.37037]",0.52273,0.4375,"[0.625, 0.25, 0.4375]",53,0.53422,1.61209,106,COMPLETED,14.091
1495,20251205_141355,gln_phase2.csv,Preset_v2_23,TCN,42,[640],[7],[True],[0.1],1,3,1,hardswish,True,True,attention,448,40,AdamW,,2e-05,1e-05,L2,256,0.08817,3.30573,0.5,0.48658,"[0.51429, 0.4, 0.54545]",0.52273,0.5202,"[0.59091, 0.54545, 0.42424]",62,0.31057,1.83963,104,COMPLETED,13.735

1496,20251205_141731,baseline_CASIAB.csv,Preset_v2_24,TCN,42,"[256, 320, 256]","[1, 2, 4]","[False, True, True]","[0.2, 0.2, 0.2]",3,3,1,gelu,True,True,attention,192,64,AdamW,,2e-05,1e-05,L2,256,0.09934,2.7578,0.47727,0.43492,"[0.54545, 0.30769, 0.45161]",0.47727,0.43492,"[0.54545, 0.30769, 0.45161]",291,0.09917,2.68004,297,COMPLETED,27.11
1497,20251205_141731,baseline_OUMVLP.csv,Preset_v2_24,TCN,42,"[256, 320, 256]","[1, 2, 4]","[False, True, True]","[0.2, 0.2, 0.2]",3,3,1,gelu,True,True,attention,192,64,AdamW,,2e-05,1e-05,L2,256,0.07406,2.30059,0.52273,0.47362,"[0.48649, 0.28571, 0.64865]",0.56818,0.51576,"[0.58537, 0.33333, 0.62857]",188,0.59151,1.26779,354,COMPLETED,32.463
1498,20251205_141731,gaitgl.csv,Preset_v2_24,TCN,42,"[256, 320, 256]","[1, 2, 4]","[False, True, True]","[0.2, 0.2, 0.2]",3,3,1,gelu,True,True,attention,192,64,AdamW,,2e-05,1e-05,L2,128,0.09427,2.24297,0.47727,0.32471,"[0.60377, 0.0, 0.37037]",0.47727,0.40091,"[0.56522, 0.2, 0.4375]",155,0.21281,1.78948,181,COMPLETED,17.383
1499,20251205_141731,gaitgl_GREW.csv,Preset_v2_24,TCN,42,"[256, 320, 256]","[1, 2, 4]","[False, True, True]","[0.2, 0.2, 0.2]",3,3,1,gelu,True,True,attention,192,64,AdamW,,2e-05,1e-05,L2,256,0.08115,2.28712,0.40909,0.30769,"[0.46154, 0.0, 0.46154]",0.43182,0.37695,"[0.47619, 0.22222, 0.43243]",171,0.18398,2.19093,190,COMPLETED,19.937
1500,20251205_141731,gaitgl_GREW_BNNeck.csv,Preset_v2_24,TCN,42,"[256, 320, 256]","[1, 2, 4]","[False, True, True]","[0.2, 0.2, 0.2]",3,3,1,gelu,True,True,attention,192,64,AdamW,,2e-05,1e-05,L2,256,0.08386,3.21778,0.34091,0.28832,"[0.44444, 0.15385, 0.26667]",0.43182,0.38333,"[0.45, 0.25, 0.45]",164,0.65949,1.49991,302,COMPLETED,31.939
1501,20251205_141731,gaitgl_OUMVLP.csv,Preset_v2_24,TCN,42,"[256, 320, 256]","[1, 2, 4]","[False, True, True]","[0.2, 0.2, 0.2]",3,3,1,gelu,True,True,attention,192,64,AdamW,,2e-05,1e-05,L2,256,0.08262,1.69529,0.5,0.41595,"[0.62222, 0.14286, 0.48276]",0.61364,0.52007,"[0.73077, 0.30769, 0.52174]",229,0.42655,1.20583,292,COMPLETED,30.738
1502,20251205_141731,gaitpart_GREW.csv,Preset_v2_24,TCN,42,"[256, 320, 256]","[1, 2, 4]","[False, True, True]","[0.2, 0.2, 0.2]",3,3,1,gelu,True,True,attention,192,64,AdamW,,2e-05,1e-05,L2,256,0.08141,2.55289,0.45455,0.41095,"[0.53333, 0.28571, 0.41379]",0.54545,0.52808,"[0.625, 0.54545, 0.41379]",290,0.23829,1.97289,396,COMPLETED,35.228
1503,20251205_141731,gaitpart_OUMVLP.csv,Preset_v2_24,TCN,42,"[256, 320, 256]","[1, 2, 4]","[False, True, True]","[0.2, 0.2, 0.2]",3,3,1,gelu,True,True,attention,192,64,AdamW,,2e-05,1e-05,L2,256,0.07825,1.96164,0.43182,0.33846,"[0.61538, 0.0, 0.4]",0.61364,0.44862,"[0.71429, 0.0, 0.63158]",517,0.34144,1.32336,768,COMPLETED,66.105
1504,20251205_141731,gaitset.csv,Preset_v2_24,TCN,42,"[256, 320, 256]","[1, 2, 4]","[False, True, True]","[0.2, 0.2, 0.2]",3,3,1,gelu,True,True,attention,192,64,AdamW,,2e-05,1e-05,L2,256,0.08957,2.82972,0.40909,0.30335,"[0.56522, 0.0, 0.34483]",0.54545,0.39453,"[0.57895, 0.0, 0.60465]",140,0.64918,1.2556,309,COMPLETED,30.984
1505,20251205_141731,gaitset_GREW.csv,Preset_v2_24,TCN,42,"[256, 320, 256]","[1, 2, 4]","[False, True, True]","[0.2, 0.2, 0.2]",3,3,1,gelu,True,True,attention,192,64,AdamW,,2e-05,1e-05,L2,256,0.0946,2.92924,0.29545,0.26793,"[0.35897, 0.1, 0.34483]",0.45455,0.38999,"[0.51282, 0.14286, 0.51429]",311,0.26899,2.22246,404,COMPLETED,40.821
1506,20251205_141731,gaitset_OUMVLP.csv,Preset_v2_24,TCN,42,"[256, 320, 256]","[1, 2, 4]","[False, True, True]","[0.2, 0.2, 0.2]",3,3,1,gelu,True,True,attention,192,64,AdamW,,2e-05,1e-05,L2,256,0.08235,2.81803,0.40909,0.29934,"[0.55319, 0.0, 0.34483]",0.52273,0.37505,"[0.59574, 0.0, 0.52941]",452,0.68504,1.35789,852,COMPLETED,87.61
1507,20251205_141731,gln_phase1.csv,Preset_v2_24,TCN,42,"[256, 320, 256]","[1, 2, 4]","[False, True, True]","[0.2, 0.2, 0.2]",3,3,1,gelu,True,True,attention,192,64,AdamW,,2e-05,1e-05,L2,256,0.08554,2.69332,0.47727,0.44895,"[0.5641, 0.3, 0.48276]",0.59091,0.56617,"[0.65306, 0.54545, 0.5]",232,0.31565,2.01834,330,COMPLETED,40.683
1508,20251205_141731,gln_phase2.csv,Preset_v2_24,TCN,42,"[256, 320, 256]","[1, 2, 4]","[False, True, True]","[0.2, 0.2, 0.2]",3,3,1,gelu,True,True,attention,192,64,AdamW,,2e-05,1e-05,L2,256,0.08872,2.90652,0.36364,0.29179,"[0.48649, 0.0, 0.38889]",0.47727,0.45943,"[0.51163, 0.4, 0.46667]",277,0.09416,2.67695,287,COMPLETED,35.889

1509,20251205_142602,baseline_CASIAB.csv,Preset_v2_25,TCN,42,"[448, 512, 448]","[1, 3, 5]","[True, True, True]","[0.1, 0.1, 0.1]",3,5,2,silu,True,False,mean,320,48,Adam,,3e-05,1e-05,minmax,256,0.06812,2.71586,0.38636,0.2853,"[0.53333, 0.0, 0.32258]",0.45455,0.43289,"[0.3871, 0.375, 0.53659]",184,0.21715,2.31428,198,COMPLETED,35.051
1510,20251205_142602,baseline_OUMVLP.csv,Preset_v2_25,TCN,42,"[448, 512, 448]","[1, 3, 5]","[True, True, True]","[0.1, 0.1, 0.1]",3,5,2,silu,True,False,mean,320,48,Adam,,3e-05,1e-05,minmax,256,0.07947,1.72476,0.47727,0.41211,"[0.4878, 0.22222, 0.52632]",0.59091,0.49517,"[0.6383, 0.22222, 0.625]",215,0.28359,1.35536,240,COMPLETED,42.19
1511,20251205_142602,gaitgl.csv,Preset_v2_25,TCN,42,"[448, 512, 448]","[1, 3, 5]","[True, True, True]","[0.1, 0.1, 0.1]",3,5,2,silu,True,False,mean,320,48,Adam,,3e-05,1e-05,minmax,128,0.04564,2.47977,0.43182,0.39286,"[0.55, 0.2, 0.42857]",0.47727,0.4299,"[0.57143, 0.26667, 0.45161]",186,0.25212,1.48596,213,COMPLETED,49.296
1512,20251205_142602,gaitgl_GREW.csv,Preset_v2_25,TCN,42,"[448, 512, 448]","[1, 3, 5]","[True, True, True]","[0.1, 0.1, 0.1]",3,5,2,silu,True,False,mean,320,48,Adam,,3e-05,1e-05,minmax,256,0.05151,1.48292,0.56818,0.54955,"[0.64865, 0.47059, 0.52941]",0.59091,0.59583,"[0.63158, 0.61538, 0.54054]",209,0.08551,1.5186,210,COMPLETED,50.254
1513,20251205_142602,gaitgl_GREW_BNNeck.csv,Preset_v2_25,TCN,42,"[448, 512, 448]","[1, 3, 5]","[True, True, True]","[0.1, 0.1, 0.1]",3,5,2,silu,True,False,mean,320,48,Adam,,3e-05,1e-05,minmax,256,1.00696,1.01524,0.47727,0.21538,"[0.64615, 0.0, 0.0]",0.47727,0.21538,"[0.64615, 0.0, 0.0]",128,1.00696,1.01524,128,STOPPED,30.62
1514,20251205_142602,gaitgl_OUMVLP.csv,Preset_v2_25,TCN,42,"[448, 512, 448]","[1, 3, 5]","[True, True, True]","[0.1, 0.1, 0.1]",3,5,2,silu,True,False,mean,320,48,Adam,,3e-05,1e-05,minmax,256,0.06587,2.51871,0.45455,0.40741,"[0.57143, 0.22222, 0.42857]",0.52273,0.48373,"[0.55814, 0.36364, 0.52941]",376,0.44787,1.61468,408,COMPLETED,98.115
1515,20251205_142602,gaitpart_GREW.csv,Preset_v2_25,TCN,42,"[448, 512, 448]","[1, 3, 5]","[True, True, True]","[0.1, 0.1, 0.1]",3,5,2,silu,True,False,mean,320,48,Adam,,3e-05,1e-05,minmax,256,0.06077,1.51632,0.59091,0.53281,"[0.70833, 0.42857, 0.46154]",0.61364,0.5897,"[0.68085, 0.58824, 0.5]",124,0.21569,1.29619,150,COMPLETED,23.247
1516,20251205_142602,gaitpart_OUMVLP.csv,Preset_v2_25,TCN,42,"[448, 512, 448]","[1, 3, 5]","[True, True, True]","[0.1, 0.1, 0.1]",3,5,2,silu,True,False,mean,320,48,Adam,,3e-05,1e-05,minmax,256,0.09838,1.51463,0.54545,0.4449,"[0.68085, 0.15385, 0.5]",0.63636,0.58494,"[0.68182, 0.44444, 0.62857]",215,0.56406,1.02603,326,COMPLETED,50.293
1517,20251205_142602,gaitset.csv,Preset_v2_25,TCN,42,"[448, 512, 448]","[1, 3, 5]","[True, True, True]","[0.1, 0.1, 0.1]",3,5,2,silu,True,False,mean,320,48,Adam,,3e-05,1e-05,minmax,256,0.06952,3.65072,0.40909,0.3281,"[0.54902, 0.23529, 0.2]",0.45455,0.39302,"[0.56, 0.28571, 0.33333]",235,0.14307,2.50498,251,COMPLETED,58.168
1518,20251205_142602,gaitset_GREW.csv,Preset_v2_25,TCN,42,"[448, 512, 448]","[1, 3, 5]","[True, True, True]","[0.1, 0.1, 0.1]",3,5,2,silu,True,False,mean,320,48,Adam,,3e-05,1e-05,minmax,256,0.05441,2.67226,0.36364,0.33598,"[0.28571, 0.16667, 0.55556]",0.59091,0.53157,"[0.63636, 0.33333, 0.625]",247,0.21965,1.57279,274,COMPLETED,63.387
1519,20251205_142602,gaitset_OUMVLP.csv,Preset_v2_25,TCN,42,"[448, 512, 448]","[1, 3, 5]","[True, True, True]","[0.1, 0.1, 0.1]",3,5,2,silu,True,False,mean,320,48,Adam,,3e-05,1e-05,minmax,256,1.00562,1.01432,0.47727,0.21538,"[0.64615, 0.0, 0.0]",0.47727,0.21538,"[0.64615, 0.0, 0.0]",142,1.00562,1.01432,142,STOPPED,29.948
1520,20251205_142602,gln_phase1.csv,Preset_v2_25,TCN,42,"[448, 512, 448]","[1, 3, 5]","[True, True, True]","[0.1, 0.1, 0.1]",3,5,2,silu,True,False,mean,320,48,Adam,,3e-05,1e-05,minmax,256,1.00675,1.01498,0.47727,0.21538,"[0.64615, 0.0, 0.0]",0.47727,0.21538,"[0.64615, 0.0, 0.0]",131,1.00675,1.01498,131,STOPPED,30.973
1521,20251205_142602,gln_phase2.csv,Preset_v2_25,TCN,42,"[448, 512, 448]","[1, 3, 5]","[True, True, True]","[0.1, 0.1, 0.1]",3,5,2,silu,True,False,mean,320,48,Adam,,3e-05,1e-05,minmax,256,1.0062,1.01374,0.47727,0.21538,"[0.64615, 0.0, 0.0]",0.47727,0.21538,"[0.64615, 0.0, 0.0]",122,1.0062,1.01374,122,STOPPED,28.813

1522,20251205_143607,baseline_CASIAB.csv,Preset_v2_26,TCN,42,"[320, 384, 448, 512]","[1, 2, 4, 8]","[True, True, True, True]","[0.05, 0.1, 0.1, 0.15]",4,3,2,mish,True,True,attention,256,40,AdamW,,2e-05,1e-06,L2,256,0.08073,2.4588,0.40909,0.33141,"[0.55319, 0.13333, 0.30769]",0.54545,0.45445,"[0.625, 0.22222, 0.51613]",22,0.39928,1.32889,44,COMPLETED,8.49
1523,20251205_143607,baseline_OUMVLP.csv,Preset_v2_26,TCN,42,"[320, 384, 448, 512]","[1, 2, 4, 8]","[True, True, True, True]","[0.05, 0.1, 0.1, 0.15]",4,3,2,mish,True,True,attention,256,40,AdamW,,2e-05,1e-06,L2,256,0.0595,2.14612,0.5,0.39907,"[0.61538, 0.18182, 0.4]",0.56818,0.47048,"[0.64, 0.2, 0.57143]",50,0.09415,1.97869,56,COMPLETED,11.159
1524,20251205_143607,gaitgl.csv,Preset_v2_26,TCN,42,"[320, 384, 448, 512]","[1, 2, 4, 8]","[True, True, True, True]","[0.05, 0.1, 0.1, 0.15]",4,3,2,mish,True,True,attention,256,40,AdamW,,2e-05,1e-06,L2,128,0.05526,1.97293,0.38636,0.31937,"[0.48, 0.18182, 0.2963]",0.40909,0.37314,"[0.4898, 0.33333, 0.2963]",29,0.07576,1.92222,31,COMPLETED,6.527
1525,20251205_143607,gaitgl_GREW.csv,Preset_v2_26,TCN,42,"[320, 384, 448, 512]","[1, 2, 4, 8]","[True, True, True, True]","[0.05, 0.1, 0.1, 0.15]",4,3,2,mish,True,True,attention,256,40,AdamW,,2e-05,1e-06,L2,256,0.04275,1.9906,0.47727,0.40333,"[0.56, 0.25, 0.4]",0.5,0.42342,"[0.59091, 0.22222, 0.45714]",29,0.12711,1.6227,36,COMPLETED,7.561
1526,20251205_143607,gaitgl_GREW_BNNeck.csv,Preset_v2_26,TCN,42,"[320, 384, 448, 512]","[1, 2, 4, 8]","[True, True, True, True]","[0.05, 0.1, 0.1, 0.15]",4,3,2,mish,True,True,attention,256,40,AdamW,,2e-05,1e-06,L2,256,0.05882,1.88205,0.54545,0.49471,"[0.61905, 0.22222, 0.64286]",0.61364,0.56734,"[0.68085, 0.42857, 0.59259]",40,0.13004,1.64118,46,COMPLETED,9.89
1527,20251205_143607,gaitgl_OUMVLP.csv,Preset_v2_26,TCN,42,"[320, 384, 448, 512]","[1, 2, 4, 8]","[True, True, True, True]","[0.05, 0.1, 0.1, 0.15]",4,3,2,mish,True,True,attention,256,40,AdamW,,2e-05,1e-06,L2,256,0.06839,1.9505,0.47727,0.40414,"[0.60465, 0.125, 0.48276]",0.54545,0.45526,"[0.63636, 0.2, 0.52941]",38,0.27227,1.47266,58,COMPLETED,12.64
1528,20251205_143607,gaitpart_GREW.csv,Preset_v2_26,TCN,42,"[320, 384, 448, 512]","[1, 2, 4, 8]","[True, True, True, True]","[0.05, 0.1, 0.1, 0.15]",4,3,2,mish,True,True,attention,256,40,AdamW,,2e-05,1e-06,L2,256,0.07343,2.45689,0.52273,0.46553,"[0.62222, 0.30769, 0.46667]",0.54545,0.4899,"[0.63636, 0.33333, 0.5]",52,0.15946,2.01999,66,COMPLETED,12.966
1529,20251205_143607,gaitpart_OUMVLP.csv,Preset_v2_26,TCN,42,"[320, 384, 448, 512]","[1, 2, 4, 8]","[True, True, True, True]","[0.05, 0.1, 0.1, 0.15]",4,3,2,mish,True,True,attention,256,40,AdamW,,2e-05,1e-06,L2,256,0.08979,1.87303,0.5,0.35913,"[0.59091, 0.0, 0.48649]",0.52273,0.48551,"[0.625, 0.44444, 0.3871]",93,0.14585,1.61516,105,COMPLETED,21.268
1530,20251205_143607,gaitset.csv,Preset_v2_26,TCN,42,"[320, 384, 448, 512]","[1, 2, 4, 8]","[True, True, True, True]","[0.05, 0.1, 0.1, 0.15]",4,3,2,mish,True,True,attention,256,40,AdamW,,2e-05,1e-06,L2,256,0.05869,2.93751,0.34091,0.24831,"[0.47826, 0.0, 0.26667]",0.43182,0.29864,"[0.58824, 0.0, 0.30769]",29,0.23548,2.09999,44,COMPLETED,8.939
1531,20251205_143607,gaitset_GREW.csv,Preset_v2_26,TCN,42,"[320, 384, 448, 512]","[1, 2, 4, 8]","[True, True, True, True]","[0.05, 0.1, 0.1, 0.15]",4,3,2,mish,True,True,attention,256,40,AdamW,,2e-05,1e-06,L2,256,0.04791,2.57427,0.38636,0.26529,"[0.52, 0.0, 0.27586]",0.40909,0.34827,"[0.5, 0.22222, 0.32258]",37,0.11035,2.26648,42,COMPLETED,8.819
1532,20251205_143607,gaitset_OUMVLP.csv,Preset_v2_26,TCN,42,"[320, 384, 448, 512]","[1, 2, 4, 8]","[True, True, True, True]","[0.05, 0.1, 0.1, 0.15]",4,3,2,mish,True,True,attention,256,40,AdamW,,2e-05,1e-06,L2,256,0.06209,2.15321,0.52273,0.45265,"[0.64, 0.33333, 0.38462]",0.56818,0.52193,"[0.63636, 0.4, 0.52941]",101,0.22123,1.84093,117,COMPLETED,23.873
1533,20251205_143607,gln_phase1.csv,Preset_v2_26,TCN,42,"[320, 384, 448, 512]","[1, 2, 4, 8]","[True, True, True, True]","[0.05, 0.1, 0.1, 0.15]",4,3,2,mish,True,True,attention,256,40,AdamW,,2e-05,1e-06,L2,256,0.05353,3.0483,0.45455,0.42599,"[0.55814, 0.375, 0.34483]",0.5,0.50253,"[0.55, 0.53333, 0.42424]",43,0.12752,2.56522,54,COMPLETED,13.147
1534,20251205_143607,gln_phase2.csv,Preset_v2_26,TCN,42,"[320, 384, 448, 512]","[1, 2, 4, 8]","[True, True, True, True]","[0.05, 0.1, 0.1, 0.15]",4,3,2,mish,True,True,attention,256,40,AdamW,,2e-05,1e-06,L2,256,0.0944,2.71568,0.43182,0.3735,"[0.56522, 0.23529, 0.32]",0.47727,0.46216,"[0.48649, 0.4, 0.5]",46,0.16862,2.54905,56,COMPLETED,13.398

1535,20251205_143900,baseline_CASIAB.csv,Preset_v2_27,TCN,42,"[768, 640, 512, 384]","[1, 2, 4, 8]","[True, True, True, True]","[0.1, 0.1, 0.15, 0.15]",4,5,2,gelu,True,True,max,384,32,Adam,,0.0001,0.0,L2,256,0.01045,1.82182,0.5,0.36667,"[0.6, 0.0, 0.5]",0.52273,0.43135,"[0.61224, 0.18182, 0.5]",16,0.33124,1.28879,24,COMPLETED,7.168
1536,20251205_143900,baseline_OUMVLP.csv,Preset_v2_27,TCN,42,"[768, 640, 512, 384]","[1, 2, 4, 8]","[True, True, True, True]","[0.1, 0.1, 0.15, 0.15]",4,5,2,gelu,True,True,max,384,32,Adam,,0.0001,0.0,L2,256,0.00853,1.94301,0.52273,0.44302,"[0.5641, 0.15385, 0.61111]",0.59091,0.49572,"[0.63636, 0.22222, 0.62857]",36,0.0447,1.62999,39,COMPLETED,11.446
1537,20251205_143900,gaitgl.csv,Preset_v2_27,TCN,42,"[768, 640, 512, 384]","[1, 2, 4, 8]","[True, True, True, True]","[0.1, 0.1, 0.15, 0.15]",4,5,2,gelu,True,True,max,384,32,Adam,,0.0001,0.0,L2,128,0.00564,1.39134,0.43182,0.30667,"[0.52, 0.0, 0.4]",0.5,0.36825,"[0.53333, 0.0, 0.57143]",11,0.00964,1.29256,12,COMPLETED,4.331
1538,20251205_143900,gaitgl_GREW.csv,Preset_v2_27,TCN,42,"[768, 640, 512, 384]","[1, 2, 4, 8]","[True, True, True, True]","[0.1, 0.1, 0.15, 0.15]",4,5,2,gelu,True,True,max,384,32,Adam,,0.0001,0.0,L2,256,0.00425,1.4019,0.54545,0.38693,"[0.62745, 0.0, 0.53333]",0.54545,0.39337,"[0.57143, 0.0, 0.6087]",8,0.17769,1.23444,13,COMPLETED,4.889
1539,20251205_143900,gaitgl_GREW_BNNeck.csv,Preset_v2_27,TCN,42,"[768, 640, 512, 384]","[1, 2, 4, 8]","[True, True, True, True]","[0.1, 0.1, 0.15, 0.15]",4,5,2,gelu,True,True,max,384,32,Adam,,0.0001,0.0,L2,256,0.01005,2.0017,0.52273,0.42397,"[0.62745, 0.2, 0.44444]",0.52273,0.42397,"[0.62745, 0.2, 0.44444]",21,0.01005,2.0017,21,COMPLETED,7.748
1540,20251205_143900,gaitgl_OUMVLP.csv,Preset_v2_27,TCN,42,"[768, 640, 512, 384]","[1, 2, 4, 8]","[True, True, True, True]","[0.1, 0.1, 0.15, 0.15]",4,5,2,gelu,True,True,max,384,32,Adam,,0.0001,0.0,L2,256,0.02008,1.70039,0.43182,0.37075,"[0.4878, 0.15385, 0.47059]",0.61364,0.50537,"[0.69388, 0.22222, 0.6]",36,0.08819,1.36667,40,COMPLETED,14.654
1541,20251205_143900,gaitpart_GREW.csv,Preset_v2_27,TCN,42,"[768, 640, 512, 384]","[1, 2, 4, 8]","[True, True, True, True]","[0.1, 0.1, 0.15, 0.15]",4,5,2,gelu,True,True,max,384,32,Adam,,0.0001,0.0,L2,256,0.01988,2.21868,0.43182,0.42093,"[0.4878, 0.4, 0.375]",0.52273,0.49421,"[0.61224, 0.5, 0.37037]",51,0.04378,2.16838,54,COMPLETED,14.397
1542,20251205_143900,gaitpart_OUMVLP.csv,Preset_v2_27,TCN,42,"[768, 640, 512, 384]","[1, 2, 4, 8]","[True, True, True, True]","[0.1, 0.1, 0.15, 0.15]",4,5,2,gelu,True,True,max,384,32,Adam,,0.0001,0.0,L2,256,0.01085,2.46269,0.5,0.38596,"[0.57895, 0.0, 0.57895]",0.52273,0.44545,"[0.63158, 0.13333, 0.57143]",128,0.17738,1.87541,133,COMPLETED,42.81
1543,20251205_143900,gaitset.csv,Preset_v2_27,TCN,42,"[768, 640, 512, 384]","[1, 2, 4, 8]","[True, True, True, True]","[0.1, 0.1, 0.15, 0.15]",4,5,2,gelu,True,True,max,384,32,Adam,,0.0001,0.0,L2,256,0.00515,2.0569,0.45455,0.33016,"[0.53333, 0.0, 0.45714]",0.5,0.34799,"[0.61538, 0.0, 0.42857]",19,0.01743,1.98728,21,COMPLETED,13.496
1544,20251205_143900,gaitset_GREW.csv,Preset_v2_27,TCN,42,"[768, 640, 512, 384]","[1, 2, 4, 8]","[True, True, True, True]","[0.1, 0.1, 0.15, 0.15]",4,5,2,gelu,True,True,max,384,32,Adam,,0.0001,0.0,L2,256,0.01371,1.9987,0.45455,0.30792,"[0.60377, 0.0, 0.32]",0.47727,0.44444,"[0.54545, 0.36364, 0.42424]",27,0.24716,1.30923,34,COMPLETED,21.586
1545,20251205_143900,gaitset_OUMVLP.csv,Preset_v2_27,TCN,42,"[768, 640, 512, 384]","[1, 2, 4, 8]","[True, True, True, True]","[0.1, 0.1, 0.15, 0.15]",4,5,2,gelu,True,True,max,384,32,Adam,,0.0001,0.0,L2,256,0.03099,3.06756,0.38636,0.29343,"[0.53846, 0.18182, 0.16]",0.40909,0.3803,"[0.42424, 0.26667, 0.45]",112,0.55405,1.49674,141,COMPLETED,88.503
1546,20251205_143900,gln_phase1.csv,Preset_v2_27,TCN,42,"[768, 640, 512, 384]","[1, 2, 4, 8]","[True, True, True, True]","[0.1, 0.1, 0.15, 0.15]",4,5,2,gelu,True,True,max,384,32,Adam,,0.0001,0.0,L2,256,0.0092,1.20479,0.52273,0.38012,"[0.66667, 0.0, 0.47368]",0.61364,0.49517,"[0.71698, 0.25, 0.51852]",19,0.01969,1.16018,21,COMPLETED,16.681
1547,20251205_143900,gln_phase2.csv,Preset_v2_27,TCN,42,"[768, 640, 512, 384]","[1, 2, 4, 8]","[True, True, True, True]","[0.1, 0.1, 0.15, 0.15]",4,5,2,gelu,True,True,max,384,32,Adam,,0.0001,0.0,L2,256,0.00448,1.54348,0.52273,0.44056,"[0.58333, 0.22222, 0.51613]",0.52273,0.48047,"[0.57778, 0.36364, 0.5]",26,0.02319,1.40544,29,COMPLETED,23.059

1548,20251205_144346,baseline_CASIAB.csv,Preset_v2_28,TCN,42,"[192, 256, 320, 384, 448]","[1, 2, 3, 4, 5]","[True, True, True, True, True]","[0.2, 0.2, 0.2, 0.2, 0.2]",5,3,3,silu,True,True,attention,256,56,AdamW,,2e-05,1e-05,L2,256,0.08134,2.47213,0.45455,0.37788,"[0.55319, 0.16667, 0.41379]",0.52273,0.44501,"[0.6, 0.22222, 0.51282]",58,0.20147,1.83788,79,COMPLETED,17.972
1549,20251205_144346,baseline_OUMVLP.csv,Preset_v2_28,TCN,42,"[192, 256, 320, 384, 448]","[1, 2, 3, 4, 5]","[True, True, True, True, True]","[0.2, 0.2, 0.2, 0.2, 0.2]",5,3,3,silu,True,True,attention,256,56,AdamW,,2e-05,1e-05,L2,256,0.07115,2.78828,0.45455,0.43155,"[0.4375, 0.28571, 0.57143]",0.59091,0.49002,"[0.68182, 0.2, 0.58824]",62,0.25509,1.44641,108,COMPLETED,24.268
1550,20251205_144346,gaitgl.csv,Preset_v2_28,TCN,42,"[192, 256, 320, 384, 448]","[1, 2, 3, 4, 5]","[True, True, True, True, True]","[0.2, 0.2, 0.2, 0.2, 0.2]",5,3,3,silu,True,True,attention,256,56,AdamW,,2e-05,1e-05,L2,128,0.0537,1.83253,0.45455,0.3428,"[0.59091, 0.0, 0.4375]",0.52273,0.36995,"[0.625, 0.0, 0.48485]",25,0.68528,1.0652,45,COMPLETED,13.087
1551,20251205_144346,gaitgl_GREW.csv,Preset_v2_28,TCN,42,"[192, 256, 320, 384, 448]","[1, 2, 3, 4, 5]","[True, True, True, True, True]","[0.2, 0.2, 0.2, 0.2, 0.2]",5,3,3,silu,True,True,attention,256,56,AdamW,,2e-05,1e-05,L2,256,0.0571,2.03195,0.43182,0.32323,"[0.54545, 0.0, 0.42424]",0.56818,0.41179,"[0.65, 0.0, 0.58537]",31,0.568,1.10955,52,COMPLETED,15.438
1552,20251205_144346,gaitgl_GREW_BNNeck.csv,Preset_v2_28,TCN,42,"[192, 256, 320, 384, 448]","[1, 2, 3, 4, 5]","[True, True, True, True, True]","[0.2, 0.2, 0.2, 0.2, 0.2]",5,3,3,silu,True,True,attention,256,56,AdamW,,2e-05,1e-05,L2,256,0.07665,1.91087,0.47727,0.38651,"[0.6, 0.14286, 0.41667]",0.54545,0.48827,"[0.62222, 0.25, 0.59259]",67,0.09564,1.73958,71,COMPLETED,21.25
1553,20251205_144346,gaitgl_OUMVLP.csv,Preset_v2_28,TCN,42,"[192, 256, 320, 384, 448]","[1, 2, 3, 4, 5]","[True, True, True, True, True]","[0.2, 0.2, 0.2, 0.2, 0.2]",5,3,3,silu,True,True,attention,256,56,AdamW,,2e-05,1e-05,L2,256,0.08429,2.58189,0.38636,0.35535,"[0.45455, 0.26667, 0.34483]",0.45455,0.41946,"[0.4878, 0.28571, 0.48485]",90,0.12955,2.41865,101,COMPLETED,30.378
1554,20251205_144346,gaitpart_GREW.csv,Preset_v2_28,TCN,42,"[192, 256, 320, 384, 448]","[1, 2, 3, 4, 5]","[True, True, True, True, True]","[0.2, 0.2, 0.2, 0.2, 0.2]",5,3,3,silu,True,True,attention,256,56,AdamW,,2e-05,1e-05,L2,256,0.07212,2.19857,0.40909,0.32035,"[0.47619, 0.0, 0.48485]",0.43182,0.32883,"[0.5, 0.0, 0.48649]",56,0.37943,1.49707,93,COMPLETED,18.204
1555,20251205_144346,gaitpart_OUMVLP.csv,Preset_v2_28,TCN,42,"[192, 256, 320, 384, 448]","[1, 2, 3, 4, 5]","[True, True, True, True, True]","[0.2, 0.2, 0.2, 0.2, 0.2]",5,3,3,silu,True,True,attention,256,56,AdamW,,2e-05,1e-05,L2,256,0.08659,1.91407,0.54545,0.47912,"[0.65217, 0.26667, 0.51852]",0.65909,0.63906,"[0.71111, 0.6, 0.60606]",91,0.46317,1.07711,181,COMPLETED,35.068
1556,20251205_144346,gaitset.csv,Preset_v2_28,TCN,42,"[192, 256, 320, 384, 448]","[1, 2, 3, 4, 5]","[True, True, True, True, True]","[0.2, 0.2, 0.2, 0.2, 0.2]",5,3,3,silu,True,True,attention,256,56,AdamW,,2e-05,1e-05,L2,256,0.07057,3.17313,0.25,0.24557,"[0.25641, 0.22222, 0.25806]",0.45455,0.41071,"[0.54167, 0.33333, 0.35714]",52,0.3192,2.03939,81,COMPLETED,24.387
1557,20251205_144346,gaitset_GREW.csv,Preset_v2_28,TCN,42,"[192, 256, 320, 384, 448]","[1, 2, 3, 4, 5]","[True, True, True, True, True]","[0.2, 0.2, 0.2, 0.2, 0.2]",5,3,3,silu,True,True,attention,256,56,AdamW,,2e-05,1e-05,L2,256,0.06808,1.91179,0.47727,0.37355,"[0.55814, 0.0, 0.5625]",0.52273,0.43729,"[0.59574, 0.2, 0.51613]",55,0.22662,1.66348,77,COMPLETED,23.102
1558,20251205_144346,gaitset_OUMVLP.csv,Preset_v2_28,TCN,42,"[192, 256, 320, 384, 448]","[1, 2, 3, 4, 5]","[True, True, True, True, True]","[0.2, 0.2, 0.2, 0.2, 0.2]",5,3,3,silu,True,True,attention,256,56,AdamW,,2e-05,1e-05,L2,256,0.0852,2.20097,0.47727,0.42984,"[0.58537, 0.26667, 0.4375]",0.59091,0.52579,"[0.66667, 0.28571, 0.625]",151,0.22709,1.74406,196,COMPLETED,58.079
1559,20251205_144346,gln_phase1.csv,Preset_v2_28,TCN,42,"[192, 256, 320, 384, 448]","[1, 2, 3, 4, 5]","[True, True, True, True, True]","[0.2, 0.2, 0.2, 0.2, 0.2]",5,3,3,silu,True,True,attention,256,56,AdamW,,2e-05,1e-05,L2,256,0.06813,2.28768,0.47727,0.40346,"[0.57143, 0.18182, 0.45714]",0.47727,0.44235,"[0.53659, 0.33333, 0.45714]",67,0.12514,2.21096,74,COMPLETED,29.683
1560,20251205_144346,gln_phase2.csv,Preset_v2_28,TCN,42,"[192, 256, 320, 384, 448]","[1, 2, 3, 4, 5]","[True, True, True, True, True]","[0.2, 0.2, 0.2, 0.2, 0.2]",5,3,3,silu,True,True,attention,256,56,AdamW,,2e-05,1e-05,L2,256,0.06908,1.56043,0.56818,0.50403,"[0.68293, 0.26667, 0.5625]",0.61364,0.5438,"[0.68085, 0.30769, 0.64286]",53,0.16329,1.20559,66,COMPLETED,26.427

1561,20251205_144938,baseline_CASIAB.csv,Preset_v2_29,TCN,42,"[512, 512]","[1, 2]","[True, True]","[0.0, 0.1]",2,3,1,gelu,True,True,attention,320,48,AdamW,,2e-05,1e-05,L2,256,0.08984,2.16298,0.52273,0.44273,"[0.55814, 0.18182, 0.58824]",0.54545,0.46152,"[0.59091, 0.22222, 0.57143]",89,0.3235,1.38862,140,COMPLETED,14.004
1562,20251205_144938,baseline_OUMVLP.csv,Preset_v2_29,TCN,42,"[512, 512]","[1, 2]","[True, True]","[0.0, 0.1]",2,3,1,gelu,True,True,attention,320,48,AdamW,,2e-05,1e-05,L2,256,0.0849,1.61425,0.52273,0.43076,"[0.66667, 0.14286, 0.48276]",0.56818,0.47487,"[0.63636, 0.2, 0.58824]",147,0.1533,1.49855,164,COMPLETED,16.4
1563,20251205_144938,gaitgl.csv,Preset_v2_29,TCN,42,"[512, 512]","[1, 2]","[True, True]","[0.0, 0.1]",2,3,1,gelu,True,True,attention,320,48,AdamW,,2e-05,1e-05,L2,128,0.07656,2.00225,0.43182,0.35463,"[0.56522, 0.15385, 0.34483]",0.43182,0.35463,"[0.56522, 0.15385, 0.34483]",97,0.07656,2.00225,97,COMPLETED,12.034
1564,20251205_144938,gaitgl_GREW.csv,Preset_v2_29,TCN,42,"[512, 512]","[1, 2]","[True, True]","[0.0, 0.1]",2,3,1,gelu,True,True,attention,320,48,AdamW,,2e-05,1e-05,L2,256,0.08975,2.3644,0.31818,0.29183,"[0.4186, 0.25, 0.2069]",0.36364,0.34694,"[0.43902, 0.30769, 0.29412]",67,0.13474,2.10804,78,COMPLETED,10.551
1565,20251205_144938,gaitgl_GREW_BNNeck.csv,Preset_v2_29,TCN,42,"[512, 512]","[1, 2]","[True, True]","[0.0, 0.1]",2,3,1,gelu,True,True,attention,320,48,AdamW,,2e-05,1e-05,L2,256,0.07773,2.15077,0.45455,0.40075,"[0.56522, 0.26667, 0.37037]",0.47727,0.42434,"[0.57778, 0.26667, 0.42857]",104,0.1053,1.91617,111,COMPLETED,15.424
1566,20251205_144938,gaitgl_OUMVLP.csv,Preset_v2_29,TCN,42,"[512, 512]","[1, 2]","[True, True]","[0.0, 0.1]",2,3,1,gelu,True,True,attention,320,48,AdamW,,2e-05,1e-05,L2,256,0.07572,2.02797,0.43182,0.38682,"[0.58537, 0.19048, 0.38462]",0.5,0.47386,"[0.5, 0.33333, 0.58824]",128,0.08092,2.0688,130,COMPLETED,17.089
1567,20251205_144938,gaitpart_GREW.csv,Preset_v2_29,TCN,42,"[512, 512]","[1, 2]","[True, True]","[0.0, 0.1]",2,3,1,gelu,True,True,attention,320,48,AdamW,,2e-05,1e-05,L2,256,0.07168,1.78243,0.59091,0.53898,"[0.69388, 0.46154, 0.46154]",0.61364,0.59402,"[0.66667, 0.61538, 0.5]",87,0.2163,1.40129,111,COMPLETED,8.801
1568,20251205_144938,gaitpart_OUMVLP.csv,Preset_v2_29,TCN,42,"[512, 512]","[1, 2]","[True, True]","[0.0, 0.1]",2,3,1,gelu,True,True,attention,320,48,AdamW,,2e-05,1e-05,L2,256,0.08935,1.61929,0.5,0.41394,"[0.63636, 0.15385, 0.45161]",0.52273,0.48333,"[0.65, 0.33333, 0.46667]",230,0.13986,1.58137,242,COMPLETED,18.481
1569,20251205_144938,gaitset.csv,Preset_v2_29,TCN,42,"[512, 512]","[1, 2]","[True, True]","[0.0, 0.1]",2,3,1,gelu,True,True,attention,320,48,AdamW,,2e-05,1e-05,L2,256,0.08597,2.85823,0.36364,0.25667,"[0.52, 0.0, 0.25]",0.54545,0.39453,"[0.57895, 0.0, 0.60465]",43,0.72475,1.12536,97,COMPLETED,9.189
1570,20251205_144938,gaitset_GREW.csv,Preset_v2_29,TCN,42,"[512, 512]","[1, 2]","[True, True]","[0.0, 0.1]",2,3,1,gelu,True,True,attention,320,48,AdamW,,2e-05,1e-05,L2,256,0.09169,2.82522,0.36364,0.34026,"[0.36364, 0.2, 0.45714]",0.47727,0.40556,"[0.5, 0.16667, 0.55]",89,0.24883,1.93862,116,COMPLETED,11.079
1571,20251205_144938,gaitset_OUMVLP.csv,Preset_v2_29,TCN,42,"[512, 512]","[1, 2]","[True, True]","[0.0, 0.1]",2,3,1,gelu,True,True,attention,320,48,AdamW,,2e-05,1e-05,L2,256,0.04756,2.88804,0.45455,0.38815,"[0.62222, 0.22222, 0.32]",0.56818,0.5037,"[0.66667, 0.44444, 0.4]",142,0.5028,1.34449,298,COMPLETED,27.879
1572,20251205_144938,gln_phase1.csv,Preset_v2_29,TCN,42,"[512, 512]","[1, 2]","[True, True]","[0.0, 0.1]",2,3,1,gelu,True,True,attention,320,48,AdamW,,2e-05,1e-05,L2,256,0.08323,1.75246,0.56818,0.5557,"[0.61538, 0.5, 0.55172]",0.63636,0.61821,"[0.71111, 0.625, 0.51852]",108,0.08675,1.81403,110,COMPLETED,12.676
1573,20251205_144938,gln_phase2.csv,Preset_v2_29,TCN,42,"[512, 512]","[1, 2]","[True, True]","[0.0, 0.1]",2,3,1,gelu,True,True,attention,320,48,AdamW,,2e-05,1e-05,L2,256,0.06033,1.70019,0.52273,0.47573,"[0.54054, 0.30769, 0.57895]",0.59091,0.55626,"[0.63415, 0.42857, 0.60606]",94,0.10286,1.48467,101,COMPLETED,11.446

1574,20251205_145257,baseline_CASIAB.csv,Preset_v2_30,TCN,42,"[640, 384]","[1, 2]","[True, True]","[0.1, 0.1]",2,5,2,mish,True,True,max,256,40,Adam,,3e-05,1e-05,minmax,256,0.08738,1.75074,0.43182,0.31111,"[0.53333, 0.0, 0.4]",0.59091,0.40979,"[0.69091, 0.0, 0.53846]",38,0.41431,1.30179,57,COMPLETED,7.623
1575,20251205_145257,baseline_OUMVLP.csv,Preset_v2_30,TCN,42,"[640, 384]","[1, 2]","[True, True]","[0.1, 0.1]",2,5,2,mish,True,True,max,256,40,Adam,,3e-05,1e-05,minmax,256,0.04502,1.44417,0.52273,0.47552,"[0.51282, 0.26667, 0.64706]",0.56818,0.52536,"[0.60465, 0.4, 0.57143]",69,0.2313,1.32394,87,COMPLETED,11.471
1576,20251205_145257,gaitgl.csv,Preset_v2_30,TCN,42,"[640, 384]","[1, 2]","[True, True]","[0.1, 0.1]",2,5,2,mish,True,True,max,256,40,Adam,,3e-05,1e-05,minmax,128,0.03919,2.01119,0.47727,0.34601,"[0.55319, 0.0, 0.48485]",0.43182,0.36558,"[0.375, 0.2, 0.52174]",29,0.38135,1.42236,38,COMPLETED,5.857
1577,20251205_145257,gaitgl_GREW.csv,Preset_v2_30,TCN,42,"[640, 384]","[1, 2]","[True, True]","[0.1, 0.1]",2,5,2,mish,True,True,max,256,40,Adam,,3e-05,1e-05,minmax,256,0.01175,1.52782,0.43182,0.31905,"[0.5, 0.0, 0.45714]",0.52273,0.44735,"[0.51429, 0.25, 0.57778]",25,0.1624,1.3698,33,COMPLETED,5.357
1578,20251205_145257,gaitgl_GREW_BNNeck.csv,Preset_v2_30,TCN,42,"[640, 384]","[1, 2]","[True, True]","[0.1, 0.1]",2,5,2,mish,True,True,max,256,40,Adam,,3e-05,1e-05,minmax,256,0.06293,2.27275,0.52273,0.38506,"[0.65517, 0.2, 0.3]",0.45455,0.43333,"[0.5, 0.33333, 0.46667]",78,0.06747,1.8455,79,COMPLETED,12.76
1579,20251205_145257,gaitgl_OUMVLP.csv,Preset_v2_30,TCN,42,"[640, 384]","[1, 2]","[True, True]","[0.1, 0.1]",2,5,2,mish,True,True,max,256,40,Adam,,3e-05,1e-05,minmax,256,0.0702,1.61039,0.52273,0.435,"[0.65116, 0.15385, 0.5]",0.52273,0.435,"[0.65116, 0.15385, 0.5]",109,0.0702,1.61039,109,COMPLETED,17.484
1580,20251205_145257,gaitpart_GREW.csv,Preset_v2_30,TCN,42,"[640, 384]","[1, 2]","[True, True]","[0.1, 0.1]",2,5,2,mish,True,True,max,256,40,Adam,,3e-05,1e-05,minmax,256,0.04452,1.60866,0.54545,0.48406,"[0.65217, 0.33333, 0.46667]",0.54545,0.48406,"[0.65217, 0.33333, 0.46667]",75,0.04452,1.60866,75,COMPLETED,9.26
1581,20251205_145257,gaitpart_OUMVLP.csv,Preset_v2_30,TCN,42,"[640, 384]","[1, 2]","[True, True]","[0.1, 0.1]",2,5,2,mish,True,True,max,256,40,Adam,,3e-05,1e-05,minmax,256,0.09574,1.56352,0.61364,0.45,"[0.65, 0.0, 0.7]",0.63636,0.59047,"[0.69767, 0.42857, 0.64516]",147,0.43493,1.12699,204,COMPLETED,24.847
1582,20251205_145257,gaitset.csv,Preset_v2_30,TCN,42,"[640, 384]","[1, 2]","[True, True]","[0.1, 0.1]",2,5,2,mish,True,True,max,256,40,Adam,,3e-05,1e-05,minmax,256,0.02409,1.93688,0.43182,0.31478,"[0.60377, 0.16667, 0.17391]",0.43182,0.39732,"[0.4375, 0.26667, 0.4878]",33,0.59131,1.2215,59,COMPLETED,9.528
1583,20251205_145257,gaitset_GREW.csv,Preset_v2_30,TCN,42,"[640, 384]","[1, 2]","[True, True]","[0.1, 0.1]",2,5,2,mish,True,True,max,256,40,Adam,,3e-05,1e-05,minmax,256,0.05277,1.65993,0.47727,0.40992,"[0.57143, 0.125, 0.53333]",0.59091,0.48984,"[0.66667, 0.22222, 0.58065]",61,0.08074,1.71904,63,COMPLETED,10.252
1584,20251205_145257,gaitset_OUMVLP.csv,Preset_v2_30,TCN,42,"[640, 384]","[1, 2]","[True, True]","[0.1, 0.1]",2,5,2,mish,True,True,max,256,40,Adam,,3e-05,1e-05,minmax,256,0.07314,1.8206,0.47727,0.42554,"[0.59091, 0.28571, 0.4]",0.56818,0.53135,"[0.61905, 0.375, 0.6]",164,0.39461,1.25981,264,COMPLETED,43.088
1585,20251205_145257,gln_phase1.csv,Preset_v2_30,TCN,42,"[640, 384]","[1, 2]","[True, True]","[0.1, 0.1]",2,5,2,mish,True,True,max,256,40,Adam,,3e-05,1e-05,minmax,256,0.06239,1.2235,0.61364,0.50963,"[0.68182, 0.2, 0.64706]",0.61364,0.50963,"[0.68182, 0.2, 0.64706]",66,0.06239,1.2235,66,COMPLETED,13.828
1586,20251205_145257,gln_phase2.csv,Preset_v2_30,TCN,42,"[640, 384]","[1, 2]","[True, True]","[0.1, 0.1]",2,5,2,mish,True,True,max,256,40,Adam,,3e-05,1e-05,minmax,256,0.02125,1.5046,0.52273,0.47963,"[0.55, 0.33333, 0.55556]",0.61364,0.58757,"[0.63415, 0.5, 0.62857]",64,0.14276,1.30551,82,COMPLETED,17.072

1587,20251205_145619,baseline_CASIAB.csv,Preset_v2_31,TCN,42,"[384, 512, 640]","[1, 2, 4]","[True, True, True]","[0.05, 0.1, 0.1]",3,3,2,gelu,True,True,attention,320,32,AdamW,,2e-05,1e-05,L2,256,0.05103,2.20864,0.43182,0.37436,"[0.46154, 0.2, 0.46154]",0.5,0.43154,"[0.48649, 0.25, 0.55814]",20,0.66031,1.18309,45,COMPLETED,8.995
1588,20251205_145619,baseline_OUMVLP.csv,Preset_v2_31,TCN,42,"[384, 512, 640]","[1, 2, 4]","[True, True, True]","[0.05, 0.1, 0.1]",3,3,2,gelu,True,True,attention,320,32,AdamW,,2e-05,1e-05,L2,256,0.04162,2.07563,0.5,0.42424,"[0.54545, 0.18182, 0.54545]",0.54545,0.49725,"[0.57778, 0.33333, 0.58065]",31,0.48961,1.20613,66,COMPLETED,12.533
1589,20251205_145619,gaitgl.csv,Preset_v2_31,TCN,42,"[384, 512, 640]","[1, 2, 4]","[True, True, True]","[0.05, 0.1, 0.1]",3,3,2,gelu,True,True,attention,320,32,AdamW,,2e-05,1e-05,L2,128,0.05084,3.08619,0.36364,0.27651,"[0.53061, 0.125, 0.17391]",0.38636,0.29506,"[0.51852, 0.2, 0.16667]",24,0.24248,2.17592,34,COMPLETED,7.238
1590,20251205_145619,gaitgl_GREW.csv,Preset_v2_31,TCN,42,"[384, 512, 640]","[1, 2, 4]","[True, True, True]","[0.05, 0.1, 0.1]",3,3,2,gelu,True,True,attention,320,32,AdamW,,2e-05,1e-05,L2,256,0.04243,2.24553,0.5,0.42571,"[0.53659, 0.2, 0.54054]",0.52273,0.48373,"[0.55814, 0.36364, 0.52941]",32,0.05116,2.20238,33,COMPLETED,7.276
1591,20251205_145619,gaitgl_GREW_BNNeck.csv,Preset_v2_31,TCN,42,"[384, 512, 640]","[1, 2, 4]","[True, True, True]","[0.05, 0.1, 0.1]",3,3,2,gelu,True,True,attention,320,32,AdamW,,2e-05,1e-05,L2,256,0.07333,2.11489,0.45455,0.3596,"[0.54545, 0.0, 0.53333]",0.52273,0.46883,"[0.60465, 0.28571, 0.51613]",41,0.12175,1.77565,48,COMPLETED,10.522
1592,20251205_145619,gaitgl_OUMVLP.csv,Preset_v2_31,TCN,42,"[384, 512, 640]","[1, 2, 4]","[True, True, True]","[0.05, 0.1, 0.1]",3,3,2,gelu,True,True,attention,320,32,AdamW,,2e-05,1e-05,L2,256,0.05007,1.69817,0.5,0.357,"[0.58824, 0.0, 0.48276]",0.56818,0.41667,"[0.625, 0.0, 0.625]",33,0.27855,1.20965,48,COMPLETED,11.497
1593,20251205_145619,gaitpart_GREW.csv,Preset_v2_31,TCN,42,"[384, 512, 640]","[1, 2, 4]","[True, True, True]","[0.05, 0.1, 0.1]",3,3,2,gelu,True,True,attention,320,32,AdamW,,2e-05,1e-05,L2,256,0.03631,2.58701,0.5,0.43961,"[0.65217, 0.33333, 0.33333]",0.59091,0.54291,"[0.63415, 0.4, 0.59459]",42,0.29438,1.30281,79,COMPLETED,14.758
1594,20251205_145619,gaitpart_OUMVLP.csv,Preset_v2_31,TCN,42,"[384, 512, 640]","[1, 2, 4]","[True, True, True]","[0.05, 0.1, 0.1]",3,3,2,gelu,True,True,attention,320,32,AdamW,,2e-05,1e-05,L2,256,0.09268,1.6627,0.52273,0.47028,"[0.61538, 0.25, 0.54545]",0.61364,0.56931,"[0.68293, 0.4, 0.625]",98,0.09472,1.56969,102,COMPLETED,18.706
1595,20251205_145619,gaitset.csv,Preset_v2_31,TCN,42,"[384, 512, 640]","[1, 2, 4]","[True, True, True]","[0.05, 0.1, 0.1]",3,3,2,gelu,True,True,attention,320,32,AdamW,,2e-05,1e-05,L2,256,0.07402,3.37663,0.45455,0.27778,"[0.64286, 0.0, 0.19048]",0.52273,0.36372,"[0.62963, 0.0, 0.46154]",21,0.54756,1.41751,52,COMPLETED,11.189
1596,20251205_145619,gaitset_GREW.csv,Preset_v2_31,TCN,42,"[384, 512, 640]","[1, 2, 4]","[True, True, True]","[0.05, 0.1, 0.1]",3,3,2,gelu,True,True,attention,320,32,AdamW,,2e-05,1e-05,L2,256,0.06275,2.93408,0.27273,0.21047,"[0.44444, 0.1, 0.08696]",0.38636,0.35016,"[0.48889, 0.28571, 0.27586]",35,0.40569,1.55411,58,COMPLETED,12.558
1597,20251205_145619,gaitset_OUMVLP.csv,Preset_v2_31,TCN,42,"[384, 512, 640]","[1, 2, 4]","[True, True, True]","[0.05, 0.1, 0.1]",3,3,2,gelu,True,True,attention,320,32,AdamW,,2e-05,1e-05,L2,256,0.09952,2.08558,0.47727,0.39949,"[0.63636, 0.11765, 0.44444]",0.63636,0.54614,"[0.7451, 0.33333, 0.56]",93,0.16214,1.65945,130,COMPLETED,27.827
1598,20251205_145619,gln_phase1.csv,Preset_v2_31,TCN,42,"[384, 512, 640]","[1, 2, 4]","[True, True, True]","[0.05, 0.1, 0.1]",3,3,2,gelu,True,True,attention,320,32,AdamW,,2e-05,1e-05,L2,256,0.0651,1.77191,0.45455,0.39257,"[0.53659, 0.125, 0.51613]",0.47727,0.43574,"[0.54054, 0.26667, 0.5]",49,0.072,1.72432,50,COMPLETED,12.604
1599,20251205_145619,gln_phase2.csv,Preset_v2_31,TCN,42,"[384, 512, 640]","[1, 2, 4]","[True, True, True]","[0.05, 0.1, 0.1]",3,3,2,gelu,True,True,attention,320,32,AdamW,,2e-05,1e-05,L2,256,0.03293,2.01889,0.52273,0.475,"[0.625, 0.4, 0.4]",0.59091,0.56554,"[0.65116, 0.5, 0.54545]",41,0.07391,1.85915,49,COMPLETED,12.397

1600,20251205_145921,baseline_CASIAB.csv,Preset_v2_32,TCN,42,"[256, 384, 512, 640]","[1, 2, 4, 8]","[True, True, True, True]","[0.0, 0.1, 0.1, 0.1]",4,3,1,hardswish,True,True,mean,384,32,AdamW,,2e-05,1e-05,L2,256,0.07007,1.57616,0.56818,0.46667,"[0.66667, 0.2, 0.53333]",0.59091,0.48465,"[0.68, 0.22222, 0.55172]",64,0.16947,1.44708,74,COMPLETED,12.117
1601,20251205_145921,baseline_OUMVLP.csv,Preset_v2_32,TCN,42,"[256, 384, 512, 640]","[1, 2, 4, 8]","[True, True, True, True]","[0.0, 0.1, 0.1, 0.1]",4,3,1,hardswish,True,True,mean,384,32,AdamW,,2e-05,1e-05,L2,256,0.07858,2.03107,0.52273,0.44156,"[0.57143, 0.18182, 0.57143]",0.54545,0.49899,"[0.51429, 0.36364, 0.61905]",57,0.51433,1.3653,97,COMPLETED,15.71
1602,20251205_145921,gaitgl.csv,Preset_v2_32,TCN,42,"[256, 384, 512, 640]","[1, 2, 4, 8]","[True, True, True, True]","[0.0, 0.1, 0.1, 0.1]",4,3,1,hardswish,True,True,mean,384,32,AdamW,,2e-05,1e-05,L2,128,0.04922,1.80365,0.40909,0.2656,"[0.56604, 0.0, 0.23077]",0.43182,0.3643,"[0.55814, 0.18182, 0.35294]",71,0.05345,1.69116,73,COMPLETED,12.064
1603,20251205_145921,gaitgl_GREW.csv,Preset_v2_32,TCN,42,"[256, 384, 512, 640]","[1, 2, 4, 8]","[True, True, True, True]","[0.0, 0.1, 0.1, 0.1]",4,3,1,hardswish,True,True,mean,384,32,AdamW,,2e-05,1e-05,L2,256,0.0612,1.17729,0.56818,0.40186,"[0.65385, 0.0, 0.55172]",0.56818,0.55185,"[0.6, 0.5, 0.55556]",54,0.29468,1.03135,67,COMPLETED,11.829
1604,20251205_145921,gaitgl_GREW_BNNeck.csv,Preset_v2_32,TCN,42,"[256, 384, 512, 640]","[1, 2, 4, 8]","[True, True, True, True]","[0.0, 0.1, 0.1, 0.1]",4,3,1,hardswish,True,True,mean,384,32,AdamW,,2e-05,1e-05,L2,256,0.03727,1.78577,0.47727,0.40404,"[0.54545, 0.16667, 0.5]",0.52273,0.43729,"[0.59574, 0.2, 0.51613]",57,0.34533,1.21835,88,COMPLETED,15.754
1605,20251205_145921,gaitgl_OUMVLP.csv,Preset_v2_32,TCN,42,"[256, 384, 512, 640]","[1, 2, 4, 8]","[True, True, True, True]","[0.0, 0.1, 0.1, 0.1]",4,3,1,hardswish,True,True,mean,384,32,AdamW,,2e-05,1e-05,L2,256,0.09037,1.50949,0.47727,0.34111,"[0.59091, 0.0, 0.43243]",0.56818,0.48531,"[0.69231, 0.36364, 0.4]",100,0.24252,1.32863,125,COMPLETED,23.36
1606,20251205_145921,gaitpart_GREW.csv,Preset_v2_32,TCN,42,"[256, 384, 512, 640]","[1, 2, 4, 8]","[True, True, True, True]","[0.0, 0.1, 0.1, 0.1]",4,3,1,hardswish,True,True,mean,384,32,AdamW,,2e-05,1e-05,L2,256,0.05572,1.82577,0.54545,0.48774,"[0.65385, 0.46154, 0.34783]",0.52273,0.49216,"[0.68421, 0.34783, 0.44444]",81,0.09808,1.586,88,COMPLETED,15.278
1607,20251205_145921,gaitpart_OUMVLP.csv,Preset_v2_32,TCN,42,"[256, 384, 512, 640]","[1, 2, 4, 8]","[True, True, True, True]","[0.0, 0.1, 0.1, 0.1]",4,3,1,hardswish,True,True,mean,384,32,AdamW,,2e-05,1e-05,L2,256,0.05221,1.47591,0.59091,0.52083,"[0.71429, 0.28571, 0.5625]",0.61364,0.5825,"[0.69565, 0.53333, 0.51852]",126,0.15364,1.45362,146,COMPLETED,24.984
1608,20251205_145921,gaitset.csv,Preset_v2_32,TCN,42,"[256, 384, 512, 640]","[1, 2, 4, 8]","[True, True, True, True]","[0.0, 0.1, 0.1, 0.1]",4,3,1,hardswish,True,True,mean,384,32,AdamW,,2e-05,1e-05,L2,256,0.08716,2.30349,0.40909,0.3,"[0.5, 0.0, 0.4]",0.5,0.35714,"[0.57143, 0.0, 0.5]",40,0.72216,1.15564,85,COMPLETED,15.634
1609,20251205_145921,gaitset_GREW.csv,Preset_v2_32,TCN,42,"[256, 384, 512, 640]","[1, 2, 4, 8]","[True, True, True, True]","[0.0, 0.1, 0.1, 0.1]",4,3,1,hardswish,True,True,mean,384,32,AdamW,,2e-05,1e-05,L2,256,0.0726,1.53086,0.47727,0.38406,"[0.65217, 0.14286, 0.35714]",0.54545,0.46649,"[0.5641, 0.25, 0.58537]",69,0.38077,1.18511,99,COMPLETED,18.183
1610,20251205_145921,gaitset_OUMVLP.csv,Preset_v2_32,TCN,42,"[256, 384, 512, 640]","[1, 2, 4, 8]","[True, True, True, True]","[0.0, 0.1, 0.1, 0.1]",4,3,1,hardswish,True,True,mean,384,32,AdamW,,2e-05,1e-05,L2,256,0.08866,1.44118,0.54545,0.48629,"[0.65116, 0.30769, 0.5]",0.56818,0.54236,"[0.65306, 0.54545, 0.42857]",118,0.58215,1.13044,195,COMPLETED,35.553
1611,20251205_145921,gln_phase1.csv,Preset_v2_32,TCN,42,"[256, 384, 512, 640]","[1, 2, 4, 8]","[True, True, True, True]","[0.0, 0.1, 0.1, 0.1]",4,3,1,hardswish,True,True,mean,384,32,AdamW,,2e-05,1e-05,L2,256,0.05043,2.03076,0.54545,0.51242,"[0.6087, 0.42857, 0.5]",0.54545,0.52914,"[0.60465, 0.5, 0.48276]",93,0.18619,1.52404,123,COMPLETED,25.689
1612,20251205_145921,gln_phase2.csv,Preset_v2_32,TCN,42,"[256, 384, 512, 640]","[1, 2, 4, 8]","[True, True, True, True]","[0.0, 0.1, 0.1, 0.1]",4,3,1,hardswish,True,True,mean,384,32,AdamW,,2e-05,1e-05,L2,256,0.07419,1.53619,0.56818,0.51093,"[0.61905, 0.30769, 0.60606]",0.59091,0.57407,"[0.55556, 0.5, 0.66667]",93,0.13289,1.49484,100,COMPLETED,21.051

1613,20251205_150343,baseline_CASIAB.csv,Preset_v2_33,TCN,42,"[768, 896]","[3, 9]","[True, True]","[0.2, 0.1]",2,9,1,silu,True,True,max,512,24,Adam,,3e-05,1e-05,L2,256,0.02483,1.50597,0.52273,0.4407,"[0.57778, 0.18182, 0.5625]",0.54545,0.45551,"[0.62222, 0.18182, 0.5625]",28,0.04967,1.3927,30,COMPLETED,7.426
1614,20251205_150343,baseline_OUMVLP.csv,Preset_v2_33,TCN,42,"[768, 896]","[3, 9]","[True, True]","[0.2, 0.1]",2,9,1,silu,True,True,max,512,24,Adam,,3e-05,1e-05,L2,256,0.07594,2.21742,0.47727,0.43744,"[0.34483, 0.33333, 0.63415]",0.59091,0.5019,"[0.72, 0.28571, 0.5]",36,0.1418,1.56291,42,COMPLETED,10.323
1615,20251205_150343,gaitgl.csv,Preset_v2_33,TCN,42,"[768, 896]","[3, 9]","[True, True]","[0.2, 0.1]",2,9,1,silu,True,True,max,512,24,Adam,,3e-05,1e-05,L2,128,0.02455,1.27808,0.36364,0.23563,"[0.5, 0.0, 0.2069]",0.45455,0.43735,"[0.51282, 0.375, 0.42424]",10,0.09781,1.15138,14,COMPLETED,4.03
1616,20251205_150343,gaitgl_GREW.csv,Preset_v2_33,TCN,42,"[768, 896]","[3, 9]","[True, True]","[0.2, 0.1]",2,9,1,silu,True,True,max,512,24,Adam,,3e-05,1e-05,L2,256,0.0186,1.08488,0.54545,0.38924,"[0.6383, 0.0, 0.52941]",0.47727,0.43556,"[0.62222, 0.44444, 0.24]",4,0.63188,1.08004,14,COMPLETED,4.1
1617,20251205_150343,gaitgl_GREW_BNNeck.csv,Preset_v2_33,TCN,42,"[768, 896]","[3, 9]","[True, True]","[0.2, 0.1]",2,9,1,silu,True,True,max,512,24,Adam,,3e-05,1e-05,L2,256,0.00785,1.58978,0.45455,0.38641,"[0.52174, 0.2, 0.4375]",0.56818,0.45048,"[0.66667, 0.25, 0.43478]",21,0.06368,1.55084,31,COMPLETED,9.102
1618,20251205_150343,gaitgl_OUMVLP.csv,Preset_v2_33,TCN,42,"[768, 896]","[3, 9]","[True, True]","[0.2, 0.1]",2,9,1,silu,True,True,max,512,24,Adam,,3e-05,1e-05,L2,256,0.05745,1.58696,0.54545,0.37818,"[0.65455, 0.0, 0.48]",0.52273,0.48468,"[0.5641, 0.36364, 0.52632]",24,0.51614,1.12338,45,COMPLETED,13.094
1619,20251205_150343,gaitpart_GREW.csv,Preset_v2_33,TCN,42,"[768, 896]","[3, 9]","[True, True]","[0.2, 0.1]",2,9,1,silu,True,True,max,512,24,Adam,,3e-05,1e-05,L2,256,0.09406,1.64659,0.45455,0.38989,"[0.52632, 0.18182, 0.46154]",0.54545,0.52294,"[0.68421, 0.5, 0.38462]",46,0.06635,1.70779,48,COMPLETED,10.79
1620,20251205_150343,gaitpart_OUMVLP.csv,Preset_v2_33,TCN,42,"[768, 896]","[3, 9]","[True, True]","[0.2, 0.1]",2,9,1,silu,True,True,max,512,24,Adam,,3e-05,1e-05,L2,256,0.05664,2.07498,0.52273,0.46212,"[0.63636, 0.25, 0.5]",0.61364,0.54553,"[0.68421, 0.28571, 0.66667]",155,0.09468,2.00698,159,COMPLETED,35.112
1621,20251205_150343,gaitset.csv,Preset_v2_33,TCN,42,"[768, 896]","[3, 9]","[True, True]","[0.2, 0.1]",2,9,1,silu,True,True,max,512,24,Adam,,3e-05,1e-05,L2,256,0.0271,1.76241,0.40909,0.2619,"[0.53571, 0.0, 0.25]",0.45455,0.37626,"[0.6383, 0.19048, 0.3]",9,0.57566,1.3541,23,COMPLETED,6.698
1622,20251205_150343,gaitset_GREW.csv,Preset_v2_33,TCN,42,"[768, 896]","[3, 9]","[True, True]","[0.2, 0.1]",2,9,1,silu,True,True,max,512,24,Adam,,3e-05,1e-05,L2,256,0.02009,1.43415,0.54545,0.39921,"[0.65217, 0.0, 0.54545]",0.52273,0.43838,"[0.61905, 0.18182, 0.51429]",32,0.11,1.28671,37,COMPLETED,10.688
1623,20251205_150343,gaitset_OUMVLP.csv,Preset_v2_33,TCN,42,"[768, 896]","[3, 9]","[True, True]","[0.2, 0.1]",2,9,1,silu,True,True,max,512,24,Adam,,3e-05,1e-05,L2,256,0.07629,2.20915,0.52273,0.46666,"[0.59574, 0.28571, 0.51852]",0.59091,0.55039,"[0.65116, 0.4, 0.6]",164,0.07252,1.79462,180,COMPLETED,51.873
1624,20251205_150343,gln_phase1.csv,Preset_v2_33,TCN,42,"[768, 896]","[3, 9]","[True, True]","[0.2, 0.1]",2,9,1,silu,True,True,max,512,24,Adam,,3e-05,1e-05,L2,256,0.03854,1.27745,0.54545,0.37778,"[0.66667, 0.0, 0.46667]",0.59091,0.48667,"[0.69388, 0.25, 0.51613]",22,0.04688,1.14048,23,COMPLETED,8.354
1625,20251205_150343,gln_phase2.csv,Preset_v2_33,TCN,42,"[768, 896]","[3, 9]","[True, True]","[0.2, 0.1]",2,9,1,silu,True,True,max,512,24,Adam,,3e-05,1e-05,L2,256,0.02845,1.19263,0.54545,0.44667,"[0.64, 0.2, 0.5]",0.56818,0.56407,"[0.60465, 0.57143, 0.51613]",24,0.02962,1.12764,25,COMPLETED,9.108

1626,20251205_150659,baseline_CASIAB.csv,Preset_v2_34,TCN,42,"[320, 448, 576]","[1, 3, 5]","[True, True, True]","[0.0, 0.1, 0.2]",3,3,3,gelu,True,False,attention,256,56,AdamW,,2e-05,1e-06,minmax,256,0.08465,3.119,0.43182,0.37836,"[0.54167, 0.28571, 0.30769]",0.43182,0.38189,"[0.54167, 0.30769, 0.2963]",107,0.20224,2.31053,133,COMPLETED,18.974
1627,20251205_150659,baseline_OUMVLP.csv,Preset_v2_34,TCN,42,"[320, 448, 576]","[1, 3, 5]","[True, True, True]","[0.0, 0.1, 0.2]",3,3,3,gelu,True,False,attention,256,56,AdamW,,2e-05,1e-06,minmax,256,0.07922,2.70134,0.40909,0.37742,"[0.4878, 0.2, 0.44444]",0.5,0.45141,"[0.57143, 0.26667, 0.51613]",128,0.21647,2.06224,165,COMPLETED,23.63
1628,20251205_150659,gaitgl.csv,Preset_v2_34,TCN,42,"[320, 448, 576]","[1, 3, 5]","[True, True, True]","[0.0, 0.1, 0.2]",3,3,3,gelu,True,False,attention,256,56,AdamW,,2e-05,1e-06,minmax,128,0.07079,2.4876,0.43182,0.37184,"[0.4878, 0.14286, 0.48485]",0.47727,0.40585,"[0.53659, 0.16667, 0.51429]",96,0.13034,2.28762,108,COMPLETED,17.901
1629,20251205_150659,gaitgl_GREW.csv,Preset_v2_34,TCN,42,"[320, 448, 576]","[1, 3, 5]","[True, True, True]","[0.0, 0.1, 0.2]",3,3,3,gelu,True,False,attention,256,56,AdamW,,2e-05,1e-06,minmax,256,0.07189,1.86315,0.54545,0.45917,"[0.5641, 0.18182, 0.63158]",0.54545,0.45943,"[0.58537, 0.18182, 0.61111]",81,0.20411,1.52719,99,COMPLETED,17.519
1630,20251205_150659,gaitgl_GREW_BNNeck.csv,Preset_v2_34,TCN,42,"[320, 448, 576]","[1, 3, 5]","[True, True, True]","[0.0, 0.1, 0.2]",3,3,3,gelu,True,False,attention,256,56,AdamW,,2e-05,1e-06,minmax,256,0.08667,3.45691,0.45455,0.34058,"[0.52174, 0.0, 0.5]",0.5,0.42626,"[0.53333, 0.2, 0.54545]",131,0.2976,2.3921,196,COMPLETED,34.463
1631,20251205_150659,gaitgl_OUMVLP.csv,Preset_v2_34,TCN,42,"[320, 448, 576]","[1, 3, 5]","[True, True, True]","[0.0, 0.1, 0.2]",3,3,3,gelu,True,False,attention,256,56,AdamW,,2e-05,1e-06,minmax,256,0.08385,2.79879,0.43182,0.32577,"[0.51064, 0.0, 0.46667]",0.47727,0.43571,"[0.52381, 0.25, 0.53333]",189,0.20559,1.99608,224,COMPLETED,39.23
1632,20251205_150659,gaitpart_GREW.csv,Preset_v2_34,TCN,42,"[320, 448, 576]","[1, 3, 5]","[True, True, True]","[0.0, 0.1, 0.2]",3,3,3,gelu,True,False,attention,256,56,AdamW,,2e-05,1e-06,minmax,256,0.07785,2.65903,0.52273,0.45265,"[0.64, 0.33333, 0.38462]",0.56818,0.51425,"[0.65385, 0.44444, 0.44444]",106,0.22416,1.85675,141,COMPLETED,18.673
1633,20251205_150659,gaitpart_OUMVLP.csv,Preset_v2_34,TCN,42,"[320, 448, 576]","[1, 3, 5]","[True, True, True]","[0.0, 0.1, 0.2]",3,3,3,gelu,True,False,attention,256,56,AdamW,,2e-05,1e-06,minmax,256,0.07815,2.1547,0.52273,0.49014,"[0.58537, 0.33333, 0.55172]",0.61364,0.60404,"[0.54545, 0.6, 0.66667]",284,0.29601,1.88563,357,COMPLETED,47.85
1634,20251205_150659,gaitset.csv,Preset_v2_34,TCN,42,"[320, 448, 576]","[1, 3, 5]","[True, True, True]","[0.0, 0.1, 0.2]",3,3,3,gelu,True,False,attention,256,56,AdamW,,2e-05,1e-06,minmax,256,0.06393,2.57318,0.38636,0.36516,"[0.38889, 0.19048, 0.51613]",0.56818,0.47756,"[0.62222, 0.22222, 0.58824]",78,0.38411,1.42461,128,COMPLETED,22.304
1635,20251205_150659,gaitset_GREW.csv,Preset_v2_34,TCN,42,"[320, 448, 576]","[1, 3, 5]","[True, True, True]","[0.0, 0.1, 0.2]",3,3,3,gelu,True,False,attention,256,56,AdamW,,2e-05,1e-06,minmax,256,0.07721,2.51813,0.47727,0.42323,"[0.63636, 0.3, 0.33333]",0.52273,0.47486,"[0.57143, 0.30769, 0.54545]",125,0.30348,1.75899,164,COMPLETED,31.386
1636,20251205_150659,gaitset_OUMVLP.csv,Preset_v2_34,TCN,42,"[320, 448, 576]","[1, 3, 5]","[True, True, True]","[0.0, 0.1, 0.2]",3,3,3,gelu,True,False,attention,256,56,AdamW,,2e-05,1e-06,minmax,256,0.09448,2.33141,0.45455,0.3428,"[0.59091, 0.0, 0.4375]",0.52273,0.44074,"[0.55556, 0.16667, 0.6]",191,0.53668,1.19861,327,COMPLETED,70.018
1637,20251205_150659,gln_phase1.csv,Preset_v2_34,TCN,42,"[320, 448, 576]","[1, 3, 5]","[True, True, True]","[0.0, 0.1, 0.2]",3,3,3,gelu,True,False,attention,256,56,AdamW,,2e-05,1e-06,minmax,256,0.09771,2.56961,0.38636,0.30873,"[0.57778, 0.11765, 0.23077]",0.5,0.45691,"[0.59574, 0.375, 0.4]",119,0.23082,2.094,144,COMPLETED,40.566
1638,20251205_150659,gln_phase2.csv,Preset_v2_34,TCN,42,"[320, 448, 576]","[1, 3, 5]","[True, True, True]","[0.0, 0.1, 0.2]",3,3,3,gelu,True,False,attention,256,56,AdamW,,2e-05,1e-06,minmax,256,0.07617,1.69404,0.47727,0.39211,"[0.6087, 0.15385, 0.41379]",0.65909,0.60699,"[0.77551, 0.54545, 0.5]",138,0.13624,1.45979,155,COMPLETED,43.693
