id,timestamp,target_embedding,top_variant,source_params,model,seed,input_dim,channels,dilations,kernel_size,convs_per_block,activation,use_weight_norm,wn_on_skip,ln_block_end,pooling,fc_hidden,norm,dropout,batch_size,optimizer,momentum_sgd,learning_rate,weight_decay,class_weights,label_smoothing,clip_grad_norm,train_loss,test_loss,accuracy,f1_macro,f1_per_class,epochs_trained,train_loss_best_state,test_loss_best_state,best_accuracy,best_f1,best_f1_per_class,best_epoch,training,duration_sec
27,20260103_183422,baseline_CASIAB_TOP70.csv,70%,Preset_1,TCN,42,256,"[896, 768, 640]","[3, 6, 9]",2,2,leakyrelu,False,False,"[False, True, True]",attention,64.0,minmax,"[0.0, 0.0, 0.0]",96,Adam,,1e-05,2e-06,[0.68794326 2.1920904  0.91725768],0.02,1.0,0.12517,1.75108,0.47727,0.35714,"[0.57143, 0.0, 0.5]",458,0.46337,1.17874,0.59091,0.43223,"[0.65385, 0.0, 0.64286]",155,COMPLETED,52.898
28,20260103_183422,baseline_OUMVLP_TOP70.csv,70%,Preset_1,TCN,42,256,"[896, 768, 640]","[3, 6, 9]",2,2,leakyrelu,False,False,"[False, True, True]",attention,64.0,minmax,"[0.0, 0.0, 0.0]",96,Adam,,1e-05,2e-06,[0.68794326 2.1920904  0.91725768],0.02,1.0,0.13881,1.33293,0.47727,0.43582,"[0.52174, 0.28571, 0.5]",415,0.32768,1.17637,0.59091,0.53687,"[0.61538, 0.36364, 0.63158]",234,COMPLETED,47.696
29,20260103_183422,gaitgl_TOP70.csv,70%,Preset_1,TCN,42,128,"[896, 768, 640]","[3, 6, 9]",2,2,leakyrelu,False,False,"[False, True, True]",attention,64.0,minmax,"[0.0, 0.0, 0.0]",96,Adam,,1e-05,2e-06,[0.68794326 2.1920904  0.91725768],0.02,1.0,0.1298,1.55315,0.43182,0.32089,"[0.47619, 0.0, 0.48649]",182,0.19456,1.42214,0.54545,0.47394,"[0.64151, 0.36364, 0.41667]",150,COMPLETED,29.843
30,20260103_183422,gaitgl_GREW_TOP70.csv,70%,Preset_1,TCN,42,256,"[896, 768, 640]","[3, 6, 9]",2,2,leakyrelu,False,False,"[False, True, True]",attention,64.0,minmax,"[0.0, 0.0, 0.0]",96,Adam,,1e-05,2e-06,[0.68794326 2.1920904  0.91725768],0.02,1.0,0.13016,1.36941,0.43182,0.40317,"[0.53659, 0.31579, 0.35714]",176,0.68219,1.05731,0.56818,0.47547,"[0.65, 0.18182, 0.59459]",78,COMPLETED,30.195
31,20260103_183422,gaitgl_GREW_BNNeck_TOP70.csv,70%,Preset_1,TCN,42,256,"[896, 768, 640]","[3, 6, 9]",2,2,leakyrelu,False,False,"[False, True, True]",attention,64.0,minmax,"[0.0, 0.0, 0.0]",96,Adam,,1e-05,2e-06,[0.68794326 2.1920904  0.91725768],0.02,1.0,0.13316,1.56238,0.45455,0.40034,"[0.56, 0.33333, 0.30769]",393,0.14983,1.39749,0.54545,0.49757,"[0.59574, 0.36364, 0.53333]",371,COMPLETED,67.379
32,20260103_183422,gaitgl_OUMVLP_TOP70.csv,70%,Preset_1,TCN,42,256,"[896, 768, 640]","[3, 6, 9]",2,2,leakyrelu,False,False,"[False, True, True]",attention,64.0,minmax,"[0.0, 0.0, 0.0]",96,Adam,,1e-05,2e-06,[0.68794326 2.1920904  0.91725768],0.02,1.0,0.13266,2.55728,0.34091,0.29512,"[0.34483, 0.0, 0.54054]",696,0.29499,1.79708,0.54545,0.4391,"[0.63158, 0.0, 0.68571]",426,COMPLETED,119.027
33,20260103_183422,gaitpart_GREW_TOP70.csv,70%,Preset_1,TCN,42,256,"[896, 768, 640]","[3, 6, 9]",2,2,leakyrelu,False,False,"[False, True, True]",attention,64.0,minmax,"[0.0, 0.0, 0.0]",96,Adam,,1e-05,2e-06,[0.68794326 2.1920904  0.91725768],0.02,1.0,0.1266,1.81172,0.52273,0.37699,"[0.60465, 0.0, 0.52632]",440,0.56445,1.64335,0.43182,0.43338,"[0.375, 0.45455, 0.47059]",202,COMPLETED,44.935
34,20260103_183422,gaitpart_OUMVLP_TOP70.csv,70%,Preset_1,TCN,42,256,"[896, 768, 640]","[3, 6, 9]",2,2,leakyrelu,False,False,"[False, True, True]",attention,64.0,minmax,"[0.0, 0.0, 0.0]",96,Adam,,1e-05,2e-06,[0.68794326 2.1920904  0.91725768],0.02,1.0,0.13505,1.82856,0.52273,0.47673,"[0.68293, 0.28571, 0.46154]",1027,0.3546,1.49482,0.65909,0.62917,"[0.7, 0.5, 0.6875]",611,COMPLETED,107.14
35,20260103_183422,gaitset_TOP70.csv,70%,Preset_1,TCN,42,256,"[896, 768, 640]","[3, 6, 9]",2,2,leakyrelu,False,False,"[False, True, True]",attention,64.0,minmax,"[0.0, 0.0, 0.0]",96,Adam,,1e-05,2e-06,[0.68794326 2.1920904  0.91725768],0.02,1.0,0.12991,1.37722,0.43182,0.3694,"[0.48889, 0.18182, 0.4375]",289,0.67203,1.14603,0.5,0.52124,"[0.41176, 0.61538, 0.53659]",96,COMPLETED,48.256
36,20260103_183422,gaitset_GREW_TOP70.csv,70%,Preset_1,TCN,42,256,"[896, 768, 640]","[3, 6, 9]",2,2,leakyrelu,False,False,"[False, True, True]",attention,64.0,minmax,"[0.0, 0.0, 0.0]",96,Adam,,1e-05,2e-06,[0.68794326 2.1920904  0.91725768],0.02,1.0,0.12145,1.80546,0.40909,0.30688,"[0.47619, 0.0, 0.44444]",368,0.61888,1.17074,0.52273,0.47756,"[0.65116, 0.35294, 0.42857]",107,COMPLETED,61.853
37,20260103_183422,gaitset_OUMVLP_TOP70.csv,70%,Preset_1,TCN,42,256,"[896, 768, 640]","[3, 6, 9]",2,2,leakyrelu,False,False,"[False, True, True]",attention,64.0,minmax,"[0.0, 0.0, 0.0]",96,Adam,,1e-05,2e-06,[0.68794326 2.1920904  0.91725768],0.02,1.0,0.1365,1.43481,0.52273,0.38314,"[0.66667, 0.0, 0.48276]",816,0.52064,1.2543,0.54545,0.51154,"[0.71795, 0.41667, 0.4]",453,COMPLETED,137.52
38,20260103_183422,gln_phase1_TOP70.csv,70%,Preset_1,TCN,42,256,"[896, 768, 640]","[3, 6, 9]",2,2,leakyrelu,False,False,"[False, True, True]",attention,64.0,minmax,"[0.0, 0.0, 0.0]",96,Adam,,1e-05,2e-06,[0.68794326 2.1920904  0.91725768],0.02,1.0,0.1375,1.96424,0.43182,0.39907,"[0.53659, 0.30769, 0.35294]",615,0.39856,1.32742,0.54545,0.52512,"[0.6087, 0.5, 0.46667]",291,COMPLETED,130.693
39,20260103_183422,gln_phase2_TOP70.csv,70%,Preset_1,TCN,42,256,"[896, 768, 640]","[3, 6, 9]",2,2,leakyrelu,False,False,"[False, True, True]",attention,64.0,minmax,"[0.0, 0.0, 0.0]",96,Adam,,1e-05,2e-06,[0.68794326 2.1920904  0.91725768],0.02,1.0,0.13045,1.35399,0.52273,0.43859,"[0.6087, 0.22222, 0.48485]",420,0.25341,1.18076,0.61364,0.57006,"[0.63415, 0.44444, 0.63158]",273,COMPLETED,89.347
53,20260103_183422,baseline_CASIAB_TOP70.csv,70%,Preset_31,TCN,42,256,[256],[1],7,2,hardswish,False,False,[False],last,128.0,L2,[0.3],16,AdamW,,0.001,1e-06,[0.68794326 2.1920904  0.91725768],0.02,1.0,0.12649,2.58401,0.38636,0.36257,"[0.42105, 0.26667, 0.4]",86,0.24972,2.15783,0.5,0.49716,"[0.55814, 0.53333, 0.4]",55,COMPLETED,15.259
54,20260103_183422,baseline_OUMVLP_TOP70.csv,70%,Preset_31,TCN,42,256,[256],[1],7,2,hardswish,False,False,[False],last,128.0,L2,[0.3],16,AdamW,,0.001,1e-06,[0.68794326 2.1920904  0.91725768],0.02,1.0,0.12919,2.1934,0.40909,0.36821,"[0.38095, 0.25, 0.47368]",124,0.1942,2.27115,0.52273,0.49298,"[0.5, 0.4, 0.57895]",84,COMPLETED,21.524
55,20260103_183422,gaitgl_TOP70.csv,70%,Preset_31,TCN,42,128,[256],[1],7,2,hardswish,False,False,[False],last,128.0,L2,[0.3],16,AdamW,,0.001,1e-06,[0.68794326 2.1920904  0.91725768],0.02,1.0,0.13174,2.96761,0.31818,0.286,"[0.33333, 0.18182, 0.34286]",36,0.57761,1.61459,0.43182,0.41928,"[0.5, 0.46154, 0.2963]",11,COMPLETED,6.322
56,20260103_183422,gaitgl_GREW_TOP70.csv,70%,Preset_31,TCN,42,256,[256],[1],7,2,hardswish,False,False,[False],last,128.0,L2,[0.3],16,AdamW,,0.001,1e-06,[0.68794326 2.1920904  0.91725768],0.02,1.0,0.10966,1.96081,0.5,0.42465,"[0.53659, 0.18182, 0.55556]",19,0.35582,1.76441,0.5,0.47168,"[0.47059, 0.33333, 0.61111]",9,COMPLETED,3.512
57,20260103_183422,gaitgl_GREW_BNNeck_TOP70.csv,70%,Preset_31,TCN,42,256,[256],[1],7,2,hardswish,False,False,[False],last,128.0,L2,[0.3],16,AdamW,,0.001,1e-06,[0.68794326 2.1920904  0.91725768],0.02,1.0,0.11823,2.67707,0.43182,0.40342,"[0.41026, 0.28571, 0.51429]",79,0.43483,1.58656,0.52273,0.49453,"[0.55, 0.35294, 0.58065]",26,COMPLETED,14.315
58,20260103_183422,gaitgl_OUMVLP_TOP70.csv,70%,Preset_31,TCN,42,256,[256],[1],7,2,hardswish,False,False,[False],last,128.0,L2,[0.3],16,AdamW,,0.001,1e-06,[0.68794326 2.1920904  0.91725768],0.02,1.0,0.11025,2.2839,0.43182,0.3102,"[0.53061, 0.0, 0.4]",90,0.55954,1.96615,0.45455,0.38336,"[0.34483, 0.10526, 0.7]",31,COMPLETED,16.017
59,20260103_183422,gaitpart_GREW_TOP70.csv,70%,Preset_31,TCN,42,256,[256],[1],7,2,hardswish,False,False,[False],last,128.0,L2,[0.3],16,AdamW,,0.001,1e-06,[0.68794326 2.1920904  0.91725768],0.02,1.0,0.12286,2.33099,0.40909,0.3561,"[0.4, 0.18182, 0.48649]",82,0.14437,2.63151,0.52273,0.50266,"[0.55, 0.42857, 0.52941]",71,COMPLETED,14.052
60,20260103_183422,gaitpart_OUMVLP_TOP70.csv,70%,Preset_31,TCN,42,256,[256],[1],7,2,hardswish,False,False,[False],last,128.0,L2,[0.3],16,AdamW,,0.001,1e-06,[0.68794326 2.1920904  0.91725768],0.02,1.0,0.11705,1.18134,0.72727,0.6308,"[0.82609, 0.30769, 0.75862]",227,0.13551,1.12184,0.72727,0.65893,"[0.81818, 0.4, 0.75862]",225,COMPLETED,38.698
61,20260103_183422,gaitset_TOP70.csv,70%,Preset_31,TCN,42,256,[256],[1],7,2,hardswish,False,False,[False],last,128.0,L2,[0.3],16,AdamW,,0.001,1e-06,[0.68794326 2.1920904  0.91725768],0.02,1.0,0.11961,1.71447,0.45455,0.37989,"[0.57778, 0.13333, 0.42857]",89,0.56696,1.51547,0.5,0.48333,"[0.55, 0.4, 0.5]",24,COMPLETED,15.95
62,20260103_183422,gaitset_GREW_TOP70.csv,70%,Preset_31,TCN,42,256,[256],[1],7,2,hardswish,False,False,[False],last,128.0,L2,[0.3],16,AdamW,,0.001,1e-06,[0.68794326 2.1920904  0.91725768],0.02,1.0,0.11602,2.61036,0.40909,0.39074,"[0.45, 0.33333, 0.38889]",77,0.13322,1.95388,0.47727,0.43134,"[0.56, 0.36364, 0.37037]",71,COMPLETED,13.889
63,20260103_183422,gaitset_OUMVLP_TOP70.csv,70%,Preset_31,TCN,42,256,[256],[1],7,2,hardswish,False,False,[False],last,128.0,L2,[0.3],16,AdamW,,0.001,1e-06,[0.68794326 2.1920904  0.91725768],0.02,1.0,0.13261,1.77198,0.54545,0.4269,"[0.67925, 0.16667, 0.43478]",252,0.13435,1.51209,0.61364,0.51034,"[0.69767, 0.16667, 0.66667]",218,COMPLETED,45.185
64,20260103_183422,gln_phase1_TOP70.csv,70%,Preset_31,TCN,42,256,[256],[1],7,2,hardswish,False,False,[False],last,128.0,L2,[0.3],16,AdamW,,0.001,1e-06,[0.68794326 2.1920904  0.91725768],0.02,1.0,0.1159,1.38314,0.59091,0.53689,"[0.7234, 0.47059, 0.41667]",94,0.66582,1.04967,0.63636,0.62309,"[0.66667, 0.55556, 0.64706]",25,COMPLETED,18.378
65,20260103_183422,gln_phase2_TOP70.csv,70%,Preset_31,TCN,42,256,[256],[1],7,2,hardswish,False,False,[False],last,128.0,L2,[0.3],16,AdamW,,0.001,1e-06,[0.68794326 2.1920904  0.91725768],0.02,1.0,0.11723,1.8632,0.43182,0.36277,"[0.54545, 0.14286, 0.4]",88,0.28071,2.14565,0.5,0.47886,"[0.53659, 0.4, 0.5]",58,COMPLETED,16.606
105,20260103_183422,baseline_CASIAB_TOP70.csv,70%,Preset_17,TCN,42,256,"[128, 128, 128, 128]","[1, 4, 7, 10]",3,2,prelu,False,True,"[False, True, False, False]",mean,256.0,L2,"[0.0, 0.0, 0.2, 0.0]",16,AdamW,,0.0001,0.0,[0.68794326 2.1920904  0.91725768],0.02,1.0,0.11843,1.82219,0.45455,0.38302,"[0.55814, 0.16667, 0.42424]",96,0.14002,2.16561,0.5,0.47833,"[0.58537, 0.42105, 0.42857]",86,COMPLETED,31.129
106,20260103_183422,baseline_OUMVLP_TOP70.csv,70%,Preset_17,TCN,42,256,"[128, 128, 128, 128]","[1, 4, 7, 10]",3,2,prelu,False,True,"[False, True, False, False]",mean,256.0,L2,"[0.0, 0.0, 0.2, 0.0]",16,AdamW,,0.0001,0.0,[0.68794326 2.1920904  0.91725768],0.02,1.0,0.12422,2.08109,0.52273,0.44699,"[0.69565, 0.21053, 0.43478]",100,0.18031,1.88217,0.63636,0.55259,"[0.73469, 0.30769, 0.61538]",84,COMPLETED,32.189
107,20260103_183422,gaitgl_TOP70.csv,70%,Preset_17,TCN,42,128,"[128, 128, 128, 128]","[1, 4, 7, 10]",3,2,prelu,False,True,"[False, True, False, False]",mean,256.0,L2,"[0.0, 0.0, 0.2, 0.0]",16,AdamW,,0.0001,0.0,[0.68794326 2.1920904  0.91725768],0.02,1.0,0.11479,1.59646,0.40909,0.32764,"[0.53846, 0.22222, 0.22222]",55,0.18148,1.7522,0.54545,0.39942,"[0.63415, 0.0, 0.5641]",46,COMPLETED,18.013
108,20260103_183422,gaitgl_GREW_TOP70.csv,70%,Preset_17,TCN,42,256,"[128, 128, 128, 128]","[1, 4, 7, 10]",3,2,prelu,False,True,"[False, True, False, False]",mean,256.0,L2,"[0.0, 0.0, 0.2, 0.0]",16,AdamW,,0.0001,0.0,[0.68794326 2.1920904  0.91725768],0.02,1.0,0.12725,1.7242,0.34091,0.2672,"[0.35714, 0.0, 0.44444]",43,0.12297,1.60285,0.38636,0.32876,"[0.52381, 0.11765, 0.34483]",42,COMPLETED,14.133
109,20260103_183422,gaitgl_GREW_BNNeck_TOP70.csv,70%,Preset_17,TCN,42,256,"[128, 128, 128, 128]","[1, 4, 7, 10]",3,2,prelu,False,True,"[False, True, False, False]",mean,256.0,L2,"[0.0, 0.0, 0.2, 0.0]",16,AdamW,,0.0001,0.0,[0.68794326 2.1920904  0.91725768],0.02,1.0,0.11549,2.21106,0.34091,0.26998,"[0.42105, 0.0, 0.38889]",74,0.21364,2.37488,0.43182,0.42047,"[0.51429, 0.33333, 0.41379]",55,COMPLETED,24.461
110,20260103_183422,gaitgl_OUMVLP_TOP70.csv,70%,Preset_17,TCN,42,256,"[128, 128, 128, 128]","[1, 4, 7, 10]",3,2,prelu,False,True,"[False, True, False, False]",mean,256.0,L2,"[0.0, 0.0, 0.2, 0.0]",16,AdamW,,0.0001,0.0,[0.68794326 2.1920904  0.91725768],0.02,1.0,0.12975,1.18838,0.61364,0.43767,"[0.69231, 0.0, 0.62069]",139,0.15231,1.6562,0.54545,0.45079,"[0.66667, 0.28571, 0.4]",119,COMPLETED,46.052
111,20260103_183422,gaitpart_GREW_TOP70.csv,70%,Preset_17,TCN,42,256,"[128, 128, 128, 128]","[1, 4, 7, 10]",3,2,prelu,False,True,"[False, True, False, False]",mean,256.0,L2,"[0.0, 0.0, 0.2, 0.0]",16,AdamW,,0.0001,0.0,[0.68794326 2.1920904  0.91725768],0.02,1.0,0.11725,1.74012,0.5,0.38678,"[0.65385, 0.14286, 0.36364]",83,0.45434,1.19807,0.56818,0.54793,"[0.58824, 0.44444, 0.61111]",41,COMPLETED,26.389
112,20260103_183422,gaitpart_OUMVLP_TOP70.csv,70%,Preset_17,TCN,42,256,"[128, 128, 128, 128]","[1, 4, 7, 10]",3,2,prelu,False,True,"[False, True, False, False]",mean,256.0,L2,"[0.0, 0.0, 0.2, 0.0]",16,AdamW,,0.0001,0.0,[0.68794326 2.1920904  0.91725768],0.02,1.0,0.13671,1.9907,0.45455,0.43951,"[0.52632, 0.36364, 0.42857]",171,0.14198,1.9424,0.54545,0.53663,"[0.54545, 0.47619, 0.58824]",156,COMPLETED,54.893
113,20260103_183422,gaitset_TOP70.csv,70%,Preset_17,TCN,42,256,"[128, 128, 128, 128]","[1, 4, 7, 10]",3,2,prelu,False,True,"[False, True, False, False]",mean,256.0,L2,"[0.0, 0.0, 0.2, 0.0]",16,AdamW,,0.0001,0.0,[0.68794326 2.1920904  0.91725768],0.02,1.0,0.1283,2.54692,0.29545,0.26471,"[0.38889, 0.11111, 0.29412]",70,0.26406,3.11115,0.45455,0.32568,"[0.64151, 0.125, 0.21053]",51,COMPLETED,23.516
114,20260103_183422,gaitset_GREW_TOP70.csv,70%,Preset_17,TCN,42,256,"[128, 128, 128, 128]","[1, 4, 7, 10]",3,2,prelu,False,True,"[False, True, False, False]",mean,256.0,L2,"[0.0, 0.0, 0.2, 0.0]",16,AdamW,,0.0001,0.0,[0.68794326 2.1920904  0.91725768],0.02,1.0,0.12544,1.71876,0.47727,0.43303,"[0.48485, 0.23529, 0.57895]",88,0.16693,1.73283,0.52273,0.4798,"[0.48485, 0.36364, 0.59091]",72,COMPLETED,28.991
115,20260103_183422,gaitset_OUMVLP_TOP70.csv,70%,Preset_17,TCN,42,256,"[128, 128, 128, 128]","[1, 4, 7, 10]",3,2,prelu,False,True,"[False, True, False, False]",mean,256.0,L2,"[0.0, 0.0, 0.2, 0.0]",16,AdamW,,0.0001,0.0,[0.68794326 2.1920904  0.91725768],0.02,1.0,0.12619,1.24634,0.63636,0.51587,"[0.71429, 0.25, 0.58333]",245,0.22924,1.21745,0.65909,0.6147,"[0.7234, 0.5, 0.62069]",159,COMPLETED,81.427
116,20260103_183422,gln_phase1_TOP70.csv,70%,Preset_17,TCN,42,256,"[128, 128, 128, 128]","[1, 4, 7, 10]",3,2,prelu,False,True,"[False, True, False, False]",mean,256.0,L2,"[0.0, 0.0, 0.2, 0.0]",16,AdamW,,0.0001,0.0,[0.68794326 2.1920904  0.91725768],0.02,1.0,0.11325,1.69212,0.5,0.36667,"[0.6, 0.0, 0.5]",127,0.26479,1.80046,0.56818,0.52596,"[0.65116, 0.375, 0.55172]",85,COMPLETED,43.282
117,20260103_183422,gln_phase2_TOP70.csv,70%,Preset_17,TCN,42,256,"[128, 128, 128, 128]","[1, 4, 7, 10]",3,2,prelu,False,True,"[False, True, False, False]",mean,256.0,L2,"[0.0, 0.0, 0.2, 0.0]",16,AdamW,,0.0001,0.0,[0.68794326 2.1920904  0.91725768],0.02,1.0,0.13591,1.66398,0.38636,0.37912,"[0.30769, 0.34483, 0.48485]",78,0.28792,1.23776,0.56818,0.49484,"[0.69231, 0.42857, 0.36364]",48,COMPLETED,26.822
118,20260103_183422,baseline_CASIAB_TOP70.csv,70%,Preset_42,TCN,42,256,"[384, 256, 192, 128]","[2, 4, 8, 16]",3,1,elu,False,False,"[True, False, False, False]",max,256.0,L2,"[0.0, 0.1, 0.1, 0.0]",16,RMSprop,,1e-05,5e-07,[0.68794326 2.1920904  0.91725768],0.02,1.0,0.13448,1.2545,0.54545,0.38668,"[0.64151, 0.0, 0.51852]",132,0.1866,1.09529,0.54545,0.5,"[0.59091, 0.36364, 0.54545]",111,COMPLETED,34.954
119,20260103_183422,baseline_OUMVLP_TOP70.csv,70%,Preset_42,TCN,42,256,"[384, 256, 192, 128]","[2, 4, 8, 16]",3,1,elu,False,False,"[True, False, False, False]",max,256.0,L2,"[0.0, 0.1, 0.1, 0.0]",16,RMSprop,,1e-05,5e-07,[0.68794326 2.1920904  0.91725768],0.02,1.0,0.1336,1.52713,0.45455,0.41349,"[0.52381, 0.25, 0.46667]",188,0.20566,1.39756,0.56818,0.50738,"[0.64, 0.36364, 0.51852]",149,COMPLETED,50.043
120,20260103_183422,gaitgl_TOP70.csv,70%,Preset_42,TCN,42,128,"[384, 256, 192, 128]","[2, 4, 8, 16]",3,1,elu,False,False,"[True, False, False, False]",max,256.0,L2,"[0.0, 0.1, 0.1, 0.0]",16,RMSprop,,1e-05,5e-07,[0.68794326 2.1920904  0.91725768],0.02,1.0,0.12873,1.09741,0.47727,0.35049,"[0.61905, 0.0, 0.43243]",77,0.16206,1.11535,0.5,0.37831,"[0.61111, 0.0, 0.52381]",67,COMPLETED,20.459
121,20260103_183422,gaitgl_GREW_TOP70.csv,70%,Preset_42,TCN,42,256,"[384, 256, 192, 128]","[2, 4, 8, 16]",3,1,elu,False,False,"[True, False, False, False]",max,256.0,L2,"[0.0, 0.1, 0.1, 0.0]",16,RMSprop,,1e-05,5e-07,[0.68794326 2.1920904  0.91725768],0.02,1.0,0.12679,1.18577,0.38636,0.33599,"[0.46512, 0.2, 0.34286]",73,0.13622,1.19116,0.47727,0.40855,"[0.51282, 0.2, 0.51282]",70,COMPLETED,19.992
122,20260103_183422,gaitgl_GREW_BNNeck_TOP70.csv,70%,Preset_42,TCN,42,256,"[384, 256, 192, 128]","[2, 4, 8, 16]",3,1,elu,False,False,"[True, False, False, False]",max,256.0,L2,"[0.0, 0.1, 0.1, 0.0]",16,RMSprop,,1e-05,5e-07,[0.68794326 2.1920904  0.91725768],0.02,1.0,0.13663,1.33003,0.5,0.42412,"[0.55, 0.18182, 0.54054]",115,0.50338,1.09507,0.54545,0.45795,"[0.62222, 0.22222, 0.52941]",52,COMPLETED,31.411
123,20260103_183422,gaitgl_OUMVLP_TOP70.csv,70%,Preset_42,TCN,42,256,"[384, 256, 192, 128]","[2, 4, 8, 16]",3,1,elu,False,False,"[True, False, False, False]",max,256.0,L2,"[0.0, 0.1, 0.1, 0.0]",16,RMSprop,,1e-05,5e-07,[0.68794326 2.1920904  0.91725768],0.02,1.0,0.13166,1.0675,0.59091,0.4748,"[0.70588, 0.2, 0.51852]",199,0.54604,1.07894,0.52273,0.52083,"[0.5, 0.5, 0.5625]",86,COMPLETED,54.239
124,20260103_183422,gaitpart_GREW_TOP70.csv,70%,Preset_42,TCN,42,256,"[384, 256, 192, 128]","[2, 4, 8, 16]",3,1,elu,False,False,"[True, False, False, False]",max,256.0,L2,"[0.0, 0.1, 0.1, 0.0]",16,RMSprop,,1e-05,5e-07,[0.68794326 2.1920904  0.91725768],0.02,1.0,0.13511,1.29796,0.52273,0.45225,"[0.65306, 0.33333, 0.37037]",182,0.49071,1.1358,0.52273,0.51301,"[0.59459, 0.5, 0.44444]",101,COMPLETED,47.084
125,20260103_183422,gaitpart_OUMVLP_TOP70.csv,70%,Preset_42,TCN,42,256,"[384, 256, 192, 128]","[2, 4, 8, 16]",3,1,elu,False,False,"[True, False, False, False]",max,256.0,L2,"[0.0, 0.1, 0.1, 0.0]",16,RMSprop,,1e-05,5e-07,[0.68794326 2.1920904  0.91725768],0.02,1.0,0.13813,1.48991,0.56818,0.51129,"[0.63158, 0.30769, 0.59459]",414,0.16944,1.34148,0.59091,0.54848,"[0.68293, 0.4, 0.5625]",348,COMPLETED,108.261
126,20260103_183422,gaitset_TOP70.csv,70%,Preset_42,TCN,42,256,"[384, 256, 192, 128]","[2, 4, 8, 16]",3,1,elu,False,False,"[True, False, False, False]",max,256.0,L2,"[0.0, 0.1, 0.1, 0.0]",16,RMSprop,,1e-05,5e-07,[0.68794326 2.1920904  0.91725768],0.02,1.0,0.1334,1.5616,0.47727,0.38984,"[0.57692, 0.22222, 0.37037]",111,0.59942,1.14144,0.5,0.47338,"[0.57778, 0.42857, 0.41379]",38,COMPLETED,30.265
127,20260103_183422,gaitset_GREW_TOP70.csv,70%,Preset_42,TCN,42,256,"[384, 256, 192, 128]","[2, 4, 8, 16]",3,1,elu,False,False,"[True, False, False, False]",max,256.0,L2,"[0.0, 0.1, 0.1, 0.0]",16,RMSprop,,1e-05,5e-07,[0.68794326 2.1920904  0.91725768],0.02,1.0,0.12854,1.27955,0.47727,0.43687,"[0.51282, 0.23529, 0.5625]",144,0.1319,1.32364,0.52273,0.49126,"[0.52941, 0.31579, 0.62857]",140,COMPLETED,38.85
128,20260103_183422,gaitset_OUMVLP_TOP70.csv,70%,Preset_42,TCN,42,256,"[384, 256, 192, 128]","[2, 4, 8, 16]",3,1,elu,False,False,"[True, False, False, False]",max,256.0,L2,"[0.0, 0.1, 0.1, 0.0]",16,RMSprop,,1e-05,5e-07,[0.68794326 2.1920904  0.91725768],0.02,1.0,0.13701,1.63753,0.38636,0.37892,"[0.44444, 0.30769, 0.38462]",442,0.1745,1.37685,0.59091,0.5284,"[0.66667, 0.4, 0.51852]",382,COMPLETED,119.084
129,20260103_183422,gln_phase1_TOP70.csv,70%,Preset_42,TCN,42,256,"[384, 256, 192, 128]","[2, 4, 8, 16]",3,1,elu,False,False,"[True, False, False, False]",max,256.0,L2,"[0.0, 0.1, 0.1, 0.0]",16,RMSprop,,1e-05,5e-07,[0.68794326 2.1920904  0.91725768],0.02,1.0,0.12906,1.1629,0.59091,0.48642,"[0.66667, 0.2, 0.59259]",122,0.20338,1.04533,0.59091,0.49125,"[0.65306, 0.2, 0.62069]",94,COMPLETED,33.902
130,20260103_183422,gln_phase2_TOP70.csv,70%,Preset_42,TCN,42,256,"[384, 256, 192, 128]","[2, 4, 8, 16]",3,1,elu,False,False,"[True, False, False, False]",max,256.0,L2,"[0.0, 0.1, 0.1, 0.0]",16,RMSprop,,1e-05,5e-07,[0.68794326 2.1920904  0.91725768],0.02,1.0,0.13031,1.04002,0.52273,0.46553,"[0.62222, 0.30769, 0.46667]",113,0.17527,1.04598,0.61364,0.58704,"[0.65, 0.5, 0.61111]",94,COMPLETED,31.211
144,20260103_183422,baseline_CASIAB_TOP70.csv,70%,Preset_38,TCN,42,256,[64],[1],3,2,leakyrelu,True,False,[True],last,,L2,[0.0],96,RMSprop,,0.0005,2e-06,[0.68794326 2.1920904  0.91725768],0.02,1.0,0.13615,2.30384,0.40909,0.30794,"[0.4, 0.0, 0.52381]",240,0.23139,1.52481,0.5,0.42412,"[0.54054, 0.18182, 0.55]",175,COMPLETED,12.068
145,20260103_183422,baseline_OUMVLP_TOP70.csv,70%,Preset_38,TCN,42,256,[64],[1],3,2,leakyrelu,True,False,[True],last,,L2,[0.0],96,RMSprop,,0.0005,2e-06,[0.68794326 2.1920904  0.91725768],0.02,1.0,0.13325,1.28849,0.56818,0.47985,"[0.61905, 0.15385, 0.66667]",250,0.15433,1.4525,0.59091,0.55409,"[0.57895, 0.33333, 0.75]",228,COMPLETED,12.376
146,20260103_183422,gaitgl_TOP70.csv,70%,Preset_38,TCN,42,128,[64],[1],3,2,leakyrelu,True,False,[True],last,,L2,[0.0],96,RMSprop,,0.0005,2e-06,[0.68794326 2.1920904  0.91725768],0.02,1.0,0.12402,1.91421,0.34091,0.26075,"[0.4186, 0.0, 0.36364]",106,0.40183,1.42462,0.45455,0.43355,"[0.51429, 0.31579, 0.47059]",48,COMPLETED,5.212
147,20260103_183422,gaitgl_GREW_TOP70.csv,70%,Preset_38,TCN,42,256,[64],[1],3,2,leakyrelu,True,False,[True],last,,L2,[0.0],96,RMSprop,,0.0005,2e-06,[0.68794326 2.1920904  0.91725768],0.02,1.0,0.12895,1.57621,0.52273,0.49678,"[0.41176, 0.42857, 0.65]",72,0.22123,1.2598,0.56818,0.55,"[0.5, 0.5, 0.65]",48,COMPLETED,3.939
148,20260103_183422,gaitgl_GREW_BNNeck_TOP70.csv,70%,Preset_38,TCN,42,256,[64],[1],3,2,leakyrelu,True,False,[True],last,,L2,[0.0],96,RMSprop,,0.0005,2e-06,[0.68794326 2.1920904  0.91725768],0.02,1.0,0.12854,1.91906,0.45455,0.42308,"[0.46154, 0.30769, 0.5]",161,0.28557,1.32582,0.56818,0.55424,"[0.57143, 0.47059, 0.62069]",97,COMPLETED,8.977
149,20260103_183422,gaitgl_OUMVLP_TOP70.csv,70%,Preset_38,TCN,42,256,[64],[1],3,2,leakyrelu,True,False,[True],last,,L2,[0.0],96,RMSprop,,0.0005,2e-06,[0.68794326 2.1920904  0.91725768],0.02,1.0,0.13642,2.35722,0.36364,0.28407,"[0.46512, 0.0, 0.3871]",390,0.50312,1.56679,0.47727,0.4236,"[0.54054, 0.10526, 0.625]",180,COMPLETED,21.83
150,20260103_183422,gaitpart_GREW_TOP70.csv,70%,Preset_38,TCN,42,256,[64],[1],3,2,leakyrelu,True,False,[True],last,,L2,[0.0],96,RMSprop,,0.0005,2e-06,[0.68794326 2.1920904  0.91725768],0.02,1.0,0.13438,2.44405,0.36364,0.27943,"[0.53061, 0.15385, 0.15385]",276,0.74142,1.28092,0.47727,0.45756,"[0.51282, 0.375, 0.48485]",99,COMPLETED,12.179
151,20260103_183422,gaitpart_OUMVLP_TOP70.csv,70%,Preset_38,TCN,42,256,[64],[1],3,2,leakyrelu,True,False,[True],last,,L2,[0.0],96,RMSprop,,0.0005,2e-06,[0.68794326 2.1920904  0.91725768],0.02,1.0,1.02108,0.94522,0.45455,0.33354,"[0.4878, 0.0, 0.51282]",232,1.02108,0.94522,0.45455,0.33354,"[0.4878, 0.0, 0.51282]",232,STOPPED,10.02
152,20260103_183422,gaitset_TOP70.csv,70%,Preset_38,TCN,42,256,[64],[1],3,2,leakyrelu,True,False,[True],last,,L2,[0.0],96,RMSprop,,0.0005,2e-06,[0.68794326 2.1920904  0.91725768],0.02,1.0,0.13128,1.78568,0.45455,0.38702,"[0.52381, 0.16667, 0.47059]",193,0.27292,1.43396,0.5,0.50026,"[0.48649, 0.5, 0.51429]",130,COMPLETED,10.821
153,20260103_183422,gaitset_GREW_TOP70.csv,70%,Preset_38,TCN,42,256,[64],[1],3,2,leakyrelu,True,False,[True],last,,L2,[0.0],96,RMSprop,,0.0005,2e-06,[0.68794326 2.1920904  0.91725768],0.02,1.0,0.57008,1.65512,0.31818,0.31023,"[0.41176, 0.26087, 0.25806]",281,0.7357,1.39402,0.52273,0.36408,"[0.70175, 0.2, 0.19048]",105,STOPPED,15.483
154,20260103_183422,gaitset_OUMVLP_TOP70.csv,70%,Preset_38,TCN,42,256,[64],[1],3,2,leakyrelu,True,False,[True],last,,L2,[0.0],96,RMSprop,,0.0005,2e-06,[0.68794326 2.1920904  0.91725768],0.02,1.0,0.13942,2.01761,0.40909,0.36824,"[0.52381, 0.21053, 0.37037]",950,0.35776,1.64879,0.52273,0.47766,"[0.51429, 0.33333, 0.58537]",648,COMPLETED,52.655
155,20260103_183422,gln_phase1_TOP70.csv,70%,Preset_38,TCN,42,256,[64],[1],3,2,leakyrelu,True,False,[True],last,,L2,[0.0],96,RMSprop,,0.0005,2e-06,[0.68794326 2.1920904  0.91725768],0.02,1.0,0.24767,1.38134,0.47727,0.45926,"[0.53333, 0.44444, 0.4]",256,0.25793,1.15944,0.59091,0.58038,"[0.63636, 0.57143, 0.53333]",127,STOPPED,15.456
156,20260103_183422,gln_phase2_TOP70.csv,70%,Preset_38,TCN,42,256,[64],[1],3,2,leakyrelu,True,False,[True],last,,L2,[0.0],96,RMSprop,,0.0005,2e-06,[0.68794326 2.1920904  0.91725768],0.02,1.0,0.12985,2.16131,0.45455,0.38401,"[0.4, 0.16667, 0.58537]",224,0.57026,1.20778,0.52273,0.48783,"[0.44444, 0.4, 0.61905]",101,COMPLETED,13.699
157,20260103_183422,baseline_CASIAB_TOP70.csv,70%,Preset_7,TCN,42,256,"[512, 512, 512]","[3, 6, 9]",5,1,hardswish,True,False,"[False, True, False]",last,128.0,minmax,"[0.0, 0.1, 0.1]",96,AdamW,,0.0002,1e-06,[0.68794326 2.1920904  0.91725768],0.02,1.0,0.11801,2.25376,0.43182,0.36395,"[0.57143, 0.13333, 0.3871]",162,0.13742,2.11712,0.5,0.4225,"[0.57143, 0.16667, 0.52941]",159,COMPLETED,12.114
158,20260103_183422,baseline_OUMVLP_TOP70.csv,70%,Preset_7,TCN,42,256,"[512, 512, 512]","[3, 6, 9]",5,1,hardswish,True,False,"[False, True, False]",last,128.0,minmax,"[0.0, 0.1, 0.1]",96,AdamW,,0.0002,1e-06,[0.68794326 2.1920904  0.91725768],0.02,1.0,0.113,1.35818,0.61364,0.57656,"[0.61538, 0.42857, 0.68571]",156,0.17509,1.4704,0.68182,0.60888,"[0.73913, 0.4, 0.6875]",107,COMPLETED,11.835
159,20260103_183422,gaitgl_TOP70.csv,70%,Preset_7,TCN,42,128,"[512, 512, 512]","[3, 6, 9]",5,1,hardswish,True,False,"[False, True, False]",last,128.0,minmax,"[0.0, 0.1, 0.1]",96,AdamW,,0.0002,1e-06,[0.68794326 2.1920904  0.91725768],0.02,1.0,0.11665,2.14957,0.40909,0.31559,"[0.47059, 0.0, 0.47619]",46,0.49721,1.40229,0.47727,0.48512,"[0.57143, 0.57143, 0.3125]",29,COMPLETED,4.456
160,20260103_183422,gaitgl_GREW_TOP70.csv,70%,Preset_7,TCN,42,256,"[512, 512, 512]","[3, 6, 9]",5,1,hardswish,True,False,"[False, True, False]",last,128.0,minmax,"[0.0, 0.1, 0.1]",96,AdamW,,0.0002,1e-06,[0.68794326 2.1920904  0.91725768],0.02,1.0,0.1123,1.73391,0.40909,0.38039,"[0.47059, 0.2, 0.47059]",43,0.1651,1.85118,0.5,0.44004,"[0.63636, 0.22222, 0.46154]",36,COMPLETED,4.476
161,20260103_183422,gaitgl_GREW_BNNeck_TOP70.csv,70%,Preset_7,TCN,42,256,"[512, 512, 512]","[3, 6, 9]",5,1,hardswish,True,False,"[False, True, False]",last,128.0,minmax,"[0.0, 0.1, 0.1]",96,AdamW,,0.0002,1e-06,[0.68794326 2.1920904  0.91725768],0.02,1.0,0.11745,2.74795,0.43182,0.37115,"[0.5, 0.14286, 0.47059]",216,0.42009,1.9047,0.47727,0.45636,"[0.5, 0.35294, 0.51613]",126,COMPLETED,22.498
162,20260103_183422,gaitgl_OUMVLP_TOP70.csv,70%,Preset_7,TCN,42,256,"[512, 512, 512]","[3, 6, 9]",5,1,hardswish,True,False,"[False, True, False]",last,128.0,minmax,"[0.0, 0.1, 0.1]",96,AdamW,,0.0002,1e-06,[0.68794326 2.1920904  0.91725768],0.02,1.0,0.11872,1.78543,0.43182,0.3501,"[0.4878, 0.0, 0.5625]",201,0.62514,1.77195,0.47727,0.45323,"[0.41379, 0.24, 0.70588]",114,COMPLETED,21.123
163,20260103_183422,gaitpart_GREW_TOP70.csv,70%,Preset_7,TCN,42,256,"[512, 512, 512]","[3, 6, 9]",5,1,hardswish,True,False,"[False, True, False]",last,128.0,minmax,"[0.0, 0.1, 0.1]",96,AdamW,,0.0002,1e-06,[0.68794326 2.1920904  0.91725768],0.02,1.0,0.11221,1.88679,0.45455,0.42307,"[0.51163, 0.33333, 0.42424]",142,0.1603,1.78096,0.59091,0.58456,"[0.6383, 0.61538, 0.5]",122,COMPLETED,9.216
164,20260103_183422,gaitpart_OUMVLP_TOP70.csv,70%,Preset_7,TCN,42,256,"[512, 512, 512]","[3, 6, 9]",5,1,hardswish,True,False,"[False, True, False]",last,128.0,minmax,"[0.0, 0.1, 0.1]",96,AdamW,,0.0002,1e-06,[0.68794326 2.1920904  0.91725768],0.02,1.0,0.12638,1.81879,0.47727,0.47902,"[0.42424, 0.5, 0.51282]",423,0.30357,0.98837,0.70455,0.69251,"[0.74419, 0.66667, 0.66667]",311,COMPLETED,27.05
165,20260103_183422,gaitset_TOP70.csv,70%,Preset_7,TCN,42,256,"[512, 512, 512]","[3, 6, 9]",5,1,hardswish,True,False,"[False, True, False]",last,128.0,minmax,"[0.0, 0.1, 0.1]",96,AdamW,,0.0002,1e-06,[0.68794326 2.1920904  0.91725768],0.02,1.0,0.1381,2.02803,0.40909,0.40074,"[0.5, 0.22222, 0.48]",93,0.14144,1.48447,0.56818,0.53434,"[0.57143, 0.4, 0.63158]",74,COMPLETED,9.567
166,20260103_183422,gaitset_GREW_TOP70.csv,70%,Preset_7,TCN,42,256,"[512, 512, 512]","[3, 6, 9]",5,1,hardswish,True,False,"[False, True, False]",last,128.0,minmax,"[0.0, 0.1, 0.1]",96,AdamW,,0.0002,1e-06,[0.68794326 2.1920904  0.91725768],0.02,1.0,0.12311,2.02339,0.43182,0.35529,"[0.54167, 0.15385, 0.37037]",153,0.53736,1.57151,0.45455,0.44959,"[0.45714, 0.42105, 0.47059]",61,COMPLETED,15.503
167,20260103_183422,gaitset_OUMVLP_TOP70.csv,70%,Preset_7,TCN,42,256,"[512, 512, 512]","[3, 6, 9]",5,1,hardswish,True,False,"[False, True, False]",last,128.0,minmax,"[0.0, 0.1, 0.1]",96,AdamW,,0.0002,1e-06,[0.68794326 2.1920904  0.91725768],0.02,1.0,0.11815,1.99283,0.56818,0.5,"[0.66667, 0.33333, 0.5]",740,0.71138,1.52256,0.54545,0.53977,"[0.60606, 0.46154, 0.55172]",295,COMPLETED,75.469
168,20260103_183422,gln_phase1_TOP70.csv,70%,Preset_7,TCN,42,256,"[512, 512, 512]","[3, 6, 9]",5,1,hardswish,True,False,"[False, True, False]",last,128.0,minmax,"[0.0, 0.1, 0.1]",96,AdamW,,0.0002,1e-06,[0.68794326 2.1920904  0.91725768],0.02,1.0,0.13818,1.90511,0.45455,0.39358,"[0.52632, 0.125, 0.52941]",193,0.25137,1.57111,0.56818,0.55617,"[0.51613, 0.53333, 0.61905]",115,COMPLETED,24.005
169,20260103_183422,gln_phase2_TOP70.csv,70%,Preset_7,TCN,42,256,"[512, 512, 512]","[3, 6, 9]",5,1,hardswish,True,False,"[False, True, False]",last,128.0,minmax,"[0.0, 0.1, 0.1]",96,AdamW,,0.0002,1e-06,[0.68794326 2.1920904  0.91725768],0.02,1.0,0.13066,2.00885,0.5,0.5093,"[0.55, 0.54545, 0.43243]",189,0.23246,1.90942,0.52273,0.51667,"[0.55, 0.5, 0.5]",165,COMPLETED,23.727
261,20260103_183422,baseline_CASIAB_TOP70.csv,70%,Preset_37,TCN,42,256,"[160, 192]","[1, 2]",7,1,gelu,False,True,"[False, True]",max,,L2,"[0.2, 0.3]",96,AdamW,,0.0001,5e-05,[0.68794326 2.1920904  0.91725768],0.02,1.0,0.13257,1.80383,0.34091,0.33556,"[0.37838, 0.31579, 0.3125]",159,0.29117,1.32753,0.45455,0.43259,"[0.51282, 0.33333, 0.45161]",103,COMPLETED,8.353
262,20260103_183422,baseline_OUMVLP_TOP70.csv,70%,Preset_37,TCN,42,256,"[160, 192]","[1, 2]",7,1,gelu,False,True,"[False, True]",max,,L2,"[0.2, 0.3]",96,AdamW,,0.0001,5e-05,[0.68794326 2.1920904  0.91725768],0.02,1.0,0.13729,1.67631,0.43182,0.39198,"[0.58537, 0.17391, 0.41667]",234,0.16415,1.65888,0.61364,0.50103,"[0.70588, 0.18182, 0.61538]",190,COMPLETED,11.991
263,20260103_183422,gaitgl_TOP70.csv,70%,Preset_37,TCN,42,128,"[160, 192]","[1, 2]",7,1,gelu,False,True,"[False, True]",max,,L2,"[0.2, 0.3]",96,AdamW,,0.0001,5e-05,[0.68794326 2.1920904  0.91725768],0.02,1.0,0.12776,1.38203,0.40909,0.2844,"[0.53061, 0.0, 0.32258]",78,0.49322,1.06319,0.45455,0.45182,"[0.51064, 0.5, 0.34483]",37,COMPLETED,4.096
264,20260103_183422,gaitgl_GREW_TOP70.csv,70%,Preset_37,TCN,42,256,"[160, 192]","[1, 2]",7,1,gelu,False,True,"[False, True]",max,,L2,"[0.2, 0.3]",96,AdamW,,0.0001,5e-05,[0.68794326 2.1920904  0.91725768],0.02,1.0,0.12723,1.3673,0.43182,0.39685,"[0.54054, 0.25, 0.4]",79,0.2046,1.23298,0.47727,0.45048,"[0.5, 0.36364, 0.4878]",59,COMPLETED,4.679
265,20260103_183422,gaitgl_GREW_BNNeck_TOP70.csv,70%,Preset_37,TCN,42,256,"[160, 192]","[1, 2]",7,1,gelu,False,True,"[False, True]",max,,L2,"[0.2, 0.3]",96,AdamW,,0.0001,5e-05,[0.68794326 2.1920904  0.91725768],0.02,1.0,0.1347,1.87855,0.38636,0.34591,"[0.47619, 0.1, 0.46154]",134,0.23323,1.56746,0.5,0.42211,"[0.58537, 0.16667, 0.51429]",91,COMPLETED,7.898
266,20260103_183422,gaitgl_OUMVLP_TOP70.csv,70%,Preset_37,TCN,42,256,"[160, 192]","[1, 2]",7,1,gelu,False,True,"[False, True]",max,,L2,"[0.2, 0.3]",96,AdamW,,0.0001,5e-05,[0.68794326 2.1920904  0.91725768],0.02,1.0,0.13603,1.75169,0.40909,0.30227,"[0.6, 0.125, 0.18182]",239,0.16141,1.62939,0.47727,0.44066,"[0.51429, 0.30769, 0.5]",205,COMPLETED,14.154
267,20260103_183422,gaitpart_GREW_TOP70.csv,70%,Preset_37,TCN,42,256,"[160, 192]","[1, 2]",7,1,gelu,False,True,"[False, True]",max,,L2,"[0.2, 0.3]",96,AdamW,,0.0001,5e-05,[0.68794326 2.1920904  0.91725768],0.02,1.0,0.13377,1.5743,0.45455,0.40053,"[0.57778, 0.26667, 0.35714]",251,0.23254,1.44887,0.52273,0.51019,"[0.60465, 0.55556, 0.37037]",172,COMPLETED,11.701
268,20260103_183422,gaitpart_OUMVLP_TOP70.csv,70%,Preset_37,TCN,42,256,"[160, 192]","[1, 2]",7,1,gelu,False,True,"[False, True]",max,,L2,"[0.2, 0.3]",96,AdamW,,0.0001,5e-05,[0.68794326 2.1920904  0.91725768],0.02,1.0,0.13153,1.52365,0.45455,0.39179,"[0.48649, 0.13333, 0.55556]",698,0.15425,1.76909,0.52273,0.51679,"[0.60606, 0.46154, 0.48276]",614,COMPLETED,33.035
269,20260103_183422,gaitset_TOP70.csv,70%,Preset_37,TCN,42,256,"[160, 192]","[1, 2]",7,1,gelu,False,True,"[False, True]",max,,L2,"[0.2, 0.3]",96,AdamW,,0.0001,5e-05,[0.68794326 2.1920904  0.91725768],0.02,1.0,0.13216,1.85837,0.34091,0.26453,"[0.4186, 0.0, 0.375]",119,0.53731,1.22588,0.40909,0.37413,"[0.5, 0.23529, 0.3871]",51,COMPLETED,6.968
270,20260103_183422,gaitset_GREW_TOP70.csv,70%,Preset_37,TCN,42,256,"[160, 192]","[1, 2]",7,1,gelu,False,True,"[False, True]",max,,L2,"[0.2, 0.3]",96,AdamW,,0.0001,5e-05,[0.68794326 2.1920904  0.91725768],0.02,1.0,0.13396,1.47232,0.52273,0.45265,"[0.64, 0.33333, 0.38462]",189,0.20183,1.32449,0.59091,0.53202,"[0.63415, 0.33333, 0.62857]",139,COMPLETED,11.02
271,20260103_183422,gaitset_OUMVLP_TOP70.csv,70%,Preset_37,TCN,42,256,"[160, 192]","[1, 2]",7,1,gelu,False,True,"[False, True]",max,,L2,"[0.2, 0.3]",96,AdamW,,0.0001,5e-05,[0.68794326 2.1920904  0.91725768],0.02,1.0,0.13539,1.601,0.47727,0.4299,"[0.57143, 0.26667, 0.45161]",697,0.15186,1.64931,0.56818,0.525,"[0.66667, 0.375, 0.53333]",653,COMPLETED,41.02
272,20260103_183422,gln_phase1_TOP70.csv,70%,Preset_37,TCN,42,256,"[160, 192]","[1, 2]",7,1,gelu,False,True,"[False, True]",max,,L2,"[0.2, 0.3]",96,AdamW,,0.0001,5e-05,[0.68794326 2.1920904  0.91725768],0.02,1.0,0.13508,1.29124,0.61364,0.54828,"[0.62857, 0.33333, 0.68293]",146,0.13508,1.29124,0.61364,0.54828,"[0.62857, 0.33333, 0.68293]",146,COMPLETED,9.617
273,20260103_183422,gln_phase2_TOP70.csv,70%,Preset_37,TCN,42,256,"[160, 192]","[1, 2]",7,1,gelu,False,True,"[False, True]",max,,L2,"[0.2, 0.3]",96,AdamW,,0.0001,5e-05,[0.68794326 2.1920904  0.91725768],0.02,1.0,0.13557,1.11474,0.52273,0.50672,"[0.61538, 0.47619, 0.42857]",130,0.25397,0.98969,0.65909,0.61615,"[0.68421, 0.46154, 0.7027]",98,COMPLETED,8.647
300,20260103_183422,baseline_CASIAB_TOP70.csv,70%,Preset_26,TCN,42,256,"[256, 384, 512, 640]","[1, 2, 4, 8]",5,2,gelu,True,True,"[True, True, True, True]",attention,384.0,L2,"[0.05, 0.05, 0.1, 0.1]",64,AdamW,,0.00015,0.0001,[0.68794326 2.1920904  0.91725768],0.02,1.0,0.12114,1.91675,0.43182,0.35638,"[0.54167, 0.14286, 0.38462]",32,0.12332,1.87916,0.54545,0.4405,"[0.64151, 0.2, 0.48]",26,COMPLETED,5.771
301,20260103_183422,baseline_OUMVLP_TOP70.csv,70%,Preset_26,TCN,42,256,"[256, 384, 512, 640]","[1, 2, 4, 8]",5,2,gelu,True,True,"[True, True, True, True]",attention,384.0,L2,"[0.05, 0.05, 0.1, 0.1]",64,AdamW,,0.00015,0.0001,[0.68794326 2.1920904  0.91725768],0.02,1.0,0.12565,1.90535,0.52273,0.37999,"[0.58824, 0.0, 0.55172]",81,0.27509,1.69894,0.54545,0.56868,"[0.3871, 0.71429, 0.60465]",32,COMPLETED,14.323
302,20260103_183422,gaitgl_TOP70.csv,70%,Preset_26,TCN,42,128,"[256, 384, 512, 640]","[1, 2, 4, 8]",5,2,gelu,True,True,"[True, True, True, True]",attention,384.0,L2,"[0.05, 0.05, 0.1, 0.1]",64,AdamW,,0.00015,0.0001,[0.68794326 2.1920904  0.91725768],0.02,1.0,0.11062,1.70918,0.52273,0.42986,"[0.625, 0.18182, 0.48276]",18,0.13007,1.57651,0.54545,0.45906,"[0.57895, 0.16667, 0.63158]",15,COMPLETED,4.078
303,20260103_183422,gaitgl_GREW_TOP70.csv,70%,Preset_26,TCN,42,256,"[256, 384, 512, 640]","[1, 2, 4, 8]",5,2,gelu,True,True,"[True, True, True, True]",attention,384.0,L2,"[0.05, 0.05, 0.1, 0.1]",64,AdamW,,0.00015,0.0001,[0.68794326 2.1920904  0.91725768],0.02,1.0,0.13688,1.39384,0.54545,0.49304,"[0.6, 0.30769, 0.57143]",24,0.13688,1.39384,0.54545,0.49304,"[0.6, 0.30769, 0.57143]",24,COMPLETED,5.642
304,20260103_183422,gaitgl_GREW_BNNeck_TOP70.csv,70%,Preset_26,TCN,42,256,"[256, 384, 512, 640]","[1, 2, 4, 8]",5,2,gelu,True,True,"[True, True, True, True]",attention,384.0,L2,"[0.05, 0.05, 0.1, 0.1]",64,AdamW,,0.00015,0.0001,[0.68794326 2.1920904  0.91725768],0.02,1.0,0.10994,1.47578,0.54545,0.37456,"[0.67925, 0.0, 0.44444]",32,0.12713,1.53516,0.54545,0.51243,"[0.57895, 0.33333, 0.625]",30,COMPLETED,7.514
305,20260103_183422,gaitgl_OUMVLP_TOP70.csv,70%,Preset_26,TCN,42,256,"[256, 384, 512, 640]","[1, 2, 4, 8]",5,2,gelu,True,True,"[True, True, True, True]",attention,384.0,L2,"[0.05, 0.05, 0.1, 0.1]",64,AdamW,,0.00015,0.0001,[0.68794326 2.1920904  0.91725768],0.02,1.0,0.11485,1.56139,0.47727,0.39867,"[0.60465, 0.15385, 0.4375]",37,0.43958,1.14488,0.54545,0.46081,"[0.60465, 0.22222, 0.55556]",17,COMPLETED,8.593
306,20260103_183422,gaitpart_GREW_TOP70.csv,70%,Preset_26,TCN,42,256,"[256, 384, 512, 640]","[1, 2, 4, 8]",5,2,gelu,True,True,"[True, True, True, True]",attention,384.0,L2,"[0.05, 0.05, 0.1, 0.1]",64,AdamW,,0.00015,0.0001,[0.68794326 2.1920904  0.91725768],0.02,1.0,0.12003,2.14531,0.38636,0.37222,"[0.45, 0.33333, 0.33333]",99,0.11296,2.04751,0.54545,0.51944,"[0.625, 0.53333, 0.4]",92,COMPLETED,15.775
307,20260103_183422,gaitpart_OUMVLP_TOP70.csv,70%,Preset_26,TCN,42,256,"[256, 384, 512, 640]","[1, 2, 4, 8]",5,2,gelu,True,True,"[True, True, True, True]",attention,384.0,L2,"[0.05, 0.05, 0.1, 0.1]",64,AdamW,,0.00015,0.0001,[0.68794326 2.1920904  0.91725768],0.02,1.0,0.13582,1.6334,0.47727,0.40871,"[0.53333, 0.22222, 0.47059]",126,0.48964,1.08153,0.54545,0.53704,"[0.55556, 0.5, 0.55556]",58,COMPLETED,20.168
308,20260103_183422,gaitset_TOP70.csv,70%,Preset_26,TCN,42,256,"[256, 384, 512, 640]","[1, 2, 4, 8]",5,2,gelu,True,True,"[True, True, True, True]",attention,384.0,L2,"[0.05, 0.05, 0.1, 0.1]",64,AdamW,,0.00015,0.0001,[0.68794326 2.1920904  0.91725768],0.02,1.0,0.11934,2.22235,0.38636,0.27019,"[0.49057, 0.0, 0.32]",34,0.34209,1.25937,0.45455,0.42416,"[0.52174, 0.36364, 0.3871]",14,COMPLETED,7.732
309,20260103_183422,gaitset_GREW_TOP70.csv,70%,Preset_26,TCN,42,256,"[256, 384, 512, 640]","[1, 2, 4, 8]",5,2,gelu,True,True,"[True, True, True, True]",attention,384.0,L2,"[0.05, 0.05, 0.1, 0.1]",64,AdamW,,0.00015,0.0001,[0.68794326 2.1920904  0.91725768],0.02,1.0,0.10829,1.30757,0.5,0.37557,"[0.58824, 0.0, 0.53846]",47,0.40657,1.32199,0.5,0.47,"[0.55814, 0.33333, 0.51852]",31,COMPLETED,10.685
310,20260103_183422,gaitset_OUMVLP_TOP70.csv,70%,Preset_26,TCN,42,256,"[256, 384, 512, 640]","[1, 2, 4, 8]",5,2,gelu,True,True,"[True, True, True, True]",attention,384.0,L2,"[0.05, 0.05, 0.1, 0.1]",64,AdamW,,0.00015,0.0001,[0.68794326 2.1920904  0.91725768],0.02,1.0,0.1156,2.15072,0.43182,0.32828,"[0.48485, 0.0, 0.5]",151,0.19106,1.81487,0.45455,0.41706,"[0.51282, 0.22222, 0.51613]",146,COMPLETED,34.429
311,20260103_183422,gln_phase1_TOP70.csv,70%,Preset_26,TCN,42,256,"[256, 384, 512, 640]","[1, 2, 4, 8]",5,2,gelu,True,True,"[True, True, True, True]",attention,384.0,L2,"[0.05, 0.05, 0.1, 0.1]",64,AdamW,,0.00015,0.0001,[0.68794326 2.1920904  0.91725768],0.02,1.0,0.12315,1.57516,0.61364,0.57252,"[0.68293, 0.42857, 0.60606]",40,0.22477,1.35703,0.70455,0.64398,"[0.77778, 0.54545, 0.6087]",21,COMPLETED,11.185
312,20260103_183422,gln_phase2_TOP70.csv,70%,Preset_26,TCN,42,256,"[256, 384, 512, 640]","[1, 2, 4, 8]",5,2,gelu,True,True,"[True, True, True, True]",attention,384.0,L2,"[0.05, 0.05, 0.1, 0.1]",64,AdamW,,0.00015,0.0001,[0.68794326 2.1920904  0.91725768],0.02,1.0,0.1123,1.69922,0.43182,0.30513,"[0.61538, 0.0, 0.3]",35,0.13521,1.51247,0.59091,0.48756,"[0.68085, 0.18182, 0.6]",29,COMPLETED,9.71
313,20260103_183422,baseline_CASIAB_TOP70.csv,70%,Preset_36,TCN,42,256,"[128, 160, 192, 224, 256]","[1, 2, 4, 8, 16]",5,2,gelu,True,True,"[True, True, True, True, True]",max,320.0,,"[None, 0.05, 0.1, 0.1, 0.15]",96,AdamW,,0.0002,0.0,[0.68794326 2.1920904  0.91725768],0.02,1.0,0.10741,1.27545,0.43182,0.37218,"[0.5, 0.14286, 0.47368]",25,0.12225,1.14664,0.52273,0.50615,"[0.60465, 0.5, 0.41379]",21,COMPLETED,3.033
314,20260103_183422,baseline_OUMVLP_TOP70.csv,70%,Preset_36,TCN,42,256,"[128, 160, 192, 224, 256]","[1, 2, 4, 8, 16]",5,2,gelu,True,True,"[True, True, True, True, True]",max,320.0,,"[None, 0.05, 0.1, 0.1, 0.15]",96,AdamW,,0.0002,0.0,[0.68794326 2.1920904  0.91725768],0.02,1.0,0.10807,1.36521,0.45455,0.39647,"[0.52632, 0.11765, 0.54545]",22,0.11724,1.34707,0.56818,0.47937,"[0.57143, 0.2, 0.66667]",19,COMPLETED,2.531
315,20260103_183422,gaitgl_TOP70.csv,70%,Preset_36,TCN,42,128,"[128, 160, 192, 224, 256]","[1, 2, 4, 8, 16]",5,2,gelu,True,True,"[True, True, True, True, True]",max,320.0,,"[None, 0.05, 0.1, 0.1, 0.15]",96,AdamW,,0.0002,0.0,[0.68794326 2.1920904  0.91725768],0.02,1.0,0.10531,1.26323,0.36364,0.33205,"[0.51282, 0.08333, 0.4]",14,0.13849,1.17771,0.47727,0.34444,"[0.5, 0.0, 0.53333]",10,COMPLETED,1.681
316,20260103_183422,gaitgl_GREW_TOP70.csv,70%,Preset_36,TCN,42,256,"[128, 160, 192, 224, 256]","[1, 2, 4, 8, 16]",5,2,gelu,True,True,"[True, True, True, True, True]",max,320.0,,"[None, 0.05, 0.1, 0.1, 0.15]",96,AdamW,,0.0002,0.0,[0.68794326 2.1920904  0.91725768],0.02,1.0,0.10564,1.08618,0.43182,0.31775,"[0.57143, 0.2, 0.18182]",14,0.10565,1.06677,0.5,0.45861,"[0.45714, 0.33333, 0.58537]",13,COMPLETED,1.77
317,20260103_183422,gaitgl_GREW_BNNeck_TOP70.csv,70%,Preset_36,TCN,42,256,"[128, 160, 192, 224, 256]","[1, 2, 4, 8, 16]",5,2,gelu,True,True,"[True, True, True, True, True]",max,320.0,,"[None, 0.05, 0.1, 0.1, 0.15]",96,AdamW,,0.0002,0.0,[0.68794326 2.1920904  0.91725768],0.02,1.0,0.13766,1.60708,0.40909,0.27134,"[0.28571, 0.0, 0.5283]",23,0.48313,1.14435,0.43182,0.37227,"[0.38889, 0.13333, 0.59459]",10,COMPLETED,3.062
318,20260103_183422,gaitgl_OUMVLP_TOP70.csv,70%,Preset_36,TCN,42,256,"[128, 160, 192, 224, 256]","[1, 2, 4, 8, 16]",5,2,gelu,True,True,"[True, True, True, True, True]",max,320.0,,"[None, 0.05, 0.1, 0.1, 0.15]",96,AdamW,,0.0002,0.0,[0.68794326 2.1920904  0.91725768],0.02,1.0,0.11061,1.22571,0.45455,0.34576,"[0.6087, 0.0, 0.42857]",30,0.25952,1.24016,0.5,0.36622,"[0.54545, 0.0, 0.55319]",19,COMPLETED,3.789
319,20260103_183422,gaitpart_GREW_TOP70.csv,70%,Preset_36,TCN,42,256,"[128, 160, 192, 224, 256]","[1, 2, 4, 8, 16]",5,2,gelu,True,True,"[True, True, True, True, True]",max,320.0,,"[None, 0.05, 0.1, 0.1, 0.15]",96,AdamW,,0.0002,0.0,[0.68794326 2.1920904  0.91725768],0.02,1.0,0.12672,1.23032,0.47727,0.34601,"[0.55319, 0.0, 0.48485]",32,0.27742,1.05916,0.5,0.42412,"[0.55, 0.18182, 0.54054]",21,COMPLETED,3.679
320,20260103_183422,gaitpart_OUMVLP_TOP70.csv,70%,Preset_36,TCN,42,256,"[128, 160, 192, 224, 256]","[1, 2, 4, 8, 16]",5,2,gelu,True,True,"[True, True, True, True, True]",max,320.0,,"[None, 0.05, 0.1, 0.1, 0.15]",96,AdamW,,0.0002,0.0,[0.68794326 2.1920904  0.91725768],0.02,1.0,0.13266,1.41766,0.54545,0.51235,"[0.66667, 0.5, 0.37037]",98,0.17399,1.31866,0.63636,0.61775,"[0.68182, 0.57143, 0.6]",84,COMPLETED,10.652
321,20260103_183422,gaitset_TOP70.csv,70%,Preset_36,TCN,42,256,"[128, 160, 192, 224, 256]","[1, 2, 4, 8, 16]",5,2,gelu,True,True,"[True, True, True, True, True]",max,320.0,,"[None, 0.05, 0.1, 0.1, 0.15]",96,AdamW,,0.0002,0.0,[0.68794326 2.1920904  0.91725768],0.02,1.0,0.10981,1.36892,0.45455,0.3157,"[0.56, 0.0, 0.3871]",17,0.26243,1.15635,0.47727,0.34079,"[0.56522, 0.0, 0.45714]",9,COMPLETED,2.193
322,20260103_183422,gaitset_GREW_TOP70.csv,70%,Preset_36,TCN,42,256,"[128, 160, 192, 224, 256]","[1, 2, 4, 8, 16]",5,2,gelu,True,True,"[True, True, True, True, True]",max,320.0,,"[None, 0.05, 0.1, 0.1, 0.15]",96,AdamW,,0.0002,0.0,[0.68794326 2.1920904  0.91725768],0.02,1.0,0.1199,1.21883,0.45455,0.41273,"[0.53659, 0.25, 0.45161]",21,0.12192,1.22936,0.56818,0.45434,"[0.67925, 0.22222, 0.46154]",17,COMPLETED,2.791
323,20260103_183422,gaitset_OUMVLP_TOP70.csv,70%,Preset_36,TCN,42,256,"[128, 160, 192, 224, 256]","[1, 2, 4, 8, 16]",5,2,gelu,True,True,"[True, True, True, True, True]",max,320.0,,"[None, 0.05, 0.1, 0.1, 0.15]",96,AdamW,,0.0002,0.0,[0.68794326 2.1920904  0.91725768],0.02,1.0,0.11207,1.44196,0.52273,0.42832,"[0.66667, 0.16667, 0.45161]",88,0.13358,1.33737,0.56818,0.5276,"[0.66667, 0.4, 0.51613]",74,COMPLETED,10.987
324,20260103_183422,gln_phase1_TOP70.csv,70%,Preset_36,TCN,42,256,"[128, 160, 192, 224, 256]","[1, 2, 4, 8, 16]",5,2,gelu,True,True,"[True, True, True, True, True]",max,320.0,,"[None, 0.05, 0.1, 0.1, 0.15]",96,AdamW,,0.0002,0.0,[0.68794326 2.1920904  0.91725768],0.02,1.0,0.10595,1.22149,0.52273,0.42379,"[0.70588, 0.375, 0.19048]",21,0.10595,1.22149,0.52273,0.42379,"[0.70588, 0.375, 0.19048]",21,COMPLETED,3.171
325,20260103_183422,gln_phase2_TOP70.csv,70%,Preset_36,TCN,42,256,"[128, 160, 192, 224, 256]","[1, 2, 4, 8, 16]",5,2,gelu,True,True,"[True, True, True, True, True]",max,320.0,,"[None, 0.05, 0.1, 0.1, 0.15]",96,AdamW,,0.0002,0.0,[0.68794326 2.1920904  0.91725768],0.02,1.0,0.10595,1.07199,0.54545,0.46217,"[0.51429, 0.25, 0.62222]",18,0.17791,0.89734,0.65909,0.5495,"[0.71429, 0.25, 0.68421]",12,COMPLETED,2.649
326,20260103_183422,baseline_CASIAB_TOP70.csv,70%,Preset_21,TCN,42,256,"[192, 256, 320, 384]","[1, 2, 4, 8]",7,2,gelu,True,True,"[True, True, True, True]",attention,256.0,L2,"[None, 0.1, 0.1, 0.2]",96,AdamW,,0.0002,5e-05,[0.68794326 2.1920904  0.91725768],0.02,1.0,0.11631,1.72452,0.47727,0.34423,"[0.58824, 0.0, 0.44444]",51,0.17474,1.715,0.59091,0.49598,"[0.63158, 0.22222, 0.63415]",42,COMPLETED,6.044
327,20260103_183422,baseline_OUMVLP_TOP70.csv,70%,Preset_21,TCN,42,256,"[192, 256, 320, 384]","[1, 2, 4, 8]",7,2,gelu,True,True,"[True, True, True, True]",attention,256.0,L2,"[None, 0.1, 0.1, 0.2]",96,AdamW,,0.0002,5e-05,[0.68794326 2.1920904  0.91725768],0.02,1.0,0.11055,1.83208,0.47727,0.42434,"[0.57778, 0.26667, 0.42857]",92,0.18118,1.36109,0.54545,0.4955,"[0.48649, 0.33333, 0.66667]",57,COMPLETED,10.786
328,20260103_183422,gaitgl_TOP70.csv,70%,Preset_21,TCN,42,128,"[192, 256, 320, 384]","[1, 2, 4, 8]",7,2,gelu,True,True,"[True, True, True, True]",attention,256.0,L2,"[None, 0.1, 0.1, 0.2]",96,AdamW,,0.0002,5e-05,[0.68794326 2.1920904  0.91725768],0.02,1.0,0.11642,1.89454,0.34091,0.30117,"[0.36842, 0.16667, 0.36842]",23,0.72334,1.08426,0.47727,0.45859,"[0.48649, 0.375, 0.51429]",9,COMPLETED,3.331
329,20260103_183422,gaitgl_GREW_TOP70.csv,70%,Preset_21,TCN,42,256,"[192, 256, 320, 384]","[1, 2, 4, 8]",7,2,gelu,True,True,"[True, True, True, True]",attention,256.0,L2,"[None, 0.1, 0.1, 0.2]",96,AdamW,,0.0002,5e-05,[0.68794326 2.1920904  0.91725768],0.02,1.0,0.11472,1.62296,0.40909,0.33078,"[0.55319, 0.14286, 0.2963]",19,0.21369,1.44657,0.52273,0.43729,"[0.59574, 0.2, 0.51613]",13,COMPLETED,2.895
330,20260103_183422,gaitgl_GREW_BNNeck_TOP70.csv,70%,Preset_21,TCN,42,256,"[192, 256, 320, 384]","[1, 2, 4, 8]",7,2,gelu,True,True,"[True, True, True, True]",attention,256.0,L2,"[None, 0.1, 0.1, 0.2]",96,AdamW,,0.0002,5e-05,[0.68794326 2.1920904  0.91725768],0.02,1.0,0.1101,1.81368,0.45455,0.33019,"[0.55814, 0.0, 0.43243]",39,0.30755,1.43847,0.5,0.44052,"[0.58824, 0.33333, 0.4]",17,COMPLETED,5.932
331,20260103_183422,gaitgl_OUMVLP_TOP70.csv,70%,Preset_21,TCN,42,256,"[192, 256, 320, 384]","[1, 2, 4, 8]",7,2,gelu,True,True,"[True, True, True, True]",attention,256.0,L2,"[None, 0.1, 0.1, 0.2]",96,AdamW,,0.0002,5e-05,[0.68794326 2.1920904  0.91725768],0.02,1.0,0.12007,1.55071,0.40909,0.35622,"[0.42105, 0.13333, 0.51429]",49,0.12898,1.40412,0.52273,0.44414,"[0.55, 0.15385, 0.62857]",46,COMPLETED,7.359
332,20260103_183422,gaitpart_GREW_TOP70.csv,70%,Preset_21,TCN,42,256,"[192, 256, 320, 384]","[1, 2, 4, 8]",7,2,gelu,True,True,"[True, True, True, True]",attention,256.0,L2,"[None, 0.1, 0.1, 0.2]",96,AdamW,,0.0002,5e-05,[0.68794326 2.1920904  0.91725768],0.02,1.0,0.11089,1.91531,0.54545,0.51996,"[0.6383, 0.58824, 0.33333]",89,0.51561,1.11401,0.65909,0.64846,"[0.64706, 0.61538, 0.68293]",41,COMPLETED,9.409
333,20260103_183422,gaitpart_OUMVLP_TOP70.csv,70%,Preset_21,TCN,42,256,"[192, 256, 320, 384]","[1, 2, 4, 8]",7,2,gelu,True,True,"[True, True, True, True]",attention,256.0,L2,"[None, 0.1, 0.1, 0.2]",96,AdamW,,0.0002,5e-05,[0.68794326 2.1920904  0.91725768],0.02,1.0,0.10962,1.91643,0.5,0.46199,"[0.52632, 0.33333, 0.52632]",145,0.21156,1.32884,0.59091,0.53965,"[0.6383, 0.4, 0.58065]",92,COMPLETED,15.286
334,20260103_183422,gaitset_TOP70.csv,70%,Preset_21,TCN,42,256,"[192, 256, 320, 384]","[1, 2, 4, 8]",7,2,gelu,True,True,"[True, True, True, True]",attention,256.0,L2,"[None, 0.1, 0.1, 0.2]",96,AdamW,,0.0002,5e-05,[0.68794326 2.1920904  0.91725768],0.02,1.0,0.10814,2.24072,0.45455,0.37605,"[0.58333, 0.22222, 0.32258]",52,0.16001,1.94439,0.54545,0.52817,"[0.65116, 0.53333, 0.4]",28,COMPLETED,7.725
335,20260103_183422,gaitset_GREW_TOP70.csv,70%,Preset_21,TCN,42,256,"[192, 256, 320, 384]","[1, 2, 4, 8]",7,2,gelu,True,True,"[True, True, True, True]",attention,256.0,L2,"[None, 0.1, 0.1, 0.2]",96,AdamW,,0.0002,5e-05,[0.68794326 2.1920904  0.91725768],0.02,1.0,0.10395,1.75543,0.52273,0.44314,"[0.52941, 0.22222, 0.57778]",53,0.10395,1.75543,0.52273,0.44314,"[0.52941, 0.22222, 0.57778]",53,COMPLETED,7.938
336,20260103_183422,gaitset_OUMVLP_TOP70.csv,70%,Preset_21,TCN,42,256,"[192, 256, 320, 384]","[1, 2, 4, 8]",7,2,gelu,True,True,"[True, True, True, True]",attention,256.0,L2,"[None, 0.1, 0.1, 0.2]",96,AdamW,,0.0002,5e-05,[0.68794326 2.1920904  0.91725768],0.02,1.0,0.11825,1.85519,0.56818,0.38619,"[0.67857, 0.0, 0.48]",223,0.19997,1.61279,0.59091,0.52197,"[0.68085, 0.33333, 0.55172]",215,COMPLETED,32.956
337,20260103_183422,gln_phase1_TOP70.csv,70%,Preset_21,TCN,42,256,"[192, 256, 320, 384]","[1, 2, 4, 8]",7,2,gelu,True,True,"[True, True, True, True]",attention,256.0,L2,"[None, 0.1, 0.1, 0.2]",96,AdamW,,0.0002,5e-05,[0.68794326 2.1920904  0.91725768],0.02,1.0,0.12458,1.76972,0.54545,0.492,"[0.57895, 0.25, 0.64706]",63,0.62042,1.11986,0.59091,0.52594,"[0.68085, 0.36364, 0.53333]",15,COMPLETED,11.683
338,20260103_183422,gln_phase2_TOP70.csv,70%,Preset_21,TCN,42,256,"[192, 256, 320, 384]","[1, 2, 4, 8]",7,2,gelu,True,True,"[True, True, True, True]",attention,256.0,L2,"[None, 0.1, 0.1, 0.2]",96,AdamW,,0.0002,5e-05,[0.68794326 2.1920904  0.91725768],0.02,1.0,0.13533,1.60056,0.52273,0.38173,"[0.60465, 0.0, 0.54054]",59,0.2071,1.70671,0.54545,0.49392,"[0.63415, 0.33333, 0.51429]",28,COMPLETED,10.978
365,20260103_183422,baseline_CASIAB_TOP70.csv,70%,Preset_2,TCN,42,256,"[256, 256, 384, 384]","[1, 2, 2, 4]",7,3,gelu,True,True,"[True, True, True, True]",last,256.0,L2,"[0.1, 0.1, 0.2, 0.2]",96,AdamW,,0.0002,5e-05,[0.68794326 2.1920904  0.91725768],0.02,1.0,0.12854,2.7195,0.34091,0.29981,"[0.24242, 0.22222, 0.43478]",62,0.10578,2.41448,0.45455,0.41956,"[0.48649, 0.28571, 0.48649]",60,COMPLETED,7.423
366,20260103_183422,baseline_OUMVLP_TOP70.csv,70%,Preset_2,TCN,42,256,"[256, 256, 384, 384]","[1, 2, 2, 4]",7,3,gelu,True,True,"[True, True, True, True]",last,256.0,L2,"[0.1, 0.1, 0.2, 0.2]",96,AdamW,,0.0002,5e-05,[0.68794326 2.1920904  0.91725768],0.02,1.0,0.1118,1.44436,0.63636,0.53472,"[0.66667, 0.25, 0.6875]",76,0.17463,1.15892,0.59091,0.53965,"[0.6383, 0.4, 0.58065]",50,COMPLETED,8.897
367,20260103_183422,gaitgl_TOP70.csv,70%,Preset_2,TCN,42,128,"[256, 256, 384, 384]","[1, 2, 2, 4]",7,3,gelu,True,True,"[True, True, True, True]",last,256.0,L2,"[0.1, 0.1, 0.2, 0.2]",96,AdamW,,0.0002,5e-05,[0.68794326 2.1920904  0.91725768],0.02,1.0,0.12733,2.06258,0.38636,0.28095,"[0.5, 0.0, 0.34286]",21,0.25172,1.61947,0.47727,0.43696,"[0.65, 0.4, 0.26087]",13,COMPLETED,3.119
368,20260103_183422,gaitgl_GREW_TOP70.csv,70%,Preset_2,TCN,42,256,"[256, 256, 384, 384]","[1, 2, 2, 4]",7,3,gelu,True,True,"[True, True, True, True]",last,256.0,L2,"[0.1, 0.1, 0.2, 0.2]",96,AdamW,,0.0002,5e-05,[0.68794326 2.1920904  0.91725768],0.02,1.0,0.11638,1.45573,0.59091,0.53246,"[0.61538, 0.33333, 0.64865]",22,0.14018,1.35026,0.68182,0.66743,"[0.68421, 0.61538, 0.7027]",17,COMPLETED,3.456
369,20260103_183422,gaitgl_GREW_BNNeck_TOP70.csv,70%,Preset_2,TCN,42,256,"[256, 256, 384, 384]","[1, 2, 2, 4]",7,3,gelu,True,True,"[True, True, True, True]",last,256.0,L2,"[0.1, 0.1, 0.2, 0.2]",96,AdamW,,0.0002,5e-05,[0.68794326 2.1920904  0.91725768],0.02,1.0,0.12809,1.62649,0.61364,0.55206,"[0.70588, 0.42857, 0.52174]",37,0.12809,1.62649,0.61364,0.55206,"[0.70588, 0.42857, 0.52174]",37,COMPLETED,5.706
370,20260103_183422,gaitgl_OUMVLP_TOP70.csv,70%,Preset_2,TCN,42,256,"[256, 256, 384, 384]","[1, 2, 2, 4]",7,3,gelu,True,True,"[True, True, True, True]",last,256.0,L2,"[0.1, 0.1, 0.2, 0.2]",96,AdamW,,0.0002,5e-05,[0.68794326 2.1920904  0.91725768],0.02,1.0,0.13243,1.7088,0.54545,0.39898,"[0.6087, 0.0, 0.58824]",93,0.27365,1.84384,0.5,0.439,"[0.5, 0.11111, 0.70588]",74,COMPLETED,14.223
371,20260103_183422,gaitpart_GREW_TOP70.csv,70%,Preset_2,TCN,42,256,"[256, 256, 384, 384]","[1, 2, 2, 4]",7,3,gelu,True,True,"[True, True, True, True]",last,256.0,L2,"[0.1, 0.1, 0.2, 0.2]",96,AdamW,,0.0002,5e-05,[0.68794326 2.1920904  0.91725768],0.02,1.0,0.117,2.68619,0.43182,0.42388,"[0.45714, 0.34783, 0.46667]",83,0.20746,1.86931,0.59091,0.51389,"[0.70833, 0.33333, 0.5]",60,COMPLETED,9.085
372,20260103_183422,gaitpart_OUMVLP_TOP70.csv,70%,Preset_2,TCN,42,256,"[256, 256, 384, 384]","[1, 2, 2, 4]",7,3,gelu,True,True,"[True, True, True, True]",last,256.0,L2,"[0.1, 0.1, 0.2, 0.2]",96,AdamW,,0.0002,5e-05,[0.68794326 2.1920904  0.91725768],0.02,1.0,0.11098,2.26747,0.43182,0.40526,"[0.5, 0.31579, 0.4]",327,0.70912,1.17147,0.56818,0.50998,"[0.65116, 0.33333, 0.54545]",138,COMPLETED,35.152
373,20260103_183422,gaitset_TOP70.csv,70%,Preset_2,TCN,42,256,"[256, 256, 384, 384]","[1, 2, 2, 4]",7,3,gelu,True,True,"[True, True, True, True]",last,256.0,L2,"[0.1, 0.1, 0.2, 0.2]",96,AdamW,,0.0002,5e-05,[0.68794326 2.1920904  0.91725768],0.02,1.0,0.11806,2.18474,0.40909,0.31795,"[0.56, 0.15385, 0.24]",48,0.38501,1.63917,0.63636,0.61994,"[0.53333, 0.61538, 0.71111]",37,COMPLETED,7.181
374,20260103_183422,gaitset_GREW_TOP70.csv,70%,Preset_2,TCN,42,256,"[256, 256, 384, 384]","[1, 2, 2, 4]",7,3,gelu,True,True,"[True, True, True, True]",last,256.0,L2,"[0.1, 0.1, 0.2, 0.2]",96,AdamW,,0.0002,5e-05,[0.68794326 2.1920904  0.91725768],0.02,1.0,0.12598,2.53069,0.31818,0.28788,"[0.40909, 0.18182, 0.27273]",55,0.17902,1.69987,0.59091,0.48237,"[0.69388, 0.18182, 0.57143]",45,COMPLETED,8.283
375,20260103_183422,gaitset_OUMVLP_TOP70.csv,70%,Preset_2,TCN,42,256,"[256, 256, 384, 384]","[1, 2, 2, 4]",7,3,gelu,True,True,"[True, True, True, True]",last,256.0,L2,"[0.1, 0.1, 0.2, 0.2]",96,AdamW,,0.0002,5e-05,[0.68794326 2.1920904  0.91725768],0.02,1.0,0.10373,2.1708,0.47727,0.47193,"[0.48649, 0.44444, 0.48485]",264,0.14789,1.77976,0.59091,0.5755,"[0.66667, 0.61538, 0.44444]",222,COMPLETED,39.485
376,20260103_183422,gln_phase1_TOP70.csv,70%,Preset_2,TCN,42,256,"[256, 256, 384, 384]","[1, 2, 2, 4]",7,3,gelu,True,True,"[True, True, True, True]",last,256.0,L2,"[0.1, 0.1, 0.2, 0.2]",96,AdamW,,0.0002,5e-05,[0.68794326 2.1920904  0.91725768],0.02,1.0,0.1046,1.48181,0.61364,0.57341,"[0.66667, 0.42857, 0.625]",56,0.20042,1.20136,0.63636,0.61591,"[0.69388, 0.61538, 0.53846]",39,COMPLETED,10.455
377,20260103_183422,gln_phase2_TOP70.csv,70%,Preset_2,TCN,42,256,"[256, 256, 384, 384]","[1, 2, 2, 4]",7,3,gelu,True,True,"[True, True, True, True]",last,256.0,L2,"[0.1, 0.1, 0.2, 0.2]",96,AdamW,,0.0002,5e-05,[0.68794326 2.1920904  0.91725768],0.02,1.0,0.12792,2.14413,0.47727,0.43838,"[0.5, 0.28571, 0.52941]",46,0.67568,1.22168,0.5,0.46218,"[0.52381, 0.33333, 0.52941]",19,COMPLETED,8.44
391,20260103_183422,baseline_CASIAB_TOP70.csv,70%,Preset_8,TCN,42,256,"[512, 512, 512, 512]","[1, 2, 4, 8]",5,2,gelu,True,True,"[True, True, True, True]",max,256.0,minmax,"[None, 0.05, 0.1, 0.1]",96,AdamW,,0.00015,1e-05,[0.68794326 2.1920904  0.91725768],0.02,1.0,0.10988,1.60132,0.47727,0.40427,"[0.54902, 0.25, 0.41379]",95,0.11014,1.66471,0.5,0.40494,"[0.59259, 0.22222, 0.4]",94,COMPLETED,14.45
392,20260103_183422,baseline_OUMVLP_TOP70.csv,70%,Preset_8,TCN,42,256,"[512, 512, 512, 512]","[1, 2, 4, 8]",5,2,gelu,True,True,"[True, True, True, True]",max,256.0,minmax,"[None, 0.05, 0.1, 0.1]",96,AdamW,,0.00015,1e-05,[0.68794326 2.1920904  0.91725768],0.02,1.0,0.11128,1.49831,0.45455,0.38364,"[0.54545, 0.15385, 0.45161]",122,0.2197,1.46444,0.54545,0.47912,"[0.65217, 0.26667, 0.51852]",96,COMPLETED,18.059
393,20260103_183422,gaitgl_TOP70.csv,70%,Preset_8,TCN,42,128,"[512, 512, 512, 512]","[1, 2, 4, 8]",5,2,gelu,True,True,"[True, True, True, True]",max,256.0,minmax,"[None, 0.05, 0.1, 0.1]",96,AdamW,,0.00015,1e-05,[0.68794326 2.1920904  0.91725768],0.02,1.0,0.11002,1.70407,0.31818,0.31905,"[0.33333, 0.35714, 0.26667]",49,0.16781,1.57093,0.43182,0.42893,"[0.52941, 0.43478, 0.32258]",44,COMPLETED,10.056
394,20260103_183422,gaitgl_GREW_TOP70.csv,70%,Preset_8,TCN,42,256,"[512, 512, 512, 512]","[1, 2, 4, 8]",5,2,gelu,True,True,"[True, True, True, True]",max,256.0,minmax,"[None, 0.05, 0.1, 0.1]",96,AdamW,,0.00015,1e-05,[0.68794326 2.1920904  0.91725768],0.02,1.0,0.13753,1.32482,0.47727,0.42849,"[0.4, 0.30769, 0.57778]",43,0.28949,1.10053,0.5,0.4433,"[0.62222, 0.30769, 0.4]",32,COMPLETED,9.092
395,20260103_183422,gaitgl_GREW_BNNeck_TOP70.csv,70%,Preset_8,TCN,42,256,"[512, 512, 512, 512]","[1, 2, 4, 8]",5,2,gelu,True,True,"[True, True, True, True]",max,256.0,minmax,"[None, 0.05, 0.1, 0.1]",96,AdamW,,0.00015,1e-05,[0.68794326 2.1920904  0.91725768],0.02,1.0,0.11315,1.56563,0.43182,0.38533,"[0.54545, 0.21053, 0.4]",106,0.57579,1.30303,0.52273,0.4098,"[0.63158, 0.25, 0.34783]",67,COMPLETED,22.502
396,20260103_183422,gaitgl_OUMVLP_TOP70.csv,70%,Preset_8,TCN,42,256,"[512, 512, 512, 512]","[1, 2, 4, 8]",5,2,gelu,True,True,"[True, True, True, True]",max,256.0,minmax,"[None, 0.05, 0.1, 0.1]",96,AdamW,,0.00015,1e-05,[0.68794326 2.1920904  0.91725768],0.02,1.0,0.11899,1.72711,0.45455,0.33862,"[0.57143, 0.0, 0.44444]",172,0.11181,1.80132,0.47727,0.4071,"[0.57778, 0.125, 0.51852]",170,COMPLETED,36.224
397,20260103_183422,gaitpart_GREW_TOP70.csv,70%,Preset_8,TCN,42,256,"[512, 512, 512, 512]","[1, 2, 4, 8]",5,2,gelu,True,True,"[True, True, True, True]",max,256.0,minmax,"[None, 0.05, 0.1, 0.1]",96,AdamW,,0.00015,1e-05,[0.68794326 2.1920904  0.91725768],0.02,1.0,0.11022,1.54676,0.56818,0.52189,"[0.66667, 0.44444, 0.45455]",119,0.19802,1.82309,0.56818,0.53557,"[0.65217, 0.5, 0.45455]",101,COMPLETED,13.889
398,20260103_183422,gaitpart_OUMVLP_TOP70.csv,70%,Preset_8,TCN,42,256,"[512, 512, 512, 512]","[1, 2, 4, 8]",5,2,gelu,True,True,"[True, True, True, True]",max,256.0,minmax,"[None, 0.05, 0.1, 0.1]",96,AdamW,,0.00015,1e-05,[0.68794326 2.1920904  0.91725768],0.02,1.0,0.11041,1.64876,0.54545,0.47708,"[0.68182, 0.26667, 0.48276]",315,0.13157,1.38968,0.70455,0.63766,"[0.73171, 0.44444, 0.73684]",289,COMPLETED,36.734
399,20260103_183422,gaitset_TOP70.csv,70%,Preset_8,TCN,42,256,"[512, 512, 512, 512]","[1, 2, 4, 8]",5,2,gelu,True,True,"[True, True, True, True]",max,256.0,minmax,"[None, 0.05, 0.1, 0.1]",96,AdamW,,0.00015,1e-05,[0.68794326 2.1920904  0.91725768],0.02,1.0,0.11692,1.6098,0.40909,0.35877,"[0.53333, 0.23529, 0.30769]",88,0.41044,1.28026,0.5,0.47944,"[0.45161, 0.42857, 0.55814]",50,COMPLETED,18.079
400,20260103_183422,gaitset_GREW_TOP70.csv,70%,Preset_8,TCN,42,256,"[512, 512, 512, 512]","[1, 2, 4, 8]",5,2,gelu,True,True,"[True, True, True, True]",max,256.0,minmax,"[None, 0.05, 0.1, 0.1]",96,AdamW,,0.00015,1e-05,[0.68794326 2.1920904  0.91725768],0.02,1.0,0.13323,1.64356,0.43182,0.40159,"[0.51429, 0.19048, 0.5]",118,0.13323,1.64356,0.43182,0.40159,"[0.51429, 0.19048, 0.5]",118,COMPLETED,24.156
401,20260103_183422,gaitset_OUMVLP_TOP70.csv,70%,Preset_8,TCN,42,256,"[512, 512, 512, 512]","[1, 2, 4, 8]",5,2,gelu,True,True,"[True, True, True, True]",max,256.0,minmax,"[None, 0.05, 0.1, 0.1]",96,AdamW,,0.00015,1e-05,[0.68794326 2.1920904  0.91725768],0.02,1.0,0.11965,1.62462,0.54545,0.38286,"[0.72, 0.0, 0.42857]",382,0.16311,1.70065,0.56818,0.50831,"[0.78049, 0.3, 0.44444]",359,COMPLETED,78.144
402,20260103_183422,gln_phase1_TOP70.csv,70%,Preset_8,TCN,42,256,"[512, 512, 512, 512]","[1, 2, 4, 8]",5,2,gelu,True,True,"[True, True, True, True]",max,256.0,minmax,"[None, 0.05, 0.1, 0.1]",96,AdamW,,0.00015,1e-05,[0.68794326 2.1920904  0.91725768],0.02,1.0,0.13839,1.11018,0.52273,0.44558,"[0.66667, 0.23529, 0.43478]",100,0.13677,1.08852,0.59091,0.45646,"[0.66667, 0.0, 0.7027]",86,COMPLETED,26.009
403,20260103_183422,gln_phase2_TOP70.csv,70%,Preset_8,TCN,42,256,"[512, 512, 512, 512]","[1, 2, 4, 8]",5,2,gelu,True,True,"[True, True, True, True]",max,256.0,minmax,"[None, 0.05, 0.1, 0.1]",96,AdamW,,0.00015,1e-05,[0.68794326 2.1920904  0.91725768],0.02,1.0,0.12082,1.58717,0.54545,0.44264,"[0.67857, 0.36364, 0.28571]",92,0.49079,0.97215,0.61364,0.55556,"[0.66667, 0.4, 0.6]",46,COMPLETED,23.996
430,20260103_183422,baseline_CASIAB_TOP70.csv,70%,Preset_39,TCN,42,256,"[512, 640, 768]","[2, 4, 8]",3,2,mish,True,False,"[True, True, True]",attention,256.0,L2,"[0.05, 0.1, 0.1]",96,Adam,,0.0001,1e-05,[0.68794326 2.1920904  0.91725768],0.02,1.0,0.11263,1.76712,0.38636,0.33491,"[0.5, 0.11765, 0.3871]",59,0.11482,1.77178,0.47727,0.44147,"[0.57143, 0.19048, 0.5625]",53,COMPLETED,8.256
431,20260103_183422,baseline_OUMVLP_TOP70.csv,70%,Preset_39,TCN,42,256,"[512, 640, 768]","[2, 4, 8]",3,2,mish,True,False,"[True, True, True]",attention,256.0,L2,"[0.05, 0.1, 0.1]",96,Adam,,0.0001,1e-05,[0.68794326 2.1920904  0.91725768],0.02,1.0,0.13665,2.16404,0.43182,0.38568,"[0.52174, 0.23529, 0.4]",101,0.3833,1.39166,0.52273,0.47321,"[0.57143, 0.28571, 0.5625]",45,COMPLETED,14.107
432,20260103_183422,gaitgl_TOP70.csv,70%,Preset_39,TCN,42,128,"[512, 640, 768]","[2, 4, 8]",3,2,mish,True,False,"[True, True, True]",attention,256.0,L2,"[0.05, 0.1, 0.1]",96,Adam,,0.0001,1e-05,[0.68794326 2.1920904  0.91725768],0.02,1.0,0.13534,2.54127,0.40909,0.2069,"[0.62069, 0.0, 0.0]",25,0.1457,1.99108,0.43182,0.40018,"[0.55, 0.30769, 0.34286]",18,COMPLETED,4.731
433,20260103_183422,gaitgl_GREW_TOP70.csv,70%,Preset_39,TCN,42,256,"[512, 640, 768]","[2, 4, 8]",3,2,mish,True,False,"[True, True, True]",attention,256.0,L2,"[0.05, 0.1, 0.1]",96,Adam,,0.0001,1e-05,[0.68794326 2.1920904  0.91725768],0.02,1.0,0.11005,2.34548,0.40909,0.2656,"[0.56604, 0.0, 0.23077]",26,0.50335,1.31135,0.43182,0.32456,"[0.47368, 0.0, 0.5]",12,COMPLETED,5.024
434,20260103_183422,gaitgl_GREW_BNNeck_TOP70.csv,70%,Preset_39,TCN,42,256,"[512, 640, 768]","[2, 4, 8]",3,2,mish,True,False,"[True, True, True]",attention,256.0,L2,"[0.05, 0.1, 0.1]",96,Adam,,0.0001,1e-05,[0.68794326 2.1920904  0.91725768],0.02,1.0,0.11135,1.90717,0.47727,0.45159,"[0.6, 0.32, 0.43478]",37,0.1512,1.64678,0.54545,0.49708,"[0.6383, 0.35294, 0.5]",29,COMPLETED,7.178
435,20260103_183422,gaitgl_OUMVLP_TOP70.csv,70%,Preset_39,TCN,42,256,"[512, 640, 768]","[2, 4, 8]",3,2,mish,True,False,"[True, True, True]",attention,256.0,L2,"[0.05, 0.1, 0.1]",96,Adam,,0.0001,1e-05,[0.68794326 2.1920904  0.91725768],0.02,1.0,0.12179,1.69813,0.5,0.44776,"[0.59091, 0.28571, 0.46667]",49,0.19946,1.34841,0.63636,0.56946,"[0.69767, 0.36364, 0.64706]",36,COMPLETED,9.5
436,20260103_183422,gaitpart_GREW_TOP70.csv,70%,Preset_39,TCN,42,256,"[512, 640, 768]","[2, 4, 8]",3,2,mish,True,False,"[True, True, True]",attention,256.0,L2,"[0.05, 0.1, 0.1]",96,Adam,,0.0001,1e-05,[0.68794326 2.1920904  0.91725768],0.02,1.0,0.12902,2.20412,0.45455,0.44425,"[0.51429, 0.38095, 0.4375]",77,0.12902,2.20412,0.45455,0.44425,"[0.51429, 0.38095, 0.4375]",77,COMPLETED,8.911
437,20260103_183422,gaitpart_OUMVLP_TOP70.csv,70%,Preset_39,TCN,42,256,"[512, 640, 768]","[2, 4, 8]",3,2,mish,True,False,"[True, True, True]",attention,256.0,L2,"[0.05, 0.1, 0.1]",96,Adam,,0.0001,1e-05,[0.68794326 2.1920904  0.91725768],0.02,1.0,0.12138,1.40979,0.59091,0.59316,"[0.61538, 0.6, 0.5641]",140,0.12138,1.40979,0.59091,0.59316,"[0.61538, 0.6, 0.5641]",140,COMPLETED,16.224
438,20260103_183422,gaitset_TOP70.csv,70%,Preset_39,TCN,42,256,"[512, 640, 768]","[2, 4, 8]",3,2,mish,True,False,"[True, True, True]",attention,256.0,L2,"[0.05, 0.1, 0.1]",96,Adam,,0.0001,1e-05,[0.68794326 2.1920904  0.91725768],0.02,1.0,0.10698,2.05802,0.43182,0.35611,"[0.55319, 0.18182, 0.33333]",56,0.57334,1.31891,0.47727,0.38406,"[0.6, 0.18182, 0.37037]",14,COMPLETED,10.645
439,20260103_183422,gaitset_GREW_TOP70.csv,70%,Preset_39,TCN,42,256,"[512, 640, 768]","[2, 4, 8]",3,2,mish,True,False,"[True, True, True]",attention,256.0,L2,"[0.05, 0.1, 0.1]",96,Adam,,0.0001,1e-05,[0.68794326 2.1920904  0.91725768],0.02,1.0,0.13216,1.83101,0.36364,0.29554,"[0.4898, 0.11111, 0.28571]",81,0.16601,1.5064,0.54545,0.40408,"[0.61224, 0.0, 0.6]",76,COMPLETED,15.438
440,20260103_183422,gaitset_OUMVLP_TOP70.csv,70%,Preset_39,TCN,42,256,"[512, 640, 768]","[2, 4, 8]",3,2,mish,True,False,"[True, True, True]",attention,256.0,L2,"[0.05, 0.1, 0.1]",96,Adam,,0.0001,1e-05,[0.68794326 2.1920904  0.91725768],0.02,1.0,0.12633,2.14906,0.36364,0.32871,"[0.46512, 0.23529, 0.28571]",136,0.21984,1.99564,0.5,0.42283,"[0.62745, 0.30769, 0.33333]",119,COMPLETED,25.714
441,20260103_183422,gln_phase1_TOP70.csv,70%,Preset_39,TCN,42,256,"[512, 640, 768]","[2, 4, 8]",3,2,mish,True,False,"[True, True, True]",attention,256.0,L2,"[0.05, 0.1, 0.1]",96,Adam,,0.0001,1e-05,[0.68794326 2.1920904  0.91725768],0.02,1.0,0.11514,2.23845,0.40909,0.25459,"[0.60377, 0.0, 0.16]",61,0.16689,2.06063,0.5,0.45359,"[0.58333, 0.36364, 0.41379]",42,COMPLETED,14.682
442,20260103_183422,gln_phase2_TOP70.csv,70%,Preset_39,TCN,42,256,"[512, 640, 768]","[2, 4, 8]",3,2,mish,True,False,"[True, True, True]",attention,256.0,L2,"[0.05, 0.1, 0.1]",96,Adam,,0.0001,1e-05,[0.68794326 2.1920904  0.91725768],0.02,1.0,0.11581,1.73321,0.47727,0.40278,"[0.6383, 0.22222, 0.34783]",55,0.17075,1.75957,0.54545,0.48302,"[0.68293, 0.25, 0.51613]",43,COMPLETED,13.321
456,20260103_183422,baseline_CASIAB_TOP70.csv,70%,Preset_24,TCN,42,256,"[256, 256]","[1, 4]",7,3,gelu,True,True,"[True, True]",max,256.0,minmax,"[0.1, 0.1]",96,AdamW,,0.00015,5e-06,[0.68794326 2.1920904  0.91725768],0.02,1.0,0.13365,1.86083,0.36364,0.31854,"[0.52381, 0.25, 0.18182]",139,0.74233,1.00633,0.5,0.46296,"[0.5, 0.33333, 0.55556]",49,COMPLETED,10.983
457,20260103_183422,baseline_OUMVLP_TOP70.csv,70%,Preset_24,TCN,42,256,"[256, 256]","[1, 4]",7,3,gelu,True,True,"[True, True]",max,256.0,minmax,"[0.1, 0.1]",96,AdamW,,0.00015,5e-06,[0.68794326 2.1920904  0.91725768],0.02,1.0,0.11803,1.59136,0.47727,0.39879,"[0.59091, 0.15385, 0.45161]",172,0.19026,1.53938,0.54545,0.482,"[0.6383, 0.30769, 0.5]",119,COMPLETED,13.765
458,20260103_183422,gaitgl_TOP70.csv,70%,Preset_24,TCN,42,128,"[256, 256]","[1, 4]",7,3,gelu,True,True,"[True, True]",max,256.0,minmax,"[0.1, 0.1]",96,AdamW,,0.00015,5e-06,[0.68794326 2.1920904  0.91725768],0.02,1.0,0.12607,1.47324,0.45455,0.33078,"[0.52174, 0.0, 0.47059]",71,0.14818,1.42322,0.47727,0.34593,"[0.4878, 0.0, 0.55]",64,COMPLETED,6.149
459,20260103_183422,gaitgl_GREW_TOP70.csv,70%,Preset_24,TCN,42,256,"[256, 256]","[1, 4]",7,3,gelu,True,True,"[True, True]",max,256.0,minmax,"[0.1, 0.1]",96,AdamW,,0.00015,5e-06,[0.68794326 2.1920904  0.91725768],0.02,1.0,0.11804,1.2682,0.47727,0.34028,"[0.58333, 0.0, 0.4375]",65,0.13519,1.29763,0.5,0.44502,"[0.61224, 0.375, 0.34783]",61,COMPLETED,6.221
460,20260103_183422,gaitgl_GREW_BNNeck_TOP70.csv,70%,Preset_24,TCN,42,256,"[256, 256]","[1, 4]",7,3,gelu,True,True,"[True, True]",max,256.0,minmax,"[0.1, 0.1]",96,AdamW,,0.00015,5e-06,[0.68794326 2.1920904  0.91725768],0.02,1.0,0.12125,1.90473,0.40909,0.34127,"[0.53333, 0.13333, 0.35714]",140,0.30452,1.55228,0.5,0.42835,"[0.55, 0.22222, 0.51282]",100,COMPLETED,13.223
461,20260103_183422,gaitgl_OUMVLP_TOP70.csv,70%,Preset_24,TCN,42,256,"[256, 256]","[1, 4]",7,3,gelu,True,True,"[True, True]",max,256.0,minmax,"[0.1, 0.1]",96,AdamW,,0.00015,5e-06,[0.68794326 2.1920904  0.91725768],0.02,1.0,0.13179,1.14012,0.52273,0.472,"[0.58537, 0.25, 0.58065]",186,0.19874,1.32235,0.61364,0.49739,"[0.7037, 0.25, 0.53846]",153,COMPLETED,17.549
462,20260103_183422,gaitpart_GREW_TOP70.csv,70%,Preset_24,TCN,42,256,"[256, 256]","[1, 4]",7,3,gelu,True,True,"[True, True]",max,256.0,minmax,"[0.1, 0.1]",96,AdamW,,0.00015,5e-06,[0.68794326 2.1920904  0.91725768],0.02,1.0,0.13379,1.99557,0.45455,0.41414,"[0.54167, 0.35294, 0.34783]",169,0.48915,1.19457,0.52273,0.51036,"[0.59091, 0.55556, 0.38462]",79,COMPLETED,12.072
463,20260103_183422,gaitpart_OUMVLP_TOP70.csv,70%,Preset_24,TCN,42,256,"[256, 256]","[1, 4]",7,3,gelu,True,True,"[True, True]",max,256.0,minmax,"[0.1, 0.1]",96,AdamW,,0.00015,5e-06,[0.68794326 2.1920904  0.91725768],0.02,1.0,0.13972,1.4827,0.54545,0.45351,"[0.6383, 0.22222, 0.5]",393,0.51245,1.10862,0.61364,0.59333,"[0.68, 0.6, 0.5]",179,COMPLETED,29.074
464,20260103_183422,gaitset_TOP70.csv,70%,Preset_24,TCN,42,256,"[256, 256]","[1, 4]",7,3,gelu,True,True,"[True, True]",max,256.0,minmax,"[0.1, 0.1]",96,AdamW,,0.00015,5e-06,[0.68794326 2.1920904  0.91725768],0.02,1.0,0.13575,1.95328,0.40909,0.24845,"[0.57143, 0.0, 0.17391]",132,0.27661,1.5258,0.45455,0.39382,"[0.59574, 0.3, 0.28571]",85,COMPLETED,12.279
465,20260103_183422,gaitset_GREW_TOP70.csv,70%,Preset_24,TCN,42,256,"[256, 256]","[1, 4]",7,3,gelu,True,True,"[True, True]",max,256.0,minmax,"[0.1, 0.1]",96,AdamW,,0.00015,5e-06,[0.68794326 2.1920904  0.91725768],0.02,1.0,0.11815,1.71267,0.47727,0.40404,"[0.54545, 0.18182, 0.48485]",141,0.31818,1.51992,0.45455,0.45012,"[0.48485, 0.42105, 0.44444]",89,COMPLETED,13.155
466,20260103_183422,gaitset_OUMVLP_TOP70.csv,70%,Preset_24,TCN,42,256,"[256, 256]","[1, 4]",7,3,gelu,True,True,"[True, True]",max,256.0,minmax,"[0.1, 0.1]",96,AdamW,,0.00015,5e-06,[0.68794326 2.1920904  0.91725768],0.02,1.0,0.12722,1.93242,0.43182,0.29124,"[0.56604, 0.0, 0.30769]",567,0.336,1.47116,0.52273,0.49495,"[0.60465, 0.42857, 0.45161]",285,COMPLETED,52.807
467,20260103_183422,gln_phase1_TOP70.csv,70%,Preset_24,TCN,42,256,"[256, 256]","[1, 4]",7,3,gelu,True,True,"[True, True]",max,256.0,minmax,"[0.1, 0.1]",96,AdamW,,0.00015,5e-06,[0.68794326 2.1920904  0.91725768],0.02,1.0,0.1334,1.38143,0.45455,0.42083,"[0.5, 0.2, 0.5625]",152,0.58688,1.03323,0.52273,0.48783,"[0.63158, 0.31579, 0.51613]",65,COMPLETED,16.96
468,20260103_183422,gln_phase2_TOP70.csv,70%,Preset_24,TCN,42,256,"[256, 256]","[1, 4]",7,3,gelu,True,True,"[True, True]",max,256.0,minmax,"[0.1, 0.1]",96,AdamW,,0.00015,5e-06,[0.68794326 2.1920904  0.91725768],0.02,1.0,0.11079,1.26108,0.52273,0.37797,"[0.61538, 0.0, 0.51852]",167,0.11422,1.2697,0.54545,0.51176,"[0.52941, 0.3, 0.70588]",166,COMPLETED,18.693
482,20260103_183422,baseline_CASIAB_TOP70.csv,70%,Preset_32,TCN,42,256,"[512, 512, 512]","[1, 3, 9]",5,2,gelu,True,True,"[True, True, True]",max,512.0,minmax,"[None, 0.05, 0.1]",96,AdamW,,0.00012,1e-05,[0.68794326 2.1920904  0.91725768],0.02,1.0,0.12528,1.59173,0.47727,0.41411,"[0.52174, 0.25, 0.47059]",100,0.12811,1.48482,0.54545,0.46016,"[0.59574, 0.22222, 0.5625]",91,COMPLETED,11.833
483,20260103_183422,baseline_OUMVLP_TOP70.csv,70%,Preset_32,TCN,42,256,"[512, 512, 512]","[1, 3, 9]",5,2,gelu,True,True,"[True, True, True]",max,512.0,minmax,"[None, 0.05, 0.1]",96,AdamW,,0.00012,1e-05,[0.68794326 2.1920904  0.91725768],0.02,1.0,0.12767,1.71514,0.43182,0.34092,"[0.61224, 0.21053, 0.2]",136,0.57016,1.06684,0.56818,0.52665,"[0.58537, 0.4, 0.59459]",57,COMPLETED,16.108
484,20260103_183422,gaitgl_TOP70.csv,70%,Preset_32,TCN,42,128,"[512, 512, 512]","[1, 3, 9]",5,2,gelu,True,True,"[True, True, True]",max,512.0,minmax,"[None, 0.05, 0.1]",96,AdamW,,0.00012,1e-05,[0.68794326 2.1920904  0.91725768],0.02,1.0,0.11152,1.23063,0.5,0.41474,"[0.59574, 0.18182, 0.46667]",49,0.1282,1.20891,0.52273,0.47201,"[0.59459, 0.25, 0.57143]",46,COMPLETED,8.11
485,20260103_183422,gaitgl_GREW_TOP70.csv,70%,Preset_32,TCN,42,256,"[512, 512, 512]","[1, 3, 9]",5,2,gelu,True,True,"[True, True, True]",max,512.0,minmax,"[None, 0.05, 0.1]",96,AdamW,,0.00012,1e-05,[0.68794326 2.1920904  0.91725768],0.02,1.0,0.11524,1.28061,0.47727,0.44761,"[0.54545, 0.35294, 0.44444]",49,0.11524,1.28061,0.47727,0.44761,"[0.54545, 0.35294, 0.44444]",49,COMPLETED,8.485
486,20260103_183422,gaitgl_GREW_BNNeck_TOP70.csv,70%,Preset_32,TCN,42,256,"[512, 512, 512]","[1, 3, 9]",5,2,gelu,True,True,"[True, True, True]",max,512.0,minmax,"[None, 0.05, 0.1]",96,AdamW,,0.00012,1e-05,[0.68794326 2.1920904  0.91725768],0.02,1.0,0.13383,1.82641,0.36364,0.3462,"[0.3871, 0.16667, 0.48485]",102,0.62861,1.19753,0.5,0.42312,"[0.55814, 0.18182, 0.52941]",48,COMPLETED,17.555
487,20260103_183422,gaitgl_OUMVLP_TOP70.csv,70%,Preset_32,TCN,42,256,"[512, 512, 512]","[1, 3, 9]",5,2,gelu,True,True,"[True, True, True]",max,512.0,minmax,"[None, 0.05, 0.1]",96,AdamW,,0.00012,1e-05,[0.68794326 2.1920904  0.91725768],0.02,1.0,0.12065,1.1737,0.5,0.4245,"[0.5641, 0.15385, 0.55556]",160,0.15962,1.40065,0.56818,0.47374,"[0.58824, 0.18182, 0.65116]",154,COMPLETED,27.602
488,20260103_183422,gaitpart_GREW_TOP70.csv,70%,Preset_32,TCN,42,256,"[512, 512, 512]","[1, 3, 9]",5,2,gelu,True,True,"[True, True, True]",max,512.0,minmax,"[None, 0.05, 0.1]",96,AdamW,,0.00012,1e-05,[0.68794326 2.1920904  0.91725768],0.02,1.0,0.13292,1.59359,0.5,0.48254,"[0.57143, 0.47619, 0.4]",108,0.3167,1.64381,0.59091,0.5531,"[0.69565, 0.6, 0.36364]",81,COMPLETED,10.42
489,20260103_183422,gaitpart_OUMVLP_TOP70.csv,70%,Preset_32,TCN,42,256,"[512, 512, 512]","[1, 3, 9]",5,2,gelu,True,True,"[True, True, True]",max,512.0,minmax,"[None, 0.05, 0.1]",96,AdamW,,0.00012,1e-05,[0.68794326 2.1920904  0.91725768],0.02,1.0,0.11255,1.45882,0.59091,0.47646,"[0.74074, 0.30769, 0.38095]",343,0.16071,1.24137,0.61364,0.56053,"[0.65, 0.4, 0.63158]",289,COMPLETED,33.124
490,20260103_183422,gaitset_TOP70.csv,70%,Preset_32,TCN,42,256,"[512, 512, 512]","[1, 3, 9]",5,2,gelu,True,True,"[True, True, True]",max,512.0,minmax,"[None, 0.05, 0.1]",96,AdamW,,0.00012,1e-05,[0.68794326 2.1920904  0.91725768],0.02,1.0,0.12151,1.52899,0.43182,0.28755,"[0.57692, 0.0, 0.28571]",94,0.42555,1.46903,0.5,0.41453,"[0.44444, 0.22222, 0.57692]",52,COMPLETED,15.953
491,20260103_183422,gaitset_GREW_TOP70.csv,70%,Preset_32,TCN,42,256,"[512, 512, 512]","[1, 3, 9]",5,2,gelu,True,True,"[True, True, True]",max,512.0,minmax,"[None, 0.05, 0.1]",96,AdamW,,0.00012,1e-05,[0.68794326 2.1920904  0.91725768],0.02,1.0,0.10872,1.73273,0.38636,0.36061,"[0.4, 0.18182, 0.5]",124,0.30386,1.48925,0.47727,0.4388,"[0.57778, 0.36364, 0.375]",89,COMPLETED,21.032
492,20260103_183422,gaitset_OUMVLP_TOP70.csv,70%,Preset_32,TCN,42,256,"[512, 512, 512]","[1, 3, 9]",5,2,gelu,True,True,"[True, True, True]",max,512.0,minmax,"[None, 0.05, 0.1]",96,AdamW,,0.00012,1e-05,[0.68794326 2.1920904  0.91725768],0.02,1.0,0.13403,2.00401,0.40909,0.34762,"[0.4, 0.14286, 0.5]",414,0.27898,2.10498,0.5,0.46608,"[0.65, 0.38462, 0.36364]",394,COMPLETED,69.755
493,20260103_183422,gln_phase1_TOP70.csv,70%,Preset_32,TCN,42,256,"[512, 512, 512]","[1, 3, 9]",5,2,gelu,True,True,"[True, True, True]",max,512.0,minmax,"[None, 0.05, 0.1]",96,AdamW,,0.00012,1e-05,[0.68794326 2.1920904  0.91725768],0.02,1.0,0.11333,1.19161,0.47727,0.33793,"[0.6, 0.0, 0.41379]",115,0.14286,1.26643,0.52273,0.49159,"[0.57895, 0.33333, 0.5625]",97,COMPLETED,23.902
494,20260103_183422,gln_phase2_TOP70.csv,70%,Preset_32,TCN,42,256,"[512, 512, 512]","[1, 3, 9]",5,2,gelu,True,True,"[True, True, True]",max,512.0,minmax,"[None, 0.05, 0.1]",96,AdamW,,0.00012,1e-05,[0.68794326 2.1920904  0.91725768],0.02,1.0,0.10944,1.07339,0.59091,0.48187,"[0.69388, 0.2, 0.55172]",110,0.12576,1.14906,0.56818,0.55041,"[0.6, 0.47059, 0.58065]",103,COMPLETED,22.923
495,20260103_183422,baseline_CASIAB_TOP70.csv,70%,Preset_40,TCN,42,256,"[256, 384, 512, 640]","[1, 2, 4, 8]",3,2,gelu,True,True,"[True, True, True, True]",mean,256.0,L2,"[0.05, 0.05, 0.05, 0.05]",96,Adam,,0.00012,1e-05,[0.68794326 2.1920904  0.91725768],0.02,1.0,0.11993,1.56307,0.52273,0.42608,"[0.62745, 0.22222, 0.42857]",60,0.61774,1.14656,0.52273,0.48917,"[0.6, 0.31579, 0.55172]",23,COMPLETED,7.227
496,20260103_183422,baseline_OUMVLP_TOP70.csv,70%,Preset_40,TCN,42,256,"[256, 384, 512, 640]","[1, 2, 4, 8]",3,2,gelu,True,True,"[True, True, True, True]",mean,256.0,L2,"[0.05, 0.05, 0.05, 0.05]",96,Adam,,0.00012,1e-05,[0.68794326 2.1920904  0.91725768],0.02,1.0,0.11904,1.69595,0.47727,0.40877,"[0.5, 0.2, 0.52632]",83,0.15747,1.6797,0.56818,0.49695,"[0.66667, 0.28571, 0.53846]",64,COMPLETED,9.956
497,20260103_183422,gaitgl_TOP70.csv,70%,Preset_40,TCN,42,128,"[256, 384, 512, 640]","[1, 2, 4, 8]",3,2,gelu,True,True,"[True, True, True, True]",mean,256.0,L2,"[0.05, 0.05, 0.05, 0.05]",96,Adam,,0.00012,1e-05,[0.68794326 2.1920904  0.91725768],0.02,1.0,0.10533,1.28401,0.47727,0.43182,"[0.55814, 0.28571, 0.45161]",50,0.11503,1.28713,0.47727,0.4482,"[0.52381, 0.36364, 0.45714]",42,COMPLETED,7.955
498,20260103_183422,gaitgl_GREW_TOP70.csv,70%,Preset_40,TCN,42,256,"[256, 384, 512, 640]","[1, 2, 4, 8]",3,2,gelu,True,True,"[True, True, True, True]",mean,256.0,L2,"[0.05, 0.05, 0.05, 0.05]",96,Adam,,0.00012,1e-05,[0.68794326 2.1920904  0.91725768],0.02,1.0,0.10965,1.17884,0.52273,0.35802,"[0.62963, 0.0, 0.44444]",46,0.1684,1.04721,0.59091,0.49116,"[0.68182, 0.16667, 0.625]",41,COMPLETED,7.717
499,20260103_183422,gaitgl_GREW_BNNeck_TOP70.csv,70%,Preset_40,TCN,42,256,"[256, 384, 512, 640]","[1, 2, 4, 8]",3,2,gelu,True,True,"[True, True, True, True]",mean,256.0,L2,"[0.05, 0.05, 0.05, 0.05]",96,Adam,,0.00012,1e-05,[0.68794326 2.1920904  0.91725768],0.02,1.0,0.11315,1.78299,0.36364,0.32889,"[0.44444, 0.22222, 0.32]",77,0.33023,1.9372,0.47727,0.4672,"[0.45714, 0.44444, 0.5]",52,COMPLETED,12.86
500,20260103_183422,gaitgl_OUMVLP_TOP70.csv,70%,Preset_40,TCN,42,256,"[256, 384, 512, 640]","[1, 2, 4, 8]",3,2,gelu,True,True,"[True, True, True, True]",mean,256.0,L2,"[0.05, 0.05, 0.05, 0.05]",96,Adam,,0.00012,1e-05,[0.68794326 2.1920904  0.91725768],0.02,1.0,0.11996,1.51087,0.40909,0.40587,"[0.45161, 0.21429, 0.55172]",92,0.16264,1.34472,0.5,0.45057,"[0.48485, 0.23529, 0.63158]",86,COMPLETED,15.232
501,20260103_183422,gaitpart_GREW_TOP70.csv,70%,Preset_40,TCN,42,256,"[256, 384, 512, 640]","[1, 2, 4, 8]",3,2,gelu,True,True,"[True, True, True, True]",mean,256.0,L2,"[0.05, 0.05, 0.05, 0.05]",96,Adam,,0.00012,1e-05,[0.68794326 2.1920904  0.91725768],0.02,1.0,0.11468,1.41667,0.54545,0.52326,"[0.61538, 0.42105, 0.53333]",94,0.11842,1.34826,0.56818,0.53216,"[0.65217, 0.46154, 0.48276]",93,COMPLETED,9.959
502,20260103_183422,gaitpart_OUMVLP_TOP70.csv,70%,Preset_40,TCN,42,256,"[256, 384, 512, 640]","[1, 2, 4, 8]",3,2,gelu,True,True,"[True, True, True, True]",mean,256.0,L2,"[0.05, 0.05, 0.05, 0.05]",96,Adam,,0.00012,1e-05,[0.68794326 2.1920904  0.91725768],0.02,1.0,0.11946,1.44295,0.54545,0.52766,"[0.55, 0.46154, 0.57143]",207,0.15846,1.27817,0.63636,0.57944,"[0.69388, 0.44444, 0.6]",178,COMPLETED,22.115
503,20260103_183422,gaitset_TOP70.csv,70%,Preset_40,TCN,42,256,"[256, 384, 512, 640]","[1, 2, 4, 8]",3,2,gelu,True,True,"[True, True, True, True]",mean,256.0,L2,"[0.05, 0.05, 0.05, 0.05]",96,Adam,,0.00012,1e-05,[0.68794326 2.1920904  0.91725768],0.02,1.0,0.11591,2.21582,0.47727,0.36074,"[0.59649, 0.2, 0.28571]",114,0.21179,2.0851,0.47727,0.40606,"[0.48485, 0.2, 0.53333]",62,COMPLETED,18.481
504,20260103_183422,gaitset_GREW_TOP70.csv,70%,Preset_40,TCN,42,256,"[256, 384, 512, 640]","[1, 2, 4, 8]",3,2,gelu,True,True,"[True, True, True, True]",mean,256.0,L2,"[0.05, 0.05, 0.05, 0.05]",96,Adam,,0.00012,1e-05,[0.68794326 2.1920904  0.91725768],0.02,1.0,0.1165,1.32877,0.47727,0.40745,"[0.54054, 0.18182, 0.5]",106,0.1206,1.49476,0.52273,0.4987,"[0.55556, 0.4, 0.54054]",104,COMPLETED,16.978
505,20260103_183422,gaitset_OUMVLP_TOP70.csv,70%,Preset_40,TCN,42,256,"[256, 384, 512, 640]","[1, 2, 4, 8]",3,2,gelu,True,True,"[True, True, True, True]",mean,256.0,L2,"[0.05, 0.05, 0.05, 0.05]",96,Adam,,0.00012,1e-05,[0.68794326 2.1920904  0.91725768],0.02,1.0,0.1146,1.2021,0.59091,0.48677,"[0.66667, 0.22222, 0.57143]",205,0.15445,1.24026,0.63636,0.59725,"[0.71111, 0.5, 0.58065]",171,COMPLETED,32.966
506,20260103_183422,gln_phase1_TOP70.csv,70%,Preset_40,TCN,42,256,"[256, 384, 512, 640]","[1, 2, 4, 8]",3,2,gelu,True,True,"[True, True, True, True]",mean,256.0,L2,"[0.05, 0.05, 0.05, 0.05]",96,Adam,,0.00012,1e-05,[0.68794326 2.1920904  0.91725768],0.02,1.0,0.12213,1.71063,0.38636,0.38109,"[0.54545, 0.25, 0.34783]",85,0.1138,1.3083,0.61364,0.58144,"[0.68182, 0.5, 0.5625]",82,COMPLETED,17.07
507,20260103_183422,gln_phase2_TOP70.csv,70%,Preset_40,TCN,42,256,"[256, 384, 512, 640]","[1, 2, 4, 8]",3,2,gelu,True,True,"[True, True, True, True]",mean,256.0,L2,"[0.05, 0.05, 0.05, 0.05]",96,Adam,,0.00012,1e-05,[0.68794326 2.1920904  0.91725768],0.02,1.0,0.12785,1.2398,0.52273,0.45309,"[0.69565, 0.31579, 0.34783]",70,0.53172,1.27485,0.56818,0.55493,"[0.51613, 0.5, 0.64865]",44,COMPLETED,14.011
521,20260103_183422,baseline_CASIAB_TOP70.csv,70%,Preset_41,TCN,42,256,"[512, 640, 640]","[1, 2, 4]",7,2,gelu,True,True,"[True, True, True]",attention,256.0,L2,"[0.05, 0.1, 0.1]",64,Adam,,8e-05,1e-05,[0.68794326 2.1920904  0.91725768],0.02,1.0,0.11031,1.77822,0.45455,0.3875,"[0.52381, 0.15385, 0.48485]",47,0.39336,1.29709,0.56818,0.46453,"[0.69565, 0.18182, 0.51613]",25,COMPLETED,10.013
522,20260103_183422,baseline_OUMVLP_TOP70.csv,70%,Preset_41,TCN,42,256,"[512, 640, 640]","[1, 2, 4]",7,2,gelu,True,True,"[True, True, True]",attention,256.0,L2,"[0.05, 0.1, 0.1]",64,Adam,,8e-05,1e-05,[0.68794326 2.1920904  0.91725768],0.02,1.0,0.11768,2.22112,0.45455,0.32593,"[0.4, 0.0, 0.57778]",86,0.13284,1.58481,0.54545,0.46016,"[0.55, 0.18182, 0.64865]",84,COMPLETED,18.167
523,20260103_183422,gaitgl_TOP70.csv,70%,Preset_41,TCN,42,128,"[512, 640, 640]","[1, 2, 4]",7,2,gelu,True,True,"[True, True, True]",attention,256.0,L2,"[0.05, 0.1, 0.1]",64,Adam,,8e-05,1e-05,[0.68794326 2.1920904  0.91725768],0.02,1.0,0.11674,2.01431,0.40909,0.33549,"[0.53061, 0.2, 0.27586]",24,0.73188,1.15125,0.45455,0.4709,"[0.45714, 0.55556, 0.4]",10,COMPLETED,6.702
524,20260103_183422,gaitgl_GREW_TOP70.csv,70%,Preset_41,TCN,42,256,"[512, 640, 640]","[1, 2, 4]",7,2,gelu,True,True,"[True, True, True]",attention,256.0,L2,"[0.05, 0.1, 0.1]",64,Adam,,8e-05,1e-05,[0.68794326 2.1920904  0.91725768],0.02,1.0,0.10766,1.3973,0.5,0.36667,"[0.55, 0.0, 0.55]",22,0.12778,1.40235,0.52273,0.47806,"[0.57143, 0.33333, 0.52941]",19,COMPLETED,6.396
525,20260103_183422,gaitgl_GREW_BNNeck_TOP70.csv,70%,Preset_41,TCN,42,256,"[512, 640, 640]","[1, 2, 4]",7,2,gelu,True,True,"[True, True, True]",attention,256.0,L2,"[0.05, 0.1, 0.1]",64,Adam,,8e-05,1e-05,[0.68794326 2.1920904  0.91725768],0.02,1.0,0.11612,1.99161,0.45455,0.40801,"[0.54545, 0.25, 0.42857]",42,0.16021,1.99551,0.56818,0.48074,"[0.67857, 0.4, 0.36364]",36,COMPLETED,12.146
526,20260103_183422,gaitgl_OUMVLP_TOP70.csv,70%,Preset_41,TCN,42,256,"[512, 640, 640]","[1, 2, 4]",7,2,gelu,True,True,"[True, True, True]",attention,256.0,L2,"[0.05, 0.1, 0.1]",64,Adam,,8e-05,1e-05,[0.68794326 2.1920904  0.91725768],0.02,1.0,0.11098,1.3041,0.52273,0.44387,"[0.57778, 0.15385, 0.6]",48,0.35792,1.19182,0.54545,0.50299,"[0.61224, 0.375, 0.52174]",27,COMPLETED,13.744
527,20260103_183422,gaitpart_GREW_TOP70.csv,70%,Preset_41,TCN,42,256,"[512, 640, 640]","[1, 2, 4]",7,2,gelu,True,True,"[True, True, True]",attention,256.0,L2,"[0.05, 0.1, 0.1]",64,Adam,,8e-05,1e-05,[0.68794326 2.1920904  0.91725768],0.02,1.0,0.12026,2.68375,0.38636,0.26638,"[0.57692, 0.11111, 0.11111]",87,0.14891,2.04114,0.47727,0.46508,"[0.51429, 0.38095, 0.5]",66,COMPLETED,15.813
528,20260103_183422,gaitpart_OUMVLP_TOP70.csv,70%,Preset_41,TCN,42,256,"[512, 640, 640]","[1, 2, 4]",7,2,gelu,True,True,"[True, True, True]",attention,256.0,L2,"[0.05, 0.1, 0.1]",64,Adam,,8e-05,1e-05,[0.68794326 2.1920904  0.91725768],0.02,1.0,0.11524,1.96421,0.43182,0.37733,"[0.46154, 0.125, 0.54545]",215,0.27597,1.64979,0.56818,0.47682,"[0.64865, 0.18182, 0.6]",146,COMPLETED,38.647
529,20260103_183422,gaitset_TOP70.csv,70%,Preset_41,TCN,42,256,"[512, 640, 640]","[1, 2, 4]",7,2,gelu,True,True,"[True, True, True]",attention,256.0,L2,"[0.05, 0.1, 0.1]",64,Adam,,8e-05,1e-05,[0.68794326 2.1920904  0.91725768],0.02,1.0,0.11518,1.92327,0.40909,0.31515,"[0.54545, 0.0, 0.4]",37,0.15489,1.69353,0.5,0.3856,"[0.58537, 0.0, 0.57143]",31,COMPLETED,10.435
530,20260103_183422,gaitset_GREW_TOP70.csv,70%,Preset_41,TCN,42,256,"[512, 640, 640]","[1, 2, 4]",7,2,gelu,True,True,"[True, True, True]",attention,256.0,L2,"[0.05, 0.1, 0.1]",64,Adam,,8e-05,1e-05,[0.68794326 2.1920904  0.91725768],0.02,1.0,0.10468,1.50517,0.47727,0.37355,"[0.55814, 0.0, 0.5625]",62,0.21299,1.4514,0.52273,0.40883,"[0.61538, 0.0, 0.61111]",43,COMPLETED,17.621
531,20260103_183422,gaitset_OUMVLP_TOP70.csv,70%,Preset_41,TCN,42,256,"[512, 640, 640]","[1, 2, 4]",7,2,gelu,True,True,"[True, True, True]",attention,256.0,L2,"[0.05, 0.1, 0.1]",64,Adam,,8e-05,1e-05,[0.68794326 2.1920904  0.91725768],0.02,1.0,0.1371,2.21009,0.38636,0.32885,"[0.45714, 0.0, 0.52941]",148,0.14772,2.15283,0.47727,0.38889,"[0.625, 0.125, 0.41667]",139,COMPLETED,41.654
532,20260103_183422,gln_phase1_TOP70.csv,70%,Preset_41,TCN,42,256,"[512, 640, 640]","[1, 2, 4]",7,2,gelu,True,True,"[True, True, True]",attention,256.0,L2,"[0.05, 0.1, 0.1]",64,Adam,,8e-05,1e-05,[0.68794326 2.1920904  0.91725768],0.02,1.0,0.11228,1.61493,0.56818,0.41855,"[0.68421, 0.0, 0.57143]",49,0.20035,1.41935,0.61364,0.53418,"[0.7234, 0.30769, 0.57143]",32,COMPLETED,17.315
533,20260103_183422,gln_phase2_TOP70.csv,70%,Preset_41,TCN,42,256,"[512, 640, 640]","[1, 2, 4]",7,2,gelu,True,True,"[True, True, True]",attention,256.0,L2,"[0.05, 0.1, 0.1]",64,Adam,,8e-05,1e-05,[0.68794326 2.1920904  0.91725768],0.02,1.0,0.12362,1.88326,0.5,0.41301,"[0.58824, 0.22222, 0.42857]",39,0.13961,1.67689,0.56818,0.55185,"[0.55556, 0.5, 0.6]",35,COMPLETED,13.763
573,20260103_183422,baseline_CASIAB_TOP70.csv,70%,Preset_3,TCN,42,256,"[384, 512, 512, 512]","[1, 2, 4, 8]",5,3,gelu,True,True,"[True, True, True, True]",max,512.0,minmax,"[None, 0.05, 0.1, 0.1]",96,AdamW,,0.00015,1e-05,[0.68794326 2.1920904  0.91725768],0.02,1.0,0.11873,1.54398,0.43182,0.39809,"[0.47368, 0.25, 0.47059]",90,0.14221,1.57602,0.5,0.46199,"[0.52632, 0.33333, 0.52632]",85,COMPLETED,13.207
574,20260103_183422,baseline_OUMVLP_TOP70.csv,70%,Preset_3,TCN,42,256,"[384, 512, 512, 512]","[1, 2, 4, 8]",5,3,gelu,True,True,"[True, True, True, True]",max,512.0,minmax,"[None, 0.05, 0.1, 0.1]",96,AdamW,,0.00015,1e-05,[0.68794326 2.1920904  0.91725768],0.02,1.0,0.11295,1.75999,0.38636,0.32879,"[0.30303, 0.13333, 0.55]",119,0.37109,1.23757,0.54545,0.46275,"[0.57143, 0.22222, 0.59459]",69,COMPLETED,17.301
575,20260103_183422,gaitgl_TOP70.csv,70%,Preset_3,TCN,42,128,"[384, 512, 512, 512]","[1, 2, 4, 8]",5,3,gelu,True,True,"[True, True, True, True]",max,512.0,minmax,"[None, 0.05, 0.1, 0.1]",96,AdamW,,0.00015,1e-05,[0.68794326 2.1920904  0.91725768],0.02,1.0,0.12471,1.54488,0.5,0.36142,"[0.51282, 0.0, 0.57143]",50,0.40615,1.11129,0.5,0.42544,"[0.52632, 0.2, 0.55]",28,COMPLETED,10.052
576,20260103_183422,gaitgl_GREW_TOP70.csv,70%,Preset_3,TCN,42,256,"[384, 512, 512, 512]","[1, 2, 4, 8]",5,3,gelu,True,True,"[True, True, True, True]",max,512.0,minmax,"[None, 0.05, 0.1, 0.1]",96,AdamW,,0.00015,1e-05,[0.68794326 2.1920904  0.91725768],0.02,1.0,0.10977,1.44227,0.5,0.35328,"[0.44444, 0.0, 0.61538]",46,0.22983,1.07129,0.5,0.45965,"[0.57895, 0.2, 0.6]",36,COMPLETED,9.625
577,20260103_183422,gaitgl_GREW_BNNeck_TOP70.csv,70%,Preset_3,TCN,42,256,"[384, 512, 512, 512]","[1, 2, 4, 8]",5,3,gelu,True,True,"[True, True, True, True]",max,512.0,minmax,"[None, 0.05, 0.1, 0.1]",96,AdamW,,0.00015,1e-05,[0.68794326 2.1920904  0.91725768],0.02,1.0,0.10905,1.69162,0.43182,0.375,"[0.5, 0.125, 0.5]",102,0.17554,1.92721,0.54545,0.4664,"[0.57143, 0.25, 0.57778]",73,COMPLETED,21.429
578,20260103_183422,gaitgl_OUMVLP_TOP70.csv,70%,Preset_3,TCN,42,256,"[384, 512, 512, 512]","[1, 2, 4, 8]",5,3,gelu,True,True,"[True, True, True, True]",max,512.0,minmax,"[None, 0.05, 0.1, 0.1]",96,AdamW,,0.00015,1e-05,[0.68794326 2.1920904  0.91725768],0.02,1.0,0.12757,1.46654,0.54545,0.39898,"[0.58824, 0.0, 0.6087]",152,0.13581,1.4149,0.59091,0.47088,"[0.69091, 0.2, 0.52174]",144,COMPLETED,31.645
579,20260103_183422,gaitpart_GREW_TOP70.csv,70%,Preset_3,TCN,42,256,"[384, 512, 512, 512]","[1, 2, 4, 8]",5,3,gelu,True,True,"[True, True, True, True]",max,512.0,minmax,"[None, 0.05, 0.1, 0.1]",96,AdamW,,0.00015,1e-05,[0.68794326 2.1920904  0.91725768],0.02,1.0,0.11384,1.82241,0.47727,0.44237,"[0.56522, 0.38095, 0.38095]",105,0.70223,1.12248,0.52273,0.5139,"[0.4, 0.52632, 0.61538]",37,COMPLETED,12.862
580,20260103_183422,gaitpart_OUMVLP_TOP70.csv,70%,Preset_3,TCN,42,256,"[384, 512, 512, 512]","[1, 2, 4, 8]",5,3,gelu,True,True,"[True, True, True, True]",max,512.0,minmax,"[None, 0.05, 0.1, 0.1]",96,AdamW,,0.00015,1e-05,[0.68794326 2.1920904  0.91725768],0.02,1.0,0.11543,1.51896,0.56818,0.48447,"[0.7234, 0.25, 0.48]",289,0.72401,1.10659,0.61364,0.57753,"[0.68085, 0.5, 0.55172]",94,COMPLETED,35.43
581,20260103_183422,gaitset_TOP70.csv,70%,Preset_3,TCN,42,256,"[384, 512, 512, 512]","[1, 2, 4, 8]",5,3,gelu,True,True,"[True, True, True, True]",max,512.0,minmax,"[None, 0.05, 0.1, 0.1]",96,AdamW,,0.00015,1e-05,[0.68794326 2.1920904  0.91725768],0.02,1.0,0.11213,1.55624,0.43182,0.32844,"[0.5614, 0.25, 0.17391]",86,0.44647,1.32936,0.5,0.48316,"[0.34483, 0.5, 0.60465]",58,COMPLETED,17.592
582,20260103_183422,gaitset_GREW_TOP70.csv,70%,Preset_3,TCN,42,256,"[384, 512, 512, 512]","[1, 2, 4, 8]",5,3,gelu,True,True,"[True, True, True, True]",max,512.0,minmax,"[None, 0.05, 0.1, 0.1]",96,AdamW,,0.00015,1e-05,[0.68794326 2.1920904  0.91725768],0.02,1.0,0.12576,1.55376,0.56818,0.45455,"[0.71429, 0.36364, 0.28571]",102,0.48854,1.30388,0.54545,0.51722,"[0.61111, 0.4, 0.54054]",63,COMPLETED,20.673
583,20260103_183422,gaitset_OUMVLP_TOP70.csv,70%,Preset_3,TCN,42,256,"[384, 512, 512, 512]","[1, 2, 4, 8]",5,3,gelu,True,True,"[True, True, True, True]",max,512.0,minmax,"[None, 0.05, 0.1, 0.1]",96,AdamW,,0.00015,1e-05,[0.68794326 2.1920904  0.91725768],0.02,1.0,0.11684,1.8978,0.5,0.40034,"[0.68, 0.23529, 0.28571]",389,0.67322,1.15874,0.56818,0.49903,"[0.71429, 0.26667, 0.51613]",172,COMPLETED,78.39
584,20260103_183422,gln_phase1_TOP70.csv,70%,Preset_3,TCN,42,256,"[384, 512, 512, 512]","[1, 2, 4, 8]",5,3,gelu,True,True,"[True, True, True, True]",max,512.0,minmax,"[None, 0.05, 0.1, 0.1]",96,AdamW,,0.00015,1e-05,[0.68794326 2.1920904  0.91725768],0.02,1.0,0.11066,1.35967,0.47727,0.34201,"[0.61224, 0.0, 0.41379]",103,0.15755,1.42344,0.56818,0.47546,"[0.70588, 0.28571, 0.43478]",79,COMPLETED,26.354
585,20260103_183422,gln_phase2_TOP70.csv,70%,Preset_3,TCN,42,256,"[384, 512, 512, 512]","[1, 2, 4, 8]",5,3,gelu,True,True,"[True, True, True, True]",max,512.0,minmax,"[None, 0.05, 0.1, 0.1]",96,AdamW,,0.00015,1e-05,[0.68794326 2.1920904  0.91725768],0.02,1.0,0.10998,1.35698,0.52273,0.38722,"[0.67857, 0.22222, 0.26087]",106,0.11012,1.1959,0.59091,0.53434,"[0.65116, 0.36364, 0.58824]",105,COMPLETED,27.007
638,20260103_183422,baseline_CASIAB_TOP70.csv,70%,Preset_29,TCN,42,256,"[512, 512, 512, 512]","[1, 2, 4, 8]",3,2,gelu,True,True,"[True, True, True, True]",max,256.0,minmax,"[0.05, 0.05, 0.1, 0.1]",128,AdamW,,0.00012,5e-06,[0.68794326 2.1920904  0.91725768],0.02,1.0,0.119,2.09241,0.47727,0.28129,"[0.63333, 0.0, 0.21053]",131,0.33892,1.67051,0.45455,0.43757,"[0.38889, 0.4, 0.52381]",102,COMPLETED,14.083
639,20260103_183422,baseline_OUMVLP_TOP70.csv,70%,Preset_29,TCN,42,256,"[512, 512, 512, 512]","[1, 2, 4, 8]",3,2,gelu,True,True,"[True, True, True, True]",max,256.0,minmax,"[0.05, 0.05, 0.1, 0.1]",128,AdamW,,0.00012,5e-06,[0.68794326 2.1920904  0.91725768],0.02,1.0,0.12533,1.55093,0.5,0.42847,"[0.57143, 0.13333, 0.58065]",193,0.56244,1.15895,0.56818,0.51468,"[0.60465, 0.33333, 0.60606]",75,COMPLETED,20.749
640,20260103_183422,gaitgl_TOP70.csv,70%,Preset_29,TCN,42,128,"[512, 512, 512, 512]","[1, 2, 4, 8]",3,2,gelu,True,True,"[True, True, True, True]",max,256.0,minmax,"[0.05, 0.05, 0.1, 0.1]",128,AdamW,,0.00012,5e-06,[0.68794326 2.1920904  0.91725768],0.02,1.0,0.11379,1.46338,0.5,0.36667,"[0.55, 0.0, 0.55]",69,0.14171,1.39158,0.56818,0.49162,"[0.68, 0.33333, 0.46154]",64,COMPLETED,9.99
641,20260103_183422,gaitgl_GREW_TOP70.csv,70%,Preset_29,TCN,42,256,"[512, 512, 512, 512]","[1, 2, 4, 8]",3,2,gelu,True,True,"[True, True, True, True]",max,256.0,minmax,"[0.05, 0.05, 0.1, 0.1]",128,AdamW,,0.00012,5e-06,[0.68794326 2.1920904  0.91725768],0.02,1.0,0.11083,1.23492,0.52273,0.48591,"[0.62222, 0.45455, 0.38095]",61,0.25561,1.1855,0.52273,0.48994,"[0.6087, 0.44444, 0.41667]",44,COMPLETED,9.616
642,20260103_183422,gaitgl_GREW_BNNeck_TOP70.csv,70%,Preset_29,TCN,42,256,"[512, 512, 512, 512]","[1, 2, 4, 8]",3,2,gelu,True,True,"[True, True, True, True]",max,256.0,minmax,"[0.05, 0.05, 0.1, 0.1]",128,AdamW,,0.00012,5e-06,[0.68794326 2.1920904  0.91725768],0.02,1.0,0.1126,1.68226,0.40909,0.34832,"[0.51064, 0.11765, 0.41667]",145,0.17206,1.56318,0.52273,0.44274,"[0.5641, 0.2, 0.5641]",128,COMPLETED,22.265
643,20260103_183422,gaitgl_OUMVLP_TOP70.csv,70%,Preset_29,TCN,42,256,"[512, 512, 512, 512]","[1, 2, 4, 8]",3,2,gelu,True,True,"[True, True, True, True]",max,256.0,minmax,"[0.05, 0.05, 0.1, 0.1]",128,AdamW,,0.00012,5e-06,[0.68794326 2.1920904  0.91725768],0.02,1.0,0.11832,1.51122,0.54545,0.42471,"[0.69231, 0.18182, 0.4]",224,0.19461,1.40167,0.59091,0.49259,"[0.61111, 0.2, 0.66667]",178,COMPLETED,34.126
644,20260103_183422,gaitpart_GREW_TOP70.csv,70%,Preset_29,TCN,42,256,"[512, 512, 512, 512]","[1, 2, 4, 8]",3,2,gelu,True,True,"[True, True, True, True]",max,256.0,minmax,"[0.05, 0.05, 0.1, 0.1]",128,AdamW,,0.00012,5e-06,[0.68794326 2.1920904  0.91725768],0.02,1.0,0.13554,1.74267,0.5,0.34127,"[0.64286, 0.0, 0.38095]",147,0.34471,1.46272,0.54545,0.5357,"[0.58537, 0.5, 0.52174]",137,COMPLETED,12.938
645,20260103_183422,gaitpart_OUMVLP_TOP70.csv,70%,Preset_29,TCN,42,256,"[512, 512, 512, 512]","[1, 2, 4, 8]",3,2,gelu,True,True,"[True, True, True, True]",max,256.0,minmax,"[0.05, 0.05, 0.1, 0.1]",128,AdamW,,0.00012,5e-06,[0.68794326 2.1920904  0.91725768],0.02,1.0,0.12948,1.49103,0.5,0.45051,"[0.48485, 0.26667, 0.6]",469,0.66915,1.1081,0.65909,0.60386,"[0.68293, 0.44444, 0.68421]",288,COMPLETED,41.028
646,20260103_183422,gaitset_TOP70.csv,70%,Preset_29,TCN,42,256,"[512, 512, 512, 512]","[1, 2, 4, 8]",3,2,gelu,True,True,"[True, True, True, True]",max,256.0,minmax,"[0.05, 0.05, 0.1, 0.1]",128,AdamW,,0.00012,5e-06,[0.68794326 2.1920904  0.91725768],0.02,1.0,0.12477,1.36944,0.43182,0.3312,"[0.57692, 0.16667, 0.25]",124,0.62435,1.28611,0.52273,0.49753,"[0.37037, 0.5, 0.62222]",58,COMPLETED,18.41
647,20260103_183422,gaitset_GREW_TOP70.csv,70%,Preset_29,TCN,42,256,"[512, 512, 512, 512]","[1, 2, 4, 8]",3,2,gelu,True,True,"[True, True, True, True]",max,256.0,minmax,"[0.05, 0.05, 0.1, 0.1]",128,AdamW,,0.00012,5e-06,[0.68794326 2.1920904  0.91725768],0.02,1.0,0.13564,1.63123,0.47727,0.40271,"[0.625, 0.23529, 0.34783]",149,0.58035,1.11224,0.52273,0.49231,"[0.5641, 0.4, 0.51282]",71,COMPLETED,22.326
648,20260103_183422,gaitset_OUMVLP_TOP70.csv,70%,Preset_29,TCN,42,256,"[512, 512, 512, 512]","[1, 2, 4, 8]",3,2,gelu,True,True,"[True, True, True, True]",max,256.0,minmax,"[0.05, 0.05, 0.1, 0.1]",128,AdamW,,0.00012,5e-06,[0.68794326 2.1920904  0.91725768],0.02,1.0,0.12235,2.04982,0.52273,0.43778,"[0.68, 0.33333, 0.3]",586,0.59727,1.20426,0.52273,0.47416,"[0.58537, 0.30769, 0.52941]",268,COMPLETED,87.442
649,20260103_183422,gln_phase1_TOP70.csv,70%,Preset_29,TCN,42,256,"[512, 512, 512, 512]","[1, 2, 4, 8]",3,2,gelu,True,True,"[True, True, True, True]",max,256.0,minmax,"[0.05, 0.05, 0.1, 0.1]",128,AdamW,,0.00012,5e-06,[0.68794326 2.1920904  0.91725768],0.02,1.0,0.13457,1.26265,0.54545,0.37363,"[0.69231, 0.0, 0.42857]",148,0.25261,1.04103,0.54545,0.45754,"[0.71429, 0.125, 0.53333]",109,COMPLETED,29.088
650,20260103_183422,gln_phase2_TOP70.csv,70%,Preset_29,TCN,42,256,"[512, 512, 512, 512]","[1, 2, 4, 8]",3,2,gelu,True,True,"[True, True, True, True]",max,256.0,minmax,"[0.05, 0.05, 0.1, 0.1]",128,AdamW,,0.00012,5e-06,[0.68794326 2.1920904  0.91725768],0.02,1.0,0.12439,1.16532,0.52273,0.4407,"[0.57778, 0.18182, 0.5625]",144,0.74645,1.0106,0.56818,0.51884,"[0.60465, 0.36364, 0.58824]",49,COMPLETED,28.073
651,20260103_183422,baseline_CASIAB_TOP70.csv,70%,Preset_30,TCN,42,256,"[256, 384, 512]","[1, 2, 4]",5,3,leakyrelu,True,True,"[True, True, True]",attention,256.0,L2,"[None, 0.05, 0.1]",96,Adam,,0.00012,1e-05,[0.68794326 2.1920904  0.91725768],0.02,1.0,0.13184,1.94203,0.43182,0.3138,"[0.4898, 0.0, 0.45161]",52,0.61471,1.29688,0.52273,0.46824,"[0.48485, 0.28571, 0.63415]",26,COMPLETED,6.737
652,20260103_183422,baseline_OUMVLP_TOP70.csv,70%,Preset_30,TCN,42,256,"[256, 384, 512]","[1, 2, 4]",5,3,leakyrelu,True,True,"[True, True, True]",attention,256.0,L2,"[None, 0.05, 0.1]",96,Adam,,0.00012,1e-05,[0.68794326 2.1920904  0.91725768],0.02,1.0,0.1044,1.6498,0.59091,0.50855,"[0.69231, 0.33333, 0.5]",94,0.50749,1.09799,0.59091,0.54599,"[0.59091, 0.4, 0.64706]",35,COMPLETED,12.127
653,20260103_183422,gaitgl_TOP70.csv,70%,Preset_30,TCN,42,128,"[256, 384, 512]","[1, 2, 4]",5,3,leakyrelu,True,True,"[True, True, True]",attention,256.0,L2,"[None, 0.05, 0.1]",96,Adam,,0.00012,1e-05,[0.68794326 2.1920904  0.91725768],0.02,1.0,0.10906,1.93081,0.47727,0.33401,"[0.58824, 0.0, 0.41379]",25,0.11855,1.69365,0.47727,0.44259,"[0.55, 0.33333, 0.44444]",22,COMPLETED,4.217
654,20260103_183422,gaitgl_GREW_TOP70.csv,70%,Preset_30,TCN,42,256,"[256, 384, 512]","[1, 2, 4]",5,3,leakyrelu,True,True,"[True, True, True]",attention,256.0,L2,"[None, 0.05, 0.1]",96,Adam,,0.00012,1e-05,[0.68794326 2.1920904  0.91725768],0.02,1.0,0.1122,1.79827,0.47727,0.40208,"[0.54167, 0.18182, 0.48276]",31,0.15564,1.6122,0.52273,0.44473,"[0.54054, 0.22222, 0.57143]",25,COMPLETED,5.445
655,20260103_183422,gaitgl_GREW_BNNeck_TOP70.csv,70%,Preset_30,TCN,42,256,"[256, 384, 512]","[1, 2, 4]",5,3,leakyrelu,True,True,"[True, True, True]",attention,256.0,L2,"[None, 0.05, 0.1]",96,Adam,,0.00012,1e-05,[0.68794326 2.1920904  0.91725768],0.02,1.0,0.13379,2.21217,0.45455,0.39457,"[0.47368, 0.22222, 0.4878]",54,0.12016,1.8228,0.5,0.47977,"[0.57778, 0.46154, 0.4]",39,COMPLETED,9.38
656,20260103_183422,gaitgl_OUMVLP_TOP70.csv,70%,Preset_30,TCN,42,256,"[256, 384, 512]","[1, 2, 4]",5,3,leakyrelu,True,True,"[True, True, True]",attention,256.0,L2,"[None, 0.05, 0.1]",96,Adam,,0.00012,1e-05,[0.68794326 2.1920904  0.91725768],0.02,1.0,0.12139,1.60966,0.52273,0.44176,"[0.6, 0.15385, 0.57143]",59,0.24138,1.17406,0.59091,0.52941,"[0.66667, 0.33333, 0.58824]",40,COMPLETED,10.27
657,20260103_183422,gaitpart_GREW_TOP70.csv,70%,Preset_30,TCN,42,256,"[256, 384, 512]","[1, 2, 4]",5,3,leakyrelu,True,True,"[True, True, True]",attention,256.0,L2,"[None, 0.05, 0.1]",96,Adam,,0.00012,1e-05,[0.68794326 2.1920904  0.91725768],0.02,1.0,0.10925,1.80667,0.36364,0.30534,"[0.45833, 0.18182, 0.27586]",88,0.50117,1.19877,0.5,0.45861,"[0.45714, 0.33333, 0.58537]",34,COMPLETED,9.847
658,20260103_183422,gaitpart_OUMVLP_TOP70.csv,70%,Preset_30,TCN,42,256,"[256, 384, 512]","[1, 2, 4]",5,3,leakyrelu,True,True,"[True, True, True]",attention,256.0,L2,"[None, 0.05, 0.1]",96,Adam,,0.00012,1e-05,[0.68794326 2.1920904  0.91725768],0.02,1.0,0.1142,2.03383,0.43182,0.38675,"[0.53061, 0.33333, 0.2963]",178,0.16085,2.04382,0.5,0.48672,"[0.5641, 0.44444, 0.45161]",148,COMPLETED,20.232
659,20260103_183422,gaitset_TOP70.csv,70%,Preset_30,TCN,42,256,"[256, 384, 512]","[1, 2, 4]",5,3,leakyrelu,True,True,"[True, True, True]",attention,256.0,L2,"[None, 0.05, 0.1]",96,Adam,,0.00012,1e-05,[0.68794326 2.1920904  0.91725768],0.02,1.0,0.13562,2.26908,0.40909,0.28395,"[0.51852, 0.0, 0.33333]",42,0.58034,1.42451,0.36364,0.34379,"[0.47368, 0.25, 0.30769]",16,COMPLETED,7.143
660,20260103_183422,gaitset_GREW_TOP70.csv,70%,Preset_30,TCN,42,256,"[256, 384, 512]","[1, 2, 4]",5,3,leakyrelu,True,True,"[True, True, True]",attention,256.0,L2,"[None, 0.05, 0.1]",96,Adam,,0.00012,1e-05,[0.68794326 2.1920904  0.91725768],0.02,1.0,0.10349,1.89925,0.45455,0.30792,"[0.62745, 0.0, 0.2963]",82,0.10827,1.91043,0.47727,0.40042,"[0.63415, 0.14286, 0.42424]",81,COMPLETED,13.922
661,20260103_183422,gaitset_OUMVLP_TOP70.csv,70%,Preset_30,TCN,42,256,"[256, 384, 512]","[1, 2, 4]",5,3,leakyrelu,True,True,"[True, True, True]",attention,256.0,L2,"[None, 0.05, 0.1]",96,Adam,,0.00012,1e-05,[0.68794326 2.1920904  0.91725768],0.02,1.0,0.11613,1.98816,0.40909,0.29918,"[0.46512, 0.0, 0.43243]",199,0.26029,2.06005,0.54545,0.5189,"[0.61224, 0.5, 0.44444]",145,COMPLETED,33.825
662,20260103_183422,gln_phase1_TOP70.csv,70%,Preset_30,TCN,42,256,"[256, 384, 512]","[1, 2, 4]",5,3,leakyrelu,True,True,"[True, True, True]",attention,256.0,L2,"[None, 0.05, 0.1]",96,Adam,,0.00012,1e-05,[0.68794326 2.1920904  0.91725768],0.02,1.0,0.12066,1.79906,0.5,0.42877,"[0.5641, 0.22222, 0.5]",55,0.22439,1.93639,0.54545,0.5184,"[0.63415, 0.42105, 0.5]",47,COMPLETED,11.195
663,20260103_183422,gln_phase2_TOP70.csv,70%,Preset_30,TCN,42,256,"[256, 384, 512]","[1, 2, 4]",5,3,leakyrelu,True,True,"[True, True, True]",attention,256.0,L2,"[None, 0.05, 0.1]",96,Adam,,0.00012,1e-05,[0.68794326 2.1920904  0.91725768],0.02,1.0,0.12218,1.97904,0.43182,0.39127,"[0.4, 0.25, 0.52381]",63,0.1644,1.4662,0.65909,0.59561,"[0.73684, 0.4, 0.65]",38,COMPLETED,12.929
703,20260103_183422,baseline_CASIAB_TOP70.csv,70%,Preset_28,TCN,42,256,"[192, 256, 384, 512]","[1, 2, 4, 8]",3,2,silu,True,True,"[True, True, True, True]",max,256.0,minmax,"[None, 0.05, 0.05, 0.1]",96,AdamW,,0.00015,1e-05,[0.68794326 2.1920904  0.91725768],0.02,1.0,0.13895,1.60688,0.40909,0.3088,"[0.48889, 0.0, 0.4375]",57,0.49432,1.1759,0.54545,0.37607,"[0.66667, 0.0, 0.46154]",37,COMPLETED,6.076
704,20260103_183422,baseline_OUMVLP_TOP70.csv,70%,Preset_28,TCN,42,256,"[192, 256, 384, 512]","[1, 2, 4, 8]",3,2,silu,True,True,"[True, True, True, True]",max,256.0,minmax,"[None, 0.05, 0.05, 0.1]",96,AdamW,,0.00015,1e-05,[0.68794326 2.1920904  0.91725768],0.02,1.0,0.12683,2.16696,0.29545,0.29102,"[0.375, 0.25806, 0.24]",101,0.14769,1.67446,0.5,0.48018,"[0.54054, 0.4, 0.5]",96,COMPLETED,10.576
705,20260103_183422,gaitgl_TOP70.csv,70%,Preset_28,TCN,42,128,"[192, 256, 384, 512]","[1, 2, 4, 8]",3,2,silu,True,True,"[True, True, True, True]",max,256.0,minmax,"[None, 0.05, 0.05, 0.1]",96,AdamW,,0.00015,1e-05,[0.68794326 2.1920904  0.91725768],0.02,1.0,0.11129,1.37605,0.47727,0.38357,"[0.61224, 0.15385, 0.38462]",36,0.32741,1.11453,0.52273,0.44544,"[0.5641, 0.22222, 0.55]",20,COMPLETED,4.509
706,20260103_183422,gaitgl_GREW_TOP70.csv,70%,Preset_28,TCN,42,256,"[192, 256, 384, 512]","[1, 2, 4, 8]",3,2,silu,True,True,"[True, True, True, True]",max,256.0,minmax,"[None, 0.05, 0.05, 0.1]",96,AdamW,,0.00015,1e-05,[0.68794326 2.1920904  0.91725768],0.02,1.0,0.12143,1.26798,0.45455,0.42118,"[0.58537, 0.33333, 0.34483]",40,0.40144,1.06146,0.54545,0.45795,"[0.62222, 0.22222, 0.52941]",24,COMPLETED,5.275
707,20260103_183422,gaitgl_GREW_BNNeck_TOP70.csv,70%,Preset_28,TCN,42,256,"[192, 256, 384, 512]","[1, 2, 4, 8]",3,2,silu,True,True,"[True, True, True, True]",max,256.0,minmax,"[None, 0.05, 0.05, 0.1]",96,AdamW,,0.00015,1e-05,[0.68794326 2.1920904  0.91725768],0.02,1.0,0.11922,1.99178,0.38636,0.3935,"[0.45161, 0.29412, 0.43478]",106,0.51804,1.29915,0.5,0.43338,"[0.52632, 0.25, 0.52381]",69,COMPLETED,13.958
708,20260103_183422,gaitgl_OUMVLP_TOP70.csv,70%,Preset_28,TCN,42,256,"[192, 256, 384, 512]","[1, 2, 4, 8]",3,2,silu,True,True,"[True, True, True, True]",max,256.0,minmax,"[None, 0.05, 0.05, 0.1]",96,AdamW,,0.00015,1e-05,[0.68794326 2.1920904  0.91725768],0.02,1.0,0.11954,1.76987,0.36364,0.28788,"[0.36364, 0.0, 0.5]",169,0.24349,1.83383,0.52273,0.44715,"[0.64, 0.26667, 0.43478]",144,COMPLETED,22.354
709,20260103_183422,gaitpart_GREW_TOP70.csv,70%,Preset_28,TCN,42,256,"[192, 256, 384, 512]","[1, 2, 4, 8]",3,2,silu,True,True,"[True, True, True, True]",max,256.0,minmax,"[None, 0.05, 0.05, 0.1]",96,AdamW,,0.00015,1e-05,[0.68794326 2.1920904  0.91725768],0.02,1.0,0.12774,1.75821,0.40909,0.37739,"[0.51163, 0.34783, 0.27273]",89,0.16852,1.38009,0.59091,0.51975,"[0.67925, 0.4, 0.48]",78,COMPLETED,8.628
710,20260103_183422,gaitpart_OUMVLP_TOP70.csv,70%,Preset_28,TCN,42,256,"[192, 256, 384, 512]","[1, 2, 4, 8]",3,2,silu,True,True,"[True, True, True, True]",max,256.0,minmax,"[None, 0.05, 0.05, 0.1]",96,AdamW,,0.00015,1e-05,[0.68794326 2.1920904  0.91725768],0.02,1.0,0.11603,1.07324,0.56818,0.50758,"[0.66667, 0.25, 0.60606]",292,0.56482,1.07328,0.61364,0.58903,"[0.69565, 0.57143, 0.5]",130,COMPLETED,27.985
711,20260103_183422,gaitset_TOP70.csv,70%,Preset_28,TCN,42,256,"[192, 256, 384, 512]","[1, 2, 4, 8]",3,2,silu,True,True,"[True, True, True, True]",max,256.0,minmax,"[None, 0.05, 0.05, 0.1]",96,AdamW,,0.00015,1e-05,[0.68794326 2.1920904  0.91725768],0.02,1.0,0.13105,1.6754,0.36364,0.32037,"[0.45, 0.11111, 0.4]",60,0.70441,1.12117,0.47727,0.46904,"[0.47619, 0.44444, 0.48649]",25,COMPLETED,7.679
712,20260103_183422,gaitset_GREW_TOP70.csv,70%,Preset_28,TCN,42,256,"[192, 256, 384, 512]","[1, 2, 4, 8]",3,2,silu,True,True,"[True, True, True, True]",max,256.0,minmax,"[None, 0.05, 0.05, 0.1]",96,AdamW,,0.00015,1e-05,[0.68794326 2.1920904  0.91725768],0.02,1.0,0.11703,1.56983,0.47727,0.42487,"[0.57778, 0.23529, 0.46154]",97,0.12805,1.75673,0.59091,0.47104,"[0.69091, 0.22222, 0.5]",93,COMPLETED,12.521
713,20260103_183422,gaitset_OUMVLP_TOP70.csv,70%,Preset_28,TCN,42,256,"[192, 256, 384, 512]","[1, 2, 4, 8]",3,2,silu,True,True,"[True, True, True, True]",max,256.0,minmax,"[None, 0.05, 0.05, 0.1]",96,AdamW,,0.00015,1e-05,[0.68794326 2.1920904  0.91725768],0.02,1.0,0.12011,1.78497,0.52273,0.38889,"[0.75, 0.0, 0.41667]",384,0.14244,1.76702,0.56818,0.46296,"[0.75556, 0.13333, 0.5]",372,COMPLETED,49.331
714,20260103_183422,gln_phase1_TOP70.csv,70%,Preset_28,TCN,42,256,"[192, 256, 384, 512]","[1, 2, 4, 8]",3,2,silu,True,True,"[True, True, True, True]",max,256.0,minmax,"[None, 0.05, 0.05, 0.1]",96,AdamW,,0.00015,1e-05,[0.68794326 2.1920904  0.91725768],0.02,1.0,0.13723,1.648,0.38636,0.30686,"[0.47059, 0.0, 0.45]",89,0.24186,1.30811,0.54545,0.5,"[0.7, 0.33333, 0.46667]",59,COMPLETED,13.969
715,20260103_183422,gln_phase2_TOP70.csv,70%,Preset_28,TCN,42,256,"[192, 256, 384, 512]","[1, 2, 4, 8]",3,2,silu,True,True,"[True, True, True, True]",max,256.0,minmax,"[None, 0.05, 0.05, 0.1]",96,AdamW,,0.00015,1e-05,[0.68794326 2.1920904  0.91725768],0.02,1.0,0.11386,1.60031,0.47727,0.40895,"[0.52941, 0.13333, 0.5641]",100,0.20292,1.71624,0.59091,0.50068,"[0.66667, 0.25, 0.58537]",79,COMPLETED,15.709
742,20260103_183422,baseline_CASIAB_TOP70.csv,70%,Preset_5,TCN,42,256,"[384, 512, 640]","[1, 2, 4]",7,2,gelu,True,True,"[True, True, True]",max,256.0,minmax,"[0.05, 0.1, 0.1]",96,AdamW,,0.0001,1e-05,[0.68794326 2.1920904  0.91725768],0.02,1.0,0.11277,1.44063,0.52273,0.4407,"[0.57778, 0.18182, 0.5625]",84,0.11921,1.8855,0.5,0.46609,"[0.33333, 0.42857, 0.63636]",82,COMPLETED,9.629
743,20260103_183422,baseline_OUMVLP_TOP70.csv,70%,Preset_5,TCN,42,256,"[384, 512, 640]","[1, 2, 4]",7,2,gelu,True,True,"[True, True, True]",max,256.0,minmax,"[0.05, 0.1, 0.1]",96,AdamW,,0.0001,1e-05,[0.68794326 2.1920904  0.91725768],0.02,1.0,0.11778,1.53207,0.54545,0.45437,"[0.625, 0.16667, 0.57143]",109,0.18701,1.49648,0.59091,0.51334,"[0.69388, 0.30769, 0.53846]",79,COMPLETED,12.308
744,20260103_183422,gaitgl_TOP70.csv,70%,Preset_5,TCN,42,128,"[384, 512, 640]","[1, 2, 4]",7,2,gelu,True,True,"[True, True, True]",max,256.0,minmax,"[0.05, 0.1, 0.1]",96,AdamW,,0.0001,1e-05,[0.68794326 2.1920904  0.91725768],0.02,1.0,0.10822,1.48133,0.40909,0.30319,"[0.46512, 0.0, 0.44444]",57,0.15061,1.46046,0.5,0.46674,"[0.5, 0.36364, 0.53659]",46,COMPLETED,8.747
745,20260103_183422,gaitgl_GREW_TOP70.csv,70%,Preset_5,TCN,42,256,"[384, 512, 640]","[1, 2, 4]",7,2,gelu,True,True,"[True, True, True]",max,256.0,minmax,"[0.05, 0.1, 0.1]",96,AdamW,,0.0001,1e-05,[0.68794326 2.1920904  0.91725768],0.02,1.0,0.11363,1.26787,0.59091,0.42962,"[0.68421, 0.0, 0.60465]",48,0.11363,1.26787,0.59091,0.42962,"[0.68421, 0.0, 0.60465]",48,COMPLETED,7.722
746,20260103_183422,gaitgl_GREW_BNNeck_TOP70.csv,70%,Preset_5,TCN,42,256,"[384, 512, 640]","[1, 2, 4]",7,2,gelu,True,True,"[True, True, True]",max,256.0,minmax,"[0.05, 0.1, 0.1]",96,AdamW,,0.0001,1e-05,[0.68794326 2.1920904  0.91725768],0.02,1.0,0.13814,1.58032,0.47727,0.39272,"[0.59574, 0.15385, 0.42857]",115,0.65128,1.14652,0.54545,0.45965,"[0.57895, 0.2, 0.6]",78,COMPLETED,18.347
747,20260103_183422,gaitgl_OUMVLP_TOP70.csv,70%,Preset_5,TCN,42,256,"[384, 512, 640]","[1, 2, 4]",7,2,gelu,True,True,"[True, True, True]",max,256.0,minmax,"[0.05, 0.1, 0.1]",96,AdamW,,0.0001,1e-05,[0.68794326 2.1920904  0.91725768],0.02,1.0,0.13005,1.81317,0.38636,0.3348,"[0.46154, 0.14286, 0.4]",164,0.67777,1.52241,0.38636,0.38322,"[0.45714, 0.27586, 0.41667]",99,COMPLETED,26.212
748,20260103_183422,gaitpart_GREW_TOP70.csv,70%,Preset_5,TCN,42,256,"[384, 512, 640]","[1, 2, 4]",7,2,gelu,True,True,"[True, True, True]",max,256.0,minmax,"[0.05, 0.1, 0.1]",96,AdamW,,0.0001,1e-05,[0.68794326 2.1920904  0.91725768],0.02,1.0,0.12971,1.45549,0.5,0.41667,"[0.58333, 0.2, 0.46667]",99,0.26139,1.47818,0.59091,0.54934,"[0.69565, 0.57143, 0.38095]",65,COMPLETED,9.438
749,20260103_183422,gaitpart_OUMVLP_TOP70.csv,70%,Preset_5,TCN,42,256,"[384, 512, 640]","[1, 2, 4]",7,2,gelu,True,True,"[True, True, True]",max,256.0,minmax,"[0.05, 0.1, 0.1]",96,AdamW,,0.0001,1e-05,[0.68794326 2.1920904  0.91725768],0.02,1.0,0.10994,1.41405,0.59091,0.49859,"[0.59459, 0.25, 0.65116]",323,0.14041,1.59978,0.65909,0.56179,"[0.76364, 0.4, 0.52174]",309,COMPLETED,30.604
750,20260103_183422,gaitset_TOP70.csv,70%,Preset_5,TCN,42,256,"[384, 512, 640]","[1, 2, 4]",7,2,gelu,True,True,"[True, True, True]",max,256.0,minmax,"[0.05, 0.1, 0.1]",96,AdamW,,0.0001,1e-05,[0.68794326 2.1920904  0.91725768],0.02,1.0,0.10761,1.38474,0.43182,0.34576,"[0.6087, 0.14286, 0.28571]",90,0.52987,1.20133,0.5,0.45007,"[0.45161, 0.30769, 0.59091]",37,COMPLETED,16.781
751,20260103_183422,gaitset_GREW_TOP70.csv,70%,Preset_5,TCN,42,256,"[384, 512, 640]","[1, 2, 4]",7,2,gelu,True,True,"[True, True, True]",max,256.0,minmax,"[0.05, 0.1, 0.1]",96,AdamW,,0.0001,1e-05,[0.68794326 2.1920904  0.91725768],0.02,1.0,0.11515,1.80342,0.36364,0.36941,"[0.41379, 0.25, 0.44444]",105,0.13757,1.70148,0.54545,0.44017,"[0.65385, 0.22222, 0.44444]",84,COMPLETED,16.361
752,20260103_183422,gaitset_OUMVLP_TOP70.csv,70%,Preset_5,TCN,42,256,"[384, 512, 640]","[1, 2, 4]",7,2,gelu,True,True,"[True, True, True]",max,256.0,minmax,"[0.05, 0.1, 0.1]",96,AdamW,,0.0001,1e-05,[0.68794326 2.1920904  0.91725768],0.02,1.0,0.11986,1.38044,0.54545,0.47681,"[0.69767, 0.25, 0.48276]",372,0.11745,1.62857,0.59091,0.51151,"[0.70833, 0.30769, 0.51852]",371,COMPLETED,57.623
753,20260103_183422,gln_phase1_TOP70.csv,70%,Preset_5,TCN,42,256,"[384, 512, 640]","[1, 2, 4]",7,2,gelu,True,True,"[True, True, True]",max,256.0,minmax,"[0.05, 0.1, 0.1]",96,AdamW,,0.0001,1e-05,[0.68794326 2.1920904  0.91725768],0.02,1.0,0.12456,1.33732,0.45455,0.43544,"[0.5, 0.26087, 0.54545]",94,0.69576,0.99929,0.61364,0.55272,"[0.5625, 0.4, 0.69565]",40,COMPLETED,23.331
754,20260103_183422,gln_phase2_TOP70.csv,70%,Preset_5,TCN,42,256,"[384, 512, 640]","[1, 2, 4]",7,2,gelu,True,True,"[True, True, True]",max,256.0,minmax,"[0.05, 0.1, 0.1]",96,AdamW,,0.0001,1e-05,[0.68794326 2.1920904  0.91725768],0.02,1.0,0.11905,1.07777,0.54545,0.49722,"[0.625, 0.4, 0.46667]",88,0.11986,1.08414,0.65909,0.6568,"[0.69767, 0.66667, 0.60606]",85,COMPLETED,21.85
781,20260103_183422,baseline_CASIAB_TOP70.csv,70%,Preset_6,TCN,42,256,"[192, 256]","[1, 3]",7,2,gelu,True,True,"[True, True]",max,128.0,minmax,"[0.05, 0.1]",64,AdamW,,0.0001,5e-06,[0.68794326 2.1920904  0.91725768],0.02,1.0,0.13187,1.53354,0.40909,0.35163,"[0.4878, 0.14286, 0.42424]",94,0.60157,1.14613,0.5,0.47823,"[0.47059, 0.4, 0.5641]",42,COMPLETED,8.114
782,20260103_183422,baseline_OUMVLP_TOP70.csv,70%,Preset_6,TCN,42,256,"[192, 256]","[1, 3]",7,2,gelu,True,True,"[True, True]",max,128.0,minmax,"[0.05, 0.1]",64,AdamW,,0.0001,5e-06,[0.68794326 2.1920904  0.91725768],0.02,1.0,0.1236,1.65603,0.40909,0.35366,"[0.45, 0.15385, 0.45714]",126,0.33056,1.4145,0.54545,0.46732,"[0.53659, 0.25, 0.61538]",58,COMPLETED,10.996
783,20260103_183422,gaitgl_TOP70.csv,70%,Preset_6,TCN,42,128,"[192, 256]","[1, 3]",7,2,gelu,True,True,"[True, True]",max,128.0,minmax,"[0.05, 0.1]",64,AdamW,,0.0001,5e-06,[0.68794326 2.1920904  0.91725768],0.02,1.0,0.12457,1.44751,0.45455,0.31102,"[0.58824, 0.0, 0.34483]",45,0.12945,1.30525,0.56818,0.47434,"[0.6383, 0.22222, 0.5625]",43,COMPLETED,3.917
784,20260103_183422,gaitgl_GREW_TOP70.csv,70%,Preset_6,TCN,42,256,"[192, 256]","[1, 3]",7,2,gelu,True,True,"[True, True]",max,128.0,minmax,"[0.05, 0.1]",64,AdamW,,0.0001,5e-06,[0.68794326 2.1920904  0.91725768],0.02,1.0,0.11697,1.26982,0.43182,0.30571,"[0.56, 0.0, 0.35714]",39,0.29062,1.14448,0.52273,0.47271,"[0.59459, 0.23529, 0.58824]",26,COMPLETED,3.646
785,20260103_183422,gaitgl_GREW_BNNeck_TOP70.csv,70%,Preset_6,TCN,42,256,"[192, 256]","[1, 3]",7,2,gelu,True,True,"[True, True]",max,128.0,minmax,"[0.05, 0.1]",64,AdamW,,0.0001,5e-06,[0.68794326 2.1920904  0.91725768],0.02,1.0,0.13422,1.64197,0.5,0.42465,"[0.53659, 0.18182, 0.55556]",87,0.15369,1.56831,0.54545,0.45551,"[0.62222, 0.18182, 0.5625]",79,COMPLETED,8.348
786,20260103_183422,gaitgl_OUMVLP_TOP70.csv,70%,Preset_6,TCN,42,256,"[192, 256]","[1, 3]",7,2,gelu,True,True,"[True, True]",max,128.0,minmax,"[0.05, 0.1]",64,AdamW,,0.0001,5e-06,[0.68794326 2.1920904  0.91725768],0.02,1.0,0.12366,1.6586,0.47727,0.38013,"[0.61538, 0.125, 0.4]",169,0.15304,1.39972,0.5,0.42287,"[0.52941, 0.15385, 0.58537]",145,COMPLETED,15.923
787,20260103_183422,gaitpart_GREW_TOP70.csv,70%,Preset_6,TCN,42,256,"[192, 256]","[1, 3]",7,2,gelu,True,True,"[True, True]",max,128.0,minmax,"[0.05, 0.1]",64,AdamW,,0.0001,5e-06,[0.68794326 2.1920904  0.91725768],0.02,1.0,0.12243,1.30113,0.54545,0.48492,"[0.63636, 0.26667, 0.55172]",130,0.50716,1.30675,0.52273,0.52002,"[0.48276, 0.52174, 0.55556]",60,COMPLETED,10.623
788,20260103_183422,gaitpart_OUMVLP_TOP70.csv,70%,Preset_6,TCN,42,256,"[192, 256]","[1, 3]",7,2,gelu,True,True,"[True, True]",max,128.0,minmax,"[0.05, 0.1]",64,AdamW,,0.0001,5e-06,[0.68794326 2.1920904  0.91725768],0.02,1.0,0.13622,1.30257,0.47727,0.43296,"[0.55814, 0.22222, 0.51852]",339,0.13257,1.14923,0.61364,0.53829,"[0.74419, 0.25, 0.62069]",328,COMPLETED,27.752
789,20260103_183422,gaitset_TOP70.csv,70%,Preset_6,TCN,42,256,"[192, 256]","[1, 3]",7,2,gelu,True,True,"[True, True]",max,128.0,minmax,"[0.05, 0.1]",64,AdamW,,0.0001,5e-06,[0.68794326 2.1920904  0.91725768],0.02,1.0,0.13092,1.75461,0.38636,0.32302,"[0.56522, 0.25, 0.15385]",82,0.70283,1.18701,0.43182,0.39636,"[0.55814, 0.38095, 0.25]",32,COMPLETED,7.733
790,20260103_183422,gaitset_GREW_TOP70.csv,70%,Preset_6,TCN,42,256,"[192, 256]","[1, 3]",7,2,gelu,True,True,"[True, True]",max,128.0,minmax,"[0.05, 0.1]",64,AdamW,,0.0001,5e-06,[0.68794326 2.1920904  0.91725768],0.02,1.0,0.12089,1.29677,0.52273,0.38438,"[0.66667, 0.0, 0.48649]",119,0.18056,1.24113,0.59091,0.57092,"[0.64865, 0.5, 0.5641]",66,COMPLETED,11.273
791,20260103_183422,gaitset_OUMVLP_TOP70.csv,70%,Preset_6,TCN,42,256,"[192, 256]","[1, 3]",7,2,gelu,True,True,"[True, True]",max,128.0,minmax,"[0.05, 0.1]",64,AdamW,,0.0001,5e-06,[0.68794326 2.1920904  0.91725768],0.02,1.0,0.12495,1.28563,0.52273,0.44342,"[0.69565, 0.25, 0.38462]",383,0.13754,1.31535,0.59091,0.52248,"[0.71429, 0.30769, 0.54545]",337,COMPLETED,35.989
792,20260103_183422,gln_phase1_TOP70.csv,70%,Preset_6,TCN,42,256,"[192, 256]","[1, 3]",7,2,gelu,True,True,"[True, True]",max,128.0,minmax,"[0.05, 0.1]",64,AdamW,,0.0001,5e-06,[0.68794326 2.1920904  0.91725768],0.02,1.0,0.12218,1.53093,0.36364,0.31341,"[0.5, 0.11765, 0.32258]",117,0.304,1.2,0.54545,0.44415,"[0.68085, 0.2, 0.45161]",67,COMPLETED,12.082
793,20260103_183422,gln_phase2_TOP70.csv,70%,Preset_6,TCN,42,256,"[192, 256]","[1, 3]",7,2,gelu,True,True,"[True, True]",max,128.0,minmax,"[0.05, 0.1]",64,AdamW,,0.0001,5e-06,[0.68794326 2.1920904  0.91725768],0.02,1.0,0.12577,1.29185,0.63636,0.62957,"[0.59459, 0.58824, 0.70588]",88,0.12577,1.29185,0.63636,0.62957,"[0.59459, 0.58824, 0.70588]",88,COMPLETED,9.109
794,20260103_183422,baseline_CASIAB_TOP70.csv,70%,Preset_25,TCN,42,256,"[768, 768, 768]","[1, 2, 4]",3,2,gelu,True,True,"[True, True, True]",attention,256.0,L2,"[0.1, 0.1, 0.1]",96,Adam,,8e-05,1e-05,[0.68794326 2.1920904  0.91725768],0.02,1.0,0.11661,2.09645,0.45455,0.30725,"[0.57692, 0.0, 0.34483]",74,0.74186,1.34099,0.38636,0.33819,"[0.45714, 0.125, 0.43243]",25,COMPLETED,11.964
795,20260103_183422,baseline_OUMVLP_TOP70.csv,70%,Preset_25,TCN,42,256,"[768, 768, 768]","[1, 2, 4]",3,2,gelu,True,True,"[True, True, True]",attention,256.0,L2,"[0.1, 0.1, 0.1]",96,Adam,,8e-05,1e-05,[0.68794326 2.1920904  0.91725768],0.02,1.0,0.10893,1.99141,0.31818,0.27766,"[0.22857, 0.14286, 0.46154]",127,0.19949,1.91092,0.54545,0.44375,"[0.66667, 0.14286, 0.52174]",96,COMPLETED,20.487
796,20260103_183422,gaitgl_TOP70.csv,70%,Preset_25,TCN,42,128,"[768, 768, 768]","[1, 2, 4]",3,2,gelu,True,True,"[True, True, True]",attention,256.0,L2,"[0.1, 0.1, 0.1]",96,Adam,,8e-05,1e-05,[0.68794326 2.1920904  0.91725768],0.02,1.0,0.10812,2.20173,0.40909,0.27824,"[0.54902, 0.0, 0.28571]",41,0.13189,2.18348,0.43182,0.3837,"[0.57778, 0.33333, 0.24]",34,COMPLETED,9.092
797,20260103_183422,gaitgl_GREW_TOP70.csv,70%,Preset_25,TCN,42,256,"[768, 768, 768]","[1, 2, 4]",3,2,gelu,True,True,"[True, True, True]",attention,256.0,L2,"[0.1, 0.1, 0.1]",96,Adam,,8e-05,1e-05,[0.68794326 2.1920904  0.91725768],0.02,1.0,0.10974,1.91413,0.45455,0.28579,"[0.59649, 0.0, 0.26087]",34,0.73102,1.09881,0.52273,0.48055,"[0.6087, 0.35294, 0.48]",13,COMPLETED,7.77
798,20260103_183422,gaitgl_GREW_BNNeck_TOP70.csv,70%,Preset_25,TCN,42,256,"[768, 768, 768]","[1, 2, 4]",3,2,gelu,True,True,"[True, True, True]",attention,256.0,L2,"[0.1, 0.1, 0.1]",96,Adam,,8e-05,1e-05,[0.68794326 2.1920904  0.91725768],0.02,1.0,0.1091,2.13351,0.47727,0.32574,"[0.59259, 0.0, 0.38462]",78,0.30127,1.69701,0.52273,0.37407,"[0.62222, 0.0, 0.5]",41,COMPLETED,17.904
799,20260103_183422,gaitgl_OUMVLP_TOP70.csv,70%,Preset_25,TCN,42,256,"[768, 768, 768]","[1, 2, 4]",3,2,gelu,True,True,"[True, True, True]",attention,256.0,L2,"[0.1, 0.1, 0.1]",96,Adam,,8e-05,1e-05,[0.68794326 2.1920904  0.91725768],0.02,1.0,0.11636,1.72374,0.45455,0.37564,"[0.57692, 0.25, 0.3]",93,0.48713,1.34545,0.56818,0.51354,"[0.61905, 0.33333, 0.58824]",52,COMPLETED,21.377
800,20260103_183422,gaitpart_GREW_TOP70.csv,70%,Preset_25,TCN,42,256,"[768, 768, 768]","[1, 2, 4]",3,2,gelu,True,True,"[True, True, True]",attention,256.0,L2,"[0.1, 0.1, 0.1]",96,Adam,,8e-05,1e-05,[0.68794326 2.1920904  0.91725768],0.02,1.0,0.12256,2.17585,0.40909,0.40897,"[0.41026, 0.41667, 0.4]",134,0.43231,1.42809,0.52273,0.52601,"[0.5, 0.52632, 0.55172]",54,COMPLETED,17.361
801,20260103_183422,gaitpart_OUMVLP_TOP70.csv,70%,Preset_25,TCN,42,256,"[768, 768, 768]","[1, 2, 4]",3,2,gelu,True,True,"[True, True, True]",attention,256.0,L2,"[0.1, 0.1, 0.1]",96,Adam,,8e-05,1e-05,[0.68794326 2.1920904  0.91725768],0.02,1.0,0.11568,1.60753,0.52273,0.51686,"[0.5641, 0.5, 0.48649]",259,0.11454,1.6215,0.56818,0.5588,"[0.62222, 0.57143, 0.48276]",255,COMPLETED,33.122
802,20260103_183422,gaitset_TOP70.csv,70%,Preset_25,TCN,42,256,"[768, 768, 768]","[1, 2, 4]",3,2,gelu,True,True,"[True, True, True]",attention,256.0,L2,"[0.1, 0.1, 0.1]",96,Adam,,8e-05,1e-05,[0.68794326 2.1920904  0.91725768],0.02,1.0,0.12712,2.65443,0.36364,0.26599,"[0.40909, 0.0, 0.38889]",74,0.68247,1.28386,0.43182,0.42878,"[0.47826, 0.44444, 0.36364]",18,COMPLETED,16.456
803,20260103_183422,gaitset_GREW_TOP70.csv,70%,Preset_25,TCN,42,256,"[768, 768, 768]","[1, 2, 4]",3,2,gelu,True,True,"[True, True, True]",attention,256.0,L2,"[0.1, 0.1, 0.1]",96,Adam,,8e-05,1e-05,[0.68794326 2.1920904  0.91725768],0.02,1.0,0.11146,1.88971,0.43182,0.37409,"[0.45, 0.14286, 0.52941]",91,0.16092,2.31656,0.45455,0.41361,"[0.375, 0.30769, 0.55814]",86,COMPLETED,20.362
804,20260103_183422,gaitset_OUMVLP_TOP70.csv,70%,Preset_25,TCN,42,256,"[768, 768, 768]","[1, 2, 4]",3,2,gelu,True,True,"[True, True, True]",attention,256.0,L2,"[0.1, 0.1, 0.1]",96,Adam,,8e-05,1e-05,[0.68794326 2.1920904  0.91725768],0.02,1.0,0.11242,1.50539,0.56818,0.38889,"[0.66667, 0.0, 0.5]",317,0.11533,1.31148,0.63636,0.52976,"[0.70833, 0.16667, 0.71429]",316,COMPLETED,70.321
805,20260103_183422,gln_phase1_TOP70.csv,70%,Preset_25,TCN,42,256,"[768, 768, 768]","[1, 2, 4]",3,2,gelu,True,True,"[True, True, True]",attention,256.0,L2,"[0.1, 0.1, 0.1]",96,Adam,,8e-05,1e-05,[0.68794326 2.1920904  0.91725768],0.02,1.0,0.10969,2.03265,0.45455,0.33488,"[0.60465, 0.0, 0.4]",72,0.14238,1.96018,0.43182,0.40877,"[0.52632, 0.3, 0.4]",55,COMPLETED,20.917
806,20260103_183422,gln_phase2_TOP70.csv,70%,Preset_25,TCN,42,256,"[768, 768, 768]","[1, 2, 4]",3,2,gelu,True,True,"[True, True, True]",attention,256.0,L2,"[0.1, 0.1, 0.1]",96,Adam,,8e-05,1e-05,[0.68794326 2.1920904  0.91725768],0.02,1.0,0.11298,1.86757,0.40909,0.39777,"[0.48889, 0.42857, 0.27586]",76,0.12871,1.88159,0.45455,0.45169,"[0.52174, 0.5, 0.33333]",72,COMPLETED,22.033
807,20260103_183422,baseline_CASIAB_TOP70.csv,70%,Preset_16,TCN,42,256,"[384, 512, 512, 512]","[1, 2, 4, 8]",5,2,gelu,True,True,"[True, True, True, True]",max,512.0,minmax,"[None, 0.05, 0.1, 0.1]",128,AdamW,,0.0001,1e-05,[0.68794326 2.1920904  0.91725768],0.02,1.0,0.1237,1.39867,0.52273,0.37612,"[0.61224, 0.0, 0.51613]",102,0.71282,1.1105,0.59091,0.48984,"[0.66667, 0.22222, 0.58065]",63,COMPLETED,12.607
808,20260103_183422,baseline_OUMVLP_TOP70.csv,70%,Preset_16,TCN,42,256,"[384, 512, 512, 512]","[1, 2, 4, 8]",5,2,gelu,True,True,"[True, True, True, True]",max,512.0,minmax,"[None, 0.05, 0.1, 0.1]",128,AdamW,,0.0001,1e-05,[0.68794326 2.1920904  0.91725768],0.02,1.0,0.13048,2.13021,0.20455,0.19735,"[0.14815, 0.2439, 0.2]",125,0.4887,1.24336,0.59091,0.49457,"[0.65306, 0.25, 0.58065]",85,COMPLETED,15.556
809,20260103_183422,gaitgl_TOP70.csv,70%,Preset_16,TCN,42,128,"[384, 512, 512, 512]","[1, 2, 4, 8]",5,2,gelu,True,True,"[True, True, True, True]",max,512.0,minmax,"[None, 0.05, 0.1, 0.1]",128,AdamW,,0.0001,1e-05,[0.68794326 2.1920904  0.91725768],0.02,1.0,0.11469,1.56464,0.34091,0.33773,"[0.27586, 0.28571, 0.45161]",55,0.12069,1.41358,0.45455,0.41377,"[0.46667, 0.21053, 0.5641]",52,COMPLETED,9.506
810,20260103_183422,gaitgl_GREW_TOP70.csv,70%,Preset_16,TCN,42,256,"[384, 512, 512, 512]","[1, 2, 4, 8]",5,2,gelu,True,True,"[True, True, True, True]",max,512.0,minmax,"[None, 0.05, 0.1, 0.1]",128,AdamW,,0.0001,1e-05,[0.68794326 2.1920904  0.91725768],0.02,1.0,0.10897,1.23085,0.40909,0.37896,"[0.45714, 0.23529, 0.44444]",53,0.12239,1.2188,0.45455,0.41563,"[0.47059, 0.25, 0.52632]",50,COMPLETED,9.524
811,20260103_183422,gaitgl_GREW_BNNeck_TOP70.csv,70%,Preset_16,TCN,42,256,"[384, 512, 512, 512]","[1, 2, 4, 8]",5,2,gelu,True,True,"[True, True, True, True]",max,512.0,minmax,"[None, 0.05, 0.1, 0.1]",128,AdamW,,0.0001,1e-05,[0.68794326 2.1920904  0.91725768],0.02,1.0,0.13963,1.9116,0.34091,0.32323,"[0.36364, 0.18182, 0.42424]",97,0.25826,1.47194,0.56818,0.47444,"[0.64, 0.25, 0.53333]",74,COMPLETED,17.316
812,20260103_183422,gaitgl_OUMVLP_TOP70.csv,70%,Preset_16,TCN,42,256,"[384, 512, 512, 512]","[1, 2, 4, 8]",5,2,gelu,True,True,"[True, True, True, True]",max,512.0,minmax,"[None, 0.05, 0.1, 0.1]",128,AdamW,,0.0001,1e-05,[0.68794326 2.1920904  0.91725768],0.02,1.0,0.13469,1.53686,0.43182,0.3402,"[0.47059, 0.0, 0.55]",180,0.15836,1.35154,0.54545,0.44444,"[0.66667, 0.2, 0.46667]",122,COMPLETED,32.179
813,20260103_183422,gaitpart_GREW_TOP70.csv,70%,Preset_16,TCN,42,256,"[384, 512, 512, 512]","[1, 2, 4, 8]",5,2,gelu,True,True,"[True, True, True, True]",max,512.0,minmax,"[None, 0.05, 0.1, 0.1]",128,AdamW,,0.0001,1e-05,[0.68794326 2.1920904  0.91725768],0.02,1.0,0.12716,1.62917,0.47727,0.46268,"[0.53659, 0.43478, 0.41667]",117,0.12813,1.56047,0.5,0.49595,"[0.52632, 0.5, 0.46154]",113,COMPLETED,11.92
814,20260103_183422,gaitpart_OUMVLP_TOP70.csv,70%,Preset_16,TCN,42,256,"[384, 512, 512, 512]","[1, 2, 4, 8]",5,2,gelu,True,True,"[True, True, True, True]",max,512.0,minmax,"[None, 0.05, 0.1, 0.1]",128,AdamW,,0.0001,1e-05,[0.68794326 2.1920904  0.91725768],0.02,1.0,0.11681,1.71046,0.47727,0.39082,"[0.69767, 0.35714, 0.11765]",341,0.74784,1.03115,0.63636,0.57629,"[0.68182, 0.4, 0.64706]",137,COMPLETED,33.942
815,20260103_183422,gaitset_TOP70.csv,70%,Preset_16,TCN,42,256,"[384, 512, 512, 512]","[1, 2, 4, 8]",5,2,gelu,True,True,"[True, True, True, True]",max,512.0,minmax,"[None, 0.05, 0.1, 0.1]",128,AdamW,,0.0001,1e-05,[0.68794326 2.1920904  0.91725768],0.02,1.0,0.11173,1.59274,0.38636,0.34035,"[0.4, 0.2, 0.42105]",96,0.62479,1.13582,0.47727,0.45194,"[0.56522, 0.47059, 0.32]",42,COMPLETED,16.758
816,20260103_183422,gaitset_GREW_TOP70.csv,70%,Preset_16,TCN,42,256,"[384, 512, 512, 512]","[1, 2, 4, 8]",5,2,gelu,True,True,"[True, True, True, True]",max,512.0,minmax,"[None, 0.05, 0.1, 0.1]",128,AdamW,,0.0001,1e-05,[0.68794326 2.1920904  0.91725768],0.02,1.0,0.11053,1.67968,0.34091,0.30267,"[0.47619, 0.18182, 0.25]",126,0.52205,1.26807,0.5,0.40779,"[0.61224, 0.16667, 0.44444]",74,COMPLETED,22.055
817,20260103_183422,gaitset_OUMVLP_TOP70.csv,70%,Preset_16,TCN,42,256,"[384, 512, 512, 512]","[1, 2, 4, 8]",5,2,gelu,True,True,"[True, True, True, True]",max,512.0,minmax,"[None, 0.05, 0.1, 0.1]",128,AdamW,,0.0001,1e-05,[0.68794326 2.1920904  0.91725768],0.02,1.0,0.12817,1.74516,0.52273,0.35556,"[0.66667, 0.0, 0.4]",438,0.13013,1.38962,0.54545,0.45222,"[0.69767, 0.14286, 0.51613]",434,COMPLETED,76.664
818,20260103_183422,gln_phase1_TOP70.csv,70%,Preset_16,TCN,42,256,"[384, 512, 512, 512]","[1, 2, 4, 8]",5,2,gelu,True,True,"[True, True, True, True]",max,512.0,minmax,"[None, 0.05, 0.1, 0.1]",128,AdamW,,0.0001,1e-05,[0.68794326 2.1920904  0.91725768],0.02,1.0,0.11683,1.14452,0.63636,0.46206,"[0.73913, 0.0, 0.64706]",123,0.69953,0.97837,0.59091,0.49259,"[0.61111, 0.2, 0.66667]",51,COMPLETED,27.882
819,20260103_183422,gln_phase2_TOP70.csv,70%,Preset_16,TCN,42,256,"[384, 512, 512, 512]","[1, 2, 4, 8]",5,2,gelu,True,True,"[True, True, True, True]",max,512.0,minmax,"[None, 0.05, 0.1, 0.1]",128,AdamW,,0.0001,1e-05,[0.68794326 2.1920904  0.91725768],0.02,1.0,0.12855,1.34198,0.56818,0.54756,"[0.63636, 0.52632, 0.48]",117,0.1434,1.14216,0.61364,0.57341,"[0.66667, 0.42857, 0.625]",112,COMPLETED,26.662
820,20260103_183422,baseline_CASIAB_TOP70.csv,70%,Preset_15,TCN,42,256,"[256, 320, 384]","[1, 2, 4]",3,1,gelu,True,True,"[True, True, True]",mean,256.0,L2,"[0.05, 0.05, 0.05]",96,SGD,0.0,0.0006,1e-05,[0.68794326 2.1920904  0.91725768],0.02,1.0,0.58524,1.10433,0.43182,0.36233,"[0.55814, 0.15385, 0.375]",5000,0.58279,1.11766,0.47727,0.45204,"[0.57895, 0.35294, 0.42424]",4996,COMPLETED,342.874
821,20260103_183422,baseline_OUMVLP_TOP70.csv,70%,Preset_15,TCN,42,256,"[256, 320, 384]","[1, 2, 4]",3,1,gelu,True,True,"[True, True, True]",mean,256.0,L2,"[0.05, 0.05, 0.05]",96,SGD,0.0,0.0006,1e-05,[0.68794326 2.1920904  0.91725768],0.02,1.0,0.68747,1.15105,0.38636,0.37478,"[0.4, 0.27273, 0.45161]",5000,0.7472,1.14707,0.38636,0.38384,"[0.36364, 0.36364, 0.42424]",4346,COMPLETED,341.953
822,20260103_183422,gaitgl_TOP70.csv,70%,Preset_15,TCN,42,128,"[256, 320, 384]","[1, 2, 4]",3,1,gelu,True,True,"[True, True, True]",mean,256.0,L2,"[0.05, 0.05, 0.05]",96,SGD,0.0,0.0006,1e-05,[0.68794326 2.1920904  0.91725768],0.02,1.0,0.53912,1.1221,0.38636,0.3631,"[0.42857, 0.28571, 0.375]",5000,0.65565,1.07716,0.5,0.45861,"[0.45714, 0.33333, 0.58537]",4293,COMPLETED,371.048
823,20260103_183422,gaitgl_GREW_TOP70.csv,70%,Preset_15,TCN,42,256,"[256, 320, 384]","[1, 2, 4]",3,1,gelu,True,True,"[True, True, True]",mean,256.0,L2,"[0.05, 0.05, 0.05]",96,SGD,0.0,0.0006,1e-05,[0.68794326 2.1920904  0.91725768],0.02,1.0,0.54166,1.12777,0.36364,0.3221,"[0.3913, 0.2, 0.375]",5000,0.66693,1.07136,0.43182,0.37763,"[0.4186, 0.2, 0.51429]",4029,COMPLETED,402.161
824,20260103_183422,gaitgl_GREW_BNNeck_TOP70.csv,70%,Preset_15,TCN,42,256,"[256, 320, 384]","[1, 2, 4]",3,1,gelu,True,True,"[True, True, True]",mean,256.0,L2,"[0.05, 0.05, 0.05]",96,SGD,0.0,0.0006,1e-05,[0.68794326 2.1920904  0.91725768],0.02,1.0,0.72196,1.08973,0.45455,0.41714,"[0.5, 0.23529, 0.51613]",5000,0.73798,1.10835,0.47727,0.45417,"[0.5, 0.3, 0.5625]",4812,COMPLETED,401.582
825,20260103_183422,gaitgl_OUMVLP_TOP70.csv,70%,Preset_15,TCN,42,256,"[256, 320, 384]","[1, 2, 4]",3,1,gelu,True,True,"[True, True, True]",mean,256.0,L2,"[0.05, 0.05, 0.05]",96,SGD,0.0,0.0006,1e-05,[0.68794326 2.1920904  0.91725768],0.02,1.0,0.99182,1.07269,0.45455,0.45353,"[0.42424, 0.38462, 0.55172]",5000,0.99182,1.07269,0.45455,0.45353,"[0.42424, 0.38462, 0.55172]",5000,COMPLETED,403.581
826,20260103_183422,gaitpart_GREW_TOP70.csv,70%,Preset_15,TCN,42,256,"[256, 320, 384]","[1, 2, 4]",3,1,gelu,True,True,"[True, True, True]",mean,256.0,L2,"[0.05, 0.05, 0.05]",96,SGD,0.0,0.0006,1e-05,[0.68794326 2.1920904  0.91725768],0.02,1.0,0.49853,1.15541,0.43182,0.3875,"[0.6, 0.25, 0.3125]",5000,0.5039,1.21853,0.52273,0.5079,"[0.63158, 0.52174, 0.37037]",4955,COMPLETED,317.45
827,20260103_183422,gaitpart_OUMVLP_TOP70.csv,70%,Preset_15,TCN,42,256,"[256, 320, 384]","[1, 2, 4]",3,1,gelu,True,True,"[True, True, True]",mean,256.0,L2,"[0.05, 0.05, 0.05]",96,SGD,0.0,0.0006,1e-05,[0.68794326 2.1920904  0.91725768],0.02,1.0,1.10191,1.10203,0.27273,0.26644,"[0.23077, 0.30769, 0.26087]",519,1.10191,1.10203,0.27273,0.26644,"[0.23077, 0.30769, 0.26087]",519,STOPPED,32.693
828,20260103_183422,gaitset_TOP70.csv,70%,Preset_15,TCN,42,256,"[256, 320, 384]","[1, 2, 4]",3,1,gelu,True,True,"[True, True, True]",mean,256.0,L2,"[0.05, 0.05, 0.05]",96,SGD,0.0,0.0006,1e-05,[0.68794326 2.1920904  0.91725768],0.02,1.0,0.73455,1.19966,0.34091,0.2605,"[0.42857, 0.0, 0.35294]",5000,0.74688,1.21652,0.34091,0.29652,"[0.46154, 0.125, 0.30303]",4846,COMPLETED,400.531
829,20260103_183422,gaitset_GREW_TOP70.csv,70%,Preset_15,TCN,42,256,"[256, 320, 384]","[1, 2, 4]",3,1,gelu,True,True,"[True, True, True]",mean,256.0,L2,"[0.05, 0.05, 0.05]",96,SGD,0.0,0.0006,1e-05,[0.68794326 2.1920904  0.91725768],0.02,1.0,0.87551,1.07621,0.40909,0.3859,"[0.4, 0.30769, 0.45]",5000,0.87551,1.07621,0.40909,0.3859,"[0.4, 0.30769, 0.45]",5000,COMPLETED,398.991
830,20260103_183422,gaitset_OUMVLP_TOP70.csv,70%,Preset_15,TCN,42,256,"[256, 320, 384]","[1, 2, 4]",3,1,gelu,True,True,"[True, True, True]",mean,256.0,L2,"[0.05, 0.05, 0.05]",96,SGD,0.0,0.0006,1e-05,[0.68794326 2.1920904  0.91725768],0.02,1.0,1.10443,1.10063,0.20455,0.15278,"[0.16667, 0.29167, 0.0]",210,1.10443,1.10063,0.20455,0.15278,"[0.16667, 0.29167, 0.0]",210,STOPPED,16.71
831,20260103_183422,gln_phase1_TOP70.csv,70%,Preset_15,TCN,42,256,"[256, 320, 384]","[1, 2, 4]",3,1,gelu,True,True,"[True, True, True]",mean,256.0,L2,"[0.05, 0.05, 0.05]",96,SGD,0.0,0.0006,1e-05,[0.68794326 2.1920904  0.91725768],0.02,1.0,0.8905,1.0483,0.40909,0.37803,"[0.5641, 0.32, 0.25]",5000,0.8905,1.0483,0.40909,0.37803,"[0.5641, 0.32, 0.25]",5000,COMPLETED,484.045
832,20260103_183422,gln_phase2_TOP70.csv,70%,Preset_15,TCN,42,256,"[256, 320, 384]","[1, 2, 4]",3,1,gelu,True,True,"[True, True, True]",mean,256.0,L2,"[0.05, 0.05, 0.05]",96,SGD,0.0,0.0006,1e-05,[0.68794326 2.1920904  0.91725768],0.02,1.0,0.87581,1.03316,0.47727,0.46468,"[0.51613, 0.36364, 0.51429]",5000,0.87581,1.03316,0.47727,0.46468,"[0.51613, 0.36364, 0.51429]",5000,COMPLETED,482.331
872,20260103_183422,baseline_CASIAB_TOP70.csv,70%,Preset_4,TCN,42,256,"[384, 384, 384, 512]","[1, 2, 3, 4]",7,2,gelu,True,False,"[True, True, True, True]",attention,128.0,L2,"[0.1, 0.1, 0.1, 0.1]",128,AdamW,,0.0001,1e-05,[0.68794326 2.1920904  0.91725768],0.02,1.0,0.11365,1.81173,0.47727,0.33631,"[0.57143, 0.0, 0.4375]",71,0.12495,1.63299,0.56818,0.48266,"[0.61905, 0.25, 0.57895]",62,COMPLETED,7.43
873,20260103_183422,baseline_OUMVLP_TOP70.csv,70%,Preset_4,TCN,42,256,"[384, 384, 384, 512]","[1, 2, 3, 4]",7,2,gelu,True,False,"[True, True, True, True]",attention,128.0,L2,"[0.1, 0.1, 0.1, 0.1]",128,AdamW,,0.0001,1e-05,[0.68794326 2.1920904  0.91725768],0.02,1.0,0.11298,1.72221,0.56818,0.51659,"[0.59574, 0.33333, 0.62069]",134,0.34589,1.16405,0.61364,0.56645,"[0.66667, 0.44444, 0.58824]",70,COMPLETED,13.953
874,20260103_183422,gaitgl_TOP70.csv,70%,Preset_4,TCN,42,128,"[384, 384, 384, 512]","[1, 2, 3, 4]",7,2,gelu,True,False,"[True, True, True, True]",attention,128.0,L2,"[0.1, 0.1, 0.1, 0.1]",128,AdamW,,0.0001,1e-05,[0.68794326 2.1920904  0.91725768],0.02,1.0,0.10717,1.48769,0.52273,0.43892,"[0.60465, 0.16667, 0.54545]",35,0.17937,1.50166,0.54545,0.51679,"[0.57143, 0.4, 0.57895]",28,COMPLETED,4.913
875,20260103_183422,gaitgl_GREW_TOP70.csv,70%,Preset_4,TCN,42,256,"[384, 384, 384, 512]","[1, 2, 3, 4]",7,2,gelu,True,False,"[True, True, True, True]",attention,128.0,L2,"[0.1, 0.1, 0.1, 0.1]",128,AdamW,,0.0001,1e-05,[0.68794326 2.1920904  0.91725768],0.02,1.0,0.10954,1.75738,0.47727,0.32946,"[0.60377, 0.0, 0.38462]",33,0.19922,1.29991,0.61364,0.44613,"[0.72727, 0.0, 0.61111]",22,COMPLETED,4.735
876,20260103_183422,gaitgl_GREW_BNNeck_TOP70.csv,70%,Preset_4,TCN,42,256,"[384, 384, 384, 512]","[1, 2, 3, 4]",7,2,gelu,True,False,"[True, True, True, True]",attention,128.0,L2,"[0.1, 0.1, 0.1, 0.1]",128,AdamW,,0.0001,1e-05,[0.68794326 2.1920904  0.91725768],0.02,1.0,0.11587,2.09612,0.43182,0.36984,"[0.5, 0.14286, 0.46667]",55,0.29396,2.05044,0.45455,0.41288,"[0.54167, 0.33333, 0.36364]",44,COMPLETED,7.95
877,20260103_183422,gaitgl_OUMVLP_TOP70.csv,70%,Preset_4,TCN,42,256,"[384, 384, 384, 512]","[1, 2, 3, 4]",7,2,gelu,True,False,"[True, True, True, True]",attention,128.0,L2,"[0.1, 0.1, 0.1, 0.1]",128,AdamW,,0.0001,1e-05,[0.68794326 2.1920904  0.91725768],0.02,1.0,0.11646,1.42052,0.47727,0.42125,"[0.57143, 0.30769, 0.38462]",117,0.66723,0.98737,0.54545,0.49034,"[0.60465, 0.28571, 0.58065]",28,COMPLETED,16.631
878,20260103_183422,gaitpart_GREW_TOP70.csv,70%,Preset_4,TCN,42,256,"[384, 384, 384, 512]","[1, 2, 3, 4]",7,2,gelu,True,False,"[True, True, True, True]",attention,128.0,L2,"[0.1, 0.1, 0.1, 0.1]",128,AdamW,,0.0001,1e-05,[0.68794326 2.1920904  0.91725768],0.02,1.0,0.11081,1.51786,0.59091,0.48063,"[0.70833, 0.18182, 0.55172]",162,0.34852,1.50332,0.61364,0.5451,"[0.68293, 0.28571, 0.66667]",147,COMPLETED,14.043
879,20260103_183422,gaitpart_OUMVLP_TOP70.csv,70%,Preset_4,TCN,42,256,"[384, 384, 384, 512]","[1, 2, 3, 4]",7,2,gelu,True,False,"[True, True, True, True]",attention,128.0,L2,"[0.1, 0.1, 0.1, 0.1]",128,AdamW,,0.0001,1e-05,[0.68794326 2.1920904  0.91725768],0.02,1.0,0.12212,1.76642,0.47727,0.43543,"[0.47059, 0.28571, 0.55]",272,0.23708,1.26684,0.63636,0.59466,"[0.72, 0.54545, 0.51852]",188,COMPLETED,23.348
880,20260103_183422,gaitset_TOP70.csv,70%,Preset_4,TCN,42,256,"[384, 384, 384, 512]","[1, 2, 3, 4]",7,2,gelu,True,False,"[True, True, True, True]",attention,128.0,L2,"[0.1, 0.1, 0.1, 0.1]",128,AdamW,,0.0001,1e-05,[0.68794326 2.1920904  0.91725768],0.02,1.0,0.11583,2.51023,0.38636,0.32251,"[0.5, 0.28571, 0.18182]",52,0.40917,1.36068,0.47727,0.43613,"[0.53061, 0.33333, 0.44444]",31,COMPLETED,7.333
881,20260103_183422,gaitset_GREW_TOP70.csv,70%,Preset_4,TCN,42,256,"[384, 384, 384, 512]","[1, 2, 3, 4]",7,2,gelu,True,False,"[True, True, True, True]",attention,128.0,L2,"[0.1, 0.1, 0.1, 0.1]",128,AdamW,,0.0001,1e-05,[0.68794326 2.1920904  0.91725768],0.02,1.0,0.11419,1.79875,0.38636,0.3333,"[0.4878, 0.125, 0.3871]",57,0.29569,1.45994,0.47727,0.41232,"[0.54054, 0.125, 0.57143]",43,COMPLETED,8.124
882,20260103_183422,gaitset_OUMVLP_TOP70.csv,70%,Preset_4,TCN,42,256,"[384, 384, 384, 512]","[1, 2, 3, 4]",7,2,gelu,True,False,"[True, True, True, True]",attention,128.0,L2,"[0.1, 0.1, 0.1, 0.1]",128,AdamW,,0.0001,1e-05,[0.68794326 2.1920904  0.91725768],0.02,1.0,0.10501,2.0172,0.47727,0.38047,"[0.66667, 0.11111, 0.36364]",290,0.25948,1.61332,0.52273,0.46193,"[0.63636, 0.26667, 0.48276]",208,COMPLETED,40.923
883,20260103_183422,gln_phase1_TOP70.csv,70%,Preset_4,TCN,42,256,"[384, 384, 384, 512]","[1, 2, 3, 4]",7,2,gelu,True,False,"[True, True, True, True]",attention,128.0,L2,"[0.1, 0.1, 0.1, 0.1]",128,AdamW,,0.0001,1e-05,[0.68794326 2.1920904  0.91725768],0.02,1.0,0.11101,1.82163,0.52273,0.43561,"[0.68182, 0.125, 0.5]",63,0.23902,1.5984,0.56818,0.47585,"[0.73171, 0.13333, 0.5625]",53,COMPLETED,11.52
884,20260103_183422,gln_phase2_TOP70.csv,70%,Preset_4,TCN,42,256,"[384, 384, 384, 512]","[1, 2, 3, 4]",7,2,gelu,True,False,"[True, True, True, True]",attention,128.0,L2,"[0.1, 0.1, 0.1, 0.1]",128,AdamW,,0.0001,1e-05,[0.68794326 2.1920904  0.91725768],0.02,1.0,0.12099,1.54166,0.47727,0.36833,"[0.62222, 0.0, 0.48276]",68,0.21887,1.52087,0.54545,0.4454,"[0.70588, 0.26667, 0.36364]",46,COMPLETED,12.449
1041,20260103_183422,baseline_CASIAB_TOP70.csv,70%,Preset_10,TCN,42,256,"[512, 512, 512, 1024]","[1, 2, 4, 6]",5,2,leakyrelu,True,True,"[True, True, True, True]",attention,512.0,L2,"[0.1, 0.1, 0.1, 0.1]",32,AdamW,,0.0001,1e-05,[0.68794326 2.1920904  0.91725768],0.02,1.0,0.1279,1.67847,0.5,0.45472,"[0.61905, 0.33333, 0.41176]",34,0.248,1.31147,0.56818,0.47932,"[0.72, 0.33333, 0.38462]",22,COMPLETED,13.311
1042,20260103_183422,baseline_OUMVLP_TOP70.csv,70%,Preset_10,TCN,42,256,"[512, 512, 512, 1024]","[1, 2, 4, 6]",5,2,leakyrelu,True,True,"[True, True, True, True]",attention,512.0,L2,"[0.1, 0.1, 0.1, 0.1]",32,AdamW,,0.0001,1e-05,[0.68794326 2.1920904  0.91725768],0.02,1.0,0.11769,1.78551,0.45455,0.34734,"[0.57143, 0.0, 0.47059]",66,0.19748,1.74511,0.52273,0.43928,"[0.65116, 0.13333, 0.53333]",43,COMPLETED,25.786
1043,20260103_183422,gaitgl_TOP70.csv,70%,Preset_10,TCN,42,128,"[512, 512, 512, 1024]","[1, 2, 4, 6]",5,2,leakyrelu,True,True,"[True, True, True, True]",attention,512.0,L2,"[0.1, 0.1, 0.1, 0.1]",32,AdamW,,0.0001,1e-05,[0.68794326 2.1920904  0.91725768],0.02,1.0,0.11326,2.31052,0.38636,0.3631,"[0.375, 0.28571, 0.42857]",20,0.12414,2.01152,0.54545,0.44415,"[0.68085, 0.2, 0.45161]",16,COMPLETED,9.47
1044,20260103_183422,gaitgl_GREW_TOP70.csv,70%,Preset_10,TCN,42,256,"[512, 512, 512, 1024]","[1, 2, 4, 6]",5,2,leakyrelu,True,True,"[True, True, True, True]",attention,512.0,L2,"[0.1, 0.1, 0.1, 0.1]",32,AdamW,,0.0001,1e-05,[0.68794326 2.1920904  0.91725768],0.02,1.0,0.10399,1.77081,0.5,0.40754,"[0.61224, 0.18182, 0.42857]",20,0.13212,1.81197,0.54545,0.45222,"[0.64, 0.25, 0.46667]",16,COMPLETED,9.604
1045,20260103_183422,gaitgl_GREW_BNNeck_TOP70.csv,70%,Preset_10,TCN,42,256,"[512, 512, 512, 1024]","[1, 2, 4, 6]",5,2,leakyrelu,True,True,"[True, True, True, True]",attention,512.0,L2,"[0.1, 0.1, 0.1, 0.1]",32,AdamW,,0.0001,1e-05,[0.68794326 2.1920904  0.91725768],0.02,1.0,0.12331,1.87656,0.5,0.45512,"[0.59574, 0.35294, 0.41667]",40,0.12331,1.87656,0.5,0.45512,"[0.59574, 0.35294, 0.41667]",40,COMPLETED,19.004
1046,20260103_183422,gaitgl_OUMVLP_TOP70.csv,70%,Preset_10,TCN,42,256,"[512, 512, 512, 1024]","[1, 2, 4, 6]",5,2,leakyrelu,True,True,"[True, True, True, True]",attention,512.0,L2,"[0.1, 0.1, 0.1, 0.1]",32,AdamW,,0.0001,1e-05,[0.68794326 2.1920904  0.91725768],0.02,1.0,0.1084,1.76261,0.38636,0.2766,"[0.5098, 0.0, 0.32]",45,0.17537,2.56761,0.40909,0.39072,"[0.3125, 0.33333, 0.52632]",32,COMPLETED,21.25
1047,20260103_183422,gaitpart_GREW_TOP70.csv,70%,Preset_10,TCN,42,256,"[512, 512, 512, 1024]","[1, 2, 4, 6]",5,2,leakyrelu,True,True,"[True, True, True, True]",attention,512.0,L2,"[0.1, 0.1, 0.1, 0.1]",32,AdamW,,0.0001,1e-05,[0.68794326 2.1920904  0.91725768],0.02,1.0,0.10634,2.04923,0.47727,0.32418,"[0.61538, 0.0, 0.35714]",61,0.13198,1.69591,0.59091,0.49483,"[0.65116, 0.22222, 0.61111]",54,COMPLETED,21.714
1048,20260103_183422,gaitpart_OUMVLP_TOP70.csv,70%,Preset_10,TCN,42,256,"[512, 512, 512, 1024]","[1, 2, 4, 6]",5,2,leakyrelu,True,True,"[True, True, True, True]",attention,512.0,L2,"[0.1, 0.1, 0.1, 0.1]",32,AdamW,,0.0001,1e-05,[0.68794326 2.1920904  0.91725768],0.02,1.0,0.124,1.8184,0.52273,0.38307,"[0.57778, 0.0, 0.57143]",74,0.61387,1.05297,0.54545,0.54398,"[0.48649, 0.54545, 0.6]",41,COMPLETED,26.283
1049,20260103_183422,gaitset_TOP70.csv,70%,Preset_10,TCN,42,256,"[512, 512, 512, 1024]","[1, 2, 4, 6]",5,2,leakyrelu,True,True,"[True, True, True, True]",attention,512.0,L2,"[0.1, 0.1, 0.1, 0.1]",32,AdamW,,0.0001,1e-05,[0.68794326 2.1920904  0.91725768],0.02,1.0,0.13671,1.93993,0.43182,0.34676,"[0.53846, 0.18182, 0.32]",30,0.6289,1.23654,0.5,0.47475,"[0.42424, 0.4, 0.6]",13,COMPLETED,13.749
1050,20260103_183422,gaitset_GREW_TOP70.csv,70%,Preset_10,TCN,42,256,"[512, 512, 512, 1024]","[1, 2, 4, 6]",5,2,leakyrelu,True,True,"[True, True, True, True]",attention,512.0,L2,"[0.1, 0.1, 0.1, 0.1]",32,AdamW,,0.0001,1e-05,[0.68794326 2.1920904  0.91725768],0.02,1.0,0.10357,2.21362,0.40909,0.37897,"[0.45, 0.23529, 0.45161]",60,0.12015,2.34259,0.43182,0.38443,"[0.38462, 0.21053, 0.55814]",53,COMPLETED,27.495
1051,20260103_183422,gaitset_OUMVLP_TOP70.csv,70%,Preset_10,TCN,42,256,"[512, 512, 512, 1024]","[1, 2, 4, 6]",5,2,leakyrelu,True,True,"[True, True, True, True]",attention,512.0,L2,"[0.1, 0.1, 0.1, 0.1]",32,AdamW,,0.0001,1e-05,[0.68794326 2.1920904  0.91725768],0.02,1.0,0.11272,2.62635,0.27273,0.22067,"[0.30303, 0.0, 0.35897]",108,0.36763,1.75584,0.47727,0.39836,"[0.59091, 0.16667, 0.4375]",73,COMPLETED,49.733
1052,20260103_183422,gln_phase1_TOP70.csv,70%,Preset_10,TCN,42,256,"[512, 512, 512, 1024]","[1, 2, 4, 6]",5,2,leakyrelu,True,True,"[True, True, True, True]",attention,512.0,L2,"[0.1, 0.1, 0.1, 0.1]",32,AdamW,,0.0001,1e-05,[0.68794326 2.1920904  0.91725768],0.02,1.0,0.10926,1.60653,0.5,0.39717,"[0.65306, 0.15385, 0.38462]",42,0.11162,1.47791,0.54545,0.45589,"[0.62222, 0.2, 0.54545]",41,COMPLETED,23.642
1053,20260103_183422,gln_phase2_TOP70.csv,70%,Preset_10,TCN,42,256,"[512, 512, 512, 1024]","[1, 2, 4, 6]",5,2,leakyrelu,True,True,"[True, True, True, True]",attention,512.0,L2,"[0.1, 0.1, 0.1, 0.1]",32,AdamW,,0.0001,1e-05,[0.68794326 2.1920904  0.91725768],0.02,1.0,0.12959,1.85584,0.52273,0.3474,"[0.67857, 0.0, 0.36364]",39,0.12108,1.61328,0.5,0.47977,"[0.57778, 0.46154, 0.4]",36,COMPLETED,21.75
1067,20260103_183422,baseline_CASIAB_TOP70.csv,70%,Preset_33,TCN,42,256,"[256, 384, 512, 512]","[1, 3, 5, 7]",3,2,leakyrelu,True,True,"[True, True, True, True]",max,256.0,minmax,"[0.05, 0.05, 0.05, 0.05]",64,AdamW,,0.00015,1e-05,[0.68794326 2.1920904  0.91725768],0.02,1.0,0.11381,1.65638,0.38636,0.35728,"[0.46154, 0.23529, 0.375]",61,0.12535,1.59427,0.43182,0.39838,"[0.52381, 0.30769, 0.36364]",58,COMPLETED,8.693
1068,20260103_183422,baseline_OUMVLP_TOP70.csv,70%,Preset_33,TCN,42,256,"[256, 384, 512, 512]","[1, 3, 5, 7]",3,2,leakyrelu,True,True,"[True, True, True, True]",max,256.0,minmax,"[0.05, 0.05, 0.05, 0.05]",64,AdamW,,0.00015,1e-05,[0.68794326 2.1920904  0.91725768],0.02,1.0,0.13208,1.76707,0.45455,0.32566,"[0.41176, 0.0, 0.56522]",81,0.12063,1.5971,0.52273,0.46977,"[0.59091, 0.26667, 0.55172]",79,COMPLETED,11.26
1069,20260103_183422,gaitgl_TOP70.csv,70%,Preset_33,TCN,42,128,"[256, 384, 512, 512]","[1, 3, 5, 7]",3,2,leakyrelu,True,True,"[True, True, True, True]",max,256.0,minmax,"[0.05, 0.05, 0.05, 0.05]",64,AdamW,,0.00015,1e-05,[0.68794326 2.1920904  0.91725768],0.02,1.0,0.10976,1.69319,0.36364,0.34026,"[0.41026, 0.21053, 0.4]",41,0.15957,1.63488,0.40909,0.39079,"[0.4, 0.33333, 0.43902]",32,COMPLETED,6.77
1070,20260103_183422,gaitgl_GREW_TOP70.csv,70%,Preset_33,TCN,42,256,"[256, 384, 512, 512]","[1, 3, 5, 7]",3,2,leakyrelu,True,True,"[True, True, True, True]",max,256.0,minmax,"[0.05, 0.05, 0.05, 0.05]",64,AdamW,,0.00015,1e-05,[0.68794326 2.1920904  0.91725768],0.02,1.0,0.10748,1.24833,0.52273,0.38194,"[0.58333, 0.0, 0.5625]",36,0.59104,1.07746,0.54545,0.51192,"[0.59459, 0.35294, 0.58824]",21,COMPLETED,6.242
1071,20260103_183422,gaitgl_GREW_BNNeck_TOP70.csv,70%,Preset_33,TCN,42,256,"[256, 384, 512, 512]","[1, 3, 5, 7]",3,2,leakyrelu,True,True,"[True, True, True, True]",max,256.0,minmax,"[0.05, 0.05, 0.05, 0.05]",64,AdamW,,0.00015,1e-05,[0.68794326 2.1920904  0.91725768],0.02,1.0,0.13386,1.86963,0.52273,0.3697,"[0.65455, 0.0, 0.45455]",95,0.29204,1.24601,0.54545,0.48026,"[0.62745, 0.33333, 0.48]",75,COMPLETED,16.614
1072,20260103_183422,gaitgl_OUMVLP_TOP70.csv,70%,Preset_33,TCN,42,256,"[256, 384, 512, 512]","[1, 3, 5, 7]",3,2,leakyrelu,True,True,"[True, True, True, True]",max,256.0,minmax,"[0.05, 0.05, 0.05, 0.05]",64,AdamW,,0.00015,1e-05,[0.68794326 2.1920904  0.91725768],0.02,1.0,0.11861,1.41557,0.40909,0.32063,"[0.53333, 0.0, 0.42857]",106,0.1982,1.83072,0.59091,0.40979,"[0.69091, 0.0, 0.53846]",99,COMPLETED,18.362
1073,20260103_183422,gaitpart_GREW_TOP70.csv,70%,Preset_33,TCN,42,256,"[256, 384, 512, 512]","[1, 3, 5, 7]",3,2,leakyrelu,True,True,"[True, True, True, True]",max,256.0,minmax,"[0.05, 0.05, 0.05, 0.05]",64,AdamW,,0.00015,1e-05,[0.68794326 2.1920904  0.91725768],0.02,1.0,0.11779,1.45217,0.40909,0.39832,"[0.48649, 0.36364, 0.34483]",74,0.44015,1.20394,0.5,0.5,"[0.52632, 0.5, 0.47368]",39,COMPLETED,9.744
1074,20260103_183422,gaitpart_OUMVLP_TOP70.csv,70%,Preset_33,TCN,42,256,"[256, 384, 512, 512]","[1, 3, 5, 7]",3,2,leakyrelu,True,True,"[True, True, True, True]",max,256.0,minmax,"[0.05, 0.05, 0.05, 0.05]",64,AdamW,,0.00015,1e-05,[0.68794326 2.1920904  0.91725768],0.02,1.0,0.1211,1.51436,0.5,0.47225,"[0.48485, 0.35294, 0.57895]",175,0.24823,1.16107,0.63636,0.58632,"[0.68293, 0.44444, 0.63158]",134,COMPLETED,22.763
1075,20260103_183422,gaitset_TOP70.csv,70%,Preset_33,TCN,42,256,"[256, 384, 512, 512]","[1, 3, 5, 7]",3,2,leakyrelu,True,True,"[True, True, True, True]",max,256.0,minmax,"[0.05, 0.05, 0.05, 0.05]",64,AdamW,,0.00015,1e-05,[0.68794326 2.1920904  0.91725768],0.02,1.0,0.13335,1.83714,0.38636,0.34886,"[0.5, 0.26087, 0.28571]",54,0.63192,1.11181,0.52273,0.49774,"[0.51429, 0.4, 0.57895]",34,COMPLETED,9.24
1076,20260103_183422,gaitset_GREW_TOP70.csv,70%,Preset_33,TCN,42,256,"[256, 384, 512, 512]","[1, 3, 5, 7]",3,2,leakyrelu,True,True,"[True, True, True, True]",max,256.0,minmax,"[0.05, 0.05, 0.05, 0.05]",64,AdamW,,0.00015,1e-05,[0.68794326 2.1920904  0.91725768],0.02,1.0,0.12476,2.35388,0.40909,0.27473,"[0.28571, 0.0, 0.53846]",67,0.13897,1.61046,0.52273,0.43834,"[0.62222, 0.22222, 0.47059]",57,COMPLETED,11.35
1077,20260103_183422,gaitset_OUMVLP_TOP70.csv,70%,Preset_33,TCN,42,256,"[256, 384, 512, 512]","[1, 3, 5, 7]",3,2,leakyrelu,True,True,"[True, True, True, True]",max,256.0,minmax,"[0.05, 0.05, 0.05, 0.05]",64,AdamW,,0.00015,1e-05,[0.68794326 2.1920904  0.91725768],0.02,1.0,0.12576,1.63903,0.45455,0.33229,"[0.61224, 0.0, 0.38462]",274,0.29928,1.80046,0.45455,0.45121,"[0.51613, 0.4, 0.4375]",206,COMPLETED,46.092
1078,20260103_183422,gln_phase1_TOP70.csv,70%,Preset_33,TCN,42,256,"[256, 384, 512, 512]","[1, 3, 5, 7]",3,2,leakyrelu,True,True,"[True, True, True, True]",max,256.0,minmax,"[0.05, 0.05, 0.05, 0.05]",64,AdamW,,0.00015,1e-05,[0.68794326 2.1920904  0.91725768],0.02,1.0,0.12076,1.36201,0.47727,0.35344,"[0.6087, 0.0, 0.45161]",76,0.13561,1.2961,0.56818,0.46159,"[0.7234, 0.14286, 0.51852]",74,COMPLETED,15.251
1079,20260103_183422,gln_phase2_TOP70.csv,70%,Preset_33,TCN,42,256,"[256, 384, 512, 512]","[1, 3, 5, 7]",3,2,leakyrelu,True,True,"[True, True, True, True]",max,256.0,minmax,"[0.05, 0.05, 0.05, 0.05]",64,AdamW,,0.00015,1e-05,[0.68794326 2.1920904  0.91725768],0.02,1.0,0.11576,1.88998,0.25,0.24209,"[0.26667, 0.27778, 0.18182]",83,0.27,1.28196,0.54545,0.52832,"[0.52941, 0.44444, 0.61111]",71,COMPLETED,16.74
1171,20260103_183422,baseline_CASIAB_TOP70.csv,70%,Preset_22,TCN,42,256,"[384, 576, 768]","[3, 6, 9]",3,2,silu,True,True,"[True, True, False]",max,320.0,L2,"[0.05, 0.1, 0.1]",40,Adam,,3e-05,1e-05,[0.68794326 2.1920904  0.91725768],0.02,1.0,0.11996,1.25659,0.5,0.41474,"[0.59574, 0.18182, 0.46667]",53,0.13572,1.20111,0.52273,0.47078,"[0.60465, 0.30769, 0.5]",49,COMPLETED,9.705
1172,20260103_183422,baseline_OUMVLP_TOP70.csv,70%,Preset_22,TCN,42,256,"[384, 576, 768]","[3, 6, 9]",3,2,silu,True,True,"[True, True, False]",max,320.0,L2,"[0.05, 0.1, 0.1]",40,Adam,,3e-05,1e-05,[0.68794326 2.1920904  0.91725768],0.02,1.0,0.13054,1.62602,0.5,0.39804,"[0.62745, 0.16667, 0.4]",72,0.51794,1.11874,0.52273,0.46883,"[0.60465, 0.28571, 0.51613]",35,COMPLETED,13.091
1173,20260103_183422,gaitgl_TOP70.csv,70%,Preset_22,TCN,42,128,"[384, 576, 768]","[3, 6, 9]",3,2,silu,True,True,"[True, True, False]",max,320.0,L2,"[0.05, 0.1, 0.1]",40,Adam,,3e-05,1e-05,[0.68794326 2.1920904  0.91725768],0.02,1.0,0.1152,1.07504,0.5,0.35606,"[0.58333, 0.0, 0.48485]",36,0.52675,1.06342,0.5,0.47201,"[0.47059, 0.4, 0.54545]",17,COMPLETED,7.93
1174,20260103_183422,gaitgl_GREW_TOP70.csv,70%,Preset_22,TCN,42,256,"[384, 576, 768]","[3, 6, 9]",3,2,silu,True,True,"[True, True, False]",max,320.0,L2,"[0.05, 0.1, 0.1]",40,Adam,,3e-05,1e-05,[0.68794326 2.1920904  0.91725768],0.02,1.0,0.1127,1.05107,0.54545,0.38668,"[0.64151, 0.0, 0.51852]",33,0.11629,1.02665,0.56818,0.46954,"[0.65306, 0.22222, 0.53333]",32,COMPLETED,7.437
1175,20260103_183422,gaitgl_GREW_BNNeck_TOP70.csv,70%,Preset_22,TCN,42,256,"[384, 576, 768]","[3, 6, 9]",3,2,silu,True,True,"[True, True, False]",max,320.0,L2,"[0.05, 0.1, 0.1]",40,Adam,,3e-05,1e-05,[0.68794326 2.1920904  0.91725768],0.02,1.0,0.11604,1.30939,0.40909,0.34832,"[0.51163, 0.13333, 0.4]",50,0.46371,1.07827,0.56818,0.48231,"[0.6087, 0.25, 0.58824]",27,COMPLETED,11.241
1176,20260103_183422,gaitgl_OUMVLP_TOP70.csv,70%,Preset_22,TCN,42,256,"[384, 576, 768]","[3, 6, 9]",3,2,silu,True,True,"[True, True, False]",max,320.0,L2,"[0.05, 0.1, 0.1]",40,Adam,,3e-05,1e-05,[0.68794326 2.1920904  0.91725768],0.02,1.0,0.12436,1.21388,0.52273,0.38,"[0.64, 0.0, 0.5]",72,0.33155,1.03563,0.52273,0.43434,"[0.63636, 0.18182, 0.48485]",48,COMPLETED,16.195
1177,20260103_183422,gaitpart_GREW_TOP70.csv,70%,Preset_22,TCN,42,256,"[384, 576, 768]","[3, 6, 9]",3,2,silu,True,True,"[True, True, False]",max,320.0,L2,"[0.05, 0.1, 0.1]",40,Adam,,3e-05,1e-05,[0.68794326 2.1920904  0.91725768],0.02,1.0,0.13213,1.57183,0.45455,0.42605,"[0.55814, 0.4, 0.32]",70,0.22392,1.3292,0.5,0.48254,"[0.57143, 0.47619, 0.4]",52,COMPLETED,11.981
1178,20260103_183422,gaitpart_OUMVLP_TOP70.csv,70%,Preset_22,TCN,42,256,"[384, 576, 768]","[3, 6, 9]",3,2,silu,True,True,"[True, True, False]",max,320.0,L2,"[0.05, 0.1, 0.1]",40,Adam,,3e-05,1e-05,[0.68794326 2.1920904  0.91725768],0.02,1.0,0.12844,1.42164,0.5,0.38009,"[0.57778, 0.0, 0.5625]",148,0.1889,1.4029,0.59091,0.54992,"[0.61111, 0.35294, 0.68571]",112,COMPLETED,25.004
1179,20260103_183422,gaitset_TOP70.csv,70%,Preset_22,TCN,42,256,"[384, 576, 768]","[3, 6, 9]",3,2,silu,True,True,"[True, True, False]",max,320.0,L2,"[0.05, 0.1, 0.1]",40,Adam,,3e-05,1e-05,[0.68794326 2.1920904  0.91725768],0.02,1.0,0.12204,1.47337,0.40909,0.28047,"[0.58333, 0.0, 0.25806]",49,0.50256,1.15868,0.47727,0.31349,"[0.60714, 0.0, 0.33333]",24,COMPLETED,10.804
1180,20260103_183422,gaitset_GREW_TOP70.csv,70%,Preset_22,TCN,42,256,"[384, 576, 768]","[3, 6, 9]",3,2,silu,True,True,"[True, True, False]",max,320.0,L2,"[0.05, 0.1, 0.1]",40,Adam,,3e-05,1e-05,[0.68794326 2.1920904  0.91725768],0.02,1.0,0.12275,1.30348,0.5,0.42974,"[0.65217, 0.26667, 0.37037]",56,0.12689,1.2569,0.54545,0.47237,"[0.68085, 0.30769, 0.42857]",54,COMPLETED,12.405
1181,20260103_183422,gaitset_OUMVLP_TOP70.csv,70%,Preset_22,TCN,42,256,"[384, 576, 768]","[3, 6, 9]",3,2,silu,True,True,"[True, True, False]",max,320.0,L2,"[0.05, 0.1, 0.1]",40,Adam,,3e-05,1e-05,[0.68794326 2.1920904  0.91725768],0.02,1.0,0.13305,1.37042,0.45455,0.43072,"[0.54054, 0.3, 0.45161]",143,0.13374,1.31503,0.59091,0.54359,"[0.61538, 0.4, 0.61538]",141,COMPLETED,31.232
1182,20260103_183422,gln_phase1_TOP70.csv,70%,Preset_22,TCN,42,256,"[384, 576, 768]","[3, 6, 9]",3,2,silu,True,True,"[True, True, False]",max,320.0,L2,"[0.05, 0.1, 0.1]",40,Adam,,3e-05,1e-05,[0.68794326 2.1920904  0.91725768],0.02,1.0,0.11837,0.9786,0.63636,0.60603,"[0.61538, 0.5, 0.7027]",52,0.11837,0.9786,0.63636,0.60603,"[0.61538, 0.5, 0.7027]",52,COMPLETED,14.113
1183,20260103_183422,gln_phase2_TOP70.csv,70%,Preset_22,TCN,42,256,"[384, 576, 768]","[3, 6, 9]",3,2,silu,True,True,"[True, True, False]",max,320.0,L2,"[0.05, 0.1, 0.1]",40,Adam,,3e-05,1e-05,[0.68794326 2.1920904  0.91725768],0.02,1.0,0.11867,0.92552,0.65909,0.5804,"[0.73469, 0.36364, 0.64286]",49,0.12246,0.90708,0.65909,0.58264,"[0.73913, 0.36364, 0.64516]",48,COMPLETED,13.224
1262,20260103_183422,baseline_CASIAB_TOP70.csv,70%,Preset_35,TCN,42,256,"[256, 256]","[3, 6]",3,2,silu,True,True,"[True, True]",attention,192.0,minmax,"[0.0, 0.0]",56,Adam,,5e-05,1e-05,[0.68794326 2.1920904  0.91725768],0.02,1.0,0.13868,2.81587,0.34091,0.29908,"[0.42105, 0.14286, 0.33333]",289,0.74178,1.34019,0.45455,0.37792,"[0.59091, 0.14286, 0.4]",89,COMPLETED,25.765
1263,20260103_183422,baseline_OUMVLP_TOP70.csv,70%,Preset_35,TCN,42,256,"[256, 256]","[3, 6]",3,2,silu,True,True,"[True, True]",attention,192.0,minmax,"[0.0, 0.0]",56,Adam,,5e-05,1e-05,[0.68794326 2.1920904  0.91725768],0.02,1.0,0.1291,2.73808,0.34091,0.27277,"[0.27778, 0.0, 0.54054]",372,0.54462,1.51548,0.47727,0.39591,"[0.58333, 0.14286, 0.46154]",211,COMPLETED,33.118
1264,20260103_183422,gaitgl_TOP70.csv,70%,Preset_35,TCN,42,128,"[256, 256]","[3, 6]",3,2,silu,True,True,"[True, True]",attention,192.0,minmax,"[0.0, 0.0]",56,Adam,,5e-05,1e-05,[0.68794326 2.1920904  0.91725768],0.02,1.0,0.13133,2.71343,0.40909,0.38834,"[0.48889, 0.36364, 0.3125]",152,0.47253,1.2206,0.5,0.48841,"[0.56522, 0.5, 0.4]",83,COMPLETED,13.349
1265,20260103_183422,gaitgl_GREW_TOP70.csv,70%,Preset_35,TCN,42,256,"[256, 256]","[3, 6]",3,2,silu,True,True,"[True, True]",attention,192.0,minmax,"[0.0, 0.0]",56,Adam,,5e-05,1e-05,[0.68794326 2.1920904  0.91725768],0.02,1.0,0.13302,2.2443,0.47727,0.3724,"[0.61538, 0.18182, 0.32]",162,0.59088,1.40543,0.45455,0.44052,"[0.4, 0.33333, 0.58824]",73,COMPLETED,15.469
1266,20260103_183422,gaitgl_GREW_BNNeck_TOP70.csv,70%,Preset_35,TCN,42,256,"[256, 256]","[3, 6]",3,2,silu,True,True,"[True, True]",attention,192.0,minmax,"[0.0, 0.0]",56,Adam,,5e-05,1e-05,[0.68794326 2.1920904  0.91725768],0.02,1.0,0.13245,2.08385,0.47727,0.40932,"[0.51163, 0.15385, 0.5625]",315,0.53487,1.27679,0.52273,0.49245,"[0.57895, 0.35294, 0.54545]",151,COMPLETED,30.194
1267,20260103_183422,gaitgl_OUMVLP_TOP70.csv,70%,Preset_35,TCN,42,256,"[256, 256]","[3, 6]",3,2,silu,True,True,"[True, True]",attention,192.0,minmax,"[0.0, 0.0]",56,Adam,,5e-05,1e-05,[0.68794326 2.1920904  0.91725768],0.02,1.0,0.13323,1.86991,0.5,0.42693,"[0.62745, 0.33333, 0.32]",366,0.45383,1.29031,0.61364,0.54642,"[0.67925, 0.4, 0.56]",178,COMPLETED,34.768
1268,20260103_183422,gaitpart_GREW_TOP70.csv,70%,Preset_35,TCN,42,256,"[256, 256]","[3, 6]",3,2,silu,True,True,"[True, True]",attention,192.0,minmax,"[0.0, 0.0]",56,Adam,,5e-05,1e-05,[0.68794326 2.1920904  0.91725768],0.02,1.0,0.13447,3.81712,0.18182,0.16978,"[0.19355, 0.10526, 0.21053]",313,0.70798,1.2717,0.45455,0.31171,"[0.62745, 0.0, 0.30769]",95,COMPLETED,25.78
1269,20260103_183422,gaitpart_OUMVLP_TOP70.csv,70%,Preset_35,TCN,42,256,"[256, 256]","[3, 6]",3,2,silu,True,True,"[True, True]",attention,192.0,minmax,"[0.0, 0.0]",56,Adam,,5e-05,1e-05,[0.68794326 2.1920904  0.91725768],0.02,1.0,0.16157,2.7275,0.47727,0.46405,"[0.45161, 0.4, 0.54054]",702,0.49045,1.13735,0.61364,0.56869,"[0.7, 0.4, 0.60606]",347,STOPPED,58.113
1270,20260103_183422,gaitset_TOP70.csv,70%,Preset_35,TCN,42,256,"[256, 256]","[3, 6]",3,2,silu,True,True,"[True, True]",attention,192.0,minmax,"[0.0, 0.0]",56,Adam,,5e-05,1e-05,[0.68794326 2.1920904  0.91725768],0.02,1.0,0.13619,2.41786,0.38636,0.33464,"[0.46512, 0.125, 0.41379]",335,0.72323,1.17616,0.43182,0.3996,"[0.46154, 0.26667, 0.47059]",101,COMPLETED,31.757
1271,20260103_183422,gaitset_GREW_TOP70.csv,70%,Preset_35,TCN,42,256,"[256, 256]","[3, 6]",3,2,silu,True,True,"[True, True]",attention,192.0,minmax,"[0.0, 0.0]",56,Adam,,5e-05,1e-05,[0.68794326 2.1920904  0.91725768],0.02,1.0,0.12419,2.90908,0.40909,0.38633,"[0.45, 0.19048, 0.51852]",365,0.49679,1.75188,0.5,0.49741,"[0.47059, 0.47619, 0.54545]",160,COMPLETED,34.547
1272,20260103_183422,gaitset_OUMVLP_TOP70.csv,70%,Preset_35,TCN,42,256,"[256, 256]","[3, 6]",3,2,silu,True,True,"[True, True]",attention,192.0,minmax,"[0.0, 0.0]",56,Adam,,5e-05,1e-05,[0.68794326 2.1920904  0.91725768],0.02,1.0,0.35911,1.82593,0.40909,0.35539,"[0.35897, 0.16667, 0.54054]",661,0.39482,2.27121,0.43182,0.43399,"[0.45714, 0.5, 0.34483]",515,STOPPED,62.771
1273,20260103_183422,gln_phase1_TOP70.csv,70%,Preset_35,TCN,42,256,"[256, 256]","[3, 6]",3,2,silu,True,True,"[True, True]",attention,192.0,minmax,"[0.0, 0.0]",56,Adam,,5e-05,1e-05,[0.68794326 2.1920904  0.91725768],0.02,1.0,0.12976,2.38446,0.40909,0.37477,"[0.5, 0.21053, 0.41379]",407,0.48101,1.29866,0.52273,0.47362,"[0.59459, 0.28571, 0.54054]",163,COMPLETED,41.56
1274,20260103_183422,gln_phase2_TOP70.csv,70%,Preset_35,TCN,42,256,"[256, 256]","[3, 6]",3,2,silu,True,True,"[True, True]",attention,192.0,minmax,"[0.0, 0.0]",56,Adam,,5e-05,1e-05,[0.68794326 2.1920904  0.91725768],0.02,1.0,0.12846,2.4474,0.43182,0.39907,"[0.53659, 0.30769, 0.35294]",309,0.25522,1.89565,0.54545,0.54721,"[0.58537, 0.57143, 0.48485]",206,COMPLETED,31.991
1301,20260103_183422,baseline_CASIAB_TOP70.csv,70%,Preset_11,TCN,42,256,"[640, 448]","[3, 6]",3,2,hardswish,True,True,"[True, True]",mean,384.0,minmax,"[0.1, 0.1]",32,AdamW,,0.0001,0.0,[0.68794326 2.1920904  0.91725768],0.02,1.0,0.12272,2.02503,0.43182,0.37172,"[0.47619, 0.18182, 0.45714]",112,0.63745,1.41967,0.47727,0.44444,"[0.42424, 0.36364, 0.54545]",77,COMPLETED,19.406
1302,20260103_183422,baseline_OUMVLP_TOP70.csv,70%,Preset_11,TCN,42,256,"[640, 448]","[3, 6]",3,2,hardswish,True,True,"[True, True]",mean,384.0,minmax,"[0.1, 0.1]",32,AdamW,,0.0001,0.0,[0.68794326 2.1920904  0.91725768],0.02,1.0,0.1351,1.77204,0.36364,0.31667,"[0.45, 0.125, 0.375]",125,0.3559,1.35423,0.56818,0.47434,"[0.6383, 0.22222, 0.5625]",97,COMPLETED,21.806
1303,20260103_183422,gaitgl_TOP70.csv,70%,Preset_11,TCN,42,128,"[640, 448]","[3, 6]",3,2,hardswish,True,True,"[True, True]",mean,384.0,minmax,"[0.1, 0.1]",32,AdamW,,0.0001,0.0,[0.68794326 2.1920904  0.91725768],0.02,1.0,0.11885,1.29692,0.47727,0.39444,"[0.58333, 0.2, 0.4]",99,0.4104,1.31005,0.54545,0.49046,"[0.48276, 0.36364, 0.625]",83,COMPLETED,18.444
1304,20260103_183422,gaitgl_GREW_TOP70.csv,70%,Preset_11,TCN,42,256,"[640, 448]","[3, 6]",3,2,hardswish,True,True,"[True, True]",mean,384.0,minmax,"[0.1, 0.1]",32,AdamW,,0.0001,0.0,[0.68794326 2.1920904  0.91725768],0.02,1.0,0.10802,1.6149,0.45455,0.38889,"[0.5, 0.16667, 0.5]",128,0.10848,1.64314,0.52273,0.43558,"[0.58824, 0.2, 0.51852]",127,COMPLETED,24.236
1305,20260103_183422,gaitgl_GREW_BNNeck_TOP70.csv,70%,Preset_11,TCN,42,256,"[640, 448]","[3, 6]",3,2,hardswish,True,True,"[True, True]",mean,384.0,minmax,"[0.1, 0.1]",32,AdamW,,0.0001,0.0,[0.68794326 2.1920904  0.91725768],0.02,1.0,1.1045,1.10625,0.15909,0.0915,"[0.0, 0.27451, 0.0]",282,1.1045,1.10625,0.15909,0.0915,"[0.0, 0.27451, 0.0]",282,STOPPED,53.732
1306,20260103_183422,gaitgl_OUMVLP_TOP70.csv,70%,Preset_11,TCN,42,256,"[640, 448]","[3, 6]",3,2,hardswish,True,True,"[True, True]",mean,384.0,minmax,"[0.1, 0.1]",32,AdamW,,0.0001,0.0,[0.68794326 2.1920904  0.91725768],0.02,1.0,0.12763,3.07689,0.36364,0.2836,"[0.41176, 0.0, 0.43902]",300,0.2356,3.20692,0.5,0.37632,"[0.55, 0.0, 0.57895]",258,COMPLETED,56.956
1307,20260103_183422,gaitpart_GREW_TOP70.csv,70%,Preset_11,TCN,42,256,"[640, 448]","[3, 6]",3,2,hardswish,True,True,"[True, True]",mean,384.0,minmax,"[0.1, 0.1]",32,AdamW,,0.0001,0.0,[0.68794326 2.1920904  0.91725768],0.02,1.0,0.12188,1.65871,0.47727,0.47306,"[0.51282, 0.52174, 0.38462]",105,0.34212,1.23079,0.5,0.50232,"[0.53659, 0.6, 0.37037]",79,COMPLETED,17.2
1308,20260103_183422,gaitpart_OUMVLP_TOP70.csv,70%,Preset_11,TCN,42,256,"[640, 448]","[3, 6]",3,2,hardswish,True,True,"[True, True]",mean,384.0,minmax,"[0.1, 0.1]",32,AdamW,,0.0001,0.0,[0.68794326 2.1920904  0.91725768],0.02,1.0,0.12953,1.16936,0.59091,0.52339,"[0.68182, 0.30769, 0.58065]",265,0.56342,1.14586,0.65909,0.6222,"[0.71795, 0.5, 0.64865]",142,COMPLETED,43.064
1309,20260103_183422,gaitset_TOP70.csv,70%,Preset_11,TCN,42,256,"[640, 448]","[3, 6]",3,2,hardswish,True,True,"[True, True]",mean,384.0,minmax,"[0.1, 0.1]",32,AdamW,,0.0001,0.0,[0.68794326 2.1920904  0.91725768],0.02,1.0,0.12345,1.95707,0.43182,0.37104,"[0.48889, 0.2, 0.42424]",135,0.58325,1.3405,0.47727,0.46313,"[0.53659, 0.42857, 0.42424]",107,COMPLETED,25.577
1310,20260103_183422,gaitset_GREW_TOP70.csv,70%,Preset_11,TCN,42,256,"[640, 448]","[3, 6]",3,2,hardswish,True,True,"[True, True]",mean,384.0,minmax,"[0.1, 0.1]",32,AdamW,,0.0001,0.0,[0.68794326 2.1920904  0.91725768],0.02,1.0,0.12865,2.24776,0.38636,0.3428,"[0.43243, 0.11111, 0.48485]",199,0.17505,2.27624,0.52273,0.47293,"[0.57778, 0.30769, 0.53333]",183,COMPLETED,37.742
1311,20260103_183422,gaitset_OUMVLP_TOP70.csv,70%,Preset_11,TCN,42,256,"[640, 448]","[3, 6]",3,2,hardswish,True,True,"[True, True]",mean,384.0,minmax,"[0.1, 0.1]",32,AdamW,,0.0001,0.0,[0.68794326 2.1920904  0.91725768],0.02,1.0,0.1302,1.73649,0.5,0.4743,"[0.54054, 0.35294, 0.52941]",508,0.13796,1.96619,0.56818,0.54645,"[0.68421, 0.41667, 0.53846]",477,COMPLETED,96.009
1312,20260103_183422,gln_phase1_TOP70.csv,70%,Preset_11,TCN,42,256,"[640, 448]","[3, 6]",3,2,hardswish,True,True,"[True, True]",mean,384.0,minmax,"[0.1, 0.1]",32,AdamW,,0.0001,0.0,[0.68794326 2.1920904  0.91725768],0.02,1.0,0.12649,1.98065,0.36364,0.32745,"[0.41176, 0.1, 0.47059]",264,0.56217,1.18208,0.56818,0.47625,"[0.63415, 0.2, 0.59459]",205,COMPLETED,57.43
1313,20260103_183422,gln_phase2_TOP70.csv,70%,Preset_11,TCN,42,256,"[640, 448]","[3, 6]",3,2,hardswish,True,True,"[True, True]",mean,384.0,minmax,"[0.1, 0.1]",32,AdamW,,0.0001,0.0,[0.68794326 2.1920904  0.91725768],0.02,1.0,1.10489,1.08742,0.47727,0.21538,"[0.64615, 0.0, 0.0]",149,1.10489,1.08742,0.47727,0.21538,"[0.64615, 0.0, 0.0]",149,STOPPED,32.465
1327,20260103_183422,baseline_CASIAB_TOP70.csv,70%,Preset_18,TCN,42,256,"[448, 256]","[1, 2]",3,1,gelu,False,True,"[False, True]",max,256.0,L2,"[0.0, 0.0]",64,AdamW,,3e-05,1e-06,[0.68794326 2.1920904  0.91725768],0.02,1.0,0.12093,1.32241,0.40909,0.39136,"[0.4878, 0.35294, 0.33333]",61,0.54597,1.07276,0.52273,0.47637,"[0.55, 0.30769, 0.57143]",36,COMPLETED,4.123
1328,20260103_183422,baseline_OUMVLP_TOP70.csv,70%,Preset_18,TCN,42,256,"[448, 256]","[1, 2]",3,1,gelu,False,True,"[False, True]",max,256.0,L2,"[0.0, 0.0]",64,AdamW,,3e-05,1e-06,[0.68794326 2.1920904  0.91725768],0.02,1.0,0.12438,1.34913,0.47727,0.40509,"[0.55814, 0.2, 0.45714]",81,0.60135,1.11213,0.5,0.47083,"[0.6, 0.375, 0.4375]",38,COMPLETED,5.571
1329,20260103_183422,gaitgl_TOP70.csv,70%,Preset_18,TCN,42,128,"[448, 256]","[1, 2]",3,1,gelu,False,True,"[False, True]",max,256.0,L2,"[0.0, 0.0]",64,AdamW,,3e-05,1e-06,[0.68794326 2.1920904  0.91725768],0.02,1.0,0.11125,1.20932,0.40909,0.26211,"[0.55556, 0.0, 0.23077]",44,0.43976,1.06218,0.5,0.51075,"[0.53659, 0.57143, 0.42424]",27,COMPLETED,3.099
1330,20260103_183422,gaitgl_GREW_TOP70.csv,70%,Preset_18,TCN,42,256,"[448, 256]","[1, 2]",3,1,gelu,False,True,"[False, True]",max,256.0,L2,"[0.0, 0.0]",64,AdamW,,3e-05,1e-06,[0.68794326 2.1920904  0.91725768],0.02,1.0,0.10848,1.1043,0.43182,0.33519,"[0.55556, 0.2, 0.25]",38,0.12724,1.01848,0.59091,0.49235,"[0.66667, 0.18182, 0.62857]",34,COMPLETED,3.007
1331,20260103_183422,gaitgl_GREW_BNNeck_TOP70.csv,70%,Preset_18,TCN,42,256,"[448, 256]","[1, 2]",3,1,gelu,False,True,"[False, True]",max,256.0,L2,"[0.0, 0.0]",64,AdamW,,3e-05,1e-06,[0.68794326 2.1920904  0.91725768],0.02,1.0,0.11734,1.41907,0.47727,0.3564,"[0.62963, 0.15385, 0.28571]",55,0.32877,1.14357,0.45455,0.42587,"[0.54545, 0.375, 0.35714]",36,COMPLETED,4.345
1332,20260103_183422,gaitgl_OUMVLP_TOP70.csv,70%,Preset_18,TCN,42,256,"[448, 256]","[1, 2]",3,1,gelu,False,True,"[False, True]",max,256.0,L2,"[0.0, 0.0]",64,AdamW,,3e-05,1e-06,[0.68794326 2.1920904  0.91725768],0.02,1.0,0.12523,0.96786,0.5,0.45391,"[0.63158, 0.28571, 0.44444]",84,0.18779,0.95145,0.54545,0.50277,"[0.65116, 0.4, 0.45714]",66,COMPLETED,6.538
1333,20260103_183422,gaitpart_GREW_TOP70.csv,70%,Preset_18,TCN,42,256,"[448, 256]","[1, 2]",3,1,gelu,False,True,"[False, True]",max,256.0,L2,"[0.0, 0.0]",64,AdamW,,3e-05,1e-06,[0.68794326 2.1920904  0.91725768],0.02,1.0,0.13175,1.11869,0.5,0.45969,"[0.6087, 0.4, 0.37037]",97,0.13209,1.15623,0.56818,0.54949,"[0.61538, 0.47059, 0.5625]",95,COMPLETED,5.968
1334,20260103_183422,gaitpart_OUMVLP_TOP70.csv,70%,Preset_18,TCN,42,256,"[448, 256]","[1, 2]",3,1,gelu,False,True,"[False, True]",max,256.0,L2,"[0.0, 0.0]",64,AdamW,,3e-05,1e-06,[0.68794326 2.1920904  0.91725768],0.02,1.0,0.12579,1.52652,0.40909,0.4082,"[0.4375, 0.4, 0.3871]",291,0.613,1.04822,0.61364,0.59668,"[0.65, 0.54545, 0.59459]",97,COMPLETED,18.152
1335,20260103_183422,gaitset_TOP70.csv,70%,Preset_18,TCN,42,256,"[448, 256]","[1, 2]",3,1,gelu,False,True,"[False, True]",max,256.0,L2,"[0.0, 0.0]",64,AdamW,,3e-05,1e-06,[0.68794326 2.1920904  0.91725768],0.02,1.0,0.11332,1.2871,0.45455,0.37753,"[0.59091, 0.16667, 0.375]",50,0.58029,1.05995,0.52273,0.43295,"[0.625, 0.22222, 0.45161]",26,COMPLETED,3.833
1336,20260103_183422,gaitset_GREW_TOP70.csv,70%,Preset_18,TCN,42,256,"[448, 256]","[1, 2]",3,1,gelu,False,True,"[False, True]",max,256.0,L2,"[0.0, 0.0]",64,AdamW,,3e-05,1e-06,[0.68794326 2.1920904  0.91725768],0.02,1.0,0.12027,1.32804,0.47727,0.40604,"[0.51429, 0.15385, 0.55]",60,0.12375,1.26182,0.61364,0.50798,"[0.69565, 0.22222, 0.60606]",59,COMPLETED,4.627
1337,20260103_183422,gaitset_OUMVLP_TOP70.csv,70%,Preset_18,TCN,42,256,"[448, 256]","[1, 2]",3,1,gelu,False,True,"[False, True]",max,256.0,L2,"[0.0, 0.0]",64,AdamW,,3e-05,1e-06,[0.68794326 2.1920904  0.91725768],0.02,1.0,0.12947,1.28655,0.5,0.45869,"[0.51282, 0.30769, 0.55556]",222,0.31016,1.16749,0.54545,0.48953,"[0.6383, 0.36364, 0.46667]",131,COMPLETED,17.034
1338,20260103_183422,gln_phase1_TOP70.csv,70%,Preset_18,TCN,42,256,"[448, 256]","[1, 2]",3,1,gelu,False,True,"[False, True]",max,256.0,L2,"[0.0, 0.0]",64,AdamW,,3e-05,1e-06,[0.68794326 2.1920904  0.91725768],0.02,1.0,0.11751,1.05361,0.56818,0.46667,"[0.66667, 0.2, 0.53333]",53,0.1263,1.1454,0.56818,0.51092,"[0.64706, 0.28571, 0.6]",51,COMPLETED,4.748
1339,20260103_183422,gln_phase2_TOP70.csv,70%,Preset_18,TCN,42,256,"[448, 256]","[1, 2]",3,1,gelu,False,True,"[False, True]",max,256.0,L2,"[0.0, 0.0]",64,AdamW,,3e-05,1e-06,[0.68794326 2.1920904  0.91725768],0.02,1.0,0.11568,1.03414,0.54545,0.51195,"[0.61538, 0.375, 0.54545]",53,0.11568,1.03414,0.54545,0.51195,"[0.61538, 0.375, 0.54545]",53,COMPLETED,4.714
1340,20260103_183422,baseline_CASIAB_TOP70.csv,70%,Preset_12,TCN,42,256,"[448, 448, 448, 448]","[1, 2, 4, 8]",3,2,gelu,True,True,"[True, True, True, True]",mean,320.0,L2,"[0.1, 0.1, 0.1, 0.1]",40,AdamW,,2e-05,1e-05,[0.68794326 2.1920904  0.91725768],0.02,1.0,0.12864,2.26736,0.47727,0.40535,"[0.54545, 0.2, 0.47059]",214,0.14588,2.3034,0.47727,0.44778,"[0.61538, 0.35294, 0.375]",204,COMPLETED,37.411
1341,20260103_183422,baseline_OUMVLP_TOP70.csv,70%,Preset_12,TCN,42,256,"[448, 448, 448, 448]","[1, 2, 4, 8]",3,2,gelu,True,True,"[True, True, True, True]",mean,320.0,L2,"[0.1, 0.1, 0.1, 0.1]",40,AdamW,,2e-05,1e-05,[0.68794326 2.1920904  0.91725768],0.02,1.0,0.13114,1.80236,0.52273,0.43071,"[0.6383, 0.15385, 0.5]",268,0.60075,1.20516,0.61364,0.55039,"[0.65116, 0.33333, 0.66667]",98,COMPLETED,47.81
1342,20260103_183422,gaitgl_TOP70.csv,70%,Preset_12,TCN,42,128,"[448, 448, 448, 448]","[1, 2, 4, 8]",3,2,gelu,True,True,"[True, True, True, True]",mean,320.0,L2,"[0.1, 0.1, 0.1, 0.1]",40,AdamW,,2e-05,1e-05,[0.68794326 2.1920904  0.91725768],0.02,1.0,0.12748,1.78471,0.40909,0.34014,"[0.52174, 0.15385, 0.34483]",130,0.58347,1.16271,0.5,0.42251,"[0.51429, 0.18182, 0.57143]",63,COMPLETED,25.41
1343,20260103_183422,gaitgl_GREW_TOP70.csv,70%,Preset_12,TCN,42,256,"[448, 448, 448, 448]","[1, 2, 4, 8]",3,2,gelu,True,True,"[True, True, True, True]",mean,320.0,L2,"[0.1, 0.1, 0.1, 0.1]",40,AdamW,,2e-05,1e-05,[0.68794326 2.1920904  0.91725768],0.02,1.0,0.12108,1.46474,0.47727,0.40798,"[0.54054, 0.14286, 0.54054]",122,0.2155,1.29528,0.59091,0.49237,"[0.66667, 0.22222, 0.58824]",95,COMPLETED,24.563
1344,20260103_183422,gaitgl_GREW_BNNeck_TOP70.csv,70%,Preset_12,TCN,42,256,"[448, 448, 448, 448]","[1, 2, 4, 8]",3,2,gelu,True,True,"[True, True, True, True]",mean,320.0,L2,"[0.1, 0.1, 0.1, 0.1]",40,AdamW,,2e-05,1e-05,[0.68794326 2.1920904  0.91725768],0.02,1.0,0.1261,2.47053,0.34091,0.29953,"[0.39024, 0.13333, 0.375]",223,0.36377,1.82438,0.47727,0.40061,"[0.56522, 0.15385, 0.48276]",127,COMPLETED,45.394
1345,20260103_183422,gaitgl_OUMVLP_TOP70.csv,70%,Preset_12,TCN,42,256,"[448, 448, 448, 448]","[1, 2, 4, 8]",3,2,gelu,True,True,"[True, True, True, True]",mean,320.0,L2,"[0.1, 0.1, 0.1, 0.1]",40,AdamW,,2e-05,1e-05,[0.68794326 2.1920904  0.91725768],0.02,1.0,0.13098,1.90028,0.45455,0.32419,"[0.59649, 0.15385, 0.22222]",414,0.56583,1.14981,0.56818,0.50931,"[0.66667, 0.26667, 0.59459]",128,COMPLETED,83.79
1346,20260103_183422,gaitpart_GREW_TOP70.csv,70%,Preset_12,TCN,42,256,"[448, 448, 448, 448]","[1, 2, 4, 8]",3,2,gelu,True,True,"[True, True, True, True]",mean,320.0,L2,"[0.1, 0.1, 0.1, 0.1]",40,AdamW,,2e-05,1e-05,[0.68794326 2.1920904  0.91725768],0.02,1.0,0.13368,2.39196,0.47727,0.44187,"[0.57778, 0.4, 0.34783]",254,0.22274,1.88921,0.47727,0.47348,"[0.51429, 0.45455, 0.45161]",166,COMPLETED,41.878
1347,20260103_183422,gaitpart_OUMVLP_TOP70.csv,70%,Preset_12,TCN,42,256,"[448, 448, 448, 448]","[1, 2, 4, 8]",3,2,gelu,True,True,"[True, True, True, True]",mean,320.0,L2,"[0.1, 0.1, 0.1, 0.1]",40,AdamW,,2e-05,1e-05,[0.68794326 2.1920904  0.91725768],0.02,1.0,0.12642,1.80955,0.5,0.45456,"[0.57895, 0.22222, 0.5625]",653,0.7237,1.21645,0.56818,0.55041,"[0.6, 0.47059, 0.58065]",157,COMPLETED,107.619
1348,20260103_183422,gaitset_TOP70.csv,70%,Preset_12,TCN,42,256,"[448, 448, 448, 448]","[1, 2, 4, 8]",3,2,gelu,True,True,"[True, True, True, True]",mean,320.0,L2,"[0.1, 0.1, 0.1, 0.1]",40,AdamW,,2e-05,1e-05,[0.68794326 2.1920904  0.91725768],0.02,1.0,0.12716,2.50781,0.38636,0.31735,"[0.53333, 0.14286, 0.27586]",211,0.12916,2.3793,0.43182,0.35,"[0.58333, 0.2, 0.26667]",210,COMPLETED,42.139
1349,20260103_183422,gaitset_GREW_TOP70.csv,70%,Preset_12,TCN,42,256,"[448, 448, 448, 448]","[1, 2, 4, 8]",3,2,gelu,True,True,"[True, True, True, True]",mean,320.0,L2,"[0.1, 0.1, 0.1, 0.1]",40,AdamW,,2e-05,1e-05,[0.68794326 2.1920904  0.91725768],0.02,1.0,0.13702,1.77814,0.47727,0.32946,"[0.60377, 0.0, 0.38462]",224,0.12946,1.56836,0.59091,0.53535,"[0.63636, 0.36364, 0.60606]",220,COMPLETED,44.65
1350,20260103_183422,gaitset_OUMVLP_TOP70.csv,70%,Preset_12,TCN,42,256,"[448, 448, 448, 448]","[1, 2, 4, 8]",3,2,gelu,True,True,"[True, True, True, True]",mean,320.0,L2,"[0.1, 0.1, 0.1, 0.1]",40,AdamW,,2e-05,1e-05,[0.68794326 2.1920904  0.91725768],0.02,1.0,0.12647,2.41139,0.36364,0.34161,"[0.42424, 0.22222, 0.37838]",687,0.17692,1.95555,0.5,0.46759,"[0.52632, 0.36364, 0.51282]",629,COMPLETED,135.978
1351,20260103_183422,gln_phase1_TOP70.csv,70%,Preset_12,TCN,42,256,"[448, 448, 448, 448]","[1, 2, 4, 8]",3,2,gelu,True,True,"[True, True, True, True]",mean,320.0,L2,"[0.1, 0.1, 0.1, 0.1]",40,AdamW,,2e-05,1e-05,[0.68794326 2.1920904  0.91725768],0.02,1.0,0.13187,1.97528,0.45455,0.44346,"[0.51429, 0.33333, 0.48276]",286,0.46227,1.23518,0.59091,0.56222,"[0.61905, 0.46154, 0.60606]",131,COMPLETED,68.545
1352,20260103_183422,gln_phase2_TOP70.csv,70%,Preset_12,TCN,42,256,"[448, 448, 448, 448]","[1, 2, 4, 8]",3,2,gelu,True,True,"[True, True, True, True]",mean,320.0,L2,"[0.1, 0.1, 0.1, 0.1]",40,AdamW,,2e-05,1e-05,[0.68794326 2.1920904  0.91725768],0.02,1.0,0.13448,1.72144,0.45455,0.43137,"[0.5641, 0.25, 0.48]",203,0.7337,1.07574,0.59091,0.56941,"[0.63158, 0.47059, 0.60606]",70,COMPLETED,48.722
1353,20260103_183422,baseline_CASIAB_TOP70.csv,70%,Preset_20,TCN,42,256,"[640, 768, 768, 640]","[1, 2, 4, 8]",5,2,mish,True,True,"[True, True, True, True]",attention,384.0,minmax,"[0.05, 0.1, 0.1, 0.1]",32,Adam,,3e-05,1e-05,[0.68794326 2.1920904  0.91725768],0.02,1.0,0.11751,2.44166,0.36364,0.27269,"[0.46512, 0.0, 0.35294]",101,0.64347,1.51657,0.47727,0.43944,"[0.16, 0.53333, 0.625]",56,COMPLETED,45.053
1354,20260103_183422,baseline_OUMVLP_TOP70.csv,70%,Preset_20,TCN,42,256,"[640, 768, 768, 640]","[1, 2, 4, 8]",5,2,mish,True,True,"[True, True, True, True]",attention,384.0,minmax,"[0.05, 0.1, 0.1, 0.1]",32,Adam,,3e-05,1e-05,[0.68794326 2.1920904  0.91725768],0.02,1.0,0.1095,1.9315,0.38636,0.33757,"[0.4878, 0.11111, 0.41379]",105,0.32979,1.32834,0.56818,0.48231,"[0.6087, 0.25, 0.58824]",68,COMPLETED,46.475
1355,20260103_183422,gaitgl_TOP70.csv,70%,Preset_20,TCN,42,128,"[640, 768, 768, 640]","[1, 2, 4, 8]",5,2,mish,True,True,"[True, True, True, True]",attention,384.0,minmax,"[0.05, 0.1, 0.1, 0.1]",32,Adam,,3e-05,1e-05,[0.68794326 2.1920904  0.91725768],0.02,1.0,0.11217,2.55573,0.40909,0.30022,"[0.48889, 0.0, 0.41176]",43,0.42316,1.47922,0.47727,0.45241,"[0.54545, 0.4, 0.41176]",28,COMPLETED,23.3
1356,20260103_183422,gaitgl_GREW_TOP70.csv,70%,Preset_20,TCN,42,256,"[640, 768, 768, 640]","[1, 2, 4, 8]",5,2,mish,True,True,"[True, True, True, True]",attention,384.0,minmax,"[0.05, 0.1, 0.1, 0.1]",32,Adam,,3e-05,1e-05,[0.68794326 2.1920904  0.91725768],0.02,1.0,0.10453,1.78868,0.5,0.42424,"[0.54545, 0.18182, 0.54545]",54,0.15682,1.31029,0.59091,0.56481,"[0.65, 0.44444, 0.6]",45,COMPLETED,29.444
1357,20260103_183422,gaitgl_GREW_BNNeck_TOP70.csv,70%,Preset_20,TCN,42,256,"[640, 768, 768, 640]","[1, 2, 4, 8]",5,2,mish,True,True,"[True, True, True, True]",attention,384.0,minmax,"[0.05, 0.1, 0.1, 0.1]",32,Adam,,3e-05,1e-05,[0.68794326 2.1920904  0.91725768],0.02,1.0,0.11244,2.10385,0.5,0.38337,"[0.60465, 0.0, 0.54545]",157,0.70057,1.35603,0.52273,0.44082,"[0.54545, 0.14286, 0.63415]",93,COMPLETED,85.491
1358,20260103_183422,gaitgl_OUMVLP_TOP70.csv,70%,Preset_20,TCN,42,256,"[640, 768, 768, 640]","[1, 2, 4, 8]",5,2,mish,True,True,"[True, True, True, True]",attention,384.0,minmax,"[0.05, 0.1, 0.1, 0.1]",32,Adam,,3e-05,1e-05,[0.68794326 2.1920904  0.91725768],0.02,1.0,0.12774,2.79869,0.43182,0.34654,"[0.42424, 0.0, 0.61538]",218,0.28879,2.02303,0.54545,0.39657,"[0.55814, 0.0, 0.63158]",182,COMPLETED,118.803
1359,20260103_183422,gaitpart_GREW_TOP70.csv,70%,Preset_20,TCN,42,256,"[640, 768, 768, 640]","[1, 2, 4, 8]",5,2,mish,True,True,"[True, True, True, True]",attention,384.0,minmax,"[0.05, 0.1, 0.1, 0.1]",32,Adam,,3e-05,1e-05,[0.68794326 2.1920904  0.91725768],0.02,1.0,0.11044,1.76643,0.56818,0.51932,"[0.61538, 0.36364, 0.57895]",116,0.17827,1.84598,0.56818,0.57075,"[0.52941, 0.58824, 0.59459]",111,COMPLETED,47.477
1360,20260103_183422,gaitpart_OUMVLP_TOP70.csv,70%,Preset_20,TCN,42,256,"[640, 768, 768, 640]","[1, 2, 4, 8]",5,2,mish,True,True,"[True, True, True, True]",attention,384.0,minmax,"[0.05, 0.1, 0.1, 0.1]",32,Adam,,3e-05,1e-05,[0.68794326 2.1920904  0.91725768],0.02,1.0,0.13596,1.87129,0.54545,0.45943,"[0.58537, 0.18182, 0.61111]",295,0.69441,1.38121,0.63636,0.56235,"[0.7234, 0.36364, 0.6]",242,COMPLETED,119.149
1361,20260103_183422,gaitset_TOP70.csv,70%,Preset_20,TCN,42,256,"[640, 768, 768, 640]","[1, 2, 4, 8]",5,2,mish,True,True,"[True, True, True, True]",attention,384.0,minmax,"[0.05, 0.1, 0.1, 0.1]",32,Adam,,3e-05,1e-05,[0.68794326 2.1920904  0.91725768],0.02,1.0,0.12087,1.89383,0.52273,0.45359,"[0.62745, 0.33333, 0.4]",70,0.27729,1.28526,0.5,0.46218,"[0.52381, 0.33333, 0.52941]",49,COMPLETED,37.706
1362,20260103_183422,gaitset_GREW_TOP70.csv,70%,Preset_20,TCN,42,256,"[640, 768, 768, 640]","[1, 2, 4, 8]",5,2,mish,True,True,"[True, True, True, True]",attention,384.0,minmax,"[0.05, 0.1, 0.1, 0.1]",32,Adam,,3e-05,1e-05,[0.68794326 2.1920904  0.91725768],0.02,1.0,0.11566,1.8466,0.47727,0.39687,"[0.59574, 0.13333, 0.46154]",103,0.51913,1.38277,0.54545,0.49178,"[0.60465, 0.25, 0.62069]",57,COMPLETED,55.649
1363,20260103_183422,gaitset_OUMVLP_TOP70.csv,70%,Preset_20,TCN,42,256,"[640, 768, 768, 640]","[1, 2, 4, 8]",5,2,mish,True,True,"[True, True, True, True]",attention,384.0,minmax,"[0.05, 0.1, 0.1, 0.1]",32,Adam,,3e-05,1e-05,[0.68794326 2.1920904  0.91725768],0.02,1.0,0.2618,1.48862,0.52273,0.45615,"[0.6383, 0.28571, 0.44444]",603,0.36966,1.54695,0.52273,0.47083,"[0.6, 0.25, 0.5625]",280,STOPPED,287.87
1364,20260103_183422,gln_phase1_TOP70.csv,70%,Preset_20,TCN,42,256,"[640, 768, 768, 640]","[1, 2, 4, 8]",5,2,mish,True,True,"[True, True, True, True]",attention,384.0,minmax,"[0.05, 0.1, 0.1, 0.1]",32,Adam,,3e-05,1e-05,[0.68794326 2.1920904  0.91725768],0.02,1.0,0.10703,1.9029,0.54545,0.49132,"[0.6, 0.28571, 0.58824]",128,0.14663,1.2935,0.59091,0.58002,"[0.6, 0.54545, 0.59459]",118,COMPLETED,82.474
1365,20260103_183422,gln_phase2_TOP70.csv,70%,Preset_20,TCN,42,256,"[640, 768, 768, 640]","[1, 2, 4, 8]",5,2,mish,True,True,"[True, True, True, True]",attention,384.0,minmax,"[0.05, 0.1, 0.1, 0.1]",32,Adam,,3e-05,1e-05,[0.68794326 2.1920904  0.91725768],0.02,1.0,0.11835,2.12601,0.45455,0.31102,"[0.58824, 0.0, 0.34483]",99,0.7429,1.15865,0.52273,0.48861,"[0.6087, 0.42857, 0.42857]",59,COMPLETED,63.596
1418,20260103_183422,baseline_CASIAB_TOP70.csv,70%,Preset_9,TCN,42,256,"[320, 448, 576, 448, 320]","[1, 2, 3, 4, 5]",9,2,mish,True,True,"[False, True, True, True, True]",max,256.0,minmax,"[0.0, 0.1, 0.1, 0.15, 0.2]",48,Adam,,3e-05,1e-05,[0.68794326 2.1920904  0.91725768],0.02,1.0,0.11581,1.78331,0.52273,0.36768,"[0.64151, 0.0, 0.46154]",76,0.24758,1.61473,0.52273,0.46694,"[0.63415, 0.26667, 0.5]",67,COMPLETED,22.808
1419,20260103_183422,baseline_OUMVLP_TOP70.csv,70%,Preset_9,TCN,42,256,"[320, 448, 576, 448, 320]","[1, 2, 3, 4, 5]",9,2,mish,True,True,"[False, True, True, True, True]",max,256.0,minmax,"[0.0, 0.1, 0.1, 0.15, 0.2]",48,Adam,,3e-05,1e-05,[0.68794326 2.1920904  0.91725768],0.02,1.0,0.12912,1.853,0.43182,0.34463,"[0.58333, 0.14286, 0.30769]",93,0.22302,1.47437,0.54545,0.46732,"[0.53659, 0.25, 0.61538]",68,COMPLETED,27.971
1420,20260103_183422,gaitgl_TOP70.csv,70%,Preset_9,TCN,42,128,"[320, 448, 576, 448, 320]","[1, 2, 3, 4, 5]",9,2,mish,True,True,"[False, True, True, True, True]",max,256.0,minmax,"[0.0, 0.1, 0.1, 0.15, 0.2]",48,Adam,,3e-05,1e-05,[0.68794326 2.1920904  0.91725768],0.02,1.0,0.12188,1.84073,0.40909,0.30423,"[0.38889, 0.0, 0.52381]",39,0.60879,1.11379,0.47727,0.41604,"[0.53659, 0.25, 0.46154]",22,COMPLETED,14.778
1421,20260103_183422,gaitgl_GREW_TOP70.csv,70%,Preset_9,TCN,42,256,"[320, 448, 576, 448, 320]","[1, 2, 3, 4, 5]",9,2,mish,True,True,"[False, True, True, True, True]",max,256.0,minmax,"[0.0, 0.1, 0.1, 0.15, 0.2]",48,Adam,,3e-05,1e-05,[0.68794326 2.1920904  0.91725768],0.02,1.0,0.12636,1.51071,0.45455,0.36154,"[0.57692, 0.2, 0.30769]",40,0.13135,1.50183,0.43182,0.36806,"[0.52381, 0.14286, 0.4375]",37,COMPLETED,15.384
1422,20260103_183422,gaitgl_GREW_BNNeck_TOP70.csv,70%,Preset_9,TCN,42,256,"[320, 448, 576, 448, 320]","[1, 2, 3, 4, 5]",9,2,mish,True,True,"[False, True, True, True, True]",max,256.0,minmax,"[0.0, 0.1, 0.1, 0.15, 0.2]",48,Adam,,3e-05,1e-05,[0.68794326 2.1920904  0.91725768],0.02,1.0,0.11585,1.72676,0.40909,0.35328,"[0.46154, 0.15385, 0.44444]",148,0.12113,1.96006,0.47727,0.43455,"[0.61905, 0.3, 0.38462]",144,COMPLETED,59.185
1423,20260103_183422,gaitgl_OUMVLP_TOP70.csv,70%,Preset_9,TCN,42,256,"[320, 448, 576, 448, 320]","[1, 2, 3, 4, 5]",9,2,mish,True,True,"[False, True, True, True, True]",max,256.0,minmax,"[0.0, 0.1, 0.1, 0.15, 0.2]",48,Adam,,3e-05,1e-05,[0.68794326 2.1920904  0.91725768],0.02,1.0,0.13333,1.54255,0.52273,0.38,"[0.64, 0.0, 0.5]",133,0.13206,1.66012,0.52273,0.47896,"[0.65116, 0.28571, 0.5]",130,COMPLETED,50.936
1424,20260103_183422,gaitpart_GREW_TOP70.csv,70%,Preset_9,TCN,42,256,"[320, 448, 576, 448, 320]","[1, 2, 3, 4, 5]",9,2,mish,True,True,"[False, True, True, True, True]",max,256.0,minmax,"[0.0, 0.1, 0.1, 0.15, 0.2]",48,Adam,,3e-05,1e-05,[0.68794326 2.1920904  0.91725768],0.02,1.0,0.13211,1.75546,0.43182,0.3647,"[0.54167, 0.11765, 0.43478]",68,0.45199,1.16016,0.52273,0.51433,"[0.56522, 0.53333, 0.44444]",36,COMPLETED,17.977
1425,20260103_183422,gaitpart_OUMVLP_TOP70.csv,70%,Preset_9,TCN,42,256,"[320, 448, 576, 448, 320]","[1, 2, 3, 4, 5]",9,2,mish,True,True,"[False, True, True, True, True]",max,256.0,minmax,"[0.0, 0.1, 0.1, 0.15, 0.2]",48,Adam,,3e-05,1e-05,[0.68794326 2.1920904  0.91725768],0.02,1.0,0.11354,1.82872,0.38636,0.37647,"[0.48485, 0.23077, 0.41379]",256,0.1678,1.29551,0.63636,0.58494,"[0.68182, 0.44444, 0.62857]",194,COMPLETED,67.131
1426,20260103_183422,gaitset_TOP70.csv,70%,Preset_9,TCN,42,256,"[320, 448, 576, 448, 320]","[1, 2, 3, 4, 5]",9,2,mish,True,True,"[False, True, True, True, True]",max,256.0,minmax,"[0.0, 0.1, 0.1, 0.15, 0.2]",48,Adam,,3e-05,1e-05,[0.68794326 2.1920904  0.91725768],0.02,1.0,0.13599,1.80612,0.45455,0.31494,"[0.6, 0.0, 0.34483]",70,0.35234,1.42898,0.45455,0.43667,"[0.47059, 0.35294, 0.48649]",48,COMPLETED,26.343
1427,20260103_183422,gaitset_GREW_TOP70.csv,70%,Preset_9,TCN,42,256,"[320, 448, 576, 448, 320]","[1, 2, 3, 4, 5]",9,2,mish,True,True,"[False, True, True, True, True]",max,256.0,minmax,"[0.0, 0.1, 0.1, 0.15, 0.2]",48,Adam,,3e-05,1e-05,[0.68794326 2.1920904  0.91725768],0.02,1.0,0.11829,1.63751,0.5,0.43287,"[0.51429, 0.11765, 0.66667]",93,0.13341,1.47053,0.61364,0.50271,"[0.7234, 0.22222, 0.5625]",78,COMPLETED,35.271
1428,20260103_183422,gaitset_OUMVLP_TOP70.csv,70%,Preset_9,TCN,42,256,"[320, 448, 576, 448, 320]","[1, 2, 3, 4, 5]",9,2,mish,True,True,"[False, True, True, True, True]",max,256.0,minmax,"[0.0, 0.1, 0.1, 0.15, 0.2]",48,Adam,,3e-05,1e-05,[0.68794326 2.1920904  0.91725768],0.02,1.0,0.12647,1.88573,0.47727,0.40981,"[0.54054, 0.13333, 0.55556]",364,0.11996,1.64575,0.59091,0.4929,"[0.71795, 0.18182, 0.57895]",360,COMPLETED,137.287
1429,20260103_183422,gln_phase1_TOP70.csv,70%,Preset_9,TCN,42,256,"[320, 448, 576, 448, 320]","[1, 2, 3, 4, 5]",9,2,mish,True,True,"[False, True, True, True, True]",max,256.0,minmax,"[0.0, 0.1, 0.1, 0.15, 0.2]",48,Adam,,3e-05,1e-05,[0.68794326 2.1920904  0.91725768],0.02,1.0,0.11899,1.31147,0.5,0.45617,"[0.63636, 0.375, 0.35714]",116,0.60697,0.95947,0.63636,0.65512,"[0.57143, 0.72727, 0.66667]",76,COMPLETED,54.587
1430,20260103_183422,gln_phase2_TOP70.csv,70%,Preset_9,TCN,42,256,"[320, 448, 576, 448, 320]","[1, 2, 3, 4, 5]",9,2,mish,True,True,"[False, True, True, True, True]",max,256.0,minmax,"[0.0, 0.1, 0.1, 0.15, 0.2]",48,Adam,,3e-05,1e-05,[0.68794326 2.1920904  0.91725768],0.02,1.0,0.13575,1.64575,0.54545,0.50934,"[0.58065, 0.31579, 0.63158]",90,0.32826,1.1332,0.63636,0.57778,"[0.66667, 0.4, 0.66667]",63,COMPLETED,42.18
1444,20260103_183422,baseline_CASIAB_TOP70.csv,70%,Preset_23,TCN,42,256,[768],[9],5,2,gelu,True,False,[True],attention,384.0,L2,[0.05],32,AdamW,,2e-05,1e-05,[0.68794326 2.1920904  0.91725768],0.02,1.0,0.13842,2.61544,0.38636,0.28431,"[0.5, 0.0, 0.35294]",154,0.53383,1.42136,0.52273,0.4248,"[0.72727, 0.13333, 0.41379]",55,COMPLETED,27.373
1445,20260103_183422,baseline_OUMVLP_TOP70.csv,70%,Preset_23,TCN,42,256,[768],[9],5,2,gelu,True,False,[True],attention,384.0,L2,[0.05],32,AdamW,,2e-05,1e-05,[0.68794326 2.1920904  0.91725768],0.02,1.0,0.13889,1.74042,0.43182,0.32577,"[0.51064, 0.0, 0.46667]",198,0.41942,1.39473,0.5,0.4756,"[0.51282, 0.33333, 0.58065]",94,COMPLETED,35.122
1446,20260103_183422,gaitgl_TOP70.csv,70%,Preset_23,TCN,42,128,[768],[9],5,2,gelu,True,False,[True],attention,384.0,L2,[0.05],32,AdamW,,2e-05,1e-05,[0.68794326 2.1920904  0.91725768],0.02,1.0,0.12514,2.20771,0.47727,0.48485,"[0.54545, 0.54545, 0.36364]",56,0.12514,2.20771,0.47727,0.48485,"[0.54545, 0.54545, 0.36364]",56,COMPLETED,11.056
1447,20260103_183422,gaitgl_GREW_TOP70.csv,70%,Preset_23,TCN,42,256,[768],[9],5,2,gelu,True,False,[True],attention,384.0,L2,[0.05],32,AdamW,,2e-05,1e-05,[0.68794326 2.1920904  0.91725768],0.02,1.0,0.12196,1.73968,0.47727,0.4306,"[0.58333, 0.36364, 0.34483]",53,0.15735,1.60077,0.56818,0.5037,"[0.66667, 0.4, 0.44444]",46,COMPLETED,10.632
1448,20260103_183422,gaitgl_GREW_BNNeck_TOP70.csv,70%,Preset_23,TCN,42,256,[768],[9],5,2,gelu,True,False,[True],attention,384.0,L2,[0.05],32,AdamW,,2e-05,1e-05,[0.68794326 2.1920904  0.91725768],0.02,1.0,0.13407,2.66247,0.36364,0.31889,"[0.43902, 0.11765, 0.4]",137,0.13591,2.43897,0.45455,0.38632,"[0.53333, 0.14286, 0.48276]",135,COMPLETED,27.747
1449,20260103_183422,gaitgl_OUMVLP_TOP70.csv,70%,Preset_23,TCN,42,256,[768],[9],5,2,gelu,True,False,[True],attention,384.0,L2,[0.05],32,AdamW,,2e-05,1e-05,[0.68794326 2.1920904  0.91725768],0.02,1.0,0.12593,1.65999,0.47727,0.4126,"[0.52381, 0.13333, 0.58065]",124,0.73396,1.18723,0.45455,0.42315,"[0.44444, 0.2, 0.625]",41,COMPLETED,24.821
1450,20260103_183422,gaitpart_GREW_TOP70.csv,70%,Preset_23,TCN,42,256,[768],[9],5,2,gelu,True,False,[True],attention,384.0,L2,[0.05],32,AdamW,,2e-05,1e-05,[0.68794326 2.1920904  0.91725768],0.02,1.0,0.13303,2.71857,0.36364,0.27302,"[0.47619, 0.0, 0.34286]",208,0.38551,1.94938,0.47727,0.46567,"[0.47059, 0.38095, 0.54545]",111,COMPLETED,34.492
1451,20260103_183422,gaitpart_OUMVLP_TOP70.csv,70%,Preset_23,TCN,42,256,[768],[9],5,2,gelu,True,False,[True],attention,384.0,L2,[0.05],32,AdamW,,2e-05,1e-05,[0.68794326 2.1920904  0.91725768],0.02,1.0,0.12284,2.53628,0.43182,0.38883,"[0.53061, 0.375, 0.26087]",420,0.30352,1.36092,0.63636,0.60394,"[0.66667, 0.5, 0.64516]",274,COMPLETED,69.482
1452,20260103_183422,gaitset_TOP70.csv,70%,Preset_23,TCN,42,256,[768],[9],5,2,gelu,True,False,[True],attention,384.0,L2,[0.05],32,AdamW,,2e-05,1e-05,[0.68794326 2.1920904  0.91725768],0.02,1.0,0.12898,3.28639,0.34091,0.24897,"[0.51163, 0.0, 0.23529]",127,0.21509,3.06263,0.38636,0.29707,"[0.51282, 0.0, 0.37838]",85,COMPLETED,25.159
1453,20260103_183422,gaitset_GREW_TOP70.csv,70%,Preset_23,TCN,42,256,[768],[9],5,2,gelu,True,False,[True],attention,384.0,L2,[0.05],32,AdamW,,2e-05,1e-05,[0.68794326 2.1920904  0.91725768],0.02,1.0,0.11769,2.52495,0.34091,0.31391,"[0.45455, 0.33333, 0.15385]",130,0.14256,2.25627,0.5,0.45408,"[0.60465, 0.33333, 0.42424]",112,COMPLETED,25.852
1454,20260103_183422,gaitset_OUMVLP_TOP70.csv,70%,Preset_23,TCN,42,256,[768],[9],5,2,gelu,True,False,[True],attention,384.0,L2,[0.05],32,AdamW,,2e-05,1e-05,[0.68794326 2.1920904  0.91725768],0.02,1.0,0.13723,2.11091,0.5,0.41579,"[0.59574, 0.2, 0.45161]",385,0.19816,2.23285,0.52273,0.44531,"[0.55814, 0.22222, 0.55556]",315,COMPLETED,76.366
1455,20260103_183422,gln_phase1_TOP70.csv,70%,Preset_23,TCN,42,256,[768],[9],5,2,gelu,True,False,[True],attention,384.0,L2,[0.05],32,AdamW,,2e-05,1e-05,[0.68794326 2.1920904  0.91725768],0.02,1.0,0.13713,2.45329,0.47727,0.35427,"[0.51282, 0.0, 0.55]",125,0.1783,2.46989,0.54545,0.49163,"[0.54054, 0.28571, 0.64865]",108,COMPLETED,29.728
1456,20260103_183422,gln_phase2_TOP70.csv,70%,Preset_23,TCN,42,256,[768],[9],5,2,gelu,True,False,[True],attention,384.0,L2,[0.05],32,AdamW,,2e-05,1e-05,[0.68794326 2.1920904  0.91725768],0.02,1.0,0.12318,1.82272,0.52273,0.4037,"[0.6, 0.0, 0.61111]",112,0.17901,1.84682,0.54545,0.42037,"[0.65, 0.0, 0.61111]",79,COMPLETED,26.632
1470,20260103_183422,baseline_CASIAB_TOP70.csv,70%,Preset_14,TCN,42,256,[384],[7],7,1,silu,True,True,[True],mean,256.0,L2,[0.05],64,AdamW,,5e-05,1e-06,[0.68794326 2.1920904  0.91725768],0.02,1.0,0.13285,1.6372,0.52273,0.46728,"[0.61905, 0.26667, 0.51613]",260,0.15241,1.58267,0.52273,0.46746,"[0.61905, 0.25, 0.53333]",247,COMPLETED,15.565
1471,20260103_183422,baseline_OUMVLP_TOP70.csv,70%,Preset_14,TCN,42,256,[384],[7],7,1,silu,True,True,[True],mean,256.0,L2,[0.05],64,AdamW,,5e-05,1e-06,[0.68794326 2.1920904  0.91725768],0.02,1.0,0.13344,1.77482,0.43182,0.40337,"[0.45714, 0.19048, 0.5625]",346,0.71319,1.15776,0.54545,0.51198,"[0.55556, 0.33333, 0.64706]",99,COMPLETED,21.175
1472,20260103_183422,gaitgl_TOP70.csv,70%,Preset_14,TCN,42,128,[384],[7],7,1,silu,True,True,[True],mean,256.0,L2,[0.05],64,AdamW,,5e-05,1e-06,[0.68794326 2.1920904  0.91725768],0.02,1.0,0.13162,1.51951,0.47727,0.39444,"[0.58333, 0.2, 0.4]",222,0.50883,1.14526,0.47727,0.44444,"[0.54545, 0.36364, 0.42424]",111,COMPLETED,13.688
1473,20260103_183422,gaitgl_GREW_TOP70.csv,70%,Preset_14,TCN,42,256,[384],[7],7,1,silu,True,True,[True],mean,256.0,L2,[0.05],64,AdamW,,5e-05,1e-06,[0.68794326 2.1920904  0.91725768],0.02,1.0,0.13212,1.38413,0.52273,0.4443,"[0.56522, 0.22222, 0.54545]",205,0.30103,1.24109,0.54545,0.46373,"[0.59574, 0.25, 0.54545]",142,COMPLETED,14.236
1474,20260103_183422,gaitgl_GREW_BNNeck_TOP70.csv,70%,Preset_14,TCN,42,256,[384],[7],7,1,silu,True,True,[True],mean,256.0,L2,[0.05],64,AdamW,,5e-05,1e-06,[0.68794326 2.1920904  0.91725768],0.02,1.0,0.1319,1.88373,0.38636,0.33586,"[0.45, 0.13333, 0.42424]",292,0.64721,1.14834,0.5,0.45899,"[0.52381, 0.30769, 0.54545]",105,COMPLETED,20.095
1475,20260103_183422,gaitgl_OUMVLP_TOP70.csv,70%,Preset_14,TCN,42,256,[384],[7],7,1,silu,True,True,[True],mean,256.0,L2,[0.05],64,AdamW,,5e-05,1e-06,[0.68794326 2.1920904  0.91725768],0.02,1.0,0.13432,1.3675,0.47727,0.40486,"[0.55319, 0.14286, 0.51852]",549,0.73258,1.05675,0.59091,0.57534,"[0.57895, 0.5, 0.64706]",171,COMPLETED,38.09
1476,20260103_183422,gaitpart_GREW_TOP70.csv,70%,Preset_14,TCN,42,256,[384],[7],7,1,silu,True,True,[True],mean,256.0,L2,[0.05],64,AdamW,,5e-05,1e-06,[0.68794326 2.1920904  0.91725768],0.02,1.0,0.13581,1.66352,0.45455,0.41188,"[0.63415, 0.31579, 0.28571]",345,0.23331,1.35396,0.56818,0.5066,"[0.66667, 0.30769, 0.54545]",264,COMPLETED,19.073
1477,20260103_183422,gaitpart_OUMVLP_TOP70.csv,70%,Preset_14,TCN,42,256,[384],[7],7,1,silu,True,True,[True],mean,256.0,L2,[0.05],64,AdamW,,5e-05,1e-06,[0.68794326 2.1920904  0.91725768],0.02,1.0,0.13817,1.65973,0.47727,0.44993,"[0.63158, 0.34783, 0.37037]",725,0.19287,1.505,0.59091,0.57821,"[0.62857, 0.5, 0.60606]",581,COMPLETED,39.401
1478,20260103_183422,gaitset_TOP70.csv,70%,Preset_14,TCN,42,256,[384],[7],7,1,silu,True,True,[True],mean,256.0,L2,[0.05],64,AdamW,,5e-05,1e-06,[0.68794326 2.1920904  0.91725768],0.02,1.0,0.12963,2.22136,0.38636,0.31872,"[0.54545, 0.125, 0.28571]",356,0.31183,1.6606,0.43182,0.36741,"[0.52381, 0.16667, 0.41176]",230,COMPLETED,24.595
1479,20260103_183422,gaitset_GREW_TOP70.csv,70%,Preset_14,TCN,42,256,[384],[7],7,1,silu,True,True,[True],mean,256.0,L2,[0.05],64,AdamW,,5e-05,1e-06,[0.68794326 2.1920904  0.91725768],0.02,1.0,0.12856,1.42808,0.52273,0.46676,"[0.63415, 0.25, 0.51613]",397,0.38654,1.2065,0.63636,0.57239,"[0.71111, 0.4, 0.60606]",225,COMPLETED,27.452
1480,20260103_183422,gaitset_OUMVLP_TOP70.csv,70%,Preset_14,TCN,42,256,[384],[7],7,1,silu,True,True,[True],mean,256.0,L2,[0.05],64,AdamW,,5e-05,1e-06,[0.68794326 2.1920904  0.91725768],0.02,1.0,0.1263,1.90938,0.43182,0.33333,"[0.52632, 0.0, 0.47368]",1116,0.72914,1.2706,0.45455,0.43898,"[0.54054, 0.34783, 0.42857]",263,COMPLETED,76.387
1481,20260103_183422,gln_phase1_TOP70.csv,70%,Preset_14,TCN,42,256,[384],[7],7,1,silu,True,True,[True],mean,256.0,L2,[0.05],64,AdamW,,5e-05,1e-06,[0.68794326 2.1920904  0.91725768],0.02,1.0,0.13192,1.26484,0.59091,0.54386,"[0.6, 0.4, 0.63158]",383,0.68489,0.97737,0.61364,0.61385,"[0.59459, 0.61538, 0.63158]",129,COMPLETED,29.874
1482,20260103_183422,gln_phase2_TOP70.csv,70%,Preset_14,TCN,42,256,[384],[7],7,1,silu,True,True,[True],mean,256.0,L2,[0.05],64,AdamW,,5e-05,1e-06,[0.68794326 2.1920904  0.91725768],0.02,1.0,0.1374,1.30348,0.40909,0.34808,"[0.52381, 0.13333, 0.3871]",370,0.63642,1.07556,0.52273,0.51587,"[0.57143, 0.47619, 0.5]",131,COMPLETED,28.828
1483,20260103_183422,baseline_CASIAB_TOP70.csv,70%,Preset_19,TCN,42,256,[640],[7],3,1,hardswish,True,True,[True],attention,448.0,L2,[0.1],40,AdamW,,2e-05,1e-05,[0.68794326 2.1920904  0.91725768],0.02,1.0,0.13528,2.11564,0.36364,0.34722,"[0.38095, 0.28571, 0.375]",193,0.183,1.79605,0.45455,0.4625,"[0.45, 0.5, 0.4375]",150,COMPLETED,18.68
1484,20260103_183422,baseline_OUMVLP_TOP70.csv,70%,Preset_19,TCN,42,256,[640],[7],3,1,hardswish,True,True,[True],attention,448.0,L2,[0.1],40,AdamW,,2e-05,1e-05,[0.68794326 2.1920904  0.91725768],0.02,1.0,0.129,1.50983,0.56818,0.5596,"[0.61905, 0.54545, 0.51429]",202,0.14051,1.62355,0.63636,0.60725,"[0.69565, 0.54545, 0.58065]",191,COMPLETED,19.586
1485,20260103_183422,gaitgl_TOP70.csv,70%,Preset_19,TCN,42,128,[640],[7],3,1,hardswish,True,True,[True],attention,448.0,L2,[0.1],40,AdamW,,2e-05,1e-05,[0.68794326 2.1920904  0.91725768],0.02,1.0,0.12697,1.97756,0.40909,0.38311,"[0.45455, 0.30769, 0.3871]",87,0.30545,1.52252,0.45455,0.44955,"[0.5, 0.46154, 0.3871]",61,COMPLETED,8.72
1486,20260103_183422,gaitgl_GREW_TOP70.csv,70%,Preset_19,TCN,42,256,[640],[7],3,1,hardswish,True,True,[True],attention,448.0,L2,[0.1],40,AdamW,,2e-05,1e-05,[0.68794326 2.1920904  0.91725768],0.02,1.0,0.136,2.65045,0.38636,0.32564,"[0.47826, 0.15385, 0.34483]",90,0.15322,2.61501,0.43182,0.36277,"[0.54545, 0.14286, 0.4]",78,COMPLETED,9.497
1487,20260103_183422,gaitgl_GREW_BNNeck_TOP70.csv,70%,Preset_19,TCN,42,256,[640],[7],3,1,hardswish,True,True,[True],attention,448.0,L2,[0.1],40,AdamW,,2e-05,1e-05,[0.68794326 2.1920904  0.91725768],0.02,1.0,0.1377,2.55134,0.34091,0.29583,"[0.45, 0.125, 0.3125]",164,0.57153,1.44219,0.43182,0.40154,"[0.43243, 0.28571, 0.48649]",54,COMPLETED,17.404
1488,20260103_183422,gaitgl_OUMVLP_TOP70.csv,70%,Preset_19,TCN,42,256,[640],[7],3,1,hardswish,True,True,[True],attention,448.0,L2,[0.1],40,AdamW,,2e-05,1e-05,[0.68794326 2.1920904  0.91725768],0.02,1.0,0.13681,2.10896,0.45455,0.38718,"[0.54545, 0.13333, 0.48276]",161,0.29065,1.67987,0.56818,0.47487,"[0.63636, 0.2, 0.58824]",92,COMPLETED,16.919
1489,20260103_183422,gaitpart_GREW_TOP70.csv,70%,Preset_19,TCN,42,256,[640],[7],3,1,hardswish,True,True,[True],attention,448.0,L2,[0.1],40,AdamW,,2e-05,1e-05,[0.68794326 2.1920904  0.91725768],0.02,1.0,0.13568,1.87348,0.5,0.49096,"[0.57143, 0.43478, 0.46667]",249,0.36879,1.36412,0.54545,0.51138,"[0.63415, 0.4, 0.5]",175,COMPLETED,22.013
1490,20260103_183422,gaitpart_OUMVLP_TOP70.csv,70%,Preset_19,TCN,42,256,[640],[7],3,1,hardswish,True,True,[True],attention,448.0,L2,[0.1],40,AdamW,,2e-05,1e-05,[0.68794326 2.1920904  0.91725768],0.02,1.0,0.13805,1.89254,0.43182,0.37436,"[0.46154, 0.2, 0.46154]",426,0.74607,1.10672,0.5,0.45733,"[0.55, 0.30769, 0.51429]",158,COMPLETED,37.625
1491,20260103_183422,gaitset_TOP70.csv,70%,Preset_19,TCN,42,256,[640],[7],3,1,hardswish,True,True,[True],attention,448.0,L2,[0.1],40,AdamW,,2e-05,1e-05,[0.68794326 2.1920904  0.91725768],0.02,1.0,0.13091,2.31468,0.31818,0.27377,"[0.4, 0.125, 0.2963]",189,0.64001,1.3676,0.34091,0.33394,"[0.35897, 0.28571, 0.35714]",58,COMPLETED,20.146
1492,20260103_183422,gaitset_GREW_TOP70.csv,70%,Preset_19,TCN,42,256,[640],[7],3,1,hardswish,True,True,[True],attention,448.0,L2,[0.1],40,AdamW,,2e-05,1e-05,[0.68794326 2.1920904  0.91725768],0.02,1.0,0.13641,1.68621,0.61364,0.50458,"[0.69231, 0.25, 0.57143]",178,0.45214,1.16779,0.56818,0.50992,"[0.625, 0.33333, 0.57143]",83,COMPLETED,19.129
1493,20260103_183422,gaitset_OUMVLP_TOP70.csv,70%,Preset_19,TCN,42,256,[640],[7],3,1,hardswish,True,True,[True],attention,448.0,L2,[0.1],40,AdamW,,2e-05,1e-05,[0.68794326 2.1920904  0.91725768],0.02,1.0,0.12844,1.53574,0.59091,0.53157,"[0.63636, 0.33333, 0.625]",404,0.17282,1.60307,0.63636,0.59617,"[0.68182, 0.46154, 0.64516]",341,COMPLETED,43.057
1494,20260103_183422,gln_phase1_TOP70.csv,70%,Preset_19,TCN,42,256,[640],[7],3,1,hardswish,True,True,[True],attention,448.0,L2,[0.1],40,AdamW,,2e-05,1e-05,[0.68794326 2.1920904  0.91725768],0.02,1.0,0.13285,1.95875,0.47727,0.43968,"[0.5, 0.28571, 0.53333]",147,0.33269,1.44938,0.52273,0.50035,"[0.51282, 0.4, 0.58824]",79,COMPLETED,17.675
1495,20260103_183422,gln_phase2_TOP70.csv,70%,Preset_19,TCN,42,256,[640],[7],3,1,hardswish,True,True,[True],attention,448.0,L2,[0.1],40,AdamW,,2e-05,1e-05,[0.68794326 2.1920904  0.91725768],0.02,1.0,0.12993,1.62552,0.36364,0.27625,"[0.46512, 0.0, 0.36364]",141,0.30224,1.3363,0.38636,0.36289,"[0.45, 0.28571, 0.35294]",97,COMPLETED,16.904
1548,20260103_183422,baseline_CASIAB_TOP70.csv,70%,Preset_13,TCN,42,256,"[192, 256, 320, 384, 448]","[1, 2, 3, 4, 5]",3,3,silu,True,True,"[True, True, True, True, True]",attention,256.0,L2,"[0.2, 0.2, 0.2, 0.2, 0.2]",56,AdamW,,2e-05,1e-05,[0.68794326 2.1920904  0.91725768],0.02,1.0,0.12462,1.80532,0.5,0.35201,"[0.62745, 0.0, 0.42857]",118,0.66344,1.17765,0.5,0.42284,"[0.61905, 0.13333, 0.51613]",43,COMPLETED,23.395
1549,20260103_183422,baseline_OUMVLP_TOP70.csv,70%,Preset_13,TCN,42,256,"[192, 256, 320, 384, 448]","[1, 2, 3, 4, 5]",3,3,silu,True,True,"[True, True, True, True, True]",attention,256.0,L2,"[0.2, 0.2, 0.2, 0.2, 0.2]",56,AdamW,,2e-05,1e-05,[0.68794326 2.1920904  0.91725768],0.02,1.0,0.13148,1.78235,0.45455,0.34123,"[0.47368, 0.0, 0.55]",155,0.13064,1.81378,0.45455,0.42308,"[0.46154, 0.30769, 0.5]",152,COMPLETED,30.904
1550,20260103_183422,gaitgl_TOP70.csv,70%,Preset_13,TCN,42,128,"[192, 256, 320, 384, 448]","[1, 2, 3, 4, 5]",3,3,silu,True,True,"[True, True, True, True, True]",attention,256.0,L2,"[0.2, 0.2, 0.2, 0.2, 0.2]",56,AdamW,,2e-05,1e-05,[0.68794326 2.1920904  0.91725768],0.02,1.0,0.12429,2.07348,0.43182,0.35611,"[0.55319, 0.18182, 0.33333]",70,0.74612,1.04823,0.43182,0.40495,"[0.45714, 0.30769, 0.45]",27,COMPLETED,14.902
1551,20260103_183422,gaitgl_GREW_TOP70.csv,70%,Preset_13,TCN,42,256,"[192, 256, 320, 384, 448]","[1, 2, 3, 4, 5]",3,3,silu,True,True,"[True, True, True, True, True]",attention,256.0,L2,"[0.2, 0.2, 0.2, 0.2, 0.2]",56,AdamW,,2e-05,1e-05,[0.68794326 2.1920904  0.91725768],0.02,1.0,0.12178,1.7371,0.43182,0.35833,"[0.54167, 0.2, 0.33333]",59,0.74379,1.151,0.47727,0.42582,"[0.60465, 0.28571, 0.3871]",28,COMPLETED,12.845
1552,20260103_183422,gaitgl_GREW_BNNeck_TOP70.csv,70%,Preset_13,TCN,42,256,"[192, 256, 320, 384, 448]","[1, 2, 3, 4, 5]",3,3,silu,True,True,"[True, True, True, True, True]",attention,256.0,L2,"[0.2, 0.2, 0.2, 0.2, 0.2]",56,AdamW,,2e-05,1e-05,[0.68794326 2.1920904  0.91725768],0.02,1.0,0.12931,1.7319,0.45455,0.33968,"[0.61905, 0.0, 0.4]",87,0.18467,1.52104,0.52273,0.45539,"[0.66667, 0.28571, 0.41379]",75,COMPLETED,19.315
1553,20260103_183422,gaitgl_OUMVLP_TOP70.csv,70%,Preset_13,TCN,42,256,"[192, 256, 320, 384, 448]","[1, 2, 3, 4, 5]",3,3,silu,True,True,"[True, True, True, True, True]",attention,256.0,L2,"[0.2, 0.2, 0.2, 0.2, 0.2]",56,AdamW,,2e-05,1e-05,[0.68794326 2.1920904  0.91725768],0.02,1.0,0.11792,1.85549,0.43182,0.30769,"[0.53846, 0.0, 0.38462]",149,0.125,1.64528,0.52273,0.47953,"[0.52632, 0.33333, 0.57895]",142,COMPLETED,32.835
1554,20260103_183422,gaitpart_GREW_TOP70.csv,70%,Preset_13,TCN,42,256,"[192, 256, 320, 384, 448]","[1, 2, 3, 4, 5]",3,3,silu,True,True,"[True, True, True, True, True]",attention,256.0,L2,"[0.2, 0.2, 0.2, 0.2, 0.2]",56,AdamW,,2e-05,1e-05,[0.68794326 2.1920904  0.91725768],0.02,1.0,0.12958,1.57156,0.52273,0.39054,"[0.6383, 0.0, 0.53333]",176,0.12839,1.5191,0.61364,0.56896,"[0.69767, 0.42857, 0.58065]",175,COMPLETED,34.444
1555,20260103_183422,gaitpart_OUMVLP_TOP70.csv,70%,Preset_13,TCN,42,256,"[192, 256, 320, 384, 448]","[1, 2, 3, 4, 5]",3,3,silu,True,True,"[True, True, True, True, True]",attention,256.0,L2,"[0.2, 0.2, 0.2, 0.2, 0.2]",56,AdamW,,2e-05,1e-05,[0.68794326 2.1920904  0.91725768],0.02,1.0,0.13905,2.38214,0.40909,0.35425,"[0.38889, 0.13333, 0.54054]",320,0.55846,1.41781,0.43182,0.41515,"[0.4, 0.3, 0.54545]",128,COMPLETED,61.996
1556,20260103_183422,gaitset_TOP70.csv,70%,Preset_13,TCN,42,256,"[192, 256, 320, 384, 448]","[1, 2, 3, 4, 5]",3,3,silu,True,True,"[True, True, True, True, True]",attention,256.0,L2,"[0.2, 0.2, 0.2, 0.2, 0.2]",56,AdamW,,2e-05,1e-05,[0.68794326 2.1920904  0.91725768],0.02,1.0,0.12631,2.16472,0.38636,0.37374,"[0.45455, 0.36364, 0.30303]",104,0.12441,2.16881,0.40909,0.38816,"[0.47826, 0.36364, 0.32258]",102,COMPLETED,22.514
1557,20260103_183422,gaitset_GREW_TOP70.csv,70%,Preset_13,TCN,42,256,"[192, 256, 320, 384, 448]","[1, 2, 3, 4, 5]",3,3,silu,True,True,"[True, True, True, True, True]",attention,256.0,L2,"[0.2, 0.2, 0.2, 0.2, 0.2]",56,AdamW,,2e-05,1e-05,[0.68794326 2.1920904  0.91725768],0.02,1.0,0.1224,1.61282,0.45455,0.38943,"[0.5, 0.18182, 0.48649]",120,0.15707,1.45249,0.5,0.42251,"[0.57143, 0.18182, 0.51429]",112,COMPLETED,26.236
1558,20260103_183422,gaitset_OUMVLP_TOP70.csv,70%,Preset_13,TCN,42,256,"[192, 256, 320, 384, 448]","[1, 2, 3, 4, 5]",3,3,silu,True,True,"[True, True, True, True, True]",attention,256.0,L2,"[0.2, 0.2, 0.2, 0.2, 0.2]",56,AdamW,,2e-05,1e-05,[0.68794326 2.1920904  0.91725768],0.02,1.0,0.13806,1.67351,0.47727,0.36392,"[0.51282, 0.0, 0.57895]",258,0.61815,1.18486,0.52273,0.49495,"[0.48485, 0.4, 0.6]",96,COMPLETED,56.129
1559,20260103_183422,gln_phase1_TOP70.csv,70%,Preset_13,TCN,42,256,"[192, 256, 320, 384, 448]","[1, 2, 3, 4, 5]",3,3,silu,True,True,"[True, True, True, True, True]",attention,256.0,L2,"[0.2, 0.2, 0.2, 0.2, 0.2]",56,AdamW,,2e-05,1e-05,[0.68794326 2.1920904  0.91725768],0.02,1.0,0.13539,1.68862,0.45455,0.3842,"[0.55814, 0.14286, 0.45161]",98,0.13539,1.68862,0.45455,0.3842,"[0.55814, 0.14286, 0.45161]",98,COMPLETED,25.019
1560,20260103_183422,gln_phase2_TOP70.csv,70%,Preset_13,TCN,42,256,"[192, 256, 320, 384, 448]","[1, 2, 3, 4, 5]",3,3,silu,True,True,"[True, True, True, True, True]",attention,256.0,L2,"[0.2, 0.2, 0.2, 0.2, 0.2]",56,AdamW,,2e-05,1e-05,[0.68794326 2.1920904  0.91725768],0.02,1.0,0.13531,1.81116,0.45455,0.36515,"[0.55, 0.0, 0.54545]",79,0.17544,1.47671,0.56818,0.47133,"[0.66667, 0.16667, 0.58065]",66,COMPLETED,19.862
1561,20260103_183422,baseline_CASIAB_TOP70.csv,70%,Preset_27,TCN,42,256,"[512, 512]","[1, 2]",3,1,gelu,True,True,"[True, True]",attention,320.0,L2,"[0.0, 0.1]",48,AdamW,,2e-05,1e-05,[0.68794326 2.1920904  0.91725768],0.02,1.0,0.12718,1.48481,0.52273,0.37851,"[0.57143, 0.0, 0.5641]",124,0.55375,1.02537,0.63636,0.57071,"[0.68182, 0.36364, 0.66667]",48,COMPLETED,12.44
1562,20260103_183422,baseline_OUMVLP_TOP70.csv,70%,Preset_27,TCN,42,256,"[512, 512]","[1, 2]",3,1,gelu,True,True,"[True, True]",attention,320.0,L2,"[0.0, 0.1]",48,AdamW,,2e-05,1e-05,[0.68794326 2.1920904  0.91725768],0.02,1.0,0.13231,3.17518,0.34091,0.33814,"[0.36364, 0.22222, 0.42857]",185,0.23883,2.4571,0.38636,0.37704,"[0.375, 0.24, 0.51613]",137,COMPLETED,18.394
1563,20260103_183422,gaitgl_TOP70.csv,70%,Preset_27,TCN,42,128,"[512, 512]","[1, 2]",3,1,gelu,True,True,"[True, True]",attention,320.0,L2,"[0.0, 0.1]",48,AdamW,,2e-05,1e-05,[0.68794326 2.1920904  0.91725768],0.02,1.0,0.12847,1.91516,0.43182,0.45361,"[0.45, 0.58824, 0.32258]",75,0.63082,1.10015,0.52273,0.52804,"[0.57143, 0.55556, 0.45714]",38,COMPLETED,8.056
1564,20260103_183422,gaitgl_GREW_TOP70.csv,70%,Preset_27,TCN,42,256,"[512, 512]","[1, 2]",3,1,gelu,True,True,"[True, True]",attention,320.0,L2,"[0.0, 0.1]",48,AdamW,,2e-05,1e-05,[0.68794326 2.1920904  0.91725768],0.02,1.0,0.12577,1.80724,0.38636,0.30591,"[0.54167, 0.15385, 0.22222]",66,0.71635,1.0805,0.40909,0.39244,"[0.46154, 0.31579, 0.4]",34,COMPLETED,7.405
1565,20260103_183422,gaitgl_GREW_BNNeck_TOP70.csv,70%,Preset_27,TCN,42,256,"[512, 512]","[1, 2]",3,1,gelu,True,True,"[True, True]",attention,320.0,L2,"[0.0, 0.1]",48,AdamW,,2e-05,1e-05,[0.68794326 2.1920904  0.91725768],0.02,1.0,0.13835,2.07541,0.36364,0.28148,"[0.44444, 0.0, 0.4]",108,0.69084,1.20552,0.47727,0.46446,"[0.52941, 0.34783, 0.51613]",41,COMPLETED,12.414
1566,20260103_183422,gaitgl_OUMVLP_TOP70.csv,70%,Preset_27,TCN,42,256,"[512, 512]","[1, 2]",3,1,gelu,True,True,"[True, True]",attention,320.0,L2,"[0.0, 0.1]",48,AdamW,,2e-05,1e-05,[0.68794326 2.1920904  0.91725768],0.02,1.0,0.12461,1.97137,0.5,0.41385,"[0.62222, 0.18182, 0.4375]",135,0.40747,1.46688,0.52273,0.44335,"[0.63415, 0.22222, 0.47368]",69,COMPLETED,15.224
1567,20260103_183422,gaitpart_GREW_TOP70.csv,70%,Preset_27,TCN,42,256,"[512, 512]","[1, 2]",3,1,gelu,True,True,"[True, True]",attention,320.0,L2,"[0.0, 0.1]",48,AdamW,,2e-05,1e-05,[0.68794326 2.1920904  0.91725768],0.02,1.0,0.13066,1.80573,0.40909,0.394,"[0.44444, 0.35294, 0.38462]",183,0.22346,1.54934,0.45455,0.46368,"[0.46512, 0.55556, 0.37037]",140,COMPLETED,16.92
1568,20260103_183422,gaitpart_OUMVLP_TOP70.csv,70%,Preset_27,TCN,42,256,"[512, 512]","[1, 2]",3,1,gelu,True,True,"[True, True]",attention,320.0,L2,"[0.0, 0.1]",48,AdamW,,2e-05,1e-05,[0.68794326 2.1920904  0.91725768],0.02,1.0,0.13125,1.88743,0.47727,0.43504,"[0.59459, 0.21053, 0.5]",432,0.14497,1.95567,0.61364,0.57473,"[0.73171, 0.42105, 0.57143]",397,COMPLETED,39.538
1569,20260103_183422,gaitset_TOP70.csv,70%,Preset_27,TCN,42,256,"[512, 512]","[1, 2]",3,1,gelu,True,True,"[True, True]",attention,320.0,L2,"[0.0, 0.1]",48,AdamW,,2e-05,1e-05,[0.68794326 2.1920904  0.91725768],0.02,1.0,0.13478,2.38884,0.40909,0.32009,"[0.53846, 0.18182, 0.24]",130,0.15044,2.22595,0.38636,0.32609,"[0.47826, 0.16667, 0.33333]",121,COMPLETED,14.432
1570,20260103_183422,gaitset_GREW_TOP70.csv,70%,Preset_27,TCN,42,256,"[512, 512]","[1, 2]",3,1,gelu,True,True,"[True, True]",attention,320.0,L2,"[0.0, 0.1]",48,AdamW,,2e-05,1e-05,[0.68794326 2.1920904  0.91725768],0.02,1.0,0.13169,1.76731,0.40909,0.32353,"[0.47059, 0.0, 0.5]",115,0.35384,1.35,0.45455,0.39358,"[0.52632, 0.125, 0.52941]",77,COMPLETED,12.823
1571,20260103_183422,gaitset_OUMVLP_TOP70.csv,70%,Preset_27,TCN,42,256,"[512, 512]","[1, 2]",3,1,gelu,True,True,"[True, True]",attention,320.0,L2,"[0.0, 0.1]",48,AdamW,,2e-05,1e-05,[0.68794326 2.1920904  0.91725768],0.02,1.0,0.1216,1.42128,0.5,0.42424,"[0.54545, 0.18182, 0.54545]",338,0.13525,1.5359,0.56818,0.54436,"[0.59091, 0.46154, 0.58065]",319,COMPLETED,37.399
1572,20260103_183422,gln_phase1_TOP70.csv,70%,Preset_27,TCN,42,256,"[512, 512]","[1, 2]",3,1,gelu,True,True,"[True, True]",attention,320.0,L2,"[0.0, 0.1]",48,AdamW,,2e-05,1e-05,[0.68794326 2.1920904  0.91725768],0.02,1.0,0.13955,1.63307,0.40909,0.38736,"[0.36364, 0.33333, 0.46512]",118,0.39979,1.18069,0.54545,0.49056,"[0.62222, 0.33333, 0.51613]",65,COMPLETED,14.865
1573,20260103_183422,gln_phase2_TOP70.csv,70%,Preset_27,TCN,42,256,"[512, 512]","[1, 2]",3,1,gelu,True,True,"[True, True]",attention,320.0,L2,"[0.0, 0.1]",48,AdamW,,2e-05,1e-05,[0.68794326 2.1920904  0.91725768],0.02,1.0,0.12878,1.92564,0.45455,0.44678,"[0.5, 0.42857, 0.41176]",84,0.24328,1.52662,0.45455,0.45584,"[0.46154, 0.46154, 0.44444]",63,COMPLETED,10.56
1626,20260103_183422,baseline_CASIAB_TOP70.csv,70%,Preset_34,TCN,42,256,"[320, 448, 576]","[1, 3, 5]",3,3,gelu,True,False,"[True, True, True]",attention,256.0,minmax,"[0.0, 0.1, 0.2]",56,AdamW,,2e-05,1e-06,[0.68794326 2.1920904  0.91725768],0.02,1.0,0.13095,1.90673,0.45455,0.33862,"[0.57143, 0.0, 0.44444]",249,0.14255,1.95596,0.47727,0.40575,"[0.5641, 0.16667, 0.48649]",241,COMPLETED,38.893
1627,20260103_183422,baseline_OUMVLP_TOP70.csv,70%,Preset_34,TCN,42,256,"[320, 448, 576]","[1, 3, 5]",3,3,gelu,True,False,"[True, True, True]",attention,256.0,minmax,"[0.0, 0.1, 0.2]",56,AdamW,,2e-05,1e-06,[0.68794326 2.1920904  0.91725768],0.02,1.0,0.13738,1.39492,0.5,0.42997,"[0.5, 0.14286, 0.64706]",239,0.13322,1.49278,0.56818,0.51018,"[0.51429, 0.33333, 0.68293]",236,COMPLETED,37.337
1628,20260103_183422,gaitgl_TOP70.csv,70%,Preset_34,TCN,42,128,"[320, 448, 576]","[1, 3, 5]",3,3,gelu,True,False,"[True, True, True]",attention,256.0,minmax,"[0.0, 0.1, 0.2]",56,AdamW,,2e-05,1e-06,[0.68794326 2.1920904  0.91725768],0.02,1.0,0.13081,2.18137,0.40909,0.37897,"[0.45, 0.23529, 0.45161]",108,0.22314,1.69448,0.5,0.45591,"[0.51282, 0.26667, 0.58824]",83,COMPLETED,20.682
1629,20260103_183422,gaitgl_GREW_TOP70.csv,70%,Preset_34,TCN,42,256,"[320, 448, 576]","[1, 3, 5]",3,3,gelu,True,False,"[True, True, True]",attention,256.0,minmax,"[0.0, 0.1, 0.2]",56,AdamW,,2e-05,1e-06,[0.68794326 2.1920904  0.91725768],0.02,1.0,0.13124,1.85456,0.5,0.33729,"[0.64151, 0.0, 0.37037]",119,0.59659,1.10146,0.47727,0.4581,"[0.48649, 0.4, 0.4878]",61,COMPLETED,23.55
1630,20260103_183422,gaitgl_GREW_BNNeck_TOP70.csv,70%,Preset_34,TCN,42,256,"[320, 448, 576]","[1, 3, 5]",3,3,gelu,True,False,"[True, True, True]",attention,256.0,minmax,"[0.0, 0.1, 0.2]",56,AdamW,,2e-05,1e-06,[0.68794326 2.1920904  0.91725768],0.02,1.0,0.13216,2.11865,0.45455,0.39238,"[0.57143, 0.28571, 0.32]",233,0.15888,2.07034,0.5,0.4596,"[0.54545, 0.33333, 0.5]",219,COMPLETED,45.989
1631,20260103_183422,gaitgl_OUMVLP_TOP70.csv,70%,Preset_34,TCN,42,256,"[320, 448, 576]","[1, 3, 5]",3,3,gelu,True,False,"[True, True, True]",attention,256.0,minmax,"[0.0, 0.1, 0.2]",56,AdamW,,2e-05,1e-06,[0.68794326 2.1920904  0.91725768],0.02,1.0,0.12961,1.94776,0.45455,0.33611,"[0.54167, 0.0, 0.46667]",393,0.19411,1.78336,0.54545,0.40669,"[0.57143, 0.0, 0.64865]",319,COMPLETED,77.711
1632,20260103_183422,gaitpart_GREW_TOP70.csv,70%,Preset_34,TCN,42,256,"[320, 448, 576]","[1, 3, 5]",3,3,gelu,True,False,"[True, True, True]",attention,256.0,minmax,"[0.0, 0.1, 0.2]",56,AdamW,,2e-05,1e-06,[0.68794326 2.1920904  0.91725768],0.02,1.0,0.12288,1.74979,0.5,0.44294,"[0.61224, 0.35294, 0.36364]",221,0.2179,1.36799,0.56818,0.48531,"[0.69231, 0.36364, 0.4]",161,COMPLETED,31.282
1633,20260103_183422,gaitpart_OUMVLP_TOP70.csv,70%,Preset_34,TCN,42,256,"[320, 448, 576]","[1, 3, 5]",3,3,gelu,True,False,"[True, True, True]",attention,256.0,minmax,"[0.0, 0.1, 0.2]",56,AdamW,,2e-05,1e-06,[0.68794326 2.1920904  0.91725768],0.02,1.0,0.13631,1.55046,0.5,0.44841,"[0.58333, 0.33333, 0.42857]",482,0.15915,1.28514,0.65909,0.64444,"[0.66667, 0.6, 0.66667]",427,COMPLETED,67.97
1634,20260103_183422,gaitset_TOP70.csv,70%,Preset_34,TCN,42,256,"[320, 448, 576]","[1, 3, 5]",3,3,gelu,True,False,"[True, True, True]",attention,256.0,minmax,"[0.0, 0.1, 0.2]",56,AdamW,,2e-05,1e-06,[0.68794326 2.1920904  0.91725768],0.02,1.0,0.13697,2.16905,0.38636,0.35379,"[0.45455, 0.22222, 0.38462]",223,0.47375,1.26675,0.56818,0.55938,"[0.52941, 0.53333, 0.61538]",104,COMPLETED,43.257
1635,20260103_183422,gaitset_GREW_TOP70.csv,70%,Preset_34,TCN,42,256,"[320, 448, 576]","[1, 3, 5]",3,3,gelu,True,False,"[True, True, True]",attention,256.0,minmax,"[0.0, 0.1, 0.2]",56,AdamW,,2e-05,1e-06,[0.68794326 2.1920904  0.91725768],0.02,1.0,0.13207,2.00728,0.43182,0.39766,"[0.52632, 0.2, 0.46667]",221,0.14335,1.90105,0.52273,0.48904,"[0.61538, 0.3, 0.55172]",208,COMPLETED,43.251
1636,20260103_183422,gaitset_OUMVLP_TOP70.csv,70%,Preset_34,TCN,42,256,"[320, 448, 576]","[1, 3, 5]",3,3,gelu,True,False,"[True, True, True]",attention,256.0,minmax,"[0.0, 0.1, 0.2]",56,AdamW,,2e-05,1e-06,[0.68794326 2.1920904  0.91725768],0.02,1.0,0.12438,1.5907,0.52273,0.43565,"[0.63636, 0.2, 0.47059]",555,0.44783,1.16626,0.63636,0.55659,"[0.73469, 0.36364, 0.57143]",266,COMPLETED,107.804
1637,20260103_183422,gln_phase1_TOP70.csv,70%,Preset_34,TCN,42,256,"[320, 448, 576]","[1, 3, 5]",3,3,gelu,True,False,"[True, True, True]",attention,256.0,minmax,"[0.0, 0.1, 0.2]",56,AdamW,,2e-05,1e-06,[0.68794326 2.1920904  0.91725768],0.02,1.0,0.13736,2.18817,0.52273,0.36463,"[0.69388, 0.0, 0.4]",216,0.13491,2.14251,0.54545,0.38183,"[0.69388, 0.0, 0.45161]",214,COMPLETED,50.503
1638,20260103_183422,gln_phase2_TOP70.csv,70%,Preset_34,TCN,42,256,"[320, 448, 576]","[1, 3, 5]",3,3,gelu,True,False,"[True, True, True]",attention,256.0,minmax,"[0.0, 0.1, 0.2]",56,AdamW,,2e-05,1e-06,[0.68794326 2.1920904  0.91725768],0.02,1.0,0.12281,1.71214,0.47727,0.40727,"[0.57895, 0.14286, 0.5]",201,0.34955,1.31707,0.61364,0.58801,"[0.64865, 0.5, 0.61538]",140,COMPLETED,47.007
