id,timestamp,target_embedding,source_params,model,seed,input_dim,num_blocks,channels,dilations,kernel_size,convs_per_block,activation,use_weight_norm,wn_on_skip,dropout,ln_block_end,pooling,fc_hidden,batch_size,optimizer,momentum_sgd,lr,weight_decay,norm,label_smoothing,clip_grad_norm,class_weights,train_loss,test_loss,accuracy,f1_macro,f1_per_class,best_accuracy,best_f1,best_f1_per_class,best_epoch,train_loss_best_state,test_loss_best_state,epochs_trained,training,duration_sec
170,20251206_013322,baseline_CASIAB.csv,Best_configs_v3,TCN,42,256,3,"[896, 768, 640]","[3, 6, 9]",2,2,leakyrelu,False,False,"[None, None, None]","[False, True, True]",attention,64,96,Adam,0.0,1e-05,2e-06,minmax,0.03,1.0,"[1.0, 3.1864, 1.3333]",0.1397720985498625,1.8112983703613281,0.4090909090909091,0.35789473684210527,"[0.4, 0.2, 0.47368421052631576]",0.6136363636363636,0.49984438219732336,"[0.7058823529411765, 0.2222222222222222, 0.5714285714285714]",105,0.6778199058218101,1.0195701122283936,496,STOPPED,72.45116069999494
171,20251206_013504,baseline_OUMVLP.csv,Best_configs_v3,TCN,42,256,3,"[896, 768, 640]","[3, 6, 9]",2,2,leakyrelu,False,False,"[None, None, None]","[False, True, True]",attention,64,96,Adam,0.0,1e-05,2e-06,minmax,0.03,1.0,"[1.0, 3.1864, 1.3333]",0.14132333915565432,1.6047953367233276,0.38636363636363635,0.3,"[0.5, 0.0, 0.4]",0.5,0.4505050505050505,"[0.48484848484848486, 0.26666666666666666, 0.6]",495,0.1431678797780853,1.733890175819397,742,STOPPED,101.19049670000095
172,20251206_013658,gaitgl.csv,Best_configs_v3,TCN,42,128,3,"[896, 768, 640]","[3, 6, 9]",2,2,leakyrelu,False,False,"[None, None, None]","[False, True, True]",attention,64,96,Adam,0.0,1e-05,2e-06,minmax,0.03,1.0,"[1.0, 3.1864, 1.3333]",0.14018969007374085,1.463541865348816,0.5,0.44677812608847095,"[0.5909090909090909, 0.26666666666666666, 0.4827586206896552]",0.5,0.4838709677419355,"[0.5789473684210527, 0.42105263157894735, 0.45161290322580644]",274,0.15240780532974557,1.6041117906570435,586,STOPPED,112.63583389999985
173,20251206_013843,gaitgl_GREW.csv,Best_configs_v3,TCN,42,256,3,"[896, 768, 640]","[3, 6, 9]",2,2,leakyrelu,False,False,"[None, None, None]","[False, True, True]",attention,64,96,Adam,0.0,1e-05,2e-06,minmax,0.03,1.0,"[1.0, 3.1864, 1.3333]",0.1395924754978455,1.4404720067977905,0.4090909090909091,0.35266955266955263,"[0.47619047619047616, 0.18181818181818182, 0.4]",0.5227272727272727,0.44353105523318287,"[0.5957446808510638, 0.25, 0.48484848484848486]",296,0.1582707232728447,1.3619023561477661,505,STOPPED,103.90747720000218
174,20251206_014237,gaitgl_GREW_BNNeck.csv,Best_configs_v3,TCN,42,256,3,"[896, 768, 640]","[3, 6, 9]",2,2,leakyrelu,False,False,"[None, None, None]","[False, True, True]",attention,64,96,Adam,0.0,1e-05,2e-06,minmax,0.03,1.0,"[1.0, 3.1864, 1.3333]",0.14302441815740055,1.5358256101608276,0.4772727272727273,0.36830520909757886,"[0.5531914893617021, 0.0, 0.5517241379310345]",0.5227272727272727,0.4956043956043956,"[0.5714285714285714, 0.3, 0.6153846153846154]",838,0.15282058470027962,1.669999599456787,1147,STOPPED,232.7157309000031
175,20251206_014647,gaitgl_OUMVLP.csv,Best_configs_v3,TCN,42,256,3,"[896, 768, 640]","[3, 6, 9]",2,2,leakyrelu,False,False,"[None, None, None]","[False, True, True]",attention,64,96,Adam,0.0,1e-05,2e-06,minmax,0.03,1.0,"[1.0, 3.1864, 1.3333]",0.14809550805804655,1.7979004383087158,0.36363636363636365,0.2661396574440053,"[0.43478260869565216, 0.0, 0.36363636363636365]",0.5227272727272727,0.36792452830188677,"[0.6037735849056604, 0.0, 0.5]",299,0.38877034678901595,1.679046630859375,1228,STOPPED,249.10283669999626
176,20251206_014759,gaitpart_GREW.csv,Best_configs_v3,TCN,42,256,3,"[896, 768, 640]","[3, 6, 9]",2,2,leakyrelu,False,False,"[None, None, None]","[False, True, True]",attention,64,96,Adam,0.0,1e-05,2e-06,minmax,0.03,1.0,"[1.0, 3.1864, 1.3333]",0.14010411347310567,1.3891733884811401,0.4318181818181818,0.41394663128409254,"[0.4117647058823529, 0.3157894736842105, 0.5142857142857142]",0.5681818181818182,0.5517948717948719,"[0.64, 0.6153846153846154, 0.4]",167,0.36354577602799404,1.1631900072097778,705,STOPPED,70.99205739999888
177,20251206_014925,gaitpart_OUMVLP.csv,Best_configs_v3,TCN,42,256,3,"[896, 768, 640]","[3, 6, 9]",2,2,leakyrelu,False,False,"[None, None, None]","[False, True, True]",attention,64,96,Adam,0.0,1e-05,2e-06,minmax,0.03,1.0,"[1.0, 3.1864, 1.3333]",0.32203651503803804,1.8048747777938843,0.4318181818181818,0.3965885541208354,"[0.4878048780487805, 0.23529411764705882, 0.4666666666666667]",0.5681818181818182,0.47444444444444445,"[0.5333333333333333, 0.25, 0.64]",766,0.3028379159489858,1.4946233034133911,844,STOPPED,85.309757300005
178,20251206_015157,gaitset.csv,Best_configs_v3,TCN,42,256,3,"[896, 768, 640]","[3, 6, 9]",2,2,leakyrelu,False,False,"[None, None, None]","[False, True, True]",attention,64,96,Adam,0.0,1e-05,2e-06,minmax,0.03,1.0,"[1.0, 3.1864, 1.3333]",0.1407807443252544,1.3337024450302124,0.5227272727272727,0.4901411083076348,"[0.5853658536585366, 0.3333333333333333, 0.5517241379310345]",0.5227272727272727,0.5052366987850859,"[0.5714285714285714, 0.36363636363636365, 0.5806451612903226]",619,0.14030176070854836,1.387113094329834,760,STOPPED,150.56393100000423
179,20251206_015515,gaitset_GREW.csv,Best_configs_v3,TCN,42,256,3,"[896, 768, 640]","[3, 6, 9]",2,2,leakyrelu,False,False,"[None, None, None]","[False, True, True]",attention,64,96,Adam,0.0,1e-05,2e-06,minmax,0.03,1.0,"[1.0, 3.1864, 1.3333]",0.1402716479196991,1.4899417161941528,0.5,0.36606212215968315,"[0.5853658536585366, 0.0, 0.5128205128205128]",0.6136363636363636,0.5870870870870871,"[0.6666666666666666, 0.5, 0.5945945945945946]",430,0.16205360840276345,1.4564270973205566,863,STOPPED,196.63240919999953
180,20251206_020033,gaitset_OUMVLP.csv,Best_configs_v3,TCN,42,256,3,"[896, 768, 640]","[3, 6, 9]",2,2,leakyrelu,False,False,"[None, None, None]","[False, True, True]",attention,64,96,Adam,0.0,1e-05,2e-06,minmax,0.03,1.0,"[1.0, 3.1864, 1.3333]",0.2648479680425113,1.7636524438858032,0.38636363636363635,0.34007936507936504,"[0.42857142857142855, 0.125, 0.4666666666666667]",0.5,0.4763340724316334,"[0.5853658536585366, 0.36363636363636365, 0.48]",316,0.6458981971150821,1.3706415891647339,1268,STOPPED,317.51890149999963
181,20251206_020801,gln_phase1.csv,Best_configs_v3,TCN,42,256,3,"[896, 768, 640]","[3, 6, 9]",2,2,leakyrelu,False,False,"[None, None, None]","[False, True, True]",attention,64,96,Adam,0.0,1e-05,2e-06,minmax,0.03,1.0,"[1.0, 3.1864, 1.3333]",0.14147683017954385,1.770725131034851,0.4318181818181818,0.44172601591956423,"[0.45714285714285713, 0.3225806451612903, 0.5454545454545454]",0.6818181818181818,0.6557885763000852,"[0.7391304347826086, 0.5882352941176471, 0.64]",354,0.33029338072255715,1.146454930305481,1307,STOPPED,445.770517500001
182,20251206_021205,gln_phase2.csv,Best_configs_v3,TCN,42,256,3,"[896, 768, 640]","[3, 6, 9]",2,2,leakyrelu,False,False,"[None, None, None]","[False, True, True]",attention,64,96,Adam,0.0,1e-05,2e-06,minmax,0.03,1.0,"[1.0, 3.1864, 1.3333]",0.1408217094608189,1.4955055713653564,0.4772727272727273,0.44968293355390127,"[0.5641025641025641, 0.3333333333333333, 0.45161290322580644]",0.5227272727272727,0.5053763440860215,"[0.5789473684210527, 0.42105263157894735, 0.5161290322580645]",524,0.14458300618781256,1.5057311058044434,708,STOPPED,242.2894701000041
27,20251206_021517,baseline_CASIAB.csv,Best_configs_v3,TCN,42,256,3,"[896, 768, 640]","[3, 6, 9]",2,2,leakyrelu,False,False,"[None, None, None]","[False, True, True]",attention,64,96,Adam,0.0,1e-05,2e-06,minmax,0.03,1.0,"[1.0, 3.1864, 1.3333]",0.1455238098182629,1.7129038572311401,0.45454545454545453,0.4481481481481482,"[0.5, 0.4444444444444444, 0.4]",0.5454545454545454,0.5126628604889475,"[0.6086956521739131, 0.4444444444444444, 0.48484848484848486]",510,0.17937262125850953,1.6423988342285156,1097,STOPPED,191.2898539999951
28,20251206_021730,baseline_OUMVLP.csv,Best_configs_v3,TCN,42,256,3,"[896, 768, 640]","[3, 6, 9]",2,2,leakyrelu,False,False,"[None, None, None]","[False, True, True]",attention,64,96,Adam,0.0,1e-05,2e-06,minmax,0.03,1.0,"[1.0, 3.1864, 1.3333]",0.14082795151115693,1.7222275733947754,0.4318181818181818,0.40015479876160986,"[0.42105263157894735, 0.25, 0.5294117647058824]",0.5909090909090909,0.5385562946538557,"[0.5853658536585366, 0.36363636363636365, 0.6666666666666666]",392,0.18273025966182196,1.6037070751190186,755,STOPPED,131.9424192000006
29,20251206_022103,gaitgl.csv,Best_configs_v3,TCN,42,128,3,"[896, 768, 640]","[3, 6, 9]",2,2,leakyrelu,False,False,"[None, None, None]","[False, True, True]",attention,64,96,Adam,0.0,1e-05,2e-06,minmax,0.03,1.0,"[1.0, 3.1864, 1.3333]",0.13956951657214114,1.888068437576294,0.4090909090909091,0.35701754385964907,"[0.45, 0.2, 0.42105263157894735]",0.5,0.4517961570593149,"[0.45714285714285713, 0.26666666666666666, 0.631578947368421]",350,0.21813537103613628,1.744171142578125,868,STOPPED,212.44130279999808
30,20251206_022242,gaitgl_GREW.csv,Best_configs_v3,TCN,42,256,3,"[896, 768, 640]","[3, 6, 9]",2,2,leakyrelu,False,False,"[None, None, None]","[False, True, True]",attention,64,96,Adam,0.0,1e-05,2e-06,minmax,0.03,1.0,"[1.0, 3.1864, 1.3333]",0.13990487742055321,1.2576183080673218,0.5,0.4399355877616747,"[0.6086956521739131, 0.26666666666666666, 0.4444444444444444]",0.5681818181818182,0.4961811238406983,"[0.6808510638297872, 0.3076923076923077, 0.5]",221,0.1409444495574715,1.2450242042541504,381,STOPPED,97.7500868000061
31,20251206_022854,gaitgl_GREW_BNNeck.csv,Best_configs_v3,TCN,42,256,3,"[896, 768, 640]","[3, 6, 9]",2,2,leakyrelu,False,False,"[None, None, None]","[False, True, True]",attention,64,96,Adam,0.0,1e-05,2e-06,minmax,0.03,1.0,"[1.0, 3.1864, 1.3333]",0.14274031576729312,1.971964716911316,0.4090909090909091,0.35475020475020475,"[0.43243243243243246, 0.18181818181818182, 0.45]",0.5454545454545454,0.5111111111111111,"[0.5142857142857142, 0.3333333333333333, 0.6857142857142857]",570,0.3370306261421479,1.9783657789230347,1448,STOPPED,370.3230027999962
32,20251206_023326,gaitgl_OUMVLP.csv,Best_configs_v3,TCN,42,256,3,"[896, 768, 640]","[3, 6, 9]",2,2,leakyrelu,False,False,"[None, None, None]","[False, True, True]",attention,64,96,Adam,0.0,1e-05,2e-06,minmax,0.03,1.0,"[1.0, 3.1864, 1.3333]",0.2819531750433224,2.431049108505249,0.4090909090909091,0.3513270355375619,"[0.3333333333333333, 0.10526315789473684, 0.6153846153846154]",0.45454545454545453,0.4136864136864136,"[0.42424242424242425, 0.2222222222222222, 0.5945945945945946]",538,0.35935009509017785,2.008687734603882,1053,STOPPED,270.7547134999986
33,20251206_023451,gaitpart_GREW.csv,Best_configs_v3,TCN,42,256,3,"[896, 768, 640]","[3, 6, 9]",2,2,leakyrelu,False,False,"[None, None, None]","[False, True, True]",attention,64,96,Adam,0.0,1e-05,2e-06,minmax,0.03,1.0,"[1.0, 3.1864, 1.3333]",0.14031750516793162,1.4951858520507812,0.5454545454545454,0.5167919799498747,"[0.5714285714285714, 0.4, 0.5789473684210527]",0.6818181818181818,0.6647169186623993,"[0.7317073170731707, 0.6153846153846154, 0.6470588235294118]",189,0.39310350737620875,0.9946843981742859,670,STOPPED,84.8095186999999
34,20251206_023805,gaitpart_OUMVLP.csv,Best_configs_v3,TCN,42,256,3,"[896, 768, 640]","[3, 6, 9]",2,2,leakyrelu,False,False,"[None, None, None]","[False, True, True]",attention,64,96,Adam,0.0,1e-05,2e-06,minmax,0.03,1.0,"[1.0, 3.1864, 1.3333]",0.14272198203912714,1.908524751663208,0.36363636363636365,0.33370976849237716,"[0.45454545454545453, 0.2608695652173913, 0.2857142857142857]",0.5909090909090909,0.5335722819593788,"[0.6222222222222222, 0.3333333333333333, 0.6451612903225806]",1232,0.14744389087883467,1.356976866722107,1535,STOPPED,193.37078089999704
35,20251206_024116,gaitset.csv,Best_configs_v3,TCN,42,256,3,"[896, 768, 640]","[3, 6, 9]",2,2,leakyrelu,False,False,"[None, None, None]","[False, True, True]",attention,64,96,Adam,0.0,1e-05,2e-06,minmax,0.03,1.0,"[1.0, 3.1864, 1.3333]",0.14047118499106967,1.5201267004013062,0.4772727272727273,0.43969871125043536,"[0.5416666666666666, 0.36363636363636365, 0.41379310344827586]",0.5227272727272727,0.5207616133282332,"[0.5652173913043478, 0.5454545454545454, 0.45161290322580644]",521,0.14110458926441743,1.517689824104309,760,STOPPED,189.99792520000483
36,20251206_024526,gaitset_GREW.csv,Best_configs_v3,TCN,42,256,3,"[896, 768, 640]","[3, 6, 9]",2,2,leakyrelu,False,False,"[None, None, None]","[False, True, True]",attention,64,96,Adam,0.0,1e-05,2e-06,minmax,0.03,1.0,"[1.0, 3.1864, 1.3333]",0.13976752673535003,1.8270668983459473,0.4318181818181818,0.3705381339527681,"[0.4878048780487805, 0.16666666666666666, 0.45714285714285713]",0.5,0.46645021645021645,"[0.6190476190476191, 0.36363636363636365, 0.4166666666666667]",263,0.2392576803866121,1.6656479835510254,993,STOPPED,248.81308170000557
37,20251206_024808,gaitset_OUMVLP.csv,Best_configs_v3,TCN,42,256,3,"[896, 768, 640]","[3, 6, 9]",2,2,leakyrelu,False,False,"[None, None, None]","[False, True, True]",attention,64,96,Adam,0.0,1e-05,2e-06,minmax,0.03,1.0,"[1.0, 3.1864, 1.3333]",0.4383235632144299,1.3977196216583252,0.4318181818181818,0.3906746031746032,"[0.5142857142857142, 0.09523809523809523, 0.5625]",0.6136363636363636,0.5797773654916512,"[0.6938775510204082, 0.5454545454545454, 0.5]",274,0.6833912121880915,1.15277099609375,643,STOPPED,160.26352680000127
38,20251206_025543,gln_phase1.csv,Best_configs_v3,TCN,42,256,3,"[896, 768, 640]","[3, 6, 9]",2,2,leakyrelu,False,False,"[None, None, None]","[False, True, True]",attention,64,96,Adam,0.0,1e-05,2e-06,minmax,0.03,1.0,"[1.0, 3.1864, 1.3333]",0.13984557924811372,1.2980824708938599,0.5681818181818182,0.5416666666666666,"[0.625, 0.5, 0.5]",0.6818181818181818,0.6696598639455783,"[0.7346938775510204, 0.7142857142857143, 0.56]",508,0.17172491197119055,1.1039550304412842,1329,STOPPED,453.6061558000001
39,20251206_030142,gln_phase2.csv,Best_configs_v3,TCN,42,256,3,"[896, 768, 640]","[3, 6, 9]",2,2,leakyrelu,False,False,"[None, None, None]","[False, True, True]",attention,64,96,Adam,0.0,1e-05,2e-06,minmax,0.03,1.0,"[1.0, 3.1864, 1.3333]",0.141114072240505,1.3265477418899536,0.5681818181818182,0.40613026819923376,"[0.6666666666666666, 0.0, 0.5517241379310345]",0.6590909090909091,0.5993130227001194,"[0.7083333333333334, 0.4444444444444444, 0.6451612903225806]",479,0.1876008481401758,1.1544238328933716,1049,STOPPED,356.70488870000554
365,20251206_030231,baseline_CASIAB.csv,Best_configs_v3,TCN,42,256,4,"[256, 256, 384, 384]","[1, 2, 2, 4]",7,3,gelu,True,True,"[0.1, 0.1, 0.2, 0.2]","[True, True, True, True]",last,256,96,AdamW,0.0,0.0002,5e-05,L2,0.03,1.0,"[1.0, 3.1864, 1.3333]",0.13991337523017963,1.9462507963180542,0.5227272727272727,0.4285349993624889,"[0.6521739130434783, 0.18181818181818182, 0.45161290322580644]",0.5227272727272727,0.44463462178481433,"[0.5263157894736842, 0.2222222222222222, 0.5853658536585366]",46,0.33835568255984905,1.8328179121017456,319,STOPPED,48.32660010000109
366,20251206_030321,baseline_OUMVLP.csv,Best_configs_v3,TCN,42,256,4,"[256, 256, 384, 384]","[1, 2, 2, 4]",7,3,gelu,True,True,"[0.1, 0.1, 0.2, 0.2]","[True, True, True, True]",last,256,96,AdamW,0.0,0.0002,5e-05,L2,0.03,1.0,"[1.0, 3.1864, 1.3333]",0.1397494492457085,1.7510555982589722,0.5681818181818182,0.4807664807664807,"[0.5714285714285714, 0.2222222222222222, 0.6486486486486487]",0.6363636363636364,0.5318690783807063,"[0.6511627906976745, 0.2222222222222222, 0.7222222222222222]",142,0.14022284715446,1.5226346254348755,328,STOPPED,49.45350000000326
367,20251206_030406,gaitgl.csv,Best_configs_v3,TCN,42,128,4,"[256, 256, 384, 384]","[1, 2, 2, 4]",7,3,gelu,True,True,"[0.1, 0.1, 0.2, 0.2]","[True, True, True, True]",last,256,96,AdamW,0.0,0.0002,5e-05,L2,0.03,1.0,"[1.0, 3.1864, 1.3333]",0.14012944183706008,2.0717666149139404,0.45454545454545453,0.3864130434782609,"[0.5217391304347826, 0.2, 0.4375]",0.5,0.4293466580700624,"[0.5531914893617021, 0.25, 0.48484848484848486]",43,0.1408960389875874,2.074162244796753,212,STOPPED,44.08884620000026
368,20251206_030503,gaitgl_GREW.csv,Best_configs_v3,TCN,42,256,4,"[256, 256, 384, 384]","[1, 2, 2, 4]",7,3,gelu,True,True,"[0.1, 0.1, 0.2, 0.2]","[True, True, True, True]",last,256,96,AdamW,0.0,0.0002,5e-05,L2,0.03,1.0,"[1.0, 3.1864, 1.3333]",0.1398982848088766,1.5455138683319092,0.5681818181818182,0.4583333333333333,"[0.7083333333333334, 0.16666666666666666, 0.5]",0.6136363636363636,0.5321937321937322,"[0.7555555555555555, 0.3076923076923077, 0.5333333333333333]",113,0.139733916244556,1.4668790102005005,254,STOPPED,55.16090619999886
369,20251206_030558,gaitgl_GREW_BNNeck.csv,Best_configs_v3,TCN,42,256,4,"[256, 256, 384, 384]","[1, 2, 2, 4]",7,3,gelu,True,True,"[0.1, 0.1, 0.2, 0.2]","[True, True, True, True]",last,256,96,AdamW,0.0,0.0002,5e-05,L2,0.03,1.0,"[1.0, 3.1864, 1.3333]",0.13983488190419896,2.1691322326660156,0.5,0.4140422457393005,"[0.6086956521739131, 0.18181818181818182, 0.45161290322580644]",0.5,0.4474206349206349,"[0.6190476190476191, 0.2857142857142857, 0.4375]",30,0.17814549312149128,1.9848511219024658,251,STOPPED,54.474346199996944
370,20251206_030714,gaitgl_OUMVLP.csv,Best_configs_v3,TCN,42,256,4,"[256, 256, 384, 384]","[1, 2, 2, 4]",7,3,gelu,True,True,"[0.1, 0.1, 0.2, 0.2]","[True, True, True, True]",last,256,96,AdamW,0.0,0.0002,5e-05,L2,0.03,1.0,"[1.0, 3.1864, 1.3333]",0.1404669189576021,2.536811113357544,0.36363636363636365,0.2669471715755026,"[0.4782608695652174, 0.0, 0.3225806451612903]",0.5227272727272727,0.4706122116246841,"[0.5957446808510638, 0.3333333333333333, 0.4827586206896552]",139,0.14938825353519203,1.9927500486373901,341,STOPPED,73.88836830000218
371,20251206_030801,gaitpart_GREW.csv,Best_configs_v3,TCN,42,256,4,"[256, 256, 384, 384]","[1, 2, 2, 4]",7,3,gelu,True,True,"[0.1, 0.1, 0.2, 0.2]","[True, True, True, True]",last,256,96,AdamW,0.0,0.0002,5e-05,L2,0.03,1.0,"[1.0, 3.1864, 1.3333]",0.13966862258222915,2.1807146072387695,0.4772727272727273,0.42849002849002843,"[0.5777777777777777, 0.3076923076923077, 0.4]",0.5454545454545454,0.5074074074074074,"[0.6222222222222222, 0.4, 0.5]",191,0.14050902149726435,1.8822191953659058,381,STOPPED,46.734519899997395
372,20251206_030912,gaitpart_OUMVLP.csv,Best_configs_v3,TCN,42,256,4,"[256, 256, 384, 384]","[1, 2, 2, 4]",7,3,gelu,True,True,"[0.1, 0.1, 0.2, 0.2]","[True, True, True, True]",last,256,96,AdamW,0.0,0.0002,5e-05,L2,0.03,1.0,"[1.0, 3.1864, 1.3333]",0.16595059095584241,1.7120052576065063,0.6136363636363636,0.5619047619047618,"[0.6190476190476191, 0.4, 0.6666666666666666]",0.6363636363636364,0.6222222222222222,"[0.6285714285714286, 0.5714285714285714, 0.6666666666666666]",412,0.1408402545704055,1.7341632843017578,579,STOPPED,70.89200320000236
373,20251206_031016,gaitset.csv,Best_configs_v3,TCN,42,256,4,"[256, 256, 384, 384]","[1, 2, 2, 4]",7,3,gelu,True,True,"[0.1, 0.1, 0.2, 0.2]","[True, True, True, True]",last,256,96,AdamW,0.0,0.0002,5e-05,L2,0.03,1.0,"[1.0, 3.1864, 1.3333]",0.13991936741723227,2.0743470191955566,0.4772727272727273,0.3995169082125603,"[0.5652173913043478, 0.16666666666666666, 0.4666666666666667]",0.45454545454545453,0.44778184778184776,"[0.38461538461538464, 0.4444444444444444, 0.5142857142857142]",18,0.5374687203426951,1.427802324295044,294,STOPPED,62.37179479999759
374,20251206_031135,gaitset_GREW.csv,Best_configs_v3,TCN,42,256,4,"[256, 256, 384, 384]","[1, 2, 2, 4]",7,3,gelu,True,True,"[0.1, 0.1, 0.2, 0.2]","[True, True, True, True]",last,256,96,AdamW,0.0,0.0002,5e-05,L2,0.03,1.0,"[1.0, 3.1864, 1.3333]",0.14001246948832088,2.270822048187256,0.4318181818181818,0.3561143348377391,"[0.5531914893617021, 0.18181818181818182, 0.3333333333333333]",0.5227272727272727,0.4618081030406782,"[0.6382978723404256, 0.3333333333333333, 0.41379310344827586]",75,0.14217161894151845,1.945956826210022,367,STOPPED,78.13097130000097
375,20251206_031333,gaitset_OUMVLP.csv,Best_configs_v3,TCN,42,256,4,"[256, 256, 384, 384]","[1, 2, 2, 4]",7,3,gelu,True,True,"[0.1, 0.1, 0.2, 0.2]","[True, True, True, True]",last,256,96,AdamW,0.0,0.0002,5e-05,L2,0.03,1.0,"[1.0, 3.1864, 1.3333]",0.1399804350641585,1.9392318725585938,0.5454545454545454,0.47237160003117445,"[0.6808510638297872, 0.3076923076923077, 0.42857142857142855]",0.6136363636363636,0.5863733407593057,"[0.7142857142857143, 0.5263157894736842, 0.5185185185185185]",458,0.14322079295657344,1.8629451990127563,543,STOPPED,115.87305709999782
376,20251206_031437,gln_phase1.csv,Best_configs_v3,TCN,42,256,4,"[256, 256, 384, 384]","[1, 2, 2, 4]",7,3,gelu,True,True,"[0.1, 0.1, 0.2, 0.2]","[True, True, True, True]",last,256,96,AdamW,0.0,0.0002,5e-05,L2,0.03,1.0,"[1.0, 3.1864, 1.3333]",0.14036866515567623,1.6149284839630127,0.5909090909090909,0.48380952380952386,"[0.68, 0.2, 0.5714285714285714]",0.5454545454545454,0.5132993774759479,"[0.5789473684210527, 0.3157894736842105, 0.6451612903225806]",61,0.194162979722023,1.6371276378631592,221,STOPPED,62.99457850000181
377,20251206_031600,gln_phase2.csv,Best_configs_v3,TCN,42,256,4,"[256, 256, 384, 384]","[1, 2, 2, 4]",7,3,gelu,True,True,"[0.1, 0.1, 0.2, 0.2]","[True, True, True, True]",last,256,96,AdamW,0.0,0.0002,5e-05,L2,0.03,1.0,"[1.0, 3.1864, 1.3333]",0.13986915319236284,1.4846035242080688,0.5681818181818182,0.49319467250501736,"[0.7111111111111111, 0.2857142857142857, 0.4827586206896552]",0.5909090909090909,0.5173789173789173,"[0.7111111111111111, 0.3076923076923077, 0.5333333333333333]",265,0.14002952885996436,1.4904171228408813,285,STOPPED,81.43194179999409
573,20251206_031732,baseline_CASIAB.csv,Best_configs_v3,TCN,42,256,4,"[384, 512, 512, 512]","[1, 2, 4, 8]",5,3,gelu,True,True,"[None, 0.05, 0.1, 0.1]","[True, True, True, True]",max,512,96,AdamW,0.0,0.00015,1e-05,minmax,0.03,1.0,"[1.0, 3.1864, 1.3333]",0.14283748278298328,1.3298648595809937,0.5454545454545454,0.43542087542087543,"[0.68, 0.18181818181818182, 0.4444444444444444]",0.5681818181818182,0.51814230153283,"[0.6382978723404256, 0.4, 0.5161290322580645]",368,0.14331302200396037,1.2957416772842407,443,STOPPED,91.13845820000279
574,20251206_031906,baseline_OUMVLP.csv,Best_configs_v3,TCN,42,256,4,"[384, 512, 512, 512]","[1, 2, 4, 8]",5,3,gelu,True,True,"[None, 0.05, 0.1, 0.1]","[True, True, True, True]",max,512,96,AdamW,0.0,0.00015,1e-05,minmax,0.03,1.0,"[1.0, 3.1864, 1.3333]",0.14161422741167323,1.1496526002883911,0.5909090909090909,0.49348558044210217,"[0.6521739130434783, 0.2222222222222222, 0.6060606060606061]",0.6136363636363636,0.5449580174451781,"[0.6808510638297872, 0.3333333333333333, 0.6206896551724138]",317,0.141721853275889,1.1130905151367188,451,STOPPED,92.59035800000129
575,20251206_032045,gaitgl.csv,Best_configs_v3,TCN,42,128,4,"[384, 512, 512, 512]","[1, 2, 4, 8]",5,3,gelu,True,True,"[None, 0.05, 0.1, 0.1]","[True, True, True, True]",max,512,96,AdamW,0.0,0.00015,1e-05,minmax,0.03,1.0,"[1.0, 3.1864, 1.3333]",0.14199105212368915,1.2514551877975464,0.45454545454545453,0.3888888888888889,"[0.5, 0.18181818181818182, 0.48484848484848486]",0.5227272727272727,0.4846849057375373,"[0.5263157894736842, 0.36363636363636365, 0.5641025641025641]",110,0.14667833028073163,1.3855812549591064,329,STOPPED,98.38953449999826
576,20251206_032327,gaitgl_GREW.csv,Best_configs_v3,TCN,42,256,4,"[384, 512, 512, 512]","[1, 2, 4, 8]",5,3,gelu,True,True,"[None, 0.05, 0.1, 0.1]","[True, True, True, True]",max,512,96,AdamW,0.0,0.00015,1e-05,minmax,0.03,1.0,"[1.0, 3.1864, 1.3333]",0.14060326550424712,1.0291858911514282,0.5454545454545454,0.45593348450491306,"[0.6122448979591837, 0.2222222222222222, 0.5333333333333333]",0.6590909090909091,0.6326118326118325,"[0.6666666666666666, 0.5454545454545454, 0.6857142857142857]",128,0.14253183154715704,1.0013344287872314,518,STOPPED,160.51082270000188
577,20251206_032617,gaitgl_GREW_BNNeck.csv,Best_configs_v3,TCN,42,256,4,"[384, 512, 512, 512]","[1, 2, 4, 8]",5,3,gelu,True,True,"[None, 0.05, 0.1, 0.1]","[True, True, True, True]",max,512,96,AdamW,0.0,0.00015,1e-05,minmax,0.03,1.0,"[1.0, 3.1864, 1.3333]",0.14406183991850036,1.3266643285751343,0.4090909090909091,0.3529040404040404,"[0.45454545454545453, 0.16666666666666666, 0.4375]",0.5,0.4815544608648057,"[0.5333333333333333, 0.42857142857142855, 0.4827586206896552]",305,0.1420236318228171,1.356330156326294,543,STOPPED,168.98587930000213
578,20251206_032926,gaitgl_OUMVLP.csv,Best_configs_v3,TCN,42,256,4,"[384, 512, 512, 512]","[1, 2, 4, 8]",5,3,gelu,True,True,"[None, 0.05, 0.1, 0.1]","[True, True, True, True]",max,512,96,AdamW,0.0,0.00015,1e-05,minmax,0.03,1.0,"[1.0, 3.1864, 1.3333]",0.14148401154070786,1.1927233934402466,0.5,0.4159700452803901,"[0.5833333333333334, 0.18181818181818182, 0.4827586206896552]",0.5681818181818182,0.5333333333333333,"[0.6, 0.375, 0.625]",281,0.1551990207937575,1.1225571632385254,601,STOPPED,187.07240780000575
579,20251206_033051,gaitpart_GREW.csv,Best_configs_v3,TCN,42,256,4,"[384, 512, 512, 512]","[1, 2, 4, 8]",5,3,gelu,True,True,"[None, 0.05, 0.1, 0.1]","[True, True, True, True]",max,512,96,AdamW,0.0,0.00015,1e-05,minmax,0.03,1.0,"[1.0, 3.1864, 1.3333]",0.139829253720254,1.6673465967178345,0.45454545454545453,0.446408448436846,"[0.5238095238095238, 0.47058823529411764, 0.3448275862068966]",0.5681818181818182,0.5443898890707403,"[0.6382978723404256, 0.5333333333333333, 0.46153846153846156]",170,0.16413107299313104,1.359340786933899,533,STOPPED,84.46924500000023
580,20251206_033237,gaitpart_OUMVLP.csv,Best_configs_v3,TCN,42,256,4,"[384, 512, 512, 512]","[1, 2, 4, 8]",5,3,gelu,True,True,"[None, 0.05, 0.1, 0.1]","[True, True, True, True]",max,512,96,AdamW,0.0,0.00015,1e-05,minmax,0.03,1.0,"[1.0, 3.1864, 1.3333]",0.13962949090397236,1.6718544960021973,0.4772727272727273,0.4115190365190365,"[0.5641025641025641, 0.125, 0.5454545454545454]",0.7045454545454546,0.5810767246937459,"[0.7659574468085106, 0.25, 0.7272727272727273]",205,0.324514130341638,1.3267725706100464,672,STOPPED,105.77799380000215
581,20251206_033546,gaitset.csv,Best_configs_v3,TCN,42,256,4,"[384, 512, 512, 512]","[1, 2, 4, 8]",5,3,gelu,True,True,"[None, 0.05, 0.1, 0.1]","[True, True, True, True]",max,512,96,AdamW,0.0,0.00015,1e-05,minmax,0.03,1.0,"[1.0, 3.1864, 1.3333]",0.14322016257600687,1.3363633155822754,0.36363636363636365,0.3218011563599799,"[0.41025641025641024, 0.11764705882352941, 0.4375]",0.5454545454545454,0.4975714592735869,"[0.5957446808510638, 0.36363636363636365, 0.5333333333333333]",343,0.1417333360799809,1.1832802295684814,618,STOPPED,187.9727012000003
582,20251206_033828,gaitset_GREW.csv,Best_configs_v3,TCN,42,256,4,"[384, 512, 512, 512]","[1, 2, 4, 8]",5,3,gelu,True,True,"[None, 0.05, 0.1, 0.1]","[True, True, True, True]",max,512,96,AdamW,0.0,0.00015,1e-05,minmax,0.03,1.0,"[1.0, 3.1864, 1.3333]",0.14075292838910192,1.2570286989212036,0.4318181818181818,0.3673987418607218,"[0.5365853658536586, 0.15384615384615385, 0.4117647058823529]",0.5454545454545454,0.4507246376811594,"[0.6521739130434783, 0.2, 0.5]",453,0.14004083960941158,1.2425481081008911,524,STOPPED,160.22574650000024
583,20251206_034242,gaitset_OUMVLP.csv,Best_configs_v3,TCN,42,256,4,"[384, 512, 512, 512]","[1, 2, 4, 8]",5,3,gelu,True,True,"[None, 0.05, 0.1, 0.1]","[True, True, True, True]",max,512,96,AdamW,0.0,0.00015,1e-05,minmax,0.03,1.0,"[1.0, 3.1864, 1.3333]",0.13976653258210606,1.3054813146591187,0.5454545454545454,0.4429951690821256,"[0.6956521739130435, 0.16666666666666666, 0.4666666666666667]",0.6363636363636364,0.5175026123301986,"[0.75, 0.18181818181818182, 0.6206896551724138]",651,0.14083370781436408,1.1406880617141724,831,STOPPED,253.07554390000587
584,20251206_034721,gln_phase1.csv,Best_configs_v3,TCN,42,256,4,"[384, 512, 512, 512]","[1, 2, 4, 8]",5,3,gelu,True,True,"[None, 0.05, 0.1, 0.1]","[True, True, True, True]",max,512,96,AdamW,0.0,0.00015,1e-05,minmax,0.03,1.0,"[1.0, 3.1864, 1.3333]",0.14972538140016733,1.4865005016326904,0.4318181818181818,0.2986111111111111,"[0.5833333333333334, 0.0, 0.3125]",0.5909090909090909,0.49984365228267674,"[0.6341463414634146, 0.25, 0.6153846153846154]",49,0.6920689393564597,1.0153683423995972,685,STOPPED,277.48665939999773
585,20251206_035101,gln_phase2.csv,Best_configs_v3,TCN,42,256,4,"[384, 512, 512, 512]","[1, 2, 4, 8]",5,3,gelu,True,True,"[None, 0.05, 0.1, 0.1]","[True, True, True, True]",max,512,96,AdamW,0.0,0.00015,1e-05,minmax,0.03,1.0,"[1.0, 3.1864, 1.3333]",0.1405086730866088,1.0783600807189941,0.5681818181818182,0.41651031894934337,"[0.6341463414634146, 0.0, 0.6153846153846154]",0.6818181818181818,0.667196608373079,"[0.6486486486486487, 0.5882352941176471, 0.7647058823529411]",175,0.14436374604701996,1.0700974464416504,536,STOPPED,217.62185260000115
872,20251206_035149,baseline_CASIAB.csv,Best_configs_v3,TCN,42,256,4,"[384, 384, 384, 512]","[1, 2, 3, 4]",7,2,gelu,True,False,"[0.1, 0.1, 0.1, 0.1]","[True, True, True, True]",attention,128,128,AdamW,0.0,0.0001,1e-05,L2,0.03,1.0,"[1.0, 3.1864, 1.3333]",0.1397899375441148,1.7075632810592651,0.5454545454545454,0.4966369251887441,"[0.6382978723404256, 0.4, 0.45161290322580644]",0.6136363636363636,0.5625985027580772,"[0.6808510638297872, 0.4444444444444444, 0.5625]",80,0.1455083331957306,1.6257015466690063,321,STOPPED,47.51371549999749
873,20251206_035235,baseline_OUMVLP.csv,Best_configs_v3,TCN,42,256,4,"[384, 384, 384, 512]","[1, 2, 3, 4]",7,2,gelu,True,False,"[0.1, 0.1, 0.1, 0.1]","[True, True, True, True]",attention,128,128,AdamW,0.0,0.0001,1e-05,L2,0.03,1.0,"[1.0, 3.1864, 1.3333]",0.13973000691723578,1.1339718103408813,0.6136363636363636,0.5548164572554817,"[0.6341463414634146, 0.36363636363636365, 0.6666666666666666]",0.7045454545454546,0.6590909090909091,"[0.7272727272727273, 0.5, 0.75]",232,0.14039865643093266,1.125950574874878,306,STOPPED,45.25981810000667
874,20251206_035352,gaitgl.csv,Best_configs_v3,TCN,42,128,4,"[384, 384, 384, 512]","[1, 2, 3, 4]",7,2,gelu,True,False,"[0.1, 0.1, 0.1, 0.1]","[True, True, True, True]",attention,128,128,AdamW,0.0,0.0001,1e-05,L2,0.03,1.0,"[1.0, 3.1864, 1.3333]",0.13961534463253217,1.808800458908081,0.4318181818181818,0.3116269073715882,"[0.5106382978723404, 0.0, 0.42424242424242425]",0.4772727272727273,0.4166666666666667,"[0.5833333333333334, 0.26666666666666666, 0.4]",21,0.4482223462198198,1.1809470653533936,363,STOPPED,76.21185149999656
875,20251206_035444,gaitgl_GREW.csv,Best_configs_v3,TCN,42,256,4,"[384, 384, 384, 512]","[1, 2, 3, 4]",7,2,gelu,True,False,"[0.1, 0.1, 0.1, 0.1]","[True, True, True, True]",attention,128,128,AdamW,0.0,0.0001,1e-05,L2,0.03,1.0,"[1.0, 3.1864, 1.3333]",0.14028402056890665,1.6640326976776123,0.5,0.45963804713804707,"[0.5777777777777777, 0.36363636363636365, 0.4375]",0.5227272727272727,0.4846849057375373,"[0.5641025641025641, 0.36363636363636365, 0.5263157894736842]",82,0.1449186566871466,1.7753535509109497,228,STOPPED,50.528461900001275
876,20251206_035604,gaitgl_GREW_BNNeck.csv,Best_configs_v3,TCN,42,256,4,"[384, 384, 384, 512]","[1, 2, 3, 4]",7,2,gelu,True,False,"[0.1, 0.1, 0.1, 0.1]","[True, True, True, True]",attention,128,128,AdamW,0.0,0.0001,1e-05,L2,0.03,1.0,"[1.0, 3.1864, 1.3333]",0.1395558837762813,1.849456787109375,0.4318181818181818,0.31532718489240225,"[0.5217391304347826, 0.0, 0.42424242424242425]",0.5,0.5151260504201681,"[0.45714285714285713, 0.5882352941176471, 0.5]",72,0.1642229603123419,1.7625985145568848,356,STOPPED,78.84245840000222
877,20251206_035737,gaitgl_OUMVLP.csv,Best_configs_v3,TCN,42,256,4,"[384, 384, 384, 512]","[1, 2, 3, 4]",7,2,gelu,True,False,"[0.1, 0.1, 0.1, 0.1]","[True, True, True, True]",attention,128,128,AdamW,0.0,0.0001,1e-05,L2,0.03,1.0,"[1.0, 3.1864, 1.3333]",0.13999291831992336,1.6095681190490723,0.5,0.4074261888663511,"[0.6274509803921569, 0.25, 0.3448275862068966]",0.5681818181818182,0.4835834896810507,"[0.6153846153846154, 0.25, 0.5853658536585366]",88,0.37392733484199364,1.4573315382003784,413,STOPPED,91.45402640000248
878,20251206_035824,gaitpart_GREW.csv,Best_configs_v3,TCN,42,256,4,"[384, 384, 384, 512]","[1, 2, 3, 4]",7,2,gelu,True,False,"[0.1, 0.1, 0.1, 0.1]","[True, True, True, True]",attention,128,128,AdamW,0.0,0.0001,1e-05,L2,0.03,1.0,"[1.0, 3.1864, 1.3333]",0.3703030914682703,2.841710329055786,0.3181818181818182,0.2661498708010336,"[0.0, 0.3333333333333333, 0.46511627906976744]",0.5454545454545454,0.5467559381476167,"[0.5853658536585366, 0.5882352941176471, 0.4666666666666667]",175,0.1403582666798965,1.9166131019592285,408,STOPPED,46.83585900000617
879,20251206_035917,gaitpart_OUMVLP.csv,Best_configs_v3,TCN,42,256,4,"[384, 384, 384, 512]","[1, 2, 3, 4]",7,2,gelu,True,False,"[0.1, 0.1, 0.1, 0.1]","[True, True, True, True]",attention,128,128,AdamW,0.0,0.0001,1e-05,L2,0.03,1.0,"[1.0, 3.1864, 1.3333]",0.1404875405516821,1.3776789903640747,0.5681818181818182,0.4653341929937674,"[0.6808510638297872, 0.18181818181818182, 0.5333333333333333]",0.6818181818181818,0.6275362318840579,"[0.782608695652174, 0.5, 0.6]",191,0.1814462097035241,1.344826102256775,452,STOPPED,51.71942310000304
880,20251206_040032,gaitset.csv,Best_configs_v3,TCN,42,256,4,"[384, 384, 384, 512]","[1, 2, 3, 4]",7,2,gelu,True,False,"[0.1, 0.1, 0.1, 0.1]","[True, True, True, True]",attention,128,128,AdamW,0.0,0.0001,1e-05,L2,0.03,1.0,"[1.0, 3.1864, 1.3333]",0.13975163211220318,2.02591872215271,0.45454545454545453,0.3695652173913044,"[0.6086956521739131, 0.16666666666666666, 0.3333333333333333]",0.45454545454545453,0.4183574879227054,"[0.5217391304347826, 0.3333333333333333, 0.4]",89,0.1439993844665203,2.024200201034546,337,STOPPED,73.60895940000046
881,20251206_040142,gaitset_GREW.csv,Best_configs_v3,TCN,42,256,4,"[384, 384, 384, 512]","[1, 2, 3, 4]",7,2,gelu,True,False,"[0.1, 0.1, 0.1, 0.1]","[True, True, True, True]",attention,128,128,AdamW,0.0,0.0001,1e-05,L2,0.03,1.0,"[1.0, 3.1864, 1.3333]",0.13989056024661997,1.8780697584152222,0.4318181818181818,0.3365841460365091,"[0.5581395348837209, 0.0, 0.45161290322580644]",0.5227272727272727,0.40952380952380957,"[0.6285714285714286, 0.0, 0.6]",126,0.1406738192764754,1.9544202089309692,317,STOPPED,69.22757389999606
882,20251206_040342,gaitset_OUMVLP.csv,Best_configs_v3,TCN,42,256,4,"[384, 384, 384, 512]","[1, 2, 3, 4]",7,2,gelu,True,False,"[0.1, 0.1, 0.1, 0.1]","[True, True, True, True]",attention,128,128,AdamW,0.0,0.0001,1e-05,L2,0.03,1.0,"[1.0, 3.1864, 1.3333]",0.13970858519224777,1.8086262941360474,0.5227272727272727,0.47078115682766847,"[0.6046511627906976, 0.3076923076923077, 0.5]",0.5909090909090909,0.5294117647058824,"[0.6666666666666666, 0.3333333333333333, 0.5882352941176471]",175,0.3830229925740625,1.407322645187378,543,STOPPED,118.69936510000116
883,20251206_040512,gln_phase1.csv,Best_configs_v3,TCN,42,256,4,"[384, 384, 384, 512]","[1, 2, 3, 4]",7,2,gelu,True,False,"[0.1, 0.1, 0.1, 0.1]","[True, True, True, True]",attention,128,128,AdamW,0.0,0.0001,1e-05,L2,0.03,1.0,"[1.0, 3.1864, 1.3333]",0.1405495773885668,1.6455157995224,0.5227272727272727,0.4652229490939168,"[0.6363636363636364, 0.3076923076923077, 0.45161290322580644]",0.5681818181818182,0.5259989053092501,"[0.6666666666666666, 0.42857142857142855, 0.4827586206896552]",136,0.13975599315977588,1.4742389917373657,288,STOPPED,88.12980409999727
884,20251206_040701,gln_phase2.csv,Best_configs_v3,TCN,42,256,4,"[384, 384, 384, 512]","[1, 2, 3, 4]",7,2,gelu,True,False,"[0.1, 0.1, 0.1, 0.1]","[True, True, True, True]",attention,128,128,AdamW,0.0,0.0001,1e-05,L2,0.03,1.0,"[1.0, 3.1864, 1.3333]",0.13951147255516544,1.0264878273010254,0.6590909090909091,0.5858585858585857,"[0.7272727272727273, 0.36363636363636365, 0.6666666666666666]",0.75,0.7226190476190476,"[0.8095238095238095, 0.625, 0.7333333333333333]",28,0.332796651677987,0.9005175232887268,351,STOPPED,107.50445330000366
742,20251206_040902,baseline_CASIAB.csv,Best_configs_v3,TCN,42,256,3,"[384, 512, 640]","[1, 2, 4]",7,2,gelu,True,True,"[0.05, 0.1, 0.1]","[True, True, True]",max,256,96,AdamW,0.0,0.0001,1e-05,minmax,0.03,1.0,"[1.0, 3.1864, 1.3333]",0.14078838478044137,1.3573704957962036,0.5454545454545454,0.4444444444444444,"[0.6666666666666666, 0.16666666666666666, 0.5]",0.5909090909090909,0.513888888888889,"[0.7083333333333334, 0.3333333333333333, 0.5]",411,0.14393538758926785,1.396369218826294,730,STOPPED,120.66660140000022
743,20251206_041035,baseline_OUMVLP.csv,Best_configs_v3,TCN,42,256,3,"[384, 512, 640]","[1, 2, 4]",7,2,gelu,True,True,"[0.05, 0.1, 0.1]","[True, True, True]",max,256,96,AdamW,0.0,0.0001,1e-05,minmax,0.03,1.0,"[1.0, 3.1864, 1.3333]",0.14073016118143022,1.4574737548828125,0.45454545454545453,0.39210526315789473,"[0.45, 0.2, 0.5263157894736842]",0.5454545454545454,0.5103933201494177,"[0.5365853658536586, 0.4, 0.5945945945945946]",412,0.14081717966143617,1.3898411989212036,557,STOPPED,91.93216609999945
744,20251206_041207,gaitgl.csv,Best_configs_v3,TCN,42,128,3,"[384, 512, 640]","[1, 2, 4]",7,2,gelu,True,True,"[0.05, 0.1, 0.1]","[True, True, True]",max,256,96,AdamW,0.0,0.0001,1e-05,minmax,0.03,1.0,"[1.0, 3.1864, 1.3333]",0.14052744332662562,1.2207545042037964,0.5,0.35983436853002065,"[0.5652173913043478, 0.0, 0.5142857142857142]",0.5227272727272727,0.4997198879551821,"[0.6, 0.42857142857142855, 0.47058823529411764]",43,0.15503707021167598,1.4227572679519653,396,STOPPED,90.56030429999373
745,20251206_041319,gaitgl_GREW.csv,Best_configs_v3,TCN,42,256,3,"[384, 512, 640]","[1, 2, 4]",7,2,gelu,True,True,"[0.05, 0.1, 0.1]","[True, True, True]",max,256,96,AdamW,0.0,0.0001,1e-05,minmax,0.03,1.0,"[1.0, 3.1864, 1.3333]",0.14124914696536114,1.1087216138839722,0.5,0.3546192670616634,"[0.6122448979591837, 0.0, 0.45161290322580644]",0.5454545454545454,0.5246117084826762,"[0.6222222222222222, 0.5, 0.45161290322580644]",62,0.14445574842777448,1.1253148317337036,296,STOPPED,70.66562160000467
746,20251206_041503,gaitgl_GREW_BNNeck.csv,Best_configs_v3,TCN,42,256,3,"[384, 512, 640]","[1, 2, 4]",7,2,gelu,True,True,"[0.05, 0.1, 0.1]","[True, True, True]",max,256,96,AdamW,0.0,0.0001,1e-05,minmax,0.03,1.0,"[1.0, 3.1864, 1.3333]",0.14148758244268672,1.63507080078125,0.4090909090909091,0.3514263514263514,"[0.47619047619047616, 0.15384615384615385, 0.42424242424242425]",0.5681818181818182,0.5228571428571428,"[0.64, 0.42857142857142855, 0.5]",181,0.1931574704106321,1.8878426551818848,434,STOPPED,103.26001169999654
747,20251206_041715,gaitgl_OUMVLP.csv,Best_configs_v3,TCN,42,256,3,"[384, 512, 640]","[1, 2, 4]",7,2,gelu,True,True,"[0.05, 0.1, 0.1]","[True, True, True]",max,256,96,AdamW,0.0,0.0001,1e-05,minmax,0.03,1.0,"[1.0, 3.1864, 1.3333]",0.1420123294456718,1.4311614036560059,0.5454545454545454,0.4579520697167756,"[0.6222222222222222, 0.2222222222222222, 0.5294117647058824]",0.6136363636363636,0.5027777777777778,"[0.7083333333333334, 0.2, 0.6]",280,0.14243135378532804,1.3263417482376099,548,STOPPED,130.5882838000034
748,20251206_041808,gaitpart_GREW.csv,Best_configs_v3,TCN,42,256,3,"[384, 512, 640]","[1, 2, 4]",7,2,gelu,True,True,"[0.05, 0.1, 0.1]","[True, True, True]",max,256,96,AdamW,0.0,0.0001,1e-05,minmax,0.03,1.0,"[1.0, 3.1864, 1.3333]",0.14006015666059612,1.4307750463485718,0.5,0.4714753331774609,"[0.5957446808510638, 0.46153846153846156, 0.35714285714285715]",0.5909090909090909,0.578798185941043,"[0.6530612244897959, 0.6666666666666666, 0.4166666666666667]",367,0.14070749620801395,1.3248984813690186,417,STOPPED,52.17123489999358
749,20251206_041940,gaitpart_OUMVLP.csv,Best_configs_v3,TCN,42,256,3,"[384, 512, 640]","[1, 2, 4]",7,2,gelu,True,True,"[0.05, 0.1, 0.1]","[True, True, True]",max,256,96,AdamW,0.0,0.0001,1e-05,minmax,0.03,1.0,"[1.0, 3.1864, 1.3333]",0.13965465328128068,1.5687741041183472,0.5,0.4262626262626263,"[0.6, 0.13333333333333333, 0.5454545454545454]",0.5909090909090909,0.5380568974771873,"[0.6956521739130435, 0.4, 0.5185185185185185]",119,0.5514495560188883,1.0520075559616089,732,STOPPED,91.30742109999846
750,20251206_042138,gaitset.csv,Best_configs_v3,TCN,42,256,3,"[384, 512, 640]","[1, 2, 4]",7,2,gelu,True,True,"[0.05, 0.1, 0.1]","[True, True, True]",max,256,96,AdamW,0.0,0.0001,1e-05,minmax,0.03,1.0,"[1.0, 3.1864, 1.3333]",0.1411952586825361,1.2531814575195312,0.4772727272727273,0.3534361851332399,"[0.6086956521739131, 0.0, 0.45161290322580644]",0.5227272727272727,0.5077972709551657,"[0.5789473684210527, 0.4444444444444444, 0.5]",114,0.1455779742334307,1.2564544677734375,498,STOPPED,116.64789220000239
751,20251206_042334,gaitset_GREW.csv,Best_configs_v3,TCN,42,256,3,"[384, 512, 640]","[1, 2, 4]",7,2,gelu,True,True,"[0.05, 0.1, 0.1]","[True, True, True]",max,256,96,AdamW,0.0,0.0001,1e-05,minmax,0.03,1.0,"[1.0, 3.1864, 1.3333]",0.14141529583439386,1.4260573387145996,0.4772727272727273,0.3925209542230819,"[0.5957446808510638, 0.18181818181818182, 0.4]",0.5454545454545454,0.4576238576238576,"[0.6363636363636364, 0.2222222222222222, 0.5142857142857142]",420,0.142162913667787,1.3875492811203003,488,STOPPED,114.80702749999182
752,20251206_042628,gaitset_OUMVLP.csv,Best_configs_v3,TCN,42,256,3,"[384, 512, 640]","[1, 2, 4]",7,2,gelu,True,True,"[0.05, 0.1, 0.1]","[True, True, True]",max,256,96,AdamW,0.0,0.0001,1e-05,minmax,0.03,1.0,"[1.0, 3.1864, 1.3333]",0.13971909081812986,1.3883777856826782,0.6136363636363636,0.5017408123791102,"[0.723404255319149, 0.18181818181818182, 0.6]",0.6590909090909091,0.5333951762523191,"[0.7755102040816326, 0.18181818181818182, 0.6428571428571429]",589,0.14060210659331882,1.3562618494033813,735,STOPPED,173.02012809998996
753,20251206_042836,gln_phase1.csv,Best_configs_v3,TCN,42,256,3,"[384, 512, 640]","[1, 2, 4]",7,2,gelu,True,True,"[0.05, 0.1, 0.1]","[True, True, True]",max,256,96,AdamW,0.0,0.0001,1e-05,minmax,0.03,1.0,"[1.0, 3.1864, 1.3333]",0.1432172166010768,1.0249724388122559,0.5454545454545454,0.38314176245210724,"[0.6666666666666666, 0.0, 0.4827586206896552]",0.7045454545454546,0.6312399355877617,"[0.782608695652174, 0.4444444444444444, 0.6666666666666666]",152,0.14541235243536763,0.997402548789978,399,STOPPED,126.03834909999568
754,20251206_043149,gln_phase2.csv,Best_configs_v3,TCN,42,256,3,"[384, 512, 640]","[1, 2, 4]",7,2,gelu,True,True,"[0.05, 0.1, 0.1]","[True, True, True]",max,256,96,AdamW,0.0,0.0001,1e-05,minmax,0.03,1.0,"[1.0, 3.1864, 1.3333]",0.14208441911284456,1.0304031372070312,0.5681818181818182,0.47328356024008195,"[0.6521739130434783, 0.2222222222222222, 0.5454545454545454]",0.6590909090909091,0.6601307189542484,"[0.6666666666666666, 0.6666666666666666, 0.6470588235294118]",313,0.14209751953783722,0.9770792126655579,607,STOPPED,191.46094920000178
781,20251206_043252,baseline_CASIAB.csv,Best_configs_v3,TCN,42,256,2,"[192, 256]","[1, 3]",7,2,gelu,True,True,"[0.05, 0.1]","[True, True]",max,128,64,AdamW,0.0,0.0001,5e-06,minmax,0.03,1.0,"[1.0, 3.1864, 1.3333]",0.1415088043077705,1.3587470054626465,0.45454545454545453,0.38668786174288744,"[0.5106382978723404, 0.16666666666666666, 0.4827586206896552]",0.5227272727272727,0.4729344729344729,"[0.5777777777777777, 0.3076923076923077, 0.5333333333333333]",510,0.14114322336678653,1.3651095628738403,720,STOPPED,62.662399499997264
782,20251206_043342,baseline_OUMVLP.csv,Best_configs_v3,TCN,42,256,2,"[192, 256]","[1, 3]",7,2,gelu,True,True,"[0.05, 0.1]","[True, True]",max,128,64,AdamW,0.0,0.0001,5e-06,minmax,0.03,1.0,"[1.0, 3.1864, 1.3333]",0.14119955789797084,1.2854663133621216,0.5227272727272727,0.44318936877076415,"[0.5581395348837209, 0.2, 0.5714285714285714]",0.6136363636363636,0.5429059829059829,"[0.68, 0.3333333333333333, 0.6153846153846154]",70,0.36329350981515707,1.3262027502059937,562,STOPPED,48.93981540000823
783,20251206_043430,gaitgl.csv,Best_configs_v3,TCN,42,128,2,"[192, 256]","[1, 3]",7,2,gelu,True,True,"[0.05, 0.1]","[True, True]",max,128,64,AdamW,0.0,0.0001,5e-06,minmax,0.03,1.0,"[1.0, 3.1864, 1.3333]",0.14072367272426173,0.9952226281166077,0.5227272727272727,0.3707482993197279,"[0.6122448979591837, 0.0, 0.5]",0.5454545454545454,0.5091269841269841,"[0.6190476190476191, 0.375, 0.5333333333333333]",138,0.14483823127967796,1.142707109451294,522,STOPPED,47.79657409999345
784,20251206_043514,gaitgl_GREW.csv,Best_configs_v3,TCN,42,256,2,"[192, 256]","[1, 3]",7,2,gelu,True,True,"[0.05, 0.1]","[True, True]",max,128,64,AdamW,0.0,0.0001,5e-06,minmax,0.03,1.0,"[1.0, 3.1864, 1.3333]",0.14130912168124288,1.1687067747116089,0.4090909090909091,0.26560232220609575,"[0.5660377358490566, 0.0, 0.23076923076923078]",0.5227272727272727,0.4933084344849051,"[0.5714285714285714, 0.35294117647058826, 0.5555555555555556]",55,0.153318207442146,1.4989513158798218,423,STOPPED,42.1520285000006
785,20251206_043608,gaitgl_GREW_BNNeck.csv,Best_configs_v3,TCN,42,256,2,"[192, 256]","[1, 3]",7,2,gelu,True,True,"[0.05, 0.1]","[True, True]",max,128,64,AdamW,0.0,0.0001,5e-06,minmax,0.03,1.0,"[1.0, 3.1864, 1.3333]",0.14125900124151683,1.0768183469772339,0.4318181818181818,0.37162188136700885,"[0.4782608695652174, 0.15384615384615385, 0.4827586206896552]",0.5909090909090909,0.49666666666666665,"[0.64, 0.25, 0.6]",99,0.18383329492254355,1.239836573600769,525,STOPPED,52.48206170000776
786,20251206_043708,gaitgl_OUMVLP.csv,Best_configs_v3,TCN,42,256,2,"[192, 256]","[1, 3]",7,2,gelu,True,True,"[0.05, 0.1]","[True, True]",max,128,64,AdamW,0.0,0.0001,5e-06,minmax,0.03,1.0,"[1.0, 3.1864, 1.3333]",0.14382846054342605,1.3292603492736816,0.5,0.4303370049829531,"[0.5853658536585366, 0.125, 0.5806451612903226]",0.5454545454545454,0.4867283254380029,"[0.5161290322580645, 0.3076923076923077, 0.6363636363636364]",236,0.16319205696435318,1.5460305213928223,595,STOPPED,59.46004499999981
787,20251206_043751,gaitpart_GREW.csv,Best_configs_v3,TCN,42,256,2,"[192, 256]","[1, 3]",7,2,gelu,True,True,"[0.05, 0.1]","[True, True]",max,128,64,AdamW,0.0,0.0001,5e-06,minmax,0.03,1.0,"[1.0, 3.1864, 1.3333]",0.1410904067386057,1.1791579723358154,0.4772727272727273,0.39301346801346804,"[0.6222222222222222, 0.18181818181818182, 0.375]",0.5681818181818182,0.5581529581529582,"[0.6363636363636364, 0.5714285714285714, 0.4666666666666667]",288,0.14345791175500633,1.2095698118209839,511,STOPPED,42.24661940000078
788,20251206_043900,gaitpart_OUMVLP.csv,Best_configs_v3,TCN,42,256,2,"[192, 256]","[1, 3]",7,2,gelu,True,True,"[0.05, 0.1]","[True, True]",max,128,64,AdamW,0.0,0.0001,5e-06,minmax,0.03,1.0,"[1.0, 3.1864, 1.3333]",0.14232803804358257,1.3008949756622314,0.5,0.43870073281837985,"[0.6363636363636364, 0.23529411764705882, 0.4444444444444444]",0.6363636363636364,0.5855855855855856,"[0.6470588235294118, 0.35294117647058826, 0.7567567567567568]",315,0.16779212853343217,1.4308273792266846,835,STOPPED,68.82644410000648
789,20251206_043948,gaitset.csv,Best_configs_v3,TCN,42,256,2,"[192, 256]","[1, 3]",7,2,gelu,True,True,"[0.05, 0.1]","[True, True]",max,128,64,AdamW,0.0,0.0001,5e-06,minmax,0.03,1.0,"[1.0, 3.1864, 1.3333]",0.14215007516526684,1.1659542322158813,0.4772727272727273,0.38376068376068373,"[0.6, 0.16666666666666666, 0.38461538461538464]",0.5681818181818182,0.513365539452496,"[0.6956521739130435, 0.4, 0.4444444444444444]",103,0.15377355420712344,1.2610974311828613,465,STOPPED,46.01143100000627
790,20251206_044036,gaitset_GREW.csv,Best_configs_v3,TCN,42,256,2,"[192, 256]","[1, 3]",7,2,gelu,True,True,"[0.05, 0.1]","[True, True]",max,128,64,AdamW,0.0,0.0001,5e-06,minmax,0.03,1.0,"[1.0, 3.1864, 1.3333]",0.14280139662555813,1.1939377784729004,0.45454545454545453,0.3839285714285714,"[0.5714285714285714, 0.14285714285714285, 0.4375]",0.5681818181818182,0.4784386440355632,"[0.5789473684210527, 0.2222222222222222, 0.6341463414634146]",448,0.14233981441591204,1.2194488048553467,477,STOPPED,47.01096129999496
791,20251206_044154,gaitset_OUMVLP.csv,Best_configs_v3,TCN,42,256,2,"[192, 256]","[1, 3]",7,2,gelu,True,True,"[0.05, 0.1]","[True, True]",max,128,64,AdamW,0.0,0.0001,5e-06,minmax,0.03,1.0,"[1.0, 3.1864, 1.3333]",0.14569663448432058,1.366761326789856,0.5227272727272727,0.4357870728028548,"[0.6829268292682927, 0.15384615384615385, 0.47058823529411764]",0.6136363636363636,0.5814393939393939,"[0.6818181818181818, 0.5, 0.5625]",377,0.190006607893816,1.3426628112792969,783,STOPPED,76.99972829999751
792,20251206_044251,gln_phase1.csv,Best_configs_v3,TCN,42,256,2,"[192, 256]","[1, 3]",7,2,gelu,True,True,"[0.05, 0.1]","[True, True]",max,128,64,AdamW,0.0,0.0001,5e-06,minmax,0.03,1.0,"[1.0, 3.1864, 1.3333]",0.1418006911720197,1.0778884887695312,0.4318181818181818,0.3318903318903319,"[0.5714285714285714, 0.0, 0.42424242424242425]",0.6136363636363636,0.5561852648035959,"[0.7441860465116279, 0.35294117647058826, 0.5714285714285714]",85,0.2046613777728425,1.0772041082382202,465,STOPPED,55.08832939999411
793,20251206_044429,gln_phase2.csv,Best_configs_v3,TCN,42,256,2,"[192, 256]","[1, 3]",7,2,gelu,True,True,"[0.05, 0.1]","[True, True]",max,128,64,AdamW,0.0,0.0001,5e-06,minmax,0.03,1.0,"[1.0, 3.1864, 1.3333]",0.14108948501729474,1.0695252418518066,0.5681818181818182,0.4733044733044733,"[0.6666666666666666, 0.18181818181818182, 0.5714285714285714]",0.6363636363636364,0.5715045188729398,"[0.6842105263157895, 0.36363636363636365, 0.6666666666666666]",747,0.1407822287574257,1.0315947532653809,827,STOPPED,97.11279230000218
157,20251206_044514,baseline_CASIAB.csv,Best_configs_v3,TCN,42,256,3,"[512, 512, 512]","[3, 6, 9]",5,1,hardswish,True,False,"[None, 0.1, 0.1]","[False, True, False]",last,128,96,AdamW,0.0,0.0002,1e-06,minmax,0.03,1.0,"[1.0, 3.1864, 1.3333]",0.13996797170221192,2.0185720920562744,0.36363636363636365,0.34351395730706075,"[0.4, 0.2857142857142857, 0.3448275862068966]",0.45454545454545453,0.4197684036393714,"[0.5, 0.3076923076923077, 0.45161290322580644]",272,0.14044159358924196,1.767045497894287,518,STOPPED,43.71044690000417
158,20251206_044605,baseline_OUMVLP.csv,Best_configs_v3,TCN,42,256,3,"[512, 512, 512]","[3, 6, 9]",5,1,hardswish,True,False,"[None, 0.1, 0.1]","[False, True, False]",last,128,96,AdamW,0.0,0.0002,1e-06,minmax,0.03,1.0,"[1.0, 3.1864, 1.3333]",0.1396301059993272,1.6778515577316284,0.45454545454545453,0.39237320944638016,"[0.43902439024390244, 0.16666666666666666, 0.5714285714285714]",0.5909090909090909,0.482962962962963,"[0.6666666666666666, 0.2222222222222222, 0.56]",131,0.2868790687973966,1.9449254274368286,597,STOPPED,49.97447350001312
159,20251206_044643,gaitgl.csv,Best_configs_v3,TCN,42,128,3,"[512, 512, 512]","[3, 6, 9]",5,1,hardswish,True,False,"[None, 0.1, 0.1]","[False, True, False]",last,128,96,AdamW,0.0,0.0002,1e-06,minmax,0.03,1.0,"[1.0, 3.1864, 1.3333]",0.13996686148889287,1.626960039138794,0.45454545454545453,0.31902416138869344,"[0.6122448979591837, 0.0, 0.3448275862068966]",0.45454545454545453,0.4444444444444444,"[0.5625, 0.3333333333333333, 0.4375]",30,0.6295505012433553,1.480239748954773,338,STOPPED,38.045481199995265
160,20251206_044725,gaitgl_GREW.csv,Best_configs_v3,TCN,42,256,3,"[512, 512, 512]","[3, 6, 9]",5,1,hardswish,True,False,"[None, 0.1, 0.1]","[False, True, False]",last,128,96,AdamW,0.0,0.0002,1e-06,minmax,0.03,1.0,"[1.0, 3.1864, 1.3333]",0.14070957876050594,1.2706354856491089,0.5,0.38095238095238093,"[0.5714285714285714, 0.0, 0.5714285714285714]",0.5681818181818182,0.5316047471620227,"[0.631578947368421, 0.375, 0.5882352941176471]",68,0.14430134674322972,1.2399277687072754,334,STOPPED,40.87431199999992
161,20251206_044830,gaitgl_GREW_BNNeck.csv,Best_configs_v3,TCN,42,256,3,"[512, 512, 512]","[3, 6, 9]",5,1,hardswish,True,False,"[None, 0.1, 0.1]","[False, True, False]",last,128,96,AdamW,0.0,0.0002,1e-06,minmax,0.03,1.0,"[1.0, 3.1864, 1.3333]",0.14810013801781172,2.75642991065979,0.38636363636363635,0.3610168426344897,"[0.41025641025641024, 0.23529411764705882, 0.4375]",0.5227272727272727,0.4793254793254793,"[0.5405405405405406, 0.3333333333333333, 0.5641025641025641]",103,0.6631873382121017,1.2283304929733276,517,STOPPED,63.650431700007175
162,20251206_044944,gaitgl_OUMVLP.csv,Best_configs_v3,TCN,42,256,3,"[512, 512, 512]","[3, 6, 9]",5,1,hardswish,True,False,"[None, 0.1, 0.1]","[False, True, False]",last,128,96,AdamW,0.0,0.0002,1e-06,minmax,0.03,1.0,"[1.0, 3.1864, 1.3333]",0.13991972880879627,1.797309160232544,0.4318181818181818,0.3992916332531409,"[0.46511627906976744, 0.25, 0.4827586206896552]",0.5227272727272727,0.43333333333333335,"[0.6, 0.2, 0.5]",457,0.13990572463605822,1.7168093919754028,593,STOPPED,72.36113599999226
163,20251206_045014,gaitpart_GREW.csv,Best_configs_v3,TCN,42,256,3,"[512, 512, 512]","[3, 6, 9]",5,1,hardswish,True,False,"[None, 0.1, 0.1]","[False, True, False]",last,128,96,AdamW,0.0,0.0002,1e-06,minmax,0.03,1.0,"[1.0, 3.1864, 1.3333]",0.14023190460254237,1.4171593189239502,0.5681818181818182,0.5077851145349311,"[0.6382978723404256, 0.3333333333333333, 0.5517241379310345]",0.6136363636363636,0.5945841392649903,"[0.6382978723404256, 0.5454545454545454, 0.6]",236,0.14059404698536568,1.3920115232467651,438,STOPPED,29.39303179999115
164,20251206_045115,gaitpart_OUMVLP.csv,Best_configs_v3,TCN,42,256,3,"[512, 512, 512]","[3, 6, 9]",5,1,hardswish,True,False,"[None, 0.1, 0.1]","[False, True, False]",last,128,96,AdamW,0.0,0.0002,1e-06,minmax,0.03,1.0,"[1.0, 3.1864, 1.3333]",0.16772419383230897,2.4403181076049805,0.4090909090909091,0.3790849673202614,"[0.47058823529411764, 0.2222222222222222, 0.4444444444444444]",0.5909090909090909,0.5081052066559312,"[0.7391304347826086, 0.26666666666666666, 0.5185185185185185]",629,0.15380026753415765,1.7603919506072998,902,STOPPED,60.178762099996675
165,20251206_045217,gaitset.csv,Best_configs_v3,TCN,42,256,3,"[512, 512, 512]","[3, 6, 9]",5,1,hardswish,True,False,"[None, 0.1, 0.1]","[False, True, False]",last,128,96,AdamW,0.0,0.0002,1e-06,minmax,0.03,1.0,"[1.0, 3.1864, 1.3333]",0.1400734057131502,1.3953590393066406,0.5227272727272727,0.44002525252525254,"[0.5909090909090909, 0.16666666666666666, 0.5625]",0.5909090909090909,0.5343448161505617,"[0.6511627906976745, 0.36363636363636365, 0.5882352941176471]",440,0.14250387312825194,1.222624659538269,508,STOPPED,61.0515269000025
166,20251206_045306,gaitset_GREW.csv,Best_configs_v3,TCN,42,256,3,"[512, 512, 512]","[3, 6, 9]",5,1,hardswish,True,False,"[None, 0.1, 0.1]","[False, True, False]",last,128,96,AdamW,0.0,0.0002,1e-06,minmax,0.03,1.0,"[1.0, 3.1864, 1.3333]",0.14023288108946122,1.3984111547470093,0.5227272727272727,0.45442036463708285,"[0.5789473684210527, 0.11764705882352941, 0.6666666666666666]",0.5681818181818182,0.5328703703703704,"[0.6111111111111112, 0.3, 0.6875]",206,0.14106663738943867,1.3128291368484497,395,STOPPED,47.57396080000035
167,20251206_045521,gaitset_OUMVLP.csv,Best_configs_v3,TCN,42,256,3,"[512, 512, 512]","[3, 6, 9]",5,1,hardswish,True,False,"[None, 0.1, 0.1]","[False, True, False]",last,128,96,AdamW,0.0,0.0002,1e-06,minmax,0.03,1.0,"[1.0, 3.1864, 1.3333]",0.15238257397695915,1.8542948961257935,0.5227272727272727,0.44294871794871793,"[0.6538461538461539, 0.375, 0.3]",0.5454545454545454,0.5407407407407407,"[0.6, 0.5555555555555556, 0.4666666666666667]",967,0.14079425276554736,1.9637850522994995,1119,STOPPED,134.35864869999932
168,20251206_045655,gln_phase1.csv,Best_configs_v3,TCN,42,256,3,"[512, 512, 512]","[3, 6, 9]",5,1,hardswish,True,False,"[None, 0.1, 0.1]","[False, True, False]",last,128,96,AdamW,0.0,0.0002,1e-06,minmax,0.03,1.0,"[1.0, 3.1864, 1.3333]",0.15542096667683003,1.542913556098938,0.5227272727272727,0.3700698670272707,"[0.6274509803921569, 0.0, 0.4827586206896552]",0.5909090909090909,0.595834701097859,"[0.5405405405405406, 0.6153846153846154, 0.631578947368421]",568,0.1548524922163216,1.453409194946289,585,STOPPED,92.16447859999607
169,20251206_045824,gln_phase2.csv,Best_configs_v3,TCN,42,256,3,"[512, 512, 512]","[3, 6, 9]",5,1,hardswish,True,False,"[None, 0.1, 0.1]","[False, True, False]",last,128,96,AdamW,0.0,0.0002,1e-06,minmax,0.03,1.0,"[1.0, 3.1864, 1.3333]",0.13983188630993834,1.8053776025772095,0.4318181818181818,0.39531200506810266,"[0.5365853658536586, 0.2857142857142857, 0.36363636363636365]",0.5227272727272727,0.5286650286650286,"[0.5405405405405406, 0.5454545454545454, 0.5]",162,0.26000401500574094,2.305722951889038,554,STOPPED,87.1460284999921
391,20251206_045946,baseline_CASIAB.csv,Best_configs_v3,TCN,42,256,4,"[512, 512, 512, 512]","[1, 2, 4, 8]",5,2,gelu,True,True,"[None, 0.05, 0.1, 0.1]","[True, True, True, True]",max,256,96,AdamW,0.0,0.00015,1e-05,minmax,0.03,1.0,"[1.0, 3.1864, 1.3333]",0.15368516259279447,1.4275692701339722,0.5454545454545454,0.378868258178603,"[0.6538461538461539, 0.0, 0.4827586206896552]",0.5909090909090909,0.5484141055949566,"[0.6382978723404256, 0.4444444444444444, 0.5625]",281,0.14127565920352936,1.2960708141326904,485,STOPPED,81.86856859999534
392,20251206_050049,baseline_OUMVLP.csv,Best_configs_v3,TCN,42,256,4,"[512, 512, 512, 512]","[1, 2, 4, 8]",5,2,gelu,True,True,"[None, 0.05, 0.1, 0.1]","[True, True, True, True]",max,256,96,AdamW,0.0,0.00015,1e-05,minmax,0.03,1.0,"[1.0, 3.1864, 1.3333]",0.14048427304963476,1.199690341949463,0.5,0.42547092547092547,"[0.5, 0.18181818181818182, 0.5945945945945946]",0.6136363636363636,0.5555555555555555,"[0.6666666666666666, 0.4, 0.6]",72,0.6280199793196216,1.107161045074463,365,STOPPED,61.73677669999597
393,20251206_050224,gaitgl.csv,Best_configs_v3,TCN,42,128,4,"[512, 512, 512, 512]","[1, 2, 4, 8]",5,2,gelu,True,True,"[None, 0.05, 0.1, 0.1]","[True, True, True, True]",max,256,96,AdamW,0.0,0.00015,1e-05,minmax,0.03,1.0,"[1.0, 3.1864, 1.3333]",0.14220714722712016,1.1935715675354004,0.4772727272727273,0.3452685421994885,"[0.5652173913043478, 0.0, 0.47058823529411764]",0.5454545454545454,0.4587908066168936,"[0.6086956521739131, 0.2222222222222222, 0.5454545454545454]",117,0.14102415632955806,1.1785610914230347,388,STOPPED,94.7159216
394,20251206_050333,gaitgl_GREW.csv,Best_configs_v3,TCN,42,256,4,"[512, 512, 512, 512]","[1, 2, 4, 8]",5,2,gelu,True,True,"[None, 0.05, 0.1, 0.1]","[True, True, True, True]",max,256,96,AdamW,0.0,0.00015,1e-05,minmax,0.03,1.0,"[1.0, 3.1864, 1.3333]",0.14104334334122767,1.0513666868209839,0.6136363636363636,0.5103675103675104,"[0.7142857142857143, 0.2222222222222222, 0.5945945945945946]",0.6136363636363636,0.5775668616414671,"[0.6829268292682927, 0.46153846153846156, 0.5882352941176471]",136,0.14302479191539214,1.0423195362091064,265,STOPPED,67.80671319999965
395,20251206_050451,gaitgl_GREW_BNNeck.csv,Best_configs_v3,TCN,42,256,4,"[512, 512, 512, 512]","[1, 2, 4, 8]",5,2,gelu,True,True,"[None, 0.05, 0.1, 0.1]","[True, True, True, True]",max,256,96,AdamW,0.0,0.00015,1e-05,minmax,0.03,1.0,"[1.0, 3.1864, 1.3333]",0.1445316552501364,1.35148024559021,0.45454545454545453,0.41440818052512207,"[0.5217391304347826, 0.3076923076923077, 0.41379310344827586]",0.5227272727272727,0.49309462915601027,"[0.6086956521739131, 0.47058823529411764, 0.4]",250,0.14436460416956046,1.3262114524841309,300,STOPPED,76.72567109999363
396,20251206_050709,gaitgl_OUMVLP.csv,Best_configs_v3,TCN,42,256,4,"[512, 512, 512, 512]","[1, 2, 4, 8]",5,2,gelu,True,True,"[None, 0.05, 0.1, 0.1]","[True, True, True, True]",max,256,96,AdamW,0.0,0.00015,1e-05,minmax,0.03,1.0,"[1.0, 3.1864, 1.3333]",0.14095672611723242,1.3117682933807373,0.45454545454545453,0.39301587301587304,"[0.56, 0.2857142857142857, 0.3333333333333333]",0.5681818181818182,0.47328356024008195,"[0.5454545454545454, 0.2222222222222222, 0.6521739130434783]",108,0.4704335995556153,1.3093955516815186,535,STOPPED,136.4828569000092
397,20251206_050816,gaitpart_GREW.csv,Best_configs_v3,TCN,42,256,4,"[512, 512, 512, 512]","[1, 2, 4, 8]",5,2,gelu,True,True,"[None, 0.05, 0.1, 0.1]","[True, True, True, True]",max,256,96,AdamW,0.0,0.00015,1e-05,minmax,0.03,1.0,"[1.0, 3.1864, 1.3333]",0.13998202564790077,1.739169716835022,0.4772727272727273,0.452014652014652,"[0.5714285714285714, 0.4, 0.38461538461538464]",0.5454545454545454,0.5217348927875244,"[0.6222222222222222, 0.5263157894736842, 0.4166666666666667]",469,0.15069605118220614,1.5126591920852661,519,STOPPED,66.37634180000168
398,20251206_050926,gaitpart_OUMVLP.csv,Best_configs_v3,TCN,42,256,4,"[512, 512, 512, 512]","[1, 2, 4, 8]",5,2,gelu,True,True,"[None, 0.05, 0.1, 0.1]","[True, True, True, True]",max,256,96,AdamW,0.0,0.00015,1e-05,minmax,0.03,1.0,"[1.0, 3.1864, 1.3333]",0.1398129457050992,1.7901021242141724,0.45454545454545453,0.386046511627907,"[0.5581395348837209, 0.13333333333333333, 0.4666666666666667]",0.5454545454545454,0.5191697191697191,"[0.6190476190476191, 0.4, 0.5384615384615384]",383,0.1416321707140539,1.9185576438903809,541,STOPPED,69.50723160000052
399,20251206_051055,gaitset.csv,Best_configs_v3,TCN,42,256,4,"[512, 512, 512, 512]","[1, 2, 4, 8]",5,2,gelu,True,True,"[None, 0.05, 0.1, 0.1]","[True, True, True, True]",max,256,96,AdamW,0.0,0.00015,1e-05,minmax,0.03,1.0,"[1.0, 3.1864, 1.3333]",0.14173651947495863,1.2807525396347046,0.4318181818181818,0.3551587301587302,"[0.5416666666666666, 0.16666666666666666, 0.35714285714285715]",0.5,0.41282051282051285,"[0.5769230769230769, 0.2, 0.46153846153846156]",45,0.5752943809499446,1.1503074169158936,352,STOPPED,87.35511470001074
400,20251206_051305,gaitset_GREW.csv,Best_configs_v3,TCN,42,256,4,"[512, 512, 512, 512]","[1, 2, 4, 8]",5,2,gelu,True,True,"[None, 0.05, 0.1, 0.1]","[True, True, True, True]",max,256,96,AdamW,0.0,0.00015,1e-05,minmax,0.03,1.0,"[1.0, 3.1864, 1.3333]",0.14012629262258097,1.2659121751785278,0.5227272727272727,0.4346801346801347,"[0.6222222222222222, 0.18181818181818182, 0.5]",0.5681818181818182,0.5129694154084398,"[0.6341463414634146, 0.3333333333333333, 0.5714285714285714]",395,0.14151729374509497,1.3286597728729248,514,STOPPED,128.45875689999957
401,20251206_051602,gaitset_OUMVLP.csv,Best_configs_v3,TCN,42,256,4,"[512, 512, 512, 512]","[1, 2, 4, 8]",5,2,gelu,True,True,"[None, 0.05, 0.1, 0.1]","[True, True, True, True]",max,256,96,AdamW,0.0,0.00015,1e-05,minmax,0.03,1.0,"[1.0, 3.1864, 1.3333]",0.13998507408751654,1.4719672203063965,0.6136363636363636,0.5009557945041816,"[0.7555555555555555, 0.16666666666666666, 0.5806451612903226]",0.5909090909090909,0.5462127910403772,"[0.717948717948718, 0.3, 0.6206896551724138]",435,0.15150497285361142,1.5054450035095215,704,STOPPED,175.8692549999978
402,20251206_051838,gln_phase1.csv,Best_configs_v3,TCN,42,256,4,"[512, 512, 512, 512]","[1, 2, 4, 8]",5,2,gelu,True,True,"[None, 0.05, 0.1, 0.1]","[True, True, True, True]",max,256,96,AdamW,0.0,0.00015,1e-05,minmax,0.03,1.0,"[1.0, 3.1864, 1.3333]",0.14528280834561771,1.1498080492019653,0.4772727272727273,0.3541371158392435,"[0.5957446808510638, 0.0, 0.4666666666666667]",0.5681818181818182,0.508939014202172,"[0.6285714285714286, 0.26666666666666666, 0.631578947368421]",151,0.15425786898308194,1.3273804187774658,467,STOPPED,154.62863829999696
403,20251206_052046,gln_phase2.csv,Best_configs_v3,TCN,42,256,4,"[512, 512, 512, 512]","[1, 2, 4, 8]",5,2,gelu,True,True,"[None, 0.05, 0.1, 0.1]","[True, True, True, True]",max,256,96,AdamW,0.0,0.00015,1e-05,minmax,0.03,1.0,"[1.0, 3.1864, 1.3333]",0.14176712761220245,1.1553893089294434,0.5,0.36839826839826834,"[0.5909090909090909, 0.0, 0.5142857142857142]",0.5681818181818182,0.5494864612511671,"[0.6190476190476191, 0.5, 0.5294117647058824]",209,0.14197495441461347,1.1672654151916504,384,STOPPED,126.64130399998976
1418,20251206_052319,baseline_CASIAB.csv,Best_configs_v3,TCN,42,256,5,"[320, 448, 576, 448, 320]","[1, 2, 3, 4, 5]",9,2,mish,True,True,"[None, 0.1, 0.1, 0.15, 0.2]","[False, True, True, True, True]",max,256,48,Adam,0.0,3e-05,1e-05,minmax,0.03,1.0,"[1.0, 3.1864, 1.3333]",0.14215860415979759,1.5006499290466309,0.4318181818181818,0.3779701779701779,"[0.45454545454545453, 0.2222222222222222, 0.45714285714285713]",0.5227272727272727,0.4816609290662586,"[0.5652173913043478, 0.36363636363636365, 0.5161290322580645]",226,0.14182637616531135,1.3570556640625,480,STOPPED,151.73893200000748
1419,20251206_052543,baseline_OUMVLP.csv,Best_configs_v3,TCN,42,256,5,"[320, 448, 576, 448, 320]","[1, 2, 3, 4, 5]",9,2,mish,True,True,"[None, 0.1, 0.1, 0.15, 0.2]","[False, True, True, True, True]",max,256,48,Adam,0.0,3e-05,1e-05,minmax,0.03,1.0,"[1.0, 3.1864, 1.3333]",0.1424524469166687,1.2107959985733032,0.5681818181818182,0.41693121693121693,"[0.6222222222222222, 0.0, 0.6285714285714286]",0.5681818181818182,0.5122171945701357,"[0.5641025641025641, 0.26666666666666666, 0.7058823529411765]",75,0.2642076150658204,1.4150168895721436,450,STOPPED,143.66968639999686
1420,20251206_052919,gaitgl.csv,Best_configs_v3,TCN,42,128,5,"[320, 448, 576, 448, 320]","[1, 2, 3, 4, 5]",9,2,mish,True,True,"[None, 0.1, 0.1, 0.15, 0.2]","[False, True, True, True, True]",max,256,48,Adam,0.0,3e-05,1e-05,minmax,0.03,1.0,"[1.0, 3.1864, 1.3333]",0.1413349145159279,1.2526917457580566,0.45454545454545453,0.3901960784313725,"[0.5, 0.2, 0.47058823529411764]",0.5227272727272727,0.44956002514142046,"[0.5581395348837209, 0.25, 0.5405405405405406]",341,0.14202591315987184,1.2481293678283691,492,STOPPED,214.94227309999405
1421,20251206_053238,gaitgl_GREW.csv,Best_configs_v3,TCN,42,256,5,"[320, 448, 576, 448, 320]","[1, 2, 3, 4, 5]",9,2,mish,True,True,"[None, 0.1, 0.1, 0.15, 0.2]","[False, True, True, True, True]",max,256,48,Adam,0.0,3e-05,1e-05,minmax,0.03,1.0,"[1.0, 3.1864, 1.3333]",0.14038528548073523,1.231513261795044,0.5454545454545454,0.4627024722932651,"[0.6086956521739131, 0.25, 0.5294117647058824]",0.5681818181818182,0.5595959595959595,"[0.6190476190476191, 0.5454545454545454, 0.5142857142857142]",40,0.16203718394348302,1.2796096801757812,434,STOPPED,197.10072029998992
1422,20251206_053632,gaitgl_GREW_BNNeck.csv,Best_configs_v3,TCN,42,256,5,"[320, 448, 576, 448, 320]","[1, 2, 3, 4, 5]",9,2,mish,True,True,"[None, 0.1, 0.1, 0.15, 0.2]","[False, True, True, True, True]",max,256,48,Adam,0.0,3e-05,1e-05,minmax,0.03,1.0,"[1.0, 3.1864, 1.3333]",0.14066566511527778,1.9989749193191528,0.4772727272727273,0.4327359617682198,"[0.5777777777777777, 0.3333333333333333, 0.3870967741935484]",0.5227272727272727,0.5094649305175621,"[0.5263157894736842, 0.46153846153846156, 0.5405405405405406]",268,0.43549566324224176,1.2555930614471436,528,STOPPED,232.90252319999854
1423,20251206_054010,gaitgl_OUMVLP.csv,Best_configs_v3,TCN,42,256,5,"[320, 448, 576, 448, 320]","[1, 2, 3, 4, 5]",9,2,mish,True,True,"[None, 0.1, 0.1, 0.15, 0.2]","[False, True, True, True, True]",max,256,48,Adam,0.0,3e-05,1e-05,minmax,0.03,1.0,"[1.0, 3.1864, 1.3333]",0.14187799394130707,1.6201955080032349,0.45454545454545453,0.3864130434782609,"[0.5217391304347826, 0.2, 0.4375]",0.5,0.42832244008714593,"[0.5333333333333333, 0.2222222222222222, 0.5294117647058824]",152,0.1810445886911805,1.6859694719314575,485,STOPPED,216.45514560000447
1424,20251206_054211,gaitpart_GREW.csv,Best_configs_v3,TCN,42,256,5,"[320, 448, 576, 448, 320]","[1, 2, 3, 4, 5]",9,2,mish,True,True,"[None, 0.1, 0.1, 0.15, 0.2]","[False, True, True, True, True]",max,256,48,Adam,0.0,3e-05,1e-05,minmax,0.03,1.0,"[1.0, 3.1864, 1.3333]",0.14097462210458578,1.2480496168136597,0.5454545454545454,0.5063740856844305,"[0.6363636363636364, 0.4, 0.4827586206896552]",0.5909090909090909,0.5993934381031155,"[0.6153846153846154, 0.6666666666666666, 0.5161290322580645]",38,0.5720717332412287,1.100080966949463,464,STOPPED,120.64769850000448
1425,20251206_054439,gaitpart_OUMVLP.csv,Best_configs_v3,TCN,42,256,5,"[320, 448, 576, 448, 320]","[1, 2, 3, 4, 5]",9,2,mish,True,True,"[None, 0.1, 0.1, 0.15, 0.2]","[False, True, True, True, True]",max,256,48,Adam,0.0,3e-05,1e-05,minmax,0.03,1.0,"[1.0, 3.1864, 1.3333]",0.14232513078094758,1.3624420166015625,0.4318181818181818,0.3736330304479516,"[0.5365853658536586, 0.11764705882352941, 0.4666666666666667]",0.6363636363636364,0.5173992673992673,"[0.7307692307692307, 0.25, 0.5714285714285714]",344,0.1527149881591502,1.3319790363311768,595,STOPPED,146.91352390000247
1426,20251206_054808,gaitset.csv,Best_configs_v3,TCN,42,256,5,"[320, 448, 576, 448, 320]","[1, 2, 3, 4, 5]",9,2,mish,True,True,"[None, 0.1, 0.1, 0.15, 0.2]","[False, True, True, True, True]",max,256,48,Adam,0.0,3e-05,1e-05,minmax,0.03,1.0,"[1.0, 3.1864, 1.3333]",0.14058874762549842,1.2242664098739624,0.5454545454545454,0.49528619528619533,"[0.6222222222222222, 0.36363636363636365, 0.5]",0.5909090909090909,0.5575091575091575,"[0.6153846153846154, 0.42857142857142855, 0.6285714285714286]",192,0.141823777986556,1.1643871068954468,467,STOPPED,207.4292710999871
1427,20251206_055202,gaitset_GREW.csv,Best_configs_v3,TCN,42,256,5,"[320, 448, 576, 448, 320]","[1, 2, 3, 4, 5]",9,2,mish,True,True,"[None, 0.1, 0.1, 0.15, 0.2]","[False, True, True, True, True]",max,256,48,Adam,0.0,3e-05,1e-05,minmax,0.03,1.0,"[1.0, 3.1864, 1.3333]",0.14043330347415098,1.3573119640350342,0.5454545454545454,0.45822169828171333,"[0.6511627906976745, 0.14285714285714285, 0.5806451612903226]",0.6136363636363636,0.5391716839992702,"[0.7111111111111111, 0.2857142857142857, 0.6206896551724138]",287,0.14076205919083862,1.3306559324264526,534,STOPPED,233.2659824000002
1428,20251206_055545,gaitset_OUMVLP.csv,Best_configs_v3,TCN,42,256,5,"[320, 448, 576, 448, 320]","[1, 2, 3, 4, 5]",9,2,mish,True,True,"[None, 0.1, 0.1, 0.15, 0.2]","[False, True, True, True, True]",max,256,48,Adam,0.0,3e-05,1e-05,minmax,0.03,1.0,"[1.0, 3.1864, 1.3333]",0.3430430538875541,2.0568416118621826,0.5,0.3696969696969697,"[0.6545454545454545, 0.18181818181818182, 0.2727272727272727]",0.5909090909090909,0.5293066345697924,"[0.6486486486486487, 0.3076923076923077, 0.631578947368421]",355,0.3069543906093873,1.486566424369812,500,STOPPED,221.45245910000813
1429,20251206_060036,gln_phase1.csv,Best_configs_v3,TCN,42,256,5,"[320, 448, 576, 448, 320]","[1, 2, 3, 4, 5]",9,2,mish,True,True,"[None, 0.1, 0.1, 0.15, 0.2]","[False, True, True, True, True]",max,256,48,Adam,0.0,3e-05,1e-05,minmax,0.03,1.0,"[1.0, 3.1864, 1.3333]",0.14013885468551793,1.1430962085723877,0.5,0.41919191919191917,"[0.5909090909090909, 0.16666666666666666, 0.5]",0.6818181818181818,0.668485179123477,"[0.723404255319149, 0.6666666666666666, 0.6153846153846154]",325,0.14228460146594293,1.1670116186141968,516,STOPPED,289.383791500004
1430,20251206_060508,gln_phase2.csv,Best_configs_v3,TCN,42,256,5,"[320, 448, 576, 448, 320]","[1, 2, 3, 4, 5]",9,2,mish,True,True,"[None, 0.1, 0.1, 0.15, 0.2]","[False, True, True, True, True]",max,256,48,Adam,0.0,3e-05,1e-05,minmax,0.03,1.0,"[1.0, 3.1864, 1.3333]",0.14063208511809713,1.6821753978729248,0.4318181818181818,0.3983793983793984,"[0.5238095238095238, 0.3076923076923077, 0.36363636363636365]",0.5681818181818182,0.5173913043478261,"[0.5, 0.4, 0.6521739130434783]",81,0.4933923959117575,1.2708011865615845,477,STOPPED,269.77362620001077
1041,20251206_060701,baseline_CASIAB.csv,Best_configs_v3,TCN,42,256,4,"[512, 512, 512, 1024]","[1, 2, 4, 6]",5,2,leakyrelu,True,True,"[0.1, 0.1, 0.1, 0.1]","[True, True, True, True]",attention,512,32,AdamW,0.0,0.0001,1e-05,L2,0.03,1.0,"[1.0, 3.1864, 1.3333]",0.14095806645363876,1.7769900126890703,0.45454545454545453,0.385024154589372,"[0.5217391304347826, 0.16666666666666666, 0.4666666666666667]",0.5227272727272727,0.48372922107532235,"[0.5581395348837209, 0.36363636363636365, 0.5294117647058824]",28,0.24442508232962226,1.5645994706587358,268,STOPPED,112.5535544000013
1042,20251206_060903,baseline_OUMVLP.csv,Best_configs_v3,TCN,42,256,4,"[512, 512, 512, 1024]","[1, 2, 4, 6]",5,2,leakyrelu,True,True,"[0.1, 0.1, 0.1, 0.1]","[True, True, True, True]",attention,512,32,AdamW,0.0,0.0001,1e-05,L2,0.03,1.0,"[1.0, 3.1864, 1.3333]",0.14173953173701295,1.7961703213778408,0.5,0.4928774928774929,"[0.46153846153846156, 0.46153846153846156, 0.5555555555555556]",0.6136363636363636,0.587719298245614,"[0.5789473684210527, 0.5, 0.6842105263157895]",31,0.32327553414806875,1.3707691756161777,287,STOPPED,120.90877160000673
1043,20251206_061118,gaitgl.csv,Best_configs_v3,TCN,42,128,4,"[512, 512, 512, 1024]","[1, 2, 4, 6]",5,2,leakyrelu,True,True,"[0.1, 0.1, 0.1, 0.1]","[True, True, True, True]",attention,512,32,AdamW,0.0,0.0001,1e-05,L2,0.03,1.0,"[1.0, 3.1864, 1.3333]",0.1401453505164569,1.6090185100382024,0.5,0.41474317644530406,"[0.5957446808510638, 0.18181818181818182, 0.4666666666666667]",0.5227272727272727,0.4633408919123205,"[0.6122448979591837, 0.3333333333333333, 0.4444444444444444]",32,0.14274720571090266,1.618822617964311,252,STOPPED,134.03642629999376
1044,20251206_061332,gaitgl_GREW.csv,Best_configs_v3,TCN,42,256,4,"[512, 512, 512, 1024]","[1, 2, 4, 6]",5,2,leakyrelu,True,True,"[0.1, 0.1, 0.1, 0.1]","[True, True, True, True]",attention,512,32,AdamW,0.0,0.0001,1e-05,L2,0.03,1.0,"[1.0, 3.1864, 1.3333]",0.14163296585230484,1.3332360007546165,0.4772727272727273,0.3507228158390949,"[0.5116279069767442, 0.0, 0.5405405405405406]",0.45454545454545453,0.4517345399698341,"[0.47058823529411764, 0.38461538461538464, 0.5]",11,0.3200939225474584,1.6039317846298218,247,STOPPED,133.16505979999783
1045,20251206_061458,gaitgl_GREW_BNNeck.csv,Best_configs_v3,TCN,42,256,4,"[512, 512, 512, 1024]","[1, 2, 4, 6]",5,2,leakyrelu,True,True,"[0.1, 0.1, 0.1, 0.1]","[True, True, True, True]",attention,512,32,AdamW,0.0,0.0001,1e-05,L2,0.03,1.0,"[1.0, 3.1864, 1.3333]",0.14054093225715086,2.100505460392345,0.4090909090909091,0.30437710437710436,"[0.4888888888888889, 0.0, 0.42424242424242425]",0.5,0.506060606060606,"[0.5, 0.5333333333333333, 0.48484848484848486]",17,0.5641337823622006,1.3349123868075283,156,STOPPED,84.1476748999994
1046,20251206_061632,gaitgl_OUMVLP.csv,Best_configs_v3,TCN,42,256,4,"[512, 512, 512, 1024]","[1, 2, 4, 6]",5,2,leakyrelu,True,True,"[0.1, 0.1, 0.1, 0.1]","[True, True, True, True]",attention,512,32,AdamW,0.0,0.0001,1e-05,L2,0.03,1.0,"[1.0, 3.1864, 1.3333]",0.14045275440535596,1.4202655337073586,0.4772727272727273,0.34441489361702127,"[0.5957446808510638, 0.0, 0.4375]",0.6136363636363636,0.5429808286951144,"[0.6938775510204082, 0.36363636363636365, 0.5714285714285714]",39,0.15037677398661978,1.4878748113458806,172,STOPPED,93.1749462000007
1047,20251206_061751,gaitpart_GREW.csv,Best_configs_v3,TCN,42,256,4,"[512, 512, 512, 1024]","[1, 2, 4, 6]",5,2,leakyrelu,True,True,"[0.1, 0.1, 0.1, 0.1]","[True, True, True, True]",attention,512,32,AdamW,0.0,0.0001,1e-05,L2,0.03,1.0,"[1.0, 3.1864, 1.3333]",0.14074838883483531,1.886679237539118,0.45454545454545453,0.37012987012987014,"[0.5714285714285714, 0.18181818181818182, 0.35714285714285715]",0.5454545454545454,0.47237160003117445,"[0.6808510638297872, 0.3076923076923077, 0.42857142857142855]",159,0.17320023999386228,1.783302979035811,209,STOPPED,77.46753029999672
1048,20251206_061946,gaitpart_OUMVLP.csv,Best_configs_v3,TCN,42,256,4,"[512, 512, 512, 1024]","[1, 2, 4, 6]",5,2,leakyrelu,True,True,"[0.1, 0.1, 0.1, 0.1]","[True, True, True, True]",attention,512,32,AdamW,0.0,0.0001,1e-05,L2,0.03,1.0,"[1.0, 3.1864, 1.3333]",0.141386446802272,1.7537324970418757,0.5454545454545454,0.45593348450491306,"[0.6122448979591837, 0.2222222222222222, 0.5333333333333333]",0.5227272727272727,0.5052749719416386,"[0.6, 0.5454545454545454, 0.37037037037037035]",241,0.15971569071725472,1.7220857793634587,311,STOPPED,115.0210672999965
1049,20251206_062212,gaitset.csv,Best_configs_v3,TCN,42,256,4,"[512, 512, 512, 1024]","[1, 2, 4, 6]",5,2,leakyrelu,True,True,"[0.1, 0.1, 0.1, 0.1]","[True, True, True, True]",attention,512,32,AdamW,0.0,0.0001,1e-05,L2,0.03,1.0,"[1.0, 3.1864, 1.3333]",0.14083122945937915,2.0629195950248023,0.36363636363636365,0.2635552505147563,"[0.46808510638297873, 0.0, 0.3225806451612903]",0.45454545454545453,0.41714480003400056,"[0.5652173913043478, 0.36363636363636365, 0.3225806451612903]",22,0.2695933328461401,2.1964128667658027,273,STOPPED,144.24982789999922
1050,20251206_062445,gaitset_GREW.csv,Best_configs_v3,TCN,42,256,4,"[512, 512, 512, 1024]","[1, 2, 4, 6]",5,2,leakyrelu,True,True,"[0.1, 0.1, 0.1, 0.1]","[True, True, True, True]",attention,512,32,AdamW,0.0,0.0001,1e-05,L2,0.03,1.0,"[1.0, 3.1864, 1.3333]",0.14187243488646045,2.4522159099578857,0.38636363636363635,0.353314621758888,"[0.46511627906976744, 0.25, 0.3448275862068966]",0.4772727272727273,0.42936507936507934,"[0.5714285714285714, 0.25, 0.4666666666666667]",128,0.173588722483399,2.207717462019487,287,STOPPED,152.39358420000644
1051,20251206_062734,gaitset_OUMVLP.csv,Best_configs_v3,TCN,42,256,4,"[512, 512, 512, 1024]","[1, 2, 4, 6]",5,2,leakyrelu,True,True,"[0.1, 0.1, 0.1, 0.1]","[True, True, True, True]",attention,512,32,AdamW,0.0,0.0001,1e-05,L2,0.03,1.0,"[1.0, 3.1864, 1.3333]",0.2101789424099873,1.7649661085822366,0.4772727272727273,0.41385620915032684,"[0.5882352941176471, 0.3333333333333333, 0.32]",0.5681818181818182,0.534543548694492,"[0.6415094339622641, 0.5454545454545454, 0.4166666666666667]",163,0.14964797324741008,1.732500596479936,315,STOPPED,166.8881584000046
1052,20251206_062956,gln_phase1.csv,Best_configs_v3,TCN,42,256,4,"[512, 512, 512, 1024]","[1, 2, 4, 6]",5,2,leakyrelu,True,True,"[0.1, 0.1, 0.1, 0.1]","[True, True, True, True]",attention,512,32,AdamW,0.0,0.0001,1e-05,L2,0.03,1.0,"[1.0, 3.1864, 1.3333]",0.1406734493589893,1.5108982432972302,0.5227272727272727,0.4396825396825397,"[0.6190476190476191, 0.2, 0.5]",0.5454545454545454,0.5096491228070176,"[0.55, 0.4, 0.5789473684210527]",47,0.148668888687473,1.5835009271448308,216,STOPPED,140.43566550000105
1053,20251206_063248,gln_phase2.csv,Best_configs_v3,TCN,42,256,4,"[512, 512, 512, 1024]","[1, 2, 4, 6]",5,2,leakyrelu,True,True,"[0.1, 0.1, 0.1, 0.1]","[True, True, True, True]",attention,512,32,AdamW,0.0,0.0001,1e-05,L2,0.03,1.0,"[1.0, 3.1864, 1.3333]",0.14063817554527952,1.0546327070756392,0.6590909090909091,0.6463708290333677,"[0.6842105263157895, 0.5882352941176471, 0.6666666666666666]",0.7272727272727273,0.7502516453735965,"[0.7317073170731707, 0.8333333333333334, 0.6857142857142857]",19,0.3145851277813469,0.962273505601016,263,STOPPED,170.83430630000657
1301,20251206_063406,baseline_CASIAB.csv,Best_configs_v3,TCN,42,256,2,"[640, 448]","[3, 6]",3,2,hardswish,True,True,"[0.1, 0.1]","[True, True]",mean,384,32,AdamW,0.0,0.0001,0.0,minmax,0.03,1.0,"[1.0, 3.1864, 1.3333]",0.14322086661746822,1.5086583332581953,0.5227272727272727,0.4393223010244287,"[0.5957446808510638, 0.2222222222222222, 0.5]",0.5681818181818182,0.51814230153283,"[0.6382978723404256, 0.4, 0.5161290322580645]",161,0.15110947222439283,1.7226775776256213,439,STOPPED,77.1365705000062
1302,20251206_063611,baseline_OUMVLP.csv,Best_configs_v3,TCN,42,256,2,"[640, 448]","[3, 6]",3,2,hardswish,True,True,"[0.1, 0.1]","[True, True]",mean,384,32,AdamW,0.0,0.0001,0.0,minmax,0.03,1.0,"[1.0, 3.1864, 1.3333]",0.14340428547146394,1.362702803178267,0.45454545454545453,0.3343915343915344,"[0.4888888888888889, 0.0, 0.5142857142857142]",0.5909090909090909,0.5,"[0.6, 0.25, 0.65]",247,0.1501552563967164,1.5017863403667102,703,STOPPED,124.06270139999106
1303,20251206_063710,gaitgl.csv,Best_configs_v3,TCN,42,128,2,"[640, 448]","[3, 6]",3,2,hardswish,True,True,"[0.1, 0.1]","[True, True]",mean,384,32,AdamW,0.0,0.0001,0.0,minmax,0.03,1.0,"[1.0, 3.1864, 1.3333]",0.14131285787857684,1.3406788110733032,0.45454545454545453,0.37222222222222223,"[0.5833333333333334, 0.2, 0.3333333333333333]",0.4772727272727273,0.479020979020979,"[0.5128205128205128, 0.5, 0.42424242424242425]",115,0.4310925630564542,1.1732177626002918,290,STOPPED,58.49923970000236
1304,20251206_063817,gaitgl_GREW.csv,Best_configs_v3,TCN,42,256,2,"[640, 448]","[3, 6]",3,2,hardswish,True,True,"[0.1, 0.1]","[True, True]",mean,384,32,AdamW,0.0,0.0001,0.0,minmax,0.03,1.0,"[1.0, 3.1864, 1.3333]",0.1412526520410764,1.3993599739941684,0.4772727272727273,0.40537634408602147,"[0.5333333333333333, 0.16666666666666666, 0.5161290322580645]",0.5227272727272727,0.4427310036065166,"[0.5581395348837209, 0.18181818181818182, 0.5882352941176471]",209,0.14144052273219393,1.4350252910093828,314,STOPPED,65.77571050000552
1305,20251206_063847,gaitgl_GREW_BNNeck.csv,Best_configs_v3,TCN,42,256,2,"[640, 448]","[3, 6]",3,2,hardswish,True,True,"[0.1, 0.1]","[True, True]",mean,384,32,AdamW,0.0,0.0001,0.0,minmax,0.03,1.0,"[1.0, 3.1864, 1.3333]",1.109003639712776,1.1011851809241555,0.36363636363636365,0.17777777777777778,"[0.0, 0.0, 0.5333333333333333]",0.36363636363636365,0.17777777777777778,"[0.0, 0.0, 0.5333333333333333]",135,1.109003639712776,1.1011851809241555,135,STOPPED,28.51868769999419
1306,20251206_064154,gaitgl_OUMVLP.csv,Best_configs_v3,TCN,42,256,2,"[640, 448]","[3, 6]",3,2,hardswish,True,True,"[0.1, 0.1]","[True, True]",mean,384,32,AdamW,0.0,0.0001,0.0,minmax,0.03,1.0,"[1.0, 3.1864, 1.3333]",0.1431353835715461,1.5382711237127131,0.45454545454545453,0.34,"[0.52, 0.0, 0.5]",0.5454545454545454,0.3965432098765433,"[0.6296296296296297, 0.0, 0.56]",734,0.14374364712803633,1.8095800334757024,883,STOPPED,185.7579914000089
1307,20251206_064351,gaitpart_GREW.csv,Best_configs_v3,TCN,42,256,2,"[640, 448]","[3, 6]",3,2,hardswish,True,True,"[0.1, 0.1]","[True, True]",mean,384,32,AdamW,0.0,0.0001,0.0,minmax,0.03,1.0,"[1.0, 3.1864, 1.3333]",0.14172947291553634,1.2104977802796797,0.5,0.47434715821812595,"[0.5714285714285714, 0.4, 0.45161290322580644]",0.5681818181818182,0.5630161007492428,"[0.6341463414634146, 0.5882352941176471, 0.4666666666666667]",658,0.14136395872253732,1.2357052889737217,708,STOPPED,116.25490640000498
1308,20251206_064553,gaitpart_OUMVLP.csv,Best_configs_v3,TCN,42,256,2,"[640, 448]","[3, 6]",3,2,hardswish,True,True,"[0.1, 0.1]","[True, True]",mean,384,32,AdamW,0.0,0.0001,0.0,minmax,0.03,1.0,"[1.0, 3.1864, 1.3333]",0.1428538126122091,1.1563814228231257,0.5227272727272727,0.4717086834733893,"[0.6, 0.2857142857142857, 0.5294117647058824]",0.6363636363636364,0.5942460317460317,"[0.6666666666666666, 0.42857142857142855, 0.6875]",153,0.5505448868594218,1.0357582677494397,743,STOPPED,121.19978439999977
1309,20251206_064800,gaitset.csv,Best_configs_v3,TCN,42,256,2,"[640, 448]","[3, 6]",3,2,hardswish,True,True,"[0.1, 0.1]","[True, True]",mean,384,32,AdamW,0.0,0.0001,0.0,minmax,0.03,1.0,"[1.0, 3.1864, 1.3333]",0.14174551109677738,1.6893195130608298,0.36363636363636365,0.30357142857142855,"[0.4583333333333333, 0.16666666666666666, 0.2857142857142857]",0.4090909090909091,0.3798584298584298,"[0.45714285714285713, 0.25, 0.43243243243243246]",111,0.7369922184452569,1.4450418190522627,613,STOPPED,126.24628760000633
1310,20251206_065037,gaitset_GREW.csv,Best_configs_v3,TCN,42,256,2,"[640, 448]","[3, 6]",3,2,hardswish,True,True,"[0.1, 0.1]","[True, True]",mean,384,32,AdamW,0.0,0.0001,0.0,minmax,0.03,1.0,"[1.0, 3.1864, 1.3333]",0.14131504397109612,1.567171952941201,0.4090909090909091,0.3149825783972125,"[0.4878048780487805, 0.0, 0.45714285714285713]",0.45454545454545453,0.4090108401084011,"[0.375, 0.26666666666666666, 0.5853658536585366]",209,0.1785505844145706,2.140462420203469,756,STOPPED,155.95137780001096
1311,20251206_065124,gaitset_OUMVLP.csv,Best_configs_v3,TCN,42,256,2,"[640, 448]","[3, 6]",3,2,hardswish,True,True,"[0.1, 0.1]","[True, True]",mean,384,32,AdamW,0.0,0.0001,0.0,minmax,0.03,1.0,"[1.0, 3.1864, 1.3333]",1.1087247858342437,1.0950372977690264,0.36363636363636365,0.17777777777777778,"[0.0, 0.0, 0.5333333333333333]",0.36363636363636365,0.17777777777777778,"[0.0, 0.0, 0.5333333333333333]",218,1.1087247858342437,1.0950372977690264,218,STOPPED,45.42110629999661
1312,20251206_065158,gln_phase1.csv,Best_configs_v3,TCN,42,256,2,"[640, 448]","[3, 6]",3,2,hardswish,True,True,"[0.1, 0.1]","[True, True]",mean,384,32,AdamW,0.0,0.0001,0.0,minmax,0.03,1.0,"[1.0, 3.1864, 1.3333]",1.108699102991635,1.099098888310519,0.36363636363636365,0.17777777777777778,"[0.0, 0.0, 0.5333333333333333]",0.36363636363636365,0.17777777777777778,"[0.0, 0.0, 0.5333333333333333]",124,1.108699102991635,1.099098888310519,124,STOPPED,32.35106960000121
1313,20251206_065253,gln_phase2.csv,Best_configs_v3,TCN,42,256,2,"[640, 448]","[3, 6]",3,2,hardswish,True,True,"[0.1, 0.1]","[True, True]",mean,384,32,AdamW,0.0,0.0001,0.0,minmax,0.03,1.0,"[1.0, 3.1864, 1.3333]",1.109982811298567,1.100430586121299,0.36363636363636365,0.17777777777777778,"[0.0, 0.0, 0.5333333333333333]",0.36363636363636365,0.17777777777777778,"[0.0, 0.0, 0.5333333333333333]",206,1.109982811298567,1.100430586121299,206,STOPPED,53.61779229999229
1340,20251206_065529,baseline_CASIAB.csv,Best_configs_v3,TCN,42,256,4,"[448, 448, 448, 448]","[1, 2, 4, 8]",3,2,gelu,True,True,"[0.1, 0.1, 0.1, 0.1]","[True, True, True, True]",mean,320,40,AdamW,0.0,2e-05,1e-05,L2,0.03,1.0,"[1.0, 3.1864, 1.3333]",0.14020615739306225,1.499436465176669,0.5454545454545454,0.39386189258312027,"[0.6521739130434783, 0.0, 0.5294117647058824]",0.6136363636363636,0.5665584415584415,"[0.6818181818181818, 0.375, 0.6428571428571429]",304,0.1498380298774267,1.5537072745236484,854,STOPPED,154.88790689999587
1341,20251206_065843,baseline_OUMVLP.csv,Best_configs_v3,TCN,42,256,4,"[448, 448, 448, 448]","[1, 2, 4, 8]",3,2,gelu,True,True,"[0.1, 0.1, 0.1, 0.1]","[True, True, True, True]",mean,320,40,AdamW,0.0,2e-05,1e-05,L2,0.03,1.0,"[1.0, 3.1864, 1.3333]",0.14040059941945618,1.7057093273509631,0.5,0.4339691473837815,"[0.4878048780487805, 0.25, 0.5641025641025641]",0.5681818181818182,0.5445526498158076,"[0.5405405405405406, 0.46153846153846156, 0.631578947368421]",124,0.5136125198344594,1.2604633461345325,1073,STOPPED,193.8085640000063
1342,20251206_070036,gaitgl.csv,Best_configs_v3,TCN,42,128,4,"[448, 448, 448, 448]","[1, 2, 4, 8]",3,2,gelu,True,True,"[0.1, 0.1, 0.1, 0.1]","[True, True, True, True]",mean,320,40,AdamW,0.0,2e-05,1e-05,L2,0.03,1.0,"[1.0, 3.1864, 1.3333]",0.1417686183428027,1.3594003590670498,0.45454545454545453,0.32926829268292684,"[0.5, 0.0, 0.4878048780487805]",0.5,0.43154200712340246,"[0.5581395348837209, 0.25, 0.4864864864864865]",387,0.14101904354144618,1.3337402777238325,500,STOPPED,111.38005300000077
1343,20251206_070330,gaitgl_GREW.csv,Best_configs_v3,TCN,42,256,4,"[448, 448, 448, 448]","[1, 2, 4, 8]",3,2,gelu,True,True,"[0.1, 0.1, 0.1, 0.1]","[True, True, True, True]",mean,320,40,AdamW,0.0,2e-05,1e-05,L2,0.03,1.0,"[1.0, 3.1864, 1.3333]",0.1409324143350739,1.1084830977699973,0.5681818181818182,0.479328165374677,"[0.6046511627906976, 0.2222222222222222, 0.6111111111111112]",0.6363636363636364,0.6325757575757575,"[0.6060606060606061, 0.625, 0.6666666666666666]",189,0.15529408113858134,1.3807757767764004,743,STOPPED,173.60431609999796
1344,20251206_070623,gaitgl_GREW_BNNeck.csv,Best_configs_v3,TCN,42,256,4,"[448, 448, 448, 448]","[1, 2, 4, 8]",3,2,gelu,True,True,"[0.1, 0.1, 0.1, 0.1]","[True, True, True, True]",mean,320,40,AdamW,0.0,2e-05,1e-05,L2,0.03,1.0,"[1.0, 3.1864, 1.3333]",0.14123249361195514,1.7103603102944114,0.38636363636363635,0.33665026833631484,"[0.4186046511627907, 0.15384615384615385, 0.4375]",0.5227272727272727,0.4444444444444445,"[0.5454545454545454, 0.18181818181818182, 0.6060606060606061]",81,0.7171076634495529,1.1326904730363325,740,STOPPED,171.3308953000087
1345,20251206_071102,gaitgl_OUMVLP.csv,Best_configs_v3,TCN,42,256,4,"[448, 448, 448, 448]","[1, 2, 4, 8]",3,2,gelu,True,True,"[0.1, 0.1, 0.1, 0.1]","[True, True, True, True]",mean,320,40,AdamW,0.0,2e-05,1e-05,L2,0.03,1.0,"[1.0, 3.1864, 1.3333]",0.14039920623769464,1.5358342040668835,0.5227272727272727,0.4393223010244287,"[0.5957446808510638, 0.2222222222222222, 0.5]",0.6136363636363636,0.5539526592878166,"[0.6511627906976745, 0.36363636363636365, 0.6470588235294118]",375,0.2136032618198198,1.2047245502471924,1192,STOPPED,277.4460634999996
1346,20251206_071401,gaitpart_GREW.csv,Best_configs_v3,TCN,42,256,4,"[448, 448, 448, 448]","[1, 2, 4, 8]",3,2,gelu,True,True,"[0.1, 0.1, 0.1, 0.1]","[True, True, True, True]",mean,320,40,AdamW,0.0,2e-05,1e-05,L2,0.03,1.0,"[1.0, 3.1864, 1.3333]",0.14039376424145453,1.6362110484730115,0.5227272727272727,0.48485135989879824,"[0.65, 0.35294117647058826, 0.45161290322580644]",0.5909090909090909,0.5661616161616162,"[0.6818181818181818, 0.6, 0.4166666666666667]",371,0.1501901649015466,1.7039980238134211,1073,STOPPED,178.45873710000888
1347,20251206_071848,gaitpart_OUMVLP.csv,Best_configs_v3,TCN,42,256,4,"[448, 448, 448, 448]","[1, 2, 4, 8]",3,2,gelu,True,True,"[0.1, 0.1, 0.1, 0.1]","[True, True, True, True]",mean,320,40,AdamW,0.0,2e-05,1e-05,L2,0.03,1.0,"[1.0, 3.1864, 1.3333]",0.14024641065253424,1.6662465875799006,0.4772727272727273,0.43349113524552124,"[0.5714285714285714, 0.21052631578947367, 0.5185185185185185]",0.6136363636363636,0.5499999999999999,"[0.65, 0.3333333333333333, 0.6666666666666666]",513,0.23238234390917512,1.3280061808499424,1724,STOPPED,286.4584401000029
1348,20251206_072224,gaitset.csv,Best_configs_v3,TCN,42,256,4,"[448, 448, 448, 448]","[1, 2, 4, 8]",3,2,gelu,True,True,"[0.1, 0.1, 0.1, 0.1]","[True, True, True, True]",mean,320,40,AdamW,0.0,2e-05,1e-05,L2,0.03,1.0,"[1.0, 3.1864, 1.3333]",0.14109554210888972,1.9292331825603137,0.38636363636363635,0.272108843537415,"[0.5306122448979592, 0.0, 0.2857142857142857]",0.38636363636363635,0.36061469394802725,"[0.5128205128205128, 0.2962962962962963, 0.2727272727272727]",294,0.152761393293892,2.5581554499539463,939,STOPPED,215.28248289998737
1349,20251206_072609,gaitset_GREW.csv,Best_configs_v3,TCN,42,256,4,"[448, 448, 448, 448]","[1, 2, 4, 8]",3,2,gelu,True,True,"[0.1, 0.1, 0.1, 0.1]","[True, True, True, True]",mean,320,40,AdamW,0.0,2e-05,1e-05,L2,0.03,1.0,"[1.0, 3.1864, 1.3333]",0.14116811567975074,1.311577926982533,0.5227272727272727,0.3838779956427015,"[0.6222222222222222, 0.0, 0.5294117647058824]",0.5681818181818182,0.41445035460992913,"[0.6808510638297872, 0.0, 0.5625]",782,0.1405702307052219,1.2936304265802556,968,STOPPED,223.27154300000984
1350,20251206_073029,gaitset_OUMVLP.csv,Best_configs_v3,TCN,42,256,4,"[448, 448, 448, 448]","[1, 2, 4, 8]",3,2,gelu,True,True,"[0.1, 0.1, 0.1, 0.1]","[True, True, True, True]",mean,320,40,AdamW,0.0,2e-05,1e-05,L2,0.03,1.0,"[1.0, 3.1864, 1.3333]",0.17533499263611035,1.6602349064566873,0.5,0.36621534493874924,"[0.5531914893617021, 0.0, 0.5454545454545454]",0.5454545454545454,0.4919604205318491,"[0.6122448979591837, 0.36363636363636365, 0.5]",900,0.18982889065422962,1.711700981313532,1130,STOPPED,259.22269270000106
1351,20251206_073423,gln_phase1.csv,Best_configs_v3,TCN,42,256,4,"[448, 448, 448, 448]","[1, 2, 4, 8]",3,2,gelu,True,True,"[0.1, 0.1, 0.1, 0.1]","[True, True, True, True]",mean,320,40,AdamW,0.0,2e-05,1e-05,L2,0.03,1.0,"[1.0, 3.1864, 1.3333]",0.1411643217212146,1.2411404956470837,0.5909090909090909,0.49603174603174605,"[0.6666666666666666, 0.25, 0.5714285714285714]",0.6363636363636364,0.5820524081393647,"[0.6956521739130435, 0.4444444444444444, 0.6060606060606061]",693,0.14112939939056476,1.2665346319025212,829,STOPPED,232.65881629999785
1352,20251206_073813,gln_phase2.csv,Best_configs_v3,TCN,42,256,4,"[448, 448, 448, 448]","[1, 2, 4, 8]",3,2,gelu,True,True,"[0.1, 0.1, 0.1, 0.1]","[True, True, True, True]",mean,320,40,AdamW,0.0,2e-05,1e-05,L2,0.03,1.0,"[1.0, 3.1864, 1.3333]",0.14072986239010526,1.2024591402574019,0.4772727272727273,0.40404040404040403,"[0.5454545454545454, 0.18181818181818182, 0.48484848484848486]",0.5909090909090909,0.5273423894113549,"[0.6666666666666666, 0.36363636363636365, 0.5517241379310345]",477,0.14378733763989715,1.2369395169344815,813,STOPPED,227.9307703000086
1548,20251206_073947,baseline_CASIAB.csv,Best_configs_v3,TCN,42,256,5,"[192, 256, 320, 384, 448]","[1, 2, 3, 4, 5]",3,3,silu,True,True,"[0.2, 0.2, 0.2, 0.2, 0.2]","[True, True, True, True, True]",attention,256,56,AdamW,0.0,2e-05,1e-05,L2,0.03,1.0,"[1.0, 3.1864, 1.3333]",0.14060257129447976,1.9932479858398438,0.4090909090909091,0.3111111111111111,"[0.47619047619047616, 0.0, 0.45714285714285713]",0.4772727272727273,0.40623306233062334,"[0.5853658536585366, 0.13333333333333333, 0.5]",50,0.6448377297096646,1.2122095823287964,466,STOPPED,92.889588799997
1549,20251206_074131,baseline_OUMVLP.csv,Best_configs_v3,TCN,42,256,5,"[192, 256, 320, 384, 448]","[1, 2, 3, 4, 5]",3,3,silu,True,True,"[0.2, 0.2, 0.2, 0.2, 0.2]","[True, True, True, True, True]",attention,256,56,AdamW,0.0,2e-05,1e-05,L2,0.03,1.0,"[1.0, 3.1864, 1.3333]",0.1398669508929105,1.6367202997207642,0.4772727272727273,0.4166666666666667,"[0.5, 0.25, 0.5]",0.5454545454545454,0.5204425204425204,"[0.5454545454545454, 0.4444444444444444, 0.5714285714285714]",188,0.14763159896295094,1.5717263221740723,521,STOPPED,103.36216369998874
1550,20251206_074329,gaitgl.csv,Best_configs_v3,TCN,42,128,5,"[192, 256, 320, 384, 448]","[1, 2, 3, 4, 5]",3,3,silu,True,True,"[0.2, 0.2, 0.2, 0.2, 0.2]","[True, True, True, True, True]",attention,256,56,AdamW,0.0,2e-05,1e-05,L2,0.03,1.0,"[1.0, 3.1864, 1.3333]",0.14015014147021107,1.6833745241165161,0.45454545454545453,0.3858585858585859,"[0.5333333333333333, 0.2, 0.42424242424242425]",0.5454545454545454,0.5,"[0.5909090909090909, 0.36363636363636365, 0.5454545454545454]",39,0.4700257864195047,1.121507167816162,501,STOPPED,117.22009380000236
1551,20251206_074511,gaitgl_GREW.csv,Best_configs_v3,TCN,42,256,5,"[192, 256, 320, 384, 448]","[1, 2, 3, 4, 5]",3,3,silu,True,True,"[0.2, 0.2, 0.2, 0.2, 0.2]","[True, True, True, True, True]",attention,256,56,AdamW,0.0,2e-05,1e-05,L2,0.03,1.0,"[1.0, 3.1864, 1.3333]",0.14093505552749044,1.6776549816131592,0.45454545454545453,0.3760454002389486,"[0.5833333333333334, 0.2222222222222222, 0.3225806451612903]",0.45454545454545453,0.4483204134366925,"[0.5116279069767442, 0.4444444444444444, 0.3888888888888889]",41,0.4404184615489134,1.2294894456863403,409,STOPPED,100.61554250000336
1552,20251206_074702,gaitgl_GREW_BNNeck.csv,Best_configs_v3,TCN,42,256,5,"[192, 256, 320, 384, 448]","[1, 2, 3, 4, 5]",3,3,silu,True,True,"[0.2, 0.2, 0.2, 0.2, 0.2]","[True, True, True, True, True]",attention,256,56,AdamW,0.0,2e-05,1e-05,L2,0.03,1.0,"[1.0, 3.1864, 1.3333]",0.14030127642080956,1.4779236316680908,0.5227272727272727,0.3903985507246377,"[0.6086956521739131, 0.0, 0.5625]",0.5454545454545454,0.4976657329598506,"[0.5714285714285714, 0.3333333333333333, 0.5882352941176471]",68,0.2446311930405725,1.4062201976776123,450,STOPPED,110.1074937999947
1553,20251206_074919,gaitgl_OUMVLP.csv,Best_configs_v3,TCN,42,256,5,"[192, 256, 320, 384, 448]","[1, 2, 3, 4, 5]",3,3,silu,True,True,"[0.2, 0.2, 0.2, 0.2, 0.2]","[True, True, True, True, True]",attention,256,56,AdamW,0.0,2e-05,1e-05,L2,0.03,1.0,"[1.0, 3.1864, 1.3333]",0.14004387959991535,1.703294277191162,0.45454545454545453,0.32566069906223355,"[0.5652173913043478, 0.0, 0.4117647058823529]",0.4772727272727273,0.4299027137736815,"[0.5714285714285714, 0.26666666666666666, 0.45161290322580644]",230,0.14495007079286673,1.7595759630203247,553,STOPPED,135.4955207000021
1554,20251206_075127,gaitpart_GREW.csv,Best_configs_v3,TCN,42,256,5,"[192, 256, 320, 384, 448]","[1, 2, 3, 4, 5]",3,3,silu,True,True,"[0.2, 0.2, 0.2, 0.2, 0.2]","[True, True, True, True, True]",attention,256,56,AdamW,0.0,2e-05,1e-05,L2,0.03,1.0,"[1.0, 3.1864, 1.3333]",0.14017230057224786,1.5533100366592407,0.5454545454545454,0.4605263157894737,"[0.55, 0.2, 0.631578947368421]",0.6136363636363636,0.6080186205087857,"[0.5161290322580645, 0.625, 0.6829268292682927]",102,0.38335142922155635,1.0683802366256714,666,STOPPED,127.35226309999416
1555,20251206_075420,gaitpart_OUMVLP.csv,Best_configs_v3,TCN,42,256,5,"[192, 256, 320, 384, 448]","[1, 2, 3, 4, 5]",3,3,silu,True,True,"[0.2, 0.2, 0.2, 0.2, 0.2]","[True, True, True, True, True]",attention,256,56,AdamW,0.0,2e-05,1e-05,L2,0.03,1.0,"[1.0, 3.1864, 1.3333]",0.13971545339859637,2.1041982173919678,0.4318181818181818,0.3175925925925926,"[0.5777777777777777, 0.0, 0.375]",0.5,0.4405765371282613,"[0.6222222222222222, 0.2857142857142857, 0.41379310344827586]",424,0.14769745149563268,1.8649001121520996,899,STOPPED,173.0228145000001
1556,20251206_075559,gaitset.csv,Best_configs_v3,TCN,42,256,5,"[192, 256, 320, 384, 448]","[1, 2, 3, 4, 5]",3,3,silu,True,True,"[0.2, 0.2, 0.2, 0.2, 0.2]","[True, True, True, True, True]",attention,256,56,AdamW,0.0,2e-05,1e-05,L2,0.03,1.0,"[1.0, 3.1864, 1.3333]",0.14027731965497597,1.879045009613037,0.4772727272727273,0.4009057971014493,"[0.5652173913043478, 0.2, 0.4375]",0.5227272727272727,0.43371126228269086,"[0.6122448979591837, 0.2222222222222222, 0.4666666666666667]",172,0.1412841898878825,1.89142644405365,400,STOPPED,97.28879529998812
1557,20251206_075802,gaitset_GREW.csv,Best_configs_v3,TCN,42,256,5,"[192, 256, 320, 384, 448]","[1, 2, 3, 4, 5]",3,3,silu,True,True,"[0.2, 0.2, 0.2, 0.2, 0.2]","[True, True, True, True, True]",attention,256,56,AdamW,0.0,2e-05,1e-05,L2,0.03,1.0,"[1.0, 3.1864, 1.3333]",0.14040680291111937,1.5668396949768066,0.5227272727272727,0.44162270478059956,"[0.5641025641025641, 0.18181818181818182, 0.5789473684210527]",0.5454545454545454,0.459986816084377,"[0.5853658536585366, 0.2, 0.5945945945945946]",452,0.1400284220262901,1.534712314605713,502,STOPPED,121.76815039999201
1558,20251206_080137,gaitset_OUMVLP.csv,Best_configs_v3,TCN,42,256,5,"[192, 256, 320, 384, 448]","[1, 2, 3, 4, 5]",3,3,silu,True,True,"[0.2, 0.2, 0.2, 0.2, 0.2]","[True, True, True, True, True]",attention,256,56,AdamW,0.0,2e-05,1e-05,L2,0.03,1.0,"[1.0, 3.1864, 1.3333]",0.14090404728638758,1.765507459640503,0.5227272727272727,0.38888888888888884,"[0.6666666666666666, 0.0, 0.5]",0.5454545454545454,0.48021181716833894,"[0.6521739130434783, 0.25, 0.5384615384615384]",666,0.14017032593795933,1.6346033811569214,885,STOPPED,214.21213159999752
1559,20251206_080341,gln_phase1.csv,Best_configs_v3,TCN,42,256,5,"[192, 256, 320, 384, 448]","[1, 2, 3, 4, 5]",3,3,silu,True,True,"[0.2, 0.2, 0.2, 0.2, 0.2]","[True, True, True, True, True]",attention,256,56,AdamW,0.0,2e-05,1e-05,L2,0.03,1.0,"[1.0, 3.1864, 1.3333]",0.14016376696911054,1.489078164100647,0.5681818181818182,0.5135387488328664,"[0.6190476190476191, 0.3333333333333333, 0.5882352941176471]",0.6363636363636364,0.5694565352568088,"[0.6976744186046512, 0.36363636363636365, 0.6470588235294118]",298,0.14019185919122598,1.410973310470581,397,STOPPED,122.32711050000216
1560,20251206_080628,gln_phase2.csv,Best_configs_v3,TCN,42,256,5,"[192, 256, 320, 384, 448]","[1, 2, 3, 4, 5]",3,3,silu,True,True,"[0.2, 0.2, 0.2, 0.2, 0.2]","[True, True, True, True, True]",attention,256,56,AdamW,0.0,2e-05,1e-05,L2,0.03,1.0,"[1.0, 3.1864, 1.3333]",0.14038486794098137,1.7947509288787842,0.45454545454545453,0.4344997967288989,"[0.5263157894736842, 0.35294117647058826, 0.42424242424242425]",0.5454545454545454,0.5472143033118643,"[0.5853658536585366, 0.5714285714285714, 0.48484848484848486]",245,0.1417082901467982,1.5724884271621704,538,STOPPED,165.05324900000414
1470,20251206_080725,baseline_CASIAB.csv,Best_configs_v3,TCN,42,256,1,[384],[7],7,1,silu,True,True,[0.05],[True],mean,256,64,AdamW,0.0,5e-05,1e-06,L2,0.03,1.0,"[1.0, 3.1864, 1.3333]",0.1410012961816542,1.5047451257705688,0.5,0.4409937888198758,"[0.6086956521739131, 0.2857142857142857, 0.42857142857142855]",0.5681818181818182,0.539031339031339,"[0.6222222222222222, 0.46153846153846156, 0.5333333333333333]",470,0.14609813175557815,1.657160997390747,934,STOPPED,55.74202309999964
1471,20251206_080829,baseline_OUMVLP.csv,Best_configs_v3,TCN,42,256,1,[384],[7],7,1,silu,True,True,[0.05],[True],mean,256,64,AdamW,0.0,5e-05,1e-06,L2,0.03,1.0,"[1.0, 3.1864, 1.3333]",0.14367090887630107,1.4355660676956177,0.5,0.42846902201740916,"[0.5714285714285714, 0.13333333333333333, 0.5806451612903226]",0.5681818181818182,0.5347347347347348,"[0.5555555555555556, 0.4, 0.6486486486486487]",194,0.521703634679932,1.2722622156143188,1061,STOPPED,63.18971459999739
1472,20251206_080913,gaitgl.csv,Best_configs_v3,TCN,42,128,1,[384],[7],7,1,silu,True,True,[0.05],[True],mean,256,64,AdamW,0.0,5e-05,1e-06,L2,0.03,1.0,"[1.0, 3.1864, 1.3333]",0.14057214181755007,1.463986873626709,0.36363636363636365,0.2768873403019744,"[0.4878048780487805, 0.0, 0.34285714285714286]",0.5,0.43489793564756085,"[0.6521739130434783, 0.3076923076923077, 0.3448275862068966]",221,0.2333646330636801,1.3660534620285034,684,STOPPED,43.647335600006045
1473,20251206_081009,gaitgl_GREW.csv,Best_configs_v3,TCN,42,256,1,[384],[7],7,1,silu,True,True,[0.05],[True],mean,256,64,AdamW,0.0,5e-05,1e-06,L2,0.03,1.0,"[1.0, 3.1864, 1.3333]",0.1413887693095453,1.245652675628662,0.5,0.4548503611971104,"[0.5882352941176471, 0.25, 0.5263157894736842]",0.5454545454545454,0.4913165266106443,"[0.5882352941176471, 0.2857142857142857, 0.6]",402,0.14252601494801412,1.3083343505859375,748,STOPPED,55.011699800001225
1474,20251206_081117,gaitgl_GREW_BNNeck.csv,Best_configs_v3,TCN,42,256,1,[384],[7],7,1,silu,True,True,[0.05],[True],mean,256,64,AdamW,0.0,5e-05,1e-06,L2,0.03,1.0,"[1.0, 3.1864, 1.3333]",0.14262232430202446,1.9057426452636719,0.36363636363636365,0.346969696969697,"[0.35, 0.26666666666666666, 0.42424242424242425]",0.5,0.42588383838383836,"[0.5333333333333333, 0.18181818181818182, 0.5625]",123,0.6725814594435937,1.1335060596466064,907,STOPPED,66.23846649999905
1475,20251206_081247,gaitgl_OUMVLP.csv,Best_configs_v3,TCN,42,256,1,[384],[7],7,1,silu,True,True,[0.05],[True],mean,256,64,AdamW,0.0,5e-05,1e-06,L2,0.03,1.0,"[1.0, 3.1864, 1.3333]",0.14333170283701002,1.392959475517273,0.45454545454545453,0.4395287736248834,"[0.5263157894736842, 0.34782608695652173, 0.4444444444444444]",0.5909090909090909,0.5664488017429193,"[0.5882352941176471, 0.4444444444444444, 0.6666666666666666]",557,0.23786120285692902,1.4044296741485596,1219,STOPPED,89.07006670000555
1476,20251206_081348,gaitpart_GREW.csv,Best_configs_v3,TCN,42,256,1,[384],[7],7,1,silu,True,True,[0.05],[True],mean,256,64,AdamW,0.0,5e-05,1e-06,L2,0.03,1.0,"[1.0, 3.1864, 1.3333]",0.14146259119830182,1.437510371208191,0.36363636363636365,0.3335582546108862,"[0.5263157894736842, 0.16666666666666666, 0.3076923076923077]",0.6136363636363636,0.5434555754323197,"[0.6976744186046512, 0.3076923076923077, 0.625]",257,0.24288751661163016,1.1620639562606812,1104,STOPPED,60.12762820000353
1477,20251206_081509,gaitpart_OUMVLP.csv,Best_configs_v3,TCN,42,256,1,[384],[7],7,1,silu,True,True,[0.05],[True],mean,256,64,AdamW,0.0,5e-05,1e-06,L2,0.03,1.0,"[1.0, 3.1864, 1.3333]",0.14181755168229035,1.265540361404419,0.5,0.4808612440191388,"[0.5789473684210527, 0.36363636363636365, 0.5]",0.6590909090909091,0.6325581395348837,"[0.6976744186046512, 0.5333333333333333, 0.6666666666666666]",588,0.20484894130033315,1.196182370185852,1471,STOPPED,80.85652659999323
1478,20251206_081620,gaitset.csv,Best_configs_v3,TCN,42,256,1,[384],[7],7,1,silu,True,True,[0.05],[True],mean,256,64,AdamW,0.0,5e-05,1e-06,L2,0.03,1.0,"[1.0, 3.1864, 1.3333]",0.141030824368762,1.780085802078247,0.36363636363636365,0.31831741243505945,"[0.4888888888888889, 0.23529411764705882, 0.23076923076923078]",0.4318181818181818,0.41547429782723905,"[0.5405405405405406, 0.35294117647058826, 0.35294117647058826]",113,0.7107568991552923,1.2611416578292847,963,STOPPED,70.20096470000863
1479,20251206_081744,gaitset_GREW.csv,Best_configs_v3,TCN,42,256,1,[384],[7],7,1,silu,True,True,[0.05],[True],mean,256,64,AdamW,0.0,5e-05,1e-06,L2,0.03,1.0,"[1.0, 3.1864, 1.3333]",0.14189075732354037,1.4830260276794434,0.4772727272727273,0.4342381327039077,"[0.5365853658536586, 0.25, 0.5161290322580645]",0.5454545454545454,0.4740973312401884,"[0.6530612244897959, 0.3076923076923077, 0.46153846153846156]",874,0.14431509076012777,1.5279620885849,1129,STOPPED,81.98362339999585
1480,20251206_082032,gaitset_OUMVLP.csv,Best_configs_v3,TCN,42,256,1,[384],[7],7,1,silu,True,True,[0.05],[True],mean,256,64,AdamW,0.0,5e-05,1e-06,L2,0.03,1.0,"[1.0, 3.1864, 1.3333]",0.14604589097278634,1.7345932722091675,0.3409090909090909,0.28165374677002586,"[0.5116279069767442, 0.1111111111111111, 0.2222222222222222]",0.4772727272727273,0.4445135348008125,"[0.5581395348837209, 0.36363636363636365, 0.4117647058823529]",427,0.6269727693390601,1.2469745874404907,2297,STOPPED,167.8166624999867
1481,20251206_082224,gln_phase1.csv,Best_configs_v3,TCN,42,256,1,[384],[7],7,1,silu,True,True,[0.05],[True],mean,256,64,AdamW,0.0,5e-05,1e-06,L2,0.03,1.0,"[1.0, 3.1864, 1.3333]",0.1418434210966543,1.4245949983596802,0.38636363636363635,0.357538230603246,"[0.47368421052631576, 0.23529411764705882, 0.36363636363636365]",0.5227272727272727,0.5342391304347825,"[0.5652173913043478, 0.6, 0.4375]",151,0.7274301052093506,1.1010853052139282,1217,STOPPED,109.76002800000424
1482,20251206_082351,gln_phase2.csv,Best_configs_v3,TCN,42,256,1,[384],[7],7,1,silu,True,True,[0.05],[True],mean,256,64,AdamW,0.0,5e-05,1e-06,L2,0.03,1.0,"[1.0, 3.1864, 1.3333]",0.14313872312147594,1.3576537370681763,0.5227272727272727,0.44086394086394093,"[0.5405405405405406, 0.16666666666666666, 0.6153846153846154]",0.5227272727272727,0.5052445929638911,"[0.6190476190476191, 0.5263157894736842, 0.37037037037037035]",128,0.7417049666040951,1.1203280687332153,941,STOPPED,85.12587849999545
820,20251206_082938,baseline_CASIAB.csv,Best_configs_v3,TCN,42,256,3,"[256, 320, 384]","[1, 2, 4]",3,1,gelu,True,True,"[0.05, 0.05, 0.05]","[True, True, True]",mean,256,96,SGD,0.0,0.0006,1e-05,L2,0.03,1.0,"[1.0, 3.1864, 1.3333]",0.6601868007600922,1.0633323192596436,0.38636363636363635,0.3347985347985348,"[0.46153846153846156, 0.14285714285714285, 0.4]",0.45454545454545453,0.43238304093567254,"[0.5263157894736842, 0.3333333333333333, 0.4375]",4489,0.7197033007120349,1.0862648487091064,5000,COMPLETED,347.09005339999567
821,20251206_083527,baseline_OUMVLP.csv,Best_configs_v3,TCN,42,256,3,"[256, 320, 384]","[1, 2, 4]",3,1,gelu,True,True,"[0.05, 0.05, 0.05]","[True, True, True]",mean,256,96,SGD,0.0,0.0006,1e-05,L2,0.03,1.0,"[1.0, 3.1864, 1.3333]",0.8043388920960967,1.0515857934951782,0.38636363636363635,0.37777777777777777,"[0.3333333333333333, 0.3, 0.5]",0.38636363636363635,0.37777777777777777,"[0.3333333333333333, 0.3, 0.5]",5000,0.8043388920960967,1.0515857934951782,5000,COMPLETED,347.9614920000022
822,20251206_084216,gaitgl.csv,Best_configs_v3,TCN,42,128,3,"[256, 320, 384]","[1, 2, 4]",3,1,gelu,True,True,"[0.05, 0.05, 0.05]","[True, True, True]",mean,256,96,SGD,0.0,0.0006,1e-05,L2,0.03,1.0,"[1.0, 3.1864, 1.3333]",0.6638170308673504,1.1239734888076782,0.3409090909090909,0.29908103592314117,"[0.3333333333333333, 0.14285714285714285, 0.42105263157894735]",0.36363636363636365,0.3556998556998557,"[0.42424242424242425, 0.3, 0.34285714285714286]",4425,0.745415503216773,1.1322077512741089,5000,COMPLETED,408.1286401999969
823,20251206_084958,gaitgl_GREW.csv,Best_configs_v3,TCN,42,256,3,"[256, 320, 384]","[1, 2, 4]",3,1,gelu,True,True,"[0.05, 0.05, 0.05]","[True, True, True]",mean,256,96,SGD,0.0,0.0006,1e-05,L2,0.03,1.0,"[1.0, 3.1864, 1.3333]",0.6921260676433131,1.0644809007644653,0.45454545454545453,0.35673811283567386,"[0.5853658536585366, 0.0, 0.48484848484848486]",0.4772727272727273,0.36655052264808363,"[0.5853658536585366, 0.0, 0.5142857142857142]",4878,0.7032245717097804,1.050537109375,5000,COMPLETED,461.19402359999367
824,20251206_085741,gaitgl_GREW_BNNeck.csv,Best_configs_v3,TCN,42,256,3,"[256, 320, 384]","[1, 2, 4]",3,1,gelu,True,True,"[0.05, 0.05, 0.05]","[True, True, True]",mean,256,96,SGD,0.0,0.0006,1e-05,L2,0.03,1.0,"[1.0, 3.1864, 1.3333]",0.8426238009610127,1.1073219776153564,0.36363636363636365,0.3278805120910384,"[0.3783783783783784, 0.10526315789473684, 0.5]",0.36363636363636365,0.3278805120910384,"[0.3783783783783784, 0.10526315789473684, 0.5]",5000,0.8426238009610127,1.1073219776153564,5000,COMPLETED,460.83229220000794
825,20251206_085900,gaitgl_OUMVLP.csv,Best_configs_v3,TCN,42,256,3,"[256, 320, 384]","[1, 2, 4]",3,1,gelu,True,True,"[0.05, 0.05, 0.05]","[True, True, True]",mean,256,96,SGD,0.0,0.0006,1e-05,L2,0.03,1.0,"[1.0, 3.1864, 1.3333]",1.1043432914104658,1.0952814817428589,0.5,0.38522144522144525,"[0.6538461538461539, 0.18181818181818182, 0.32]",0.5,0.38522144522144525,"[0.6538461538461539, 0.18181818181818182, 0.32]",848,1.1043432914104658,1.0952814817428589,848,STOPPED,78.5300666999974
826,20251206_090417,gaitpart_GREW.csv,Best_configs_v3,TCN,42,256,3,"[256, 320, 384]","[1, 2, 4]",3,1,gelu,True,True,"[0.05, 0.05, 0.05]","[True, True, True]",mean,256,96,SGD,0.0,0.0006,1e-05,L2,0.03,1.0,"[1.0, 3.1864, 1.3333]",0.631310746841824,1.0481456518173218,0.45454545454545453,0.44903435058233815,"[0.5142857142857142, 0.42105263157894735, 0.4117647058823529]",0.6136363636363636,0.613960113960114,"[0.6111111111111112, 0.6153846153846154, 0.6153846153846154]",4797,0.6655899433745551,1.0111361742019653,5000,COMPLETED,316.1036906000081
827,20251206_090512,gaitpart_OUMVLP.csv,Best_configs_v3,TCN,42,256,3,"[256, 320, 384]","[1, 2, 4]",3,1,gelu,True,True,"[0.05, 0.05, 0.05]","[True, True, True]",mean,256,96,SGD,0.0,0.0006,1e-05,L2,0.03,1.0,"[1.0, 3.1864, 1.3333]",1.1022183354367916,1.100874423980713,0.29545454545454547,0.25965537730243615,"[0.0, 0.29411764705882354, 0.48484848484848486]",0.29545454545454547,0.25965537730243615,"[0.0, 0.29411764705882354, 0.48484848484848486]",852,1.1022183354367916,1.100874423980713,852,STOPPED,54.299994400003925
828,20251206_091240,gaitset.csv,Best_configs_v3,TCN,42,256,3,"[256, 320, 384]","[1, 2, 4]",3,1,gelu,True,True,"[0.05, 0.05, 0.05]","[True, True, True]",mean,256,96,SGD,0.0,0.0006,1e-05,L2,0.03,1.0,"[1.0, 3.1864, 1.3333]",0.870718445974527,1.1219981908798218,0.4090909090909091,0.36904761904761907,"[0.5, 0.25, 0.35714285714285715]",0.4090909090909091,0.36904761904761907,"[0.5, 0.25, 0.35714285714285715]",5000,0.870718445974527,1.1219981908798218,5000,COMPLETED,446.95655740000075
829,20251206_092012,gaitset_GREW.csv,Best_configs_v3,TCN,42,256,3,"[256, 320, 384]","[1, 2, 4]",3,1,gelu,True,True,"[0.05, 0.05, 0.05]","[True, True, True]",mean,256,96,SGD,0.0,0.0006,1e-05,L2,0.03,1.0,"[1.0, 3.1864, 1.3333]",0.976042384953843,1.0788795948028564,0.38636363636363635,0.3569688109161793,"[0.47368421052631576, 0.2222222222222222, 0.375]",0.38636363636363635,0.3569688109161793,"[0.47368421052631576, 0.2222222222222222, 0.375]",5000,0.976042384953843,1.0788795948028564,5000,COMPLETED,451.02970970000024
830,20251206_092031,gaitset_OUMVLP.csv,Best_configs_v3,TCN,42,256,3,"[256, 320, 384]","[1, 2, 4]",3,1,gelu,True,True,"[0.05, 0.05, 0.05]","[True, True, True]",mean,256,96,SGD,0.0,0.0006,1e-05,L2,0.03,1.0,"[1.0, 3.1864, 1.3333]",1.1076290558293922,1.103759765625,0.1590909090909091,0.09150326797385622,"[0.0, 0.27450980392156865, 0.0]",0.1590909090909091,0.09150326797385622,"[0.0, 0.27450980392156865, 0.0]",201,1.1076290558293922,1.103759765625,201,STOPPED,17.81703849999758
831,20251206_093030,gln_phase1.csv,Best_configs_v3,TCN,42,256,3,"[256, 320, 384]","[1, 2, 4]",3,1,gelu,True,True,"[0.05, 0.05, 0.05]","[True, True, True]",mean,256,96,SGD,0.0,0.0006,1e-05,L2,0.03,1.0,"[1.0, 3.1864, 1.3333]",0.9646103062580541,1.087080478668213,0.29545454545454547,0.2947189999470311,"[0.3225806451612903, 0.2857142857142857, 0.27586206896551724]",0.29545454545454547,0.2947189999470311,"[0.3225806451612903, 0.2857142857142857, 0.27586206896551724]",5000,0.9646103062580541,1.087080478668213,5000,COMPLETED,597.7455621000117
832,20251206_094029,gln_phase2.csv,Best_configs_v3,TCN,42,256,3,"[256, 320, 384]","[1, 2, 4]",3,1,gelu,True,True,"[0.05, 0.05, 0.05]","[True, True, True]",mean,256,96,SGD,0.0,0.0006,1e-05,L2,0.03,1.0,"[1.0, 3.1864, 1.3333]",0.9560368835311575,1.099531650543213,0.36363636363636365,0.3105006105006105,"[0.5238095238095238, 0.3076923076923077, 0.1]",0.36363636363636365,0.3105006105006105,"[0.5238095238095238, 0.3076923076923077, 0.1]",5000,0.9560368835311575,1.099531650543213,5000,COMPLETED,597.2517395000032
807,20251206_094119,baseline_CASIAB.csv,Best_configs_v3,TCN,42,256,4,"[384, 512, 512, 512]","[1, 2, 4, 8]",5,2,gelu,True,True,"[None, 0.05, 0.1, 0.1]","[True, True, True, True]",max,512,128,AdamW,0.0,0.0001,1e-05,minmax,0.03,1.0,"[1.0, 3.1864, 1.3333]",0.14387020514797919,1.3419406414031982,0.4318181818181818,0.3717948717948718,"[0.46153846153846156, 0.15384615384615385, 0.5]",0.5227272727272727,0.5007865007865008,"[0.4864864864864865, 0.4444444444444444, 0.5714285714285714]",177,0.14706974392084732,1.3823491334915161,329,STOPPED,48.72896629999741
808,20251206_094245,baseline_OUMVLP.csv,Best_configs_v3,TCN,42,256,4,"[384, 512, 512, 512]","[1, 2, 4, 8]",5,2,gelu,True,True,"[None, 0.05, 0.1, 0.1]","[True, True, True, True]",max,512,128,AdamW,0.0,0.0001,1e-05,minmax,0.03,1.0,"[1.0, 3.1864, 1.3333]",0.144500233924266,1.1677356958389282,0.5454545454545454,0.4617446715007691,"[0.5365853658536586, 0.2, 0.6486486486486487]",0.5909090909090909,0.5459893048128343,"[0.5909090909090909, 0.4, 0.6470588235294118]",471,0.14231879748019977,1.1596859693527222,578,STOPPED,85.82938509999076
809,20251206_094450,gaitgl.csv,Best_configs_v3,TCN,42,128,4,"[384, 512, 512, 512]","[1, 2, 4, 8]",5,2,gelu,True,True,"[None, 0.05, 0.1, 0.1]","[True, True, True, True]",max,512,128,AdamW,0.0,0.0001,1e-05,minmax,0.03,1.0,"[1.0, 3.1864, 1.3333]",0.14050149379931776,1.267228603363037,0.45454545454545453,0.3259259259259259,"[0.5333333333333333, 0.0, 0.4444444444444444]",0.5454545454545454,0.5027436527436527,"[0.5945945945945946, 0.36363636363636365, 0.55]",378,0.14307001417445153,1.3547168970108032,582,STOPPED,123.60749150000629
810,20251206_094648,gaitgl_GREW.csv,Best_configs_v3,TCN,42,256,4,"[384, 512, 512, 512]","[1, 2, 4, 8]",5,2,gelu,True,True,"[None, 0.05, 0.1, 0.1]","[True, True, True, True]",max,512,128,AdamW,0.0,0.0001,1e-05,minmax,0.03,1.0,"[1.0, 3.1864, 1.3333]",0.14104238728579788,1.0053184032440186,0.6136363636363636,0.5103359173126615,"[0.6976744186046512, 0.2222222222222222, 0.6111111111111112]",0.5909090909090909,0.5364167995746943,"[0.6666666666666666, 0.36363636363636365, 0.5789473684210527]",358,0.14344212213127883,1.0696258544921875,526,STOPPED,117.12074259998917
811,20251206_094836,gaitgl_GREW_BNNeck.csv,Best_configs_v3,TCN,42,256,4,"[384, 512, 512, 512]","[1, 2, 4, 8]",5,2,gelu,True,True,"[None, 0.05, 0.1, 0.1]","[True, True, True, True]",max,512,128,AdamW,0.0,0.0001,1e-05,minmax,0.03,1.0,"[1.0, 3.1864, 1.3333]",0.14647988068688775,1.5159248113632202,0.5227272727272727,0.417283950617284,"[0.6296296296296297, 0.2222222222222222, 0.4]",0.5227272727272727,0.48958685128897894,"[0.5957446808510638, 0.42857142857142855, 0.4444444444444444]",430,0.14182786443798812,1.4040576219558716,480,STOPPED,107.09524899999087
812,20251206_095017,gaitgl_OUMVLP.csv,Best_configs_v3,TCN,42,256,4,"[384, 512, 512, 512]","[1, 2, 4, 8]",5,2,gelu,True,True,"[None, 0.05, 0.1, 0.1]","[True, True, True, True]",max,512,128,AdamW,0.0,0.0001,1e-05,minmax,0.03,1.0,"[1.0, 3.1864, 1.3333]",0.14941001913903915,1.1868230104446411,0.5227272727272727,0.42735042735042733,"[0.6153846153846154, 0.2222222222222222, 0.4444444444444444]",0.6136363636363636,0.5147667147667148,"[0.6857142857142857, 0.2222222222222222, 0.6363636363636364]",274,0.1633699176852236,1.3132678270339966,442,STOPPED,98.74609999998938
813,20251206_095119,gaitpart_GREW.csv,Best_configs_v3,TCN,42,256,4,"[384, 512, 512, 512]","[1, 2, 4, 8]",5,2,gelu,True,True,"[None, 0.05, 0.1, 0.1]","[True, True, True, True]",max,512,128,AdamW,0.0,0.0001,1e-05,minmax,0.03,1.0,"[1.0, 3.1864, 1.3333]",0.14301746499907111,1.2277610301971436,0.5454545454545454,0.4782905982905983,"[0.64, 0.3333333333333333, 0.46153846153846156]",0.6136363636363636,0.5738888888888889,"[0.7083333333333334, 0.5333333333333333, 0.48]",412,0.1419193921322675,1.2327824831008911,554,STOPPED,61.54698310000822
814,20251206_095313,gaitpart_OUMVLP.csv,Best_configs_v3,TCN,42,256,4,"[384, 512, 512, 512]","[1, 2, 4, 8]",5,2,gelu,True,True,"[None, 0.05, 0.1, 0.1]","[True, True, True, True]",max,512,128,AdamW,0.0,0.0001,1e-05,minmax,0.03,1.0,"[1.0, 3.1864, 1.3333]",0.1401287566140755,1.4477626085281372,0.4772727272727273,0.40014430014430014,"[0.5909090909090909, 0.14285714285714285, 0.4666666666666667]",0.5909090909090909,0.539650342895779,"[0.7142857142857143, 0.35294117647058826, 0.5517241379310345]",195,0.5279383370556783,1.1071693897247314,1013,STOPPED,113.55079579999438
815,20251206_095425,gaitset.csv,Best_configs_v3,TCN,42,256,4,"[384, 512, 512, 512]","[1, 2, 4, 8]",5,2,gelu,True,True,"[None, 0.05, 0.1, 0.1]","[True, True, True, True]",max,512,128,AdamW,0.0,0.0001,1e-05,minmax,0.03,1.0,"[1.0, 3.1864, 1.3333]",0.14272787076296264,1.2929118871688843,0.4318181818181818,0.35515416894727236,"[0.5777777777777777, 0.14285714285714285, 0.3448275862068966]",0.5,0.4851994851994852,"[0.4864864864864865, 0.42857142857142855, 0.5405405405405406]",51,0.530161469867549,1.1482051610946655,320,STOPPED,70.7505744999944
816,20251206_095544,gaitset_GREW.csv,Best_configs_v3,TCN,42,256,4,"[384, 512, 512, 512]","[1, 2, 4, 8]",5,2,gelu,True,True,"[None, 0.05, 0.1, 0.1]","[True, True, True, True]",max,512,128,AdamW,0.0,0.0001,1e-05,minmax,0.03,1.0,"[1.0, 3.1864, 1.3333]",0.1446839683141905,1.37939453125,0.4090909090909091,0.3787172752689994,"[0.5405405405405406, 0.18181818181818182, 0.41379310344827586]",0.5681818181818182,0.4727668845315904,"[0.6666666666666666, 0.2222222222222222, 0.5294117647058824]",136,0.16374232842750155,1.3137398958206177,357,STOPPED,78.01311939999869
817,20251206_100003,gaitset_OUMVLP.csv,Best_configs_v3,TCN,42,256,4,"[384, 512, 512, 512]","[1, 2, 4, 8]",5,2,gelu,True,True,"[None, 0.05, 0.1, 0.1]","[True, True, True, True]",max,512,128,AdamW,0.0,0.0001,1e-05,minmax,0.03,1.0,"[1.0, 3.1864, 1.3333]",0.1396206154958489,1.2075244188308716,0.5909090909090909,0.4805555555555556,"[0.7083333333333334, 0.2, 0.5333333333333333]",0.5909090909090909,0.5639187574671446,"[0.6666666666666666, 0.4444444444444444, 0.5806451612903226]",751,0.1439211499906078,1.282524824142456,1179,STOPPED,257.6135406999965
818,20251206_100242,gln_phase1.csv,Best_configs_v3,TCN,42,256,4,"[384, 512, 512, 512]","[1, 2, 4, 8]",5,2,gelu,True,True,"[None, 0.05, 0.1, 0.1]","[True, True, True, True]",max,512,128,AdamW,0.0,0.0001,1e-05,minmax,0.03,1.0,"[1.0, 3.1864, 1.3333]",0.14362583501437276,1.2142597436904907,0.5,0.4389411354928596,"[0.6363636363636364, 0.26666666666666666, 0.41379310344827586]",0.6136363636363636,0.5376984126984127,"[0.7083333333333334, 0.3333333333333333, 0.5714285714285714]",462,0.142664547279938,1.096251368522644,519,STOPPED,157.37830569999642
819,20251206_100525,gln_phase2.csv,Best_configs_v3,TCN,42,256,4,"[384, 512, 512, 512]","[1, 2, 4, 8]",5,2,gelu,True,True,"[None, 0.05, 0.1, 0.1]","[True, True, True, True]",max,512,128,AdamW,0.0,0.0001,1e-05,minmax,0.03,1.0,"[1.0, 3.1864, 1.3333]",0.14295949118653523,0.9789789319038391,0.5681818181818182,0.5138380711136129,"[0.5789473684210527, 0.23529411764705882, 0.7272727272727273]",0.7045454545454546,0.6352941176470588,"[0.7555555555555555, 0.4444444444444444, 0.7058823529411765]",314,0.14309805478017354,0.9195747375488281,529,STOPPED,160.84272409998812
105,20251206_100752,baseline_CASIAB.csv,Best_configs_v3,TCN,42,256,4,"[128, 128, 128, 128]","[1, 4, 7, 10]",3,2,prelu,False,True,"[None, None, 0.2, None]","[False, True, False, False]",mean,256,16,AdamW,0.0,0.0001,0.0,L2,0.03,1.0,"[1.0, 3.1864, 1.3333]",0.14192902027946158,1.4240105477246372,0.5454545454545454,0.48405797101449277,"[0.6521739130434783, 0.3333333333333333, 0.4666666666666667]",0.5909090909090909,0.5382246376811595,"[0.6521739130434783, 0.4, 0.5625]",220,0.14327769181163041,1.3389871662313289,470,STOPPED,146.7077619000047
106,20251206_100934,baseline_OUMVLP.csv,Best_configs_v3,TCN,42,256,4,"[128, 128, 128, 128]","[1, 4, 7, 10]",3,2,prelu,False,True,"[None, None, 0.2, None]","[False, True, False, False]",mean,256,16,AdamW,0.0,0.0001,0.0,L2,0.03,1.0,"[1.0, 3.1864, 1.3333]",0.14278734145090752,2.021333174272017,0.45454545454545453,0.3819444444444445,"[0.3125, 0.25, 0.5833333333333334]",0.5909090909090909,0.5446715007690618,"[0.5853658536585366, 0.4, 0.6486486486486487]",56,0.4781189948013148,1.4146451083096592,328,STOPPED,101.58462799999688
107,20251206_101202,gaitgl.csv,Best_configs_v3,TCN,42,128,4,"[128, 128, 128, 128]","[1, 4, 7, 10]",3,2,prelu,False,True,"[None, None, 0.2, None]","[False, True, False, False]",mean,256,16,AdamW,0.0,0.0001,0.0,L2,0.03,1.0,"[1.0, 3.1864, 1.3333]",0.14121464140636406,1.8159922036257656,0.38636363636363635,0.25862068965517243,"[0.5, 0.0, 0.27586206896551724]",0.45454545454545453,0.3927648578811369,"[0.5116279069767442, 0.2222222222222222, 0.4444444444444444]",28,0.6084618390220957,1.3802629059011287,486,STOPPED,146.59393699999782
108,20251206_101341,gaitgl_GREW.csv,Best_configs_v3,TCN,42,256,4,"[128, 128, 128, 128]","[1, 4, 7, 10]",3,2,prelu,False,True,"[None, None, 0.2, None]","[False, True, False, False]",mean,256,16,AdamW,0.0,0.0001,0.0,L2,0.03,1.0,"[1.0, 3.1864, 1.3333]",0.14362846760405706,1.4012007388201626,0.5,0.48503526014770393,"[0.5555555555555556, 0.34782608695652173, 0.5517241379310345]",0.5909090909090909,0.5277777777777778,"[0.65, 0.26666666666666666, 0.6666666666666666]",217,0.14264562756744856,1.1882691708478061,315,STOPPED,97.64287039999908
109,20251206_101558,gaitgl_GREW_BNNeck.csv,Best_configs_v3,TCN,42,256,4,"[128, 128, 128, 128]","[1, 4, 7, 10]",3,2,prelu,False,True,"[None, None, 0.2, None]","[False, True, False, False]",mean,256,16,AdamW,0.0,0.0001,0.0,L2,0.03,1.0,"[1.0, 3.1864, 1.3333]",0.14204618457666376,1.8843897147612139,0.4090909090909091,0.34120515499825843,"[0.5454545454545454, 0.13333333333333333, 0.3448275862068966]",0.5454545454545454,0.46274509803921565,"[0.5777777777777777, 0.2222222222222222, 0.5882352941176471]",44,0.5364741123828691,1.337923906066201,438,STOPPED,135.9300147999893
110,20251206_101820,gaitgl_OUMVLP.csv,Best_configs_v3,TCN,42,256,4,"[128, 128, 128, 128]","[1, 4, 7, 10]",3,2,prelu,False,True,"[None, None, 0.2, None]","[False, True, False, False]",mean,256,16,AdamW,0.0,0.0001,0.0,L2,0.03,1.0,"[1.0, 3.1864, 1.3333]",0.14282299701086024,1.1562097614461726,0.5681818181818182,0.5002886002886003,"[0.6818181818181818, 0.2857142857142857, 0.5333333333333333]",0.5909090909090909,0.5262848103594159,"[0.6829268292682927, 0.3076923076923077, 0.5882352941176471]",400,0.14205880271098048,1.1352788643403486,450,STOPPED,141.00762440000835
111,20251206_102038,gaitpart_GREW.csv,Best_configs_v3,TCN,42,256,4,"[128, 128, 128, 128]","[1, 4, 7, 10]",3,2,prelu,False,True,"[None, None, 0.2, None]","[False, True, False, False]",mean,256,16,AdamW,0.0,0.0001,0.0,L2,0.03,1.0,"[1.0, 3.1864, 1.3333]",0.14299851855666368,1.6037398251620205,0.45454545454545453,0.39908125179443005,"[0.6046511627906976, 0.2222222222222222, 0.37037037037037035]",0.5681818181818182,0.5482363315696649,"[0.65, 0.47619047619047616, 0.5185185185185185]",341,0.14197113372615933,1.6272064664147117,463,STOPPED,137.260609200006
112,20251206_102244,gaitpart_OUMVLP.csv,Best_configs_v3,TCN,42,256,4,"[128, 128, 128, 128]","[1, 4, 7, 10]",3,2,prelu,False,True,"[None, None, 0.2, None]","[False, True, False, False]",mean,256,16,AdamW,0.0,0.0001,0.0,L2,0.03,1.0,"[1.0, 3.1864, 1.3333]",0.1415710633563012,1.5631901242516257,0.5454545454545454,0.4550135501355013,"[0.7317073170731707, 0.13333333333333333, 0.5]",0.6590909090909091,0.5494579945799458,"[0.7317073170731707, 0.25, 0.6666666666666666]",201,0.16361331878249177,1.1928648515181108,423,STOPPED,126.19392900000094
113,20251206_102445,gaitset.csv,Best_configs_v3,TCN,42,256,4,"[128, 128, 128, 128]","[1, 4, 7, 10]",3,2,prelu,False,True,"[None, None, 0.2, None]","[False, True, False, False]",mean,256,16,AdamW,0.0,0.0001,0.0,L2,0.03,1.0,"[1.0, 3.1864, 1.3333]",0.14314498667864456,1.8788625435395674,0.38636363636363635,0.27777777777777773,"[0.5, 0.0, 0.3333333333333333]",0.45454545454545453,0.387037037037037,"[0.55, 0.16666666666666666, 0.4444444444444444]",37,0.5748056956787699,1.4354414506392046,385,STOPPED,119.6274332999892
114,20251206_102659,gaitset_GREW.csv,Best_configs_v3,TCN,42,256,4,"[128, 128, 128, 128]","[1, 4, 7, 10]",3,2,prelu,False,True,"[None, None, 0.2, None]","[False, True, False, False]",mean,256,16,AdamW,0.0,0.0001,0.0,L2,0.03,1.0,"[1.0, 3.1864, 1.3333]",0.14237153161432325,1.7599709250710227,0.5,0.42239467849223944,"[0.5853658536585366, 0.18181818181818182, 0.5]",0.5909090909090909,0.576659891598916,"[0.6341463414634146, 0.5333333333333333, 0.5625]",103,0.17526654177105305,1.2962930744344539,430,STOPPED,132.76607220000005
115,20251206_103001,gaitset_OUMVLP.csv,Best_configs_v3,TCN,42,256,4,"[128, 128, 128, 128]","[1, 4, 7, 10]",3,2,prelu,False,True,"[None, None, 0.2, None]","[False, True, False, False]",mean,256,16,AdamW,0.0,0.0001,0.0,L2,0.03,1.0,"[1.0, 3.1864, 1.3333]",0.14384805449505442,1.3111537586558948,0.6363636363636364,0.5587429854096521,"[0.72, 0.36363636363636365, 0.5925925925925926]",0.6590909090909091,0.5820512820512821,"[0.7307692307692307, 0.4, 0.6153846153846154]",372,0.1458149612257161,1.1530560525980862,586,STOPPED,180.44766229999368
116,20251206_103235,gln_phase1.csv,Best_configs_v3,TCN,42,256,4,"[128, 128, 128, 128]","[1, 4, 7, 10]",3,2,prelu,False,True,"[None, None, 0.2, None]","[False, True, False, False]",mean,256,16,AdamW,0.0,0.0001,0.0,L2,0.03,1.0,"[1.0, 3.1864, 1.3333]",0.14258637893752954,1.9636376120827415,0.4090909090909091,0.3808992939427722,"[0.5641025641025641, 0.23076923076923078, 0.34782608695652173]",0.5454545454545454,0.50503663003663,"[0.625, 0.42857142857142855, 0.46153846153846156]",53,0.5409289739795566,1.3408234227787366,480,STOPPED,152.41055419998884
117,20251206_103430,gln_phase2.csv,Best_configs_v3,TCN,42,256,4,"[128, 128, 128, 128]","[1, 4, 7, 10]",3,2,prelu,False,True,"[None, None, 0.2, None]","[False, True, False, False]",mean,256,16,AdamW,0.0,0.0001,0.0,L2,0.03,1.0,"[1.0, 3.1864, 1.3333]",0.14631081518438674,1.958459355614402,0.38636363636363635,0.3854406130268199,"[0.4666666666666667, 0.13793103448275862, 0.5517241379310345]",0.5909090909090909,0.5108363858363858,"[0.7083333333333334, 0.2857142857142857, 0.5384615384615384]",184,0.1610375077454085,1.20133728872646,355,STOPPED,113.44203439999546
1327,20251206_103446,baseline_CASIAB.csv,Best_configs_v3,TCN,42,256,2,"[448, 256]","[1, 2]",3,1,gelu,False,True,"[None, None]","[False, True]",max,256,64,AdamW,0.0,3e-05,1e-06,L2,0.03,1.0,"[1.0, 3.1864, 1.3333]",0.14190554511301295,1.2681159973144531,0.5,0.4737285672769544,"[0.5405405405405406, 0.3, 0.5806451612903226]",0.5681818181818182,0.5333333333333333,"[0.6, 0.375, 0.625]",198,0.1403987731822987,1.2409061193466187,248,STOPPED,15.506724499995471
1328,20251206_103509,baseline_OUMVLP.csv,Best_configs_v3,TCN,42,256,2,"[448, 256]","[1, 2]",3,1,gelu,False,True,"[None, None]","[False, True]",max,256,64,AdamW,0.0,3e-05,1e-06,L2,0.03,1.0,"[1.0, 3.1864, 1.3333]",0.14154682922916315,1.4903239011764526,0.36363636363636365,0.3372463372463373,"[0.30303030303030304, 0.2222222222222222, 0.4864864864864865]",0.5454545454545454,0.508994708994709,"[0.5714285714285714, 0.4, 0.5555555555555556]",64,0.22868951356288084,1.3101657629013062,362,STOPPED,22.21588950000296
1329,20251206_103522,gaitgl.csv,Best_configs_v3,TCN,42,128,2,"[448, 256]","[1, 2]",3,1,gelu,False,True,"[None, None]","[False, True]",max,256,64,AdamW,0.0,3e-05,1e-06,L2,0.03,1.0,"[1.0, 3.1864, 1.3333]",0.14003207388612413,1.2045440673828125,0.38636363636363635,0.34352009054895305,"[0.47368421052631576, 0.10526315789473684, 0.45161290322580644]",0.5227272727272727,0.4396456256921373,"[0.6046511627906976, 0.2, 0.5142857142857142]",27,0.44252281705128776,1.046891689300537,192,STOPPED,12.255640899995342
1330,20251206_103538,gaitgl_GREW.csv,Best_configs_v3,TCN,42,256,2,"[448, 256]","[1, 2]",3,1,gelu,False,True,"[None, None]","[False, True]",max,256,64,AdamW,0.0,3e-05,1e-06,L2,0.03,1.0,"[1.0, 3.1864, 1.3333]",0.13994946768603375,1.1228054761886597,0.5,0.4751322751322751,"[0.6, 0.38095238095238093, 0.4444444444444444]",0.5,0.47997951868919614,"[0.5238095238095238, 0.4, 0.5161290322580645]",16,0.7230237292260239,1.0677268505096436,202,STOPPED,14.693558600003598
1331,20251206_103555,gaitgl_GREW_BNNeck.csv,Best_configs_v3,TCN,42,256,2,"[448, 256]","[1, 2]",3,1,gelu,False,True,"[None, None]","[False, True]",max,256,64,AdamW,0.0,3e-05,1e-06,L2,0.03,1.0,"[1.0, 3.1864, 1.3333]",0.14014341459446347,1.3684636354446411,0.45454545454545453,0.41280375398022456,"[0.5777777777777777, 0.35294117647058826, 0.3076923076923077]",0.5227272727272727,0.48958685128897894,"[0.5957446808510638, 0.42857142857142855, 0.4444444444444444]",160,0.1414757142054666,1.3565922975540161,221,STOPPED,16.093879199994262
1332,20251206_103621,gaitgl_OUMVLP.csv,Best_configs_v3,TCN,42,256,2,"[448, 256]","[1, 2]",3,1,gelu,False,True,"[None, None]","[False, True]",max,256,64,AdamW,0.0,3e-05,1e-06,L2,0.03,1.0,"[1.0, 3.1864, 1.3333]",0.1406541553508375,1.1863819360733032,0.4772727272727273,0.3987893826603504,"[0.5909090909090909, 0.15384615384615385, 0.45161290322580644]",0.5,0.45124528995496743,"[0.6153846153846154, 0.2222222222222222, 0.5161290322580645]",179,0.140135216958744,1.1749552488327026,335,STOPPED,24.513359600008698
1333,20251206_103639,gaitpart_GREW.csv,Best_configs_v3,TCN,42,256,2,"[448, 256]","[1, 2]",3,1,gelu,False,True,"[None, None]","[False, True]",max,256,64,AdamW,0.0,3e-05,1e-06,L2,0.03,1.0,"[1.0, 3.1864, 1.3333]",0.1410669516964057,1.2818485498428345,0.5,0.47939323549079643,"[0.5853658536585366, 0.42857142857142855, 0.42424242424242425]",0.5454545454545454,0.5333333333333333,"[0.6, 0.5, 0.5]",98,0.15353562045343144,1.2050399780273438,299,STOPPED,17.516704899986507
1334,20251206_103718,gaitpart_OUMVLP.csv,Best_configs_v3,TCN,42,256,2,"[448, 256]","[1, 2]",3,1,gelu,False,True,"[None, None]","[False, True]",max,256,64,AdamW,0.0,3e-05,1e-06,L2,0.03,1.0,"[1.0, 3.1864, 1.3333]",0.14462188700425258,0.9621427655220032,0.5454545454545454,0.49043927648578806,"[0.6046511627906976, 0.26666666666666666, 0.6]",0.6136363636363636,0.5974206349206349,"[0.6285714285714286, 0.47619047619047616, 0.6875]",355,0.14503943635938094,1.1468706130981445,656,STOPPED,38.35930989999906
1335,20251206_103735,gaitset.csv,Best_configs_v3,TCN,42,256,2,"[448, 256]","[1, 2]",3,1,gelu,False,True,"[None, None]","[False, True]",max,256,64,AdamW,0.0,3e-05,1e-06,L2,0.03,1.0,"[1.0, 3.1864, 1.3333]",0.1398139642071478,1.4140278100967407,0.36363636363636365,0.31672494172494176,"[0.46153846153846156, 0.125, 0.36363636363636365]",0.38636363636363635,0.33491461100569264,"[0.5, 0.11764705882352941, 0.3870967741935484]",194,0.1412003839906958,1.428158164024353,221,STOPPED,16.01723800000036
1336,20251206_103754,gaitset_GREW.csv,Best_configs_v3,TCN,42,256,2,"[448, 256]","[1, 2]",3,1,gelu,False,True,"[None, None]","[False, True]",max,256,64,AdamW,0.0,3e-05,1e-06,L2,0.03,1.0,"[1.0, 3.1864, 1.3333]",0.1402345705278141,1.2816272974014282,0.4772727272727273,0.40903540903540897,"[0.5128205128205128, 0.14285714285714285, 0.5714285714285714]",0.5,0.4731094731094731,"[0.5454545454545454, 0.3333333333333333, 0.5405405405405406]",39,0.4780930022603458,1.1023005247116089,244,STOPPED,17.690689099996234
1337,20251206_103832,gaitset_OUMVLP.csv,Best_configs_v3,TCN,42,256,2,"[448, 256]","[1, 2]",3,1,gelu,False,True,"[None, None]","[False, True]",max,256,64,AdamW,0.0,3e-05,1e-06,L2,0.03,1.0,"[1.0, 3.1864, 1.3333]",0.14247074661795625,1.2543938159942627,0.4772727272727273,0.39980158730158727,"[0.6190476190476191, 0.14285714285714285, 0.4375]",0.6363636363636364,0.5819858156028369,"[0.7659574468085106, 0.5, 0.48]",370,0.14321030138694135,1.2667957544326782,520,STOPPED,37.37491470000532
1338,20251206_103857,gln_phase1.csv,Best_configs_v3,TCN,42,256,2,"[448, 256]","[1, 2]",3,1,gelu,False,True,"[None, None]","[False, True]",max,256,64,AdamW,0.0,3e-05,1e-06,L2,0.03,1.0,"[1.0, 3.1864, 1.3333]",0.14033170151956303,0.9323688745498657,0.5681818181818182,0.523023402909551,"[0.7, 0.35294117647058826, 0.5161290322580645]",0.6136363636363636,0.5766014153110928,"[0.7692307692307693, 0.4444444444444444, 0.5161290322580645]",67,0.1413048246164912,0.938544511795044,257,STOPPED,22.86647369999264
1339,20251206_103918,gln_phase2.csv,Best_configs_v3,TCN,42,256,2,"[448, 256]","[1, 2]",3,1,gelu,False,True,"[None, None]","[False, True]",max,256,64,AdamW,0.0,3e-05,1e-06,L2,0.03,1.0,"[1.0, 3.1864, 1.3333]",0.140132924176983,1.056585431098938,0.4772727272727273,0.434640522875817,"[0.6111111111111112, 0.2222222222222222, 0.47058823529411764]",0.4772727272727273,0.45701754385964916,"[0.55, 0.4, 0.42105263157894735]",28,0.6382755932119704,1.0330532789230347,217,STOPPED,19.349580699999933
1483,20251206_104005,baseline_CASIAB.csv,Best_configs_v3,TCN,42,256,1,[640],[7],3,1,hardswish,True,True,[0.1],[True],attention,448,40,AdamW,0.0,2e-05,1e-05,L2,0.03,1.0,"[1.0, 3.1864, 1.3333]",0.1422783130222989,1.5353016419844194,0.5227272727272727,0.5035371132932108,"[0.5365853658536586, 0.42857142857142855, 0.5454545454545454]",0.5454545454545454,0.5174459527400704,"[0.5641025641025641, 0.4, 0.5882352941176471]",500,0.1433449147902813,1.4887819723649458,550,STOPPED,46.54529919999186
1484,20251206_104107,baseline_OUMVLP.csv,Best_configs_v3,TCN,42,256,1,[640],[7],3,1,hardswish,True,True,[0.1],[True],attention,448,40,AdamW,0.0,2e-05,1e-05,L2,0.03,1.0,"[1.0, 3.1864, 1.3333]",0.14153221656673962,2.1100488142533735,0.4318181818181818,0.3292847503373819,"[0.46153846153846156, 0.0, 0.5263157894736842]",0.4772727272727273,0.40759990759990766,"[0.46153846153846156, 0.16666666666666666, 0.5945945945945946]",146,0.3322509404310246,1.8905643549832432,722,STOPPED,61.27485049999086
1485,20251206_104201,gaitgl.csv,Best_configs_v3,TCN,42,128,1,[640],[7],3,1,hardswish,True,True,[0.1],[True],attention,448,40,AdamW,0.0,2e-05,1e-05,L2,0.03,1.0,"[1.0, 3.1864, 1.3333]",0.14054597253651963,1.9129808165810325,0.3409090909090909,0.26733620277379244,"[0.3902439024390244, 0.0, 0.4117647058823529]",0.4090909090909091,0.3528794037940379,"[0.4878048780487805, 0.13333333333333333, 0.4375]",98,0.16318322011490458,1.8863848122683438,593,STOPPED,52.583212400000775
1486,20251206_104240,gaitgl_GREW.csv,Best_configs_v3,TCN,42,256,1,[640],[7],3,1,hardswish,True,True,[0.1],[True],attention,448,40,AdamW,0.0,2e-05,1e-05,L2,0.03,1.0,"[1.0, 3.1864, 1.3333]",0.14059178715514153,1.7892795692790637,0.4772727272727273,0.346013324736729,"[0.5531914893617021, 0.0, 0.48484848484848486]",0.5227272727272727,0.4405615292712067,"[0.5833333333333334, 0.2222222222222222, 0.5161290322580645]",56,0.2225219535151708,1.5720039280978115,390,STOPPED,38.193129999999655
1487,20251206_104337,gaitgl_GREW_BNNeck.csv,Best_configs_v3,TCN,42,256,1,[640],[7],3,1,hardswish,True,True,[0.1],[True],attention,448,40,AdamW,0.0,2e-05,1e-05,L2,0.03,1.0,"[1.0, 3.1864, 1.3333]",0.1412815689733348,2.162286888469349,0.38636363636363635,0.29736983360171765,"[0.5217391304347826, 0.0, 0.37037037037037035]",0.4772727272727273,0.362962962962963,"[0.6222222222222222, 0.0, 0.4666666666666667]",188,0.15615815139308417,2.1621146635575728,567,STOPPED,55.57748010000796
1488,20251206_104429,gaitgl_OUMVLP.csv,Best_configs_v3,TCN,42,256,1,[640],[7],3,1,hardswish,True,True,[0.1],[True],attention,448,40,AdamW,0.0,2e-05,1e-05,L2,0.03,1.0,"[1.0, 3.1864, 1.3333]",0.14185568014371028,1.1647070321169766,0.4318181818181818,0.3333333333333333,"[0.45454545454545453, 0.0, 0.5454545454545454]",0.4318181818181818,0.4108309990662932,"[0.42857142857142855, 0.3333333333333333, 0.47058823529411764]",216,0.14420750107347352,1.1990212960676714,517,STOPPED,50.67755259999831
1489,20251206_104520,gaitpart_GREW.csv,Best_configs_v3,TCN,42,256,1,[640],[7],3,1,hardswish,True,True,[0.1],[True],attention,448,40,AdamW,0.0,2e-05,1e-05,L2,0.03,1.0,"[1.0, 3.1864, 1.3333]",0.14054445691944398,2.053603475744074,0.38636363636363635,0.2920634920634921,"[0.47619047619047616, 0.0, 0.4]",0.45454545454545453,0.446408448436846,"[0.5238095238095238, 0.47058823529411764, 0.3448275862068966]",65,0.7378821667936659,1.129314054142345,635,STOPPED,51.129774600005476
1490,20251206_104705,gaitpart_OUMVLP.csv,Best_configs_v3,TCN,42,256,1,[640],[7],3,1,hardswish,True,True,[0.1],[True],attention,448,40,AdamW,0.0,2e-05,1e-05,L2,0.03,1.0,"[1.0, 3.1864, 1.3333]",0.14194574836910384,1.9932025129144841,0.4318181818181818,0.3721804511278195,"[0.5, 0.14285714285714285, 0.47368421052631576]",0.5,0.42568542568542567,"[0.5714285714285714, 0.18181818181818182, 0.5238095238095238]",421,0.2440579988292812,2.242686054923318,1295,STOPPED,104.35335479999776
1491,20251206_104829,gaitset.csv,Best_configs_v3,TCN,42,256,1,[640],[7],3,1,hardswish,True,True,[0.1],[True],attention,448,40,AdamW,0.0,2e-05,1e-05,L2,0.03,1.0,"[1.0, 3.1864, 1.3333]",0.1416177027618762,2.1599027677015825,0.4090909090909091,0.3475507765830346,"[0.4888888888888889, 0.16666666666666666, 0.3870967741935484]",0.4318181818181818,0.4340948386859434,"[0.4878048780487805, 0.46153846153846156, 0.35294117647058826]",74,0.46179111532329287,1.5611877224662087,842,STOPPED,82.97747329999402
1492,20251206_104922,gaitset_GREW.csv,Best_configs_v3,TCN,42,256,1,[640],[7],3,1,hardswish,True,True,[0.1],[True],attention,448,40,AdamW,0.0,2e-05,1e-05,L2,0.03,1.0,"[1.0, 3.1864, 1.3333]",0.14057472378937239,1.7853245735168457,0.45454545454545453,0.41037037037037033,"[0.5777777777777777, 0.3333333333333333, 0.32]",0.5454545454545454,0.5165050003759681,"[0.6363636363636364, 0.46153846153846156, 0.45161290322580644]",82,0.40492288722205405,1.377080050381747,529,STOPPED,51.77214939999976
1493,20251206_105055,gaitset_OUMVLP.csv,Best_configs_v3,TCN,42,256,1,[640],[7],3,1,hardswish,True,True,[0.1],[True],attention,448,40,AdamW,0.0,2e-05,1e-05,L2,0.03,1.0,"[1.0, 3.1864, 1.3333]",0.1426674697509746,1.8111426396803423,0.4318181818181818,0.3066666666666667,"[0.52, 0.0, 0.4]",0.4772727272727273,0.47453848833159173,"[0.5454545454545454, 0.5333333333333333, 0.3448275862068966]",287,0.3065057353875072,1.786038875579834,933,STOPPED,91.2702932000102
1494,20251206_105214,gln_phase1.csv,Best_configs_v3,TCN,42,256,1,[640],[7],3,1,hardswish,True,True,[0.1],[True],attention,448,40,AdamW,0.0,2e-05,1e-05,L2,0.03,1.0,"[1.0, 3.1864, 1.3333]",0.14079814212223918,1.9113089821555398,0.4318181818181818,0.4070460704607046,"[0.4878048780487805, 0.3333333333333333, 0.4]",0.5,0.4640692640692641,"[0.5714285714285714, 0.36363636363636365, 0.45714285714285713]",222,0.1525725362841616,2.137017596851696,670,STOPPED,78.1424141000025
1495,20251206_105349,gln_phase2.csv,Best_configs_v3,TCN,42,256,1,[640],[7],3,1,hardswish,True,True,[0.1],[True],attention,448,40,AdamW,0.0,2e-05,1e-05,L2,0.03,1.0,"[1.0, 3.1864, 1.3333]",0.14090056840291956,1.78183744170449,0.45454545454545453,0.34313725490196073,"[0.5, 0.0, 0.5294117647058824]",0.5681818181818182,0.5049603174603174,"[0.6666666666666666, 0.2857142857142857, 0.5625]",46,0.6434818604557785,1.1374136968092485,790,STOPPED,92.38071170001058
1353,20251206_105540,baseline_CASIAB.csv,Best_configs_v3,TCN,42,256,4,"[640, 768, 768, 640]","[1, 2, 4, 8]",5,2,mish,True,True,"[0.05, 0.1, 0.1, 0.1]","[True, True, True, True]",attention,384,32,Adam,0.0,3e-05,1e-05,minmax,0.03,1.0,"[1.0, 3.1864, 1.3333]",0.14125579011808967,2.2299508289857344,0.4772727272727273,0.41590182172159645,"[0.5957446808510638, 0.23529411764705882, 0.4166666666666667]",0.5227272727272727,0.43544627415595155,"[0.6363636363636364, 0.15384615384615385, 0.5161290322580645]",268,0.14769534029296993,1.8625484921715476,277,STOPPED,110.53411409999535
1354,20251206_105742,baseline_OUMVLP.csv,Best_configs_v3,TCN,42,256,4,"[640, 768, 768, 640]","[1, 2, 4, 8]",5,2,mish,True,True,"[0.05, 0.1, 0.1, 0.1]","[True, True, True, True]",attention,384,32,Adam,0.0,3e-05,1e-05,minmax,0.03,1.0,"[1.0, 3.1864, 1.3333]",0.14123350965608025,1.9944281361319802,0.45454545454545453,0.3907862407862408,"[0.45, 0.18181818181818182, 0.5405405405405406]",0.5454545454545454,0.4981481481481482,"[0.55, 0.3333333333333333, 0.6111111111111112]",205,0.14107179879834972,1.9637357755140825,309,STOPPED,121.36971159999666
1355,20251206_110031,gaitgl.csv,Best_configs_v3,TCN,42,128,4,"[640, 768, 768, 640]","[1, 2, 4, 8]",5,2,mish,True,True,"[0.05, 0.1, 0.1, 0.1]","[True, True, True, True]",attention,384,32,Adam,0.0,3e-05,1e-05,minmax,0.03,1.0,"[1.0, 3.1864, 1.3333]",0.14027293932806587,2.25954888083718,0.4090909090909091,0.3475507765830346,"[0.4888888888888889, 0.16666666666666666, 0.3870967741935484]",0.45454545454545453,0.3842031936555568,"[0.5581395348837209, 0.14285714285714285, 0.45161290322580644]",54,0.14712233948953374,2.0583620830015703,341,STOPPED,167.9348539000057
1356,20251206_110329,gaitgl_GREW.csv,Best_configs_v3,TCN,42,256,4,"[640, 768, 768, 640]","[1, 2, 4, 8]",5,2,mish,True,True,"[0.05, 0.1, 0.1, 0.1]","[True, True, True, True]",attention,384,32,Adam,0.0,3e-05,1e-05,minmax,0.03,1.0,"[1.0, 3.1864, 1.3333]",0.1408407113601252,1.7869123979048296,0.5681818181818182,0.480567777079405,"[0.6511627906976745, 0.25, 0.5405405405405406]",0.5909090909090909,0.4985380116959064,"[0.6666666666666666, 0.25, 0.5789473684210527]",44,0.14214586458869816,1.659039237282493,356,STOPPED,177.17216909999843
1357,20251206_110514,gaitgl_GREW_BNNeck.csv,Best_configs_v3,TCN,42,256,4,"[640, 768, 768, 640]","[1, 2, 4, 8]",5,2,mish,True,True,"[0.05, 0.1, 0.1, 0.1]","[True, True, True, True]",attention,384,32,Adam,0.0,3e-05,1e-05,minmax,0.03,1.0,"[1.0, 3.1864, 1.3333]",1.1081544099394809,1.1045365767045454,0.1590909090909091,0.09150326797385622,"[0.0, 0.27450980392156865, 0.0]",0.1590909090909091,0.09150326797385622,"[0.0, 0.27450980392156865, 0.0]",201,1.1081544099394809,1.1045365767045454,201,STOPPED,103.46153369999956
1358,20251206_110858,gaitgl_OUMVLP.csv,Best_configs_v3,TCN,42,256,4,"[640, 768, 768, 640]","[1, 2, 4, 8]",5,2,mish,True,True,"[0.05, 0.1, 0.1, 0.1]","[True, True, True, True]",attention,384,32,Adam,0.0,3e-05,1e-05,minmax,0.03,1.0,"[1.0, 3.1864, 1.3333]",0.1399827177069851,2.729230685667558,0.3409090909090909,0.26453488372093026,"[0.4186046511627907, 0.0, 0.375]",0.4318181818181818,0.37053140096618353,"[0.4782608695652174, 0.16666666666666666, 0.4666666666666667]",233,0.15276230933125487,2.4538074840198862,432,STOPPED,222.6085657999938
1359,20251206_111100,gaitpart_GREW.csv,Best_configs_v3,TCN,42,256,4,"[640, 768, 768, 640]","[1, 2, 4, 8]",5,2,mish,True,True,"[0.05, 0.1, 0.1, 0.1]","[True, True, True, True]",attention,384,32,Adam,0.0,3e-05,1e-05,minmax,0.03,1.0,"[1.0, 3.1864, 1.3333]",0.14055803986554294,2.661925575949929,0.38636363636363635,0.34338214183175425,"[0.5116279069767442, 0.2222222222222222, 0.2962962962962963]",0.45454545454545453,0.4376934984520124,"[0.4117647058823529, 0.375, 0.5263157894736842]",85,0.17295972157999412,2.2273965098641137,356,STOPPED,120.63031520000368
1360,20251206_111326,gaitpart_OUMVLP.csv,Best_configs_v3,TCN,42,256,4,"[640, 768, 768, 640]","[1, 2, 4, 8]",5,2,mish,True,True,"[0.05, 0.1, 0.1, 0.1]","[True, True, True, True]",attention,384,32,Adam,0.0,3e-05,1e-05,minmax,0.03,1.0,"[1.0, 3.1864, 1.3333]",0.16802205928822153,1.9942937330766157,0.3409090909090909,0.3263888888888889,"[0.3125, 0.16666666666666666, 0.5]",0.6590909090909091,0.5416666666666666,"[0.75, 0.25, 0.625]",160,0.6225192700464701,1.160856756297025,464,STOPPED,145.91184709999652
1361,20251206_111507,gaitset.csv,Best_configs_v3,TCN,42,256,4,"[640, 768, 768, 640]","[1, 2, 4, 8]",5,2,mish,True,True,"[0.05, 0.1, 0.1, 0.1]","[True, True, True, True]",attention,384,32,Adam,0.0,3e-05,1e-05,minmax,0.03,1.0,"[1.0, 3.1864, 1.3333]",0.14178692357441813,1.9601728049191562,0.4090909090909091,0.34832041343669246,"[0.5116279069767442, 0.13333333333333333, 0.4]",0.5,0.4239766081871345,"[0.5263157894736842, 0.16666666666666666, 0.5789473684210527]",44,0.5607841371260968,1.1707361503080889,196,STOPPED,99.32339589999174
1362,20251206_111724,gaitset_GREW.csv,Best_configs_v3,TCN,42,256,4,"[640, 768, 768, 640]","[1, 2, 4, 8]",5,2,mish,True,True,"[0.05, 0.1, 0.1, 0.1]","[True, True, True, True]",attention,384,32,Adam,0.0,3e-05,1e-05,minmax,0.03,1.0,"[1.0, 3.1864, 1.3333]",0.14141851648227455,2.5579746419733222,0.3409090909090909,0.30112612612612616,"[0.3783783783783784, 0.125, 0.4]",0.45454545454545453,0.3894409683883368,"[0.47368421052631576, 0.18181818181818182, 0.5128205128205128]",218,0.14733376330936077,2.285303982821378,268,STOPPED,135.9150712999981
1363,20251206_112059,gaitset_OUMVLP.csv,Best_configs_v3,TCN,42,256,4,"[640, 768, 768, 640]","[1, 2, 4, 8]",5,2,mish,True,True,"[0.05, 0.1, 0.1, 0.1]","[True, True, True, True]",attention,384,32,Adam,0.0,3e-05,1e-05,minmax,0.03,1.0,"[1.0, 3.1864, 1.3333]",0.14119592447256304,1.803881894458424,0.5454545454545454,0.4037433155080214,"[0.6818181818181818, 0.0, 0.5294117647058824]",0.5909090909090909,0.522972825493834,"[0.7346938775510204, 0.47058823529411764, 0.36363636363636365]",282,0.21314217902950405,1.724268837408586,449,STOPPED,214.15268389999983
1364,20251206_112408,gln_phase1.csv,Best_configs_v3,TCN,42,256,4,"[640, 768, 768, 640]","[1, 2, 4, 8]",5,2,mish,True,True,"[0.05, 0.1, 0.1, 0.1]","[True, True, True, True]",attention,384,32,Adam,0.0,3e-05,1e-05,minmax,0.03,1.0,"[1.0, 3.1864, 1.3333]",0.14052092706419758,1.2479171752929688,0.5681818181818182,0.5097692105953318,"[0.6341463414634146, 0.25, 0.6451612903225806]",0.6818181818181818,0.6551226551226551,"[0.7272727272727273, 0.5714285714285714, 0.6666666666666666]",66,0.6389180655331955,0.9069734053178267,302,STOPPED,186.9609719
1365,20251206_112825,gln_phase2.csv,Best_configs_v3,TCN,42,256,4,"[640, 768, 768, 640]","[1, 2, 4, 8]",5,2,mish,True,True,"[0.05, 0.1, 0.1, 0.1]","[True, True, True, True]",attention,384,32,Adam,0.0,3e-05,1e-05,minmax,0.03,1.0,"[1.0, 3.1864, 1.3333]",0.14059294560520919,2.074759938500144,0.4318181818181818,0.3742463393626185,"[0.5116279069767442, 0.2222222222222222, 0.3888888888888889]",0.5227272727272727,0.5417306707629288,"[0.3870967741935484, 0.6666666666666666, 0.5714285714285714]",75,0.5354631973296097,1.3383567224849353,428,STOPPED,255.0156726999994
326,20251206_112851,baseline_CASIAB.csv,Best_configs_v3,TCN,42,256,4,"[192, 256, 320, 384]","[1, 2, 4, 8]",7,2,gelu,True,True,"[None, 0.1, 0.1, 0.2]","[True, True, True, True]",attention,256,96,AdamW,0.0,0.0002,5e-05,L2,0.03,1.0,"[1.0, 3.1864, 1.3333]",0.13950128008409873,1.8748574256896973,0.4772727272727273,0.3625170998632011,"[0.5581395348837209, 0.0, 0.5294117647058824]",0.5,0.4803298596402045,"[0.5945945945945946, 0.36363636363636365, 0.4827586206896552]",82,0.14716162048664289,1.9819687604904175,231,STOPPED,25.530421700008446
327,20251206_112923,baseline_OUMVLP.csv,Best_configs_v3,TCN,42,256,4,"[192, 256, 320, 384]","[1, 2, 4, 8]",7,2,gelu,True,True,"[None, 0.1, 0.1, 0.2]","[True, True, True, True]",attention,256,96,AdamW,0.0,0.0002,5e-05,L2,0.03,1.0,"[1.0, 3.1864, 1.3333]",0.13971592101854147,1.8505626916885376,0.38636363636363635,0.33723723723723725,"[0.3783783783783784, 0.13333333333333333, 0.5]",0.5454545454545454,0.5457408088987036,"[0.5128205128205128, 0.5454545454545454, 0.5789473684210527]",56,0.17248167450895013,1.359447956085205,278,STOPPED,30.67997650000325
328,20251206_112959,gaitgl.csv,Best_configs_v3,TCN,42,128,4,"[192, 256, 320, 384]","[1, 2, 4, 8]",7,2,gelu,True,True,"[None, 0.1, 0.1, 0.2]","[True, True, True, True]",attention,256,96,AdamW,0.0,0.0002,5e-05,L2,0.03,1.0,"[1.0, 3.1864, 1.3333]",0.1398392358084315,1.510708212852478,0.4772727272727273,0.34431269213877913,"[0.6086956521739131, 0.0, 0.42424242424242425]",0.5227272727272727,0.4939169472502806,"[0.64, 0.5454545454545454, 0.2962962962962963]",15,0.20967730188492648,1.48540198802948,250,STOPPED,35.901968200007104
329,20251206_113032,gaitgl_GREW.csv,Best_configs_v3,TCN,42,256,4,"[192, 256, 320, 384]","[1, 2, 4, 8]",7,2,gelu,True,True,"[None, 0.1, 0.1, 0.2]","[True, True, True, True]",attention,256,96,AdamW,0.0,0.0002,5e-05,L2,0.03,1.0,"[1.0, 3.1864, 1.3333]",0.13969625455816997,1.8019928932189941,0.45454545454545453,0.3238095238095238,"[0.5714285714285714, 0.0, 0.4]",0.45454545454545453,0.43196189537652946,"[0.4444444444444444, 0.36363636363636365, 0.4878048780487805]",22,0.14853632665172065,1.8226532936096191,207,STOPPED,31.723372000007657
330,20251206_113107,gaitgl_GREW_BNNeck.csv,Best_configs_v3,TCN,42,256,4,"[192, 256, 320, 384]","[1, 2, 4, 8]",7,2,gelu,True,True,"[None, 0.1, 0.1, 0.2]","[True, True, True, True]",attention,256,96,AdamW,0.0,0.0002,5e-05,L2,0.03,1.0,"[1.0, 3.1864, 1.3333]",0.13968781965602303,1.9390743970870972,0.38636363636363635,0.27437943262411346,"[0.5106382978723404, 0.0, 0.3125]",0.5,0.4409937888198758,"[0.6086956521739131, 0.2857142857142857, 0.42857142857142855]",83,0.1504768797570897,1.685884952545166,217,STOPPED,33.202314499998465
331,20251206_113142,gaitgl_OUMVLP.csv,Best_configs_v3,TCN,42,256,4,"[192, 256, 320, 384]","[1, 2, 4, 8]",7,2,gelu,True,True,"[None, 0.1, 0.1, 0.2]","[True, True, True, True]",attention,256,96,AdamW,0.0,0.0002,5e-05,L2,0.03,1.0,"[1.0, 3.1864, 1.3333]",0.13951238989830017,1.7647067308425903,0.4318181818181818,0.30571428571428577,"[0.56, 0.0, 0.35714285714285715]",0.5909090909090909,0.4933545986177565,"[0.631578947368421, 0.18181818181818182, 0.6666666666666666]",88,0.14686489650576384,1.6338053941726685,223,STOPPED,34.19250380000449
332,20251206_113217,gaitpart_GREW.csv,Best_configs_v3,TCN,42,256,4,"[192, 256, 320, 384]","[1, 2, 4, 8]",7,2,gelu,True,True,"[None, 0.1, 0.1, 0.2]","[True, True, True, True]",attention,256,96,AdamW,0.0,0.0002,5e-05,L2,0.03,1.0,"[1.0, 3.1864, 1.3333]",0.1402720724491729,1.8187408447265625,0.5227272727272727,0.4305555555555555,"[0.625, 0.2, 0.4666666666666667]",0.5681818181818182,0.47155797101449276,"[0.6521739130434783, 0.2, 0.5625]",292,0.1396192713189371,1.7826919555664062,342,STOPPED,34.03560399998969
333,20251206_113304,gaitpart_OUMVLP.csv,Best_configs_v3,TCN,42,256,4,"[192, 256, 320, 384]","[1, 2, 4, 8]",7,2,gelu,True,True,"[None, 0.1, 0.1, 0.2]","[True, True, True, True]",attention,256,96,AdamW,0.0,0.0002,5e-05,L2,0.03,1.0,"[1.0, 3.1864, 1.3333]",0.140151049826563,1.5779290199279785,0.4772727272727273,0.3498019595580571,"[0.5365853658536586, 0.0, 0.5128205128205128]",0.6136363636363636,0.55239898989899,"[0.6363636363636364, 0.3333333333333333, 0.6875]",177,0.17268826359326078,1.128268837928772,471,STOPPED,46.55934079999861
334,20251206_113351,gaitset.csv,Best_configs_v3,TCN,42,256,4,"[192, 256, 320, 384]","[1, 2, 4, 8]",7,2,gelu,True,True,"[None, 0.1, 0.1, 0.2]","[True, True, True, True]",attention,256,96,AdamW,0.0,0.0002,5e-05,L2,0.03,1.0,"[1.0, 3.1864, 1.3333]",0.15669373799230635,1.939456582069397,0.4772727272727273,0.31717171717171716,"[0.6181818181818182, 0.0, 0.3333333333333333]",0.45454545454545453,0.39337474120082816,"[0.6086956521739131, 0.2857142857142857, 0.2857142857142857]",45,0.20132347541986054,1.9722633361816406,308,STOPPED,46.20759970000654
335,20251206_113437,gaitset_GREW.csv,Best_configs_v3,TCN,42,256,4,"[192, 256, 320, 384]","[1, 2, 4, 8]",7,2,gelu,True,True,"[None, 0.1, 0.1, 0.2]","[True, True, True, True]",attention,256,96,AdamW,0.0,0.0002,5e-05,L2,0.03,1.0,"[1.0, 3.1864, 1.3333]",0.13990829977178082,1.7743523120880127,0.5,0.42509179124049307,"[0.6341463414634146, 0.125, 0.5161290322580645]",0.5454545454545454,0.48677248677248675,"[0.6666666666666666, 0.2222222222222222, 0.5714285714285714]",116,0.13986125526968965,1.8577901124954224,300,STOPPED,44.93573009999818
336,20251206_113552,gaitset_OUMVLP.csv,Best_configs_v3,TCN,42,256,4,"[192, 256, 320, 384]","[1, 2, 4, 8]",7,2,gelu,True,True,"[None, 0.1, 0.1, 0.2]","[True, True, True, True]",attention,256,96,AdamW,0.0,0.0002,5e-05,L2,0.03,1.0,"[1.0, 3.1864, 1.3333]",0.13995656325030573,1.5707827806472778,0.4772727272727273,0.3333333333333333,"[0.6, 0.0, 0.4]",0.6363636363636364,0.5715224020642741,"[0.6938775510204082, 0.4, 0.6206896551724138]",240,0.14347577548211382,1.3392590284347534,485,STOPPED,73.41387150000082
337,20251206_113648,gln_phase1.csv,Best_configs_v3,TCN,42,256,4,"[192, 256, 320, 384]","[1, 2, 4, 8]",7,2,gelu,True,True,"[None, 0.1, 0.1, 0.2]","[True, True, True, True]",attention,256,96,AdamW,0.0,0.0002,5e-05,L2,0.03,1.0,"[1.0, 3.1864, 1.3333]",0.1398506611585617,1.6421581506729126,0.5227272727272727,0.37896825396825395,"[0.7083333333333334, 0.0, 0.42857142857142855]",0.5227272727272727,0.49206349206349204,"[0.5714285714285714, 0.3333333333333333, 0.5714285714285714]",45,0.17064475598409004,1.6771864891052246,274,STOPPED,54.00544049999735
338,20251206_113735,gln_phase2.csv,Best_configs_v3,TCN,42,256,4,"[192, 256, 320, 384]","[1, 2, 4, 8]",7,2,gelu,True,True,"[None, 0.1, 0.1, 0.2]","[True, True, True, True]",attention,256,96,AdamW,0.0,0.0002,5e-05,L2,0.03,1.0,"[1.0, 3.1864, 1.3333]",0.14006517013323674,1.6406769752502441,0.4318181818181818,0.3331023331023331,"[0.5128205128205128, 0.0, 0.4864864864864865]",0.5,0.4553376906318083,"[0.5555555555555556, 0.2222222222222222, 0.5882352941176471]",40,0.15730353391047605,1.728140950202942,234,STOPPED,45.087558900006115
