id,timestamp,target_embedding,top_variant,source_params,model,seed,input_dim,channels,dilations,kernel_size,convs_per_block,activation,use_weight_norm,wn_on_skip,ln_block_end,pooling,fc_hidden,norm,dropout,batch_size,optimizer,momentum_sgd,learning_rate,weight_decay,class_weights,label_smoothing,clip_grad_norm,train_loss,test_loss,accuracy,f1_macro,f1_per_class,epochs_trained,train_loss_best_state,test_loss_best_state,best_accuracy,best_f1,best_f1_per_class,best_epoch,training,duration_sec
1,20251229_174300,baseline_CASIAB_TOP30.csv,30%,Preset_1,TCN,42,256,"[896, 768, 640]","[3, 6, 9]",2,2,leakyrelu,False,False,False,attention,64,minmax,"[0.0, 0.0, 0.0]",96,Adam,,1e-05,2e-06,[0.68794326 2.1920904  0.91725768],0.02,1.0,0.13354,1.9579,0.38636,0.33618,"[0.41026, 0.15385, 0.44444]",689,0.72373,1.11763,0.5,0.43406,"[0.51163, 0.25, 0.54054]",225,COMPLETED,65.83
2,20251229_174300,baseline_OUMVLP_TOP30.csv,30%,Preset_1,TCN,42,256,"[896, 768, 640]","[3, 6, 9]",2,2,leakyrelu,False,False,False,attention,64,minmax,"[0.0, 0.0, 0.0]",96,Adam,,1e-05,2e-06,[0.68794326 2.1920904  0.91725768],0.02,1.0,0.13662,2.94022,0.34091,0.33726,"[0.36364, 0.14815, 0.5]",973,0.48177,1.51732,0.52273,0.50587,"[0.35714, 0.52632, 0.63415]",354,COMPLETED,95.464
3,20251229_174300,gaitgl_GREW_BNNeck_TOP30.csv,30%,Preset_1,TCN,42,256,"[896, 768, 640]","[3, 6, 9]",2,2,leakyrelu,False,False,False,attention,64,minmax,"[0.0, 0.0, 0.0]",96,Adam,,1e-05,2e-06,[0.68794326 2.1920904  0.91725768],0.02,1.0,0.13526,2.41524,0.40909,0.35098,"[0.5, 0.2, 0.35294]",854,0.54142,1.67124,0.5,0.42435,"[0.57143, 0.25, 0.45161]",413,COMPLETED,98.447
4,20251229_174300,gaitgl_GREW_TOP30.csv,30%,Preset_1,TCN,42,256,"[896, 768, 640]","[3, 6, 9]",2,2,leakyrelu,False,False,False,attention,64,minmax,"[0.0, 0.0, 0.0]",96,Adam,,1e-05,2e-06,[0.68794326 2.1920904  0.91725768],0.02,1.0,0.13352,1.73475,0.5,0.42174,"[0.56522, 0.2, 0.5]",249,0.14812,1.69225,0.54545,0.45879,"[0.6087, 0.22222, 0.54545]",222,COMPLETED,28.141
5,20251229_174300,gaitgl_OUMVLP_TOP30.csv,30%,Preset_1,TCN,42,256,"[896, 768, 640]","[3, 6, 9]",2,2,leakyrelu,False,False,False,attention,64,minmax,"[0.0, 0.0, 0.0]",96,Adam,,1e-05,2e-06,[0.68794326 2.1920904  0.91725768],0.02,1.0,0.12835,2.42166,0.38636,0.28675,"[0.41026, 0.0, 0.45]",801,0.17156,2.35737,0.47727,0.34601,"[0.55319, 0.0, 0.48485]",572,COMPLETED,90.194
6,20251229_174300,gaitgl_TOP30.csv,30%,Preset_1,TCN,42,128,"[896, 768, 640]","[3, 6, 9]",2,2,leakyrelu,False,False,False,attention,64,minmax,"[0.0, 0.0, 0.0]",96,Adam,,1e-05,2e-06,[0.68794326 2.1920904  0.91725768],0.02,1.0,0.13424,1.85562,0.47727,0.40923,"[0.6, 0.30769, 0.32]",314,0.72016,1.07034,0.56818,0.53625,"[0.57895, 0.44444, 0.58537]",123,COMPLETED,34.459
7,20251229_174300,gaitpart_GREW_TOP30.csv,30%,Preset_1,TCN,42,256,"[896, 768, 640]","[3, 6, 9]",2,2,leakyrelu,False,False,False,attention,64,minmax,"[0.0, 0.0, 0.0]",96,Adam,,1e-05,2e-06,[0.68794326 2.1920904  0.91725768],0.02,1.0,0.13039,2.3947,0.38636,0.33362,"[0.47619, 0.18182, 0.34286]",857,0.35474,1.76901,0.52273,0.42228,"[0.65306, 0.2, 0.41379]",436,COMPLETED,74.15
8,20251229_174300,gaitpart_OUMVLP_TOP30.csv,30%,Preset_1,TCN,42,256,"[896, 768, 640]","[3, 6, 9]",2,2,leakyrelu,False,False,False,attention,64,minmax,"[0.0, 0.0, 0.0]",96,Adam,,1e-05,2e-06,[0.68794326 2.1920904  0.91725768],0.02,1.0,0.47674,2.17187,0.45455,0.30719,"[0.33333, 0.0, 0.58824]",1567,0.22682,1.74529,0.54545,0.51999,"[0.57895, 0.44444, 0.53659]",1513,STOPPED,138.462
9,20251229_174300,gaitset_GREW_TOP30.csv,30%,Preset_1,TCN,42,256,"[896, 768, 640]","[3, 6, 9]",2,2,leakyrelu,False,False,False,attention,64,minmax,"[0.0, 0.0, 0.0]",96,Adam,,1e-05,2e-06,[0.68794326 2.1920904  0.91725768],0.02,1.0,0.12919,2.20659,0.40909,0.35604,"[0.53333, 0.1, 0.43478]",558,0.23595,1.67689,0.56818,0.43135,"[0.68293, 0.0, 0.61111]",377,COMPLETED,61.921
10,20251229_174300,gaitset_OUMVLP_TOP30.csv,30%,Preset_1,TCN,42,256,"[896, 768, 640]","[3, 6, 9]",2,2,leakyrelu,False,False,False,attention,64,minmax,"[0.0, 0.0, 0.0]",96,Adam,,1e-05,2e-06,[0.68794326 2.1920904  0.91725768],0.02,1.0,0.13416,2.33765,0.34091,0.30154,"[0.35, 0.14286, 0.41176]",1638,0.72296,1.36318,0.45455,0.45141,"[0.52941, 0.34483, 0.48]",353,COMPLETED,183.309
11,20251229_174300,gaitset_TOP30.csv,30%,Preset_1,TCN,42,256,"[896, 768, 640]","[3, 6, 9]",2,2,leakyrelu,False,False,False,attention,64,minmax,"[0.0, 0.0, 0.0]",96,Adam,,1e-05,2e-06,[0.68794326 2.1920904  0.91725768],0.02,1.0,0.13303,1.8201,0.36364,0.34087,"[0.34286, 0.23529, 0.44444]",715,0.22137,1.54953,0.5,0.46759,"[0.51282, 0.36364, 0.52632]",551,COMPLETED,83.047
12,20251229_174300,gln_phase1_TOP30.csv,30%,Preset_1,TCN,42,256,"[896, 768, 640]","[3, 6, 9]",2,2,leakyrelu,False,False,False,attention,64,minmax,"[0.0, 0.0, 0.0]",96,Adam,,1e-05,2e-06,[0.68794326 2.1920904  0.91725768],0.02,1.0,0.13917,1.226,0.52273,0.44086,"[0.61538, 0.16667, 0.54054]",651,0.25936,1.15671,0.63636,0.53333,"[0.7, 0.25, 0.65]",452,COMPLETED,89.766
13,20251229_174300,gln_phase2_TOP30.csv,30%,Preset_1,TCN,42,256,"[896, 768, 640]","[3, 6, 9]",2,2,leakyrelu,False,False,False,attention,64,minmax,"[0.0, 0.0, 0.0]",96,Adam,,1e-05,2e-06,[0.68794326 2.1920904  0.91725768],0.02,1.0,0.12891,2.05753,0.45455,0.41499,"[0.51163, 0.26667, 0.46667]",657,0.59368,1.20413,0.56818,0.51515,"[0.54545, 0.36364, 0.63636]",269,COMPLETED,89.834

14,20251229_174300,baseline_CASIAB_TOP30.csv,30%,Preset_2,TCN,42,256,"[256, 256, 384, 384]","[1, 2, 2, 4]",7,3,gelu,True,True,False,last,256,L2,"[0.1, 0.1, 0.2, 0.2]",96,AdamW,,0.0002,5e-05,[0.68794326 2.1920904  0.91725768],0.02,1.0,0.13042,2.29215,0.45455,0.39145,"[0.46154, 0.2, 0.51282]",111,0.28844,1.79698,0.52273,0.49485,"[0.5641, 0.375, 0.54545]",81,COMPLETED,12.229
15,20251229_174300,baseline_OUMVLP_TOP30.csv,30%,Preset_2,TCN,42,256,"[256, 256, 384, 384]","[1, 2, 2, 4]",7,3,gelu,True,True,False,last,256,L2,"[0.1, 0.1, 0.2, 0.2]",96,AdamW,,0.0002,5e-05,[0.68794326 2.1920904  0.91725768],0.02,1.0,0.10848,2.76532,0.34091,0.30731,"[0.4, 0.10526, 0.41667]",185,0.26567,1.83195,0.52273,0.44259,"[0.48649, 0.22222, 0.61905]",137,COMPLETED,19.68
16,20251229_174300,gaitgl_GREW_BNNeck_TOP30.csv,30%,Preset_2,TCN,42,256,"[256, 256, 384, 384]","[1, 2, 2, 4]",7,3,gelu,True,True,False,last,256,L2,"[0.1, 0.1, 0.2, 0.2]",96,AdamW,,0.0002,5e-05,[0.68794326 2.1920904  0.91725768],0.02,1.0,0.13945,2.80897,0.38636,0.3602,"[0.46154, 0.19048, 0.42857]",67,0.60499,1.24322,0.47727,0.43597,"[0.48649, 0.25, 0.57143]",41,COMPLETED,7.838
17,20251229_174300,gaitgl_GREW_TOP30.csv,30%,Preset_2,TCN,42,256,"[256, 256, 384, 384]","[1, 2, 2, 4]",7,3,gelu,True,True,False,last,256,L2,"[0.1, 0.1, 0.2, 0.2]",96,AdamW,,0.0002,5e-05,[0.68794326 2.1920904  0.91725768],0.02,1.0,0.117,2.25092,0.40909,0.24188,"[0.55172, 0.0, 0.17391]",47,0.62102,1.17082,0.5,0.45964,"[0.57778, 0.36364, 0.4375]",31,COMPLETED,5.476
18,20251229_174300,gaitgl_OUMVLP_TOP30.csv,30%,Preset_2,TCN,42,256,"[256, 256, 384, 384]","[1, 2, 2, 4]",7,3,gelu,True,True,False,last,256,L2,"[0.1, 0.1, 0.2, 0.2]",96,AdamW,,0.0002,5e-05,[0.68794326 2.1920904  0.91725768],0.02,1.0,0.11416,2.1938,0.47727,0.48859,"[0.43243, 0.53333, 0.5]",157,0.51969,1.73219,0.5,0.4955,"[0.48649, 0.47059, 0.52941]",102,COMPLETED,18.632
19,20251229_174300,gaitgl_TOP30.csv,30%,Preset_2,TCN,42,128,"[256, 256, 384, 384]","[1, 2, 2, 4]",7,3,gelu,True,True,False,last,256,L2,"[0.1, 0.1, 0.2, 0.2]",96,AdamW,,0.0002,5e-05,[0.68794326 2.1920904  0.91725768],0.02,1.0,0.11872,1.72072,0.5,0.42832,"[0.53333, 0.22222, 0.52941]",46,0.46813,1.59003,0.5,0.51065,"[0.48649, 0.54545, 0.5]",28,COMPLETED,5.322
20,20251229_174300,gaitpart_GREW_TOP30.csv,30%,Preset_2,TCN,42,256,"[256, 256, 384, 384]","[1, 2, 2, 4]",7,3,gelu,True,True,False,last,256,L2,"[0.1, 0.1, 0.2, 0.2]",96,AdamW,,0.0002,5e-05,[0.68794326 2.1920904  0.91725768],0.02,1.0,0.11058,2.64303,0.36364,0.30534,"[0.45833, 0.18182, 0.27586]",279,0.18351,2.16534,0.47727,0.46901,"[0.47368, 0.4, 0.53333]",240,COMPLETED,29.368
21,20251229_174300,gaitpart_OUMVLP_TOP30.csv,30%,Preset_2,TCN,42,256,"[256, 256, 384, 384]","[1, 2, 2, 4]",7,3,gelu,True,True,False,last,256,L2,"[0.1, 0.1, 0.2, 0.2]",96,AdamW,,0.0002,5e-05,[0.68794326 2.1920904  0.91725768],0.02,1.0,0.12707,1.78211,0.59091,0.54485,"[0.68, 0.5, 0.45455]",650,0.15452,1.11806,0.72727,0.67071,"[0.8, 0.54545, 0.66667]",537,COMPLETED,69.393
22,20251229_174300,gaitset_GREW_TOP30.csv,30%,Preset_2,TCN,42,256,"[256, 256, 384, 384]","[1, 2, 2, 4]",7,3,gelu,True,True,False,last,256,L2,"[0.1, 0.1, 0.2, 0.2]",96,AdamW,,0.0002,5e-05,[0.68794326 2.1920904  0.91725768],0.02,1.0,0.10466,2.13769,0.5,0.37344,"[0.59091, 0.0, 0.52941]",151,0.24204,1.93631,0.56818,0.53169,"[0.64865, 0.375, 0.57143]",100,COMPLETED,18.362
23,20251229_174300,gaitset_OUMVLP_TOP30.csv,30%,Preset_2,TCN,42,256,"[256, 256, 384, 384]","[1, 2, 2, 4]",7,3,gelu,True,True,False,last,256,L2,"[0.1, 0.1, 0.2, 0.2]",96,AdamW,,0.0002,5e-05,[0.68794326 2.1920904  0.91725768],0.02,1.0,0.106,2.04314,0.47727,0.38462,"[0.6, 0.15385, 0.4]",538,0.20939,2.05391,0.56818,0.54221,"[0.63415, 0.42105, 0.57143]",525,COMPLETED,62.659
24,20251229_174300,gaitset_TOP30.csv,30%,Preset_2,TCN,42,256,"[256, 256, 384, 384]","[1, 2, 2, 4]",7,3,gelu,True,True,False,last,256,L2,"[0.1, 0.1, 0.2, 0.2]",96,AdamW,,0.0002,5e-05,[0.68794326 2.1920904  0.91725768],0.02,1.0,0.11931,2.39028,0.40909,0.34058,"[0.52174, 0.16667, 0.33333]",90,0.28774,1.7991,0.47727,0.41168,"[0.5, 0.22222, 0.51282]",82,COMPLETED,10.556
25,20251229_174300,gln_phase1_TOP30.csv,30%,Preset_2,TCN,42,256,"[256, 256, 384, 384]","[1, 2, 2, 4]",7,3,gelu,True,True,False,last,256,L2,"[0.1, 0.1, 0.2, 0.2]",96,AdamW,,0.0002,5e-05,[0.68794326 2.1920904  0.91725768],0.02,1.0,0.1105,2.00334,0.52273,0.43859,"[0.48485, 0.22222, 0.6087]",100,0.17265,1.6283,0.59091,0.53391,"[0.66667, 0.36364, 0.57143]",82,COMPLETED,12.429
26,20251229_174300,gln_phase2_TOP30.csv,30%,Preset_2,TCN,42,256,"[256, 256, 384, 384]","[1, 2, 2, 4]",7,3,gelu,True,True,False,last,256,L2,"[0.1, 0.1, 0.2, 0.2]",96,AdamW,,0.0002,5e-05,[0.68794326 2.1920904  0.91725768],0.02,1.0,0.10891,1.99081,0.52273,0.46496,"[0.6, 0.33333, 0.46154]",85,0.16606,1.85922,0.52273,0.49784,"[0.5641, 0.4, 0.52941]",77,COMPLETED,10.663

27,20251229_174300,baseline_CASIAB_TOP30.csv,30%,Preset_3,TCN,42,256,"[384, 512, 512, 512]","[1, 2, 4, 8]",5,3,gelu,True,True,False,max,512,minmax,"[None, 0.05, 0.1, 0.1]",96,AdamW,,0.00015,1e-05,[0.68794326 2.1920904  0.91725768],0.02,1.0,0.12585,2.57755,0.40909,0.29918,"[0.46512, 0.0, 0.43243]",163,0.17328,2.5157,0.43182,0.37456,"[0.45, 0.2, 0.47368]",146,COMPLETED,19.881
28,20251229_174300,baseline_OUMVLP_TOP30.csv,30%,Preset_3,TCN,42,256,"[384, 512, 512, 512]","[1, 2, 4, 8]",5,3,gelu,True,True,False,max,512,minmax,"[None, 0.05, 0.1, 0.1]",96,AdamW,,0.00015,1e-05,[0.68794326 2.1920904  0.91725768],0.02,1.0,0.11984,1.59646,0.52273,0.39645,"[0.6087, 0.0, 0.58065]",197,0.13538,1.9986,0.54545,0.45734,"[0.66667, 0.14286, 0.5625]",193,COMPLETED,24.52
29,20251229_174300,gaitgl_GREW_BNNeck_TOP30.csv,30%,Preset_3,TCN,42,256,"[384, 512, 512, 512]","[1, 2, 4, 8]",5,3,gelu,True,True,False,max,512,minmax,"[None, 0.05, 0.1, 0.1]",96,AdamW,,0.00015,1e-05,[0.68794326 2.1920904  0.91725768],0.02,1.0,0.13329,2.33656,0.45455,0.3888,"[0.6087, 0.25, 0.30769]",133,0.12204,2.09649,0.59091,0.56257,"[0.63158, 0.46154, 0.59459]",129,COMPLETED,18.4
30,20251229_174300,gaitgl_GREW_TOP30.csv,30%,Preset_3,TCN,42,256,"[384, 512, 512, 512]","[1, 2, 4, 8]",5,3,gelu,True,True,False,max,512,minmax,"[None, 0.05, 0.1, 0.1]",96,AdamW,,0.00015,1e-05,[0.68794326 2.1920904  0.91725768],0.02,1.0,0.11221,2.26165,0.47727,0.36078,"[0.53061, 0.0, 0.55172]",69,0.61465,1.53903,0.56818,0.40745,"[0.68182, 0.0, 0.54054]",52,COMPLETED,9.817
31,20251229_174300,gaitgl_OUMVLP_TOP30.csv,30%,Preset_3,TCN,42,256,"[384, 512, 512, 512]","[1, 2, 4, 8]",5,3,gelu,True,True,False,max,512,minmax,"[None, 0.05, 0.1, 0.1]",96,AdamW,,0.00015,1e-05,[0.68794326 2.1920904  0.91725768],0.02,1.0,0.13045,1.75638,0.52273,0.34762,"[0.64286, 0.0, 0.4]",179,0.30416,2.00453,0.61364,0.58742,"[0.65116, 0.44444, 0.66667]",161,COMPLETED,25.648
32,20251229_174300,gaitgl_TOP30.csv,30%,Preset_3,TCN,42,128,"[384, 512, 512, 512]","[1, 2, 4, 8]",5,3,gelu,True,True,False,max,512,minmax,"[None, 0.05, 0.1, 0.1]",96,AdamW,,0.00015,1e-05,[0.68794326 2.1920904  0.91725768],0.02,1.0,0.12064,1.8765,0.45455,0.33804,"[0.4878, 0.0, 0.52632]",89,0.41025,1.66881,0.54545,0.45072,"[0.5, 0.2, 0.65217]",75,COMPLETED,12.182
33,20251229_174300,gaitpart_GREW_TOP30.csv,30%,Preset_3,TCN,42,256,"[384, 512, 512, 512]","[1, 2, 4, 8]",5,3,gelu,True,True,False,max,512,minmax,"[None, 0.05, 0.1, 0.1]",96,AdamW,,0.00015,1e-05,[0.68794326 2.1920904  0.91725768],0.02,1.0,0.10564,2.41031,0.45455,0.4298,"[0.51163, 0.33333, 0.44444]",192,0.14822,2.05582,0.52273,0.53471,"[0.48649, 0.58824, 0.52941]",176,COMPLETED,22.246
34,20251229_174300,gaitpart_OUMVLP_TOP30.csv,30%,Preset_3,TCN,42,256,"[384, 512, 512, 512]","[1, 2, 4, 8]",5,3,gelu,True,True,False,max,512,minmax,"[None, 0.05, 0.1, 0.1]",96,AdamW,,0.00015,1e-05,[0.68794326 2.1920904  0.91725768],0.02,1.0,0.11568,1.96682,0.5,0.42593,"[0.51282, 0.15385, 0.61111]",651,0.61673,1.11007,0.63636,0.57778,"[0.66667, 0.4, 0.66667]",294,COMPLETED,72.005
35,20251229_174300,gaitset_GREW_TOP30.csv,30%,Preset_3,TCN,42,256,"[384, 512, 512, 512]","[1, 2, 4, 8]",5,3,gelu,True,True,False,max,512,minmax,"[None, 0.05, 0.1, 0.1]",96,AdamW,,0.00015,1e-05,[0.68794326 2.1920904  0.91725768],0.02,1.0,0.10938,2.58215,0.45455,0.39646,"[0.45, 0.13333, 0.60606]",144,0.73928,1.28147,0.47727,0.46569,"[0.5, 0.38095, 0.51613]",70,COMPLETED,20.234
36,20251229_174300,gaitset_OUMVLP_TOP30.csv,30%,Preset_3,TCN,42,256,"[384, 512, 512, 512]","[1, 2, 4, 8]",5,3,gelu,True,True,False,max,512,minmax,"[None, 0.05, 0.1, 0.1]",96,AdamW,,0.00015,1e-05,[0.68794326 2.1920904  0.91725768],0.02,1.0,0.11952,2.3688,0.54545,0.51085,"[0.68293, 0.42105, 0.42857]",580,0.11952,2.3688,0.54545,0.51085,"[0.68293, 0.42105, 0.42857]",580,COMPLETED,78.76
37,20251229_174300,gaitset_TOP30.csv,30%,Preset_3,TCN,42,256,"[384, 512, 512, 512]","[1, 2, 4, 8]",5,3,gelu,True,True,False,max,512,minmax,"[None, 0.05, 0.1, 0.1]",96,AdamW,,0.00015,1e-05,[0.68794326 2.1920904  0.91725768],0.02,1.0,0.11904,2.26927,0.45455,0.41717,"[0.5, 0.26667, 0.48485]",144,0.15501,2.42299,0.5,0.48334,"[0.53659, 0.42857, 0.48485]",123,COMPLETED,19.224
38,20251229_174300,gln_phase1_TOP30.csv,30%,Preset_3,TCN,42,256,"[384, 512, 512, 512]","[1, 2, 4, 8]",5,3,gelu,True,True,False,max,512,minmax,"[None, 0.05, 0.1, 0.1]",96,AdamW,,0.00015,1e-05,[0.68794326 2.1920904  0.91725768],0.02,1.0,0.13388,2.39964,0.47727,0.35859,"[0.59091, 0.0, 0.48485]",148,0.59071,1.57957,0.56818,0.4721,"[0.68182, 0.15385, 0.58065]",79,COMPLETED,22.377
39,20251229_174300,gln_phase2_TOP30.csv,30%,Preset_3,TCN,42,256,"[384, 512, 512, 512]","[1, 2, 4, 8]",5,3,gelu,True,True,False,max,512,minmax,"[None, 0.05, 0.1, 0.1]",96,AdamW,,0.00015,1e-05,[0.68794326 2.1920904  0.91725768],0.02,1.0,0.11677,2.35873,0.47727,0.45048,"[0.5, 0.36364, 0.4878]",172,0.12256,2.18225,0.5,0.45926,"[0.6, 0.33333, 0.44444]",165,COMPLETED,25.711

40,20251229_174300,baseline_CASIAB_TOP30.csv,30%,Preset_4,TCN,42,256,"[384, 384, 384, 512]","[1, 2, 3, 4]",7,2,gelu,True,False,False,attention,128,L2,"[0.1, 0.1, 0.1, 0.1]",128,AdamW,,0.0001,1e-05,[0.68794326 2.1920904  0.91725768],0.02,1.0,0.12683,3.50076,0.31818,0.30777,"[0.34286, 0.16667, 0.41379]",279,0.67177,2.45704,0.5,0.40134,"[0.61538, 0.15385, 0.43478]",240,COMPLETED,22.669
41,20251229_174300,baseline_OUMVLP_TOP30.csv,30%,Preset_4,TCN,42,256,"[384, 384, 384, 512]","[1, 2, 3, 4]",7,2,gelu,True,False,False,attention,128,L2,"[0.1, 0.1, 0.1, 0.1]",128,AdamW,,0.0001,1e-05,[0.68794326 2.1920904  0.91725768],0.02,1.0,0.12696,1.86547,0.52273,0.45011,"[0.60465, 0.125, 0.62069]",724,0.14482,1.67568,0.61364,0.55353,"[0.66667, 0.23529, 0.75862]",697,COMPLETED,60.269
42,20251229_174300,gaitgl_GREW_BNNeck_TOP30.csv,30%,Preset_4,TCN,42,256,"[384, 384, 384, 512]","[1, 2, 3, 4]",7,2,gelu,True,False,False,attention,128,L2,"[0.1, 0.1, 0.1, 0.1]",128,AdamW,,0.0001,1e-05,[0.68794326 2.1920904  0.91725768],0.02,1.0,0.10307,3.06323,0.31818,0.28168,"[0.33333, 0.13333, 0.37838]",300,0.3927,2.91757,0.40909,0.40794,"[0.33333, 0.35714, 0.53333]",248,COMPLETED,29.724
43,20251229_174300,gaitgl_GREW_TOP30.csv,30%,Preset_4,TCN,42,256,"[384, 384, 384, 512]","[1, 2, 3, 4]",7,2,gelu,True,False,False,attention,128,L2,"[0.1, 0.1, 0.1, 0.1]",128,AdamW,,0.0001,1e-05,[0.68794326 2.1920904  0.91725768],0.02,1.0,0.10447,1.63831,0.52273,0.36471,"[0.62745, 0.0, 0.46667]",128,0.69391,1.56965,0.54545,0.41005,"[0.61905, 0.0, 0.61111]",94,COMPLETED,12.541
44,20251229_174300,gaitgl_OUMVLP_TOP30.csv,30%,Preset_4,TCN,42,256,"[384, 384, 384, 512]","[1, 2, 3, 4]",7,2,gelu,True,False,False,attention,128,L2,"[0.1, 0.1, 0.1, 0.1]",128,AdamW,,0.0001,1e-05,[0.68794326 2.1920904  0.91725768],0.02,1.0,0.11243,2.27925,0.45455,0.37182,"[0.54902, 0.18182, 0.38462]",282,0.678,1.18831,0.52273,0.44108,"[0.57778, 0.2, 0.54545]",181,COMPLETED,28.895
45,20251229_174300,gaitgl_TOP30.csv,30%,Preset_4,TCN,42,128,"[384, 384, 384, 512]","[1, 2, 3, 4]",7,2,gelu,True,False,False,attention,128,L2,"[0.1, 0.1, 0.1, 0.1]",128,AdamW,,0.0001,1e-05,[0.68794326 2.1920904  0.91725768],0.02,1.0,0.10819,2.10022,0.40909,0.35874,"[0.38889, 0.22222, 0.46512]",149,0.39348,1.89246,0.5,0.48533,"[0.46154, 0.44444, 0.55]",134,COMPLETED,14.364
46,20251229_174300,gaitpart_GREW_TOP30.csv,30%,Preset_4,TCN,42,256,"[384, 384, 384, 512]","[1, 2, 3, 4]",7,2,gelu,True,False,False,attention,128,L2,"[0.1, 0.1, 0.1, 0.1]",128,AdamW,,0.0001,1e-05,[0.68794326 2.1920904  0.91725768],0.02,1.0,0.11178,3.08956,0.38636,0.35317,"[0.47619, 0.25, 0.33333]",353,0.64657,1.4909,0.47727,0.46918,"[0.48649, 0.42105, 0.5]",153,COMPLETED,29.524
47,20251229_174300,gaitpart_OUMVLP_TOP30.csv,30%,Preset_4,TCN,42,256,"[384, 384, 384, 512]","[1, 2, 3, 4]",7,2,gelu,True,False,False,attention,128,L2,"[0.1, 0.1, 0.1, 0.1]",128,AdamW,,0.0001,1e-05,[0.68794326 2.1920904  0.91725768],0.02,1.0,1.10478,1.09002,0.47727,0.21538,"[0.64615, 0.0, 0.0]",122,1.10478,1.09002,0.47727,0.21538,"[0.64615, 0.0, 0.0]",122,STOPPED,10.261
48,20251229_174300,gaitset_GREW_TOP30.csv,30%,Preset_4,TCN,42,256,"[384, 384, 384, 512]","[1, 2, 3, 4]",7,2,gelu,True,False,False,attention,128,L2,"[0.1, 0.1, 0.1, 0.1]",128,AdamW,,0.0001,1e-05,[0.68794326 2.1920904  0.91725768],0.02,1.0,0.13072,2.67496,0.40909,0.38066,"[0.45714, 0.2, 0.48485]",277,0.14827,2.17632,0.47727,0.43758,"[0.48649, 0.28571, 0.54054]",255,COMPLETED,28.426
49,20251229_174300,gaitset_OUMVLP_TOP30.csv,30%,Preset_4,TCN,42,256,"[384, 384, 384, 512]","[1, 2, 3, 4]",7,2,gelu,True,False,False,attention,128,L2,"[0.1, 0.1, 0.1, 0.1]",128,AdamW,,0.0001,1e-05,[0.68794326 2.1920904  0.91725768],0.02,1.0,1.10469,1.0932,0.47727,0.21538,"[0.64615, 0.0, 0.0]",152,1.10469,1.0932,0.47727,0.21538,"[0.64615, 0.0, 0.0]",152,STOPPED,15.714
50,20251229_174300,gaitset_TOP30.csv,30%,Preset_4,TCN,42,256,"[384, 384, 384, 512]","[1, 2, 3, 4]",7,2,gelu,True,False,False,attention,128,L2,"[0.1, 0.1, 0.1, 0.1]",128,AdamW,,0.0001,1e-05,[0.68794326 2.1920904  0.91725768],0.02,1.0,0.1313,2.80058,0.36364,0.30605,"[0.55814, 0.16, 0.2]",284,0.35812,2.33312,0.45455,0.43128,"[0.4375, 0.31579, 0.54054]",209,COMPLETED,28.999
51,20251229_174300,gln_phase1_TOP30.csv,30%,Preset_4,TCN,42,256,"[384, 384, 384, 512]","[1, 2, 3, 4]",7,2,gelu,True,False,False,attention,128,L2,"[0.1, 0.1, 0.1, 0.1]",128,AdamW,,0.0001,1e-05,[0.68794326 2.1920904  0.91725768],0.02,1.0,0.13067,2.07207,0.47727,0.39471,"[0.62222, 0.13333, 0.42857]",655,0.14119,1.86637,0.56818,0.45761,"[0.7234, 0.16667, 0.48276]",635,COMPLETED,77.32
52,20251229_174300,gln_phase2_TOP30.csv,30%,Preset_4,TCN,42,256,"[384, 384, 384, 512]","[1, 2, 3, 4]",7,2,gelu,True,False,False,attention,128,L2,"[0.1, 0.1, 0.1, 0.1]",128,AdamW,,0.0001,1e-05,[0.68794326 2.1920904  0.91725768],0.02,1.0,0.12238,2.07033,0.5,0.42424,"[0.54545, 0.18182, 0.54545]",405,0.50468,1.49457,0.56818,0.55556,"[0.66667, 0.38462, 0.61538]",293,COMPLETED,47.483

53,20251229_174300,baseline_CASIAB_TOP30.csv,30%,Preset_5,TCN,42,256,"[384, 512, 640]","[1, 2, 4]",7,2,gelu,True,True,False,max,256,minmax,"[0.05, 0.1, 0.1]",96,AdamW,,0.0001,1e-05,[0.68794326 2.1920904  0.91725768],0.02,1.0,0.12006,2.99312,0.25,0.19524,"[0.3, 0.0, 0.28571]",189,0.62684,1.49409,0.40909,0.4057,"[0.26667, 0.46154, 0.48889]",88,COMPLETED,18.456
54,20251229_174300,baseline_OUMVLP_TOP30.csv,30%,Preset_5,TCN,42,256,"[384, 512, 640]","[1, 2, 4]",7,2,gelu,True,True,False,max,256,minmax,"[0.05, 0.1, 0.1]",96,AdamW,,0.0001,1e-05,[0.68794326 2.1920904  0.91725768],0.02,1.0,0.1255,1.73374,0.47727,0.39971,"[0.60465, 0.14286, 0.45161]",247,0.64678,1.38813,0.52273,0.44207,"[0.51282, 0.18182, 0.63158]",100,COMPLETED,23.616
55,20251229_174300,gaitgl_GREW_BNNeck_TOP30.csv,30%,Preset_5,TCN,42,256,"[384, 512, 640]","[1, 2, 4]",7,2,gelu,True,True,False,max,256,minmax,"[0.05, 0.1, 0.1]",96,AdamW,,0.0001,1e-05,[0.68794326 2.1920904  0.91725768],0.02,1.0,0.1217,3.00373,0.43182,0.40762,"[0.53659, 0.35294, 0.33333]",191,0.14715,2.56174,0.5,0.47939,"[0.58537, 0.42857, 0.42424]",158,COMPLETED,21.644
56,20251229_174300,gaitgl_GREW_TOP30.csv,30%,Preset_5,TCN,42,256,"[384, 512, 640]","[1, 2, 4]",7,2,gelu,True,True,False,max,256,minmax,"[0.05, 0.1, 0.1]",96,AdamW,,0.0001,1e-05,[0.68794326 2.1920904  0.91725768],0.02,1.0,0.12444,2.55206,0.29545,0.26314,"[0.29412, 0.15385, 0.34146]",78,0.72241,1.55237,0.40909,0.37897,"[0.375, 0.28571, 0.47619]",51,COMPLETED,9.033
57,20251229_174300,gaitgl_OUMVLP_TOP30.csv,30%,Preset_5,TCN,42,256,"[384, 512, 640]","[1, 2, 4]",7,2,gelu,True,True,False,max,256,minmax,"[0.05, 0.1, 0.1]",96,AdamW,,0.0001,1e-05,[0.68794326 2.1920904  0.91725768],0.02,1.0,0.12072,1.64821,0.52273,0.4418,"[0.59091, 0.15385, 0.58065]",224,0.132,1.70971,0.52273,0.472,"[0.58537, 0.25, 0.58065]",218,COMPLETED,25.645
58,20251229_174300,gaitgl_TOP30.csv,30%,Preset_5,TCN,42,128,"[384, 512, 640]","[1, 2, 4]",7,2,gelu,True,True,False,max,256,minmax,"[0.05, 0.1, 0.1]",96,AdamW,,0.0001,1e-05,[0.68794326 2.1920904  0.91725768],0.02,1.0,0.12095,1.77702,0.45455,0.34553,"[0.53659, 0.0, 0.5]",103,0.47866,1.64358,0.5,0.44995,"[0.60465, 0.30769, 0.4375]",65,COMPLETED,10.664
59,20251229_174300,gaitpart_GREW_TOP30.csv,30%,Preset_5,TCN,42,256,"[384, 512, 640]","[1, 2, 4]",7,2,gelu,True,True,False,max,256,minmax,"[0.05, 0.1, 0.1]",96,AdamW,,0.0001,1e-05,[0.68794326 2.1920904  0.91725768],0.02,1.0,0.12968,2.02281,0.56818,0.54612,"[0.62222, 0.5, 0.51613]",179,0.25025,1.7819,0.61364,0.61465,"[0.6, 0.61538, 0.62857]",131,COMPLETED,15.806
60,20251229_174300,gaitpart_OUMVLP_TOP30.csv,30%,Preset_5,TCN,42,256,"[384, 512, 640]","[1, 2, 4]",7,2,gelu,True,True,False,max,256,minmax,"[0.05, 0.1, 0.1]",96,AdamW,,0.0001,1e-05,[0.68794326 2.1920904  0.91725768],0.02,1.0,0.11498,1.88075,0.52273,0.49043,"[0.57778, 0.375, 0.51852]",473,0.70085,0.94385,0.65909,0.64127,"[0.66667, 0.57143, 0.68571]",177,COMPLETED,41.282
61,20251229_174300,gaitset_GREW_TOP30.csv,30%,Preset_5,TCN,42,256,"[384, 512, 640]","[1, 2, 4]",7,2,gelu,True,True,False,max,256,minmax,"[0.05, 0.1, 0.1]",96,AdamW,,0.0001,1e-05,[0.68794326 2.1920904  0.91725768],0.02,1.0,0.12052,3.00466,0.36364,0.35905,"[0.36364, 0.23077, 0.48276]",198,0.50662,2.49201,0.47727,0.4547,"[0.52632, 0.35294, 0.48485]",132,COMPLETED,21.474
62,20251229_174300,gaitset_OUMVLP_TOP30.csv,30%,Preset_5,TCN,42,256,"[384, 512, 640]","[1, 2, 4]",7,2,gelu,True,True,False,max,256,minmax,"[0.05, 0.1, 0.1]",96,AdamW,,0.0001,1e-05,[0.68794326 2.1920904  0.91725768],0.02,1.0,0.1074,2.40878,0.45455,0.38782,"[0.55, 0.14286, 0.47059]",778,0.18739,2.93845,0.52273,0.50317,"[0.62857, 0.38095, 0.5]",757,COMPLETED,83.709
63,20251229_174300,gaitset_TOP30.csv,30%,Preset_5,TCN,42,256,"[384, 512, 640]","[1, 2, 4]",7,2,gelu,True,True,False,max,256,minmax,"[0.05, 0.1, 0.1]",96,AdamW,,0.0001,1e-05,[0.68794326 2.1920904  0.91725768],0.02,1.0,0.13134,2.59682,0.34091,0.30078,"[0.42105, 0.11765, 0.36364]",150,0.43258,1.93908,0.43182,0.40954,"[0.4, 0.31579, 0.51282]",94,COMPLETED,16.201
64,20251229_174300,gln_phase1_TOP30.csv,30%,Preset_5,TCN,42,256,"[384, 512, 640]","[1, 2, 4]",7,2,gelu,True,True,False,max,256,minmax,"[0.05, 0.1, 0.1]",96,AdamW,,0.0001,1e-05,[0.68794326 2.1920904  0.91725768],0.02,1.0,0.12496,1.9417,0.5,0.37607,"[0.5641, 0.0, 0.5641]",205,0.42959,1.36093,0.59091,0.49889,"[0.75, 0.26667, 0.48]",117,COMPLETED,25.132
65,20251229_174300,gln_phase2_TOP30.csv,30%,Preset_5,TCN,42,256,"[384, 512, 640]","[1, 2, 4]",7,2,gelu,True,True,False,max,256,minmax,"[0.05, 0.1, 0.1]",96,AdamW,,0.0001,1e-05,[0.68794326 2.1920904  0.91725768],0.02,1.0,0.13432,2.06313,0.47727,0.35513,"[0.61538, 0.0, 0.45]",177,0.66697,1.40746,0.47727,0.45821,"[0.58537, 0.44444, 0.34483]",85,COMPLETED,22.263

66,20251229_174300,baseline_CASIAB_TOP30.csv,30%,Preset_6,TCN,42,256,"[192, 256]","[1, 3]",7,2,gelu,True,True,False,max,128,minmax,"[0.05, 0.1]",64,AdamW,,0.0001,5e-06,[0.68794326 2.1920904  0.91725768],0.02,1.0,0.13615,2.86459,0.36364,0.3177,"[0.41026, 0.14286, 0.4]",408,0.18437,2.9044,0.45455,0.43289,"[0.53659, 0.375, 0.3871]",325,COMPLETED,32.934
67,20251229_174300,baseline_OUMVLP_TOP30.csv,30%,Preset_6,TCN,42,256,"[192, 256]","[1, 3]",7,2,gelu,True,True,False,max,128,minmax,"[0.05, 0.1]",64,AdamW,,0.0001,5e-06,[0.68794326 2.1920904  0.91725768],0.02,1.0,0.124,2.24656,0.40909,0.34899,"[0.36364, 0.13333, 0.55]",447,0.30241,1.73159,0.56818,0.47795,"[0.58537, 0.18182, 0.66667]",276,COMPLETED,35.219
68,20251229_174300,gaitgl_GREW_BNNeck_TOP30.csv,30%,Preset_6,TCN,42,256,"[192, 256]","[1, 3]",7,2,gelu,True,True,False,max,128,minmax,"[0.05, 0.1]",64,AdamW,,0.0001,5e-06,[0.68794326 2.1920904  0.91725768],0.02,1.0,0.13261,2.73917,0.38636,0.35346,"[0.4878, 0.25, 0.32258]",270,0.66468,1.25512,0.47727,0.40585,"[0.53659, 0.16667, 0.51429]",112,COMPLETED,21.504
69,20251229_174300,gaitgl_GREW_TOP30.csv,30%,Preset_6,TCN,42,256,"[192, 256]","[1, 3]",7,2,gelu,True,True,False,max,128,minmax,"[0.05, 0.1]",64,AdamW,,0.0001,5e-06,[0.68794326 2.1920904  0.91725768],0.02,1.0,0.12475,1.86638,0.45455,0.36515,"[0.55, 0.0, 0.54545]",123,0.35158,1.50813,0.56818,0.49533,"[0.68085, 0.26667, 0.53846]",90,COMPLETED,9.829
70,20251229_174300,gaitgl_OUMVLP_TOP30.csv,30%,Preset_6,TCN,42,256,"[192, 256]","[1, 3]",7,2,gelu,True,True,False,max,128,minmax,"[0.05, 0.1]",64,AdamW,,0.0001,5e-06,[0.68794326 2.1920904  0.91725768],0.02,1.0,0.12416,2.1336,0.43182,0.32698,"[0.45714, 0.0, 0.52381]",309,0.13321,2.22284,0.54545,0.5133,"[0.57895, 0.31579, 0.64516]",300,COMPLETED,24.05
71,20251229_174300,gaitgl_TOP30.csv,30%,Preset_6,TCN,42,128,"[192, 256]","[1, 3]",7,2,gelu,True,True,False,max,128,minmax,"[0.05, 0.1]",64,AdamW,,0.0001,5e-06,[0.68794326 2.1920904  0.91725768],0.02,1.0,0.1384,2.51184,0.38636,0.33555,"[0.42857, 0.15385, 0.42424]",186,0.54696,1.71786,0.5,0.49744,"[0.5, 0.47619, 0.51613]",84,COMPLETED,13.617
72,20251229_174300,gaitpart_GREW_TOP30.csv,30%,Preset_6,TCN,42,256,"[192, 256]","[1, 3]",7,2,gelu,True,True,False,max,128,minmax,"[0.05, 0.1]",64,AdamW,,0.0001,5e-06,[0.68794326 2.1920904  0.91725768],0.02,1.0,0.13796,2.61594,0.43182,0.3998,"[0.47619, 0.28571, 0.4375]",397,0.13945,2.652,0.54545,0.51766,"[0.6087, 0.46154, 0.48276]",367,COMPLETED,28.485
73,20251229_174300,gaitpart_OUMVLP_TOP30.csv,30%,Preset_6,TCN,42,256,"[192, 256]","[1, 3]",7,2,gelu,True,True,False,max,128,minmax,"[0.05, 0.1]",64,AdamW,,0.0001,5e-06,[0.68794326 2.1920904  0.91725768],0.02,1.0,0.12641,2.19678,0.5,0.47479,"[0.5, 0.35294, 0.57143]",996,0.69191,1.08174,0.68182,0.6492,"[0.68421, 0.54545, 0.71795]",248,COMPLETED,70.946
74,20251229_174300,gaitset_GREW_TOP30.csv,30%,Preset_6,TCN,42,256,"[192, 256]","[1, 3]",7,2,gelu,True,True,False,max,128,minmax,"[0.05, 0.1]",64,AdamW,,0.0001,5e-06,[0.68794326 2.1920904  0.91725768],0.02,1.0,0.13537,2.81022,0.45455,0.39257,"[0.53659, 0.125, 0.51613]",301,0.16327,3.16839,0.5,0.47119,"[0.5641, 0.33333, 0.51613]",286,COMPLETED,23.443
75,20251229_174300,gaitset_OUMVLP_TOP30.csv,30%,Preset_6,TCN,42,256,"[192, 256]","[1, 3]",7,2,gelu,True,True,False,max,128,minmax,"[0.05, 0.1]",64,AdamW,,0.0001,5e-06,[0.68794326 2.1920904  0.91725768],0.02,1.0,0.12608,2.77887,0.36364,0.3372,"[0.43902, 0.25, 0.32258]",863,0.7434,1.44605,0.47727,0.43905,"[0.56, 0.4, 0.35714]",215,COMPLETED,67.363
76,20251229_174300,gaitset_TOP30.csv,30%,Preset_6,TCN,42,256,"[192, 256]","[1, 3]",7,2,gelu,True,True,False,max,128,minmax,"[0.05, 0.1]",64,AdamW,,0.0001,5e-06,[0.68794326 2.1920904  0.91725768],0.02,1.0,0.13746,2.3462,0.36364,0.3402,"[0.35294, 0.21053, 0.45714]",307,0.4242,1.70527,0.45455,0.43124,"[0.45161, 0.31579, 0.52632]",160,COMPLETED,23.854
77,20251229_174300,gln_phase1_TOP30.csv,30%,Preset_6,TCN,42,256,"[192, 256]","[1, 3]",7,2,gelu,True,True,False,max,128,minmax,"[0.05, 0.1]",64,AdamW,,0.0001,5e-06,[0.68794326 2.1920904  0.91725768],0.02,1.0,0.12974,2.12633,0.52273,0.39298,"[0.6, 0.0, 0.57895]",407,0.43688,1.6113,0.59091,0.4339,"[0.69565, 0.0, 0.60606]",219,COMPLETED,31.789
78,20251229_174300,gln_phase2_TOP30.csv,30%,Preset_6,TCN,42,256,"[192, 256]","[1, 3]",7,2,gelu,True,True,False,max,128,minmax,"[0.05, 0.1]",64,AdamW,,0.0001,5e-06,[0.68794326 2.1920904  0.91725768],0.02,1.0,0.13729,1.96389,0.52273,0.42448,"[0.69565, 0.13333, 0.44444]",307,0.17962,1.95303,0.56818,0.52597,"[0.71429, 0.36364, 0.5]",287,COMPLETED,24.242

79,20251229_174300,baseline_CASIAB_TOP30.csv,30%,Preset_7,TCN,42,256,"[512, 512, 512]","[3, 6, 9]",5,1,hardswish,True,False,False,last,128,minmax,"[0.0, 0.1, 0.1]",96,AdamW,,0.0002,1e-06,[0.68794326 2.1920904  0.91725768],0.02,1.0,0.12479,2.0825,0.40909,0.34449,"[0.54545, 0.11765, 0.37037]",166,0.46572,1.67328,0.59091,0.47418,"[0.67857, 0.22222, 0.52174]",93,COMPLETED,8.852
80,20251229_174300,baseline_OUMVLP_TOP30.csv,30%,Preset_7,TCN,42,256,"[512, 512, 512]","[3, 6, 9]",5,1,hardswish,True,False,False,last,128,minmax,"[0.0, 0.1, 0.1]",96,AdamW,,0.0002,1e-06,[0.68794326 2.1920904  0.91725768],0.02,1.0,0.12412,2.0311,0.52273,0.44414,"[0.55, 0.15385, 0.62857]",183,0.67936,1.45651,0.56818,0.47756,"[0.62222, 0.22222, 0.58824]",86,COMPLETED,9.591
81,20251229_174300,gaitgl_GREW_BNNeck_TOP30.csv,30%,Preset_7,TCN,42,256,"[512, 512, 512]","[3, 6, 9]",5,1,hardswish,True,False,False,last,128,minmax,"[0.0, 0.1, 0.1]",96,AdamW,,0.0002,1e-06,[0.68794326 2.1920904  0.91725768],0.02,1.0,0.11981,3.20648,0.38636,0.33487,"[0.45, 0.14286, 0.41176]",235,0.18577,3.03996,0.43182,0.37033,"[0.5, 0.15385, 0.45714]",218,COMPLETED,13.972
82,20251229_174300,gaitgl_GREW_TOP30.csv,30%,Preset_7,TCN,42,256,"[512, 512, 512]","[3, 6, 9]",5,1,hardswish,True,False,False,last,128,minmax,"[0.0, 0.1, 0.1]",96,AdamW,,0.0002,1e-06,[0.68794326 2.1920904  0.91725768],0.02,1.0,0.12613,2.0498,0.43182,0.31775,"[0.57143, 0.2, 0.18182]",92,0.20211,1.86825,0.52273,0.50103,"[0.61538, 0.42105, 0.46667]",63,COMPLETED,5.474
83,20251229_174300,gaitgl_OUMVLP_TOP30.csv,30%,Preset_7,TCN,42,256,"[512, 512, 512]","[3, 6, 9]",5,1,hardswish,True,False,False,last,128,minmax,"[0.0, 0.1, 0.1]",96,AdamW,,0.0002,1e-06,[0.68794326 2.1920904  0.91725768],0.02,1.0,0.13697,1.86272,0.40909,0.38251,"[0.47619, 0.30769, 0.36364]",224,0.22981,1.92927,0.5,0.47729,"[0.59091, 0.47059, 0.37037]",158,COMPLETED,13.289
84,20251229_174300,gaitgl_TOP30.csv,30%,Preset_7,TCN,42,128,"[512, 512, 512]","[3, 6, 9]",5,1,hardswish,True,False,False,last,128,minmax,"[0.0, 0.1, 0.1]",96,AdamW,,0.0002,1e-06,[0.68794326 2.1920904  0.91725768],0.02,1.0,0.13274,1.88836,0.5,0.42398,"[0.52632, 0.16667, 0.57895]",86,0.23895,1.79652,0.54545,0.53509,"[0.52632, 0.5, 0.57895]",64,COMPLETED,4.726
85,20251229_174300,gaitpart_GREW_TOP30.csv,30%,Preset_7,TCN,42,256,"[512, 512, 512]","[3, 6, 9]",5,1,hardswish,True,False,False,last,128,minmax,"[0.0, 0.1, 0.1]",96,AdamW,,0.0002,1e-06,[0.68794326 2.1920904  0.91725768],0.02,1.0,0.13145,2.45307,0.43182,0.41258,"[0.47619, 0.3, 0.46154]",192,0.14277,2.32337,0.54545,0.52461,"[0.62222, 0.5, 0.45161]",181,COMPLETED,9.529
86,20251229_174300,gaitpart_OUMVLP_TOP30.csv,30%,Preset_7,TCN,42,256,"[512, 512, 512]","[3, 6, 9]",5,1,hardswish,True,False,False,last,128,minmax,"[0.0, 0.1, 0.1]",96,AdamW,,0.0002,1e-06,[0.68794326 2.1920904  0.91725768],0.02,1.0,0.13447,1.77584,0.5,0.42768,"[0.4878, 0.16667, 0.62857]",387,0.74059,1.12171,0.52273,0.5179,"[0.52632, 0.43478, 0.59259]",201,COMPLETED,19.34
87,20251229_174300,gaitset_GREW_TOP30.csv,30%,Preset_7,TCN,42,256,"[512, 512, 512]","[3, 6, 9]",5,1,hardswish,True,False,False,last,128,minmax,"[0.0, 0.1, 0.1]",96,AdamW,,0.0002,1e-06,[0.68794326 2.1920904  0.91725768],0.02,1.0,0.13826,1.94888,0.5,0.42271,"[0.51429, 0.15385, 0.6]",177,0.17794,1.9693,0.5,0.45397,"[0.5641, 0.23529, 0.5625]",164,COMPLETED,10.808
88,20251229_174300,gaitset_OUMVLP_TOP30.csv,30%,Preset_7,TCN,42,256,"[512, 512, 512]","[3, 6, 9]",5,1,hardswish,True,False,False,last,128,minmax,"[0.0, 0.1, 0.1]",96,AdamW,,0.0002,1e-06,[0.68794326 2.1920904  0.91725768],0.02,1.0,0.11693,1.60644,0.5,0.47076,"[0.57895, 0.33333, 0.5]",556,0.16819,1.63176,0.61364,0.57529,"[0.64865, 0.42857, 0.64865]",488,COMPLETED,33.217
89,20251229_174300,gaitset_TOP30.csv,30%,Preset_7,TCN,42,256,"[512, 512, 512]","[3, 6, 9]",5,1,hardswish,True,False,False,last,128,minmax,"[0.0, 0.1, 0.1]",96,AdamW,,0.0002,1e-06,[0.68794326 2.1920904  0.91725768],0.02,1.0,0.13444,1.80277,0.45455,0.35514,"[0.48649, 0.0, 0.57895]",142,0.52675,1.29778,0.5,0.47661,"[0.51429, 0.375, 0.54054]",74,COMPLETED,8.523
90,20251229_174300,gln_phase1_TOP30.csv,30%,Preset_7,TCN,42,256,"[512, 512, 512]","[3, 6, 9]",5,1,hardswish,True,False,False,last,128,minmax,"[0.0, 0.1, 0.1]",96,AdamW,,0.0002,1e-06,[0.68794326 2.1920904  0.91725768],0.02,1.0,0.12445,1.95423,0.47727,0.41893,"[0.48485, 0.10526, 0.66667]",227,0.71338,1.24836,0.52273,0.50855,"[0.58065, 0.32, 0.625]",84,COMPLETED,15.271
91,20251229_174300,gln_phase2_TOP30.csv,30%,Preset_7,TCN,42,256,"[512, 512, 512]","[3, 6, 9]",5,1,hardswish,True,False,False,last,128,minmax,"[0.0, 0.1, 0.1]",96,AdamW,,0.0002,1e-06,[0.68794326 2.1920904  0.91725768],0.02,1.0,0.13272,1.99522,0.40909,0.31498,"[0.47826, 0.0, 0.46667]",239,0.68675,1.60693,0.5,0.42363,"[0.61538, 0.30769, 0.34783]",95,COMPLETED,15.865

92,20251229_174300,baseline_CASIAB_TOP30.csv,30%,Preset_8,TCN,42,256,"[512, 512, 512, 512]","[1, 2, 4, 8]",5,2,gelu,True,True,False,max,256,minmax,"[None, 0.05, 0.1, 0.1]",96,AdamW,,0.00015,1e-05,[0.68794326 2.1920904  0.91725768],0.02,1.0,0.11423,2.44242,0.34091,0.25944,"[0.45833, 0.0, 0.32]",160,0.71581,1.42623,0.40909,0.39692,"[0.3125, 0.4, 0.47826]",59,COMPLETED,14.294
93,20251229_174300,baseline_OUMVLP_TOP30.csv,30%,Preset_8,TCN,42,256,"[512, 512, 512, 512]","[1, 2, 4, 8]",5,2,gelu,True,True,False,max,256,minmax,"[None, 0.05, 0.1, 0.1]",96,AdamW,,0.00015,1e-05,[0.68794326 2.1920904  0.91725768],0.02,1.0,0.12432,2.53067,0.38636,0.33567,"[0.4, 0.13333, 0.47368]",174,0.66754,1.39535,0.56818,0.47434,"[0.6383, 0.22222, 0.5625]",101,COMPLETED,15.461
94,20251229_174300,gaitgl_GREW_BNNeck_TOP30.csv,30%,Preset_8,TCN,42,256,"[512, 512, 512, 512]","[1, 2, 4, 8]",5,2,gelu,True,True,False,max,256,minmax,"[None, 0.05, 0.1, 0.1]",96,AdamW,,0.00015,1e-05,[0.68794326 2.1920904  0.91725768],0.02,1.0,0.11759,2.56766,0.43182,0.41663,"[0.4878, 0.375, 0.3871]",144,0.63906,1.58794,0.43182,0.42402,"[0.42424, 0.34783, 0.5]",89,COMPLETED,15.328
95,20251229_174300,gaitgl_GREW_TOP30.csv,30%,Preset_8,TCN,42,256,"[512, 512, 512, 512]","[1, 2, 4, 8]",5,2,gelu,True,True,False,max,256,minmax,"[None, 0.05, 0.1, 0.1]",96,AdamW,,0.00015,1e-05,[0.68794326 2.1920904  0.91725768],0.02,1.0,0.11701,1.68923,0.52273,0.38179,"[0.61905, 0.0, 0.52632]",68,0.25996,1.58428,0.54545,0.45443,"[0.65116, 0.16667, 0.54545]",48,COMPLETED,7.138
96,20251229_174300,gaitgl_OUMVLP_TOP30.csv,30%,Preset_8,TCN,42,256,"[512, 512, 512, 512]","[1, 2, 4, 8]",5,2,gelu,True,True,False,max,256,minmax,"[None, 0.05, 0.1, 0.1]",96,AdamW,,0.00015,1e-05,[0.68794326 2.1920904  0.91725768],0.02,1.0,0.13165,1.94747,0.5,0.33388,"[0.62069, 0.0, 0.38095]",154,0.19584,1.46566,0.61364,0.44431,"[0.68293, 0.0, 0.65]",134,COMPLETED,16.1
97,20251229_174300,gaitgl_TOP30.csv,30%,Preset_8,TCN,42,128,"[512, 512, 512, 512]","[1, 2, 4, 8]",5,2,gelu,True,True,False,max,256,minmax,"[None, 0.05, 0.1, 0.1]",96,AdamW,,0.00015,1e-05,[0.68794326 2.1920904  0.91725768],0.02,1.0,0.12893,1.58444,0.43182,0.37111,"[0.5641, 0.125, 0.42424]",73,0.41132,1.27043,0.54545,0.53671,"[0.5625, 0.47619, 0.57143]",45,COMPLETED,7.306
98,20251229_174300,gaitpart_GREW_TOP30.csv,30%,Preset_8,TCN,42,256,"[512, 512, 512, 512]","[1, 2, 4, 8]",5,2,gelu,True,True,False,max,256,minmax,"[None, 0.05, 0.1, 0.1]",96,AdamW,,0.00015,1e-05,[0.68794326 2.1920904  0.91725768],0.02,1.0,0.12283,2.35868,0.47727,0.47454,"[0.54545, 0.53333, 0.34483]",187,0.18612,2.00228,0.59091,0.59176,"[0.63415, 0.625, 0.51613]",181,COMPLETED,15.538
99,20251229_174300,gaitpart_OUMVLP_TOP30.csv,30%,Preset_8,TCN,42,256,"[512, 512, 512, 512]","[1, 2, 4, 8]",5,2,gelu,True,True,False,max,256,minmax,"[None, 0.05, 0.1, 0.1]",96,AdamW,,0.00015,1e-05,[0.68794326 2.1920904  0.91725768],0.02,1.0,0.12277,1.68419,0.56818,0.50965,"[0.59459, 0.28571, 0.64865]",360,0.23888,1.42959,0.65909,0.61012,"[0.71429, 0.42857, 0.6875]",336,COMPLETED,29.669
100,20251229_174300,gaitset_GREW_TOP30.csv,30%,Preset_8,TCN,42,256,"[512, 512, 512, 512]","[1, 2, 4, 8]",5,2,gelu,True,True,False,max,256,minmax,"[None, 0.05, 0.1, 0.1]",96,AdamW,,0.00015,1e-05,[0.68794326 2.1920904  0.91725768],0.02,1.0,0.13602,2.4135,0.40909,0.31661,"[0.56522, 0.0, 0.38462]",112,0.59317,1.52896,0.45455,0.41863,"[0.45714, 0.21053, 0.58824]",66,COMPLETED,11.738
101,20251229_174300,gaitset_OUMVLP_TOP30.csv,30%,Preset_8,TCN,42,256,"[512, 512, 512, 512]","[1, 2, 4, 8]",5,2,gelu,True,True,False,max,256,minmax,"[None, 0.05, 0.1, 0.1]",96,AdamW,,0.00015,1e-05,[0.68794326 2.1920904  0.91725768],0.02,1.0,0.1185,1.98554,0.45455,0.37909,"[0.54167, 0.18182, 0.41379]",448,0.26646,2.18186,0.52273,0.48969,"[0.6, 0.35294, 0.51613]",394,COMPLETED,46.516
102,20251229_174300,gaitset_TOP30.csv,30%,Preset_8,TCN,42,256,"[512, 512, 512, 512]","[1, 2, 4, 8]",5,2,gelu,True,True,False,max,256,minmax,"[None, 0.05, 0.1, 0.1]",96,AdamW,,0.00015,1e-05,[0.68794326 2.1920904  0.91725768],0.02,1.0,0.12699,2.34217,0.34091,0.31898,"[0.44444, 0.2, 0.3125]",132,0.63128,1.42371,0.45455,0.40961,"[0.56522, 0.31579, 0.34783]",59,COMPLETED,13.649
103,20251229_174300,gln_phase1_TOP30.csv,30%,Preset_8,TCN,42,256,"[512, 512, 512, 512]","[1, 2, 4, 8]",5,2,gelu,True,True,False,max,256,minmax,"[None, 0.05, 0.1, 0.1]",96,AdamW,,0.00015,1e-05,[0.68794326 2.1920904  0.91725768],0.02,1.0,0.11305,1.81967,0.47727,0.40877,"[0.52632, 0.2, 0.5]",154,0.15989,1.57007,0.54545,0.44311,"[0.68085, 0.18182, 0.46667]",126,COMPLETED,18.313
104,20251229_174300,gln_phase2_TOP30.csv,30%,Preset_8,TCN,42,256,"[512, 512, 512, 512]","[1, 2, 4, 8]",5,2,gelu,True,True,False,max,256,minmax,"[None, 0.05, 0.1, 0.1]",96,AdamW,,0.00015,1e-05,[0.68794326 2.1920904  0.91725768],0.02,1.0,0.1106,1.7661,0.52273,0.44274,"[0.61538, 0.2, 0.51282]",145,0.16002,1.82151,0.54545,0.49529,"[0.62222, 0.36364, 0.5]",124,COMPLETED,17.298

105,20251229_174300,baseline_CASIAB_TOP30.csv,30%,Preset_9,TCN,42,256,"[320, 448, 576, 448, 320]","[1, 2, 3, 4, 5]",9,2,mish,True,True,False,max,256,minmax,"[0.0, 0.1, 0.1, 0.15, 0.2]",48,Adam,,3e-05,1e-05,[0.68794326 2.1920904  0.91725768],0.02,1.0,0.12987,2.84408,0.34091,0.33402,"[0.35897, 0.27273, 0.37037]",223,0.293,3.00436,0.38636,0.37967,"[0.42105, 0.33333, 0.38462]",179,COMPLETED,45.815
106,20251229_174300,baseline_OUMVLP_TOP30.csv,30%,Preset_9,TCN,42,256,"[320, 448, 576, 448, 320]","[1, 2, 3, 4, 5]",9,2,mish,True,True,False,max,256,minmax,"[0.0, 0.1, 0.1, 0.15, 0.2]",48,Adam,,3e-05,1e-05,[0.68794326 2.1920904  0.91725768],0.02,1.0,0.1222,2.17954,0.52273,0.42997,"[0.6383, 0.2, 0.45161]",311,0.51032,1.74482,0.56818,0.47156,"[0.65217, 0.2, 0.5625]",139,COMPLETED,63.808
107,20251229_174300,gaitgl_GREW_BNNeck_TOP30.csv,30%,Preset_9,TCN,42,256,"[320, 448, 576, 448, 320]","[1, 2, 3, 4, 5]",9,2,mish,True,True,False,max,256,minmax,"[0.0, 0.1, 0.1, 0.15, 0.2]",48,Adam,,3e-05,1e-05,[0.68794326 2.1920904  0.91725768],0.02,1.0,0.11036,2.90404,0.36364,0.27083,"[0.5, 0.0, 0.3125]",244,0.40568,2.77207,0.5,0.47168,"[0.61111, 0.33333, 0.47059]",151,COMPLETED,54.259
108,20251229_174300,gaitgl_GREW_TOP30.csv,30%,Preset_9,TCN,42,256,"[320, 448, 576, 448, 320]","[1, 2, 3, 4, 5]",9,2,mish,True,True,False,max,256,minmax,"[0.0, 0.1, 0.1, 0.15, 0.2]",48,Adam,,3e-05,1e-05,[0.68794326 2.1920904  0.91725768],0.02,1.0,0.124,2.61639,0.45455,0.37788,"[0.55319, 0.16667, 0.41379]",89,0.28216,2.04644,0.47727,0.40404,"[0.54545, 0.18182, 0.48485]",71,COMPLETED,19.852
109,20251229_174300,gaitgl_OUMVLP_TOP30.csv,30%,Preset_9,TCN,42,256,"[320, 448, 576, 448, 320]","[1, 2, 3, 4, 5]",9,2,mish,True,True,False,max,256,minmax,"[0.0, 0.1, 0.1, 0.15, 0.2]",48,Adam,,3e-05,1e-05,[0.68794326 2.1920904  0.91725768],0.02,1.0,0.11582,2.18737,0.40909,0.36221,"[0.43478, 0.13333, 0.51852]",189,0.15486,2.06853,0.54545,0.46545,"[0.52381, 0.16667, 0.70588]",174,COMPLETED,42.016
110,20251229_174300,gaitgl_TOP30.csv,30%,Preset_9,TCN,42,128,"[320, 448, 576, 448, 320]","[1, 2, 3, 4, 5]",9,2,mish,True,True,False,max,256,minmax,"[0.0, 0.1, 0.1, 0.15, 0.2]",48,Adam,,3e-05,1e-05,[0.68794326 2.1920904  0.91725768],0.02,1.0,0.13423,2.30958,0.45455,0.39076,"[0.5, 0.14286, 0.52941]",90,0.30932,1.77762,0.52273,0.47525,"[0.48649, 0.30769, 0.63158]",71,COMPLETED,19.577
111,20251229_174300,gaitpart_GREW_TOP30.csv,30%,Preset_9,TCN,42,256,"[320, 448, 576, 448, 320]","[1, 2, 3, 4, 5]",9,2,mish,True,True,False,max,256,minmax,"[0.0, 0.1, 0.1, 0.15, 0.2]",48,Adam,,3e-05,1e-05,[0.68794326 2.1920904  0.91725768],0.02,1.0,0.1057,2.3812,0.40909,0.29668,"[0.47826, 0.0, 0.41176]",235,0.12158,2.32875,0.45455,0.37834,"[0.55319, 0.18182, 0.4]",222,COMPLETED,46.711
112,20251229_174300,gaitpart_OUMVLP_TOP30.csv,30%,Preset_9,TCN,42,256,"[320, 448, 576, 448, 320]","[1, 2, 3, 4, 5]",9,2,mish,True,True,False,max,256,minmax,"[0.0, 0.1, 0.1, 0.15, 0.2]",48,Adam,,3e-05,1e-05,[0.68794326 2.1920904  0.91725768],0.02,1.0,0.18124,1.76368,0.59091,0.55194,"[0.61538, 0.35294, 0.6875]",458,0.28069,1.24399,0.68182,0.62657,"[0.73684, 0.4, 0.74286]",278,STOPPED,104.577
113,20251229_174300,gaitset_GREW_TOP30.csv,30%,Preset_9,TCN,42,256,"[320, 448, 576, 448, 320]","[1, 2, 3, 4, 5]",9,2,mish,True,True,False,max,256,minmax,"[0.0, 0.1, 0.1, 0.15, 0.2]",48,Adam,,3e-05,1e-05,[0.68794326 2.1920904  0.91725768],0.02,1.0,0.11649,2.59893,0.45455,0.44815,"[0.44444, 0.4, 0.5]",204,0.65885,2.7046,0.54545,0.54762,"[0.57143, 0.57143, 0.5]",141,COMPLETED,74.232
114,20251229_174300,gaitset_OUMVLP_TOP30.csv,30%,Preset_9,TCN,42,256,"[320, 448, 576, 448, 320]","[1, 2, 3, 4, 5]",9,2,mish,True,True,False,max,256,minmax,"[0.0, 0.1, 0.1, 0.15, 0.2]",48,Adam,,3e-05,1e-05,[0.68794326 2.1920904  0.91725768],0.02,1.0,0.20005,2.66,0.47727,0.40698,"[0.51282, 0.18182, 0.52632]",511,0.44226,2.02653,0.56818,0.53954,"[0.61111, 0.42857, 0.57895]",341,STOPPED,176.078
115,20251229_174300,gaitset_TOP30.csv,30%,Preset_9,TCN,42,256,"[320, 448, 576, 448, 320]","[1, 2, 3, 4, 5]",9,2,mish,True,True,False,max,256,minmax,"[0.0, 0.1, 0.1, 0.15, 0.2]",48,Adam,,3e-05,1e-05,[0.68794326 2.1920904  0.91725768],0.02,1.0,0.12661,2.32219,0.43182,0.34691,"[0.59574, 0.125, 0.32]",175,0.72158,1.39976,0.5,0.39795,"[0.64, 0.15385, 0.4]",78,COMPLETED,63.264
116,20251229_174300,gln_phase1_TOP30.csv,30%,Preset_9,TCN,42,256,"[320, 448, 576, 448, 320]","[1, 2, 3, 4, 5]",9,2,mish,True,True,False,max,256,minmax,"[0.0, 0.1, 0.1, 0.15, 0.2]",48,Adam,,3e-05,1e-05,[0.68794326 2.1920904  0.91725768],0.02,1.0,0.11987,2.07444,0.5,0.42045,"[0.63636, 0.125, 0.5]",175,0.32464,1.56842,0.63636,0.46505,"[0.75, 0.0, 0.64516]",128,COMPLETED,68.112
117,20251229_174300,gln_phase2_TOP30.csv,30%,Preset_9,TCN,42,256,"[320, 448, 576, 448, 320]","[1, 2, 3, 4, 5]",9,2,mish,True,True,False,max,256,minmax,"[0.0, 0.1, 0.1, 0.15, 0.2]",48,Adam,,3e-05,1e-05,[0.68794326 2.1920904  0.91725768],0.02,1.0,0.13035,2.4525,0.45455,0.40827,"[0.55814, 0.26667, 0.4]",188,0.1823,2.26483,0.5,0.46131,"[0.5641, 0.33333, 0.48649]",178,COMPLETED,72.417

118,20251229_174300,baseline_CASIAB_TOP30.csv,30%,Preset_10,TCN,42,256,"[512, 512, 512, 1024]","[1, 2, 4, 6]",5,2,leakyrelu,True,True,False,attention,512,L2,"[0.1, 0.1, 0.1, 0.1]",32,AdamW,,0.0001,1e-05,[0.68794326 2.1920904  0.91725768],0.02,1.0,0.12599,2.74765,0.36364,0.31659,"[0.48889, 0.2, 0.26087]",114,0.26734,2.47113,0.5,0.41339,"[0.62963, 0.4, 0.21053]",88,COMPLETED,51.787
119,20251229_174300,baseline_OUMVLP_TOP30.csv,30%,Preset_10,TCN,42,256,"[512, 512, 512, 1024]","[1, 2, 4, 6]",5,2,leakyrelu,True,True,False,attention,512,L2,"[0.1, 0.1, 0.1, 0.1]",32,AdamW,,0.0001,1e-05,[0.68794326 2.1920904  0.91725768],0.02,1.0,0.11804,1.50888,0.63636,0.51147,"[0.76, 0.18182, 0.59259]",109,0.15041,1.38041,0.68182,0.56158,"[0.7451, 0.25, 0.68966]",97,COMPLETED,50.597
120,20251229_174300,gaitgl_GREW_BNNeck_TOP30.csv,30%,Preset_10,TCN,42,256,"[512, 512, 512, 1024]","[1, 2, 4, 6]",5,2,leakyrelu,True,True,False,attention,512,L2,"[0.1, 0.1, 0.1, 0.1]",32,AdamW,,0.0001,1e-05,[0.68794326 2.1920904  0.91725768],0.02,1.0,0.1033,2.64521,0.38636,0.29071,"[0.45833, 0.0, 0.41379]",102,0.52487,1.96459,0.43182,0.39788,"[0.51429, 0.22222, 0.45714]",45,COMPLETED,51.59
121,20251229_174300,gaitgl_GREW_TOP30.csv,30%,Preset_10,TCN,42,256,"[512, 512, 512, 1024]","[1, 2, 4, 6]",5,2,leakyrelu,True,True,False,attention,512,L2,"[0.1, 0.1, 0.1, 0.1]",32,AdamW,,0.0001,1e-05,[0.68794326 2.1920904  0.91725768],0.02,1.0,0.10332,1.60646,0.52273,0.37505,"[0.59574, 0.0, 0.52941]",42,0.53759,1.22714,0.54545,0.43855,"[0.65385, 0.18182, 0.48]",27,COMPLETED,21.265
122,20251229_174300,gaitgl_OUMVLP_TOP30.csv,30%,Preset_10,TCN,42,256,"[512, 512, 512, 1024]","[1, 2, 4, 6]",5,2,leakyrelu,True,True,False,attention,512,L2,"[0.1, 0.1, 0.1, 0.1]",32,AdamW,,0.0001,1e-05,[0.68794326 2.1920904  0.91725768],0.02,1.0,0.11339,2.02246,0.47727,0.3069,"[0.62069, 0.0, 0.3]",92,0.12273,1.6501,0.59091,0.43275,"[0.66667, 0.0, 0.63158]",86,COMPLETED,45.741
123,20251229_174300,gaitgl_TOP30.csv,30%,Preset_10,TCN,42,128,"[512, 512, 512, 1024]","[1, 2, 4, 6]",5,2,leakyrelu,True,True,False,attention,512,L2,"[0.1, 0.1, 0.1, 0.1]",32,AdamW,,0.0001,1e-05,[0.68794326 2.1920904  0.91725768],0.02,1.0,0.10504,3.44994,0.29545,0.23689,"[0.53659, 0.07407, 0.1]",66,0.20431,2.62658,0.40909,0.3947,"[0.35294, 0.28571, 0.54545]",48,COMPLETED,32.247
124,20251229_174300,gaitpart_GREW_TOP30.csv,30%,Preset_10,TCN,42,256,"[512, 512, 512, 1024]","[1, 2, 4, 6]",5,2,leakyrelu,True,True,False,attention,512,L2,"[0.1, 0.1, 0.1, 0.1]",32,AdamW,,0.0001,1e-05,[0.68794326 2.1920904  0.91725768],0.02,1.0,0.13365,2.36098,0.43182,0.43834,"[0.42105, 0.46154, 0.43243]",118,0.29721,2.18943,0.52273,0.46638,"[0.6087, 0.30769, 0.48276]",102,COMPLETED,50.727
125,20251229_174300,gaitpart_OUMVLP_TOP30.csv,30%,Preset_10,TCN,42,256,"[512, 512, 512, 1024]","[1, 2, 4, 6]",5,2,leakyrelu,True,True,False,attention,512,L2,"[0.1, 0.1, 0.1, 0.1]",32,AdamW,,0.0001,1e-05,[0.68794326 2.1920904  0.91725768],0.02,1.0,0.11022,1.32596,0.68182,0.64452,"[0.7907, 0.47619, 0.66667]",289,0.19755,1.26874,0.70455,0.67028,"[0.78261, 0.58824, 0.64]",272,COMPLETED,123.182
126,20251229_174300,gaitset_GREW_TOP30.csv,30%,Preset_10,TCN,42,256,"[512, 512, 512, 1024]","[1, 2, 4, 6]",5,2,leakyrelu,True,True,False,attention,512,L2,"[0.1, 0.1, 0.1, 0.1]",32,AdamW,,0.0001,1e-05,[0.68794326 2.1920904  0.91725768],0.02,1.0,0.10233,1.9877,0.5,0.36718,"[0.64, 0.0, 0.46154]",98,0.72871,1.21958,0.54545,0.45823,"[0.60465, 0.18182, 0.58824]",52,COMPLETED,48.916
127,20251229_174300,gaitset_OUMVLP_TOP30.csv,30%,Preset_10,TCN,42,256,"[512, 512, 512, 1024]","[1, 2, 4, 6]",5,2,leakyrelu,True,True,False,attention,512,L2,"[0.1, 0.1, 0.1, 0.1]",32,AdamW,,0.0001,1e-05,[0.68794326 2.1920904  0.91725768],0.02,1.0,0.12062,2.45103,0.40909,0.37846,"[0.46154, 0.22222, 0.45161]",275,0.4265,1.77589,0.5,0.49611,"[0.42424, 0.5, 0.5641]",159,COMPLETED,135.403
128,20251229_174300,gaitset_TOP30.csv,30%,Preset_10,TCN,42,256,"[512, 512, 512, 1024]","[1, 2, 4, 6]",5,2,leakyrelu,True,True,False,attention,512,L2,"[0.1, 0.1, 0.1, 0.1]",32,AdamW,,0.0001,1e-05,[0.68794326 2.1920904  0.91725768],0.02,1.0,0.1135,2.29563,0.45455,0.32,"[0.56, 0.0, 0.4]",74,0.20263,2.21946,0.52273,0.44463,"[0.58537, 0.22222, 0.52632]",66,COMPLETED,37.564
129,20251229_174300,gln_phase1_TOP30.csv,30%,Preset_10,TCN,42,256,"[512, 512, 512, 1024]","[1, 2, 4, 6]",5,2,leakyrelu,True,True,False,attention,512,L2,"[0.1, 0.1, 0.1, 0.1]",32,AdamW,,0.0001,1e-05,[0.68794326 2.1920904  0.91725768],0.02,1.0,0.12118,2.69147,0.38636,0.35946,"[0.4878, 0.17391, 0.41667]",167,0.72627,1.36613,0.5,0.45127,"[0.5, 0.22222, 0.63158]",49,COMPLETED,88.48
130,20251229_174300,gln_phase2_TOP30.csv,30%,Preset_10,TCN,42,256,"[512, 512, 512, 1024]","[1, 2, 4, 6]",5,2,leakyrelu,True,True,False,attention,512,L2,"[0.1, 0.1, 0.1, 0.1]",32,AdamW,,0.0001,1e-05,[0.68794326 2.1920904  0.91725768],0.02,1.0,0.10418,2.38663,0.45455,0.45079,"[0.3871, 0.38462, 0.58065]",123,0.31783,1.76685,0.54545,0.49376,"[0.58537, 0.30769, 0.58824]",72,COMPLETED,65.427

131,20251229_174300,baseline_CASIAB_TOP30.csv,30%,Preset_11,TCN,42,256,"[640, 448]","[3, 6]",3,2,hardswish,True,True,False,mean,384,minmax,"[0.1, 0.1]",32,AdamW,,0.0001,0.0,[0.68794326 2.1920904  0.91725768],0.02,1.0,0.12822,2.53738,0.43182,0.3602,"[0.53061, 0.13333, 0.41667]",299,0.29707,3.83128,0.5,0.44685,"[0.57692, 0.36364, 0.4]",168,COMPLETED,54.767
132,20251229_174300,baseline_OUMVLP_TOP30.csv,30%,Preset_11,TCN,42,256,"[640, 448]","[3, 6]",3,2,hardswish,True,True,False,mean,384,minmax,"[0.1, 0.1]",32,AdamW,,0.0001,0.0,[0.68794326 2.1920904  0.91725768],0.02,1.0,0.13887,2.64386,0.36364,0.32244,"[0.44444, 0.11111, 0.41176]",252,0.43025,2.02464,0.56818,0.49618,"[0.68085, 0.30769, 0.5]",131,COMPLETED,46.672
133,20251229_174300,gaitgl_GREW_BNNeck_TOP30.csv,30%,Preset_11,TCN,42,256,"[640, 448]","[3, 6]",3,2,hardswish,True,True,False,mean,384,minmax,"[0.1, 0.1]",32,AdamW,,0.0001,0.0,[0.68794326 2.1920904  0.91725768],0.02,1.0,0.12748,2.63606,0.45455,0.40276,"[0.61905, 0.26667, 0.32258]",224,0.59838,1.76361,0.47727,0.43857,"[0.55814, 0.33333, 0.42424]",127,COMPLETED,43.521
134,20251229_174300,gaitgl_GREW_TOP30.csv,30%,Preset_11,TCN,42,256,"[640, 448]","[3, 6]",3,2,hardswish,True,True,False,mean,384,minmax,"[0.1, 0.1]",32,AdamW,,0.0001,0.0,[0.68794326 2.1920904  0.91725768],0.02,1.0,0.12668,2.57779,0.40909,0.28571,"[0.5, 0.0, 0.35714]",116,0.13257,2.42401,0.43182,0.3227,"[0.46809, 0.0, 0.5]",115,COMPLETED,22.798
135,20251229_174300,gaitgl_OUMVLP_TOP30.csv,30%,Preset_11,TCN,42,256,"[640, 448]","[3, 6]",3,2,hardswish,True,True,False,mean,384,minmax,"[0.1, 0.1]",32,AdamW,,0.0001,0.0,[0.68794326 2.1920904  0.91725768],0.02,1.0,0.13294,2.60999,0.36364,0.36548,"[0.36364, 0.21429, 0.51852]",405,0.44242,2.40682,0.5,0.48209,"[0.5641, 0.36364, 0.51852]",138,COMPLETED,78.781
136,20251229_174300,gaitgl_TOP30.csv,30%,Preset_11,TCN,42,128,"[640, 448]","[3, 6]",3,2,hardswish,True,True,False,mean,384,minmax,"[0.1, 0.1]",32,AdamW,,0.0001,0.0,[0.68794326 2.1920904  0.91725768],0.02,1.0,0.13121,2.07541,0.34091,0.2899,"[0.47619, 0.11765, 0.27586]",164,0.31261,2.0062,0.59091,0.49572,"[0.63636, 0.22222, 0.62857]",103,COMPLETED,27.973
137,20251229_174300,gaitpart_GREW_TOP30.csv,30%,Preset_11,TCN,42,256,"[640, 448]","[3, 6]",3,2,hardswish,True,True,False,mean,384,minmax,"[0.1, 0.1]",32,AdamW,,0.0001,0.0,[0.68794326 2.1920904  0.91725768],0.02,1.0,0.12811,2.66426,0.40909,0.39339,"[0.45, 0.28571, 0.44444]",217,0.7359,1.33936,0.59091,0.54603,"[0.66667, 0.4, 0.57143]",62,COMPLETED,32.29
138,20251229_174300,gaitpart_OUMVLP_TOP30.csv,30%,Preset_11,TCN,42,256,"[640, 448]","[3, 6]",3,2,hardswish,True,True,False,mean,384,minmax,"[0.1, 0.1]",32,AdamW,,0.0001,0.0,[0.68794326 2.1920904  0.91725768],0.02,1.0,0.13088,2.00722,0.43182,0.41543,"[0.44444, 0.28571, 0.51613]",468,0.61079,1.13593,0.63636,0.59864,"[0.74419, 0.5, 0.55172]",221,COMPLETED,65.26
139,20251229_174300,gaitset_GREW_TOP30.csv,30%,Preset_11,TCN,42,256,"[640, 448]","[3, 6]",3,2,hardswish,True,True,False,mean,384,minmax,"[0.1, 0.1]",32,AdamW,,0.0001,0.0,[0.68794326 2.1920904  0.91725768],0.02,1.0,0.12495,2.29695,0.47727,0.43569,"[0.52632, 0.23529, 0.54545]",221,0.15163,2.22715,0.54545,0.48909,"[0.61905, 0.28571, 0.5625]",214,COMPLETED,30.977
140,20251229_174300,gaitset_OUMVLP_TOP30.csv,30%,Preset_11,TCN,42,256,"[640, 448]","[3, 6]",3,2,hardswish,True,True,False,mean,384,minmax,"[0.1, 0.1]",32,AdamW,,0.0001,0.0,[0.68794326 2.1920904  0.91725768],0.02,1.0,0.13775,2.00921,0.40909,0.35449,"[0.43902, 0.15385, 0.47059]",717,0.30564,2.01778,0.56818,0.51687,"[0.69767, 0.35294, 0.5]",444,COMPLETED,101.241
141,20251229_174300,gaitset_TOP30.csv,30%,Preset_11,TCN,42,256,"[640, 448]","[3, 6]",3,2,hardswish,True,True,False,mean,384,minmax,"[0.1, 0.1]",32,AdamW,,0.0001,0.0,[0.68794326 2.1920904  0.91725768],0.02,1.0,0.13331,3.33505,0.34091,0.33731,"[0.37838, 0.34783, 0.28571]",226,0.16275,3.53355,0.43182,0.4105,"[0.52381, 0.4, 0.30769]",194,COMPLETED,35.421
142,20251229_174300,gln_phase1_TOP30.csv,30%,Preset_11,TCN,42,256,"[640, 448]","[3, 6]",3,2,hardswish,True,True,False,mean,384,minmax,"[0.1, 0.1]",32,AdamW,,0.0001,0.0,[0.68794326 2.1920904  0.91725768],0.02,1.0,0.1274,2.79111,0.45455,0.3888,"[0.6087, 0.25, 0.30769]",255,0.55481,1.85731,0.52273,0.46906,"[0.62222, 0.33333, 0.45161]",140,COMPLETED,39.3
143,20251229_174300,gln_phase2_TOP30.csv,30%,Preset_11,TCN,42,256,"[640, 448]","[3, 6]",3,2,hardswish,True,True,False,mean,384,minmax,"[0.1, 0.1]",32,AdamW,,0.0001,0.0,[0.68794326 2.1920904  0.91725768],0.02,1.0,0.13831,2.67714,0.45455,0.38704,"[0.55, 0.16667, 0.44444]",234,0.16515,2.48383,0.59091,0.48605,"[0.69565, 0.2, 0.5625]",202,COMPLETED,36.814

144,20251229_174300,baseline_CASIAB_TOP30.csv,30%,Preset_12,TCN,42,256,"[448, 448, 448, 448]","[1, 2, 4, 8]",3,2,gelu,True,True,False,mean,320,L2,"[0.1, 0.1, 0.1, 0.1]",40,AdamW,,2e-05,1e-05,[0.68794326 2.1920904  0.91725768],0.02,1.0,0.13473,3.02637,0.29545,0.27368,"[0.42105, 0.2, 0.2]",572,0.33716,4.60269,0.45455,0.37407,"[0.6, 0.22222, 0.3]",328,COMPLETED,88.143
145,20251229_174300,baseline_OUMVLP_TOP30.csv,30%,Preset_12,TCN,42,256,"[448, 448, 448, 448]","[1, 2, 4, 8]",3,2,gelu,True,True,False,mean,320,L2,"[0.1, 0.1, 0.1, 0.1]",40,AdamW,,2e-05,1e-05,[0.68794326 2.1920904  0.91725768],0.02,1.0,0.1334,2.03366,0.43182,0.40014,"[0.44444, 0.21053, 0.54545]",644,0.3212,2.47849,0.61364,0.54259,"[0.71111, 0.25, 0.66667]",427,COMPLETED,114.399
146,20251229_174300,gaitgl_GREW_BNNeck_TOP30.csv,30%,Preset_12,TCN,42,256,"[448, 448, 448, 448]","[1, 2, 4, 8]",3,2,gelu,True,True,False,mean,320,L2,"[0.1, 0.1, 0.1, 0.1]",40,AdamW,,2e-05,1e-05,[0.68794326 2.1920904  0.91725768],0.02,1.0,0.13017,2.34639,0.40909,0.3012,"[0.4898, 0.0, 0.41379]",288,0.60653,1.62292,0.45455,0.41868,"[0.57143, 0.3, 0.38462]",117,COMPLETED,56.012
147,20251229_174300,gaitgl_GREW_TOP30.csv,30%,Preset_12,TCN,42,256,"[448, 448, 448, 448]","[1, 2, 4, 8]",3,2,gelu,True,True,False,mean,320,L2,"[0.1, 0.1, 0.1, 0.1]",40,AdamW,,2e-05,1e-05,[0.68794326 2.1920904  0.91725768],0.02,1.0,0.12019,1.94622,0.45455,0.2965,"[0.60377, 0.0, 0.28571]",223,0.73042,1.28535,0.45455,0.39123,"[0.5, 0.2, 0.47368]",77,COMPLETED,43.635
148,20251229_174300,gaitgl_OUMVLP_TOP30.csv,30%,Preset_12,TCN,42,256,"[448, 448, 448, 448]","[1, 2, 4, 8]",3,2,gelu,True,True,False,mean,320,L2,"[0.1, 0.1, 0.1, 0.1]",40,AdamW,,2e-05,1e-05,[0.68794326 2.1920904  0.91725768],0.02,1.0,0.13137,2.41916,0.43182,0.31975,"[0.4375, 0.0, 0.52174]",493,0.54953,1.60062,0.52273,0.50496,"[0.5625, 0.38095, 0.57143]",201,COMPLETED,96.551
149,20251229_174300,gaitgl_TOP30.csv,30%,Preset_12,TCN,42,128,"[448, 448, 448, 448]","[1, 2, 4, 8]",3,2,gelu,True,True,False,mean,320,L2,"[0.1, 0.1, 0.1, 0.1]",40,AdamW,,2e-05,1e-05,[0.68794326 2.1920904  0.91725768],0.02,1.0,0.13081,1.71251,0.5,0.35201,"[0.62745, 0.0, 0.42857]",238,0.22429,2.0358,0.56818,0.41577,"[0.66667, 0.0, 0.58065]",175,COMPLETED,44.808
150,20251229_174300,gaitpart_GREW_TOP30.csv,30%,Preset_12,TCN,42,256,"[448, 448, 448, 448]","[1, 2, 4, 8]",3,2,gelu,True,True,False,mean,320,L2,"[0.1, 0.1, 0.1, 0.1]",40,AdamW,,2e-05,1e-05,[0.68794326 2.1920904  0.91725768],0.02,1.0,0.13815,3.32421,0.36364,0.27071,"[0.54545, 0.0, 0.26667]",517,0.70454,1.52943,0.47727,0.38462,"[0.66667, 0.15385, 0.33333]",192,COMPLETED,90.368
151,20251229_174300,gaitpart_OUMVLP_TOP30.csv,30%,Preset_12,TCN,42,256,"[448, 448, 448, 448]","[1, 2, 4, 8]",3,2,gelu,True,True,False,mean,320,L2,"[0.1, 0.1, 0.1, 0.1]",40,AdamW,,2e-05,1e-05,[0.68794326 2.1920904  0.91725768],0.02,1.0,0.29526,1.1573,0.59091,0.56863,"[0.55556, 0.44444, 0.70588]",2048,0.38742,1.21042,0.65909,0.64687,"[0.66667, 0.58824, 0.68571]",1667,STOPPED,358.356
152,20251229_174300,gaitset_GREW_TOP30.csv,30%,Preset_12,TCN,42,256,"[448, 448, 448, 448]","[1, 2, 4, 8]",3,2,gelu,True,True,False,mean,320,L2,"[0.1, 0.1, 0.1, 0.1]",40,AdamW,,2e-05,1e-05,[0.68794326 2.1920904  0.91725768],0.02,1.0,0.12944,2.47885,0.38636,0.30089,"[0.48889, 0.0, 0.41379]",441,0.55533,1.77387,0.59091,0.52648,"[0.62857, 0.26667, 0.68421]",176,COMPLETED,84.352
153,20251229_174300,gaitset_OUMVLP_TOP30.csv,30%,Preset_12,TCN,42,256,"[448, 448, 448, 448]","[1, 2, 4, 8]",3,2,gelu,True,True,False,mean,320,L2,"[0.1, 0.1, 0.1, 0.1]",40,AdamW,,2e-05,1e-05,[0.68794326 2.1920904  0.91725768],0.02,1.0,0.11385,2.83801,0.36364,0.31054,"[0.51163, 0.1, 0.32]",1734,0.59346,1.74811,0.47727,0.47224,"[0.4, 0.47619, 0.54054]",496,COMPLETED,271.968
154,20251229_174300,gaitset_TOP30.csv,30%,Preset_12,TCN,42,256,"[448, 448, 448, 448]","[1, 2, 4, 8]",3,2,gelu,True,True,False,mean,320,L2,"[0.1, 0.1, 0.1, 0.1]",40,AdamW,,2e-05,1e-05,[0.68794326 2.1920904  0.91725768],0.02,1.0,0.13342,3.01695,0.34091,0.33852,"[0.4375, 0.25806, 0.32]",552,0.21005,3.60752,0.40909,0.41064,"[0.45161, 0.41667, 0.36364]",434,COMPLETED,85.383
155,20251229_174300,gln_phase1_TOP30.csv,30%,Preset_12,TCN,42,256,"[448, 448, 448, 448]","[1, 2, 4, 8]",3,2,gelu,True,True,False,mean,320,L2,"[0.1, 0.1, 0.1, 0.1]",40,AdamW,,2e-05,1e-05,[0.68794326 2.1920904  0.91725768],0.02,1.0,0.13441,2.9676,0.27273,0.27059,"[0.41176, 0.06667, 0.33333]",493,0.68211,1.64467,0.47727,0.4069,"[0.52632, 0.15385, 0.54054]",149,COMPLETED,73.109
156,20251229_174300,gln_phase2_TOP30.csv,30%,Preset_12,TCN,42,256,"[448, 448, 448, 448]","[1, 2, 4, 8]",3,2,gelu,True,True,False,mean,320,L2,"[0.1, 0.1, 0.1, 0.1]",40,AdamW,,2e-05,1e-05,[0.68794326 2.1920904  0.91725768],0.02,1.0,0.13294,2.98193,0.36364,0.27638,"[0.35294, 0.0, 0.47619]",424,0.72869,1.52114,0.54545,0.48968,"[0.61905, 0.25, 0.6]",145,COMPLETED,62.933

157,20251229_174300,baseline_CASIAB_TOP30.csv,30%,Preset_13,TCN,42,256,"[192, 256, 320, 384, 448]","[1, 2, 3, 4, 5]",3,3,silu,True,True,False,attention,256,L2,"[0.2, 0.2, 0.2, 0.2, 0.2]",56,AdamW,,2e-05,1e-05,[0.68794326 2.1920904  0.91725768],0.02,1.0,0.13912,2.73373,0.47727,0.51398,"[0.51163, 0.66667, 0.36364]",803,0.47552,1.20676,0.5,0.52456,"[0.5, 0.6, 0.47368]",364,COMPLETED,134.893
158,20251229_174300,baseline_OUMVLP_TOP30.csv,30%,Preset_13,TCN,42,256,"[192, 256, 320, 384, 448]","[1, 2, 3, 4, 5]",3,3,silu,True,True,False,attention,256,L2,"[0.2, 0.2, 0.2, 0.2, 0.2]",56,AdamW,,2e-05,1e-05,[0.68794326 2.1920904  0.91725768],0.02,1.0,0.12535,2.80497,0.47727,0.41382,"[0.45714, 0.11765, 0.66667]",1717,0.33448,1.75214,0.61364,0.51769,"[0.68293, 0.14286, 0.72727]",1274,COMPLETED,322.674
159,20251229_174300,gaitgl_GREW_BNNeck_TOP30.csv,30%,Preset_13,TCN,42,256,"[192, 256, 320, 384, 448]","[1, 2, 3, 4, 5]",3,3,silu,True,True,False,attention,256,L2,"[0.2, 0.2, 0.2, 0.2, 0.2]",56,AdamW,,2e-05,1e-05,[0.68794326 2.1920904  0.91725768],0.02,1.0,0.12857,2.02217,0.5,0.46671,"[0.48649, 0.36364, 0.55]",746,0.13924,1.95975,0.54545,0.53322,"[0.51429, 0.5, 0.58537]",679,COMPLETED,153.33
160,20251229_174300,gaitgl_GREW_TOP30.csv,30%,Preset_13,TCN,42,256,"[192, 256, 320, 384, 448]","[1, 2, 3, 4, 5]",3,3,silu,True,True,False,attention,256,L2,"[0.2, 0.2, 0.2, 0.2, 0.2]",56,AdamW,,2e-05,1e-05,[0.68794326 2.1920904  0.91725768],0.02,1.0,0.13371,3.07079,0.40909,0.40627,"[0.35897, 0.375, 0.48485]",612,0.52283,1.37879,0.5,0.49772,"[0.4, 0.52174, 0.57143]",208,COMPLETED,125.786
161,20251229_174300,gaitgl_OUMVLP_TOP30.csv,30%,Preset_13,TCN,42,256,"[192, 256, 320, 384, 448]","[1, 2, 3, 4, 5]",3,3,silu,True,True,False,attention,256,L2,"[0.2, 0.2, 0.2, 0.2, 0.2]",56,AdamW,,2e-05,1e-05,[0.68794326 2.1920904  0.91725768],0.02,1.0,1.10435,1.09952,0.15909,0.0915,"[0.0, 0.27451, 0.0]",183,1.10435,1.09952,0.15909,0.0915,"[0.0, 0.27451, 0.0]",183,STOPPED,37.504
162,20251229_174300,gaitgl_TOP30.csv,30%,Preset_13,TCN,42,128,"[192, 256, 320, 384, 448]","[1, 2, 3, 4, 5]",3,3,silu,True,True,False,attention,256,L2,"[0.2, 0.2, 0.2, 0.2, 0.2]",56,AdamW,,2e-05,1e-05,[0.68794326 2.1920904  0.91725768],0.02,1.0,0.13351,1.99909,0.54545,0.51039,"[0.53659, 0.4, 0.59459]",394,0.13028,1.99065,0.56818,0.53682,"[0.57143, 0.44444, 0.59459]",384,COMPLETED,79.073
163,20251229_174300,gaitpart_GREW_TOP30.csv,30%,Preset_13,TCN,42,256,"[192, 256, 320, 384, 448]","[1, 2, 3, 4, 5]",3,3,silu,True,True,False,attention,256,L2,"[0.2, 0.2, 0.2, 0.2, 0.2]",56,AdamW,,2e-05,1e-05,[0.68794326 2.1920904  0.91725768],0.02,1.0,0.14762,2.45728,0.36364,0.34226,"[0.42857, 0.28571, 0.3125]",1716,0.65144,1.26289,0.59091,0.58519,"[0.6, 0.55556, 0.6]",445,STOPPED,322.208
164,20251229_174300,gaitpart_OUMVLP_TOP30.csv,30%,Preset_13,TCN,42,256,"[192, 256, 320, 384, 448]","[1, 2, 3, 4, 5]",3,3,silu,True,True,False,attention,256,L2,"[0.2, 0.2, 0.2, 0.2, 0.2]",56,AdamW,,2e-05,1e-05,[0.68794326 2.1920904  0.91725768],0.02,1.0,1.10466,1.09954,0.15909,0.0915,"[0.0, 0.27451, 0.0]",151,1.10466,1.09954,0.15909,0.0915,"[0.0, 0.27451, 0.0]",151,STOPPED,28.379
165,20251229_174300,gaitset_GREW_TOP30.csv,30%,Preset_13,TCN,42,256,"[192, 256, 320, 384, 448]","[1, 2, 3, 4, 5]",3,3,silu,True,True,False,attention,256,L2,"[0.2, 0.2, 0.2, 0.2, 0.2]",56,AdamW,,2e-05,1e-05,[0.68794326 2.1920904  0.91725768],0.02,1.0,1.10435,1.10032,0.15909,0.0915,"[0.0, 0.27451, 0.0]",120,1.10435,1.10032,0.15909,0.0915,"[0.0, 0.27451, 0.0]",120,STOPPED,24.649
166,20251229_174300,gaitset_OUMVLP_TOP30.csv,30%,Preset_13,TCN,42,256,"[192, 256, 320, 384, 448]","[1, 2, 3, 4, 5]",3,3,silu,True,True,False,attention,256,L2,"[0.2, 0.2, 0.2, 0.2, 0.2]",56,AdamW,,2e-05,1e-05,[0.68794326 2.1920904  0.91725768],0.02,1.0,1.10455,1.09985,0.15909,0.0915,"[0.0, 0.27451, 0.0]",146,1.10455,1.09985,0.15909,0.0915,"[0.0, 0.27451, 0.0]",146,STOPPED,30.276
167,20251229_174300,gaitset_TOP30.csv,30%,Preset_13,TCN,42,256,"[192, 256, 320, 384, 448]","[1, 2, 3, 4, 5]",3,3,silu,True,True,False,attention,256,L2,"[0.2, 0.2, 0.2, 0.2, 0.2]",56,AdamW,,2e-05,1e-05,[0.68794326 2.1920904  0.91725768],0.02,1.0,0.12917,3.09138,0.36364,0.34426,"[0.48649, 0.25, 0.2963]",951,0.70365,1.75867,0.52273,0.48291,"[0.61538, 0.5, 0.33333]",271,COMPLETED,196.931
168,20251229_174300,gln_phase1_TOP30.csv,30%,Preset_13,TCN,42,256,"[192, 256, 320, 384, 448]","[1, 2, 3, 4, 5]",3,3,silu,True,True,False,attention,256,L2,"[0.2, 0.2, 0.2, 0.2, 0.2]",56,AdamW,,2e-05,1e-05,[0.68794326 2.1920904  0.91725768],0.02,1.0,1.10443,1.09976,0.15909,0.0915,"[0.0, 0.27451, 0.0]",142,1.10443,1.09976,0.15909,0.0915,"[0.0, 0.27451, 0.0]",142,STOPPED,31.327
169,20251229_174300,gln_phase2_TOP30.csv,30%,Preset_13,TCN,42,256,"[192, 256, 320, 384, 448]","[1, 2, 3, 4, 5]",3,3,silu,True,True,False,attention,256,L2,"[0.2, 0.2, 0.2, 0.2, 0.2]",56,AdamW,,2e-05,1e-05,[0.68794326 2.1920904  0.91725768],0.02,1.0,0.13372,2.41032,0.43182,0.32698,"[0.52381, 0.0, 0.45714]",912,0.53496,1.60564,0.56818,0.50864,"[0.63415, 0.28571, 0.60606]",352,COMPLETED,160.752

170,20251229_174300,baseline_CASIAB_TOP30.csv,30%,Preset_14,TCN,42,256,[384],[7],7,1,silu,True,True,False,mean,256,L2,[0.05],64,AdamW,,5e-05,1e-06,[0.68794326 2.1920904  0.91725768],0.02,1.0,0.13844,2.78562,0.47727,0.43074,"[0.57143, 0.36364, 0.35714]",2477,0.14024,2.8202,0.52273,0.49487,"[0.6, 0.5, 0.38462]",2397,COMPLETED,118.153
171,20251229_174300,baseline_OUMVLP_TOP30.csv,30%,Preset_14,TCN,42,256,[384],[7],7,1,silu,True,True,False,mean,256,L2,[0.05],64,AdamW,,5e-05,1e-06,[0.68794326 2.1920904  0.91725768],0.02,1.0,0.14544,2.6477,0.40909,0.37657,"[0.36364, 0.21053, 0.55556]",3908,0.26103,1.87332,0.54545,0.49374,"[0.57895, 0.30769, 0.59459]",1708,STOPPED,185.968
172,20251229_174300,gaitgl_GREW_BNNeck_TOP30.csv,30%,Preset_14,TCN,42,256,[384],[7],7,1,silu,True,True,False,mean,256,L2,[0.05],64,AdamW,,5e-05,1e-06,[0.68794326 2.1920904  0.91725768],0.02,1.0,0.13731,3.70414,0.29545,0.28398,"[0.27778, 0.21053, 0.36364]",2338,0.72602,1.19939,0.40909,0.39504,"[0.42424, 0.26087, 0.5]",241,COMPLETED,125.878
173,20251229_174300,gaitgl_GREW_TOP30.csv,30%,Preset_14,TCN,42,256,[384],[7],7,1,silu,True,True,False,mean,256,L2,[0.05],64,AdamW,,5e-05,1e-06,[0.68794326 2.1920904  0.91725768],0.02,1.0,0.13695,2.23847,0.43182,0.37308,"[0.5641, 0.11765, 0.4375]",1064,0.40073,1.41699,0.56818,0.47759,"[0.61905, 0.16667, 0.64706]",318,COMPLETED,57.019
174,20251229_174300,gaitgl_OUMVLP_TOP30.csv,30%,Preset_14,TCN,42,256,[384],[7],7,1,silu,True,True,False,mean,256,L2,[0.05],64,AdamW,,5e-05,1e-06,[0.68794326 2.1920904  0.91725768],0.02,1.0,0.13815,2.45122,0.47727,0.45192,"[0.55814, 0.38095, 0.41667]",3525,0.19456,2.24096,0.54545,0.5324,"[0.5641, 0.47059, 0.5625]",3118,COMPLETED,190.25
175,20251229_174300,gaitgl_TOP30.csv,30%,Preset_14,TCN,42,128,[384],[7],7,1,silu,True,True,False,mean,256,L2,[0.05],64,AdamW,,5e-05,1e-06,[0.68794326 2.1920904  0.91725768],0.02,1.0,0.13848,2.43937,0.31818,0.2735,"[0.4, 0.15385, 0.26667]",1371,0.65229,1.23761,0.5,0.45733,"[0.55, 0.30769, 0.51429]",252,COMPLETED,64.774
176,20251229_174300,gaitpart_GREW_TOP30.csv,30%,Preset_14,TCN,42,256,[384],[7],7,1,silu,True,True,False,mean,256,L2,[0.05],64,AdamW,,5e-05,1e-06,[0.68794326 2.1920904  0.91725768],0.02,1.0,0.13636,2.88395,0.45455,0.43333,"[0.5, 0.33333, 0.46667]",3965,0.66854,1.2248,0.59091,0.58321,"[0.63158, 0.55556, 0.5625]",355,COMPLETED,187.766
177,20251229_174300,gaitpart_OUMVLP_TOP30.csv,30%,Preset_14,TCN,42,256,[384],[7],7,1,silu,True,True,False,mean,256,L2,[0.05],64,AdamW,,5e-05,1e-06,[0.68794326 2.1920904  0.91725768],0.02,1.0,0.50515,1.20945,0.45455,0.43434,"[0.60606, 0.27273, 0.42424]",2585,0.73668,1.092,0.63636,0.62283,"[0.64706, 0.57143, 0.65]",1207,STOPPED,122.364
178,20251229_174300,gaitset_GREW_TOP30.csv,30%,Preset_14,TCN,42,256,[384],[7],7,1,silu,True,True,False,mean,256,L2,[0.05],64,AdamW,,5e-05,1e-06,[0.68794326 2.1920904  0.91725768],0.02,1.0,0.13777,2.52812,0.36364,0.30465,"[0.5, 0.11765, 0.2963]",2025,0.72774,1.21138,0.52273,0.50946,"[0.52632, 0.46154, 0.54054]",329,COMPLETED,108.9
179,20251229_174300,gaitset_OUMVLP_TOP30.csv,30%,Preset_14,TCN,42,256,[384],[7],7,1,silu,True,True,False,mean,256,L2,[0.05],64,AdamW,,5e-05,1e-06,[0.68794326 2.1920904  0.91725768],0.02,1.0,0.34074,2.16139,0.27273,0.22913,"[0.4186, 0.18182, 0.08696]",3076,0.41951,1.71476,0.47727,0.43943,"[0.53333, 0.33333, 0.45161]",2190,STOPPED,188.318
180,20251229_174300,gaitset_TOP30.csv,30%,Preset_14,TCN,42,256,[384],[7],7,1,silu,True,True,False,mean,256,L2,[0.05],64,AdamW,,5e-05,1e-06,[0.68794326 2.1920904  0.91725768],0.02,1.0,0.13747,2.67929,0.38636,0.3389,"[0.46154, 0.11765, 0.4375]",2881,0.14161,2.61714,0.43182,0.37273,"[0.5, 0.13333, 0.48485]",2847,COMPLETED,180.499
181,20251229_174300,gln_phase1_TOP30.csv,30%,Preset_14,TCN,42,256,[384],[7],7,1,silu,True,True,False,mean,256,L2,[0.05],64,AdamW,,5e-05,1e-06,[0.68794326 2.1920904  0.91725768],0.02,1.0,0.13995,2.39764,0.5,0.45469,"[0.54054, 0.23529, 0.58824]",2833,0.7428,0.9934,0.59091,0.57407,"[0.61111, 0.5, 0.61111]",297,COMPLETED,183.547
182,20251229_174300,gln_phase2_TOP30.csv,30%,Preset_14,TCN,42,256,[384],[7],7,1,silu,True,True,False,mean,256,L2,[0.05],64,AdamW,,5e-05,1e-06,[0.68794326 2.1920904  0.91725768],0.02,1.0,0.13786,2.70495,0.38636,0.36349,"[0.4, 0.19048, 0.5]",2503,0.72193,1.17955,0.5,0.42713,"[0.60465, 0.125, 0.55172]",316,COMPLETED,161.676

183,20251229_174300,baseline_CASIAB_TOP30.csv,30%,Preset_15,TCN,42,256,"[256, 320, 384]","[1, 2, 4]",3,1,gelu,True,True,False,mean,256,L2,"[0.05, 0.05, 0.05]",96,SGD,0.0,0.0006,1e-05,[0.68794326 2.1920904  0.91725768],0.02,1.0,1.10499,1.08907,0.47727,0.21538,"[0.64615, 0.0, 0.0]",135,1.10499,1.08907,0.47727,0.21538,"[0.64615, 0.0, 0.0]",135,STOPPED,8.061
184,20251229_174300,baseline_OUMVLP_TOP30.csv,30%,Preset_15,TCN,42,256,"[256, 320, 384]","[1, 2, 4]",3,1,gelu,True,True,False,mean,256,L2,"[0.05, 0.05, 0.05]",96,SGD,0.0,0.0006,1e-05,[0.68794326 2.1920904  0.91725768],0.02,1.0,1.10455,1.09803,0.36364,0.17778,"[0.0, 0.0, 0.53333]",255,1.10455,1.09803,0.36364,0.17778,"[0.0, 0.0, 0.53333]",255,STOPPED,15.295
185,20251229_174300,gaitgl_GREW_BNNeck_TOP30.csv,30%,Preset_15,TCN,42,256,"[256, 320, 384]","[1, 2, 4]",3,1,gelu,True,True,False,mean,256,L2,"[0.05, 0.05, 0.05]",96,SGD,0.0,0.0006,1e-05,[0.68794326 2.1920904  0.91725768],0.02,1.0,1.10488,1.10198,0.36364,0.17778,"[0.0, 0.0, 0.53333]",105,1.10488,1.10198,0.36364,0.17778,"[0.0, 0.0, 0.53333]",105,STOPPED,6.935
186,20251229_174300,gaitgl_GREW_TOP30.csv,30%,Preset_15,TCN,42,256,"[256, 320, 384]","[1, 2, 4]",3,1,gelu,True,True,False,mean,256,L2,"[0.05, 0.05, 0.05]",96,SGD,0.0,0.0006,1e-05,[0.68794326 2.1920904  0.91725768],0.02,1.0,1.10441,1.10449,0.15909,0.0915,"[0.0, 0.27451, 0.0]",144,1.10441,1.10449,0.15909,0.0915,"[0.0, 0.27451, 0.0]",144,STOPPED,9.349
187,20251229_174300,gaitgl_OUMVLP_TOP30.csv,30%,Preset_15,TCN,42,256,"[256, 320, 384]","[1, 2, 4]",3,1,gelu,True,True,False,mean,256,L2,"[0.05, 0.05, 0.05]",96,SGD,0.0,0.0006,1e-05,[0.68794326 2.1920904  0.91725768],0.02,1.0,1.105,1.09213,0.47727,0.21538,"[0.64615, 0.0, 0.0]",131,1.105,1.09213,0.47727,0.21538,"[0.64615, 0.0, 0.0]",131,STOPPED,8.475
188,20251229_174300,gaitgl_TOP30.csv,30%,Preset_15,TCN,42,128,"[256, 320, 384]","[1, 2, 4]",3,1,gelu,True,True,False,mean,256,L2,"[0.05, 0.05, 0.05]",96,SGD,0.0,0.0006,1e-05,[0.68794326 2.1920904  0.91725768],0.02,1.0,1.10456,1.10467,0.15909,0.0915,"[0.0, 0.27451, 0.0]",170,1.10456,1.10467,0.15909,0.0915,"[0.0, 0.27451, 0.0]",170,STOPPED,10.452
189,20251229_174300,gaitpart_GREW_TOP30.csv,30%,Preset_15,TCN,42,256,"[256, 320, 384]","[1, 2, 4]",3,1,gelu,True,True,False,mean,256,L2,"[0.05, 0.05, 0.05]",96,SGD,0.0,0.0006,1e-05,[0.68794326 2.1920904  0.91725768],0.02,1.0,1.10513,1.08798,0.47727,0.21538,"[0.64615, 0.0, 0.0]",107,1.10513,1.08798,0.47727,0.21538,"[0.64615, 0.0, 0.0]",107,STOPPED,6.378
190,20251229_174300,gaitpart_OUMVLP_TOP30.csv,30%,Preset_15,TCN,42,256,"[256, 320, 384]","[1, 2, 4]",3,1,gelu,True,True,False,mean,256,L2,"[0.05, 0.05, 0.05]",96,SGD,0.0,0.0006,1e-05,[0.68794326 2.1920904  0.91725768],0.02,1.0,1.10449,1.10514,0.15909,0.0915,"[0.0, 0.27451, 0.0]",188,1.10449,1.10514,0.15909,0.0915,"[0.0, 0.27451, 0.0]",188,STOPPED,11.02
191,20251229_174300,gaitset_GREW_TOP30.csv,30%,Preset_15,TCN,42,256,"[256, 320, 384]","[1, 2, 4]",3,1,gelu,True,True,False,mean,256,L2,"[0.05, 0.05, 0.05]",96,SGD,0.0,0.0006,1e-05,[0.68794326 2.1920904  0.91725768],0.02,1.0,1.10524,1.08856,0.47727,0.21538,"[0.64615, 0.0, 0.0]",117,1.10524,1.08856,0.47727,0.21538,"[0.64615, 0.0, 0.0]",117,STOPPED,7.721
192,20251229_174300,gaitset_OUMVLP_TOP30.csv,30%,Preset_15,TCN,42,256,"[256, 320, 384]","[1, 2, 4]",3,1,gelu,True,True,False,mean,256,L2,"[0.05, 0.05, 0.05]",96,SGD,0.0,0.0006,1e-05,[0.68794326 2.1920904  0.91725768],0.02,1.0,1.10481,1.09024,0.47727,0.21538,"[0.64615, 0.0, 0.0]",163,1.10481,1.09024,0.47727,0.21538,"[0.64615, 0.0, 0.0]",163,STOPPED,10.539
193,20251229_174300,gaitset_TOP30.csv,30%,Preset_15,TCN,42,256,"[256, 320, 384]","[1, 2, 4]",3,1,gelu,True,True,False,mean,256,L2,"[0.05, 0.05, 0.05]",96,SGD,0.0,0.0006,1e-05,[0.68794326 2.1920904  0.91725768],0.02,1.0,1.10453,1.1017,0.15909,0.0915,"[0.0, 0.27451, 0.0]",131,1.10453,1.1017,0.15909,0.0915,"[0.0, 0.27451, 0.0]",131,STOPPED,8.564
194,20251229_174300,gln_phase1_TOP30.csv,30%,Preset_15,TCN,42,256,"[256, 320, 384]","[1, 2, 4]",3,1,gelu,True,True,False,mean,256,L2,"[0.05, 0.05, 0.05]",96,SGD,0.0,0.0006,1e-05,[0.68794326 2.1920904  0.91725768],0.02,1.0,1.10462,1.09339,0.47727,0.21538,"[0.64615, 0.0, 0.0]",101,1.10462,1.09339,0.47727,0.21538,"[0.64615, 0.0, 0.0]",101,STOPPED,7.118
195,20251229_174300,gln_phase2_TOP30.csv,30%,Preset_15,TCN,42,256,"[256, 320, 384]","[1, 2, 4]",3,1,gelu,True,True,False,mean,256,L2,"[0.05, 0.05, 0.05]",96,SGD,0.0,0.0006,1e-05,[0.68794326 2.1920904  0.91725768],0.02,1.0,1.10514,1.09644,0.47727,0.21538,"[0.64615, 0.0, 0.0]",164,1.10514,1.09644,0.47727,0.21538,"[0.64615, 0.0, 0.0]",164,STOPPED,11.618

196,20251229_174300,baseline_CASIAB_TOP30.csv,30%,Preset_16,TCN,42,256,"[384, 512, 512, 512]","[1, 2, 4, 8]",5,2,gelu,True,True,False,max,512,minmax,"[None, 0.05, 0.1, 0.1]",128,AdamW,,0.0001,1e-05,[0.68794326 2.1920904  0.91725768],0.02,1.0,0.12277,3.16875,0.31818,0.28939,"[0.43243, 0.09091, 0.34483]",256,0.39844,2.6419,0.43182,0.37235,"[0.47368, 0.18182, 0.46154]",221,COMPLETED,23.998
197,20251229_174300,baseline_OUMVLP_TOP30.csv,30%,Preset_16,TCN,42,256,"[384, 512, 512, 512]","[1, 2, 4, 8]",5,2,gelu,True,True,False,max,512,minmax,"[None, 0.05, 0.1, 0.1]",128,AdamW,,0.0001,1e-05,[0.68794326 2.1920904  0.91725768],0.02,1.0,0.1323,2.10509,0.43182,0.33403,"[0.4878, 0.0, 0.51429]",345,0.4327,1.8954,0.52273,0.45,"[0.5, 0.25, 0.6]",181,COMPLETED,32.452
198,20251229_174300,gaitgl_GREW_BNNeck_TOP30.csv,30%,Preset_16,TCN,42,256,"[384, 512, 512, 512]","[1, 2, 4, 8]",5,2,gelu,True,True,False,max,512,minmax,"[None, 0.05, 0.1, 0.1]",128,AdamW,,0.0001,1e-05,[0.68794326 2.1920904  0.91725768],0.02,1.0,0.11881,3.08466,0.36364,0.34528,"[0.44444, 0.33333, 0.25806]",206,0.58012,2.02168,0.5,0.45359,"[0.58333, 0.36364, 0.41379]",129,COMPLETED,23.969
199,20251229_174300,gaitgl_GREW_TOP30.csv,30%,Preset_16,TCN,42,256,"[384, 512, 512, 512]","[1, 2, 4, 8]",5,2,gelu,True,True,False,max,512,minmax,"[None, 0.05, 0.1, 0.1]",128,AdamW,,0.0001,1e-05,[0.68794326 2.1920904  0.91725768],0.02,1.0,0.11744,1.40823,0.56818,0.47298,"[0.6383, 0.2, 0.58065]",111,0.15307,1.53249,0.61364,0.50936,"[0.68085, 0.22222, 0.625]",103,COMPLETED,12.831
200,20251229_174300,gaitgl_OUMVLP_TOP30.csv,30%,Preset_16,TCN,42,256,"[384, 512, 512, 512]","[1, 2, 4, 8]",5,2,gelu,True,True,False,max,512,minmax,"[None, 0.05, 0.1, 0.1]",128,AdamW,,0.0001,1e-05,[0.68794326 2.1920904  0.91725768],0.02,1.0,0.12319,1.9951,0.47727,0.40742,"[0.55, 0.14286, 0.52941]",290,0.68821,1.58323,0.54545,0.45222,"[0.46667, 0.25, 0.64]",167,COMPLETED,33.567
201,20251229_174300,gaitgl_TOP30.csv,30%,Preset_16,TCN,42,128,"[384, 512, 512, 512]","[1, 2, 4, 8]",5,2,gelu,True,True,False,max,512,minmax,"[None, 0.05, 0.1, 0.1]",128,AdamW,,0.0001,1e-05,[0.68794326 2.1920904  0.91725768],0.02,1.0,0.13405,1.83124,0.52273,0.43545,"[0.63636, 0.15385, 0.51613]",142,0.72062,1.27044,0.59091,0.56304,"[0.57895, 0.46154, 0.64865]",83,COMPLETED,15.642
202,20251229_174300,gaitpart_GREW_TOP30.csv,30%,Preset_16,TCN,42,256,"[384, 512, 512, 512]","[1, 2, 4, 8]",5,2,gelu,True,True,False,max,512,minmax,"[None, 0.05, 0.1, 0.1]",128,AdamW,,0.0001,1e-05,[0.68794326 2.1920904  0.91725768],0.02,1.0,0.12133,1.96384,0.59091,0.58038,"[0.63636, 0.57143, 0.53333]",243,0.12133,1.96384,0.59091,0.58038,"[0.63636, 0.57143, 0.53333]",243,COMPLETED,21.496
203,20251229_174300,gaitpart_OUMVLP_TOP30.csv,30%,Preset_16,TCN,42,256,"[384, 512, 512, 512]","[1, 2, 4, 8]",5,2,gelu,True,True,False,max,512,minmax,"[None, 0.05, 0.1, 0.1]",128,AdamW,,0.0001,1e-05,[0.68794326 2.1920904  0.91725768],0.02,1.0,0.11909,1.37875,0.61364,0.54441,"[0.68085, 0.28571, 0.66667]",587,0.74517,0.99922,0.65909,0.63278,"[0.64706, 0.53333, 0.71795]",210,COMPLETED,51.46
204,20251229_174300,gaitset_GREW_TOP30.csv,30%,Preset_16,TCN,42,256,"[384, 512, 512, 512]","[1, 2, 4, 8]",5,2,gelu,True,True,False,max,512,minmax,"[None, 0.05, 0.1, 0.1]",128,AdamW,,0.0001,1e-05,[0.68794326 2.1920904  0.91725768],0.02,1.0,0.13363,2.36972,0.38636,0.31712,"[0.52174, 0.13333, 0.2963]",207,0.70185,1.72386,0.43182,0.41612,"[0.44444, 0.33333, 0.47059]",115,COMPLETED,24.074
205,20251229_174300,gaitset_OUMVLP_TOP30.csv,30%,Preset_16,TCN,42,256,"[384, 512, 512, 512]","[1, 2, 4, 8]",5,2,gelu,True,True,False,max,512,minmax,"[None, 0.05, 0.1, 0.1]",128,AdamW,,0.0001,1e-05,[0.68794326 2.1920904  0.91725768],0.02,1.0,0.12612,2.18329,0.38636,0.287,"[0.43243, 0.0, 0.42857]",774,0.71033,1.7492,0.5,0.48527,"[0.54545, 0.38095, 0.52941]",406,COMPLETED,89.733
206,20251229_174300,gaitset_TOP30.csv,30%,Preset_16,TCN,42,256,"[384, 512, 512, 512]","[1, 2, 4, 8]",5,2,gelu,True,True,False,max,512,minmax,"[None, 0.05, 0.1, 0.1]",128,AdamW,,0.0001,1e-05,[0.68794326 2.1920904  0.91725768],0.02,1.0,0.13815,2.90563,0.38636,0.32919,"[0.53659, 0.11765, 0.33333]",234,0.33402,2.15509,0.38636,0.37475,"[0.41176, 0.26087, 0.45161]",129,COMPLETED,27.212
207,20251229_174300,gln_phase1_TOP30.csv,30%,Preset_16,TCN,42,256,"[384, 512, 512, 512]","[1, 2, 4, 8]",5,2,gelu,True,True,False,max,512,minmax,"[None, 0.05, 0.1, 0.1]",128,AdamW,,0.0001,1e-05,[0.68794326 2.1920904  0.91725768],0.02,1.0,0.12819,2.04443,0.47727,0.35041,"[0.68085, 0.0, 0.37037]",247,0.41279,1.77769,0.5,0.42509,"[0.57143, 0.15385, 0.55]",156,COMPLETED,32.917
208,20251229_174300,gln_phase2_TOP30.csv,30%,Preset_16,TCN,42,256,"[384, 512, 512, 512]","[1, 2, 4, 8]",5,2,gelu,True,True,False,max,512,minmax,"[None, 0.05, 0.1, 0.1]",128,AdamW,,0.0001,1e-05,[0.68794326 2.1920904  0.91725768],0.02,1.0,0.12567,2.07933,0.47727,0.45206,"[0.48485, 0.31579, 0.55556]",223,0.71314,1.14869,0.54545,0.51265,"[0.57895, 0.35294, 0.60606]",117,COMPLETED,29.927

209,20251229_174300,baseline_CASIAB_TOP30.csv,30%,Preset_17,TCN,42,256,"[128, 128, 128, 128]","[1, 4, 7, 10]",3,2,prelu,False,True,False,mean,256,L2,"[0.0, 0.0, 0.2, 0.0]",16,AdamW,,0.0001,0.0,[0.68794326 2.1920904  0.91725768],0.02,1.0,0.13692,2.18027,0.43182,0.41733,"[0.46154, 0.35294, 0.4375]",100,0.44446,2.18094,0.54545,0.48991,"[0.65306, 0.4, 0.41667]",64,COMPLETED,33.545
210,20251229_174300,baseline_OUMVLP_TOP30.csv,30%,Preset_17,TCN,42,256,"[128, 128, 128, 128]","[1, 4, 7, 10]",3,2,prelu,False,True,False,mean,256,L2,"[0.0, 0.0, 0.2, 0.0]",16,AdamW,,0.0001,0.0,[0.68794326 2.1920904  0.91725768],0.02,1.0,0.12379,2.18664,0.43182,0.399,"[0.48649, 0.21053, 0.5]",138,0.35499,1.82583,0.63636,0.52396,"[0.7234, 0.18182, 0.66667]",90,COMPLETED,45.884
211,20251229_174300,gaitgl_GREW_BNNeck_TOP30.csv,30%,Preset_17,TCN,42,256,"[128, 128, 128, 128]","[1, 4, 7, 10]",3,2,prelu,False,True,False,mean,256,L2,"[0.0, 0.0, 0.2, 0.0]",16,AdamW,,0.0001,0.0,[0.68794326 2.1920904  0.91725768],0.02,1.0,0.11704,2.26415,0.38636,0.27869,"[0.44898, 0.0, 0.3871]",81,0.58441,1.64281,0.45455,0.40827,"[0.55814, 0.22222, 0.44444]",36,COMPLETED,27.63
212,20251229_174300,gaitgl_GREW_TOP30.csv,30%,Preset_17,TCN,42,256,"[128, 128, 128, 128]","[1, 4, 7, 10]",3,2,prelu,False,True,False,mean,256,L2,"[0.0, 0.0, 0.2, 0.0]",16,AdamW,,0.0001,0.0,[0.68794326 2.1920904  0.91725768],0.02,1.0,0.12153,1.72511,0.45455,0.38502,"[0.52174, 0.16667, 0.46667]",49,0.11924,1.85775,0.5,0.42398,"[0.52632, 0.16667, 0.57895]",46,COMPLETED,16.414
213,20251229_174300,gaitgl_OUMVLP_TOP30.csv,30%,Preset_17,TCN,42,256,"[128, 128, 128, 128]","[1, 4, 7, 10]",3,2,prelu,False,True,False,mean,256,L2,"[0.0, 0.0, 0.2, 0.0]",16,AdamW,,0.0001,0.0,[0.68794326 2.1920904  0.91725768],0.02,1.0,0.11039,1.71154,0.5,0.44502,"[0.61224, 0.375, 0.34783]",121,0.17753,1.68886,0.56818,0.53216,"[0.65217, 0.46154, 0.48276]",109,COMPLETED,41.122
214,20251229_174300,gaitgl_TOP30.csv,30%,Preset_17,TCN,42,128,"[128, 128, 128, 128]","[1, 4, 7, 10]",3,2,prelu,False,True,False,mean,256,L2,"[0.0, 0.0, 0.2, 0.0]",16,AdamW,,0.0001,0.0,[0.68794326 2.1920904  0.91725768],0.02,1.0,0.13045,1.74243,0.40909,0.29667,"[0.37838, 0.0, 0.51163]",66,0.15309,1.82992,0.5,0.44132,"[0.59574, 0.26667, 0.46154]",52,COMPLETED,22.09
215,20251229_174300,gaitpart_GREW_TOP30.csv,30%,Preset_17,TCN,42,256,"[128, 128, 128, 128]","[1, 4, 7, 10]",3,2,prelu,False,True,False,mean,256,L2,"[0.0, 0.0, 0.2, 0.0]",16,AdamW,,0.0001,0.0,[0.68794326 2.1920904  0.91725768],0.02,1.0,0.12458,2.96899,0.47727,0.42544,"[0.56522, 0.26667, 0.44444]",132,0.24363,2.75208,0.47727,0.4658,"[0.53659, 0.47619, 0.38462]",108,COMPLETED,39.8
216,20251229_174300,gaitpart_OUMVLP_TOP30.csv,30%,Preset_17,TCN,42,256,"[128, 128, 128, 128]","[1, 4, 7, 10]",3,2,prelu,False,True,False,mean,256,L2,"[0.0, 0.0, 0.2, 0.0]",16,AdamW,,0.0001,0.0,[0.68794326 2.1920904  0.91725768],0.02,1.0,0.11718,1.53932,0.54545,0.46153,"[0.57778, 0.18182, 0.625]",642,0.41143,1.27556,0.65909,0.65079,"[0.68571, 0.6, 0.66667]",379,COMPLETED,189.856
217,20251229_174300,gaitset_GREW_TOP30.csv,30%,Preset_17,TCN,42,256,"[128, 128, 128, 128]","[1, 4, 7, 10]",3,2,prelu,False,True,False,mean,256,L2,"[0.0, 0.0, 0.2, 0.0]",16,AdamW,,0.0001,0.0,[0.68794326 2.1920904  0.91725768],0.02,1.0,0.12403,2.4408,0.34091,0.33524,"[0.4, 0.28571, 0.32]",131,0.54786,2.05493,0.5,0.47158,"[0.55319, 0.4, 0.46154]",43,COMPLETED,44.239
218,20251229_174300,gaitset_OUMVLP_TOP30.csv,30%,Preset_17,TCN,42,256,"[128, 128, 128, 128]","[1, 4, 7, 10]",3,2,prelu,False,True,False,mean,256,L2,"[0.0, 0.0, 0.2, 0.0]",16,AdamW,,0.0001,0.0,[0.68794326 2.1920904  0.91725768],0.02,1.0,0.12748,2.44484,0.38636,0.38093,"[0.29412, 0.375, 0.47368]",284,0.36747,2.39809,0.54545,0.51266,"[0.60465, 0.4, 0.53333]",199,COMPLETED,96.426
219,20251229_174300,gaitset_TOP30.csv,30%,Preset_17,TCN,42,256,"[128, 128, 128, 128]","[1, 4, 7, 10]",3,2,prelu,False,True,False,mean,256,L2,"[0.0, 0.0, 0.2, 0.0]",16,AdamW,,0.0001,0.0,[0.68794326 2.1920904  0.91725768],0.02,1.0,0.12115,2.33203,0.40909,0.34831,"[0.53659, 0.13333, 0.375]",96,0.59716,1.80099,0.5,0.41934,"[0.61905, 0.18182, 0.45714]",47,COMPLETED,32.685
220,20251229_174300,gln_phase1_TOP30.csv,30%,Preset_17,TCN,42,256,"[128, 128, 128, 128]","[1, 4, 7, 10]",3,2,prelu,False,True,False,mean,256,L2,"[0.0, 0.0, 0.2, 0.0]",16,AdamW,,0.0001,0.0,[0.68794326 2.1920904  0.91725768],0.02,1.0,0.11613,2.30911,0.40909,0.30438,"[0.42424, 0.0, 0.48889]",110,0.38982,1.76343,0.45455,0.38944,"[0.51282, 0.18182, 0.47368]",59,COMPLETED,37.421
221,20251229_174300,gln_phase2_TOP30.csv,30%,Preset_17,TCN,42,256,"[128, 128, 128, 128]","[1, 4, 7, 10]",3,2,prelu,False,True,False,mean,256,L2,"[0.0, 0.0, 0.2, 0.0]",16,AdamW,,0.0001,0.0,[0.68794326 2.1920904  0.91725768],0.02,1.0,0.12369,2.17636,0.45455,0.41187,"[0.63415, 0.16667, 0.43478]",123,0.7268,1.18765,0.56818,0.48313,"[0.61905, 0.14286, 0.6875]",46,COMPLETED,42.393

222,20251229_174300,baseline_CASIAB_TOP30.csv,30%,Preset_18,TCN,42,256,"[448, 256]","[1, 2]",3,1,gelu,False,True,False,max,256,L2,"[0.0, 0.0]",64,AdamW,,3e-05,1e-06,[0.68794326 2.1920904  0.91725768],0.02,1.0,0.13807,1.40116,0.40909,0.29167,"[0.5, 0.0, 0.375]",528,0.37747,1.08691,0.47727,0.42434,"[0.57778, 0.26667, 0.42857]",296,COMPLETED,34.154
223,20251229_174300,baseline_OUMVLP_TOP30.csv,30%,Preset_18,TCN,42,256,"[448, 256]","[1, 2]",3,1,gelu,False,True,False,max,256,L2,"[0.0, 0.0]",64,AdamW,,3e-05,1e-06,[0.68794326 2.1920904  0.91725768],0.02,1.0,0.1366,1.544,0.47727,0.40623,"[0.58537, 0.13333, 0.5]",814,0.47898,1.17273,0.59091,0.49335,"[0.65116, 0.18182, 0.64706]",348,COMPLETED,51.919
224,20251229_174300,gaitgl_GREW_BNNeck_TOP30.csv,30%,Preset_18,TCN,42,256,"[448, 256]","[1, 2]",3,1,gelu,False,True,False,max,256,L2,"[0.0, 0.0]",64,AdamW,,3e-05,1e-06,[0.68794326 2.1920904  0.91725768],0.02,1.0,0.13808,1.48129,0.45455,0.41816,"[0.4878, 0.26667, 0.5]",408,0.58468,1.10878,0.5,0.47405,"[0.52632, 0.33333, 0.5625]",170,COMPLETED,28.618
225,20251229_174300,gaitgl_GREW_TOP30.csv,30%,Preset_18,TCN,42,256,"[448, 256]","[1, 2]",3,1,gelu,False,True,False,max,256,L2,"[0.0, 0.0]",64,AdamW,,3e-05,1e-06,[0.68794326 2.1920904  0.91725768],0.02,1.0,0.13688,1.07177,0.5,0.41919,"[0.59091, 0.16667, 0.5]",235,0.24589,1.06008,0.56818,0.47328,"[0.65217, 0.22222, 0.54545]",175,COMPLETED,16.517
226,20251229_174300,gaitgl_OUMVLP_TOP30.csv,30%,Preset_18,TCN,42,256,"[448, 256]","[1, 2]",3,1,gelu,False,True,False,max,256,L2,"[0.0, 0.0]",64,AdamW,,3e-05,1e-06,[0.68794326 2.1920904  0.91725768],0.02,1.0,0.13631,1.1801,0.5,0.4151,"[0.6087, 0.15385, 0.48276]",626,0.18578,1.16769,0.61364,0.50458,"[0.69231, 0.25, 0.57143]",526,COMPLETED,44.624
227,20251229_174300,gaitgl_TOP30.csv,30%,Preset_18,TCN,42,128,"[448, 256]","[1, 2]",3,1,gelu,False,True,False,max,256,L2,"[0.0, 0.0]",64,AdamW,,3e-05,1e-06,[0.68794326 2.1920904  0.91725768],0.02,1.0,0.13513,1.08649,0.52273,0.41728,"[0.62963, 0.22222, 0.4]",214,0.13713,1.03124,0.52273,0.47658,"[0.58333, 0.36364, 0.48276]",212,COMPLETED,13.87
228,20251229_174300,gaitpart_GREW_TOP30.csv,30%,Preset_18,TCN,42,256,"[448, 256]","[1, 2]",3,1,gelu,False,True,False,max,256,L2,"[0.0, 0.0]",64,AdamW,,3e-05,1e-06,[0.68794326 2.1920904  0.91725768],0.02,1.0,0.13713,2.05305,0.47727,0.4852,"[0.44444, 0.52632, 0.48485]",711,0.37607,1.37993,0.54545,0.55833,"[0.55, 0.625, 0.5]",364,COMPLETED,44.979
229,20251229_174300,gaitpart_OUMVLP_TOP30.csv,30%,Preset_18,TCN,42,256,"[448, 256]","[1, 2]",3,1,gelu,False,True,False,max,256,L2,"[0.0, 0.0]",64,AdamW,,3e-05,1e-06,[0.68794326 2.1920904  0.91725768],0.02,1.0,0.13981,1.58945,0.59091,0.54095,"[0.73171, 0.375, 0.51613]",2562,0.73177,1.00207,0.70455,0.67546,"[0.76923, 0.57143, 0.68571]",613,COMPLETED,161.67
230,20251229_174300,gaitset_GREW_TOP30.csv,30%,Preset_18,TCN,42,256,"[448, 256]","[1, 2]",3,1,gelu,False,True,False,max,256,L2,"[0.0, 0.0]",64,AdamW,,3e-05,1e-06,[0.68794326 2.1920904  0.91725768],0.02,1.0,0.13876,1.56375,0.40909,0.36056,"[0.4878, 0.11111, 0.48276]",501,0.15932,1.59473,0.40909,0.38257,"[0.41176, 0.19048, 0.54545]",445,COMPLETED,34.967
231,20251229_174300,gaitset_OUMVLP_TOP30.csv,30%,Preset_18,TCN,42,256,"[448, 256]","[1, 2]",3,1,gelu,False,True,False,max,256,L2,"[0.0, 0.0]",64,AdamW,,3e-05,1e-06,[0.68794326 2.1920904  0.91725768],0.02,1.0,0.13792,1.80551,0.47727,0.43384,"[0.55, 0.26667, 0.48485]",1757,0.20229,1.83819,0.5,0.47685,"[0.5, 0.375, 0.55556]",1476,COMPLETED,122.89
232,20251229_174300,gaitset_TOP30.csv,30%,Preset_18,TCN,42,256,"[448, 256]","[1, 2]",3,1,gelu,False,True,False,max,256,L2,"[0.0, 0.0]",64,AdamW,,3e-05,1e-06,[0.68794326 2.1920904  0.91725768],0.02,1.0,0.13655,1.5234,0.45455,0.41283,"[0.57895, 0.23529, 0.42424]",405,0.14416,1.53614,0.45455,0.41589,"[0.54054, 0.25, 0.45714]",395,COMPLETED,28.571
233,20251229_174300,gln_phase1_TOP30.csv,30%,Preset_18,TCN,42,256,"[448, 256]","[1, 2]",3,1,gelu,False,True,False,max,256,L2,"[0.0, 0.0]",64,AdamW,,3e-05,1e-06,[0.68794326 2.1920904  0.91725768],0.02,1.0,0.13982,1.22163,0.61364,0.51111,"[0.66667, 0.2, 0.66667]",479,0.16141,1.10097,0.68182,0.60952,"[0.7619, 0.4, 0.66667]",434,COMPLETED,34.831
234,20251229_174300,gln_phase2_TOP30.csv,30%,Preset_18,TCN,42,256,"[448, 256]","[1, 2]",3,1,gelu,False,True,False,max,256,L2,"[0.0, 0.0]",64,AdamW,,3e-05,1e-06,[0.68794326 2.1920904  0.91725768],0.02,1.0,0.13711,0.99018,0.59091,0.53114,"[0.61905, 0.30769, 0.66667]",443,0.17073,0.97522,0.61364,0.54879,"[0.65116, 0.30769, 0.6875]",386,COMPLETED,32.005

235,20251229_174300,baseline_CASIAB_TOP30.csv,30%,Preset_19,TCN,42,256,[640],[7],3,1,hardswish,True,True,False,attention,448,L2,[0.1],40,AdamW,,2e-05,1e-05,[0.68794326 2.1920904  0.91725768],0.02,1.0,0.13797,2.30572,0.45455,0.35029,"[0.53659, 0.0, 0.51429]",995,0.2073,2.09771,0.52273,0.39883,"[0.58537, 0.0, 0.61111]",798,COMPLETED,94.084
236,20251229_174300,baseline_OUMVLP_TOP30.csv,30%,Preset_19,TCN,42,256,[640],[7],3,1,hardswish,True,True,False,attention,448,L2,[0.1],40,AdamW,,2e-05,1e-05,[0.68794326 2.1920904  0.91725768],0.02,1.0,0.13821,1.84354,0.54545,0.46994,"[0.57895, 0.125, 0.70588]",771,0.17418,1.64391,0.59091,0.49551,"[0.63415, 0.16667, 0.68571]",672,COMPLETED,72.965
237,20251229_174300,gaitgl_GREW_BNNeck_TOP30.csv,30%,Preset_19,TCN,42,256,[640],[7],3,1,hardswish,True,True,False,attention,448,L2,[0.1],40,AdamW,,2e-05,1e-05,[0.68794326 2.1920904  0.91725768],0.02,1.0,0.1356,3.58983,0.31818,0.29025,"[0.42857, 0.23529, 0.2069]",652,0.18949,3.49243,0.38636,0.35754,"[0.47368, 0.23529, 0.36364]",534,COMPLETED,65.86
238,20251229_174300,gaitgl_GREW_TOP30.csv,30%,Preset_19,TCN,42,256,[640],[7],3,1,hardswish,True,True,False,attention,448,L2,[0.1],40,AdamW,,2e-05,1e-05,[0.68794326 2.1920904  0.91725768],0.02,1.0,0.13795,2.6305,0.38636,0.28486,"[0.47619, 0.0, 0.37838]",371,0.1842,2.77944,0.43182,0.31515,"[0.54545, 0.0, 0.4]",250,COMPLETED,37.745
239,20251229_174300,gaitgl_OUMVLP_TOP30.csv,30%,Preset_19,TCN,42,256,[640],[7],3,1,hardswish,True,True,False,attention,448,L2,[0.1],40,AdamW,,2e-05,1e-05,[0.68794326 2.1920904  0.91725768],0.02,1.0,0.13963,1.53152,0.52273,0.45742,"[0.625, 0.28571, 0.46154]",791,0.17805,1.60156,0.59091,0.54265,"[0.68085, 0.42857, 0.51852]",628,COMPLETED,81.535
240,20251229_174300,gaitgl_TOP30.csv,30%,Preset_19,TCN,42,128,[640],[7],3,1,hardswish,True,True,False,attention,448,L2,[0.1],40,AdamW,,2e-05,1e-05,[0.68794326 2.1920904  0.91725768],0.02,1.0,0.13765,2.33996,0.45455,0.41551,"[0.53659, 0.28571, 0.42424]",490,0.14469,2.35655,0.47727,0.43384,"[0.55, 0.26667, 0.48485]",466,COMPLETED,46.511
241,20251229_174300,gaitpart_GREW_TOP30.csv,30%,Preset_19,TCN,42,256,[640],[7],3,1,hardswish,True,True,False,attention,448,L2,[0.1],40,AdamW,,2e-05,1e-05,[0.68794326 2.1920904  0.91725768],0.02,1.0,0.13941,2.42877,0.52273,0.47852,"[0.62222, 0.33333, 0.48]",1773,0.47318,1.31097,0.54545,0.51367,"[0.58537, 0.375, 0.58065]",833,COMPLETED,164.409
242,20251229_174300,gaitpart_OUMVLP_TOP30.csv,30%,Preset_19,TCN,42,256,[640],[7],3,1,hardswish,True,True,False,attention,448,L2,[0.1],40,AdamW,,2e-05,1e-05,[0.68794326 2.1920904  0.91725768],0.02,1.0,0.22398,3.18702,0.38636,0.36755,"[0.54054, 0.21429, 0.34783]",3091,0.73288,1.37891,0.61364,0.5825,"[0.69565, 0.53333, 0.51852]",1241,STOPPED,287.179
243,20251229_174300,gaitset_GREW_TOP30.csv,30%,Preset_19,TCN,42,256,[640],[7],3,1,hardswish,True,True,False,attention,448,L2,[0.1],40,AdamW,,2e-05,1e-05,[0.68794326 2.1920904  0.91725768],0.02,1.0,0.13944,2.87707,0.34091,0.27014,"[0.54545, 0.11111, 0.15385]",1250,0.65684,1.48243,0.36364,0.35357,"[0.43243, 0.31579, 0.3125]",298,COMPLETED,126.761
244,20251229_174300,gaitset_OUMVLP_TOP30.csv,30%,Preset_19,TCN,42,256,[640],[7],3,1,hardswish,True,True,False,attention,448,L2,[0.1],40,AdamW,,2e-05,1e-05,[0.68794326 2.1920904  0.91725768],0.02,1.0,0.13779,2.5489,0.29545,0.23788,"[0.35, 0.0, 0.36364]",3859,0.1476,2.62727,0.45455,0.38016,"[0.55319, 0.14286, 0.44444]",3817,COMPLETED,391.549
245,20251229_174300,gaitset_TOP30.csv,30%,Preset_19,TCN,42,256,[640],[7],3,1,hardswish,True,True,False,attention,448,L2,[0.1],40,AdamW,,2e-05,1e-05,[0.68794326 2.1920904  0.91725768],0.02,1.0,0.13786,2.34287,0.38636,0.33475,"[0.52632, 0.125, 0.35294]",1029,0.20994,2.15986,0.40909,0.37626,"[0.54054, 0.23529, 0.35294]",756,COMPLETED,104.58
246,20251229_174300,gln_phase1_TOP30.csv,30%,Preset_19,TCN,42,256,[640],[7],3,1,hardswish,True,True,False,attention,448,L2,[0.1],40,AdamW,,2e-05,1e-05,[0.68794326 2.1920904  0.91725768],0.02,1.0,0.137,2.12845,0.40909,0.35154,"[0.5, 0.14286, 0.41176]",1257,0.43403,1.66455,0.54545,0.46185,"[0.63158, 0.14286, 0.61111]",599,COMPLETED,132.783
247,20251229_174300,gln_phase2_TOP30.csv,30%,Preset_19,TCN,42,256,[640],[7],3,1,hardswish,True,True,False,attention,448,L2,[0.1],40,AdamW,,2e-05,1e-05,[0.68794326 2.1920904  0.91725768],0.02,1.0,0.13835,2.93784,0.36364,0.27778,"[0.5, 0.0, 0.33333]",724,0.66936,1.2567,0.40909,0.39755,"[0.5, 0.34783, 0.34483]",160,COMPLETED,77.013

248,20251229_174300,baseline_CASIAB_TOP30.csv,30%,Preset_20,TCN,42,256,"[640, 768, 768, 640]","[1, 2, 4, 8]",5,2,mish,True,True,False,attention,384,minmax,"[0.05, 0.1, 0.1, 0.1]",32,Adam,,3e-05,1e-05,[0.68794326 2.1920904  0.91725768],0.02,1.0,0.13295,3.00342,0.34091,0.33648,"[0.36842, 0.30769, 0.33333]",247,0.14563,2.57068,0.40909,0.4115,"[0.34286, 0.42105, 0.47059]",215,COMPLETED,100.107
249,20251229_174300,baseline_OUMVLP_TOP30.csv,30%,Preset_20,TCN,42,256,"[640, 768, 768, 640]","[1, 2, 4, 8]",5,2,mish,True,True,False,attention,384,minmax,"[0.05, 0.1, 0.1, 0.1]",32,Adam,,3e-05,1e-05,[0.68794326 2.1920904  0.91725768],0.02,1.0,0.13703,2.51136,0.43182,0.37476,"[0.46154, 0.13333, 0.52941]",270,0.54491,1.76477,0.56818,0.47434,"[0.6383, 0.22222, 0.5625]",90,COMPLETED,109.461
250,20251229_174300,gaitgl_GREW_BNNeck_TOP30.csv,30%,Preset_20,TCN,42,256,"[640, 768, 768, 640]","[1, 2, 4, 8]",5,2,mish,True,True,False,attention,384,minmax,"[0.05, 0.1, 0.1, 0.1]",32,Adam,,3e-05,1e-05,[0.68794326 2.1920904  0.91725768],0.02,1.0,0.1237,2.69147,0.40909,0.30726,"[0.55814, 0.0, 0.36364]",161,0.52361,1.60768,0.45455,0.34291,"[0.55814, 0.0, 0.47059]",103,COMPLETED,69.527
251,20251229_174300,gaitgl_GREW_TOP30.csv,30%,Preset_20,TCN,42,256,"[640, 768, 768, 640]","[1, 2, 4, 8]",5,2,mish,True,True,False,attention,384,minmax,"[0.05, 0.1, 0.1, 0.1]",32,Adam,,3e-05,1e-05,[0.68794326 2.1920904  0.91725768],0.02,1.0,0.11227,2.40331,0.40909,0.26515,"[0.54545, 0.0, 0.25]",88,0.12455,2.18164,0.47727,0.35002,"[0.56522, 0.0, 0.48485]",81,COMPLETED,38.297
252,20251229_174300,gaitgl_OUMVLP_TOP30.csv,30%,Preset_20,TCN,42,256,"[640, 768, 768, 640]","[1, 2, 4, 8]",5,2,mish,True,True,False,attention,384,minmax,"[0.05, 0.1, 0.1, 0.1]",32,Adam,,3e-05,1e-05,[0.68794326 2.1920904  0.91725768],0.02,1.0,0.12063,2.28312,0.43182,0.37456,"[0.45, 0.2, 0.47368]",181,0.11996,2.43007,0.45455,0.3902,"[0.5, 0.2, 0.47059]",168,COMPLETED,78.399
253,20251229_174300,gaitgl_TOP30.csv,30%,Preset_20,TCN,42,128,"[640, 768, 768, 640]","[1, 2, 4, 8]",5,2,mish,True,True,False,attention,384,minmax,"[0.05, 0.1, 0.1, 0.1]",32,Adam,,3e-05,1e-05,[0.68794326 2.1920904  0.91725768],0.02,1.0,0.13632,1.90966,0.52273,0.37204,"[0.6, 0.0, 0.51613]",93,0.6961,1.47784,0.5,0.41944,"[0.66667, 0.125, 0.46667]",53,COMPLETED,39.803
254,20251229_174300,gaitpart_GREW_TOP30.csv,30%,Preset_20,TCN,42,256,"[640, 768, 768, 640]","[1, 2, 4, 8]",5,2,mish,True,True,False,attention,384,minmax,"[0.05, 0.1, 0.1, 0.1]",32,Adam,,3e-05,1e-05,[0.68794326 2.1920904  0.91725768],0.02,1.0,0.10911,2.60406,0.38636,0.36337,"[0.46154, 0.28571, 0.34286]",161,0.18569,1.8451,0.52273,0.45789,"[0.65217, 0.30769, 0.41379]",153,COMPLETED,62.563
255,20251229_174300,gaitpart_OUMVLP_TOP30.csv,30%,Preset_20,TCN,42,256,"[640, 768, 768, 640]","[1, 2, 4, 8]",5,2,mish,True,True,False,attention,384,minmax,"[0.05, 0.1, 0.1, 0.1]",32,Adam,,3e-05,1e-05,[0.68794326 2.1920904  0.91725768],0.02,1.0,0.16089,1.53251,0.61364,0.50572,"[0.71111, 0.2, 0.60606]",392,0.31708,1.68976,0.63636,0.60837,"[0.64865, 0.47059, 0.70588]",268,STOPPED,139.461
256,20251229_174300,gaitset_GREW_TOP30.csv,30%,Preset_20,TCN,42,256,"[640, 768, 768, 640]","[1, 2, 4, 8]",5,2,mish,True,True,False,attention,384,minmax,"[0.05, 0.1, 0.1, 0.1]",32,Adam,,3e-05,1e-05,[0.68794326 2.1920904  0.91725768],0.02,1.0,0.13118,2.80209,0.38636,0.30014,"[0.47619, 0.0, 0.42424]",141,0.18208,2.87655,0.38636,0.35734,"[0.375, 0.21053, 0.48649]",129,COMPLETED,61.792
257,20251229_174300,gaitset_OUMVLP_TOP30.csv,30%,Preset_20,TCN,42,256,"[640, 768, 768, 640]","[1, 2, 4, 8]",5,2,mish,True,True,False,attention,384,minmax,"[0.05, 0.1, 0.1, 0.1]",32,Adam,,3e-05,1e-05,[0.68794326 2.1920904  0.91725768],0.02,1.0,0.29864,1.71975,0.5,0.41904,"[0.59574, 0.14286, 0.51852]",387,0.34262,2.06166,0.54545,0.5018,"[0.65116, 0.31579, 0.53846]",277,STOPPED,157.732
258,20251229_174300,gaitset_TOP30.csv,30%,Preset_20,TCN,42,256,"[640, 768, 768, 640]","[1, 2, 4, 8]",5,2,mish,True,True,False,attention,384,minmax,"[0.05, 0.1, 0.1, 0.1]",32,Adam,,3e-05,1e-05,[0.68794326 2.1920904  0.91725768],0.02,1.0,0.12552,3.28975,0.38636,0.35478,"[0.44444, 0.23529, 0.38462]",166,0.1647,2.21771,0.43182,0.42693,"[0.46512, 0.42857, 0.3871]",141,COMPLETED,72.649
259,20251229_174300,gln_phase1_TOP30.csv,30%,Preset_20,TCN,42,256,"[640, 768, 768, 640]","[1, 2, 4, 8]",5,2,mish,True,True,False,attention,384,minmax,"[0.05, 0.1, 0.1, 0.1]",32,Adam,,3e-05,1e-05,[0.68794326 2.1920904  0.91725768],0.02,1.0,0.1237,2.45933,0.43182,0.31773,"[0.55319, 0.0, 0.4]",173,0.59294,1.80336,0.52273,0.46728,"[0.61905, 0.26667, 0.51613]",95,COMPLETED,80.989
260,20251229_174300,gln_phase2_TOP30.csv,30%,Preset_20,TCN,42,256,"[640, 768, 768, 640]","[1, 2, 4, 8]",5,2,mish,True,True,False,attention,384,minmax,"[0.05, 0.1, 0.1, 0.1]",32,Adam,,3e-05,1e-05,[0.68794326 2.1920904  0.91725768],0.02,1.0,0.12551,2.29643,0.47727,0.34848,"[0.68182, 0.0, 0.36364]",202,0.35636,2.03106,0.56818,0.40907,"[0.69388, 0.0, 0.53333]",164,COMPLETED,94.298

261,20251229_174300,baseline_CASIAB_TOP30.csv,30%,Preset_21,TCN,42,256,"[192, 256, 320, 384]","[1, 2, 4, 8]",7,2,gelu,True,True,False,attention,256,L2,"[None, 0.1, 0.1, 0.2]",96,AdamW,,0.0002,5e-05,[0.68794326 2.1920904  0.91725768],0.02,1.0,0.10437,2.31703,0.43182,0.37766,"[0.57143, 0.1, 0.46154]",241,0.20606,2.77276,0.56818,0.52236,"[0.71795, 0.31579, 0.53333]",190,COMPLETED,25.109
262,20251229_174300,baseline_OUMVLP_TOP30.csv,30%,Preset_21,TCN,42,256,"[192, 256, 320, 384]","[1, 2, 4, 8]",7,2,gelu,True,True,False,attention,256,L2,"[None, 0.1, 0.1, 0.2]",96,AdamW,,0.0002,5e-05,[0.68794326 2.1920904  0.91725768],0.02,1.0,0.11522,2.21609,0.45455,0.33243,"[0.53061, 0.0, 0.46667]",367,0.56632,1.71452,0.56818,0.54201,"[0.61905, 0.46154, 0.54545]",254,COMPLETED,38.284
263,20251229_174300,gaitgl_GREW_BNNeck_TOP30.csv,30%,Preset_21,TCN,42,256,"[192, 256, 320, 384]","[1, 2, 4, 8]",7,2,gelu,True,True,False,attention,256,L2,"[None, 0.1, 0.1, 0.2]",96,AdamW,,0.0002,5e-05,[0.68794326 2.1920904  0.91725768],0.02,1.0,0.10308,2.69693,0.40909,0.35143,"[0.47619, 0.15385, 0.42424]",163,0.50053,1.23915,0.43182,0.37963,"[0.5, 0.25, 0.38889]",119,COMPLETED,18.465
264,20251229_174300,gaitgl_GREW_TOP30.csv,30%,Preset_21,TCN,42,256,"[192, 256, 320, 384]","[1, 2, 4, 8]",7,2,gelu,True,True,False,attention,256,L2,"[None, 0.1, 0.1, 0.2]",96,AdamW,,0.0002,5e-05,[0.68794326 2.1920904  0.91725768],0.02,1.0,0.10202,2.03062,0.45455,0.28238,"[0.60714, 0.0, 0.24]",110,0.28038,1.85231,0.54545,0.39512,"[0.58537, 0.0, 0.6]",90,COMPLETED,12.493
265,20251229_174300,gaitgl_OUMVLP_TOP30.csv,30%,Preset_21,TCN,42,256,"[192, 256, 320, 384]","[1, 2, 4, 8]",7,2,gelu,True,True,False,attention,256,L2,"[None, 0.1, 0.1, 0.2]",96,AdamW,,0.0002,5e-05,[0.68794326 2.1920904  0.91725768],0.02,1.0,0.12634,2.32538,0.52273,0.43838,"[0.51429, 0.18182, 0.61905]",312,0.62985,1.23451,0.61364,0.44141,"[0.69565, 0.0, 0.62857]",252,COMPLETED,33.868
266,20251229_174300,gaitgl_TOP30.csv,30%,Preset_21,TCN,42,128,"[192, 256, 320, 384]","[1, 2, 4, 8]",7,2,gelu,True,True,False,attention,256,L2,"[None, 0.1, 0.1, 0.2]",96,AdamW,,0.0002,5e-05,[0.68794326 2.1920904  0.91725768],0.02,1.0,0.13241,1.83429,0.52273,0.42792,"[0.60377, 0.2, 0.48]",104,0.52519,1.52886,0.45455,0.45517,"[0.42105, 0.44444, 0.5]",77,COMPLETED,9.848
267,20251229_174300,gaitpart_GREW_TOP30.csv,30%,Preset_21,TCN,42,256,"[192, 256, 320, 384]","[1, 2, 4, 8]",7,2,gelu,True,True,False,attention,256,L2,"[None, 0.1, 0.1, 0.2]",96,AdamW,,0.0002,5e-05,[0.68794326 2.1920904  0.91725768],0.02,1.0,0.1223,2.80247,0.40909,0.38866,"[0.4878, 0.33333, 0.34483]",304,0.67212,1.32112,0.56818,0.52927,"[0.68182, 0.44444, 0.46154]",125,COMPLETED,28.556
268,20251229_174300,gaitpart_OUMVLP_TOP30.csv,30%,Preset_21,TCN,42,256,"[192, 256, 320, 384]","[1, 2, 4, 8]",7,2,gelu,True,True,False,attention,256,L2,"[None, 0.1, 0.1, 0.2]",96,AdamW,,0.0002,5e-05,[0.68794326 2.1920904  0.91725768],0.02,1.0,1.10476,1.0928,0.36364,0.17778,"[0.0, 0.0, 0.53333]",140,1.10476,1.0928,0.36364,0.17778,"[0.0, 0.0, 0.53333]",140,STOPPED,12.821
269,20251229_174300,gaitset_GREW_TOP30.csv,30%,Preset_21,TCN,42,256,"[192, 256, 320, 384]","[1, 2, 4, 8]",7,2,gelu,True,True,False,attention,256,L2,"[None, 0.1, 0.1, 0.2]",96,AdamW,,0.0002,5e-05,[0.68794326 2.1920904  0.91725768],0.02,1.0,0.10834,2.07299,0.47727,0.4265,"[0.56522, 0.28571, 0.42857]",271,0.24839,1.68689,0.52273,0.50348,"[0.52632, 0.42857, 0.55556]",220,COMPLETED,26.831
270,20251229_174300,gaitset_OUMVLP_TOP30.csv,30%,Preset_21,TCN,42,256,"[192, 256, 320, 384]","[1, 2, 4, 8]",7,2,gelu,True,True,False,attention,256,L2,"[None, 0.1, 0.1, 0.2]",96,AdamW,,0.0002,5e-05,[0.68794326 2.1920904  0.91725768],0.02,1.0,0.30913,2.5777,0.40909,0.31944,"[0.58333, 0.125, 0.25]",1463,0.16697,1.99865,0.5,0.48519,"[0.55556, 0.4, 0.5]",1342,STOPPED,143.46
271,20251229_174300,gaitset_TOP30.csv,30%,Preset_21,TCN,42,256,"[192, 256, 320, 384]","[1, 2, 4, 8]",7,2,gelu,True,True,False,attention,256,L2,"[None, 0.1, 0.1, 0.2]",96,AdamW,,0.0002,5e-05,[0.68794326 2.1920904  0.91725768],0.02,1.0,0.12651,2.72318,0.36364,0.31684,"[0.5, 0.21053, 0.24]",305,0.56447,2.27177,0.40909,0.38708,"[0.55556, 0.26087, 0.34483]",158,COMPLETED,28.883
272,20251229_174300,gln_phase1_TOP30.csv,30%,Preset_21,TCN,42,256,"[192, 256, 320, 384]","[1, 2, 4, 8]",7,2,gelu,True,True,False,attention,256,L2,"[None, 0.1, 0.1, 0.2]",96,AdamW,,0.0002,5e-05,[0.68794326 2.1920904  0.91725768],0.02,1.0,0.1106,2.27952,0.47727,0.37647,"[0.6, 0.0, 0.52941]",385,0.30585,1.88518,0.54545,0.48838,"[0.65, 0.28571, 0.52941]",355,COMPLETED,39.149
273,20251229_174300,gln_phase2_TOP30.csv,30%,Preset_21,TCN,42,256,"[192, 256, 320, 384]","[1, 2, 4, 8]",7,2,gelu,True,True,False,attention,256,L2,"[None, 0.1, 0.1, 0.2]",96,AdamW,,0.0002,5e-05,[0.68794326 2.1920904  0.91725768],0.02,1.0,0.1257,2.01525,0.45455,0.41151,"[0.51429, 0.09524, 0.625]",256,0.61393,1.28163,0.52273,0.49938,"[0.48276, 0.4, 0.61538]",107,COMPLETED,25.756

274,20251229_174300,baseline_CASIAB_TOP30.csv,30%,Preset_22,TCN,42,256,"[384, 576, 768]","[3, 6, 9]",3,2,silu,True,True,False,max,320,L2,"[0.05, 0.1, 0.1]",40,Adam,,3e-05,1e-05,[0.68794326 2.1920904  0.91725768],0.02,1.0,0.1276,2.74172,0.31818,0.28205,"[0.46154, 0.0, 0.38462]",365,0.49094,2.03898,0.47727,0.42619,"[0.65, 0.2, 0.42857]",152,COMPLETED,51.76
275,20251229_174300,baseline_OUMVLP_TOP30.csv,30%,Preset_22,TCN,42,256,"[384, 576, 768]","[3, 6, 9]",3,2,silu,True,True,False,max,320,L2,"[0.05, 0.1, 0.1]",40,Adam,,3e-05,1e-05,[0.68794326 2.1920904  0.91725768],0.02,1.0,0.13364,2.08152,0.5,0.45,"[0.6, 0.25, 0.5]",407,0.23061,2.31137,0.56818,0.53323,"[0.61905, 0.4, 0.58065]",300,COMPLETED,57.256
276,20251229_174300,gaitgl_GREW_BNNeck_TOP30.csv,30%,Preset_22,TCN,42,256,"[384, 576, 768]","[3, 6, 9]",3,2,silu,True,True,False,max,320,L2,"[0.05, 0.1, 0.1]",40,Adam,,3e-05,1e-05,[0.68794326 2.1920904  0.91725768],0.02,1.0,0.13187,2.40501,0.43182,0.3728,"[0.41026, 0.18182, 0.52632]",238,0.7497,1.09092,0.52273,0.44646,"[0.53333, 0.2, 0.60606]",71,COMPLETED,35.436
277,20251229_174300,gaitgl_GREW_TOP30.csv,30%,Preset_22,TCN,42,256,"[384, 576, 768]","[3, 6, 9]",3,2,silu,True,True,False,max,320,L2,"[0.05, 0.1, 0.1]",40,Adam,,3e-05,1e-05,[0.68794326 2.1920904  0.91725768],0.02,1.0,0.13196,2.75981,0.29545,0.23077,"[0.35897, 0.0, 0.33333]",147,0.62761,1.25577,0.52273,0.44342,"[0.69565, 0.25, 0.38462]",61,COMPLETED,21.643
278,20251229_174300,gaitgl_OUMVLP_TOP30.csv,30%,Preset_22,TCN,42,256,"[384, 576, 768]","[3, 6, 9]",3,2,silu,True,True,False,max,320,L2,"[0.05, 0.1, 0.1]",40,Adam,,3e-05,1e-05,[0.68794326 2.1920904  0.91725768],0.02,1.0,0.13527,2.12347,0.40909,0.33119,"[0.53061, 0.16667, 0.2963]",215,0.50736,1.48382,0.47727,0.43296,"[0.55814, 0.22222, 0.51852]",113,COMPLETED,31.945
279,20251229_174300,gaitgl_TOP30.csv,30%,Preset_22,TCN,42,128,"[384, 576, 768]","[3, 6, 9]",3,2,silu,True,True,False,max,320,L2,"[0.05, 0.1, 0.1]",40,Adam,,3e-05,1e-05,[0.68794326 2.1920904  0.91725768],0.02,1.0,0.13447,1.75453,0.47727,0.35421,"[0.57778, 0.0, 0.48485]",169,0.71015,1.17749,0.45455,0.41717,"[0.5, 0.26667, 0.48485]",64,COMPLETED,25.537
280,20251229_174300,gaitpart_GREW_TOP30.csv,30%,Preset_22,TCN,42,256,"[384, 576, 768]","[3, 6, 9]",3,2,silu,True,True,False,max,320,L2,"[0.05, 0.1, 0.1]",40,Adam,,3e-05,1e-05,[0.68794326 2.1920904  0.91725768],0.02,1.0,0.136,2.59722,0.45455,0.41063,"[0.56522, 0.47619, 0.19048]",427,0.14218,2.408,0.54545,0.53084,"[0.60465, 0.52632, 0.46154]",406,COMPLETED,85.067
281,20251229_174300,gaitpart_OUMVLP_TOP30.csv,30%,Preset_22,TCN,42,256,"[384, 576, 768]","[3, 6, 9]",3,2,silu,True,True,False,max,320,L2,"[0.05, 0.1, 0.1]",40,Adam,,3e-05,1e-05,[0.68794326 2.1920904  0.91725768],0.02,1.0,0.72369,1.30121,0.43182,0.42381,"[0.51429, 0.35714, 0.4]",535,0.73568,1.12232,0.61364,0.59241,"[0.64865, 0.5, 0.62857]",334,STOPPED,101.822
282,20251229_174300,gaitset_GREW_TOP30.csv,30%,Preset_22,TCN,42,256,"[384, 576, 768]","[3, 6, 9]",3,2,silu,True,True,False,max,320,L2,"[0.05, 0.1, 0.1]",40,Adam,,3e-05,1e-05,[0.68794326 2.1920904  0.91725768],0.02,1.0,0.13761,2.11508,0.45455,0.44293,"[0.51429, 0.34783, 0.46667]",268,0.18321,2.72362,0.56818,0.54837,"[0.59459, 0.44444, 0.60606]",219,COMPLETED,59.653
283,20251229_174300,gaitset_OUMVLP_TOP30.csv,30%,Preset_22,TCN,42,256,"[384, 576, 768]","[3, 6, 9]",3,2,silu,True,True,False,max,320,L2,"[0.05, 0.1, 0.1]",40,Adam,,3e-05,1e-05,[0.68794326 2.1920904  0.91725768],0.02,1.0,0.34283,2.39215,0.38636,0.35162,"[0.4878, 0.22222, 0.34483]",528,0.32375,2.23972,0.45455,0.41821,"[0.47368, 0.26667, 0.51429]",423,STOPPED,112.677
284,20251229_174300,gaitset_TOP30.csv,30%,Preset_22,TCN,42,256,"[384, 576, 768]","[3, 6, 9]",3,2,silu,True,True,False,max,320,L2,"[0.05, 0.1, 0.1]",40,Adam,,3e-05,1e-05,[0.68794326 2.1920904  0.91725768],0.02,1.0,0.13821,2.4543,0.45455,0.41358,"[0.53659, 0.26667, 0.4375]",267,0.16503,2.51288,0.5,0.4533,"[0.57895, 0.26667, 0.51429]",238,COMPLETED,57.956
285,20251229_174300,gln_phase1_TOP30.csv,30%,Preset_22,TCN,42,256,"[384, 576, 768]","[3, 6, 9]",3,2,silu,True,True,False,max,320,L2,"[0.05, 0.1, 0.1]",40,Adam,,3e-05,1e-05,[0.68794326 2.1920904  0.91725768],0.02,1.0,0.13273,1.81152,0.56818,0.50794,"[0.66667, 0.28571, 0.57143]",282,0.16336,1.78847,0.61364,0.56873,"[0.71795, 0.4, 0.58824]",239,COMPLETED,66.114
286,20251229_174300,gln_phase2_TOP30.csv,30%,Preset_22,TCN,42,256,"[384, 576, 768]","[3, 6, 9]",3,2,silu,True,True,False,max,320,L2,"[0.05, 0.1, 0.1]",40,Adam,,3e-05,1e-05,[0.68794326 2.1920904  0.91725768],0.02,1.0,0.12868,1.43601,0.59091,0.54147,"[0.69767, 0.375, 0.55172]",299,0.1428,1.41376,0.61364,0.58374,"[0.7, 0.47059, 0.58065]",279,COMPLETED,68.949

287,20251229_174300,baseline_CASIAB_TOP30.csv,30%,Preset_23,TCN,42,256,[768],[9],5,2,gelu,True,False,False,attention,384,L2,[0.05],32,AdamW,,2e-05,1e-05,[0.68794326 2.1920904  0.91725768],0.02,1.0,0.13992,2.40316,0.43182,0.31349,"[0.58333, 0.0, 0.35714]",1745,0.15737,2.29136,0.52273,0.44147,"[0.61905, 0.14286, 0.5625]",1740,COMPLETED,360.458
288,20251229_174300,baseline_OUMVLP_TOP30.csv,30%,Preset_23,TCN,42,256,[768],[9],5,2,gelu,True,False,False,attention,384,L2,[0.05],32,AdamW,,2e-05,1e-05,[0.68794326 2.1920904  0.91725768],0.02,1.0,0.13461,2.85354,0.45455,0.38316,"[0.55814, 0.15385, 0.4375]",2337,0.59111,1.39518,0.54545,0.52083,"[0.57143, 0.42857, 0.5625]",515,COMPLETED,480.238
289,20251229_174300,gaitgl_GREW_BNNeck_TOP30.csv,30%,Preset_23,TCN,42,256,[768],[9],5,2,gelu,True,False,False,attention,384,L2,[0.05],32,AdamW,,2e-05,1e-05,[0.68794326 2.1920904  0.91725768],0.02,1.0,0.13287,2.34453,0.45455,0.41403,"[0.52381, 0.26667, 0.45161]",878,0.22707,1.85341,0.56818,0.51814,"[0.6383, 0.4, 0.51613]",621,COMPLETED,197.219
290,20251229_174300,gaitgl_GREW_TOP30.csv,30%,Preset_23,TCN,42,256,[768],[9],5,2,gelu,True,False,False,attention,384,L2,[0.05],32,AdamW,,2e-05,1e-05,[0.68794326 2.1920904  0.91725768],0.02,1.0,0.13025,2.58631,0.31818,0.24846,"[0.32432, 0.0, 0.42105]",229,0.59859,1.34401,0.43182,0.4046,"[0.47368, 0.30769, 0.43243]",68,COMPLETED,51.462
291,20251229_174300,gaitgl_OUMVLP_TOP30.csv,30%,Preset_23,TCN,42,256,[768],[9],5,2,gelu,True,False,False,attention,384,L2,[0.05],32,AdamW,,2e-05,1e-05,[0.68794326 2.1920904  0.91725768],0.02,1.0,0.13815,2.19951,0.38636,0.33604,"[0.45455, 0.125, 0.42857]",592,0.19756,2.32174,0.43182,0.39276,"[0.51163, 0.22222, 0.44444]",497,COMPLETED,133.376
292,20251229_174300,gaitgl_TOP30.csv,30%,Preset_23,TCN,42,128,[768],[9],5,2,gelu,True,False,False,attention,384,L2,[0.05],32,AdamW,,2e-05,1e-05,[0.68794326 2.1920904  0.91725768],0.02,1.0,0.1337,3.00868,0.40909,0.38793,"[0.4186, 0.30769, 0.4375]",344,0.53562,1.57805,0.45455,0.4358,"[0.4878, 0.35294, 0.46667]",107,COMPLETED,75.472
293,20251229_174300,gaitpart_GREW_TOP30.csv,30%,Preset_23,TCN,42,256,[768],[9],5,2,gelu,True,False,False,attention,384,L2,[0.05],32,AdamW,,2e-05,1e-05,[0.68794326 2.1920904  0.91725768],0.02,1.0,0.13565,3.44928,0.27273,0.2371,"[0.38095, 0.14286, 0.1875]",1291,0.6052,1.57476,0.47727,0.45847,"[0.52381, 0.4, 0.45161]",525,COMPLETED,254.245
294,20251229_174300,gaitpart_OUMVLP_TOP30.csv,30%,Preset_23,TCN,42,256,[768],[9],5,2,gelu,True,False,False,attention,384,L2,[0.05],32,AdamW,,2e-05,1e-05,[0.68794326 2.1920904  0.91725768],0.02,1.0,0.39964,1.16635,0.63636,0.56852,"[0.65, 0.33333, 0.72222]",2895,0.38705,1.15238,0.70455,0.62949,"[0.73171, 0.4, 0.75676]",2754,STOPPED,575.609
295,20251229_174300,gaitset_GREW_TOP30.csv,30%,Preset_23,TCN,42,256,[768],[9],5,2,gelu,True,False,False,attention,384,L2,[0.05],32,AdamW,,2e-05,1e-05,[0.68794326 2.1920904  0.91725768],0.02,1.0,0.11779,2.39443,0.40909,0.3,"[0.5, 0.0, 0.4]",1569,0.44069,1.89299,0.47727,0.43384,"[0.55, 0.26667, 0.48485]",396,COMPLETED,348.178
296,20251229_174300,gaitset_OUMVLP_TOP30.csv,30%,Preset_23,TCN,42,256,[768],[9],5,2,gelu,True,False,False,attention,384,L2,[0.05],32,AdamW,,2e-05,1e-05,[0.68794326 2.1920904  0.91725768],0.02,1.0,0.44267,2.2338,0.43182,0.38817,"[0.54545, 0.28571, 0.33333]",2240,0.58178,2.08895,0.54545,0.53153,"[0.59459, 0.47059, 0.52941]",1097,STOPPED,499.158
297,20251229_174300,gaitset_TOP30.csv,30%,Preset_23,TCN,42,256,[768],[9],5,2,gelu,True,False,False,attention,384,L2,[0.05],32,AdamW,,2e-05,1e-05,[0.68794326 2.1920904  0.91725768],0.02,1.0,0.13596,1.55683,0.5,0.37802,"[0.60465, 0.0, 0.52941]",1220,0.29464,1.31093,0.65909,0.53865,"[0.78261, 0.16667, 0.66667]",787,COMPLETED,272.615
298,20251229_174300,gln_phase1_TOP30.csv,30%,Preset_23,TCN,42,256,[768],[9],5,2,gelu,True,False,False,attention,384,L2,[0.05],32,AdamW,,2e-05,1e-05,[0.68794326 2.1920904  0.91725768],0.02,1.0,0.12053,2.45404,0.5,0.42866,"[0.63158, 0.125, 0.52941]",1145,0.26337,2.04965,0.52273,0.48373,"[0.52941, 0.36364, 0.55814]",616,COMPLETED,270.177
299,20251229_174300,gln_phase2_TOP30.csv,30%,Preset_23,TCN,42,256,[768],[9],5,2,gelu,True,False,False,attention,384,L2,[0.05],32,AdamW,,2e-05,1e-05,[0.68794326 2.1920904  0.91725768],0.02,1.0,0.13521,2.36511,0.40909,0.35175,"[0.52381, 0.11765, 0.41379]",722,0.24683,1.70613,0.54545,0.45148,"[0.6383, 0.2, 0.51613]",480,COMPLETED,172.268

300,20251229_174300,baseline_CASIAB_TOP30.csv,30%,Preset_24,TCN,42,256,"[256, 256]","[1, 4]",7,3,gelu,True,True,False,max,256,minmax,"[0.1, 0.1]",96,AdamW,,0.00015,5e-06,[0.68794326 2.1920904  0.91725768],0.02,1.0,0.12575,2.68542,0.40909,0.31307,"[0.51064, 0.0, 0.42857]",288,0.21929,2.61481,0.47727,0.4386,"[0.56522, 0.31579, 0.43478]",225,COMPLETED,22.259
301,20251229_174300,baseline_OUMVLP_TOP30.csv,30%,Preset_24,TCN,42,256,"[256, 256]","[1, 4]",7,3,gelu,True,True,False,max,256,minmax,"[0.1, 0.1]",96,AdamW,,0.00015,5e-06,[0.68794326 2.1920904  0.91725768],0.02,1.0,0.13249,2.43892,0.45455,0.39061,"[0.57143, 0.11765, 0.48276]",308,0.19065,2.04897,0.54545,0.45943,"[0.58537, 0.18182, 0.61111]",300,COMPLETED,24.059
302,20251229_174300,gaitgl_GREW_BNNeck_TOP30.csv,30%,Preset_24,TCN,42,256,"[256, 256]","[1, 4]",7,3,gelu,True,True,False,max,256,minmax,"[0.1, 0.1]",96,AdamW,,0.00015,5e-06,[0.68794326 2.1920904  0.91725768],0.02,1.0,0.11467,2.66345,0.36364,0.31052,"[0.47619, 0.14286, 0.3125]",257,0.37332,2.92839,0.38636,0.3633,"[0.47059, 0.18182, 0.4375]",144,COMPLETED,21.937
303,20251229_174300,gaitgl_GREW_TOP30.csv,30%,Preset_24,TCN,42,256,"[256, 256]","[1, 4]",7,3,gelu,True,True,False,max,256,minmax,"[0.1, 0.1]",96,AdamW,,0.00015,5e-06,[0.68794326 2.1920904  0.91725768],0.02,1.0,0.12086,1.57602,0.52273,0.47222,"[0.58333, 0.33333, 0.5]",99,0.12086,1.57602,0.52273,0.47222,"[0.58333, 0.33333, 0.5]",99,COMPLETED,8.614
304,20251229_174300,gaitgl_OUMVLP_TOP30.csv,30%,Preset_24,TCN,42,256,"[256, 256]","[1, 4]",7,3,gelu,True,True,False,max,256,minmax,"[0.1, 0.1]",96,AdamW,,0.00015,5e-06,[0.68794326 2.1920904  0.91725768],0.02,1.0,0.12169,1.69189,0.43182,0.37327,"[0.5, 0.13333, 0.48649]",252,0.62694,1.43627,0.5,0.4984,"[0.54545, 0.35714, 0.59259]",128,COMPLETED,21.667
305,20251229_174300,gaitgl_TOP30.csv,30%,Preset_24,TCN,42,128,"[256, 256]","[1, 4]",7,3,gelu,True,True,False,max,256,minmax,"[0.1, 0.1]",96,AdamW,,0.00015,5e-06,[0.68794326 2.1920904  0.91725768],0.02,1.0,0.13427,2.46864,0.43182,0.32479,"[0.46154, 0.0, 0.51282]",135,0.29343,1.98893,0.45455,0.43332,"[0.52941, 0.28571, 0.48485]",94,COMPLETED,10.81
306,20251229_174300,gaitpart_GREW_TOP30.csv,30%,Preset_24,TCN,42,256,"[256, 256]","[1, 4]",7,3,gelu,True,True,False,max,256,minmax,"[0.1, 0.1]",96,AdamW,,0.00015,5e-06,[0.68794326 2.1920904  0.91725768],0.02,1.0,0.10852,2.57518,0.45455,0.40864,"[0.54545, 0.26667, 0.41379]",259,0.24651,1.89899,0.52273,0.50926,"[0.55, 0.44444, 0.53333]",171,COMPLETED,19.303
307,20251229_174300,gaitpart_OUMVLP_TOP30.csv,30%,Preset_24,TCN,42,256,"[256, 256]","[1, 4]",7,3,gelu,True,True,False,max,256,minmax,"[0.1, 0.1]",96,AdamW,,0.00015,5e-06,[0.68794326 2.1920904  0.91725768],0.02,1.0,0.12509,2.10249,0.47727,0.45192,"[0.55814, 0.38095, 0.41667]",886,0.32896,1.26484,0.65909,0.61817,"[0.73913, 0.5, 0.61538]",543,COMPLETED,65.793
308,20251229_174300,gaitset_GREW_TOP30.csv,30%,Preset_24,TCN,42,256,"[256, 256]","[1, 4]",7,3,gelu,True,True,False,max,256,minmax,"[0.1, 0.1]",96,AdamW,,0.00015,5e-06,[0.68794326 2.1920904  0.91725768],0.02,1.0,0.12783,3.08457,0.36364,0.3365,"[0.3125, 0.21053, 0.48649]",210,0.61702,1.86372,0.5,0.47998,"[0.52381, 0.4, 0.51613]",109,COMPLETED,17.844
309,20251229_174300,gaitset_OUMVLP_TOP30.csv,30%,Preset_24,TCN,42,256,"[256, 256]","[1, 4]",7,3,gelu,True,True,False,max,256,minmax,"[0.1, 0.1]",96,AdamW,,0.00015,5e-06,[0.68794326 2.1920904  0.91725768],0.02,1.0,0.12015,2.36408,0.40909,0.3859,"[0.45, 0.30769, 0.4]",803,0.42599,2.04942,0.54545,0.49372,"[0.66667, 0.35294, 0.46154]",708,COMPLETED,67.985
310,20251229_174300,gaitset_TOP30.csv,30%,Preset_24,TCN,42,256,"[256, 256]","[1, 4]",7,3,gelu,True,True,False,max,256,minmax,"[0.1, 0.1]",96,AdamW,,0.00015,5e-06,[0.68794326 2.1920904  0.91725768],0.02,1.0,0.13317,2.02668,0.47727,0.36321,"[0.61905, 0.0, 0.47059]",222,0.62241,1.2549,0.5,0.45455,"[0.58537, 0.30769, 0.47059]",110,COMPLETED,18.905
311,20251229_174300,gln_phase1_TOP30.csv,30%,Preset_24,TCN,42,256,"[256, 256]","[1, 4]",7,3,gelu,True,True,False,max,256,minmax,"[0.1, 0.1]",96,AdamW,,0.00015,5e-06,[0.68794326 2.1920904  0.91725768],0.02,1.0,0.11796,1.97859,0.5,0.47225,"[0.57895, 0.35294, 0.48485]",267,0.13178,1.60337,0.63636,0.61111,"[0.68182, 0.54545, 0.60606]",222,COMPLETED,24.685
312,20251229_174300,gln_phase2_TOP30.csv,30%,Preset_24,TCN,42,256,"[256, 256]","[1, 4]",7,3,gelu,True,True,False,max,256,minmax,"[0.1, 0.1]",96,AdamW,,0.00015,5e-06,[0.68794326 2.1920904  0.91725768],0.02,1.0,0.11738,2.40108,0.5,0.37037,"[0.66667, 0.0, 0.44444]",248,0.31908,2.53035,0.52273,0.47721,"[0.61111, 0.30769, 0.51282]",235,COMPLETED,23.183

313,20251229_174300,baseline_CASIAB_TOP30.csv,30%,Preset_25,TCN,42,256,"[768, 768, 768]","[1, 2, 4]",3,2,gelu,True,True,False,attention,256,L2,"[0.1, 0.1, 0.1]",96,Adam,,8e-05,1e-05,[0.68794326 2.1920904  0.91725768],0.02,1.0,0.12407,2.15416,0.43182,0.29897,"[0.57692, 0.0, 0.32]",200,0.16767,2.45212,0.43182,0.42167,"[0.51429, 0.36364, 0.3871]",189,COMPLETED,31.462
314,20251229_174300,baseline_OUMVLP_TOP30.csv,30%,Preset_25,TCN,42,256,"[768, 768, 768]","[1, 2, 4]",3,2,gelu,True,True,False,attention,256,L2,"[0.1, 0.1, 0.1]",96,Adam,,8e-05,1e-05,[0.68794326 2.1920904  0.91725768],0.02,1.0,0.13298,1.69133,0.56818,0.52518,"[0.65116, 0.35294, 0.57143]",271,0.32013,1.34841,0.65909,0.5662,"[0.77551, 0.30769, 0.61538]",203,COMPLETED,42.779
315,20251229_174300,gaitgl_GREW_BNNeck_TOP30.csv,30%,Preset_25,TCN,42,256,"[768, 768, 768]","[1, 2, 4]",3,2,gelu,True,True,False,attention,256,L2,"[0.1, 0.1, 0.1]",96,Adam,,8e-05,1e-05,[0.68794326 2.1920904  0.91725768],0.02,1.0,0.12414,2.23681,0.34091,0.25736,"[0.37209, 0.0, 0.4]",160,0.22686,2.69883,0.47727,0.387,"[0.64, 0.23529, 0.28571]",122,COMPLETED,30.926
316,20251229_174300,gaitgl_GREW_TOP30.csv,30%,Preset_25,TCN,42,256,"[768, 768, 768]","[1, 2, 4]",3,2,gelu,True,True,False,attention,256,L2,"[0.1, 0.1, 0.1]",96,Adam,,8e-05,1e-05,[0.68794326 2.1920904  0.91725768],0.02,1.0,0.11564,1.69866,0.5,0.32929,"[0.65455, 0.0, 0.33333]",127,0.72027,1.30966,0.61364,0.44512,"[0.68421, 0.0, 0.65116]",99,COMPLETED,24.447
317,20251229_174300,gaitgl_OUMVLP_TOP30.csv,30%,Preset_25,TCN,42,256,"[768, 768, 768]","[1, 2, 4]",3,2,gelu,True,True,False,attention,256,L2,"[0.1, 0.1, 0.1]",96,Adam,,8e-05,1e-05,[0.68794326 2.1920904  0.91725768],0.02,1.0,0.12107,1.92847,0.52273,0.38075,"[0.60377, 0.0, 0.53846]",273,0.45517,1.20532,0.61364,0.44512,"[0.65116, 0.0, 0.68421]",185,COMPLETED,52.098
318,20251229_174300,gaitgl_TOP30.csv,30%,Preset_25,TCN,42,128,"[768, 768, 768]","[1, 2, 4]",3,2,gelu,True,True,False,attention,256,L2,"[0.1, 0.1, 0.1]",96,Adam,,8e-05,1e-05,[0.68794326 2.1920904  0.91725768],0.02,1.0,0.13666,1.96107,0.5,0.41875,"[0.65306, 0.22222, 0.38095]",116,0.12445,1.76979,0.52273,0.48586,"[0.60465, 0.35294, 0.5]",113,COMPLETED,21.888
319,20251229_174300,gaitpart_GREW_TOP30.csv,30%,Preset_25,TCN,42,256,"[768, 768, 768]","[1, 2, 4]",3,2,gelu,True,True,False,attention,256,L2,"[0.1, 0.1, 0.1]",96,Adam,,8e-05,1e-05,[0.68794326 2.1920904  0.91725768],0.02,1.0,0.11293,2.97001,0.36364,0.27155,"[0.51163, 0.0, 0.30303]",226,0.72184,1.50461,0.52273,0.42893,"[0.6383, 0.18182, 0.46667]",96,COMPLETED,32.306
320,20251229_174300,gaitpart_OUMVLP_TOP30.csv,30%,Preset_25,TCN,42,256,"[768, 768, 768]","[1, 2, 4]",3,2,gelu,True,True,False,attention,256,L2,"[0.1, 0.1, 0.1]",96,Adam,,8e-05,1e-05,[0.68794326 2.1920904  0.91725768],0.02,1.0,0.12746,1.30776,0.61364,0.55033,"[0.66667, 0.36364, 0.62069]",633,0.72579,0.99114,0.68182,0.65196,"[0.73684, 0.53333, 0.68571]",313,COMPLETED,93.606
321,20251229_174300,gaitset_GREW_TOP30.csv,30%,Preset_25,TCN,42,256,"[768, 768, 768]","[1, 2, 4]",3,2,gelu,True,True,False,attention,256,L2,"[0.1, 0.1, 0.1]",96,Adam,,8e-05,1e-05,[0.68794326 2.1920904  0.91725768],0.02,1.0,0.1386,3.00772,0.36364,0.34387,"[0.47059, 0.17391, 0.3871]",227,0.43623,1.7615,0.54545,0.46549,"[0.59091, 0.25, 0.55556]",147,COMPLETED,43.853
322,20251229_174300,gaitset_OUMVLP_TOP30.csv,30%,Preset_25,TCN,42,256,"[768, 768, 768]","[1, 2, 4]",3,2,gelu,True,True,False,attention,256,L2,"[0.1, 0.1, 0.1]",96,Adam,,8e-05,1e-05,[0.68794326 2.1920904  0.91725768],0.02,1.0,0.12894,2.12722,0.38636,0.33555,"[0.42857, 0.15385, 0.42424]",662,0.36809,1.83296,0.54545,0.52461,"[0.59091, 0.44444, 0.53846]",512,COMPLETED,127.818
323,20251229_174300,gaitset_TOP30.csv,30%,Preset_25,TCN,42,256,"[768, 768, 768]","[1, 2, 4]",3,2,gelu,True,True,False,attention,256,L2,"[0.1, 0.1, 0.1]",96,Adam,,8e-05,1e-05,[0.68794326 2.1920904  0.91725768],0.02,1.0,0.10964,1.84688,0.45455,0.32778,"[0.58333, 0.0, 0.4]",193,0.46594,1.71584,0.45455,0.41667,"[0.55, 0.2, 0.5]",110,COMPLETED,37.203
324,20251229_174300,gln_phase1_TOP30.csv,30%,Preset_25,TCN,42,256,"[768, 768, 768]","[1, 2, 4]",3,2,gelu,True,True,False,attention,256,L2,"[0.1, 0.1, 0.1]",96,Adam,,8e-05,1e-05,[0.68794326 2.1920904  0.91725768],0.02,1.0,0.11278,1.81856,0.47727,0.41125,"[0.55, 0.22222, 0.46154]",207,0.58225,1.23398,0.54545,0.5029,"[0.5, 0.4, 0.6087]",116,COMPLETED,46.513
325,20251229_174300,gln_phase2_TOP30.csv,30%,Preset_25,TCN,42,256,"[768, 768, 768]","[1, 2, 4]",3,2,gelu,True,True,False,attention,256,L2,"[0.1, 0.1, 0.1]",96,Adam,,8e-05,1e-05,[0.68794326 2.1920904  0.91725768],0.02,1.0,0.11081,2.42259,0.45455,0.42063,"[0.35714, 0.33333, 0.57143]",220,0.38502,1.53947,0.56818,0.50926,"[0.61111, 0.25, 0.66667]",155,COMPLETED,49.584

326,20251229_174300,baseline_CASIAB_TOP30.csv,30%,Preset_26,TCN,42,256,"[256, 384, 512, 640]","[1, 2, 4, 8]",5,2,gelu,True,True,False,attention,384,L2,"[0.05, 0.05, 0.1, 0.1]",64,AdamW,,0.00015,0.0001,[0.68794326 2.1920904  0.91725768],0.02,1.0,0.13008,3.14336,0.34091,0.30321,"[0.4878, 0.18182, 0.24]",194,0.48701,2.30333,0.45455,0.42063,"[0.57143, 0.33333, 0.35714]",80,COMPLETED,35.615
327,20251229_174300,baseline_OUMVLP_TOP30.csv,30%,Preset_26,TCN,42,256,"[256, 384, 512, 640]","[1, 2, 4, 8]",5,2,gelu,True,True,False,attention,384,L2,"[0.05, 0.05, 0.1, 0.1]",64,AdamW,,0.00015,0.0001,[0.68794326 2.1920904  0.91725768],0.02,1.0,0.12676,2.23923,0.5,0.46327,"[0.61538, 0.18182, 0.59259]",237,0.19052,1.93355,0.54545,0.51435,"[0.55556, 0.3, 0.6875]",220,COMPLETED,43.333
328,20251229_174300,gaitgl_GREW_BNNeck_TOP30.csv,30%,Preset_26,TCN,42,256,"[256, 384, 512, 640]","[1, 2, 4, 8]",5,2,gelu,True,True,False,attention,384,L2,"[0.05, 0.05, 0.1, 0.1]",64,AdamW,,0.00015,0.0001,[0.68794326 2.1920904  0.91725768],0.02,1.0,0.12112,2.36188,0.43182,0.3138,"[0.57778, 0.0, 0.36364]",111,0.51083,1.27338,0.5,0.38633,"[0.64151, 0.15385, 0.36364]",84,COMPLETED,23.45
329,20251229_174300,gaitgl_GREW_TOP30.csv,30%,Preset_26,TCN,42,256,"[256, 384, 512, 640]","[1, 2, 4, 8]",5,2,gelu,True,True,False,attention,384,L2,"[0.05, 0.05, 0.1, 0.1]",64,AdamW,,0.00015,0.0001,[0.68794326 2.1920904  0.91725768],0.02,1.0,0.10555,1.56824,0.5,0.34412,"[0.60377, 0.0, 0.42857]",71,0.1173,1.55582,0.52273,0.37433,"[0.6087, 0.0, 0.51429]",67,COMPLETED,15.022
330,20251229_174300,gaitgl_OUMVLP_TOP30.csv,30%,Preset_26,TCN,42,256,"[256, 384, 512, 640]","[1, 2, 4, 8]",5,2,gelu,True,True,False,attention,384,L2,"[0.05, 0.05, 0.1, 0.1]",64,AdamW,,0.00015,0.0001,[0.68794326 2.1920904  0.91725768],0.02,1.0,0.10117,2.65738,0.45455,0.44073,"[0.51282, 0.34783, 0.46154]",202,0.28141,2.20651,0.52273,0.50159,"[0.58537, 0.38095, 0.53846]",159,COMPLETED,42.535
331,20251229_174300,gaitgl_TOP30.csv,30%,Preset_26,TCN,42,128,"[256, 384, 512, 640]","[1, 2, 4, 8]",5,2,gelu,True,True,False,attention,384,L2,"[0.05, 0.05, 0.1, 0.1]",64,AdamW,,0.00015,0.0001,[0.68794326 2.1920904  0.91725768],0.02,1.0,0.10384,2.69176,0.31818,0.28684,"[0.39024, 0.2, 0.27027]",74,0.59839,1.76086,0.47727,0.46382,"[0.38889, 0.44444, 0.55814]",57,COMPLETED,15.149
332,20251229_174300,gaitpart_GREW_TOP30.csv,30%,Preset_26,TCN,42,256,"[256, 384, 512, 640]","[1, 2, 4, 8]",5,2,gelu,True,True,False,attention,384,L2,"[0.05, 0.05, 0.1, 0.1]",64,AdamW,,0.00015,0.0001,[0.68794326 2.1920904  0.91725768],0.02,1.0,0.11244,2.10494,0.52273,0.53479,"[0.5, 0.58824, 0.51613]",301,0.2052,1.75701,0.61364,0.62172,"[0.51429, 0.66667, 0.68421]",221,COMPLETED,51.959
333,20251229_174300,gaitpart_OUMVLP_TOP30.csv,30%,Preset_26,TCN,42,256,"[256, 384, 512, 640]","[1, 2, 4, 8]",5,2,gelu,True,True,False,attention,384,L2,"[0.05, 0.05, 0.1, 0.1]",64,AdamW,,0.00015,0.0001,[0.68794326 2.1920904  0.91725768],0.02,1.0,0.14524,2.06215,0.45455,0.44606,"[0.48485, 0.32, 0.53333]",1035,0.24145,1.44916,0.65909,0.62063,"[0.7619, 0.5, 0.6]",914,STOPPED,180.545
334,20251229_174300,gaitset_GREW_TOP30.csv,30%,Preset_26,TCN,42,256,"[256, 384, 512, 640]","[1, 2, 4, 8]",5,2,gelu,True,True,False,attention,384,L2,"[0.05, 0.05, 0.1, 0.1]",64,AdamW,,0.00015,0.0001,[0.68794326 2.1920904  0.91725768],0.02,1.0,0.12412,2.12429,0.43182,0.31117,"[0.52174, 0.0, 0.41176]",176,0.28941,2.03191,0.52273,0.44211,"[0.52632, 0.2, 0.6]",157,COMPLETED,37.235
335,20251229_174300,gaitset_OUMVLP_TOP30.csv,30%,Preset_26,TCN,42,256,"[256, 384, 512, 640]","[1, 2, 4, 8]",5,2,gelu,True,True,False,attention,384,L2,"[0.05, 0.05, 0.1, 0.1]",64,AdamW,,0.00015,0.0001,[0.68794326 2.1920904  0.91725768],0.02,1.0,1.10482,1.0874,0.47727,0.21538,"[0.64615, 0.0, 0.0]",103,1.10482,1.0874,0.47727,0.21538,"[0.64615, 0.0, 0.0]",103,STOPPED,21.614
336,20251229_174300,gaitset_TOP30.csv,30%,Preset_26,TCN,42,256,"[256, 384, 512, 640]","[1, 2, 4, 8]",5,2,gelu,True,True,False,attention,384,L2,"[0.05, 0.05, 0.1, 0.1]",64,AdamW,,0.00015,0.0001,[0.68794326 2.1920904  0.91725768],0.02,1.0,0.13486,3.06278,0.27273,0.21685,"[0.30769, 0.0, 0.34286]",175,0.68048,1.55325,0.43182,0.3784,"[0.55319, 0.28571, 0.2963]",78,COMPLETED,36.764
337,20251229_174300,gln_phase1_TOP30.csv,30%,Preset_26,TCN,42,256,"[256, 384, 512, 640]","[1, 2, 4, 8]",5,2,gelu,True,True,False,attention,384,L2,"[0.05, 0.05, 0.1, 0.1]",64,AdamW,,0.00015,0.0001,[0.68794326 2.1920904  0.91725768],0.02,1.0,0.12298,2.75505,0.36364,0.35043,"[0.48649, 0.14815, 0.41667]",241,0.41297,2.29911,0.5,0.46392,"[0.61905, 0.27273, 0.5]",84,COMPLETED,51.747
338,20251229_174300,gln_phase2_TOP30.csv,30%,Preset_26,TCN,42,256,"[256, 384, 512, 640]","[1, 2, 4, 8]",5,2,gelu,True,True,False,attention,384,L2,"[0.05, 0.05, 0.1, 0.1]",64,AdamW,,0.00015,0.0001,[0.68794326 2.1920904  0.91725768],0.02,1.0,0.12057,1.74128,0.59091,0.52,"[0.66667, 0.33333, 0.56]",182,0.42077,1.72316,0.61364,0.54541,"[0.68, 0.36364, 0.59259]",153,COMPLETED,39.098

339,20251229_174300,baseline_CASIAB_TOP30.csv,30%,Preset_27,TCN,42,256,"[512, 512]","[1, 2]",3,1,gelu,True,True,False,attention,320,L2,"[0.0, 0.1]",48,AdamW,,2e-05,1e-05,[0.68794326 2.1920904  0.91725768],0.02,1.0,0.13518,3.04602,0.34091,0.32295,"[0.37838, 0.19048, 0.4]",571,0.67719,1.73777,0.43182,0.44026,"[0.45714, 0.5, 0.36364]",216,COMPLETED,57.195
340,20251229_174300,baseline_OUMVLP_TOP30.csv,30%,Preset_27,TCN,42,256,"[512, 512]","[1, 2]",3,1,gelu,True,True,False,attention,320,L2,"[0.0, 0.1]",48,AdamW,,2e-05,1e-05,[0.68794326 2.1920904  0.91725768],0.02,1.0,0.13927,2.11465,0.43182,0.37181,"[0.42105, 0.15385, 0.54054]",1561,0.6371,1.19377,0.54545,0.49234,"[0.58537, 0.26667, 0.625]",336,COMPLETED,156.472
341,20251229_174300,gaitgl_GREW_BNNeck_TOP30.csv,30%,Preset_27,TCN,42,256,"[512, 512]","[1, 2]",3,1,gelu,True,True,False,attention,320,L2,"[0.0, 0.1]",48,AdamW,,2e-05,1e-05,[0.68794326 2.1920904  0.91725768],0.02,1.0,0.13219,3.32858,0.36364,0.3118,"[0.4878, 0.125, 0.32258]",512,0.41671,2.27448,0.52273,0.4545,"[0.66667, 0.23529, 0.46154]",260,COMPLETED,54.566
342,20251229_174300,gaitgl_GREW_TOP30.csv,30%,Preset_27,TCN,42,256,"[512, 512]","[1, 2]",3,1,gelu,True,True,False,attention,320,L2,"[0.0, 0.1]",48,AdamW,,2e-05,1e-05,[0.68794326 2.1920904  0.91725768],0.02,1.0,0.13459,2.07552,0.43182,0.36789,"[0.53659, 0.14286, 0.42424]",370,0.29413,1.64746,0.47727,0.4303,"[0.55814, 0.25, 0.48276]",222,COMPLETED,39.824
343,20251229_174300,gaitgl_OUMVLP_TOP30.csv,30%,Preset_27,TCN,42,256,"[512, 512]","[1, 2]",3,1,gelu,True,True,False,attention,320,L2,"[0.0, 0.1]",48,AdamW,,2e-05,1e-05,[0.68794326 2.1920904  0.91725768],0.02,1.0,0.13778,2.0407,0.47727,0.3526,"[0.54167, 0.0, 0.51613]",533,0.62701,1.13277,0.47727,0.4581,"[0.4878, 0.4, 0.48649]",226,COMPLETED,57.536
344,20251229_174300,gaitgl_TOP30.csv,30%,Preset_27,TCN,42,128,"[512, 512]","[1, 2]",3,1,gelu,True,True,False,attention,320,L2,"[0.0, 0.1]",48,AdamW,,2e-05,1e-05,[0.68794326 2.1920904  0.91725768],0.02,1.0,0.13645,2.14632,0.5,0.444,"[0.59574, 0.30769, 0.42857]",355,0.55722,1.16146,0.47727,0.47852,"[0.52381, 0.5, 0.41176]",144,COMPLETED,36.076
345,20251229_174300,gaitpart_GREW_TOP30.csv,30%,Preset_27,TCN,42,256,"[512, 512]","[1, 2]",3,1,gelu,True,True,False,attention,320,L2,"[0.0, 0.1]",48,AdamW,,2e-05,1e-05,[0.68794326 2.1920904  0.91725768],0.02,1.0,0.12982,3.72595,0.38636,0.28935,"[0.54545, 0.0, 0.32258]",734,0.70621,1.23128,0.45455,0.41361,"[0.55814, 0.30769, 0.375]",222,COMPLETED,72.97
346,20251229_174300,gaitpart_OUMVLP_TOP30.csv,30%,Preset_27,TCN,42,256,"[512, 512]","[1, 2]",3,1,gelu,True,True,False,attention,320,L2,"[0.0, 0.1]",48,AdamW,,2e-05,1e-05,[0.68794326 2.1920904  0.91725768],0.02,1.0,0.13284,2.71642,0.43182,0.41595,"[0.55556, 0.15385, 0.53846]",2615,0.66373,1.2714,0.59091,0.57431,"[0.5625, 0.45455, 0.70588]",858,COMPLETED,260.578
347,20251229_174300,gaitset_GREW_TOP30.csv,30%,Preset_27,TCN,42,256,"[512, 512]","[1, 2]",3,1,gelu,True,True,False,attention,320,L2,"[0.0, 0.1]",48,AdamW,,2e-05,1e-05,[0.68794326 2.1920904  0.91725768],0.02,1.0,0.13924,3.64523,0.38636,0.36211,"[0.52632, 0.24, 0.32]",554,0.41878,2.3878,0.43182,0.40841,"[0.53659, 0.38095, 0.30769]",261,COMPLETED,62.706
348,20251229_174300,gaitset_OUMVLP_TOP30.csv,30%,Preset_27,TCN,42,256,"[512, 512]","[1, 2]",3,1,gelu,True,True,False,attention,320,L2,"[0.0, 0.1]",48,AdamW,,2e-05,1e-05,[0.68794326 2.1920904  0.91725768],0.02,1.0,0.13738,3.03036,0.36364,0.33804,"[0.43902, 0.19048, 0.38462]",2057,0.18215,3.7223,0.5,0.47734,"[0.47368, 0.33333, 0.625]",1790,COMPLETED,233.851
349,20251229_174300,gaitset_TOP30.csv,30%,Preset_27,TCN,42,256,"[512, 512]","[1, 2]",3,1,gelu,True,True,False,attention,320,L2,"[0.0, 0.1]",48,AdamW,,2e-05,1e-05,[0.68794326 2.1920904  0.91725768],0.02,1.0,0.137,3.43205,0.38636,0.35362,"[0.5, 0.19048, 0.37037]",679,0.51362,1.96221,0.54545,0.52901,"[0.63158, 0.47059, 0.48485]",250,COMPLETED,76.99
350,20251229_174300,gln_phase1_TOP30.csv,30%,Preset_27,TCN,42,256,"[512, 512]","[1, 2]",3,1,gelu,True,True,False,attention,320,L2,"[0.0, 0.1]",48,AdamW,,2e-05,1e-05,[0.68794326 2.1920904  0.91725768],0.02,1.0,0.13724,1.92884,0.5,0.42469,"[0.51282, 0.16667, 0.59459]",639,0.6786,1.10485,0.54545,0.51505,"[0.5641, 0.375, 0.60606]",212,COMPLETED,74.812
351,20251229_174300,gln_phase2_TOP30.csv,30%,Preset_27,TCN,42,256,"[512, 512]","[1, 2]",3,1,gelu,True,True,False,attention,320,L2,"[0.0, 0.1]",48,AdamW,,2e-05,1e-05,[0.68794326 2.1920904  0.91725768],0.02,1.0,0.12959,2.70899,0.34091,0.25519,"[0.4878, 0.0, 0.27778]",708,0.5184,1.36798,0.56818,0.53524,"[0.61111, 0.4, 0.59459]",286,COMPLETED,78.187

352,20251229_174300,baseline_CASIAB_TOP30.csv,30%,Preset_28,TCN,42,256,"[192, 256, 384, 512]","[1, 2, 4, 8]",3,2,silu,True,True,False,max,256,minmax,"[None, 0.05, 0.05, 0.1]",96,AdamW,,0.00015,1e-05,[0.68794326 2.1920904  0.91725768],0.02,1.0,0.1213,3.05024,0.38636,0.37944,"[0.35294, 0.35294, 0.43243]",275,0.13599,3.04442,0.45455,0.44141,"[0.5, 0.4, 0.42424]",274,COMPLETED,24.357
353,20251229_174300,baseline_OUMVLP_TOP30.csv,30%,Preset_28,TCN,42,256,"[192, 256, 384, 512]","[1, 2, 4, 8]",3,2,silu,True,True,False,max,256,minmax,"[None, 0.05, 0.05, 0.1]",96,AdamW,,0.00015,1e-05,[0.68794326 2.1920904  0.91725768],0.02,1.0,0.1256,2.7501,0.36364,0.2885,"[0.42105, 0.0, 0.44444]",302,0.73835,1.34749,0.43182,0.4137,"[0.45161, 0.31579, 0.47368]",106,COMPLETED,25.576
354,20251229_174300,gaitgl_GREW_BNNeck_TOP30.csv,30%,Preset_28,TCN,42,256,"[192, 256, 384, 512]","[1, 2, 4, 8]",3,2,silu,True,True,False,max,256,minmax,"[None, 0.05, 0.05, 0.1]",96,AdamW,,0.00015,1e-05,[0.68794326 2.1920904  0.91725768],0.02,1.0,0.12455,4.19766,0.34091,0.3002,"[0.37838, 0.13333, 0.38889]",234,0.4931,3.1199,0.43182,0.41699,"[0.48485, 0.25, 0.51613]",161,COMPLETED,21.016
355,20251229_174300,gaitgl_GREW_TOP30.csv,30%,Preset_28,TCN,42,256,"[192, 256, 384, 512]","[1, 2, 4, 8]",3,2,silu,True,True,False,max,256,minmax,"[None, 0.05, 0.05, 0.1]",96,AdamW,,0.00015,1e-05,[0.68794326 2.1920904  0.91725768],0.02,1.0,0.11262,1.71878,0.52273,0.43863,"[0.60465, 0.18182, 0.52941]",114,0.16529,1.82134,0.59091,0.52197,"[0.68085, 0.33333, 0.55172]",95,COMPLETED,10.432
356,20251229_174300,gaitgl_OUMVLP_TOP30.csv,30%,Preset_28,TCN,42,256,"[192, 256, 384, 512]","[1, 2, 4, 8]",3,2,silu,True,True,False,max,256,minmax,"[None, 0.05, 0.05, 0.1]",96,AdamW,,0.00015,1e-05,[0.68794326 2.1920904  0.91725768],0.02,1.0,0.11606,2.31066,0.40909,0.29156,"[0.52174, 0.0, 0.35294]",320,0.15738,2.49434,0.5,0.46759,"[0.52632, 0.36364, 0.51282]",251,COMPLETED,28.472
357,20251229_174300,gaitgl_TOP30.csv,30%,Preset_28,TCN,42,128,"[192, 256, 384, 512]","[1, 2, 4, 8]",3,2,silu,True,True,False,max,256,minmax,"[None, 0.05, 0.05, 0.1]",96,AdamW,,0.00015,1e-05,[0.68794326 2.1920904  0.91725768],0.02,1.0,0.13094,2.02178,0.47727,0.44968,"[0.5641, 0.33333, 0.45161]",122,0.17049,2.08331,0.59091,0.54265,"[0.68085, 0.42857, 0.51852]",106,COMPLETED,10.203
358,20251229_174300,gaitpart_GREW_TOP30.csv,30%,Preset_28,TCN,42,256,"[192, 256, 384, 512]","[1, 2, 4, 8]",3,2,silu,True,True,False,max,256,minmax,"[None, 0.05, 0.05, 0.1]",96,AdamW,,0.00015,1e-05,[0.68794326 2.1920904  0.91725768],0.02,1.0,0.11535,2.66384,0.38636,0.33618,"[0.41026, 0.15385, 0.44444]",318,0.38065,1.47479,0.5,0.47349,"[0.32258, 0.46154, 0.63636]",164,COMPLETED,26.312
359,20251229_174300,gaitpart_OUMVLP_TOP30.csv,30%,Preset_28,TCN,42,256,"[192, 256, 384, 512]","[1, 2, 4, 8]",3,2,silu,True,True,False,max,256,minmax,"[None, 0.05, 0.05, 0.1]",96,AdamW,,0.00015,1e-05,[0.68794326 2.1920904  0.91725768],0.02,1.0,0.11168,1.42579,0.54545,0.52468,"[0.54545, 0.42857, 0.6]",847,0.38272,1.11367,0.72727,0.68498,"[0.73171, 0.54545, 0.77778]",607,COMPLETED,70.213
360,20251229_174300,gaitset_GREW_TOP30.csv,30%,Preset_28,TCN,42,256,"[192, 256, 384, 512]","[1, 2, 4, 8]",3,2,silu,True,True,False,max,256,minmax,"[None, 0.05, 0.05, 0.1]",96,AdamW,,0.00015,1e-05,[0.68794326 2.1920904  0.91725768],0.02,1.0,0.13619,2.40131,0.47727,0.45521,"[0.45714, 0.35294, 0.55556]",295,0.37665,2.12044,0.61364,0.56589,"[0.69767, 0.4, 0.6]",197,COMPLETED,26.716
361,20251229_174300,gaitset_OUMVLP_TOP30.csv,30%,Preset_28,TCN,42,256,"[192, 256, 384, 512]","[1, 2, 4, 8]",3,2,silu,True,True,False,max,256,minmax,"[None, 0.05, 0.05, 0.1]",96,AdamW,,0.00015,1e-05,[0.68794326 2.1920904  0.91725768],0.02,1.0,1.10454,1.09608,0.36364,0.17778,"[0.0, 0.0, 0.53333]",124,1.10454,1.09608,0.36364,0.17778,"[0.0, 0.0, 0.53333]",124,STOPPED,10.908
362,20251229_174300,gaitset_TOP30.csv,30%,Preset_28,TCN,42,256,"[192, 256, 384, 512]","[1, 2, 4, 8]",3,2,silu,True,True,False,max,256,minmax,"[None, 0.05, 0.05, 0.1]",96,AdamW,,0.00015,1e-05,[0.68794326 2.1920904  0.91725768],0.02,1.0,0.12788,2.77356,0.45455,0.38944,"[0.47368, 0.18182, 0.51282]",227,0.31079,2.18817,0.5,0.45726,"[0.5641, 0.30769, 0.5]",141,COMPLETED,20.1
363,20251229_174300,gln_phase1_TOP30.csv,30%,Preset_28,TCN,42,256,"[192, 256, 384, 512]","[1, 2, 4, 8]",3,2,silu,True,True,False,max,256,minmax,"[None, 0.05, 0.05, 0.1]",96,AdamW,,0.00015,1e-05,[0.68794326 2.1920904  0.91725768],0.02,1.0,0.12214,2.191,0.43182,0.31126,"[0.59091, 0.0, 0.34286]",295,0.61812,1.53987,0.47727,0.43554,"[0.51613, 0.26667, 0.52381]",143,COMPLETED,27.372
364,20251229_174300,gln_phase2_TOP30.csv,30%,Preset_28,TCN,42,256,"[192, 256, 384, 512]","[1, 2, 4, 8]",3,2,silu,True,True,False,max,256,minmax,"[None, 0.05, 0.05, 0.1]",96,AdamW,,0.00015,1e-05,[0.68794326 2.1920904  0.91725768],0.02,1.0,0.12198,2.11998,0.43182,0.40018,"[0.55, 0.30769, 0.34286]",243,0.71047,1.56186,0.54545,0.54074,"[0.6, 0.55556, 0.46667]",136,COMPLETED,22.254

365,20251229_174300,baseline_CASIAB_TOP30.csv,30%,Preset_29,TCN,42,256,"[512, 512, 512, 512]","[1, 2, 4, 8]",3,2,gelu,True,True,False,max,256,minmax,"[0.05, 0.05, 0.1, 0.1]",128,AdamW,,0.00012,5e-06,[0.68794326 2.1920904  0.91725768],0.02,1.0,0.1328,2.87115,0.31818,0.25417,"[0.45, 0.0, 0.3125]",285,0.6166,1.70182,0.47727,0.45417,"[0.4375, 0.375, 0.55]",129,COMPLETED,19.689
366,20251229_174300,baseline_OUMVLP_TOP30.csv,30%,Preset_29,TCN,42,256,"[512, 512, 512, 512]","[1, 2, 4, 8]",3,2,gelu,True,True,False,max,256,minmax,"[0.05, 0.05, 0.1, 0.1]",128,AdamW,,0.00012,5e-06,[0.68794326 2.1920904  0.91725768],0.02,1.0,0.12829,2.05199,0.38636,0.32657,"[0.52381, 0.13333, 0.32258]",349,0.50278,1.63504,0.56818,0.47156,"[0.65217, 0.2, 0.5625]",147,COMPLETED,24.563
367,20251229_174300,gaitgl_GREW_BNNeck_TOP30.csv,30%,Preset_29,TCN,42,256,"[512, 512, 512, 512]","[1, 2, 4, 8]",3,2,gelu,True,True,False,max,256,minmax,"[0.05, 0.05, 0.1, 0.1]",128,AdamW,,0.00012,5e-06,[0.68794326 2.1920904  0.91725768],0.02,1.0,0.12238,2.49722,0.40909,0.34904,"[0.5, 0.13333, 0.41379]",248,0.19583,2.82018,0.47727,0.43155,"[0.57143, 0.28571, 0.4375]",194,COMPLETED,20.29
368,20251229_174300,gaitgl_GREW_TOP30.csv,30%,Preset_29,TCN,42,256,"[512, 512, 512, 512]","[1, 2, 4, 8]",3,2,gelu,True,True,False,max,256,minmax,"[0.05, 0.05, 0.1, 0.1]",128,AdamW,,0.00012,5e-06,[0.68794326 2.1920904  0.91725768],0.02,1.0,0.12373,1.61932,0.5,0.42029,"[0.59091, 0.15385, 0.51613]",121,0.17049,1.82246,0.56818,0.478,"[0.58537, 0.2, 0.64865]",105,COMPLETED,10.198
369,20251229_174300,gaitgl_OUMVLP_TOP30.csv,30%,Preset_29,TCN,42,256,"[512, 512, 512, 512]","[1, 2, 4, 8]",3,2,gelu,True,True,False,max,256,minmax,"[0.05, 0.05, 0.1, 0.1]",128,AdamW,,0.00012,5e-06,[0.68794326 2.1920904  0.91725768],0.02,1.0,0.1178,1.87181,0.52273,0.43555,"[0.6087, 0.18182, 0.51613]",281,0.15596,2.33349,0.54545,0.49708,"[0.6383, 0.35294, 0.5]",259,COMPLETED,22.847
370,20251229_174300,gaitgl_TOP30.csv,30%,Preset_29,TCN,42,128,"[512, 512, 512, 512]","[1, 2, 4, 8]",3,2,gelu,True,True,False,max,256,minmax,"[0.05, 0.05, 0.1, 0.1]",128,AdamW,,0.00012,5e-06,[0.68794326 2.1920904  0.91725768],0.02,1.0,0.12355,1.85238,0.5,0.35887,"[0.625, 0.0, 0.45161]",150,0.1999,2.14997,0.52273,0.49512,"[0.5, 0.4, 0.58537]",116,COMPLETED,11.465
371,20251229_174300,gaitpart_GREW_TOP30.csv,30%,Preset_29,TCN,42,256,"[512, 512, 512, 512]","[1, 2, 4, 8]",3,2,gelu,True,True,False,max,256,minmax,"[0.05, 0.05, 0.1, 0.1]",128,AdamW,,0.00012,5e-06,[0.68794326 2.1920904  0.91725768],0.02,1.0,0.12833,2.1053,0.5,0.46448,"[0.60465, 0.375, 0.41379]",243,0.42027,1.87018,0.54545,0.57851,"[0.45714, 0.71429, 0.5641]",159,COMPLETED,16.372
372,20251229_174300,gaitpart_OUMVLP_TOP30.csv,30%,Preset_29,TCN,42,256,"[512, 512, 512, 512]","[1, 2, 4, 8]",3,2,gelu,True,True,False,max,256,minmax,"[0.05, 0.05, 0.1, 0.1]",128,AdamW,,0.00012,5e-06,[0.68794326 2.1920904  0.91725768],0.02,1.0,0.1309,1.85359,0.59091,0.55851,"[0.68293, 0.4, 0.59259]",644,0.60834,1.08827,0.65909,0.63442,"[0.68421, 0.53333, 0.68571]",242,COMPLETED,43.05
373,20251229_174300,gaitset_GREW_TOP30.csv,30%,Preset_29,TCN,42,256,"[512, 512, 512, 512]","[1, 2, 4, 8]",3,2,gelu,True,True,False,max,256,minmax,"[0.05, 0.05, 0.1, 0.1]",128,AdamW,,0.00012,5e-06,[0.68794326 2.1920904  0.91725768],0.02,1.0,0.12991,3.21046,0.38636,0.3562,"[0.32258, 0.19048, 0.55556]",266,0.15361,2.93878,0.52273,0.43623,"[0.6087, 0.16667, 0.53333]",200,COMPLETED,21.609
374,20251229_174300,gaitset_OUMVLP_TOP30.csv,30%,Preset_29,TCN,42,256,"[512, 512, 512, 512]","[1, 2, 4, 8]",3,2,gelu,True,True,False,max,256,minmax,"[0.05, 0.05, 0.1, 0.1]",128,AdamW,,0.00012,5e-06,[0.68794326 2.1920904  0.91725768],0.02,1.0,0.13854,2.05561,0.40909,0.35385,"[0.45714, 0.14286, 0.46154]",698,0.69378,1.41681,0.54545,0.49448,"[0.60465, 0.33333, 0.54545]",302,COMPLETED,56.12
375,20251229_174300,gaitset_TOP30.csv,30%,Preset_29,TCN,42,256,"[512, 512, 512, 512]","[1, 2, 4, 8]",3,2,gelu,True,True,False,max,256,minmax,"[0.05, 0.05, 0.1, 0.1]",128,AdamW,,0.00012,5e-06,[0.68794326 2.1920904  0.91725768],0.02,1.0,0.12593,2.27918,0.45455,0.38462,"[0.53333, 0.15385, 0.46667]",235,0.14457,2.39797,0.52273,0.46999,"[0.59091, 0.28571, 0.53333]",214,COMPLETED,19.018
376,20251229_174300,gln_phase1_TOP30.csv,30%,Preset_29,TCN,42,256,"[512, 512, 512, 512]","[1, 2, 4, 8]",3,2,gelu,True,True,False,max,256,minmax,"[0.05, 0.05, 0.1, 0.1]",128,AdamW,,0.00012,5e-06,[0.68794326 2.1920904  0.91725768],0.02,1.0,0.12238,1.81512,0.47727,0.35877,"[0.55, 0.0, 0.52632]",302,0.23803,2.14675,0.52273,0.49331,"[0.57143, 0.35294, 0.55556]",200,COMPLETED,27.3
377,20251229_174300,gln_phase2_TOP30.csv,30%,Preset_29,TCN,42,256,"[512, 512, 512, 512]","[1, 2, 4, 8]",3,2,gelu,True,True,False,max,256,minmax,"[0.05, 0.05, 0.1, 0.1]",128,AdamW,,0.00012,5e-06,[0.68794326 2.1920904  0.91725768],0.02,1.0,0.11616,2.07892,0.47727,0.40708,"[0.5641, 0.14286, 0.51429]",268,0.68138,1.27506,0.59091,0.54361,"[0.65306, 0.44444, 0.53333]",116,COMPLETED,23.799

378,20251229_174300,baseline_CASIAB_TOP30.csv,30%,Preset_30,TCN,42,256,"[256, 384, 512]","[1, 2, 4]",5,3,leakyrelu,True,True,False,attention,256,L2,"[None, 0.05, 0.1]",96,Adam,,0.00012,1e-05,[0.68794326 2.1920904  0.91725768],0.02,1.0,0.10215,2.01611,0.5,0.42662,"[0.60714, 0.4, 0.27273]",233,0.56733,1.71057,0.59091,0.57071,"[0.66667, 0.54545, 0.5]",215,COMPLETED,22.812
379,20251229_174300,baseline_OUMVLP_TOP30.csv,30%,Preset_30,TCN,42,256,"[256, 384, 512]","[1, 2, 4]",5,3,leakyrelu,True,True,False,attention,256,L2,"[None, 0.05, 0.1]",96,Adam,,0.00012,1e-05,[0.68794326 2.1920904  0.91725768],0.02,1.0,0.11084,2.71325,0.40909,0.34529,"[0.53061, 0.10526, 0.4]",462,0.65256,1.54443,0.59091,0.53027,"[0.65116, 0.25, 0.68966]",223,COMPLETED,44.033
380,20251229_174300,gaitgl_GREW_BNNeck_TOP30.csv,30%,Preset_30,TCN,42,256,"[256, 384, 512]","[1, 2, 4]",5,3,leakyrelu,True,True,False,attention,256,L2,"[None, 0.05, 0.1]",96,Adam,,0.00012,1e-05,[0.68794326 2.1920904  0.91725768],0.02,1.0,0.10448,2.1678,0.45455,0.32581,"[0.55319, 0.0, 0.42424]",202,0.39792,1.68683,0.52273,0.43295,"[0.625, 0.22222, 0.45161]",152,COMPLETED,20.937
381,20251229_174300,gaitgl_GREW_TOP30.csv,30%,Preset_30,TCN,42,256,"[256, 384, 512]","[1, 2, 4]",5,3,leakyrelu,True,True,False,attention,256,L2,"[None, 0.05, 0.1]",96,Adam,,0.00012,1e-05,[0.68794326 2.1920904  0.91725768],0.02,1.0,0.10957,2.22845,0.47727,0.34848,"[0.5, 0.0, 0.54545]",126,0.44382,1.66444,0.5,0.42593,"[0.5, 0.16667, 0.61111]",104,COMPLETED,13.454
382,20251229_174300,gaitgl_OUMVLP_TOP30.csv,30%,Preset_30,TCN,42,256,"[256, 384, 512]","[1, 2, 4]",5,3,leakyrelu,True,True,False,attention,256,L2,"[None, 0.05, 0.1]",96,Adam,,0.00012,1e-05,[0.68794326 2.1920904  0.91725768],0.02,1.0,1.10495,1.08849,0.47727,0.21538,"[0.64615, 0.0, 0.0]",108,1.10495,1.08849,0.47727,0.21538,"[0.64615, 0.0, 0.0]",108,STOPPED,11.134
383,20251229_174300,gaitgl_TOP30.csv,30%,Preset_30,TCN,42,128,"[256, 384, 512]","[1, 2, 4]",5,3,leakyrelu,True,True,False,attention,256,L2,"[None, 0.05, 0.1]",96,Adam,,0.00012,1e-05,[0.68794326 2.1920904  0.91725768],0.02,1.0,0.10346,2.75224,0.38636,0.35036,"[0.53659, 0.16667, 0.34783]",189,0.13884,2.23632,0.54545,0.45111,"[0.72, 0.33333, 0.3]",183,COMPLETED,18.924
384,20251229_174300,gaitpart_GREW_TOP30.csv,30%,Preset_30,TCN,42,256,"[256, 384, 512]","[1, 2, 4]",5,3,leakyrelu,True,True,False,attention,256,L2,"[None, 0.05, 0.1]",96,Adam,,0.00012,1e-05,[0.68794326 2.1920904  0.91725768],0.02,1.0,0.1229,2.82585,0.31818,0.27672,"[0.46154, 0.13333, 0.23529]",205,0.47548,3.35866,0.43182,0.34497,"[0.59574, 0.14286, 0.2963]",159,COMPLETED,19.215
385,20251229_174300,gaitpart_OUMVLP_TOP30.csv,30%,Preset_30,TCN,42,256,"[256, 384, 512]","[1, 2, 4]",5,3,leakyrelu,True,True,False,attention,256,L2,"[None, 0.05, 0.1]",96,Adam,,0.00012,1e-05,[0.68794326 2.1920904  0.91725768],0.02,1.0,0.19967,2.31958,0.38636,0.35922,"[0.52381, 0.15385, 0.4]",547,0.61685,1.27231,0.61364,0.58742,"[0.66667, 0.47059, 0.625]",350,STOPPED,50.126
386,20251229_174300,gaitset_GREW_TOP30.csv,30%,Preset_30,TCN,42,256,"[256, 384, 512]","[1, 2, 4]",5,3,leakyrelu,True,True,False,attention,256,L2,"[None, 0.05, 0.1]",96,Adam,,0.00012,1e-05,[0.68794326 2.1920904  0.91725768],0.02,1.0,0.1083,2.53156,0.45455,0.41721,"[0.52941, 0.22222, 0.5]",304,0.45395,2.25443,0.47727,0.43333,"[0.5, 0.25, 0.55]",275,COMPLETED,31.706
387,20251229_174300,gaitset_OUMVLP_TOP30.csv,30%,Preset_30,TCN,42,256,"[256, 384, 512]","[1, 2, 4]",5,3,leakyrelu,True,True,False,attention,256,L2,"[None, 0.05, 0.1]",96,Adam,,0.00012,1e-05,[0.68794326 2.1920904  0.91725768],0.02,1.0,1.10601,1.08327,0.47727,0.21538,"[0.64615, 0.0, 0.0]",172,1.10601,1.08327,0.47727,0.21538,"[0.64615, 0.0, 0.0]",172,STOPPED,18.042
388,20251229_174300,gaitset_TOP30.csv,30%,Preset_30,TCN,42,256,"[256, 384, 512]","[1, 2, 4]",5,3,leakyrelu,True,True,False,attention,256,L2,"[None, 0.05, 0.1]",96,Adam,,0.00012,1e-05,[0.68794326 2.1920904  0.91725768],0.02,1.0,0.10224,2.68424,0.38636,0.27419,"[0.5, 0.0, 0.32258]",205,0.49117,2.10219,0.47727,0.40089,"[0.59091, 0.2, 0.41176]",164,COMPLETED,21.661
389,20251229_174300,gln_phase1_TOP30.csv,30%,Preset_30,TCN,42,256,"[256, 384, 512]","[1, 2, 4]",5,3,leakyrelu,True,True,False,attention,256,L2,"[None, 0.05, 0.1]",96,Adam,,0.00012,1e-05,[0.68794326 2.1920904  0.91725768],0.02,1.0,0.11471,2.23966,0.43182,0.39947,"[0.53659, 0.18182, 0.48]",411,0.12822,1.77049,0.52273,0.48817,"[0.61538, 0.31579, 0.53333]",394,COMPLETED,46.73
390,20251229_174300,gln_phase2_TOP30.csv,30%,Preset_30,TCN,42,256,"[256, 384, 512]","[1, 2, 4]",5,3,leakyrelu,True,True,False,attention,256,L2,"[None, 0.05, 0.1]",96,Adam,,0.00012,1e-05,[0.68794326 2.1920904  0.91725768],0.02,1.0,0.10559,2.11253,0.45455,0.41863,"[0.45714, 0.21053, 0.58824]",365,0.10746,2.19907,0.54545,0.51199,"[0.51429, 0.31579, 0.70588]",362,COMPLETED,42.497

391,20251229_174300,baseline_CASIAB_TOP30.csv,30%,Preset_31,TCN,42,256,[256],[1],7,2,hardswish,False,False,False,last,128,L2,[0.3],16,AdamW,,0.001,1e-06,[0.68794326 2.1920904  0.91725768],0.02,1.0,0.13795,2.82992,0.43182,0.41663,"[0.4878, 0.375, 0.3871]",80,0.61323,1.43369,0.52273,0.50135,"[0.45161, 0.46154, 0.59091]",26,COMPLETED,12.978
392,20251229_174300,baseline_OUMVLP_TOP30.csv,30%,Preset_31,TCN,42,256,[256],[1],7,2,hardswish,False,False,False,last,128,L2,[0.3],16,AdamW,,0.001,1e-06,[0.68794326 2.1920904  0.91725768],0.02,1.0,0.11732,1.9091,0.47727,0.36216,"[0.48649, 0.0, 0.6]",126,0.37341,1.3497,0.59091,0.53357,"[0.62222, 0.33333, 0.64516]",43,COMPLETED,20.196
393,20251229_174300,gaitgl_GREW_BNNeck_TOP30.csv,30%,Preset_31,TCN,42,256,[256],[1],7,2,hardswish,False,False,False,last,128,L2,[0.3],16,AdamW,,0.001,1e-06,[0.68794326 2.1920904  0.91725768],0.02,1.0,0.12282,2.77631,0.43182,0.33238,"[0.58537, 0.0, 0.41176]",71,0.52963,2.52176,0.52273,0.46339,"[0.63636, 0.23529, 0.51852]",19,COMPLETED,12.04
394,20251229_174300,gaitgl_GREW_TOP30.csv,30%,Preset_31,TCN,42,256,[256],[1],7,2,hardswish,False,False,False,last,128,L2,[0.3],16,AdamW,,0.001,1e-06,[0.68794326 2.1920904  0.91725768],0.02,1.0,0.1121,1.52885,0.65909,0.59101,"[0.7619, 0.4, 0.61111]",17,0.1434,1.69578,0.63636,0.59171,"[0.7234, 0.5, 0.55172]",12,COMPLETED,2.747
395,20251229_174300,gaitgl_OUMVLP_TOP30.csv,30%,Preset_31,TCN,42,256,[256],[1],7,2,hardswish,False,False,False,last,128,L2,[0.3],16,AdamW,,0.001,1e-06,[0.68794326 2.1920904  0.91725768],0.02,1.0,0.12674,2.05367,0.47727,0.31481,"[0.63333, 0.2, 0.11111]",77,0.19389,1.54639,0.59091,0.48314,"[0.69388, 0.22222, 0.53333]",55,COMPLETED,12.804
396,20251229_174300,gaitgl_TOP30.csv,30%,Preset_31,TCN,42,128,[256],[1],7,2,hardswish,False,False,False,last,128,L2,[0.3],16,AdamW,,0.001,1e-06,[0.68794326 2.1920904  0.91725768],0.02,1.0,0.11462,2.57122,0.38636,0.29414,"[0.45, 0.0, 0.43243]",38,0.30634,2.78264,0.47727,0.39955,"[0.56522, 0.18182, 0.45161]",21,COMPLETED,6.108
397,20251229_174300,gaitpart_GREW_TOP30.csv,30%,Preset_31,TCN,42,256,[256],[1],7,2,hardswish,False,False,False,last,128,L2,[0.3],16,AdamW,,0.001,1e-06,[0.68794326 2.1920904  0.91725768],0.02,1.0,0.11091,2.67803,0.45455,0.44404,"[0.46154, 0.4, 0.47059]",90,0.15837,2.72559,0.52273,0.51757,"[0.53659, 0.5, 0.51613]",67,COMPLETED,14.287
398,20251229_174300,gaitpart_OUMVLP_TOP30.csv,30%,Preset_31,TCN,42,256,[256],[1],7,2,hardswish,False,False,False,last,128,L2,[0.3],16,AdamW,,0.001,1e-06,[0.68794326 2.1920904  0.91725768],0.02,1.0,0.1372,1.79084,0.5,0.47685,"[0.5, 0.375, 0.55556]",297,0.27879,1.47043,0.68182,0.63283,"[0.72727, 0.46154, 0.70968]",191,COMPLETED,50.244
399,20251229_174300,gaitset_GREW_TOP30.csv,30%,Preset_31,TCN,42,256,[256],[1],7,2,hardswish,False,False,False,last,128,L2,[0.3],16,AdamW,,0.001,1e-06,[0.68794326 2.1920904  0.91725768],0.02,1.0,0.13006,2.55633,0.38636,0.28467,"[0.38889, 0.0, 0.46512]",68,0.45119,2.00505,0.43182,0.41484,"[0.47368, 0.33333, 0.4375]",26,COMPLETED,11.383
400,20251229_174300,gaitset_OUMVLP_TOP30.csv,30%,Preset_31,TCN,42,256,[256],[1],7,2,hardswish,False,False,False,last,128,L2,[0.3],16,AdamW,,0.001,1e-06,[0.68794326 2.1920904  0.91725768],0.02,1.0,0.11603,1.85454,0.54545,0.48302,"[0.68293, 0.25, 0.51613]",286,0.16565,1.64808,0.63636,0.54869,"[0.81818, 0.23529, 0.59259]",281,COMPLETED,51.236
401,20251229_174300,gaitset_TOP30.csv,30%,Preset_31,TCN,42,256,[256],[1],7,2,hardswish,False,False,False,last,128,L2,[0.3],16,AdamW,,0.001,1e-06,[0.68794326 2.1920904  0.91725768],0.02,1.0,0.13648,2.19299,0.45455,0.37804,"[0.56522, 0.18182, 0.3871]",87,0.13248,2.16526,0.45455,0.41822,"[0.43243, 0.26667, 0.55556]",67,COMPLETED,16.916
402,20251229_174300,gln_phase1_TOP30.csv,30%,Preset_31,TCN,42,256,[256],[1],7,2,hardswish,False,False,False,last,128,L2,[0.3],16,AdamW,,0.001,1e-06,[0.68794326 2.1920904  0.91725768],0.02,1.0,0.12413,1.69951,0.54545,0.5184,"[0.63415, 0.42105, 0.5]",99,0.14419,1.18956,0.70455,0.68236,"[0.74419, 0.61538, 0.6875]",82,COMPLETED,20.087
403,20251229_174300,gln_phase2_TOP30.csv,30%,Preset_31,TCN,42,256,[256],[1],7,2,hardswish,False,False,False,last,128,L2,[0.3],16,AdamW,,0.001,1e-06,[0.68794326 2.1920904  0.91725768],0.02,1.0,0.12064,1.75077,0.52273,0.47637,"[0.55, 0.30769, 0.57143]",80,0.31998,2.1482,0.54545,0.52707,"[0.5641, 0.46154, 0.55556]",39,COMPLETED,15.746

404,20251229_174300,baseline_CASIAB_TOP30.csv,30%,Preset_32,TCN,42,256,"[512, 512, 512]","[1, 3, 9]",5,2,gelu,True,True,False,max,512,minmax,"[None, 0.05, 0.1]",96,AdamW,,0.00012,1e-05,[0.68794326 2.1920904  0.91725768],0.02,1.0,0.11866,2.14349,0.38636,0.27989,"[0.4186, 0.0, 0.42105]",208,0.14574,2.40887,0.45455,0.45739,"[0.45714, 0.47059, 0.44444]",182,COMPLETED,20.083
405,20251229_174300,baseline_OUMVLP_TOP30.csv,30%,Preset_32,TCN,42,256,"[512, 512, 512]","[1, 3, 9]",5,2,gelu,True,True,False,max,512,minmax,"[None, 0.05, 0.1]",96,AdamW,,0.00012,1e-05,[0.68794326 2.1920904  0.91725768],0.02,1.0,0.12152,2.06756,0.38636,0.29225,"[0.52381, 0.0, 0.35294]",252,0.18334,2.08829,0.47727,0.40448,"[0.6, 0.14286, 0.47059]",191,COMPLETED,24.382
406,20251229_174300,gaitgl_GREW_BNNeck_TOP30.csv,30%,Preset_32,TCN,42,256,"[512, 512, 512]","[1, 3, 9]",5,2,gelu,True,True,False,max,512,minmax,"[None, 0.05, 0.1]",96,AdamW,,0.00012,1e-05,[0.68794326 2.1920904  0.91725768],0.02,1.0,0.11982,3.16227,0.34091,0.26064,"[0.4878, 0.0, 0.29412]",169,0.2051,3.29152,0.43182,0.41988,"[0.52632, 0.4, 0.33333]",135,COMPLETED,19.41
407,20251229_174300,gaitgl_GREW_TOP30.csv,30%,Preset_32,TCN,42,256,"[512, 512, 512]","[1, 3, 9]",5,2,gelu,True,True,False,max,512,minmax,"[None, 0.05, 0.1]",96,AdamW,,0.00012,1e-05,[0.68794326 2.1920904  0.91725768],0.02,1.0,0.11673,1.7063,0.5,0.37802,"[0.60465, 0.0, 0.52941]",72,0.12204,1.90388,0.52273,0.46358,"[0.62222, 0.25, 0.51852]",70,COMPLETED,8.448
408,20251229_174300,gaitgl_OUMVLP_TOP30.csv,30%,Preset_32,TCN,42,256,"[512, 512, 512]","[1, 3, 9]",5,2,gelu,True,True,False,max,512,minmax,"[None, 0.05, 0.1]",96,AdamW,,0.00012,1e-05,[0.68794326 2.1920904  0.91725768],0.02,1.0,0.12557,2.10296,0.52273,0.37134,"[0.67925, 0.0, 0.43478]",245,0.36587,2.24465,0.61364,0.56522,"[0.69565, 0.42857, 0.57143]",158,COMPLETED,28.231
409,20251229_174300,gaitgl_TOP30.csv,30%,Preset_32,TCN,42,128,"[512, 512, 512]","[1, 3, 9]",5,2,gelu,True,True,False,max,512,minmax,"[None, 0.05, 0.1]",96,AdamW,,0.00012,1e-05,[0.68794326 2.1920904  0.91725768],0.02,1.0,0.1215,1.7699,0.36364,0.31151,"[0.47619, 0.125, 0.33333]",98,0.55403,1.37879,0.45455,0.4342,"[0.45714, 0.3, 0.54545]",49,COMPLETED,10.691
410,20251229_174300,gaitpart_GREW_TOP30.csv,30%,Preset_32,TCN,42,256,"[512, 512, 512]","[1, 3, 9]",5,2,gelu,True,True,False,max,512,minmax,"[None, 0.05, 0.1]",96,AdamW,,0.00012,1e-05,[0.68794326 2.1920904  0.91725768],0.02,1.0,0.11849,2.22925,0.52273,0.5127,"[0.57143, 0.5, 0.46667]",208,0.12789,1.98232,0.54545,0.54046,"[0.57895, 0.52632, 0.51613]",204,COMPLETED,18.547
411,20251229_174300,gaitpart_OUMVLP_TOP30.csv,30%,Preset_32,TCN,42,256,"[512, 512, 512]","[1, 3, 9]",5,2,gelu,True,True,False,max,512,minmax,"[None, 0.05, 0.1]",96,AdamW,,0.00012,1e-05,[0.68794326 2.1920904  0.91725768],0.02,1.0,0.12038,1.98061,0.52273,0.47227,"[0.55556, 0.26667, 0.59459]",515,0.40062,1.51735,0.56818,0.54725,"[0.6, 0.42105, 0.62069]",434,COMPLETED,46.621
412,20251229_174300,gaitset_GREW_TOP30.csv,30%,Preset_32,TCN,42,256,"[512, 512, 512]","[1, 3, 9]",5,2,gelu,True,True,False,max,512,minmax,"[None, 0.05, 0.1]",96,AdamW,,0.00012,1e-05,[0.68794326 2.1920904  0.91725768],0.02,1.0,0.13879,2.97685,0.36364,0.3377,"[0.36364, 0.08696, 0.5625]",150,0.65595,2.08609,0.5,0.42544,"[0.52632, 0.2, 0.55]",77,COMPLETED,17.122
413,20251229_174300,gaitset_OUMVLP_TOP30.csv,30%,Preset_32,TCN,42,256,"[512, 512, 512]","[1, 3, 9]",5,2,gelu,True,True,False,max,512,minmax,"[None, 0.05, 0.1]",96,AdamW,,0.00012,1e-05,[0.68794326 2.1920904  0.91725768],0.02,1.0,0.12461,1.8942,0.47727,0.40346,"[0.57143, 0.18182, 0.45714]",514,0.12623,2.08641,0.56818,0.50758,"[0.65, 0.26667, 0.60606]",513,COMPLETED,59.036
414,20251229_174300,gaitset_TOP30.csv,30%,Preset_32,TCN,42,256,"[512, 512, 512]","[1, 3, 9]",5,2,gelu,True,True,False,max,512,minmax,"[None, 0.05, 0.1]",96,AdamW,,0.00012,1e-05,[0.68794326 2.1920904  0.91725768],0.02,1.0,0.11927,2.65253,0.40909,0.37811,"[0.46154, 0.23529, 0.4375]",202,0.70676,1.18833,0.56818,0.52054,"[0.65306, 0.42857, 0.48]",62,COMPLETED,22.955
415,20251229_174300,gln_phase1_TOP30.csv,30%,Preset_32,TCN,42,256,"[512, 512, 512]","[1, 3, 9]",5,2,gelu,True,True,False,max,512,minmax,"[None, 0.05, 0.1]",96,AdamW,,0.00012,1e-05,[0.68794326 2.1920904  0.91725768],0.02,1.0,0.12635,2.00203,0.43182,0.30939,"[0.58333, 0.0, 0.34483]",212,0.42954,1.81277,0.59091,0.4192,"[0.70588, 0.0, 0.55172]",103,COMPLETED,27.458
416,20251229_174300,gln_phase2_TOP30.csv,30%,Preset_32,TCN,42,256,"[512, 512, 512]","[1, 3, 9]",5,2,gelu,True,True,False,max,512,minmax,"[None, 0.05, 0.1]",96,AdamW,,0.00012,1e-05,[0.68794326 2.1920904  0.91725768],0.02,1.0,0.13593,1.55961,0.54545,0.40613,"[0.66667, 0.0, 0.55172]",160,0.12354,1.75031,0.61364,0.51488,"[0.71429, 0.14286, 0.6875]",157,COMPLETED,20.706

417,20251229_174300,baseline_CASIAB_TOP30.csv,30%,Preset_33,TCN,42,256,"[256, 384, 512, 512]","[1, 3, 5, 7]",3,2,leakyrelu,True,True,False,max,256,minmax,"[0.05, 0.05, 0.05, 0.05]",64,AdamW,,0.00015,1e-05,[0.68794326 2.1920904  0.91725768],0.02,1.0,0.13974,2.56999,0.40909,0.34127,"[0.53333, 0.13333, 0.35714]",148,0.56586,2.21519,0.5,0.47183,"[0.57778, 0.42105, 0.41667]",77,COMPLETED,19.487
418,20251229_174300,baseline_OUMVLP_TOP30.csv,30%,Preset_33,TCN,42,256,"[256, 384, 512, 512]","[1, 3, 5, 7]",3,2,leakyrelu,True,True,False,max,256,minmax,"[0.05, 0.05, 0.05, 0.05]",64,AdamW,,0.00015,1e-05,[0.68794326 2.1920904  0.91725768],0.02,1.0,0.12639,2.3849,0.40909,0.37437,"[0.51282, 0.23529, 0.375]",164,0.34946,1.78376,0.5,0.42271,"[0.6, 0.15385, 0.51429]",106,COMPLETED,21.504
419,20251229_174300,gaitgl_GREW_BNNeck_TOP30.csv,30%,Preset_33,TCN,42,256,"[256, 384, 512, 512]","[1, 3, 5, 7]",3,2,leakyrelu,True,True,False,max,256,minmax,"[0.05, 0.05, 0.05, 0.05]",64,AdamW,,0.00015,1e-05,[0.68794326 2.1920904  0.91725768],0.02,1.0,0.13425,2.43144,0.45455,0.43735,"[0.51282, 0.375, 0.42424]",153,0.18795,2.09874,0.52273,0.49459,"[0.63415, 0.42105, 0.42857]",132,COMPLETED,21.452
420,20251229_174300,gaitgl_GREW_TOP30.csv,30%,Preset_33,TCN,42,256,"[256, 384, 512, 512]","[1, 3, 5, 7]",3,2,leakyrelu,True,True,False,max,256,minmax,"[0.05, 0.05, 0.05, 0.05]",64,AdamW,,0.00015,1e-05,[0.68794326 2.1920904  0.91725768],0.02,1.0,0.1199,1.95806,0.52273,0.44373,"[0.53659, 0.2, 0.59459]",76,0.11968,2.05378,0.54545,0.46732,"[0.53659, 0.25, 0.61538]",75,COMPLETED,10.322
421,20251229_174300,gaitgl_OUMVLP_TOP30.csv,30%,Preset_33,TCN,42,256,"[256, 384, 512, 512]","[1, 3, 5, 7]",3,2,leakyrelu,True,True,False,max,256,minmax,"[0.05, 0.05, 0.05, 0.05]",64,AdamW,,0.00015,1e-05,[0.68794326 2.1920904  0.91725768],0.02,1.0,0.12305,1.84843,0.52273,0.49716,"[0.55814, 0.4, 0.53333]",160,0.13076,1.89953,0.54545,0.51869,"[0.55, 0.4, 0.60606]",158,COMPLETED,22.211
422,20251229_174300,gaitgl_TOP30.csv,30%,Preset_33,TCN,42,128,"[256, 384, 512, 512]","[1, 3, 5, 7]",3,2,leakyrelu,True,True,False,max,256,minmax,"[0.05, 0.05, 0.05, 0.05]",64,AdamW,,0.00015,1e-05,[0.68794326 2.1920904  0.91725768],0.02,1.0,0.11932,1.97118,0.47727,0.40067,"[0.57778, 0.2, 0.42424]",74,0.14041,2.22742,0.47727,0.43894,"[0.61905, 0.35294, 0.34483]",69,COMPLETED,9.769
423,20251229_174300,gaitpart_GREW_TOP30.csv,30%,Preset_33,TCN,42,256,"[256, 384, 512, 512]","[1, 3, 5, 7]",3,2,leakyrelu,True,True,False,max,256,minmax,"[0.05, 0.05, 0.05, 0.05]",64,AdamW,,0.00015,1e-05,[0.68794326 2.1920904  0.91725768],0.02,1.0,0.12175,2.13169,0.45455,0.40269,"[0.56522, 0.28571, 0.35714]",142,0.26366,2.06995,0.54545,0.53581,"[0.51282, 0.5, 0.59459]",117,COMPLETED,18.356
424,20251229_174300,gaitpart_OUMVLP_TOP30.csv,30%,Preset_33,TCN,42,256,"[256, 384, 512, 512]","[1, 3, 5, 7]",3,2,leakyrelu,True,True,False,max,256,minmax,"[0.05, 0.05, 0.05, 0.05]",64,AdamW,,0.00015,1e-05,[0.68794326 2.1920904  0.91725768],0.02,1.0,0.12574,1.85343,0.52273,0.51455,"[0.55556, 0.41667, 0.57143]",386,0.10837,1.71974,0.63636,0.64264,"[0.59459, 0.66667, 0.66667]",377,COMPLETED,49.485
425,20251229_174300,gaitset_GREW_TOP30.csv,30%,Preset_33,TCN,42,256,"[256, 384, 512, 512]","[1, 3, 5, 7]",3,2,leakyrelu,True,True,False,max,256,minmax,"[0.05, 0.05, 0.05, 0.05]",64,AdamW,,0.00015,1e-05,[0.68794326 2.1920904  0.91725768],0.02,1.0,0.13102,2.49921,0.45455,0.43176,"[0.51282, 0.31579, 0.46667]",243,0.3378,3.38489,0.47727,0.45736,"[0.47368, 0.35294, 0.54545]",147,COMPLETED,33.683
426,20251229_174300,gaitset_OUMVLP_TOP30.csv,30%,Preset_33,TCN,42,256,"[256, 384, 512, 512]","[1, 3, 5, 7]",3,2,leakyrelu,True,True,False,max,256,minmax,"[0.05, 0.05, 0.05, 0.05]",64,AdamW,,0.00015,1e-05,[0.68794326 2.1920904  0.91725768],0.02,1.0,0.11443,2.27857,0.45455,0.41589,"[0.51282, 0.25, 0.48485]",707,0.3476,2.13434,0.5,0.47235,"[0.5641, 0.35294, 0.5]",527,COMPLETED,97.501
427,20251229_174300,gaitset_TOP30.csv,30%,Preset_33,TCN,42,256,"[256, 384, 512, 512]","[1, 3, 5, 7]",3,2,leakyrelu,True,True,False,max,256,minmax,"[0.05, 0.05, 0.05, 0.05]",64,AdamW,,0.00015,1e-05,[0.68794326 2.1920904  0.91725768],0.02,1.0,0.12414,1.94095,0.5,0.43834,"[0.65116, 0.23529, 0.42857]",122,0.12414,1.94095,0.5,0.43834,"[0.65116, 0.23529, 0.42857]",122,COMPLETED,16.982
428,20251229_174300,gln_phase1_TOP30.csv,30%,Preset_33,TCN,42,256,"[256, 384, 512, 512]","[1, 3, 5, 7]",3,2,leakyrelu,True,True,False,max,256,minmax,"[0.05, 0.05, 0.05, 0.05]",64,AdamW,,0.00015,1e-05,[0.68794326 2.1920904  0.91725768],0.02,1.0,0.13711,2.02036,0.47727,0.36321,"[0.61905, 0.0, 0.47059]",141,0.23086,1.60955,0.56818,0.40404,"[0.66667, 0.0, 0.54545]",132,COMPLETED,20.269
429,20251229_174300,gln_phase2_TOP30.csv,30%,Preset_33,TCN,42,256,"[256, 384, 512, 512]","[1, 3, 5, 7]",3,2,leakyrelu,True,True,False,max,256,minmax,"[0.05, 0.05, 0.05, 0.05]",64,AdamW,,0.00015,1e-05,[0.68794326 2.1920904  0.91725768],0.02,1.0,0.13992,1.98848,0.5,0.42571,"[0.53659, 0.2, 0.54054]",140,0.14601,1.42715,0.56818,0.47672,"[0.61905, 0.2, 0.61111]",126,COMPLETED,19.995

430,20251229_174300,baseline_CASIAB_TOP30.csv,30%,Preset_34,TCN,42,256,"[320, 448, 576]","[1, 3, 5]",3,3,gelu,True,False,False,attention,256,minmax,"[0.0, 0.1, 0.2]",56,AdamW,,2e-05,1e-06,[0.68794326 2.1920904  0.91725768],0.02,1.0,0.13161,1.89359,0.47727,0.33311,"[0.61224, 0.0, 0.3871]",1072,0.48145,1.9786,0.45455,0.43442,"[0.51282, 0.35294, 0.4375]",610,COMPLETED,155.888
431,20251229_174300,baseline_OUMVLP_TOP30.csv,30%,Preset_34,TCN,42,256,"[320, 448, 576]","[1, 3, 5]",3,3,gelu,True,False,False,attention,256,minmax,"[0.0, 0.1, 0.2]",56,AdamW,,2e-05,1e-06,[0.68794326 2.1920904  0.91725768],0.02,1.0,0.13771,2.39739,0.5,0.4245,"[0.55556, 0.15385, 0.5641]",1256,0.22523,1.97706,0.59091,0.49235,"[0.66667, 0.18182, 0.62857]",994,COMPLETED,182.748
432,20251229_174300,gaitgl_GREW_BNNeck_TOP30.csv,30%,Preset_34,TCN,42,256,"[320, 448, 576]","[1, 3, 5]",3,3,gelu,True,False,False,attention,256,minmax,"[0.0, 0.1, 0.2]",56,AdamW,,2e-05,1e-06,[0.68794326 2.1920904  0.91725768],0.02,1.0,0.12192,3.16923,0.34091,0.29209,"[0.25, 0.18182, 0.44444]",736,0.51305,1.6124,0.52273,0.4236,"[0.62745, 0.18182, 0.46154]",404,COMPLETED,115.007
433,20251229_174300,gaitgl_GREW_TOP30.csv,30%,Preset_34,TCN,42,256,"[320, 448, 576]","[1, 3, 5]",3,3,gelu,True,False,False,attention,256,minmax,"[0.0, 0.1, 0.2]",56,AdamW,,2e-05,1e-06,[0.68794326 2.1920904  0.91725768],0.02,1.0,0.53284,1.29307,0.45455,0.34892,"[0.61818, 0.33333, 0.09524]",401,0.62177,1.24588,0.63636,0.522,"[0.75556, 0.22222, 0.58824]",272,STOPPED,62.756
434,20251229_174300,gaitgl_OUMVLP_TOP30.csv,30%,Preset_34,TCN,42,256,"[320, 448, 576]","[1, 3, 5]",3,3,gelu,True,False,False,attention,256,minmax,"[0.0, 0.1, 0.2]",56,AdamW,,2e-05,1e-06,[0.68794326 2.1920904  0.91725768],0.02,1.0,0.11907,2.58153,0.31818,0.27684,"[0.42857, 0.16667, 0.23529]",736,0.18768,2.45923,0.47727,0.39766,"[0.59574, 0.22222, 0.375]",607,COMPLETED,114.778
435,20251229_174300,gaitgl_TOP30.csv,30%,Preset_34,TCN,42,128,"[320, 448, 576]","[1, 3, 5]",3,3,gelu,True,False,False,attention,256,minmax,"[0.0, 0.1, 0.2]",56,AdamW,,2e-05,1e-06,[0.68794326 2.1920904  0.91725768],0.02,1.0,0.13088,2.39506,0.43182,0.36849,"[0.5, 0.15385, 0.45161]",706,0.39495,2.19486,0.47727,0.4573,"[0.47059, 0.375, 0.52632]",418,COMPLETED,106.332
436,20251229_174300,gaitpart_GREW_TOP30.csv,30%,Preset_34,TCN,42,256,"[320, 448, 576]","[1, 3, 5]",3,3,gelu,True,False,False,attention,256,minmax,"[0.0, 0.1, 0.2]",56,AdamW,,2e-05,1e-06,[0.68794326 2.1920904  0.91725768],0.02,1.0,0.13986,3.26337,0.27273,0.20266,"[0.46512, 0.0, 0.14286]",1385,0.71722,2.03708,0.47727,0.48148,"[0.44444, 0.5, 0.5]",1241,COMPLETED,198.48
437,20251229_174300,gaitpart_OUMVLP_TOP30.csv,30%,Preset_34,TCN,42,256,"[320, 448, 576]","[1, 3, 5]",3,3,gelu,True,False,False,attention,256,minmax,"[0.0, 0.1, 0.2]",56,AdamW,,2e-05,1e-06,[0.68794326 2.1920904  0.91725768],0.02,1.0,0.75518,1.37561,0.54545,0.50993,"[0.47059, 0.375, 0.68421]",1650,0.26054,1.10123,0.68182,0.68796,"[0.68293, 0.71429, 0.66667]",1422,STOPPED,236.361
438,20251229_174300,gaitset_GREW_TOP30.csv,30%,Preset_34,TCN,42,256,"[320, 448, 576]","[1, 3, 5]",3,3,gelu,True,False,False,attention,256,minmax,"[0.0, 0.1, 0.2]",56,AdamW,,2e-05,1e-06,[0.68794326 2.1920904  0.91725768],0.02,1.0,0.27452,2.49843,0.43182,0.38533,"[0.54545, 0.21053, 0.4]",1164,0.56202,2.04539,0.45455,0.42795,"[0.53659, 0.28571, 0.46154]",493,STOPPED,183.684
439,20251229_174300,gaitset_OUMVLP_TOP30.csv,30%,Preset_34,TCN,42,256,"[320, 448, 576]","[1, 3, 5]",3,3,gelu,True,False,False,attention,256,minmax,"[0.0, 0.1, 0.2]",56,AdamW,,2e-05,1e-06,[0.68794326 2.1920904  0.91725768],0.02,1.0,0.13246,3.2273,0.36364,0.36111,"[0.35, 0.33333, 0.4]",2388,0.41255,1.89996,0.5,0.5,"[0.5, 0.5, 0.5]",1748,COMPLETED,374.075
440,20251229_174300,gaitset_TOP30.csv,30%,Preset_34,TCN,42,256,"[320, 448, 576]","[1, 3, 5]",3,3,gelu,True,False,False,attention,256,minmax,"[0.0, 0.1, 0.2]",56,AdamW,,2e-05,1e-06,[0.68794326 2.1920904  0.91725768],0.02,1.0,0.13952,2.23538,0.36364,0.34181,"[0.37838, 0.23529, 0.41176]",812,0.13757,1.85191,0.5,0.47939,"[0.58537, 0.42857, 0.42424]",811,COMPLETED,127.376
441,20251229_174300,gln_phase1_TOP30.csv,30%,Preset_34,TCN,42,256,"[320, 448, 576]","[1, 3, 5]",3,3,gelu,True,False,False,attention,256,minmax,"[0.0, 0.1, 0.2]",56,AdamW,,2e-05,1e-06,[0.68794326 2.1920904  0.91725768],0.02,1.0,0.13958,2.80433,0.38636,0.35983,"[0.43243, 0.23529, 0.41176]",976,0.51183,1.42413,0.47727,0.46942,"[0.52632, 0.44444, 0.4375]",503,COMPLETED,164.112
442,20251229_174300,gln_phase2_TOP30.csv,30%,Preset_34,TCN,42,256,"[320, 448, 576]","[1, 3, 5]",3,3,gelu,True,False,False,attention,256,minmax,"[0.0, 0.1, 0.2]",56,AdamW,,2e-05,1e-06,[0.68794326 2.1920904  0.91725768],0.02,1.0,0.1163,2.65388,0.45455,0.38536,"[0.58537, 0.18182, 0.38889]",937,0.27532,1.61975,0.59091,0.51522,"[0.72727, 0.26667, 0.55172]",620,COMPLETED,158.183

443,20251229_174300,baseline_CASIAB_TOP30.csv,30%,Preset_35,TCN,42,256,"[256, 256]","[3, 6]",3,2,silu,True,True,False,attention,192,minmax,"[0.0, 0.0]",56,Adam,,5e-05,1e-05,[0.68794326 2.1920904  0.91725768],0.02,1.0,0.61466,2.56755,0.29545,0.27975,"[0.25806, 0.22222, 0.35897]",662,0.70633,1.5803,0.5,0.34799,"[0.61538, 0.0, 0.42857]",295,STOPPED,59.27
444,20251229_174300,baseline_OUMVLP_TOP30.csv,30%,Preset_35,TCN,42,256,"[256, 256]","[3, 6]",3,2,silu,True,True,False,attention,192,minmax,"[0.0, 0.0]",56,Adam,,5e-05,1e-05,[0.68794326 2.1920904  0.91725768],0.02,1.0,0.51981,2.50611,0.56818,0.49361,"[0.69565, 0.26667, 0.51852]",696,0.37971,2.32397,0.61364,0.56896,"[0.69767, 0.42857, 0.58065]",552,STOPPED,61.602
445,20251229_174300,gaitgl_GREW_BNNeck_TOP30.csv,30%,Preset_35,TCN,42,256,"[256, 256]","[3, 6]",3,2,silu,True,True,False,attention,192,minmax,"[0.0, 0.0]",56,Adam,,5e-05,1e-05,[0.68794326 2.1920904  0.91725768],0.02,1.0,0.2481,2.35569,0.43182,0.37033,"[0.5, 0.15385, 0.45714]",765,0.47453,1.99801,0.54545,0.52866,"[0.61538, 0.47059, 0.5]",333,STOPPED,71.948
446,20251229_174300,gaitgl_GREW_TOP30.csv,30%,Preset_35,TCN,42,256,"[256, 256]","[3, 6]",3,2,silu,True,True,False,attention,192,minmax,"[0.0, 0.0]",56,Adam,,5e-05,1e-05,[0.68794326 2.1920904  0.91725768],0.02,1.0,0.12993,2.8761,0.5,0.45586,"[0.62222, 0.375, 0.37037]",463,0.13337,2.71343,0.5,0.46823,"[0.59091, 0.4, 0.41379]",462,COMPLETED,44.063
447,20251229_174300,gaitgl_OUMVLP_TOP30.csv,30%,Preset_35,TCN,42,256,"[256, 256]","[3, 6]",3,2,silu,True,True,False,attention,192,minmax,"[0.0, 0.0]",56,Adam,,5e-05,1e-05,[0.68794326 2.1920904  0.91725768],0.02,1.0,0.35379,3.5317,0.40909,0.30303,"[0.36364, 0.0, 0.54545]",671,0.57272,1.72731,0.43182,0.32652,"[0.43902, 0.0, 0.54054]",251,STOPPED,63.613
448,20251229_174300,gaitgl_TOP30.csv,30%,Preset_35,TCN,42,128,"[256, 256]","[3, 6]",3,2,silu,True,True,False,attention,192,minmax,"[0.0, 0.0]",56,Adam,,5e-05,1e-05,[0.68794326 2.1920904  0.91725768],0.02,1.0,0.12533,3.16974,0.34091,0.28696,"[0.6, 0.0, 0.26087]",491,0.67743,1.52357,0.47727,0.4534,"[0.34483, 0.4, 0.61538]",167,COMPLETED,43.79
449,20251229_174300,gaitpart_GREW_TOP30.csv,30%,Preset_35,TCN,42,256,"[256, 256]","[3, 6]",3,2,silu,True,True,False,attention,192,minmax,"[0.0, 0.0]",56,Adam,,5e-05,1e-05,[0.68794326 2.1920904  0.91725768],0.02,1.0,0.25012,2.26295,0.52273,0.46291,"[0.63636, 0.28571, 0.46667]",732,0.46706,1.7277,0.61364,0.58059,"[0.64865, 0.46154, 0.63158]",385,STOPPED,63.329
450,20251229_174300,gaitpart_OUMVLP_TOP30.csv,30%,Preset_35,TCN,42,256,"[256, 256]","[3, 6]",3,2,silu,True,True,False,attention,192,minmax,"[0.0, 0.0]",56,Adam,,5e-05,1e-05,[0.68794326 2.1920904  0.91725768],0.02,1.0,0.71672,1.39963,0.47727,0.43922,"[0.52941, 0.2, 0.58824]",752,0.74608,1.50011,0.54545,0.52037,"[0.46667, 0.44444, 0.65]",590,STOPPED,64.953
451,20251229_174300,gaitset_GREW_TOP30.csv,30%,Preset_35,TCN,42,256,"[256, 256]","[3, 6]",3,2,silu,True,True,False,attention,192,minmax,"[0.0, 0.0]",56,Adam,,5e-05,1e-05,[0.68794326 2.1920904  0.91725768],0.02,1.0,0.13123,4.37739,0.36364,0.35452,"[0.38889, 0.26087, 0.41379]",607,0.72823,1.60737,0.45455,0.43333,"[0.41176, 0.3, 0.58824]",183,COMPLETED,57.656
452,20251229_174300,gaitset_OUMVLP_TOP30.csv,30%,Preset_35,TCN,42,256,"[256, 256]","[3, 6]",3,2,silu,True,True,False,attention,192,minmax,"[0.0, 0.0]",56,Adam,,5e-05,1e-05,[0.68794326 2.1920904  0.91725768],0.02,1.0,0.65774,1.64143,0.43182,0.40232,"[0.37037, 0.3, 0.53659]",670,0.73919,1.49361,0.5,0.47332,"[0.38462, 0.44444, 0.59091]",499,STOPPED,63.318
453,20251229_174300,gaitset_TOP30.csv,30%,Preset_35,TCN,42,256,"[256, 256]","[3, 6]",3,2,silu,True,True,False,attention,192,minmax,"[0.0, 0.0]",56,Adam,,5e-05,1e-05,[0.68794326 2.1920904  0.91725768],0.02,1.0,0.35356,2.24856,0.38636,0.3459,"[0.43243, 0.10526, 0.5]",692,0.68993,1.49752,0.45455,0.43355,"[0.5, 0.31579, 0.48485]",176,STOPPED,65.318
454,20251229_174300,gln_phase1_TOP30.csv,30%,Preset_35,TCN,42,256,"[256, 256]","[3, 6]",3,2,silu,True,True,False,attention,192,minmax,"[0.0, 0.0]",56,Adam,,5e-05,1e-05,[0.68794326 2.1920904  0.91725768],0.02,1.0,0.2903,2.95015,0.40909,0.30681,"[0.53333, 0.0, 0.3871]",698,0.31667,2.32114,0.5,0.37075,"[0.61224, 0.0, 0.5]",569,STOPPED,67.335
455,20251229_174300,gln_phase2_TOP30.csv,30%,Preset_35,TCN,42,256,"[256, 256]","[3, 6]",3,2,silu,True,True,False,attention,192,minmax,"[0.0, 0.0]",56,Adam,,5e-05,1e-05,[0.68794326 2.1920904  0.91725768],0.02,1.0,0.14529,2.32175,0.40909,0.33182,"[0.45, 0.0, 0.54545]",720,0.45107,1.64764,0.47727,0.45325,"[0.51429, 0.3, 0.54545]",279,STOPPED,69.701

456,20251229_174300,baseline_CASIAB_TOP30.csv,30%,Preset_36,TCN,42,256,"[128, 160, 192, 224, 256]","[1, 2, 4, 8, 16]",5,2,gelu,True,True,False,max,320,nan,"[None, 0.05, 0.1, 0.1, 0.15]",96,AdamW,,0.0002,0.0,[0.68794326 2.1920904  0.91725768],0.02,1.0,0.13788,2.47248,0.45455,0.38771,"[0.51163, 0.16667, 0.48485]",131,0.6996,1.59681,0.47727,0.47022,"[0.4375, 0.46154, 0.51163]",61,COMPLETED,13.357
457,20251229_174300,baseline_OUMVLP_TOP30.csv,30%,Preset_36,TCN,42,256,"[128, 160, 192, 224, 256]","[1, 2, 4, 8, 16]",5,2,gelu,True,True,False,max,320,nan,"[None, 0.05, 0.1, 0.1, 0.15]",96,AdamW,,0.0002,0.0,[0.68794326 2.1920904  0.91725768],0.02,1.0,0.12413,2.08622,0.38636,0.28675,"[0.41026, 0.0, 0.45]",184,0.21028,1.85767,0.52273,0.38859,"[0.63636, 0.0, 0.52941]",123,COMPLETED,18.644
458,20251229_174300,gaitgl_GREW_BNNeck_TOP30.csv,30%,Preset_36,TCN,42,256,"[128, 160, 192, 224, 256]","[1, 2, 4, 8, 16]",5,2,gelu,True,True,False,max,320,nan,"[None, 0.05, 0.1, 0.1, 0.15]",96,AdamW,,0.0002,0.0,[0.68794326 2.1920904  0.91725768],0.02,1.0,0.11278,2.80933,0.31818,0.23392,"[0.33333, 0.0, 0.36842]",151,0.63905,1.64185,0.31818,0.28491,"[0.35, 0.11765, 0.3871]",93,COMPLETED,15.874
459,20251229_174300,gaitgl_GREW_TOP30.csv,30%,Preset_36,TCN,42,256,"[128, 160, 192, 224, 256]","[1, 2, 4, 8, 16]",5,2,gelu,True,True,False,max,320,nan,"[None, 0.05, 0.1, 0.1, 0.15]",96,AdamW,,0.0002,0.0,[0.68794326 2.1920904  0.91725768],0.02,1.0,0.12383,1.5641,0.43182,0.31645,"[0.46154, 0.0, 0.4878]",45,0.22803,1.83993,0.47727,0.40404,"[0.54545, 0.18182, 0.48485]",33,COMPLETED,4.885
460,20251229_174300,gaitgl_OUMVLP_TOP30.csv,30%,Preset_36,TCN,42,256,"[128, 160, 192, 224, 256]","[1, 2, 4, 8, 16]",5,2,gelu,True,True,False,max,320,nan,"[None, 0.05, 0.1, 0.1, 0.15]",96,AdamW,,0.0002,0.0,[0.68794326 2.1920904  0.91725768],0.02,1.0,0.12075,1.72317,0.54545,0.43607,"[0.68, 0.16667, 0.46154]",122,0.47064,1.77444,0.52273,0.45655,"[0.65306, 0.35294, 0.36364]",79,COMPLETED,13.076
461,20251229_174300,gaitgl_TOP30.csv,30%,Preset_36,TCN,42,128,"[128, 160, 192, 224, 256]","[1, 2, 4, 8, 16]",5,2,gelu,True,True,False,max,320,nan,"[None, 0.05, 0.1, 0.1, 0.15]",96,AdamW,,0.0002,0.0,[0.68794326 2.1920904  0.91725768],0.02,1.0,0.12754,3.08997,0.29545,0.279,"[0.36842, 0.21053, 0.25806]",61,0.7077,1.46771,0.43182,0.37831,"[0.43902, 0.22222, 0.47368]",28,COMPLETED,5.85
462,20251229_174300,gaitpart_GREW_TOP30.csv,30%,Preset_36,TCN,42,256,"[128, 160, 192, 224, 256]","[1, 2, 4, 8, 16]",5,2,gelu,True,True,False,max,320,nan,"[None, 0.05, 0.1, 0.1, 0.15]",96,AdamW,,0.0002,0.0,[0.68794326 2.1920904  0.91725768],0.02,1.0,0.12665,2.64368,0.38636,0.3022,"[0.54902, 0.26667, 0.09091]",269,0.27803,1.75341,0.5,0.49106,"[0.51163, 0.46154, 0.5]",186,COMPLETED,26.489
463,20251229_174300,gaitpart_OUMVLP_TOP30.csv,30%,Preset_36,TCN,42,256,"[128, 160, 192, 224, 256]","[1, 2, 4, 8, 16]",5,2,gelu,True,True,False,max,320,nan,"[None, 0.05, 0.1, 0.1, 0.15]",96,AdamW,,0.0002,0.0,[0.68794326 2.1920904  0.91725768],0.02,1.0,0.11774,1.70206,0.61364,0.56085,"[0.71111, 0.4, 0.57143]",564,0.18438,1.35865,0.65909,0.63078,"[0.74419, 0.55556, 0.59259]",516,COMPLETED,56.126
464,20251229_174300,gaitset_GREW_TOP30.csv,30%,Preset_36,TCN,42,256,"[128, 160, 192, 224, 256]","[1, 2, 4, 8, 16]",5,2,gelu,True,True,False,max,320,nan,"[None, 0.05, 0.1, 0.1, 0.15]",96,AdamW,,0.0002,0.0,[0.68794326 2.1920904  0.91725768],0.02,1.0,0.11657,1.70449,0.54545,0.48114,"[0.6383, 0.26667, 0.53846]",148,0.65842,1.4221,0.56818,0.54042,"[0.5641, 0.42857, 0.62857]",103,COMPLETED,15.702
465,20251229_174300,gaitset_OUMVLP_TOP30.csv,30%,Preset_36,TCN,42,256,"[128, 160, 192, 224, 256]","[1, 2, 4, 8, 16]",5,2,gelu,True,True,False,max,320,nan,"[None, 0.05, 0.1, 0.1, 0.15]",96,AdamW,,0.0002,0.0,[0.68794326 2.1920904  0.91725768],0.02,1.0,0.11601,1.82599,0.56818,0.4697,"[0.68182, 0.18182, 0.54545]",542,0.11865,1.77019,0.59091,0.52145,"[0.69767, 0.26667, 0.6]",533,COMPLETED,56.492
466,20251229_174300,gaitset_TOP30.csv,30%,Preset_36,TCN,42,256,"[128, 160, 192, 224, 256]","[1, 2, 4, 8, 16]",5,2,gelu,True,True,False,max,320,nan,"[None, 0.05, 0.1, 0.1, 0.15]",96,AdamW,,0.0002,0.0,[0.68794326 2.1920904  0.91725768],0.02,1.0,0.12291,2.12674,0.45455,0.40309,"[0.55319, 0.28571, 0.37037]",97,0.48039,1.43816,0.5,0.4726,"[0.43243, 0.4, 0.58537]",62,COMPLETED,10.039
467,20251229_174300,gln_phase1_TOP30.csv,30%,Preset_36,TCN,42,256,"[128, 160, 192, 224, 256]","[1, 2, 4, 8, 16]",5,2,gelu,True,True,False,max,320,nan,"[None, 0.05, 0.1, 0.1, 0.15]",96,AdamW,,0.0002,0.0,[0.68794326 2.1920904  0.91725768],0.02,1.0,0.11552,2.24084,0.43182,0.31965,"[0.63636, 0.0, 0.32258]",135,0.12244,1.95735,0.54545,0.38183,"[0.69388, 0.0, 0.45161]",131,COMPLETED,14.471
468,20251229_174300,gln_phase2_TOP30.csv,30%,Preset_36,TCN,42,256,"[128, 160, 192, 224, 256]","[1, 2, 4, 8, 16]",5,2,gelu,True,True,False,max,320,nan,"[None, 0.05, 0.1, 0.1, 0.15]",96,AdamW,,0.0002,0.0,[0.68794326 2.1920904  0.91725768],0.02,1.0,0.13579,1.91198,0.47727,0.38376,"[0.6, 0.16667, 0.38462]",141,0.30526,1.74174,0.56818,0.51739,"[0.65217, 0.4, 0.5]",131,COMPLETED,15.33

469,20251229_174300,baseline_CASIAB_TOP30.csv,30%,Preset_37,TCN,42,256,"[160, 192]","[1, 2]",7,1,gelu,False,True,False,max,,L2,"[0.2, 0.3]",96,AdamW,,0.0001,5e-05,[0.68794326 2.1920904  0.91725768],0.02,1.0,0.13631,1.97411,0.38636,0.3601,"[0.45, 0.26667, 0.36364]",934,0.14469,2.00546,0.45455,0.42424,"[0.54545, 0.36364, 0.36364]",890,COMPLETED,41.493
470,20251229_174300,baseline_OUMVLP_TOP30.csv,30%,Preset_37,TCN,42,256,"[160, 192]","[1, 2]",7,1,gelu,False,True,False,max,,L2,"[0.2, 0.3]",96,AdamW,,0.0001,5e-05,[0.68794326 2.1920904  0.91725768],0.02,1.0,0.13696,2.10783,0.38636,0.3428,"[0.43243, 0.11111, 0.48485]",1321,0.74875,1.16331,0.47727,0.44067,"[0.48649, 0.21053, 0.625]",254,COMPLETED,55.699
471,20251229_174300,gaitgl_GREW_BNNeck_TOP30.csv,30%,Preset_37,TCN,42,256,"[160, 192]","[1, 2]",7,1,gelu,False,True,False,max,,L2,"[0.2, 0.3]",96,AdamW,,0.0001,5e-05,[0.68794326 2.1920904  0.91725768],0.02,1.0,0.1379,2.49266,0.38636,0.35833,"[0.45, 0.25, 0.375]",711,0.74842,1.09667,0.5,0.45591,"[0.51282, 0.26667, 0.58824]",178,COMPLETED,33.868
472,20251229_174300,gaitgl_GREW_TOP30.csv,30%,Preset_37,TCN,42,256,"[160, 192]","[1, 2]",7,1,gelu,False,True,False,max,,L2,"[0.2, 0.3]",96,AdamW,,0.0001,5e-05,[0.68794326 2.1920904  0.91725768],0.02,1.0,0.13585,1.32792,0.43182,0.36906,"[0.48889, 0.16667, 0.45161]",394,0.44199,1.0874,0.52273,0.45,"[0.55, 0.25, 0.55]",187,COMPLETED,18.696
473,20251229_174300,gaitgl_OUMVLP_TOP30.csv,30%,Preset_37,TCN,42,256,"[160, 192]","[1, 2]",7,1,gelu,False,True,False,max,,L2,"[0.2, 0.3]",96,AdamW,,0.0001,5e-05,[0.68794326 2.1920904  0.91725768],0.02,1.0,0.13684,1.32973,0.54545,0.49459,"[0.59091, 0.25, 0.64286]",818,0.20679,1.16535,0.56818,0.53348,"[0.60465, 0.35294, 0.64286]",629,COMPLETED,38.809
474,20251229_174300,gaitgl_TOP30.csv,30%,Preset_37,TCN,42,128,"[160, 192]","[1, 2]",7,1,gelu,False,True,False,max,,L2,"[0.2, 0.3]",96,AdamW,,0.0001,5e-05,[0.68794326 2.1920904  0.91725768],0.02,1.0,0.13664,1.34412,0.45455,0.38771,"[0.51163, 0.16667, 0.48485]",420,0.4488,1.08647,0.52273,0.44152,"[0.57895, 0.16667, 0.57895]",188,COMPLETED,17.214
475,20251229_174300,gaitpart_GREW_TOP30.csv,30%,Preset_37,TCN,42,256,"[160, 192]","[1, 2]",7,1,gelu,False,True,False,max,,L2,"[0.2, 0.3]",96,AdamW,,0.0001,5e-05,[0.68794326 2.1920904  0.91725768],0.02,1.0,0.13783,2.44661,0.36364,0.35897,"[0.41026, 0.38095, 0.28571]",1015,0.44852,1.3528,0.56818,0.57779,"[0.57895, 0.625, 0.52941]",409,COMPLETED,47.358
476,20251229_174300,gaitpart_OUMVLP_TOP30.csv,30%,Preset_37,TCN,42,256,"[160, 192]","[1, 2]",7,1,gelu,False,True,False,max,,L2,"[0.2, 0.3]",96,AdamW,,0.0001,5e-05,[0.68794326 2.1920904  0.91725768],0.02,1.0,0.13727,2.33147,0.43182,0.41321,"[0.52941, 0.27273, 0.4375]",3124,0.68451,1.02501,0.65909,0.62262,"[0.75676, 0.44444, 0.66667]",857,COMPLETED,145.228
477,20251229_174300,gaitset_GREW_TOP30.csv,30%,Preset_37,TCN,42,256,"[160, 192]","[1, 2]",7,1,gelu,False,True,False,max,,L2,"[0.2, 0.3]",96,AdamW,,0.0001,5e-05,[0.68794326 2.1920904  0.91725768],0.02,1.0,0.13947,2.14942,0.34091,0.30851,"[0.45, 0.09091, 0.38462]",686,0.71424,1.16484,0.40909,0.39392,"[0.44444, 0.28571, 0.45161]",221,COMPLETED,32.251
478,20251229_174300,gaitset_OUMVLP_TOP30.csv,30%,Preset_37,TCN,42,256,"[160, 192]","[1, 2]",7,1,gelu,False,True,False,max,,L2,"[0.2, 0.3]",96,AdamW,,0.0001,5e-05,[0.68794326 2.1920904  0.91725768],0.02,1.0,0.13746,2.32095,0.43182,0.39647,"[0.4878, 0.25, 0.45161]",2243,0.71017,1.27236,0.47727,0.46162,"[0.5, 0.4, 0.48485]",688,COMPLETED,105.643
479,20251229_174300,gaitset_TOP30.csv,30%,Preset_37,TCN,42,256,"[160, 192]","[1, 2]",7,1,gelu,False,True,False,max,,L2,"[0.2, 0.3]",96,AdamW,,0.0001,5e-05,[0.68794326 2.1920904  0.91725768],0.02,1.0,0.13508,2.07857,0.34091,0.30808,"[0.4, 0.1, 0.42424]",831,0.38182,1.60796,0.36364,0.34522,"[0.42424, 0.17391, 0.4375]",407,COMPLETED,39.373
480,20251229_174300,gln_phase1_TOP30.csv,30%,Preset_37,TCN,42,256,"[160, 192]","[1, 2]",7,1,gelu,False,True,False,max,,L2,"[0.2, 0.3]",96,AdamW,,0.0001,5e-05,[0.68794326 2.1920904  0.91725768],0.02,1.0,0.13347,1.62343,0.59091,0.53687,"[0.63158, 0.36364, 0.61538]",905,0.16316,1.57371,0.61364,0.56093,"[0.64865, 0.4, 0.63415]",765,COMPLETED,45.894
481,20251229_174300,gln_phase2_TOP30.csv,30%,Preset_37,TCN,42,256,"[160, 192]","[1, 2]",7,1,gelu,False,True,False,max,,L2,"[0.2, 0.3]",96,AdamW,,0.0001,5e-05,[0.68794326 2.1920904  0.91725768],0.02,1.0,0.1392,1.50965,0.52273,0.49079,"[0.54545, 0.31579, 0.61111]",758,0.14487,1.42981,0.59091,0.5504,"[0.63158, 0.35294, 0.66667]",725,COMPLETED,38.784

482,20251229_174300,baseline_CASIAB_TOP30.csv,30%,Preset_38,TCN,42,256,[64],[1],3,2,leakyrelu,True,False,False,last,,L2,[0.0],96,RMSprop,,0.0005,2e-06,[0.68794326 2.1920904  0.91725768],0.02,1.0,0.13751,2.3922,0.43182,0.32275,"[0.52381, 0.0, 0.44444]",871,0.64655,1.14425,0.52273,0.50623,"[0.6, 0.46154, 0.45714]",277,COMPLETED,35.949
483,20251229_174300,baseline_OUMVLP_TOP30.csv,30%,Preset_38,TCN,42,256,[64],[1],3,2,leakyrelu,True,False,False,last,,L2,[0.0],96,RMSprop,,0.0005,2e-06,[0.68794326 2.1920904  0.91725768],0.02,1.0,0.87085,1.13661,0.40909,0.3523,"[0.35294, 0.125, 0.57895]",242,0.87085,1.13661,0.40909,0.3523,"[0.35294, 0.125, 0.57895]",242,STOPPED,9.876
484,20251229_174300,gaitgl_GREW_BNNeck_TOP30.csv,30%,Preset_38,TCN,42,256,[64],[1],3,2,leakyrelu,True,False,False,last,,L2,[0.0],96,RMSprop,,0.0005,2e-06,[0.68794326 2.1920904  0.91725768],0.02,1.0,0.13204,1.42978,0.63636,0.57033,"[0.66667, 0.28571, 0.75862]",617,0.13431,1.40106,0.70455,0.6311,"[0.73469, 0.4, 0.75862]",580,COMPLETED,29.223
485,20251229_174300,gaitgl_GREW_TOP30.csv,30%,Preset_38,TCN,42,256,[64],[1],3,2,leakyrelu,True,False,False,last,,L2,[0.0],96,RMSprop,,0.0005,2e-06,[0.68794326 2.1920904  0.91725768],0.02,1.0,0.13235,1.75204,0.56818,0.48005,"[0.59459, 0.14286, 0.7027]",147,0.65381,1.12941,0.61364,0.54589,"[0.64706, 0.30769, 0.68293]",33,COMPLETED,7.063
486,20251229_174300,gaitgl_OUMVLP_TOP30.csv,30%,Preset_38,TCN,42,256,[64],[1],3,2,leakyrelu,True,False,False,last,,L2,[0.0],96,RMSprop,,0.0005,2e-06,[0.68794326 2.1920904  0.91725768],0.02,1.0,0.13962,2.29984,0.5,0.395,"[0.625, 0.0, 0.56]",1470,0.45097,1.51946,0.54545,0.50139,"[0.54054, 0.36364, 0.6]",695,COMPLETED,69.236
487,20251229_174300,gaitgl_TOP30.csv,30%,Preset_38,TCN,42,128,[64],[1],3,2,leakyrelu,True,False,False,last,,L2,[0.0],96,RMSprop,,0.0005,2e-06,[0.68794326 2.1920904  0.91725768],0.02,1.0,0.13602,2.54945,0.34091,0.26473,"[0.30769, 0.0, 0.48649]",447,0.73831,1.21459,0.43182,0.3842,"[0.54545, 0.25, 0.35714]",56,COMPLETED,18.527
488,20251229_174300,gaitpart_GREW_TOP30.csv,30%,Preset_38,TCN,42,256,[64],[1],3,2,leakyrelu,True,False,False,last,,L2,[0.0],96,RMSprop,,0.0005,2e-06,[0.68794326 2.1920904  0.91725768],0.02,1.0,0.55591,1.41011,0.38636,0.37143,"[0.42857, 0.28571, 0.4]",377,0.68401,1.27048,0.54545,0.48613,"[0.61224, 0.30769, 0.53846]",183,STOPPED,15.289
489,20251229_174300,gaitpart_OUMVLP_TOP30.csv,30%,Preset_38,TCN,42,256,[64],[1],3,2,leakyrelu,True,False,False,last,,L2,[0.0],96,RMSprop,,0.0005,2e-06,[0.68794326 2.1920904  0.91725768],0.02,1.0,1.05327,1.06777,0.47727,0.36852,"[0.55, 0.0, 0.55556]",389,1.05327,1.06777,0.47727,0.36852,"[0.55, 0.0, 0.55556]",389,STOPPED,15.345
490,20251229_174300,gaitset_GREW_TOP30.csv,30%,Preset_38,TCN,42,256,[64],[1],3,2,leakyrelu,True,False,False,last,,L2,[0.0],96,RMSprop,,0.0005,2e-06,[0.68794326 2.1920904  0.91725768],0.02,1.0,0.5302,1.91814,0.25,0.24202,"[0.36364, 0.14815, 0.21429]",465,0.54874,1.65542,0.5,0.40805,"[0.60377, 0.25, 0.37037]",287,STOPPED,21.723
491,20251229_174300,gaitset_OUMVLP_TOP30.csv,30%,Preset_38,TCN,42,256,[64],[1],3,2,leakyrelu,True,False,False,last,,L2,[0.0],96,RMSprop,,0.0005,2e-06,[0.68794326 2.1920904  0.91725768],0.02,1.0,1.00052,1.10255,0.36364,0.35439,"[0.47059, 0.2963, 0.2963]",307,1.00052,1.10255,0.36364,0.35439,"[0.47059, 0.2963, 0.2963]",307,STOPPED,14.279
492,20251229_174300,gaitset_TOP30.csv,30%,Preset_38,TCN,42,256,[64],[1],3,2,leakyrelu,True,False,False,last,,L2,[0.0],96,RMSprop,,0.0005,2e-06,[0.68794326 2.1920904  0.91725768],0.02,1.0,0.13639,2.53667,0.43182,0.41765,"[0.5, 0.35294, 0.4]",609,0.45611,1.44114,0.59091,0.55789,"[0.66667, 0.46154, 0.54545]",327,COMPLETED,28.694
493,20251229_174300,gln_phase1_TOP30.csv,30%,Preset_38,TCN,42,256,[64],[1],3,2,leakyrelu,True,False,False,last,,L2,[0.0],96,RMSprop,,0.0005,2e-06,[0.68794326 2.1920904  0.91725768],0.02,1.0,0.13451,1.41206,0.61364,0.56107,"[0.76923, 0.33333, 0.58065]",696,0.70391,0.91043,0.63636,0.6252,"[0.66667, 0.58824, 0.62069]",223,COMPLETED,34.729
494,20251229_174300,gln_phase2_TOP30.csv,30%,Preset_38,TCN,42,256,[64],[1],3,2,leakyrelu,True,False,False,last,,L2,[0.0],96,RMSprop,,0.0005,2e-06,[0.68794326 2.1920904  0.91725768],0.02,1.0,0.82615,1.18412,0.40909,0.39215,"[0.4878, 0.38095, 0.30769]",270,0.82615,1.18412,0.40909,0.39215,"[0.4878, 0.38095, 0.30769]",270,STOPPED,13.116

495,20251229_174300,baseline_CASIAB_TOP30.csv,30%,Preset_39,TCN,42,256,"[512, 640, 768]","[2, 4, 8]",3,2,mish,True,False,False,attention,256,L2,"[0.05, 0.1, 0.1]",96,Adam,,0.0001,1e-05,[0.68794326 2.1920904  0.91725768],0.02,1.0,0.11972,2.67688,0.29545,0.2854,"[0.41176, 0.22222, 0.22222]",274,0.67499,1.80037,0.38636,0.38194,"[0.375, 0.33333, 0.4375]",100,COMPLETED,24.489
496,20251229_174300,baseline_OUMVLP_TOP30.csv,30%,Preset_39,TCN,42,256,"[512, 640, 768]","[2, 4, 8]",3,2,mish,True,False,False,attention,256,L2,"[0.05, 0.1, 0.1]",96,Adam,,0.0001,1e-05,[0.68794326 2.1920904  0.91725768],0.02,1.0,0.12565,1.40337,0.59091,0.42758,"[0.65116, 0.0, 0.63158]",228,0.19841,1.49234,0.65909,0.5963,"[0.66667, 0.4, 0.72222]",201,COMPLETED,20.273
497,20251229_174300,gaitgl_GREW_BNNeck_TOP30.csv,30%,Preset_39,TCN,42,256,"[512, 640, 768]","[2, 4, 8]",3,2,mish,True,False,False,attention,256,L2,"[0.05, 0.1, 0.1]",96,Adam,,0.0001,1e-05,[0.68794326 2.1920904  0.91725768],0.02,1.0,0.11635,2.45433,0.43182,0.36368,"[0.35294, 0.16667, 0.57143]",210,0.28883,2.09005,0.5,0.42832,"[0.53333, 0.22222, 0.52941]",140,COMPLETED,21.392
498,20251229_174300,gaitgl_GREW_TOP30.csv,30%,Preset_39,TCN,42,256,"[512, 640, 768]","[2, 4, 8]",3,2,mish,True,False,False,attention,256,L2,"[0.05, 0.1, 0.1]",96,Adam,,0.0001,1e-05,[0.68794326 2.1920904  0.91725768],0.02,1.0,0.11712,1.74759,0.54545,0.35952,"[0.67857, 0.0, 0.4]",98,0.57085,1.24814,0.65909,0.47407,"[0.75556, 0.0, 0.66667]",70,COMPLETED,9.884
499,20251229_174300,gaitgl_OUMVLP_TOP30.csv,30%,Preset_39,TCN,42,256,"[512, 640, 768]","[2, 4, 8]",3,2,mish,True,False,False,attention,256,L2,"[0.05, 0.1, 0.1]",96,Adam,,0.0001,1e-05,[0.68794326 2.1920904  0.91725768],0.02,1.0,0.21855,2.57537,0.38636,0.27368,"[0.46809, 0.0, 0.35294]",466,0.36506,1.78548,0.5,0.36591,"[0.57143, 0.0, 0.52632]",317,STOPPED,45.673
500,20251229_174300,gaitgl_TOP30.csv,30%,Preset_39,TCN,42,128,"[512, 640, 768]","[2, 4, 8]",3,2,mish,True,False,False,attention,256,L2,"[0.05, 0.1, 0.1]",96,Adam,,0.0001,1e-05,[0.68794326 2.1920904  0.91725768],0.02,1.0,0.10935,2.60248,0.40909,0.39899,"[0.5, 0.33333, 0.36364]",138,0.54201,2.26967,0.47727,0.46272,"[0.54054, 0.38095, 0.46667]",77,COMPLETED,13.376
501,20251229_174300,gaitpart_GREW_TOP30.csv,30%,Preset_39,TCN,42,256,"[512, 640, 768]","[2, 4, 8]",3,2,mish,True,False,False,attention,256,L2,"[0.05, 0.1, 0.1]",96,Adam,,0.0001,1e-05,[0.68794326 2.1920904  0.91725768],0.02,1.0,0.11443,3.04347,0.31818,0.31145,"[0.32432, 0.28571, 0.32432]",183,0.41187,1.99606,0.40909,0.40874,"[0.42105, 0.43478, 0.37037]",126,COMPLETED,15.42
502,20251229_174300,gaitpart_OUMVLP_TOP30.csv,30%,Preset_39,TCN,42,256,"[512, 640, 768]","[2, 4, 8]",3,2,mish,True,False,False,attention,256,L2,"[0.05, 0.1, 0.1]",96,Adam,,0.0001,1e-05,[0.68794326 2.1920904  0.91725768],0.02,1.0,0.72353,1.44601,0.38636,0.35979,"[0.35714, 0.16667, 0.55556]",435,0.71535,1.43315,0.5,0.45125,"[0.51613, 0.22222, 0.61538]",330,STOPPED,34.839
503,20251229_174300,gaitset_GREW_TOP30.csv,30%,Preset_39,TCN,42,256,"[512, 640, 768]","[2, 4, 8]",3,2,mish,True,False,False,attention,256,L2,"[0.05, 0.1, 0.1]",96,Adam,,0.0001,1e-05,[0.68794326 2.1920904  0.91725768],0.02,1.0,0.13701,2.70422,0.36364,0.35627,"[0.42424, 0.23077, 0.41379]",293,0.10809,2.74137,0.40909,0.39679,"[0.42424, 0.25, 0.51613]",292,COMPLETED,29.693
504,20251229_174300,gaitset_OUMVLP_TOP30.csv,30%,Preset_39,TCN,42,256,"[512, 640, 768]","[2, 4, 8]",3,2,mish,True,False,False,attention,256,L2,"[0.05, 0.1, 0.1]",96,Adam,,0.0001,1e-05,[0.68794326 2.1920904  0.91725768],0.02,1.0,1.10466,1.09826,0.47727,0.21538,"[0.64615, 0.0, 0.0]",229,1.10466,1.09826,0.47727,0.21538,"[0.64615, 0.0, 0.0]",229,STOPPED,22.875
505,20251229_174300,gaitset_TOP30.csv,30%,Preset_39,TCN,42,256,"[512, 640, 768]","[2, 4, 8]",3,2,mish,True,False,False,attention,256,L2,"[0.05, 0.1, 0.1]",96,Adam,,0.0001,1e-05,[0.68794326 2.1920904  0.91725768],0.02,1.0,0.1161,2.46183,0.40909,0.37915,"[0.5641, 0.24, 0.33333]",163,0.53129,2.15058,0.47727,0.4363,"[0.52941, 0.26667, 0.51282]",87,COMPLETED,20.445
506,20251229_174300,gln_phase1_TOP30.csv,30%,Preset_39,TCN,42,256,"[512, 640, 768]","[2, 4, 8]",3,2,mish,True,False,False,attention,256,L2,"[0.05, 0.1, 0.1]",96,Adam,,0.0001,1e-05,[0.68794326 2.1920904  0.91725768],0.02,1.0,0.12431,2.30181,0.36364,0.35714,"[0.45714, 0.21429, 0.4]",204,0.5401,1.69702,0.5,0.48396,"[0.5, 0.36364, 0.58824]",120,COMPLETED,29.685
507,20251229_174300,gln_phase2_TOP30.csv,30%,Preset_39,TCN,42,256,"[512, 640, 768]","[2, 4, 8]",3,2,mish,True,False,False,attention,256,L2,"[0.05, 0.1, 0.1]",96,Adam,,0.0001,1e-05,[0.68794326 2.1920904  0.91725768],0.02,1.0,0.11234,2.34377,0.43182,0.3205,"[0.4878, 0.0, 0.47368]",220,0.63718,1.77851,0.43182,0.41444,"[0.47059, 0.27273, 0.5]",130,COMPLETED,32.109

508,20251229_174300,baseline_CASIAB_TOP30.csv,30%,Preset_40,TCN,42,256,"[256, 384, 512, 640]","[1, 2, 4, 8]",3,2,gelu,True,True,False,mean,256,L2,"[0.05, 0.05, 0.05, 0.05]",96,Adam,,0.00012,1e-05,[0.68794326 2.1920904  0.91725768],0.02,1.0,0.26033,2.74428,0.45455,0.4228,"[0.57143, 0.36364, 0.33333]",392,0.2351,2.74038,0.47727,0.44967,"[0.58537, 0.36364, 0.4]",290,STOPPED,37.038
509,20251229_174300,baseline_OUMVLP_TOP30.csv,30%,Preset_40,TCN,42,256,"[256, 384, 512, 640]","[1, 2, 4, 8]",3,2,gelu,True,True,False,mean,256,L2,"[0.05, 0.05, 0.05, 0.05]",96,Adam,,0.00012,1e-05,[0.68794326 2.1920904  0.91725768],0.02,1.0,0.14303,2.06394,0.56818,0.42782,"[0.6383, 0.0, 0.64516]",374,0.3011,1.63256,0.54545,0.49426,"[0.61538, 0.22222, 0.64516]",218,STOPPED,34.955
510,20251229_174300,gaitgl_GREW_BNNeck_TOP30.csv,30%,Preset_40,TCN,42,256,"[256, 384, 512, 640]","[1, 2, 4, 8]",3,2,gelu,True,True,False,mean,256,L2,"[0.05, 0.05, 0.05, 0.05]",96,Adam,,0.00012,1e-05,[0.68794326 2.1920904  0.91725768],0.02,1.0,0.10765,2.51242,0.40909,0.3488,"[0.51163, 0.18182, 0.35294]",277,0.41615,2.65735,0.45455,0.43954,"[0.45714, 0.375, 0.48649]",241,COMPLETED,30.125
511,20251229_174300,gaitgl_GREW_TOP30.csv,30%,Preset_40,TCN,42,256,"[256, 384, 512, 640]","[1, 2, 4, 8]",3,2,gelu,True,True,False,mean,256,L2,"[0.05, 0.05, 0.05, 0.05]",96,Adam,,0.00012,1e-05,[0.68794326 2.1920904  0.91725768],0.02,1.0,0.10307,1.64649,0.5,0.32095,"[0.64286, 0.0, 0.32]",140,0.14509,1.45579,0.63636,0.46154,"[0.71795, 0.0, 0.66667]",131,COMPLETED,15.268
512,20251229_174300,gaitgl_OUMVLP_TOP30.csv,30%,Preset_40,TCN,42,256,"[256, 384, 512, 640]","[1, 2, 4, 8]",3,2,gelu,True,True,False,mean,256,L2,"[0.05, 0.05, 0.05, 0.05]",96,Adam,,0.00012,1e-05,[0.68794326 2.1920904  0.91725768],0.02,1.0,1.10561,1.0843,0.47727,0.21538,"[0.64615, 0.0, 0.0]",154,1.10561,1.0843,0.47727,0.21538,"[0.64615, 0.0, 0.0]",154,STOPPED,16.642
513,20251229_174300,gaitgl_TOP30.csv,30%,Preset_40,TCN,42,128,"[256, 384, 512, 640]","[1, 2, 4, 8]",3,2,gelu,True,True,False,mean,256,L2,"[0.05, 0.05, 0.05, 0.05]",96,Adam,,0.00012,1e-05,[0.68794326 2.1920904  0.91725768],0.02,1.0,0.11187,1.80992,0.43182,0.28848,"[0.54545, 0.0, 0.32]",120,0.59784,1.99411,0.5,0.42311,"[0.51613, 0.2, 0.55319]",90,COMPLETED,12.499
514,20251229_174300,gaitpart_GREW_TOP30.csv,30%,Preset_40,TCN,42,256,"[256, 384, 512, 640]","[1, 2, 4, 8]",3,2,gelu,True,True,False,mean,256,L2,"[0.05, 0.05, 0.05, 0.05]",96,Adam,,0.00012,1e-05,[0.68794326 2.1920904  0.91725768],0.02,1.0,0.13427,2.82046,0.34091,0.3359,"[0.38889, 0.31579, 0.30303]",261,0.57929,1.43687,0.52273,0.48215,"[0.62222, 0.4, 0.42424]",130,COMPLETED,24.846
515,20251229_174300,gaitpart_OUMVLP_TOP30.csv,30%,Preset_40,TCN,42,256,"[256, 384, 512, 640]","[1, 2, 4, 8]",3,2,gelu,True,True,False,mean,256,L2,"[0.05, 0.05, 0.05, 0.05]",96,Adam,,0.00012,1e-05,[0.68794326 2.1920904  0.91725768],0.02,1.0,1.02453,1.19487,0.47727,0.43828,"[0.45714, 0.30769, 0.55]",382,1.02453,1.19487,0.47727,0.43828,"[0.45714, 0.30769, 0.55]",382,STOPPED,34.689
516,20251229_174300,gaitset_GREW_TOP30.csv,30%,Preset_40,TCN,42,256,"[256, 384, 512, 640]","[1, 2, 4, 8]",3,2,gelu,True,True,False,mean,256,L2,"[0.05, 0.05, 0.05, 0.05]",96,Adam,,0.00012,1e-05,[0.68794326 2.1920904  0.91725768],0.02,1.0,1.10556,1.08998,0.36364,0.17778,"[0.0, 0.0, 0.53333]",113,1.10556,1.08998,0.36364,0.17778,"[0.0, 0.0, 0.53333]",113,STOPPED,12.418
517,20251229_174300,gaitset_OUMVLP_TOP30.csv,30%,Preset_40,TCN,42,256,"[256, 384, 512, 640]","[1, 2, 4, 8]",3,2,gelu,True,True,False,mean,256,L2,"[0.05, 0.05, 0.05, 0.05]",96,Adam,,0.00012,1e-05,[0.68794326 2.1920904  0.91725768],0.02,1.0,1.10474,1.0987,0.36364,0.17778,"[0.0, 0.0, 0.53333]",123,1.10474,1.0987,0.36364,0.17778,"[0.0, 0.0, 0.53333]",123,STOPPED,13.348
518,20251229_174300,gaitset_TOP30.csv,30%,Preset_40,TCN,42,256,"[256, 384, 512, 640]","[1, 2, 4, 8]",3,2,gelu,True,True,False,mean,256,L2,"[0.05, 0.05, 0.05, 0.05]",96,Adam,,0.00012,1e-05,[0.68794326 2.1920904  0.91725768],0.02,1.0,0.10733,1.82519,0.40909,0.26877,"[0.54545, 0.0, 0.26087]",188,0.2145,2.34242,0.5,0.50741,"[0.5, 0.55556, 0.46667]",153,COMPLETED,20.531
519,20251229_174300,gln_phase1_TOP30.csv,30%,Preset_40,TCN,42,256,"[256, 384, 512, 640]","[1, 2, 4, 8]",3,2,gelu,True,True,False,mean,256,L2,"[0.05, 0.05, 0.05, 0.05]",96,Adam,,0.00012,1e-05,[0.68794326 2.1920904  0.91725768],0.02,1.0,0.11097,1.99027,0.5,0.42532,"[0.59091, 0.13333, 0.55172]",367,0.24455,1.6052,0.52273,0.4721,"[0.5625, 0.22222, 0.63158]",277,COMPLETED,44.638
520,20251229_174300,gln_phase2_TOP30.csv,30%,Preset_40,TCN,42,256,"[256, 384, 512, 640]","[1, 2, 4, 8]",3,2,gelu,True,True,False,mean,256,L2,"[0.05, 0.05, 0.05, 0.05]",96,Adam,,0.00012,1e-05,[0.68794326 2.1920904  0.91725768],0.02,1.0,0.52075,2.03238,0.45455,0.38975,"[0.45161, 0.11765, 0.6]",482,0.28925,1.93074,0.5,0.45008,"[0.48485, 0.25, 0.61538]",380,STOPPED,57.791

521,20251229_174300,baseline_CASIAB_TOP30.csv,30%,Preset_41,TCN,42,256,"[512, 640, 640]","[1, 2, 4]",7,2,gelu,True,True,False,attention,256,L2,"[0.05, 0.1, 0.1]",64,Adam,,8e-05,1e-05,[0.68794326 2.1920904  0.91725768],0.02,1.0,0.10902,1.97604,0.45455,0.3894,"[0.52174, 0.22222, 0.42424]",187,0.38871,1.81143,0.59091,0.55663,"[0.68, 0.54545, 0.44444]",124,COMPLETED,32.53
522,20251229_174300,baseline_OUMVLP_TOP30.csv,30%,Preset_41,TCN,42,256,"[512, 640, 640]","[1, 2, 4]",7,2,gelu,True,True,False,attention,256,L2,"[0.05, 0.1, 0.1]",64,Adam,,8e-05,1e-05,[0.68794326 2.1920904  0.91725768],0.02,1.0,0.12761,1.91987,0.5,0.42547,"[0.5, 0.18182, 0.59459]",190,0.16665,1.62444,0.59091,0.49349,"[0.65217, 0.22222, 0.60606]",184,COMPLETED,32.765
523,20251229_174300,gaitgl_GREW_BNNeck_TOP30.csv,30%,Preset_41,TCN,42,256,"[512, 640, 640]","[1, 2, 4]",7,2,gelu,True,True,False,attention,256,L2,"[0.05, 0.1, 0.1]",64,Adam,,8e-05,1e-05,[0.68794326 2.1920904  0.91725768],0.02,1.0,0.10168,2.20955,0.47727,0.41386,"[0.58824, 0.33333, 0.32]",176,0.46367,2.12739,0.5,0.43009,"[0.6383, 0.23529, 0.41667]",115,COMPLETED,35.404
524,20251229_174300,gaitgl_GREW_TOP30.csv,30%,Preset_41,TCN,42,256,"[512, 640, 640]","[1, 2, 4]",7,2,gelu,True,True,False,attention,256,L2,"[0.05, 0.1, 0.1]",64,Adam,,8e-05,1e-05,[0.68794326 2.1920904  0.91725768],0.02,1.0,0.12175,2.30338,0.47727,0.36405,"[0.55556, 0.0, 0.53659]",83,0.12316,2.36417,0.47727,0.40906,"[0.47059, 0.125, 0.63158]",79,COMPLETED,16.815
525,20251229_174300,gaitgl_OUMVLP_TOP30.csv,30%,Preset_41,TCN,42,256,"[512, 640, 640]","[1, 2, 4]",7,2,gelu,True,True,False,attention,256,L2,"[0.05, 0.1, 0.1]",64,Adam,,8e-05,1e-05,[0.68794326 2.1920904  0.91725768],0.02,1.0,0.11315,2.25552,0.47727,0.44952,"[0.55, 0.31579, 0.48276]",211,0.13804,1.82953,0.54545,0.50525,"[0.62222, 0.375, 0.51852]",194,COMPLETED,42.314
526,20251229_174300,gaitgl_TOP30.csv,30%,Preset_41,TCN,42,128,"[512, 640, 640]","[1, 2, 4]",7,2,gelu,True,True,False,attention,256,L2,"[0.05, 0.1, 0.1]",64,Adam,,8e-05,1e-05,[0.68794326 2.1920904  0.91725768],0.02,1.0,0.10387,2.01725,0.43182,0.3561,"[0.54167, 0.18182, 0.34483]",82,0.27441,2.07634,0.5,0.46111,"[0.5, 0.33333, 0.55]",63,COMPLETED,16.093
527,20251229_174300,gaitpart_GREW_TOP30.csv,30%,Preset_41,TCN,42,256,"[512, 640, 640]","[1, 2, 4]",7,2,gelu,True,True,False,attention,256,L2,"[0.05, 0.1, 0.1]",64,Adam,,8e-05,1e-05,[0.68794326 2.1920904  0.91725768],0.02,1.0,0.11674,2.00853,0.52273,0.47575,"[0.57778, 0.33333, 0.51613]",163,0.24279,1.73851,0.54545,0.56717,"[0.55, 0.66667, 0.48485]",106,COMPLETED,26.558
528,20251229_174300,gaitpart_OUMVLP_TOP30.csv,30%,Preset_41,TCN,42,256,"[512, 640, 640]","[1, 2, 4]",7,2,gelu,True,True,False,attention,256,L2,"[0.05, 0.1, 0.1]",64,Adam,,8e-05,1e-05,[0.68794326 2.1920904  0.91725768],0.02,1.0,0.55936,2.73225,0.38636,0.38765,"[0.3871, 0.27586, 0.5]",575,0.72525,1.32394,0.56818,0.52994,"[0.64865, 0.35294, 0.58824]",376,STOPPED,88.73
529,20251229_174300,gaitset_GREW_TOP30.csv,30%,Preset_41,TCN,42,256,"[512, 640, 640]","[1, 2, 4]",7,2,gelu,True,True,False,attention,256,L2,"[0.05, 0.1, 0.1]",64,Adam,,8e-05,1e-05,[0.68794326 2.1920904  0.91725768],0.02,1.0,0.10781,3.40315,0.34091,0.33248,"[0.26667, 0.23077, 0.5]",178,0.11644,2.18972,0.47727,0.45031,"[0.58537, 0.38095, 0.38462]",163,COMPLETED,35.767
530,20251229_174300,gaitset_OUMVLP_TOP30.csv,30%,Preset_41,TCN,42,256,"[512, 640, 640]","[1, 2, 4]",7,2,gelu,True,True,False,attention,256,L2,"[0.05, 0.1, 0.1]",64,Adam,,8e-05,1e-05,[0.68794326 2.1920904  0.91725768],0.02,1.0,0.16137,2.54955,0.38636,0.35844,"[0.46154, 0.2, 0.41379]",502,0.46995,2.10249,0.43182,0.39762,"[0.47619, 0.25, 0.46667]",355,STOPPED,94.658
531,20251229_174300,gaitset_TOP30.csv,30%,Preset_41,TCN,42,256,"[512, 640, 640]","[1, 2, 4]",7,2,gelu,True,True,False,attention,256,L2,"[0.05, 0.1, 0.1]",64,Adam,,8e-05,1e-05,[0.68794326 2.1920904  0.91725768],0.02,1.0,0.1364,2.82642,0.34091,0.29029,"[0.4878, 0.125, 0.25806]",150,0.59941,1.72626,0.47727,0.45222,"[0.51613, 0.3, 0.54054]",80,COMPLETED,30.121
532,20251229_174300,gln_phase1_TOP30.csv,30%,Preset_41,TCN,42,256,"[512, 640, 640]","[1, 2, 4]",7,2,gelu,True,True,False,attention,256,L2,"[0.05, 0.1, 0.1]",64,Adam,,8e-05,1e-05,[0.68794326 2.1920904  0.91725768],0.02,1.0,0.11841,2.09905,0.47727,0.46828,"[0.48485, 0.32, 0.6]",234,0.15319,1.25879,0.63636,0.59047,"[0.69767, 0.42857, 0.64516]",205,COMPLETED,51.81
533,20251229_174300,gln_phase2_TOP30.csv,30%,Preset_41,TCN,42,256,"[512, 640, 640]","[1, 2, 4]",7,2,gelu,True,True,False,attention,256,L2,"[0.05, 0.1, 0.1]",64,Adam,,8e-05,1e-05,[0.68794326 2.1920904  0.91725768],0.02,1.0,0.10358,2.0804,0.45455,0.34188,"[0.5641, 0.0, 0.46154]",176,0.74585,1.1663,0.56818,0.46871,"[0.68085, 0.15385, 0.57143]",100,COMPLETED,38.942

534,20251229_174300,baseline_CASIAB_TOP30.csv,30%,Preset_42,TCN,42,256,"[384, 256, 192, 128]","[2, 4, 8, 16]",3,1,elu,False,False,False,max,256,L2,"[0.0, 0.1, 0.1, 0.0]",16,RMSprop,,1e-05,5e-07,[0.68794326 2.1920904  0.91725768],0.02,1.0,0.13609,1.9366,0.45455,0.3246,"[0.56, 0.0, 0.41379]",400,0.18338,1.69512,0.45455,0.44955,"[0.5, 0.46154, 0.3871]",356,COMPLETED,100.548
535,20251229_174300,baseline_OUMVLP_TOP30.csv,30%,Preset_42,TCN,42,256,"[384, 256, 192, 128]","[2, 4, 8, 16]",3,1,elu,False,False,False,max,256,L2,"[0.0, 0.1, 0.1, 0.0]",16,RMSprop,,1e-05,5e-07,[0.68794326 2.1920904  0.91725768],0.02,1.0,0.13807,1.38471,0.54545,0.4623,"[0.61905, 0.14286, 0.625]",524,0.16097,1.40849,0.70455,0.57737,"[0.79167, 0.18182, 0.75862]",489,COMPLETED,131.408
536,20251229_174300,gaitgl_GREW_BNNeck_TOP30.csv,30%,Preset_42,TCN,42,256,"[384, 256, 192, 128]","[2, 4, 8, 16]",3,1,elu,False,False,False,max,256,L2,"[0.0, 0.1, 0.1, 0.0]",16,RMSprop,,1e-05,5e-07,[0.68794326 2.1920904  0.91725768],0.02,1.0,0.13532,1.93499,0.38636,0.36094,"[0.42105, 0.25, 0.41176]",323,0.52282,1.18263,0.47727,0.45611,"[0.47059, 0.27273, 0.625]",183,COMPLETED,83.525
537,20251229_174300,gaitgl_GREW_TOP30.csv,30%,Preset_42,TCN,42,256,"[384, 256, 192, 128]","[2, 4, 8, 16]",3,1,elu,False,False,False,max,256,L2,"[0.0, 0.1, 0.1, 0.0]",16,RMSprop,,1e-05,5e-07,[0.68794326 2.1920904  0.91725768],0.02,1.0,0.1318,1.21452,0.45455,0.32381,"[0.57143, 0.0, 0.4]",202,0.43409,1.05034,0.54545,0.39015,"[0.625, 0.0, 0.54545]",142,COMPLETED,52.229
538,20251229_174300,gaitgl_OUMVLP_TOP30.csv,30%,Preset_42,TCN,42,256,"[384, 256, 192, 128]","[2, 4, 8, 16]",3,1,elu,False,False,False,max,256,L2,"[0.0, 0.1, 0.1, 0.0]",16,RMSprop,,1e-05,5e-07,[0.68794326 2.1920904  0.91725768],0.02,1.0,0.13608,1.37902,0.47727,0.40932,"[0.51163, 0.15385, 0.5625]",401,0.1377,1.40876,0.52273,0.47375,"[0.5641, 0.28571, 0.57143]",399,COMPLETED,103.642
539,20251229_174300,gaitgl_TOP30.csv,30%,Preset_42,TCN,42,128,"[384, 256, 192, 128]","[2, 4, 8, 16]",3,1,elu,False,False,False,max,256,L2,"[0.0, 0.1, 0.1, 0.0]",16,RMSprop,,1e-05,5e-07,[0.68794326 2.1920904  0.91725768],0.02,1.0,0.13138,1.30006,0.5,0.3669,"[0.53659, 0.0, 0.5641]",216,0.71821,1.06827,0.47727,0.4061,"[0.55, 0.18182, 0.48649]",101,COMPLETED,54.799
540,20251229_174300,gaitpart_GREW_TOP30.csv,30%,Preset_42,TCN,42,256,"[384, 256, 192, 128]","[2, 4, 8, 16]",3,1,elu,False,False,False,max,256,L2,"[0.0, 0.1, 0.1, 0.0]",16,RMSprop,,1e-05,5e-07,[0.68794326 2.1920904  0.91725768],0.02,1.0,0.13753,2.04859,0.40909,0.39556,"[0.45455, 0.375, 0.35714]",482,0.15644,1.99287,0.43182,0.42171,"[0.46512, 0.4, 0.4]",453,COMPLETED,101.67
541,20251229_174300,gaitpart_OUMVLP_TOP30.csv,30%,Preset_42,TCN,42,256,"[384, 256, 192, 128]","[2, 4, 8, 16]",3,1,elu,False,False,False,max,256,L2,"[0.0, 0.1, 0.1, 0.0]",16,RMSprop,,1e-05,5e-07,[0.68794326 2.1920904  0.91725768],0.02,1.0,0.13831,2.00996,0.59091,0.56389,"[0.66667, 0.4, 0.625]",1492,0.73554,0.95804,0.70455,0.6702,"[0.75, 0.53333, 0.72727]",500,COMPLETED,311.68
542,20251229_174300,gaitset_GREW_TOP30.csv,30%,Preset_42,TCN,42,256,"[384, 256, 192, 128]","[2, 4, 8, 16]",3,1,elu,False,False,False,max,256,L2,"[0.0, 0.1, 0.1, 0.0]",16,RMSprop,,1e-05,5e-07,[0.68794326 2.1920904  0.91725768],0.02,1.0,0.1377,1.86575,0.38636,0.29737,"[0.52174, 0.0, 0.37037]",377,0.1505,1.78445,0.5,0.42613,"[0.5641, 0.14286, 0.57143]",360,COMPLETED,96.374
543,20251229_174300,gaitset_OUMVLP_TOP30.csv,30%,Preset_42,TCN,42,256,"[384, 256, 192, 128]","[2, 4, 8, 16]",3,1,elu,False,False,False,max,256,L2,"[0.0, 0.1, 0.1, 0.0]",16,RMSprop,,1e-05,5e-07,[0.68794326 2.1920904  0.91725768],0.02,1.0,0.13615,1.96006,0.52273,0.45397,"[0.66667, 0.26667, 0.42857]",1034,0.16489,1.9382,0.56818,0.49618,"[0.68085, 0.30769, 0.5]",939,COMPLETED,266.784
544,20251229_174300,gaitset_TOP30.csv,30%,Preset_42,TCN,42,256,"[384, 256, 192, 128]","[2, 4, 8, 16]",3,1,elu,False,False,False,max,256,L2,"[0.0, 0.1, 0.1, 0.0]",16,RMSprop,,1e-05,5e-07,[0.68794326 2.1920904  0.91725768],0.02,1.0,0.13618,1.72309,0.43182,0.37218,"[0.47368, 0.14286, 0.5]",364,0.16205,1.66688,0.45455,0.39186,"[0.51282, 0.13333, 0.52941]",335,COMPLETED,93.731
545,20251229_174300,gln_phase1_TOP30.csv,30%,Preset_42,TCN,42,256,"[384, 256, 192, 128]","[2, 4, 8, 16]",3,1,elu,False,False,False,max,256,L2,"[0.0, 0.1, 0.1, 0.0]",16,RMSprop,,1e-05,5e-07,[0.68794326 2.1920904  0.91725768],0.02,1.0,0.13703,1.18399,0.61364,0.58059,"[0.64865, 0.46154, 0.63158]",362,0.72749,0.99392,0.61364,0.60342,"[0.60606, 0.55556, 0.64865]",151,COMPLETED,93.546
546,20251229_174300,gln_phase2_TOP30.csv,30%,Preset_42,TCN,42,256,"[384, 256, 192, 128]","[2, 4, 8, 16]",3,1,elu,False,False,False,max,256,L2,"[0.0, 0.1, 0.1, 0.0]",16,RMSprop,,1e-05,5e-07,[0.68794326 2.1920904  0.91725768],0.02,1.0,0.13304,1.35479,0.52273,0.50488,"[0.54545, 0.38095, 0.58824]",359,0.15709,1.18055,0.65909,0.60362,"[0.74419, 0.4, 0.66667]",331,COMPLETED,92.754
