id,timestamp,target_embedding,top_variant,source_params,model,seed,model_dims,num_heads,num_layers,dim_feedforward,dropout,activation,norm_type,pos_encoding,pooling,use_cls_token,lr,weight_decay,batch_size,optimizer,momentum_sgd,norm,input_dim,max_seq_len,class_weights,label_smoothing,clip_grad_norm,train_loss,test_loss,accuracy,f1_macro,f1_per_class,epochs_trained,train_loss_best_state,test_loss_best_state,best_accuracy,best_f1,best_f1_per_class,best_epoch,training,duration_sec
1,20260102_122024,baseline_CASIAB_TOP70.csv,70%,Preset_1,Transformer,42,"[512, 512, 512]",8,3,1024,0.1,mish,prenorm,learned,cls,True,7e-05,5e-06,48,AdamW,0.0,nan,256,22,[0.68794326 2.1920904  0.91725768],0.02,1.0,0.11895,2.75585,0.40909,0.31612,"[0.53659, 0.0, 0.41176]",571,0.64828,1.7531,0.43182,0.39826,"[0.3871, 0.30769, 0.5]",189,COMPLETED,103.394
2,20260102_122024,baseline_OUMVLP_TOP70.csv,70%,Preset_1,Transformer,42,"[512, 512, 512]",8,3,1024,0.1,mish,prenorm,learned,cls,True,7e-05,5e-06,48,AdamW,0.0,nan,256,22,[0.68794326 2.1920904  0.91725768],0.02,1.0,0.1212,2.14811,0.52273,0.45,"[0.6, 0.125, 0.625]",521,0.43871,1.85383,0.61364,0.59646,"[0.65, 0.53333, 0.60606]",424,COMPLETED,91.883
3,20260102_122024,gaitgl_GREW_BNNeck_TOP70.csv,70%,Preset_1,Transformer,42,"[512, 512, 512]",8,3,1024,0.1,mish,prenorm,learned,cls,True,7e-05,5e-06,48,AdamW,0.0,nan,256,45,[0.68794326 2.1920904  0.91725768],0.02,1.0,0.13647,3.3742,0.38636,0.3742,"[0.42424, 0.26087, 0.4375]",664,0.32006,2.17221,0.45455,0.42307,"[0.51163, 0.33333, 0.42424]",407,COMPLETED,131.342
4,20260102_122024,gaitgl_GREW_TOP70.csv,70%,Preset_1,Transformer,42,"[512, 512, 512]",8,3,1024,0.1,mish,prenorm,learned,cls,True,7e-05,5e-06,48,AdamW,0.0,nan,256,45,[0.68794326 2.1920904  0.91725768],0.02,1.0,0.1251,1.65398,0.47727,0.40133,"[0.61905, 0.13333, 0.45161]",27,0.1251,1.65398,0.47727,0.40133,"[0.61905, 0.13333, 0.45161]",27,COMPLETED,5.766
5,20260102_122024,gaitgl_OUMVLP_TOP70.csv,70%,Preset_1,Transformer,42,"[512, 512, 512]",8,3,1024,0.1,mish,prenorm,learned,cls,True,7e-05,5e-06,48,AdamW,0.0,nan,256,45,[0.68794326 2.1920904  0.91725768],0.02,1.0,0.12052,2.39903,0.5,0.37113,"[0.63158, 0.18182, 0.3]",139,0.7089,1.26201,0.56818,0.42062,"[0.57895, 0.0, 0.68293]",33,COMPLETED,28.167
6,20260102_122024,gaitgl_TOP70.csv,70%,Preset_1,Transformer,42,"[512, 512, 512]",8,3,1024,0.1,mish,prenorm,learned,cls,True,7e-05,5e-06,48,AdamW,0.0,nan,128,45,[0.68794326 2.1920904  0.91725768],0.02,1.0,0.12495,1.97841,0.45455,0.41746,"[0.5, 0.28571, 0.46667]",43,0.59969,1.43393,0.52273,0.49528,"[0.59574, 0.46154, 0.42857]",15,COMPLETED,8.418
7,20260102_122024,gaitpart_GREW_TOP70.csv,70%,Preset_1,Transformer,42,"[512, 512, 512]",8,3,1024,0.1,mish,prenorm,learned,cls,True,7e-05,5e-06,48,AdamW,0.0,nan,256,12,[0.68794326 2.1920904  0.91725768],0.02,1.0,0.11986,2.78913,0.43182,0.4018,"[0.46154, 0.21053, 0.53333]",782,0.58569,1.45435,0.59091,0.5268,"[0.66667, 0.26667, 0.64706]",267,COMPLETED,137.738
8,20260102_122024,gaitpart_OUMVLP_TOP70.csv,70%,Preset_1,Transformer,42,"[512, 512, 512]",8,3,1024,0.1,mish,prenorm,learned,cls,True,7e-05,5e-06,48,AdamW,0.0,nan,256,12,[0.68794326 2.1920904  0.91725768],0.02,1.0,0.20738,2.4199,0.45455,0.41877,"[0.47059, 0.28571, 0.5]",844,0.74095,1.10276,0.61364,0.59749,"[0.63415, 0.53333, 0.625]",200,STOPPED,148.658
9,20260102_122024,gaitset_GREW_TOP70.csv,70%,Preset_1,Transformer,42,"[512, 512, 512]",8,3,1024,0.1,mish,prenorm,learned,cls,True,7e-05,5e-06,48,AdamW,0.0,nan,256,44,[0.68794326 2.1920904  0.91725768],0.02,1.0,0.12139,3.0263,0.36364,0.2735,"[0.41026, 0.0, 0.41026]",500,0.42855,2.22317,0.52273,0.49637,"[0.57778, 0.42857, 0.48276]",284,COMPLETED,99.662
10,20260102_122024,gaitset_OUMVLP_TOP70.csv,70%,Preset_1,Transformer,42,"[512, 512, 512]",8,3,1024,0.1,mish,prenorm,learned,cls,True,7e-05,5e-06,48,AdamW,0.0,nan,256,44,[0.68794326 2.1920904  0.91725768],0.02,1.0,0.11624,2.77926,0.40909,0.29485,"[0.6087, 0.0, 0.27586]",677,0.58353,3.21905,0.38636,0.37935,"[0.45714, 0.2963, 0.38462]",342,COMPLETED,136.203
11,20260102_122024,gaitset_TOP70.csv,70%,Preset_1,Transformer,42,"[512, 512, 512]",8,3,1024,0.1,mish,prenorm,learned,cls,True,7e-05,5e-06,48,AdamW,0.0,nan,256,44,[0.68794326 2.1920904  0.91725768],0.02,1.0,0.1307,3.03071,0.36364,0.3539,"[0.38889, 0.28571, 0.3871]",383,0.31982,1.67752,0.61364,0.51111,"[0.66667, 0.2, 0.66667]",341,COMPLETED,76.833
12,20260102_122024,gln_phase1_TOP70.csv,70%,Preset_1,Transformer,42,"[512, 512, 512]",8,3,1024,0.1,mish,prenorm,learned,cls,True,7e-05,5e-06,48,AdamW,0.0,nan,256,66,[0.68794326 2.1920904  0.91725768],0.02,1.0,0.12136,2.40555,0.38636,0.29986,"[0.4878, 0.0, 0.41176]",290,0.34466,2.12636,0.56818,0.41582,"[0.61111, 0.0, 0.63636]",143,COMPLETED,73.099
13,20260102_122024,gln_phase2_TOP70.csv,70%,Preset_1,Transformer,42,"[512, 512, 512]",8,3,1024,0.1,mish,prenorm,learned,cls,True,7e-05,5e-06,48,AdamW,0.0,nan,256,66,[0.68794326 2.1920904  0.91725768],0.02,1.0,0.12738,2.5723,0.45455,0.40764,"[0.53061, 0.30769, 0.38462]",375,0.18437,1.91405,0.56818,0.47569,"[0.61111, 0.18182, 0.63415]",355,COMPLETED,97.586

14,20260102_122024,baseline_CASIAB_TOP70.csv,70%,Preset_2,Transformer,42,"[256, 384, 512]",16,3,768,0.1,gelu,prenorm,learned,cls,True,0.0001,1e-06,80,AdamW,0.0,L2,256,22,[0.68794326 2.1920904  0.91725768],0.02,1.0,0.12431,2.06607,0.56818,0.46834,"[0.66667, 0.22222, 0.51613]",1112,0.37142,1.729,0.59091,0.53708,"[0.68182, 0.4, 0.52941]",785,COMPLETED,139.391
15,20260102_122024,baseline_OUMVLP_TOP70.csv,70%,Preset_2,Transformer,42,"[256, 384, 512]",16,3,768,0.1,gelu,prenorm,learned,cls,True,0.0001,1e-06,80,AdamW,0.0,L2,256,22,[0.68794326 2.1920904  0.91725768],0.02,1.0,0.13869,2.87963,0.40909,0.38854,"[0.33333, 0.26087, 0.57143]",1216,0.58151,1.27112,0.59091,0.55346,"[0.65116, 0.42857, 0.58065]",515,COMPLETED,146.64
16,20260102_122024,gaitgl_GREW_BNNeck_TOP70.csv,70%,Preset_2,Transformer,42,"[256, 384, 512]",16,3,768,0.1,gelu,prenorm,learned,cls,True,0.0001,1e-06,80,AdamW,0.0,L2,256,45,[0.68794326 2.1920904  0.91725768],0.02,1.0,0.12194,3.64098,0.27273,0.22593,"[0.27778, 0.0, 0.4]",1424,0.71045,1.87496,0.47727,0.40527,"[0.65217, 0.2, 0.36364]",358,COMPLETED,209.078
17,20260102_122024,gaitgl_GREW_TOP70.csv,70%,Preset_2,Transformer,42,"[256, 384, 512]",16,3,768,0.1,gelu,prenorm,learned,cls,True,0.0001,1e-06,80,AdamW,0.0,L2,256,45,[0.68794326 2.1920904  0.91725768],0.02,1.0,0.11362,3.20516,0.31818,0.27877,"[0.38095, 0.14286, 0.3125]",996,0.21425,2.01844,0.5,0.42593,"[0.51282, 0.15385, 0.61111]",860,COMPLETED,143.339
18,20260102_122024,gaitgl_OUMVLP_TOP70.csv,70%,Preset_2,Transformer,42,"[256, 384, 512]",16,3,768,0.1,gelu,prenorm,learned,cls,True,0.0001,1e-06,80,AdamW,0.0,L2,256,45,[0.68794326 2.1920904  0.91725768],0.02,1.0,1.11324,1.05334,0.47727,0.21538,"[0.64615, 0.0, 0.0]",130,1.11324,1.05334,0.47727,0.21538,"[0.64615, 0.0, 0.0]",130,STOPPED,19.132
19,20260102_122024,gaitgl_TOP70.csv,70%,Preset_2,Transformer,42,"[256, 384, 512]",16,3,768,0.1,gelu,prenorm,learned,cls,True,0.0001,1e-06,80,AdamW,0.0,L2,128,45,[0.68794326 2.1920904  0.91725768],0.02,1.0,0.13462,2.88653,0.40909,0.31638,"[0.4375, 0.0, 0.51163]",648,0.36418,2.02251,0.54545,0.49392,"[0.63415, 0.33333, 0.51429]",323,COMPLETED,88.991
20,20260102_122024,gaitpart_GREW_TOP70.csv,70%,Preset_2,Transformer,42,"[256, 384, 512]",16,3,768,0.1,gelu,prenorm,learned,cls,True,0.0001,1e-06,80,AdamW,0.0,L2,256,12,[0.68794326 2.1920904  0.91725768],0.02,1.0,1.11282,1.13013,0.15909,0.0915,"[0.0, 0.27451, 0.0]",156,1.11282,1.13013,0.15909,0.0915,"[0.0, 0.27451, 0.0]",156,STOPPED,15.991
21,20260102_122024,gaitpart_OUMVLP_TOP70.csv,70%,Preset_2,Transformer,42,"[256, 384, 512]",16,3,768,0.1,gelu,prenorm,learned,cls,True,0.0001,1e-06,80,AdamW,0.0,L2,256,12,[0.68794326 2.1920904  0.91725768],0.02,1.0,1.10961,1.08514,0.47727,0.21538,"[0.64615, 0.0, 0.0]",175,1.10961,1.08514,0.47727,0.21538,"[0.64615, 0.0, 0.0]",175,STOPPED,18.095
22,20260102_122024,gaitset_GREW_TOP70.csv,70%,Preset_2,Transformer,42,"[256, 384, 512]",16,3,768,0.1,gelu,prenorm,learned,cls,True,0.0001,1e-06,80,AdamW,0.0,L2,256,44,[0.68794326 2.1920904  0.91725768],0.02,1.0,1.13382,2.38696,0.31818,0.2409,"[0.29412, 0.0, 0.42857]",900,0.65736,1.34138,0.56818,0.5468,"[0.65217, 0.58824, 0.4]",469,STOPPED,134.59
23,20260102_122024,gaitset_OUMVLP_TOP70.csv,70%,Preset_2,Transformer,42,"[256, 384, 512]",16,3,768,0.1,gelu,prenorm,learned,cls,True,0.0001,1e-06,80,AdamW,0.0,L2,256,44,[0.68794326 2.1920904  0.91725768],0.02,1.0,1.11382,1.0615,0.47727,0.21538,"[0.64615, 0.0, 0.0]",104,1.11382,1.0615,0.47727,0.21538,"[0.64615, 0.0, 0.0]",104,STOPPED,15.412
24,20260102_122024,gaitset_TOP70.csv,70%,Preset_2,Transformer,42,"[256, 384, 512]",16,3,768,0.1,gelu,prenorm,learned,cls,True,0.0001,1e-06,80,AdamW,0.0,L2,256,44,[0.68794326 2.1920904  0.91725768],0.02,1.0,0.12833,2.49571,0.43182,0.30161,"[0.56, 0.0, 0.34483]",786,0.13388,2.33055,0.47727,0.42019,"[0.59574, 0.30769, 0.35714]",755,COMPLETED,119.161
25,20260102_122024,gln_phase1_TOP70.csv,70%,Preset_2,Transformer,42,"[256, 384, 512]",16,3,768,0.1,gelu,prenorm,learned,cls,True,0.0001,1e-06,80,AdamW,0.0,L2,256,66,[0.68794326 2.1920904  0.91725768],0.02,1.0,0.12495,1.80422,0.59091,0.52262,"[0.69767, 0.30769, 0.5625]",775,0.19261,1.48538,0.65909,0.60293,"[0.66667, 0.44444, 0.69767]",753,COMPLETED,168.827
26,20260102_122024,gln_phase2_TOP70.csv,70%,Preset_2,Transformer,42,"[256, 384, 512]",16,3,768,0.1,gelu,prenorm,learned,cls,True,0.0001,1e-06,80,AdamW,0.0,L2,256,66,[0.68794326 2.1920904  0.91725768],0.02,1.0,0.68233,1.59269,0.43182,0.29473,"[0.60714, 0.18182, 0.09524]",668,0.66711,1.75359,0.43182,0.41961,"[0.42105, 0.35294, 0.48485]",630,STOPPED,147.961

27,20260102_122024,baseline_CASIAB_TOP70.csv,70%,Preset_3,Transformer,42,"[320, 480, 640]",8,3,960,0.15,gelu,prenorm,learned,mean,False,7e-05,1e-06,48,AdamW,0.0,nan,256,22,[0.68794326 2.1920904  0.91725768],0.02,1.0,0.13742,2.71833,0.47727,0.32495,"[0.64151, 0.0, 0.33333]",502,0.28387,2.16732,0.54545,0.49179,"[0.6087, 0.33333, 0.53333]",395,COMPLETED,95.33
28,20260102_122024,baseline_OUMVLP_TOP70.csv,70%,Preset_3,Transformer,42,"[320, 480, 640]",8,3,960,0.15,gelu,prenorm,learned,mean,False,7e-05,1e-06,48,AdamW,0.0,nan,256,22,[0.68794326 2.1920904  0.91725768],0.02,1.0,0.13517,2.63919,0.47727,0.40357,"[0.61905, 0.125, 0.46667]",608,0.72987,1.21026,0.59091,0.49553,"[0.61905, 0.18182, 0.68571]",127,COMPLETED,118.184
29,20260102_122024,gaitgl_GREW_BNNeck_TOP70.csv,70%,Preset_3,Transformer,42,"[320, 480, 640]",8,3,960,0.15,gelu,prenorm,learned,mean,False,7e-05,1e-06,48,AdamW,0.0,nan,256,45,[0.68794326 2.1920904  0.91725768],0.02,1.0,0.11712,3.50857,0.29545,0.24831,"[0.43243, 0.0, 0.3125]",800,0.55299,1.62911,0.54545,0.41098,"[0.61224, 0.0, 0.62069]",333,COMPLETED,173.586
30,20260102_122024,gaitgl_GREW_TOP70.csv,70%,Preset_3,Transformer,42,"[320, 480, 640]",8,3,960,0.15,gelu,prenorm,learned,mean,False,7e-05,1e-06,48,AdamW,0.0,nan,256,45,[0.68794326 2.1920904  0.91725768],0.02,1.0,0.12656,1.88839,0.52273,0.35152,"[0.65455, 0.0, 0.4]",44,0.15616,1.69602,0.59091,0.48972,"[0.66667, 0.18182, 0.62069]",39,COMPLETED,9.676
31,20260102_122024,gaitgl_OUMVLP_TOP70.csv,70%,Preset_3,Transformer,42,"[320, 480, 640]",8,3,960,0.15,gelu,prenorm,learned,mean,False,7e-05,1e-06,48,AdamW,0.0,nan,256,45,[0.68794326 2.1920904  0.91725768],0.02,1.0,0.14461,1.90137,0.54545,0.34921,"[0.66667, 0.0, 0.38095]",156,0.23559,2.06097,0.47727,0.47329,"[0.33333, 0.46154, 0.625]",131,COMPLETED,34.916
32,20260102_122024,gaitgl_TOP70.csv,70%,Preset_3,Transformer,42,"[320, 480, 640]",8,3,960,0.15,gelu,prenorm,learned,mean,False,7e-05,1e-06,48,AdamW,0.0,nan,128,45,[0.68794326 2.1920904  0.91725768],0.02,1.0,0.1228,2.80447,0.40909,0.33622,"[0.54902, 0.28571, 0.17391]",44,0.17202,3.02647,0.45455,0.41856,"[0.45714, 0.28571, 0.51282]",37,COMPLETED,9.095
33,20260102_122024,gaitpart_GREW_TOP70.csv,70%,Preset_3,Transformer,42,"[320, 480, 640]",8,3,960,0.15,gelu,prenorm,learned,mean,False,7e-05,1e-06,48,AdamW,0.0,nan,256,12,[0.68794326 2.1920904  0.91725768],0.02,1.0,0.10689,3.15062,0.45455,0.43261,"[0.55, 0.34783, 0.4]",842,0.24505,2.05413,0.61364,0.543,"[0.69565, 0.33333, 0.6]",663,COMPLETED,165.584
34,20260102_122024,gaitpart_OUMVLP_TOP70.csv,70%,Preset_3,Transformer,42,"[320, 480, 640]",8,3,960,0.15,gelu,prenorm,learned,mean,False,7e-05,1e-06,48,AdamW,0.0,nan,256,12,[0.68794326 2.1920904  0.91725768],0.02,1.0,0.12278,2.80967,0.40909,0.37884,"[0.45714, 0.22222, 0.45714]",972,0.57989,1.3786,0.65909,0.59305,"[0.73469, 0.44444, 0.6]",379,COMPLETED,190.273
35,20260102_122024,gaitset_GREW_TOP70.csv,70%,Preset_3,Transformer,42,"[320, 480, 640]",8,3,960,0.15,gelu,prenorm,learned,mean,False,7e-05,1e-06,48,AdamW,0.0,nan,256,44,[0.68794326 2.1920904  0.91725768],0.02,1.0,0.10255,3.41393,0.34091,0.31356,"[0.40909, 0.23529, 0.2963]",825,0.7135,1.55726,0.5,0.48033,"[0.59459, 0.36364, 0.48276]",152,COMPLETED,181.679
36,20260102_122024,gaitset_OUMVLP_TOP70.csv,70%,Preset_3,Transformer,42,"[320, 480, 640]",8,3,960,0.15,gelu,prenorm,learned,mean,False,7e-05,1e-06,48,AdamW,0.0,nan,256,44,[0.68794326 2.1920904  0.91725768],0.02,1.0,0.12481,3.10526,0.34091,0.2785,"[0.46512, 0.0, 0.37037]",718,0.64986,2.09651,0.52273,0.38186,"[0.61224, 0.0, 0.53333]",607,COMPLETED,152.512
37,20260102_122024,gaitset_TOP70.csv,70%,Preset_3,Transformer,42,"[320, 480, 640]",8,3,960,0.15,gelu,prenorm,learned,mean,False,7e-05,1e-06,48,AdamW,0.0,nan,256,44,[0.68794326 2.1920904  0.91725768],0.02,1.0,0.12388,2.44047,0.36364,0.25556,"[0.5, 0.0, 0.26667]",417,0.20254,3.07671,0.47727,0.4241,"[0.6087, 0.31579, 0.34783]",334,COMPLETED,88.795
38,20260102_122024,gln_phase1_TOP70.csv,70%,Preset_3,Transformer,42,"[320, 480, 640]",8,3,960,0.15,gelu,prenorm,learned,mean,False,7e-05,1e-06,48,AdamW,0.0,nan,256,66,[0.68794326 2.1920904  0.91725768],0.02,1.0,0.12965,2.16614,0.45455,0.3455,"[0.55, 0.0, 0.48649]",293,0.69681,1.21003,0.54545,0.52544,"[0.52941, 0.46154, 0.58537]",90,COMPLETED,75.756
39,20260102_122024,gln_phase2_TOP70.csv,70%,Preset_3,Transformer,42,"[320, 480, 640]",8,3,960,0.15,gelu,prenorm,learned,mean,False,7e-05,1e-06,48,AdamW,0.0,nan,256,66,[0.68794326 2.1920904  0.91725768],0.02,1.0,0.12802,2.98232,0.40909,0.3538,"[0.42105, 0.16667, 0.47368]",397,0.62595,1.48089,0.52273,0.44697,"[0.5, 0.25, 0.59091]",144,COMPLETED,102.758

40,20260102_133603,baseline_CASIAB_TOP70.csv,70%,Preset_1,Transformer,42,"[640, 480, 320]",8,3,960,0.15,mish,postnorm,sinusoidal,max,False,6e-05,1e-06,32,Adam,0.0,nan,256,22,[0.68794326 2.1920904  0.91725768],0.02,1.0,0.12184,1.87491,0.34091,0.27475,"[0.4, 0.0, 0.42424]",206,0.74856,1.33736,0.43182,0.38565,"[0.34483, 0.26667, 0.54545]",87,COMPLETED,55.514
41,20260102_133603,baseline_OUMVLP_TOP70.csv,70%,Preset_1,Transformer,42,"[640, 480, 320]",8,3,960,0.15,mish,postnorm,sinusoidal,max,False,6e-05,1e-06,32,Adam,0.0,nan,256,22,[0.68794326 2.1920904  0.91725768],0.02,1.0,0.12572,1.62592,0.52273,0.47078,"[0.60465, 0.30769, 0.5]",192,0.32584,1.39492,0.54545,0.51679,"[0.57895, 0.4, 0.57143]",128,COMPLETED,50.218
42,20260102_133603,gaitgl_GREW_BNNeck_TOP70.csv,70%,Preset_1,Transformer,42,"[640, 480, 320]",8,3,960,0.15,mish,postnorm,sinusoidal,max,False,6e-05,1e-06,32,Adam,0.0,nan,256,45,[0.68794326 2.1920904  0.91725768],0.02,1.0,1.11113,1.087,0.36364,0.17778,"[0.0, 0.0, 0.53333]",163,1.11113,1.087,0.36364,0.17778,"[0.0, 0.0, 0.53333]",163,STOPPED,47.982
43,20260102_133603,gaitgl_GREW_TOP70.csv,70%,Preset_1,Transformer,42,"[640, 480, 320]",8,3,960,0.15,mish,postnorm,sinusoidal,max,False,6e-05,1e-06,32,Adam,0.0,nan,256,45,[0.68794326 2.1920904  0.91725768],0.02,1.0,0.11333,1.19718,0.52273,0.38194,"[0.58333, 0.0, 0.5625]",20,0.13112,1.16704,0.45455,0.4352,"[0.47368, 0.31579, 0.51613]",16,COMPLETED,5.739
44,20260102_133603,gaitgl_OUMVLP_TOP70.csv,70%,Preset_1,Transformer,42,"[640, 480, 320]",8,3,960,0.15,mish,postnorm,sinusoidal,max,False,6e-05,1e-06,32,Adam,0.0,nan,256,45,[0.68794326 2.1920904  0.91725768],0.02,1.0,0.12518,1.58841,0.38636,0.36171,"[0.45714, 0.19048, 0.4375]",82,0.14423,1.36713,0.59091,0.49483,"[0.65116, 0.22222, 0.61111]",67,COMPLETED,22.686
45,20260102_133603,gaitgl_TOP70.csv,70%,Preset_1,Transformer,42,"[640, 480, 320]",8,3,960,0.15,mish,postnorm,sinusoidal,max,False,6e-05,1e-06,32,Adam,0.0,nan,128,45,[0.68794326 2.1920904  0.91725768],0.02,1.0,0.11184,1.59877,0.36364,0.30357,"[0.5, 0.125, 0.28571]",26,0.13463,1.39528,0.43182,0.37121,"[0.52632, 0.14286, 0.44444]",22,COMPLETED,6.99
46,20260102_133603,gaitpart_GREW_TOP70.csv,70%,Preset_1,Transformer,42,"[640, 480, 320]",8,3,960,0.15,mish,postnorm,sinusoidal,max,False,6e-05,1e-06,32,Adam,0.0,nan,256,12,[0.68794326 2.1920904  0.91725768],0.02,1.0,1.11202,1.104,0.36364,0.17778,"[0.0, 0.0, 0.53333]",144,1.11202,1.104,0.36364,0.17778,"[0.0, 0.0, 0.53333]",144,STOPPED,36.696
47,20260102_133603,gaitpart_OUMVLP_TOP70.csv,70%,Preset_1,Transformer,42,"[640, 480, 320]",8,3,960,0.15,mish,postnorm,sinusoidal,max,False,6e-05,1e-06,32,Adam,0.0,nan,256,12,[0.68794326 2.1920904  0.91725768],0.02,1.0,0.11916,1.60617,0.61364,0.53615,"[0.7451, 0.42857, 0.43478]",430,0.1432,1.27554,0.63636,0.58997,"[0.68421, 0.4, 0.68571]",345,COMPLETED,112.136
48,20260102_133603,gaitset_GREW_TOP70.csv,70%,Preset_1,Transformer,42,"[640, 480, 320]",8,3,960,0.15,mish,postnorm,sinusoidal,max,False,6e-05,1e-06,32,Adam,0.0,nan,256,44,[0.68794326 2.1920904  0.91725768],0.02,1.0,1.11802,1.13917,0.15909,0.0915,"[0.0, 0.27451, 0.0]",122,1.11802,1.13917,0.15909,0.0915,"[0.0, 0.27451, 0.0]",122,STOPPED,33.671
49,20260102_133603,gaitset_OUMVLP_TOP70.csv,70%,Preset_1,Transformer,42,"[640, 480, 320]",8,3,960,0.15,mish,postnorm,sinusoidal,max,False,6e-05,1e-06,32,Adam,0.0,nan,256,44,[0.68794326 2.1920904  0.91725768],0.02,1.0,0.12463,2.20781,0.34091,0.29101,"[0.28571, 0.11111, 0.47619]",406,0.58169,1.72196,0.52273,0.41604,"[0.68, 0.13333, 0.43478]",227,COMPLETED,113.738
50,20260102_133603,gaitset_TOP70.csv,70%,Preset_1,Transformer,42,"[640, 480, 320]",8,3,960,0.15,mish,postnorm,sinusoidal,max,False,6e-05,1e-06,32,Adam,0.0,nan,256,44,[0.68794326 2.1920904  0.91725768],0.02,1.0,0.13349,1.57502,0.31818,0.28939,"[0.43243, 0.09091, 0.34483]",211,0.69601,1.21011,0.45455,0.45589,"[0.43243, 0.46154, 0.47368]",102,COMPLETED,62.007
51,20260102_133603,gln_phase1_TOP70.csv,70%,Preset_1,Transformer,42,"[640, 480, 320]",8,3,960,0.15,mish,postnorm,sinusoidal,max,False,6e-05,1e-06,32,Adam,0.0,nan,256,66,[0.68794326 2.1920904  0.91725768],0.02,1.0,0.13264,1.4253,0.43182,0.30665,"[0.61224, 0.0, 0.30769]",165,0.12797,1.38383,0.52273,0.44162,"[0.57895, 0.18182, 0.5641]",163,COMPLETED,50.172
52,20260102_133603,gln_phase2_TOP70.csv,70%,Preset_1,Transformer,42,"[640, 480, 320]",8,3,960,0.15,mish,postnorm,sinusoidal,max,False,6e-05,1e-06,32,Adam,0.0,nan,256,66,[0.68794326 2.1920904  0.91725768],0.02,1.0,0.1261,1.1759,0.61364,0.56589,"[0.69767, 0.4, 0.6]",170,0.17286,1.1529,0.59091,0.56617,"[0.65306, 0.54545, 0.5]",141,COMPLETED,50.914

53,20260102_133603,baseline_CASIAB_TOP70.csv,70%,Preset_2,Transformer,42,"[256, 384, 512, 640]",8,4,768,0.15,silu,postnorm,learned,mean,False,5e-05,1e-06,64,AdamW,0.0,nan,256,22,[0.68794326 2.1920904  0.91725768],0.02,1.0,0.13123,1.91306,0.56818,0.5066,"[0.66667, 0.30769, 0.54545]",935,0.27584,2.12901,0.61364,0.5628,"[0.70833, 0.46154, 0.51852]",629,COMPLETED,173.168
54,20260102_133603,baseline_OUMVLP_TOP70.csv,70%,Preset_2,Transformer,42,"[256, 384, 512, 640]",8,4,768,0.15,silu,postnorm,learned,mean,False,5e-05,1e-06,64,AdamW,0.0,nan,256,22,[0.68794326 2.1920904  0.91725768],0.02,1.0,0.13844,2.46195,0.45455,0.38056,"[0.54167, 0.2, 0.4]",837,0.1478,2.68821,0.5,0.48413,"[0.52381, 0.42857, 0.5]",764,COMPLETED,154.911
55,20260102_133603,gaitgl_GREW_BNNeck_TOP70.csv,70%,Preset_2,Transformer,42,"[256, 384, 512, 640]",8,4,768,0.15,silu,postnorm,learned,mean,False,5e-05,1e-06,64,AdamW,0.0,nan,256,45,[0.68794326 2.1920904  0.91725768],0.02,1.0,0.12834,3.201,0.34091,0.26813,"[0.46154, 0.0, 0.34286]",1564,0.49894,3.03606,0.43182,0.39402,"[0.61538, 0.16667, 0.4]",1215,COMPLETED,341.142
56,20260102_133603,gaitgl_GREW_TOP70.csv,70%,Preset_2,Transformer,42,"[256, 384, 512, 640]",8,4,768,0.15,silu,postnorm,learned,mean,False,5e-05,1e-06,64,AdamW,0.0,nan,256,45,[0.68794326 2.1920904  0.91725768],0.02,1.0,0.12567,2.18389,0.34091,0.32135,"[0.35294, 0.22222, 0.38889]",61,0.25861,1.76576,0.52273,0.48333,"[0.58333, 0.4, 0.46667]",34,COMPLETED,13.343
57,20260102_133603,gaitgl_OUMVLP_TOP70.csv,70%,Preset_2,Transformer,42,"[256, 384, 512, 640]",8,4,768,0.15,silu,postnorm,learned,mean,False,5e-05,1e-06,64,AdamW,0.0,nan,256,45,[0.68794326 2.1920904  0.91725768],0.02,1.0,0.12843,2.18641,0.54545,0.51243,"[0.57895, 0.33333, 0.625]",313,0.16082,1.99853,0.61364,0.5706,"[0.63158, 0.35294, 0.72727]",263,COMPLETED,69.737
58,20260102_133603,gaitgl_TOP70.csv,70%,Preset_2,Transformer,42,"[256, 384, 512, 640]",8,4,768,0.15,silu,postnorm,learned,mean,False,5e-05,1e-06,64,AdamW,0.0,nan,128,45,[0.68794326 2.1920904  0.91725768],0.02,1.0,0.13339,2.27528,0.43182,0.36277,"[0.54545, 0.14286, 0.4]",101,0.25857,2.20865,0.47727,0.44444,"[0.47368, 0.33333, 0.52632]",62,COMPLETED,21.637
59,20260102_133603,gaitpart_GREW_TOP70.csv,70%,Preset_2,Transformer,42,"[256, 384, 512, 640]",8,4,768,0.15,silu,postnorm,learned,mean,False,5e-05,1e-06,64,AdamW,0.0,nan,256,12,[0.68794326 2.1920904  0.91725768],0.02,1.0,0.11562,2.23504,0.56818,0.52378,"[0.66667, 0.35294, 0.55172]",1271,0.2379,2.02239,0.61364,0.60096,"[0.66667, 0.55556, 0.58065]",969,COMPLETED,230.514
60,20260102_133603,gaitpart_OUMVLP_TOP70.csv,70%,Preset_2,Transformer,42,"[256, 384, 512, 640]",8,4,768,0.15,silu,postnorm,learned,mean,False,5e-05,1e-06,64,AdamW,0.0,nan,256,12,[0.68794326 2.1920904  0.91725768],0.02,1.0,0.13124,2.39846,0.45455,0.38987,"[0.4878, 0.18182, 0.5]",1364,0.71905,1.08315,0.61364,0.59769,"[0.61905, 0.54545, 0.62857]",227,COMPLETED,241.432
61,20260102_133603,gaitset_GREW_TOP70.csv,70%,Preset_2,Transformer,42,"[256, 384, 512, 640]",8,4,768,0.15,silu,postnorm,learned,mean,False,5e-05,1e-06,64,AdamW,0.0,nan,256,44,[0.68794326 2.1920904  0.91725768],0.02,1.0,0.11575,2.75582,0.40909,0.34086,"[0.53333, 0.16667, 0.32258]",1144,0.27487,2.27164,0.56818,0.53954,"[0.61111, 0.42857, 0.57895]",953,COMPLETED,235.743
62,20260102_133603,gaitset_OUMVLP_TOP70.csv,70%,Preset_2,Transformer,42,"[256, 384, 512, 640]",8,4,768,0.15,silu,postnorm,learned,mean,False,5e-05,1e-06,64,AdamW,0.0,nan,256,44,[0.68794326 2.1920904  0.91725768],0.02,1.0,0.20305,2.24462,0.45455,0.29329,"[0.60714, 0.0, 0.27273]",999,0.27385,2.34452,0.45455,0.37718,"[0.57778, 0.16667, 0.3871]",853,STOPPED,206.839
63,20260102_133603,gaitset_TOP70.csv,70%,Preset_2,Transformer,42,"[256, 384, 512, 640]",8,4,768,0.15,silu,postnorm,learned,mean,False,5e-05,1e-06,64,AdamW,0.0,nan,256,44,[0.68794326 2.1920904  0.91725768],0.02,1.0,0.12283,3.13943,0.34091,0.29866,"[0.41026, 0.14286, 0.34286]",946,0.13948,3.339,0.45455,0.43176,"[0.51282, 0.31579, 0.46667]",886,COMPLETED,195.06
64,20260102_133603,gln_phase1_TOP70.csv,70%,Preset_2,Transformer,42,"[256, 384, 512, 640]",8,4,768,0.15,silu,postnorm,learned,mean,False,5e-05,1e-06,64,AdamW,0.0,nan,256,66,[0.68794326 2.1920904  0.91725768],0.02,1.0,0.11952,2.3869,0.45455,0.33493,"[0.55319, 0.0, 0.45161]",722,0.67277,1.05307,0.59091,0.60559,"[0.54545, 0.66667, 0.60465]",134,COMPLETED,193.461
65,20260102_133603,gln_phase2_TOP70.csv,70%,Preset_2,Transformer,42,"[256, 384, 512, 640]",8,4,768,0.15,silu,postnorm,learned,mean,False,5e-05,1e-06,64,AdamW,0.0,nan,256,66,[0.68794326 2.1920904  0.91725768],0.02,1.0,0.1073,2.14908,0.43182,0.35232,"[0.54902, 0.22222, 0.28571]",775,0.55092,1.70589,0.54545,0.49664,"[0.45161, 0.4, 0.6383]",308,COMPLETED,213.509

66,20260102_133603,baseline_CASIAB_TOP70.csv,70%,Preset_3,Transformer,42,"[512, 512, 384]",8,3,768,0.1,mish,postnorm,sinusoidal,cls,True,2e-05,1e-06,32,Adam,0.0,nan,256,22,[0.68794326 2.1920904  0.91725768],0.02,1.0,0.13283,2.30312,0.45455,0.32381,"[0.57143, 0.0, 0.4]",582,0.13907,2.3765,0.56818,0.45085,"[0.70588, 0.16667, 0.48]",520,COMPLETED,147.366
67,20260102_133603,baseline_OUMVLP_TOP70.csv,70%,Preset_3,Transformer,42,"[512, 512, 384]",8,3,768,0.1,mish,postnorm,sinusoidal,cls,True,2e-05,1e-06,32,Adam,0.0,nan,256,22,[0.68794326 2.1920904  0.91725768],0.02,1.0,0.11866,1.86599,0.56818,0.46667,"[0.66667, 0.2, 0.53333]",497,0.21847,1.87317,0.63636,0.52992,"[0.68182, 0.22222, 0.68571]",445,COMPLETED,125.456
68,20260102_133603,gaitgl_GREW_BNNeck_TOP70.csv,70%,Preset_3,Transformer,42,"[512, 512, 384]",8,3,768,0.1,mish,postnorm,sinusoidal,cls,True,2e-05,1e-06,32,Adam,0.0,nan,256,45,[0.68794326 2.1920904  0.91725768],0.02,1.0,0.11169,2.25259,0.47727,0.39473,"[0.60377, 0.30769, 0.27273]",1052,0.19174,2.04936,0.59091,0.51999,"[0.68085, 0.30769, 0.57143]",864,COMPLETED,282.362
69,20260102_133603,gaitgl_GREW_TOP70.csv,70%,Preset_3,Transformer,42,"[512, 512, 384]",8,3,768,0.1,mish,postnorm,sinusoidal,cls,True,2e-05,1e-06,32,Adam,0.0,nan,256,45,[0.68794326 2.1920904  0.91725768],0.02,1.0,0.12789,1.74984,0.52273,0.47033,"[0.63158, 0.25, 0.52941]",42,0.16397,1.83503,0.63636,0.5268,"[0.71111, 0.22222, 0.64706]",35,COMPLETED,11.204
70,20260102_133603,gaitgl_OUMVLP_TOP70.csv,70%,Preset_3,Transformer,42,"[512, 512, 384]",8,3,768,0.1,mish,postnorm,sinusoidal,cls,True,2e-05,1e-06,32,Adam,0.0,nan,256,45,[0.68794326 2.1920904  0.91725768],0.02,1.0,0.12085,2.15005,0.47727,0.4303,"[0.55814, 0.25, 0.48276]",194,0.16025,2.12528,0.54545,0.49448,"[0.60465, 0.33333, 0.54545]",141,COMPLETED,52.164
71,20260102_133603,gaitgl_TOP70.csv,70%,Preset_3,Transformer,42,"[512, 512, 384]",8,3,768,0.1,mish,postnorm,sinusoidal,cls,True,2e-05,1e-06,32,Adam,0.0,nan,128,45,[0.68794326 2.1920904  0.91725768],0.02,1.0,0.13459,2.32335,0.45455,0.32381,"[0.57143, 0.0, 0.4]",66,0.60704,1.33424,0.45455,0.39459,"[0.5, 0.22222, 0.46154]",25,COMPLETED,17.216
72,20260102_133603,gaitpart_GREW_TOP70.csv,70%,Preset_3,Transformer,42,"[512, 512, 384]",8,3,768,0.1,mish,postnorm,sinusoidal,cls,True,2e-05,1e-06,32,Adam,0.0,nan,256,12,[0.68794326 2.1920904  0.91725768],0.02,1.0,0.13227,2.5319,0.45455,0.37601,"[0.61224, 0.31579, 0.2]",774,0.37473,1.74953,0.54545,0.51909,"[0.59574, 0.46154, 0.5]",509,COMPLETED,189.051
73,20260102_133603,gaitpart_OUMVLP_TOP70.csv,70%,Preset_3,Transformer,42,"[512, 512, 384]",8,3,768,0.1,mish,postnorm,sinusoidal,cls,True,2e-05,1e-06,32,Adam,0.0,nan,256,12,[0.68794326 2.1920904  0.91725768],0.02,1.0,0.11163,2.64183,0.45455,0.39908,"[0.60465, 0.22222, 0.37037]",865,0.71807,1.07239,0.63636,0.60394,"[0.66667, 0.5, 0.64516]",257,COMPLETED,212.552
74,20260102_133603,gaitset_GREW_TOP70.csv,70%,Preset_3,Transformer,42,"[512, 512, 384]",8,3,768,0.1,mish,postnorm,sinusoidal,cls,True,2e-05,1e-06,32,Adam,0.0,nan,256,44,[0.68794326 2.1920904  0.91725768],0.02,1.0,0.11251,2.58465,0.43182,0.37163,"[0.47619, 0.15385, 0.48485]",735,0.3241,2.27924,0.54545,0.44732,"[0.65306, 0.22222, 0.46667]",478,COMPLETED,202.853
75,20260102_133603,gaitset_OUMVLP_TOP70.csv,70%,Preset_3,Transformer,42,"[512, 512, 384]",8,3,768,0.1,mish,postnorm,sinusoidal,cls,True,2e-05,1e-06,32,Adam,0.0,nan,256,44,[0.68794326 2.1920904  0.91725768],0.02,1.0,0.1229,2.16143,0.5,0.36806,"[0.66667, 0.0, 0.4375]",904,0.73296,1.22127,0.54545,0.49166,"[0.61111, 0.23529, 0.62857]",201,COMPLETED,289.34
76,20260102_133603,gaitset_TOP70.csv,70%,Preset_3,Transformer,42,"[512, 512, 384]",8,3,768,0.1,mish,postnorm,sinusoidal,cls,True,2e-05,1e-06,32,Adam,0.0,nan,256,44,[0.68794326 2.1920904  0.91725768],0.02,1.0,0.12057,2.61542,0.38636,0.30089,"[0.48889, 0.0, 0.41379]",602,0.20516,2.57209,0.52273,0.43647,"[0.62222, 0.15385, 0.53333]",539,COMPLETED,192.505
77,20260102_133603,gln_phase1_TOP70.csv,70%,Preset_3,Transformer,42,"[512, 512, 384]",8,3,768,0.1,mish,postnorm,sinusoidal,cls,True,2e-05,1e-06,32,Adam,0.0,nan,256,66,[0.68794326 2.1920904  0.91725768],0.02,1.0,0.13442,2.65699,0.45455,0.33804,"[0.4878, 0.0, 0.52632]",575,0.66454,1.46906,0.54545,0.39015,"[0.625, 0.0, 0.54545]",144,COMPLETED,206.754
78,20260102_133603,gln_phase2_TOP70.csv,70%,Preset_3,Transformer,42,"[512, 512, 384]",8,3,768,0.1,mish,postnorm,sinusoidal,cls,True,2e-05,1e-06,32,Adam,0.0,nan,256,66,[0.68794326 2.1920904  0.91725768],0.02,1.0,0.13621,1.99134,0.45455,0.33493,"[0.55319, 0.0, 0.45161]",558,0.62411,1.47613,0.56818,0.5037,"[0.66667, 0.44444, 0.4]",146,COMPLETED,200.682

79,20260102_133603,baseline_CASIAB_TOP70.csv,70%,Preset_4,Transformer,42,"[512, 768, 1024, 768]",32,4,1536,0.1,gelu,prenorm,learned,mean,False,0.0003,1e-05,32,SGD,0.9,nan,256,22,[0.68794326 2.1920904  0.91725768],0.02,1.0,0.88984,1.24943,0.38636,0.38214,"[0.47059, 0.21429, 0.46154]",1169,0.88984,1.24943,0.38636,0.38214,"[0.47059, 0.21429, 0.46154]",1169,STOPPED,512.495
80,20260102_133603,baseline_OUMVLP_TOP70.csv,70%,Preset_4,Transformer,42,"[512, 768, 1024, 768]",32,4,1536,0.1,gelu,prenorm,learned,mean,False,0.0003,1e-05,32,SGD,0.9,nan,256,22,[0.68794326 2.1920904  0.91725768],0.02,1.0,0.83762,1.10809,0.45455,0.41604,"[0.51282, 0.23529, 0.5]",1389,0.83762,1.10809,0.45455,0.41604,"[0.51282, 0.23529, 0.5]",1389,STOPPED,610.438
81,20260102_133603,gaitgl_GREW_BNNeck_TOP70.csv,70%,Preset_4,Transformer,42,"[512, 768, 1024, 768]",32,4,1536,0.1,gelu,prenorm,learned,mean,False,0.0003,1e-05,32,SGD,0.9,nan,256,45,[0.68794326 2.1920904  0.91725768],0.02,1.0,1.10335,1.12041,0.18182,0.13255,"[0.0, 0.28, 0.11765]",309,1.10335,1.12041,0.18182,0.13255,"[0.0, 0.28, 0.11765]",309,STOPPED,194.398
82,20260102_133603,gaitgl_GREW_TOP70.csv,70%,Preset_4,Transformer,42,"[512, 768, 1024, 768]",32,4,1536,0.1,gelu,prenorm,learned,mean,False,0.0003,1e-05,32,SGD,0.9,nan,256,45,[0.68794326 2.1920904  0.91725768],0.02,1.0,0.13697,2.25217,0.43182,0.37075,"[0.4878, 0.15385, 0.47059]",739,0.22177,1.72275,0.54545,0.45879,"[0.6087, 0.22222, 0.54545]",488,COMPLETED,466.797
83,20260102_133603,gaitgl_OUMVLP_TOP70.csv,70%,Preset_4,Transformer,42,"[512, 768, 1024, 768]",32,4,1536,0.1,gelu,prenorm,learned,mean,False,0.0003,1e-05,32,SGD,0.9,nan,256,45,[0.68794326 2.1920904  0.91725768],0.02,1.0,0.19793,2.61831,0.47727,0.40278,"[0.54167, 0.2, 0.46667]",2215,0.25239,2.43077,0.5,0.49392,"[0.52632, 0.47059, 0.48485]",1853,STOPPED,1397.531
84,20260102_133603,gaitgl_TOP70.csv,70%,Preset_4,Transformer,42,"[512, 768, 1024, 768]",32,4,1536,0.1,gelu,prenorm,learned,mean,False,0.0003,1e-05,32,SGD,0.9,nan,128,45,[0.68794326 2.1920904  0.91725768],0.02,1.0,0.13858,3.24085,0.29545,0.27872,"[0.35897, 0.21053, 0.26667]",1044,0.66543,1.34853,0.43182,0.42475,"[0.45, 0.4, 0.42424]",223,COMPLETED,652.116
85,20260102_133603,gaitpart_GREW_TOP70.csv,70%,Preset_4,Transformer,42,"[512, 768, 1024, 768]",32,4,1536,0.1,gelu,prenorm,learned,mean,False,0.0003,1e-05,32,SGD,0.9,nan,256,12,[0.68794326 2.1920904  0.91725768],0.02,1.0,1.09727,1.10076,0.27273,0.26634,"[0.32258, 0.15385, 0.32258]",271,1.09727,1.10076,0.27273,0.26634,"[0.32258, 0.15385, 0.32258]",271,STOPPED,108.727
86,20260102_133603,gaitpart_OUMVLP_TOP70.csv,70%,Preset_4,Transformer,42,"[512, 768, 1024, 768]",32,4,1536,0.1,gelu,prenorm,learned,mean,False,0.0003,1e-05,32,SGD,0.9,nan,256,12,[0.68794326 2.1920904  0.91725768],0.02,1.0,0.86641,1.25459,0.36364,0.35181,"[0.24, 0.34483, 0.47059]",1032,0.86641,1.25459,0.36364,0.35181,"[0.24, 0.34483, 0.47059]",1032,STOPPED,418.159
87,20260102_133603,gaitset_GREW_TOP70.csv,70%,Preset_4,Transformer,42,"[512, 768, 1024, 768]",32,4,1536,0.1,gelu,prenorm,learned,mean,False,0.0003,1e-05,32,SGD,0.9,nan,256,44,[0.68794326 2.1920904  0.91725768],0.02,1.0,0.92738,1.19211,0.43182,0.39465,"[0.23077, 0.4, 0.55319]",1662,0.92738,1.19211,0.43182,0.39465,"[0.23077, 0.4, 0.55319]",1662,STOPPED,964.928
88,20260102_133603,gaitset_OUMVLP_TOP70.csv,70%,Preset_4,Transformer,42,"[512, 768, 1024, 768]",32,4,1536,0.1,gelu,prenorm,learned,mean,False,0.0003,1e-05,32,SGD,0.9,nan,256,44,[0.68794326 2.1920904  0.91725768],0.02,1.0,0.76956,1.49913,0.31818,0.28939,"[0.34483, 0.09091, 0.43243]",1727,0.74775,1.35738,0.43182,0.34556,"[0.58333, 0.13333, 0.32]",1614,STOPPED,1001.691
89,20260102_133603,gaitset_TOP70.csv,70%,Preset_4,Transformer,42,"[512, 768, 1024, 768]",32,4,1536,0.1,gelu,prenorm,learned,mean,False,0.0003,1e-05,32,SGD,0.9,nan,256,44,[0.68794326 2.1920904  0.91725768],0.02,1.0,0.8973,1.36056,0.29545,0.29429,"[0.28571, 0.35714, 0.24]",1298,0.8973,1.36056,0.29545,0.29429,"[0.28571, 0.35714, 0.24]",1298,STOPPED,753.252
90,20260102_133603,gln_phase1_TOP70.csv,70%,Preset_4,Transformer,42,"[512, 768, 1024, 768]",32,4,1536,0.1,gelu,prenorm,learned,mean,False,0.0003,1e-05,32,SGD,0.9,nan,256,66,[0.68794326 2.1920904  0.91725768],0.02,1.0,0.88817,0.98719,0.5,0.43314,"[0.53659, 0.25, 0.51282]",1008,0.88817,0.98719,0.5,0.43314,"[0.53659, 0.25, 0.51282]",1008,STOPPED,838.251
91,20260102_133603,gln_phase2_TOP70.csv,70%,Preset_4,Transformer,42,"[512, 768, 1024, 768]",32,4,1536,0.1,gelu,prenorm,learned,mean,False,0.0003,1e-05,32,SGD,0.9,nan,256,66,[0.68794326 2.1920904  0.91725768],0.02,1.0,0.81883,1.22044,0.43182,0.3748,"[0.52381, 0.22222, 0.37838]",1563,0.74859,1.25905,0.43182,0.41244,"[0.5, 0.28571, 0.45161]",1414,STOPPED,1307.555

92,20260102_133603,baseline_CASIAB_TOP70.csv,70%,Preset_5,Transformer,42,"[512, 512, 512]",8,3,1152,0.0,silu,prenorm,learned,cls,True,0.0005,1e-06,40,Adam,0.0,nan,256,22,[0.68794326 2.1920904  0.91725768],0.02,1.0,0.11833,2.75765,0.43182,0.39063,"[0.53659, 0.23529, 0.4]",352,0.57918,1.63719,0.52273,0.50419,"[0.48276, 0.44444, 0.58537]",171,COMPLETED,83.221
93,20260102_133603,baseline_OUMVLP_TOP70.csv,70%,Preset_5,Transformer,42,"[512, 512, 512]",8,3,1152,0.0,silu,prenorm,learned,cls,True,0.0005,1e-06,40,Adam,0.0,nan,256,22,[0.68794326 2.1920904  0.91725768],0.02,1.0,0.49034,2.03981,0.43182,0.37083,"[0.4375, 0.125, 0.55]",269,0.33377,1.92496,0.5,0.44516,"[0.58333, 0.30769, 0.44444]",171,STOPPED,63.573
94,20260102_133603,gaitgl_GREW_BNNeck_TOP70.csv,70%,Preset_5,Transformer,42,"[512, 512, 512]",8,3,1152,0.0,silu,prenorm,learned,cls,True,0.0005,1e-06,40,Adam,0.0,nan,256,45,[0.68794326 2.1920904  0.91725768],0.02,1.0,0.65259,2.08739,0.38636,0.2682,"[0.58824, 0.11111, 0.10526]",530,0.59725,2.21572,0.47727,0.44327,"[0.58537, 0.3, 0.44444]",527,STOPPED,140.607
95,20260102_133603,gaitgl_GREW_TOP70.csv,70%,Preset_5,Transformer,42,"[512, 512, 512]",8,3,1152,0.0,silu,prenorm,learned,cls,True,0.0005,1e-06,40,Adam,0.0,nan,256,45,[0.68794326 2.1920904  0.91725768],0.02,1.0,0.10335,2.0519,0.45455,0.33419,"[0.55814, 0.0, 0.44444]",54,0.12325,1.57891,0.63636,0.52905,"[0.69565, 0.18182, 0.70968]",35,COMPLETED,14.501
96,20260102_133603,gaitgl_OUMVLP_TOP70.csv,70%,Preset_5,Transformer,42,"[512, 512, 512]",8,3,1152,0.0,silu,prenorm,learned,cls,True,0.0005,1e-06,40,Adam,0.0,nan,256,45,[0.68794326 2.1920904  0.91725768],0.02,1.0,0.1018,2.74419,0.40909,0.3538,"[0.42105, 0.15385, 0.48649]",115,0.18745,2.19175,0.54545,0.4588,"[0.6, 0.18182, 0.59459]",99,COMPLETED,30.557
97,20260102_133603,gaitgl_TOP70.csv,70%,Preset_5,Transformer,42,"[512, 512, 512]",8,3,1152,0.0,silu,prenorm,learned,cls,True,0.0005,1e-06,40,Adam,0.0,nan,128,45,[0.68794326 2.1920904  0.91725768],0.02,1.0,0.10876,1.7736,0.61364,0.45116,"[0.70833, 0.0, 0.64516]",61,0.37467,1.48452,0.63636,0.52552,"[0.70588, 0.25, 0.62069]",17,COMPLETED,15.643
98,20260102_133603,gaitpart_GREW_TOP70.csv,70%,Preset_5,Transformer,42,"[512, 512, 512]",8,3,1152,0.0,silu,prenorm,learned,cls,True,0.0005,1e-06,40,Adam,0.0,nan,256,12,[0.68794326 2.1920904  0.91725768],0.02,1.0,0.10677,3.2759,0.36364,0.31862,"[0.39024, 0.15385, 0.41176]",308,0.52225,1.92526,0.43182,0.41484,"[0.47368, 0.33333, 0.4375]",127,COMPLETED,69.709
99,20260102_133603,gaitpart_OUMVLP_TOP70.csv,70%,Preset_5,Transformer,42,"[512, 512, 512]",8,3,1152,0.0,silu,prenorm,learned,cls,True,0.0005,1e-06,40,Adam,0.0,nan,256,12,[0.68794326 2.1920904  0.91725768],0.02,1.0,0.11419,2.96355,0.36364,0.34257,"[0.34286, 0.2, 0.48485]",459,0.70258,1.14531,0.59091,0.55952,"[0.63636, 0.46154, 0.58065]",164,COMPLETED,104.427
100,20260102_133603,gaitset_GREW_TOP70.csv,70%,Preset_5,Transformer,42,"[512, 512, 512]",8,3,1152,0.0,silu,prenorm,learned,cls,True,0.0005,1e-06,40,Adam,0.0,nan,256,44,[0.68794326 2.1920904  0.91725768],0.02,1.0,0.10889,2.94641,0.36364,0.28387,"[0.4, 0.0, 0.45161]",293,0.66305,1.67437,0.43182,0.39816,"[0.47619, 0.26667, 0.45161]",98,COMPLETED,79.223
101,20260102_133603,gaitset_OUMVLP_TOP70.csv,70%,Preset_5,Transformer,42,"[512, 512, 512]",8,3,1152,0.0,silu,prenorm,learned,cls,True,0.0005,1e-06,40,Adam,0.0,nan,256,44,[0.68794326 2.1920904  0.91725768],0.02,1.0,0.20892,2.45096,0.43182,0.28449,"[0.59259, 0.0, 0.26087]",288,0.65954,1.87477,0.40909,0.39744,"[0.5, 0.23077, 0.46154]",220,STOPPED,77.456
102,20260102_133603,gaitset_TOP70.csv,70%,Preset_5,Transformer,42,"[512, 512, 512]",8,3,1152,0.0,silu,prenorm,learned,cls,True,0.0005,1e-06,40,Adam,0.0,nan,256,44,[0.68794326 2.1920904  0.91725768],0.02,1.0,0.10507,2.23698,0.5,0.4135,"[0.62222, 0.16667, 0.45161]",462,0.4789,1.53526,0.56818,0.54612,"[0.62222, 0.5, 0.51613]",189,COMPLETED,125.104
103,20260102_133603,gln_phase1_TOP70.csv,70%,Preset_5,Transformer,42,"[512, 512, 512]",8,3,1152,0.0,silu,prenorm,learned,cls,True,0.0005,1e-06,40,Adam,0.0,nan,256,66,[0.68794326 2.1920904  0.91725768],0.02,1.0,0.18215,2.76152,0.36364,0.28205,"[0.51282, 0.0, 0.33333]",368,0.64811,1.29958,0.54545,0.45148,"[0.51613, 0.2, 0.6383]",38,STOPPED,121.982
104,20260102_133603,gln_phase2_TOP70.csv,70%,Preset_5,Transformer,42,"[512, 512, 512]",8,3,1152,0.0,silu,prenorm,learned,cls,True,0.0005,1e-06,40,Adam,0.0,nan,256,66,[0.68794326 2.1920904  0.91725768],0.02,1.0,0.13503,1.98918,0.47727,0.39905,"[0.61905, 0.15385, 0.42424]",399,0.23019,1.81019,0.59091,0.55316,"[0.68182, 0.46154, 0.51613]",287,COMPLETED,132.041

105,20260102_133603,baseline_CASIAB_TOP70.csv,70%,Preset_6,Transformer,42,"[256, 512]",8,2,512,0.0,silu,prenorm,sinusoidal,mean,False,2e-05,1e-06,64,AdamW,0.0,nan,256,22,[0.68794326 2.1920904  0.91725768],0.02,1.0,0.12604,3.22451,0.29545,0.25926,"[0.4, 0.11111, 0.26667]",540,0.62542,1.68706,0.40909,0.39667,"[0.43243, 0.33333, 0.42424]",182,COMPLETED,68.762
106,20260102_133603,baseline_OUMVLP_TOP70.csv,70%,Preset_6,Transformer,42,"[256, 512]",8,2,512,0.0,silu,prenorm,sinusoidal,mean,False,2e-05,1e-06,64,AdamW,0.0,nan,256,22,[0.68794326 2.1920904  0.91725768],0.02,1.0,0.13784,2.18464,0.47727,0.45859,"[0.48649, 0.375, 0.51429]",579,0.50487,1.73918,0.56818,0.50823,"[0.63636, 0.30769, 0.58065]",304,COMPLETED,73.09
107,20260102_133603,gaitgl_GREW_BNNeck_TOP70.csv,70%,Preset_6,Transformer,42,"[256, 512]",8,2,512,0.0,silu,prenorm,sinusoidal,mean,False,2e-05,1e-06,64,AdamW,0.0,nan,256,45,[0.68794326 2.1920904  0.91725768],0.02,1.0,0.139,2.33496,0.5,0.42019,"[0.57778, 0.16667, 0.51613]",1131,0.39888,1.61285,0.54545,0.48937,"[0.6087, 0.30769, 0.55172]",663,COMPLETED,166.346
108,20260102_133603,gaitgl_GREW_TOP70.csv,70%,Preset_6,Transformer,42,"[256, 512]",8,2,512,0.0,silu,prenorm,sinusoidal,mean,False,2e-05,1e-06,64,AdamW,0.0,nan,256,45,[0.68794326 2.1920904  0.91725768],0.02,1.0,0.12022,1.47342,0.47727,0.41459,"[0.65116, 0.22222, 0.37037]",72,0.13548,1.3853,0.5,0.48438,"[0.59459, 0.42105, 0.4375]",68,COMPLETED,10.619
109,20260102_133603,gaitgl_OUMVLP_TOP70.csv,70%,Preset_6,Transformer,42,"[256, 512]",8,2,512,0.0,silu,prenorm,sinusoidal,mean,False,2e-05,1e-06,64,AdamW,0.0,nan,256,45,[0.68794326 2.1920904  0.91725768],0.02,1.0,0.13501,1.77892,0.47727,0.47092,"[0.46667, 0.41667, 0.52941]",200,0.20417,1.61508,0.54545,0.48861,"[0.6087, 0.28571, 0.57143]",169,COMPLETED,29.62
110,20260102_133603,gaitgl_TOP70.csv,70%,Preset_6,Transformer,42,"[256, 512]",8,2,512,0.0,silu,prenorm,sinusoidal,mean,False,2e-05,1e-06,64,AdamW,0.0,nan,128,45,[0.68794326 2.1920904  0.91725768],0.02,1.0,0.12422,2.38416,0.38636,0.29825,"[0.52632, 0.0, 0.36842]",84,0.68821,1.18645,0.47727,0.40794,"[0.52381, 0.2, 0.5]",43,COMPLETED,11.681
111,20260102_133603,gaitpart_GREW_TOP70.csv,70%,Preset_6,Transformer,42,"[256, 512]",8,2,512,0.0,silu,prenorm,sinusoidal,mean,False,2e-05,1e-06,64,AdamW,0.0,nan,256,12,[0.68794326 2.1920904  0.91725768],0.02,1.0,0.1296,2.35468,0.45455,0.39193,"[0.55814, 0.11765, 0.5]",741,0.48346,1.76976,0.47727,0.46736,"[0.54054, 0.46154, 0.4]",366,COMPLETED,86.906
112,20260102_133603,gaitpart_OUMVLP_TOP70.csv,70%,Preset_6,Transformer,42,"[256, 512]",8,2,512,0.0,silu,prenorm,sinusoidal,mean,False,2e-05,1e-06,64,AdamW,0.0,nan,256,12,[0.68794326 2.1920904  0.91725768],0.02,1.0,0.12732,2.13076,0.45455,0.39436,"[0.62222, 0.3, 0.26087]",842,0.29266,1.80671,0.56818,0.54503,"[0.57895, 0.46154, 0.59459]",542,COMPLETED,98.993
113,20260102_133603,gaitset_GREW_TOP70.csv,70%,Preset_6,Transformer,42,"[256, 512]",8,2,512,0.0,silu,prenorm,sinusoidal,mean,False,2e-05,1e-06,64,AdamW,0.0,nan,256,44,[0.68794326 2.1920904  0.91725768],0.02,1.0,0.12121,2.9558,0.47727,0.40894,"[0.6383, 0.27273, 0.31579]",710,0.15063,2.67956,0.54545,0.50674,"[0.65116, 0.28571, 0.58333]",698,COMPLETED,101.125
114,20260102_133603,gaitset_OUMVLP_TOP70.csv,70%,Preset_6,Transformer,42,"[256, 512]",8,2,512,0.0,silu,prenorm,sinusoidal,mean,False,2e-05,1e-06,64,AdamW,0.0,nan,256,44,[0.68794326 2.1920904  0.91725768],0.02,1.0,0.12841,2.06418,0.5,0.37276,"[0.66667, 0.0, 0.45161]",913,0.69949,1.27353,0.54545,0.40741,"[0.66667, 0.0, 0.55556]",213,COMPLETED,129.668
115,20260102_133603,gaitset_TOP70.csv,70%,Preset_6,Transformer,42,"[256, 512]",8,2,512,0.0,silu,prenorm,sinusoidal,mean,False,2e-05,1e-06,64,AdamW,0.0,nan,256,44,[0.68794326 2.1920904  0.91725768],0.02,1.0,0.13355,3.36997,0.34091,0.25269,"[0.5, 0.0, 0.25806]",592,0.51526,2.21559,0.47727,0.44235,"[0.45714, 0.33333, 0.53659]",333,COMPLETED,83.658
116,20260102_133603,gln_phase1_TOP70.csv,70%,Preset_6,Transformer,42,"[256, 512]",8,2,512,0.0,silu,prenorm,sinusoidal,mean,False,2e-05,1e-06,64,AdamW,0.0,nan,256,66,[0.68794326 2.1920904  0.91725768],0.02,1.0,0.13103,2.6703,0.38636,0.2906,"[0.41026, 0.0, 0.46154]",363,0.6144,1.87585,0.52273,0.38372,"[0.65116, 0.0, 0.5]",194,COMPLETED,64.34
117,20260102_133603,gln_phase2_TOP70.csv,70%,Preset_6,Transformer,42,"[256, 512]",8,2,512,0.0,silu,prenorm,sinusoidal,mean,False,2e-05,1e-06,64,AdamW,0.0,nan,256,66,[0.68794326 2.1920904  0.91725768],0.02,1.0,0.13087,2.64832,0.45455,0.38875,"[0.44444, 0.14286, 0.57895]",466,0.15242,2.46495,0.52273,0.47465,"[0.55, 0.28571, 0.58824]",405,COMPLETED,82.551

118,20260102_133603,baseline_CASIAB_TOP70.csv,70%,Preset_7,Transformer,42,"[512, 512, 512, 512, 512]",16,5,768,0.1,mish,prenorm,learned,mean,False,0.0001,1e-06,32,Adam,0.0,L2,256,22,[0.68794326 2.1920904  0.91725768],0.02,1.0,1.14182,2.41136,0.40909,0.35154,"[0.47619, 0.16667, 0.41176]",910,0.64148,1.47798,0.56818,0.49728,"[0.66667, 0.36364, 0.46154]",323,STOPPED,400.722
119,20260102_133603,baseline_OUMVLP_TOP70.csv,70%,Preset_7,Transformer,42,"[512, 512, 512, 512, 512]",16,5,768,0.1,mish,prenorm,learned,mean,False,0.0001,1e-06,32,Adam,0.0,L2,256,22,[0.68794326 2.1920904  0.91725768],0.02,1.0,0.6412,1.4805,0.45455,0.38546,"[0.45161, 0.13333, 0.57143]",829,0.43506,1.45363,0.56818,0.51176,"[0.57895, 0.30769, 0.64865]",716,STOPPED,356.725
120,20260102_133603,gaitgl_GREW_BNNeck_TOP70.csv,70%,Preset_7,Transformer,42,"[512, 512, 512, 512, 512]",16,5,768,0.1,mish,prenorm,learned,mean,False,0.0001,1e-06,32,Adam,0.0,L2,256,45,[0.68794326 2.1920904  0.91725768],0.02,1.0,0.1208,3.37152,0.31818,0.24804,"[0.45, 0.0, 0.29412]",826,0.71837,1.79363,0.5,0.40577,"[0.65385, 0.35294, 0.21053]",208,STOPPED,373.589
121,20260102_133603,gaitgl_GREW_TOP70.csv,70%,Preset_7,Transformer,42,"[512, 512, 512, 512, 512]",16,5,768,0.1,mish,prenorm,learned,mean,False,0.0001,1e-06,32,Adam,0.0,L2,256,45,[0.68794326 2.1920904  0.91725768],0.02,1.0,0.13687,2.23576,0.5,0.41925,"[0.62745, 0.26667, 0.36364]",564,0.19932,1.71855,0.63636,0.56923,"[0.69231, 0.4, 0.61538]",538,COMPLETED,225.507
122,20260102_133603,gaitgl_OUMVLP_TOP70.csv,70%,Preset_7,Transformer,42,"[512, 512, 512, 512, 512]",16,5,768,0.1,mish,prenorm,learned,mean,False,0.0001,1e-06,32,Adam,0.0,L2,256,45,[0.68794326 2.1920904  0.91725768],0.02,1.0,1.10696,1.08543,0.36364,0.17778,"[0.0, 0.0, 0.53333]",207,1.10696,1.08543,0.36364,0.17778,"[0.0, 0.0, 0.53333]",207,STOPPED,82.718
123,20260102_133603,gaitgl_TOP70.csv,70%,Preset_7,Transformer,42,"[512, 512, 512, 512, 512]",16,5,768,0.1,mish,prenorm,learned,mean,False,0.0001,1e-06,32,Adam,0.0,L2,128,45,[0.68794326 2.1920904  0.91725768],0.02,1.0,0.11383,3.09233,0.38636,0.29593,"[0.4878, 0.0, 0.4]",495,0.53931,2.04335,0.40909,0.3854,"[0.52632, 0.27273, 0.35714]",235,COMPLETED,193.589
124,20260102_133603,gaitpart_GREW_TOP70.csv,70%,Preset_7,Transformer,42,"[512, 512, 512, 512, 512]",16,5,768,0.1,mish,prenorm,learned,mean,False,0.0001,1e-06,32,Adam,0.0,L2,256,12,[0.68794326 2.1920904  0.91725768],0.02,1.0,1.10638,1.09524,0.47727,0.21538,"[0.64615, 0.0, 0.0]",138,1.10638,1.09524,0.47727,0.21538,"[0.64615, 0.0, 0.0]",138,STOPPED,49.084
125,20260102_133603,gaitpart_OUMVLP_TOP70.csv,70%,Preset_7,Transformer,42,"[512, 512, 512, 512, 512]",16,5,768,0.1,mish,prenorm,learned,mean,False,0.0001,1e-06,32,Adam,0.0,L2,256,12,[0.68794326 2.1920904  0.91725768],0.02,1.0,1.10568,1.10538,0.15909,0.0915,"[0.0, 0.27451, 0.0]",187,1.10568,1.10538,0.15909,0.0915,"[0.0, 0.27451, 0.0]",187,STOPPED,66.51
126,20260102_133603,gaitset_GREW_TOP70.csv,70%,Preset_7,Transformer,42,"[512, 512, 512, 512, 512]",16,5,768,0.1,mish,prenorm,learned,mean,False,0.0001,1e-06,32,Adam,0.0,L2,256,44,[0.68794326 2.1920904  0.91725768],0.02,1.0,1.10557,1.0815,0.47727,0.21538,"[0.64615, 0.0, 0.0]",144,1.10557,1.0815,0.47727,0.21538,"[0.64615, 0.0, 0.0]",144,STOPPED,57.05
127,20260102_133603,gaitset_OUMVLP_TOP70.csv,70%,Preset_7,Transformer,42,"[512, 512, 512, 512, 512]",16,5,768,0.1,mish,prenorm,learned,mean,False,0.0001,1e-06,32,Adam,0.0,L2,256,44,[0.68794326 2.1920904  0.91725768],0.02,1.0,1.10885,1.11186,0.15909,0.0915,"[0.0, 0.27451, 0.0]",117,1.10885,1.11186,0.15909,0.0915,"[0.0, 0.27451, 0.0]",117,STOPPED,46.196
128,20260102_133603,gaitset_TOP70.csv,70%,Preset_7,Transformer,42,"[512, 512, 512, 512, 512]",16,5,768,0.1,mish,prenorm,learned,mean,False,0.0001,1e-06,32,Adam,0.0,L2,256,44,[0.68794326 2.1920904  0.91725768],0.02,1.0,0.11066,2.95313,0.40909,0.34071,"[0.51064, 0.16667, 0.34483]",771,0.59308,2.0693,0.5,0.45361,"[0.61224, 0.42857, 0.32]",600,COMPLETED,306.206
129,20260102_133603,gln_phase1_TOP70.csv,70%,Preset_7,Transformer,42,"[512, 512, 512, 512, 512]",16,5,768,0.1,mish,prenorm,learned,mean,False,0.0001,1e-06,32,Adam,0.0,L2,256,66,[0.68794326 2.1920904  0.91725768],0.02,1.0,0.13223,2.25975,0.52273,0.44565,"[0.61538, 0.13333, 0.58824]",1077,0.36152,1.41886,0.61364,0.50885,"[0.69767, 0.18182, 0.64706]",727,COMPLETED,501.606
130,20260102_133603,gln_phase2_TOP70.csv,70%,Preset_7,Transformer,42,"[512, 512, 512, 512, 512]",16,5,768,0.1,mish,prenorm,learned,mean,False,0.0001,1e-06,32,Adam,0.0,L2,256,66,[0.68794326 2.1920904  0.91725768],0.02,1.0,0.12972,3.33145,0.31818,0.25198,"[0.38095, 0.0, 0.375]",666,0.32522,2.12772,0.47727,0.43889,"[0.33333, 0.4, 0.58333]",477,COMPLETED,311.324

131,20260102_133603,baseline_CASIAB_TOP70.csv,70%,Preset_8,Transformer,42,"[512, 640, 768, 640]",16,4,1280,0.1,silu,postnorm,sinusoidal,cls,True,5e-05,1e-06,32,Adam,0.0,nan,256,22,[0.68794326 2.1920904  0.91725768],0.02,1.0,0.10919,2.69922,0.43182,0.30646,"[0.54902, 0.0, 0.37037]",343,0.18172,2.49465,0.52273,0.43056,"[0.625, 0.2, 0.46667]",231,COMPLETED,120.301
132,20260102_133603,baseline_OUMVLP_TOP70.csv,70%,Preset_8,Transformer,42,"[512, 640, 768, 640]",16,4,1280,0.1,silu,postnorm,sinusoidal,cls,True,5e-05,1e-06,32,Adam,0.0,nan,256,22,[0.68794326 2.1920904  0.91725768],0.02,1.0,0.11478,2.76978,0.40909,0.38691,"[0.4878, 0.31579, 0.35714]",284,0.60866,1.12086,0.59091,0.57302,"[0.61905, 0.5, 0.6]",132,COMPLETED,100.123
133,20260102_133603,gaitgl_GREW_BNNeck_TOP70.csv,70%,Preset_8,Transformer,42,"[512, 640, 768, 640]",16,4,1280,0.1,silu,postnorm,sinusoidal,cls,True,5e-05,1e-06,32,Adam,0.0,nan,256,45,[0.68794326 2.1920904  0.91725768],0.02,1.0,1.10838,1.09661,0.47727,0.21538,"[0.64615, 0.0, 0.0]",246,1.10838,1.09661,0.47727,0.21538,"[0.64615, 0.0, 0.0]",246,STOPPED,94.241
134,20260102_133603,gaitgl_GREW_TOP70.csv,70%,Preset_8,Transformer,42,"[512, 640, 768, 640]",16,4,1280,0.1,silu,postnorm,sinusoidal,cls,True,5e-05,1e-06,32,Adam,0.0,nan,256,45,[0.68794326 2.1920904  0.91725768],0.02,1.0,0.10883,1.92244,0.52273,0.38173,"[0.60465, 0.0, 0.54054]",34,0.17945,1.93829,0.47727,0.44898,"[0.41379, 0.375, 0.55814]",22,COMPLETED,12.955
135,20260102_133603,gaitgl_OUMVLP_TOP70.csv,70%,Preset_8,Transformer,42,"[512, 640, 768, 640]",16,4,1280,0.1,silu,postnorm,sinusoidal,cls,True,5e-05,1e-06,32,Adam,0.0,nan,256,45,[0.68794326 2.1920904  0.91725768],0.02,1.0,0.11411,2.21511,0.47727,0.43298,"[0.5641, 0.25, 0.48485]",94,0.25196,1.47521,0.59091,0.53608,"[0.65, 0.36364, 0.59459]",49,COMPLETED,36.831
136,20260102_133603,gaitgl_TOP70.csv,70%,Preset_8,Transformer,42,"[512, 640, 768, 640]",16,4,1280,0.1,silu,postnorm,sinusoidal,cls,True,5e-05,1e-06,32,Adam,0.0,nan,128,45,[0.68794326 2.1920904  0.91725768],0.02,1.0,0.13733,1.62018,0.54545,0.51721,"[0.57778, 0.44444, 0.52941]",31,0.1839,2.05994,0.54545,0.51938,"[0.55814, 0.44444, 0.55556]",23,COMPLETED,14.35
137,20260102_133603,gaitpart_GREW_TOP70.csv,70%,Preset_8,Transformer,42,"[512, 640, 768, 640]",16,4,1280,0.1,silu,postnorm,sinusoidal,cls,True,5e-05,1e-06,32,Adam,0.0,nan,256,12,[0.68794326 2.1920904  0.91725768],0.02,1.0,0.11347,2.5306,0.40909,0.38793,"[0.4186, 0.30769, 0.4375]",557,0.1495,2.13626,0.54545,0.48611,"[0.625, 0.33333, 0.5]",496,COMPLETED,206.656
138,20260102_133603,gaitpart_OUMVLP_TOP70.csv,70%,Preset_8,Transformer,42,"[512, 640, 768, 640]",16,4,1280,0.1,silu,postnorm,sinusoidal,cls,True,5e-05,1e-06,32,Adam,0.0,nan,256,12,[0.68794326 2.1920904  0.91725768],0.02,1.0,0.12556,1.83638,0.59091,0.52688,"[0.66667, 0.33333, 0.58065]",666,0.71628,1.06456,0.63636,0.62222,"[0.66667, 0.57143, 0.62857]",157,COMPLETED,248.546
139,20260102_133603,gaitset_GREW_TOP70.csv,70%,Preset_8,Transformer,42,"[512, 640, 768, 640]",16,4,1280,0.1,silu,postnorm,sinusoidal,cls,True,5e-05,1e-06,32,Adam,0.0,nan,256,44,[0.68794326 2.1920904  0.91725768],0.02,1.0,1.11252,1.08816,0.36364,0.17778,"[0.0, 0.0, 0.53333]",127,1.11252,1.08816,0.36364,0.17778,"[0.0, 0.0, 0.53333]",127,STOPPED,61.855
140,20260102_133603,gaitset_OUMVLP_TOP70.csv,70%,Preset_8,Transformer,42,"[512, 640, 768, 640]",16,4,1280,0.1,silu,postnorm,sinusoidal,cls,True,5e-05,1e-06,32,Adam,0.0,nan,256,44,[0.68794326 2.1920904  0.91725768],0.02,1.0,0.13708,2.82064,0.40909,0.35253,"[0.42424, 0.13333, 0.5]",471,0.31781,2.05065,0.56818,0.46772,"[0.74419, 0.14286, 0.51613]",254,COMPLETED,228.646
141,20260102_133603,gaitset_TOP70.csv,70%,Preset_8,Transformer,42,"[512, 640, 768, 640]",16,4,1280,0.1,silu,postnorm,sinusoidal,cls,True,5e-05,1e-06,32,Adam,0.0,nan,256,44,[0.68794326 2.1920904  0.91725768],0.02,1.0,0.13814,2.75294,0.40909,0.34906,"[0.47826, 0.18182, 0.3871]",329,0.50214,1.64886,0.47727,0.50498,"[0.41176, 0.61538, 0.4878]",176,COMPLETED,159.742
142,20260102_133603,gln_phase1_TOP70.csv,70%,Preset_8,Transformer,42,"[512, 640, 768, 640]",16,4,1280,0.1,silu,postnorm,sinusoidal,cls,True,5e-05,1e-06,32,Adam,0.0,nan,256,66,[0.68794326 2.1920904  0.91725768],0.02,1.0,0.12096,2.85391,0.43182,0.31503,"[0.53333, 0.0, 0.41176]",203,0.19258,2.29965,0.56818,0.46834,"[0.66667, 0.22222, 0.51613]",153,COMPLETED,127.849
143,20260102_133603,gln_phase2_TOP70.csv,70%,Preset_8,Transformer,42,"[512, 640, 768, 640]",16,4,1280,0.1,silu,postnorm,sinusoidal,cls,True,5e-05,1e-06,32,Adam,0.0,nan,256,66,[0.68794326 2.1920904  0.91725768],0.02,1.0,0.13577,2.76918,0.31818,0.24444,"[0.33333, 0.0, 0.4]",226,0.69102,1.36823,0.45455,0.41717,"[0.5, 0.26667, 0.48485]",112,COMPLETED,142.646

144,20260102_133603,baseline_CASIAB_TOP70.csv,70%,Preset_9,Transformer,42,"[896, 896, 896]",8,3,1152,0.1,silu,prenorm,learned,mean,False,5e-05,1e-06,32,Adam,0.0,L2,256,22,[0.68794326 2.1920904  0.91725768],0.02,1.0,0.18186,2.20607,0.43182,0.31849,"[0.54167, 0.0, 0.41379]",943,0.48939,1.52981,0.5,0.49815,"[0.55, 0.5, 0.44444]",620,STOPPED,383.939
145,20260102_133603,baseline_OUMVLP_TOP70.csv,70%,Preset_9,Transformer,42,"[896, 896, 896]",8,3,1152,0.1,silu,prenorm,learned,mean,False,5e-05,1e-06,32,Adam,0.0,L2,256,22,[0.68794326 2.1920904  0.91725768],0.02,1.0,0.10959,2.16994,0.54545,0.46154,"[0.5641, 0.15385, 0.66667]",1260,0.17204,2.47995,0.59091,0.5504,"[0.63158, 0.35294, 0.66667]",1059,COMPLETED,496.546
146,20260102_133603,gaitgl_GREW_BNNeck_TOP70.csv,70%,Preset_9,Transformer,42,"[896, 896, 896]",8,3,1152,0.1,silu,prenorm,learned,mean,False,5e-05,1e-06,32,Adam,0.0,L2,256,45,[0.68794326 2.1920904  0.91725768],0.02,1.0,0.10813,3.4187,0.36364,0.34542,"[0.42857, 0.3, 0.30769]",872,0.69715,1.47959,0.5,0.46574,"[0.57778, 0.375, 0.44444]",229,COMPLETED,317.762
147,20260102_133603,gaitgl_GREW_TOP70.csv,70%,Preset_9,Transformer,42,"[896, 896, 896]",8,3,1152,0.1,silu,prenorm,learned,mean,False,5e-05,1e-06,32,Adam,0.0,L2,256,45,[0.68794326 2.1920904  0.91725768],0.02,1.0,0.12533,2.61259,0.45455,0.37729,"[0.56522, 0.16667, 0.4]",653,0.5215,1.7413,0.54545,0.49084,"[0.57143, 0.28571, 0.61538]",205,COMPLETED,239.493
148,20260102_133603,gaitgl_OUMVLP_TOP70.csv,70%,Preset_9,Transformer,42,"[896, 896, 896]",8,3,1152,0.1,silu,prenorm,learned,mean,False,5e-05,1e-06,32,Adam,0.0,L2,256,45,[0.68794326 2.1920904  0.91725768],0.02,1.0,1.10452,1.11444,0.15909,0.0915,"[0.0, 0.27451, 0.0]",118,1.10452,1.11444,0.15909,0.0915,"[0.0, 0.27451, 0.0]",118,STOPPED,41.657
149,20260102_133603,gaitgl_TOP70.csv,70%,Preset_9,Transformer,42,"[896, 896, 896]",8,3,1152,0.1,silu,prenorm,learned,mean,False,5e-05,1e-06,32,Adam,0.0,L2,128,45,[0.68794326 2.1920904  0.91725768],0.02,1.0,0.11471,2.90941,0.40909,0.30388,"[0.4, 0.0, 0.51163]",650,0.44901,2.02017,0.47727,0.35714,"[0.57143, 0.0, 0.5]",401,COMPLETED,228.398
150,20260102_133603,gaitpart_GREW_TOP70.csv,70%,Preset_9,Transformer,42,"[896, 896, 896]",8,3,1152,0.1,silu,prenorm,learned,mean,False,5e-05,1e-06,32,Adam,0.0,L2,256,12,[0.68794326 2.1920904  0.91725768],0.02,1.0,0.133,2.3996,0.47727,0.43651,"[0.61905, 0.33333, 0.35714]",1126,0.25744,1.88785,0.54545,0.51587,"[0.61905, 0.42857, 0.5]",961,COMPLETED,312.84
151,20260102_133603,gaitpart_OUMVLP_TOP70.csv,70%,Preset_9,Transformer,42,"[896, 896, 896]",8,3,1152,0.1,silu,prenorm,learned,mean,False,5e-05,1e-06,32,Adam,0.0,L2,256,12,[0.68794326 2.1920904  0.91725768],0.02,1.0,1.10946,1.12123,0.15909,0.0915,"[0.0, 0.27451, 0.0]",202,1.10946,1.12123,0.15909,0.0915,"[0.0, 0.27451, 0.0]",202,STOPPED,56.259
152,20260102_133603,gaitset_GREW_TOP70.csv,70%,Preset_9,Transformer,42,"[896, 896, 896]",8,3,1152,0.1,silu,prenorm,learned,mean,False,5e-05,1e-06,32,Adam,0.0,L2,256,44,[0.68794326 2.1920904  0.91725768],0.02,1.0,0.60869,1.80606,0.34091,0.3363,"[0.21429, 0.37037, 0.42424]",803,0.6817,1.4718,0.45455,0.44841,"[0.5, 0.41667, 0.42857]",406,STOPPED,269.544
153,20260102_133603,gaitset_OUMVLP_TOP70.csv,70%,Preset_9,Transformer,42,"[896, 896, 896]",8,3,1152,0.1,silu,prenorm,learned,mean,False,5e-05,1e-06,32,Adam,0.0,L2,256,44,[0.68794326 2.1920904  0.91725768],0.02,1.0,1.10572,1.11561,0.15909,0.0915,"[0.0, 0.27451, 0.0]",154,1.10572,1.11561,0.15909,0.0915,"[0.0, 0.27451, 0.0]",154,STOPPED,51.903
154,20260102_133603,gaitset_TOP70.csv,70%,Preset_9,Transformer,42,"[896, 896, 896]",8,3,1152,0.1,silu,prenorm,learned,mean,False,5e-05,1e-06,32,Adam,0.0,L2,256,44,[0.68794326 2.1920904  0.91725768],0.02,1.0,0.11423,2.69139,0.40909,0.3037,"[0.57778, 0.0, 0.33333]",924,0.61459,2.13046,0.47727,0.42427,"[0.61905, 0.26667, 0.3871]",597,COMPLETED,309.891
155,20260102_133603,gln_phase1_TOP70.csv,70%,Preset_9,Transformer,42,"[896, 896, 896]",8,3,1152,0.1,silu,prenorm,learned,mean,False,5e-05,1e-06,32,Adam,0.0,L2,256,66,[0.68794326 2.1920904  0.91725768],0.02,1.0,0.11416,2.43334,0.47727,0.40668,"[0.51282, 0.16667, 0.54054]",918,0.31411,1.66816,0.63636,0.56422,"[0.70833, 0.36364, 0.62069]",733,COMPLETED,627.634
156,20260102_133603,gln_phase2_TOP70.csv,70%,Preset_9,Transformer,42,"[896, 896, 896]",8,3,1152,0.1,silu,prenorm,learned,mean,False,5e-05,1e-06,32,Adam,0.0,L2,256,66,[0.68794326 2.1920904  0.91725768],0.02,1.0,0.10187,2.40434,0.52273,0.47098,"[0.51429, 0.25, 0.64865]",854,0.693,1.64345,0.56818,0.56389,"[0.46667, 0.6, 0.625]",233,COMPLETED,424.631

157,20260102_133603,baseline_CASIAB_TOP70.csv,70%,Preset_10,Transformer,42,[1024],32,1,1536,0.15,silu,prenorm,sinusoidal,max,False,3e-05,1e-06,24,AdamW,0.0,minmax,256,22,[0.68794326 2.1920904  0.91725768],0.02,1.0,0.13052,4.04923,0.36364,0.25522,"[0.4898, 0.0, 0.27586]",328,0.69055,1.57032,0.43182,0.38796,"[0.53333, 0.28571, 0.34483]",141,COMPLETED,61.052
158,20260102_133603,baseline_OUMVLP_TOP70.csv,70%,Preset_10,Transformer,42,[1024],32,1,1536,0.15,silu,prenorm,sinusoidal,max,False,3e-05,1e-06,24,AdamW,0.0,minmax,256,22,[0.68794326 2.1920904  0.91725768],0.02,1.0,0.1213,3.93988,0.38636,0.23635,"[0.60377, 0.0, 0.10526]",364,0.72535,1.34779,0.52273,0.44685,"[0.54054, 0.13333, 0.66667]",155,COMPLETED,67.369
159,20260102_133603,gaitgl_GREW_BNNeck_TOP70.csv,70%,Preset_10,Transformer,42,[1024],32,1,1536,0.15,silu,prenorm,sinusoidal,max,False,3e-05,1e-06,24,AdamW,0.0,minmax,256,45,[0.68794326 2.1920904  0.91725768],0.02,1.0,0.1207,3.47576,0.38636,0.33148,"[0.55, 0.11111, 0.33333]",436,0.27445,3.00213,0.47727,0.44429,"[0.63158, 0.27273, 0.42857]",323,COMPLETED,97.278
160,20260102_133603,gaitgl_GREW_TOP70.csv,70%,Preset_10,Transformer,42,[1024],32,1,1536,0.15,silu,prenorm,sinusoidal,max,False,3e-05,1e-06,24,AdamW,0.0,minmax,256,45,[0.68794326 2.1920904  0.91725768],0.02,1.0,0.11563,3.11879,0.45455,0.38972,"[0.5, 0.14286, 0.52632]",151,0.55571,1.28455,0.47727,0.41081,"[0.57692, 0.30769, 0.34783]",85,COMPLETED,34.085
161,20260102_133603,gaitgl_OUMVLP_TOP70.csv,70%,Preset_10,Transformer,42,[1024],32,1,1536,0.15,silu,prenorm,sinusoidal,max,False,3e-05,1e-06,24,AdamW,0.0,minmax,256,45,[0.68794326 2.1920904  0.91725768],0.02,1.0,0.12882,4.0561,0.36364,0.34436,"[0.48649, 0.26087, 0.28571]",518,0.21595,4.40904,0.40909,0.39715,"[0.48649, 0.35714, 0.34783]",487,COMPLETED,115.706
162,20260102_133603,gaitgl_TOP70.csv,70%,Preset_10,Transformer,42,[1024],32,1,1536,0.15,silu,prenorm,sinusoidal,max,False,3e-05,1e-06,24,AdamW,0.0,minmax,128,45,[0.68794326 2.1920904  0.91725768],0.02,1.0,0.12949,2.63211,0.5,0.42837,"[0.53659, 0.22222, 0.52632]",198,0.13361,2.67996,0.54545,0.50051,"[0.64, 0.46154, 0.4]",197,COMPLETED,42.956
163,20260102_133603,gaitpart_GREW_TOP70.csv,70%,Preset_10,Transformer,42,[1024],32,1,1536,0.15,silu,prenorm,sinusoidal,max,False,3e-05,1e-06,24,AdamW,0.0,minmax,256,12,[0.68794326 2.1920904  0.91725768],0.02,1.0,0.12529,2.81424,0.52273,0.43468,"[0.65217, 0.13333, 0.51852]",255,0.24377,2.81242,0.54545,0.52695,"[0.60465, 0.47619, 0.5]",189,COMPLETED,45.795
164,20260102_133603,gaitpart_OUMVLP_TOP70.csv,70%,Preset_10,Transformer,42,[1024],32,1,1536,0.15,silu,prenorm,sinusoidal,max,False,3e-05,1e-06,24,AdamW,0.0,minmax,256,12,[0.68794326 2.1920904  0.91725768],0.02,1.0,0.12458,2.94467,0.54545,0.48384,"[0.7, 0.26667, 0.48485]",738,0.19516,2.55181,0.56818,0.53175,"[0.66667, 0.42857, 0.5]",706,COMPLETED,132.078
165,20260102_133603,gaitset_GREW_TOP70.csv,70%,Preset_10,Transformer,42,[1024],32,1,1536,0.15,silu,prenorm,sinusoidal,max,False,3e-05,1e-06,24,AdamW,0.0,minmax,256,44,[0.68794326 2.1920904  0.91725768],0.02,1.0,0.12944,3.99174,0.40909,0.31951,"[0.57143, 0.0, 0.3871]",383,0.16146,3.98729,0.45455,0.41589,"[0.45714, 0.25, 0.54054]",351,COMPLETED,82.625
166,20260102_133603,gaitset_OUMVLP_TOP70.csv,70%,Preset_10,Transformer,42,[1024],32,1,1536,0.15,silu,prenorm,sinusoidal,max,False,3e-05,1e-06,24,AdamW,0.0,minmax,256,44,[0.68794326 2.1920904  0.91725768],0.02,1.0,1.10445,1.12037,0.36364,0.17778,"[0.0, 0.0, 0.53333]",210,1.10445,1.12037,0.36364,0.17778,"[0.0, 0.0, 0.53333]",210,STOPPED,45.233
167,20260102_133603,gaitset_TOP70.csv,70%,Preset_10,Transformer,42,[1024],32,1,1536,0.15,silu,prenorm,sinusoidal,max,False,3e-05,1e-06,24,AdamW,0.0,minmax,256,44,[0.68794326 2.1920904  0.91725768],0.02,1.0,0.12593,3.25708,0.36364,0.2925,"[0.52174, 0.125, 0.23077]",410,0.67346,1.52341,0.56818,0.51474,"[0.52941, 0.36364, 0.65116]",224,COMPLETED,88.853
168,20260102_133603,gln_phase1_TOP70.csv,70%,Preset_10,Transformer,42,[1024],32,1,1536,0.15,silu,prenorm,sinusoidal,max,False,3e-05,1e-06,24,AdamW,0.0,minmax,256,66,[0.68794326 2.1920904  0.91725768],0.02,1.0,0.1267,1.63794,0.54545,0.45717,"[0.63415, 0.18182, 0.55556]",457,0.40504,1.28292,0.63636,0.52698,"[0.71429, 0.2, 0.66667]",296,COMPLETED,128.136
169,20260102_133603,gln_phase2_TOP70.csv,70%,Preset_10,Transformer,42,[1024],32,1,1536,0.15,silu,prenorm,sinusoidal,max,False,3e-05,1e-06,24,AdamW,0.0,minmax,256,66,[0.68794326 2.1920904  0.91725768],0.02,1.0,0.12603,3.94223,0.43182,0.30741,"[0.53333, 0.0, 0.38889]",488,0.74611,1.34779,0.45455,0.42262,"[0.47368, 0.30769, 0.48649]",221,COMPLETED,139.64

170,20260102_133603,baseline_CASIAB_TOP70.csv,70%,Preset_11,Transformer,42,[256],8,1,256,0.1,mish,postnorm,learned,cls,True,5e-05,0.0,40,Adam,0.0,L2,256,22,[0.68794326 2.1920904  0.91725768],0.02,1.0,0.29434,2.15874,0.43182,0.34211,"[0.52632, 0.0, 0.5]",1750,0.3095,2.1065,0.59091,0.45211,"[0.66667, 0.0, 0.68966]",1660,STOPPED,182.073
171,20260102_133603,baseline_OUMVLP_TOP70.csv,70%,Preset_11,Transformer,42,[256],8,1,256,0.1,mish,postnorm,learned,cls,True,5e-05,0.0,40,Adam,0.0,L2,256,22,[0.68794326 2.1920904  0.91725768],0.02,1.0,0.54122,2.05958,0.47727,0.43504,"[0.59459, 0.21053, 0.5]",1413,0.52129,1.64067,0.56818,0.53283,"[0.68421, 0.4, 0.51429]",1118,STOPPED,141.945
172,20260102_133603,gaitgl_GREW_BNNeck_TOP70.csv,70%,Preset_11,Transformer,42,[256],8,1,256,0.1,mish,postnorm,learned,cls,True,5e-05,0.0,40,Adam,0.0,L2,256,45,[0.68794326 2.1920904  0.91725768],0.02,1.0,0.25273,3.01906,0.40909,0.30344,"[0.55319, 0.0, 0.35714]",1752,0.66498,1.59139,0.52273,0.47852,"[0.62222, 0.33333, 0.48]",661,STOPPED,186.808
173,20260102_133603,gaitgl_GREW_TOP70.csv,70%,Preset_11,Transformer,42,[256],8,1,256,0.1,mish,postnorm,learned,cls,True,5e-05,0.0,40,Adam,0.0,L2,256,45,[0.68794326 2.1920904  0.91725768],0.02,1.0,0.16593,3.42887,0.34091,0.27851,"[0.37838, 0.0, 0.45714]",1114,0.58232,2.11085,0.47727,0.41318,"[0.52632, 0.125, 0.58824]",296,STOPPED,119.109
174,20260102_133603,gaitgl_OUMVLP_TOP70.csv,70%,Preset_11,Transformer,42,[256],8,1,256,0.1,mish,postnorm,learned,cls,True,5e-05,0.0,40,Adam,0.0,L2,256,45,[0.68794326 2.1920904  0.91725768],0.02,1.0,0.1788,2.21984,0.56818,0.42191,"[0.63415, 0.0, 0.63158]",2575,0.15671,1.70737,0.68182,0.49948,"[0.78049, 0.0, 0.71795]",2525,STOPPED,274.677
175,20260102_133603,gaitgl_TOP70.csv,70%,Preset_11,Transformer,42,[256],8,1,256,0.1,mish,postnorm,learned,cls,True,5e-05,0.0,40,Adam,0.0,L2,128,45,[0.68794326 2.1920904  0.91725768],0.02,1.0,0.20867,2.57671,0.38636,0.2957,"[0.5, 0.0, 0.3871]",915,0.53106,1.37708,0.52273,0.46049,"[0.61224, 0.30769, 0.46154]",429,STOPPED,92.381
176,20260102_133603,gaitpart_GREW_TOP70.csv,70%,Preset_11,Transformer,42,[256],8,1,256,0.1,mish,postnorm,learned,cls,True,5e-05,0.0,40,Adam,0.0,L2,256,12,[0.68794326 2.1920904  0.91725768],0.02,1.0,1.11437,1.1267,0.15909,0.0915,"[0.0, 0.27451, 0.0]",159,1.11437,1.1267,0.15909,0.0915,"[0.0, 0.27451, 0.0]",159,STOPPED,15.641
177,20260102_133603,gaitpart_OUMVLP_TOP70.csv,70%,Preset_11,Transformer,42,[256],8,1,256,0.1,mish,postnorm,learned,cls,True,5e-05,0.0,40,Adam,0.0,L2,256,12,[0.68794326 2.1920904  0.91725768],0.02,1.0,1.10662,1.09979,0.18182,0.139,"[0.13793, 0.27907, 0.0]",159,1.10662,1.09979,0.18182,0.139,"[0.13793, 0.27907, 0.0]",159,STOPPED,15.993
178,20260102_133603,gaitset_GREW_TOP70.csv,70%,Preset_11,Transformer,42,[256],8,1,256,0.1,mish,postnorm,learned,cls,True,5e-05,0.0,40,Adam,0.0,L2,256,44,[0.68794326 2.1920904  0.91725768],0.02,1.0,0.29061,3.50932,0.38636,0.37277,"[0.375, 0.27273, 0.47059]",1788,0.74732,1.3488,0.40909,0.3949,"[0.41176, 0.31579, 0.45714]",402,STOPPED,191.983
179,20260102_133603,gaitset_OUMVLP_TOP70.csv,70%,Preset_11,Transformer,42,[256],8,1,256,0.1,mish,postnorm,learned,cls,True,5e-05,0.0,40,Adam,0.0,L2,256,44,[0.68794326 2.1920904  0.91725768],0.02,1.0,1.10486,1.09599,0.34091,0.19152,"[0.49123, 0.0, 0.08333]",240,1.10486,1.09599,0.34091,0.19152,"[0.49123, 0.0, 0.08333]",240,STOPPED,25.853
180,20260102_133603,gaitset_TOP70.csv,70%,Preset_11,Transformer,42,[256],8,1,256,0.1,mish,postnorm,learned,cls,True,5e-05,0.0,40,Adam,0.0,L2,256,44,[0.68794326 2.1920904  0.91725768],0.02,1.0,0.33327,1.68265,0.5,0.49073,"[0.55, 0.47059, 0.45161]",1488,0.57342,1.25248,0.59091,0.5798,"[0.65116, 0.58824, 0.5]",900,STOPPED,159.242
181,20260102_133603,gln_phase1_TOP70.csv,70%,Preset_11,Transformer,42,[256],8,1,256,0.1,mish,postnorm,learned,cls,True,5e-05,0.0,40,Adam,0.0,L2,256,66,[0.68794326 2.1920904  0.91725768],0.02,1.0,0.28382,2.10737,0.5,0.45425,"[0.54054, 0.26667, 0.55556]",1855,0.38086,1.54114,0.59091,0.53215,"[0.65217, 0.36364, 0.58065]",1398,STOPPED,218.893
182,20260102_133603,gln_phase2_TOP70.csv,70%,Preset_11,Transformer,42,[256],8,1,256,0.1,mish,postnorm,learned,cls,True,5e-05,0.0,40,Adam,0.0,L2,256,66,[0.68794326 2.1920904  0.91725768],0.02,1.0,0.23393,2.40483,0.38636,0.33303,"[0.51282, 0.13333, 0.35294]",1742,0.71616,1.17465,0.56818,0.54416,"[0.61538, 0.46154, 0.55556]",516,STOPPED,221.858

183,20260102_133603,baseline_CASIAB_TOP70.csv,70%,Preset_12,Transformer,42,"[160, 320, 640]",10,3,1024,0.25,gelu,postnorm,sinusoidal,mean,False,0.00015,1e-06,32,AdamW,0.0,nan,256,22,[0.68794326 2.1920904  0.91725768],0.02,1.0,0.10442,2.80077,0.45455,0.33424,"[0.56522, 0.0, 0.4375]",376,0.17729,2.63338,0.54545,0.5183,"[0.62857, 0.4, 0.52632]",355,COMPLETED,100.548
184,20260102_133603,baseline_OUMVLP_TOP70.csv,70%,Preset_12,Transformer,42,"[160, 320, 640]",10,3,1024,0.25,gelu,postnorm,sinusoidal,mean,False,0.00015,1e-06,32,AdamW,0.0,nan,256,22,[0.68794326 2.1920904  0.91725768],0.02,1.0,0.11165,2.119,0.56818,0.50864,"[0.63415, 0.28571, 0.60606]",353,0.14681,1.83548,0.61364,0.5541,"[0.65, 0.36364, 0.64865]",348,COMPLETED,94.708
185,20260102_133603,gaitgl_GREW_BNNeck_TOP70.csv,70%,Preset_12,Transformer,42,"[160, 320, 640]",10,3,1024,0.25,gelu,postnorm,sinusoidal,mean,False,0.00015,1e-06,32,AdamW,0.0,nan,256,45,[0.68794326 2.1920904  0.91725768],0.02,1.0,1.1091,1.15173,0.15909,0.0915,"[0.0, 0.27451, 0.0]",237,1.1091,1.15173,0.15909,0.0915,"[0.0, 0.27451, 0.0]",237,STOPPED,67.997
186,20260102_133603,gaitgl_GREW_TOP70.csv,70%,Preset_12,Transformer,42,"[160, 320, 640]",10,3,1024,0.25,gelu,postnorm,sinusoidal,mean,False,0.00015,1e-06,32,AdamW,0.0,nan,256,45,[0.68794326 2.1920904  0.91725768],0.02,1.0,0.11717,1.9625,0.5,0.40875,"[0.6, 0.18182, 0.44444]",37,0.14724,2.25098,0.54545,0.49448,"[0.54545, 0.33333, 0.60465]",28,COMPLETED,10.795
187,20260102_133603,gaitgl_OUMVLP_TOP70.csv,70%,Preset_12,Transformer,42,"[160, 320, 640]",10,3,1024,0.25,gelu,postnorm,sinusoidal,mean,False,0.00015,1e-06,32,AdamW,0.0,nan,256,45,[0.68794326 2.1920904  0.91725768],0.02,1.0,0.10987,2.0731,0.5,0.36402,"[0.57778, 0.0, 0.51429]",153,0.2118,1.96331,0.54545,0.49034,"[0.60465, 0.28571, 0.58065]",101,COMPLETED,44.102
188,20260102_133603,gaitgl_TOP70.csv,70%,Preset_12,Transformer,42,"[160, 320, 640]",10,3,1024,0.25,gelu,postnorm,sinusoidal,mean,False,0.00015,1e-06,32,AdamW,0.0,nan,128,45,[0.68794326 2.1920904  0.91725768],0.02,1.0,0.11046,2.64666,0.27273,0.2254,"[0.33333, 0.0, 0.34286]",44,0.17307,2.76862,0.54545,0.42778,"[0.66667, 0.2, 0.41667]",30,COMPLETED,12.427
189,20260102_133603,gaitpart_GREW_TOP70.csv,70%,Preset_12,Transformer,42,"[160, 320, 640]",10,3,1024,0.25,gelu,postnorm,sinusoidal,mean,False,0.00015,1e-06,32,AdamW,0.0,nan,256,12,[0.68794326 2.1920904  0.91725768],0.02,1.0,0.11589,3.20817,0.38636,0.33271,"[0.55814, 0.2, 0.24]",403,0.12346,2.17827,0.56818,0.52536,"[0.60465, 0.4, 0.57143]",354,COMPLETED,104.629
190,20260102_133603,gaitpart_OUMVLP_TOP70.csv,70%,Preset_12,Transformer,42,"[160, 320, 640]",10,3,1024,0.25,gelu,postnorm,sinusoidal,mean,False,0.00015,1e-06,32,AdamW,0.0,nan,256,12,[0.68794326 2.1920904  0.91725768],0.02,1.0,0.13343,2.2687,0.54545,0.50913,"[0.61905, 0.375, 0.53333]",892,0.24438,1.86377,0.63636,0.58444,"[0.71429, 0.44444, 0.59459]",724,STOPPED,232.096
191,20260102_133603,gaitset_GREW_TOP70.csv,70%,Preset_12,Transformer,42,"[160, 320, 640]",10,3,1024,0.25,gelu,postnorm,sinusoidal,mean,False,0.00015,1e-06,32,AdamW,0.0,nan,256,44,[0.68794326 2.1920904  0.91725768],0.02,1.0,0.12753,2.80081,0.45455,0.42857,"[0.52381, 0.33333, 0.42857]",762,0.19654,2.48514,0.54545,0.5064,"[0.63415, 0.33333, 0.55172]",553,COMPLETED,232.313
192,20260102_133603,gaitset_OUMVLP_TOP70.csv,70%,Preset_12,Transformer,42,"[160, 320, 640]",10,3,1024,0.25,gelu,postnorm,sinusoidal,mean,False,0.00015,1e-06,32,AdamW,0.0,nan,256,44,[0.68794326 2.1920904  0.91725768],0.02,1.0,0.11913,2.67583,0.52273,0.45346,"[0.68182, 0.25, 0.42857]",572,0.50894,2.09142,0.54545,0.48137,"[0.66667, 0.36364, 0.41379]",476,STOPPED,185.578
193,20260102_133603,gaitset_TOP70.csv,70%,Preset_12,Transformer,42,"[160, 320, 640]",10,3,1024,0.25,gelu,postnorm,sinusoidal,mean,False,0.00015,1e-06,32,AdamW,0.0,nan,256,44,[0.68794326 2.1920904  0.91725768],0.02,1.0,0.1266,3.20344,0.34091,0.31811,"[0.4186, 0.28571, 0.25]",263,0.11508,2.49399,0.45455,0.43232,"[0.53333, 0.4, 0.36364]",260,COMPLETED,85.027
194,20260102_133603,gln_phase1_TOP70.csv,70%,Preset_12,Transformer,42,"[160, 320, 640]",10,3,1024,0.25,gelu,postnorm,sinusoidal,mean,False,0.00015,1e-06,32,AdamW,0.0,nan,256,66,[0.68794326 2.1920904  0.91725768],0.02,1.0,0.11528,2.22253,0.54545,0.40226,"[0.64865, 0.0, 0.55814]",238,0.20904,2.01269,0.63636,0.60073,"[0.7234, 0.54545, 0.53333]",168,COMPLETED,94.718
195,20260102_133603,gln_phase2_TOP70.csv,70%,Preset_12,Transformer,42,"[160, 320, 640]",10,3,1024,0.25,gelu,postnorm,sinusoidal,mean,False,0.00015,1e-06,32,AdamW,0.0,nan,256,66,[0.68794326 2.1920904  0.91725768],0.02,1.0,0.11735,2.92343,0.40909,0.37859,"[0.46154, 0.25, 0.42424]",194,0.57703,1.7602,0.52273,0.4763,"[0.61224, 0.4, 0.41667]",83,COMPLETED,76.706

196,20260102_133603,baseline_CASIAB_TOP70.csv,70%,Preset_13,Transformer,42,"[512, 512, 512]",8,3,768,0.2,silu,prenorm,learned,cls,True,0.0002,0.0,32,AdamW,0.0,L2,256,22,[0.68794326 2.1920904  0.91725768],0.02,1.0,0.35034,2.44729,0.36364,0.29613,"[0.35897, 0.0, 0.52941]",1334,0.49115,1.93577,0.52273,0.44003,"[0.59091, 0.16667, 0.5625]",902,STOPPED,385.591
197,20260102_133603,baseline_OUMVLP_TOP70.csv,70%,Preset_13,Transformer,42,"[512, 512, 512]",8,3,768,0.2,silu,prenorm,learned,cls,True,0.0002,0.0,32,AdamW,0.0,L2,256,22,[0.68794326 2.1920904  0.91725768],0.02,1.0,0.20667,2.39916,0.5,0.45525,"[0.53659, 0.26667, 0.5625]",1358,0.18007,2.38676,0.59091,0.55626,"[0.63415, 0.42857, 0.60606]",1308,STOPPED,392.08
198,20260102_133603,gaitgl_GREW_BNNeck_TOP70.csv,70%,Preset_13,Transformer,42,"[512, 512, 512]",8,3,768,0.2,silu,prenorm,learned,cls,True,0.0002,0.0,32,AdamW,0.0,L2,256,45,[0.68794326 2.1920904  0.91725768],0.02,1.0,0.19489,2.6505,0.45455,0.34373,"[0.62745, 0.14286, 0.26087]",766,0.47723,1.7422,0.54545,0.45955,"[0.69388, 0.25, 0.43478]",278,STOPPED,256.843
199,20260102_133603,gaitgl_GREW_TOP70.csv,70%,Preset_13,Transformer,42,"[512, 512, 512]",8,3,768,0.2,silu,prenorm,learned,cls,True,0.0002,0.0,32,AdamW,0.0,L2,256,45,[0.68794326 2.1920904  0.91725768],0.02,1.0,0.1129,2.91894,0.40909,0.39108,"[0.37838, 0.33333, 0.46154]",397,0.1122,1.9817,0.59091,0.52222,"[0.66667, 0.4, 0.5]",377,COMPLETED,108.168
200,20260102_133603,gaitgl_OUMVLP_TOP70.csv,70%,Preset_13,Transformer,42,"[512, 512, 512]",8,3,768,0.2,silu,prenorm,learned,cls,True,0.0002,0.0,32,AdamW,0.0,L2,256,45,[0.68794326 2.1920904  0.91725768],0.02,1.0,0.18877,2.38858,0.40909,0.28967,"[0.54902, 0.0, 0.32]",1385,0.38365,1.44029,0.63636,0.52283,"[0.72, 0.18182, 0.66667]",656,STOPPED,371.221
201,20260102_133603,gaitgl_TOP70.csv,70%,Preset_13,Transformer,42,"[512, 512, 512]",8,3,768,0.2,silu,prenorm,learned,cls,True,0.0002,0.0,32,AdamW,0.0,L2,128,45,[0.68794326 2.1920904  0.91725768],0.02,1.0,0.13212,3.19137,0.36364,0.28725,"[0.45, 0.0, 0.41176]",442,0.2996,2.27325,0.52273,0.40883,"[0.61111, 0.0, 0.61538]",356,COMPLETED,115.29
202,20260102_133603,gaitpart_GREW_TOP70.csv,70%,Preset_13,Transformer,42,"[512, 512, 512]",8,3,768,0.2,silu,prenorm,learned,cls,True,0.0002,0.0,32,AdamW,0.0,L2,256,12,[0.68794326 2.1920904  0.91725768],0.02,1.0,0.17755,2.34372,0.54545,0.49558,"[0.59091, 0.33333, 0.5625]",1763,0.43374,1.58011,0.61364,0.57124,"[0.66667, 0.4, 0.64706]",1050,STOPPED,431.251
203,20260102_133603,gaitpart_OUMVLP_TOP70.csv,70%,Preset_13,Transformer,42,"[512, 512, 512]",8,3,768,0.2,silu,prenorm,learned,cls,True,0.0002,0.0,32,AdamW,0.0,L2,256,12,[0.68794326 2.1920904  0.91725768],0.02,1.0,1.13232,1.15638,0.15909,0.0915,"[0.0, 0.27451, 0.0]",182,1.13232,1.15638,0.15909,0.0915,"[0.0, 0.27451, 0.0]",182,STOPPED,42.745
204,20260102_133603,gaitset_GREW_TOP70.csv,70%,Preset_13,Transformer,42,"[512, 512, 512]",8,3,768,0.2,silu,prenorm,learned,cls,True,0.0002,0.0,32,AdamW,0.0,L2,256,44,[0.68794326 2.1920904  0.91725768],0.02,1.0,0.21481,2.91324,0.38636,0.33631,"[0.42857, 0.14286, 0.4375]",1185,0.47742,2.10939,0.52273,0.55853,"[0.52381, 0.71429, 0.4375]",644,STOPPED,302.525
205,20260102_133603,gaitset_OUMVLP_TOP70.csv,70%,Preset_13,Transformer,42,"[512, 512, 512]",8,3,768,0.2,silu,prenorm,learned,cls,True,0.0002,0.0,32,AdamW,0.0,L2,256,44,[0.68794326 2.1920904  0.91725768],0.02,1.0,1.10857,1.08068,0.36364,0.17778,"[0.0, 0.0, 0.53333]",202,1.10857,1.08068,0.36364,0.17778,"[0.0, 0.0, 0.53333]",202,STOPPED,51.645
206,20260102_133603,gaitset_TOP70.csv,70%,Preset_13,Transformer,42,"[512, 512, 512]",8,3,768,0.2,silu,prenorm,learned,cls,True,0.0002,0.0,32,AdamW,0.0,L2,256,44,[0.68794326 2.1920904  0.91725768],0.02,1.0,0.19209,3.67301,0.25,0.2303,"[0.33333, 0.09091, 0.26667]",676,0.24938,2.68596,0.47727,0.42377,"[0.60465, 0.26667, 0.4]",386,STOPPED,172.314
207,20260102_133603,gln_phase1_TOP70.csv,70%,Preset_13,Transformer,42,"[512, 512, 512]",8,3,768,0.2,silu,prenorm,learned,cls,True,0.0002,0.0,32,AdamW,0.0,L2,256,66,[0.68794326 2.1920904  0.91725768],0.02,1.0,0.15738,3.20777,0.43182,0.40954,"[0.51282, 0.31579, 0.4]",825,0.24555,2.59792,0.52273,0.48747,"[0.60465, 0.375, 0.48276]",490,STOPPED,233.945
208,20260102_133603,gln_phase2_TOP70.csv,70%,Preset_13,Transformer,42,"[512, 512, 512]",8,3,768,0.2,silu,prenorm,learned,cls,True,0.0002,0.0,32,AdamW,0.0,L2,256,66,[0.68794326 2.1920904  0.91725768],0.02,1.0,0.22835,2.25705,0.45455,0.42262,"[0.48649, 0.30769, 0.47368]",793,0.4717,1.43497,0.63636,0.57211,"[0.7027, 0.36364, 0.65]",321,STOPPED,223.74

209,20260102_133603,baseline_CASIAB_TOP70.csv,70%,Preset_14,Transformer,42,"[1024, 768, 512]",16,3,512,0.1,gelu,postnorm,learned,mean,False,3e-05,1e-06,32,AdamW,0.0,L2,256,22,[0.68794326 2.1920904  0.91725768],0.02,1.0,0.53051,2.05322,0.5,0.4195,"[0.60465, 0.15385, 0.5]",1128,0.48867,1.86325,0.5,0.46671,"[0.55, 0.36364, 0.48649]",942,STOPPED,374.357
210,20260102_133603,baseline_OUMVLP_TOP70.csv,70%,Preset_14,Transformer,42,"[1024, 768, 512]",16,3,512,0.1,gelu,postnorm,learned,mean,False,3e-05,1e-06,32,AdamW,0.0,L2,256,22,[0.68794326 2.1920904  0.91725768],0.02,1.0,0.11321,2.54025,0.40909,0.38257,"[0.42105, 0.21053, 0.51613]",1890,0.45434,1.64894,0.59091,0.55415,"[0.61538, 0.4, 0.64706]",1098,COMPLETED,647.83
211,20260102_133603,gaitgl_GREW_BNNeck_TOP70.csv,70%,Preset_14,Transformer,42,"[1024, 768, 512]",16,3,512,0.1,gelu,postnorm,learned,mean,False,3e-05,1e-06,32,AdamW,0.0,L2,256,45,[0.68794326 2.1920904  0.91725768],0.02,1.0,0.11699,2.86591,0.43182,0.37361,"[0.59091, 0.22222, 0.30769]",1248,0.52741,1.95278,0.52273,0.44546,"[0.65306, 0.26667, 0.41667]",390,STOPPED,525.193
212,20260102_133603,gaitgl_GREW_TOP70.csv,70%,Preset_14,Transformer,42,"[1024, 768, 512]",16,3,512,0.1,gelu,postnorm,learned,mean,False,3e-05,1e-06,32,AdamW,0.0,L2,256,45,[0.68794326 2.1920904  0.91725768],0.02,1.0,0.1111,2.08275,0.47727,0.34527,"[0.56522, 0.0, 0.47059]",584,0.73431,1.41472,0.56818,0.50172,"[0.64151, 0.36364, 0.5]",288,COMPLETED,244.453
213,20260102_133603,gaitgl_OUMVLP_TOP70.csv,70%,Preset_14,Transformer,42,"[1024, 768, 512]",16,3,512,0.1,gelu,postnorm,learned,mean,False,3e-05,1e-06,32,AdamW,0.0,L2,256,45,[0.68794326 2.1920904  0.91725768],0.02,1.0,1.10592,1.08669,0.47727,0.21538,"[0.64615, 0.0, 0.0]",178,1.10592,1.08669,0.47727,0.21538,"[0.64615, 0.0, 0.0]",178,STOPPED,74.763
214,20260102_133603,gaitgl_TOP70.csv,70%,Preset_14,Transformer,42,"[1024, 768, 512]",16,3,512,0.1,gelu,postnorm,learned,mean,False,3e-05,1e-06,32,AdamW,0.0,L2,128,45,[0.68794326 2.1920904  0.91725768],0.02,1.0,0.12053,3.095,0.31818,0.24675,"[0.45455, 0.0, 0.28571]",637,0.63992,1.93079,0.5,0.42626,"[0.54545, 0.2, 0.53333]",273,COMPLETED,262.553
215,20260102_133603,gaitpart_GREW_TOP70.csv,70%,Preset_14,Transformer,42,"[1024, 768, 512]",16,3,512,0.1,gelu,postnorm,learned,mean,False,3e-05,1e-06,32,AdamW,0.0,L2,256,12,[0.68794326 2.1920904  0.91725768],0.02,1.0,1.10405,1.09524,0.36364,0.17778,"[0.0, 0.0, 0.53333]",137,1.10405,1.09524,0.36364,0.17778,"[0.0, 0.0, 0.53333]",137,STOPPED,44.522
216,20260102_133603,gaitpart_OUMVLP_TOP70.csv,70%,Preset_14,Transformer,42,"[1024, 768, 512]",16,3,512,0.1,gelu,postnorm,learned,mean,False,3e-05,1e-06,32,AdamW,0.0,L2,256,12,[0.68794326 2.1920904  0.91725768],0.02,1.0,1.10626,1.08114,0.47727,0.21538,"[0.64615, 0.0, 0.0]",218,1.10626,1.08114,0.47727,0.21538,"[0.64615, 0.0, 0.0]",218,STOPPED,71.187
217,20260102_133603,gaitset_GREW_TOP70.csv,70%,Preset_14,Transformer,42,"[1024, 768, 512]",16,3,512,0.1,gelu,postnorm,learned,mean,False,3e-05,1e-06,32,AdamW,0.0,L2,256,44,[0.68794326 2.1920904  0.91725768],0.02,1.0,0.37303,2.22929,0.36364,0.28913,"[0.41026, 0.0, 0.45714]",1374,0.54777,2.22061,0.47727,0.44444,"[0.57143, 0.33333, 0.42857]",1202,STOPPED,544.938
218,20260102_133603,gaitset_OUMVLP_TOP70.csv,70%,Preset_14,Transformer,42,"[1024, 768, 512]",16,3,512,0.1,gelu,postnorm,learned,mean,False,3e-05,1e-06,32,AdamW,0.0,L2,256,44,[0.68794326 2.1920904  0.91725768],0.02,1.0,1.10573,1.0916,0.47727,0.21538,"[0.64615, 0.0, 0.0]",144,1.10573,1.0916,0.47727,0.21538,"[0.64615, 0.0, 0.0]",144,STOPPED,57.147
219,20260102_133603,gaitset_TOP70.csv,70%,Preset_14,Transformer,42,"[1024, 768, 512]",16,3,512,0.1,gelu,postnorm,learned,mean,False,3e-05,1e-06,32,AdamW,0.0,L2,256,44,[0.68794326 2.1920904  0.91725768],0.02,1.0,0.10159,3.15417,0.31818,0.23193,"[0.48889, 0.0, 0.2069]",1539,0.42666,2.46194,0.43182,0.40031,"[0.52632, 0.28571, 0.38889]",666,COMPLETED,611.827
220,20260102_133603,gln_phase1_TOP70.csv,70%,Preset_14,Transformer,42,"[1024, 768, 512]",16,3,512,0.1,gelu,postnorm,learned,mean,False,3e-05,1e-06,32,AdamW,0.0,L2,256,66,[0.68794326 2.1920904  0.91725768],0.02,1.0,0.15207,2.5743,0.43182,0.39003,"[0.52941, 0.09524, 0.54545]",1524,0.13953,1.70507,0.63636,0.57543,"[0.73171, 0.4, 0.59459]",1411,STOPPED,775.974
221,20260102_133603,gln_phase2_TOP70.csv,70%,Preset_14,Transformer,42,"[1024, 768, 512]",16,3,512,0.1,gelu,postnorm,learned,mean,False,3e-05,1e-06,32,AdamW,0.0,L2,256,66,[0.68794326 2.1920904  0.91725768],0.02,1.0,0.5001,2.34824,0.29545,0.27717,"[0.26667, 0.08, 0.48485]",1044,0.74906,1.678,0.47727,0.43957,"[0.4, 0.33333, 0.58537]",320,STOPPED,530.505

222,20260102_133603,baseline_CASIAB_TOP70.csv,70%,Preset_15,Transformer,42,"[512, 768, 512]",16,3,896,0.1,gelu,prenorm,learned,cls,True,3e-05,1e-05,40,AdamW,0.0,nan,256,22,[0.68794326 2.1920904  0.91725768],0.02,1.0,0.10212,2.45933,0.45455,0.3325,"[0.52381, 0.0, 0.47368]",564,0.2224,2.62016,0.5,0.48068,"[0.48649, 0.4, 0.55556]",381,COMPLETED,148.821
223,20260102_133603,baseline_OUMVLP_TOP70.csv,70%,Preset_15,Transformer,42,"[512, 768, 512]",16,3,896,0.1,gelu,prenorm,learned,cls,True,3e-05,1e-05,40,AdamW,0.0,nan,256,22,[0.68794326 2.1920904  0.91725768],0.02,1.0,0.13805,2.31093,0.47727,0.43543,"[0.55, 0.28571, 0.47059]",646,0.59844,1.49265,0.54545,0.51681,"[0.46667, 0.46154, 0.62222]",177,COMPLETED,170.108
224,20260102_133603,gaitgl_GREW_BNNeck_TOP70.csv,70%,Preset_15,Transformer,42,"[512, 768, 512]",16,3,896,0.1,gelu,prenorm,learned,cls,True,3e-05,1e-05,40,AdamW,0.0,nan,256,45,[0.68794326 2.1920904  0.91725768],0.02,1.0,0.12252,2.83843,0.40909,0.35014,"[0.51163, 0.125, 0.41379]",1057,0.41055,2.25645,0.47727,0.41647,"[0.62222, 0.21053, 0.41667]",523,COMPLETED,325.402
225,20260102_133603,gaitgl_GREW_TOP70.csv,70%,Preset_15,Transformer,42,"[512, 768, 512]",16,3,896,0.1,gelu,prenorm,learned,cls,True,3e-05,1e-05,40,AdamW,0.0,nan,256,45,[0.68794326 2.1920904  0.91725768],0.02,1.0,0.12331,1.74756,0.43182,0.39921,"[0.55556, 0.19048, 0.45161]",37,0.71347,1.23618,0.52273,0.48468,"[0.5641, 0.36364, 0.52632]",17,COMPLETED,11.467
226,20260102_133603,gaitgl_OUMVLP_TOP70.csv,70%,Preset_15,Transformer,42,"[512, 768, 512]",16,3,896,0.1,gelu,prenorm,learned,cls,True,3e-05,1e-05,40,AdamW,0.0,nan,256,45,[0.68794326 2.1920904  0.91725768],0.02,1.0,0.12989,2.09447,0.5,0.36402,"[0.51429, 0.0, 0.57778]",162,0.13715,2.47259,0.52273,0.40188,"[0.64286, 0.18182, 0.38095]",117,COMPLETED,49.868
227,20260102_133603,gaitgl_TOP70.csv,70%,Preset_15,Transformer,42,"[512, 768, 512]",16,3,896,0.1,gelu,prenorm,learned,cls,True,3e-05,1e-05,40,AdamW,0.0,nan,128,45,[0.68794326 2.1920904  0.91725768],0.02,1.0,0.12634,2.21462,0.40909,0.29935,"[0.4878, 0.0, 0.41026]",41,0.27976,2.10297,0.54545,0.42963,"[0.66667, 0.22222, 0.4]",24,COMPLETED,12.466
228,20260102_133603,gaitpart_GREW_TOP70.csv,70%,Preset_15,Transformer,42,"[512, 768, 512]",16,3,896,0.1,gelu,prenorm,learned,cls,True,3e-05,1e-05,40,AdamW,0.0,nan,256,12,[0.68794326 2.1920904  0.91725768],0.02,1.0,0.12145,2.71369,0.45455,0.35944,"[0.625, 0.13333, 0.32]",979,0.49322,1.64595,0.59091,0.53333,"[0.6, 0.33333, 0.66667]",638,COMPLETED,243.303
229,20260102_133603,gaitpart_OUMVLP_TOP70.csv,70%,Preset_15,Transformer,42,"[512, 768, 512]",16,3,896,0.1,gelu,prenorm,learned,cls,True,3e-05,1e-05,40,AdamW,0.0,nan,256,12,[0.68794326 2.1920904  0.91725768],0.02,1.0,0.20267,2.01,0.54545,0.49091,"[0.6, 0.26667, 0.60606]",732,0.68901,1.59114,0.59091,0.59298,"[0.6, 0.6, 0.57895]",710,STOPPED,182.348
230,20260102_133603,gaitset_GREW_TOP70.csv,70%,Preset_15,Transformer,42,"[512, 768, 512]",16,3,896,0.1,gelu,prenorm,learned,cls,True,3e-05,1e-05,40,AdamW,0.0,nan,256,44,[0.68794326 2.1920904  0.91725768],0.02,1.0,0.17102,2.81713,0.38636,0.36111,"[0.44444, 0.25, 0.38889]",769,0.34385,2.02047,0.63636,0.55078,"[0.76923, 0.42857, 0.45455]",479,STOPPED,245.345
231,20260102_133603,gaitset_OUMVLP_TOP70.csv,70%,Preset_15,Transformer,42,"[512, 768, 512]",16,3,896,0.1,gelu,prenorm,learned,cls,True,3e-05,1e-05,40,AdamW,0.0,nan,256,44,[0.68794326 2.1920904  0.91725768],0.02,1.0,0.12397,2.93932,0.36364,0.26773,"[0.55319, 0.0, 0.25]",791,0.10859,2.18536,0.52273,0.3928,"[0.69565, 0.0, 0.48276]",779,COMPLETED,252.156
232,20260102_133603,gaitset_TOP70.csv,70%,Preset_15,Transformer,42,"[512, 768, 512]",16,3,896,0.1,gelu,prenorm,learned,cls,True,3e-05,1e-05,40,AdamW,0.0,nan,256,44,[0.68794326 2.1920904  0.91725768],0.02,1.0,0.12681,2.65772,0.38636,0.27774,"[0.51064, 0.0, 0.32258]",565,0.24915,2.66103,0.45455,0.40278,"[0.54167, 0.25, 0.41667]",435,COMPLETED,180.508
233,20260102_133603,gln_phase1_TOP70.csv,70%,Preset_15,Transformer,42,"[512, 768, 512]",16,3,896,0.1,gelu,prenorm,learned,cls,True,3e-05,1e-05,40,AdamW,0.0,nan,256,66,[0.68794326 2.1920904  0.91725768],0.02,1.0,0.11142,2.55781,0.36364,0.26397,"[0.48889, 0.0, 0.30303]",308,0.33211,2.19767,0.45455,0.40591,"[0.56522, 0.30769, 0.34483]",162,COMPLETED,129.347
234,20260102_133603,gln_phase2_TOP70.csv,70%,Preset_15,Transformer,42,"[512, 768, 512]",16,3,896,0.1,gelu,prenorm,learned,cls,True,3e-05,1e-05,40,AdamW,0.0,nan,256,66,[0.68794326 2.1920904  0.91725768],0.02,1.0,0.1277,2.45623,0.40909,0.35714,"[0.42857, 0.14286, 0.5]",305,0.22006,2.21941,0.54545,0.52245,"[0.55814, 0.42857, 0.58065]",230,COMPLETED,128.342

235,20260102_133603,baseline_CASIAB_TOP70.csv,70%,Preset_16,Transformer,42,[512],16,1,2048,0.1,silu,prenorm,learned,cls,True,0.0004,1e-06,64,AdamW,0.0,L2,256,22,[0.68794326 2.1920904  0.91725768],0.02,1.0,0.1398,2.83026,0.34091,0.3002,"[0.38889, 0.13333, 0.37838]",533,0.21058,2.60931,0.5,0.45455,"[0.47059, 0.30769, 0.58537]",446,COMPLETED,51.944
236,20260102_133603,baseline_OUMVLP_TOP70.csv,70%,Preset_16,Transformer,42,[512],16,1,2048,0.1,silu,prenorm,learned,cls,True,0.0004,1e-06,64,AdamW,0.0,L2,256,22,[0.68794326 2.1920904  0.91725768],0.02,1.0,0.12189,2.31847,0.52273,0.49231,"[0.51282, 0.4, 0.5641]",707,0.34818,1.54958,0.59091,0.59332,"[0.58537, 0.6, 0.59459]",383,COMPLETED,69.296
237,20260102_133603,gaitgl_GREW_BNNeck_TOP70.csv,70%,Preset_16,Transformer,42,[512],16,1,2048,0.1,silu,prenorm,learned,cls,True,0.0004,1e-06,64,AdamW,0.0,L2,256,45,[0.68794326 2.1920904  0.91725768],0.02,1.0,0.13564,3.02869,0.38636,0.37646,"[0.42105, 0.33333, 0.375]",618,0.14977,2.62715,0.47727,0.45294,"[0.52941, 0.3, 0.52941]",608,COMPLETED,75.911
238,20260102_133603,gaitgl_GREW_TOP70.csv,70%,Preset_16,Transformer,42,[512],16,1,2048,0.1,silu,prenorm,learned,cls,True,0.0004,1e-06,64,AdamW,0.0,L2,256,45,[0.68794326 2.1920904  0.91725768],0.02,1.0,0.113,2.40853,0.47727,0.32444,"[0.64, 0.0, 0.33333]",269,0.15709,2.45714,0.5,0.44537,"[0.63415, 0.23529, 0.46667]",224,COMPLETED,33.039
239,20260102_133603,gaitgl_OUMVLP_TOP70.csv,70%,Preset_16,Transformer,42,[512],16,1,2048,0.1,silu,prenorm,learned,cls,True,0.0004,1e-06,64,AdamW,0.0,L2,256,45,[0.68794326 2.1920904  0.91725768],0.02,1.0,0.13998,2.7017,0.43182,0.32647,"[0.46512, 0.0, 0.51429]",604,0.68709,1.46629,0.47727,0.44167,"[0.5, 0.2, 0.625]",222,COMPLETED,73.817
240,20260102_133603,gaitgl_TOP70.csv,70%,Preset_16,Transformer,42,[512],16,1,2048,0.1,silu,prenorm,learned,cls,True,0.0004,1e-06,64,AdamW,0.0,L2,128,45,[0.68794326 2.1920904  0.91725768],0.02,1.0,0.12369,2.87307,0.34091,0.2605,"[0.42857, 0.0, 0.35294]",662,0.15854,2.6416,0.43182,0.3988,"[0.46154, 0.25, 0.48485]",644,COMPLETED,77.352
241,20260102_133603,gaitpart_GREW_TOP70.csv,70%,Preset_16,Transformer,42,[512],16,1,2048,0.1,silu,prenorm,learned,cls,True,0.0004,1e-06,64,AdamW,0.0,L2,256,12,[0.68794326 2.1920904  0.91725768],0.02,1.0,0.12641,1.87787,0.61364,0.58091,"[0.63415, 0.46154, 0.64706]",663,0.2971,1.72942,0.61364,0.60968,"[0.65116, 0.61538, 0.5625]",436,COMPLETED,57.957
242,20260102_133603,gaitpart_OUMVLP_TOP70.csv,70%,Preset_16,Transformer,42,[512],16,1,2048,0.1,silu,prenorm,learned,cls,True,0.0004,1e-06,64,AdamW,0.0,L2,256,12,[0.68794326 2.1920904  0.91725768],0.02,1.0,1.10881,1.08014,0.36364,0.17778,"[0.0, 0.0, 0.53333]",215,1.10881,1.08014,0.36364,0.17778,"[0.0, 0.0, 0.53333]",215,STOPPED,18.945
243,20260102_133603,gaitset_GREW_TOP70.csv,70%,Preset_16,Transformer,42,[512],16,1,2048,0.1,silu,prenorm,learned,cls,True,0.0004,1e-06,64,AdamW,0.0,L2,256,44,[0.68794326 2.1920904  0.91725768],0.02,1.0,0.1393,2.41785,0.5,0.45339,"[0.5641, 0.26667, 0.52941]",784,0.25088,1.99582,0.61364,0.58877,"[0.64865, 0.47059, 0.64706]",617,COMPLETED,100.016
244,20260102_133603,gaitset_OUMVLP_TOP70.csv,70%,Preset_16,Transformer,42,[512],16,1,2048,0.1,silu,prenorm,learned,cls,True,0.0004,1e-06,64,AdamW,0.0,L2,256,44,[0.68794326 2.1920904  0.91725768],0.02,1.0,0.12755,3.28283,0.27273,0.23466,"[0.37209, 0.125, 0.2069]",963,0.68451,1.46,0.43182,0.40926,"[0.45, 0.33333, 0.44444]",552,COMPLETED,123.063
245,20260102_133603,gaitset_TOP70.csv,70%,Preset_16,Transformer,42,[512],16,1,2048,0.1,silu,prenorm,learned,cls,True,0.0004,1e-06,64,AdamW,0.0,L2,256,44,[0.68794326 2.1920904  0.91725768],0.02,1.0,0.12414,2.6214,0.47727,0.34873,"[0.6087, 0.0, 0.4375]",639,0.71059,1.66532,0.45455,0.3868,"[0.53659, 0.16667, 0.45714]",174,COMPLETED,81.823
246,20260102_133603,gln_phase1_TOP70.csv,70%,Preset_16,Transformer,42,[512],16,1,2048,0.1,silu,prenorm,learned,cls,True,0.0004,1e-06,64,AdamW,0.0,L2,256,66,[0.68794326 2.1920904  0.91725768],0.02,1.0,0.13747,1.78423,0.59091,0.56099,"[0.65, 0.46154, 0.57143]",563,0.12783,2.00805,0.59091,0.59739,"[0.57895, 0.625, 0.58824]",541,COMPLETED,96.177
247,20260102_133603,gln_phase2_TOP70.csv,70%,Preset_16,Transformer,42,[512],16,1,2048,0.1,silu,prenorm,learned,cls,True,0.0004,1e-06,64,AdamW,0.0,L2,256,66,[0.68794326 2.1920904  0.91725768],0.02,1.0,0.12755,2.58971,0.43182,0.32698,"[0.52381, 0.0, 0.45714]",653,0.16757,2.90192,0.47727,0.42911,"[0.58537, 0.23529, 0.46667]",450,COMPLETED,111.974

248,20260102_133603,baseline_CASIAB_TOP70.csv,70%,Preset_17,Transformer,42,"[896, 640, 384]",16,3,1024,0.05,silu,prenorm,sinusoidal,cls,True,5e-05,1e-06,32,RMSprop,0.0,L2,256,22,[0.68794326 2.1920904  0.91725768],0.02,1.0,0.10767,2.98786,0.36364,0.31872,"[0.37838, 0.13333, 0.44444]",1085,0.32568,2.50111,0.52273,0.44176,"[0.6, 0.15385, 0.57143]",445,COMPLETED,357.206
249,20260102_133603,baseline_OUMVLP_TOP70.csv,70%,Preset_17,Transformer,42,"[896, 640, 384]",16,3,1024,0.05,silu,prenorm,sinusoidal,cls,True,5e-05,1e-06,32,RMSprop,0.0,L2,256,22,[0.68794326 2.1920904  0.91725768],0.02,1.0,1.11178,1.08292,0.47727,0.21538,"[0.64615, 0.0, 0.0]",153,1.11178,1.08292,0.47727,0.21538,"[0.64615, 0.0, 0.0]",153,STOPPED,50.538
250,20260102_133603,gaitgl_GREW_BNNeck_TOP70.csv,70%,Preset_17,Transformer,42,"[896, 640, 384]",16,3,1024,0.05,silu,prenorm,sinusoidal,cls,True,5e-05,1e-06,32,RMSprop,0.0,L2,256,45,[0.68794326 2.1920904  0.91725768],0.02,1.0,0.10845,2.83656,0.38636,0.2957,"[0.5, 0.0, 0.3871]",869,0.16497,2.22525,0.54545,0.4713,"[0.68, 0.35294, 0.38095]",850,STOPPED,329.533
251,20260102_133603,gaitgl_GREW_TOP70.csv,70%,Preset_17,Transformer,42,"[896, 640, 384]",16,3,1024,0.05,silu,prenorm,sinusoidal,cls,True,5e-05,1e-06,32,RMSprop,0.0,L2,256,45,[0.68794326 2.1920904  0.91725768],0.02,1.0,0.10191,2.45589,0.47727,0.34912,"[0.59574, 0.0, 0.45161]",295,0.15207,2.38959,0.54545,0.44496,"[0.65306, 0.18182, 0.5]",226,COMPLETED,111.574
252,20260102_133603,gaitgl_OUMVLP_TOP70.csv,70%,Preset_17,Transformer,42,"[896, 640, 384]",16,3,1024,0.05,silu,prenorm,sinusoidal,cls,True,5e-05,1e-06,32,RMSprop,0.0,L2,256,45,[0.68794326 2.1920904  0.91725768],0.02,1.0,0.12892,2.89427,0.40909,0.3496,"[0.52381, 0.125, 0.4]",1398,0.33932,2.26889,0.47727,0.45089,"[0.53659, 0.33333, 0.48276]",881,STOPPED,529.098
253,20260102_133603,gaitgl_TOP70.csv,70%,Preset_17,Transformer,42,"[896, 640, 384]",16,3,1024,0.05,silu,prenorm,sinusoidal,cls,True,5e-05,1e-06,32,RMSprop,0.0,L2,128,45,[0.68794326 2.1920904  0.91725768],0.02,1.0,0.10602,2.79543,0.36364,0.31825,"[0.45, 0.11765, 0.3871]",531,0.23836,2.079,0.56818,0.50452,"[0.68293, 0.25, 0.58065]",296,COMPLETED,197.519
254,20260102_133603,gaitpart_GREW_TOP70.csv,70%,Preset_17,Transformer,42,"[896, 640, 384]",16,3,1024,0.05,silu,prenorm,sinusoidal,cls,True,5e-05,1e-06,32,RMSprop,0.0,L2,256,12,[0.68794326 2.1920904  0.91725768],0.02,1.0,1.11419,1.08052,0.47727,0.21538,"[0.64615, 0.0, 0.0]",118,1.11419,1.08052,0.47727,0.21538,"[0.64615, 0.0, 0.0]",118,STOPPED,36.768
255,20260102_133603,gaitpart_OUMVLP_TOP70.csv,70%,Preset_17,Transformer,42,"[896, 640, 384]",16,3,1024,0.05,silu,prenorm,sinusoidal,cls,True,5e-05,1e-06,32,RMSprop,0.0,L2,256,12,[0.68794326 2.1920904  0.91725768],0.02,1.0,1.11962,1.14783,0.15909,0.0915,"[0.0, 0.27451, 0.0]",120,1.11962,1.14783,0.15909,0.0915,"[0.0, 0.27451, 0.0]",120,STOPPED,37.362
256,20260102_133603,gaitset_GREW_TOP70.csv,70%,Preset_17,Transformer,42,"[896, 640, 384]",16,3,1024,0.05,silu,prenorm,sinusoidal,cls,True,5e-05,1e-06,32,RMSprop,0.0,L2,256,44,[0.68794326 2.1920904  0.91725768],0.02,1.0,0.10176,3.05508,0.36364,0.34181,"[0.37838, 0.23529, 0.41176]",1632,0.36976,2.29406,0.52273,0.50616,"[0.5641, 0.42105, 0.53333]",1518,COMPLETED,632.282
257,20260102_133603,gaitset_OUMVLP_TOP70.csv,70%,Preset_17,Transformer,42,"[896, 640, 384]",16,3,1024,0.05,silu,prenorm,sinusoidal,cls,True,5e-05,1e-06,32,RMSprop,0.0,L2,256,44,[0.68794326 2.1920904  0.91725768],0.02,1.0,1.10832,1.05714,0.47727,0.21538,"[0.64615, 0.0, 0.0]",185,1.10832,1.05714,0.47727,0.21538,"[0.64615, 0.0, 0.0]",185,STOPPED,71.905
258,20260102_133603,gaitset_TOP70.csv,70%,Preset_17,Transformer,42,"[896, 640, 384]",16,3,1024,0.05,silu,prenorm,sinusoidal,cls,True,5e-05,1e-06,32,RMSprop,0.0,L2,256,44,[0.68794326 2.1920904  0.91725768],0.02,1.0,0.13871,2.21668,0.45455,0.41361,"[0.55814, 0.30769, 0.375]",720,0.21393,1.85669,0.59091,0.53822,"[0.65217, 0.4, 0.5625]",579,STOPPED,279.799
259,20260102_133603,gln_phase1_TOP70.csv,70%,Preset_17,Transformer,42,"[896, 640, 384]",16,3,1024,0.05,silu,prenorm,sinusoidal,cls,True,5e-05,1e-06,32,RMSprop,0.0,L2,256,66,[0.68794326 2.1920904  0.91725768],0.02,1.0,0.15428,2.29264,0.47727,0.37647,"[0.6, 0.0, 0.52941]",1238,0.24329,1.77066,0.56818,0.47222,"[0.75, 0.16667, 0.5]",888,STOPPED,551.328
260,20260102_133603,gln_phase2_TOP70.csv,70%,Preset_17,Transformer,42,"[896, 640, 384]",16,3,1024,0.05,silu,prenorm,sinusoidal,cls,True,5e-05,1e-06,32,RMSprop,0.0,L2,256,66,[0.68794326 2.1920904  0.91725768],0.02,1.0,0.10206,2.93673,0.34091,0.30598,"[0.35897, 0.2, 0.35897]",728,0.56308,1.49068,0.47727,0.46695,"[0.55556, 0.42105, 0.42424]",305,COMPLETED,287.256

261,20260103_014237,baseline_CASIAB_TOP70.csv,70%,Preset_1,Transformer,42,"[640, 640, 640]",8,3,512,0.1,mish,prenorm,learned,mean,False,0.0001,1e-06,64,Adam,0.0,L2,256,22,[0.68794326 2.1920904  0.91725768],0.02,1.0,0.12677,2.45238,0.45455,0.31944,"[0.58333, 0.0, 0.375]",1067,0.3193,2.11007,0.54545,0.55728,"[0.58537, 0.6, 0.48649]",951,COMPLETED,153.635
262,20260103_014237,baseline_OUMVLP_TOP70.csv,70%,Preset_1,Transformer,42,"[640, 640, 640]",8,3,512,0.1,mish,prenorm,learned,mean,False,0.0001,1e-06,64,Adam,0.0,L2,256,22,[0.68794326 2.1920904  0.91725768],0.02,1.0,0.21157,2.48501,0.52273,0.44248,"[0.58537, 0.15385, 0.58824]",1578,0.28933,2.19588,0.59091,0.53153,"[0.59459, 0.33333, 0.66667]",1212,STOPPED,227.931
263,20260103_014237,gaitgl_GREW_BNNeck_TOP70.csv,70%,Preset_1,Transformer,42,"[640, 640, 640]",8,3,512,0.1,mish,prenorm,learned,mean,False,0.0001,1e-06,64,Adam,0.0,L2,256,45,[0.68794326 2.1920904  0.91725768],0.02,1.0,0.12113,3.32984,0.27273,0.21894,"[0.38095, 0.0, 0.27586]",934,0.52588,1.99689,0.38636,0.35811,"[0.45, 0.21053, 0.41379]",359,COMPLETED,179.873
264,20260103_014237,gaitgl_GREW_TOP70.csv,70%,Preset_1,Transformer,42,"[640, 640, 640]",8,3,512,0.1,mish,prenorm,learned,mean,False,0.0001,1e-06,64,Adam,0.0,L2,256,45,[0.68794326 2.1920904  0.91725768],0.02,1.0,0.1101,2.57259,0.40909,0.30688,"[0.47619, 0.0, 0.44444]",615,0.44394,1.8072,0.56818,0.49974,"[0.65306, 0.30769, 0.53846]",588,COMPLETED,118.476
265,20260103_014237,gaitgl_OUMVLP_TOP70.csv,70%,Preset_1,Transformer,42,"[640, 640, 640]",8,3,512,0.1,mish,prenorm,learned,mean,False,0.0001,1e-06,64,Adam,0.0,L2,256,45,[0.68794326 2.1920904  0.91725768],0.02,1.0,1.10747,1.07614,0.47727,0.21538,"[0.64615, 0.0, 0.0]",155,1.10747,1.07614,0.47727,0.21538,"[0.64615, 0.0, 0.0]",155,STOPPED,29.805
266,20260103_014237,gaitgl_TOP70.csv,70%,Preset_1,Transformer,42,"[640, 640, 640]",8,3,512,0.1,mish,prenorm,learned,mean,False,0.0001,1e-06,64,Adam,0.0,L2,128,45,[0.68794326 2.1920904  0.91725768],0.02,1.0,0.11199,3.19031,0.25,0.20184,"[0.40909, 0.125, 0.07143]",748,0.57987,2.13744,0.47727,0.37235,"[0.61538, 0.15385, 0.34783]",516,COMPLETED,139.531
267,20260103_014237,gaitpart_GREW_TOP70.csv,70%,Preset_1,Transformer,42,"[640, 640, 640]",8,3,512,0.1,mish,prenorm,learned,mean,False,0.0001,1e-06,64,Adam,0.0,L2,256,12,[0.68794326 2.1920904  0.91725768],0.02,1.0,0.1254,2.3404,0.47727,0.43844,"[0.57778, 0.35294, 0.38462]",1259,0.5883,1.54408,0.56818,0.54793,"[0.61111, 0.44444, 0.58824]",769,COMPLETED,171.427
268,20260103_014237,gaitpart_OUMVLP_TOP70.csv,70%,Preset_1,Transformer,42,"[640, 640, 640]",8,3,512,0.1,mish,prenorm,learned,mean,False,0.0001,1e-06,64,Adam,0.0,L2,256,12,[0.68794326 2.1920904  0.91725768],0.02,1.0,1.11098,1.0591,0.47727,0.21538,"[0.64615, 0.0, 0.0]",126,1.11098,1.0591,0.47727,0.21538,"[0.64615, 0.0, 0.0]",126,STOPPED,17.212
269,20260103_014237,gaitset_GREW_TOP70.csv,70%,Preset_1,Transformer,42,"[640, 640, 640]",8,3,512,0.1,mish,prenorm,learned,mean,False,0.0001,1e-06,64,Adam,0.0,L2,256,44,[0.68794326 2.1920904  0.91725768],0.02,1.0,0.33558,2.33202,0.45455,0.43722,"[0.44444, 0.35294, 0.51429]",1208,0.61779,1.35283,0.59091,0.60224,"[0.59459, 0.66667, 0.54545]",457,STOPPED,227.195
270,20260103_014237,gaitset_OUMVLP_TOP70.csv,70%,Preset_1,Transformer,42,"[640, 640, 640]",8,3,512,0.1,mish,prenorm,learned,mean,False,0.0001,1e-06,64,Adam,0.0,L2,256,44,[0.68794326 2.1920904  0.91725768],0.02,1.0,1.10844,1.08422,0.36364,0.17778,"[0.0, 0.0, 0.53333]",109,1.10844,1.08422,0.36364,0.17778,"[0.0, 0.0, 0.53333]",109,STOPPED,24.126
271,20260103_014237,gaitset_TOP70.csv,70%,Preset_1,Transformer,42,"[640, 640, 640]",8,3,512,0.1,mish,prenorm,learned,mean,False,0.0001,1e-06,64,Adam,0.0,L2,256,44,[0.68794326 2.1920904  0.91725768],0.02,1.0,0.11599,2.95248,0.29545,0.22502,"[0.38095, 0.0, 0.29412]",1263,0.67467,2.71181,0.45455,0.42363,"[0.61538, 0.34783, 0.30769]",452,COMPLETED,279.629
272,20260103_014237,gln_phase1_TOP70.csv,70%,Preset_1,Transformer,42,"[640, 640, 640]",8,3,512,0.1,mish,prenorm,learned,mean,False,0.0001,1e-06,64,Adam,0.0,L2,256,66,[0.68794326 2.1920904  0.91725768],0.02,1.0,0.12626,2.731,0.36364,0.33512,"[0.45, 0.21053, 0.34483]",1167,0.54149,1.23649,0.63636,0.55147,"[0.73077, 0.36364, 0.56]",601,COMPLETED,352.629
273,20260103_014237,gln_phase2_TOP70.csv,70%,Preset_1,Transformer,42,"[640, 640, 640]",8,3,512,0.1,mish,prenorm,learned,mean,False,0.0001,1e-06,64,Adam,0.0,L2,256,66,[0.68794326 2.1920904  0.91725768],0.02,1.0,0.12156,2.78379,0.40909,0.31164,"[0.57778, 0.0, 0.35714]",943,0.71739,1.4276,0.45455,0.40664,"[0.2963, 0.36364, 0.56]",296,COMPLETED,285.441

274,20260103_014237,baseline_CASIAB_TOP70.csv,70%,Preset_2,Transformer,42,"[640, 640, 640, 640]",20,4,1280,0.1,gelu,prenorm,learned,mean,False,5e-05,1e-06,32,AdamW,0.0,L2,256,22,[0.68794326 2.1920904  0.91725768],0.02,1.0,0.10561,2.19253,0.52273,0.37007,"[0.62745, 0.0, 0.48276]",1354,0.66373,1.48323,0.54545,0.53396,"[0.61538, 0.5, 0.48649]",613,STOPPED,488.793
275,20260103_014237,baseline_OUMVLP_TOP70.csv,70%,Preset_2,Transformer,42,"[640, 640, 640, 640]",20,4,1280,0.1,gelu,prenorm,learned,mean,False,5e-05,1e-06,32,AdamW,0.0,L2,256,22,[0.68794326 2.1920904  0.91725768],0.02,1.0,0.80523,1.42059,0.45455,0.3953,"[0.45714, 0.11765, 0.61111]",959,0.55139,1.35884,0.56818,0.53925,"[0.59459, 0.42857, 0.59459]",764,STOPPED,346.404
276,20260103_014237,gaitgl_GREW_BNNeck_TOP70.csv,70%,Preset_2,Transformer,42,"[640, 640, 640, 640]",20,4,1280,0.1,gelu,prenorm,learned,mean,False,5e-05,1e-06,32,AdamW,0.0,L2,256,45,[0.68794326 2.1920904  0.91725768],0.02,1.0,0.10148,2.92066,0.40909,0.34832,"[0.51163, 0.13333, 0.4]",1224,0.51422,1.69196,0.47727,0.45626,"[0.51163, 0.4, 0.45714]",463,COMPLETED,568.549
277,20260103_014237,gaitgl_GREW_TOP70.csv,70%,Preset_2,Transformer,42,"[640, 640, 640, 640]",20,4,1280,0.1,gelu,prenorm,learned,mean,False,5e-05,1e-06,32,AdamW,0.0,L2,256,45,[0.68794326 2.1920904  0.91725768],0.02,1.0,0.11902,1.95983,0.56818,0.50738,"[0.64, 0.36364, 0.51852]",590,0.23946,1.84628,0.59091,0.53965,"[0.6383, 0.4, 0.58065]",453,COMPLETED,274.346
278,20260103_014237,gaitgl_OUMVLP_TOP70.csv,70%,Preset_2,Transformer,42,"[640, 640, 640, 640]",20,4,1280,0.1,gelu,prenorm,learned,mean,False,5e-05,1e-06,32,AdamW,0.0,L2,256,45,[0.68794326 2.1920904  0.91725768],0.02,1.0,1.11157,1.10156,0.36364,0.17778,"[0.0, 0.0, 0.53333]",132,1.11157,1.10156,0.36364,0.17778,"[0.0, 0.0, 0.53333]",132,STOPPED,61.472
279,20260103_014237,gaitgl_TOP70.csv,70%,Preset_2,Transformer,42,"[640, 640, 640, 640]",20,4,1280,0.1,gelu,prenorm,learned,mean,False,5e-05,1e-06,32,AdamW,0.0,L2,128,45,[0.68794326 2.1920904  0.91725768],0.02,1.0,0.24929,2.6521,0.40909,0.28177,"[0.54902, 0.0, 0.2963]",641,0.43636,2.26704,0.43182,0.40495,"[0.45714, 0.30769, 0.45]",289,STOPPED,293.449
280,20260103_014237,gaitpart_GREW_TOP70.csv,70%,Preset_2,Transformer,42,"[640, 640, 640, 640]",20,4,1280,0.1,gelu,prenorm,learned,mean,False,5e-05,1e-06,32,AdamW,0.0,L2,256,12,[0.68794326 2.1920904  0.91725768],0.02,1.0,1.1093,1.08809,0.36364,0.17778,"[0.0, 0.0, 0.53333]",160,1.1093,1.08809,0.36364,0.17778,"[0.0, 0.0, 0.53333]",160,STOPPED,55.566
281,20260103_014237,gaitpart_OUMVLP_TOP70.csv,70%,Preset_2,Transformer,42,"[640, 640, 640, 640]",20,4,1280,0.1,gelu,prenorm,learned,mean,False,5e-05,1e-06,32,AdamW,0.0,L2,256,12,[0.68794326 2.1920904  0.91725768],0.02,1.0,1.10592,1.09186,0.47727,0.21538,"[0.64615, 0.0, 0.0]",116,1.10592,1.09186,0.47727,0.21538,"[0.64615, 0.0, 0.0]",116,STOPPED,40.3
282,20260103_014237,gaitset_GREW_TOP70.csv,70%,Preset_2,Transformer,42,"[640, 640, 640, 640]",20,4,1280,0.1,gelu,prenorm,learned,mean,False,5e-05,1e-06,32,AdamW,0.0,L2,256,44,[0.68794326 2.1920904  0.91725768],0.02,1.0,0.53211,2.06316,0.38636,0.38859,"[0.33333, 0.4, 0.43243]",974,0.45058,1.72049,0.5,0.47302,"[0.55, 0.35294, 0.51613]",738,STOPPED,425.148
283,20260103_014237,gaitset_OUMVLP_TOP70.csv,70%,Preset_2,Transformer,42,"[640, 640, 640, 640]",20,4,1280,0.1,gelu,prenorm,learned,mean,False,5e-05,1e-06,32,AdamW,0.0,L2,256,44,[0.68794326 2.1920904  0.91725768],0.02,1.0,1.10565,1.09379,0.36364,0.17778,"[0.0, 0.0, 0.53333]",195,1.10565,1.09379,0.36364,0.17778,"[0.0, 0.0, 0.53333]",195,STOPPED,85.441
284,20260103_014237,gaitset_TOP70.csv,70%,Preset_2,Transformer,42,"[640, 640, 640, 640]",20,4,1280,0.1,gelu,prenorm,learned,mean,False,5e-05,1e-06,32,AdamW,0.0,L2,256,44,[0.68794326 2.1920904  0.91725768],0.02,1.0,0.12554,3.23384,0.34091,0.31979,"[0.42105, 0.23529, 0.30303]",1040,0.69101,2.24549,0.52273,0.46184,"[0.65217, 0.33333, 0.4]",360,COMPLETED,455.047
285,20260103_014237,gln_phase1_TOP70.csv,70%,Preset_2,Transformer,42,"[640, 640, 640, 640]",20,4,1280,0.1,gelu,prenorm,learned,mean,False,5e-05,1e-06,32,AdamW,0.0,L2,256,66,[0.68794326 2.1920904  0.91725768],0.02,1.0,0.85191,1.65134,0.5,0.4531,"[0.52941, 0.23529, 0.59459]",794,0.35342,1.62245,0.56818,0.53584,"[0.57895, 0.4, 0.62857]",706,STOPPED,468.517
286,20260103_014237,gln_phase2_TOP70.csv,70%,Preset_2,Transformer,42,"[640, 640, 640, 640]",20,4,1280,0.1,gelu,prenorm,learned,mean,False,5e-05,1e-06,32,AdamW,0.0,L2,256,66,[0.68794326 2.1920904  0.91725768],0.02,1.0,1.36035,2.32573,0.31818,0.22818,"[0.51064, 0.0, 0.17391]",625,0.61342,1.56172,0.47727,0.42053,"[0.28571, 0.36364, 0.61224]",447,STOPPED,368.802

287,20260103_014237,baseline_CASIAB_TOP70.csv,70%,Preset_3,Transformer,42,[768],16,1,768,0.0,silu,prenorm,learned,cls,True,2e-05,0.0,48,AdamW,0.0,L2,256,22,[0.68794326 2.1920904  0.91725768],0.02,1.0,0.40418,1.75669,0.43182,0.37235,"[0.47368, 0.18182, 0.46154]",2042,0.46055,2.03281,0.54545,0.5303,"[0.66667, 0.5, 0.42424]",1796,STOPPED,222.187
288,20260103_014237,baseline_OUMVLP_TOP70.csv,70%,Preset_3,Transformer,42,[768],16,1,768,0.0,silu,prenorm,learned,cls,True,2e-05,0.0,48,AdamW,0.0,L2,256,22,[0.68794326 2.1920904  0.91725768],0.02,1.0,0.73833,2.5735,0.34091,0.31463,"[0.2963, 0.17391, 0.47368]",1669,0.61393,2.3091,0.52273,0.44298,"[0.57895, 0.2, 0.55]",1654,STOPPED,181.999
289,20260103_014237,gaitgl_GREW_BNNeck_TOP70.csv,70%,Preset_3,Transformer,42,[768],16,1,768,0.0,silu,prenorm,learned,cls,True,2e-05,0.0,48,AdamW,0.0,L2,256,45,[0.68794326 2.1920904  0.91725768],0.02,1.0,0.66156,2.16073,0.31818,0.21455,"[0.15385, 0.0, 0.4898]",1540,0.74148,1.86204,0.40909,0.39755,"[0.34483, 0.34783, 0.5]",781,STOPPED,207.676
290,20260103_014237,gaitgl_GREW_TOP70.csv,70%,Preset_3,Transformer,42,[768],16,1,768,0.0,silu,prenorm,learned,cls,True,2e-05,0.0,48,AdamW,0.0,L2,256,45,[0.68794326 2.1920904  0.91725768],0.02,1.0,0.54118,2.68377,0.40909,0.37846,"[0.46154, 0.22222, 0.45161]",783,0.34121,3.11206,0.63636,0.61354,"[0.69388, 0.625, 0.52174]",412,STOPPED,105.483
291,20260103_014237,gaitgl_OUMVLP_TOP70.csv,70%,Preset_3,Transformer,42,[768],16,1,768,0.0,silu,prenorm,learned,cls,True,2e-05,0.0,48,AdamW,0.0,L2,256,45,[0.68794326 2.1920904  0.91725768],0.02,1.0,1.09702,2.36801,0.45455,0.43738,"[0.51282, 0.26087, 0.53846]",1091,0.57345,1.45773,0.65909,0.61675,"[0.74419, 0.5, 0.60606]",992,STOPPED,146.702
292,20260103_014237,gaitgl_TOP70.csv,70%,Preset_3,Transformer,42,[768],16,1,768,0.0,silu,prenorm,learned,cls,True,2e-05,0.0,48,AdamW,0.0,L2,128,45,[0.68794326 2.1920904  0.91725768],0.02,1.0,0.12652,2.96541,0.40909,0.38118,"[0.43243, 0.26667, 0.44444]",849,0.52908,1.5963,0.52273,0.49784,"[0.52941, 0.4, 0.5641]",282,COMPLETED,109.052
293,20260103_014237,gaitpart_GREW_TOP70.csv,70%,Preset_3,Transformer,42,[768],16,1,768,0.0,silu,prenorm,learned,cls,True,2e-05,0.0,48,AdamW,0.0,L2,256,12,[0.68794326 2.1920904  0.91725768],0.02,1.0,0.8765,1.9999,0.31818,0.31131,"[0.37838, 0.22222, 0.33333]",1147,0.706,1.76405,0.45455,0.43814,"[0.4878, 0.375, 0.45161]",909,STOPPED,111.183
294,20260103_014237,gaitpart_OUMVLP_TOP70.csv,70%,Preset_3,Transformer,42,[768],16,1,768,0.0,silu,prenorm,learned,cls,True,2e-05,0.0,48,AdamW,0.0,L2,256,12,[0.68794326 2.1920904  0.91725768],0.02,1.0,1.10611,1.13337,0.15909,0.0915,"[0.0, 0.27451, 0.0]",185,1.10611,1.13337,0.15909,0.0915,"[0.0, 0.27451, 0.0]",185,STOPPED,17.852
295,20260103_014237,gaitset_GREW_TOP70.csv,70%,Preset_3,Transformer,42,[768],16,1,768,0.0,silu,prenorm,learned,cls,True,2e-05,0.0,48,AdamW,0.0,L2,256,44,[0.68794326 2.1920904  0.91725768],0.02,1.0,0.45583,3.13488,0.31818,0.30065,"[0.32258, 0.19048, 0.38889]",2340,0.60495,2.48987,0.47727,0.4246,"[0.58333, 0.33333, 0.35714]",872,STOPPED,328.747
296,20260103_014237,gaitset_OUMVLP_TOP70.csv,70%,Preset_3,Transformer,42,[768],16,1,768,0.0,silu,prenorm,learned,cls,True,2e-05,0.0,48,AdamW,0.0,L2,256,44,[0.68794326 2.1920904  0.91725768],0.02,1.0,1.10811,1.06758,0.47727,0.21538,"[0.64615, 0.0, 0.0]",104,1.10811,1.06758,0.47727,0.21538,"[0.64615, 0.0, 0.0]",104,STOPPED,14.637
297,20260103_014237,gaitset_TOP70.csv,70%,Preset_3,Transformer,42,[768],16,1,768,0.0,silu,prenorm,learned,cls,True,2e-05,0.0,48,AdamW,0.0,L2,256,44,[0.68794326 2.1920904  0.91725768],0.02,1.0,0.42621,3.6454,0.34091,0.31258,"[0.46154, 0.19048, 0.28571]",1805,0.74734,1.63629,0.5,0.4154,"[0.6087, 0.2, 0.4375]",603,STOPPED,253.584
298,20260103_014237,gln_phase1_TOP70.csv,70%,Preset_3,Transformer,42,[768],16,1,768,0.0,silu,prenorm,learned,cls,True,2e-05,0.0,48,AdamW,0.0,L2,256,66,[0.68794326 2.1920904  0.91725768],0.02,1.0,0.11653,2.03639,0.47727,0.3498,"[0.53659, 0.0, 0.51282]",2106,0.74617,1.08279,0.56818,0.53175,"[0.61905, 0.33333, 0.64286]",532,COMPLETED,394.735
299,20260103_014237,gln_phase2_TOP70.csv,70%,Preset_3,Transformer,42,[768],16,1,768,0.0,silu,prenorm,learned,cls,True,2e-05,0.0,48,AdamW,0.0,L2,256,66,[0.68794326 2.1920904  0.91725768],0.02,1.0,0.1069,2.08734,0.52273,0.46957,"[0.6087, 0.33333, 0.46667]",1642,0.17229,2.27258,0.61364,0.58059,"[0.64865, 0.46154, 0.63158]",1221,COMPLETED,308.563

300,20260103_014237,baseline_CASIAB_TOP70.csv,70%,Preset_4,Transformer,42,"[768, 768, 512]",16,3,1152,0.15,silu,postnorm,learned,max,False,5e-05,1e-05,32,AdamW,0.0,nan,256,22,[0.68794326 2.1920904  0.91725768],0.02,1.0,0.13049,2.43701,0.5,0.34717,"[0.64151, 0.0, 0.4]",524,0.33883,2.37416,0.52273,0.47619,"[0.66667, 0.33333, 0.42857]",443,COMPLETED,161.078
301,20260103_014237,baseline_OUMVLP_TOP70.csv,70%,Preset_4,Transformer,42,"[768, 768, 512]",16,3,1152,0.15,silu,postnorm,learned,max,False,5e-05,1e-05,32,AdamW,0.0,nan,256,22,[0.68794326 2.1920904  0.91725768],0.02,1.0,0.12068,2.18815,0.45455,0.33493,"[0.55319, 0.0, 0.45161]",592,0.62009,1.24005,0.52273,0.46296,"[0.62222, 0.26667, 0.5]",179,COMPLETED,181.537
302,20260103_014237,gaitgl_GREW_BNNeck_TOP70.csv,70%,Preset_4,Transformer,42,"[768, 768, 512]",16,3,1152,0.15,silu,postnorm,learned,max,False,5e-05,1e-05,32,AdamW,0.0,nan,256,45,[0.68794326 2.1920904  0.91725768],0.02,1.0,0.13392,2.39484,0.45455,0.35953,"[0.57692, 0.15385, 0.34783]",750,0.13516,2.11608,0.54545,0.45798,"[0.61905, 0.16667, 0.58824]",734,COMPLETED,285.537
303,20260103_014237,gaitgl_GREW_TOP70.csv,70%,Preset_4,Transformer,42,"[768, 768, 512]",16,3,1152,0.15,silu,postnorm,learned,max,False,5e-05,1e-05,32,AdamW,0.0,nan,256,45,[0.68794326 2.1920904  0.91725768],0.02,1.0,0.10821,1.27063,0.5,0.36649,"[0.58333, 0.0, 0.51613]",22,0.10944,1.33706,0.47727,0.43569,"[0.54545, 0.23529, 0.52632]",21,COMPLETED,8.509
304,20260103_014237,gaitgl_OUMVLP_TOP70.csv,70%,Preset_4,Transformer,42,"[768, 768, 512]",16,3,1152,0.15,silu,postnorm,learned,max,False,5e-05,1e-05,32,AdamW,0.0,nan,256,45,[0.68794326 2.1920904  0.91725768],0.02,1.0,0.12631,1.59423,0.40909,0.37999,"[0.46154, 0.26667, 0.41176]",95,0.13376,1.71306,0.47727,0.43524,"[0.52632, 0.25, 0.52941]",91,COMPLETED,36.338
305,20260103_014237,gaitgl_TOP70.csv,70%,Preset_4,Transformer,42,"[768, 768, 512]",16,3,1152,0.15,silu,postnorm,learned,max,False,5e-05,1e-05,32,AdamW,0.0,nan,128,45,[0.68794326 2.1920904  0.91725768],0.02,1.0,0.11852,1.56391,0.40909,0.36802,"[0.51163, 0.23529, 0.35714]",31,0.11587,1.57531,0.47727,0.40593,"[0.43243, 0.2, 0.58537]",30,COMPLETED,11.787
306,20260103_014237,gaitpart_GREW_TOP70.csv,70%,Preset_4,Transformer,42,"[768, 768, 512]",16,3,1152,0.15,silu,postnorm,learned,max,False,5e-05,1e-05,32,AdamW,0.0,nan,256,12,[0.68794326 2.1920904  0.91725768],0.02,1.0,0.10991,2.6799,0.45455,0.44078,"[0.51282, 0.38095, 0.42857]",761,0.71482,1.23889,0.52273,0.5098,"[0.55556, 0.44444, 0.52941]",304,COMPLETED,221.328
307,20260103_014237,gaitpart_OUMVLP_TOP70.csv,70%,Preset_4,Transformer,42,"[768, 768, 512]",16,3,1152,0.15,silu,postnorm,learned,max,False,5e-05,1e-05,32,AdamW,0.0,nan,256,12,[0.68794326 2.1920904  0.91725768],0.02,1.0,0.12109,2.32089,0.56818,0.5162,"[0.71429, 0.31579, 0.51852]",890,0.73364,1.08017,0.63636,0.61537,"[0.62857, 0.53333, 0.68421]",200,COMPLETED,258.272
308,20260103_014237,gaitset_GREW_TOP70.csv,70%,Preset_4,Transformer,42,"[768, 768, 512]",16,3,1152,0.15,silu,postnorm,learned,max,False,5e-05,1e-05,32,AdamW,0.0,nan,256,44,[0.68794326 2.1920904  0.91725768],0.02,1.0,0.12656,2.19789,0.45455,0.3886,"[0.59574, 0.22222, 0.34783]",566,0.16143,1.91137,0.47727,0.43519,"[0.55, 0.22222, 0.53333]",453,COMPLETED,203.629
309,20260103_014237,gaitset_OUMVLP_TOP70.csv,70%,Preset_4,Transformer,42,"[768, 768, 512]",16,3,1152,0.15,silu,postnorm,learned,max,False,5e-05,1e-05,32,AdamW,0.0,nan,256,44,[0.68794326 2.1920904  0.91725768],0.02,1.0,0.13524,2.83377,0.31818,0.27533,"[0.27586, 0.11111, 0.43902]",736,0.46205,1.63156,0.52273,0.42924,"[0.6383, 0.16667, 0.48276]",310,COMPLETED,264.627
310,20260103_014237,gaitset_TOP70.csv,70%,Preset_4,Transformer,42,"[768, 768, 512]",16,3,1152,0.15,silu,postnorm,learned,max,False,5e-05,1e-05,32,AdamW,0.0,nan,256,44,[0.68794326 2.1920904  0.91725768],0.02,1.0,0.12868,1.88572,0.45455,0.38858,"[0.59574, 0.25, 0.32]",469,0.18227,1.84911,0.61364,0.52402,"[0.71698, 0.33333, 0.52174]",397,COMPLETED,168.602
311,20260103_014237,gln_phase1_TOP70.csv,70%,Preset_4,Transformer,42,"[768, 768, 512]",16,3,1152,0.15,silu,postnorm,learned,max,False,5e-05,1e-05,32,AdamW,0.0,nan,256,66,[0.68794326 2.1920904  0.91725768],0.02,1.0,0.13183,2.28384,0.25,0.20299,"[0.25, 0.0, 0.35897]",319,0.60018,1.28605,0.45455,0.43124,"[0.45161, 0.31579, 0.52632]",123,COMPLETED,150.286
312,20260103_014237,gln_phase2_TOP70.csv,70%,Preset_4,Transformer,42,"[768, 768, 512]",16,3,1152,0.15,silu,postnorm,learned,max,False,5e-05,1e-05,32,AdamW,0.0,nan,256,66,[0.68794326 2.1920904  0.91725768],0.02,1.0,0.13371,1.55006,0.52273,0.44298,"[0.55, 0.2, 0.57895]",355,0.13726,1.39958,0.59091,0.55235,"[0.63636, 0.4, 0.62069]",324,COMPLETED,166.833

313,20260103_014237,baseline_CASIAB_TOP70.csv,70%,Preset_5,Transformer,42,"[640, 640, 896]",32,3,1024,0.1,gelu,prenorm,sinusoidal,mean,False,2e-05,1e-06,48,AdamW,0.0,nan,256,22,[0.68794326 2.1920904  0.91725768],0.02,1.0,0.12069,2.8124,0.40909,0.28967,"[0.54902, 0.0, 0.32]",382,0.13443,2.54997,0.45455,0.43202,"[0.5, 0.36364, 0.43243]",367,COMPLETED,91.498
314,20260103_014237,baseline_OUMVLP_TOP70.csv,70%,Preset_5,Transformer,42,"[640, 640, 896]",32,3,1024,0.1,gelu,prenorm,sinusoidal,mean,False,2e-05,1e-06,48,AdamW,0.0,nan,256,22,[0.68794326 2.1920904  0.91725768],0.02,1.0,0.10518,2.3148,0.52273,0.47218,"[0.58537, 0.28571, 0.54545]",479,0.55738,1.39022,0.61364,0.55906,"[0.65217, 0.4, 0.625]",129,COMPLETED,114.422
315,20260103_014237,gaitgl_GREW_BNNeck_TOP70.csv,70%,Preset_5,Transformer,42,"[640, 640, 896]",32,3,1024,0.1,gelu,prenorm,sinusoidal,mean,False,2e-05,1e-06,48,AdamW,0.0,nan,256,45,[0.68794326 2.1920904  0.91725768],0.02,1.0,0.10664,2.41219,0.52273,0.42165,"[0.66667, 0.15385, 0.44444]",754,0.6229,1.49818,0.5,0.45185,"[0.6, 0.22222, 0.53333]",258,COMPLETED,285.112
316,20260103_014237,gaitgl_GREW_TOP70.csv,70%,Preset_5,Transformer,42,"[640, 640, 896]",32,3,1024,0.1,gelu,prenorm,sinusoidal,mean,False,2e-05,1e-06,48,AdamW,0.0,nan,256,45,[0.68794326 2.1920904  0.91725768],0.02,1.0,0.12102,1.86302,0.54545,0.45204,"[0.61538, 0.22222, 0.51852]",46,0.1357,1.54569,0.54545,0.46152,"[0.59091, 0.22222, 0.57143]",42,COMPLETED,17.488
317,20260103_014237,gaitgl_OUMVLP_TOP70.csv,70%,Preset_5,Transformer,42,"[640, 640, 896]",32,3,1024,0.1,gelu,prenorm,sinusoidal,mean,False,2e-05,1e-06,48,AdamW,0.0,nan,256,45,[0.68794326 2.1920904  0.91725768],0.02,1.0,0.12954,1.5647,0.5,0.45525,"[0.53659, 0.26667, 0.5625]",115,0.13191,1.59711,0.56818,0.51176,"[0.57895, 0.30769, 0.64865]",104,COMPLETED,43.627
318,20260103_014237,gaitgl_TOP70.csv,70%,Preset_5,Transformer,42,"[640, 640, 896]",32,3,1024,0.1,gelu,prenorm,sinusoidal,mean,False,2e-05,1e-06,48,AdamW,0.0,nan,128,45,[0.68794326 2.1920904  0.91725768],0.02,1.0,0.11807,2.27789,0.40909,0.39264,"[0.36364, 0.3, 0.51429]",49,0.1228,2.1262,0.47727,0.43572,"[0.53659, 0.28571, 0.48485]",47,COMPLETED,18.226
319,20260103_014237,gaitpart_GREW_TOP70.csv,70%,Preset_5,Transformer,42,"[640, 640, 896]",32,3,1024,0.1,gelu,prenorm,sinusoidal,mean,False,2e-05,1e-06,48,AdamW,0.0,nan,256,12,[0.68794326 2.1920904  0.91725768],0.02,1.0,0.11353,2.21638,0.52273,0.49259,"[0.57778, 0.4, 0.5]",473,0.30822,2.26508,0.59091,0.54891,"[0.66667, 0.46154, 0.51852]",306,COMPLETED,100.431
320,20260103_014237,gaitpart_OUMVLP_TOP70.csv,70%,Preset_5,Transformer,42,"[640, 640, 896]",32,3,1024,0.1,gelu,prenorm,sinusoidal,mean,False,2e-05,1e-06,48,AdamW,0.0,nan,256,12,[0.68794326 2.1920904  0.91725768],0.02,1.0,0.11063,2.73648,0.40909,0.34656,"[0.57143, 0.11111, 0.35714]",737,0.55816,1.40694,0.59091,0.53391,"[0.57143, 0.36364, 0.66667]",270,COMPLETED,155.852
321,20260103_014237,gaitset_GREW_TOP70.csv,70%,Preset_5,Transformer,42,"[640, 640, 896]",32,3,1024,0.1,gelu,prenorm,sinusoidal,mean,False,2e-05,1e-06,48,AdamW,0.0,nan,256,44,[0.68794326 2.1920904  0.91725768],0.02,1.0,0.11502,2.87603,0.36364,0.27688,"[0.51064, 0.0, 0.32]",565,0.15585,2.86741,0.45455,0.39746,"[0.58824, 0.11765, 0.48649]",428,COMPLETED,194.444
322,20260103_014237,gaitset_OUMVLP_TOP70.csv,70%,Preset_5,Transformer,42,"[640, 640, 896]",32,3,1024,0.1,gelu,prenorm,sinusoidal,mean,False,2e-05,1e-06,48,AdamW,0.0,nan,256,44,[0.68794326 2.1920904  0.91725768],0.02,1.0,0.11408,2.17573,0.52273,0.45397,"[0.66667, 0.26667, 0.42857]",728,0.15893,2.12602,0.63636,0.59136,"[0.75556, 0.5, 0.51852]",544,COMPLETED,250.977
323,20260103_014237,gaitset_TOP70.csv,70%,Preset_5,Transformer,42,"[640, 640, 896]",32,3,1024,0.1,gelu,prenorm,sinusoidal,mean,False,2e-05,1e-06,48,AdamW,0.0,nan,256,44,[0.68794326 2.1920904  0.91725768],0.02,1.0,0.1216,3.1219,0.40909,0.37644,"[0.53659, 0.27273, 0.32]",501,0.17461,2.49039,0.5,0.46296,"[0.55556, 0.33333, 0.5]",401,COMPLETED,172.317
324,20260103_014237,gln_phase1_TOP70.csv,70%,Preset_5,Transformer,42,"[640, 640, 896]",32,3,1024,0.1,gelu,prenorm,sinusoidal,mean,False,2e-05,1e-06,48,AdamW,0.0,nan,256,66,[0.68794326 2.1920904  0.91725768],0.02,1.0,0.12338,3.11581,0.38636,0.28502,"[0.52174, 0.0, 0.33333]",307,0.64772,1.63003,0.45455,0.38996,"[0.48649, 0.14286, 0.54054]",123,COMPLETED,162.161
325,20260103_014237,gln_phase2_TOP70.csv,70%,Preset_5,Transformer,42,"[640, 640, 896]",32,3,1024,0.1,gelu,prenorm,sinusoidal,mean,False,2e-05,1e-06,48,AdamW,0.0,nan,256,66,[0.68794326 2.1920904  0.91725768],0.02,1.0,0.1186,3.40115,0.40909,0.29304,"[0.30769, 0.0, 0.57143]",320,0.2274,1.66171,0.56818,0.41148,"[0.61905, 0.0, 0.61538]",278,COMPLETED,169.295

326,20260103_014237,baseline_CASIAB_TOP70.csv,70%,Preset_6,Transformer,42,"[384, 512, 768]",8,3,896,0.2,mish,postnorm,learned,mean,False,7e-05,1e-06,40,AdamW,0.0,minmax,256,22,[0.68794326 2.1920904  0.91725768],0.02,1.0,1.10737,1.1062,0.22727,0.17929,"[0.24, 0.29787, 0.0]",113,1.10737,1.1062,0.22727,0.17929,"[0.24, 0.29787, 0.0]",113,STOPPED,25.617
327,20260103_014237,baseline_OUMVLP_TOP70.csv,70%,Preset_6,Transformer,42,"[384, 512, 768]",8,3,896,0.2,mish,postnorm,learned,mean,False,7e-05,1e-06,40,AdamW,0.0,minmax,256,22,[0.68794326 2.1920904  0.91725768],0.02,1.0,0.52748,1.84249,0.40909,0.35877,"[0.53333, 0.23529, 0.30769]",1358,0.46621,1.63345,0.54545,0.46275,"[0.57143, 0.22222, 0.59459]",1342,STOPPED,308.263
328,20260103_014237,gaitgl_GREW_BNNeck_TOP70.csv,70%,Preset_6,Transformer,42,"[384, 512, 768]",8,3,896,0.2,mish,postnorm,learned,mean,False,7e-05,1e-06,40,AdamW,0.0,minmax,256,45,[0.68794326 2.1920904  0.91725768],0.02,1.0,1.10905,1.10718,0.15909,0.0915,"[0.0, 0.27451, 0.0]",105,1.10905,1.10718,0.15909,0.0915,"[0.0, 0.27451, 0.0]",105,STOPPED,28.114
329,20260103_014237,gaitgl_GREW_TOP70.csv,70%,Preset_6,Transformer,42,"[384, 512, 768]",8,3,896,0.2,mish,postnorm,learned,mean,False,7e-05,1e-06,40,AdamW,0.0,minmax,256,45,[0.68794326 2.1920904  0.91725768],0.02,1.0,0.10515,2.1156,0.47727,0.34498,"[0.58333, 0.0, 0.45161]",781,0.14448,1.89799,0.59091,0.43928,"[0.65116, 0.0, 0.66667]",724,COMPLETED,209.801
330,20260103_014237,gaitgl_OUMVLP_TOP70.csv,70%,Preset_6,Transformer,42,"[384, 512, 768]",8,3,896,0.2,mish,postnorm,learned,mean,False,7e-05,1e-06,40,AdamW,0.0,minmax,256,45,[0.68794326 2.1920904  0.91725768],0.02,1.0,1.10758,1.0906,0.36364,0.17778,"[0.0, 0.0, 0.53333]",152,1.10758,1.0906,0.36364,0.17778,"[0.0, 0.0, 0.53333]",152,STOPPED,40.847
331,20260103_014237,gaitgl_TOP70.csv,70%,Preset_6,Transformer,42,"[384, 512, 768]",8,3,896,0.2,mish,postnorm,learned,mean,False,7e-05,1e-06,40,AdamW,0.0,minmax,128,45,[0.68794326 2.1920904  0.91725768],0.02,1.0,0.19548,1.98483,0.54545,0.49091,"[0.65455, 0.54545, 0.27273]",1249,0.36022,1.75509,0.63636,0.61457,"[0.63158, 0.54545, 0.66667]",1172,STOPPED,327.016
332,20260103_014237,gaitpart_GREW_TOP70.csv,70%,Preset_6,Transformer,42,"[384, 512, 768]",8,3,896,0.2,mish,postnorm,learned,mean,False,7e-05,1e-06,40,AdamW,0.0,minmax,256,12,[0.68794326 2.1920904  0.91725768],0.02,1.0,1.11091,1.13934,0.15909,0.0915,"[0.0, 0.27451, 0.0]",133,1.11091,1.13934,0.15909,0.0915,"[0.0, 0.27451, 0.0]",133,STOPPED,28.897
333,20260103_014237,gaitpart_OUMVLP_TOP70.csv,70%,Preset_6,Transformer,42,"[384, 512, 768]",8,3,896,0.2,mish,postnorm,learned,mean,False,7e-05,1e-06,40,AdamW,0.0,minmax,256,12,[0.68794326 2.1920904  0.91725768],0.02,1.0,0.99962,1.14813,0.45455,0.38951,"[0.2963, 0.25, 0.62222]",791,0.99962,1.14813,0.45455,0.38951,"[0.2963, 0.25, 0.62222]",791,STOPPED,171.51
334,20260103_014237,gaitset_GREW_TOP70.csv,70%,Preset_6,Transformer,42,"[384, 512, 768]",8,3,896,0.2,mish,postnorm,learned,mean,False,7e-05,1e-06,40,AdamW,0.0,minmax,256,44,[0.68794326 2.1920904  0.91725768],0.02,1.0,1.10486,1.09843,0.36364,0.17778,"[0.0, 0.0, 0.53333]",123,1.10486,1.09843,0.36364,0.17778,"[0.0, 0.0, 0.53333]",123,STOPPED,31.281
335,20260103_014237,gaitset_OUMVLP_TOP70.csv,70%,Preset_6,Transformer,42,"[384, 512, 768]",8,3,896,0.2,mish,postnorm,learned,mean,False,7e-05,1e-06,40,AdamW,0.0,minmax,256,44,[0.68794326 2.1920904  0.91725768],0.02,1.0,1.10738,1.10454,0.15909,0.0915,"[0.0, 0.27451, 0.0]",175,1.10738,1.10454,0.15909,0.0915,"[0.0, 0.27451, 0.0]",175,STOPPED,44.697
336,20260103_014237,gaitset_TOP70.csv,70%,Preset_6,Transformer,42,"[384, 512, 768]",8,3,896,0.2,mish,postnorm,learned,mean,False,7e-05,1e-06,40,AdamW,0.0,minmax,256,44,[0.68794326 2.1920904  0.91725768],0.02,1.0,0.16176,3.22277,0.38636,0.34027,"[0.38889, 0.11765, 0.51429]",1771,0.57147,1.61325,0.47727,0.46345,"[0.55, 0.42857, 0.41176]",881,STOPPED,452.137
337,20260103_014237,gln_phase1_TOP70.csv,70%,Preset_6,Transformer,42,"[384, 512, 768]",8,3,896,0.2,mish,postnorm,learned,mean,False,7e-05,1e-06,40,AdamW,0.0,minmax,256,66,[0.68794326 2.1920904  0.91725768],0.02,1.0,1.10658,1.09621,0.36364,0.17778,"[0.0, 0.0, 0.53333]",228,1.10658,1.09621,0.36364,0.17778,"[0.0, 0.0, 0.53333]",228,STOPPED,74.861
338,20260103_014237,gln_phase2_TOP70.csv,70%,Preset_6,Transformer,42,"[384, 512, 768]",8,3,896,0.2,mish,postnorm,learned,mean,False,7e-05,1e-06,40,AdamW,0.0,minmax,256,66,[0.68794326 2.1920904  0.91725768],0.02,1.0,0.13582,2.64474,0.40909,0.35366,"[0.45, 0.15385, 0.45714]",868,0.14823,2.41369,0.52273,0.52442,"[0.52381, 0.53333, 0.51613]",861,COMPLETED,285.768

339,20260103_014237,baseline_CASIAB_TOP70.csv,70%,Preset_7,Transformer,42,"[640, 640, 640]",32,3,1024,0.1,hardswish,postnorm,sinusoidal,mean,False,5e-05,0.0,32,AdamW,0.0,minmax,256,22,[0.68794326 2.1920904  0.91725768],0.02,1.0,0.11737,3.00109,0.36364,0.26359,"[0.47826, 0.0, 0.3125]",298,0.53422,1.67053,0.54545,0.41053,"[0.63158, 0.0, 0.6]",154,COMPLETED,84.901
340,20260103_014237,baseline_OUMVLP_TOP70.csv,70%,Preset_7,Transformer,42,"[640, 640, 640]",32,3,1024,0.1,hardswish,postnorm,sinusoidal,mean,False,5e-05,0.0,32,AdamW,0.0,minmax,256,22,[0.68794326 2.1920904  0.91725768],0.02,1.0,0.1222,3.09758,0.36364,0.30397,"[0.25806, 0.15385, 0.5]",365,0.12077,2.4379,0.52273,0.49495,"[0.6, 0.4, 0.48485]",361,COMPLETED,104.182
341,20260103_014237,gaitgl_GREW_BNNeck_TOP70.csv,70%,Preset_7,Transformer,42,"[640, 640, 640]",32,3,1024,0.1,hardswish,postnorm,sinusoidal,mean,False,5e-05,0.0,32,AdamW,0.0,minmax,256,45,[0.68794326 2.1920904  0.91725768],0.02,1.0,0.10162,2.61488,0.43182,0.31907,"[0.54545, 0.0, 0.41176]",325,0.58714,1.60831,0.52273,0.39156,"[0.63415, 0.0, 0.54054]",221,COMPLETED,124.483
342,20260103_014237,gaitgl_GREW_TOP70.csv,70%,Preset_7,Transformer,42,"[640, 640, 640]",32,3,1024,0.1,hardswish,postnorm,sinusoidal,mean,False,5e-05,0.0,32,AdamW,0.0,minmax,256,45,[0.68794326 2.1920904  0.91725768],0.02,1.0,0.11261,2.4609,0.43182,0.40147,"[0.46154, 0.28571, 0.45714]",120,0.19557,2.10122,0.52273,0.483,"[0.58537, 0.36364, 0.5]",106,COMPLETED,45.884
343,20260103_014237,gaitgl_OUMVLP_TOP70.csv,70%,Preset_7,Transformer,42,"[640, 640, 640]",32,3,1024,0.1,hardswish,postnorm,sinusoidal,mean,False,5e-05,0.0,32,AdamW,0.0,minmax,256,45,[0.68794326 2.1920904  0.91725768],0.02,1.0,0.12072,2.82827,0.34091,0.31721,"[0.40909, 0.26667, 0.27586]",562,0.16234,1.89703,0.52273,0.46815,"[0.61224, 0.36364, 0.42857]",547,COMPLETED,215.514
344,20260103_014237,gaitgl_TOP70.csv,70%,Preset_7,Transformer,42,"[640, 640, 640]",32,3,1024,0.1,hardswish,postnorm,sinusoidal,mean,False,5e-05,0.0,32,AdamW,0.0,minmax,128,45,[0.68794326 2.1920904  0.91725768],0.02,1.0,0.10378,2.81537,0.40909,0.31899,"[0.58333, 0.14286, 0.23077]",174,0.1112,2.70808,0.5,0.42412,"[0.54054, 0.18182, 0.55]",158,COMPLETED,65.741
345,20260103_014237,gaitpart_GREW_TOP70.csv,70%,Preset_7,Transformer,42,"[640, 640, 640]",32,3,1024,0.1,hardswish,postnorm,sinusoidal,mean,False,5e-05,0.0,32,AdamW,0.0,minmax,256,12,[0.68794326 2.1920904  0.91725768],0.02,1.0,0.13123,2.90321,0.43182,0.42828,"[0.45, 0.42105, 0.41379]",270,0.18956,2.30784,0.54545,0.53959,"[0.55, 0.47619, 0.59259]",209,COMPLETED,72.081
346,20260103_014237,gaitpart_OUMVLP_TOP70.csv,70%,Preset_7,Transformer,42,"[640, 640, 640]",32,3,1024,0.1,hardswish,postnorm,sinusoidal,mean,False,5e-05,0.0,32,AdamW,0.0,minmax,256,12,[0.68794326 2.1920904  0.91725768],0.02,1.0,0.10684,2.26242,0.54545,0.45004,"[0.65217, 0.18182, 0.51613]",702,0.4471,1.92963,0.61364,0.59783,"[0.62857, 0.53333, 0.63158]",679,COMPLETED,187.441
347,20260103_014237,gaitset_GREW_TOP70.csv,70%,Preset_7,Transformer,42,"[640, 640, 640]",32,3,1024,0.1,hardswish,postnorm,sinusoidal,mean,False,5e-05,0.0,32,AdamW,0.0,minmax,256,44,[0.68794326 2.1920904  0.91725768],0.02,1.0,0.10642,2.79548,0.40909,0.35748,"[0.4186, 0.15385, 0.5]",352,0.54233,1.69391,0.52273,0.43932,"[0.59574, 0.22222, 0.5]",173,COMPLETED,123.192
348,20260103_014237,gaitset_OUMVLP_TOP70.csv,70%,Preset_7,Transformer,42,"[640, 640, 640]",32,3,1024,0.1,hardswish,postnorm,sinusoidal,mean,False,5e-05,0.0,32,AdamW,0.0,minmax,256,44,[0.68794326 2.1920904  0.91725768],0.02,1.0,0.3433,2.27788,0.36364,0.26923,"[0.5, 0.0, 0.30769]",1204,0.60713,1.54679,0.38636,0.36111,"[0.5, 0.33333, 0.25]",816,STOPPED,421.594
349,20260103_014237,gaitset_TOP70.csv,70%,Preset_7,Transformer,42,"[640, 640, 640]",32,3,1024,0.1,hardswish,postnorm,sinusoidal,mean,False,5e-05,0.0,32,AdamW,0.0,minmax,256,44,[0.68794326 2.1920904  0.91725768],0.02,1.0,0.12429,3.13231,0.38636,0.32605,"[0.5, 0.13333, 0.34483]",384,0.24548,2.36193,0.52273,0.47486,"[0.54545, 0.30769, 0.57143]",294,COMPLETED,134.405
350,20260103_014237,gln_phase1_TOP70.csv,70%,Preset_7,Transformer,42,"[640, 640, 640]",32,3,1024,0.1,hardswish,postnorm,sinusoidal,mean,False,5e-05,0.0,32,AdamW,0.0,minmax,256,66,[0.68794326 2.1920904  0.91725768],0.02,1.0,0.11217,2.8219,0.36364,0.30605,"[0.47826, 0.18182, 0.25806]",441,0.34322,2.47526,0.5,0.42381,"[0.57143, 0.2, 0.5]",360,COMPLETED,222.136
351,20260103_014237,gln_phase2_TOP70.csv,70%,Preset_7,Transformer,42,"[640, 640, 640]",32,3,1024,0.1,hardswish,postnorm,sinusoidal,mean,False,5e-05,0.0,32,AdamW,0.0,minmax,256,66,[0.68794326 2.1920904  0.91725768],0.02,1.0,0.11141,2.72764,0.43182,0.43055,"[0.4, 0.42105, 0.47059]",584,0.23235,2.19588,0.52273,0.51192,"[0.47059, 0.47059, 0.59459]",545,COMPLETED,293.987

352,20260103_014237,baseline_CASIAB_TOP70.csv,70%,Preset_8,Transformer,42,"[896, 896]",32,2,1280,0.1,gelu,prenorm,learned,cls,True,3e-05,1e-06,32,AdamW,0.0,L2,256,22,[0.68794326 2.1920904  0.91725768],0.02,1.0,0.20087,2.23128,0.45455,0.3327,"[0.51163, 0.0, 0.48649]",1278,0.36218,1.71221,0.54545,0.54529,"[0.5641, 0.54545, 0.52632]",1033,STOPPED,335.907
353,20260103_014237,baseline_OUMVLP_TOP70.csv,70%,Preset_8,Transformer,42,"[896, 896]",32,2,1280,0.1,gelu,prenorm,learned,cls,True,3e-05,1e-06,32,AdamW,0.0,L2,256,22,[0.68794326 2.1920904  0.91725768],0.02,1.0,0.11821,2.71019,0.43182,0.37474,"[0.52381, 0.11765, 0.48276]",1873,0.68858,1.30661,0.63636,0.53053,"[0.66667, 0.22222, 0.7027]",686,STOPPED,494.582
354,20260103_014237,gaitgl_GREW_BNNeck_TOP70.csv,70%,Preset_8,Transformer,42,"[896, 896]",32,2,1280,0.1,gelu,prenorm,learned,cls,True,3e-05,1e-06,32,AdamW,0.0,L2,256,45,[0.68794326 2.1920904  0.91725768],0.02,1.0,0.13818,3.1452,0.31818,0.22222,"[0.5, 0.0, 0.16667]",1380,0.4025,2.31476,0.52273,0.44746,"[0.64, 0.28571, 0.41667]",753,STOPPED,480.166
355,20260103_014237,gaitgl_GREW_TOP70.csv,70%,Preset_8,Transformer,42,"[896, 896]",32,2,1280,0.1,gelu,prenorm,learned,cls,True,3e-05,1e-06,32,AdamW,0.0,L2,256,45,[0.68794326 2.1920904  0.91725768],0.02,1.0,0.10268,2.47932,0.43182,0.34523,"[0.54902, 0.16667, 0.32]",873,0.46609,1.8172,0.52273,0.44956,"[0.55814, 0.25, 0.54054]",588,COMPLETED,303.877
356,20260103_014237,gaitgl_OUMVLP_TOP70.csv,70%,Preset_8,Transformer,42,"[896, 896]",32,2,1280,0.1,gelu,prenorm,learned,cls,True,3e-05,1e-06,32,AdamW,0.0,L2,256,45,[0.68794326 2.1920904  0.91725768],0.02,1.0,0.13942,2.57038,0.40909,0.29679,"[0.52, 0.0, 0.37037]",1547,0.53368,1.52641,0.52273,0.43837,"[0.51429, 0.16667, 0.63415]",754,COMPLETED,538.738
357,20260103_014237,gaitgl_TOP70.csv,70%,Preset_8,Transformer,42,"[896, 896]",32,2,1280,0.1,gelu,prenorm,learned,cls,True,3e-05,1e-06,32,AdamW,0.0,L2,128,45,[0.68794326 2.1920904  0.91725768],0.02,1.0,0.18192,1.99052,0.54545,0.4534,"[0.62745, 0.25, 0.48276]",929,0.41222,1.71632,0.54545,0.48374,"[0.625, 0.30769, 0.51852]",436,STOPPED,317.876
358,20260103_014237,gaitpart_GREW_TOP70.csv,70%,Preset_8,Transformer,42,"[896, 896]",32,2,1280,0.1,gelu,prenorm,learned,cls,True,3e-05,1e-06,32,AdamW,0.0,L2,256,12,[0.68794326 2.1920904  0.91725768],0.02,1.0,1.14156,1.18295,0.15909,0.0915,"[0.0, 0.27451, 0.0]",253,1.14156,1.18295,0.15909,0.0915,"[0.0, 0.27451, 0.0]",253,STOPPED,60.125
359,20260103_014237,gaitpart_OUMVLP_TOP70.csv,70%,Preset_8,Transformer,42,"[896, 896]",32,2,1280,0.1,gelu,prenorm,learned,cls,True,3e-05,1e-06,32,AdamW,0.0,L2,256,12,[0.68794326 2.1920904  0.91725768],0.02,1.0,1.11684,1.07483,0.36364,0.17778,"[0.0, 0.0, 0.53333]",147,1.11684,1.07483,0.36364,0.17778,"[0.0, 0.0, 0.53333]",147,STOPPED,34.806
360,20260103_014237,gaitset_GREW_TOP70.csv,70%,Preset_8,Transformer,42,"[896, 896]",32,2,1280,0.1,gelu,prenorm,learned,cls,True,3e-05,1e-06,32,AdamW,0.0,L2,256,44,[0.68794326 2.1920904  0.91725768],0.02,1.0,0.12327,2.54197,0.43182,0.35848,"[0.53061, 0.2, 0.34483]",1365,0.15876,2.81831,0.47727,0.4735,"[0.52381, 0.52632, 0.37037]",1241,COMPLETED,499.692
361,20260103_014237,gaitset_OUMVLP_TOP70.csv,70%,Preset_8,Transformer,42,"[896, 896]",32,2,1280,0.1,gelu,prenorm,learned,cls,True,3e-05,1e-06,32,AdamW,0.0,L2,256,44,[0.68794326 2.1920904  0.91725768],0.02,1.0,1.12644,1.08447,0.47727,0.21538,"[0.64615, 0.0, 0.0]",134,1.12644,1.08447,0.47727,0.21538,"[0.64615, 0.0, 0.0]",134,STOPPED,48.795
362,20260103_014237,gaitset_TOP70.csv,70%,Preset_8,Transformer,42,"[896, 896]",32,2,1280,0.1,gelu,prenorm,learned,cls,True,3e-05,1e-06,32,AdamW,0.0,L2,256,44,[0.68794326 2.1920904  0.91725768],0.02,1.0,0.14029,2.93344,0.38636,0.32828,"[0.5, 0.18182, 0.30303]",1554,0.7375,1.54879,0.45455,0.44825,"[0.51429, 0.41667, 0.41379]",432,STOPPED,570.183
363,20260103_014237,gln_phase1_TOP70.csv,70%,Preset_8,Transformer,42,"[896, 896]",32,2,1280,0.1,gelu,prenorm,learned,cls,True,3e-05,1e-06,32,AdamW,0.0,L2,256,66,[0.68794326 2.1920904  0.91725768],0.02,1.0,0.46007,1.92223,0.54545,0.49073,"[0.61905, 0.30769, 0.54545]",1111,0.28996,1.69024,0.61364,0.55051,"[0.68182, 0.36364, 0.60606]",919,STOPPED,553.514
364,20260103_014237,gln_phase2_TOP70.csv,70%,Preset_8,Transformer,42,"[896, 896]",32,2,1280,0.1,gelu,prenorm,learned,cls,True,3e-05,1e-06,32,AdamW,0.0,L2,256,66,[0.68794326 2.1920904  0.91725768],0.02,1.0,0.11251,2.6348,0.45455,0.41395,"[0.52381, 0.23529, 0.48276]",1025,0.52605,1.75569,0.59091,0.53333,"[0.66667, 0.4, 0.53333]",680,COMPLETED,510.571
