id,timestamp,target_embedding,source_params,model,seed,model_dims,num_heads,num_layers,dim_feedforward,dropout,activation,norm_type,pos_encoding,pooling,use_cls_token,lr,weight_decay,batch_size,optimizer,momentum_sgd,norm,input_dim,max_seq_len,class_weights,label_smoothing,clip_grad_norm,train_loss,test_loss,accuracy,f1_macro,f1_per_class,epochs_trained,train_loss_best_state,test_loss_best_state,best_accuracy,best_f1,best_f1_per_class,best_epoch,training,duration_sec
1,20251221_020302,baseline_31steps_concat.csv,Preset_1,Transformer,42,"[512, 512, 512]",8,3,1024,0.1,mish,prenorm,learned,cls,True,7e-05,5e-06,48,AdamW,0.0,nan,512,31,[0.68794326 2.1920904  0.91725768],0.02,1.0,0.13967,2.6565,0.43182,0.33016,"[0.47619, 0.0, 0.51429]",290,0.18447,2.81241,0.47727,0.46644,"[0.44444, 0.42857, 0.52632]",273,COMPLETED,60.911
2,20251221_020302,gaitgl_64steps_concat.csv,Preset_1,Transformer,42,"[512, 512, 512]",8,3,1024,0.1,mish,prenorm,learned,cls,True,7e-05,5e-06,48,AdamW,0.0,nan,768,64,[0.68794326 2.1920904  0.91725768],0.02,1.0,0.12621,1.52963,0.59091,0.43844,"[0.64865, 0.0, 0.66667]",41,0.19035,1.42847,0.63636,0.46465,"[0.72727, 0.0, 0.66667]",24,COMPLETED,11.826
3,20251221_020302,gaitpart_16steps_concat.csv,Preset_1,Transformer,42,"[512, 512, 512]",8,3,1024,0.1,mish,prenorm,learned,cls,True,7e-05,5e-06,48,AdamW,0.0,nan,512,16,[0.68794326 2.1920904  0.91725768],0.02,1.0,0.11368,2.41278,0.47727,0.42619,"[0.65, 0.2, 0.42857]",338,0.69759,1.20438,0.63636,0.57392,"[0.70588, 0.44444, 0.57143]",139,COMPLETED,65.928
4,20251221_020302,gaitset_62steps_concat.csv,Preset_1,Transformer,42,"[512, 512, 512]",8,3,1024,0.1,mish,prenorm,learned,cls,True,7e-05,5e-06,48,AdamW,0.0,nan,768,62,[0.68794326 2.1920904  0.91725768],0.02,1.0,0.11233,2.47824,0.45455,0.34396,"[0.56522, 0.0, 0.46667]",273,0.6839,1.47663,0.5,0.47997,"[0.58537, 0.45455, 0.4]",92,COMPLETED,74.69
5,20251221_020302,gln_93steps_concat.csv,Preset_1,Transformer,42,"[512, 512, 512]",8,3,1024,0.1,mish,prenorm,learned,cls,True,7e-05,5e-06,48,AdamW,0.0,nan,512,93,[0.68794326 2.1920904  0.91725768],0.02,1.0,0.13774,2.42471,0.40909,0.29513,"[0.52174, 0.0, 0.36364]",253,0.49513,1.74587,0.54545,0.4627,"[0.6087, 0.25, 0.52941]",129,COMPLETED,87.057

6,20251221_020302,baseline_31steps_concat.csv,Preset_2,Transformer,42,"[256, 384, 512]",16,3,768,0.1,gelu,prenorm,learned,cls,True,0.0001,1e-06,80,AdamW,0.0,L2,512,31,[0.68794326 2.1920904  0.91725768],0.02,1.0,0.12117,2.5357,0.45455,0.39076,"[0.47619, 0.18182, 0.51429]",767,0.6437,1.30265,0.54545,0.51195,"[0.61538, 0.375, 0.54545]",277,COMPLETED,106.913
7,20251221_020302,gaitgl_64steps_concat.csv,Preset_2,Transformer,42,"[256, 384, 512]",16,3,768,0.1,gelu,prenorm,learned,cls,True,0.0001,1e-06,80,AdamW,0.0,L2,768,64,[0.68794326 2.1920904  0.91725768],0.02,1.0,0.10336,2.72213,0.40909,0.27941,"[0.58824, 0.0, 0.25]",828,0.74505,1.22889,0.52273,0.43434,"[0.63636, 0.16667, 0.5]",225,COMPLETED,206.82
8,20251221_020302,gaitpart_16steps_concat.csv,Preset_2,Transformer,42,"[256, 384, 512]",16,3,768,0.1,gelu,prenorm,learned,cls,True,0.0001,1e-06,80,AdamW,0.0,L2,512,16,[0.68794326 2.1920904  0.91725768],0.02,1.0,1.10732,1.10567,0.15909,0.0915,"[0.0, 0.27451, 0.0]",122,1.10732,1.10567,0.15909,0.0915,"[0.0, 0.27451, 0.0]",122,STOPPED,15.224
9,20251221_020302,gaitset_62steps_concat.csv,Preset_2,Transformer,42,"[256, 384, 512]",16,3,768,0.1,gelu,prenorm,learned,cls,True,0.0001,1e-06,80,AdamW,0.0,L2,768,62,[0.68794326 2.1920904  0.91725768],0.02,1.0,0.74328,1.79159,0.34091,0.28837,"[0.46512, 0.0, 0.4]",584,0.62939,1.70459,0.40909,0.39909,"[0.23077, 0.48, 0.48649]",485,STOPPED,135.712
10,20251221_020302,gln_93steps_concat.csv,Preset_2,Transformer,42,"[256, 384, 512]",16,3,768,0.1,gelu,prenorm,learned,cls,True,0.0001,1e-06,80,AdamW,0.0,L2,512,93,[0.68794326 2.1920904  0.91725768],0.02,1.0,0.68019,2.53001,0.36364,0.31813,"[0.42105, 0.13333, 0.4]",738,0.55115,2.08374,0.45455,0.4269,"[0.42105, 0.33333, 0.52632]",464,STOPPED,242.892

11,20251221_020302,baseline_31steps_concat.csv,Preset_3,Transformer,42,"[320, 480, 640]",8,3,960,0.15,gelu,prenorm,learned,mean,False,7e-05,1e-06,48,AdamW,0.0,nan,512,31,[0.68794326 2.1920904  0.91725768],0.02,1.0,0.11907,2.52758,0.45455,0.33939,"[0.53333, 0.0, 0.48485]",237,0.32,3.11908,0.45455,0.41837,"[0.53659, 0.2, 0.51852]",182,COMPLETED,51.801
12,20251221_020302,gaitgl_64steps_concat.csv,Preset_3,Transformer,42,"[320, 480, 640]",8,3,960,0.15,gelu,prenorm,learned,mean,False,7e-05,1e-06,48,AdamW,0.0,nan,768,64,[0.68794326 2.1920904  0.91725768],0.02,1.0,0.11023,1.73814,0.5,0.42407,"[0.55556, 0.16667, 0.55]",84,0.26875,1.86823,0.52273,0.44162,"[0.57895, 0.18182, 0.5641]",57,COMPLETED,23.473
13,20251221_020302,gaitpart_16steps_concat.csv,Preset_3,Transformer,42,"[320, 480, 640]",8,3,960,0.15,gelu,prenorm,learned,mean,False,7e-05,1e-06,48,AdamW,0.0,nan,512,16,[0.68794326 2.1920904  0.91725768],0.02,1.0,0.11363,2.4198,0.52273,0.43945,"[0.61905, 0.15385, 0.54545]",453,0.48217,1.633,0.65909,0.59385,"[0.76, 0.46154, 0.56]",300,COMPLETED,93.67
14,20251221_020302,gaitset_62steps_concat.csv,Preset_3,Transformer,42,"[320, 480, 640]",8,3,960,0.15,gelu,prenorm,learned,mean,False,7e-05,1e-06,48,AdamW,0.0,nan,768,62,[0.68794326 2.1920904  0.91725768],0.02,1.0,0.122,2.76107,0.43182,0.33761,"[0.51282, 0.0, 0.5]",238,0.5757,2.05625,0.45455,0.44953,"[0.5, 0.43478, 0.41379]",97,COMPLETED,66.76
15,20251221_020302,gln_93steps_concat.csv,Preset_3,Transformer,42,"[320, 480, 640]",8,3,960,0.15,gelu,prenorm,learned,mean,False,7e-05,1e-06,48,AdamW,0.0,nan,512,93,[0.68794326 2.1920904  0.91725768],0.02,1.0,0.13837,2.7571,0.43182,0.30561,"[0.36364, 0.0, 0.55319]",244,0.46645,1.60557,0.56818,0.51209,"[0.6, 0.30769, 0.62857]",104,COMPLETED,87.458

16,20251221_020302,baseline_31steps_concat.csv,Preset_4,Transformer,42,"[640, 480, 320]",8,3,960,0.15,mish,postnorm,sinusoidal,max,False,6e-05,1e-06,32,Adam,0.0,nan,512,31,[0.68794326 2.1920904  0.91725768],0.02,1.0,0.12403,1.94595,0.40909,0.38054,"[0.34286, 0.21053, 0.58824]",152,0.13979,1.69478,0.5,0.45591,"[0.51282, 0.26667, 0.58824]",140,COMPLETED,45.179
17,20251221_020302,gaitgl_64steps_concat.csv,Preset_4,Transformer,42,"[640, 480, 320]",8,3,960,0.15,mish,postnorm,sinusoidal,max,False,6e-05,1e-06,32,Adam,0.0,nan,768,64,[0.68794326 2.1920904  0.91725768],0.02,1.0,0.11149,1.12425,0.47727,0.34498,"[0.58333, 0.0, 0.45161]",29,0.18751,1.0573,0.5,0.47271,"[0.59459, 0.35294, 0.47059]",21,COMPLETED,10.253
18,20251221_020302,gaitpart_16steps_concat.csv,Preset_4,Transformer,42,"[640, 480, 320]",8,3,960,0.15,mish,postnorm,sinusoidal,max,False,6e-05,1e-06,32,Adam,0.0,nan,512,16,[0.68794326 2.1920904  0.91725768],0.02,1.0,0.12593,1.47384,0.52273,0.44444,"[0.71111, 0.22222, 0.4]",269,0.29201,1.186,0.61364,0.56053,"[0.65, 0.4, 0.63158]",186,COMPLETED,76.239
19,20251221_020302,gaitset_62steps_concat.csv,Preset_4,Transformer,42,"[640, 480, 320]",8,3,960,0.15,mish,postnorm,sinusoidal,max,False,6e-05,1e-06,32,Adam,0.0,nan,768,62,[0.68794326 2.1920904  0.91725768],0.02,1.0,0.12441,1.45531,0.5,0.3856,"[0.58537, 0.0, 0.57143]",183,0.18817,1.50404,0.5,0.4556,"[0.54054, 0.28571, 0.54054]",166,COMPLETED,62.961
20,20251221_020302,gln_93steps_concat.csv,Preset_4,Transformer,42,"[640, 480, 320]",8,3,960,0.15,mish,postnorm,sinusoidal,max,False,6e-05,1e-06,32,Adam,0.0,nan,512,93,[0.68794326 2.1920904  0.91725768],0.02,1.0,0.13099,1.27572,0.5,0.41579,"[0.59574, 0.2, 0.45161]",140,0.12939,1.27724,0.56818,0.47487,"[0.63636, 0.2, 0.58824]",139,COMPLETED,56.129

21,20251221_020302,baseline_31steps_concat.csv,Preset_5,Transformer,42,"[256, 384, 512, 640]",8,4,768,0.15,silu,postnorm,learned,mean,False,5e-05,1e-06,64,AdamW,0.0,nan,512,31,[0.68794326 2.1920904  0.91725768],0.02,1.0,0.11712,2.73547,0.43182,0.37179,"[0.46154, 0.15385, 0.5]",439,0.21747,2.28742,0.54545,0.48803,"[0.61224, 0.33333, 0.51852]",337,COMPLETED,93.47
22,20251221_020302,gaitgl_64steps_concat.csv,Preset_5,Transformer,42,"[256, 384, 512, 640]",8,4,768,0.15,silu,postnorm,learned,mean,False,5e-05,1e-06,64,AdamW,0.0,nan,768,64,[0.68794326 2.1920904  0.91725768],0.02,1.0,0.1122,1.92656,0.45455,0.32381,"[0.57143, 0.0, 0.4]",130,0.1212,1.99844,0.59091,0.53535,"[0.60606, 0.36364, 0.63636]",118,COMPLETED,38.692
23,20251221_020302,gaitpart_16steps_concat.csv,Preset_5,Transformer,42,"[256, 384, 512, 640]",8,4,768,0.15,silu,postnorm,learned,mean,False,5e-05,1e-06,64,AdamW,0.0,nan,512,16,[0.68794326 2.1920904  0.91725768],0.02,1.0,0.11775,2.23088,0.5,0.37943,"[0.6383, 0.0, 0.5]",676,0.20378,1.79715,0.56818,0.50719,"[0.66667, 0.26667, 0.58824]",467,COMPLETED,134.786
24,20251221_020302,gaitset_62steps_concat.csv,Preset_5,Transformer,42,"[256, 384, 512, 640]",8,4,768,0.15,silu,postnorm,learned,mean,False,5e-05,1e-06,64,AdamW,0.0,nan,768,62,[0.68794326 2.1920904  0.91725768],0.02,1.0,0.12663,3.23766,0.31818,0.26578,"[0.41026, 0.0, 0.3871]",385,0.7298,1.50522,0.38636,0.38031,"[0.47059, 0.28571, 0.38462]",75,COMPLETED,110.42
25,20251221_020302,gln_93steps_concat.csv,Preset_5,Transformer,42,"[256, 384, 512, 640]",8,4,768,0.15,silu,postnorm,learned,mean,False,5e-05,1e-06,64,AdamW,0.0,nan,512,93,[0.68794326 2.1920904  0.91725768],0.02,1.0,0.10645,2.52998,0.45455,0.37834,"[0.55319, 0.18182, 0.4]",497,0.74656,1.14105,0.54545,0.53166,"[0.57895, 0.47059, 0.54545]",79,COMPLETED,196.495

26,20251221_020302,baseline_31steps_concat.csv,Preset_6,Transformer,42,"[512, 512, 384]",8,3,768,0.1,mish,postnorm,sinusoidal,cls,True,2e-05,1e-06,32,Adam,0.0,nan,512,31,[0.68794326 2.1920904  0.91725768],0.02,1.0,0.12528,2.7377,0.43182,0.32353,"[0.5, 0.0, 0.47059]",383,0.6296,1.8391,0.47727,0.40741,"[0.51282, 0.15385, 0.55556]",154,COMPLETED,110.471
27,20251221_020302,gaitgl_64steps_concat.csv,Preset_6,Transformer,42,"[512, 512, 384]",8,3,768,0.1,mish,postnorm,sinusoidal,cls,True,2e-05,1e-06,32,Adam,0.0,nan,768,64,[0.68794326 2.1920904  0.91725768],0.02,1.0,0.12683,1.72826,0.52273,0.43056,"[0.625, 0.16667, 0.5]",66,0.13747,2.14906,0.52273,0.47179,"[0.51429, 0.28571, 0.61538]",51,COMPLETED,22.398
28,20251221_020302,gaitpart_16steps_concat.csv,Preset_6,Transformer,42,"[512, 512, 384]",8,3,768,0.1,mish,postnorm,sinusoidal,cls,True,2e-05,1e-06,32,Adam,0.0,nan,512,16,[0.68794326 2.1920904  0.91725768],0.02,1.0,0.12785,1.90447,0.52273,0.4,"[0.66667, 0.0, 0.53333]",550,0.67387,0.99217,0.63636,0.62775,"[0.66667, 0.57143, 0.64516]",170,COMPLETED,151.542
29,20251221_020302,gaitset_62steps_concat.csv,Preset_6,Transformer,42,"[512, 512, 384]",8,3,768,0.1,mish,postnorm,sinusoidal,cls,True,2e-05,1e-06,32,Adam,0.0,nan,768,62,[0.68794326 2.1920904  0.91725768],0.02,1.0,0.1217,1.94865,0.54545,0.40631,"[0.6383, 0.0, 0.58065]",380,0.2031,2.71475,0.52273,0.50381,"[0.45161, 0.44444, 0.61538]",318,COMPLETED,140.093
30,20251221_020302,gln_93steps_concat.csv,Preset_6,Transformer,42,"[512, 512, 384]",8,3,768,0.1,mish,postnorm,sinusoidal,cls,True,2e-05,1e-06,32,Adam,0.0,nan,512,93,[0.68794326 2.1920904  0.91725768],0.02,1.0,0.13738,2.07679,0.5,0.3633,"[0.6383, 0.0, 0.45161]",423,0.30014,1.87471,0.54545,0.45745,"[0.65, 0.18182, 0.54054]",211,COMPLETED,184.735

31,20251221_020302,baseline_31steps_concat.csv,Preset_7,Transformer,42,"[512, 768, 1024, 768]",32,4,1536,0.1,gelu,prenorm,learned,mean,False,0.0003,1e-05,32,SGD,0.9,nan,512,31,[0.68794326 2.1920904  0.91725768],0.02,1.0,0.56056,1.57266,0.40909,0.38221,"[0.42857, 0.23529, 0.48276]",1995,0.59919,1.61439,0.5,0.48779,"[0.52381, 0.42105, 0.51852]",1984,STOPPED,980.635
32,20251221_020302,gaitgl_64steps_concat.csv,Preset_7,Transformer,42,"[512, 768, 1024, 768]",32,4,1536,0.1,gelu,prenorm,learned,mean,False,0.0003,1e-05,32,SGD,0.9,nan,768,64,[0.68794326 2.1920904  0.91725768],0.02,1.0,0.13889,1.91213,0.47727,0.3945,"[0.63636, 0.13333, 0.41379]",938,0.21681,1.66418,0.52273,0.44518,"[0.62857, 0.14286, 0.5641]",634,COMPLETED,763.569
33,20251221_020302,gaitpart_16steps_concat.csv,Preset_7,Transformer,42,"[512, 768, 1024, 768]",32,4,1536,0.1,gelu,prenorm,learned,mean,False,0.0003,1e-05,32,SGD,0.9,nan,512,16,[0.68794326 2.1920904  0.91725768],0.02,1.0,0.77625,1.16377,0.52273,0.47098,"[0.51429, 0.25, 0.64865]",1921,0.74222,1.12201,0.59091,0.52799,"[0.63158, 0.26667, 0.68571]",1856,STOPPED,793.5
34,20251221_020302,gaitset_62steps_concat.csv,Preset_7,Transformer,42,"[512, 768, 1024, 768]",32,4,1536,0.1,gelu,prenorm,learned,mean,False,0.0003,1e-05,32,SGD,0.9,nan,768,62,[0.68794326 2.1920904  0.91725768],0.02,1.0,0.46542,2.02148,0.38636,0.31476,"[0.47368, 0.0, 0.47059]",2736,0.73058,1.41086,0.45455,0.43438,"[0.51613, 0.27273, 0.51429]",1544,STOPPED,2122.516
35,20251221_020302,gln_93steps_concat.csv,Preset_7,Transformer,42,"[512, 768, 1024, 768]",32,4,1536,0.1,gelu,prenorm,learned,mean,False,0.0003,1e-05,32,SGD,0.9,nan,512,93,[0.68794326 2.1920904  0.91725768],0.02,1.0,0.68498,1.13728,0.52273,0.44314,"[0.57778, 0.22222, 0.52941]",1834,0.63203,1.13899,0.56818,0.56213,"[0.58537, 0.54545, 0.55556]",1734,STOPPED,2254.074

36,20251221_020302,baseline_31steps_concat.csv,Preset_8,Transformer,42,"[512, 512, 512]",8,3,1152,0.0,silu,prenorm,learned,cls,True,0.0005,1e-06,40,Adam,0.0,nan,512,31,[0.68794326 2.1920904  0.91725768],0.02,1.0,0.1271,2.46389,0.45455,0.39056,"[0.48889, 0.16667, 0.51613]",204,0.25723,2.55561,0.47727,0.45651,"[0.47368, 0.33333, 0.5625]",88,COMPLETED,50.462
37,20251221_020302,gaitgl_64steps_concat.csv,Preset_8,Transformer,42,"[512, 512, 512]",8,3,1152,0.0,silu,prenorm,learned,cls,True,0.0005,1e-06,40,Adam,0.0,nan,768,64,[0.68794326 2.1920904  0.91725768],0.02,1.0,0.13332,2.85364,0.36364,0.34141,"[0.42424, 0.2, 0.4]",40,0.19665,2.14595,0.47727,0.43424,"[0.53659, 0.25, 0.51613]",25,COMPLETED,14.119
38,20251221_020302,gaitpart_16steps_concat.csv,Preset_8,Transformer,42,"[512, 512, 512]",8,3,1152,0.0,silu,prenorm,learned,cls,True,0.0005,1e-06,40,Adam,0.0,nan,512,16,[0.68794326 2.1920904  0.91725768],0.02,1.0,0.10986,2.23517,0.47727,0.46334,"[0.52632, 0.38095, 0.48276]",376,0.63015,1.12745,0.61364,0.60923,"[0.61111, 0.57143, 0.64516]",87,COMPLETED,85.977
39,20251221_020302,gaitset_62steps_concat.csv,Preset_8,Transformer,42,"[512, 512, 512]",8,3,1152,0.0,silu,prenorm,learned,cls,True,0.0005,1e-06,40,Adam,0.0,nan,768,62,[0.68794326 2.1920904  0.91725768],0.02,1.0,0.10219,2.63319,0.43182,0.3837,"[0.57778, 0.33333, 0.24]",263,0.13891,2.17665,0.54545,0.46032,"[0.66667, 0.14286, 0.57143]",206,COMPLETED,88.826
40,20251221_020302,gln_93steps_concat.csv,Preset_8,Transformer,42,"[512, 512, 512]",8,3,1152,0.0,silu,prenorm,learned,cls,True,0.0005,1e-06,40,Adam,0.0,nan,512,93,[0.68794326 2.1920904  0.91725768],0.02,1.0,0.13703,2.32319,0.47727,0.43651,"[0.52381, 0.28571, 0.5]",100,0.13195,2.28401,0.5,0.45899,"[0.52381, 0.30769, 0.54545]",97,COMPLETED,42.209

41,20251221_020302,baseline_31steps_concat.csv,Preset_9,Transformer,42,"[256, 512]",8,2,512,0.0,silu,prenorm,sinusoidal,mean,False,2e-05,1e-06,64,AdamW,0.0,nan,512,31,[0.68794326 2.1920904  0.91725768],0.02,1.0,0.12519,2.37773,0.45455,0.34673,"[0.59574, 0.0, 0.44444]",421,0.14779,2.64535,0.47727,0.44064,"[0.47368, 0.30769, 0.54054]",326,COMPLETED,56.816
42,20251221_020302,gaitgl_64steps_concat.csv,Preset_9,Transformer,42,"[256, 512]",8,2,512,0.0,silu,prenorm,sinusoidal,mean,False,2e-05,1e-06,64,AdamW,0.0,nan,768,64,[0.68794326 2.1920904  0.91725768],0.02,1.0,0.12402,1.8663,0.45455,0.40827,"[0.55814, 0.26667, 0.4]",93,0.23934,1.5309,0.54545,0.43607,"[0.68, 0.16667, 0.46154]",73,COMPLETED,18.611
43,20251221_020302,gaitpart_16steps_concat.csv,Preset_9,Transformer,42,"[256, 512]",8,2,512,0.0,silu,prenorm,sinusoidal,mean,False,2e-05,1e-06,64,AdamW,0.0,nan,512,16,[0.68794326 2.1920904  0.91725768],0.02,1.0,0.1181,1.48254,0.59091,0.48832,"[0.71111, 0.15385, 0.6]",524,0.68681,1.13904,0.61364,0.60597,"[0.54545, 0.58824, 0.68421]",131,COMPLETED,63.628
44,20251221_020302,gaitset_62steps_concat.csv,Preset_9,Transformer,42,"[256, 512]",8,2,512,0.0,silu,prenorm,sinusoidal,mean,False,2e-05,1e-06,64,AdamW,0.0,nan,768,62,[0.68794326 2.1920904  0.91725768],0.02,1.0,0.12744,2.37366,0.43182,0.37107,"[0.53659, 0.125, 0.45161]",351,0.65567,1.2065,0.52273,0.49485,"[0.61905, 0.42105, 0.44444]",153,COMPLETED,67.671
45,20251221_020302,gln_93steps_concat.csv,Preset_9,Transformer,42,"[256, 512]",8,2,512,0.0,silu,prenorm,sinusoidal,mean,False,2e-05,1e-06,64,AdamW,0.0,nan,512,93,[0.68794326 2.1920904  0.91725768],0.02,1.0,0.13211,2.15348,0.38636,0.33922,"[0.51429, 0.125, 0.37838]",333,0.17504,1.96496,0.47727,0.45926,"[0.6, 0.44444, 0.33333]",328,COMPLETED,83.961

46,20251221_020302,baseline_31steps_concat.csv,Preset_10,Transformer,42,"[512, 512, 512, 512, 512]",16,5,768,0.1,mish,prenorm,learned,mean,False,0.0001,1e-06,32,Adam,0.0,L2,512,31,[0.68794326 2.1920904  0.91725768],0.02,1.0,0.12025,2.51529,0.5,0.41987,"[0.57778, 0.18182, 0.5]",691,0.1911,2.41082,0.52273,0.48468,"[0.5641, 0.36364, 0.52632]",598,COMPLETED,311.345
47,20251221_020302,gaitgl_64steps_concat.csv,Preset_10,Transformer,42,"[512, 512, 512, 512, 512]",16,5,768,0.1,mish,prenorm,learned,mean,False,0.0001,1e-06,32,Adam,0.0,L2,768,64,[0.68794326 2.1920904  0.91725768],0.02,1.0,0.10758,2.76912,0.43182,0.37593,"[0.55, 0.11111, 0.46667]",420,0.67751,2.2066,0.54545,0.45906,"[0.57895, 0.16667, 0.63158]",395,COMPLETED,254.963
48,20251221_020302,gaitpart_16steps_concat.csv,Preset_10,Transformer,42,"[512, 512, 512, 512, 512]",16,5,768,0.1,mish,prenorm,learned,mean,False,0.0001,1e-06,32,Adam,0.0,L2,512,16,[0.68794326 2.1920904  0.91725768],0.02,1.0,1.10675,1.08538,0.47727,0.21538,"[0.64615, 0.0, 0.0]",173,1.10675,1.08538,0.47727,0.21538,"[0.64615, 0.0, 0.0]",173,STOPPED,72.295
49,20251221_020302,gaitset_62steps_concat.csv,Preset_10,Transformer,42,"[512, 512, 512, 512, 512]",16,5,768,0.1,mish,prenorm,learned,mean,False,0.0001,1e-06,32,Adam,0.0,L2,768,62,[0.68794326 2.1920904  0.91725768],0.02,1.0,1.37101,1.8474,0.34091,0.32568,"[0.16, 0.38462, 0.43243]",647,0.43276,1.90258,0.45455,0.45456,"[0.41379, 0.47619, 0.47368]",608,STOPPED,376.973
50,20251221_020302,gln_93steps_concat.csv,Preset_10,Transformer,42,"[512, 512, 512, 512, 512]",16,5,768,0.1,mish,prenorm,learned,mean,False,0.0001,1e-06,32,Adam,0.0,L2,512,93,[0.68794326 2.1920904  0.91725768],0.02,1.0,0.41694,2.8232,0.25,0.20391,"[0.38095, 0.0, 0.23077]",608,0.42358,2.20517,0.5,0.47225,"[0.57895, 0.35294, 0.48485]",394,STOPPED,508.692

51,20251221_020302,baseline_31steps_concat.csv,Preset_11,Transformer,42,"[512, 640, 768, 640]",16,4,1280,0.1,silu,postnorm,sinusoidal,cls,True,5e-05,1e-06,32,Adam,0.0,nan,512,31,[0.68794326 2.1920904  0.91725768],0.02,1.0,0.12108,3.21057,0.34091,0.3041,"[0.34146, 0.13333, 0.4375]",232,0.73996,1.27866,0.52273,0.48373,"[0.55814, 0.36364, 0.52941]",90,COMPLETED,104.933
52,20251221_020302,gaitgl_64steps_concat.csv,Preset_11,Transformer,42,"[512, 640, 768, 640]",16,4,1280,0.1,silu,postnorm,sinusoidal,cls,True,5e-05,1e-06,32,Adam,0.0,nan,768,64,[0.68794326 2.1920904  0.91725768],0.02,1.0,0.12675,2.09004,0.54545,0.536,"[0.53659, 0.5, 0.57143]",48,0.12675,2.09004,0.54545,0.536,"[0.53659, 0.5, 0.57143]",48,COMPLETED,32.293
53,20251221_020302,gaitpart_16steps_concat.csv,Preset_11,Transformer,42,"[512, 640, 768, 640]",16,4,1280,0.1,silu,postnorm,sinusoidal,cls,True,5e-05,1e-06,32,Adam,0.0,nan,512,16,[0.68794326 2.1920904  0.91725768],0.02,1.0,0.46503,2.02159,0.56818,0.4401,"[0.7037, 0.18182, 0.43478]",510,0.65906,1.41194,0.65909,0.5814,"[0.74419, 0.26667, 0.73333]",472,STOPPED,210.346
54,20251221_020302,gaitset_62steps_concat.csv,Preset_11,Transformer,42,"[512, 640, 768, 640]",16,4,1280,0.1,silu,postnorm,sinusoidal,cls,True,5e-05,1e-06,32,Adam,0.0,nan,768,62,[0.68794326 2.1920904  0.91725768],0.02,1.0,0.11414,2.40108,0.47727,0.37333,"[0.66667, 0.13333, 0.32]",232,0.13355,2.05686,0.54545,0.44982,"[0.66667, 0.16667, 0.51613]",222,COMPLETED,149.289
55,20251221_020302,gln_93steps_concat.csv,Preset_11,Transformer,42,"[512, 640, 768, 640]",16,4,1280,0.1,silu,postnorm,sinusoidal,cls,True,5e-05,1e-06,32,Adam,0.0,nan,512,93,[0.68794326 2.1920904  0.91725768],0.02,1.0,0.11683,2.29047,0.45455,0.32411,"[0.6087, 0.0, 0.36364]",200,0.39511,2.20311,0.54545,0.45745,"[0.65, 0.18182, 0.54054]",113,COMPLETED,166.797

56,20251221_020302,baseline_31steps_concat.csv,Preset_12,Transformer,42,"[896, 896, 896]",8,3,1152,0.1,silu,prenorm,learned,mean,False,5e-05,1e-06,32,Adam,0.0,L2,512,31,[0.68794326 2.1920904  0.91725768],0.02,1.0,0.61237,2.03984,0.40909,0.38653,"[0.33333, 0.28571, 0.54054]",958,0.54245,2.06531,0.54545,0.50999,"[0.63158, 0.35294, 0.54545]",878,STOPPED,380.712
57,20251221_020302,gaitgl_64steps_concat.csv,Preset_12,Transformer,42,"[896, 896, 896]",8,3,1152,0.1,silu,prenorm,learned,mean,False,5e-05,1e-06,32,Adam,0.0,L2,768,64,[0.68794326 2.1920904  0.91725768],0.02,1.0,0.1388,2.60829,0.45455,0.36694,"[0.63415, 0.0, 0.46667]",758,0.24907,2.36442,0.47727,0.419,"[0.6, 0.10526, 0.55172]",448,COMPLETED,426.473
58,20251221_020302,gaitpart_16steps_concat.csv,Preset_12,Transformer,42,"[896, 896, 896]",8,3,1152,0.1,silu,prenorm,learned,mean,False,5e-05,1e-06,32,Adam,0.0,L2,512,16,[0.68794326 2.1920904  0.91725768],0.02,1.0,0.4846,1.35742,0.54545,0.49445,"[0.7027, 0.2, 0.58065]",1006,0.57994,1.30061,0.63636,0.58896,"[0.7907, 0.47619, 0.5]",875,STOPPED,356.937
59,20251221_020302,gaitset_62steps_concat.csv,Preset_12,Transformer,42,"[896, 896, 896]",8,3,1152,0.1,silu,prenorm,learned,mean,False,5e-05,1e-06,32,Adam,0.0,L2,768,62,[0.68794326 2.1920904  0.91725768],0.02,1.0,0.47915,2.7477,0.40909,0.37915,"[0.52381, 0.25, 0.36364]",833,0.69705,1.86133,0.5,0.52476,"[0.48649, 0.6, 0.4878]",377,STOPPED,459.361
60,20251221_020302,gln_93steps_concat.csv,Preset_12,Transformer,42,"[896, 896, 896]",8,3,1152,0.1,silu,prenorm,learned,mean,False,5e-05,1e-06,32,Adam,0.0,L2,512,93,[0.68794326 2.1920904  0.91725768],0.02,1.0,0.52651,2.54116,0.38636,0.33718,"[0.42105, 0.13333, 0.45714]",873,0.72476,1.85904,0.47727,0.44444,"[0.42857, 0.33333, 0.57143]",180,STOPPED,659.822

61,20251221_020302,baseline_31steps_concat.csv,Preset_13,Transformer,42,[1024],32,1,1536,0.15,silu,prenorm,sinusoidal,max,False,3e-05,1e-06,24,AdamW,0.0,minmax,512,31,[0.68794326 2.1920904  0.91725768],0.02,1.0,0.11989,4.13231,0.43182,0.37277,"[0.44444, 0.13333, 0.54054]",356,0.52644,1.67543,0.56818,0.53111,"[0.61538, 0.35294, 0.625]",215,COMPLETED,90.029
62,20251221_020302,gaitgl_64steps_concat.csv,Preset_13,Transformer,42,[1024],32,1,1536,0.15,silu,prenorm,sinusoidal,max,False,3e-05,1e-06,24,AdamW,0.0,minmax,768,64,[0.68794326 2.1920904  0.91725768],0.02,1.0,0.11234,2.93797,0.5,0.45071,"[0.57778, 0.30769, 0.46667]",275,0.20941,3.39777,0.54545,0.49899,"[0.61905, 0.36364, 0.51429]",229,COMPLETED,103.53
63,20251221_020302,gaitpart_16steps_concat.csv,Preset_13,Transformer,42,[1024],32,1,1536,0.15,silu,prenorm,sinusoidal,max,False,3e-05,1e-06,24,AdamW,0.0,minmax,512,16,[0.68794326 2.1920904  0.91725768],0.02,1.0,0.11741,3.0914,0.5,0.42783,"[0.55556, 0.13333, 0.59459]",335,0.58782,1.55975,0.54545,0.5079,"[0.61905, 0.35294, 0.55172]",189,COMPLETED,76.804
64,20251221_020302,gaitset_62steps_concat.csv,Preset_13,Transformer,42,[1024],32,1,1536,0.15,silu,prenorm,sinusoidal,max,False,3e-05,1e-06,24,AdamW,0.0,minmax,768,62,[0.68794326 2.1920904  0.91725768],0.02,1.0,0.12531,2.15155,0.52273,0.44293,"[0.65, 0.13333, 0.54545]",433,0.22021,2.02514,0.54545,0.51367,"[0.57143, 0.375, 0.59459]",333,COMPLETED,157.894
65,20251221_020302,gln_93steps_concat.csv,Preset_13,Transformer,42,[1024],32,1,1536,0.15,silu,prenorm,sinusoidal,max,False,3e-05,1e-06,24,AdamW,0.0,minmax,512,93,[0.68794326 2.1920904  0.91725768],0.02,1.0,0.13189,1.62932,0.54545,0.50681,"[0.63415, 0.35294, 0.53333]",424,0.14383,1.59448,0.59091,0.51712,"[0.73469, 0.4, 0.41667]",408,COMPLETED,240.056

66,20251221_020302,baseline_31steps_concat.csv,Preset_14,Transformer,42,[256],8,1,256,0.1,mish,postnorm,learned,cls,True,5e-05,0.0,40,Adam,0.0,L2,512,31,[0.68794326 2.1920904  0.91725768],0.02,1.0,0.19065,2.58661,0.45455,0.34701,"[0.51163, 0.0, 0.52941]",1768,0.27709,2.26079,0.54545,0.48826,"[0.63415, 0.25, 0.58065]",1306,STOPPED,280.874
67,20251221_020302,gaitgl_64steps_concat.csv,Preset_14,Transformer,42,[256],8,1,256,0.1,mish,postnorm,learned,cls,True,5e-05,0.0,40,Adam,0.0,L2,768,64,[0.68794326 2.1920904  0.91725768],0.02,1.0,0.14354,2.61608,0.38636,0.32715,"[0.51163, 0.125, 0.34483]",1309,0.52931,2.13624,0.52273,0.43248,"[0.61224, 0.16667, 0.51852]",413,STOPPED,315.35
68,20251221_020302,gaitpart_16steps_concat.csv,Preset_14,Transformer,42,[256],8,1,256,0.1,mish,postnorm,learned,cls,True,5e-05,0.0,40,Adam,0.0,L2,512,16,[0.68794326 2.1920904  0.91725768],0.02,1.0,0.45848,2.42413,0.36364,0.32037,"[0.45, 0.11111, 0.4]",1970,0.65008,1.25221,0.56818,0.47863,"[0.66667, 0.15385, 0.61538]",1082,STOPPED,229.572
69,20251221_020302,gaitset_62steps_concat.csv,Preset_14,Transformer,42,[256],8,1,256,0.1,mish,postnorm,learned,cls,True,5e-05,0.0,40,Adam,0.0,L2,768,62,[0.68794326 2.1920904  0.91725768],0.02,1.0,0.33602,2.11864,0.47727,0.32946,"[0.60377, 0.0, 0.38462]",1254,0.62172,1.80232,0.43182,0.3998,"[0.4375, 0.19048, 0.57143]",566,STOPPED,293.255
70,20251221_020302,gln_93steps_concat.csv,Preset_14,Transformer,42,[256],8,1,256,0.1,mish,postnorm,learned,cls,True,5e-05,0.0,40,Adam,0.0,L2,512,93,[0.68794326 2.1920904  0.91725768],0.02,1.0,0.23378,1.80437,0.5,0.36832,"[0.6383, 0.0, 0.46667]",1054,0.32566,1.81893,0.56818,0.4205,"[0.68085, 0.0, 0.58065]",878,STOPPED,266.54

71,20251221_020302,baseline_31steps_concat.csv,Preset_15,Transformer,42,"[160, 320, 640]",10,3,1024,0.25,gelu,postnorm,sinusoidal,mean,False,0.00015,1e-06,32,AdamW,0.0,nan,512,31,[0.68794326 2.1920904  0.91725768],0.02,1.0,0.11564,2.99102,0.40909,0.32143,"[0.45, 0.0, 0.51429]",172,0.65507,1.6617,0.47727,0.46405,"[0.45161, 0.4, 0.54054]",53,COMPLETED,55.508
72,20251221_020302,gaitgl_64steps_concat.csv,Preset_15,Transformer,42,"[160, 320, 640]",10,3,1024,0.25,gelu,postnorm,sinusoidal,mean,False,0.00015,1e-06,32,AdamW,0.0,nan,768,64,[0.68794326 2.1920904  0.91725768],0.02,1.0,0.10549,2.11704,0.45455,0.3327,"[0.51163, 0.0, 0.48649]",51,0.1209,2.10413,0.5,0.40075,"[0.60377, 0.18182, 0.41667]",44,COMPLETED,22.183
73,20251221_020302,gaitpart_16steps_concat.csv,Preset_15,Transformer,42,"[160, 320, 640]",10,3,1024,0.25,gelu,postnorm,sinusoidal,mean,False,0.00015,1e-06,32,AdamW,0.0,nan,512,16,[0.68794326 2.1920904  0.91725768],0.02,1.0,0.11306,1.91365,0.59091,0.41358,"[0.74074, 0.0, 0.5]",395,0.12799,1.64004,0.65909,0.6329,"[0.72727, 0.57143, 0.6]",286,COMPLETED,112.455
74,20251221_020302,gaitset_62steps_concat.csv,Preset_15,Transformer,42,"[160, 320, 640]",10,3,1024,0.25,gelu,postnorm,sinusoidal,mean,False,0.00015,1e-06,32,AdamW,0.0,nan,768,62,[0.68794326 2.1920904  0.91725768],0.02,1.0,0.10338,2.88472,0.45455,0.39925,"[0.59091, 0.22222, 0.38462]",254,0.16754,2.47565,0.5,0.47886,"[0.53659, 0.4, 0.5]",219,COMPLETED,107.577
75,20251221_020302,gln_93steps_concat.csv,Preset_15,Transformer,42,"[160, 320, 640]",10,3,1024,0.25,gelu,postnorm,sinusoidal,mean,False,0.00015,1e-06,32,AdamW,0.0,nan,512,93,[0.68794326 2.1920904  0.91725768],0.02,1.0,0.10686,2.70753,0.47727,0.43557,"[0.5, 0.23529, 0.57143]",188,0.74444,1.42867,0.56818,0.55433,"[0.61538, 0.47619, 0.57143]",74,COMPLETED,96.86

76,20251221_020302,baseline_31steps_concat.csv,Preset_16,Transformer,42,"[512, 512, 512]",8,3,768,0.2,silu,prenorm,learned,cls,True,0.0002,0.0,32,AdamW,0.0,L2,512,31,[0.68794326 2.1920904  0.91725768],0.02,1.0,0.12145,3.00101,0.40909,0.38276,"[0.38889, 0.28571, 0.47368]",795,0.29625,2.33412,0.54545,0.49073,"[0.61905, 0.30769, 0.54545]",417,COMPLETED,254.283
77,20251221_020302,gaitgl_64steps_concat.csv,Preset_16,Transformer,42,"[512, 512, 512]",8,3,768,0.2,silu,prenorm,learned,cls,True,0.0002,0.0,32,AdamW,0.0,L2,768,64,[0.68794326 2.1920904  0.91725768],0.02,1.0,0.1264,2.49908,0.47727,0.34441,"[0.59574, 0.0, 0.4375]",452,0.25979,2.50544,0.5,0.42831,"[0.57778, 0.25, 0.45714]",424,COMPLETED,200.182
78,20251221_020302,gaitpart_16steps_concat.csv,Preset_16,Transformer,42,"[512, 512, 512]",8,3,768,0.2,silu,prenorm,learned,cls,True,0.0002,0.0,32,AdamW,0.0,L2,512,16,[0.68794326 2.1920904  0.91725768],0.02,1.0,1.10893,1.10374,0.36364,0.17778,"[0.0, 0.0, 0.53333]",313,1.10893,1.10374,0.36364,0.17778,"[0.0, 0.0, 0.53333]",313,STOPPED,87.983
79,20251221_020302,gaitset_62steps_concat.csv,Preset_16,Transformer,42,"[512, 512, 512]",8,3,768,0.2,silu,prenorm,learned,cls,True,0.0002,0.0,32,AdamW,0.0,L2,768,62,[0.68794326 2.1920904  0.91725768],0.02,1.0,0.12802,2.60203,0.47727,0.33846,"[0.61538, 0.0, 0.4]",420,0.61229,1.93427,0.52273,0.47704,"[0.66667, 0.44444, 0.32]",223,COMPLETED,180.948
80,20251221_020302,gln_93steps_concat.csv,Preset_16,Transformer,42,"[512, 512, 512]",8,3,768,0.2,silu,prenorm,learned,cls,True,0.0002,0.0,32,AdamW,0.0,L2,512,93,[0.68794326 2.1920904  0.91725768],0.02,1.0,0.11119,2.71705,0.45455,0.39211,"[0.45, 0.2, 0.52632]",310,0.36838,1.78146,0.5,0.45424,"[0.57778, 0.33333, 0.45161]",208,COMPLETED,160.249

81,20251221_020302,baseline_31steps_concat.csv,Preset_17,Transformer,42,"[1024, 768, 512]",16,3,512,0.1,gelu,postnorm,learned,mean,False,3e-05,1e-06,32,AdamW,0.0,L2,512,31,[0.68794326 2.1920904  0.91725768],0.02,1.0,0.44685,2.3693,0.45455,0.42698,"[0.53659, 0.31579, 0.42857]",1107,0.43007,1.97652,0.54545,0.53718,"[0.58333, 0.54545, 0.48276]",623,STOPPED,428.273
82,20251221_020302,gaitgl_64steps_concat.csv,Preset_17,Transformer,42,"[1024, 768, 512]",16,3,512,0.1,gelu,postnorm,learned,mean,False,3e-05,1e-06,32,AdamW,0.0,L2,768,64,[0.68794326 2.1920904  0.91725768],0.02,1.0,0.11104,2.63088,0.45455,0.35991,"[0.65116, 0.0, 0.42857]",907,0.53642,2.07451,0.52273,0.44943,"[0.65, 0.11765, 0.58065]",506,COMPLETED,535.725
83,20251221_020302,gaitpart_16steps_concat.csv,Preset_17,Transformer,42,"[1024, 768, 512]",16,3,512,0.1,gelu,postnorm,learned,mean,False,3e-05,1e-06,32,AdamW,0.0,L2,512,16,[0.68794326 2.1920904  0.91725768],0.02,1.0,1.10785,1.0805,0.47727,0.21538,"[0.64615, 0.0, 0.0]",274,1.10785,1.0805,0.47727,0.21538,"[0.64615, 0.0, 0.0]",274,STOPPED,90.919
84,20251221_020302,gaitset_62steps_concat.csv,Preset_17,Transformer,42,"[1024, 768, 512]",16,3,512,0.1,gelu,postnorm,learned,mean,False,3e-05,1e-06,32,AdamW,0.0,L2,768,62,[0.68794326 2.1920904  0.91725768],0.02,1.0,0.53565,2.52404,0.40909,0.34253,"[0.54545, 0.125, 0.35714]",1375,0.63634,2.35844,0.52273,0.49244,"[0.63636, 0.47059, 0.37037]",997,STOPPED,782.594
85,20251221_020302,gln_93steps_concat.csv,Preset_17,Transformer,42,"[1024, 768, 512]",16,3,512,0.1,gelu,postnorm,learned,mean,False,3e-05,1e-06,32,AdamW,0.0,L2,512,93,[0.68794326 2.1920904  0.91725768],0.02,1.0,0.5764,2.36072,0.47727,0.43651,"[0.52381, 0.28571, 0.5]",778,0.29253,2.18136,0.52273,0.47078,"[0.60465, 0.30769, 0.5]",698,STOPPED,613.552

86,20251221_020302,baseline_31steps_concat.csv,Preset_18,Transformer,42,"[512, 768, 512]",16,3,896,0.1,gelu,prenorm,learned,cls,True,3e-05,1e-05,40,AdamW,0.0,nan,512,31,[0.68794326 2.1920904  0.91725768],0.02,1.0,0.12128,2.88846,0.40909,0.35526,"[0.43243, 0.13333, 0.5]",303,0.6698,1.55677,0.52273,0.47486,"[0.57143, 0.30769, 0.54545]",119,COMPLETED,90.66
87,20251221_020302,gaitgl_64steps_concat.csv,Preset_18,Transformer,42,"[512, 768, 512]",16,3,896,0.1,gelu,prenorm,learned,cls,True,3e-05,1e-05,40,AdamW,0.0,nan,768,64,[0.68794326 2.1920904  0.91725768],0.02,1.0,0.11764,1.82003,0.45455,0.30002,"[0.60377, 0.0, 0.2963]",52,0.14925,1.80364,0.56818,0.40787,"[0.65217, 0.0, 0.57143]",36,COMPLETED,26.836
88,20251221_020302,gaitpart_16steps_concat.csv,Preset_18,Transformer,42,"[512, 768, 512]",16,3,896,0.1,gelu,prenorm,learned,cls,True,3e-05,1e-05,40,AdamW,0.0,nan,512,16,[0.68794326 2.1920904  0.91725768],0.02,1.0,0.138,2.08106,0.59091,0.52681,"[0.66667, 0.30769, 0.60606]",594,0.29752,1.67691,0.63636,0.62328,"[0.62857, 0.55556, 0.68571]",278,COMPLETED,151.639
89,20251221_020302,gaitset_62steps_concat.csv,Preset_18,Transformer,42,"[512, 768, 512]",16,3,896,0.1,gelu,prenorm,learned,cls,True,3e-05,1e-05,40,AdamW,0.0,nan,768,62,[0.68794326 2.1920904  0.91725768],0.02,1.0,0.11896,2.8263,0.43182,0.34665,"[0.52381, 0.0, 0.51613]",338,0.64783,1.58225,0.43182,0.40883,"[0.61111, 0.30769, 0.30769]",101,COMPLETED,164.061
90,20251221_020302,gln_93steps_concat.csv,Preset_18,Transformer,42,"[512, 768, 512]",16,3,896,0.1,gelu,prenorm,learned,cls,True,3e-05,1e-05,40,AdamW,0.0,nan,512,93,[0.68794326 2.1920904  0.91725768],0.02,1.0,0.13078,2.611,0.38636,0.29143,"[0.57143, 0.14286, 0.16]",355,0.32945,1.34817,0.59091,0.56926,"[0.63636, 0.5, 0.57143]",163,COMPLETED,228.775

91,20251221_020302,baseline_31steps_concat.csv,Preset_19,Transformer,42,[512],16,1,2048,0.1,silu,prenorm,learned,cls,True,0.0004,1e-06,64,AdamW,0.0,L2,512,31,[0.68794326 2.1920904  0.91725768],0.02,1.0,0.12954,2.74325,0.40909,0.34722,"[0.5, 0.16667, 0.375]",637,0.61756,1.63954,0.47727,0.47502,"[0.27586, 0.57143, 0.57778]",208,COMPLETED,84.231
92,20251221_020302,gaitgl_64steps_concat.csv,Preset_19,Transformer,42,[512],16,1,2048,0.1,silu,prenorm,learned,cls,True,0.0004,1e-06,64,AdamW,0.0,L2,768,64,[0.68794326 2.1920904  0.91725768],0.02,1.0,0.12317,2.74092,0.47727,0.40833,"[0.55319, 0.13333, 0.53846]",252,0.34627,2.27563,0.52273,0.44997,"[0.57143, 0.13333, 0.64516]",166,COMPLETED,68.701
93,20251221_020302,gaitpart_16steps_concat.csv,Preset_19,Transformer,42,[512],16,1,2048,0.1,silu,prenorm,learned,cls,True,0.0004,1e-06,64,AdamW,0.0,L2,512,16,[0.68794326 2.1920904  0.91725768],0.02,1.0,1.11039,1.12911,0.15909,0.0915,"[0.0, 0.27451, 0.0]",131,1.11039,1.12911,0.15909,0.0915,"[0.0, 0.27451, 0.0]",131,STOPPED,12.683
94,20251221_020302,gaitset_62steps_concat.csv,Preset_19,Transformer,42,[512],16,1,2048,0.1,silu,prenorm,learned,cls,True,0.0004,1e-06,64,AdamW,0.0,L2,768,62,[0.68794326 2.1920904  0.91725768],0.02,1.0,0.13467,2.15906,0.47727,0.40571,"[0.55814, 0.14286, 0.51613]",748,0.66608,1.298,0.54545,0.51933,"[0.6, 0.42857, 0.52941]",229,COMPLETED,194.324
95,20251221_020302,gln_93steps_concat.csv,Preset_19,Transformer,42,[512],16,1,2048,0.1,silu,prenorm,learned,cls,True,0.0004,1e-06,64,AdamW,0.0,L2,512,93,[0.68794326 2.1920904  0.91725768],0.02,1.0,0.1338,2.19093,0.5,0.37276,"[0.66667, 0.0, 0.45161]",431,0.18063,1.87463,0.56818,0.4661,"[0.71111, 0.15385, 0.53333]",379,COMPLETED,141.681

96,20251221_020302,baseline_31steps_concat.csv,Preset_20,Transformer,42,"[896, 640, 384]",16,3,1024,0.05,silu,prenorm,sinusoidal,cls,True,5e-05,1e-06,32,RMSprop,0.0,L2,512,31,[0.68794326 2.1920904  0.91725768],0.02,1.0,0.18945,3.26171,0.22727,0.17058,"[0.31818, 0.0, 0.19355]",1232,0.215,2.82727,0.43182,0.38385,"[0.34483, 0.23529, 0.57143]",969,STOPPED,453.018
97,20251221_020302,gaitgl_64steps_concat.csv,Preset_20,Transformer,42,"[896, 640, 384]",16,3,1024,0.05,silu,prenorm,sinusoidal,cls,True,5e-05,1e-06,32,RMSprop,0.0,L2,768,64,[0.68794326 2.1920904  0.91725768],0.02,1.0,0.10132,2.88412,0.40909,0.3538,"[0.42105, 0.15385, 0.48649]",541,0.52698,1.83699,0.54545,0.46254,"[0.55, 0.22222, 0.61538]",202,COMPLETED,310.009
98,20251221_020302,gaitpart_16steps_concat.csv,Preset_20,Transformer,42,"[896, 640, 384]",16,3,1024,0.05,silu,prenorm,sinusoidal,cls,True,5e-05,1e-06,32,RMSprop,0.0,L2,512,16,[0.68794326 2.1920904  0.91725768],0.02,1.0,1.10993,1.08696,0.36364,0.17778,"[0.0, 0.0, 0.53333]",213,1.10993,1.08696,0.36364,0.17778,"[0.0, 0.0, 0.53333]",213,STOPPED,68.324
99,20251221_020302,gaitset_62steps_concat.csv,Preset_20,Transformer,42,"[896, 640, 384]",16,3,1024,0.05,silu,prenorm,sinusoidal,cls,True,5e-05,1e-06,32,RMSprop,0.0,L2,768,62,[0.68794326 2.1920904  0.91725768],0.02,1.0,1.11224,1.07238,0.47727,0.21538,"[0.64615, 0.0, 0.0]",133,1.11224,1.07238,0.47727,0.21538,"[0.64615, 0.0, 0.0]",133,STOPPED,73.224
100,20251221_020302,gln_93steps_concat.csv,Preset_20,Transformer,42,"[896, 640, 384]",16,3,1024,0.05,silu,prenorm,sinusoidal,cls,True,5e-05,1e-06,32,RMSprop,0.0,L2,512,93,[0.68794326 2.1920904  0.91725768],0.02,1.0,0.26763,2.81286,0.40909,0.38536,"[0.5, 0.28571, 0.37037]",1273,0.51264,1.6069,0.52273,0.47999,"[0.65116, 0.375, 0.41379]",614,STOPPED,908.268

101,20251221_020302,baseline_31steps_concat.csv,Preset_21,Transformer,42,"[640, 640, 640]",8,3,512,0.1,mish,prenorm,learned,mean,False,0.0001,1e-06,64,Adam,0.0,L2,512,31,[0.68794326 2.1920904  0.91725768],0.02,1.0,0.30304,2.06347,0.52273,0.42274,"[0.64, 0.16667, 0.46154]",1035,0.60672,2.15527,0.56818,0.51345,"[0.625, 0.36364, 0.55172]",341,STOPPED,233.639
102,20251221_020302,gaitgl_64steps_concat.csv,Preset_21,Transformer,42,"[640, 640, 640]",8,3,512,0.1,mish,prenorm,learned,mean,False,0.0001,1e-06,64,Adam,0.0,L2,768,64,[0.68794326 2.1920904  0.91725768],0.02,1.0,0.11333,2.27194,0.54545,0.41438,"[0.69767, 0.0, 0.54545]",862,0.59635,1.58624,0.61364,0.45139,"[0.66667, 0.0, 0.6875]",240,COMPLETED,351.912
103,20251221_020302,gaitpart_16steps_concat.csv,Preset_21,Transformer,42,"[640, 640, 640]",8,3,512,0.1,mish,prenorm,learned,mean,False,0.0001,1e-06,64,Adam,0.0,L2,512,16,[0.68794326 2.1920904  0.91725768],0.02,1.0,0.33364,1.59779,0.54545,0.41565,"[0.63158, 0.0, 0.61538]",1602,0.74369,1.31541,0.61364,0.55793,"[0.77273, 0.42105, 0.48]",892,STOPPED,279.488
104,20251221_020302,gaitset_62steps_concat.csv,Preset_21,Transformer,42,"[640, 640, 640]",8,3,512,0.1,mish,prenorm,learned,mean,False,0.0001,1e-06,64,Adam,0.0,L2,768,62,[0.68794326 2.1920904  0.91725768],0.02,1.0,0.11646,2.92694,0.40909,0.31836,"[0.51064, 0.0, 0.44444]",1061,0.71906,1.94794,0.47727,0.45159,"[0.6, 0.43478, 0.32]",362,COMPLETED,416.555
105,20251221_020302,gln_93steps_concat.csv,Preset_21,Transformer,42,"[640, 640, 640]",8,3,512,0.1,mish,prenorm,learned,mean,False,0.0001,1e-06,64,Adam,0.0,L2,512,93,[0.68794326 2.1920904  0.91725768],0.02,1.0,0.71307,2.98552,0.40909,0.34832,"[0.4, 0.13333, 0.51163]",826,0.73145,1.85346,0.52273,0.48861,"[0.42857, 0.42857, 0.6087]",204,STOPPED,447.66

106,20251221_020302,baseline_31steps_concat.csv,Preset_22,Transformer,42,"[640, 640, 640, 640]",20,4,1280,0.1,gelu,prenorm,learned,mean,False,5e-05,1e-06,32,AdamW,0.0,L2,512,31,[0.68794326 2.1920904  0.91725768],0.02,1.0,0.77206,2.36324,0.43182,0.38056,"[0.46154, 0.11765, 0.5625]",800,0.51532,2.16046,0.56818,0.53276,"[0.63636, 0.42857, 0.53333]",723,STOPPED,354.847
107,20251221_020302,gaitgl_64steps_concat.csv,Preset_22,Transformer,42,"[640, 640, 640, 640]",20,4,1280,0.1,gelu,prenorm,learned,mean,False,5e-05,1e-06,32,AdamW,0.0,L2,768,64,[0.68794326 2.1920904  0.91725768],0.02,1.0,0.33069,2.60572,0.47727,0.36464,"[0.57778, 0.0, 0.51613]",721,0.5861,1.94973,0.52273,0.44943,"[0.65, 0.11765, 0.58065]",455,STOPPED,497.135
108,20251221_020302,gaitpart_16steps_concat.csv,Preset_22,Transformer,42,"[640, 640, 640, 640]",20,4,1280,0.1,gelu,prenorm,learned,mean,False,5e-05,1e-06,32,AdamW,0.0,L2,512,16,[0.68794326 2.1920904  0.91725768],0.02,1.0,1.10411,1.10491,0.36364,0.17778,"[0.0, 0.0, 0.53333]",290,1.10411,1.10491,0.36364,0.17778,"[0.0, 0.0, 0.53333]",290,STOPPED,111.001
109,20251221_020302,gaitset_62steps_concat.csv,Preset_22,Transformer,42,"[640, 640, 640, 640]",20,4,1280,0.1,gelu,prenorm,learned,mean,False,5e-05,1e-06,32,AdamW,0.0,L2,768,62,[0.68794326 2.1920904  0.91725768],0.02,1.0,1.10403,1.10483,0.15909,0.0915,"[0.0, 0.27451, 0.0]",172,1.10403,1.10483,0.15909,0.0915,"[0.0, 0.27451, 0.0]",172,STOPPED,113.256
110,20251221_020302,gln_93steps_concat.csv,Preset_22,Transformer,42,"[640, 640, 640, 640]",20,4,1280,0.1,gelu,prenorm,learned,mean,False,5e-05,1e-06,32,AdamW,0.0,L2,512,93,[0.68794326 2.1920904  0.91725768],0.02,1.0,0.47041,2.90519,0.38636,0.35899,"[0.48649, 0.19048, 0.4]",499,0.71192,1.90054,0.45455,0.43259,"[0.45161, 0.33333, 0.51282]",217,STOPPED,478.718

111,20251221_020302,baseline_31steps_concat.csv,Preset_23,Transformer,42,[768],16,1,768,0.0,silu,prenorm,learned,cls,True,2e-05,0.0,48,AdamW,0.0,L2,512,31,[0.68794326 2.1920904  0.91725768],0.02,1.0,0.69568,3.28025,0.43182,0.29419,"[0.32258, 0.0, 0.56]",1512,0.63842,2.27933,0.52273,0.51351,"[0.52941, 0.47059, 0.54054]",941,STOPPED,231.232
112,20251221_020302,gaitgl_64steps_concat.csv,Preset_23,Transformer,42,[768],16,1,768,0.0,silu,prenorm,learned,cls,True,2e-05,0.0,48,AdamW,0.0,L2,768,64,[0.68794326 2.1920904  0.91725768],0.02,1.0,0.12487,2.89787,0.45455,0.33233,"[0.65217, 0.0, 0.34483]",814,0.12487,2.89787,0.45455,0.33233,"[0.65217, 0.0, 0.34483]",814,COMPLETED,238.98
113,20251221_020302,gaitpart_16steps_concat.csv,Preset_23,Transformer,42,[768],16,1,768,0.0,silu,prenorm,learned,cls,True,2e-05,0.0,48,AdamW,0.0,L2,512,16,[0.68794326 2.1920904  0.91725768],0.02,1.0,0.70761,1.73647,0.43182,0.40294,"[0.57895, 0.27273, 0.35714]",2164,0.72598,1.3664,0.56818,0.53434,"[0.57143, 0.4, 0.63158]",1365,STOPPED,251.448
114,20251221_020302,gaitset_62steps_concat.csv,Preset_23,Transformer,42,[768],16,1,768,0.0,silu,prenorm,learned,cls,True,2e-05,0.0,48,AdamW,0.0,L2,768,62,[0.68794326 2.1920904  0.91725768],0.02,1.0,1.10403,1.08869,0.36364,0.17778,"[0.0, 0.0, 0.53333]",112,1.10403,1.08869,0.36364,0.17778,"[0.0, 0.0, 0.53333]",112,STOPPED,31.667
115,20251221_020302,gln_93steps_concat.csv,Preset_23,Transformer,42,[768],16,1,768,0.0,silu,prenorm,learned,cls,True,2e-05,0.0,48,AdamW,0.0,L2,512,93,[0.68794326 2.1920904  0.91725768],0.02,1.0,0.13533,2.9622,0.45455,0.41946,"[0.48485, 0.28571, 0.4878]",1170,0.38734,2.32471,0.54545,0.50297,"[0.65116, 0.375, 0.48276]",853,COMPLETED,409.364

116,20251221_020302,baseline_31steps_concat.csv,Preset_24,Transformer,42,"[768, 768, 512]",16,3,1152,0.15,silu,postnorm,learned,max,False,5e-05,1e-05,32,AdamW,0.0,nan,512,31,[0.68794326 2.1920904  0.91725768],0.02,1.0,0.11601,2.51468,0.45455,0.3325,"[0.52381, 0.0, 0.47368]",287,0.70774,1.24792,0.45455,0.43585,"[0.2963, 0.41667, 0.59459]",105,COMPLETED,106.409
117,20251221_020302,gaitgl_64steps_concat.csv,Preset_24,Transformer,42,"[768, 768, 512]",16,3,1152,0.15,silu,postnorm,learned,max,False,5e-05,1e-05,32,AdamW,0.0,nan,768,64,[0.68794326 2.1920904  0.91725768],0.02,1.0,0.12409,1.46903,0.38636,0.29302,"[0.58333, 0.10526, 0.19048]",32,0.21368,1.14931,0.43182,0.37194,"[0.48649, 0.14286, 0.48649]",22,COMPLETED,18.256
118,20251221_020302,gaitpart_16steps_concat.csv,Preset_24,Transformer,42,"[768, 768, 512]",16,3,1152,0.15,silu,postnorm,learned,max,False,5e-05,1e-05,32,AdamW,0.0,nan,512,16,[0.68794326 2.1920904  0.91725768],0.02,1.0,0.10946,1.94101,0.52273,0.47821,"[0.62857, 0.2, 0.60606]",452,0.12786,1.44982,0.61364,0.54691,"[0.71795, 0.23529, 0.6875]",404,COMPLETED,146.606
119,20251221_020302,gaitset_62steps_concat.csv,Preset_24,Transformer,42,"[768, 768, 512]",16,3,1152,0.15,silu,postnorm,learned,max,False,5e-05,1e-05,32,AdamW,0.0,nan,768,62,[0.68794326 2.1920904  0.91725768],0.02,1.0,0.126,1.91705,0.52273,0.44319,"[0.57143, 0.2, 0.55814]",330,0.56375,1.26086,0.54545,0.53166,"[0.57895, 0.47059, 0.54545]",147,COMPLETED,179.601
120,20251221_020302,gln_93steps_concat.csv,Preset_24,Transformer,42,"[768, 768, 512]",16,3,1152,0.15,silu,postnorm,learned,max,False,5e-05,1e-05,32,AdamW,0.0,nan,512,93,[0.68794326 2.1920904  0.91725768],0.02,1.0,0.1256,1.67076,0.38636,0.33936,"[0.58537, 0.16, 0.27273]",281,0.49546,1.13574,0.52273,0.47091,"[0.64, 0.5, 0.27273]",127,COMPLETED,214.256

121,20251221_020302,baseline_31steps_concat.csv,Preset_25,Transformer,42,"[640, 640, 896]",32,3,1024,0.1,gelu,prenorm,sinusoidal,mean,False,2e-05,1e-06,48,AdamW,0.0,nan,512,31,[0.68794326 2.1920904  0.91725768],0.02,1.0,0.11064,2.39702,0.5,0.37137,"[0.55, 0.0, 0.5641]",302,0.65084,1.50163,0.54545,0.52816,"[0.54545, 0.44444, 0.59459]",114,COMPLETED,97.822
122,20251221_020302,gaitgl_64steps_concat.csv,Preset_25,Transformer,42,"[640, 640, 896]",32,3,1024,0.1,gelu,prenorm,sinusoidal,mean,False,2e-05,1e-06,48,AdamW,0.0,nan,768,64,[0.68794326 2.1920904  0.91725768],0.02,1.0,0.11727,1.6132,0.52273,0.39224,"[0.625, 0.0, 0.55172]",59,0.12421,1.58017,0.54545,0.45822,"[0.65116, 0.14286, 0.58065]",58,COMPLETED,35.736
123,20251221_020302,gaitpart_16steps_concat.csv,Preset_25,Transformer,42,"[640, 640, 896]",32,3,1024,0.1,gelu,prenorm,sinusoidal,mean,False,2e-05,1e-06,48,AdamW,0.0,nan,512,16,[0.68794326 2.1920904  0.91725768],0.02,1.0,0.10502,1.57317,0.61364,0.55872,"[0.68, 0.44444, 0.55172]",530,0.191,1.35075,0.65909,0.64444,"[0.66667, 0.6, 0.66667]",346,COMPLETED,128.129
124,20251221_020302,gaitset_62steps_concat.csv,Preset_25,Transformer,42,"[640, 640, 896]",32,3,1024,0.1,gelu,prenorm,sinusoidal,mean,False,2e-05,1e-06,48,AdamW,0.0,nan,768,62,[0.68794326 2.1920904  0.91725768],0.02,1.0,0.13877,2.60151,0.45455,0.36575,"[0.6383, 0.11111, 0.34783]",291,0.45863,1.73101,0.47727,0.40708,"[0.5641, 0.14286, 0.51429]",149,COMPLETED,171.075
125,20251221_020302,gln_93steps_concat.csv,Preset_25,Transformer,42,"[640, 640, 896]",32,3,1024,0.1,gelu,prenorm,sinusoidal,mean,False,2e-05,1e-06,48,AdamW,0.0,nan,512,93,[0.68794326 2.1920904  0.91725768],0.02,1.0,0.12561,2.58565,0.43182,0.3179,"[0.58333, 0.0, 0.37037]",277,0.29746,2.33469,0.45455,0.44485,"[0.51613, 0.34783, 0.47059]",184,COMPLETED,264.283

126,20251221_020302,baseline_31steps_concat.csv,Preset_26,Transformer,42,"[384, 512, 768]",8,3,896,0.2,mish,postnorm,learned,mean,False,7e-05,1e-06,40,AdamW,0.0,minmax,512,31,[0.68794326 2.1920904  0.91725768],0.02,1.0,0.18366,2.141,0.52273,0.36768,"[0.64151, 0.0, 0.46154]",1214,0.51281,1.95485,0.52273,0.47198,"[0.6, 0.23529, 0.58065]",700,STOPPED,341.341
127,20251221_020302,gaitgl_64steps_concat.csv,Preset_26,Transformer,42,"[384, 512, 768]",8,3,896,0.2,mish,postnorm,learned,mean,False,7e-05,1e-06,40,AdamW,0.0,minmax,768,64,[0.68794326 2.1920904  0.91725768],0.02,1.0,1.10471,1.10365,0.36364,0.17778,"[0.0, 0.0, 0.53333]",282,1.10471,1.10365,0.36364,0.17778,"[0.0, 0.0, 0.53333]",282,STOPPED,120.76
128,20251221_020302,gaitpart_16steps_concat.csv,Preset_26,Transformer,42,"[384, 512, 768]",8,3,896,0.2,mish,postnorm,learned,mean,False,7e-05,1e-06,40,AdamW,0.0,minmax,512,16,[0.68794326 2.1920904  0.91725768],0.02,1.0,1.10551,1.0995,0.47727,0.21538,"[0.64615, 0.0, 0.0]",225,1.10551,1.0995,0.47727,0.21538,"[0.64615, 0.0, 0.0]",225,STOPPED,55.107
129,20251221_020302,gaitset_62steps_concat.csv,Preset_26,Transformer,42,"[384, 512, 768]",8,3,896,0.2,mish,postnorm,learned,mean,False,7e-05,1e-06,40,AdamW,0.0,minmax,768,62,[0.68794326 2.1920904  0.91725768],0.02,1.0,1.10673,1.08734,0.47727,0.21538,"[0.64615, 0.0, 0.0]",244,1.10673,1.08734,0.47727,0.21538,"[0.64615, 0.0, 0.0]",244,STOPPED,101.581
130,20251221_020302,gln_93steps_concat.csv,Preset_26,Transformer,42,"[384, 512, 768]",8,3,896,0.2,mish,postnorm,learned,mean,False,7e-05,1e-06,40,AdamW,0.0,minmax,512,93,[0.68794326 2.1920904  0.91725768],0.02,1.0,1.10441,1.09388,0.47727,0.21538,"[0.64615, 0.0, 0.0]",308,1.10441,1.09388,0.47727,0.21538,"[0.64615, 0.0, 0.0]",308,STOPPED,168.783

131,20251221_020302,baseline_31steps_concat.csv,Preset_27,Transformer,42,"[640, 640, 640]",32,3,1024,0.1,hardswish,postnorm,sinusoidal,mean,False,5e-05,0.0,32,AdamW,0.0,minmax,512,31,[0.68794326 2.1920904  0.91725768],0.02,1.0,0.11361,2.41499,0.47727,0.43966,"[0.4878, 0.28571, 0.54545]",335,0.33841,1.76035,0.56818,0.52544,"[0.52632, 0.4, 0.65]",224,COMPLETED,119.845
132,20251221_020302,gaitgl_64steps_concat.csv,Preset_27,Transformer,42,"[640, 640, 640]",32,3,1024,0.1,hardswish,postnorm,sinusoidal,mean,False,5e-05,0.0,32,AdamW,0.0,minmax,768,64,[0.68794326 2.1920904  0.91725768],0.02,1.0,1.10365,1.20134,0.15909,0.0915,"[0.0, 0.27451, 0.0]",148,1.10365,1.20134,0.15909,0.0915,"[0.0, 0.27451, 0.0]",148,STOPPED,86.967
133,20251221_020302,gaitpart_16steps_concat.csv,Preset_27,Transformer,42,"[640, 640, 640]",32,3,1024,0.1,hardswish,postnorm,sinusoidal,mean,False,5e-05,0.0,32,AdamW,0.0,minmax,512,16,[0.68794326 2.1920904  0.91725768],0.02,1.0,0.11311,2.48131,0.47727,0.36091,"[0.6383, 0.0, 0.44444]",314,0.65849,2.27586,0.54545,0.50272,"[0.63636, 0.33333, 0.53846]",274,COMPLETED,94.332
134,20251221_020302,gaitset_62steps_concat.csv,Preset_27,Transformer,42,"[640, 640, 640]",32,3,1024,0.1,hardswish,postnorm,sinusoidal,mean,False,5e-05,0.0,32,AdamW,0.0,minmax,768,62,[0.68794326 2.1920904  0.91725768],0.02,1.0,0.12428,2.45927,0.45455,0.28939,"[0.61818, 0.0, 0.25]",428,0.53053,1.57863,0.54545,0.50274,"[0.55, 0.36364, 0.59459]",224,COMPLETED,242.7
135,20251221_020302,gln_93steps_concat.csv,Preset_27,Transformer,42,"[640, 640, 640]",32,3,1024,0.1,hardswish,postnorm,sinusoidal,mean,False,5e-05,0.0,32,AdamW,0.0,minmax,512,93,[0.68794326 2.1920904  0.91725768],0.02,1.0,0.11646,2.6735,0.45455,0.33761,"[0.5, 0.0, 0.51282]",376,0.25251,1.74069,0.61364,0.43355,"[0.72, 0.0, 0.58065]",348,COMPLETED,331.307

136,20251221_020302,baseline_31steps_concat.csv,Preset_28,Transformer,42,"[896, 896]",32,2,1280,0.1,gelu,prenorm,learned,cls,True,3e-05,1e-06,32,AdamW,0.0,L2,512,31,[0.68794326 2.1920904  0.91725768],0.02,1.0,0.10678,2.70746,0.43182,0.39471,"[0.48889, 0.26667, 0.42857]",912,0.60712,1.77139,0.52273,0.49238,"[0.53659, 0.4, 0.54054]",413,COMPLETED,298.641
137,20251221_020302,gaitgl_64steps_concat.csv,Preset_28,Transformer,42,"[896, 896]",32,2,1280,0.1,gelu,prenorm,learned,cls,True,3e-05,1e-06,32,AdamW,0.0,L2,768,64,[0.68794326 2.1920904  0.91725768],0.02,1.0,0.13417,2.65508,0.38636,0.29582,"[0.52381, 0.0, 0.36364]",827,0.70971,1.31039,0.5,0.4153,"[0.63636, 0.14286, 0.46667]",259,COMPLETED,495.649
138,20251221_020302,gaitpart_16steps_concat.csv,Preset_28,Transformer,42,"[896, 896]",32,2,1280,0.1,gelu,prenorm,learned,cls,True,3e-05,1e-06,32,AdamW,0.0,L2,512,16,[0.68794326 2.1920904  0.91725768],0.02,1.0,1.11442,1.05119,0.47727,0.21538,"[0.64615, 0.0, 0.0]",168,1.11442,1.05119,0.47727,0.21538,"[0.64615, 0.0, 0.0]",168,STOPPED,45.509
139,20251221_020302,gaitset_62steps_concat.csv,Preset_28,Transformer,42,"[896, 896]",32,2,1280,0.1,gelu,prenorm,learned,cls,True,3e-05,1e-06,32,AdamW,0.0,L2,768,62,[0.68794326 2.1920904  0.91725768],0.02,1.0,1.11027,1.07293,0.36364,0.17778,"[0.0, 0.0, 0.53333]",129,1.11027,1.07293,0.36364,0.17778,"[0.0, 0.0, 0.53333]",129,STOPPED,73.128
140,20251221_020302,gln_93steps_concat.csv,Preset_28,Transformer,42,"[896, 896]",32,2,1280,0.1,gelu,prenorm,learned,cls,True,3e-05,1e-06,32,AdamW,0.0,L2,512,93,[0.68794326 2.1920904  0.91725768],0.02,1.0,0.1112,2.78032,0.43182,0.37456,"[0.45, 0.2, 0.47368]",898,0.20824,2.32977,0.52273,0.43041,"[0.62745, 0.25, 0.41379]",755,COMPLETED,702.013

141,20251227_184240,baseline_31steps_concat.csv,Preset_1,Transformer,42,"[640, 640, 896]",8,3,1024,0.1,gelu,prenorm,sinusoidal,cls,True,2e-05,1e-06,48,AdamW,0.0,nan,512,31,[0.68794326 2.1920904  0.91725768],0.02,1.0,0.10749,2.43279,0.45455,0.32174,"[0.4, 0.0, 0.56522]",348,0.40951,1.97598,0.61364,0.51335,"[0.65116, 0.22222, 0.66667]",133,COMPLETED,78.405
142,20251227_184240,gaitgl_64steps_concat.csv,Preset_1,Transformer,42,"[640, 640, 896]",8,3,1024,0.1,gelu,prenorm,sinusoidal,cls,True,2e-05,1e-06,48,AdamW,0.0,nan,768,64,[0.68794326 2.1920904  0.91725768],0.02,1.0,0.13985,1.73471,0.54545,0.40833,"[0.625, 0.0, 0.6]",54,0.14074,1.68315,0.59091,0.43175,"[0.66667, 0.0, 0.62857]",50,COMPLETED,19.897
143,20251227_184240,gaitpart_16steps_concat.csv,Preset_1,Transformer,42,"[640, 640, 896]",8,3,1024,0.1,gelu,prenorm,sinusoidal,cls,True,2e-05,1e-06,48,AdamW,0.0,nan,512,16,[0.68794326 2.1920904  0.91725768],0.02,1.0,0.1224,2.56383,0.5,0.47294,"[0.54054, 0.31579, 0.5625]",559,0.19168,2.17537,0.59091,0.56708,"[0.65, 0.47059, 0.58065]",401,COMPLETED,113.036
144,20251227_184240,gaitset_62steps_concat.csv,Preset_1,Transformer,42,"[640, 640, 896]",8,3,1024,0.1,gelu,prenorm,sinusoidal,cls,True,2e-05,1e-06,48,AdamW,0.0,nan,768,62,[0.68794326 2.1920904  0.91725768],0.02,1.0,0.14469,1.95387,0.52273,0.39508,"[0.64865, 0.0, 0.53659]",404,0.1472,2.53238,0.5,0.44537,"[0.63415, 0.23529, 0.46667]",372,COMPLETED,140.108
145,20251227_184240,gln_93steps_concat.csv,Preset_1,Transformer,42,"[640, 640, 896]",8,3,1024,0.1,gelu,prenorm,sinusoidal,cls,True,2e-05,1e-06,48,AdamW,0.0,nan,512,93,[0.68794326 2.1920904  0.91725768],0.02,1.0,0.12938,2.35091,0.45455,0.33401,"[0.57778, 0.0, 0.42424]",436,0.15553,2.23752,0.56818,0.50363,"[0.69565, 0.36364, 0.45161]",357,COMPLETED,197.581



146,20251227_184240,baseline_31steps_concat.csv,Preset_2,Transformer,42,"[512, 640, 896]",16,3,1024,0.1,leakyrelu,prenorm,learned,mean,False,2e-05,1e-06,48,AdamW,0.0,nan,512,31,[0.68794326 2.1920904  0.91725768],0.02,1.0,0.11889,2.80708,0.38636,0.31162,"[0.45, 0.0, 0.48485]",583,0.52442,1.77853,0.59091,0.42125,"[0.69231, 0.0, 0.57143]",232,COMPLETED,140.215
147,20251227_184240,gaitgl_64steps_concat.csv,Preset_2,Transformer,42,"[512, 640, 896]",16,3,1024,0.1,leakyrelu,prenorm,learned,mean,False,2e-05,1e-06,48,AdamW,0.0,nan,768,64,[0.68794326 2.1920904  0.91725768],0.02,1.0,0.11752,1.86545,0.47727,0.40604,"[0.55, 0.15385, 0.51429]",87,0.15126,1.938,0.5,0.45425,"[0.55556, 0.26667, 0.54054]",79,COMPLETED,33.192
148,20251227_184240,gaitpart_16steps_concat.csv,Preset_2,Transformer,42,"[512, 640, 896]",16,3,1024,0.1,leakyrelu,prenorm,learned,mean,False,2e-05,1e-06,48,AdamW,0.0,nan,512,16,[0.68794326 2.1920904  0.91725768],0.02,1.0,0.12553,2.16814,0.52273,0.39683,"[0.61905, 0.0, 0.57143]",761,0.23476,2.14846,0.61364,0.57093,"[0.68421, 0.4, 0.62857]",632,COMPLETED,163.788
149,20251227_184240,gaitset_62steps_concat.csv,Preset_2,Transformer,42,"[512, 640, 896]",16,3,1024,0.1,leakyrelu,prenorm,learned,mean,False,2e-05,1e-06,48,AdamW,0.0,nan,768,62,[0.68794326 2.1920904  0.91725768],0.02,1.0,0.10905,3.01978,0.34091,0.28718,"[0.46154, 0.0, 0.4]",441,0.61869,1.38537,0.45455,0.43001,"[0.55, 0.35294, 0.3871]",120,COMPLETED,160.095
150,20251227_184240,gln_93steps_concat.csv,Preset_2,Transformer,42,"[512, 640, 896]",16,3,1024,0.1,leakyrelu,prenorm,learned,mean,False,2e-05,1e-06,48,AdamW,0.0,nan,512,93,[0.68794326 2.1920904  0.91725768],0.02,1.0,0.12744,2.53374,0.43182,0.3205,"[0.4878, 0.0, 0.47368]",507,0.65477,1.21624,0.52273,0.51412,"[0.52632, 0.47059, 0.54545]",130,COMPLETED,270.444

151,20251227_190755,baseline_31steps_concat.csv,Preset_1,Transformer,42,"[640, 768, 896]",32,3,1536,0.1,gelu,postnorm,learned,mean,False,1e-05,1e-06,32,AdamW,0.0,nan,512,31,[0.68794326 2.1920904  0.91725768],0.02,1.0,0.11735,2.80829,0.40909,0.35622,"[0.42105, 0.13333, 0.51429]",602,0.69122,1.71093,0.47727,0.42899,"[0.45161, 0.25, 0.58537]",157,COMPLETED,201.888
152,20251227_190755,gaitgl_64steps_concat.csv,Preset_1,Transformer,42,"[640, 768, 896]",32,3,1536,0.1,gelu,postnorm,learned,mean,False,1e-05,1e-06,32,AdamW,0.0,nan,768,64,[0.68794326 2.1920904  0.91725768],0.02,1.0,0.13108,1.96717,0.45455,0.37827,"[0.58824, 0.28571, 0.26087]",79,0.13641,1.81455,0.52273,0.48526,"[0.55556, 0.36364, 0.53659]",75,COMPLETED,41.553
153,20251227_190755,gaitpart_16steps_concat.csv,Preset_1,Transformer,42,"[640, 768, 896]",32,3,1536,0.1,gelu,postnorm,learned,mean,False,1e-05,1e-06,32,AdamW,0.0,nan,512,16,[0.68794326 2.1920904  0.91725768],0.02,1.0,0.14487,1.97098,0.5,0.37802,"[0.60465, 0.0, 0.52941]",780,0.64171,1.30888,0.59091,0.54565,"[0.68293, 0.33333, 0.62069]",247,COMPLETED,239.641
154,20251227_190755,gaitset_62steps_concat.csv,Preset_1,Transformer,42,"[640, 768, 896]",32,3,1536,0.1,gelu,postnorm,learned,mean,False,1e-05,1e-06,32,AdamW,0.0,nan,768,62,[0.68794326 2.1920904  0.91725768],0.02,1.0,0.13216,2.76842,0.36364,0.28161,"[0.5, 0.0, 0.34483]",486,0.69096,1.42438,0.5,0.48074,"[0.59459, 0.38095, 0.46667]",136,COMPLETED,245.076
155,20251227_190755,gln_93steps_concat.csv,Preset_1,Transformer,42,"[640, 768, 896]",32,3,1536,0.1,gelu,postnorm,learned,mean,False,1e-05,1e-06,32,AdamW,0.0,nan,512,93,[0.68794326 2.1920904  0.91725768],0.02,1.0,0.12449,2.47515,0.5,0.4205,"[0.59091, 0.2, 0.47059]",568,0.37174,1.82764,0.5,0.48627,"[0.47059, 0.4, 0.58824]",242,COMPLETED,440.505

156,20251227_190755,baseline_31steps_concat.csv,Preset_2,Transformer,42,"[768, 768, 896]",32,3,1536,0.2,gelu,prenorm,sinusoidal,cls,True,2e-05,5e-06,32,AdamW,0.0,nan,512,31,[0.68794326 2.1920904  0.91725768],0.02,1.0,0.11901,2.96841,0.38636,0.28063,"[0.47826, 0.0, 0.36364]",254,0.63986,1.97635,0.45455,0.43721,"[0.4, 0.4, 0.51163]",122,COMPLETED,89.485
157,20251227_190755,gaitgl_64steps_concat.csv,Preset_2,Transformer,42,"[768, 768, 896]",32,3,1536,0.2,gelu,prenorm,sinusoidal,cls,True,2e-05,5e-06,32,AdamW,0.0,nan,768,64,[0.68794326 2.1920904  0.91725768],0.02,1.0,0.13221,1.68509,0.47727,0.43463,"[0.58537, 0.2, 0.51852]",46,0.60764,1.20675,0.56818,0.51667,"[0.55, 0.33333, 0.66667]",25,COMPLETED,26.613
158,20251227_190755,gaitpart_16steps_concat.csv,Preset_2,Transformer,42,"[768, 768, 896]",32,3,1536,0.2,gelu,prenorm,sinusoidal,cls,True,2e-05,5e-06,32,AdamW,0.0,nan,512,16,[0.68794326 2.1920904  0.91725768],0.02,1.0,0.10982,2.42793,0.5,0.45592,"[0.53659, 0.28571, 0.54545]",413,0.22166,2.27228,0.59091,0.5705,"[0.66667, 0.52632, 0.51852]",328,COMPLETED,127.216
159,20251227_190755,gaitset_62steps_concat.csv,Preset_2,Transformer,42,"[768, 768, 896]",32,3,1536,0.2,gelu,prenorm,sinusoidal,cls,True,2e-05,5e-06,32,AdamW,0.0,nan,768,62,[0.68794326 2.1920904  0.91725768],0.02,1.0,0.12034,2.98794,0.38636,0.27932,"[0.54167, 0.0, 0.2963]",328,0.12939,2.25492,0.56818,0.53454,"[0.58824, 0.4, 0.61538]",325,COMPLETED,177.707
160,20251227_190755,gln_93steps_concat.csv,Preset_2,Transformer,42,"[768, 768, 896]",32,3,1536,0.2,gelu,prenorm,sinusoidal,cls,True,2e-05,5e-06,32,AdamW,0.0,nan,512,93,[0.68794326 2.1920904  0.91725768],0.02,1.0,0.10234,2.82813,0.40909,0.31508,"[0.51282, 0.0, 0.43243]",375,0.63573,1.3138,0.56818,0.53857,"[0.63158, 0.42857, 0.55556]",143,COMPLETED,290.665

161,20251227_190755,baseline_31steps_concat.csv,Preset_3,Transformer,42,"[640, 896, 896]",16,3,1024,0.1,silu,prenorm,learned,mean,False,3e-05,1e-06,32,AdamW,0.0,nan,512,31,[0.68794326 2.1920904  0.91725768],0.02,1.0,0.12216,3.0363,0.40909,0.35264,"[0.41176, 0.13333, 0.51282]",253,0.61791,1.49094,0.56818,0.47672,"[0.61905, 0.2, 0.61111]",77,COMPLETED,78.898
162,20251227_190755,gaitgl_64steps_concat.csv,Preset_3,Transformer,42,"[640, 896, 896]",16,3,1024,0.1,silu,prenorm,learned,mean,False,3e-05,1e-06,32,AdamW,0.0,nan,768,64,[0.68794326 2.1920904  0.91725768],0.02,1.0,0.12837,1.48306,0.52273,0.4555,"[0.6383, 0.26667, 0.46154]",61,0.20169,1.5429,0.56818,0.48122,"[0.62222, 0.25, 0.57143]",46,COMPLETED,27.579
163,20251227_190755,gaitpart_16steps_concat.csv,Preset_3,Transformer,42,"[640, 896, 896]",16,3,1024,0.1,silu,prenorm,learned,mean,False,3e-05,1e-06,32,AdamW,0.0,nan,512,16,[0.68794326 2.1920904  0.91725768],0.02,1.0,0.10615,2.04611,0.56818,0.41769,"[0.65306, 0.0, 0.6]",505,0.37026,1.82317,0.5,0.49393,"[0.54545, 0.38462, 0.55172]",236,COMPLETED,148.709
164,20251227_190755,gaitset_62steps_concat.csv,Preset_3,Transformer,42,"[640, 896, 896]",16,3,1024,0.1,silu,prenorm,learned,mean,False,3e-05,1e-06,32,AdamW,0.0,nan,768,62,[0.68794326 2.1920904  0.91725768],0.02,1.0,0.1231,2.88396,0.43182,0.31919,"[0.42424, 0.0, 0.53333]",219,0.32737,2.18498,0.45455,0.38785,"[0.59091, 0.11111, 0.46154]",101,COMPLETED,95.154
165,20251227_190755,gln_93steps_concat.csv,Preset_3,Transformer,42,"[640, 896, 896]",16,3,1024,0.1,silu,prenorm,learned,mean,False,3e-05,1e-06,32,AdamW,0.0,nan,512,93,[0.68794326 2.1920904  0.91725768],0.02,1.0,0.12683,2.80709,0.40909,0.34193,"[0.51064, 0.18182, 0.33333]",240,0.60973,1.63262,0.52273,0.47438,"[0.52632, 0.28571, 0.61111]",85,COMPLETED,145.031

166,20251227_190755,baseline_31steps_concat.csv,Preset_4,Transformer,42,"[640, 640, 640, 896]",32,4,1024,0.1,gelu,prenorm,sinusoidal,cls,True,2e-05,1e-06,32,AdamW,0.0,nan,512,31,[0.68794326 2.1920904  0.91725768],0.02,1.0,0.11934,2.86897,0.43182,0.37322,"[0.41026, 0.15385, 0.55556]",334,0.70848,2.09133,0.56818,0.51184,"[0.60465, 0.28571, 0.64516]",124,COMPLETED,127.065
167,20251227_190755,gaitgl_64steps_concat.csv,Preset_4,Transformer,42,"[640, 640, 640, 896]",32,4,1024,0.1,gelu,prenorm,sinusoidal,cls,True,2e-05,1e-06,32,AdamW,0.0,nan,768,64,[0.68794326 2.1920904  0.91725768],0.02,1.0,0.12766,1.54088,0.52273,0.46936,"[0.6, 0.36364, 0.44444]",40,0.15731,1.49347,0.54545,0.49448,"[0.60465, 0.33333, 0.54545]",34,COMPLETED,27.203
168,20251227_190755,gaitpart_16steps_concat.csv,Preset_4,Transformer,42,"[640, 640, 640, 896]",32,4,1024,0.1,gelu,prenorm,sinusoidal,cls,True,2e-05,1e-06,32,AdamW,0.0,nan,512,16,[0.68794326 2.1920904  0.91725768],0.02,1.0,0.11066,2.68084,0.43182,0.41864,"[0.4878, 0.43478, 0.33333]",388,0.28047,1.82479,0.54545,0.5188,"[0.57143, 0.44444, 0.54054]",275,COMPLETED,151.053
169,20251227_190755,gaitset_62steps_concat.csv,Preset_4,Transformer,42,"[640, 640, 640, 896]",32,4,1024,0.1,gelu,prenorm,sinusoidal,cls,True,2e-05,1e-06,32,AdamW,0.0,nan,768,62,[0.68794326 2.1920904  0.91725768],0.02,1.0,0.14119,2.60206,0.45455,0.35958,"[0.57692, 0.18182, 0.32]",271,0.48815,1.5957,0.56818,0.52004,"[0.58537, 0.36364, 0.61111]",164,COMPLETED,261.847
170,20251227_190755,gln_93steps_concat.csv,Preset_4,Transformer,42,"[640, 640, 640, 896]",32,4,1024,0.1,gelu,prenorm,sinusoidal,cls,True,2e-05,1e-06,32,AdamW,0.0,nan,512,93,[0.68794326 2.1920904  0.91725768],0.02,1.0,0.11294,2.14763,0.5,0.44678,"[0.59091, 0.26667, 0.48276]",267,0.72518,1.04793,0.63636,0.56215,"[0.64706, 0.30769, 0.73171]",114,COMPLETED,248.168

171,20251227_190755,baseline_31steps_concat.csv,Preset_5,Transformer,42,"[512, 640, 768]",16,3,1536,0.2,silu,prenorm,sinusoidal,mean,False,2e-05,1e-05,24,AdamW,0.0,nan,512,31,[0.68794326 2.1920904  0.91725768],0.02,1.0,0.10206,2.66706,0.5,0.42539,"[0.47368, 0.15385, 0.64865]",284,0.11535,2.07393,0.59091,0.49425,"[0.5641, 0.18182, 0.73684]",245,COMPLETED,112.354
172,20251227_190755,gaitgl_64steps_concat.csv,Preset_5,Transformer,42,"[512, 640, 768]",16,3,1536,0.2,silu,prenorm,sinusoidal,mean,False,2e-05,1e-05,24,AdamW,0.0,nan,768,64,[0.68794326 2.1920904  0.91725768],0.02,1.0,0.13091,1.98319,0.5,0.37544,"[0.52632, 0.0, 0.6]",44,0.33689,1.77808,0.54545,0.40436,"[0.57895, 0.0, 0.63415]",25,COMPLETED,21.418
173,20251227_190755,gaitpart_16steps_concat.csv,Preset_5,Transformer,42,"[512, 640, 768]",16,3,1536,0.2,silu,prenorm,sinusoidal,mean,False,2e-05,1e-05,24,AdamW,0.0,nan,512,16,[0.68794326 2.1920904  0.91725768],0.02,1.0,0.11022,2.35724,0.56818,0.50989,"[0.61538, 0.28571, 0.62857]",453,0.64824,1.35988,0.61364,0.57529,"[0.64865, 0.42857, 0.64865]",141,COMPLETED,179.05
174,20251227_190755,gaitset_62steps_concat.csv,Preset_5,Transformer,42,"[512, 640, 768]",16,3,1536,0.2,silu,prenorm,sinusoidal,mean,False,2e-05,1e-05,24,AdamW,0.0,nan,768,62,[0.68794326 2.1920904  0.91725768],0.02,1.0,0.10269,2.95294,0.47727,0.45758,"[0.5, 0.27273, 0.6]",480,0.44329,1.96089,0.54545,0.5,"[0.59091, 0.36364, 0.54545]",141,COMPLETED,227.851
175,20251227_190755,gln_93steps_concat.csv,Preset_5,Transformer,42,"[512, 640, 768]",16,3,1536,0.2,silu,prenorm,sinusoidal,mean,False,2e-05,1e-05,24,AdamW,0.0,nan,512,93,[0.68794326 2.1920904  0.91725768],0.02,1.0,0.10789,2.52151,0.47727,0.3498,"[0.53659, 0.0, 0.51282]",249,0.40136,1.9017,0.54545,0.44414,"[0.65385, 0.25, 0.42857]",138,COMPLETED,161.982

176,20251227_190755,baseline_31steps_concat.csv,Preset_6,Transformer,42,"[512, 512, 768]",8,3,1024,0.1,gelu,postnorm,learned,mean,False,2e-05,1e-06,48,AdamW,0.0,nan,512,31,[0.68794326 2.1920904  0.91725768],0.02,1.0,0.14338,3.44793,0.36364,0.3402,"[0.35294, 0.21053, 0.45714]",485,0.38941,2.40637,0.63636,0.5182,"[0.71698, 0.22222, 0.61538]",247,COMPLETED,107.155
177,20251227_190755,gaitgl_64steps_concat.csv,Preset_6,Transformer,42,"[512, 512, 768]",8,3,1024,0.1,gelu,postnorm,learned,mean,False,2e-05,1e-06,48,AdamW,0.0,nan,768,64,[0.68794326 2.1920904  0.91725768],0.02,1.0,0.12509,1.38751,0.61364,0.55758,"[0.66667, 0.4, 0.60606]",72,0.12509,1.38751,0.61364,0.55758,"[0.66667, 0.4, 0.60606]",72,COMPLETED,22.507
178,20251227_190755,gaitpart_16steps_concat.csv,Preset_6,Transformer,42,"[512, 512, 768]",8,3,1024,0.1,gelu,postnorm,learned,mean,False,2e-05,1e-06,48,AdamW,0.0,nan,512,16,[0.68794326 2.1920904  0.91725768],0.02,1.0,0.12733,2.06262,0.54545,0.40833,"[0.625, 0.0, 0.6]",690,0.20085,1.95782,0.56818,0.51184,"[0.60465, 0.28571, 0.64516]",678,COMPLETED,135.705
179,20251227_190755,gaitset_62steps_concat.csv,Preset_6,Transformer,42,"[512, 512, 768]",8,3,1024,0.1,gelu,postnorm,learned,mean,False,2e-05,1e-06,48,AdamW,0.0,nan,768,62,[0.68794326 2.1920904  0.91725768],0.02,1.0,0.13287,2.44119,0.36364,0.28407,"[0.46512, 0.0, 0.3871]",393,0.39909,1.6812,0.47727,0.41112,"[0.57895, 0.125, 0.52941]",172,COMPLETED,115.069
180,20251227_190755,gln_93steps_concat.csv,Preset_6,Transformer,42,"[512, 512, 768]",8,3,1024,0.1,gelu,postnorm,learned,mean,False,2e-05,1e-06,48,AdamW,0.0,nan,512,93,[0.68794326 2.1920904  0.91725768],0.02,1.0,0.14658,2.4533,0.45455,0.38801,"[0.51163, 0.18182, 0.47059]",441,0.72417,1.24808,0.54545,0.52691,"[0.58824, 0.42105, 0.57143]",116,COMPLETED,177.209

181,20251227_190755,baseline_31steps_concat.csv,Preset_7,Transformer,42,"[384, 512]",16,2,1024,0.2,leakyrelu,postnorm,sinusoidal,cls,True,3e-05,1e-06,64,AdamW,0.0,L2,512,31,[0.68794326 2.1920904  0.91725768],0.02,1.0,1.11008,1.08694,0.38636,0.2319,"[0.16, 0.0, 0.53571]",239,1.11008,1.08694,0.38636,0.2319,"[0.16, 0.0, 0.53571]",239,STOPPED,30.672
182,20251227_190755,gaitgl_64steps_concat.csv,Preset_7,Transformer,42,"[384, 512]",16,2,1024,0.2,leakyrelu,postnorm,sinusoidal,cls,True,3e-05,1e-06,64,AdamW,0.0,L2,768,64,[0.68794326 2.1920904  0.91725768],0.02,1.0,0.14598,2.77835,0.40909,0.34808,"[0.52381, 0.13333, 0.3871]",1095,0.14831,3.03833,0.47727,0.46626,"[0.54545, 0.32, 0.53333]",1071,COMPLETED,243.43
183,20251227_190755,gaitpart_16steps_concat.csv,Preset_7,Transformer,42,"[384, 512]",16,2,1024,0.2,leakyrelu,postnorm,sinusoidal,cls,True,3e-05,1e-06,64,AdamW,0.0,L2,512,16,[0.68794326 2.1920904  0.91725768],0.02,1.0,1.10625,1.09935,0.47727,0.21538,"[0.64615, 0.0, 0.0]",130,1.10625,1.09935,0.47727,0.21538,"[0.64615, 0.0, 0.0]",130,STOPPED,15.252
184,20251227_190755,gaitset_62steps_concat.csv,Preset_7,Transformer,42,"[384, 512]",16,2,1024,0.2,leakyrelu,postnorm,sinusoidal,cls,True,3e-05,1e-06,64,AdamW,0.0,L2,768,62,[0.68794326 2.1920904  0.91725768],0.02,1.0,1.11073,1.10587,0.15909,0.0915,"[0.0, 0.27451, 0.0]",127,1.11073,1.10587,0.15909,0.0915,"[0.0, 0.27451, 0.0]",127,STOPPED,26.912
185,20251227_190755,gln_93steps_concat.csv,Preset_7,Transformer,42,"[384, 512]",16,2,1024,0.2,leakyrelu,postnorm,sinusoidal,cls,True,3e-05,1e-06,64,AdamW,0.0,L2,512,93,[0.68794326 2.1920904  0.91725768],0.02,1.0,1.10023,1.09222,0.45455,0.264,"[0.61017, 0.0, 0.18182]",244,1.10023,1.09222,0.45455,0.264,"[0.61017, 0.0, 0.18182]",244,STOPPED,69.663

186,20251227_190755,baseline_31steps_concat.csv,Preset_8,Transformer,42,"[640, 640, 896]",32,3,1024,0.2,leakyrelu,prenorm,sinusoidal,mean,False,2e-05,5e-06,32,AdamW,0.0,nan,512,31,[0.68794326 2.1920904  0.91725768],0.02,1.0,0.11027,3.03448,0.43182,0.37333,"[0.43902, 0.16667, 0.51429]",294,0.70326,1.47231,0.45455,0.44664,"[0.34483, 0.45455, 0.54054]",83,COMPLETED,90.538
187,20251227_190755,gaitgl_64steps_concat.csv,Preset_8,Transformer,42,"[640, 640, 896]",32,3,1024,0.2,leakyrelu,prenorm,sinusoidal,mean,False,2e-05,5e-06,32,AdamW,0.0,nan,768,64,[0.68794326 2.1920904  0.91725768],0.02,1.0,0.11794,1.45741,0.54545,0.52428,"[0.62857, 0.36364, 0.58065]",47,0.11794,1.45741,0.54545,0.52428,"[0.62857, 0.36364, 0.58065]",47,COMPLETED,22.357
188,20251227_190755,gaitpart_16steps_concat.csv,Preset_8,Transformer,42,"[640, 640, 896]",32,3,1024,0.2,leakyrelu,prenorm,sinusoidal,mean,False,2e-05,5e-06,32,AdamW,0.0,nan,512,16,[0.68794326 2.1920904  0.91725768],0.02,1.0,0.12613,2.19484,0.61364,0.58208,"[0.73171, 0.45455, 0.56]",398,0.66454,1.35354,0.68182,0.64757,"[0.73684, 0.5, 0.70588]",156,COMPLETED,113.637
189,20251227_190755,gaitset_62steps_concat.csv,Preset_8,Transformer,42,"[640, 640, 896]",32,3,1024,0.2,leakyrelu,prenorm,sinusoidal,mean,False,2e-05,5e-06,32,AdamW,0.0,nan,768,62,[0.68794326 2.1920904  0.91725768],0.02,1.0,0.1309,3.34741,0.34091,0.30391,"[0.4878, 0.17391, 0.25]",316,0.46783,2.08892,0.5,0.43968,"[0.62222, 0.23529, 0.46154]",134,COMPLETED,145.137
190,20251227_190755,gln_93steps_concat.csv,Preset_8,Transformer,42,"[640, 640, 896]",32,3,1024,0.2,leakyrelu,prenorm,sinusoidal,mean,False,2e-05,5e-06,32,AdamW,0.0,nan,512,93,[0.68794326 2.1920904  0.91725768],0.02,1.0,0.12282,2.48771,0.40909,0.31129,"[0.51282, 0.0, 0.42105]",202,0.38933,1.81554,0.5,0.36523,"[0.63415, 0.0, 0.46154]",127,COMPLETED,141.385

191,20251227_190755,baseline_31steps_concat.csv,Preset_9,Transformer,42,"[512, 768]",16,2,896,0.1,gelu,postnorm,learned,cls,True,3e-05,1e-05,40,Adam,0.0,nan,512,31,[0.68794326 2.1920904  0.91725768],0.02,1.0,0.11934,2.36921,0.43182,0.3254,"[0.47619, 0.0, 0.5]",484,0.15919,3.18789,0.45455,0.41814,"[0.47368, 0.23529, 0.54545]",423,COMPLETED,87.897
192,20251227_190755,gaitgl_64steps_concat.csv,Preset_9,Transformer,42,"[512, 768]",16,2,896,0.1,gelu,postnorm,learned,cls,True,3e-05,1e-05,40,Adam,0.0,nan,768,64,[0.68794326 2.1920904  0.91725768],0.02,1.0,0.12548,1.68877,0.45455,0.41894,"[0.51163, 0.30769, 0.4375]",66,0.15803,1.81989,0.52273,0.47953,"[0.52632, 0.33333, 0.57895]",42,COMPLETED,18.775
193,20251227_190755,gaitpart_16steps_concat.csv,Preset_9,Transformer,42,"[512, 768]",16,2,896,0.1,gelu,postnorm,learned,cls,True,3e-05,1e-05,40,Adam,0.0,nan,512,16,[0.68794326 2.1920904  0.91725768],0.02,1.0,0.12535,1.5393,0.63636,0.60458,"[0.66667, 0.5, 0.64706]",586,0.50117,1.09786,0.65909,0.65209,"[0.68421, 0.625, 0.64706]",261,COMPLETED,99.244
194,20251227_190755,gaitset_62steps_concat.csv,Preset_9,Transformer,42,"[512, 768]",16,2,896,0.1,gelu,postnorm,learned,cls,True,3e-05,1e-05,40,Adam,0.0,nan,768,62,[0.68794326 2.1920904  0.91725768],0.02,1.0,0.11187,2.44226,0.45455,0.38863,"[0.55814, 0.125, 0.48276]",671,0.60303,1.48406,0.52273,0.49485,"[0.5641, 0.375, 0.54545]",155,COMPLETED,179.185
195,20251227_190755,gln_93steps_concat.csv,Preset_9,Transformer,42,"[512, 768]",16,2,896,0.1,gelu,postnorm,learned,cls,True,3e-05,1e-05,40,Adam,0.0,nan,512,93,[0.68794326 2.1920904  0.91725768],0.02,1.0,0.12787,2.13044,0.47727,0.34432,"[0.57143, 0.0, 0.46154]",524,0.49312,1.22437,0.61364,0.50271,"[0.7234, 0.22222, 0.5625]",183,COMPLETED,202.258

196,20251227_190755,baseline_31steps_concat.csv,Preset_10,Transformer,42,[128],4,1,256,0.3,relu,prenorm,sinusoidal,mean,False,0.0001,0.0,128,AdamW,0.0,L2,512,31,[0.68794326 2.1920904  0.91725768],0.02,1.0,0.14244,4.92928,0.40909,0.32143,"[0.45, 0.0, 0.51429]",930,0.7401,1.72668,0.5,0.48234,"[0.55814, 0.44444, 0.44444]",282,COMPLETED,64.299
197,20251227_190755,gaitgl_64steps_concat.csv,Preset_10,Transformer,42,[128],4,1,256,0.3,relu,prenorm,sinusoidal,mean,False,0.0001,0.0,128,AdamW,0.0,L2,768,64,[0.68794326 2.1920904  0.91725768],0.02,1.0,0.14718,3.38884,0.38636,0.31637,"[0.52, 0.22222, 0.2069]",465,0.17968,3.01146,0.47727,0.41168,"[0.51282, 0.22222, 0.5]",426,COMPLETED,50.706
198,20251227_190755,gaitpart_16steps_concat.csv,Preset_10,Transformer,42,[128],4,1,256,0.3,relu,prenorm,sinusoidal,mean,False,0.0001,0.0,128,AdamW,0.0,L2,512,16,[0.68794326 2.1920904  0.91725768],0.02,1.0,0.13402,3.53011,0.47727,0.35841,"[0.60465, 0.0, 0.47059]",1939,0.65016,1.50892,0.54545,0.45906,"[0.63158, 0.16667, 0.57895]",544,COMPLETED,116.266
199,20251227_190755,gaitset_62steps_concat.csv,Preset_10,Transformer,42,[128],4,1,256,0.3,relu,prenorm,sinusoidal,mean,False,0.0001,0.0,128,AdamW,0.0,L2,768,62,[0.68794326 2.1920904  0.91725768],0.02,1.0,0.14358,7.52154,0.34091,0.3181,"[0.24, 0.28571, 0.42857]",1852,0.59587,2.49756,0.45455,0.4084,"[0.60465, 0.27273, 0.34783]",746,COMPLETED,199.853
200,20251227_190755,gln_93steps_concat.csv,Preset_10,Transformer,42,[128],4,1,256,0.3,relu,prenorm,sinusoidal,mean,False,0.0001,0.0,128,AdamW,0.0,L2,512,93,[0.68794326 2.1920904  0.91725768],0.02,1.0,0.14629,4.01333,0.40909,0.35831,"[0.52632, 0.11111, 0.4375]",827,0.2868,3.46728,0.45455,0.43395,"[0.5, 0.28571, 0.51613]",630,COMPLETED,97.923

201,20251227_190755,baseline_31steps_concat.csv,Preset_11,Transformer,42,[256],8,1,512,0.0,leakyrelu,postnorm,learned,max,False,6e-05,1e-06,96,Adam,0.0,nan,512,31,[0.68794326 2.1920904  0.91725768],0.02,1.0,0.14398,1.45784,0.5,0.42398,"[0.47368, 0.16667, 0.63158]",465,0.5674,1.14865,0.56818,0.51462,"[0.57895, 0.33333, 0.63158]",210,COMPLETED,35.358
202,20251227_190755,gaitgl_64steps_concat.csv,Preset_11,Transformer,42,[256],8,1,512,0.0,leakyrelu,postnorm,learned,max,False,6e-05,1e-06,96,Adam,0.0,nan,768,64,[0.68794326 2.1920904  0.91725768],0.02,1.0,0.13847,1.07739,0.47727,0.35,"[0.58333, 0.0, 0.46667]",96,0.48333,1.02369,0.52273,0.43647,"[0.62222, 0.15385, 0.53333]",46,COMPLETED,11.77
203,20251227_190755,gaitpart_16steps_concat.csv,Preset_11,Transformer,42,[256],8,1,512,0.0,leakyrelu,postnorm,learned,max,False,6e-05,1e-06,96,Adam,0.0,nan,512,16,[0.68794326 2.1920904  0.91725768],0.02,1.0,0.13392,1.6348,0.54545,0.51145,"[0.64865, 0.28571, 0.6]",926,0.54095,0.99781,0.70455,0.68545,"[0.68421, 0.61538, 0.75676]",271,COMPLETED,62.58
204,20251227_190755,gaitset_62steps_concat.csv,Preset_11,Transformer,42,[256],8,1,512,0.0,leakyrelu,postnorm,learned,max,False,6e-05,1e-06,96,Adam,0.0,nan,768,62,[0.68794326 2.1920904  0.91725768],0.02,1.0,0.14549,1.69826,0.5,0.42579,"[0.55556, 0.14286, 0.57895]",558,0.15897,1.5346,0.56818,0.47682,"[0.6, 0.18182, 0.64865]",523,COMPLETED,65.973
205,20251227_190755,gln_93steps_concat.csv,Preset_11,Transformer,42,[256],8,1,512,0.0,leakyrelu,postnorm,learned,max,False,6e-05,1e-06,96,Adam,0.0,nan,512,93,[0.68794326 2.1920904  0.91725768],0.02,1.0,0.14378,1.5261,0.47727,0.46166,"[0.44444, 0.4, 0.54054]",481,0.18159,1.53822,0.59091,0.55346,"[0.65116, 0.42857, 0.58065]",421,COMPLETED,66.873

206,20251227_190755,baseline_31steps_concat.csv,Preset_12,Transformer,42,"[256, 512]",8,2,1024,0.2,silu,prenorm,sinusoidal,mean,False,5e-05,1e-06,64,AdamW,0.0,minmax,512,31,[0.68794326 2.1920904  0.91725768],0.02,1.0,0.13198,3.22917,0.36364,0.31744,"[0.29412, 0.11765, 0.54054]",534,0.4388,1.98252,0.54545,0.45651,"[0.62222, 0.16667, 0.58065]",299,COMPLETED,70.404
207,20251227_190755,gaitgl_64steps_concat.csv,Preset_12,Transformer,42,"[256, 512]",8,2,1024,0.2,silu,prenorm,sinusoidal,mean,False,5e-05,1e-06,64,AdamW,0.0,minmax,768,64,[0.68794326 2.1920904  0.91725768],0.02,1.0,1.1076,1.1141,0.15909,0.0915,"[0.0, 0.27451, 0.0]",173,1.1076,1.1141,0.15909,0.0915,"[0.0, 0.27451, 0.0]",173,STOPPED,33.397
208,20251227_190755,gaitpart_16steps_concat.csv,Preset_12,Transformer,42,"[256, 512]",8,2,1024,0.2,silu,prenorm,sinusoidal,mean,False,5e-05,1e-06,64,AdamW,0.0,minmax,512,16,[0.68794326 2.1920904  0.91725768],0.02,1.0,0.1191,2.59271,0.45455,0.31171,"[0.62745, 0.0, 0.30769]",626,0.69017,1.507,0.5,0.44739,"[0.625, 0.44444, 0.27273]",284,COMPLETED,75.569
209,20251227_190755,gaitset_62steps_concat.csv,Preset_12,Transformer,42,"[256, 512]",8,2,1024,0.2,silu,prenorm,sinusoidal,mean,False,5e-05,1e-06,64,AdamW,0.0,minmax,768,62,[0.68794326 2.1920904  0.91725768],0.02,1.0,1.10439,1.08416,0.36364,0.17778,"[0.0, 0.0, 0.53333]",203,1.10439,1.08416,0.36364,0.17778,"[0.0, 0.0, 0.53333]",203,STOPPED,38.051
210,20251227_190755,gln_93steps_concat.csv,Preset_12,Transformer,42,"[256, 512]",8,2,1024,0.2,silu,prenorm,sinusoidal,mean,False,5e-05,1e-06,64,AdamW,0.0,minmax,512,93,[0.68794326 2.1920904  0.91725768],0.02,1.0,1.10799,1.11515,0.36364,0.17778,"[0.0, 0.0, 0.53333]",219,1.10799,1.11515,0.36364,0.17778,"[0.0, 0.0, 0.53333]",219,STOPPED,52.867

211,20251227_190755,baseline_31steps_concat.csv,Preset_13,Transformer,42,"[320, 480]",8,2,960,0.3,mish,postnorm,learned,mean,False,7e-05,1e-06,48,RMSprop,0.0,nan,512,31,[0.68794326 2.1920904  0.91725768],0.02,1.0,0.10159,3.20433,0.43182,0.39746,"[0.48649, 0.23529, 0.47059]",520,0.16405,2.57409,0.5,0.45765,"[0.55814, 0.22222, 0.59259]",440,COMPLETED,80.966
212,20251227_190755,gaitgl_64steps_concat.csv,Preset_13,Transformer,42,"[320, 480]",8,2,960,0.3,mish,postnorm,learned,mean,False,7e-05,1e-06,48,RMSprop,0.0,nan,768,64,[0.68794326 2.1920904  0.91725768],0.02,1.0,0.13417,2.46201,0.54545,0.48909,"[0.5625, 0.28571, 0.61905]",118,0.16575,2.35411,0.54545,0.49034,"[0.58065, 0.28571, 0.60465]",105,COMPLETED,24.512
213,20251227_190755,gaitpart_16steps_concat.csv,Preset_13,Transformer,42,"[320, 480]",8,2,960,0.3,mish,postnorm,learned,mean,False,7e-05,1e-06,48,RMSprop,0.0,nan,512,16,[0.68794326 2.1920904  0.91725768],0.02,1.0,0.12722,2.38918,0.54545,0.48989,"[0.57143, 0.26667, 0.63158]",1014,0.60481,1.30635,0.61364,0.55033,"[0.66667, 0.36364, 0.62069]",285,COMPLETED,146.123
214,20251227_190755,gaitset_62steps_concat.csv,Preset_13,Transformer,42,"[320, 480]",8,2,960,0.3,mish,postnorm,learned,mean,False,7e-05,1e-06,48,RMSprop,0.0,nan,768,62,[0.68794326 2.1920904  0.91725768],0.02,1.0,0.12196,3.35609,0.34091,0.26998,"[0.42105, 0.0, 0.38889]",522,0.73468,1.3771,0.43182,0.4205,"[0.48649, 0.375, 0.4]",105,COMPLETED,105.7
215,20251227_190755,gln_93steps_concat.csv,Preset_13,Transformer,42,"[320, 480]",8,2,960,0.3,mish,postnorm,learned,mean,False,7e-05,1e-06,48,RMSprop,0.0,nan,512,93,[0.68794326 2.1920904  0.91725768],0.02,1.0,0.13672,2.75533,0.43182,0.37194,"[0.43243, 0.14286, 0.54054]",517,0.3087,2.28022,0.56818,0.48122,"[0.62222, 0.25, 0.57143]",267,COMPLETED,130.43

216,20251227_190755,baseline_31steps_concat.csv,Preset_14,Transformer,42,"[384, 512, 768]",8,3,1152,0.2,gelu,prenorm,learned,max,False,3e-05,1e-05,32,AdamW,0.0,L2,512,31,[0.68794326 2.1920904  0.91725768],0.02,1.0,1.10818,1.15462,0.47727,0.21538,"[0.64615, 0.0, 0.0]",297,1.10818,1.15462,0.47727,0.21538,"[0.64615, 0.0, 0.0]",297,STOPPED,89.831
217,20251227_190755,gaitgl_64steps_concat.csv,Preset_14,Transformer,42,"[384, 512, 768]",8,3,1152,0.2,gelu,prenorm,learned,max,False,3e-05,1e-05,32,AdamW,0.0,L2,768,64,[0.68794326 2.1920904  0.91725768],0.02,1.0,1.10539,1.23532,0.47727,0.21538,"[0.64615, 0.0, 0.0]",272,1.10539,1.23532,0.47727,0.21538,"[0.64615, 0.0, 0.0]",272,STOPPED,99.839
218,20251227_190755,gaitpart_16steps_concat.csv,Preset_14,Transformer,42,"[384, 512, 768]",8,3,1152,0.2,gelu,prenorm,learned,max,False,3e-05,1e-05,32,AdamW,0.0,L2,512,16,[0.68794326 2.1920904  0.91725768],0.02,1.0,1.1347,1.08869,0.47727,0.21538,"[0.64615, 0.0, 0.0]",297,1.1347,1.08869,0.47727,0.21538,"[0.64615, 0.0, 0.0]",297,STOPPED,84.946
219,20251227_190755,gaitset_62steps_concat.csv,Preset_14,Transformer,42,"[384, 512, 768]",8,3,1152,0.2,gelu,prenorm,learned,max,False,3e-05,1e-05,32,AdamW,0.0,L2,768,62,[0.68794326 2.1920904  0.91725768],0.02,1.0,1.11014,1.30702,0.15909,0.0915,"[0.0, 0.27451, 0.0]",267,1.11014,1.30702,0.15909,0.0915,"[0.0, 0.27451, 0.0]",267,STOPPED,96.466
220,20251227_190755,gln_93steps_concat.csv,Preset_14,Transformer,42,"[384, 512, 768]",8,3,1152,0.2,gelu,prenorm,learned,max,False,3e-05,1e-05,32,AdamW,0.0,L2,512,93,[0.68794326 2.1920904  0.91725768],0.02,1.0,1.12323,1.02104,0.47727,0.21538,"[0.64615, 0.0, 0.0]",144,1.12323,1.02104,0.47727,0.21538,"[0.64615, 0.0, 0.0]",144,STOPPED,65.247

221,20251227_190755,baseline_31steps_concat.csv,Preset_15,Transformer,42,[512],16,1,2048,0.1,silu,prenorm,learned,cls,True,2e-05,1e-06,64,AdamW,0.0,L2,512,31,[0.68794326 2.1920904  0.91725768],0.02,1.0,1.10789,1.11734,0.15909,0.0915,"[0.0, 0.27451, 0.0]",138,1.10789,1.11734,0.15909,0.0915,"[0.0, 0.27451, 0.0]",138,STOPPED,14.007
222,20251227_190755,gaitgl_64steps_concat.csv,Preset_15,Transformer,42,[512],16,1,2048,0.1,silu,prenorm,learned,cls,True,2e-05,1e-06,64,AdamW,0.0,L2,768,64,[0.68794326 2.1920904  0.91725768],0.02,1.0,1.10545,1.09832,0.31818,0.16667,"[0.0, 0.0, 0.5]",153,1.10545,1.09832,0.31818,0.16667,"[0.0, 0.0, 0.5]",153,STOPPED,27.352
223,20251227_190755,gaitpart_16steps_concat.csv,Preset_15,Transformer,42,[512],16,1,2048,0.1,silu,prenorm,learned,cls,True,2e-05,1e-06,64,AdamW,0.0,L2,512,16,[0.68794326 2.1920904  0.91725768],0.02,1.0,1.10416,1.0916,0.36364,0.17778,"[0.0, 0.0, 0.53333]",152,1.10416,1.0916,0.36364,0.17778,"[0.0, 0.0, 0.53333]",152,STOPPED,13.644
224,20251227_190755,gaitset_62steps_concat.csv,Preset_15,Transformer,42,[512],16,1,2048,0.1,silu,prenorm,learned,cls,True,2e-05,1e-06,64,AdamW,0.0,L2,768,62,[0.68794326 2.1920904  0.91725768],0.02,1.0,1.10419,1.08698,0.36364,0.17778,"[0.0, 0.0, 0.53333]",131,1.10419,1.08698,0.36364,0.17778,"[0.0, 0.0, 0.53333]",131,STOPPED,22.283
225,20251227_190755,gln_93steps_concat.csv,Preset_15,Transformer,42,[512],16,1,2048,0.1,silu,prenorm,learned,cls,True,2e-05,1e-06,64,AdamW,0.0,L2,512,93,[0.68794326 2.1920904  0.91725768],0.02,1.0,0.38006,2.11762,0.38636,0.33516,"[0.51282, 0.11765, 0.375]",1938,0.68274,1.48312,0.52273,0.5077,"[0.58537, 0.47619, 0.46154]",1163,STOPPED,423.722

226,20251227_190755,baseline_31steps_concat.csv,Preset_16,Transformer,42,"[192, 384, 576]",8,3,768,0.2,elu,postnorm,sinusoidal,mean,False,6e-05,1e-06,64,Adam,0.0,nan,512,31,[0.68794326 2.1920904  0.91725768],0.02,1.0,0.14679,2.7154,0.45455,0.35308,"[0.4878, 0.0, 0.57143]",407,0.52698,1.8928,0.5,0.49391,"[0.47059, 0.47059, 0.54054]",148,COMPLETED,68.787
227,20251227_190755,gaitgl_64steps_concat.csv,Preset_16,Transformer,42,"[192, 384, 576]",8,3,768,0.2,elu,postnorm,sinusoidal,mean,False,6e-05,1e-06,64,Adam,0.0,nan,768,64,[0.68794326 2.1920904  0.91725768],0.02,1.0,0.14797,2.00544,0.5,0.37636,"[0.59574, 0.0, 0.53333]",88,0.2155,2.16929,0.43182,0.42268,"[0.375, 0.36364, 0.52941]",78,COMPLETED,21.567
228,20251227_190755,gaitpart_16steps_concat.csv,Preset_16,Transformer,42,"[192, 384, 576]",8,3,768,0.2,elu,postnorm,sinusoidal,mean,False,6e-05,1e-06,64,Adam,0.0,nan,512,16,[0.68794326 2.1920904  0.91725768],0.02,1.0,0.1184,2.89018,0.34091,0.32795,"[0.44444, 0.26667, 0.27273]",589,0.14723,1.64288,0.59091,0.4963,"[0.6, 0.16667, 0.72222]",580,COMPLETED,91.615
229,20251227_190755,gaitset_62steps_concat.csv,Preset_16,Transformer,42,"[192, 384, 576]",8,3,768,0.2,elu,postnorm,sinusoidal,mean,False,6e-05,1e-06,64,Adam,0.0,nan,768,62,[0.68794326 2.1920904  0.91725768],0.02,1.0,0.12992,2.57975,0.38636,0.29012,"[0.5, 0.0, 0.37037]",487,0.73843,1.47123,0.47727,0.45965,"[0.57895, 0.4, 0.4]",95,COMPLETED,114.761
230,20251227_190755,gln_93steps_concat.csv,Preset_16,Transformer,42,"[192, 384, 576]",8,3,768,0.2,elu,postnorm,sinusoidal,mean,False,6e-05,1e-06,64,Adam,0.0,nan,512,93,[0.68794326 2.1920904  0.91725768],0.02,1.0,0.13522,2.01577,0.36364,0.27315,"[0.44444, 0.0, 0.375]",401,0.30729,2.47953,0.45455,0.42059,"[0.42424, 0.19048, 0.64706]",225,COMPLETED,127.184

231,20251227_190755,baseline_31steps_concat.csv,Preset_17,Transformer,42,"[256, 256, 256, 256]",16,4,512,0.1,hardswish,prenorm,sinusoidal,mean,False,4e-05,1e-06,80,AdamW,0.0,nan,512,31,[0.68794326 2.1920904  0.91725768],0.02,1.0,0.1234,2.71738,0.5,0.36649,"[0.58333, 0.0, 0.51613]",380,0.65271,1.40565,0.52273,0.50735,"[0.55556, 0.42105, 0.54545]",120,COMPLETED,58.357
232,20251227_190755,gaitgl_64steps_concat.csv,Preset_17,Transformer,42,"[256, 256, 256, 256]",16,4,512,0.1,hardswish,prenorm,sinusoidal,mean,False,4e-05,1e-06,80,AdamW,0.0,nan,768,64,[0.68794326 2.1920904  0.91725768],0.02,1.0,0.13839,1.86897,0.5,0.37943,"[0.6383, 0.0, 0.5]",93,0.15071,1.74658,0.54545,0.39111,"[0.64, 0.0, 0.53333]",88,COMPLETED,24.106
233,20251227_190755,gaitpart_16steps_concat.csv,Preset_17,Transformer,42,"[256, 256, 256, 256]",16,4,512,0.1,hardswish,prenorm,sinusoidal,mean,False,4e-05,1e-06,80,AdamW,0.0,nan,512,16,[0.68794326 2.1920904  0.91725768],0.02,1.0,0.12815,1.85105,0.61364,0.45811,"[0.72727, 0.0, 0.64706]",602,0.18316,1.97237,0.63636,0.5655,"[0.68293, 0.30769, 0.70588]",519,COMPLETED,81.748
234,20251227_190755,gaitset_62steps_concat.csv,Preset_17,Transformer,42,"[256, 256, 256, 256]",16,4,512,0.1,hardswish,prenorm,sinusoidal,mean,False,4e-05,1e-06,80,AdamW,0.0,nan,768,62,[0.68794326 2.1920904  0.91725768],0.02,1.0,0.11934,3.06759,0.43182,0.41394,"[0.51429, 0.26087, 0.46667]",428,0.17232,2.58944,0.52273,0.4545,"[0.66667, 0.23529, 0.46154]",374,COMPLETED,103.11
235,20251227_190755,gln_93steps_concat.csv,Preset_17,Transformer,42,"[256, 256, 256, 256]",16,4,512,0.1,hardswish,prenorm,sinusoidal,mean,False,4e-05,1e-06,80,AdamW,0.0,nan,512,93,[0.68794326 2.1920904  0.91725768],0.02,1.0,0.13629,1.51254,0.61364,0.4614,"[0.68421, 0.0, 0.7]",387,0.17506,1.58347,0.65909,0.49471,"[0.7619, 0.0, 0.72222]",363,COMPLETED,146.668

236,20251227_190755,baseline_31steps_concat.csv,Preset_18,Transformer,42,"[640, 480, 320]",8,3,960,0.1,mish,postnorm,sinusoidal,max,False,6e-05,1e-06,32,Adam,0.0,nan,512,31,[0.68794326 2.1920904  0.91725768],0.02,1.0,0.13752,1.62338,0.5,0.42483,"[0.55814, 0.15385, 0.5625]",125,0.13752,1.62338,0.5,0.42483,"[0.55814, 0.15385, 0.5625]",125,COMPLETED,36.498
237,20251227_190755,gaitgl_64steps_concat.csv,Preset_18,Transformer,42,"[640, 480, 320]",8,3,960,0.1,mish,postnorm,sinusoidal,max,False,6e-05,1e-06,32,Adam,0.0,nan,768,64,[0.68794326 2.1920904  0.91725768],0.02,1.0,0.11378,1.18049,0.52273,0.37937,"[0.6087, 0.0, 0.52941]",26,0.4278,1.12506,0.40909,0.39155,"[0.5, 0.26087, 0.41379]",11,COMPLETED,9.447
238,20251227_190755,gaitpart_16steps_concat.csv,Preset_18,Transformer,42,"[640, 480, 320]",8,3,960,0.1,mish,postnorm,sinusoidal,max,False,6e-05,1e-06,32,Adam,0.0,nan,512,16,[0.68794326 2.1920904  0.91725768],0.02,1.0,0.14538,1.69273,0.54545,0.49254,"[0.68182, 0.31579, 0.48]",258,0.29429,1.26454,0.59091,0.53806,"[0.69565, 0.4, 0.51852]",176,COMPLETED,70.776
239,20251227_190755,gaitset_62steps_concat.csv,Preset_18,Transformer,42,"[640, 480, 320]",8,3,960,0.1,mish,postnorm,sinusoidal,max,False,6e-05,1e-06,32,Adam,0.0,nan,768,62,[0.68794326 2.1920904  0.91725768],0.02,1.0,0.13163,1.45214,0.5,0.3586,"[0.6383, 0.0, 0.4375]",161,0.59023,1.21168,0.52273,0.49044,"[0.60465, 0.4, 0.46667]",80,COMPLETED,55.516
240,20251227_190755,gln_93steps_concat.csv,Preset_18,Transformer,42,"[640, 480, 320]",8,3,960,0.1,mish,postnorm,sinusoidal,max,False,6e-05,1e-06,32,Adam,0.0,nan,512,93,[0.68794326 2.1920904  0.91725768],0.02,1.0,0.13059,1.24541,0.52273,0.46667,"[0.65, 0.25, 0.5]",129,0.20884,1.14226,0.56818,0.50719,"[0.66667, 0.26667, 0.58824]",99,COMPLETED,53.517

241,20251227_190755,baseline_31steps_concat.csv,Preset_19,Transformer,42,"[256, 384, 512]",16,3,768,0.1,gelu,prenorm,learned,mean,False,0.0001,1e-06,80,SGD,0.9,nan,512,31,[0.68794326 2.1920904  0.91725768],0.02,1.0,1.10529,1.10163,0.31818,0.26543,"[0.0, 0.2963, 0.5]",128,1.10529,1.10163,0.31818,0.26543,"[0.0, 0.2963, 0.5]",128,STOPPED,17.155
242,20251227_190755,gaitgl_64steps_concat.csv,Preset_19,Transformer,42,"[256, 384, 512]",16,3,768,0.1,gelu,prenorm,learned,mean,False,0.0001,1e-06,80,SGD,0.9,nan,768,64,[0.68794326 2.1920904  0.91725768],0.02,1.0,0.14936,1.90799,0.43182,0.36051,"[0.61905, 0.11765, 0.34483]",4541,0.14958,1.88373,0.47727,0.39665,"[0.65116, 0.125, 0.41379]",4518,COMPLETED,1102.149
243,20251227_190755,gaitpart_16steps_concat.csv,Preset_19,Transformer,42,"[256, 384, 512]",16,3,768,0.1,gelu,prenorm,learned,mean,False,0.0001,1e-06,80,SGD,0.9,nan,512,16,[0.68794326 2.1920904  0.91725768],0.02,1.0,1.10392,1.10252,0.22727,0.22321,"[0.21429, 0.3125, 0.14286]",120,1.10392,1.10252,0.22727,0.22321,"[0.21429, 0.3125, 0.14286]",120,STOPPED,14.228
244,20251227_190755,gaitset_62steps_concat.csv,Preset_19,Transformer,42,"[256, 384, 512]",16,3,768,0.1,gelu,prenorm,learned,mean,False,0.0001,1e-06,80,SGD,0.9,nan,768,62,[0.68794326 2.1920904  0.91725768],0.02,1.0,1.10431,1.10398,0.15909,0.0915,"[0.0, 0.27451, 0.0]",113,1.10431,1.10398,0.15909,0.0915,"[0.0, 0.27451, 0.0]",113,STOPPED,26.132
245,20251227_190755,gln_93steps_concat.csv,Preset_19,Transformer,42,"[256, 384, 512]",16,3,768,0.1,gelu,prenorm,learned,mean,False,0.0001,1e-06,80,SGD,0.9,nan,512,93,[0.68794326 2.1920904  0.91725768],0.02,1.0,1.10581,1.10289,0.18182,0.15059,"[0.09091, 0.26087, 0.1]",119,1.10581,1.10289,0.18182,0.15059,"[0.09091, 0.26087, 0.1]",119,STOPPED,42.454

246,20251227_190755,baseline_31steps_concat.csv,Preset_20,Transformer,42,"[768, 768]",32,2,1024,0.0,gelu,prenorm,sinusoidal,cls,True,1e-05,1e-06,24,AdamW,0.0,nan,512,31,[0.68794326 2.1920904  0.91725768],0.02,1.0,0.12953,3.16043,0.36364,0.26858,"[0.29412, 0.0, 0.51163]",184,0.66939,1.33061,0.5,0.48127,"[0.45161, 0.36364, 0.62857]",87,COMPLETED,54.127
247,20251227_190755,gaitgl_64steps_concat.csv,Preset_20,Transformer,42,"[768, 768]",32,2,1024,0.0,gelu,prenorm,sinusoidal,cls,True,1e-05,1e-06,24,AdamW,0.0,nan,768,64,[0.68794326 2.1920904  0.91725768],0.02,1.0,0.11396,1.59701,0.47727,0.34815,"[0.6, 0.0, 0.44444]",41,0.21866,1.47362,0.5,0.42632,"[0.5, 0.2, 0.57895]",33,COMPLETED,17.694
248,20251227_190755,gaitpart_16steps_concat.csv,Preset_20,Transformer,42,"[768, 768]",32,2,1024,0.0,gelu,prenorm,sinusoidal,cls,True,1e-05,1e-06,24,AdamW,0.0,nan,512,16,[0.68794326 2.1920904  0.91725768],0.02,1.0,0.13551,1.94599,0.45455,0.40714,"[0.57143, 0.25, 0.4]",239,0.45154,1.76816,0.56818,0.53671,"[0.61905, 0.42857, 0.5625]",143,COMPLETED,65.1
249,20251227_190755,gaitset_62steps_concat.csv,Preset_20,Transformer,42,"[768, 768]",32,2,1024,0.0,gelu,prenorm,sinusoidal,cls,True,1e-05,1e-06,24,AdamW,0.0,nan,768,62,[0.68794326 2.1920904  0.91725768],0.02,1.0,0.13315,1.98482,0.52273,0.36111,"[0.66667, 0.0, 0.41667]",211,0.54592,1.22709,0.56818,0.51129,"[0.59459, 0.30769, 0.63158]",102,COMPLETED,85.481
250,20251227_190755,gln_93steps_concat.csv,Preset_20,Transformer,42,"[768, 768]",32,2,1024,0.0,gelu,prenorm,sinusoidal,cls,True,1e-05,1e-06,24,AdamW,0.0,nan,512,93,[0.68794326 2.1920904  0.91725768],0.02,1.0,0.12902,2.17249,0.5,0.40442,"[0.66667, 0.28571, 0.26087]",209,0.16076,1.89628,0.56818,0.50947,"[0.61111, 0.28571, 0.63158]",185,COMPLETED,111.022



251,20260107_010256,baseline_31steps_concat.csv,Preset_1,Transformer,42,"[512, 768, 768]",16,3,1024,0.1,gelu,prenorm,learned,cls,True,3e-05,1e-06,48,AdamW,0.0,L2,512,31,[0.68794326 2.1920904  0.91725768],0.02,1.0,1.14898,1.04418,0.31818,0.21046,"[0.43137, 0.0, 0.2]",173,1.14898,1.04418,0.31818,0.21046,"[0.43137, 0.0, 0.2]",173,STOPPED,39.819
252,20260107_010256,gaitgl_64steps_concat.csv,Preset_1,Transformer,42,"[512, 768, 768]",16,3,1024,0.1,gelu,prenorm,learned,cls,True,3e-05,1e-06,48,AdamW,0.0,L2,768,64,[0.68794326 2.1920904  0.91725768],0.02,1.0,0.10381,2.76375,0.38636,0.29986,"[0.4878, 0.0, 0.41176]",1141,0.44829,1.85212,0.54545,0.45285,"[0.55172, 0.18182, 0.625]",706,COMPLETED,430.137
253,20260107_010256,gaitpart_16steps_concat.csv,Preset_1,Transformer,42,"[512, 768, 768]",16,3,1024,0.1,gelu,prenorm,learned,cls,True,3e-05,1e-06,48,AdamW,0.0,L2,512,16,[0.68794326 2.1920904  0.91725768],0.02,1.0,1.12193,1.08498,0.47727,0.21538,"[0.64615, 0.0, 0.0]",188,1.12193,1.08498,0.47727,0.21538,"[0.64615, 0.0, 0.0]",188,STOPPED,36.692
254,20260107_010256,gaitset_62steps_concat.csv,Preset_1,Transformer,42,"[512, 768, 768]",16,3,1024,0.1,gelu,prenorm,learned,cls,True,3e-05,1e-06,48,AdamW,0.0,L2,768,62,[0.68794326 2.1920904  0.91725768],0.02,1.0,0.64677,2.14712,0.5,0.3355,"[0.64286, 0.0, 0.36364]",1713,0.7377,2.07465,0.52273,0.4693,"[0.6383, 0.35294, 0.41667]",1643,STOPPED,616.305
255,20260107_010256,gln_93steps_concat.csv,Preset_1,Transformer,42,"[512, 768, 768]",16,3,1024,0.1,gelu,prenorm,learned,cls,True,3e-05,1e-06,48,AdamW,0.0,L2,512,93,[0.68794326 2.1920904  0.91725768],0.02,1.0,0.13423,3.36097,0.36364,0.31927,"[0.42105, 0.125, 0.41176]",1074,0.478,2.1788,0.5,0.47316,"[0.4, 0.42857, 0.59091]",534,COMPLETED,637.123

256,20260107_010256,baseline_31steps_concat.csv,Preset_2,Transformer,42,"[640, 768]",8,2,1024,0.15,silu,prenorm,learned,cls,True,4e-05,5e-06,64,AdamW,0.0,L2,512,31,[0.68794326 2.1920904  0.91725768],0.02,1.0,1.1149,1.11397,0.38636,0.19883,"[0.59649, 0.0, 0.0]",206,1.1149,1.11397,0.38636,0.19883,"[0.59649, 0.0, 0.0]",206,STOPPED,36.056
257,20260107_010256,gaitgl_64steps_concat.csv,Preset_2,Transformer,42,"[640, 768]",8,2,1024,0.15,silu,prenorm,learned,cls,True,4e-05,5e-06,64,AdamW,0.0,L2,768,64,[0.68794326 2.1920904  0.91725768],0.02,1.0,1.14583,1.11324,0.29545,0.224,"[0.46512, 0.2069, 0.0]",173,1.14583,1.11324,0.29545,0.224,"[0.46512, 0.2069, 0.0]",173,STOPPED,54.063
258,20260107_010256,gaitpart_16steps_concat.csv,Preset_2,Transformer,42,"[640, 768]",8,2,1024,0.15,silu,prenorm,learned,cls,True,4e-05,5e-06,64,AdamW,0.0,L2,512,16,[0.68794326 2.1920904  0.91725768],0.02,1.0,1.11438,1.14946,0.15909,0.0915,"[0.0, 0.27451, 0.0]",245,1.11438,1.14946,0.15909,0.0915,"[0.0, 0.27451, 0.0]",245,STOPPED,34.839
259,20260107_010256,gaitset_62steps_concat.csv,Preset_2,Transformer,42,"[640, 768]",8,2,1024,0.15,silu,prenorm,learned,cls,True,4e-05,5e-06,64,AdamW,0.0,L2,768,62,[0.68794326 2.1920904  0.91725768],0.02,1.0,0.12188,2.55314,0.45455,0.36999,"[0.58333, 0.18182, 0.34483]",1429,0.57101,1.60488,0.52273,0.46334,"[0.61224, 0.33333, 0.44444]",630,COMPLETED,428.84
260,20260107_010256,gln_93steps_concat.csv,Preset_2,Transformer,42,"[640, 768]",8,2,1024,0.15,silu,prenorm,learned,cls,True,4e-05,5e-06,64,AdamW,0.0,L2,512,93,[0.68794326 2.1920904  0.91725768],0.02,1.0,0.12219,2.66047,0.45455,0.34188,"[0.51282, 0.0, 0.51282]",954,0.60095,1.85307,0.5,0.4759,"[0.51613, 0.375, 0.53659]",473,COMPLETED,378.188

261,20260107_010256,baseline_31steps_concat.csv,Preset_3,Transformer,42,"[768, 768, 512]",16,3,1152,0.1,gelu,prenorm,learned,mean,False,2e-05,1e-06,48,AdamW,0.0,L2,512,31,[0.68794326 2.1920904  0.91725768],0.02,1.0,1.10171,1.07791,0.47727,0.21538,"[0.64615, 0.0, 0.0]",111,1.10171,1.07791,0.47727,0.21538,"[0.64615, 0.0, 0.0]",111,STOPPED,29.831
262,20260107_010256,gaitgl_64steps_concat.csv,Preset_3,Transformer,42,"[768, 768, 512]",16,3,1152,0.1,gelu,prenorm,learned,mean,False,2e-05,1e-06,48,AdamW,0.0,L2,768,64,[0.68794326 2.1920904  0.91725768],0.02,1.0,0.28061,2.01504,0.43182,0.28086,"[0.59259, 0.0, 0.25]",1168,0.60844,2.32674,0.47727,0.44198,"[0.60606, 0.19048, 0.52941]",554,STOPPED,523.708
263,20260107_010256,gaitpart_16steps_concat.csv,Preset_3,Transformer,42,"[768, 768, 512]",16,3,1152,0.1,gelu,prenorm,learned,mean,False,2e-05,1e-06,48,AdamW,0.0,L2,512,16,[0.68794326 2.1920904  0.91725768],0.02,1.0,1.10603,1.08418,0.47727,0.21538,"[0.64615, 0.0, 0.0]",203,1.10603,1.08418,0.47727,0.21538,"[0.64615, 0.0, 0.0]",203,STOPPED,45.348
264,20260107_010256,gaitset_62steps_concat.csv,Preset_3,Transformer,42,"[768, 768, 512]",16,3,1152,0.1,gelu,prenorm,learned,mean,False,2e-05,1e-06,48,AdamW,0.0,L2,768,62,[0.68794326 2.1920904  0.91725768],0.02,1.0,1.1055,1.08598,0.47727,0.21538,"[0.64615, 0.0, 0.0]",163,1.1055,1.08598,0.47727,0.21538,"[0.64615, 0.0, 0.0]",163,STOPPED,70.047
265,20260107_010256,gln_93steps_concat.csv,Preset_3,Transformer,42,"[768, 768, 512]",16,3,1152,0.1,gelu,prenorm,learned,mean,False,2e-05,1e-06,48,AdamW,0.0,L2,512,93,[0.68794326 2.1920904  0.91725768],0.02,1.0,0.64282,2.19106,0.43182,0.37781,"[0.27586, 0.26667, 0.59091]",1106,0.68164,1.91364,0.56818,0.55039,"[0.46667, 0.53333, 0.65116]",571,STOPPED,721.024

266,20260107_010256,baseline_31steps_concat.csv,Preset_4,Transformer,42,"[512, 512, 512, 768]",8,4,1536,0.15,gelu,prenorm,learned,mean,False,2e-05,1e-06,32,AdamW,0.0,L2,512,31,[0.68794326 2.1920904  0.91725768],0.02,1.0,0.42633,2.38276,0.38636,0.3459,"[0.43243, 0.10526, 0.5]",1313,0.5559,2.15684,0.5,0.47607,"[0.54545, 0.4, 0.48276]",986,STOPPED,511.51
267,20260107_010256,gaitgl_64steps_concat.csv,Preset_4,Transformer,42,"[512, 512, 512, 768]",8,4,1536,0.15,gelu,prenorm,learned,mean,False,2e-05,1e-06,32,AdamW,0.0,L2,768,64,[0.68794326 2.1920904  0.91725768],0.02,1.0,0.15901,2.86121,0.40909,0.29952,"[0.56522, 0.0, 0.33333]",1421,0.73514,1.48826,0.5,0.48526,"[0.54545, 0.34783, 0.5625]",384,STOPPED,753.013
268,20260107_010256,gaitpart_16steps_concat.csv,Preset_4,Transformer,42,"[512, 512, 512, 768]",8,4,1536,0.15,gelu,prenorm,learned,mean,False,2e-05,1e-06,32,AdamW,0.0,L2,512,16,[0.68794326 2.1920904  0.91725768],0.02,1.0,1.10523,1.09921,0.47727,0.21538,"[0.64615, 0.0, 0.0]",236,1.10523,1.09921,0.47727,0.21538,"[0.64615, 0.0, 0.0]",236,STOPPED,85.111
269,20260107_010256,gaitset_62steps_concat.csv,Preset_4,Transformer,42,"[512, 512, 512, 768]",8,4,1536,0.15,gelu,prenorm,learned,mean,False,2e-05,1e-06,32,AdamW,0.0,L2,768,62,[0.68794326 2.1920904  0.91725768],0.02,1.0,1.1094,1.13278,0.15909,0.0915,"[0.0, 0.27451, 0.0]",154,1.1094,1.13278,0.15909,0.0915,"[0.0, 0.27451, 0.0]",154,STOPPED,80.428
270,20260107_010256,gln_93steps_concat.csv,Preset_4,Transformer,42,"[512, 512, 512, 768]",8,4,1536,0.15,gelu,prenorm,learned,mean,False,2e-05,1e-06,32,AdamW,0.0,L2,512,93,[0.68794326 2.1920904  0.91725768],0.02,1.0,0.2241,3.02562,0.31818,0.27434,"[0.40909, 0.11765, 0.2963]",1508,0.28867,2.65116,0.47727,0.45151,"[0.5641, 0.35294, 0.4375]",1322,STOPPED,1040.249

271,20260107_010256,baseline_31steps_concat.csv,Preset_5,Transformer,42,"[768, 512]",8,2,1024,0.05,gelu,prenorm,learned,cls,True,2e-05,1e-05,32,AdamW,0.0,L2,512,31,[0.68794326 2.1920904  0.91725768],0.02,1.0,0.5762,2.93135,0.40909,0.38658,"[0.37838, 0.30769, 0.47368]",1542,0.74475,1.68706,0.52273,0.52464,"[0.52632, 0.53333, 0.51429]",656,STOPPED,378.698
272,20260107_010256,gaitgl_64steps_concat.csv,Preset_5,Transformer,42,"[768, 512]",8,2,1024,0.05,gelu,prenorm,learned,cls,True,2e-05,1e-05,32,AdamW,0.0,L2,768,64,[0.68794326 2.1920904  0.91725768],0.02,1.0,0.1157,2.56737,0.45455,0.33417,"[0.52632, 0.0, 0.47619]",931,0.31959,2.27134,0.52273,0.4545,"[0.66667, 0.23529, 0.46154]",638,STOPPED,319.41
273,20260107_010256,gaitpart_16steps_concat.csv,Preset_5,Transformer,42,"[768, 512]",8,2,1024,0.05,gelu,prenorm,learned,cls,True,2e-05,1e-05,32,AdamW,0.0,L2,512,16,[0.68794326 2.1920904  0.91725768],0.02,1.0,1.1138,1.09333,0.47727,0.21538,"[0.64615, 0.0, 0.0]",195,1.1138,1.09333,0.47727,0.21538,"[0.64615, 0.0, 0.0]",195,STOPPED,43.952
274,20260107_010256,gaitset_62steps_concat.csv,Preset_5,Transformer,42,"[768, 512]",8,2,1024,0.05,gelu,prenorm,learned,cls,True,2e-05,1e-05,32,AdamW,0.0,L2,768,62,[0.68794326 2.1920904  0.91725768],0.02,1.0,0.24745,2.38815,0.34091,0.29483,"[0.42857, 0.13333, 0.32258]",1573,0.69999,1.78905,0.45455,0.438,"[0.51163, 0.34783, 0.45455]",843,STOPPED,526.687
275,20260107_010256,gln_93steps_concat.csv,Preset_5,Transformer,42,"[768, 512]",8,2,1024,0.05,gelu,prenorm,learned,cls,True,2e-05,1e-05,32,AdamW,0.0,L2,512,93,[0.68794326 2.1920904  0.91725768],0.02,1.0,0.24838,2.15483,0.43182,0.33236,"[0.54545, 0.0, 0.45161]",1155,0.31109,1.56369,0.52273,0.47271,"[0.59459, 0.23529, 0.58824]",982,STOPPED,468.049

276,20260107_010256,baseline_31steps_concat.csv,Preset_6,Transformer,42,[128],4,1,256,0.25,relu,postnorm,sinusoidal,mean,False,0.0002,0.0,128,Adam,0.0,minmax,512,31,[0.68794326 2.1920904  0.91725768],0.02,1.0,0.13452,3.46751,0.45455,0.41377,"[0.5641, 0.21053, 0.46667]",648,0.74491,1.61858,0.65909,0.5848,"[0.73684, 0.33333, 0.68421]",260,COMPLETED,42.683
277,20260107_010256,gaitgl_64steps_concat.csv,Preset_6,Transformer,42,[128],4,1,256,0.25,relu,postnorm,sinusoidal,mean,False,0.0002,0.0,128,Adam,0.0,minmax,768,64,[0.68794326 2.1920904  0.91725768],0.02,1.0,0.1292,3.27954,0.40909,0.39434,"[0.35294, 0.31579, 0.51429]",294,0.29779,1.74349,0.52273,0.49512,"[0.58537, 0.4, 0.5]",244,COMPLETED,31.409
278,20260107_010256,gaitpart_16steps_concat.csv,Preset_6,Transformer,42,[128],4,1,256,0.25,relu,postnorm,sinusoidal,mean,False,0.0002,0.0,128,Adam,0.0,minmax,512,16,[0.68794326 2.1920904  0.91725768],0.02,1.0,0.29427,3.34145,0.43182,0.39748,"[0.45714, 0.23529, 0.5]",1733,0.60124,1.63434,0.56818,0.55556,"[0.61111, 0.5, 0.55556]",491,STOPPED,99.269
279,20260107_010256,gaitset_62steps_concat.csv,Preset_6,Transformer,42,[128],4,1,256,0.25,relu,postnorm,sinusoidal,mean,False,0.0002,0.0,128,Adam,0.0,minmax,768,62,[0.68794326 2.1920904  0.91725768],0.02,1.0,1.11186,1.08026,0.36364,0.17778,"[0.0, 0.0, 0.53333]",123,1.11186,1.08026,0.36364,0.17778,"[0.0, 0.0, 0.53333]",123,STOPPED,12.763
280,20260107_010256,gln_93steps_concat.csv,Preset_6,Transformer,42,[128],4,1,256,0.25,relu,postnorm,sinusoidal,mean,False,0.0002,0.0,128,Adam,0.0,minmax,512,93,[0.68794326 2.1920904  0.91725768],0.02,1.0,1.10419,1.11213,0.22727,0.20452,"[0.0, 0.25641, 0.35714]",185,1.10419,1.11213,0.22727,0.20452,"[0.0, 0.25641, 0.35714]",185,STOPPED,21.51

281,20260107_010256,baseline_31steps_concat.csv,Preset_7,Transformer,42,"[192, 192]",3,2,384,0.3,hardswish,prenorm,learned,max,False,0.0001,1e-06,96,AdamW,0.0,L2,512,31,[0.68794326 2.1920904  0.91725768],0.02,1.0,0.12422,3.2922,0.43182,0.39603,"[0.52632, 0.25, 0.41176]",1305,0.57213,1.60133,0.59091,0.53404,"[0.68293, 0.36364, 0.55556]",628,COMPLETED,126.187
282,20260107_010256,gaitgl_64steps_concat.csv,Preset_7,Transformer,42,"[192, 192]",3,2,384,0.3,hardswish,prenorm,learned,max,False,0.0001,1e-06,96,AdamW,0.0,L2,768,64,[0.68794326 2.1920904  0.91725768],0.02,1.0,0.12613,2.65738,0.47727,0.34694,"[0.61224, 0.0, 0.42857]",1245,0.64727,1.31986,0.5,0.47449,"[0.58824, 0.27273, 0.5625]",454,COMPLETED,175.072
283,20260107_010256,gaitpart_16steps_concat.csv,Preset_7,Transformer,42,"[192, 192]",3,2,384,0.3,hardswish,prenorm,learned,max,False,0.0001,1e-06,96,AdamW,0.0,L2,512,16,[0.68794326 2.1920904  0.91725768],0.02,1.0,0.8005,3.56492,0.25,0.21481,"[0.4, 0.13333, 0.11111]",1981,0.43411,2.20987,0.52273,0.44333,"[0.5625, 0.13333, 0.63415]",1808,STOPPED,172.876
284,20260107_010256,gaitset_62steps_concat.csv,Preset_7,Transformer,42,"[192, 192]",3,2,384,0.3,hardswish,prenorm,learned,max,False,0.0001,1e-06,96,AdamW,0.0,L2,768,62,[0.68794326 2.1920904  0.91725768],0.02,1.0,0.12264,2.48811,0.52273,0.47179,"[0.51429, 0.28571, 0.61538]",1989,0.18464,2.18227,0.59091,0.54359,"[0.61538, 0.4, 0.61538]",1750,COMPLETED,274.872
285,20260107_010256,gln_93steps_concat.csv,Preset_7,Transformer,42,"[192, 192]",3,2,384,0.3,hardswish,prenorm,learned,max,False,0.0001,1e-06,96,AdamW,0.0,L2,512,93,[0.68794326 2.1920904  0.91725768],0.02,1.0,0.12958,2.68506,0.54545,0.54434,"[0.55814, 0.54545, 0.52941]",1403,0.1591,2.41333,0.54545,0.55904,"[0.53659, 0.6, 0.54054]",1272,COMPLETED,227.463

286,20260107_010256,baseline_31steps_concat.csv,Preset_8,Transformer,42,"[256, 384, 256]",8,3,768,0.15,mish,postnorm,sinusoidal,max,False,7e-05,1e-06,64,AdamW,0.0,minmax,512,31,[0.68794326 2.1920904  0.91725768],0.02,1.0,0.1357,1.99742,0.38636,0.33591,"[0.37838, 0.14286, 0.48649]",442,0.22119,1.61733,0.47727,0.43624,"[0.48649, 0.26667, 0.55556]",370,COMPLETED,72.722
287,20260107_010256,gaitgl_64steps_concat.csv,Preset_8,Transformer,42,"[256, 384, 256]",8,3,768,0.15,mish,postnorm,sinusoidal,max,False,7e-05,1e-06,64,AdamW,0.0,minmax,768,64,[0.68794326 2.1920904  0.91725768],0.02,1.0,1.10899,1.12456,0.15909,0.0915,"[0.0, 0.27451, 0.0]",198,1.10899,1.12456,0.15909,0.0915,"[0.0, 0.27451, 0.0]",198,STOPPED,46.631
288,20260107_010256,gaitpart_16steps_concat.csv,Preset_8,Transformer,42,"[256, 384, 256]",8,3,768,0.15,mish,postnorm,sinusoidal,max,False,7e-05,1e-06,64,AdamW,0.0,minmax,512,16,[0.68794326 2.1920904  0.91725768],0.02,1.0,1.10137,1.17609,0.15909,0.0915,"[0.0, 0.27451, 0.0]",201,1.10137,1.17609,0.15909,0.0915,"[0.0, 0.27451, 0.0]",201,STOPPED,29.968
289,20260107_010256,gaitset_62steps_concat.csv,Preset_8,Transformer,42,"[256, 384, 256]",8,3,768,0.15,mish,postnorm,sinusoidal,max,False,7e-05,1e-06,64,AdamW,0.0,minmax,768,62,[0.68794326 2.1920904  0.91725768],0.02,1.0,1.11206,1.08252,0.47727,0.21538,"[0.64615, 0.0, 0.0]",121,1.11206,1.08252,0.47727,0.21538,"[0.64615, 0.0, 0.0]",121,STOPPED,27.59
290,20260107_010256,gln_93steps_concat.csv,Preset_8,Transformer,42,"[256, 384, 256]",8,3,768,0.15,mish,postnorm,sinusoidal,max,False,7e-05,1e-06,64,AdamW,0.0,minmax,512,93,[0.68794326 2.1920904  0.91725768],0.02,1.0,1.11004,1.10817,0.47727,0.21538,"[0.64615, 0.0, 0.0]",152,1.11004,1.10817,0.47727,0.21538,"[0.64615, 0.0, 0.0]",152,STOPPED,47.776

291,20260107_010256,baseline_31steps_concat.csv,Preset_9,Transformer,42,"[320, 320, 640]",5,3,640,0.1,elu,prenorm,learned,mean,False,8e-05,1e-06,64,RMSprop,0.0,L2,512,31,[0.68794326 2.1920904  0.91725768],0.02,1.0,0.11862,2.51921,0.45455,0.33109,"[0.54167, 0.0, 0.45161]",1808,0.40692,1.86733,0.59091,0.52734,"[0.66667, 0.36364, 0.55172]",1353,COMPLETED,304.651
292,20260107_010256,gaitgl_64steps_concat.csv,Preset_9,Transformer,42,"[320, 320, 640]",5,3,640,0.1,elu,prenorm,learned,mean,False,8e-05,1e-06,64,RMSprop,0.0,L2,768,64,[0.68794326 2.1920904  0.91725768],0.02,1.0,0.13129,2.37588,0.5,0.37778,"[0.66667, 0.0, 0.46667]",1692,0.24038,1.62316,0.59091,0.43056,"[0.66667, 0.0, 0.625]",1398,COMPLETED,439.786
293,20260107_010256,gaitpart_16steps_concat.csv,Preset_9,Transformer,42,"[320, 320, 640]",5,3,640,0.1,elu,prenorm,learned,mean,False,8e-05,1e-06,64,RMSprop,0.0,L2,512,16,[0.68794326 2.1920904  0.91725768],0.02,1.0,1.10828,1.07446,0.47727,0.21538,"[0.64615, 0.0, 0.0]",178,1.10828,1.07446,0.47727,0.21538,"[0.64615, 0.0, 0.0]",178,STOPPED,27.04
294,20260107_010256,gaitset_62steps_concat.csv,Preset_9,Transformer,42,"[320, 320, 640]",5,3,640,0.1,elu,prenorm,learned,mean,False,8e-05,1e-06,64,RMSprop,0.0,L2,768,62,[0.68794326 2.1920904  0.91725768],0.02,1.0,1.10586,1.07941,0.47727,0.21538,"[0.64615, 0.0, 0.0]",120,1.10586,1.07941,0.47727,0.21538,"[0.64615, 0.0, 0.0]",120,STOPPED,30.381
295,20260107_010256,gln_93steps_concat.csv,Preset_9,Transformer,42,"[320, 320, 640]",5,3,640,0.1,elu,prenorm,learned,mean,False,8e-05,1e-06,64,RMSprop,0.0,L2,512,93,[0.68794326 2.1920904  0.91725768],0.02,1.0,0.10126,2.75183,0.40909,0.35385,"[0.46154, 0.14286, 0.45714]",1662,0.148,3.46061,0.45455,0.45104,"[0.5, 0.37037, 0.48276]",1408,COMPLETED,561.334

296,20260107_010256,baseline_31steps_concat.csv,Preset_10,Transformer,42,[384],6,1,768,0.0,silu,prenorm,sinusoidal,cls,True,6e-05,0.0,80,AdamW,0.0,L2,512,31,[0.68794326 2.1920904  0.91725768],0.02,1.0,0.12786,3.57972,0.27273,0.24652,"[0.3, 0.15385, 0.28571]",580,0.67037,1.68889,0.47727,0.42899,"[0.58537, 0.25, 0.45161]",216,COMPLETED,43.76
297,20260107_010256,gaitgl_64steps_concat.csv,Preset_10,Transformer,42,[384],6,1,768,0.0,silu,prenorm,sinusoidal,cls,True,6e-05,0.0,80,AdamW,0.0,L2,768,64,[0.68794326 2.1920904  0.91725768],0.02,1.0,0.13193,2.61025,0.38636,0.35665,"[0.29412, 0.23529, 0.54054]",403,0.74301,1.89583,0.5,0.44841,"[0.42857, 0.33333, 0.58333]",198,COMPLETED,52.939
298,20260107_010256,gaitpart_16steps_concat.csv,Preset_10,Transformer,42,[384],6,1,768,0.0,silu,prenorm,sinusoidal,cls,True,6e-05,0.0,80,AdamW,0.0,L2,512,16,[0.68794326 2.1920904  0.91725768],0.02,1.0,0.1319,3.61797,0.29545,0.27934,"[0.37838, 0.17391, 0.28571]",1582,0.49153,1.77398,0.59091,0.52733,"[0.64865, 0.26667, 0.66667]",633,COMPLETED,102.609
299,20260107_010256,gaitset_62steps_concat.csv,Preset_10,Transformer,42,[384],6,1,768,0.0,silu,prenorm,sinusoidal,cls,True,6e-05,0.0,80,AdamW,0.0,L2,768,62,[0.68794326 2.1920904  0.91725768],0.02,1.0,0.12676,2.99584,0.36364,0.29881,"[0.57143, 0.125, 0.2]",1044,0.54325,1.84456,0.47727,0.38406,"[0.65217, 0.16667, 0.33333]",250,COMPLETED,130.794
300,20260107_010256,gln_93steps_concat.csv,Preset_10,Transformer,42,[384],6,1,768,0.0,silu,prenorm,sinusoidal,cls,True,6e-05,0.0,80,AdamW,0.0,L2,512,93,[0.68794326 2.1920904  0.91725768],0.02,1.0,0.11697,2.48911,0.52273,0.38682,"[0.52632, 0.0, 0.63415]",825,0.6251,1.56442,0.59091,0.5491,"[0.66667, 0.4, 0.58065]",259,COMPLETED,123.224

301,20260107_010256,baseline_31steps_concat.csv,Preset_11,Transformer,42,"[384, 768]",12,2,1536,0.15,gelu,prenorm,learned,max,False,3e-05,1e-06,48,AdamW,0.0,minmax,512,31,[0.68794326 2.1920904  0.91725768],0.02,1.0,0.13488,3.24138,0.43182,0.39685,"[0.4, 0.25, 0.54054]",1315,0.23463,2.46152,0.56818,0.52121,"[0.57143, 0.36364, 0.62857]",1061,COMPLETED,248.703
302,20260107_010256,gaitgl_64steps_concat.csv,Preset_11,Transformer,42,"[384, 768]",12,2,1536,0.15,gelu,prenorm,learned,max,False,3e-05,1e-06,48,AdamW,0.0,minmax,768,64,[0.68794326 2.1920904  0.91725768],0.02,1.0,0.12657,2.35659,0.43182,0.30462,"[0.56604, 0.0, 0.34783]",808,0.21023,2.36576,0.5,0.46042,"[0.41379, 0.33333, 0.63415]",674,COMPLETED,244.73
303,20260107_010256,gaitpart_16steps_concat.csv,Preset_11,Transformer,42,"[384, 768]",12,2,1536,0.15,gelu,prenorm,learned,max,False,3e-05,1e-06,48,AdamW,0.0,minmax,512,16,[0.68794326 2.1920904  0.91725768],0.02,1.0,0.13033,2.35755,0.5,0.47898,"[0.57143, 0.42105, 0.44444]",1485,0.16258,2.21698,0.63636,0.62782,"[0.62857, 0.58824, 0.66667]",1319,COMPLETED,246.026
304,20260107_010256,gaitset_62steps_concat.csv,Preset_11,Transformer,42,"[384, 768]",12,2,1536,0.15,gelu,prenorm,learned,max,False,3e-05,1e-06,48,AdamW,0.0,minmax,768,62,[0.68794326 2.1920904  0.91725768],0.02,1.0,0.13315,1.67262,0.59091,0.52875,"[0.65, 0.30769, 0.62857]",1247,0.13897,1.88098,0.56818,0.53524,"[0.59459, 0.4, 0.61111]",1172,COMPLETED,366.51
305,20260107_010256,gln_93steps_concat.csv,Preset_11,Transformer,42,"[384, 768]",12,2,1536,0.15,gelu,prenorm,learned,max,False,3e-05,1e-06,48,AdamW,0.0,minmax,512,93,[0.68794326 2.1920904  0.91725768],0.02,1.0,0.13207,2.27501,0.38636,0.3,"[0.5, 0.0, 0.4]",1179,0.7352,1.19929,0.52273,0.51233,"[0.58537, 0.5, 0.45161]",612,COMPLETED,489.337

306,20260107_010256,baseline_31steps_concat.csv,Preset_12,Transformer,42,"[512, 1024]",16,2,2048,0.2,prelu,postnorm,learned,mean,False,2e-05,1e-05,32,Adam,0.0,L2,512,31,[0.68794326 2.1920904  0.91725768],0.02,1.0,0.12966,3.10348,0.34091,0.30512,"[0.35294, 0.10526, 0.45714]",1554,0.73547,1.48474,0.59091,0.53493,"[0.65306, 0.4, 0.55172]",427,COMPLETED,471.691
307,20260107_010256,gaitgl_64steps_concat.csv,Preset_12,Transformer,42,"[512, 1024]",16,2,2048,0.2,prelu,postnorm,learned,mean,False,2e-05,1e-05,32,Adam,0.0,L2,768,64,[0.68794326 2.1920904  0.91725768],0.02,1.0,1.12224,1.1443,0.15909,0.0915,"[0.0, 0.27451, 0.0]",127,1.12224,1.1443,0.15909,0.0915,"[0.0, 0.27451, 0.0]",127,STOPPED,58.125
308,20260107_010256,gaitpart_16steps_concat.csv,Preset_12,Transformer,42,"[512, 1024]",16,2,2048,0.2,prelu,postnorm,learned,mean,False,2e-05,1e-05,32,Adam,0.0,L2,512,16,[0.68794326 2.1920904  0.91725768],0.02,1.0,1.10511,1.1076,0.18182,0.13228,"[0.0, 0.28571, 0.11111]",204,1.10511,1.1076,0.18182,0.13228,"[0.0, 0.28571, 0.11111]",204,STOPPED,54.592
309,20260107_010256,gaitset_62steps_concat.csv,Preset_12,Transformer,42,"[512, 1024]",16,2,2048,0.2,prelu,postnorm,learned,mean,False,2e-05,1e-05,32,Adam,0.0,L2,768,62,[0.68794326 2.1920904  0.91725768],0.02,1.0,0.79783,2.36196,0.43182,0.39788,"[0.45714, 0.25, 0.48649]",1735,0.58511,1.84372,0.5,0.52115,"[0.52381, 0.61538, 0.42424]",928,STOPPED,767.772
310,20260107_010256,gln_93steps_concat.csv,Preset_12,Transformer,42,"[512, 1024]",16,2,2048,0.2,prelu,postnorm,learned,mean,False,2e-05,1e-05,32,Adam,0.0,L2,512,93,[0.68794326 2.1920904  0.91725768],0.02,1.0,0.67473,3.10091,0.27273,0.21894,"[0.38095, 0.0, 0.27586]",1530,0.65605,2.71313,0.47727,0.44768,"[0.30769, 0.44444, 0.59091]",522,STOPPED,925.779

311,20260107_010256,baseline_31steps_concat.csv,Preset_13,Transformer,42,[1024],32,1,2048,0.1,silu,prenorm,learned,max,False,2e-05,1e-06,24,AdamW,0.0,L2,512,31,[0.68794326 2.1920904  0.91725768],0.02,1.0,0.13878,3.61256,0.47727,0.40871,"[0.53333, 0.22222, 0.47059]",1804,0.69154,1.26825,0.54545,0.51586,"[0.63415, 0.42857, 0.48485]",809,COMPLETED,461.343
312,20260107_010256,gaitgl_64steps_concat.csv,Preset_13,Transformer,42,[1024],32,1,2048,0.1,silu,prenorm,learned,max,False,2e-05,1e-06,24,AdamW,0.0,L2,768,64,[0.68794326 2.1920904  0.91725768],0.02,1.0,0.13668,2.05771,0.5,0.35544,"[0.59574, 0.0, 0.47059]",1173,0.26833,1.94376,0.56818,0.47337,"[0.6, 0.18182, 0.6383]",861,COMPLETED,457.431
313,20260107_010256,gaitpart_16steps_concat.csv,Preset_13,Transformer,42,[1024],32,1,2048,0.1,silu,prenorm,learned,max,False,2e-05,1e-06,24,AdamW,0.0,L2,512,16,[0.68794326 2.1920904  0.91725768],0.02,1.0,1.07855,1.10186,0.31818,0.31845,"[0.28571, 0.3125, 0.35714]",513,1.07855,1.10186,0.31818,0.31845,"[0.28571, 0.3125, 0.35714]",513,STOPPED,119.127
314,20260107_010256,gaitset_62steps_concat.csv,Preset_13,Transformer,42,[1024],32,1,2048,0.1,silu,prenorm,learned,max,False,2e-05,1e-06,24,AdamW,0.0,L2,768,62,[0.68794326 2.1920904  0.91725768],0.02,1.0,0.15909,2.97948,0.47727,0.34398,"[0.54545, 0.0, 0.48649]",2393,0.32907,2.15291,0.56818,0.51977,"[0.63158, 0.36364, 0.5641]",1880,STOPPED,897.912
315,20260107_010256,gln_93steps_concat.csv,Preset_13,Transformer,42,[1024],32,1,2048,0.1,silu,prenorm,learned,max,False,2e-05,1e-06,24,AdamW,0.0,L2,512,93,[0.68794326 2.1920904  0.91725768],0.02,1.0,0.13392,2.29312,0.40909,0.2967,"[0.42857, 0.0, 0.46154]",1735,0.6209,1.21031,0.56818,0.55082,"[0.63636, 0.53333, 0.48276]",889,COMPLETED,898.706

316,20260107_010256,baseline_31steps_concat.csv,Preset_14,Transformer,42,"[640, 640, 640, 640]",8,4,1024,0.3,relu,postnorm,learned,mean,False,0.0001,5e-05,32,SGD,0.9,L2,512,31,[0.68794326 2.1920904  0.91725768],0.02,1.0,1.10429,1.09777,0.47727,0.21538,"[0.64615, 0.0, 0.0]",160,1.10429,1.09777,0.47727,0.21538,"[0.64615, 0.0, 0.0]",160,STOPPED,56.771
317,20260107_010256,gaitgl_64steps_concat.csv,Preset_14,Transformer,42,"[640, 640, 640, 640]",8,4,1024,0.3,relu,postnorm,learned,mean,False,0.0001,5e-05,32,SGD,0.9,L2,768,64,[0.68794326 2.1920904  0.91725768],0.02,1.0,1.10578,1.09464,0.36364,0.17778,"[0.0, 0.0, 0.53333]",114,1.10578,1.09464,0.36364,0.17778,"[0.0, 0.0, 0.53333]",114,STOPPED,55.823
318,20260107_010256,gaitpart_16steps_concat.csv,Preset_14,Transformer,42,"[640, 640, 640, 640]",8,4,1024,0.3,relu,postnorm,learned,mean,False,0.0001,5e-05,32,SGD,0.9,L2,512,16,[0.68794326 2.1920904  0.91725768],0.02,1.0,1.10546,1.09912,0.36364,0.17778,"[0.0, 0.0, 0.53333]",184,1.10546,1.09912,0.36364,0.17778,"[0.0, 0.0, 0.53333]",184,STOPPED,59.726
319,20260107_010256,gaitset_62steps_concat.csv,Preset_14,Transformer,42,"[640, 640, 640, 640]",8,4,1024,0.3,relu,postnorm,learned,mean,False,0.0001,5e-05,32,SGD,0.9,L2,768,62,[0.68794326 2.1920904  0.91725768],0.02,1.0,1.10842,1.09624,0.47727,0.21538,"[0.64615, 0.0, 0.0]",185,1.10842,1.09624,0.47727,0.21538,"[0.64615, 0.0, 0.0]",185,STOPPED,88.2
320,20260107_010256,gln_93steps_concat.csv,Preset_14,Transformer,42,"[640, 640, 640, 640]",8,4,1024,0.3,relu,postnorm,learned,mean,False,0.0001,5e-05,32,SGD,0.9,L2,512,93,[0.68794326 2.1920904  0.91725768],0.02,1.0,1.10439,1.1017,0.15909,0.0915,"[0.0, 0.27451, 0.0]",180,1.10439,1.1017,0.15909,0.0915,"[0.0, 0.27451, 0.0]",180,STOPPED,116.488

321,20260107_010256,baseline_31steps_concat.csv,Preset_15,Transformer,42,"[256, 256, 512, 512]",4,4,512,0.05,leakyrelu,prenorm,sinusoidal,mean,False,0.0001,1e-06,96,AdamW,0.0,minmax,512,31,[0.68794326 2.1920904  0.91725768],0.02,1.0,0.10952,2.66137,0.40909,0.3763,"[0.46512, 0.25, 0.41379]",548,0.29451,2.51757,0.47727,0.43049,"[0.55814, 0.26667, 0.46667]",537,COMPLETED,87.933
322,20260107_010256,gaitgl_64steps_concat.csv,Preset_15,Transformer,42,"[256, 256, 512, 512]",4,4,512,0.05,leakyrelu,prenorm,sinusoidal,mean,False,0.0001,1e-06,96,AdamW,0.0,minmax,768,64,[0.68794326 2.1920904  0.91725768],0.02,1.0,0.1213,3.50355,0.29545,0.29167,"[0.25, 0.25, 0.375]",513,0.57793,1.32307,0.45455,0.4453,"[0.3125, 0.44444, 0.57895]",262,COMPLETED,135.645
323,20260107_010256,gaitpart_16steps_concat.csv,Preset_15,Transformer,42,"[256, 256, 512, 512]",4,4,512,0.05,leakyrelu,prenorm,sinusoidal,mean,False,0.0001,1e-06,96,AdamW,0.0,minmax,512,16,[0.68794326 2.1920904  0.91725768],0.02,1.0,0.13808,2.21287,0.47727,0.4846,"[0.53333, 0.54545, 0.375]",746,0.20402,1.61736,0.63636,0.60614,"[0.71698, 0.66667, 0.43478]",721,COMPLETED,103.882
324,20260107_010256,gaitset_62steps_concat.csv,Preset_15,Transformer,42,"[256, 256, 512, 512]",4,4,512,0.05,leakyrelu,prenorm,sinusoidal,mean,False,0.0001,1e-06,96,AdamW,0.0,minmax,768,62,[0.68794326 2.1920904  0.91725768],0.02,1.0,1.11152,1.06226,0.36364,0.17778,"[0.0, 0.0, 0.53333]",176,1.11152,1.06226,0.36364,0.17778,"[0.0, 0.0, 0.53333]",176,STOPPED,45.222
325,20260107_010256,gln_93steps_concat.csv,Preset_15,Transformer,42,"[256, 256, 512, 512]",4,4,512,0.05,leakyrelu,prenorm,sinusoidal,mean,False,0.0001,1e-06,96,AdamW,0.0,minmax,512,93,[0.68794326 2.1920904  0.91725768],0.02,1.0,1.10805,1.13611,0.36364,0.17778,"[0.0, 0.0, 0.53333]",146,1.10805,1.13611,0.36364,0.17778,"[0.0, 0.0, 0.53333]",146,STOPPED,51.886

326,20260107_010256,baseline_31steps_concat.csv,Preset_16,Transformer,42,"[768, 384]",24,2,768,0.1,gelu,prenorm,learned,cls,True,2e-05,1e-06,32,AdamW,0.0,L2,512,31,[0.68794326 2.1920904  0.91725768],0.02,1.0,0.11364,2.7022,0.45455,0.38889,"[0.5, 0.16667, 0.5]",1705,0.43655,2.33894,0.61364,0.56876,"[0.68421, 0.375, 0.64706]",1048,COMPLETED,419.37
327,20260107_010256,gaitgl_64steps_concat.csv,Preset_16,Transformer,42,"[768, 384]",24,2,768,0.1,gelu,prenorm,learned,cls,True,2e-05,1e-06,32,AdamW,0.0,L2,768,64,[0.68794326 2.1920904  0.91725768],0.02,1.0,0.13409,2.33626,0.52273,0.42906,"[0.66667, 0.15385, 0.46667]",1109,0.3679,1.55373,0.61364,0.51409,"[0.69767, 0.25, 0.59459]",718,COMPLETED,416.83
328,20260107_010256,gaitpart_16steps_concat.csv,Preset_16,Transformer,42,"[768, 384]",24,2,768,0.1,gelu,prenorm,learned,cls,True,2e-05,1e-06,32,AdamW,0.0,L2,512,16,[0.68794326 2.1920904  0.91725768],0.02,1.0,1.10955,1.11424,0.15909,0.0915,"[0.0, 0.27451, 0.0]",191,1.10955,1.11424,0.15909,0.0915,"[0.0, 0.27451, 0.0]",191,STOPPED,42.172
329,20260107_010256,gaitset_62steps_concat.csv,Preset_16,Transformer,42,"[768, 384]",24,2,768,0.1,gelu,prenorm,learned,cls,True,2e-05,1e-06,32,AdamW,0.0,L2,768,62,[0.68794326 2.1920904  0.91725768],0.02,1.0,0.44544,2.48624,0.36364,0.32912,"[0.47619, 0.23529, 0.27586]",1512,0.63291,1.54365,0.5,0.42877,"[0.5, 0.22222, 0.5641]",1280,STOPPED,541.383
330,20260107_010256,gln_93steps_concat.csv,Preset_16,Transformer,42,"[768, 384]",24,2,768,0.1,gelu,prenorm,learned,cls,True,2e-05,1e-06,32,AdamW,0.0,L2,512,93,[0.68794326 2.1920904  0.91725768],0.02,1.0,0.15947,2.46985,0.47727,0.36842,"[0.52632, 0.0, 0.57895]",1804,0.64246,1.37125,0.56818,0.50798,"[0.58824, 0.28571, 0.65]",633,STOPPED,857.526

331,20260107_010256,baseline_31steps_concat.csv,Preset_17,Transformer,42,[320],5,1,640,0.15,mish,postnorm,learned,mean,False,9e-05,1e-06,128,Adam,0.0,minmax,512,31,[0.68794326 2.1920904  0.91725768],0.02,1.0,1.10483,1.08154,0.47727,0.21538,"[0.64615, 0.0, 0.0]",192,1.10483,1.08154,0.47727,0.21538,"[0.64615, 0.0, 0.0]",192,STOPPED,12.993
332,20260107_010256,gaitgl_64steps_concat.csv,Preset_17,Transformer,42,[320],5,1,640,0.15,mish,postnorm,learned,mean,False,9e-05,1e-06,128,Adam,0.0,minmax,768,64,[0.68794326 2.1920904  0.91725768],0.02,1.0,1.10603,1.08174,0.47727,0.21538,"[0.64615, 0.0, 0.0]",319,1.10603,1.08174,0.47727,0.21538,"[0.64615, 0.0, 0.0]",319,STOPPED,39.401
333,20260107_010256,gaitpart_16steps_concat.csv,Preset_17,Transformer,42,[320],5,1,640,0.15,mish,postnorm,learned,mean,False,9e-05,1e-06,128,Adam,0.0,minmax,512,16,[0.68794326 2.1920904  0.91725768],0.02,1.0,0.99342,1.83525,0.5,0.425,"[0.5, 0.125, 0.65]",1863,0.53396,2.94009,0.54545,0.50377,"[0.6383, 0.42857, 0.44444]",1332,STOPPED,108.143
334,20260107_010256,gaitset_62steps_concat.csv,Preset_17,Transformer,42,[320],5,1,640,0.15,mish,postnorm,learned,mean,False,9e-05,1e-06,128,Adam,0.0,minmax,768,62,[0.68794326 2.1920904  0.91725768],0.02,1.0,1.10521,1.09506,0.36364,0.17778,"[0.0, 0.0, 0.53333]",187,1.10521,1.09506,0.36364,0.17778,"[0.0, 0.0, 0.53333]",187,STOPPED,22.839
335,20260107_010256,gln_93steps_concat.csv,Preset_17,Transformer,42,[320],5,1,640,0.15,mish,postnorm,learned,mean,False,9e-05,1e-06,128,Adam,0.0,minmax,512,93,[0.68794326 2.1920904  0.91725768],0.02,1.0,1.10945,1.07126,0.47727,0.21538,"[0.64615, 0.0, 0.0]",223,1.10945,1.07126,0.47727,0.21538,"[0.64615, 0.0, 0.0]",223,STOPPED,33.042

336,20260107_010256,baseline_31steps_concat.csv,Preset_18,Transformer,42,"[896, 896]",32,2,1152,0.1,gelu,prenorm,sinusoidal,max,False,2e-05,1e-06,24,AdamW,0.0,L2,512,31,[0.68794326 2.1920904  0.91725768],0.02,1.0,1.11136,1.12053,0.15909,0.0915,"[0.0, 0.27451, 0.0]",179,1.11136,1.12053,0.15909,0.0915,"[0.0, 0.27451, 0.0]",179,STOPPED,62.449
337,20260107_010256,gaitgl_64steps_concat.csv,Preset_18,Transformer,42,"[896, 896]",32,2,1152,0.1,gelu,prenorm,sinusoidal,max,False,2e-05,1e-06,24,AdamW,0.0,L2,768,64,[0.68794326 2.1920904  0.91725768],0.02,1.0,1.11257,1.16273,0.15909,0.0915,"[0.0, 0.27451, 0.0]",196,1.11257,1.16273,0.15909,0.0915,"[0.0, 0.27451, 0.0]",196,STOPPED,101.803
338,20260107_010256,gaitpart_16steps_concat.csv,Preset_18,Transformer,42,"[896, 896]",32,2,1152,0.1,gelu,prenorm,sinusoidal,max,False,2e-05,1e-06,24,AdamW,0.0,L2,512,16,[0.68794326 2.1920904  0.91725768],0.02,1.0,1.11391,1.04289,0.47727,0.21538,"[0.64615, 0.0, 0.0]",329,1.11391,1.04289,0.47727,0.21538,"[0.64615, 0.0, 0.0]",329,STOPPED,100.455
339,20260107_010256,gaitset_62steps_concat.csv,Preset_18,Transformer,42,"[896, 896]",32,2,1152,0.1,gelu,prenorm,sinusoidal,max,False,2e-05,1e-06,24,AdamW,0.0,L2,768,62,[0.68794326 2.1920904  0.91725768],0.02,1.0,1.1153,1.08286,0.47727,0.21538,"[0.64615, 0.0, 0.0]",183,1.1153,1.08286,0.47727,0.21538,"[0.64615, 0.0, 0.0]",183,STOPPED,93.202
340,20260107_010256,gln_93steps_concat.csv,Preset_18,Transformer,42,"[896, 896]",32,2,1152,0.1,gelu,prenorm,sinusoidal,max,False,2e-05,1e-06,24,AdamW,0.0,L2,512,93,[0.68794326 2.1920904  0.91725768],0.02,1.0,0.11422,3.55374,0.45455,0.37083,"[0.5625, 0.0, 0.55]",993,0.73476,2.87265,0.52273,0.38867,"[0.58824, 0.0, 0.57778]",943,COMPLETED,741.057

341,20260107_010256,baseline_31steps_concat.csv,Preset_19,Transformer,42,"[256, 512, 768, 1024]",8,4,1536,0.1,silu,prenorm,learned,mean,False,3e-05,1e-06,32,AdamW,0.0,L2,512,31,[0.68794326 2.1920904  0.91725768],0.02,1.0,0.74098,2.25395,0.43182,0.39167,"[0.375, 0.25, 0.55]",1011,0.74533,1.56661,0.54545,0.52605,"[0.59459, 0.42105, 0.5625]",405,STOPPED,442.895
342,20260107_010256,gaitgl_64steps_concat.csv,Preset_19,Transformer,42,"[256, 512, 768, 1024]",8,4,1536,0.1,silu,prenorm,learned,mean,False,3e-05,1e-06,32,AdamW,0.0,L2,768,64,[0.68794326 2.1920904  0.91725768],0.02,1.0,0.13109,2.60852,0.45455,0.35514,"[0.57895, 0.0, 0.48649]",1478,0.21855,2.08926,0.52273,0.43875,"[0.68293, 0.13333, 0.5]",1131,COMPLETED,902.299
343,20260107_010256,gaitpart_16steps_concat.csv,Preset_19,Transformer,42,"[256, 512, 768, 1024]",8,4,1536,0.1,silu,prenorm,learned,mean,False,3e-05,1e-06,32,AdamW,0.0,L2,512,16,[0.68794326 2.1920904  0.91725768],0.02,1.0,1.10615,1.08873,0.47727,0.21538,"[0.64615, 0.0, 0.0]",138,1.10615,1.08873,0.47727,0.21538,"[0.64615, 0.0, 0.0]",138,STOPPED,53.776
344,20260107_010256,gaitset_62steps_concat.csv,Preset_19,Transformer,42,"[256, 512, 768, 1024]",8,4,1536,0.1,silu,prenorm,learned,mean,False,3e-05,1e-06,32,AdamW,0.0,L2,768,62,[0.68794326 2.1920904  0.91725768],0.02,1.0,1.10566,1.09775,0.47727,0.21538,"[0.64615, 0.0, 0.0]",176,1.10566,1.09775,0.47727,0.21538,"[0.64615, 0.0, 0.0]",176,STOPPED,104.634
345,20260107_010256,gln_93steps_concat.csv,Preset_19,Transformer,42,"[256, 512, 768, 1024]",8,4,1536,0.1,silu,prenorm,learned,mean,False,3e-05,1e-06,32,AdamW,0.0,L2,512,93,[0.68794326 2.1920904  0.91725768],0.02,1.0,0.30811,2.65083,0.34091,0.29667,"[0.43902, 0.11765, 0.33333]",1093,0.68023,2.64642,0.47727,0.47168,"[0.47059, 0.44444, 0.5]",968,STOPPED,871.035

346,20260107_010256,baseline_31steps_concat.csv,Preset_20,Transformer,42,"[512, 256]",2,2,512,0.25,elu,postnorm,sinusoidal,mean,False,7e-05,1e-06,64,Adam,0.0,minmax,512,31,[0.68794326 2.1920904  0.91725768],0.02,1.0,0.12392,3.02462,0.43182,0.4046,"[0.47368, 0.30769, 0.43243]",944,0.66205,1.6499,0.52273,0.50095,"[0.55814, 0.42857, 0.51613]",205,COMPLETED,122.298
347,20260107_010256,gaitgl_64steps_concat.csv,Preset_20,Transformer,42,"[512, 256]",2,2,512,0.25,elu,postnorm,sinusoidal,mean,False,7e-05,1e-06,64,Adam,0.0,minmax,768,64,[0.68794326 2.1920904  0.91725768],0.02,1.0,0.12231,3.57069,0.40909,0.32715,"[0.59574, 0.1, 0.28571]",344,0.63347,2.72575,0.38636,0.36715,"[0.51282, 0.15385, 0.43478]",176,COMPLETED,63.034
348,20260107_010256,gaitpart_16steps_concat.csv,Preset_20,Transformer,42,"[512, 256]",2,2,512,0.25,elu,postnorm,sinusoidal,mean,False,7e-05,1e-06,64,Adam,0.0,minmax,512,16,[0.68794326 2.1920904  0.91725768],0.02,1.0,0.94899,2.51125,0.5,0.47944,"[0.55814, 0.42857, 0.45161]",912,0.33345,2.37277,0.54545,0.54295,"[0.58824, 0.52632, 0.51429]",776,STOPPED,106.372
349,20260107_010256,gaitset_62steps_concat.csv,Preset_20,Transformer,42,"[512, 256]",2,2,512,0.25,elu,postnorm,sinusoidal,mean,False,7e-05,1e-06,64,Adam,0.0,minmax,768,62,[0.68794326 2.1920904  0.91725768],0.02,1.0,0.26091,2.60623,0.27273,0.22686,"[0.0, 0.2069, 0.47368]",629,0.65119,1.8152,0.52273,0.48312,"[0.57143, 0.36364, 0.51429]",240,STOPPED,113.989
350,20260107_010256,gln_93steps_concat.csv,Preset_20,Transformer,42,"[512, 256]",2,2,512,0.25,elu,postnorm,sinusoidal,mean,False,7e-05,1e-06,64,Adam,0.0,minmax,512,93,[0.68794326 2.1920904  0.91725768],0.02,1.0,0.26627,1.44193,0.45455,0.31979,"[0.59574, 0.0, 0.36364]",1181,0.73287,1.29304,0.5,0.4286,"[0.56522, 0.25, 0.47059]",495,STOPPED,251.839
