id,timestamp,target_embedding,top_variant,source_params,model,seed,model_dims,num_heads,num_layers,dim_feedforward,dropout,activation,norm_type,pos_encoding,pooling,use_cls_token,lr,weight_decay,batch_size,optimizer,momentum_sgd,norm,input_dim,max_seq_len,class_weights,label_smoothing,clip_grad_norm,train_loss,test_loss,accuracy,f1_macro,f1_per_class,epochs_trained,train_loss_best_state,test_loss_best_state,best_accuracy,best_f1,best_f1_per_class,best_epoch,training,duration_sec
430,20251228_200950,baseline_CASIAB_TOP30.csv,30%,Preset_1,Transformer,42,"[512, 512, 512]",8,3,1024,0.1,mish,prenorm,learned,cls,True,7e-05,5e-06,48,AdamW,0.0,,256,10,[0.68794326 2.1920904  0.91725768],0.02,1.0,0.13345,1.99117,0.54545,0.48611,"[0.625, 0.33333, 0.5]",771,0.13825,2.08624,0.56818,0.52139,"[0.65306, 0.44444, 0.46667]",569,COMPLETED,147.287
431,20251228_200950,baseline_OUMVLP_TOP30.csv,30%,Preset_1,Transformer,42,"[512, 512, 512]",8,3,1024,0.1,mish,prenorm,learned,cls,True,7e-05,5e-06,48,AdamW,0.0,,256,10,[0.68794326 2.1920904  0.91725768],0.02,1.0,0.13587,2.43926,0.5,0.41852,"[0.62222, 0.13333, 0.5]",600,0.19385,1.92441,0.61364,0.57222,"[0.65, 0.4, 0.66667]",460,COMPLETED,103.364
434,20251228_200950,gaitgl_GREW_BNNeck_TOP30.csv,30%,Preset_1,Transformer,42,"[512, 512, 512]",8,3,1024,0.1,mish,prenorm,learned,cls,True,7e-05,5e-06,48,AdamW,0.0,,256,20,[0.68794326 2.1920904  0.91725768],0.02,1.0,0.14959,2.51293,0.47727,0.42554,"[0.59091, 0.28571, 0.4]",704,0.14674,2.13083,0.54545,0.42778,"[0.66667, 0.2, 0.41667]",664,COMPLETED,126.908
433,20251228_200950,gaitgl_GREW_TOP30.csv,30%,Preset_1,Transformer,42,"[512, 512, 512]",8,3,1024,0.1,mish,prenorm,learned,cls,True,7e-05,5e-06,48,AdamW,0.0,,256,20,[0.68794326 2.1920904  0.91725768],0.02,1.0,0.13547,1.67064,0.47727,0.43381,"[0.55, 0.23529, 0.51613]",28,0.21946,1.60557,0.59091,0.49239,"[0.65217, 0.2, 0.625]",16,COMPLETED,5.017
435,20251228_200950,gaitgl_OUMVLP_TOP30.csv,30%,Preset_1,Transformer,42,"[512, 512, 512]",8,3,1024,0.1,mish,prenorm,learned,cls,True,7e-05,5e-06,48,AdamW,0.0,,256,20,[0.68794326 2.1920904  0.91725768],0.02,1.0,0.14395,1.89611,0.56818,0.47001,"[0.64151, 0.25, 0.51852]",141,0.14395,1.89611,0.56818,0.47001,"[0.64151, 0.25, 0.51852]",141,COMPLETED,25.597
432,20251228_200950,gaitgl_TOP30.csv,30%,Preset_1,Transformer,42,"[512, 512, 512]",8,3,1024,0.1,mish,prenorm,learned,cls,True,7e-05,5e-06,48,AdamW,0.0,,128,20,[0.68794326 2.1920904  0.91725768],0.02,1.0,0.14584,1.63941,0.59091,0.42735,"[0.61538, 0.0, 0.66667]",45,0.17946,1.8494,0.5,0.46804,"[0.64865, 0.27273, 0.48276]",32,COMPLETED,7.844
436,20251228_200950,gaitpart_GREW_TOP30.csv,30%,Preset_1,Transformer,42,"[512, 512, 512]",8,3,1024,0.1,mish,prenorm,learned,cls,True,7e-05,5e-06,48,AdamW,0.0,,256,5,[0.68794326 2.1920904  0.91725768],0.02,1.0,0.27704,2.57255,0.45455,0.44444,"[0.42424, 0.36364, 0.54545]",912,0.37632,1.75125,0.54545,0.5,"[0.59091, 0.36364, 0.54545]",697,STOPPED,159.353
437,20251228_200950,gaitpart_OUMVLP_TOP30.csv,30%,Preset_1,Transformer,42,"[512, 512, 512]",8,3,1024,0.1,mish,prenorm,learned,cls,True,7e-05,5e-06,48,AdamW,0.0,,256,5,[0.68794326 2.1920904  0.91725768],0.02,1.0,0.13715,1.88762,0.56818,0.47774,"[0.60465, 0.2, 0.62857]",1055,0.15303,1.57935,0.68182,0.6492,"[0.71795, 0.54545, 0.68421]",960,STOPPED,184.242
439,20251228_200950,gaitset_GREW_TOP30.csv,30%,Preset_1,Transformer,42,"[512, 512, 512]",8,3,1024,0.1,mish,prenorm,learned,cls,True,7e-05,5e-06,48,AdamW,0.0,,256,19,[0.68794326 2.1920904  0.91725768],0.02,1.0,0.12921,2.59596,0.40909,0.2656,"[0.56604, 0.0, 0.23077]",506,0.18863,2.74626,0.5,0.43894,"[0.63636, 0.26667, 0.41379]",374,COMPLETED,90.937
440,20251228_200950,gaitset_OUMVLP_TOP30.csv,30%,Preset_1,Transformer,42,"[512, 512, 512]",8,3,1024,0.1,mish,prenorm,learned,cls,True,7e-05,5e-06,48,AdamW,0.0,,256,19,[0.68794326 2.1920904  0.91725768],0.02,1.0,0.14214,3.42668,0.34091,0.31366,"[0.26667, 0.23529, 0.43902]",603,0.19187,2.48983,0.52273,0.43809,"[0.6087, 0.15385, 0.55172]",449,COMPLETED,108.893
438,20251228_200950,gaitset_TOP30.csv,30%,Preset_1,Transformer,42,"[512, 512, 512]",8,3,1024,0.1,mish,prenorm,learned,cls,True,7e-05,5e-06,48,AdamW,0.0,,256,19,[0.68794326 2.1920904  0.91725768],0.02,1.0,0.14346,1.9872,0.54545,0.48777,"[0.63415, 0.26667, 0.5625]",528,0.22916,2.41565,0.5,0.48884,"[0.5, 0.42105, 0.54545]",374,COMPLETED,94.864
441,20251228_200950,gln_phase1_TOP30.csv,30%,Preset_1,Transformer,42,"[512, 512, 512]",8,3,1024,0.1,mish,prenorm,learned,cls,True,7e-05,5e-06,48,AdamW,0.0,,256,28,[0.68794326 2.1920904  0.91725768],0.02,1.0,0.13231,2.84173,0.40909,0.33256,"[0.51282, 0.0, 0.48485]",338,0.15885,2.35215,0.52273,0.44635,"[0.59459, 0.13333, 0.61111]",296,COMPLETED,62.719
442,20251228_200950,gln_phase2_TOP30.csv,30%,Preset_1,Transformer,42,"[512, 512, 512]",8,3,1024,0.1,mish,prenorm,learned,cls,True,7e-05,5e-06,48,AdamW,0.0,,256,28,[0.68794326 2.1920904  0.91725768],0.02,1.0,0.12728,2.47273,0.40909,0.29952,"[0.33333, 0.0, 0.56522]",413,0.61774,1.35926,0.52273,0.49972,"[0.47059, 0.42857, 0.6]",126,COMPLETED,76.165
391,20251228_200950,baseline_CASIAB_TOP30.csv,30%,Preset_2,Transformer,42,"[256, 384, 512]",16,3,768,0.1,gelu,prenorm,learned,cls,True,0.0001,1e-06,80,AdamW,0.0,L2,256,10,[0.68794326 2.1920904  0.91725768],0.02,1.0,0.14018,3.25896,0.29545,0.23175,"[0.42857, 0.0, 0.26667]",1064,0.3102,1.88192,0.47727,0.40794,"[0.52381, 0.2, 0.5]",743,COMPLETED,112.871
392,20251228_200950,baseline_OUMVLP_TOP30.csv,30%,Preset_2,Transformer,42,"[256, 384, 512]",16,3,768,0.1,gelu,prenorm,learned,cls,True,0.0001,1e-06,80,AdamW,0.0,L2,256,10,[0.68794326 2.1920904  0.91725768],0.02,1.0,0.14987,2.20729,0.43182,0.43095,"[0.46512, 0.47059, 0.35714]",1501,0.67364,1.09263,0.59091,0.597,"[0.58537, 0.625, 0.58065]",557,COMPLETED,169.095
395,20251228_200950,gaitgl_GREW_BNNeck_TOP30.csv,30%,Preset_2,Transformer,42,"[256, 384, 512]",16,3,768,0.1,gelu,prenorm,learned,cls,True,0.0001,1e-06,80,AdamW,0.0,L2,256,20,[0.68794326 2.1920904  0.91725768],0.02,1.0,1.11334,1.10016,0.47727,0.21538,"[0.64615, 0.0, 0.0]",114,1.11334,1.10016,0.47727,0.21538,"[0.64615, 0.0, 0.0]",114,STOPPED,14.513
394,20251228_200950,gaitgl_GREW_TOP30.csv,30%,Preset_2,Transformer,42,"[256, 384, 512]",16,3,768,0.1,gelu,prenorm,learned,cls,True,0.0001,1e-06,80,AdamW,0.0,L2,256,20,[0.68794326 2.1920904  0.91725768],0.02,1.0,0.11849,2.47204,0.47727,0.42489,"[0.59091, 0.22222, 0.46154]",633,0.14881,2.28673,0.56818,0.51209,"[0.62857, 0.30769, 0.6]",567,COMPLETED,79.065
396,20251228_200950,gaitgl_OUMVLP_TOP30.csv,30%,Preset_2,Transformer,42,"[256, 384, 512]",16,3,768,0.1,gelu,prenorm,learned,cls,True,0.0001,1e-06,80,AdamW,0.0,L2,256,20,[0.68794326 2.1920904  0.91725768],0.02,1.0,1.11238,1.11519,0.15909,0.0915,"[0.0, 0.27451, 0.0]",165,1.11238,1.11519,0.15909,0.0915,"[0.0, 0.27451, 0.0]",165,STOPPED,20.609
393,20251228_200950,gaitgl_TOP30.csv,30%,Preset_2,Transformer,42,"[256, 384, 512]",16,3,768,0.1,gelu,prenorm,learned,cls,True,0.0001,1e-06,80,AdamW,0.0,L2,128,20,[0.68794326 2.1920904  0.91725768],0.02,1.0,0.12029,2.40552,0.43182,0.37172,"[0.47619, 0.18182, 0.45714]",778,0.36082,1.79661,0.61364,0.52687,"[0.71698, 0.36364, 0.5]",765,COMPLETED,92.129
397,20251228_200950,gaitpart_GREW_TOP30.csv,30%,Preset_2,Transformer,42,"[256, 384, 512]",16,3,768,0.1,gelu,prenorm,learned,cls,True,0.0001,1e-06,80,AdamW,0.0,L2,256,5,[0.68794326 2.1920904  0.91725768],0.02,1.0,0.13898,2.35395,0.52273,0.46157,"[0.66667, 0.23529, 0.48276]",1375,0.21059,1.86968,0.61364,0.53418,"[0.7234, 0.30769, 0.57143]",1257,COMPLETED,150.547
398,20251228_200950,gaitpart_OUMVLP_TOP30.csv,30%,Preset_2,Transformer,42,"[256, 384, 512]",16,3,768,0.1,gelu,prenorm,learned,cls,True,0.0001,1e-06,80,AdamW,0.0,L2,256,5,[0.68794326 2.1920904  0.91725768],0.02,1.0,1.10933,1.07358,0.47727,0.21538,"[0.64615, 0.0, 0.0]",134,1.10933,1.07358,0.47727,0.21538,"[0.64615, 0.0, 0.0]",134,STOPPED,14.56
400,20251228_200950,gaitset_GREW_TOP30.csv,30%,Preset_2,Transformer,42,"[256, 384, 512]",16,3,768,0.1,gelu,prenorm,learned,cls,True,0.0001,1e-06,80,AdamW,0.0,L2,256,19,[0.68794326 2.1920904  0.91725768],0.02,1.0,0.61754,2.39921,0.40909,0.39394,"[0.54545, 0.27273, 0.36364]",1188,0.7191,1.4415,0.52273,0.49055,"[0.63415, 0.4, 0.4375]",376,STOPPED,146.627
401,20251228_200950,gaitset_OUMVLP_TOP30.csv,30%,Preset_2,Transformer,42,"[256, 384, 512]",16,3,768,0.1,gelu,prenorm,learned,cls,True,0.0001,1e-06,80,AdamW,0.0,L2,256,19,[0.68794326 2.1920904  0.91725768],0.02,1.0,1.10447,1.09073,0.36364,0.17778,"[0.0, 0.0, 0.53333]",184,1.10447,1.09073,0.36364,0.17778,"[0.0, 0.0, 0.53333]",184,STOPPED,22.625
399,20251228_200950,gaitset_TOP30.csv,30%,Preset_2,Transformer,42,"[256, 384, 512]",16,3,768,0.1,gelu,prenorm,learned,cls,True,0.0001,1e-06,80,AdamW,0.0,L2,256,19,[0.68794326 2.1920904  0.91725768],0.02,1.0,0.14955,2.68563,0.36364,0.30307,"[0.5, 0.13333, 0.27586]",830,0.23722,2.49807,0.47727,0.4299,"[0.57143, 0.26667, 0.45161]",725,COMPLETED,102.136
402,20251228_200950,gln_phase1_TOP30.csv,30%,Preset_2,Transformer,42,"[256, 384, 512]",16,3,768,0.1,gelu,prenorm,learned,cls,True,0.0001,1e-06,80,AdamW,0.0,L2,256,28,[0.68794326 2.1920904  0.91725768],0.02,1.0,0.138,1.7839,0.61364,0.56093,"[0.63415, 0.4, 0.64865]",1096,0.15494,1.5397,0.61364,0.58709,"[0.59459, 0.5, 0.66667]",1032,COMPLETED,148.855
403,20251228_200950,gln_phase2_TOP30.csv,30%,Preset_2,Transformer,42,"[256, 384, 512]",16,3,768,0.1,gelu,prenorm,learned,cls,True,0.0001,1e-06,80,AdamW,0.0,L2,256,28,[0.68794326 2.1920904  0.91725768],0.02,1.0,0.14193,2.71867,0.45455,0.39122,"[0.4, 0.125, 0.64865]",987,0.6686,1.35159,0.56818,0.47132,"[0.64, 0.22222, 0.55172]",303,COMPLETED,133.871
313,20251228_200950,baseline_CASIAB_TOP30.csv,30%,Preset_3,Transformer,42,"[320, 480, 640]",8,3,960,0.15,gelu,prenorm,learned,mean,False,7e-05,1e-06,48,AdamW,0.0,,256,10,[0.68794326 2.1920904  0.91725768],0.02,1.0,0.11329,2.42304,0.45455,0.44955,"[0.5, 0.46154, 0.3871]",555,0.14137,2.06315,0.54545,0.53596,"[0.59574, 0.54545, 0.46667]",554,COMPLETED,106.839
314,20251228_200950,baseline_OUMVLP_TOP30.csv,30%,Preset_3,Transformer,42,"[320, 480, 640]",8,3,960,0.15,gelu,prenorm,learned,mean,False,7e-05,1e-06,48,AdamW,0.0,,256,10,[0.68794326 2.1920904  0.91725768],0.02,1.0,0.1478,2.15282,0.5,0.35945,"[0.47368, 0.0, 0.60465]",675,0.16293,1.97669,0.61364,0.51251,"[0.66667, 0.22222, 0.64865]",506,COMPLETED,130.108
317,20251228_200950,gaitgl_GREW_BNNeck_TOP30.csv,30%,Preset_3,Transformer,42,"[320, 480, 640]",8,3,960,0.15,gelu,prenorm,learned,mean,False,7e-05,1e-06,48,AdamW,0.0,,256,20,[0.68794326 2.1920904  0.91725768],0.02,1.0,0.12833,3.25588,0.34091,0.3,"[0.4, 0.125, 0.375]",746,0.27675,2.31561,0.54545,0.42294,"[0.65517, 0.25, 0.36364]",632,COMPLETED,151.556
316,20251228_200950,gaitgl_GREW_TOP30.csv,30%,Preset_3,Transformer,42,"[320, 480, 640]",8,3,960,0.15,gelu,prenorm,learned,mean,False,7e-05,1e-06,48,AdamW,0.0,,256,20,[0.68794326 2.1920904  0.91725768],0.02,1.0,0.12288,2.0498,0.47727,0.40895,"[0.52941, 0.13333, 0.5641]",36,0.52846,1.4659,0.5,0.47239,"[0.53333, 0.27273, 0.61111]",16,COMPLETED,7.357
318,20251228_200950,gaitgl_OUMVLP_TOP30.csv,30%,Preset_3,Transformer,42,"[320, 480, 640]",8,3,960,0.15,gelu,prenorm,learned,mean,False,7e-05,1e-06,48,AdamW,0.0,,256,20,[0.68794326 2.1920904  0.91725768],0.02,1.0,0.13963,2.64418,0.38636,0.22222,"[0.5614, 0.0, 0.10526]",136,0.46164,1.93608,0.54545,0.48989,"[0.57143, 0.26667, 0.63158]",68,COMPLETED,27.638
315,20251228_200950,gaitgl_TOP30.csv,30%,Preset_3,Transformer,42,"[320, 480, 640]",8,3,960,0.15,gelu,prenorm,learned,mean,False,7e-05,1e-06,48,AdamW,0.0,,128,20,[0.68794326 2.1920904  0.91725768],0.02,1.0,0.11446,1.77321,0.36364,0.31667,"[0.45, 0.125, 0.375]",49,0.49794,1.61433,0.5,0.46327,"[0.58824, 0.44444, 0.35714]",19,COMPLETED,9.563
319,20251228_200950,gaitpart_GREW_TOP30.csv,30%,Preset_3,Transformer,42,"[320, 480, 640]",8,3,960,0.15,gelu,prenorm,learned,mean,False,7e-05,1e-06,48,AdamW,0.0,,256,5,[0.68794326 2.1920904  0.91725768],0.02,1.0,0.23975,2.18156,0.5,0.42924,"[0.64, 0.375, 0.27273]",816,0.44999,1.27841,0.63636,0.60942,"[0.71429, 0.53333, 0.58065]",417,STOPPED,156.905
320,20251228_200950,gaitpart_OUMVLP_TOP30.csv,30%,Preset_3,Transformer,42,"[320, 480, 640]",8,3,960,0.15,gelu,prenorm,learned,mean,False,7e-05,1e-06,48,AdamW,0.0,,256,5,[0.68794326 2.1920904  0.91725768],0.02,1.0,0.13164,2.18287,0.45455,0.41722,"[0.54054, 0.26667, 0.44444]",1002,0.218,1.23709,0.65909,0.61675,"[0.74419, 0.5, 0.60606]",939,COMPLETED,192.418
322,20251228_200950,gaitset_GREW_TOP30.csv,30%,Preset_3,Transformer,42,"[320, 480, 640]",8,3,960,0.15,gelu,prenorm,learned,mean,False,7e-05,1e-06,48,AdamW,0.0,,256,19,[0.68794326 2.1920904  0.91725768],0.02,1.0,0.12232,2.77999,0.45455,0.41064,"[0.59091, 0.33333, 0.30769]",579,0.72487,1.38157,0.56818,0.48652,"[0.67925, 0.36364, 0.41667]",125,COMPLETED,117.721
323,20251228_200950,gaitset_OUMVLP_TOP30.csv,30%,Preset_3,Transformer,42,"[320, 480, 640]",8,3,960,0.15,gelu,prenorm,learned,mean,False,7e-05,1e-06,48,AdamW,0.0,,256,19,[0.68794326 2.1920904  0.91725768],0.02,1.0,0.13231,2.69146,0.45455,0.3886,"[0.59574, 0.22222, 0.34783]",777,0.45535,2.38805,0.56818,0.4697,"[0.54545, 0.18182, 0.68182]",732,COMPLETED,156.941
321,20251228_200950,gaitset_TOP30.csv,30%,Preset_3,Transformer,42,"[320, 480, 640]",8,3,960,0.15,gelu,prenorm,learned,mean,False,7e-05,1e-06,48,AdamW,0.0,,256,19,[0.68794326 2.1920904  0.91725768],0.02,1.0,0.13155,3.9006,0.25,0.23988,"[0.31579, 0.15385, 0.25]",528,0.46937,1.77075,0.5,0.42412,"[0.57778, 0.14286, 0.55172]",278,COMPLETED,106.541
324,20251228_200950,gln_phase1_TOP30.csv,30%,Preset_3,Transformer,42,"[320, 480, 640]",8,3,960,0.15,gelu,prenorm,learned,mean,False,7e-05,1e-06,48,AdamW,0.0,,256,28,[0.68794326 2.1920904  0.91725768],0.02,1.0,0.11625,2.12199,0.52273,0.39203,"[0.60465, 0.0, 0.57143]",347,0.136,2.30797,0.56818,0.47802,"[0.63158, 0.15385, 0.64865]",326,COMPLETED,73.082
325,20251228_200950,gln_phase2_TOP30.csv,30%,Preset_3,Transformer,42,"[320, 480, 640]",8,3,960,0.15,gelu,prenorm,learned,mean,False,7e-05,1e-06,48,AdamW,0.0,,256,28,[0.68794326 2.1920904  0.91725768],0.02,1.0,0.14108,2.15697,0.43182,0.37596,"[0.42857, 0.15385, 0.54545]",443,0.19072,1.90007,0.61364,0.50949,"[0.68, 0.18182, 0.66667]",310,COMPLETED,93.203
482,20251228_200950,baseline_CASIAB_TOP30.csv,30%,Preset_4,Transformer,42,"[640, 480, 320]",8,3,960,0.15,mish,postnorm,sinusoidal,max,False,6e-05,1e-06,32,Adam,0.0,,256,10,[0.68794326 2.1920904  0.91725768],0.02,1.0,0.12945,2.35716,0.36364,0.33556,"[0.43902, 0.21053, 0.35714]",178,0.15775,2.29314,0.52273,0.41103,"[0.66667, 0.18182, 0.38462]",163,COMPLETED,48.818
483,20251228_200950,baseline_OUMVLP_TOP30.csv,30%,Preset_4,Transformer,42,"[640, 480, 320]",8,3,960,0.15,mish,postnorm,sinusoidal,max,False,6e-05,1e-06,32,Adam,0.0,,256,10,[0.68794326 2.1920904  0.91725768],0.02,1.0,0.13398,1.6414,0.43182,0.39746,"[0.47059, 0.23529, 0.48649]",166,0.28328,1.40059,0.59091,0.52941,"[0.66667, 0.33333, 0.58824]",126,COMPLETED,45.343
486,20251228_200950,gaitgl_GREW_BNNeck_TOP30.csv,30%,Preset_4,Transformer,42,"[640, 480, 320]",8,3,960,0.15,mish,postnorm,sinusoidal,max,False,6e-05,1e-06,32,Adam,0.0,,256,20,[0.68794326 2.1920904  0.91725768],0.02,1.0,1.11554,1.07358,0.36364,0.17778,"[0.0, 0.0, 0.53333]",111,1.11554,1.07358,0.36364,0.17778,"[0.0, 0.0, 0.53333]",111,STOPPED,31.514
485,20251228_200950,gaitgl_GREW_TOP30.csv,30%,Preset_4,Transformer,42,"[640, 480, 320]",8,3,960,0.15,mish,postnorm,sinusoidal,max,False,6e-05,1e-06,32,Adam,0.0,,256,20,[0.68794326 2.1920904  0.91725768],0.02,1.0,0.10672,1.40838,0.47727,0.45574,"[0.51429, 0.35294, 0.5]",18,0.14567,1.24371,0.56818,0.51481,"[0.61111, 0.33333, 0.6]",14,COMPLETED,5.147
487,20251228_200950,gaitgl_OUMVLP_TOP30.csv,30%,Preset_4,Transformer,42,"[640, 480, 320]",8,3,960,0.15,mish,postnorm,sinusoidal,max,False,6e-05,1e-06,32,Adam,0.0,,256,20,[0.68794326 2.1920904  0.91725768],0.02,1.0,0.12377,1.70127,0.47727,0.41289,"[0.6, 0.35294, 0.28571]",73,0.14897,1.40451,0.52273,0.47475,"[0.59091, 0.33333, 0.5]",72,COMPLETED,20.844
484,20251228_200950,gaitgl_TOP30.csv,30%,Preset_4,Transformer,42,"[640, 480, 320]",8,3,960,0.15,mish,postnorm,sinusoidal,max,False,6e-05,1e-06,32,Adam,0.0,,128,20,[0.68794326 2.1920904  0.91725768],0.02,1.0,0.11057,1.27805,0.56818,0.50581,"[0.6383, 0.30769, 0.57143]",26,0.11057,1.27805,0.56818,0.50581,"[0.6383, 0.30769, 0.57143]",26,COMPLETED,7.276
488,20251228_200950,gaitpart_GREW_TOP30.csv,30%,Preset_4,Transformer,42,"[640, 480, 320]",8,3,960,0.15,mish,postnorm,sinusoidal,max,False,6e-05,1e-06,32,Adam,0.0,,256,5,[0.68794326 2.1920904  0.91725768],0.02,1.0,0.13452,2.81545,0.43182,0.40311,"[0.48889, 0.33333, 0.3871]",287,0.70036,1.32064,0.56818,0.53498,"[0.65306, 0.58824, 0.36364]",125,COMPLETED,78.634
489,20251228_200950,gaitpart_OUMVLP_TOP30.csv,30%,Preset_4,Transformer,42,"[640, 480, 320]",8,3,960,0.15,mish,postnorm,sinusoidal,max,False,6e-05,1e-06,32,Adam,0.0,,256,5,[0.68794326 2.1920904  0.91725768],0.02,1.0,0.14038,1.50829,0.52273,0.47028,"[0.61538, 0.25, 0.54545]",399,0.51515,1.02103,0.70455,0.65508,"[0.75556, 0.5, 0.70968]",196,COMPLETED,108.942
491,20251228_200950,gaitset_GREW_TOP30.csv,30%,Preset_4,Transformer,42,"[640, 480, 320]",8,3,960,0.15,mish,postnorm,sinusoidal,max,False,6e-05,1e-06,32,Adam,0.0,,256,19,[0.68794326 2.1920904  0.91725768],0.02,1.0,0.13667,3.36,0.36364,0.33184,"[0.39024, 0.10526, 0.5]",325,0.36214,2.35318,0.5,0.45574,"[0.53659, 0.25, 0.58065]",282,COMPLETED,92.137
492,20251228_200950,gaitset_OUMVLP_TOP30.csv,30%,Preset_4,Transformer,42,"[640, 480, 320]",8,3,960,0.15,mish,postnorm,sinusoidal,max,False,6e-05,1e-06,32,Adam,0.0,,256,19,[0.68794326 2.1920904  0.91725768],0.02,1.0,0.1364,1.54853,0.47727,0.44149,"[0.60465, 0.375, 0.34483]",324,0.16389,1.59167,0.54545,0.49887,"[0.65217, 0.4, 0.44444]",297,COMPLETED,91.654
490,20251228_200950,gaitset_TOP30.csv,30%,Preset_4,Transformer,42,"[640, 480, 320]",8,3,960,0.15,mish,postnorm,sinusoidal,max,False,6e-05,1e-06,32,Adam,0.0,,256,19,[0.68794326 2.1920904  0.91725768],0.02,1.0,0.13338,1.76948,0.43182,0.35515,"[0.57778, 0.14286, 0.34483]",179,0.36341,1.35683,0.45455,0.41341,"[0.54545, 0.30769, 0.3871]",124,COMPLETED,50.553
493,20251228_200950,gln_phase1_TOP30.csv,30%,Preset_4,Transformer,42,"[640, 480, 320]",8,3,960,0.15,mish,postnorm,sinusoidal,max,False,6e-05,1e-06,32,Adam,0.0,,256,28,[0.68794326 2.1920904  0.91725768],0.02,1.0,0.13386,1.26773,0.5,0.36525,"[0.59574, 0.0, 0.5]",130,0.21229,1.19217,0.54545,0.49179,"[0.6087, 0.33333, 0.53333]",111,COMPLETED,37.788
494,20251228_200950,gln_phase2_TOP30.csv,30%,Preset_4,Transformer,42,"[640, 480, 320]",8,3,960,0.15,mish,postnorm,sinusoidal,max,False,6e-05,1e-06,32,Adam,0.0,,256,28,[0.68794326 2.1920904  0.91725768],0.02,1.0,0.1467,1.21744,0.52273,0.44108,"[0.57778, 0.2, 0.54545]",141,0.62742,1.10171,0.54545,0.52917,"[0.4375, 0.5, 0.65]",65,COMPLETED,41.043
625,20251228_200950,baseline_CASIAB_TOP30.csv,30%,Preset_5,Transformer,42,"[256, 384, 512, 640]",8,4,768,0.15,silu,postnorm,learned,mean,False,5e-05,1e-06,64,AdamW,0.0,,256,10,[0.68794326 2.1920904  0.91725768],0.02,1.0,0.14824,2.42578,0.47727,0.4581,"[0.4878, 0.4, 0.48649]",871,0.29939,2.21551,0.56818,0.52758,"[0.6383, 0.44444, 0.5]",753,COMPLETED,162.748
626,20251228_200950,baseline_OUMVLP_TOP30.csv,30%,Preset_5,Transformer,42,"[256, 384, 512, 640]",8,4,768,0.15,silu,postnorm,learned,mean,False,5e-05,1e-06,64,AdamW,0.0,,256,10,[0.68794326 2.1920904  0.91725768],0.02,1.0,0.1246,2.04815,0.43182,0.37115,"[0.47619, 0.16667, 0.47059]",809,0.20618,1.66879,0.63636,0.56883,"[0.62857, 0.36364, 0.71429]",644,COMPLETED,151.056
629,20251228_200950,gaitgl_GREW_BNNeck_TOP30.csv,30%,Preset_5,Transformer,42,"[256, 384, 512, 640]",8,4,768,0.15,silu,postnorm,learned,mean,False,5e-05,1e-06,64,AdamW,0.0,,256,20,[0.68794326 2.1920904  0.91725768],0.02,1.0,0.13666,2.91107,0.40909,0.36439,"[0.52174, 0.28571, 0.28571]",1498,0.63703,2.28992,0.54545,0.46217,"[0.62222, 0.25, 0.51429]",1213,COMPLETED,294.965
628,20251228_200950,gaitgl_GREW_TOP30.csv,30%,Preset_5,Transformer,42,"[256, 384, 512, 640]",8,4,768,0.15,silu,postnorm,learned,mean,False,5e-05,1e-06,64,AdamW,0.0,,256,20,[0.68794326 2.1920904  0.91725768],0.02,1.0,0.13929,2.38759,0.38636,0.29167,"[0.5, 0.0, 0.375]",55,0.22721,2.28494,0.47727,0.39272,"[0.59574, 0.15385, 0.42857]",32,COMPLETED,10.839
630,20251228_200950,gaitgl_OUMVLP_TOP30.csv,30%,Preset_5,Transformer,42,"[256, 384, 512, 640]",8,4,768,0.15,silu,postnorm,learned,mean,False,5e-05,1e-06,64,AdamW,0.0,,256,20,[0.68794326 2.1920904  0.91725768],0.02,1.0,0.14909,2.13199,0.45455,0.42331,"[0.53659, 0.33333, 0.4]",344,0.20025,2.04,0.54545,0.53519,"[0.55556, 0.5, 0.55]",241,COMPLETED,68.123
627,20251228_200950,gaitgl_TOP30.csv,30%,Preset_5,Transformer,42,"[256, 384, 512, 640]",8,4,768,0.15,silu,postnorm,learned,mean,False,5e-05,1e-06,64,AdamW,0.0,,128,20,[0.68794326 2.1920904  0.91725768],0.02,1.0,0.13223,2.1657,0.45455,0.37909,"[0.54167, 0.18182, 0.41379]",93,0.70679,1.2662,0.54545,0.50986,"[0.55814, 0.4, 0.57143]",20,COMPLETED,17.888
631,20251228_200950,gaitpart_GREW_TOP30.csv,30%,Preset_5,Transformer,42,"[256, 384, 512, 640]",8,4,768,0.15,silu,postnorm,learned,mean,False,5e-05,1e-06,64,AdamW,0.0,,256,5,[0.68794326 2.1920904  0.91725768],0.02,1.0,0.18387,2.39011,0.47727,0.47051,"[0.4, 0.46154, 0.55]",1369,0.2593,1.95754,0.56818,0.55573,"[0.57895, 0.5, 0.58824]",1180,STOPPED,253.589
632,20251228_200950,gaitpart_OUMVLP_TOP30.csv,30%,Preset_5,Transformer,42,"[256, 384, 512, 640]",8,4,768,0.15,silu,postnorm,learned,mean,False,5e-05,1e-06,64,AdamW,0.0,,256,5,[0.68794326 2.1920904  0.91725768],0.02,1.0,0.20999,2.01907,0.56818,0.47463,"[0.65116, 0.16667, 0.60606]",1333,0.70468,1.21224,0.63636,0.60458,"[0.72222, 0.44444, 0.64706]",396,STOPPED,246.902
634,20251228_200950,gaitset_GREW_TOP30.csv,30%,Preset_5,Transformer,42,"[256, 384, 512, 640]",8,4,768,0.15,silu,postnorm,learned,mean,False,5e-05,1e-06,64,AdamW,0.0,,256,19,[0.68794326 2.1920904  0.91725768],0.02,1.0,0.12552,2.7751,0.40909,0.38585,"[0.52632, 0.26087, 0.37037]",881,0.23883,1.97691,0.56818,0.55263,"[0.57895, 0.5, 0.57895]",653,COMPLETED,173.278
635,20251228_200950,gaitset_OUMVLP_TOP30.csv,30%,Preset_5,Transformer,42,"[256, 384, 512, 640]",8,4,768,0.15,silu,postnorm,learned,mean,False,5e-05,1e-06,64,AdamW,0.0,,256,19,[0.68794326 2.1920904  0.91725768],0.02,1.0,0.20172,2.27068,0.45455,0.3902,"[0.5, 0.2, 0.47059]",1293,0.15457,2.27929,0.54545,0.47829,"[0.64, 0.33333, 0.46154]",1150,STOPPED,253.594
633,20251228_200950,gaitset_TOP30.csv,30%,Preset_5,Transformer,42,"[256, 384, 512, 640]",8,4,768,0.15,silu,postnorm,learned,mean,False,5e-05,1e-06,64,AdamW,0.0,,256,19,[0.68794326 2.1920904  0.91725768],0.02,1.0,0.14341,2.17518,0.43182,0.34048,"[0.53659, 0.0, 0.48485]",756,0.19729,2.49425,0.45455,0.44485,"[0.47059, 0.34783, 0.51613]",637,COMPLETED,148.276
636,20251228_200950,gln_phase1_TOP30.csv,30%,Preset_5,Transformer,42,"[256, 384, 512, 640]",8,4,768,0.15,silu,postnorm,learned,mean,False,5e-05,1e-06,64,AdamW,0.0,,256,28,[0.68794326 2.1920904  0.91725768],0.02,1.0,0.12317,2.47434,0.45455,0.3881,"[0.48485, 0.14286, 0.53659]",590,0.31479,1.86057,0.52273,0.49232,"[0.52941, 0.35294, 0.59459]",366,COMPLETED,120.82
637,20251228_200950,gln_phase2_TOP30.csv,30%,Preset_5,Transformer,42,"[256, 384, 512, 640]",8,4,768,0.15,silu,postnorm,learned,mean,False,5e-05,1e-06,64,AdamW,0.0,,256,28,[0.68794326 2.1920904  0.91725768],0.02,1.0,0.12627,1.86036,0.54545,0.45452,"[0.6383, 0.15385, 0.57143]",692,0.70545,1.87704,0.61364,0.50764,"[0.68, 0.22222, 0.62069]",379,COMPLETED,141.728
885,20251228_200950,baseline_CASIAB_TOP30.csv,30%,Preset_6,Transformer,42,"[512, 512, 384]",8,3,768,0.1,mish,postnorm,sinusoidal,cls,True,2e-05,1e-06,32,Adam,0.0,,256,10,[0.68794326 2.1920904  0.91725768],0.02,1.0,0.13535,2.48433,0.45455,0.32197,"[0.54167, 0.0, 0.42424]",517,0.54283,2.00426,0.45455,0.40741,"[0.57143, 0.22222, 0.42857]",222,COMPLETED,136.159
886,20251228_200950,baseline_OUMVLP_TOP30.csv,30%,Preset_6,Transformer,42,"[512, 512, 384]",8,3,768,0.1,mish,postnorm,sinusoidal,cls,True,2e-05,1e-06,32,Adam,0.0,,256,10,[0.68794326 2.1920904  0.91725768],0.02,1.0,0.11382,2.63614,0.45455,0.35029,"[0.53659, 0.0, 0.51429]",514,0.17727,2.81973,0.5,0.4195,"[0.60465, 0.15385, 0.5]",428,COMPLETED,135.621
889,20251228_200950,gaitgl_GREW_BNNeck_TOP30.csv,30%,Preset_6,Transformer,42,"[512, 512, 384]",8,3,768,0.1,mish,postnorm,sinusoidal,cls,True,2e-05,1e-06,32,Adam,0.0,,256,20,[0.68794326 2.1920904  0.91725768],0.02,1.0,0.12146,3.49354,0.29545,0.2667,"[0.35, 0.10526, 0.34483]",961,0.24404,2.39966,0.5,0.39957,"[0.61538, 0.16667, 0.41667]",879,COMPLETED,261.129
888,20251228_200950,gaitgl_GREW_TOP30.csv,30%,Preset_6,Transformer,42,"[512, 512, 384]",8,3,768,0.1,mish,postnorm,sinusoidal,cls,True,2e-05,1e-06,32,Adam,0.0,,256,20,[0.68794326 2.1920904  0.91725768],0.02,1.0,0.13072,1.98825,0.45455,0.38938,"[0.51429, 0.15385, 0.5]",38,0.17325,1.81154,0.59091,0.49664,"[0.61905, 0.22222, 0.64865]",31,COMPLETED,10.363
890,20251228_200950,gaitgl_OUMVLP_TOP30.csv,30%,Preset_6,Transformer,42,"[512, 512, 384]",8,3,768,0.1,mish,postnorm,sinusoidal,cls,True,2e-05,1e-06,32,Adam,0.0,,256,20,[0.68794326 2.1920904  0.91725768],0.02,1.0,0.12929,2.01489,0.43182,0.3448,"[0.57143, 0.16667, 0.2963]",165,0.31833,1.83411,0.5,0.44776,"[0.59091, 0.28571, 0.46667]",93,COMPLETED,44.995
887,20251228_200950,gaitgl_TOP30.csv,30%,Preset_6,Transformer,42,"[512, 512, 384]",8,3,768,0.1,mish,postnorm,sinusoidal,cls,True,2e-05,1e-06,32,Adam,0.0,,128,20,[0.68794326 2.1920904  0.91725768],0.02,1.0,0.14453,1.79779,0.52273,0.44047,"[0.63636, 0.13333, 0.55172]",57,0.23163,1.60742,0.59091,0.49305,"[0.65217, 0.18182, 0.64516]",37,COMPLETED,15.175
891,20251228_200950,gaitpart_GREW_TOP30.csv,30%,Preset_6,Transformer,42,"[512, 512, 384]",8,3,768,0.1,mish,postnorm,sinusoidal,cls,True,2e-05,1e-06,32,Adam,0.0,,256,5,[0.68794326 2.1920904  0.91725768],0.02,1.0,0.11945,2.31782,0.54545,0.51645,"[0.60465, 0.42857, 0.51613]",860,0.32044,1.91553,0.59091,0.56763,"[0.65116, 0.5, 0.55172]",465,COMPLETED,224.107
892,20251228_200950,gaitpart_OUMVLP_TOP30.csv,30%,Preset_6,Transformer,42,"[512, 512, 384]",8,3,768,0.1,mish,postnorm,sinusoidal,cls,True,2e-05,1e-06,32,Adam,0.0,,256,5,[0.68794326 2.1920904  0.91725768],0.02,1.0,0.11649,1.91265,0.59091,0.49251,"[0.59459, 0.2, 0.68293]",1051,0.39426,1.43522,0.65909,0.62281,"[0.68421, 0.5, 0.68421]",488,COMPLETED,273.467
894,20251228_200950,gaitset_GREW_TOP30.csv,30%,Preset_6,Transformer,42,"[512, 512, 384]",8,3,768,0.1,mish,postnorm,sinusoidal,cls,True,2e-05,1e-06,32,Adam,0.0,,256,19,[0.68794326 2.1920904  0.91725768],0.02,1.0,0.1363,2.76191,0.36364,0.26583,"[0.4898, 0.0, 0.30769]",549,0.70481,1.58683,0.43182,0.39484,"[0.375, 0.28571, 0.52381]",182,COMPLETED,148.36
895,20251228_200950,gaitset_OUMVLP_TOP30.csv,30%,Preset_6,Transformer,42,"[512, 512, 384]",8,3,768,0.1,mish,postnorm,sinusoidal,cls,True,2e-05,1e-06,32,Adam,0.0,,256,19,[0.68794326 2.1920904  0.91725768],0.02,1.0,0.14126,2.73824,0.40909,0.31909,"[0.51282, 0.0, 0.44444]",892,0.3739,2.17253,0.52273,0.48451,"[0.65116, 0.45455, 0.34783]",485,COMPLETED,241.178
893,20251228_200950,gaitset_TOP30.csv,30%,Preset_6,Transformer,42,"[512, 512, 384]",8,3,768,0.1,mish,postnorm,sinusoidal,cls,True,2e-05,1e-06,32,Adam,0.0,,256,19,[0.68794326 2.1920904  0.91725768],0.02,1.0,0.13804,3.02087,0.36364,0.27963,"[0.45, 0.0, 0.38889]",529,0.69247,1.403,0.40909,0.40647,"[0.4878, 0.42857, 0.30303]",200,COMPLETED,146.66
896,20251228_200950,gln_phase1_TOP30.csv,30%,Preset_6,Transformer,42,"[512, 512, 384]",8,3,768,0.1,mish,postnorm,sinusoidal,cls,True,2e-05,1e-06,32,Adam,0.0,,256,28,[0.68794326 2.1920904  0.91725768],0.02,1.0,0.13441,2.22924,0.45455,0.36918,"[0.58333, 0.15385, 0.37037]",389,0.42971,1.57104,0.56818,0.47972,"[0.63158, 0.22222, 0.58537]",174,COMPLETED,123.146
897,20251228_200950,gln_phase2_TOP30.csv,30%,Preset_6,Transformer,42,"[512, 512, 384]",8,3,768,0.1,mish,postnorm,sinusoidal,cls,True,2e-05,1e-06,32,Adam,0.0,,256,28,[0.68794326 2.1920904  0.91725768],0.02,1.0,0.14078,3.16619,0.40909,0.32261,"[0.38889, 0.0, 0.57895]",450,0.70521,1.25689,0.5,0.4324,"[0.34483, 0.28571, 0.66667]",135,COMPLETED,134.034
1171,20251228_200950,baseline_CASIAB_TOP30.csv,30%,Preset_7,Transformer,42,"[512, 768, 1024, 768]",32,4,1536,0.1,gelu,prenorm,learned,mean,False,0.0003,1e-05,32,SGD,0.9,,256,10,[0.68794326 2.1920904  0.91725768],0.02,1.0,0.90653,1.23495,0.36364,0.35169,"[0.41026, 0.3, 0.34483]",1217,0.90653,1.23495,0.36364,0.35169,"[0.41026, 0.3, 0.34483]",1217,STOPPED,438.377
1172,20251228_200950,baseline_OUMVLP_TOP30.csv,30%,Preset_7,Transformer,42,"[512, 768, 1024, 768]",32,4,1536,0.1,gelu,prenorm,learned,mean,False,0.0003,1e-05,32,SGD,0.9,,256,10,[0.68794326 2.1920904  0.91725768],0.02,1.0,0.81964,1.37417,0.40909,0.40256,"[0.4, 0.30769, 0.5]",1250,0.81964,1.37417,0.40909,0.40256,"[0.4, 0.30769, 0.5]",1250,STOPPED,443.738
1175,20251228_200950,gaitgl_GREW_BNNeck_TOP30.csv,30%,Preset_7,Transformer,42,"[512, 768, 1024, 768]",32,4,1536,0.1,gelu,prenorm,learned,mean,False,0.0003,1e-05,32,SGD,0.9,,256,20,[0.68794326 2.1920904  0.91725768],0.02,1.0,1.10657,1.13313,0.15909,0.0915,"[0.0, 0.27451, 0.0]",126,1.10657,1.13313,0.15909,0.0915,"[0.0, 0.27451, 0.0]",126,STOPPED,45.913
1174,20251228_200950,gaitgl_GREW_TOP30.csv,30%,Preset_7,Transformer,42,"[512, 768, 1024, 768]",32,4,1536,0.1,gelu,prenorm,learned,mean,False,0.0003,1e-05,32,SGD,0.9,,256,20,[0.68794326 2.1920904  0.91725768],0.02,1.0,0.14536,3.0897,0.40909,0.32828,"[0.5, 0.0, 0.48485]",497,0.73292,1.19019,0.5,0.42747,"[0.5, 0.15385, 0.62857]",117,COMPLETED,182.261
1176,20251228_200950,gaitgl_OUMVLP_TOP30.csv,30%,Preset_7,Transformer,42,"[512, 768, 1024, 768]",32,4,1536,0.1,gelu,prenorm,learned,mean,False,0.0003,1e-05,32,SGD,0.9,,256,20,[0.68794326 2.1920904  0.91725768],0.02,1.0,0.16831,3.06364,0.38636,0.33715,"[0.52174, 0.31579, 0.17391]",1615,0.34824,1.86363,0.59091,0.55946,"[0.60465, 0.42857, 0.64516]",896,STOPPED,589.403
1173,20251228_200950,gaitgl_TOP30.csv,30%,Preset_7,Transformer,42,"[512, 768, 1024, 768]",32,4,1536,0.1,gelu,prenorm,learned,mean,False,0.0003,1e-05,32,SGD,0.9,,128,20,[0.68794326 2.1920904  0.91725768],0.02,1.0,0.14732,2.33378,0.45455,0.38801,"[0.51163, 0.18182, 0.47059]",707,0.39986,1.64935,0.56818,0.5265,"[0.5641, 0.4, 0.61538]",326,COMPLETED,253.245
1177,20251228_200950,gaitpart_GREW_TOP30.csv,30%,Preset_7,Transformer,42,"[512, 768, 1024, 768]",32,4,1536,0.1,gelu,prenorm,learned,mean,False,0.0003,1e-05,32,SGD,0.9,,256,5,[0.68794326 2.1920904  0.91725768],0.02,1.0,1.02303,1.34792,0.18182,0.15152,"[0.0, 0.27273, 0.18182]",1091,1.02303,1.34792,0.18182,0.15152,"[0.0, 0.27273, 0.18182]",1091,STOPPED,461.489
1178,20251228_200950,gaitpart_OUMVLP_TOP30.csv,30%,Preset_7,Transformer,42,"[512, 768, 1024, 768]",32,4,1536,0.1,gelu,prenorm,learned,mean,False,0.0003,1e-05,32,SGD,0.9,,256,5,[0.68794326 2.1920904  0.91725768],0.02,1.0,0.89761,1.11126,0.52273,0.50367,"[0.51613, 0.34783, 0.64706]",1166,0.89761,1.11126,0.52273,0.50367,"[0.51613, 0.34783, 0.64706]",1166,STOPPED,460.893
1180,20251228_200950,gaitset_GREW_TOP30.csv,30%,Preset_7,Transformer,42,"[512, 768, 1024, 768]",32,4,1536,0.1,gelu,prenorm,learned,mean,False,0.0003,1e-05,32,SGD,0.9,,256,19,[0.68794326 2.1920904  0.91725768],0.02,1.0,1.10496,1.04539,0.45455,0.31623,"[0.59574, 0.0, 0.35294]",197,1.10496,1.04539,0.45455,0.31623,"[0.59574, 0.0, 0.35294]",197,STOPPED,73.254
1181,20251228_200950,gaitset_OUMVLP_TOP30.csv,30%,Preset_7,Transformer,42,"[512, 768, 1024, 768]",32,4,1536,0.1,gelu,prenorm,learned,mean,False,0.0003,1e-05,32,SGD,0.9,,256,19,[0.68794326 2.1920904  0.91725768],0.02,1.0,0.83701,1.22056,0.45455,0.38422,"[0.53333, 0.18182, 0.4375]",1096,0.83701,1.22056,0.45455,0.38422,"[0.53333, 0.18182, 0.4375]",1096,STOPPED,407.703
1179,20251228_200950,gaitset_TOP30.csv,30%,Preset_7,Transformer,42,"[512, 768, 1024, 768]",32,4,1536,0.1,gelu,prenorm,learned,mean,False,0.0003,1e-05,32,SGD,0.9,,256,19,[0.68794326 2.1920904  0.91725768],0.02,1.0,0.95794,1.27888,0.36364,0.35368,"[0.42105, 0.4, 0.24]",920,0.95794,1.27888,0.36364,0.35368,"[0.42105, 0.4, 0.24]",920,STOPPED,342.468
1182,20251228_200950,gln_phase1_TOP30.csv,30%,Preset_7,Transformer,42,"[512, 768, 1024, 768]",32,4,1536,0.1,gelu,prenorm,learned,mean,False,0.0003,1e-05,32,SGD,0.9,,256,28,[0.68794326 2.1920904  0.91725768],0.02,1.0,0.75445,1.0978,0.52273,0.49298,"[0.57895, 0.3, 0.6]",1031,0.74472,1.04399,0.56818,0.53129,"[0.61538, 0.33333, 0.64516]",894,STOPPED,440.743
1183,20251228_200950,gln_phase2_TOP30.csv,30%,Preset_7,Transformer,42,"[512, 768, 1024, 768]",32,4,1536,0.1,gelu,prenorm,learned,mean,False,0.0003,1e-05,32,SGD,0.9,,256,28,[0.68794326 2.1920904  0.91725768],0.02,1.0,0.8859,1.12544,0.47727,0.4126,"[0.52381, 0.13333, 0.58065]",851,0.8859,1.12544,0.47727,0.4126,"[0.52381, 0.13333, 0.58065]",851,STOPPED,400.099
651,20251228_200950,baseline_CASIAB_TOP30.csv,30%,Preset_8,Transformer,42,"[512, 512, 512]",8,3,1152,0.0,silu,prenorm,learned,cls,True,0.0005,1e-06,40,Adam,0.0,,256,10,[0.68794326 2.1920904  0.91725768],0.02,1.0,0.14039,2.6877,0.38636,0.33333,"[0.5, 0.125, 0.375]",224,0.47421,2.10633,0.47727,0.47354,"[0.5, 0.47619, 0.44444]",176,COMPLETED,50.403
652,20251228_200950,baseline_OUMVLP_TOP30.csv,30%,Preset_8,Transformer,42,"[512, 512, 512]",8,3,1152,0.0,silu,prenorm,learned,cls,True,0.0005,1e-06,40,Adam,0.0,,256,10,[0.68794326 2.1920904  0.91725768],0.02,1.0,0.11143,2.26909,0.40909,0.31481,"[0.44444, 0.0, 0.5]",342,0.36327,1.74953,0.56818,0.51296,"[0.55556, 0.33333, 0.65]",226,COMPLETED,76.795
655,20251228_200950,gaitgl_GREW_BNNeck_TOP30.csv,30%,Preset_8,Transformer,42,"[512, 512, 512]",8,3,1152,0.0,silu,prenorm,learned,cls,True,0.0005,1e-06,40,Adam,0.0,,256,20,[0.68794326 2.1920904  0.91725768],0.02,1.0,0.12926,2.78362,0.34091,0.27884,"[0.48889, 0.13333, 0.21429]",470,0.70857,1.78935,0.45455,0.43299,"[0.57143, 0.26087, 0.46667]",193,COMPLETED,110.02
654,20251228_200950,gaitgl_GREW_TOP30.csv,30%,Preset_8,Transformer,42,"[512, 512, 512]",8,3,1152,0.0,silu,prenorm,learned,cls,True,0.0005,1e-06,40,Adam,0.0,,256,20,[0.68794326 2.1920904  0.91725768],0.02,1.0,0.13589,1.72593,0.5,0.34799,"[0.61538, 0.0, 0.42857]",19,0.43762,2.05447,0.5,0.45594,"[0.32, 0.34783, 0.7]",10,COMPLETED,4.514
656,20251228_200950,gaitgl_OUMVLP_TOP30.csv,30%,Preset_8,Transformer,42,"[512, 512, 512]",8,3,1152,0.0,silu,prenorm,learned,cls,True,0.0005,1e-06,40,Adam,0.0,,256,20,[0.68794326 2.1920904  0.91725768],0.02,1.0,0.12596,3.19873,0.31818,0.29572,"[0.43902, 0.3, 0.14815]",144,0.38169,1.78778,0.5,0.46131,"[0.5641, 0.33333, 0.48649]",42,COMPLETED,34.054
653,20251228_200950,gaitgl_TOP30.csv,30%,Preset_8,Transformer,42,"[512, 512, 512]",8,3,1152,0.0,silu,prenorm,learned,cls,True,0.0005,1e-06,40,Adam,0.0,,128,20,[0.68794326 2.1920904  0.91725768],0.02,1.0,0.12019,2.11015,0.5,0.45729,"[0.53659, 0.23529, 0.6]",27,0.1231,1.86695,0.56818,0.51884,"[0.60465, 0.36364, 0.58824]",26,COMPLETED,6.251
657,20251228_200950,gaitpart_GREW_TOP30.csv,30%,Preset_8,Transformer,42,"[512, 512, 512]",8,3,1152,0.0,silu,prenorm,learned,cls,True,0.0005,1e-06,40,Adam,0.0,,256,5,[0.68794326 2.1920904  0.91725768],0.02,1.0,0.11613,2.54769,0.45455,0.45134,"[0.46512, 0.44444, 0.44444]",187,0.19434,1.65704,0.56818,0.55114,"[0.59091, 0.5, 0.5625]",158,COMPLETED,41.439
658,20251228_200950,gaitpart_OUMVLP_TOP30.csv,30%,Preset_8,Transformer,42,"[512, 512, 512]",8,3,1152,0.0,silu,prenorm,learned,cls,True,0.0005,1e-06,40,Adam,0.0,,256,5,[0.68794326 2.1920904  0.91725768],0.02,1.0,0.44058,1.56854,0.56818,0.4332,"[0.68421, 0.0, 0.61538]",600,0.39214,1.36768,0.63636,0.61988,"[0.66667, 0.52632, 0.66667]",355,STOPPED,132.887
660,20251228_200950,gaitset_GREW_TOP30.csv,30%,Preset_8,Transformer,42,"[512, 512, 512]",8,3,1152,0.0,silu,prenorm,learned,cls,True,0.0005,1e-06,40,Adam,0.0,,256,19,[0.68794326 2.1920904  0.91725768],0.02,1.0,0.12639,2.73508,0.43182,0.40271,"[0.47619, 0.30769, 0.42424]",207,0.43819,2.57253,0.45455,0.43196,"[0.4878, 0.36364, 0.44444]",154,COMPLETED,48.574
661,20251228_200950,gaitset_OUMVLP_TOP30.csv,30%,Preset_8,Transformer,42,"[512, 512, 512]",8,3,1152,0.0,silu,prenorm,learned,cls,True,0.0005,1e-06,40,Adam,0.0,,256,19,[0.68794326 2.1920904  0.91725768],0.02,1.0,0.11748,2.91775,0.34091,0.31324,"[0.42857, 0.23529, 0.27586]",647,0.2825,2.48647,0.47727,0.47991,"[0.52632, 0.52632, 0.3871]",616,COMPLETED,151.347
659,20251228_200950,gaitset_TOP30.csv,30%,Preset_8,Transformer,42,"[512, 512, 512]",8,3,1152,0.0,silu,prenorm,learned,cls,True,0.0005,1e-06,40,Adam,0.0,,256,19,[0.68794326 2.1920904  0.91725768],0.02,1.0,0.13225,2.80853,0.34091,0.30003,"[0.4186, 0.11111, 0.37037]",344,0.52302,1.64517,0.47727,0.4546,"[0.55814, 0.42105, 0.38462]",208,COMPLETED,80.798
662,20251228_200950,gln_phase1_TOP30.csv,30%,Preset_8,Transformer,42,"[512, 512, 512]",8,3,1152,0.0,silu,prenorm,learned,cls,True,0.0005,1e-06,40,Adam,0.0,,256,28,[0.68794326 2.1920904  0.91725768],0.02,1.0,0.1326,2.78869,0.38636,0.28598,"[0.54545, 0.0, 0.3125]",286,0.5051,1.65525,0.43182,0.37194,"[0.54054, 0.14286, 0.43243]",119,COMPLETED,70.243
663,20251228_200950,gln_phase2_TOP30.csv,30%,Preset_8,Transformer,42,"[512, 512, 512]",8,3,1152,0.0,silu,prenorm,learned,cls,True,0.0005,1e-06,40,Adam,0.0,,256,28,[0.68794326 2.1920904  0.91725768],0.02,1.0,0.11863,2.72751,0.34091,0.27511,"[0.3125, 0.0, 0.51282]",290,0.73385,1.02424,0.56818,0.51887,"[0.52632, 0.36364, 0.66667]",44,COMPLETED,70.735
911,20251228_200950,baseline_CASIAB_TOP30.csv,30%,Preset_9,Transformer,42,"[256, 512]",8,2,512,0.0,silu,prenorm,sinusoidal,mean,False,2e-05,1e-06,64,AdamW,0.0,,256,10,[0.68794326 2.1920904  0.91725768],0.02,1.0,0.14648,2.52967,0.5,0.40875,"[0.6, 0.18182, 0.44444]",519,0.18202,2.61151,0.54545,0.47829,"[0.64, 0.33333, 0.46154]",459,COMPLETED,60.227
912,20251228_200950,baseline_OUMVLP_TOP30.csv,30%,Preset_9,Transformer,42,"[256, 512]",8,2,512,0.0,silu,prenorm,sinusoidal,mean,False,2e-05,1e-06,64,AdamW,0.0,,256,10,[0.68794326 2.1920904  0.91725768],0.02,1.0,0.14118,2.09773,0.47727,0.43505,"[0.55556, 0.23529, 0.51429]",482,0.1931,1.97026,0.59091,0.53216,"[0.63158, 0.33333, 0.63158]",391,COMPLETED,58.495
915,20251228_200950,gaitgl_GREW_BNNeck_TOP30.csv,30%,Preset_9,Transformer,42,"[256, 512]",8,2,512,0.0,silu,prenorm,sinusoidal,mean,False,2e-05,1e-06,64,AdamW,0.0,,256,20,[0.68794326 2.1920904  0.91725768],0.02,1.0,0.11385,2.89065,0.38636,0.30014,"[0.47619, 0.0, 0.42424]",1184,0.61564,2.88053,0.52273,0.45578,"[0.65306, 0.33333, 0.38095]",673,COMPLETED,155.889
914,20251228_200950,gaitgl_GREW_TOP30.csv,30%,Preset_9,Transformer,42,"[256, 512]",8,2,512,0.0,silu,prenorm,sinusoidal,mean,False,2e-05,1e-06,64,AdamW,0.0,,256,20,[0.68794326 2.1920904  0.91725768],0.02,1.0,0.12553,1.68403,0.40909,0.36158,"[0.51282, 0.10526, 0.46667]",68,0.72271,1.13014,0.43182,0.40047,"[0.45, 0.23529, 0.51613]",36,COMPLETED,8.778
916,20251228_200950,gaitgl_OUMVLP_TOP30.csv,30%,Preset_9,Transformer,42,"[256, 512]",8,2,512,0.0,silu,prenorm,sinusoidal,mean,False,2e-05,1e-06,64,AdamW,0.0,,256,20,[0.68794326 2.1920904  0.91725768],0.02,1.0,0.13137,1.94596,0.5,0.3684,"[0.59091, 0.0, 0.51429]",156,0.70019,1.15599,0.47727,0.43572,"[0.53659, 0.28571, 0.48485]",59,COMPLETED,21.041
913,20251228_200950,gaitgl_TOP30.csv,30%,Preset_9,Transformer,42,"[256, 512]",8,2,512,0.0,silu,prenorm,sinusoidal,mean,False,2e-05,1e-06,64,AdamW,0.0,,128,20,[0.68794326 2.1920904  0.91725768],0.02,1.0,0.13276,2.0785,0.43182,0.33333,"[0.47368, 0.0, 0.52632]",71,0.21953,1.70688,0.43182,0.39647,"[0.4878, 0.25, 0.45161]",58,COMPLETED,8.599
917,20251228_200950,gaitpart_GREW_TOP30.csv,30%,Preset_9,Transformer,42,"[256, 512]",8,2,512,0.0,silu,prenorm,sinusoidal,mean,False,2e-05,1e-06,64,AdamW,0.0,,256,5,[0.68794326 2.1920904  0.91725768],0.02,1.0,0.12968,2.92859,0.43182,0.39799,"[0.53333, 0.35294, 0.30769]",690,0.35631,1.98047,0.52273,0.50199,"[0.57778, 0.46154, 0.46667]",387,COMPLETED,81.999
918,20251228_200950,gaitpart_OUMVLP_TOP30.csv,30%,Preset_9,Transformer,42,"[256, 512]",8,2,512,0.0,silu,prenorm,sinusoidal,mean,False,2e-05,1e-06,64,AdamW,0.0,,256,5,[0.68794326 2.1920904  0.91725768],0.02,1.0,0.13667,2.3809,0.5,0.47098,"[0.61111, 0.28571, 0.51613]",801,0.47705,1.41393,0.63636,0.59188,"[0.64706, 0.42857, 0.7]",419,COMPLETED,95.199
920,20251228_200950,gaitset_GREW_TOP30.csv,30%,Preset_9,Transformer,42,"[256, 512]",8,2,512,0.0,silu,prenorm,sinusoidal,mean,False,2e-05,1e-06,64,AdamW,0.0,,256,19,[0.68794326 2.1920904  0.91725768],0.02,1.0,0.13409,2.96003,0.34091,0.29963,"[0.41026, 0.125, 0.36364]",573,0.66108,1.68873,0.5,0.41474,"[0.59574, 0.18182, 0.46667]",230,COMPLETED,73.636
921,20251228_200950,gaitset_OUMVLP_TOP30.csv,30%,Preset_9,Transformer,42,"[256, 512]",8,2,512,0.0,silu,prenorm,sinusoidal,mean,False,2e-05,1e-06,64,AdamW,0.0,,256,19,[0.68794326 2.1920904  0.91725768],0.02,1.0,0.12276,2.40811,0.47727,0.42434,"[0.57778, 0.26667, 0.42857]",848,0.1567,2.31729,0.52273,0.49848,"[0.55, 0.4, 0.54545]",797,COMPLETED,109.024
919,20251228_200950,gaitset_TOP30.csv,30%,Preset_9,Transformer,42,"[256, 512]",8,2,512,0.0,silu,prenorm,sinusoidal,mean,False,2e-05,1e-06,64,AdamW,0.0,,256,19,[0.68794326 2.1920904  0.91725768],0.02,1.0,0.14385,3.39748,0.29545,0.27295,"[0.35294, 0.09091, 0.375]",535,0.16511,2.92792,0.45455,0.39129,"[0.54054, 0.13333, 0.5]",507,COMPLETED,68.763
922,20251228_200950,gln_phase1_TOP30.csv,30%,Preset_9,Transformer,42,"[256, 512]",8,2,512,0.0,silu,prenorm,sinusoidal,mean,False,2e-05,1e-06,64,AdamW,0.0,,256,28,[0.68794326 2.1920904  0.91725768],0.02,1.0,0.13128,2.48694,0.36364,0.27994,"[0.47619, 0.0, 0.36364]",341,0.38292,2.11511,0.5,0.37908,"[0.47059, 0.0, 0.66667]",218,COMPLETED,46.082
923,20251228_200950,gln_phase2_TOP30.csv,30%,Preset_9,Transformer,42,"[256, 512]",8,2,512,0.0,silu,prenorm,sinusoidal,mean,False,2e-05,1e-06,64,AdamW,0.0,,256,28,[0.68794326 2.1920904  0.91725768],0.02,1.0,0.13353,2.13514,0.5,0.45274,"[0.63158, 0.21053, 0.51613]",401,0.25902,1.94212,0.56818,0.54815,"[0.6, 0.44444, 0.6]",256,COMPLETED,53.701
534,20251228_200950,baseline_CASIAB_TOP30.csv,30%,Preset_10,Transformer,42,"[512, 512, 512, 512, 512]",16,5,768,0.1,mish,prenorm,learned,mean,False,0.0001,1e-06,32,Adam,0.0,L2,256,10,[0.68794326 2.1920904  0.91725768],0.02,1.0,0.14932,2.47181,0.43182,0.37273,"[0.5, 0.13333, 0.48485]",1089,0.16821,1.88307,0.59091,0.54361,"[0.65306, 0.44444, 0.53333]",980,STOPPED,471.422
535,20251228_200950,baseline_OUMVLP_TOP30.csv,30%,Preset_10,Transformer,42,"[512, 512, 512, 512, 512]",16,5,768,0.1,mish,prenorm,learned,mean,False,0.0001,1e-06,32,Adam,0.0,L2,256,10,[0.68794326 2.1920904  0.91725768],0.02,1.0,0.12398,2.36957,0.47727,0.35185,"[0.5, 0.0, 0.55556]",693,0.42945,1.58931,0.56818,0.54042,"[0.53659, 0.375, 0.70968]",431,COMPLETED,298.796
538,20251228_200950,gaitgl_GREW_BNNeck_TOP30.csv,30%,Preset_10,Transformer,42,"[512, 512, 512, 512, 512]",16,5,768,0.1,mish,prenorm,learned,mean,False,0.0001,1e-06,32,Adam,0.0,L2,256,20,[0.68794326 2.1920904  0.91725768],0.02,1.0,0.11913,3.3822,0.31818,0.24259,"[0.27778, 0.0, 0.45]",625,0.26204,2.36907,0.45455,0.41836,"[0.52174, 0.33333, 0.4]",575,COMPLETED,277.426
537,20251228_200950,gaitgl_GREW_TOP30.csv,30%,Preset_10,Transformer,42,"[512, 512, 512, 512, 512]",16,5,768,0.1,mish,prenorm,learned,mean,False,0.0001,1e-06,32,Adam,0.0,L2,256,20,[0.68794326 2.1920904  0.91725768],0.02,1.0,0.11336,2.7935,0.40909,0.30702,"[0.42105, 0.0, 0.5]",516,0.54045,2.34558,0.47727,0.44444,"[0.57143, 0.33333, 0.42857]",427,COMPLETED,229.899
539,20251228_200950,gaitgl_OUMVLP_TOP30.csv,30%,Preset_10,Transformer,42,"[512, 512, 512, 512, 512]",16,5,768,0.1,mish,prenorm,learned,mean,False,0.0001,1e-06,32,Adam,0.0,L2,256,20,[0.68794326 2.1920904  0.91725768],0.02,1.0,1.10657,1.11017,0.15909,0.0915,"[0.0, 0.27451, 0.0]",119,1.10657,1.11017,0.15909,0.0915,"[0.0, 0.27451, 0.0]",119,STOPPED,52.666
536,20251228_200950,gaitgl_TOP30.csv,30%,Preset_10,Transformer,42,"[512, 512, 512, 512, 512]",16,5,768,0.1,mish,prenorm,learned,mean,False,0.0001,1e-06,32,Adam,0.0,L2,128,20,[0.68794326 2.1920904  0.91725768],0.02,1.0,0.12371,2.58998,0.43182,0.32456,"[0.5, 0.0, 0.47368]",668,0.32639,2.10857,0.56818,0.4742,"[0.65116, 0.2, 0.57143]",618,STOPPED,290.808
540,20251228_200950,gaitpart_GREW_TOP30.csv,30%,Preset_10,Transformer,42,"[512, 512, 512, 512, 512]",16,5,768,0.1,mish,prenorm,learned,mean,False,0.0001,1e-06,32,Adam,0.0,L2,256,5,[0.68794326 2.1920904  0.91725768],0.02,1.0,0.22888,2.05397,0.47727,0.50717,"[0.43243, 0.61538, 0.47368]",1694,0.24689,1.84745,0.63636,0.62103,"[0.66667, 0.57143, 0.625]",1552,STOPPED,714.333
541,20251228_200950,gaitpart_OUMVLP_TOP30.csv,30%,Preset_10,Transformer,42,"[512, 512, 512, 512, 512]",16,5,768,0.1,mish,prenorm,learned,mean,False,0.0001,1e-06,32,Adam,0.0,L2,256,5,[0.68794326 2.1920904  0.91725768],0.02,1.0,1.10674,1.09118,0.47727,0.21538,"[0.64615, 0.0, 0.0]",207,1.10674,1.09118,0.47727,0.21538,"[0.64615, 0.0, 0.0]",207,STOPPED,86.881
543,20251228_200950,gaitset_GREW_TOP30.csv,30%,Preset_10,Transformer,42,"[512, 512, 512, 512, 512]",16,5,768,0.1,mish,prenorm,learned,mean,False,0.0001,1e-06,32,Adam,0.0,L2,256,19,[0.68794326 2.1920904  0.91725768],0.02,1.0,0.3046,3.20262,0.31818,0.30155,"[0.29412, 0.21053, 0.4]",1115,0.65447,1.78212,0.52273,0.49115,"[0.58333, 0.42857, 0.46154]",627,STOPPED,488.82
544,20251228_200950,gaitset_OUMVLP_TOP30.csv,30%,Preset_10,Transformer,42,"[512, 512, 512, 512, 512]",16,5,768,0.1,mish,prenorm,learned,mean,False,0.0001,1e-06,32,Adam,0.0,L2,256,19,[0.68794326 2.1920904  0.91725768],0.02,1.0,1.10696,1.08609,0.47727,0.21538,"[0.64615, 0.0, 0.0]",109,1.10696,1.08609,0.47727,0.21538,"[0.64615, 0.0, 0.0]",109,STOPPED,47.338
542,20251228_200950,gaitset_TOP30.csv,30%,Preset_10,Transformer,42,"[512, 512, 512, 512, 512]",16,5,768,0.1,mish,prenorm,learned,mean,False,0.0001,1e-06,32,Adam,0.0,L2,256,19,[0.68794326 2.1920904  0.91725768],0.02,1.0,0.13284,2.72368,0.43182,0.37566,"[0.57143, 0.33333, 0.22222]",554,0.13284,2.72368,0.43182,0.37566,"[0.57143, 0.33333, 0.22222]",554,COMPLETED,242.797
545,20251228_200950,gln_phase1_TOP30.csv,30%,Preset_10,Transformer,42,"[512, 512, 512, 512, 512]",16,5,768,0.1,mish,prenorm,learned,mean,False,0.0001,1e-06,32,Adam,0.0,L2,256,28,[0.68794326 2.1920904  0.91725768],0.02,1.0,0.39091,1.93228,0.45455,0.35514,"[0.48649, 0.0, 0.57895]",774,0.37239,1.74463,0.54545,0.46203,"[0.54054, 0.14286, 0.7027]",654,STOPPED,348.34
546,20251228_200950,gln_phase2_TOP30.csv,30%,Preset_10,Transformer,42,"[512, 512, 512, 512, 512]",16,5,768,0.1,mish,prenorm,learned,mean,False,0.0001,1e-06,32,Adam,0.0,L2,256,28,[0.68794326 2.1920904  0.91725768],0.02,1.0,0.10841,2.67342,0.40909,0.34477,"[0.25, 0.11765, 0.66667]",618,0.12843,1.96922,0.56818,0.47976,"[0.53659, 0.2, 0.7027]",607,COMPLETED,277.19
404,20251228_200950,baseline_CASIAB_TOP30.csv,30%,Preset_11,Transformer,42,"[512, 640, 768, 640]",16,4,1280,0.1,silu,postnorm,sinusoidal,cls,True,5e-05,1e-06,32,Adam,0.0,,256,10,[0.68794326 2.1920904  0.91725768],0.02,1.0,0.14252,2.71978,0.40909,0.31111,"[0.47619, 0.0, 0.45714]",194,0.25497,2.86675,0.45455,0.41721,"[0.5, 0.22222, 0.52941]",143,COMPLETED,79.455
405,20251228_200950,baseline_OUMVLP_TOP30.csv,30%,Preset_11,Transformer,42,"[512, 640, 768, 640]",16,4,1280,0.1,silu,postnorm,sinusoidal,cls,True,5e-05,1e-06,32,Adam,0.0,,256,10,[0.68794326 2.1920904  0.91725768],0.02,1.0,0.14255,2.49073,0.47727,0.43571,"[0.52381, 0.25, 0.53333]",231,0.50236,1.75172,0.56818,0.47672,"[0.61111, 0.2, 0.61905]",131,COMPLETED,95.171
408,20251228_200950,gaitgl_GREW_BNNeck_TOP30.csv,30%,Preset_11,Transformer,42,"[512, 640, 768, 640]",16,4,1280,0.1,silu,postnorm,sinusoidal,cls,True,5e-05,1e-06,32,Adam,0.0,,256,20,[0.68794326 2.1920904  0.91725768],0.02,1.0,1.1162,1.08871,0.47727,0.21538,"[0.64615, 0.0, 0.0]",120,1.1162,1.08871,0.47727,0.21538,"[0.64615, 0.0, 0.0]",120,STOPPED,51.572
407,20251228_200950,gaitgl_GREW_TOP30.csv,30%,Preset_11,Transformer,42,"[512, 640, 768, 640]",16,4,1280,0.1,silu,postnorm,sinusoidal,cls,True,5e-05,1e-06,32,Adam,0.0,,256,20,[0.68794326 2.1920904  0.91725768],0.02,1.0,0.12777,1.81539,0.5,0.42481,"[0.5, 0.14286, 0.63158]",25,0.12039,1.64999,0.52273,0.44664,"[0.55, 0.14286, 0.64706]",21,COMPLETED,10.863
409,20251228_200950,gaitgl_OUMVLP_TOP30.csv,30%,Preset_11,Transformer,42,"[512, 640, 768, 640]",16,4,1280,0.1,silu,postnorm,sinusoidal,cls,True,5e-05,1e-06,32,Adam,0.0,,256,20,[0.68794326 2.1920904  0.91725768],0.02,1.0,0.10963,1.83355,0.5,0.45313,"[0.59574, 0.36364, 0.4]",95,0.19413,1.54561,0.54545,0.46549,"[0.59091, 0.25, 0.55556]",57,COMPLETED,40.989
406,20251228_200950,gaitgl_TOP30.csv,30%,Preset_11,Transformer,42,"[512, 640, 768, 640]",16,4,1280,0.1,silu,postnorm,sinusoidal,cls,True,5e-05,1e-06,32,Adam,0.0,,128,20,[0.68794326 2.1920904  0.91725768],0.02,1.0,0.11421,1.55766,0.5,0.42665,"[0.54545, 0.15385, 0.58065]",34,0.14135,1.68284,0.54545,0.45971,"[0.59091, 0.2, 0.58824]",26,COMPLETED,14.373
410,20251228_200950,gaitpart_GREW_TOP30.csv,30%,Preset_11,Transformer,42,"[512, 640, 768, 640]",16,4,1280,0.1,silu,postnorm,sinusoidal,cls,True,5e-05,1e-06,32,Adam,0.0,,256,5,[0.68794326 2.1920904  0.91725768],0.02,1.0,0.14127,3.22761,0.34091,0.31696,"[0.45, 0.26087, 0.24]",640,0.37339,2.19368,0.54545,0.53525,"[0.6087, 0.54545, 0.45161]",503,COMPLETED,259.138
411,20251228_200950,gaitpart_OUMVLP_TOP30.csv,30%,Preset_11,Transformer,42,"[512, 640, 768, 640]",16,4,1280,0.1,silu,postnorm,sinusoidal,cls,True,5e-05,1e-06,32,Adam,0.0,,256,5,[0.68794326 2.1920904  0.91725768],0.02,1.0,0.10627,1.69144,0.65909,0.60052,"[0.82051, 0.375, 0.60606]",570,0.22505,1.43137,0.70455,0.66675,"[0.73684, 0.54545, 0.71795]",543,COMPLETED,230.401
413,20251228_200950,gaitset_GREW_TOP30.csv,30%,Preset_11,Transformer,42,"[512, 640, 768, 640]",16,4,1280,0.1,silu,postnorm,sinusoidal,cls,True,5e-05,1e-06,32,Adam,0.0,,256,19,[0.68794326 2.1920904  0.91725768],0.02,1.0,0.13339,2.90166,0.40909,0.39777,"[0.43243, 0.26087, 0.5]",493,0.33077,2.17669,0.52273,0.50997,"[0.51282, 0.46154, 0.55556]",360,COMPLETED,209.575
414,20251228_200950,gaitset_OUMVLP_TOP30.csv,30%,Preset_11,Transformer,42,"[512, 640, 768, 640]",16,4,1280,0.1,silu,postnorm,sinusoidal,cls,True,5e-05,1e-06,32,Adam,0.0,,256,19,[0.68794326 2.1920904  0.91725768],0.02,1.0,0.10314,3.07678,0.34091,0.26813,"[0.34286, 0.0, 0.46154]",477,0.62212,1.457,0.5,0.48074,"[0.52941, 0.4, 0.51282]",150,COMPLETED,203.275
412,20251228_200950,gaitset_TOP30.csv,30%,Preset_11,Transformer,42,"[512, 640, 768, 640]",16,4,1280,0.1,silu,postnorm,sinusoidal,cls,True,5e-05,1e-06,32,Adam,0.0,,256,19,[0.68794326 2.1920904  0.91725768],0.02,1.0,0.11761,2.56133,0.45455,0.4148,"[0.51163, 0.25, 0.48276]",304,0.18428,2.33293,0.52273,0.47575,"[0.57778, 0.33333, 0.51613]",221,COMPLETED,129.901
415,20251228_200950,gln_phase1_TOP30.csv,30%,Preset_11,Transformer,42,"[512, 640, 768, 640]",16,4,1280,0.1,silu,postnorm,sinusoidal,cls,True,5e-05,1e-06,32,Adam,0.0,,256,28,[0.68794326 2.1920904  0.91725768],0.02,1.0,0.11519,2.11839,0.47727,0.3543,"[0.53659, 0.0, 0.52632]",220,0.44505,1.66413,0.59091,0.4368,"[0.68182, 0.0, 0.62857]",104,COMPLETED,86.873
416,20251228_200950,gln_phase2_TOP30.csv,30%,Preset_11,Transformer,42,"[512, 640, 768, 640]",16,4,1280,0.1,silu,postnorm,sinusoidal,cls,True,5e-05,1e-06,32,Adam,0.0,,256,28,[0.68794326 2.1920904  0.91725768],0.02,1.0,0.12397,2.06169,0.47727,0.39788,"[0.57143, 0.22222, 0.4]",190,0.3601,1.72179,0.54545,0.53238,"[0.64, 0.6, 0.35714]",114,COMPLETED,74.774
456,20251228_200950,baseline_CASIAB_TOP30.csv,30%,Preset_12,Transformer,42,"[896, 896, 896]",8,3,1152,0.1,silu,prenorm,learned,mean,False,5e-05,1e-06,32,Adam,0.0,L2,256,10,[0.68794326 2.1920904  0.91725768],0.02,1.0,0.11685,2.84577,0.45455,0.43232,"[0.47619, 0.36364, 0.45714]",1409,0.32804,1.7852,0.47727,0.47343,"[0.43243, 0.46154, 0.52632]",904,COMPLETED,413.062
457,20251228_200950,baseline_OUMVLP_TOP30.csv,30%,Preset_12,Transformer,42,"[896, 896, 896]",8,3,1152,0.1,silu,prenorm,learned,mean,False,5e-05,1e-06,32,Adam,0.0,L2,256,10,[0.68794326 2.1920904  0.91725768],0.02,1.0,0.1455,1.66313,0.56818,0.47156,"[0.65217, 0.2, 0.5625]",1196,0.25538,2.15002,0.52273,0.49453,"[0.47059, 0.28571, 0.72727]",863,STOPPED,342.047
460,20251228_200950,gaitgl_GREW_BNNeck_TOP30.csv,30%,Preset_12,Transformer,42,"[896, 896, 896]",8,3,1152,0.1,silu,prenorm,learned,mean,False,5e-05,1e-06,32,Adam,0.0,L2,256,20,[0.68794326 2.1920904  0.91725768],0.02,1.0,0.11499,3.14841,0.31818,0.27879,"[0.4, 0.13333, 0.30303]",827,0.37963,1.86874,0.5,0.42646,"[0.52381, 0.2, 0.55556]",812,COMPLETED,244.945
459,20251228_200950,gaitgl_GREW_TOP30.csv,30%,Preset_12,Transformer,42,"[896, 896, 896]",8,3,1152,0.1,silu,prenorm,learned,mean,False,5e-05,1e-06,32,Adam,0.0,L2,256,20,[0.68794326 2.1920904  0.91725768],0.02,1.0,0.12034,2.55085,0.43182,0.33147,"[0.47059, 0.0, 0.52381]",602,0.12573,2.17135,0.56818,0.47569,"[0.63415, 0.18182, 0.61111]",530,COMPLETED,178.402
461,20251228_200950,gaitgl_OUMVLP_TOP30.csv,30%,Preset_12,Transformer,42,"[896, 896, 896]",8,3,1152,0.1,silu,prenorm,learned,mean,False,5e-05,1e-06,32,Adam,0.0,L2,256,20,[0.68794326 2.1920904  0.91725768],0.02,1.0,0.1188,2.49298,0.38636,0.33183,"[0.45455, 0.15385, 0.3871]",1330,0.73124,1.42855,0.54545,0.46382,"[0.55814, 0.22222, 0.61111]",728,COMPLETED,426.58
458,20251228_200950,gaitgl_TOP30.csv,30%,Preset_12,Transformer,42,"[896, 896, 896]",8,3,1152,0.1,silu,prenorm,learned,mean,False,5e-05,1e-06,32,Adam,0.0,L2,128,20,[0.68794326 2.1920904  0.91725768],0.02,1.0,0.12579,2.47258,0.45455,0.38718,"[0.54545, 0.13333, 0.48276]",701,0.44813,1.82955,0.54545,0.46152,"[0.59091, 0.22222, 0.57143]",429,COMPLETED,237.649
462,20251228_200950,gaitpart_GREW_TOP30.csv,30%,Preset_12,Transformer,42,"[896, 896, 896]",8,3,1152,0.1,silu,prenorm,learned,mean,False,5e-05,1e-06,32,Adam,0.0,L2,256,5,[0.68794326 2.1920904  0.91725768],0.02,1.0,0.48215,2.03173,0.47727,0.47143,"[0.51429, 0.4, 0.5]",891,0.40087,1.34588,0.59091,0.58608,"[0.61538, 0.57143, 0.57143]",859,STOPPED,290.035
463,20251228_200950,gaitpart_OUMVLP_TOP30.csv,30%,Preset_12,Transformer,42,"[896, 896, 896]",8,3,1152,0.1,silu,prenorm,learned,mean,False,5e-05,1e-06,32,Adam,0.0,L2,256,5,[0.68794326 2.1920904  0.91725768],0.02,1.0,1.10143,1.08605,0.40909,0.24188,"[0.17391, 0.0, 0.55172]",220,1.10143,1.08605,0.40909,0.24188,"[0.17391, 0.0, 0.55172]",220,STOPPED,71.717
465,20251228_200950,gaitset_GREW_TOP30.csv,30%,Preset_12,Transformer,42,"[896, 896, 896]",8,3,1152,0.1,silu,prenorm,learned,mean,False,5e-05,1e-06,32,Adam,0.0,L2,256,19,[0.68794326 2.1920904  0.91725768],0.02,1.0,0.16149,2.60296,0.43182,0.3628,"[0.52174, 0.16667, 0.4]",1265,0.67626,2.15191,0.52273,0.48613,"[0.61224, 0.46154, 0.38462]",1074,STOPPED,435.712
466,20251228_200950,gaitset_OUMVLP_TOP30.csv,30%,Preset_12,Transformer,42,"[896, 896, 896]",8,3,1152,0.1,silu,prenorm,learned,mean,False,5e-05,1e-06,32,Adam,0.0,L2,256,19,[0.68794326 2.1920904  0.91725768],0.02,1.0,1.10683,1.09746,0.36364,0.17778,"[0.0, 0.0, 0.53333]",192,1.10683,1.09746,0.36364,0.17778,"[0.0, 0.0, 0.53333]",192,STOPPED,66.164
464,20251228_200950,gaitset_TOP30.csv,30%,Preset_12,Transformer,42,"[896, 896, 896]",8,3,1152,0.1,silu,prenorm,learned,mean,False,5e-05,1e-06,32,Adam,0.0,L2,256,19,[0.68794326 2.1920904  0.91725768],0.02,1.0,0.12362,2.78501,0.36364,0.3356,"[0.47368, 0.21053, 0.32258]",790,0.31549,2.76695,0.45455,0.41667,"[0.5, 0.25, 0.5]",667,COMPLETED,272.411
467,20251228_200950,gln_phase1_TOP30.csv,30%,Preset_12,Transformer,42,"[896, 896, 896]",8,3,1152,0.1,silu,prenorm,learned,mean,False,5e-05,1e-06,32,Adam,0.0,L2,256,28,[0.68794326 2.1920904  0.91725768],0.02,1.0,0.13288,1.94677,0.43182,0.37558,"[0.61905, 0.2, 0.30769]",770,0.42857,1.33369,0.63636,0.53211,"[0.64865, 0.25, 0.69767]",552,COMPLETED,283.583
468,20251228_200950,gln_phase2_TOP30.csv,30%,Preset_12,Transformer,42,"[896, 896, 896]",8,3,1152,0.1,silu,prenorm,learned,mean,False,5e-05,1e-06,32,Adam,0.0,L2,256,28,[0.68794326 2.1920904  0.91725768],0.02,1.0,0.11204,2.37878,0.40909,0.35576,"[0.37838, 0.13333, 0.55556]",912,0.14504,1.96577,0.59091,0.4894,"[0.68085, 0.16667, 0.62069]",885,COMPLETED,335.007
1223,20251228_200950,baseline_CASIAB_TOP30.csv,30%,Preset_13,Transformer,42,[1024],32,1,1536,0.15,silu,prenorm,sinusoidal,max,False,3e-05,1e-06,24,AdamW,0.0,minmax,256,10,[0.68794326 2.1920904  0.91725768],0.02,1.0,0.12777,3.43248,0.40909,0.30287,"[0.47619, 0.0, 0.43243]",264,0.68604,1.29389,0.52273,0.47362,"[0.59459, 0.28571, 0.54054]",109,COMPLETED,56.098
1224,20251228_200950,baseline_OUMVLP_TOP30.csv,30%,Preset_13,Transformer,42,[1024],32,1,1536,0.15,silu,prenorm,sinusoidal,max,False,3e-05,1e-06,24,AdamW,0.0,minmax,256,10,[0.68794326 2.1920904  0.91725768],0.02,1.0,0.13656,2.74553,0.45455,0.33881,"[0.60465, 0.0, 0.41176]",258,0.35344,1.79293,0.59091,0.53153,"[0.66667, 0.33333, 0.59459]",161,COMPLETED,54.805
1227,20251228_200950,gaitgl_GREW_BNNeck_TOP30.csv,30%,Preset_13,Transformer,42,[1024],32,1,1536,0.15,silu,prenorm,sinusoidal,max,False,3e-05,1e-06,24,AdamW,0.0,minmax,256,20,[0.68794326 2.1920904  0.91725768],0.02,1.0,0.14174,4.80031,0.27273,0.21471,"[0.34783, 0.0, 0.2963]",296,0.59388,1.89447,0.38636,0.39028,"[0.33333, 0.4, 0.4375]",179,COMPLETED,66.6
1226,20251228_200950,gaitgl_GREW_TOP30.csv,30%,Preset_13,Transformer,42,[1024],32,1,1536,0.15,silu,prenorm,sinusoidal,max,False,3e-05,1e-06,24,AdamW,0.0,minmax,256,20,[0.68794326 2.1920904  0.91725768],0.02,1.0,0.12986,1.82499,0.54545,0.45707,"[0.6087, 0.2, 0.5625]",107,0.15687,1.894,0.56818,0.50992,"[0.625, 0.33333, 0.57143]",101,COMPLETED,24.196
1228,20251228_200950,gaitgl_OUMVLP_TOP30.csv,30%,Preset_13,Transformer,42,[1024],32,1,1536,0.15,silu,prenorm,sinusoidal,max,False,3e-05,1e-06,24,AdamW,0.0,minmax,256,20,[0.68794326 2.1920904  0.91725768],0.02,1.0,0.13345,2.77992,0.54545,0.4026,"[0.63636, 0.0, 0.57143]",308,0.1702,2.7393,0.63636,0.46801,"[0.68182, 0.0, 0.72222]",275,COMPLETED,69.404
1225,20251228_200950,gaitgl_TOP30.csv,30%,Preset_13,Transformer,42,[1024],32,1,1536,0.15,silu,prenorm,sinusoidal,max,False,3e-05,1e-06,24,AdamW,0.0,minmax,128,20,[0.68794326 2.1920904  0.91725768],0.02,1.0,0.13282,2.40832,0.43182,0.34259,"[0.51163, 0.0, 0.51613]",144,0.14907,2.57671,0.5,0.45798,"[0.5, 0.28571, 0.58824]",134,COMPLETED,31.646
1229,20251228_200950,gaitpart_GREW_TOP30.csv,30%,Preset_13,Transformer,42,[1024],32,1,1536,0.15,silu,prenorm,sinusoidal,max,False,3e-05,1e-06,24,AdamW,0.0,minmax,256,5,[0.68794326 2.1920904  0.91725768],0.02,1.0,0.12436,2.6675,0.45455,0.39903,"[0.57143, 0.35294, 0.27273]",179,0.16406,2.27408,0.5,0.49239,"[0.52381, 0.47059, 0.48276]",156,COMPLETED,33.434
1230,20251228_200950,gaitpart_OUMVLP_TOP30.csv,30%,Preset_13,Transformer,42,[1024],32,1,1536,0.15,silu,prenorm,sinusoidal,max,False,3e-05,1e-06,24,AdamW,0.0,minmax,256,5,[0.68794326 2.1920904  0.91725768],0.02,1.0,0.13354,1.84481,0.65909,0.61538,"[0.71795, 0.46154, 0.66667]",500,0.13354,1.84481,0.65909,0.61538,"[0.71795, 0.46154, 0.66667]",500,COMPLETED,93.234
1232,20251228_200950,gaitset_GREW_TOP30.csv,30%,Preset_13,Transformer,42,[1024],32,1,1536,0.15,silu,prenorm,sinusoidal,max,False,3e-05,1e-06,24,AdamW,0.0,minmax,256,19,[0.68794326 2.1920904  0.91725768],0.02,1.0,0.14733,3.41181,0.43182,0.30571,"[0.56, 0.0, 0.35714]",256,0.49556,1.78295,0.45455,0.43481,"[0.4375, 0.26087, 0.60606]",146,COMPLETED,57.819
1233,20251228_200950,gaitset_OUMVLP_TOP30.csv,30%,Preset_13,Transformer,42,[1024],32,1,1536,0.15,silu,prenorm,sinusoidal,max,False,3e-05,1e-06,24,AdamW,0.0,minmax,256,19,[0.68794326 2.1920904  0.91725768],0.02,1.0,0.12812,4.40308,0.38636,0.35515,"[0.32258, 0.26667, 0.47619]",900,0.70455,1.35547,0.47727,0.47364,"[0.51282, 0.47059, 0.4375]",444,COMPLETED,202.384
1231,20251228_200950,gaitset_TOP30.csv,30%,Preset_13,Transformer,42,[1024],32,1,1536,0.15,silu,prenorm,sinusoidal,max,False,3e-05,1e-06,24,AdamW,0.0,minmax,256,19,[0.68794326 2.1920904  0.91725768],0.02,1.0,0.13679,3.58226,0.40909,0.31762,"[0.56, 0.14286, 0.25]",316,0.58626,1.62582,0.5,0.42509,"[0.55, 0.15385, 0.57143]",167,COMPLETED,71.144
1234,20251228_200950,gln_phase1_TOP30.csv,30%,Preset_13,Transformer,42,[1024],32,1,1536,0.15,silu,prenorm,sinusoidal,max,False,3e-05,1e-06,24,AdamW,0.0,minmax,256,28,[0.68794326 2.1920904  0.91725768],0.02,1.0,0.14795,2.55106,0.47727,0.36351,"[0.54054, 0.0, 0.55]",315,0.34401,2.42145,0.54545,0.43125,"[0.70588, 0.13333, 0.45455]",235,COMPLETED,73.652
1235,20251228_200950,gln_phase2_TOP30.csv,30%,Preset_13,Transformer,42,[1024],32,1,1536,0.15,silu,prenorm,sinusoidal,max,False,3e-05,1e-06,24,AdamW,0.0,minmax,256,28,[0.68794326 2.1920904  0.91725768],0.02,1.0,0.13103,3.01538,0.52273,0.47953,"[0.52632, 0.33333, 0.57895]",392,0.58404,1.42957,0.61364,0.56053,"[0.65, 0.4, 0.63158]",187,COMPLETED,91.822
1210,20251228_200950,baseline_CASIAB_TOP30.csv,30%,Preset_14,Transformer,42,[256],8,1,256,0.1,mish,postnorm,learned,cls,True,5e-05,0.0,40,Adam,0.0,L2,256,10,[0.68794326 2.1920904  0.91725768],0.02,1.0,0.3046,2.31843,0.43182,0.30667,"[0.52, 0.0, 0.4]",1805,0.64967,1.39018,0.5,0.4852,"[0.48649, 0.42857, 0.54054]",764,STOPPED,188.037
1211,20251228_200950,baseline_OUMVLP_TOP30.csv,30%,Preset_14,Transformer,42,[256],8,1,256,0.1,mish,postnorm,learned,cls,True,5e-05,0.0,40,Adam,0.0,L2,256,10,[0.68794326 2.1920904  0.91725768],0.02,1.0,0.52035,2.186,0.36364,0.34257,"[0.34286, 0.2, 0.48485]",1533,0.53772,2.11043,0.45455,0.43707,"[0.43243, 0.33333, 0.54545]",1319,STOPPED,159.736
1214,20251228_200950,gaitgl_GREW_BNNeck_TOP30.csv,30%,Preset_14,Transformer,42,[256],8,1,256,0.1,mish,postnorm,learned,cls,True,5e-05,0.0,40,Adam,0.0,L2,256,20,[0.68794326 2.1920904  0.91725768],0.02,1.0,0.28236,3.49753,0.38636,0.33514,"[0.38889, 0.14286, 0.47368]",1896,0.72705,1.26629,0.47727,0.46687,"[0.45714, 0.38095, 0.5625]",469,STOPPED,211.037
1213,20251228_200950,gaitgl_GREW_TOP30.csv,30%,Preset_14,Transformer,42,[256],8,1,256,0.1,mish,postnorm,learned,cls,True,5e-05,0.0,40,Adam,0.0,L2,256,20,[0.68794326 2.1920904  0.91725768],0.02,1.0,0.17125,2.31682,0.5,0.35128,"[0.65385, 0.0, 0.4]",1021,0.14331,2.51009,0.52273,0.43045,"[0.68182, 0.14286, 0.46667]",964,STOPPED,113.011
1215,20251228_200950,gaitgl_OUMVLP_TOP30.csv,30%,Preset_14,Transformer,42,[256],8,1,256,0.1,mish,postnorm,learned,cls,True,5e-05,0.0,40,Adam,0.0,L2,256,20,[0.68794326 2.1920904  0.91725768],0.02,1.0,0.52435,2.17353,0.38636,0.2853,"[0.32258, 0.0, 0.53333]",1244,0.73827,1.15127,0.40909,0.40985,"[0.35897, 0.4, 0.47059]",594,STOPPED,137.579
1212,20251228_200950,gaitgl_TOP30.csv,30%,Preset_14,Transformer,42,[256],8,1,256,0.1,mish,postnorm,learned,cls,True,5e-05,0.0,40,Adam,0.0,L2,128,20,[0.68794326 2.1920904  0.91725768],0.02,1.0,0.18877,1.72537,0.56818,0.46171,"[0.68, 0.16667, 0.53846]",1279,0.51489,1.31159,0.59091,0.52683,"[0.61111, 0.26667, 0.7027]",524,STOPPED,134.106
1216,20251228_200950,gaitpart_GREW_TOP30.csv,30%,Preset_14,Transformer,42,[256],8,1,256,0.1,mish,postnorm,learned,cls,True,5e-05,0.0,40,Adam,0.0,L2,256,5,[0.68794326 2.1920904  0.91725768],0.02,1.0,0.39276,2.66708,0.45455,0.44408,"[0.4878, 0.4, 0.44444]",1505,0.39876,2.31822,0.54545,0.53572,"[0.53659, 0.47059, 0.6]",1224,STOPPED,156.196
1217,20251228_200950,gaitpart_OUMVLP_TOP30.csv,30%,Preset_14,Transformer,42,[256],8,1,256,0.1,mish,postnorm,learned,cls,True,5e-05,0.0,40,Adam,0.0,L2,256,5,[0.68794326 2.1920904  0.91725768],0.02,1.0,1.10765,1.09391,0.47727,0.21538,"[0.64615, 0.0, 0.0]",157,1.10765,1.09391,0.47727,0.21538,"[0.64615, 0.0, 0.0]",157,STOPPED,16.504
1219,20251228_200950,gaitset_GREW_TOP30.csv,30%,Preset_14,Transformer,42,[256],8,1,256,0.1,mish,postnorm,learned,cls,True,5e-05,0.0,40,Adam,0.0,L2,256,19,[0.68794326 2.1920904  0.91725768],0.02,1.0,0.26604,2.81395,0.45455,0.43669,"[0.5, 0.35294, 0.45714]",1527,0.48168,1.82204,0.54545,0.51941,"[0.61538, 0.42857, 0.51429]",891,STOPPED,169.476
1220,20251228_200950,gaitset_OUMVLP_TOP30.csv,30%,Preset_14,Transformer,42,[256],8,1,256,0.1,mish,postnorm,learned,cls,True,5e-05,0.0,40,Adam,0.0,L2,256,19,[0.68794326 2.1920904  0.91725768],0.02,1.0,1.10855,1.1076,0.15909,0.0915,"[0.0, 0.27451, 0.0]",157,1.10855,1.1076,0.15909,0.0915,"[0.0, 0.27451, 0.0]",157,STOPPED,17.825
1218,20251228_200950,gaitset_TOP30.csv,30%,Preset_14,Transformer,42,[256],8,1,256,0.1,mish,postnorm,learned,cls,True,5e-05,0.0,40,Adam,0.0,L2,256,19,[0.68794326 2.1920904  0.91725768],0.02,1.0,0.27914,2.16648,0.38636,0.33726,"[0.46154, 0.18182, 0.36842]",1910,0.41748,1.98036,0.5,0.4521,"[0.6, 0.28571, 0.47059]",1404,STOPPED,211.415
1221,20251228_200950,gln_phase1_TOP30.csv,30%,Preset_14,Transformer,42,[256],8,1,256,0.1,mish,postnorm,learned,cls,True,5e-05,0.0,40,Adam,0.0,L2,256,28,[0.68794326 2.1920904  0.91725768],0.02,1.0,0.36174,2.07384,0.45455,0.41071,"[0.57143, 0.28571, 0.375]",1500,0.36474,1.45529,0.59091,0.55328,"[0.6, 0.44444, 0.61538]",1356,STOPPED,170.819
1222,20251228_200950,gln_phase2_TOP30.csv,30%,Preset_14,Transformer,42,[256],8,1,256,0.1,mish,postnorm,learned,cls,True,5e-05,0.0,40,Adam,0.0,L2,256,28,[0.68794326 2.1920904  0.91725768],0.02,1.0,0.28043,2.12167,0.52273,0.46676,"[0.51613, 0.25, 0.63415]",1657,0.31073,1.68277,0.61364,0.54304,"[0.57143, 0.30769, 0.75]",1559,STOPPED,189.05
1548,20251228_200950,baseline_CASIAB_TOP30.csv,30%,Preset_15,Transformer,42,"[160, 320, 640]",10,3,1024,0.25,gelu,postnorm,sinusoidal,mean,False,0.00015,1e-06,32,AdamW,0.0,,256,10,[0.68794326 2.1920904  0.91725768],0.02,1.0,0.12885,2.94887,0.45455,0.36905,"[0.58333, 0.16667, 0.35714]",341,0.30396,2.00554,0.45455,0.44713,"[0.51282, 0.42857, 0.4]",174,COMPLETED,90.023
1549,20251228_200950,baseline_OUMVLP_TOP30.csv,30%,Preset_15,Transformer,42,"[160, 320, 640]",10,3,1024,0.25,gelu,postnorm,sinusoidal,mean,False,0.00015,1e-06,32,AdamW,0.0,,256,10,[0.68794326 2.1920904  0.91725768],0.02,1.0,0.11247,2.77131,0.5,0.46818,"[0.6, 0.35294, 0.45161]",313,0.63532,1.53433,0.63636,0.52968,"[0.69388, 0.25, 0.64516]",90,COMPLETED,82.814
1552,20251228_200950,gaitgl_GREW_BNNeck_TOP30.csv,30%,Preset_15,Transformer,42,"[160, 320, 640]",10,3,1024,0.25,gelu,postnorm,sinusoidal,mean,False,0.00015,1e-06,32,AdamW,0.0,,256,20,[0.68794326 2.1920904  0.91725768],0.02,1.0,0.19674,3.14211,0.34091,0.35205,"[0.27778, 0.4, 0.37838]",752,0.2992,2.2756,0.54545,0.52462,"[0.63636, 0.5, 0.4375]",502,STOPPED,206.515
1551,20251228_200950,gaitgl_GREW_TOP30.csv,30%,Preset_15,Transformer,42,"[160, 320, 640]",10,3,1024,0.25,gelu,postnorm,sinusoidal,mean,False,0.00015,1e-06,32,AdamW,0.0,,256,20,[0.68794326 2.1920904  0.91725768],0.02,1.0,0.12232,1.95988,0.40909,0.30408,"[0.63636, 0.0, 0.27586]",32,0.17526,2.0744,0.47727,0.42686,"[0.61905, 0.2, 0.46154]",20,COMPLETED,8.764
1553,20251228_200950,gaitgl_OUMVLP_TOP30.csv,30%,Preset_15,Transformer,42,"[160, 320, 640]",10,3,1024,0.25,gelu,postnorm,sinusoidal,mean,False,0.00015,1e-06,32,AdamW,0.0,,256,20,[0.68794326 2.1920904  0.91725768],0.02,1.0,0.11425,2.34323,0.5,0.43924,"[0.6383, 0.31579, 0.36364]",126,0.23224,2.39771,0.56818,0.50122,"[0.69388, 0.375, 0.43478]",111,COMPLETED,34.449
1550,20251228_200950,gaitgl_TOP30.csv,30%,Preset_15,Transformer,42,"[160, 320, 640]",10,3,1024,0.25,gelu,postnorm,sinusoidal,mean,False,0.00015,1e-06,32,AdamW,0.0,,128,20,[0.68794326 2.1920904  0.91725768],0.02,1.0,0.11899,2.39985,0.38636,0.35317,"[0.25, 0.28571, 0.52381]",37,0.36718,1.55808,0.52273,0.46999,"[0.59091, 0.28571, 0.53333]",17,COMPLETED,9.809
1554,20251228_200950,gaitpart_GREW_TOP30.csv,30%,Preset_15,Transformer,42,"[160, 320, 640]",10,3,1024,0.25,gelu,postnorm,sinusoidal,mean,False,0.00015,1e-06,32,AdamW,0.0,,256,5,[0.68794326 2.1920904  0.91725768],0.02,1.0,0.11844,2.82538,0.45455,0.43271,"[0.54054, 0.33333, 0.42424]",534,0.40952,1.40133,0.59091,0.58361,"[0.65, 0.57143, 0.52941]",192,COMPLETED,140.329
1555,20251228_200950,gaitpart_OUMVLP_TOP30.csv,30%,Preset_15,Transformer,42,"[160, 320, 640]",10,3,1024,0.25,gelu,postnorm,sinusoidal,mean,False,0.00015,1e-06,32,AdamW,0.0,,256,5,[0.68794326 2.1920904  0.91725768],0.02,1.0,0.12676,2.40853,0.5,0.46205,"[0.60465, 0.35294, 0.42857]",536,0.11512,1.79555,0.70455,0.66667,"[0.79167, 0.625, 0.58333]",482,COMPLETED,140.937
1557,20251228_200950,gaitset_GREW_TOP30.csv,30%,Preset_15,Transformer,42,"[160, 320, 640]",10,3,1024,0.25,gelu,postnorm,sinusoidal,mean,False,0.00015,1e-06,32,AdamW,0.0,,256,19,[0.68794326 2.1920904  0.91725768],0.02,1.0,0.12171,2.70125,0.45455,0.40053,"[0.57778, 0.26667, 0.35714]",578,0.2632,2.51587,0.52273,0.47078,"[0.60465, 0.30769, 0.5]",463,COMPLETED,158.063
1558,20251228_200950,gaitset_OUMVLP_TOP30.csv,30%,Preset_15,Transformer,42,"[160, 320, 640]",10,3,1024,0.25,gelu,postnorm,sinusoidal,mean,False,0.00015,1e-06,32,AdamW,0.0,,256,19,[0.68794326 2.1920904  0.91725768],0.02,1.0,0.10701,2.5729,0.52273,0.43056,"[0.625, 0.2, 0.46667]",702,0.60768,1.7715,0.52273,0.50357,"[0.59459, 0.4, 0.51613]",251,COMPLETED,191.058
1556,20251228_200950,gaitset_TOP30.csv,30%,Preset_15,Transformer,42,"[160, 320, 640]",10,3,1024,0.25,gelu,postnorm,sinusoidal,mean,False,0.00015,1e-06,32,AdamW,0.0,,256,19,[0.68794326 2.1920904  0.91725768],0.02,1.0,0.14331,3.2179,0.36364,0.28025,"[0.4878, 0.0, 0.35294]",318,0.61565,1.65797,0.43182,0.36914,"[0.4375, 0.13333, 0.53659]",117,COMPLETED,86.492
1559,20251228_200950,gln_phase1_TOP30.csv,30%,Preset_15,Transformer,42,"[160, 320, 640]",10,3,1024,0.25,gelu,postnorm,sinusoidal,mean,False,0.00015,1e-06,32,AdamW,0.0,,256,28,[0.68794326 2.1920904  0.91725768],0.02,1.0,0.13935,2.52251,0.45455,0.40149,"[0.55319, 0.26667, 0.38462]",187,0.129,2.11594,0.56818,0.52004,"[0.58537, 0.36364, 0.61111]",183,COMPLETED,52.558
1560,20251228_200950,gln_phase2_TOP30.csv,30%,Preset_15,Transformer,42,"[160, 320, 640]",10,3,1024,0.25,gelu,postnorm,sinusoidal,mean,False,0.00015,1e-06,32,AdamW,0.0,,256,28,[0.68794326 2.1920904  0.91725768],0.02,1.0,0.12095,2.20727,0.54545,0.51378,"[0.45714, 0.4, 0.68421]",250,0.15494,2.33467,0.56818,0.5537,"[0.55, 0.5, 0.61111]",211,COMPLETED,70.308
235,20251228_200950,baseline_CASIAB_TOP30.csv,30%,Preset_16,Transformer,42,"[512, 512, 512]",8,3,768,0.2,silu,prenorm,learned,cls,True,0.0002,0.0,32,AdamW,0.0,L2,256,10,[0.68794326 2.1920904  0.91725768],0.02,1.0,0.14271,2.62331,0.38636,0.33932,"[0.39024, 0.14286, 0.48485]",1141,0.32922,1.77339,0.56818,0.53623,"[0.6087, 0.42857, 0.57143]",766,STOPPED,295.936
236,20251228_200950,baseline_OUMVLP_TOP30.csv,30%,Preset_16,Transformer,42,"[512, 512, 512]",8,3,768,0.2,silu,prenorm,learned,cls,True,0.0002,0.0,32,AdamW,0.0,L2,256,10,[0.68794326 2.1920904  0.91725768],0.02,1.0,0.27359,3.32541,0.38636,0.33169,"[0.46512, 0.14286, 0.3871]",1455,0.55608,1.39467,0.54545,0.54413,"[0.5, 0.52632, 0.60606]",753,STOPPED,376.957
239,20251228_200950,gaitgl_GREW_BNNeck_TOP30.csv,30%,Preset_16,Transformer,42,"[512, 512, 512]",8,3,768,0.2,silu,prenorm,learned,cls,True,0.0002,0.0,32,AdamW,0.0,L2,256,20,[0.68794326 2.1920904  0.91725768],0.02,1.0,0.17175,2.67057,0.45455,0.41273,"[0.53659, 0.25, 0.45161]",1351,0.74883,1.36804,0.45455,0.43704,"[0.47368, 0.28571, 0.55172]",281,STOPPED,362.409
238,20251228_200950,gaitgl_GREW_TOP30.csv,30%,Preset_16,Transformer,42,"[512, 512, 512]",8,3,768,0.2,silu,prenorm,learned,cls,True,0.0002,0.0,32,AdamW,0.0,L2,256,20,[0.68794326 2.1920904  0.91725768],0.02,1.0,0.13378,2.39018,0.47727,0.40535,"[0.54545, 0.2, 0.47059]",244,0.11748,2.03612,0.54545,0.46679,"[0.57143, 0.25, 0.57895]",240,COMPLETED,65.541
240,20251228_200950,gaitgl_OUMVLP_TOP30.csv,30%,Preset_16,Transformer,42,"[512, 512, 512]",8,3,768,0.2,silu,prenorm,learned,cls,True,0.0002,0.0,32,AdamW,0.0,L2,256,20,[0.68794326 2.1920904  0.91725768],0.02,1.0,1.11137,1.10021,0.36364,0.17778,"[0.0, 0.0, 0.53333]",173,1.11137,1.10021,0.36364,0.17778,"[0.0, 0.0, 0.53333]",173,STOPPED,46.472
237,20251228_200950,gaitgl_TOP30.csv,30%,Preset_16,Transformer,42,"[512, 512, 512]",8,3,768,0.2,silu,prenorm,learned,cls,True,0.0002,0.0,32,AdamW,0.0,L2,128,20,[0.68794326 2.1920904  0.91725768],0.02,1.0,0.19676,2.81489,0.45455,0.38387,"[0.53333, 0.16667, 0.45161]",422,0.71978,1.29692,0.61364,0.50537,"[0.69388, 0.22222, 0.6]",131,STOPPED,110.872
241,20251228_200950,gaitpart_GREW_TOP30.csv,30%,Preset_16,Transformer,42,"[512, 512, 512]",8,3,768,0.2,silu,prenorm,learned,cls,True,0.0002,0.0,32,AdamW,0.0,L2,256,5,[0.68794326 2.1920904  0.91725768],0.02,1.0,0.16666,2.4167,0.47727,0.47105,"[0.5, 0.46154, 0.45161]",1188,0.38896,1.40739,0.59091,0.58557,"[0.60465, 0.57143, 0.58065]",741,STOPPED,303.824
242,20251228_200950,gaitpart_OUMVLP_TOP30.csv,30%,Preset_16,Transformer,42,"[512, 512, 512]",8,3,768,0.2,silu,prenorm,learned,cls,True,0.0002,0.0,32,AdamW,0.0,L2,256,5,[0.68794326 2.1920904  0.91725768],0.02,1.0,1.10358,1.10434,0.36364,0.17778,"[0.0, 0.0, 0.53333]",225,1.10358,1.10434,0.36364,0.17778,"[0.0, 0.0, 0.53333]",225,STOPPED,57.581
244,20251228_200950,gaitset_GREW_TOP30.csv,30%,Preset_16,Transformer,42,"[512, 512, 512]",8,3,768,0.2,silu,prenorm,learned,cls,True,0.0002,0.0,32,AdamW,0.0,L2,256,19,[0.68794326 2.1920904  0.91725768],0.02,1.0,0.2319,2.58686,0.43182,0.37135,"[0.47368, 0.16667, 0.47368]",1293,0.4064,1.5274,0.52273,0.50855,"[0.5641, 0.46154, 0.5]",761,STOPPED,344.566
245,20251228_200950,gaitset_OUMVLP_TOP30.csv,30%,Preset_16,Transformer,42,"[512, 512, 512]",8,3,768,0.2,silu,prenorm,learned,cls,True,0.0002,0.0,32,AdamW,0.0,L2,256,19,[0.68794326 2.1920904  0.91725768],0.02,1.0,1.11406,1.12757,0.15909,0.0915,"[0.0, 0.27451, 0.0]",206,1.11406,1.12757,0.15909,0.0915,"[0.0, 0.27451, 0.0]",206,STOPPED,54.876
243,20251228_200950,gaitset_TOP30.csv,30%,Preset_16,Transformer,42,"[512, 512, 512]",8,3,768,0.2,silu,prenorm,learned,cls,True,0.0002,0.0,32,AdamW,0.0,L2,256,19,[0.68794326 2.1920904  0.91725768],0.02,1.0,0.13914,2.8007,0.40909,0.37405,"[0.51282, 0.22222, 0.3871]",1723,0.15498,2.65448,0.5,0.45088,"[0.61538, 0.26667, 0.47059]",1531,COMPLETED,463.603
246,20251228_200950,gln_phase1_TOP30.csv,30%,Preset_16,Transformer,42,"[512, 512, 512]",8,3,768,0.2,silu,prenorm,learned,cls,True,0.0002,0.0,32,AdamW,0.0,L2,256,28,[0.68794326 2.1920904  0.91725768],0.02,1.0,0.2158,2.56502,0.47727,0.40346,"[0.45714, 0.18182, 0.57143]",1002,0.25486,2.37612,0.54545,0.55028,"[0.52941, 0.57143, 0.55]",734,STOPPED,277.176
247,20251228_200950,gln_phase2_TOP30.csv,30%,Preset_16,Transformer,42,"[512, 512, 512]",8,3,768,0.2,silu,prenorm,learned,cls,True,0.0002,0.0,32,AdamW,0.0,L2,256,28,[0.68794326 2.1920904  0.91725768],0.02,1.0,0.17757,2.29968,0.52273,0.47578,"[0.55556, 0.30769, 0.5641]",1141,0.23383,1.68203,0.65909,0.63168,"[0.68293, 0.54545, 0.66667]",841,STOPPED,314.745
222,20251228_200950,baseline_CASIAB_TOP30.csv,30%,Preset_17,Transformer,42,"[1024, 768, 512]",16,3,512,0.1,gelu,postnorm,learned,mean,False,3e-05,1e-06,32,AdamW,0.0,L2,256,10,[0.68794326 2.1920904  0.91725768],0.02,1.0,0.49687,1.90579,0.34091,0.29667,"[0.43902, 0.11765, 0.33333]",937,0.63475,1.54178,0.43182,0.40256,"[0.5, 0.30769, 0.4]",891,STOPPED,284.915
223,20251228_200950,baseline_OUMVLP_TOP30.csv,30%,Preset_17,Transformer,42,"[1024, 768, 512]",16,3,512,0.1,gelu,postnorm,learned,mean,False,3e-05,1e-06,32,AdamW,0.0,L2,256,10,[0.68794326 2.1920904  0.91725768],0.02,1.0,0.1172,2.3661,0.5,0.46419,"[0.4878, 0.33333, 0.57143]",1570,0.39594,1.7963,0.56818,0.53423,"[0.59574, 0.44444, 0.5625]",1310,COMPLETED,477.368
226,20251228_200950,gaitgl_GREW_BNNeck_TOP30.csv,30%,Preset_17,Transformer,42,"[1024, 768, 512]",16,3,512,0.1,gelu,postnorm,learned,mean,False,3e-05,1e-06,32,AdamW,0.0,L2,256,20,[0.68794326 2.1920904  0.91725768],0.02,1.0,0.10554,3.29349,0.34091,0.32323,"[0.4, 0.26667, 0.30303]",1278,0.69166,1.59171,0.43182,0.41321,"[0.4375, 0.27273, 0.52941]",325,COMPLETED,409.736
225,20251228_200950,gaitgl_GREW_TOP30.csv,30%,Preset_17,Transformer,42,"[1024, 768, 512]",16,3,512,0.1,gelu,postnorm,learned,mean,False,3e-05,1e-06,32,AdamW,0.0,L2,256,20,[0.68794326 2.1920904  0.91725768],0.02,1.0,0.11655,2.56823,0.5,0.42418,"[0.61538, 0.14286, 0.51429]",684,0.31815,2.29188,0.54545,0.44409,"[0.69565, 0.15385, 0.48276]",660,COMPLETED,219.782
227,20251228_200950,gaitgl_OUMVLP_TOP30.csv,30%,Preset_17,Transformer,42,"[1024, 768, 512]",16,3,512,0.1,gelu,postnorm,learned,mean,False,3e-05,1e-06,32,AdamW,0.0,L2,256,20,[0.68794326 2.1920904  0.91725768],0.02,1.0,1.10375,1.11204,0.20455,0.16596,"[0.0, 0.29787, 0.2]",218,1.10375,1.11204,0.20455,0.16596,"[0.0, 0.29787, 0.2]",218,STOPPED,70.02
224,20251228_200950,gaitgl_TOP30.csv,30%,Preset_17,Transformer,42,"[1024, 768, 512]",16,3,512,0.1,gelu,postnorm,learned,mean,False,3e-05,1e-06,32,AdamW,0.0,L2,128,20,[0.68794326 2.1920904  0.91725768],0.02,1.0,0.10381,2.50632,0.47727,0.40606,"[0.53333, 0.2, 0.48485]",816,0.20104,2.04793,0.54545,0.45823,"[0.60465, 0.18182, 0.58824]",540,COMPLETED,255.203
228,20251228_200950,gaitpart_GREW_TOP30.csv,30%,Preset_17,Transformer,42,"[1024, 768, 512]",16,3,512,0.1,gelu,postnorm,learned,mean,False,3e-05,1e-06,32,AdamW,0.0,L2,256,5,[0.68794326 2.1920904  0.91725768],0.02,1.0,0.4637,1.57884,0.56818,0.56885,"[0.54054, 0.57143, 0.59459]",1437,0.57531,1.30086,0.63636,0.64327,"[0.63158, 0.66667, 0.63158]",930,STOPPED,434.53
229,20251228_200950,gaitpart_OUMVLP_TOP30.csv,30%,Preset_17,Transformer,42,"[1024, 768, 512]",16,3,512,0.1,gelu,postnorm,learned,mean,False,3e-05,1e-06,32,AdamW,0.0,L2,256,5,[0.68794326 2.1920904  0.91725768],0.02,1.0,1.11062,1.09546,0.36364,0.17778,"[0.0, 0.0, 0.53333]",132,1.11062,1.09546,0.36364,0.17778,"[0.0, 0.0, 0.53333]",132,STOPPED,40.096
231,20251228_200950,gaitset_GREW_TOP30.csv,30%,Preset_17,Transformer,42,"[1024, 768, 512]",16,3,512,0.1,gelu,postnorm,learned,mean,False,3e-05,1e-06,32,AdamW,0.0,L2,256,19,[0.68794326 2.1920904  0.91725768],0.02,1.0,0.55768,1.27655,0.45455,0.404,"[0.54167, 0.28571, 0.38462]",868,0.69282,1.37579,0.5,0.46667,"[0.57143, 0.42857, 0.4]",664,STOPPED,278.328
232,20251228_200950,gaitset_OUMVLP_TOP30.csv,30%,Preset_17,Transformer,42,"[1024, 768, 512]",16,3,512,0.1,gelu,postnorm,learned,mean,False,3e-05,1e-06,32,AdamW,0.0,L2,256,19,[0.68794326 2.1920904  0.91725768],0.02,1.0,1.10616,1.11339,0.15909,0.0915,"[0.0, 0.27451, 0.0]",144,1.10616,1.11339,0.15909,0.0915,"[0.0, 0.27451, 0.0]",144,STOPPED,46.009
230,20251228_200950,gaitset_TOP30.csv,30%,Preset_17,Transformer,42,"[1024, 768, 512]",16,3,512,0.1,gelu,postnorm,learned,mean,False,3e-05,1e-06,32,AdamW,0.0,L2,256,19,[0.68794326 2.1920904  0.91725768],0.02,1.0,0.14343,3.1819,0.29545,0.21711,"[0.44444, 0.0, 0.2069]",1429,0.66421,1.66658,0.45455,0.38762,"[0.53659, 0.18182, 0.44444]",577,COMPLETED,458.193
233,20251228_200950,gln_phase1_TOP30.csv,30%,Preset_17,Transformer,42,"[1024, 768, 512]",16,3,512,0.1,gelu,postnorm,learned,mean,False,3e-05,1e-06,32,AdamW,0.0,L2,256,28,[0.68794326 2.1920904  0.91725768],0.02,1.0,0.1115,2.36033,0.5,0.45323,"[0.57895, 0.23529, 0.54545]",1570,0.3096,1.45694,0.65909,0.55,"[0.7, 0.25, 0.7]",1358,COMPLETED,529.086
234,20251228_200950,gln_phase2_TOP30.csv,30%,Preset_17,Transformer,42,"[1024, 768, 512]",16,3,512,0.1,gelu,postnorm,learned,mean,False,3e-05,1e-06,32,AdamW,0.0,L2,256,28,[0.68794326 2.1920904  0.91725768],0.02,1.0,0.94699,2.91293,0.34091,0.30048,"[0.43902, 0.10526, 0.35714]",1272,0.72604,1.46343,0.52273,0.4443,"[0.56522, 0.22222, 0.54545]",369,STOPPED,427.892
846,20251228_200950,baseline_CASIAB_TOP30.csv,30%,Preset_18,Transformer,42,"[512, 768, 512]",16,3,896,0.1,gelu,prenorm,learned,cls,True,3e-05,1e-05,40,AdamW,0.0,,256,10,[0.68794326 2.1920904  0.91725768],0.02,1.0,0.14564,2.78099,0.38636,0.37902,"[0.43243, 0.32, 0.38462]",513,0.35263,2.17114,0.52273,0.50245,"[0.53659, 0.44444, 0.52632]",380,COMPLETED,119.118
847,20251228_200950,baseline_OUMVLP_TOP30.csv,30%,Preset_18,Transformer,42,"[512, 768, 512]",16,3,896,0.1,gelu,prenorm,learned,cls,True,3e-05,1e-05,40,AdamW,0.0,,256,10,[0.68794326 2.1920904  0.91725768],0.02,1.0,0.12022,2.45332,0.47727,0.40623,"[0.58537, 0.13333, 0.5]",761,0.66711,1.24918,0.61364,0.50867,"[0.68085, 0.2, 0.64516]",211,COMPLETED,176.482
850,20251228_200950,gaitgl_GREW_BNNeck_TOP30.csv,30%,Preset_18,Transformer,42,"[512, 768, 512]",16,3,896,0.1,gelu,prenorm,learned,cls,True,3e-05,1e-05,40,AdamW,0.0,,256,20,[0.68794326 2.1920904  0.91725768],0.02,1.0,0.1053,2.32813,0.5,0.42381,"[0.57143, 0.2, 0.5]",1019,0.15887,2.04303,0.56818,0.46954,"[0.65306, 0.22222, 0.53333]",948,COMPLETED,250.45
849,20251228_200950,gaitgl_GREW_TOP30.csv,30%,Preset_18,Transformer,42,"[512, 768, 512]",16,3,896,0.1,gelu,prenorm,learned,cls,True,3e-05,1e-05,40,AdamW,0.0,,256,20,[0.68794326 2.1920904  0.91725768],0.02,1.0,0.13279,2.09507,0.47727,0.39428,"[0.59574, 0.2, 0.3871]",31,0.3474,1.56511,0.5,0.42381,"[0.57143, 0.2, 0.5]",15,COMPLETED,7.601
851,20251228_200950,gaitgl_OUMVLP_TOP30.csv,30%,Preset_18,Transformer,42,"[512, 768, 512]",16,3,896,0.1,gelu,prenorm,learned,cls,True,3e-05,1e-05,40,AdamW,0.0,,256,20,[0.68794326 2.1920904  0.91725768],0.02,1.0,0.12234,2.33622,0.52273,0.47769,"[0.625, 0.44444, 0.36364]",133,0.15732,1.55421,0.56818,0.53333,"[0.6, 0.375, 0.625]",90,COMPLETED,32.916
848,20251228_200950,gaitgl_TOP30.csv,30%,Preset_18,Transformer,42,"[512, 768, 512]",16,3,896,0.1,gelu,prenorm,learned,cls,True,3e-05,1e-05,40,AdamW,0.0,,128,20,[0.68794326 2.1920904  0.91725768],0.02,1.0,0.14205,1.60008,0.61364,0.44444,"[0.66667, 0.0, 0.66667]",44,0.61494,1.17438,0.63636,0.54967,"[0.72727, 0.4, 0.52174]",14,COMPLETED,10.675
852,20251228_200950,gaitpart_GREW_TOP30.csv,30%,Preset_18,Transformer,42,"[512, 768, 512]",16,3,896,0.1,gelu,prenorm,learned,cls,True,3e-05,1e-05,40,AdamW,0.0,,256,5,[0.68794326 2.1920904  0.91725768],0.02,1.0,0.36642,2.37989,0.47727,0.40883,"[0.625, 0.31579, 0.28571]",981,0.41822,1.68299,0.61364,0.58442,"[0.68182, 0.5, 0.57143]",592,STOPPED,224.712
853,20251228_200950,gaitpart_OUMVLP_TOP30.csv,30%,Preset_18,Transformer,42,"[512, 768, 512]",16,3,896,0.1,gelu,prenorm,learned,cls,True,3e-05,1e-05,40,AdamW,0.0,,256,5,[0.68794326 2.1920904  0.91725768],0.02,1.0,0.149,1.84268,0.59091,0.56999,"[0.59459, 0.5, 0.61538]",720,0.17472,1.45324,0.65909,0.62719,"[0.71111, 0.54545, 0.625]",698,COMPLETED,165.131
855,20251228_200950,gaitset_GREW_TOP30.csv,30%,Preset_18,Transformer,42,"[512, 768, 512]",16,3,896,0.1,gelu,prenorm,learned,cls,True,3e-05,1e-05,40,AdamW,0.0,,256,19,[0.68794326 2.1920904  0.91725768],0.02,1.0,0.11489,2.54786,0.43182,0.37075,"[0.4878, 0.15385, 0.47059]",665,0.71904,1.33828,0.52273,0.51667,"[0.5, 0.5, 0.55]",187,COMPLETED,163.379
856,20251228_200950,gaitset_OUMVLP_TOP30.csv,30%,Preset_18,Transformer,42,"[512, 768, 512]",16,3,896,0.1,gelu,prenorm,learned,cls,True,3e-05,1e-05,40,AdamW,0.0,,256,19,[0.68794326 2.1920904  0.91725768],0.02,1.0,0.10976,2.40123,0.47727,0.37137,"[0.62745, 0.16667, 0.32]",604,0.19909,1.74,0.61364,0.50963,"[0.68182, 0.2, 0.64706]",575,COMPLETED,147.857
854,20251228_200950,gaitset_TOP30.csv,30%,Preset_18,Transformer,42,"[512, 768, 512]",16,3,896,0.1,gelu,prenorm,learned,cls,True,3e-05,1e-05,40,AdamW,0.0,,256,19,[0.68794326 2.1920904  0.91725768],0.02,1.0,0.12657,2.29927,0.47727,0.43381,"[0.55, 0.23529, 0.51613]",389,0.18641,2.2789,0.59091,0.54719,"[0.68293, 0.31579, 0.64286]",351,COMPLETED,95.726
857,20251228_200950,gln_phase1_TOP30.csv,30%,Preset_18,Transformer,42,"[512, 768, 512]",16,3,896,0.1,gelu,prenorm,learned,cls,True,3e-05,1e-05,40,AdamW,0.0,,256,28,[0.68794326 2.1920904  0.91725768],0.02,1.0,0.14504,2.08752,0.47727,0.34527,"[0.56522, 0.0, 0.47059]",338,0.29804,2.0752,0.5,0.45408,"[0.6, 0.21053, 0.55172]",186,COMPLETED,87.886
858,20251228_200950,gln_phase2_TOP30.csv,30%,Preset_18,Transformer,42,"[512, 768, 512]",16,3,896,0.1,gelu,prenorm,learned,cls,True,3e-05,1e-05,40,AdamW,0.0,,256,28,[0.68794326 2.1920904  0.91725768],0.02,1.0,0.13255,2.77203,0.34091,0.2654,"[0.40909, 0.0, 0.3871]",326,0.60383,1.36814,0.45455,0.41956,"[0.43243, 0.28571, 0.54054]",122,COMPLETED,84.657
1561,20251228_200950,baseline_CASIAB_TOP30.csv,30%,Preset_19,Transformer,42,[512],16,1,2048,0.1,silu,prenorm,learned,cls,True,0.0004,1e-06,64,AdamW,0.0,L2,256,10,[0.68794326 2.1920904  0.91725768],0.02,1.0,0.13559,3.03642,0.36364,0.2849,"[0.41026, 0.0, 0.44444]",579,0.61777,1.70578,0.43182,0.4157,"[0.43902, 0.36364, 0.44444]",266,COMPLETED,48.104
1562,20251228_200950,baseline_OUMVLP_TOP30.csv,30%,Preset_19,Transformer,42,[512],16,1,2048,0.1,silu,prenorm,learned,cls,True,0.0004,1e-06,64,AdamW,0.0,L2,256,10,[0.68794326 2.1920904  0.91725768],0.02,1.0,0.14602,2.4449,0.5,0.38807,"[0.55814, 0.0, 0.60606]",685,0.62236,1.53823,0.54545,0.47083,"[0.6, 0.125, 0.6875]",352,COMPLETED,57.106
1565,20251228_200950,gaitgl_GREW_BNNeck_TOP30.csv,30%,Preset_19,Transformer,42,[512],16,1,2048,0.1,silu,prenorm,learned,cls,True,0.0004,1e-06,64,AdamW,0.0,L2,256,20,[0.68794326 2.1920904  0.91725768],0.02,1.0,0.13935,2.59021,0.45455,0.41563,"[0.51064, 0.30769, 0.42857]",560,0.16295,2.71823,0.54545,0.52245,"[0.55814, 0.42857, 0.58065]",495,COMPLETED,51.814
1564,20251228_200950,gaitgl_GREW_TOP30.csv,30%,Preset_19,Transformer,42,[512],16,1,2048,0.1,silu,prenorm,learned,cls,True,0.0004,1e-06,64,AdamW,0.0,L2,256,20,[0.68794326 2.1920904  0.91725768],0.02,1.0,0.1188,2.46779,0.5,0.45691,"[0.59574, 0.375, 0.4]",312,0.14117,2.34138,0.52273,0.48174,"[0.6087, 0.375, 0.46154]",276,COMPLETED,28.938
1566,20251228_200950,gaitgl_OUMVLP_TOP30.csv,30%,Preset_19,Transformer,42,[512],16,1,2048,0.1,silu,prenorm,learned,cls,True,0.0004,1e-06,64,AdamW,0.0,L2,256,20,[0.68794326 2.1920904  0.91725768],0.02,1.0,0.135,3.2213,0.36364,0.27287,"[0.4186, 0.0, 0.4]",794,0.64225,1.22625,0.54545,0.40513,"[0.6, 0.0, 0.61538]",220,COMPLETED,73.52
1563,20251228_200950,gaitgl_TOP30.csv,30%,Preset_19,Transformer,42,[512],16,1,2048,0.1,silu,prenorm,learned,cls,True,0.0004,1e-06,64,AdamW,0.0,L2,128,20,[0.68794326 2.1920904  0.91725768],0.02,1.0,0.11899,2.39958,0.47727,0.34946,"[0.57778, 0.0, 0.47059]",448,0.15716,2.01574,0.54545,0.44496,"[0.65306, 0.18182, 0.5]",433,COMPLETED,39.322
1567,20251228_200950,gaitpart_GREW_TOP30.csv,30%,Preset_19,Transformer,42,[512],16,1,2048,0.1,silu,prenorm,learned,cls,True,0.0004,1e-06,64,AdamW,0.0,L2,256,5,[0.68794326 2.1920904  0.91725768],0.02,1.0,0.13192,2.47812,0.43182,0.36591,"[0.51064, 0.2, 0.3871]",644,0.3768,1.49598,0.56818,0.57672,"[0.58537, 0.61538, 0.52941]",404,COMPLETED,52.354
1568,20251228_200950,gaitpart_OUMVLP_TOP30.csv,30%,Preset_19,Transformer,42,[512],16,1,2048,0.1,silu,prenorm,learned,cls,True,0.0004,1e-06,64,AdamW,0.0,L2,256,5,[0.68794326 2.1920904  0.91725768],0.02,1.0,1.10986,1.12755,0.15909,0.0915,"[0.0, 0.27451, 0.0]",174,1.10986,1.12755,0.15909,0.0915,"[0.0, 0.27451, 0.0]",174,STOPPED,14.318
1570,20251228_200950,gaitset_GREW_TOP30.csv,30%,Preset_19,Transformer,42,[512],16,1,2048,0.1,silu,prenorm,learned,cls,True,0.0004,1e-06,64,AdamW,0.0,L2,256,19,[0.68794326 2.1920904  0.91725768],0.02,1.0,0.13236,2.98246,0.36364,0.26713,"[0.48889, 0.0, 0.3125]",512,0.19349,2.76394,0.43182,0.39788,"[0.48649, 0.25, 0.45714]",485,COMPLETED,46.636
1571,20251228_200950,gaitset_OUMVLP_TOP30.csv,30%,Preset_19,Transformer,42,[512],16,1,2048,0.1,silu,prenorm,learned,cls,True,0.0004,1e-06,64,AdamW,0.0,L2,256,19,[0.68794326 2.1920904  0.91725768],0.02,1.0,1.1073,1.10099,0.47727,0.21538,"[0.64615, 0.0, 0.0]",188,1.1073,1.10099,0.47727,0.21538,"[0.64615, 0.0, 0.0]",188,STOPPED,17.342
1569,20251228_200950,gaitset_TOP30.csv,30%,Preset_19,Transformer,42,[512],16,1,2048,0.1,silu,prenorm,learned,cls,True,0.0004,1e-06,64,AdamW,0.0,L2,256,19,[0.68794326 2.1920904  0.91725768],0.02,1.0,0.14019,2.73388,0.40909,0.31196,"[0.51163, 0.0, 0.42424]",541,0.21016,2.82918,0.5,0.45238,"[0.57143, 0.28571, 0.5]",397,COMPLETED,49.369
1572,20251228_200950,gln_phase1_TOP30.csv,30%,Preset_19,Transformer,42,[512],16,1,2048,0.1,silu,prenorm,learned,cls,True,0.0004,1e-06,64,AdamW,0.0,L2,256,28,[0.68794326 2.1920904  0.91725768],0.02,1.0,0.13773,2.79012,0.38636,0.34061,"[0.42424, 0.11111, 0.48649]",477,0.29893,1.78059,0.54545,0.51406,"[0.58824, 0.375, 0.57895]",331,COMPLETED,46.861
1573,20251228_200950,gln_phase2_TOP30.csv,30%,Preset_19,Transformer,42,[512],16,1,2048,0.1,silu,prenorm,learned,cls,True,0.0004,1e-06,64,AdamW,0.0,L2,256,28,[0.68794326 2.1920904  0.91725768],0.02,1.0,0.13257,2.62589,0.38636,0.33716,"[0.48649, 0.125, 0.4]",484,0.54641,1.5451,0.54545,0.4875,"[0.65, 0.25, 0.5625]",224,COMPLETED,47.396
1080,20251228_200950,baseline_CASIAB_TOP30.csv,30%,Preset_20,Transformer,42,"[896, 640, 384]",16,3,1024,0.05,silu,prenorm,sinusoidal,cls,True,5e-05,1e-06,32,RMSprop,0.0,L2,256,10,[0.68794326 2.1920904  0.91725768],0.02,1.0,0.17576,2.52633,0.40909,0.34722,"[0.52381, 0.14286, 0.375]",902,0.38879,2.03152,0.56818,0.49898,"[0.68085, 0.33333, 0.48276]",479,STOPPED,264.856
1081,20251228_200950,baseline_OUMVLP_TOP30.csv,30%,Preset_20,Transformer,42,"[896, 640, 384]",16,3,1024,0.05,silu,prenorm,sinusoidal,cls,True,5e-05,1e-06,32,RMSprop,0.0,L2,256,10,[0.68794326 2.1920904  0.91725768],0.02,1.0,0.2514,2.19797,0.5,0.4852,"[0.48649, 0.42857, 0.54054]",990,0.52459,1.49082,0.59091,0.54587,"[0.68182, 0.31579, 0.64]",515,STOPPED,290.592
1084,20251228_200950,gaitgl_GREW_BNNeck_TOP30.csv,30%,Preset_20,Transformer,42,"[896, 640, 384]",16,3,1024,0.05,silu,prenorm,sinusoidal,cls,True,5e-05,1e-06,32,RMSprop,0.0,L2,256,20,[0.68794326 2.1920904  0.91725768],0.02,1.0,0.17004,2.65985,0.38636,0.33988,"[0.38095, 0.15385, 0.48485]",900,0.29458,1.64123,0.59091,0.53965,"[0.6383, 0.4, 0.58065]",413,STOPPED,279.378
1083,20251228_200950,gaitgl_GREW_TOP30.csv,30%,Preset_20,Transformer,42,"[896, 640, 384]",16,3,1024,0.05,silu,prenorm,sinusoidal,cls,True,5e-05,1e-06,32,RMSprop,0.0,L2,256,20,[0.68794326 2.1920904  0.91725768],0.02,1.0,0.12444,2.20323,0.47727,0.33401,"[0.58824, 0.0, 0.41379]",359,0.62497,1.65403,0.52273,0.46682,"[0.71429, 0.31579, 0.37037]",133,COMPLETED,111.038
1085,20251228_200950,gaitgl_OUMVLP_TOP30.csv,30%,Preset_20,Transformer,42,"[896, 640, 384]",16,3,1024,0.05,silu,prenorm,sinusoidal,cls,True,5e-05,1e-06,32,RMSprop,0.0,L2,256,20,[0.68794326 2.1920904  0.91725768],0.02,1.0,1.11504,1.12409,0.15909,0.0915,"[0.0, 0.27451, 0.0]",162,1.11504,1.12409,0.15909,0.0915,"[0.0, 0.27451, 0.0]",162,STOPPED,50.11
1082,20251228_200950,gaitgl_TOP30.csv,30%,Preset_20,Transformer,42,"[896, 640, 384]",16,3,1024,0.05,silu,prenorm,sinusoidal,cls,True,5e-05,1e-06,32,RMSprop,0.0,L2,128,20,[0.68794326 2.1920904  0.91725768],0.02,1.0,0.10236,2.25221,0.47727,0.32858,"[0.61538, 0.0, 0.37037]",318,0.14782,1.8552,0.54545,0.46886,"[0.54545, 0.25, 0.61111]",301,COMPLETED,96.265
1086,20251228_200950,gaitpart_GREW_TOP30.csv,30%,Preset_20,Transformer,42,"[896, 640, 384]",16,3,1024,0.05,silu,prenorm,sinusoidal,cls,True,5e-05,1e-06,32,RMSprop,0.0,L2,256,5,[0.68794326 2.1920904  0.91725768],0.02,1.0,0.21458,2.68821,0.36364,0.31579,"[0.43902, 0.13333, 0.375]",937,0.56577,1.56607,0.52273,0.4798,"[0.48485, 0.36364, 0.59091]",532,STOPPED,271.98
1087,20251228_200950,gaitpart_OUMVLP_TOP30.csv,30%,Preset_20,Transformer,42,"[896, 640, 384]",16,3,1024,0.05,silu,prenorm,sinusoidal,cls,True,5e-05,1e-06,32,RMSprop,0.0,L2,256,5,[0.68794326 2.1920904  0.91725768],0.02,1.0,1.10748,1.15578,0.15909,0.0915,"[0.0, 0.27451, 0.0]",125,1.10748,1.15578,0.15909,0.0915,"[0.0, 0.27451, 0.0]",125,STOPPED,36.175
1089,20251228_200950,gaitset_GREW_TOP30.csv,30%,Preset_20,Transformer,42,"[896, 640, 384]",16,3,1024,0.05,silu,prenorm,sinusoidal,cls,True,5e-05,1e-06,32,RMSprop,0.0,L2,256,19,[0.68794326 2.1920904  0.91725768],0.02,1.0,0.10184,2.9873,0.38636,0.35746,"[0.45, 0.23529, 0.3871]",1137,0.3003,2.20128,0.52273,0.46212,"[0.63636, 0.25, 0.5]",680,COMPLETED,349.677
1090,20251228_200950,gaitset_OUMVLP_TOP30.csv,30%,Preset_20,Transformer,42,"[896, 640, 384]",16,3,1024,0.05,silu,prenorm,sinusoidal,cls,True,5e-05,1e-06,32,RMSprop,0.0,L2,256,19,[0.68794326 2.1920904  0.91725768],0.02,1.0,1.10854,1.07608,0.47727,0.21538,"[0.64615, 0.0, 0.0]",219,1.10854,1.07608,0.47727,0.21538,"[0.64615, 0.0, 0.0]",219,STOPPED,67.209
1088,20251228_200950,gaitset_TOP30.csv,30%,Preset_20,Transformer,42,"[896, 640, 384]",16,3,1024,0.05,silu,prenorm,sinusoidal,cls,True,5e-05,1e-06,32,RMSprop,0.0,L2,256,19,[0.68794326 2.1920904  0.91725768],0.02,1.0,0.13023,2.86382,0.38636,0.33153,"[0.4878, 0.15385, 0.35294]",622,0.25062,2.29727,0.52273,0.43968,"[0.61905, 0.2, 0.5]",399,COMPLETED,191.24
1091,20251228_200950,gln_phase1_TOP30.csv,30%,Preset_20,Transformer,42,"[896, 640, 384]",16,3,1024,0.05,silu,prenorm,sinusoidal,cls,True,5e-05,1e-06,32,RMSprop,0.0,L2,256,28,[0.68794326 2.1920904  0.91725768],0.02,1.0,0.19845,2.6888,0.40909,0.35288,"[0.4878, 0.13333, 0.4375]",1040,0.70698,1.26157,0.63636,0.57778,"[0.66667, 0.4, 0.66667]",336,STOPPED,335.965
1092,20251228_200950,gln_phase2_TOP30.csv,30%,Preset_20,Transformer,42,"[896, 640, 384]",16,3,1024,0.05,silu,prenorm,sinusoidal,cls,True,5e-05,1e-06,32,RMSprop,0.0,L2,256,28,[0.68794326 2.1920904  0.91725768],0.02,1.0,0.15925,2.70846,0.43182,0.42475,"[0.45, 0.4, 0.42424]",773,0.25884,2.11058,0.52273,0.51938,"[0.55814, 0.55556, 0.44444]",493,STOPPED,250.527
183,20251228_200950,baseline_CASIAB_TOP30.csv,30%,Preset_21,Transformer,42,"[640, 640, 640]",8,3,512,0.1,mish,prenorm,learned,mean,False,0.0001,1e-06,64,Adam,0.0,L2,256,10,[0.68794326 2.1920904  0.91725768],0.02,1.0,0.12967,2.63492,0.43182,0.40031,"[0.38889, 0.28571, 0.52632]",1186,0.1448,2.24988,0.54545,0.53718,"[0.58333, 0.54545, 0.48276]",1154,COMPLETED,181.805
184,20251228_200950,baseline_OUMVLP_TOP30.csv,30%,Preset_21,Transformer,42,"[640, 640, 640]",8,3,512,0.1,mish,prenorm,learned,mean,False,0.0001,1e-06,64,Adam,0.0,L2,256,10,[0.68794326 2.1920904  0.91725768],0.02,1.0,0.14906,2.82355,0.40909,0.37461,"[0.4878, 0.22222, 0.41379]",1162,0.68758,1.31589,0.54545,0.49221,"[0.59091, 0.28571, 0.6]",488,STOPPED,177.764
187,20251228_200950,gaitgl_GREW_BNNeck_TOP30.csv,30%,Preset_21,Transformer,42,"[640, 640, 640]",8,3,512,0.1,mish,prenorm,learned,mean,False,0.0001,1e-06,64,Adam,0.0,L2,256,20,[0.68794326 2.1920904  0.91725768],0.02,1.0,0.13487,3.0963,0.36364,0.3107,"[0.47619, 0.13333, 0.32258]",860,0.71753,1.36606,0.47727,0.43442,"[0.53659, 0.26667, 0.5]",197,COMPLETED,143.87
186,20251228_200950,gaitgl_GREW_TOP30.csv,30%,Preset_21,Transformer,42,"[640, 640, 640]",8,3,512,0.1,mish,prenorm,learned,mean,False,0.0001,1e-06,64,Adam,0.0,L2,256,20,[0.68794326 2.1920904  0.91725768],0.02,1.0,0.10381,2.73223,0.45455,0.34127,"[0.5, 0.0, 0.52381]",653,0.55659,1.46206,0.52273,0.44115,"[0.58537, 0.16667, 0.57143]",210,COMPLETED,109.519
188,20251228_200950,gaitgl_OUMVLP_TOP30.csv,30%,Preset_21,Transformer,42,"[640, 640, 640]",8,3,512,0.1,mish,prenorm,learned,mean,False,0.0001,1e-06,64,Adam,0.0,L2,256,20,[0.68794326 2.1920904  0.91725768],0.02,1.0,1.10088,1.11437,0.27273,0.25522,"[0.0, 0.31111, 0.45455]",260,1.10088,1.11437,0.27273,0.25522,"[0.0, 0.31111, 0.45455]",260,STOPPED,43.446
185,20251228_200950,gaitgl_TOP30.csv,30%,Preset_21,Transformer,42,"[640, 640, 640]",8,3,512,0.1,mish,prenorm,learned,mean,False,0.0001,1e-06,64,Adam,0.0,L2,128,20,[0.68794326 2.1920904  0.91725768],0.02,1.0,0.14436,2.19857,0.5,0.4556,"[0.54054, 0.28571, 0.54054]",784,0.61565,1.94497,0.61364,0.48974,"[0.73077, 0.2, 0.53846]",322,COMPLETED,127.157
189,20251228_200950,gaitpart_GREW_TOP30.csv,30%,Preset_21,Transformer,42,"[640, 640, 640]",8,3,512,0.1,mish,prenorm,learned,mean,False,0.0001,1e-06,64,Adam,0.0,L2,256,5,[0.68794326 2.1920904  0.91725768],0.02,1.0,0.34053,1.95694,0.54545,0.5289,"[0.63158, 0.41667, 0.53846]",1115,0.4095,1.20885,0.65909,0.62624,"[0.75556, 0.57143, 0.55172]",944,STOPPED,169.041
190,20251228_200950,gaitpart_OUMVLP_TOP30.csv,30%,Preset_21,Transformer,42,"[640, 640, 640]",8,3,512,0.1,mish,prenorm,learned,mean,False,0.0001,1e-06,64,Adam,0.0,L2,256,5,[0.68794326 2.1920904  0.91725768],0.02,1.0,1.10793,1.07713,0.36364,0.17778,"[0.0, 0.0, 0.53333]",145,1.10793,1.07713,0.36364,0.17778,"[0.0, 0.0, 0.53333]",145,STOPPED,22.02
192,20251228_200950,gaitset_GREW_TOP30.csv,30%,Preset_21,Transformer,42,"[640, 640, 640]",8,3,512,0.1,mish,prenorm,learned,mean,False,0.0001,1e-06,64,Adam,0.0,L2,256,19,[0.68794326 2.1920904  0.91725768],0.02,1.0,0.12535,2.62914,0.40909,0.38055,"[0.42105, 0.25, 0.47059]",1430,0.1411,2.04188,0.54545,0.51786,"[0.625, 0.5, 0.42857]",1306,COMPLETED,239.518
193,20251228_200950,gaitset_OUMVLP_TOP30.csv,30%,Preset_21,Transformer,42,"[640, 640, 640]",8,3,512,0.1,mish,prenorm,learned,mean,False,0.0001,1e-06,64,Adam,0.0,L2,256,19,[0.68794326 2.1920904  0.91725768],0.02,1.0,1.1068,1.12322,0.15909,0.0915,"[0.0, 0.27451, 0.0]",191,1.1068,1.12322,0.15909,0.0915,"[0.0, 0.27451, 0.0]",191,STOPPED,32.069
191,20251228_200950,gaitset_TOP30.csv,30%,Preset_21,Transformer,42,"[640, 640, 640]",8,3,512,0.1,mish,prenorm,learned,mean,False,0.0001,1e-06,64,Adam,0.0,L2,256,19,[0.68794326 2.1920904  0.91725768],0.02,1.0,0.14572,3.23786,0.29545,0.25017,"[0.4186, 0.125, 0.2069]",933,0.263,2.57651,0.47727,0.40904,"[0.57143, 0.14286, 0.51282]",732,COMPLETED,156.074
194,20251228_200950,gln_phase1_TOP30.csv,30%,Preset_21,Transformer,42,"[640, 640, 640]",8,3,512,0.1,mish,prenorm,learned,mean,False,0.0001,1e-06,64,Adam,0.0,L2,256,28,[0.68794326 2.1920904  0.91725768],0.02,1.0,0.14608,1.81218,0.56818,0.47407,"[0.55556, 0.16667, 0.7]",952,0.48965,1.73323,0.59091,0.61168,"[0.48276, 0.72727, 0.625]",935,COMPLETED,175.417
195,20251228_200950,gln_phase2_TOP30.csv,30%,Preset_21,Transformer,42,"[640, 640, 640]",8,3,512,0.1,mish,prenorm,learned,mean,False,0.0001,1e-06,64,Adam,0.0,L2,256,28,[0.68794326 2.1920904  0.91725768],0.02,1.0,0.11315,2.82825,0.38636,0.34352,"[0.47368, 0.10526, 0.45161]",1024,0.43838,1.30083,0.61364,0.51408,"[0.63636, 0.2, 0.70588]",838,COMPLETED,189.407
261,20251228_200950,baseline_CASIAB_TOP30.csv,30%,Preset_22,Transformer,42,"[640, 640, 640, 640]",20,4,1280,0.1,gelu,prenorm,learned,mean,False,5e-05,1e-06,32,AdamW,0.0,L2,256,10,[0.68794326 2.1920904  0.91725768],0.02,1.0,0.10968,2.93849,0.40909,0.36892,"[0.51163, 0.21053, 0.38462]",1385,0.63983,1.4458,0.5,0.48496,"[0.5, 0.42857, 0.52632]",716,COMPLETED,495.058
262,20251228_200950,baseline_OUMVLP_TOP30.csv,30%,Preset_22,Transformer,42,"[640, 640, 640, 640]",20,4,1280,0.1,gelu,prenorm,learned,mean,False,5e-05,1e-06,32,AdamW,0.0,L2,256,10,[0.68794326 2.1920904  0.91725768],0.02,1.0,0.11479,2.64883,0.36364,0.31672,"[0.46154, 0.125, 0.36364]",1059,0.74431,1.17922,0.52273,0.51651,"[0.47059, 0.5, 0.57895]",625,COMPLETED,378.504
265,20251228_200950,gaitgl_GREW_BNNeck_TOP30.csv,30%,Preset_22,Transformer,42,"[640, 640, 640, 640]",20,4,1280,0.1,gelu,prenorm,learned,mean,False,5e-05,1e-06,32,AdamW,0.0,L2,256,20,[0.68794326 2.1920904  0.91725768],0.02,1.0,0.10275,3.47699,0.31818,0.27341,"[0.42857, 0.125, 0.26667]",1007,0.69083,1.30993,0.52273,0.44056,"[0.58333, 0.22222, 0.51613]",211,COMPLETED,373.352
264,20251228_200950,gaitgl_GREW_TOP30.csv,30%,Preset_22,Transformer,42,"[640, 640, 640, 640]",20,4,1280,0.1,gelu,prenorm,learned,mean,False,5e-05,1e-06,32,AdamW,0.0,L2,256,20,[0.68794326 2.1920904  0.91725768],0.02,1.0,0.12293,3.12086,0.38636,0.3389,"[0.46154, 0.11765, 0.4375]",565,0.69385,1.30837,0.56818,0.47071,"[0.66667, 0.2, 0.54545]",143,COMPLETED,209.531
266,20251228_200950,gaitgl_OUMVLP_TOP30.csv,30%,Preset_22,Transformer,42,"[640, 640, 640, 640]",20,4,1280,0.1,gelu,prenorm,learned,mean,False,5e-05,1e-06,32,AdamW,0.0,L2,256,20,[0.68794326 2.1920904  0.91725768],0.02,1.0,1.10741,1.10256,0.29545,0.23776,"[0.41026, 0.30303, 0.0]",136,1.10741,1.10256,0.29545,0.23776,"[0.41026, 0.30303, 0.0]",136,STOPPED,50.501
263,20251228_200950,gaitgl_TOP30.csv,30%,Preset_22,Transformer,42,"[640, 640, 640, 640]",20,4,1280,0.1,gelu,prenorm,learned,mean,False,5e-05,1e-06,32,AdamW,0.0,L2,128,20,[0.68794326 2.1920904  0.91725768],0.02,1.0,0.10166,2.49742,0.47727,0.38309,"[0.61224, 0.16667, 0.37037]",688,0.42697,1.63725,0.56818,0.47328,"[0.65217, 0.22222, 0.54545]",335,COMPLETED,252.807
267,20251228_200950,gaitpart_GREW_TOP30.csv,30%,Preset_22,Transformer,42,"[640, 640, 640, 640]",20,4,1280,0.1,gelu,prenorm,learned,mean,False,5e-05,1e-06,32,AdamW,0.0,L2,256,5,[0.68794326 2.1920904  0.91725768],0.02,1.0,0.11405,2.32112,0.52273,0.50493,"[0.6, 0.43478, 0.48]",1448,0.71323,1.12918,0.63636,0.60942,"[0.71429, 0.53333, 0.58065]",775,COMPLETED,517.788
268,20251228_200950,gaitpart_OUMVLP_TOP30.csv,30%,Preset_22,Transformer,42,"[640, 640, 640, 640]",20,4,1280,0.1,gelu,prenorm,learned,mean,False,5e-05,1e-06,32,AdamW,0.0,L2,256,5,[0.68794326 2.1920904  0.91725768],0.02,1.0,1.10542,1.09923,0.36364,0.2844,"[0.0, 0.3, 0.55319]",207,1.10542,1.09923,0.36364,0.2844,"[0.0, 0.3, 0.55319]",207,STOPPED,73.851
270,20251228_200950,gaitset_GREW_TOP30.csv,30%,Preset_22,Transformer,42,"[640, 640, 640, 640]",20,4,1280,0.1,gelu,prenorm,learned,mean,False,5e-05,1e-06,32,AdamW,0.0,L2,256,19,[0.68794326 2.1920904  0.91725768],0.02,1.0,0.32927,1.6064,0.43182,0.40918,"[0.48889, 0.36364, 0.375]",1048,0.48529,1.54597,0.52273,0.49361,"[0.61538, 0.54545, 0.32]",998,STOPPED,388.082
271,20251228_200950,gaitset_OUMVLP_TOP30.csv,30%,Preset_22,Transformer,42,"[640, 640, 640, 640]",20,4,1280,0.1,gelu,prenorm,learned,mean,False,5e-05,1e-06,32,AdamW,0.0,L2,256,19,[0.68794326 2.1920904  0.91725768],0.02,1.0,1.10912,1.07344,0.47727,0.21538,"[0.64615, 0.0, 0.0]",169,1.10912,1.07344,0.47727,0.21538,"[0.64615, 0.0, 0.0]",169,STOPPED,62.538
269,20251228_200950,gaitset_TOP30.csv,30%,Preset_22,Transformer,42,"[640, 640, 640, 640]",20,4,1280,0.1,gelu,prenorm,learned,mean,False,5e-05,1e-06,32,AdamW,0.0,L2,256,19,[0.68794326 2.1920904  0.91725768],0.02,1.0,0.11833,2.73338,0.34091,0.22817,"[0.54167, 0.0, 0.14286]",1118,0.71749,1.46072,0.43182,0.3709,"[0.52381, 0.2, 0.38889]",394,COMPLETED,414.221
272,20251228_200950,gln_phase1_TOP30.csv,30%,Preset_22,Transformer,42,"[640, 640, 640, 640]",20,4,1280,0.1,gelu,prenorm,learned,mean,False,5e-05,1e-06,32,AdamW,0.0,L2,256,28,[0.68794326 2.1920904  0.91725768],0.02,1.0,0.56926,1.80701,0.40909,0.35518,"[0.4, 0.125, 0.54054]",928,0.6568,1.39674,0.59091,0.53434,"[0.65116, 0.36364, 0.58824]",878,STOPPED,362.953
273,20251228_200950,gln_phase2_TOP30.csv,30%,Preset_22,Transformer,42,"[640, 640, 640, 640]",20,4,1280,0.1,gelu,prenorm,learned,mean,False,5e-05,1e-06,32,AdamW,0.0,L2,256,28,[0.68794326 2.1920904  0.91725768],0.02,1.0,0.11748,2.71148,0.38636,0.33796,"[0.33333, 0.125, 0.55556]",955,0.30939,2.26464,0.52273,0.46364,"[0.42424, 0.26667, 0.7]",771,COMPLETED,374.898
1184,20251228_200950,baseline_CASIAB_TOP30.csv,30%,Preset_23,Transformer,42,[768],16,1,768,0.0,silu,prenorm,learned,cls,True,2e-05,0.0,48,AdamW,0.0,L2,256,10,[0.68794326 2.1920904  0.91725768],0.02,1.0,0.74199,1.68697,0.38636,0.2886,"[0.54902, 0.14286, 0.17391]",1146,0.7287,1.5652,0.43182,0.41499,"[0.51163, 0.4, 0.33333]",1098,STOPPED,114.959
1185,20251228_200950,baseline_OUMVLP_TOP30.csv,30%,Preset_23,Transformer,42,[768],16,1,768,0.0,silu,prenorm,learned,cls,True,2e-05,0.0,48,AdamW,0.0,L2,256,10,[0.68794326 2.1920904  0.91725768],0.02,1.0,0.85083,1.26787,0.38636,0.36065,"[0.44444, 0.2, 0.4375]",1264,0.74143,1.36163,0.56818,0.51126,"[0.68085, 0.35294, 0.5]",1121,STOPPED,126.645
1188,20251228_200950,gaitgl_GREW_BNNeck_TOP30.csv,30%,Preset_23,Transformer,42,[768],16,1,768,0.0,silu,prenorm,learned,cls,True,2e-05,0.0,48,AdamW,0.0,L2,256,20,[0.68794326 2.1920904  0.91725768],0.02,1.0,0.13057,2.59083,0.43182,0.42563,"[0.43243, 0.4, 0.44444]",2070,0.4482,2.27458,0.47727,0.45847,"[0.52381, 0.4, 0.45161]",1462,COMPLETED,229.823
1187,20251228_200950,gaitgl_GREW_TOP30.csv,30%,Preset_23,Transformer,42,[768],16,1,768,0.0,silu,prenorm,learned,cls,True,2e-05,0.0,48,AdamW,0.0,L2,256,20,[0.68794326 2.1920904  0.91725768],0.02,1.0,0.13447,2.82291,0.34091,0.31463,"[0.47368, 0.17391, 0.2963]",706,0.15741,2.57783,0.5,0.42492,"[0.59459, 0.15385, 0.52632]",641,COMPLETED,78.53
1189,20251228_200950,gaitgl_OUMVLP_TOP30.csv,30%,Preset_23,Transformer,42,[768],16,1,768,0.0,silu,prenorm,learned,cls,True,2e-05,0.0,48,AdamW,0.0,L2,256,20,[0.68794326 2.1920904  0.91725768],0.02,1.0,0.14674,2.97084,0.43182,0.3331,"[0.48649, 0.0, 0.51282]",2525,0.64592,1.38227,0.54545,0.45943,"[0.58537, 0.18182, 0.61111]",832,COMPLETED,279.873
1186,20251228_200950,gaitgl_TOP30.csv,30%,Preset_23,Transformer,42,[768],16,1,768,0.0,silu,prenorm,learned,cls,True,2e-05,0.0,48,AdamW,0.0,L2,128,20,[0.68794326 2.1920904  0.91725768],0.02,1.0,0.131,2.05041,0.5,0.4117,"[0.61224, 0.14286, 0.48]",1000,0.20372,2.26402,0.65909,0.63994,"[0.71111, 0.6, 0.6087]",751,COMPLETED,104.87
1190,20251228_200950,gaitpart_GREW_TOP30.csv,30%,Preset_23,Transformer,42,[768],16,1,768,0.0,silu,prenorm,learned,cls,True,2e-05,0.0,48,AdamW,0.0,L2,256,5,[0.68794326 2.1920904  0.91725768],0.02,1.0,0.31314,2.62718,0.43182,0.36065,"[0.57143, 0.3, 0.21053]",2350,0.49121,1.71951,0.52273,0.47535,"[0.59574, 0.36364, 0.46667]",1424,STOPPED,231.084
1191,20251228_200950,gaitpart_OUMVLP_TOP30.csv,30%,Preset_23,Transformer,42,[768],16,1,768,0.0,silu,prenorm,learned,cls,True,2e-05,0.0,48,AdamW,0.0,L2,256,5,[0.68794326 2.1920904  0.91725768],0.02,1.0,1.11219,1.11317,0.13636,0.08,"[0.0, 0.24, 0.0]",152,1.11219,1.11317,0.13636,0.08,"[0.0, 0.24, 0.0]",152,STOPPED,15.068
1193,20251228_200950,gaitset_GREW_TOP30.csv,30%,Preset_23,Transformer,42,[768],16,1,768,0.0,silu,prenorm,learned,cls,True,2e-05,0.0,48,AdamW,0.0,L2,256,19,[0.68794326 2.1920904  0.91725768],0.02,1.0,0.45149,2.61767,0.36364,0.24615,"[0.53846, 0.0, 0.2]",2098,0.70392,1.91001,0.45455,0.46825,"[0.5, 0.57143, 0.33333]",937,STOPPED,231.046
1194,20251228_200950,gaitset_OUMVLP_TOP30.csv,30%,Preset_23,Transformer,42,[768],16,1,768,0.0,silu,prenorm,learned,cls,True,2e-05,0.0,48,AdamW,0.0,L2,256,19,[0.68794326 2.1920904  0.91725768],0.02,1.0,1.10814,1.07193,0.47727,0.21538,"[0.64615, 0.0, 0.0]",111,1.10814,1.07193,0.47727,0.21538,"[0.64615, 0.0, 0.0]",111,STOPPED,12.218
1192,20251228_200950,gaitset_TOP30.csv,30%,Preset_23,Transformer,42,[768],16,1,768,0.0,silu,prenorm,learned,cls,True,2e-05,0.0,48,AdamW,0.0,L2,256,19,[0.68794326 2.1920904  0.91725768],0.02,1.0,0.12824,2.81863,0.47727,0.43758,"[0.48649, 0.28571, 0.54054]",2455,0.50737,1.94495,0.54545,0.46368,"[0.66667, 0.30769, 0.41667]",1551,COMPLETED,268.855
1195,20251228_200950,gln_phase1_TOP30.csv,30%,Preset_23,Transformer,42,[768],16,1,768,0.0,silu,prenorm,learned,cls,True,2e-05,0.0,48,AdamW,0.0,L2,256,28,[0.68794326 2.1920904  0.91725768],0.02,1.0,0.12249,2.50161,0.43182,0.37726,"[0.44444, 0.22222, 0.46512]",2379,0.35222,1.82972,0.59091,0.52262,"[0.69767, 0.30769, 0.5625]",1986,COMPLETED,284.288
1196,20251228_200950,gln_phase2_TOP30.csv,30%,Preset_23,Transformer,42,[768],16,1,768,0.0,silu,prenorm,learned,cls,True,2e-05,0.0,48,AdamW,0.0,L2,256,28,[0.68794326 2.1920904  0.91725768],0.02,1.0,1.45523,2.18659,0.5,0.3602,"[0.48485, 0.0, 0.59574]",1848,0.62192,2.54807,0.59091,0.57018,"[0.57895, 0.5, 0.63158]",1740,STOPPED,221.132
755,20251228_200950,baseline_CASIAB_TOP30.csv,30%,Preset_24,Transformer,42,"[768, 768, 512]",16,3,1152,0.15,silu,postnorm,learned,max,False,5e-05,1e-05,32,AdamW,0.0,,256,10,[0.68794326 2.1920904  0.91725768],0.02,1.0,0.12536,2.02652,0.5,0.40625,"[0.6383, 0.16667, 0.41379]",462,0.21911,2.27605,0.59091,0.46566,"[0.71698, 0.2, 0.48]",407,COMPLETED,138.222
756,20251228_200950,baseline_OUMVLP_TOP30.csv,30%,Preset_24,Transformer,42,"[768, 768, 512]",16,3,1152,0.15,silu,postnorm,learned,max,False,5e-05,1e-05,32,AdamW,0.0,,256,10,[0.68794326 2.1920904  0.91725768],0.02,1.0,0.12641,1.9943,0.52273,0.44246,"[0.57895, 0.15385, 0.59459]",634,0.11843,2.0188,0.61364,0.51254,"[0.61538, 0.22222, 0.7]",612,COMPLETED,189.363
759,20251228_200950,gaitgl_GREW_BNNeck_TOP30.csv,30%,Preset_24,Transformer,42,"[768, 768, 512]",16,3,1152,0.15,silu,postnorm,learned,max,False,5e-05,1e-05,32,AdamW,0.0,,256,20,[0.68794326 2.1920904  0.91725768],0.02,1.0,0.13607,2.92376,0.34091,0.33469,"[0.29412, 0.28571, 0.42424]",688,0.69248,1.19297,0.54545,0.46373,"[0.59574, 0.25, 0.54545]",300,COMPLETED,215.141
758,20251228_200950,gaitgl_GREW_TOP30.csv,30%,Preset_24,Transformer,42,"[768, 768, 512]",16,3,1152,0.15,silu,postnorm,learned,max,False,5e-05,1e-05,32,AdamW,0.0,,256,20,[0.68794326 2.1920904  0.91725768],0.02,1.0,0.10847,1.35392,0.45455,0.38321,"[0.54545, 0.16667, 0.4375]",21,0.19047,1.20802,0.47727,0.38984,"[0.57692, 0.22222, 0.37037]",13,COMPLETED,6.581
760,20251228_200950,gaitgl_OUMVLP_TOP30.csv,30%,Preset_24,Transformer,42,"[768, 768, 512]",16,3,1152,0.15,silu,postnorm,learned,max,False,5e-05,1e-05,32,AdamW,0.0,,256,20,[0.68794326 2.1920904  0.91725768],0.02,1.0,0.12806,1.46665,0.5,0.37222,"[0.58333, 0.0, 0.53333]",85,0.12967,1.40551,0.54545,0.51046,"[0.60465, 0.375, 0.55172]",81,COMPLETED,27.048
757,20251228_200950,gaitgl_TOP30.csv,30%,Preset_24,Transformer,42,"[768, 768, 512]",16,3,1152,0.15,silu,postnorm,learned,max,False,5e-05,1e-05,32,AdamW,0.0,,128,20,[0.68794326 2.1920904  0.91725768],0.02,1.0,0.11585,1.34957,0.5,0.37607,"[0.5641, 0.0, 0.5641]",26,0.12605,1.33815,0.54545,0.50774,"[0.57778, 0.4, 0.54545]",25,COMPLETED,8.044
761,20251228_200950,gaitpart_GREW_TOP30.csv,30%,Preset_24,Transformer,42,"[768, 768, 512]",16,3,1152,0.15,silu,postnorm,learned,max,False,5e-05,1e-05,32,AdamW,0.0,,256,5,[0.68794326 2.1920904  0.91725768],0.02,1.0,0.13258,3.06398,0.38636,0.33105,"[0.52174, 0.26087, 0.21053]",799,0.21167,2.06306,0.56818,0.56166,"[0.54054, 0.53333, 0.61111]",779,COMPLETED,236.862
762,20251228_200950,gaitpart_OUMVLP_TOP30.csv,30%,Preset_24,Transformer,42,"[768, 768, 512]",16,3,1152,0.15,silu,postnorm,learned,max,False,5e-05,1e-05,32,AdamW,0.0,,256,5,[0.68794326 2.1920904  0.91725768],0.02,1.0,0.12748,1.76548,0.59091,0.56941,"[0.63158, 0.47059, 0.60606]",847,0.34296,1.43479,0.68182,0.64111,"[0.75, 0.53333, 0.64]",645,COMPLETED,252.404
764,20251228_200950,gaitset_GREW_TOP30.csv,30%,Preset_24,Transformer,42,"[768, 768, 512]",16,3,1152,0.15,silu,postnorm,learned,max,False,5e-05,1e-05,32,AdamW,0.0,,256,19,[0.68794326 2.1920904  0.91725768],0.02,1.0,0.13525,2.19833,0.5,0.38533,"[0.64151, 0.16667, 0.34783]",539,0.17884,2.1655,0.56818,0.46954,"[0.65306, 0.22222, 0.53333]",488,COMPLETED,167.972
765,20251228_200950,gaitset_OUMVLP_TOP30.csv,30%,Preset_24,Transformer,42,"[768, 768, 512]",16,3,1152,0.15,silu,postnorm,learned,max,False,5e-05,1e-05,32,AdamW,0.0,,256,19,[0.68794326 2.1920904  0.91725768],0.02,1.0,0.1307,2.38175,0.45455,0.30792,"[0.60377, 0.0, 0.32]",711,0.12049,2.25988,0.47727,0.43828,"[0.55, 0.30769, 0.45714]",688,COMPLETED,221.48
763,20251228_200950,gaitset_TOP30.csv,30%,Preset_24,Transformer,42,"[768, 768, 512]",16,3,1152,0.15,silu,postnorm,learned,max,False,5e-05,1e-05,32,AdamW,0.0,,256,19,[0.68794326 2.1920904  0.91725768],0.02,1.0,0.13659,2.08125,0.40909,0.3488,"[0.51163, 0.18182, 0.35294]",450,0.58863,1.33277,0.45455,0.42587,"[0.54545, 0.375, 0.35714]",243,COMPLETED,140.067
766,20251228_200950,gln_phase1_TOP30.csv,30%,Preset_24,Transformer,42,"[768, 768, 512]",16,3,1152,0.15,silu,postnorm,learned,max,False,5e-05,1e-05,32,AdamW,0.0,,256,28,[0.68794326 2.1920904  0.91725768],0.02,1.0,0.13686,1.47961,0.54545,0.4026,"[0.63636, 0.0, 0.57143]",304,0.275,1.62554,0.52273,0.47707,"[0.6, 0.21053, 0.62069]",238,COMPLETED,99.27
767,20251228_200950,gln_phase2_TOP30.csv,30%,Preset_24,Transformer,42,"[768, 768, 512]",16,3,1152,0.15,silu,postnorm,learned,max,False,5e-05,1e-05,32,AdamW,0.0,,256,28,[0.68794326 2.1920904  0.91725768],0.02,1.0,0.12481,1.76919,0.43182,0.41715,"[0.4878, 0.36364, 0.4]",354,0.36544,1.51488,0.52273,0.49174,"[0.48485, 0.375, 0.61538]",238,COMPLETED,115.786
1275,20251228_200950,baseline_CASIAB_TOP30.csv,30%,Preset_25,Transformer,42,"[640, 640, 896]",32,3,1024,0.1,gelu,prenorm,sinusoidal,mean,False,2e-05,1e-06,48,AdamW,0.0,,256,10,[0.68794326 2.1920904  0.91725768],0.02,1.0,0.12488,2.68683,0.43182,0.2963,"[0.55556, 0.0, 0.33333]",398,0.62307,1.85851,0.52273,0.48333,"[0.58333, 0.4, 0.46667]",137,COMPLETED,86.219
1276,20251228_200950,baseline_OUMVLP_TOP30.csv,30%,Preset_25,Transformer,42,"[640, 640, 896]",32,3,1024,0.1,gelu,prenorm,sinusoidal,mean,False,2e-05,1e-06,48,AdamW,0.0,,256,10,[0.68794326 2.1920904  0.91725768],0.02,1.0,0.12632,2.19409,0.47727,0.33816,"[0.66667, 0.0, 0.34783]",477,0.16576,2.35572,0.52273,0.473,"[0.5641, 0.26667, 0.58824]",435,COMPLETED,103.571
1279,20251228_200950,gaitgl_GREW_BNNeck_TOP30.csv,30%,Preset_25,Transformer,42,"[640, 640, 896]",32,3,1024,0.1,gelu,prenorm,sinusoidal,mean,False,2e-05,1e-06,48,AdamW,0.0,,256,20,[0.68794326 2.1920904  0.91725768],0.02,1.0,0.12095,3.2051,0.27273,0.24496,"[0.33333, 0.10526, 0.2963]",690,0.64451,1.68626,0.40909,0.37437,"[0.4878, 0.23529, 0.4]",212,COMPLETED,164.437
1278,20251228_200950,gaitgl_GREW_TOP30.csv,30%,Preset_25,Transformer,42,"[640, 640, 896]",32,3,1024,0.1,gelu,prenorm,sinusoidal,mean,False,2e-05,1e-06,48,AdamW,0.0,,256,20,[0.68794326 2.1920904  0.91725768],0.02,1.0,0.11661,1.55714,0.40909,0.35481,"[0.4878, 0.125, 0.45161]",40,0.29341,1.31046,0.56818,0.47985,"[0.61905, 0.15385, 0.66667]",28,COMPLETED,9.526
1280,20251228_200950,gaitgl_OUMVLP_TOP30.csv,30%,Preset_25,Transformer,42,"[640, 640, 896]",32,3,1024,0.1,gelu,prenorm,sinusoidal,mean,False,2e-05,1e-06,48,AdamW,0.0,,256,20,[0.68794326 2.1920904  0.91725768],0.02,1.0,0.13144,2.34179,0.38636,0.31039,"[0.55319, 0.27273, 0.10526]",98,0.15963,1.97156,0.56818,0.53068,"[0.625, 0.42857, 0.53846]",93,COMPLETED,23.364
1277,20251228_200950,gaitgl_TOP30.csv,30%,Preset_25,Transformer,42,"[640, 640, 896]",32,3,1024,0.1,gelu,prenorm,sinusoidal,mean,False,2e-05,1e-06,48,AdamW,0.0,,128,20,[0.68794326 2.1920904  0.91725768],0.02,1.0,0.11755,1.92585,0.36364,0.3034,"[0.48889, 0.125, 0.2963]",49,0.11755,1.87296,0.5,0.42424,"[0.54545, 0.18182, 0.54545]",47,COMPLETED,11.457
1281,20251228_200950,gaitpart_GREW_TOP30.csv,30%,Preset_25,Transformer,42,"[640, 640, 896]",32,3,1024,0.1,gelu,prenorm,sinusoidal,mean,False,2e-05,1e-06,48,AdamW,0.0,,256,5,[0.68794326 2.1920904  0.91725768],0.02,1.0,0.14041,2.51916,0.5,0.48381,"[0.54545, 0.44444, 0.46154]",595,0.22022,2.34711,0.56818,0.55424,"[0.57143, 0.47059, 0.62069]",573,COMPLETED,126.422
1282,20251228_200950,gaitpart_OUMVLP_TOP30.csv,30%,Preset_25,Transformer,42,"[640, 640, 896]",32,3,1024,0.1,gelu,prenorm,sinusoidal,mean,False,2e-05,1e-06,48,AdamW,0.0,,256,5,[0.68794326 2.1920904  0.91725768],0.02,1.0,0.12632,1.67011,0.56818,0.4998,"[0.69767, 0.25, 0.55172]",877,0.58396,1.29258,0.65909,0.60898,"[0.73171, 0.42857, 0.66667]",304,COMPLETED,186.111
1284,20251228_200950,gaitset_GREW_TOP30.csv,30%,Preset_25,Transformer,42,"[640, 640, 896]",32,3,1024,0.1,gelu,prenorm,sinusoidal,mean,False,2e-05,1e-06,48,AdamW,0.0,,256,19,[0.68794326 2.1920904  0.91725768],0.02,1.0,0.14489,2.27934,0.52273,0.40513,"[0.6, 0.0, 0.61538]",464,0.53622,1.99741,0.56818,0.46296,"[0.66667, 0.22222, 0.5]",190,COMPLETED,111.512
1285,20251228_200950,gaitset_OUMVLP_TOP30.csv,30%,Preset_25,Transformer,42,"[640, 640, 896]",32,3,1024,0.1,gelu,prenorm,sinusoidal,mean,False,2e-05,1e-06,48,AdamW,0.0,,256,19,[0.68794326 2.1920904  0.91725768],0.02,1.0,0.1434,2.41059,0.47727,0.40618,"[0.58824, 0.26667, 0.36364]",636,0.25497,2.44833,0.54545,0.52292,"[0.51613, 0.42105, 0.63158]",555,COMPLETED,153.361
1283,20251228_200950,gaitset_TOP30.csv,30%,Preset_25,Transformer,42,"[640, 640, 896]",32,3,1024,0.1,gelu,prenorm,sinusoidal,mean,False,2e-05,1e-06,48,AdamW,0.0,,256,19,[0.68794326 2.1920904  0.91725768],0.02,1.0,0.11271,3.58315,0.27273,0.24402,"[0.39024, 0.18182, 0.16]",498,0.22024,2.74631,0.45455,0.42262,"[0.47368, 0.30769, 0.48649]",467,COMPLETED,119.744
1286,20251228_200950,gln_phase1_TOP30.csv,30%,Preset_25,Transformer,42,"[640, 640, 896]",32,3,1024,0.1,gelu,prenorm,sinusoidal,mean,False,2e-05,1e-06,48,AdamW,0.0,,256,28,[0.68794326 2.1920904  0.91725768],0.02,1.0,0.14005,2.20779,0.43182,0.32089,"[0.47619, 0.0, 0.48649]",258,0.56773,1.55695,0.54545,0.40349,"[0.62222, 0.0, 0.58824]",109,COMPLETED,69.647
1287,20251228_200950,gln_phase2_TOP30.csv,30%,Preset_25,Transformer,42,"[640, 640, 896]",32,3,1024,0.1,gelu,prenorm,sinusoidal,mean,False,2e-05,1e-06,48,AdamW,0.0,,256,28,[0.68794326 2.1920904  0.91725768],0.02,1.0,0.12143,2.10386,0.52273,0.39316,"[0.61538, 0.0, 0.5641]",291,0.48543,1.79547,0.52273,0.49585,"[0.57143, 0.4, 0.51613]",146,COMPLETED,78.311
989,20251228_200950,baseline_CASIAB_TOP30.csv,30%,Preset_26,Transformer,42,"[384, 512, 768]",8,3,896,0.2,mish,postnorm,learned,mean,False,7e-05,1e-06,40,AdamW,0.0,minmax,256,10,[0.68794326 2.1920904  0.91725768],0.02,1.0,0.70363,1.97665,0.43182,0.34463,"[0.58333, 0.14286, 0.30769]",1663,0.41855,1.98621,0.5,0.43865,"[0.61224, 0.33333, 0.37037]",1536,STOPPED,374.769
990,20251228_200950,baseline_OUMVLP_TOP30.csv,30%,Preset_26,Transformer,42,"[384, 512, 768]",8,3,896,0.2,mish,postnorm,learned,mean,False,7e-05,1e-06,40,AdamW,0.0,minmax,256,10,[0.68794326 2.1920904  0.91725768],0.02,1.0,0.83059,2.04582,0.27273,0.27088,"[0.14815, 0.29412, 0.37037]",1101,0.73667,1.40154,0.56818,0.50779,"[0.6383, 0.33333, 0.55172]",683,STOPPED,247.854
993,20251228_200950,gaitgl_GREW_BNNeck_TOP30.csv,30%,Preset_26,Transformer,42,"[384, 512, 768]",8,3,896,0.2,mish,postnorm,learned,mean,False,7e-05,1e-06,40,AdamW,0.0,minmax,256,20,[0.68794326 2.1920904  0.91725768],0.02,1.0,1.10376,1.0995,0.36364,0.17778,"[0.0, 0.0, 0.53333]",146,1.10376,1.0995,0.36364,0.17778,"[0.0, 0.0, 0.53333]",146,STOPPED,34.435
992,20251228_200950,gaitgl_GREW_TOP30.csv,30%,Preset_26,Transformer,42,"[384, 512, 768]",8,3,896,0.2,mish,postnorm,learned,mean,False,7e-05,1e-06,40,AdamW,0.0,minmax,256,20,[0.68794326 2.1920904  0.91725768],0.02,1.0,0.12099,2.90125,0.36364,0.3053,"[0.47826, 0.11765, 0.32]",669,0.23219,1.91956,0.59091,0.50026,"[0.62857, 0.25, 0.62222]",616,COMPLETED,157.734
994,20251228_200950,gaitgl_OUMVLP_TOP30.csv,30%,Preset_26,Transformer,42,"[384, 512, 768]",8,3,896,0.2,mish,postnorm,learned,mean,False,7e-05,1e-06,40,AdamW,0.0,minmax,256,20,[0.68794326 2.1920904  0.91725768],0.02,1.0,0.87479,1.1159,0.47727,0.40921,"[0.30769, 0.30769, 0.61224]",833,0.87479,1.1159,0.47727,0.40921,"[0.30769, 0.30769, 0.61224]",833,STOPPED,195.711
991,20251228_200950,gaitgl_TOP30.csv,30%,Preset_26,Transformer,42,"[384, 512, 768]",8,3,896,0.2,mish,postnorm,learned,mean,False,7e-05,1e-06,40,AdamW,0.0,minmax,128,20,[0.68794326 2.1920904  0.91725768],0.02,1.0,0.66815,2.55232,0.47727,0.43922,"[0.47059, 0.2, 0.64706]",964,0.74798,1.1854,0.52273,0.49637,"[0.57778, 0.42857, 0.48276]",360,STOPPED,221.54
995,20251228_200950,gaitpart_GREW_TOP30.csv,30%,Preset_26,Transformer,42,"[384, 512, 768]",8,3,896,0.2,mish,postnorm,learned,mean,False,7e-05,1e-06,40,AdamW,0.0,minmax,256,5,[0.68794326 2.1920904  0.91725768],0.02,1.0,0.40859,2.65937,0.45455,0.38997,"[0.59574, 0.36364, 0.21053]",806,0.51461,1.44826,0.54545,0.54684,"[0.52941, 0.55556, 0.55556]",505,STOPPED,181.562
996,20251228_200950,gaitpart_OUMVLP_TOP30.csv,30%,Preset_26,Transformer,42,"[384, 512, 768]",8,3,896,0.2,mish,postnorm,learned,mean,False,7e-05,1e-06,40,AdamW,0.0,minmax,256,5,[0.68794326 2.1920904  0.91725768],0.02,1.0,0.81227,1.00637,0.5,0.47653,"[0.4, 0.38095, 0.64865]",1116,0.70368,0.92156,0.68182,0.61845,"[0.7234, 0.44444, 0.6875]",1088,STOPPED,250.757
998,20251228_200950,gaitset_GREW_TOP30.csv,30%,Preset_26,Transformer,42,"[384, 512, 768]",8,3,896,0.2,mish,postnorm,learned,mean,False,7e-05,1e-06,40,AdamW,0.0,minmax,256,19,[0.68794326 2.1920904  0.91725768],0.02,1.0,0.80137,2.50522,0.40909,0.30319,"[0.44444, 0.0, 0.46512]",1847,0.15271,2.44075,0.47727,0.40289,"[0.57143, 0.16667, 0.47059]",1829,STOPPED,434.512
999,20251228_200950,gaitset_OUMVLP_TOP30.csv,30%,Preset_26,Transformer,42,"[384, 512, 768]",8,3,896,0.2,mish,postnorm,learned,mean,False,7e-05,1e-06,40,AdamW,0.0,minmax,256,19,[0.68794326 2.1920904  0.91725768],0.02,1.0,1.10645,1.10305,0.15909,0.0915,"[0.0, 0.27451, 0.0]",165,1.10645,1.10305,0.15909,0.0915,"[0.0, 0.27451, 0.0]",165,STOPPED,38.7
997,20251228_200950,gaitset_TOP30.csv,30%,Preset_26,Transformer,42,"[384, 512, 768]",8,3,896,0.2,mish,postnorm,learned,mean,False,7e-05,1e-06,40,AdamW,0.0,minmax,256,19,[0.68794326 2.1920904  0.91725768],0.02,1.0,0.18859,2.78707,0.40909,0.36855,"[0.5, 0.23529, 0.37037]",1864,0.37326,2.3487,0.54545,0.51812,"[0.62222, 0.47059, 0.46154]",1697,STOPPED,438.26
1000,20251228_200950,gln_phase1_TOP30.csv,30%,Preset_26,Transformer,42,"[384, 512, 768]",8,3,896,0.2,mish,postnorm,learned,mean,False,7e-05,1e-06,40,AdamW,0.0,minmax,256,28,[0.68794326 2.1920904  0.91725768],0.02,1.0,0.21983,2.42372,0.5,0.36584,"[0.65306, 0.0, 0.44444]",1787,0.46379,1.65445,0.56818,0.47033,"[0.68182, 0.16667, 0.5625]",1103,STOPPED,438.359
1001,20251228_200950,gln_phase2_TOP30.csv,30%,Preset_26,Transformer,42,"[384, 512, 768]",8,3,896,0.2,mish,postnorm,learned,mean,False,7e-05,1e-06,40,AdamW,0.0,minmax,256,28,[0.68794326 2.1920904  0.91725768],0.02,1.0,0.47858,2.80296,0.34091,0.34181,"[0.37838, 0.35294, 0.29412]",1537,0.32066,2.1254,0.5,0.45969,"[0.6087, 0.4, 0.37037]",1182,STOPPED,377.173
716,20251228_200950,baseline_CASIAB_TOP30.csv,30%,Preset_27,Transformer,42,"[640, 640, 640]",32,3,1024,0.1,hardswish,postnorm,sinusoidal,mean,False,5e-05,0.0,32,AdamW,0.0,minmax,256,10,[0.68794326 2.1920904  0.91725768],0.02,1.0,0.10815,2.44059,0.45455,0.38641,"[0.52174, 0.2, 0.4375]",220,0.59398,1.4963,0.47727,0.45857,"[0.53333, 0.42857, 0.41379]",110,COMPLETED,60.855
717,20251228_200950,baseline_OUMVLP_TOP30.csv,30%,Preset_27,Transformer,42,"[640, 640, 640]",32,3,1024,0.1,hardswish,postnorm,sinusoidal,mean,False,5e-05,0.0,32,AdamW,0.0,minmax,256,10,[0.68794326 2.1920904  0.91725768],0.02,1.0,0.11096,2.20547,0.54545,0.49734,"[0.5641, 0.33333, 0.59459]",330,0.13636,2.06563,0.61364,0.55396,"[0.66667, 0.36364, 0.63158]",266,COMPLETED,91.313
720,20251228_200950,gaitgl_GREW_BNNeck_TOP30.csv,30%,Preset_27,Transformer,42,"[640, 640, 640]",32,3,1024,0.1,hardswish,postnorm,sinusoidal,mean,False,5e-05,0.0,32,AdamW,0.0,minmax,256,20,[0.68794326 2.1920904  0.91725768],0.02,1.0,0.11588,3.57494,0.29545,0.22857,"[0.4, 0.0, 0.28571]",244,0.43753,2.30479,0.47727,0.41525,"[0.59574, 0.25, 0.4]",146,COMPLETED,71.87
719,20251228_200950,gaitgl_GREW_TOP30.csv,30%,Preset_27,Transformer,42,"[640, 640, 640]",32,3,1024,0.1,hardswish,postnorm,sinusoidal,mean,False,5e-05,0.0,32,AdamW,0.0,minmax,256,20,[0.68794326 2.1920904  0.91725768],0.02,1.0,0.14575,2.06148,0.54545,0.49923,"[0.60465, 0.36364, 0.52941]",98,0.34988,1.41196,0.56818,0.53454,"[0.61538, 0.4, 0.58824]",71,COMPLETED,29.147
721,20251228_200950,gaitgl_OUMVLP_TOP30.csv,30%,Preset_27,Transformer,42,"[640, 640, 640]",32,3,1024,0.1,hardswish,postnorm,sinusoidal,mean,False,5e-05,0.0,32,AdamW,0.0,minmax,256,20,[0.68794326 2.1920904  0.91725768],0.02,1.0,0.10205,2.4237,0.47727,0.35325,"[0.54545, 0.0, 0.51429]",423,0.62429,1.4332,0.56818,0.4737,"[0.62745, 0.22222, 0.57143]",179,COMPLETED,124.877
718,20251228_200950,gaitgl_TOP30.csv,30%,Preset_27,Transformer,42,"[640, 640, 640]",32,3,1024,0.1,hardswish,postnorm,sinusoidal,mean,False,5e-05,0.0,32,AdamW,0.0,minmax,128,20,[0.68794326 2.1920904  0.91725768],0.02,1.0,0.13571,1.85245,0.59091,0.5363,"[0.63415, 0.36364, 0.61111]",154,0.27407,2.14437,0.61364,0.5927,"[0.65217, 0.53333, 0.59259]",125,COMPLETED,44.355
722,20251228_200950,gaitpart_GREW_TOP30.csv,30%,Preset_27,Transformer,42,"[640, 640, 640]",32,3,1024,0.1,hardswish,postnorm,sinusoidal,mean,False,5e-05,0.0,32,AdamW,0.0,minmax,256,5,[0.68794326 2.1920904  0.91725768],0.02,1.0,0.13593,2.85053,0.47727,0.48658,"[0.36364, 0.55556, 0.54054]",273,0.4248,1.61525,0.56818,0.56742,"[0.58537, 0.57143, 0.54545]",115,COMPLETED,74.646
723,20251228_200950,gaitpart_OUMVLP_TOP30.csv,30%,Preset_27,Transformer,42,"[640, 640, 640]",32,3,1024,0.1,hardswish,postnorm,sinusoidal,mean,False,5e-05,0.0,32,AdamW,0.0,minmax,256,5,[0.68794326 2.1920904  0.91725768],0.02,1.0,0.12998,2.06958,0.59091,0.53153,"[0.59459, 0.33333, 0.66667]",734,0.55197,1.24309,0.63636,0.59315,"[0.66667, 0.42857, 0.68421]",249,COMPLETED,200.894
725,20251228_200950,gaitset_GREW_TOP30.csv,30%,Preset_27,Transformer,42,"[640, 640, 640]",32,3,1024,0.1,hardswish,postnorm,sinusoidal,mean,False,5e-05,0.0,32,AdamW,0.0,minmax,256,19,[0.68794326 2.1920904  0.91725768],0.02,1.0,0.14443,3.42907,0.36364,0.32994,"[0.36842, 0.10526, 0.51613]",253,0.59498,2.36539,0.47727,0.39952,"[0.56522, 0.16667, 0.46667]",130,COMPLETED,73.994
726,20251228_200950,gaitset_OUMVLP_TOP30.csv,30%,Preset_27,Transformer,42,"[640, 640, 640]",32,3,1024,0.1,hardswish,postnorm,sinusoidal,mean,False,5e-05,0.0,32,AdamW,0.0,minmax,256,19,[0.68794326 2.1920904  0.91725768],0.02,1.0,0.13524,2.7205,0.45455,0.41882,"[0.52632, 0.28571, 0.44444]",917,0.49447,1.92962,0.56818,0.54147,"[0.65217, 0.55556, 0.41667]",890,COMPLETED,268.738
724,20251228_200950,gaitset_TOP30.csv,30%,Preset_27,Transformer,42,"[640, 640, 640]",32,3,1024,0.1,hardswish,postnorm,sinusoidal,mean,False,5e-05,0.0,32,AdamW,0.0,minmax,256,19,[0.68794326 2.1920904  0.91725768],0.02,1.0,0.14716,3.20474,0.36364,0.2735,"[0.46154, 0.0, 0.35897]",258,0.36106,2.47662,0.47727,0.475,"[0.55, 0.5, 0.375]",152,COMPLETED,76.108
727,20251228_200950,gln_phase1_TOP30.csv,30%,Preset_27,Transformer,42,"[640, 640, 640]",32,3,1024,0.1,hardswish,postnorm,sinusoidal,mean,False,5e-05,0.0,32,AdamW,0.0,minmax,256,28,[0.68794326 2.1920904  0.91725768],0.02,1.0,0.12453,3.09103,0.36364,0.25333,"[0.52, 0.0, 0.24]",380,0.66893,1.3241,0.47727,0.42573,"[0.4, 0.21053, 0.66667]",130,COMPLETED,117.776
728,20251228_200950,gln_phase2_TOP30.csv,30%,Preset_27,Transformer,42,"[640, 640, 640]",32,3,1024,0.1,hardswish,postnorm,sinusoidal,mean,False,5e-05,0.0,32,AdamW,0.0,minmax,256,28,[0.68794326 2.1920904  0.91725768],0.02,1.0,0.14691,2.83622,0.38636,0.3368,"[0.42857, 0.18182, 0.4]",286,0.45173,1.79346,0.5,0.45733,"[0.51429, 0.30769, 0.55]",142,COMPLETED,89.905
976,20251228_200950,baseline_CASIAB_TOP30.csv,30%,Preset_28,Transformer,42,"[896, 896]",32,2,1280,0.1,gelu,prenorm,learned,cls,True,3e-05,1e-06,32,AdamW,0.0,L2,256,10,[0.68794326 2.1920904  0.91725768],0.02,1.0,0.14764,2.20668,0.47727,0.42576,"[0.57778, 0.28571, 0.41379]",1836,0.29726,2.02164,0.56818,0.50496,"[0.66667, 0.28571, 0.5625]",1398,COMPLETED,449.389
977,20251228_200950,baseline_OUMVLP_TOP30.csv,30%,Preset_28,Transformer,42,"[896, 896]",32,2,1280,0.1,gelu,prenorm,learned,cls,True,3e-05,1e-06,32,AdamW,0.0,L2,256,10,[0.68794326 2.1920904  0.91725768],0.02,1.0,0.30149,2.06705,0.40909,0.30946,"[0.37838, 0.0, 0.55]",1717,0.72256,1.19914,0.59091,0.52692,"[0.65217, 0.28571, 0.64286]",697,STOPPED,413.663
980,20251228_200950,gaitgl_GREW_BNNeck_TOP30.csv,30%,Preset_28,Transformer,42,"[896, 896]",32,2,1280,0.1,gelu,prenorm,learned,cls,True,3e-05,1e-06,32,AdamW,0.0,L2,256,20,[0.68794326 2.1920904  0.91725768],0.02,1.0,0.19903,3.08759,0.40909,0.40185,"[0.3125, 0.36364, 0.52941]",1405,0.2377,1.94003,0.59091,0.528,"[0.67925, 0.42857, 0.47619]",1200,STOPPED,331.522
979,20251228_200950,gaitgl_GREW_TOP30.csv,30%,Preset_28,Transformer,42,"[896, 896]",32,2,1280,0.1,gelu,prenorm,learned,cls,True,3e-05,1e-06,32,AdamW,0.0,L2,256,20,[0.68794326 2.1920904  0.91725768],0.02,1.0,0.12992,3.01737,0.40909,0.384,"[0.46154, 0.19048, 0.5]",699,0.40135,1.91574,0.54545,0.46313,"[0.60606, 0.13333, 0.65]",448,COMPLETED,164.488
981,20251228_200950,gaitgl_OUMVLP_TOP30.csv,30%,Preset_28,Transformer,42,"[896, 896]",32,2,1280,0.1,gelu,prenorm,learned,cls,True,3e-05,1e-06,32,AdamW,0.0,L2,256,20,[0.68794326 2.1920904  0.91725768],0.02,1.0,1.11438,1.10518,0.25,0.2037,"[0.33333, 0.27778, 0.0]",247,1.11438,1.10518,0.25,0.2037,"[0.33333, 0.27778, 0.0]",247,STOPPED,57.782
978,20251228_200950,gaitgl_TOP30.csv,30%,Preset_28,Transformer,42,"[896, 896]",32,2,1280,0.1,gelu,prenorm,learned,cls,True,3e-05,1e-06,32,AdamW,0.0,L2,128,20,[0.68794326 2.1920904  0.91725768],0.02,1.0,0.14557,2.37688,0.52273,0.44074,"[0.55556, 0.16667, 0.6]",778,0.29469,2.07543,0.56818,0.478,"[0.58537, 0.2, 0.64865]",719,COMPLETED,179.239
982,20251228_200950,gaitpart_GREW_TOP30.csv,30%,Preset_28,Transformer,42,"[896, 896]",32,2,1280,0.1,gelu,prenorm,learned,cls,True,3e-05,1e-06,32,AdamW,0.0,L2,256,5,[0.68794326 2.1920904  0.91725768],0.02,1.0,0.25414,2.10746,0.54545,0.53691,"[0.59459, 0.5, 0.51613]",1998,0.6078,1.75385,0.63636,0.60673,"[0.68293, 0.47059, 0.66667]",1785,STOPPED,444.099
983,20251228_200950,gaitpart_OUMVLP_TOP30.csv,30%,Preset_28,Transformer,42,"[896, 896]",32,2,1280,0.1,gelu,prenorm,learned,cls,True,3e-05,1e-06,32,AdamW,0.0,L2,256,5,[0.68794326 2.1920904  0.91725768],0.02,1.0,1.11049,1.12114,0.15909,0.0915,"[0.0, 0.27451, 0.0]",172,1.11049,1.12114,0.15909,0.0915,"[0.0, 0.27451, 0.0]",172,STOPPED,38.948
985,20251228_200950,gaitset_GREW_TOP30.csv,30%,Preset_28,Transformer,42,"[896, 896]",32,2,1280,0.1,gelu,prenorm,learned,cls,True,3e-05,1e-06,32,AdamW,0.0,L2,256,19,[0.68794326 2.1920904  0.91725768],0.02,1.0,0.33503,3.06718,0.36364,0.34074,"[0.4, 0.22222, 0.4]",1921,0.5011,2.7148,0.47727,0.43484,"[0.63415, 0.3, 0.37037]",1772,STOPPED,453.763
986,20251228_200950,gaitset_OUMVLP_TOP30.csv,30%,Preset_28,Transformer,42,"[896, 896]",32,2,1280,0.1,gelu,prenorm,learned,cls,True,3e-05,1e-06,32,AdamW,0.0,L2,256,19,[0.68794326 2.1920904  0.91725768],0.02,1.0,1.10683,1.1268,0.15909,0.0915,"[0.0, 0.27451, 0.0]",390,1.10683,1.1268,0.15909,0.0915,"[0.0, 0.27451, 0.0]",390,STOPPED,91.829
984,20251228_200950,gaitset_TOP30.csv,30%,Preset_28,Transformer,42,"[896, 896]",32,2,1280,0.1,gelu,prenorm,learned,cls,True,3e-05,1e-06,32,AdamW,0.0,L2,256,19,[0.68794326 2.1920904  0.91725768],0.02,1.0,0.19503,2.68036,0.36364,0.30507,"[0.52381, 0.13333, 0.25806]",1413,0.19403,2.22062,0.5,0.47823,"[0.5641, 0.4, 0.47059]",1249,STOPPED,332.421
987,20251228_200950,gln_phase1_TOP30.csv,30%,Preset_28,Transformer,42,"[896, 896]",32,2,1280,0.1,gelu,prenorm,learned,cls,True,3e-05,1e-06,32,AdamW,0.0,L2,256,28,[0.68794326 2.1920904  0.91725768],0.02,1.0,0.12033,1.84433,0.59091,0.49182,"[0.55556, 0.22222, 0.69767]",1551,0.27212,1.30157,0.68182,0.64006,"[0.71429, 0.5, 0.70588]",1531,COMPLETED,389.268
988,20251228_200950,gln_phase2_TOP30.csv,30%,Preset_28,Transformer,42,"[896, 896]",32,2,1280,0.1,gelu,prenorm,learned,cls,True,3e-05,1e-06,32,AdamW,0.0,L2,256,28,[0.68794326 2.1920904  0.91725768],0.02,1.0,0.1413,3.1028,0.43182,0.40858,"[0.54054, 0.16667, 0.51852]",1303,0.5889,1.26248,0.56818,0.52121,"[0.57143, 0.36364, 0.62857]",425,COMPLETED,373.133
